Reference:	"Hudgins et al. (1993)"
DOI:	"doi:https://doi.org/10.1086/191796"
Sample Type:	"Ice"
Composition:	"H2O:OCS (20:1)"
Temperature:	"40K"
OCdb page:	"https://ocdb.smce.nasa.gov/dataset/140"
n₁ Error Units:	Not Applicable
k₁ Error Units:	Not Applicable
T₁ Error Units:	Not Applicable

"Wavenumber (cm⁻¹)"	"n₁"	"Dn₁  (+/-)"	"k₁"	"Dk₁  (+/-)"		"Wavenumber (cm⁻¹)"	"T₁"	"DT₁  (+/-)"	
500.1	1.5617		0.0046			500.08	99.900001526		
501.5	1.5641		0.004529			501.05	99.900001526		
503	1.5673		0.004458			501.53	99.900001526		
504.4	1.5702		0.009344			502.49	99.699996948		
505.9	1.5732		0.009254			503.46	99.900001526		
507.3	1.5773		0.01405			504.42	99.800003052		
508.8	1.5805		0.018819			505.39	100		
510.2	1.5857		0.023493			506.35	99.699996948		
511.7	1.5827		0.047948			507.31	99.699996948		
513.1	1.5737		0.048216			508.28	99.800003052		
514.5	1.5669		0.053308			509.24	99.5		
516	1.5597		0.053496			510.21	99.5		
517.4	1.5491		0.058802			511.17	99.099998474		
518.9	1.5398		0.044173			512.14	99.099998474		
520.3	1.5406		0.029215			513.1	99		
521.8	1.5429		0.029061			514.07	98.900001526		
523.2	1.5455		0.019155			515.03	98.800003052		
524.7	1.5498		0.018997			516	98.900001526		
526.1	1.5539		0.014034			516.96	98.699996948		
527.6	1.5592		0.013875			517.92	99		
529	1.5648		0.013711			518.89	99.099998474		
530.5	1.5658		0.023126			519.85	99.199996948		
531.9	1.5677		0.013566			520.82	99.300003052		
533.4	1.5738		0.018068			521.78	99.400001526		
534.8	1.5736		0.02739			522.75	99.599998474		
536.2	1.5724		0.022673			523.71	99.599998474		
537.7	1.5739		0.022564			524.68	99.599998474		
539.1	1.5778		0.017753			525.64	99.599998474		
540.6	1.5823		0.022186			526.6	99.599998474		
542	1.5863		0.022004			527.57	99.699996948		
543.5	1.588		0.031039			528.53	99.599998474		
544.9	1.5873		0.030977			529.5	99.599998474		
546.4	1.5889		0.030836			530.46	99.5		
547.8	1.5892		0.035284			531.43	99.699996948		
549.3	1.5908		0.030596			532.39	99.699996948		
550.7	1.5937		0.034915			533.36	99.599998474		
552.2	1.5958		0.034735			534.32	99.5		
553.6	1.5976		0.039051			535.29	99.400001526		
555.1	1.5993		0.038869			536.25	99.5		
556.5	1.6013		0.043136			537.21	99.5		
558	1.6007		0.047502			538.18	99.599998474		
559.4	1.6025		0.04285			539.14	99.599998474		
560.8	1.6042		0.051509			540.11	99.599998474		
562.3	1.603		0.051428			541.07	99.400001526		
563.7	1.6037		0.051255			542.04	99.5		
565.2	1.606		0.051005			543	99.400001526		
566.6	1.6079		0.055149			543.97	99.400001526		
568.1	1.607		0.05943			544.93	99.300003052		
569.5	1.6079		0.054861			545.89	99.300003052		
571	1.6102		0.058936			546.86	99.300003052		
572.4	1.6121		0.058677			547.82	99.199996948		
573.9	1.6142		0.062727			548.79	99.400001526		
575.3	1.6141		0.066886			549.75	99.300003052		
576.8	1.6139		0.066726			550.72	99.199996948		
578.2	1.6156		0.066447			551.68	99.099998474		
579.6	1.6168		0.070488			552.65	99.199996948		
581.1	1.6174		0.070264			553.61	99.099998474		
582.5	1.62		0.069919			554.57	99.099998474		
584	1.6229		0.073804			555.54	99		
585.4	1.6242		0.077763			556.5	99		
586.9	1.6241		0.081808			557.47	99		
588.3	1.6245		0.081569			558.43	99		
589.8	1.625		0.085539			559.4	99		
591.2	1.6253		0.085302			560.36	98.900001526		
592.7	1.6278		0.0849			561.33	98.900001526		
594.1	1.6312		0.088618			562.29	98.800003052		
595.6	1.6311		0.096754			563.26	98.900001526		
597	1.6297		0.09663			564.22	98.800003052		
598.5	1.631		0.09628			565.18	98.800003052		
599.9	1.6327		0.10006			566.15	98.699996948		
601.4	1.6327		0.10396			567.11	98.699996948		
602.8	1.6332		0.10366			568.08	98.599998474		
604.2	1.6341		0.10746			569.04	98.699996948		
605.7	1.6353		0.10709			570.01	98.599998474		
607.1	1.6374		0.11075			570.97	98.599998474		
608.6	1.6385		0.11449			571.94	98.5		
610	1.639		0.11827			572.9	98.5		
611.5	1.6388		0.12211			573.86	98.5		
612.9	1.6369		0.1261			574.83	98.5		
614.4	1.6372		0.12166			575.79	98.5		
615.8	1.6401		0.12516			576.76	98.400001526		
617.3	1.6416		0.12878			577.72	98.400001526		
618.7	1.6425		0.13244			578.69	98.300003052		
620.2	1.643		0.13614			579.65	98.300003052		
621.6	1.6429		0.13988			580.62	98.300003052		
623	1.6417		0.14373			581.58	98.300003052		
624.5	1.6411		0.14346			582.54	98.300003052		
626	1.6433		0.14288			583.51	98.099998474		
627.4	1.6444		0.15048			584.47	98.199996948		
628.8	1.645		0.15006			585.44	98.099998474		
630.3	1.6451		0.15774			586.4	98.099998474		
631.7	1.6443		0.15746			587.37	98		
633.2	1.6451		0.16102			588.33	98		
634.6	1.6447		0.16471			589.3	97.900001526		
636.1	1.6458		0.16419			590.26	97.900001526		
637.5	1.6462		0.17175			591.22	97.900001526		
639	1.6464		0.17134			592.19	97.800003052		
640.4	1.6463		0.17895			593.15	97.900001526		
641.9	1.6459		0.17859			594.12	97.800003052		
643.3	1.6447		0.18632			595.08	97.699996948		
644.8	1.6448		0.1819			596.05	97.699996948		
646.2	1.6466		0.1892			597.01	97.599998474		
647.6	1.646		0.19283			597.98	97.599998474		
649.1	1.6456		0.19643			598.94	97.599998474		
650.5	1.6451		0.20004			599.91	97.5		
652	1.6444		0.20367			600.87	97.5		
653.4	1.6435		0.20732			601.83	97.400001526		
654.9	1.6419		0.21108			602.8	97.400001526		
656.3	1.6419		0.21059			603.76	97.300003052		
657.8	1.6414		0.21814			604.73	97.300003052		
659.2	1.6407		0.21777			605.69	97.300003052		
660.7	1.6396		0.2254			606.66	97.199996948		
662.1	1.6379		0.22517			607.62	97.199996948		
663.6	1.6381		0.22861			608.59	97.099998474		
665	1.6353		0.23651			609.55	97.099998474		
666.5	1.6296		0.23693			610.51	97		
667.9	1.6349		0.21973			611.48	96.900001526		
669.4	1.6401		0.24206			612.44	96.900001526		
670.8	1.6378		0.24193			613.41	96.900001526		
672.2	1.6372		0.24941			614.37	96.900001526		
673.7	1.6351		0.25319			615.34	96.800003052		
675.1	1.6334		0.25689			616.3	96.699996948		
676.6	1.6319		0.26058			617.27	96.699996948		
678	1.6303		0.26426			618.23	96.5		
679.5	1.6288		0.26794			619.19	96.599998474		
680.9	1.6271		0.27163			620.16	96.5		
682.4	1.6254		0.27534			621.12	96.5		
683.8	1.6236		0.27908			622.09	96.400001526		
685.3	1.6215		0.28285			623.05	96.300003052		
686.7	1.6188		0.28674			624.02	96.400001526		
688.1	1.6179		0.28632			624.98	96.300003052		
689.6	1.6168		0.29387			625.95	96.300003052		
691	1.6133		0.29794			626.91	96.099998474		
692.5	1.6116		0.29765			627.87	96.099998474		
693.9	1.6094		0.30545			628.84	96.099998474		
695.4	1.6064		0.30542			629.8	96		
696.8	1.605		0.30906			630.77	95.900001526		
698.3	1.6031		0.31282			631.73	95.900001526		
699.7	1.6008		0.31663			632.7	95.800003052		
701.2	1.5983		0.32051			633.66	95.800003052		
702.6	1.5955		0.32447			634.63	95.699996948		
704.1	1.5916		0.32864			635.59	95.699996948		
705.5	1.5888		0.32859			636.55	95.699996948		
707	1.5871		0.33229			637.52	95.5		
708.4	1.5848		0.33614			638.48	95.5		
709.9	1.5817		0.34017			639.45	95.5		
711.3	1.5778		0.34439			640.41	95.300003052		
712.8	1.5748		0.34438			641.38	95.300003052		
714.2	1.5733		0.34806			642.34	95.199996948		
715.6	1.5683		0.3566			643.31	95.099998474		
717.1	1.5638		0.35289			644.27	95.099998474		
718.5	1.562		0.35664			645.24	95.099998474		
720	1.5584		0.36083			646.2	95		
721.4	1.5553		0.36083			647.16	95		
722.9	1.5532		0.36467			648.13	94.800003052		
724.3	1.55		0.36878			649.09	94.800003052		
725.8	1.5455		0.37322			650.06	94.800003052		
727.2	1.5414		0.37348			651.02	94.599998474		
728.7	1.5375		0.37777			651.99	94.599998474		
730.1	1.5338		0.37795			652.95	94.599998474		
731.6	1.53		0.38223			653.92	94.400001526		
733	1.5263		0.38242			654.88	94.400001526		
734.5	1.5225		0.38671			655.84	94.400001526		
735.9	1.5187		0.38692			656.81	94.300003052		
737.3	1.5149		0.39125			657.77	94.199996948		
738.8	1.5109		0.39152			658.74	94.199996948		
740.2	1.5067		0.39596			659.7	94.199996948		
741.7	1.5017		0.39648			660.67	94		
743.1	1.4984		0.39657			661.63	94		
744.6	1.4945		0.40096			662.6	94		
746	1.4897		0.40145			663.56	93.900001526		
747.5	1.4865		0.40153			664.53	93.800003052		
748.9	1.4827		0.40589			665.49	93.699996948		
750.4	1.4786		0.40622			666.45	93.699996948		
751.8	1.4741		0.41081			667.42	93.900001526		
753.3	1.4682		0.41161			668.38	93.900001526		
754.7	1.4633		0.41215			669.35	93.5		
756.1	1.4588		0.41259			670.31	93.400001526		
757.6	1.4547		0.41293			671.28	93.400001526		
759	1.4515		0.413			672.24	93.300003052		
760.5	1.4474		0.41755			673.21	93.199996948		
761.9	1.4418		0.4183			674.17	93.099998474		
763.4	1.4368		0.41889			675.13	93.099998474		
764.8	1.4321		0.41942			676.1	93		
766.3	1.4274		0.41993			677.06	92.900001526		
767.7	1.4228		0.42042			678.03	92.900001526		
769.2	1.4183		0.4209			678.99	92.900001526		
770.6	1.4138		0.42138			679.96	92.699996948		
772.1	1.4092		0.42186			680.92	92.699996948		
773.5	1.4047		0.42236			681.89	92.599998474		
775	1.4		0.42288			682.85	92.599998474		
776.4	1.3952		0.42346			683.81	92.5		
777.9	1.3897		0.42424			684.78	92.400001526		
779.3	1.386		0.42024			685.74	92.400001526		
780.7	1.3823		0.42476			686.71	92.300003052		
782.2	1.3756		0.42587			687.67	92.300003052		
783.6	1.3704		0.42232			688.64	92.199996948		
785.1	1.3663		0.4227			689.6	92.099998474		
786.5	1.3608		0.42349			690.57	92.099998474		
788	1.3562		0.41974			691.53	92		
789.4	1.3528		0.41994			692.49	92		
790.9	1.3485		0.42039			693.46	91.800003052		
792.3	1.3429		0.42121			694.42	91.800003052		
793.8	1.3384		0.41745			695.39	91.800003052		
795.2	1.3345		0.41778			696.35	91.699996948		
796.7	1.3294		0.41848			697.32	91.699996948		
798.1	1.3248		0.41471			698.28	91.599998474		
799.5	1.3212		0.41497			699.25	91.5		
801	1.3159		0.41571			700.21	91.5		
802.5	1.3112		0.41197			701.18	91.400001526		
803.9	1.3068		0.41248			702.14	91.300003052		
805.3	1.3027		0.40858			703.1	91.300003052		
806.8	1.2994		0.40877			704.07	91.199996948		
808.2	1.2942		0.40947			705.03	91.199996948		
809.7	1.2895		0.40573			706	91.099998474		
811.1	1.285		0.40625			706.96	91.099998474		
812.6	1.2806		0.40243			707.93	91		
814	1.2762		0.40293			708.89	91		
815.5	1.2717		0.3991			709.85	90.900001526		
816.91	1.267099977		0.399650007			710.82	90.900001526		
818.36	1.261899948		0.396030009			711.78	90.800003052		
819.81	1.25849998		0.39192			712.75	90.800003052		
821.25	1.254500031		0.392280012			713.71	90.699996948		
822.7	1.249799967		0.388509989			714.68	90.699996948		
824.15	1.246999979		0.384229988			715.64	90.5		
825.59	1.244300008		0.384279996			716.61	90.5		
827.04	1.238700032		0.385089993			717.57	90.5		
828.49	1.234699965		0.376760006			718.54	90.5		
829.93	1.232900023		0.376560003			719.5	90.400001526		
831.38	1.228399992		0.377059996			720.46	90.400001526		
832.83	1.22329998		0.373369992			721.43	90.400001526		
834.27	1.219499946		0.369349986			722.39	90.300003052		
835.72	1.217100024		0.364960015			723.36	90.199996948		
837.17	1.214100003		0.365060002			724.32	90.199996948		
838.61	1.210899949		0.360900015			725.29	90.199996948		
840.06	1.207499981		0.361110002			726.25	90.099998474		
841.51	1.203600049		0.357109994			727.22	90.099998474		
842.95	1.198899984		0.357639998			728.18	90		
844.4	1.195299983		0.34920001			729.15	90		
845.85	1.193199992		0.349110007			730.11	90		
847.29	1.190299988		0.34483999			731.07	89.900001526		
848.74	1.187100053		0.344999999			732.04	89.900001526		
850.19	1.183099985		0.341010004			733	89.900001526		
851.63	1.180999994		0.336560011			733.97	89.800003052		
853.08	1.179100037		0.33642			734.93	89.800003052		
854.53	1.175500035		0.336690009			735.9	89.800003052		
855.97	1.169700027		0.337460011			736.86	89.699996948		
857.42	1.163200021		0.33405			737.83	89.699996948		
858.87	1.157199979		0.330489993			738.79	89.699996948		
860.31	1.150400043		0.327080011			739.75	89.699996948		
861.76	1.144199967		0.319150001			740.72	89.599998474		
863.21	1.140200019		0.310710013			741.68	89.599998474		
864.65	1.138599992		0.301750004			742.65	89.599998474		
866.1	1.138000011		0.296990007			743.61	89.599998474		
867.55	1.136700034		0.292380005			744.58	89.5		
868.99	1.13530004		0.287800014			745.54	89.5		
870.44	1.133999944		0.283210009			746.51	89.5		
871.89	1.133399963		0.278510004			747.47	89.5		
873.33	1.131000042		0.278479993			748.43	89.400001526		
874.78	1.129199982		0.269699991			749.4	89.400001526		
876.23	1.128299952		0.269400001			750.36	89.400001526		
877.67	1.12559998		0.265130013			751.33	89.300003052		
879.12	1.123399973		0.260760009			752.29	89.300003052		
880.57	1.121299982		0.256370008			753.26	89.300003052		
882.02	1.119400024		0.251969993			754.22	89.300003052		
883.46	1.116899967		0.247669995			755.19	89.300003052		
884.91	1.116700053		0.238739997			756.15	89.300003052		
886.35	1.116700053		0.238309994			757.11	89.300003052		
887.8	1.114899993		0.233940005			758.08	89.199996948		
889.25	1.113499999		0.229509994			759.04	89.300003052		
890.69	1.112200022		0.225060001			760.01	89.199996948		
892.14	1.111199975		0.220599994			760.97	89.199996948		
893.59	1.110200047		0.216130003			761.94	89.199996948		
895.03	1.109500051		0.211659998			762.9	89.199996948		
896.48	1.108899951		0.207179993			763.87	89.199996948		
897.93	1.108899951		0.202639997			764.83	89.199996948		
899.38	1.106999993		0.202519998			765.79	89.199996948		
900.82	1.105000019		0.194079995			766.76	89.199996948		
902.27	1.105200052		0.189569995			767.72	89.199996948		
903.72	1.105000019		0.185110003			768.69	89.199996948		
905.16	1.104799986		0.180680007			769.65	89.199996948		
906.61	1.104599953		0.176259995			770.62	89.199996948		
908.06	1.104500055		0.171859995			771.58	89.199996948		
909.5	1.104500055		0.167459995			772.55	89.199996948		
910.95	1.104500055		0.163080007			773.51	89.199996948		
912.4	1.104599953		0.158720002			774.48	89.199996948		
913.84	1.104799986		0.154359996			775.44	89.199996948		
915.29	1.105100036		0.150020003			776.4	89.199996948		
916.74	1.105399966		0.145699993			777.37	89.199996948		
918.18	1.105900049		0.141389996			778.33	89.199996948		
919.63	1.106400013		0.137099996			779.3	89.300003052		
921.08	1.106999993		0.132829994			780.26	89.199996948		
922.52	1.10769999		0.128570005			781.23	89.199996948		
923.97	1.108399987		0.124329999			782.19	89.199996948		
925.42	1.109300017		0.120109998			783.16	89.300003052		
926.86	1.110200047		0.11592			784.12	89.300003052		
928.31	1.111299992		0.111740001			785.09	89.300003052		
929.76	1.112499952		0.107579999			786.05	89.300003052		
931.2	1.113700032		0.103440002			787.01	89.300003052		
932.65	1.115100026		0.099329002			787.98	89.400001526		
934.1	1.116700053		0.095234998			788.94	89.400001526		
935.54	1.118399978		0.091164			789.91	89.400001526		
936.99	1.120800018		0.087107003			790.87	89.400001526		
938.44	1.121500015		0.086928003			791.84	89.400001526		
939.88	1.122599959		0.079157002			792.8	89.400001526		
941.33	1.126099944		0.075167999			793.77	89.5		
942.78	1.128200054		0.074989997			794.73	89.5		
944.22	1.129099965		0.071093999			795.69	89.5		
945.67	1.130800009		0.067215003			796.66	89.5		
947.12	1.1329		0.063354999			797.62	89.5		
948.56	1.135800004		0.059523001			798.59	89.599998474		
950.01	1.137199998		0.059402999			799.55	89.599998474		
951.46	1.139500022		0.051961999			800.52	89.599998474		
952.9	1.14260006		0.051863998			801.48	89.599998474		
954.35	1.144500017		0.048140999			802.45	89.699996948		
955.8	1.147600055		0.044454001			803.41	89.699996948		
957.24	1.149999976		0.044381			804.37	89.699996948		
958.69	1.15170002		0.040729001			805.34	89.800003052		
960.14	1.154800057		0.037117999			806.3	89.800003052		
961.58	1.157299995		0.037071999			807.27	89.800003052		
963.03	1.159100056		0.033491001			808.23	89.800003052		
964.48	1.162299991		0.029959001			809.2	89.900001526		
965.92	1.165099978		0.029943001			810.16	89.900001526		
967.37	1.167700052		0.026447			811.13	89.900001526		
968.82	1.17019999		0.026439			812.09	90		
970.26	1.172799945		0.022980999			813.05	90		
971.71	1.175199986		0.022985			814.02	90		
973.16	1.177800059		0.019568			814.98	90.099998474		
974.6	1.180400014		0.019586001			815.95	90.099998474		
976.05	1.183099985		0.016216001			816.91	90.099998474		
977.5	1.186300039		0.016259			817.88	90.199996948		
978.94	1.18809998		0.016267			818.84	90.199996948		
980.39	1.190400004		0.01294			819.81	90.300003052		
981.84	1.193400025		0.012989			820.77	90.300003052		
983.28	1.19509995		0.013003			821.73	90.300003052		
984.73	1.197399974		0.0097224			822.7	90.400001526		
986.18	1.200299978		0.0097798			823.66	90.400001526		
987.63	1.202000022		0.0098025			824.63	90.5		
989.07	1.204300046		0.0065714			825.59	90.5		
990.52	1.207499981		0.006646			826.56	90.599998474		
991.97	1.209699988		0.0066961			827.52	90.599998474		
993.41	1.211300015		0.0067238			828.49	90.699996948		
994.86	1.213700056		0.0035502			829.45	90.699996948		
996.31	1.217300057		0.0036484			830.42	90.699996948		
997.75	1.218799949		0.0068828			831.38	90.699996948		
999.2	1.219900012		0.0037042			832.34	90.800003052		
1000.6	1.22239995		0.0037667			833.31	90.800003052		
1002.1	1.224400043		0.0038134			834.27	90.900001526		
1003.5	1.225999951		0.0038489			835.24	90.900001526		
1005	1.227100015		0.0038689			836.2	90.900001526		
1006.4	1.229500055		0.00078166			837.17	91		
1007.9	1.23119998		0.0039653			838.13	91.099998474		
1009.3	1.23239994		0.0008601			839.1	91.099998474		
1010.8	1.234899998		0.00093067			840.06	91.099998474		
1012.2	1.236899972		0.00098431			841.02	91.199996948		
1013.7	1.238800049		0.0010341			841.99	91.199996948		
1015.1	1.240499973		0.001078			842.95	91.199996948		
1016.6	1.2421		0.0011204			843.92	91.300003052		
1018	1.243700027		0.0011605			844.88	91.400001526		
1019.5	1.245200038		0.0011982			845.85	91.400001526		
1020.9	1.246700048		0.0012337			846.81	91.5		
1022.3	1.248100042		0.0012687			847.78	91.5		
1023.8	1.249500036		0.0013009			848.74	91.5		
1025.2	1.25090003		0.0013338			849.7	91.599998474		
1026.7	1.252200007		0.0013655			850.67	91.599998474		
1028.1	1.253499985		0.0013958			851.63	91.699996948		
1029.6	1.254799962		0.0014247			852.6	91.699996948		
1031	1.256000042		0.0014547			853.56	91.699996948		
1032.5	1.257300019		0.0014814			854.53	91.699996948		
1033.9	1.25849998		0.0015105			855.49	91.699996948		
1035.4	1.259799957		0.0015393			856.46	91.699996948		
1036.8	1.261399984		0.0015761			857.42	91.800003052		
1038.3	1.261600018		0.0045458			858.38	91.800003052		
1039.7	1.261700034		0.0015727			859.35	92		
1041.2	1.263200045		0.0016075			860.31	92		
1042.6	1.264400005		0.0016326			861.28	92.199996948		
1044	1.265499949		0.0016564			862.24	92.300003052		
1045.5	1.266499996		0.0016776			863.21	92.400001526		
1046.9	1.267500043		0.0016967			864.17	92.5		
1048.4	1.268399954		0.0017153			865.14	92.599998474		
1049.8	1.269199967		0.001731			866.1	92.699996948		
1051.3	1.26970005		0.0017377			867.07	92.800003052		
1052.7	1.271499991		1.19E-7			868.03	92.900001526		
1054.2	1.273300052		0.0018195			868.99	92.900001526		
1055.6	1.273599982		0.00182			869.96	92.900001526		
1057.1	1.273800015		0.0018219			870.92	93		
1058.5	1.275500059		1.19E-7			871.89	93.099998474		
1060	1.277199984		0.0018948			872.85	93.099998474		
1061.4	1.277400017		0.0018953			873.82	93.199996948		
1062.9	1.277699947		0.001896			874.78	93.300003052		
1064.3	1.279299974		1.19E-7			875.75	93.300003052		
1065.7	1.281000018		0.0019673			876.71	93.400001526		
1067.2	1.281299949		0.0019704			877.67	93.400001526		
1068.6	1.281900048		0.0019804			878.64	93.5		
1070.1	1.282600045		0.0019923			879.6	93.599998474		
1071.5	1.283300042		0.0020031			880.57	93.599998474		
1073	1.284100056		0.002015			881.53	93.699996948		
1074.4	1.284700036		0.0020269			882.5	93.800003052		
1075.9	1.285300016		0.0020348			883.46	93.800003052		
1077.3	1.285599947		0.0020379			884.43	93.900001526		
1078.8	1.287299991		1.19E-7			885.39	94		
1080.2	1.288900018		0.0021061			886.35	94		
1081.7	1.289199948		0.002107			887.32	94.099998474		
1083.1	1.289800048		0.0021161			888.28	94.099998474		
1084.6	1.290400028		0.0021263			889.25	94.199996948		
1086	1.291100025		0.0021347			890.21	94.300003052		
1087.4	1.291800022		0.0021464			891.18	94.300003052		
1088.9	1.292400002		0.0021576			892.14	94.400001526		
1090.3	1.293099999		0.0021693			893.11	94.400001526		
1091.8	1.293799996		0.0021797			894.07	94.5		
1093.2	1.294499993		0.0021907			895.03	94.599998474		
1094.7	1.29519999		0.0022019			896	94.599998474		
1096.1	1.295799971		0.0022134			896.96	94.699996948		
1097.6	1.296499968		0.0022234			897.93	94.800003052		
1099	1.297199965		0.0022341			898.89	94.800003052		
1100.5	1.297899961		0.0022441			899.86	94.900001526		
1101.9	1.298499942		0.0022541			900.82	95		
1103.4	1.299200058		0.0022641			901.79	95		
1104.8	1.299900055		0.0022751			902.75	95.099998474		
1106.3	1.300500035		0.0022854			903.72	95.199996948		
1107.7	1.301200032		0.0022944			904.68	95.199996948		
1109.1	1.301900029		0.002304			905.64	95.300003052		
1110.6	1.30250001		0.0023147			906.61	95.400001526		
1112	1.303200006		0.0023261			907.57	95.5		
1113.5	1.303900003		0.002335			908.54	95.5		
1114.9	1.3046		0.0023464			909.5	95.599998474		
1116.4	1.305299997		0.0023581			910.47	95.699996948		
1117.8	1.306100011		0.0023705			911.43	95.699996948		
1119.3	1.307199955		0.0023891			912.4	95.800003052		
1120.7	1.307100058		0.0050408			913.36	95.800003052		
1122.2	1.306900024		0.002375			914.33	95.900001526		
1123.6	1.308099985		0.002396			915.29	96		
1125.1	1.309100032		0.002412			916.25	96		
1126.5	1.310099959		0.0024279			917.22	96.099998474		
1128	1.311400056		0.0024501			918.18	96.199996948		
1129.4	1.31190002		0.0050839			919.15	96.300003052		
1130.8	1.311200023		0.0050641			920.11	96.400001526		
1132.3	1.31219995		0.0024539			921.08	96.400001526		
1133.7	1.313300014		0.0050875			922.04	96.400001526		
1135.2	1.313199997		0.0050794			923.01	96.5		
1136.6	1.31340003		0.005078			923.97	96.599998474		
1138.1	1.313799977		0.005077			924.93	96.599998474		
1139.5	1.314200044		0.0050761			925.9	96.699996948		
1141	1.314599991		0.0050768			926.86	96.800003052		
1142.4	1.315099955		0.0050782			927.83	96.900001526		
1143.9	1.315500021		0.0050806			928.79	96.900001526		
1145.3	1.315999985		0.0050813			929.76	97		
1146.8	1.316499949		0.0050832			930.72	97.099998474		
1148.2	1.317000031		0.0050844			931.68	97.099998474		
1149.7	1.317499995		0.0050877			932.65	97.199996948		
1151.1	1.318099976		0.0050911			933.61	97.199996948		
1152.6	1.318699956		0.0050923			934.58	97.300003052		
1154	1.319300056		0.0050975			935.54	97.400001526		
1155.4	1.320000052		0.0051032			936.51	97.400001526		
1156.9	1.321099997		0.0051147			937.47	97.5		
1158.3	1.32099998		0.0076562			938.44	97.5		
1159.8	1.32130003		0.0051061			939.4	97.599998474		
1161.2	1.321699977		0.0076472			940.37	97.699996948		
1162.7	1.322299957		0.0051094			941.33	97.800003052		
1164.1	1.323199987		0.0076491			942.29	97.800003052		
1165.6	1.322999954		0.0076374			943.26	97.900001526		
1167	1.323099971		0.0076293			944.22	97.900001526		
1168.5	1.323300004		0.0076238			945.19	98		
1169.9	1.323600054		0.0076176			946.15	98		
1171.4	1.323899984		0.0076133			947.12	98.099998474		
1172.8	1.324300051		0.0076083			948.08	98.099998474		
1174.3	1.324599981		0.0076038			949.05	98.199996948		
1175.7	1.325000048		0.0075997			950.01	98.199996948		
1177.1	1.325399995		0.0075954			950.97	98.300003052		
1178.6	1.325700045		0.007593			951.94	98.400001526		
1180	1.326099992		0.0075892			952.9	98.400001526		
1181.5	1.326599956		0.0075856			953.87	98.5		
1182.9	1.327000022		0.0075823			954.83	98.5		
1184.4	1.327399969		0.0075797			955.8	98.599998474		
1185.8	1.327900052		0.0075759			956.76	98.599998474		
1187.3	1.328400016		0.0075742			957.73	98.699996948		
1188.7	1.32889998		0.0075732			958.69	98.699996948		
1190.2	1.329399943		0.0075716			959.66	98.699996948		
1191.6	1.33010006		0.0075711			960.62	98.800003052		
1193.1	1.33099997		0.0075756			961.58	98.800003052		
1194.5	1.330800056		0.010021			962.55	98.900001526		
1196	1.330800056		0.0075549			963.51	98.900001526		
1197.4	1.332399964		0.0075663			964.48	99		
1198.8	1.332900047		0.010009			965.44	99		
1200.3	1.332499981		0.0099939			966.41	99		
1201.7	1.332599998		0.0099827			967.37	99.099998474		
1203.2	1.332700014		0.0099734			968.34	99.099998474		
1204.6	1.332999945		0.0099641			969.3	99.099998474		
1206.1	1.333199978		0.009955			970.26	99.199996948		
1207.5	1.333500028		0.0099474			971.23	99.199996948		
1209	1.333799958		0.0099393			972.19	99.300003052		
1210.4	1.334200025		0.0099326			973.16	99.300003052		
1211.9	1.334599972		0.0099245			974.12	99.300003052		
1213.3	1.335000038		0.0099181			975.09	99.400001526		
1214.8	1.335399985		0.0099121			976.05	99.400001526		
1216.2	1.335899949		0.0099062			977.02	99.400001526		
1217.7	1.336500049		0.0099009			977.98	99.400001526		
1219.1	1.33739996		0.0099002			978.94	99.400001526		
1220.5	1.337200046		0.012284			979.91	99.5		
1222	1.33739996		0.0098778			980.87	99.5		
1223.4	1.337700009		0.012262			981.84	99.5		
1224.9	1.338099957		0.0098644			982.8	99.5		
1226.3	1.33889997		0.012244			983.77	99.599998474		
1227.8	1.338600039		0.012228			984.73	99.599998474		
1229.2	1.338600039		0.012215			985.7	99.599998474		
1230.7	1.338700056		0.012201			986.66	99.599998474		
1232.1	1.338700056		0.012187			987.63	99.599998474		
1233.6	1.33829999		0.01217			988.59	99.699996948		
1235	1.34010005		0.0074486			989.55	99.699996948		
1236.5	1.342000008		0.012175			990.52	99.699996948		
1237.9	1.341699958		0.01216			991.48	99.699996948		
1239.4	1.342100024		0.01215			992.45	99.699996948		
1240.8	1.343000054		0.012143			993.41	99.699996948		
1242.2	1.343199968		0.01448			994.38	99.800003052		
1243.7	1.342599988		0.01446			995.34	99.800003052		
1245.1	1.342499971		0.014443			996.31	99.800003052		
1246.6	1.342499971		0.014428			997.27	99.800003052		
1248	1.342599988		0.014412			998.23	99.800003052		
1249.5	1.342800021		0.014398			999.2	99.800003052		
1250.9	1.343000054		0.014384			1000.2	99.800003052		
1252.4	1.343199968		0.014368			1001.1	99.800003052		
1253.8	1.343500018		0.014355			1002.1	99.800003052		
1255.3	1.343700051		0.014341			1003.1	99.800003052		
1256.7	1.344099998		0.014327			1004	99.800003052		
1258.2	1.344400048		0.014314			1005	99.800003052		
1259.6	1.344799995		0.014301			1006	99.800003052		
1261.1	1.345299959		0.01429			1006.9	99.900001526		
1262.5	1.345900059		0.014278			1007.9	99.800003052		
1263.9	1.346899986		0.014269			1008.8	99.900001526		
1265.4	1.347200036		0.016557001			1009.8	99.800003052		
1266.8	1.346699953		0.016536999			1010.8	99.900001526		
1268.3	1.346600056		0.016518001			1011.7	99.900001526		
1269.7	1.346699953		0.0165			1012.7	99.900001526		
1271.2	1.346899986		0.016483			1013.7	99.900001526		
1272.6	1.347100019		0.016466999			1014.6	99.900001526		
1274.1	1.347300053		0.016450999			1015.6	99.900001526		
1275.5	1.3477		0.016434001			1016.6	99.900001526		
1277	1.348199964		0.016419001			1017.5	99.900001526		
1278.4	1.348899961		0.016404999			1018.5	99.900001526		
1279.9	1.348799944		0.018664001			1019.5	99.900001526		
1281.3	1.348999977		0.01637			1020.4	99.900001526		
1282.8	1.349599957		0.018625			1021.4	99.900001526		
1284.2	1.34920001		0.018603001			1022.3	99.900001526		
1285.6	1.34920001		0.018584			1023.3	99.900001526		
1287.1	1.34920001		0.018564001			1024.3	99.900001526		
1288.5	1.349400043		0.018545			1025.2	99.900001526		
1290	1.349599957		0.018525001			1026.2	99.900001526		
1291.4	1.349900007		0.018506			1027.2	99.900001526		
1292.9	1.350200057		0.018487999			1028.1	99.900001526		
1294.3	1.350700021		0.018469			1029.1	99.900001526		
1295.8	1.351600051		0.018453			1030.1	99.900001526		
1297.2	1.351799965		0.020678001			1031	99.900001526		
1298.7	1.351199985		0.020655001			1032	99.900001526		
1300.1	1.351099968		0.020633001			1033	99.900001526		
1301.6	1.350999951		0.020609999			1033.9	99.900001526		
1303	1.351099968		0.020589			1034.9	99.900001526		
1304.5	1.351199985		0.020567			1035.8	99.900001526		
1305.9	1.351300001		0.020546			1036.8	99.900001526		
1307.3	1.351500034		0.020524001			1037.8	99.800003052		
1308.8	1.351799965		0.020502999			1038.7	99.900001526		
1310.2	1.351999998		0.020481			1039.7	99.900001526		
1311.7	1.352399945		0.02046			1040.7	99.900001526		
1313.1	1.352900028		0.020439999			1041.6	99.900001526		
1314.6	1.353700042		0.020419			1042.6	99.900001526		
1316	1.353899956		0.022609999			1043.6	99.800003052		
1317.5	1.353399992		0.022585999			1044.5	99.900001526		
1318.9	1.353199959		0.022562999			1045.5	99.900001526		
1320.4	1.353199959		0.022538999			1046.5	99.900001526		
1321.8	1.353299975		0.022515999			1047.4	99.900001526		
1323.3	1.353399992		0.022491001			1048.4	99.900001526		
1324.7	1.353600025		0.022468001			1049.4	99.900001526		
1326.2	1.353899956		0.022445001			1050.3	99.900001526		
1327.6	1.354400039		0.022421001			1051.3	99.900001526		
1329.1	1.353999972		0.024590001			1052.2	99.900001526		
1330.5	1.353700042		0.022375001			1053.2	99.900001526		
1331.9	1.354500055		0.022351			1054.2	99.900001526		
1333.4	1.355399966		0.022329001			1055.1	99.900001526		
1334.8	1.355599999		0.024486			1056.1	99.900001526		
1336.3	1.355100036		0.024460999			1057.1	99.900001526		
1337.7	1.355000019		0.024436001			1058	99.900001526		
1339.2	1.355000019		0.02441			1059	99.900001526		
1340.6	1.355100036		0.024385			1060	99.900001526		
1342.1	1.355200052		0.024359999			1060.9	99.900001526		
1343.5	1.35529995		0.024334			1061.9	99.900001526		
1345	1.355599999		0.024309			1062.9	99.900001526		
1346.4	1.355900049		0.024284			1063.8	99.900001526		
1347.9	1.356299996		0.024258001			1064.8	100		
1349.3	1.35710001		0.024232			1065.7	99.900001526		
1350.8	1.357200027		0.026362			1066.7	100		
1352.2	1.356600046		0.026337			1067.7	99.900001526		
1353.6	1.356400013		0.026311001			1068.6	99.900001526		
1355.1	1.356400013		0.026284			1069.6	99.900001526		
1356.5	1.356400013		0.026256001			1070.6	99.900001526		
1358	1.356400013		0.02623			1071.5	99.900001526		
1359.4	1.356600046		0.026203001			1072.5	99.900001526		
1360.9	1.356699944		0.026176			1073.5	99.900001526		
1362.3	1.356899977		0.026148001			1074.4	99.900001526		
1363.8	1.357200027		0.02612			1075.4	99.900001526		
1365.2	1.357599974		0.026093001			1076.4	99.900001526		
1366.7	1.358399987		0.026064999			1077.3	99.900001526		
1368.1	1.358500004		0.028166			1078.3	99.900001526		
1369.6	1.357900023		0.028139999			1079.3	99.900001526		
1371	1.35769999		0.028113			1080.2	99.900001526		
1372.5	1.357599974		0.028085001			1081.2	99.900001526		
1373.9	1.357599974		0.028054999			1082.1	99.900001526		
1375.3	1.357599974		0.028028			1083.1	99.900001526		
1376.8	1.35769999		0.027999001			1084.1	99.900001526		
1378.2	1.357800007		0.027969999			1085	99.900001526		
1379.7	1.357900023		0.027941			1086	99.900001526		
1381.1	1.358100057		0.027913			1087	99.900001526		
1382.6	1.358299971		0.027884001			1087.9	99.900001526		
1384	1.35860002		0.027855			1088.9	99.900001526		
1385.5	1.359099984		0.027824			1089.9	99.900001526		
1386.9	1.359899998		0.027793			1090.8	99.900001526		
1388.4	1.360000014		0.029863			1091.8	99.900001526		
1389.8	1.359500051		0.029836999			1092.8	99.900001526		
1391.3	1.359300017		0.029806999			1093.7	99.900001526		
1392.7	1.359200001		0.029778			1094.7	99.900001526		
1394.2	1.359300017		0.029748			1095.6	99.900001526		
1395.6	1.359400034		0.029717			1096.6	99.900001526		
1397	1.359599948		0.029687			1097.6	99.900001526		
1398.5	1.360000014		0.029655			1098.5	99.900001526		
1399.9	1.360700011		0.029622			1099.5	99.900001526		
1401.4	1.360700011		0.031672999			1100.5	99.900001526		
1402.8	1.360100031		0.031644002			1101.4	99.900001526		
1404.3	1.359899998		0.031615999			1102.4	99.900001526		
1405.7	1.359699965		0.031585			1103.4	99.900001526		
1407.2	1.359699965		0.031555001			1104.3	99.900001526		
1408.6	1.359699965		0.031523999			1105.3	99.900001526		
1410.1	1.359699965		0.031491999			1106.3	99.900001526		
1411.5	1.359699965		0.031459998			1107.2	99.900001526		
1413	1.359799981		0.031429			1108.2	99.900001526		
1414.4	1.360000014		0.031397			1109.1	99.900001526		
1415.9	1.360200047		0.031364001			1110.1	99.900001526		
1417.3	1.360399961		0.031330999			1111.1	99.900001526		
1418.7	1.360800028		0.031298			1112	99.900001526		
1420.2	1.361500025		0.031263001			1113	99.900001526		
1421.6	1.361600041		0.033284001			1114	99.900001526		
1423.1	1.360999942		0.033256002			1114.9	99.900001526		
1424.5	1.360800028		0.033225			1115.9	99.900001526		
1426	1.360700011		0.033193			1116.9	99.900001526		
1427.4	1.360700011		0.033160999			1117.8	99.900001526		
1428.9	1.360700011		0.033128999			1118.8	99.900001526		
1430.3	1.360700011		0.033096001			1119.8	99.900001526		
1431.8	1.360800028		0.033062998			1120.7	99.800003052		
1433.2	1.360999942		0.033029001			1121.7	99.900001526		
1434.7	1.361099958		0.032995999			1122.7	99.800003052		
1436.1	1.361400008		0.032962002			1123.6	99.900001526		
1437.6	1.361799955		0.032926999			1124.6	99.900001526		
1439	1.362499952		0.032889001			1125.5	99.900001526		
1440.4	1.362599969		0.034883998			1126.5	99.900001526		
1441.9	1.361999989		0.034855999			1127.5	99.800003052		
1443.3	1.361799955		0.034823			1128.4	99.900001526		
1444.8	1.361700058		0.034790002			1129.4	99.800003052		
1446.2	1.361700058		0.034756001			1130.4	99.900001526		
1447.7	1.361700058		0.034722999			1131.3	99.900001526		
1449.1	1.361799955		0.034688			1132.3	99.900001526		
1450.6	1.361999989		0.034653001			1133.3	99.800003052		
1452	1.362499952		0.034614999			1134.2	99.800003052		
1453.5	1.361999989		0.036598999			1135.2	99.800003052		
1454.9	1.361600041		0.034557			1136.2	99.800003052		
1456.4	1.362300038		0.034515999			1137.1	99.800003052		
1457.8	1.363100052		0.034478001			1138.1	99.800003052		
1459.3	1.363199949		0.036446001			1139	99.800003052		
1460.7	1.362599969		0.036417			1140	99.800003052		
1462.1	1.362400055		0.036384001			1141	99.800003052		
1463.6	1.361999989		0.036353			1141.9	99.800003052		
1465	1.362599969		0.034317002			1142.9	99.800003052		
1466.5	1.363299966		0.036270998			1143.9	99.800003052		
1467.9	1.363100052		0.036238998			1144.8	99.800003052		
1469.4	1.363100052		0.036203001			1145.8	99.800003052		
1470.8	1.363299966		0.036166999			1146.8	99.800003052		
1472.3	1.363600016		0.036129002			1147.7	99.800003052		
1473.7	1.364199996		0.036090001			1148.7	99.800003052		
1475.2	1.363899946		0.038040001			1149.7	99.800003052		
1476.6	1.363999963		0.036022998			1150.6	99.800003052		
1478.1	1.364500046		0.037962001			1151.6	99.699996948		
1479.5	1.364099979		0.037930001			1152.6	99.800003052		
1481	1.364099979		0.037893999			1153.5	99.800003052		
1482.4	1.364199996		0.037857998			1154.5	99.800003052		
1483.8	1.364400029		0.037819002			1155.4	99.800003052		
1485.3	1.36500001		0.037776999			1156.4	99.800003052		
1486.7	1.364899993		0.039712001			1157.4	99.800003052		
1488.2	1.363999963		0.039684001			1158.3	99.699996948		
1489.6	1.364400029		0.037677001			1159.3	99.800003052		
1491.1	1.36500001		0.039599001			1160.3	99.800003052		
1492.5	1.364599943		0.039565001			1161.2	99.699996948		
1494	1.364500046		0.039528999			1162.2	99.800003052		
1495.4	1.364400029		0.039494			1163.2	99.800003052		
1496.9	1.36559999		0.037487			1164.1	99.699996948		
1498.3	1.36619997		0.041352			1165.1	99.800003052		
1499.8	1.365300059		0.041326001			1166.1	99.699996948		
1501.2	1.36500001		0.041292001			1167	99.699996948		
1502.7	1.364799976		0.041255999			1168	99.699996948		
1504.1	1.364599943		0.041219			1168.9	99.699996948		
1505.5	1.364300013		0.041184001			1169.9	99.699996948		
1507	1.365100026		0.039191			1170.9	99.699996948		
1508.4	1.366000056		0.041085999			1171.8	99.699996948		
1509.9	1.366299987		0.041042998			1172.8	99.699996948		
1511.3	1.36619997		0.042947002			1173.8	99.699996948		
1512.8	1.36559999		0.042915002			1174.7	99.699996948		
1514.2	1.365300059		0.042879999			1175.7	99.699996948		
1515.7	1.365200043		0.042842001			1176.7	99.699996948		
1517.1	1.365100026		0.042803001			1177.6	99.699996948		
1518.6	1.365100026		0.042762998			1178.6	99.699996948		
1520	1.36500001		0.042725001			1179.6	99.699996948		
1521.5	1.36590004		0.040745001			1180.5	99.699996948		
1522.9	1.367200017		0.042615			1181.5	99.699996948		
1524.4	1.366999984		0.044504002			1182.4	99.699996948		
1525.8	1.36650002		0.044470999			1183.4	99.699996948		
1527.3	1.366400003		0.044429999			1184.4	99.699996948		
1528.7	1.366799951		0.044385001			1185.3	99.699996948		
1530.1	1.366600037		0.046266999			1186.3	99.699996948		
1531.6	1.365800023		0.046236999			1187.3	99.699996948		
1533	1.365200043		0.046204999			1188.2	99.699996948		
1534.5	1.36559999		0.044238001			1189.2	99.699996948		
1535.9	1.36619997		0.046103999			1190.2	99.699996948		
1537.4	1.36590004		0.046066999			1191.1	99.699996948		
1538.8	1.36590004		0.046023998			1192.1	99.699996948		
1540.3	1.366099954		0.045979001			1193.1	99.699996948		
1541.7	1.366700053		0.045926999			1194	99.699996948		
1543.2	1.366700053		0.047793999			1195	99.599998474		
1544.6	1.366099954		0.047759999			1196	99.699996948		
1546.1	1.36590004		0.047719002			1196.9	99.599998474		
1547.5	1.36590004		0.047676001			1197.9	99.599998474		
1549	1.366000056		0.047630001			1198.8	99.599998474		
1550.4	1.366400003		0.047578			1199.8	99.599998474		
1551.8	1.366299987		0.049439002			1200.8	99.599998474		
1553.3	1.365399957		0.04941			1201.7	99.599998474		
1554.7	1.365700006		0.047462001			1202.7	99.599998474		
1556.2	1.366099954		0.049307998			1203.7	99.599998474		
1557.6	1.365399957		0.049275			1204.6	99.599998474		
1559.1	1.36590004		0.04733			1205.6	99.599998474		
1560.5	1.367599964		0.047256			1206.6	99.599998474		
1562	1.368000031		0.050981998			1207.5	99.599998474		
1563.4	1.367200017		0.050951			1208.5	99.599998474		
1564.9	1.367200017		0.050905999			1209.5	99.599998474		
1566.3	1.366600037		0.052758999			1210.4	99.599998474		
1567.8	1.36650002		0.050827999			1211.4	99.599998474		
1569.2	1.366700053		0.052662			1212.3	99.599998474		
1570.7	1.36619997		0.052625			1213.3	99.599998474		
1572.1	1.366099954		0.052579001			1214.3	99.599998474		
1573.5	1.366299987		0.052526999			1215.2	99.599998474		
1575	1.36559999		0.054375			1216.2	99.599998474		
1576.4	1.366099954		0.050558999			1217.2	99.599998474		
1577.9	1.3671		0.054246001			1218.1	99.599998474		
1579.3	1.366400003		0.054211002			1219.1	99.599998474		
1580.8	1.366299987		0.054164			1220.1	99.599998474		
1582.2	1.366799951		0.054106999			1221	99.599998474		
1583.7	1.366700053		0.055930998			1222	99.599998474		
1585.1	1.36619997		0.055893999			1223	99.5		
1586.6	1.366099954		0.055844001			1223.9	99.5		
1588	1.366400003		0.055787001			1224.9	99.599998474		
1589.5	1.366299987		0.057606999			1225.9	99.5		
1590.9	1.365800023		0.057569999			1226.8	99.5		
1592.4	1.36559999		0.057521001			1227.8	99.5		
1593.8	1.366000056		0.057461999			1228.7	99.5		
1595.2	1.365800023		0.059280999			1229.7	99.5		
1596.7	1.365100026		0.059243001			1230.7	99.5		
1598.1	1.364899993		0.059195999			1231.6	99.5		
1599.6	1.364899993		0.059142001			1232.6	99.5		
1601	1.365300059		0.059080001			1233.6	99.5		
1602.5	1.365300059		0.060888998			1234.5	100		
1603.9	1.36469996		0.060848001			1235.5	99.400001526		
1605.4	1.36469996		0.060795002			1236.5	99.5		
1606.8	1.365100026		0.060731001			1237.4	99.5		
1608.3	1.36500001		0.062535003			1238.4	99.5		
1609.7	1.364599943		0.062490001			1239.4	99.5		
1611.2	1.364899993		0.062428001			1240.3	99.5		
1612.6	1.36469996		0.064230002			1241.3	99.5		
1614.1	1.364400029		0.064181998			1242.2	99.400001526		
1615.5	1.363499999		0.066005997			1243.2	99.400001526		
1616.9	1.363999963		0.062229			1244.2	99.400001526		
1618.4	1.365300059		0.065837003			1245.1	99.400001526		
1619.8	1.364599943		0.067652002			1246.1	99.400001526		
1621.3	1.363999963		0.067607999			1247.1	99.400001526		
1622.7	1.363299966		0.069422998			1248	99.400001526		
1624.2	1.363399982		0.067506999			1249	99.400001526		
1625.6	1.363399982		0.071148999			1250	99.400001526		
1627.1	1.362300038		0.071120001			1250.9	99.400001526		
1628.5	1.362200022		0.071061999			1251.9	99.400001526		
1630	1.361999989		0.072853997			1252.9	99.400001526		
1631.4	1.360900044		0.074680001			1253.8	99.400001526		
1632.9	1.359599948		0.074656002			1254.8	99.400001526		
1634.3	1.358999968		0.074611001			1255.8	99.400001526		
1635.8	1.358899951		0.074546002			1256.7	99.400001526		
1637.2	1.358800054		0.076337002			1257.7	99.400001526		
1638.6	1.35769999		0.078160003			1258.6	99.400001526		
1640.1	1.356699944		0.078125998			1259.6	99.400001526		
1641.5	1.355700016		0.079949997			1260.6	99.400001526		
1643	1.354400039		0.079921998			1261.5	99.400001526		
1644.4	1.352800012		0.081766002			1262.5	99.400001526		
1645.9	1.351699948		0.079874001			1263.5	99.400001526		
1647.3	1.351099968		0.081683002			1264.4	99.400001526		
1648.8	1.35010004		0.081648			1265.4	99.300003052		
1650.2	1.34860003		0.083486997			1266.4	99.300003052		
1651.7	1.346300006		0.083495997			1267.3	99.300003052		
1653.1	1.346099973		0.079709999			1268.3	99.300003052		
1654.6	1.346300006		0.083350003			1269.3	99.300003052		
1656	1.344900012		0.083324			1270.2	99.300003052		
1657.5	1.343500018		0.085161999			1271.2	99.300003052		
1658.9	1.341500044		0.085156001			1272.1	99.300003052		
1660.3	1.3398		0.085141003			1273.1	99.300003052		
1661.8	1.338000059		0.085128002			1274.1	99.300003052		
1663.2	1.337100029		0.083218999			1275	99.300003052		
1664.7	1.336199999		0.085037			1276	99.300003052		
1666.1	1.334400058		0.085023999			1277	99.300003052		
1667.6	1.332399964		0.085014999			1277.9	99.300003052		
1669	1.33099997		0.083122			1278.9	99.300003052		
1670.5	1.330299973		0.083072998			1279.9	99.199996948		
1671.9	1.329100013		0.083033003			1280.8	99.300003052		
1673.4	1.327800035		0.083001003			1281.8	99.199996948		
1674.8	1.326099992		0.082979999			1282.8	99.199996948		
1676.3	1.324900031		0.081083			1283.7	99.199996948		
1677.7	1.324200034		0.081032999			1284.7	99.199996948		
1679.2	1.322999954		0.080991998			1285.6	99.199996948		
1680.6	1.32159996		0.080959998			1286.6	99.199996948		
1682	1.319700003		0.080941997			1287.6	99.199996948		
1683.5	1.317700028		0.079063997			1288.5	99.199996948		
1684.9	1.317999959		0.075282998			1289.5	99.199996948		
1686.4	1.317600012		0.078929998			1290.5	99.199996948		
1687.8	1.315600038		0.077055			1291.4	99.199996948		
1689.3	1.314200044		0.077018999			1292.4	99.199996948		
1690.7	1.312999964		0.075129002			1293.4	99.199996948		
1692.2	1.312100053		0.075083002			1294.3	99.199996948		
1693.6	1.310099959		0.075057			1295.3	99.199996948		
1695.1	1.307899952		0.073188998			1296.3	99.199996948		
1696.5	1.308200002		0.067593001			1297.2	99.099998474		
1698	1.308200002		0.071209997			1298.2	99.099998474		
1699.4	1.305999994		0.069343001			1299.2	99.099998474		
1700.9	1.305899978		0.065613002			1300.1	99.099998474		
1702.3	1.305600047		0.067391999			1301.1	99.199996948		
1703.7	1.304100037		0.065520003			1302	99.099998474		
1705.2	1.303599954		0.063639			1303	99.099998474		
1706.6	1.302899957		0.063589998			1304	99.099998474		
1708.1	1.302000046		0.061717998			1304.9	99.099998474		
1709.5	1.300999999		0.061673			1305.9	99.099998474		
1711	1.299700022		0.059806999			1306.9	99.099998474		
1712.4	1.298799992		0.057941001			1307.8	99.099998474		
1713.9	1.297999978		0.056076001			1308.8	99.099998474		
1715.3	1.297399998		0.054217			1309.8	99.099998474		
1716.8	1.296800017		0.052361			1310.7	99.099998474		
1718.2	1.297099948		0.048705999			1311.7	99.099998474		
1719.7	1.297600031		0.048663002			1312.7	99.099998474		
1721.1	1.297299981		0.046822999			1313.6	99.099998474		
1722.6	1.297399998		0.044989001			1314.6	99.099998474		
1724	1.297999978		0.043164			1315.5	99.099998474		
1725.4	1.298099995		0.043125998			1316.5	99		
1726.9	1.297700047		0.041304			1317.5	99		
1728.3	1.297799945		0.039489001			1318.4	99		
1729.8	1.298099995		0.037682999			1319.4	99		
1731.2	1.298900008		0.035886999			1320.4	99		
1732.7	1.299000025		0.035856999			1321.3	99		
1734.1	1.299700022		0.032310002			1322.3	99		
1735.6	1.300999999		0.032297			1323.3	99		
1737	1.301100016		0.032269001			1324.2	99		
1738.5	1.301200032		0.030491			1325.2	99		
1739.9	1.301900029		0.028728001			1326.2	99		
1741.4	1.302399993		0.02871			1327.1	99		
1742.8	1.302700043		0.026949			1328.1	99		
1744.3	1.303599954		0.025204999			1329.1	98.900001526		
1745.7	1.304399967		0.025195001			1330	99		
1747.2	1.305099964		0.023456			1331	99		
1748.6	1.305699944		0.023446999			1331.9	99		
1750	1.306300044		0.021714			1332.9	99		
1751.5	1.307800055		0.020008			1333.9	98.900001526		
1752.9	1.308599949		0.021717001			1334.8	98.900001526		
1754.4	1.308899999		0.019993			1335.8	98.900001526		
1755.8	1.309399962		0.019985			1336.8	98.900001526		
1757.3	1.310099959		0.018277001			1337.7	98.900001526		
1758.7	1.311100006		0.018278999			1338.7	98.900001526		
1760.2	1.311400056		0.018268			1339.7	98.900001526		
1761.6	1.312000036		0.016569			1340.6	98.900001526		
1763.1	1.312899947		0.016573001			1341.6	98.900001526		
1764.5	1.31309998		0.016564			1342.6	98.900001526		
1766	1.313699961		0.014874			1343.5	98.900001526		
1767.4	1.314299941		0.014876			1344.5	99		
1768.9	1.315199971		0.013201			1345.4	98.900001526		
1770.3	1.316300035		0.013214			1346.4	98.900001526		
1771.7	1.316900015		0.013216			1347.4	98.900001526		
1773.2	1.317999959		0.011558			1348.3	98.900001526		
1774.6	1.318699956		0.013231			1349.3	98.900001526		
1776.1	1.319100022		0.011562			1350.3	98.800003052		
1777.5	1.32009995		0.011574			1351.2	98.800003052		
1779	1.320799947		0.01158			1352.2	98.800003052		
1780.4	1.321400046		0.011582			1353.2	98.800003052		
1781.9	1.321799994		0.01158			1354.1	98.800003052		
1783.3	1.321799994		0.011572			1355.1	98.800003052		
1784.8	1.322299957		0.0099231			1356.1	98.800003052		
1786.2	1.323300004		0.0099369			1357	98.800003052		
1787.7	1.324000001		0.0099422			1358	98.800003052		
1789.1	1.324399948		0.0099436			1358.9	98.800003052		
1790.6	1.324599981		0.0099379			1359.9	98.800003052		
1792	1.325099945		0.0083045			1360.9	98.800003052		
1793.4	1.326200008		0.0083212			1361.8	98.800003052		
1794.9	1.327000022		0.0083307			1362.8	98.800003052		
1796.3	1.327600002		0.0083379			1363.8	98.800003052		
1797.8	1.328099966		0.0083419			1364.7	98.800003052		
1799.2	1.328500032		0.0083436			1365.7	98.699996948		
1800.7	1.328600049		0.0083407			1366.7	98.800003052		
1802.1	1.329399943		0.006729			1367.6	98.699996948		
1803.6	1.330000043		0.008356			1368.6	98.699996948		
1805	1.330199957		0.0067364			1369.6	98.699996948		
1806.5	1.331099987		0.0067512			1370.5	98.699996948		
1807.9	1.331799984		0.00676			1371.5	98.699996948		
1809.4	1.332299948		0.0067676			1372.5	98.699996948		
1810.8	1.332800031		0.0067729			1373.4	98.699996948		
1812.3	1.333299994		0.0067769			1374.4	98.699996948		
1813.7	1.333600044		0.00678			1375.3	98.699996948		
1815.1	1.333899975		0.0067807			1376.3	98.699996948		
1816.6	1.333899975		0.0067755			1377.3	98.699996948		
1818	1.334400058		0.0051817			1378.2	98.699996948		
1819.5	1.335399985		0.0052			1379.2	98.699996948		
1820.9	1.336099982		0.005211			1380.2	98.699996948		
1822.4	1.336699963		0.0052203			1381.1	98.699996948		
1823.8	1.337299943		0.0052286			1382.1	98.699996948		
1825.3	1.337800026		0.005237			1383.1	98.699996948		
1826.7	1.33829999		0.0052434			1384	98.699996948		
1828.2	1.338799953		0.0052501			1385	98.699996948		
1829.6	1.33920002		0.0052558			1386	98.699996948		
1831.1	1.339699984		0.0052608			1386.9	98.699996948		
1832.5	1.34010005		0.0052665			1387.9	98.699996948		
1834	1.340499997		0.0052711			1388.8	98.599998474		
1835.4	1.340800047		0.0052751			1389.8	98.599998474		
1836.8	1.341199994		0.0052778			1390.8	98.599998474		
1838.3	1.341500044		0.0052809			1391.7	98.599998474		
1839.7	1.341699958		0.0052809			1392.7	98.599998474		
1841.2	1.341599941		0.0052766			1393.7	98.599998474		
1842.6	1.342000008		0.0037142			1394.6	98.599998474		
1844.1	1.343000054		0.0037311			1395.6	98.599998474		
1845.5	1.343600035		0.0037426			1396.6	98.599998474		
1847	1.344200015		0.0037533			1397.5	98.599998474		
1848.4	1.344799995		0.0037619			1398.5	98.599998474		
1849.9	1.345299959		0.0037693			1399.5	98.599998474		
1851.3	1.345800042		0.0037779			1400.4	98.599998474		
1852.8	1.346199989		0.0037845			1401.4	98.5		
1854.2	1.346699953		0.0037924			1402.3	98.599998474		
1855.7	1.347100019		0.0037984			1403.3	98.5		
1857.1	1.347599983		0.0038055			1404.3	98.5		
1858.5	1.34800005		0.003811			1405.2	98.5		
1860	1.348399997		0.003817			1406.2	98.599998474		
1861.4	1.348799944		0.0038229			1407.2	98.5		
1862.9	1.34920001		0.0038279			1408.1	98.5		
1864.3	1.349599957		0.0038332			1409.1	98.5		
1865.8	1.349900007		0.0038363			1410.1	98.5		
1867.2	1.350000024		0.0038365			1411	98.5		
1868.7	1.350600004		0.0023116			1412	98.5		
1870.1	1.351999998		0.0023385			1413	98.5		
1871.6	1.352699995		0.0038797			1413.9	98.5		
1873	1.352699995		0.0038794			1414.9	98.5		
1874.5	1.353000045		0.0038821			1415.9	98.5		
1875.9	1.353299975		0.0038861			1416.8	98.5		
1877.4	1.353700042		0.0038902			1417.8	98.5		
1878.8	1.354099989		0.0038956			1418.7	98.5		
1880.2	1.354400039		0.0039002			1419.7	98.599998474		
1881.7	1.354799986		0.003904			1420.7	98.5		
1883.1	1.355200052		0.0039085			1421.6	98.400001526		
1884.6	1.355499983		0.003913			1422.6	98.400001526		
1886	1.355900049		0.0039183			1423.6	98.400001526		
1887.5	1.356299996		0.0039216			1424.5	98.400001526		
1888.9	1.356600046		0.0039254			1425.5	98.400001526		
1890.4	1.356899977		0.0039293			1426.5	98.400001526		
1891.8	1.357200027		0.0039326			1427.4	98.400001526		
1893.3	1.357499957		0.0039357			1428.4	98.400001526		
1894.7	1.35769999		0.0039371			1429.4	98.400001526		
1896.2	1.35769999		0.003935			1430.3	98.400001526		
1897.6	1.358100057		0.0024368			1431.3	98.400001526		
1899.1	1.359099984		0.0024525			1432.3	98.400001526		
1900.5	1.359799981		0.0024632			1433.2	98.400001526		
1901.9	1.360399961		0.0024735			1434.2	98.400001526		
1903.4	1.360900044		0.0024821			1435.1	98.400001526		
1904.8	1.361500025		0.0024904			1436.1	98.400001526		
1906.3	1.361999989		0.0024987			1437.1	98.5		
1907.7	1.362599969		0.0025066			1438	98.300003052		
1909.2	1.363100052		0.002515			1439	98.400001526		
1910.6	1.363600016		0.0025223			1440	98.400001526		
1912.1	1.364099979		0.0025302			1440.9	98.300003052		
1913.5	1.36469996		0.0025374			1441.9	98.300003052		
1915	1.365200043		0.002545			1442.9	98.300003052		
1916.4	1.365700006		0.0025519			1443.8	98.300003052		
1917.9	1.36619997		0.0025591			1444.8	98.300003052		
1919.3	1.366799951		0.0025674			1445.8	98.300003052		
1920.8	1.367300034		0.0025746			1446.7	98.300003052		
1922.2	1.367900014		0.0025815			1447.7	98.300003052		
1923.7	1.368399978		0.0025889			1448.6	98.300003052		
1925.1	1.368899941		0.0025958			1449.6	98.300003052		
1926.5	1.369500041		0.0026032			1450.6	98.300003052		
1928	1.370000005		0.0026106			1451.5	98.300003052		
1929.4	1.370599985		0.002617			1452.5	98.300003052		
1930.9	1.371199965		0.0026244			1453.5	98.199996948		
1932.3	1.371700048		0.0026315			1454.4	98.199996948		
1933.8	1.372300029		0.0026382			1455.4	98.300003052		
1935.2	1.372799993		0.0026437			1456.4	98.300003052		
1936.7	1.373100042		0.0026482			1457.3	98.400001526		
1938.1	1.374199986		0.001207			1458.3	98.300003052		
1939.6	1.37530005		0.0026742			1459.3	98.199996948		
1941	1.37559998		0.0026778			1460.2	98.199996948		
1942.5	1.376099944		0.0026823			1461.2	98.199996948		
1943.9	1.376399994		0.0026861			1462.1	98.199996948		
1945.4	1.377300024		0.0012497			1463.1	98.199996948		
1946.8	1.378900051		0.0012699			1464.1	98.199996948		
1948.2	1.379799962		0.0027224			1465	98.300003052		
1949.7	1.380200028		0.0027262			1466	98.199996948		
1951.1	1.380699992		0.0027314			1467	98.199996948		
1952.6	1.381199956		0.0027357			1467.9	98.199996948		
1954	1.382400036		0.0013129			1468.9	98.099998474		
1955.5	1.383599997		0.0027589			1469.9	98.199996948		
1956.9	1.384199977		0.0027636			1470.8	98.199996948		
1958.4	1.384899974		0.0027698			1471.8	98.199996948		
1959.8	1.385699987		0.0027772			1472.8	98.199996948		
1961.3	1.386600018		0.0027841			1473.7	98.199996948		
1962.7	1.387500048		0.0027906			1474.7	98.099998474		
1964.2	1.388399959		0.0027975			1475.7	98.099998474		
1965.6	1.389299989		0.0028046			1476.6	98.199996948		
1967.1	1.390100002		0.0028096			1477.6	98.099998474		
1968.5	1.391600013		0.0014042			1478.5	98.099998474		
1969.9	1.393100023		0.0028299			1479.5	98.099998474		
1971.4	1.394000053		0.0028356			1480.5	98.099998474		
1972.8	1.395200014		0.0028421			1481.4	98.099998474		
1974.3	1.396399975		0.0028478			1482.4	98.099998474		
1975.7	1.397699952		0.0028547			1483.4	98.099998474		
1977.2	1.399099946		0.0028607			1484.3	98.099998474		
1978.6	1.400699973		0.0028669			1485.3	98.099998474		
1980.1	1.40260005		0.0028728			1486.3	98		
1981.5	1.404099941		0.0042747			1487.2	98		
1983	1.405400038		0.0042762			1488.2	98		
1984.4	1.407199979		0.0042764			1489.2	98		
1985.9	1.408900023		0.005669			1490.1	98.099998474		
1987.3	1.41050005		0.0056657			1491.1	98		
1988.8	1.412199974		0.0070509			1492	98		
1990.2	1.413200021		0.0084361			1493	98		
1991.6	1.414399981		0.0084273			1494	98		
1993.1	1.415400028		0.0098065			1494.9	98		
1994.5	1.416200042		0.0097972			1495.9	98		
1996	1.417000055		0.0097874			1496.9	98.099998474		
1997.4	1.418300033		0.0083905			1497.8	97.900001526		
1998.9	1.420600057		0.0069953			1498.8	98		
2000.3	1.423099995		0.0069774			1499.8	97.900001526		
2001.8	1.425999999		0.0055856			1500.7	97.900001526		
2003.2	1.429499984		0.0055598			1501.7	97.900001526		
2004.7	1.432999969		0.005529			1502.7	97.900001526		
2006.1	1.436800003		0.0054923			1503.6	97.900001526		
2007.6	1.441100001		0.0054446			1504.6	97.900001526		
2009	1.4454		0.0067407			1505.5	97.900001526		
2010.5	1.449900031		0.0066737			1506.5	97.900001526		
2011.9	1.45480001		0.0079364			1507.5	98		
2013.3	1.460199952		0.0078334			1508.4	97.900001526		
2014.8	1.466400027		0.0090364			1509.4	97.800003052		
2016.2	1.47329998		0.010202			1510.4	97.900001526		
2017.7	1.480800033		0.012652			1511.3	97.800003052		
2019.1	1.488800049		0.015048			1512.3	97.800003052		
2020.6	1.497599959		0.018701			1513.3	97.800003052		
2022	1.507400036		0.022258			1514.2	97.800003052		
2023.5	1.51820004		0.028351			1515.2	97.800003052		
2024.9	1.529500008		0.035672002			1516.2	97.800003052		
2026.4	1.542000055		0.044176001			1517.1	97.800003052		
2027.8	1.555299997		0.056561999			1518.1	97.800003052		
2029.3	1.568899989		0.071594			1519.1	97.699996948		
2030.7	1.582000017		0.092219003			1520	97.800003052		
2032.2	1.593500018		0.116060004			1521	97.800003052		
2033.6	1.602399945		0.146449998			1521.9	97.800003052		
2035	1.606600046		0.181400001			1522.9	97.800003052		
2036.5	1.604900002		0.220180005			1523.9	97.699996948		
2037.9	1.595600009		0.261999995			1524.8	97.699996948		
2039.4	1.578799963		0.302159995			1525.8	97.699996948		
2040.8	1.554299951		0.342260003			1526.8	97.699996948		
2042.3	1.522099972		0.37845999			1527.7	97.699996948		
2043.7	1.48210001		0.410219997			1528.7	97.699996948		
2045.2	1.434700012		0.434920013			1529.7	97.699996948		
2046.6	1.382099986		0.447129995			1530.6	97.599998474		
2048.1	1.327999949		0.44709			1531.6	97.599998474		
2049.5	1.275200009		0.435689986			1532.6	97.599998474		
2051	1.226400018		0.411989987			1533.5	97.699996948		
2052.4	1.183899999		0.379750013			1534.5	97.699996948		
2053.9	1.14989996		0.338979989			1535.4	97.599998474		
2055.3	1.125699997		0.294340014			1536.4	97.599998474		
2056.7	1.111600041		0.248769999			1537.4	97.599998474		
2058.2	1.10679996		0.20521			1538.3	97.599998474		
2059.6	1.108500004		0.168229997			1539.3	97.699996948		
2061.1	1.114799976		0.134159997			1540.3	97.599998474		
2062.5	1.125200033		0.104910001			1541.2	97.599998474		
2064	1.138700008		0.080346003			1542.2	97.599998474		
2065.4	1.153699994		0.061873998			1543.2	97.5		
2066.9	1.168799996		0.047385			1544.1	97.5		
2068.3	1.183699965		0.036596999			1545.1	97.5		
2069.8	1.197900057		0.02925			1546.1	97.5		
2071.2	1.210500002		0.025118999			1547	97.5		
2072.7	1.221199989		0.022502			1548	97.5		
2074.1	1.230700016		0.019853			1549	97.5		
2075.6	1.239199996		0.018701			1549.9	97.400001526		
2077	1.246799946		0.017508			1550.9	97.5		
2078.4	1.253299952		0.017771			1551.8	97.400001526		
2079.9	1.25849998		0.017965			1552.8	97.400001526		
2081.3	1.263399959		0.016657			1553.8	97.400001526		
2082.8	1.268100023		0.016825			1554.7	97.5		
2084.2	1.272099972		0.016956			1555.7	97.400001526		
2085.7	1.275300026		0.017058			1556.7	97.400001526		
2087.1	1.278599977		0.015699999			1557.6	97.400001526		
2088.6	1.282099962		0.015807999			1558.6	97.5		
2090	1.284999967		0.015892999			1559.6	97.400001526		
2091.5	1.287400007		0.015958			1560.5	97.5		
2092.9	1.290199995		0.014594			1561.5	97.300003052		
2094.4	1.292600036		0.016097			1562.5	97.300003052		
2095.8	1.294499993		0.01471			1563.4	97.300003052		
2097.3	1.297000051		0.014773			1564.4	97.300003052		
2098.7	1.299100041		0.014826			1565.3	97.300003052		
2100.1	1.301100016		0.014872			1566.3	97.199996948		
2101.6	1.302899957		0.014912			1567.3	97.199996948		
2103	1.3046		0.014949			1568.2	97.199996948		
2104.5	1.306200027		0.014983			1569.2	97.199996948		
2105.9	1.307700038		0.015013			1570.2	97.300003052		
2107.4	1.309100032		0.015041			1571.1	97.199996948		
2108.8	1.310500026		0.015066			1572.1	97.199996948		
2110.3	1.311800003		0.015089			1573.1	97.199996948		
2111.7	1.31309998		0.015111			1574	97.199996948		
2113.2	1.314299941		0.01513			1575	97.099998474		
2114.6	1.315400004		0.015148			1576	97.199996948		
2116.1	1.316599965		0.015164			1576.9	97.199996948		
2117.5	1.317600012		0.01518			1577.9	97.099998474		
2119	1.318699956		0.015194			1578.8	97.099998474		
2120.4	1.319700003		0.015209			1579.8	97.099998474		
2121.9	1.320799947		0.015222			1580.8	97.099998474		
2123.3	1.321799994		0.015234			1581.7	97.099998474		
2124.7	1.322900057		0.015248			1582.7	97.099998474		
2126.2	1.324200034		0.015266			1583.7	97		
2127.6	1.325000048		0.016659001			1584.6	97		
2129.1	1.325299978		0.016655			1585.6	97		
2130.5	1.325899959		0.016655			1586.6	97		
2132	1.326500058		0.016656			1587.5	97		
2133.4	1.327200055		0.016658001			1588.5	96.900001526		
2134.9	1.327800035		0.016659999			1589.5	96.900001526		
2136.3	1.328500032		0.016662			1590.4	96.900001526		
2137.8	1.329200029		0.016665			1591.4	96.900001526		
2139.2	1.330000043		0.016669			1592.4	96.900001526		
2140.7	1.33099997		0.016677			1593.3	96.900001526		
2142.1	1.331599951		0.018048			1594.3	96.900001526		
2143.6	1.331699967		0.018038001			1595.2	96.800003052		
2145	1.332000017		0.018031999			1596.2	96.900001526		
2146.4	1.332399964		0.018027			1597.2	96.800003052		
2147.9	1.332900047		0.018022999			1598.1	96.800003052		
2149.3	1.333400011		0.018019			1599.1	96.800003052		
2150.8	1.333899975		0.018015999			1600.1	96.800003052		
2152.2	1.334499955		0.018014999			1601	96.800003052		
2153.7	1.335299969		0.018017			1602	96.699996948		
2155.1	1.335700035		0.019374			1603	96.699996948		
2156.6	1.335700035		0.01936			1603.9	96.699996948		
2158	1.335899949		0.01935			1604.9	96.699996948		
2159.5	1.336099982		0.019343			1605.9	96.699996948		
2160.9	1.336400032		0.019335			1606.8	96.699996948		
2162.4	1.336799979		0.019327			1607.8	96.599998474		
2163.8	1.337200046		0.01932			1608.7	96.599998474		
2165.3	1.337700009		0.019315001			1609.7	96.599998474		
2166.7	1.338400006		0.019313			1610.7	96.599998474		
2168.1	1.338600039		0.020656999			1611.6	96.5		
2169.6	1.338500023		0.020641999			1612.6	96.5		
2171	1.338500023		0.020629			1613.6	96.5		
2172.5	1.338700056		0.020617999			1614.5	96.5		
2173.9	1.33889997		0.020606			1615.5	96.400001526		
2175.4	1.339100003		0.020595999			1616.5	96.5		
2176.8	1.339300036		0.020586999			1617.4	96.5		
2178.3	1.339599967		0.020577			1618.4	96.400001526		
2179.7	1.340000033		0.020568			1619.4	96.300003052		
2181.2	1.340600014		0.020563001			1620.3	96.300003052		
2182.6	1.34070003		0.021895999			1621.3	96.300003052		
2184.1	1.340499997		0.021879001			1622.3	96.199996948		
2185.5	1.340399981		0.021864001			1623.2	96.199996948		
2187	1.340399981		0.021849001			1624.2	96.300003052		
2188.4	1.340499997		0.021834999			1625.1	96.199996948		
2189.8	1.340499997		0.021822			1626.1	96.099998474		
2191.3	1.340600014		0.021810001			1627.1	96.099998474		
2192.7	1.34070003		0.021796999			1628	96.099998474		
2194.2	1.340800047		0.021784			1629	96		
2195.6	1.340899944		0.021771001			1630	96		
2197.1	1.340999961		0.021757999			1630.9	96		
2198.5	1.341099977		0.021745			1631.9	95.900001526		
2200	1.341300011		0.021733001			1632.9	95.900001526		
2201.4	1.341400027		0.021721			1633.8	95.900001526		
2202.9	1.341500044		0.021708			1634.8	95.900001526		
2204.3	1.341599941		0.021695999			1635.8	95.900001526		
2205.8	1.341799974		0.021684			1636.7	95.800003052		
2207.2	1.342100024		0.021675			1637.7	95.699996948		
2208.7	1.341799974		0.022985			1638.6	95.699996948		
2210.1	1.341400027		0.021638			1639.6	95.699996948		
2211.5	1.341699958		0.021628			1640.6	95.599998474		
2213	1.341899991		0.021616001			1641.5	95.599998474		
2214.4	1.342000008		0.021604			1642.5	95.599998474		
2215.9	1.342100024		0.021591			1643.5	95.599998474		
2217.3	1.342200041		0.021578999			1644.4	95.5		
2218.8	1.342300057		0.021567			1645.4	95.5		
2220.2	1.342399955		0.021553			1646.4	95.599998474		
2221.7	1.342499971		0.021540999			1647.3	95.5		
2223.1	1.342499971		0.021528			1648.3	95.5		
2224.6	1.342599988		0.021515001			1649.3	95.400001526		
2226	1.342599988		0.021501999			1650.2	95.400001526		
2227.5	1.342700005		0.021489			1651.2	95.400001526		
2228.9	1.342700005		0.021476001			1652.2	95.400001526		
2230.4	1.342700005		0.021462001			1653.1	95.599998474		
2231.8	1.342800021		0.021449			1654.1	95.5		
2233.2	1.342700005		0.021435			1655	95.400001526		
2234.7	1.342700005		0.021421			1656	95.400001526		
2236.1	1.342599988		0.021407001			1657	95.300003052		
2237.6	1.342499971		0.021391001			1657.9	95.300003052		
2239	1.342100024		0.021373			1658.9	95.300003052		
2240.5	1.342200041		0.020052999			1659.9	95.300003052		
2241.9	1.342700005		0.020047			1660.8	95.300003052		
2243.4	1.342900038		0.020037999			1661.8	95.300003052		
2244.8	1.343099952		0.020027			1662.8	95.400001526		
2246.3	1.343199968		0.020017			1663.7	95.400001526		
2247.7	1.343299985		0.020005999			1664.7	95.300003052		
2249.2	1.343299985		0.019993			1665.7	95.300003052		
2250.6	1.343299985		0.019981001			1666.6	95.300003052		
2252.1	1.343199968		0.019966999			1667.6	95.300003052		
2253.5	1.342900038		0.019950001			1668.5	95.400001526		
2254.9	1.343000054		0.018642999			1669.5	95.400001526		
2256.4	1.343500018		0.018639			1670.5	95.400001526		
2257.8	1.343799949		0.018632			1671.4	95.400001526		
2259.3	1.343999982		0.018622			1672.4	95.400001526		
2260.7	1.344200015		0.018614			1673.4	95.400001526		
2262.2	1.344300032		0.018603999			1674.3	95.400001526		
2263.6	1.344400048		0.018594			1675.3	95.5		
2265.1	1.344499946		0.018583			1676.3	95.5		
2266.5	1.344499946		0.018572999			1677.2	95.400001526		
2268	1.344400048		0.018561			1678.2	95.5		
2269.4	1.344200015		0.018546			1679.2	95.5		
2270.9	1.344599962		0.017255001			1680.1	95.5		
2272.3	1.344699979		0.018529			1681.1	95.5		
2273.8	1.344499946		0.017233999			1682	95.5		
2275.2	1.345000029		0.01723			1683	95.599998474		
2276.6	1.345199943		0.017223001			1684	95.599998474		
2278.1	1.345399976		0.017215			1684.9	95.800003052		
2279.5	1.345499992		0.017206			1685.9	95.699996948		
2281	1.345600009		0.017197			1686.9	95.599998474		
2282.4	1.345600009		0.017186999			1687.8	95.699996948		
2283.9	1.345600009		0.017176			1688.8	95.699996948		
2285.3	1.345299959		0.017162001			1689.8	95.699996948		
2286.8	1.345399976		0.015882			1690.7	95.800003052		
2288.2	1.345999956		0.015881			1691.7	95.800003052		
2289.7	1.346300006		0.015876001			1692.7	95.800003052		
2291.1	1.346500039		0.015869999			1693.6	95.800003052		
2292.6	1.346699953		0.015862999			1694.6	95.900001526		
2294	1.34679997		0.015856			1695.6	96		
2295.5	1.346899986		0.015848			1696.5	96.199996948		
2296.9	1.347000003		0.015838999			1697.5	96		
2298.4	1.347000003		0.015830001			1698.4	96.099998474		
2299.8	1.34679997		0.015815999			1699.4	96.099998474		
2301.2	1.346899986		0.01455			1700.4	96.300003052		
2302.7	1.347499967		0.01455			1701.3	96.300003052		
2304.1	1.347800016		0.014547			1702.3	96.199996948		
2305.6	1.348099947		0.014543			1703.3	96.199996948		
2307	1.34829998		0.014538			1704.2	96.300003052		
2308.5	1.34860003		0.014532			1705.2	96.400001526		
2309.9	1.348700047		0.014527			1706.2	96.400001526		
2311.4	1.348899961		0.014521			1707.1	96.5		
2312.8	1.349099994		0.014515			1708.1	96.5		
2314.3	1.34920001		0.014508			1709.1	96.5		
2315.7	1.349300027		0.014502			1710	96.599998474		
2317.2	1.349400043		0.014495			1711	96.599998474		
2318.6	1.349499941		0.014488			1711.9	96.699996948		
2320.1	1.349599957		0.014481			1712.9	96.800003052		
2321.5	1.349599957		0.014473			1713.9	96.800003052		
2322.9	1.349599957		0.014464			1714.8	96.900001526		
2324.4	1.349300027		0.014452			1715.8	97		
2325.8	1.349499941		0.013203			1716.8	97		
2327.3	1.350000024		0.013204			1717.7	97.199996948		
2328.7	1.350399971		0.013202			1718.7	97.199996948		
2330.2	1.350600004		0.013198			1719.7	97.199996948		
2331.6	1.350900054		0.013194			1720.6	97.199996948		
2333.1	1.351099968		0.013189			1721.6	97.300003052		
2334.5	1.351199985		0.013186			1722.6	97.400001526		
2336	1.351400018		0.01318			1723.5	97.400001526		
2337.4	1.351600051		0.013175			1724.5	97.5		
2338.9	1.351699948		0.01317			1725.4	97.5		
2340.3	1.351799965		0.013164			1726.4	97.599998474		
2341.8	1.351999998		0.013159			1727.4	97.599998474		
2343.2	1.352100015		0.013153			1728.3	97.699996948		
2344.6	1.352100015		0.013147			1729.3	97.800003052		
2346.1	1.352200031		0.01314			1730.3	97.800003052		
2347.5	1.352200031		0.013134			1731.2	97.900001526		
2349	1.352200031		0.013125			1732.2	97.900001526		
2350.4	1.351899981		0.013114			1733.2	98		
2351.9	1.352100015		0.011884			1734.1	98.099998474		
2353.3	1.352599978		0.011886			1735.1	98.199996948		
2354.8	1.353000045		0.011885			1736.1	98.099998474		
2356.2	1.353199959		0.011882			1737	98.099998474		
2357.7	1.353399992		0.011878			1738	98.199996948		
2359.1	1.353600025		0.011876			1739	98.199996948		
2360.6	1.353800058		0.011871			1739.9	98.300003052		
2362	1.353999972		0.011867			1740.9	98.400001526		
2363.5	1.354099989		0.011863			1741.8	98.400001526		
2364.9	1.354300022		0.011859			1742.8	98.400001526		
2366.3	1.354400039		0.011855			1743.8	98.5		
2367.8	1.354500055		0.011849			1744.7	98.5		
2369.2	1.354500055		0.011844			1745.7	98.5		
2370.7	1.354599953		0.011838			1746.7	98.599998474		
2372.1	1.354599953		0.011831			1747.6	98.599998474		
2373.6	1.354300022		0.011821			1748.6	98.599998474		
2375	1.354500055		0.010608			1749.6	98.699996948		
2376.5	1.355000019		0.010611			1750.5	98.699996948		
2377.9	1.355399966		0.010611			1751.5	98.800003052		
2379.4	1.355700016		0.01061			1752.5	98.800003052		
2380.8	1.355900049		0.010608			1753.4	98.800003052		
2382.3	1.356099963		0.010606			1754.4	98.800003052		
2383.7	1.356299996		0.010603			1755.3	98.800003052		
2385.2	1.35650003		0.0106			1756.3	98.800003052		
2386.6	1.356699944		0.010597			1757.3	98.900001526		
2388	1.35679996		0.010594			1758.2	98.900001526		
2389.5	1.356999993		0.010591			1759.2	98.900001526		
2390.9	1.35710001		0.010587			1760.2	98.900001526		
2392.4	1.357300043		0.010584			1761.1	99		
2393.8	1.35739994		0.01058			1762.1	99.099998474		
2395.3	1.357499957		0.010576			1763.1	99		
2396.7	1.357599974		0.010572			1764	99		
2398.2	1.357599974		0.010567			1765	99.099998474		
2399.6	1.357599974		0.010561			1766	99.099998474		
2401.1	1.35739994		0.010552			1766.9	99.099998474		
2402.5	1.357599974		0.0093583			1767.9	99.099998474		
2404	1.358100057		0.0093631			1768.9	99.199996948		
2405.4	1.358500004		0.0093638			1769.8	99.199996948		
2406.9	1.358899951		0.009364			1770.8	99.199996948		
2408.3	1.359300017		0.0093666			1771.7	99.199996948		
2409.7	1.359099984		0.010546			1772.7	99.300003052		
2411.2	1.358999968		0.0093518			1773.7	99.199996948		
2412.6	1.359400034		0.0093533			1774.6	99.199996948		
2414.1	1.359599948		0.0093518			1775.6	99.199996948		
2415.5	1.359799981		0.0093507			1776.6	99.300003052		
2417	1.360000014		0.0093485			1777.5	99.300003052		
2418.4	1.360200047		0.0093468			1778.5	99.300003052		
2419.9	1.360399961		0.0093447			1779.5	99.300003052		
2421.3	1.360499978		0.0093426			1780.4	99.300003052		
2422.8	1.360700011		0.0093404			1781.4	99.300003052		
2424.2	1.360800028		0.0093373			1782.4	99.300003052		
2425.7	1.360999942		0.0093349			1783.3	99.300003052		
2427.1	1.361099958		0.0093323			1784.3	99.400001526		
2428.6	1.361199975		0.0093292			1785.2	99.400001526		
2430	1.361299992		0.0093263			1786.2	99.400001526		
2431.4	1.361400008		0.0093223			1787.2	99.400001526		
2432.9	1.361500025		0.0093185			1788.1	99.400001526		
2434.3	1.361500025		0.0093147			1789.1	99.400001526		
2435.8	1.361299992		0.0093077			1790.1	99.400001526		
2437.2	1.361700058		0.0081385			1791	99.5		
2438.7	1.361799955		0.0093061			1792	99.5		
2440.1	1.361799955		0.0081328			1793	99.5		
2441.6	1.362300038		0.0081366			1793.9	99.5		
2443	1.362599969		0.0081373			1794.9	99.5		
2444.5	1.362900019		0.0081371			1795.9	99.5		
2445.9	1.363100052		0.0081369			1796.8	99.5		
2447.4	1.363299966		0.0081359			1797.8	99.5		
2448.8	1.363499999		0.0081352			1798.8	99.5		
2450.3	1.363700032		0.0081338			1799.7	99.599998474		
2451.7	1.363899946		0.0081321			1800.7	99.5		
2453.1	1.363999963		0.0081314			1801.6	99.5		
2454.6	1.364199996		0.0081292			1802.6	99.599998474		
2456	1.364300013		0.0081278			1803.6	99.5		
2457.5	1.364500046		0.0081257			1804.5	99.5		
2458.9	1.364599943		0.0081238			1805.5	99.599998474		
2460.4	1.36469996		0.0081211			1806.5	99.599998474		
2461.8	1.364799976		0.0081187			1807.4	99.599998474		
2463.3	1.36469996		0.0081135			1808.4	99.599998474		
2464.7	1.365200043		0.0069655			1809.4	99.599998474		
2466.2	1.36559999		0.0081195			1810.3	99.599998474		
2467.6	1.365499973		0.008114			1811.3	99.599998474		
2469.1	1.365399957		0.008109			1812.3	99.599998474		
2470.5	1.365200043		0.0081018			1813.2	99.599998474		
2472	1.365399957		0.0069522			1814.2	99.599998474		
2473.4	1.36590004		0.0069565			1815.1	99.599998474		
2474.8	1.36619997		0.0069588			1816.1	99.599998474		
2476.3	1.36650002		0.0069593			1817.1	99.599998474		
2477.7	1.366799951		0.0069598			1818	99.699996948		
2479.2	1.366999984		0.00696			1819	99.599998474		
2480.6	1.367200017		0.0069598			1820	99.599998474		
2482.1	1.36740005		0.0069603			1820.9	99.699996948		
2483.5	1.367599964		0.0069593			1821.9	99.699996948		
2485	1.367799997		0.0069588			1822.9	99.699996948		
2486.4	1.368000031		0.0069581			1823.8	99.699996948		
2487.9	1.368100047		0.0069577			1824.8	99.699996948		
2489.3	1.368299961		0.0069569			1825.8	99.699996948		
2490.8	1.368499994		0.006956			1826.7	99.699996948		
2492.2	1.368600011		0.0069553			1827.7	99.699996948		
2493.7	1.368700027		0.0069536			1828.6	99.699996948		
2495.1	1.368899941		0.0069526			1829.6	99.699996948		
2496.6	1.368999958		0.0069507			1830.6	99.800003052		
2498	1.368999958		0.0069484			1831.5	99.699996948		
2499.4	1.368999958		0.0069438			1832.5	99.699996948		
2500.9	1.369400024		0.0058166			1833.5	99.699996948		
2502.3	1.369699955		0.0069488			1834.4	99.699996948		
2503.8	1.369400024		0.0069412			1835.4	99.699996948		
2505.2	1.369500041		0.0058116			1836.4	99.800003052		
2506.7	1.370000005		0.0058163			1837.3	99.699996948		
2508.1	1.370399952		0.005819			1838.3	99.699996948		
2509.6	1.370700002		0.0058199			1839.3	99.699996948		
2511	1.370900035		0.0058213			1840.2	99.800003052		
2512.5	1.371199965		0.0058225			1841.2	99.699996948		
2513.9	1.371399999		0.0058228			1842.2	99.800003052		
2515.4	1.371600032		0.0058237			1843.1	99.800003052		
2516.8	1.371799946		0.005824			1844.1	99.800003052		
2518.2	1.371999979		0.0058242			1845	99.800003052		
2519.7	1.372200012		0.0058242			1846	99.800003052		
2521.1	1.372400045		0.0058247			1847	99.800003052		
2522.6	1.372599959		0.0058249			1847.9	99.800003052		
2524	1.372799993		0.0058247			1848.9	99.800003052		
2525.5	1.373000026		0.0058247			1849.9	99.800003052		
2526.9	1.373200059		0.0058247			1850.8	99.800003052		
2528.4	1.373299956		0.0058242			1851.8	99.800003052		
2529.8	1.37349999		0.0058244			1852.8	99.800003052		
2531.3	1.373600006		0.0058237			1853.7	99.800003052		
2532.7	1.373800039		0.0058237			1854.7	99.800003052		
2534.2	1.373900056		0.0058223			1855.7	99.800003052		
2535.6	1.373999953		0.0058209			1856.6	99.800003052		
2537.1	1.373900056		0.0058182			1857.6	99.800003052		
2538.5	1.374300003		0.0047129			1858.5	99.800003052		
2540	1.374600053		0.0058223			1859.5	99.800003052		
2541.4	1.374799967		0.0047158			1860.5	99.800003052		
2542.8	1.375		0.0058228			1861.4	99.800003052		
2544.3	1.375200033		0.0047172			1862.4	99.800003052		
2545.7	1.37530005		0.0058213			1863.4	99.800003052		
2547.2	1.37530005		0.0047151			1864.3	99.800003052		
2548.6	1.375800014		0.0047191			1865.3	99.800003052		
2550.1	1.376099944		0.0047213			1866.3	99.800003052		
2551.5	1.376399994		0.0047234			1867.2	99.800003052		
2553	1.376600027		0.0047249			1868.2	99.800003052		
2554.4	1.376899958		0.0047256			1869.2	99.900001526		
2555.9	1.377099991		0.0047272			1870.1	99.900001526		
2557.3	1.377300024		0.0047282			1871.1	99.800003052		
2558.8	1.377599955		0.0047292			1872.1	99.800003052		
2560.2	1.377799988		0.0047301			1873	99.800003052		
2561.7	1.378000021		0.0047308			1874	99.800003052		
2563.1	1.378200054		0.0047318			1874.9	99.800003052		
2564.5	1.378399968		0.0047323			1875.9	99.800003052		
2566	1.378600001		0.004733			1876.9	99.800003052		
2567.4	1.378800035		0.0047334			1877.8	99.800003052		
2568.9	1.378999949		0.0047346			1878.8	99.800003052		
2570.3	1.379199982		0.0047346			1879.8	99.800003052		
2571.8	1.379400015		0.0047354			1880.7	99.800003052		
2573.2	1.379600048		0.0047356			1881.7	99.800003052		
2574.7	1.379799962		0.0047356			1882.7	99.800003052		
2576.1	1.379999995		0.0047365			1883.6	99.800003052		
2577.6	1.380200028		0.004737			1884.6	99.800003052		
2579	1.380300045		0.004737			1885.6	99.800003052		
2580.5	1.380499959		0.0047375			1886.5	99.800003052		
2581.9	1.380699992		0.0047368			1887.5	99.800003052		
2583.4	1.380800009		0.0047368			1888.4	99.800003052		
2584.8	1.380900025		0.0047361			1889.4	99.800003052		
2586.2	1.380800009		0.0047342			1890.4	99.800003052		
2587.7	1.381299973		0.003656			1891.3	99.800003052		
2589.1	1.381700039		0.0047392			1892.3	99.800003052		
2590.6	1.381399989		0.0047351			1893.3	99.800003052		
2592	1.381500006		0.003656			1894.2	99.800003052		
2593.5	1.382099986		0.0036598			1895.2	99.800003052		
2594.9	1.382400036		0.0036632			1896.2	99.800003052		
2596.4	1.382799983		0.0036656			1897.1	99.900001526		
2597.8	1.383000016		0.0036672			1898.1	99.900001526		
2599.3	1.383299947		0.0036689			1899.1	99.900001526		
2600.7	1.383599997		0.0036706			1900	99.900001526		
2602.2	1.38380003		0.003672			1901	99.900001526		
2603.6	1.38409996		0.0036734			1901.9	99.900001526		
2605.1	1.384299994		0.0036751			1902.9	99.900001526		
2606.5	1.384600043		0.0036761			1903.9	99.900001526		
2607.9	1.384799957		0.0036777			1904.8	99.900001526		
2609.4	1.385100007		0.0036787			1905.8	99.900001526		
2610.8	1.38530004		0.0036799			1906.8	99.900001526		
2612.3	1.385499954		0.0036808			1907.7	99.900001526		
2613.7	1.385800004		0.003682			1908.7	99.900001526		
2615.2	1.386000037		0.003683			1909.7	99.900001526		
2616.6	1.386199951		0.0036839			1910.6	99.900001526		
2618.1	1.386399984		0.0036849			1911.6	99.900001526		
2619.5	1.386600018		0.0036858			1912.6	99.900001526		
2621	1.386899948		0.0036863			1913.5	99.900001526		
2622.4	1.387099981		0.0036873			1914.5	99.900001526		
2623.9	1.387300014		0.003688			1915.5	99.900001526		
2625.3	1.387400031		0.0036885			1916.4	99.900001526		
2626.8	1.387599945		0.0036889			1917.4	99.900001526		
2628.2	1.387599945		0.0036882			1918.3	99.900001526		
2629.6	1.388200045		0.0026335			1919.3	99.900001526		
2631.1	1.388700008		0.0036942			1920.3	99.900001526		
2632.5	1.388599992		0.003693			1921.2	99.900001526		
2634	1.388700008		0.003693			1922.2	99.900001526		
2635.4	1.388599992		0.0036908			1923.2	99.900001526		
2636.9	1.388900042		0.0026375			1924.1	99.900001526		
2638.3	1.389700055		0.0026437			1925.1	99.900001526		
2639.8	1.389799953		0.0036968			1926.1	99.900001526		
2641.2	1.389999986		0.0026454			1927	99.900001526		
2642.7	1.390200019		0.0036975			1928	99.900001526		
2644.1	1.390200019		0.0026459			1929	99.900001526		
2645.6	1.390699983		0.0026489			1929.9	99.900001526		
2647	1.391100049		0.0026516			1930.9	99.900001526		
2648.5	1.39139998		0.0026532			1931.8	99.900001526		
2649.9	1.391700029		0.0026551			1932.8	99.900001526		
2651.3	1.39199996		0.0026571			1933.8	99.900001526		
2652.8	1.39230001		0.0026582			1934.7	99.900001526		
2654.2	1.39260006		0.0026604			1935.7	99.900001526		
2655.7	1.39289999		0.0026613			1936.7	99.900001526		
2657.1	1.39320004		0.0026628			1937.6	100		
2658.6	1.393399954		0.002664			1938.6	99.900001526		
2660	1.393700004		0.0026652			1939.6	99.900001526		
2661.5	1.394000053		0.0026666			1940.5	99.900001526		
2662.9	1.394299984		0.0026675			1941.5	99.900001526		
2664.4	1.394500017		0.002669			1942.5	99.900001526		
2665.8	1.394799948		0.0026699			1943.4	100		
2667.3	1.395099998		0.0026716			1944.4	99.900001526		
2668.7	1.395400047		0.0026721			1945.4	100		
2670.2	1.395599961		0.002673			1946.3	99.900001526		
2671.6	1.395900011		0.0026742			1947.3	100		
2673.1	1.396199942		0.0026754			1948.2	99.900001526		
2674.5	1.396499991		0.0026761			1949.2	99.900001526		
2675.9	1.396700025		0.0026773			1950.2	100		
2677.4	1.396999955		0.002678			1951.1	99.900001526		
2678.8	1.397300005		0.0026783			1952.1	99.900001526		
2680.3	1.397600055		0.0026795			1953.1	99.900001526		
2681.7	1.397899985		0.0026807			1954	100		
2683.2	1.398100019		0.0026811			1955	99.900001526		
2684.6	1.398399949		0.0026816			1956	99.900001526		
2686.1	1.398699999		0.0026826			1956.9	99.900001526		
2687.5	1.399000049		0.002683			1957.9	99.900001526		
2689	1.399199963		0.002684			1958.9	99.900001526		
2690.4	1.399500012		0.0026842			1959.8	99.900001526		
2691.9	1.399799943		0.002685			1960.8	99.900001526		
2693.3	1.400099993		0.0026854			1961.7	99.900001526		
2694.7	1.400400043		0.0026857			1962.7	99.900001526		
2696.2	1.400699973		0.0026864			1963.7	99.900001526		
2697.6	1.400900006		0.0026866			1964.6	99.900001526		
2699.1	1.401200056		0.0026873			1965.6	99.900001526		
2700.5	1.401499987		0.0026873			1966.6	100		
2702	1.401800036		0.0026878			1967.5	99.900001526		
2703.4	1.402099967		0.0026881			1968.5	100		
2704.9	1.402400017		0.0026878			1969.5	99.900001526		
2706.3	1.402699947		0.0026881			1970.4	99.900001526		
2707.8	1.402899981		0.0026885			1971.4	99.900001526		
2709.2	1.40320003		0.0026885			1972.4	99.900001526		
2710.7	1.403499961		0.002689			1973.3	99.900001526		
2712.1	1.403800011		0.0026883			1974.3	99.900001526		
2713.6	1.404099941		0.0026885			1975.3	99.900001526		
2715	1.404399991		0.002689			1976.2	99.900001526		
2716.5	1.404700041		0.0026885			1977.2	99.900001526		
2717.9	1.404999971		0.0026881			1978.1	99.900001526		
2719.3	1.405300021		0.0026881			1979.1	99.900001526		
2720.8	1.405599952		0.0026878			1980.1	99.900001526		
2722.2	1.405900002		0.0026876			1981	99.900001526		
2723.7	1.406200051		0.0026873			1982	99.800003052		
2725.1	1.406399965		0.0026869			1983	99.800003052		
2726.6	1.406700015		0.0026864			1983.9	99.800003052		
2728	1.406999946		0.0026861			1984.9	99.800003052		
2729.5	1.407099962		0.0026857			1985.9	99.699996948		
2730.9	1.407699943		0.0016791			1986.8	99.699996948		
2732.4	1.408400059		0.0026845			1987.8	99.699996948		
2733.8	1.408499956		0.002684			1988.8	99.599998474		
2735.3	1.408800006		0.0026838			1989.7	99.5		
2736.7	1.409100056		0.0026826			1990.7	99.5		
2738.2	1.409399986		0.0026819			1991.6	99.5		
2739.6	1.409700036		0.0026814			1992.6	99.400001526		
2741	1.409999967		0.0026807			1993.6	99.400001526		
2742.5	1.410300016		0.0026797			1994.5	99.400001526		
2743.9	1.410599947		0.0026788			1995.5	99.400001526		
2745.4	1.410899997		0.0026776			1996.5	99.400001526		
2746.8	1.411200047		0.0026766			1997.4	99.5		
2748.3	1.411599994		0.0026757			1998.4	99.5		
2749.7	1.411900043		0.0026745			1999.4	99.599998474		
2751.2	1.412199974		0.002673			2000.3	99.599998474		
2752.6	1.412500024		0.0026721			2001.3	99.699996948		
2754.1	1.412899971		0.0026709			2002.3	99.699996948		
2755.5	1.413200021		0.002669			2003.2	99.699996948		
2757	1.413499951		0.0026678			2004.2	99.699996948		
2758.4	1.413800001		0.0026666			2005.1	99.699996948		
2759.9	1.414199948		0.0026649			2006.1	99.699996948		
2761.3	1.414499998		0.0026633			2007.1	99.699996948		
2762.7	1.414800048		0.0026618			2008	99.699996948		
2764.2	1.415199995		0.0026604			2009	99.599998474		
2765.6	1.415500045		0.0026582			2010	99.599998474		
2767.1	1.415799975		0.0026566			2010.9	99.599998474		
2768.5	1.416200042		0.0026549			2011.9	99.5		
2770	1.416499972		0.002653			2012.9	99.5		
2771.4	1.416800022		0.0026511			2013.8	99.400001526		
2772.9	1.417099953		0.0026492			2014.8	99.400001526		
2774.3	1.417299986		0.0026478			2015.8	99.300003052		
2775.8	1.417400002		0.0026463			2016.7	99.199996948		
2777.2	1.417899966		0.0016598			2017.7	99.099998474		
2778.7	1.41869998		0.0016562			2018.7	99		
2780.1	1.419499993		0.0016524			2019.6	98.800003052		
2781.6	1.41989994		0.0026315			2020.6	98.599998474		
2783	1.41989994		0.0026313			2021.5	98.400001526		
2784.4	1.42050004		0.0016469			2022.5	98.099998474		
2785.9	1.42110002		0.0026232			2023.5	97.800003052		
2787.3	1.421200037		0.0026213			2024.4	97.5		
2788.8	1.421499968		0.0026191			2025.4	97		
2790.2	1.421800017		0.0026165			2026.4	96.5		
2791.7	1.421900034		0.0026151			2027.3	95.900001526		
2793.1	1.422600031		0.0016345			2028.3	95.199996948		
2794.6	1.423200011		0.0026053			2029.3	94.300003052		
2796	1.423200011		0.0026048			2030.2	93.300003052		
2797.5	1.423799992		0.0016257			2031.2	92.199996948		
2798.9	1.424399972		0.0025951			2032.2	90.900001526		
2800.4	1.424399972		0.0025936			2033.1	89.400001526		
2801.8	1.424999952		0.0016168			2034.1	87.900001526		
2803.3	1.425400019		0.0025841			2035	86.300003052		
2804.7	1.425899982		0.0016094			2036	84.599998474		
2806.1	1.426399946		0.002575			2037	82.900001526		
2807.6	1.426900029		0.0016011			2037.9	81.300003052		
2809	1.427399993		0.0025643			2038.9	79.800003052		
2810.5	1.427399993		0.0025636			2039.9	78.400001526		
2811.9	1.427999973		0.0015906			2040.8	77.099998474		
2813.4	1.428500056		0.0025524			2041.8	76		
2814.8	1.428900003		0.0015825			2042.8	75		
2816.3	1.42990005		0.0015732			2043.7	74.300003052		
2817.7	1.430400014		0.0025314			2044.7	73.800003052		
2819.2	1.430600047		0.0025285			2045.7	73.599998474		
2820.6	1.430899978		0.0025243			2046.6	73.599998474		
2822.1	1.431300044		0.0025192			2047.6	73.900001526		
2823.5	1.431699991		0.0025145			2048.6	74.5		
2825	1.432100058		0.0025088			2049.5	75.300003052		
2826.4	1.432600021		0.0025033			2050.5	76.300003052		
2827.8	1.432999969		0.0024976			2051.4	77.5		
2829.3	1.433500051		0.0024914			2052.4	78.800003052		
2830.7	1.433899999		0.0024854			2053.4	80.300003052		
2832.2	1.434399962		0.002479			2054.3	81.800003052		
2833.6	1.434800029		0.0024728			2055.3	83.300003052		
2835.1	1.435299993		0.0024661			2056.3	84.900001526		
2836.5	1.435799956		0.0024592			2057.2	86.400001526		
2838	1.436200023		0.0024523			2058.2	87.800003052		
2839.4	1.436699986		0.0024451			2059.2	89.099998474		
2840.9	1.43719995		0.0024377			2060.1	90.400001526		
2842.3	1.437700033		0.0024303			2061.1	91.5		
2843.8	1.438199997		0.0024229			2062.1	92.599998474		
2845.2	1.438699961		0.0024151			2063	93.599998474		
2846.7	1.439200044		0.002407			2064	94.5		
2848.1	1.439700007		0.0023986			2064.9	95.300003052		
2849.5	1.440199971		0.0023903			2065.9	95.900001526		
2851	1.440700054		0.0023817			2066.9	96.5		
2852.4	1.441200018		0.0023726			2067.8	97		
2853.9	1.441799998		0.0023636			2068.8	97.400001526		
2855.3	1.442299962		0.0023543			2069.8	97.699996948		
2856.8	1.442800045		0.002345			2070.7	97.900001526		
2858.2	1.443400025		0.0023354			2071.7	98.099998474		
2859.7	1.443899989		0.0023252			2072.7	98.199996948		
2861.1	1.444499969		0.0023152			2073.6	98.400001526		
2862.6	1.44509995		0.0023042			2074.6	98.400001526		
2864	1.445600033		0.0022935			2075.6	98.5		
2865.5	1.446200013		0.0022825			2076.5	98.5		
2866.9	1.446799994		0.0022711			2077.5	98.599998474		
2868.4	1.447399974		0.0022594			2078.4	98.599998474		
2869.8	1.447999954		0.0022467			2079.4	98.599998474		
2871.2	1.448600054		0.0022351			2080.4	98.699996948		
2872.7	1.449200034		0.0022219			2081.3	98.699996948		
2874.1	1.449900031		0.0022084			2082.3	98.699996948		
2875.6	1.450500011		0.0021952			2083.3	98.699996948		
2877	1.451200008		0.0021807			2084.2	98.699996948		
2878.5	1.451900005		0.0021659			2085.2	98.800003052		
2879.9	1.452600002		0.0021499			2086.2	98.800003052		
2881.4	1.453299999		0.0021333			2087.1	98.800003052		
2882.8	1.454200029		0.0021151			2088.1	98.800003052		
2884.3	1.455199957		0.002092			2089.1	98.800003052		
2885.7	1.455899954		0.0030068			2090	98.800003052		
2887.2	1.456400037		0.0029939			2091	98.800003052		
2888.6	1.457100034		0.0029765			2092	98.800003052		
2890.1	1.457999945		0.0029534			2092.9	98.900001526		
2891.5	1.458699942		0.0038642			2093.9	98.800003052		
2893	1.459300041		0.0038475			2094.8	98.900001526		
2894.4	1.459800005		0.004763			2095.8	98.900001526		
2895.8	1.460100055		0.004753			2096.8	98.900001526		
2897.3	1.460700035		0.0047344			2097.7	98.900001526		
2898.7	1.461099982		0.0056504			2098.7	98.900001526		
2900.2	1.461199999		0.0056447			2099.7	98.900001526		
2901.6	1.461500049		0.0056342			2100.6	98.900001526		
2903.1	1.461799979		0.0056227			2101.6	98.900001526		
2904.5	1.462100029		0.0056115			2102.6	98.900001526		
2906	1.462299943		0.0056039			2103.5	98.900001526		
2907.4	1.462800026		0.0046631			2104.5	98.900001526		
2908.9	1.463500023		0.0046402			2105.5	98.900001526		
2910.3	1.463999987		0.004625			2106.4	98.900001526		
2911.8	1.4648		0.0036777			2107.4	98.900001526		
2913.2	1.465499997		0.0045789			2108.3	98.900001526		
2914.7	1.465899944		0.0036424			2109.3	98.900001526		
2916.1	1.466599941		0.003621			2110.3	98.900001526		
2917.5	1.467499971		0.0026759			2111.2	98.900001526		
2919	1.468700051		0.0026416			2112.2	98.900001526		
2920.4	1.469699979		0.002611			2113.2	98.900001526		
2921.9	1.470600009		0.002581			2114.1	98.900001526		
2923.3	1.471600056		0.002551			2115.1	98.900001526		
2924.8	1.472499967		0.0025209			2116.1	98.900001526		
2926.2	1.473500013		0.0024897			2117	98.900001526		
2927.7	1.474499941		0.0024573			2118	98.900001526		
2929.1	1.475499988		0.0024234			2119	98.900001526		
2930.6	1.476600051		0.0023841			2119.9	98.900001526		
2932	1.477399945		0.0032665			2120.9	98.900001526		
2933.5	1.478299975		0.0023242			2121.9	98.900001526		
2934.9	1.479400039		0.0031933			2122.8	98.900001526		
2936.4	1.480200052		0.0031663			2123.8	98.900001526		
2937.8	1.480999947		0.0031337			2124.7	98.900001526		
2939.2	1.481999993		0.0030993			2125.7	98.900001526		
2940.7	1.48300004		0.0030614			2126.7	98.900001526		
2942.1	1.483999968		0.0030209			2127.6	98.800003052		
2943.6	1.485200047		0.0029753			2128.6	98.800003052		
2945	1.486099958		0.0038446			2129.6	98.800003052		
2946.5	1.487100005		0.002901			2130.5	98.800003052		
2947.9	1.488299966		0.0037552			2131.5	98.800003052		
2949.4	1.489099979		0.0037194			2132.5	98.800003052		
2950.8	1.490100026		0.0036763			2133.4	98.800003052		
2952.3	1.491299987		0.0036291			2134.4	98.800003052		
2953.7	1.492599964		0.0035728			2135.4	98.800003052		
2955.2	1.493700027		0.0044249			2136.3	98.800003052		
2956.6	1.494500041		0.0043863			2137.3	98.800003052		
2958.1	1.495499969		0.0043396			2138.2	98.800003052		
2959.5	1.496700048		0.0042862			2139.2	98.800003052		
2960.9	1.498100042		0.0042235			2140.2	98.800003052		
2962.4	1.499199986		0.0050656			2141.1	98.699996948		
2963.8	1.500200033		0.0050198			2142.1	98.699996948		
2965.3	1.501299977		0.004964			2143.1	98.699996948		
2966.7	1.502699971		0.0048953			2144	98.699996948		
2968.2	1.503999949		0.0057293			2145	98.699996948		
2969.6	1.504999995		0.0056754			2146	98.699996948		
2971.1	1.506399989		0.0056058			2146.9	98.699996948		
2972.5	1.50759995		0.0064348			2147.9	98.699996948		
2974	1.508599997		0.0063785			2148.9	98.699996948		
2975.4	1.50999999		0.0063039			2149.8	98.699996948		
2976.9	1.511299968		0.0071274			2150.8	98.699996948		
2978.3	1.512400031		0.0070664			2151.8	98.699996948		
2979.8	1.513800025		0.0069855			2152.7	98.699996948		
2981.2	1.515100002		0.0078017			2153.7	98.699996948		
2982.6	1.516299963		0.0077339			2154.6	98.599998474		
2984.1	1.517799973		0.0076452			2155.6	98.599998474		
2985.5	1.519299984		0.008449			2156.6	98.599998474		
2987	1.520699978		0.008365			2157.5	98.599998474		
2988.4	1.522099972		0.0091687			2158.5	98.599998474		
2989.9	1.523499966		0.0090815			2159.5	98.599998474		
2991.3	1.52489996		0.0098807			2160.4	98.599998474		
2992.8	1.526299953		0.0097898			2161.4	98.599998474		
2994.2	1.527699947		0.010584			2162.4	98.599998474		
2995.7	1.529199958		0.010488			2163.3	98.599998474		
2997.1	1.530699968		0.011275			2164.3	98.599998474		
2998.6	1.532299995		0.011169			2165.3	98.599998474		
3000	1.534000039		0.01194			2166.2	98.599998474		
3001.5	1.535300016		0.012731			2167.2	98.599998474		
3002.9	1.536800027		0.012623			2168.1	98.5		
3004.3	1.538599968		0.013388			2169.1	98.5		
3005.8	1.539899945		0.014172			2170.1	98.5		
3007.2	1.541499972		0.014056			2171	98.5		
3008.7	1.543300033		0.014811			2172	98.5		
3010.1	1.544700027		0.015586			2173	98.5		
3011.6	1.546399951		0.015457			2173.9	98.5		
3013	1.548300028		0.016195999			2174.9	98.5		
3014.5	1.549999952		0.016945999			2175.9	98.5		
3015.9	1.551599979		0.017707			2176.8	98.5		
3017.4	1.553500056		0.017552			2177.8	98.5		
3018.8	1.555299997		0.019179			2178.8	98.5		
3020.3	1.556900024		0.01904			2179.7	98.5		
3021.7	1.558899999		0.019757001			2180.7	98.5		
3023.2	1.560899973		0.020477001			2181.6	98.5		
3024.6	1.562899947		0.021190999			2182.6	98.400001526		
3026	1.565000057		0.021893			2183.6	98.400001526		
3027.5	1.566799998		0.02351			2184.5	98.400001526		
3028.9	1.568699956		0.023334			2185.5	98.400001526		
3030.4	1.570799947		0.024915			2186.5	98.400001526		
3031.8	1.572700024		0.025629001			2187.4	98.400001526		
3033.3	1.574800014		0.026314			2188.4	98.400001526		
3034.7	1.576900005		0.027903			2189.4	98.400001526		
3036.2	1.578699946		0.028611001			2190.3	98.400001526		
3037.6	1.580899954		0.029282			2191.3	98.400001526		
3039.1	1.583099961		0.030855			2192.3	98.400001526		
3040.5	1.585199952		0.031530999			2193.2	98.400001526		
3042	1.587299943		0.033098001			2194.2	98.400001526		
3043.4	1.589599967		0.03376			2195.2	98.400001526		
3044.9	1.592000008		0.035298999			2196.1	98.400001526		
3046.3	1.594200015		0.03686			2197.1	98.400001526		
3047.7	1.596099973		0.038442001			2198	98.400001526		
3049.2	1.59829998		0.039094999			2199	98.400001526		
3050.6	1.600800037		0.040619001			2200	98.400001526		
3052.1	1.603199959		0.042153999			2200.9	98.400001526		
3053.5	1.605599999		0.043685			2201.9	98.400001526		
3055	1.608199954		0.045196			2202.9	98.400001526		
3056.4	1.610499978		0.047644001			2203.8	98.400001526		
3057.9	1.612599969		0.049206998			2204.8	98.400001526		
3059.3	1.615100026		0.050728001			2205.8	98.400001526		
3060.8	1.617499948		0.053181998			2206.7	98.400001526		
3062.2	1.619799972		0.054724			2207.7	98.400001526		
3063.7	1.622099996		0.057186			2208.7	98.300003052		
3065.1	1.62440002		0.058720998			2209.6	98.400001526		
3066.6	1.626999974		0.061161			2210.6	98.300003052		
3068	1.629299998		0.063634999			2211.5	98.400001526		
3069.4	1.631399989		0.066137999			2212.5	98.400001526		
3070.9	1.633900046		0.067665003			2213.5	98.400001526		
3072.3	1.636399984		0.071067996			2214.4	98.400001526		
3073.8	1.638399959		0.073601			2215.4	98.400001526		
3075.2	1.640499949		0.076130003			2216.4	98.400001526		
3076.7	1.64260006		0.078659996			2217.3	98.400001526		
3078.1	1.644799948		0.081187002			2218.3	98.400001526		
3079.6	1.647199988		0.083691999			2219.3	98.400001526		
3081	1.649299979		0.087201998			2220.2	98.400001526		
3082.5	1.651200056		0.089789003			2221.2	98.400001526		
3083.9	1.653499961		0.092326999			2222.2	98.400001526		
3085.4	1.655799985		0.095852003			2223.1	98.400001526		
3086.8	1.657600045		0.099462003			2224.1	98.400001526		
3088.3	1.659500003		0.102090001			2225	98.400001526		
3089.7	1.661299944		0.105719998			2226	98.400001526		
3091.1	1.663300037		0.10836			2227	98.400001526		
3092.6	1.665400028		0.111979999			2227.9	98.400001526		
3094	1.667199969		0.115670003			2228.9	98.400001526		
3095.5	1.66869998		0.119410001			2229.9	98.400001526		
3096.9	1.67050004		0.122110002			2230.8	98.400001526		
3098.4	1.672099948		0.126890004			2231.8	98.400001526		
3099.8	1.673499942		0.129690006			2232.8	98.400001526		
3101.3	1.675199986		0.133479998			2233.7	98.400001526		
3102.7	1.676800013		0.137309998			2234.7	98.400001526		
3104.2	1.678200006		0.141179994			2235.7	98.400001526		
3105.6	1.6796		0.14508			2236.6	98.400001526		
3107.1	1.680899978		0.149010003			2237.6	98.400001526		
3108.5	1.682100058		0.152989998			2238.6	98.400001526		
3110	1.683200002		0.156979993			2239.5	98.5		
3111.4	1.684299946		0.161019996			2240.5	98.5		
3112.9	1.685400009		0.165069997			2241.4	98.5		
3114.3	1.686300039		0.169190004			2242.4	98.5		
3115.7	1.687299967		0.173309997			2243.4	98.5		
3117.2	1.68809998		0.177479997			2244.3	98.5		
3118.6	1.688899994		0.181679994			2245.3	98.5		
3120.1	1.689599991		0.18592			2246.3	98.5		
3121.5	1.690299988		0.190200001			2247.2	98.5		
3123	1.690899968		0.194509998			2248.2	98.5		
3124.4	1.691400051		0.198860005			2249.2	98.5		
3125.9	1.691900015		0.203240007			2250.1	98.5		
3127.3	1.692199945		0.207690001			2251.1	98.5		
3128.8	1.692499995		0.212160006			2252.1	98.5		
3130.2	1.692700028		0.216690004			2253	98.5		
3131.7	1.692399979		0.221310005			2254	98.5		
3133.1	1.692600012		0.224720001			2254.9	98.599998474		
3134.6	1.692899942		0.229279995			2255.9	98.5		
3136	1.692999959		0.233919993			2256.9	98.599998474		
3137.4	1.692899942		0.238629997			2257.8	98.599998474		
3138.9	1.692499995		0.243430004			2258.8	98.599998474		
3140.3	1.692299962		0.247009993			2259.8	98.599998474		
3141.8	1.692299962		0.25176999			2260.7	98.599998474		
3143.2	1.692000031		0.256630003			2261.7	98.599998474		
3144.7	1.691300035		0.261610001			2262.7	98.599998474		
3146.1	1.690700054		0.26534			2263.6	98.599998474		
3147.6	1.690099955		0.270339996			2264.6	98.599998474		
3149	1.689599991		0.274100006			2265.6	98.599998474		
3150.5	1.689100027		0.279130012			2266.5	98.599998474		
3151.9	1.688199997		0.284299999			2267.5	98.599998474		
3153.4	1.687000036		0.288260013			2268.5	98.599998474		
3154.8	1.686499953		0.292100012			2269.4	98.599998474		
3156.3	1.685899973		0.297289997			2270.4	98.699996948		
3157.7	1.684599996		0.302639991			2271.3	98.599998474		
3159.1	1.683200002		0.306730002			2272.3	98.599998474		
3160.6	1.682100058		0.310790002			2273.3	98.699996948		
3162	1.680799961		0.316219985			2274.2	98.699996948		
3163.5	1.679200053		0.320419997			2275.2	98.699996948		
3164.9	1.677800059		0.324609995			2276.2	98.699996948		
3166.4	1.676399946		0.328810006			2277.1	98.699996948		
3167.8	1.675300002		0.33296001			2278.1	98.699996948		
3169.3	1.673900008		0.338589996			2279.1	98.699996948		
3170.7	1.671900034		0.342970014			2280	98.699996948		
3172.2	1.669999957		0.347359985			2281	98.699996948		
3173.6	1.668200016		0.351770014			2282	98.699996948		
3175.1	1.666300058		0.35620001			2282.9	98.699996948		
3176.5	1.664299965		0.360680014			2283.9	98.699996948		
3178	1.661999941		0.365249991			2284.8	98.699996948		
3179.4	1.659999967		0.368349999			2285.8	98.800003052		
3180.8	1.658699989		0.372750014			2286.8	98.800003052		
3182.3	1.656399965		0.378829986			2287.7	98.800003052		
3183.7	1.653800011		0.382099986			2288.7	98.800003052		
3185.2	1.651600003		0.386759996			2289.7	98.800003052		
3186.6	1.648900032		0.391539991			2290.6	98.800003052		
3188.1	1.646399975		0.394840002			2291.6	98.800003052		
3189.5	1.64380002		0.399639994			2292.6	98.800003052		
3191	1.641299963		0.402949989			2293.5	98.800003052		
3192.4	1.638800025		0.407790005			2294.5	98.800003052		
3193.9	1.636199951		0.411159992			2295.5	98.800003052		
3195.3	1.63349998		0.416060001			2296.4	98.800003052		
3196.8	1.630800009		0.419479996			2297.4	98.800003052		
3198.2	1.627900004		0.424470007			2298.4	98.800003052		
3199.7	1.62469995		0.428030014			2299.3	98.800003052		
3201.1	1.622200012		0.431430012			2300.3	98.800003052		
3202.5	1.618999958		0.436569989			2301.2	98.900001526		
3204	1.615700006		0.440180004			2302.2	98.900001526		
3205.4	1.612599969		0.443769991			2303.2	98.900001526		
3206.9	1.609799981		0.447299987			2304.1	98.900001526		
3208.3	1.60650003		0.452529997			2305.1	98.900001526		
3209.8	1.602800012		0.45629999			2306.1	98.900001526		
3211.2	1.598999977		0.460070014			2307	98.900001526		
3212.7	1.595000029		0.463930011			2308	98.900001526		
3214.1	1.591400027		0.46608001			2309	98.900001526		
3215.6	1.58829999		0.469749987			2309.9	98.900001526		
3217	1.585000038		0.47349			2310.9	98.900001526		
3218.5	1.581500053		0.477270007			2311.9	98.900001526		
3219.9	1.577800035		0.48111999			2312.8	98.900001526		
3221.4	1.573600054		0.485080004			2313.8	98.900001526		
3222.8	1.569800019		0.48732999			2314.7	98.900001526		
3224.2	1.566300035		0.491160005			2315.7	98.900001526		
3225.7	1.562100053		0.495160013			2316.7	98.900001526		
3227.1	1.558200002		0.49744001			2317.6	98.900001526		
3228.6	1.554499984		0.501359999			2318.6	98.900001526		
3230	1.550199986		0.505420029			2319.6	98.900001526		
3231.5	1.545799971		0.50782001			2320.5	98.900001526		
3232.9	1.541499972		0.511900008			2321.5	98.900001526		
3234.4	1.536800027		0.514379978			2322.5	98.900001526		
3235.8	1.532799959		0.516719997			2323.4	98.900001526		
3237.3	1.528499961		0.520829976			2324.4	98.900001526		
3238.7	1.523800015		0.523329973			2325.4	98.900001526		
3240.2	1.51970005		0.525709987			2326.3	99		
3241.6	1.515100002		0.529929996			2327.3	99		
3243.1	1.510200024		0.532490015			2328.2	99		
3244.5	1.504999995		0.535099983			2329.2	99		
3245.9	1.50030005		0.537630022			2330.2	99		
3247.4	1.495599985		0.54016			2331.1	99		
3248.8	1.490499973		0.542770028			2332.1	99		
3250.3	1.485599995		0.545369983			2333.1	99		
3251.7	1.480100036		0.548080027			2334	99		
3253.2	1.475200057		0.548889995			2335	99		
3254.6	1.470600009		0.551429987			2336	99		
3256.1	1.465600014		0.554040015			2336.9	99		
3257.5	1.460100055		0.556770027			2337.9	99		
3259	1.454599977		0.557709992			2338.9	99		
3260.4	1.449499965		0.560360014			2339.8	99		
3261.9	1.444200039		0.561259985			2340.8	99		
3263.3	1.43900001		0.563939989			2341.8	99		
3264.8	1.433599949		0.56487			2342.7	99		
3266.2	1.42809999		0.567619979			2343.7	99		
3267.6	1.422099948		0.568669975			2344.6	99		
3269.1	1.416399956		0.569649994			2345.6	99		
3270.5	1.410899997		0.570599973			2346.6	99		
3272	1.405500054		0.571519971			2347.5	99		
3273.4	1.400099993		0.572440028			2348.5	99		
3274.9	1.39470005		0.573350012			2349.5	99		
3276.3	1.389400005		0.574249983			2350.4	99		
3277.8	1.38380003		0.575209975			2351.4	99.099998474		
3279.2	1.378399968		0.576110005			2352.4	99.099998474		
3280.7	1.372699976		0.577090025			2353.3	99.099998474		
3282.1	1.366600037		0.578159988			2354.3	99.099998474		
3283.6	1.360900044		0.577310026			2355.3	99.099998474		
3285	1.355599999		0.578199983			2356.2	99.099998474		
3286.5	1.349599957		0.579219997			2357.2	99.099998474		
3287.9	1.343099952		0.578530014			2358.1	99.099998474		
3289.4	1.338000059		0.57753998			2359.1	99.099998474		
3290.8	1.332399964		0.578480005			2360.1	99.099998474		
3292.2	1.326400042		0.577660024			2361	99.099998474		
3293.7	1.320899963		0.57674998			2362	99.099998474		
3295.1	1.315899968		0.575699985			2363	99.099998474		
3296.6	1.310600042		0.576579988			2363.9	99.099998474		
3298	1.304700017		0.57573998			2364.9	99.099998474		
3299.5	1.299100041		0.574829996			2365.9	99.099998474		
3300.9	1.293499947		0.573909998			2366.8	99.099998474		
3302.4	1.288200021		0.572950006			2367.8	99.099998474		
3303.8	1.282299995		0.57209003			2368.8	99.099998474		
3305.3	1.277099967		0.569239974			2369.7	99.099998474		
3306.7	1.272600055		0.568109989			2370.7	99.099998474		
3308.2	1.267799973		0.567009985			2371.6	99.099998474		
3309.6	1.263000011		0.565919995			2372.6	99.099998474		
3311.1	1.2579		0.564899981			2373.6	99.099998474		
3312.5	1.252500057		0.563929975			2374.5	99.099998474		
3313.9	1.247699976		0.561010003			2375.5	99.199996948		
3315.4	1.243199944		0.559840024			2376.5	99.199996948		
3316.8	1.238100052		0.558799982			2377.4	99.199996948		
3318.3	1.233500004		0.555850029			2378.4	99.199996948		
3319.7	1.229300022		0.554629982			2379.4	99.199996948		
3321.2	1.224400043		0.553539991			2380.3	99.199996948		
3322.6	1.219799995		0.550580025			2381.3	99.199996948		
3324.1	1.215299964		0.549409986			2382.3	99.199996948		
3325.5	1.211199999		0.546360016			2383.2	99.199996948		
3327	1.207299948		0.545069993			2384.2	99.199996948		
3328.4	1.202800035		0.543900013			2385.2	99.199996948		
3329.9	1.198099971		0.540960014			2386.1	99.199996948		
3331.3	1.194000006		0.539719999			2387.1	99.199996948		
3332.8	1.189599991		0.536719978			2388	99.199996948		
3334.2	1.186100006		0.533559978			2389	99.199996948		
3335.6	1.182800055		0.532140017			2390	99.199996948		
3337.1	1.17900002		0.530830026			2390.9	99.199996948		
3338.5	1.174499989		0.529649973			2391.9	99.199996948		
3340	1.169999957		0.526679993			2392.9	99.199996948		
3341.4	1.166499972		0.523530006			2393.8	99.199996948		
3342.9	1.162799954		0.522180021			2394.8	99.199996948		
3344.3	1.159199953		0.519060016			2395.8	99.199996948		
3345.8	1.155599952		0.517700016			2396.7	99.199996948		
3347.2	1.15199995		0.514569998			2397.7	99.199996948		
3348.7	1.148599982		0.513189971			2398.7	99.199996948		
3350.1	1.145200014		0.510020018			2399.6	99.199996948		
3351.6	1.142099977		0.508570015			2400.6	99.199996948		
3353	1.138100028		0.507290006			2401.5	99.199996948		
3354.5	1.134199977		0.504220009			2402.5	99.300003052		
3355.9	1.131100059		0.501010001			2403.5	99.300003052		
3357.3	1.128299952		0.49950999			2404.4	99.300003052		
3358.8	1.124500036		0.498169988			2405.4	99.300003052		
3360.2	1.121099949		0.495029986			2406.4	99.300003052		
3361.7	1.117699981		0.493629992			2407.3	99.199996948		
3363.1	1.114199996		0.490480006			2408.3	99.300003052		
3364.6	1.110900044		0.489080012			2409.3	99.300003052		
3366	1.107599974		0.485920012			2410.2	99.300003052		
3367.5	1.104200006		0.484510005			2411.2	99.300003052		
3368.9	1.100900054		0.481359988			2412.2	99.300003052		
3370.4	1.0977		0.479909986			2413.1	99.300003052		
3371.8	1.094099998		0.476799995			2414.1	99.300003052		
3373.3	1.090800047		0.47536999			2415.1	99.300003052		
3374.7	1.087200046		0.472270012			2416	99.300003052		
3376.2	1.084400058		0.469040006			2417	99.300003052		
3377.6	1.081500053		0.467539996			2417.9	99.300003052		
3379	1.077700019		0.466199994			2418.9	99.300003052		
3380.5	1.073600054		0.463180006			2419.9	99.300003052		
3381.9	1.070600033		0.45826			2420.8	99.300003052		
3383.4	1.068400025		0.456649989			2421.8	99.300003052		
3384.8	1.065099955		0.455229998			2422.8	99.300003052		
3386.3	1.061400056		0.452140003			2423.7	99.300003052		
3387.7	1.058599949		0.448920012			2424.7	99.300003052		
3389.2	1.055299997		0.447470009			2425.7	99.300003052		
3390.6	1.051699996		0.444379985			2426.6	99.300003052		
3392.1	1.048300028		0.441249996			2427.6	99.300003052		
3393.5	1.045300007		0.438069999			2428.6	99.300003052		
3395	1.042700052		0.43483001			2429.5	99.300003052		
3396.4	1.039600015		0.433349997			2430.5	99.300003052		
3397.9	1.036000013		0.430249989			2431.4	99.300003052		
3399.3	1.032600045		0.427130014			2432.4	99.300003052		
3400.7	1.029500008		0.423970014			2433.4	99.300003052		
3402.2	1.026299953		0.420819998			2434.3	99.300003052		
3403.6	1.023000002		0.417679995			2435.3	99.400001526		
3405.1	1.020300031		0.41279			2436.3	99.300003052		
3406.5	1.01789999		0.411220014			2437.2	99.400001526		
3408	1.014600039		0.408089995			2438.2	99.300003052		
3409.4	1.011199951		0.40496999			2439.2	99.300003052		
3410.9	1.007400036		0.40189001			2440.1	99.400001526		
3412.3	1.004600048		0.395390004			2441.1	99.400001526		
3413.8	1.003200054		0.392030001			2442.1	99.400001526		
3415.2	1.000200033		0.390509993			2443	99.400001526		
3416.7	0.997319996		0.385690004			2444	99.400001526		
3418.1	0.994920015		0.382470012			2444.9	99.400001526		
3419.6	0.991940022		0.379310012			2445.9	99.400001526		
3421	0.989359975		0.374469995			2446.9	99.400001526		
3422.4	0.98714		0.371230006			2447.8	99.400001526		
3423.9	0.984269977		0.368070006			2448.8	99.400001526		
3425.3	0.981630027		0.363260001			2449.8	99.400001526		
3426.8	0.979110003		0.360060006			2450.7	99.400001526		
3428.2	0.976350009		0.355269998			2451.7	99.400001526		
3429.7	0.974420011		0.350419998			2452.7	99.400001526		
3431.1	0.972310007		0.347200006			2453.6	99.400001526		
3432.6	0.969850004		0.342409998			2454.6	99.400001526		
3434	0.968240023		0.337559998			2455.6	99.400001526		
3435.5	0.966329992		0.334340006			2456.5	99.400001526		
3436.9	0.964209974		0.329549998			2457.5	99.400001526		
3438.4	0.962660015		0.324730009			2458.5	99.400001526		
3439.8	0.960919976		0.321520001			2459.4	99.400001526		
3441.3	0.958880007		0.316760004			2460.4	99.400001526		
3442.7	0.957229972		0.311980009			2461.3	99.400001526		
3444.1	0.956070006		0.307190001			2462.3	99.400001526		
3445.6	0.954559982		0.303990006			2463.3	99.400001526		
3447	0.952639997		0.299270004			2464.2	99.400001526		
3448.5	0.951089978		0.294539988			2465.2	99.400001526		
3449.9	0.949670017		0.289810002			2466.2	99.400001526		
3451.4	0.948249996		0.285100013			2467.1	99.400001526		
3452.8	0.946850002		0.280409992			2468.1	99.5		
3454.3	0.945900023		0.274199992			2469.1	99.400001526		
3455.7	0.945670009		0.269499987			2470	99.5		
3457.2	0.945270002		0.264829993			2471	99.400001526		
3458.6	0.945060015		0.260179996			2472	99.5		
3460.1	0.944289982		0.257050008			2472.9	99.5		
3461.5	0.943310022		0.250959992			2473.9	99.5		
3463	0.943340003		0.246370003			2474.8	99.5		
3464.4	0.94325		0.241799995			2475.8	99.5		
3465.9	0.943170011		0.23725			2476.8	99.5		
3467.3	0.943109989		0.232720003			2477.7	99.5		
3468.7	0.943159997		0.228220001			2478.7	99.5		
3470.2	0.94325		0.223739997			2479.7	99.5		
3471.6	0.943430007		0.219280005			2480.6	99.5		
3473.1	0.943669975		0.214849994			2481.6	99.5		
3474.5	0.943939984		0.210449994			2482.6	99.5		
3476	0.944350004		0.206060007			2483.5	99.5		
3477.4	0.944779992		0.201710001			2484.5	99.5		
3478.9	0.945309997		0.197380006			2485.5	99.5		
3480.3	0.945869982		0.193079993			2486.4	99.5		
3481.8	0.946550012		0.188800007			2487.4	99.5		
3483.2	0.947269976		0.184560001			2488.4	99.5		
3484.7	0.948080003		0.180340007			2489.3	99.5		
3486.1	0.948949993		0.176149994			2490.3	99.5		
3487.6	0.949919999		0.172000006			2491.2	99.5		
3489	0.950969994		0.16787			2492.2	99.5		
3490.4	0.952080011		0.163780004			2493.2	99.5		
3491.9	0.953320026		0.159720004			2494.1	99.5		
3493.3	0.954680026		0.155699998			2495.1	99.5		
3494.8	0.956290007		0.151720002			2496.1	99.5		
3496.2	0.957419991		0.149049997			2497	99.5		
3497.7	0.958880007		0.143810004			2498	99.5		
3499.1	0.960650027		0.141230002			2499	99.5		
3500.6	0.962040007		0.137349993			2499.9	99.5		
3502	0.963949978		0.133530006			2500.9	99.599998474		
3503.5	0.965539992		0.130999997			2501.9	99.599998474		
3504.9	0.967159986		0.127210006			2502.8	99.5		
3506.4	0.968689978		0.124710001			2503.8	99.5		
3507.8	0.970120013		0.120959997			2504.7	99.599998474		
3509.3	0.972069979		0.117289998			2505.7	99.5		
3510.7	0.973919988		0.114869997			2506.7	99.599998474		
3512.1	0.975799978		0.11124			2507.6	99.599998474		
3513.6	0.977800012		0.108879998			2508.6	99.599998474		
3515	0.979290009		0.106490001			2509.6	99.599998474		
3516.5	0.98101002		0.102909997			2510.5	99.599998474		
3517.9	0.98281002		0.100579999			2511.5	99.599998474		
3519.4	0.984709978		0.097078003			2512.5	99.599998474		
3520.8	0.986829996		0.094820999			2513.4	99.599998474		
3522.3	0.988510013		0.092532001			2514.4	99.599998474		
3523.7	0.990459979		0.089102998			2515.4	99.599998474		
3525.2	0.992690027		0.086911999			2516.3	99.599998474		
3526.6	0.994620025		0.084702998			2517.3	99.599998474		
3528.1	0.996339977		0.082486004			2518.2	99.599998474		
3529.5	0.99842		0.079162002			2519.2	99.599998474		
3531	1.00090003		0.077067003			2520.2	99.599998474		
3532.4	1.003299952		0.074979998			2521.1	99.599998474		
3533.8	1.005300045		0.074000999			2522.1	99.599998474		
3535.3	1.006800056		0.071842998			2523.1	99.599998474		
3536.7	1.008599997		0.06972			2524	99.599998474		
3538.2	1.010499954		0.067624003			2525	99.599998474		
3539.6	1.012400031		0.065546997			2526	99.599998474		
3541.1	1.014400005		0.063492998			2526.9	99.599998474		
3542.5	1.01639998		0.061462			2527.9	99.599998474		
3544	1.018700004		0.059475999			2528.9	99.599998474		
3545.4	1.020699978		0.058561001			2529.8	99.599998474		
3546.9	1.022400022		0.056529			2530.8	99.599998474		
3548.3	1.024600029		0.054561			2531.8	99.599998474		
3549.8	1.026499987		0.053663999			2532.7	99.599998474		
3551.2	1.02820003		0.051665001			2533.7	99.599998474		
3552.7	1.030400038		0.049740002			2534.6	99.599998474		
3554.1	1.032600045		0.048896998			2535.6	99.599998474		
3555.5	1.034100056		0.047986001			2536.6	99.599998474		
3557	1.035899997		0.046027999			2537.5	99.599998474		
3558.4	1.03760004		0.045150001			2538.5	99.699996948		
3559.9	1.039399981		0.043216001			2539.5	99.599998474		
3561.3	1.041100025		0.042353			2540.4	99.599998474		
3562.8	1.042899966		0.040445			2541.4	99.699996948		
3564.2	1.044700027		0.039599001			2542.4	99.599998474		
3565.7	1.046599984		0.037721999			2543.3	99.699996948		
3567.1	1.048599958		0.036919001			2544.3	99.699996948		
3568.6	1.050300002		0.036074001			2545.3	99.599998474		
3570	1.051699996		0.035193998			2546.2	99.699996948		
3571.5	1.05340004		0.033319			2547.2	99.699996948		
3572.9	1.055099964		0.032494999			2548.1	99.699996948		
3574.4	1.057000041		0.030669			2549.1	99.699996948		
3575.8	1.059000015		0.029898999			2550.1	99.699996948		
3577.2	1.060799956		0.029100001			2551	99.699996948		
3578.7	1.0625		0.028287999			2552	99.699996948		
3580.1	1.064100027		0.027472001			2553	99.699996948		
3581.6	1.065700054		0.026649			2553.9	99.699996948		
3583	1.067199945		0.025819			2554.9	99.699996948		
3584.5	1.068500042		0.024970001			2555.9	99.699996948		
3585.9	1.07009995		0.023174001			2556.8	99.699996948		
3587.4	1.072000027		0.022419			2557.8	99.699996948		
3588.8	1.073699951		0.021638			2558.8	99.699996948		
3590.3	1.075399995		0.020854			2559.7	99.699996948		
3591.7	1.077000022		0.020068999			2560.7	99.699996948		
3593.2	1.078600049		0.019285001			2561.7	99.699996948		
3594.6	1.080199957		0.018503999			2562.6	99.699996948		
3596.1	1.081799984		0.017727001			2563.6	99.699996948		
3597.5	1.083400011		0.016954999			2564.5	99.699996948		
3598.9	1.085000038		0.016194001			2565.5	99.699996948		
3600.4	1.086799979		0.015454			2566.5	99.699996948		
3601.8	1.08829999		0.015635001			2567.4	99.699996948		
3603.3	1.08949995		0.014819			2568.4	99.699996948		
3604.7	1.090899944		0.014031			2569.4	99.699996948		
3606.2	1.092399955		0.013258			2570.3	99.699996948		
3607.6	1.093899965		0.012497			2571.3	99.699996948		
3609.1	1.095600009		0.011752			2572.3	99.699996948		
3610.5	1.09739995		0.011036			2573.2	99.699996948		
3612	1.098899961		0.011232			2574.2	99.699996948		
3613.4	1.100399971		0.010471			2575.2	99.699996948		
3614.9	1.101799965		0.010639			2576.1	99.699996948		
3616.3	1.103000045		0.009849			2577.1	99.699996948		
3617.8	1.104599953		0.0091137			2578	99.699996948		
3619.2	1.105999947		0.0092925			2579	99.699996948		
3620.6	1.10739994		0.0085322			2580	99.699996948		
3622.1	1.108800054		0.0086986			2580.9	99.699996948		
3623.5	1.110100031		0.0079345			2581.9	99.699996948		
3625	1.111400008		0.0080968			2582.9	99.699996948		
3626.4	1.112800002		0.007336			2583.8	99.699996948		
3627.9	1.114099979		0.0075015			2584.8	99.699996948		
3629.3	1.115499973		0.0067555			2585.8	99.800003052		
3630.8	1.117200017		0.0069569			2586.7	99.699996948		
3632.2	1.118100047		0.0079809			2587.7	99.800003052		
3633.7	1.118899941		0.0071529			2588.7	99.800003052		
3635.1	1.119899988		0.0072688			2589.6	99.699996948		
3636.6	1.121000051		0.0064868			2590.6	99.699996948		
3638	1.122200012		0.0066394			2591.6	99.800003052		
3639.5	1.123299956		0.0067581			2592.5	99.800003052		
3640.9	1.12409997		0.0068578			2593.5	99.800003052		
3642.3	1.124899983		0.0069371			2594.4	99.800003052		
3643.8	1.12530005		0.0069858			2595.4	99.800003052		
3645.2	1.126000047		0.0061475			2596.4	99.800003052		
3646.7	1.12650001		0.0062093			2597.3	99.800003052		
3648.1	1.127500057		0.0045124			2598.3	99.800003052		
3649.6	1.128800035		0.0046698			2599.3	99.800003052		
3651	1.129500031		0.0047556			2600.2	99.800003052		
3652.5	1.130399942		0.0039526			2601.2	99.800003052		
3653.9	1.131199956		0.0040451			2602.2	99.800003052		
3655.4	1.131899953		0.0032319			2603.1	99.800003052		
3656.8	1.133000016		0.0024723			2604.1	99.800003052		
3658.3	1.133999944		0.002587			2605.1	99.800003052		
3659.7	1.134899974		0.001808			2606	99.800003052		
3661.2	1.135800004		0.0019132			2607	99.800003052		
3662.6	1.136600018		0.0011202			2607.9	99.800003052		
3664.1	1.137799978		0.00038254			2608.9	99.800003052		
3665.5	1.139000058		0.00052226			2609.9	99.800003052		
3666.9	1.139700055		0.00060427			2610.8	99.800003052		
3668.4	1.140400052		1.19E-7			2611.8	99.800003052		
3669.8	1.141499996		1.19E-7			2612.8	99.800003052		
3671.3	1.143000007		1.19E-7			2613.7	99.800003052		
3672.7	1.144000053		1.19E-7			2614.7	99.800003052		
3674.2	1.144600034		1.19E-7			2615.7	99.800003052		
3675.6	1.145699978		1.19E-7			2616.6	99.800003052		
3677.1	1.147199988		1.19E-7			2617.6	99.800003052		
3678.5	1.148300052		1.19E-7			2618.6	99.800003052		
3680	1.149299979		1.19E-7			2619.5	99.800003052		
3681.4	1.150400043		1.19E-7			2620.5	99.800003052		
3682.9	1.15139997		1.19E-7			2621.4	99.800003052		
3684.3	1.152400017		1.19E-7			2622.4	99.800003052		
3685.8	1.15320003		1.19E-7			2623.4	99.800003052		
3687.2	1.153900027		1.19E-7			2624.3	99.800003052		
3688.6	1.154899955		1.19E-7			2625.3	99.800003052		
3690.1	1.155699968		1.19E-7			2626.3	99.800003052		
3691.5	1.156499982		1.19E-7			2627.2	99.800003052		
3693	1.157299995		1.19E-7			2628.2	99.800003052		
3694.4	1.157500029		1.19E-7			2629.2	99.900001526		
3695.9	1.158100009		1.19E-7			2630.1	99.800003052		
3697.3	1.158900023		1.19E-7			2631.1	99.800003052		
3698.8	1.159399986		1.19E-7			2632.1	99.800003052		
3700.2	1.160099983		1.19E-7			2633	99.900001526		
3701.7	1.160899997		1.19E-7			2634	99.800003052		
3703.1	1.161499977		1.19E-7			2635	99.800003052		
3704.6	1.162099957		1.19E-7			2635.9	99.900001526		
3706	1.162899971		1.19E-7			2636.9	99.900001526		
3707.5	1.163699985		1.19E-7			2637.8	99.900001526		
3708.9	1.164499998		1.19E-7			2638.8	99.900001526		
3710.3	1.165500045		1.19E-7			2639.8	99.800003052		
3711.8	1.166599989		1.19E-7			2640.7	99.900001526		
3713.2	1.167500019		1.19E-7			2641.7	99.900001526		
3714.7	1.168300033		1.19E-7			2642.7	99.800003052		
3716.1	1.16900003		1.19E-7			2643.6	99.900001526		
3717.6	1.169700027		1.19E-7			2644.6	99.900001526		
3719	1.170400023		1.19E-7			2645.6	99.900001526		
3720.5	1.170899987		1.19E-7			2646.5	99.900001526		
3721.9	1.171399951		1.19E-7			2647.5	99.900001526		
3723.4	1.172000051		1.19E-7			2648.5	99.900001526		
3724.8	1.172899961		1.19E-7			2649.4	99.900001526		
3726.3	1.173400044		1.19E-7			2650.4	99.900001526		
3727.7	1.174200058		1.19E-7			2651.3	99.900001526		
3729.2	1.175300002		1.19E-7			2652.3	99.900001526		
3730.6	1.175899982		1.19E-7			2653.3	99.900001526		
3732	1.176300049		1.19E-7			2654.2	99.900001526		
3733.5	1.17719996		1.19E-7			2655.2	99.900001526		
3734.9	1.177800059		1.19E-7			2656.2	99.900001526		
3736.4	1.17840004		1.19E-7			2657.1	99.900001526		
3737.8	1.179299951		1.19E-7			2658.1	99.900001526		
3739.3	1.180099964		1.19E-7			2659.1	99.900001526		
3740.7	1.180500031		1.19E-7			2660	99.900001526		
3742.2	1.180899978		1.19E-7			2661	99.900001526		
3743.6	1.181100011		1.19E-7			2662	99.900001526		
3745.1	1.182000041		1.19E-7			2662.9	99.900001526		
3746.5	1.183300018		1.19E-7			2663.9	99.900001526		
3748	1.183500051		1.19E-7			2664.9	99.900001526		
3749.4	1.183899999		1.19E-7			2665.8	99.900001526		
3750.9	1.184599996		1.19E-7			2666.8	99.900001526		
3752.3	1.185199976		1.19E-7			2667.7	99.900001526		
3753.7	1.185700059		1.19E-7			2668.7	99.900001526		
3755.2	1.186300039		1.19E-7			2669.7	99.900001526		
3756.6	1.186800003		1.19E-7			2670.6	99.900001526		
3758.1	1.18719995		1.19E-7			2671.6	99.900001526		
3759.5	1.187600017		1.19E-7			2672.6	99.900001526		
3761	1.188199997		1.19E-7			2673.5	99.900001526		
3762.4	1.188799977		1.19E-7			2674.5	99.900001526		
3763.9	1.189200044		1.19E-7			2675.5	99.900001526		
3765.3	1.189900041		1.19E-7			2676.4	99.900001526		
3766.8	1.190500021		1.19E-7			2677.4	99.900001526		
3768.2	1.191100001		1.19E-7			2678.4	99.900001526		
3769.7	1.191599965		1.19E-7			2679.3	99.900001526		
3771.1	1.192100048		1.19E-7			2680.3	99.900001526		
3772.6	1.192600012		1.19E-7			2681.2	99.900001526		
3774	1.192999959		1.19E-7			2682.2	99.900001526		
3775.4	1.193500042		1.19E-7			2683.2	99.900001526		
3776.9	1.193799973		1.19E-7			2684.1	99.900001526		
3778.3	1.194100022		1.19E-7			2685.1	99.900001526		
3779.8	1.194700003		1.19E-7			2686.1	99.900001526		
3781.2	1.195500016		1.19E-7			2687	99.900001526		
3782.7	1.195899963		1.19E-7			2688	99.900001526		
3784.1	1.196200013		1.19E-7			2689	99.900001526		
3785.6	1.196799994		1.19E-7			2689.9	99.900001526		
3787	1.197399974		1.19E-7			2690.9	99.900001526		
3788.5	1.197900057		1.19E-7			2691.9	99.900001526		
3789.9	1.198300004		1.19E-7			2692.8	99.900001526		
3791.4	1.198799968		1.19E-7			2693.8	99.900001526		
3792.8	1.199300051		1.19E-7			2694.7	99.900001526		
3794.3	1.199699998		1.19E-7			2695.7	99.900001526		
3795.7	1.200099945		1.19E-7			2696.7	99.900001526		
3797.1	1.200500011		1.19E-7			2697.6	99.900001526		
3798.6	1.200899959		1.19E-7			2698.6	99.900001526		
3800	1.201300025		1.19E-7			2699.6	99.900001526		
3801.5	1.201500058		1.19E-7			2700.5	99.900001526		
3802.9	1.202100039		1.19E-7			2701.5	99.900001526		
3804.4	1.202700019		1.19E-7			2702.5	99.900001526		
3805.8	1.202800035		1.19E-7			2703.4	99.900001526		
3807.3	1.203299999		1.19E-7			2704.4	99.900001526		
3808.7	1.203600049		1.19E-7			2705.4	99.900001526		
3810.2	1.20389998		1.19E-7			2706.3	99.900001526		
3811.6	1.20449996		1.19E-7			2707.3	99.900001526		
3813.1	1.204900026		1.19E-7			2708.3	99.900001526		
3814.5	1.205299973		1.19E-7			2709.2	99.900001526		
3816	1.205600023		1.19E-7			2710.2	99.900001526		
3817.4	1.20630002		1.19E-7			2711.1	99.900001526		
3818.8	1.206799984		1.19E-7			2712.1	99.900001526		
3820.3	1.207000017		1.19E-7			2713.1	99.900001526		
3821.7	1.207499981		1.19E-7			2714	99.900001526		
3823.2	1.208099961		1.19E-7			2715	99.900001526		
3824.6	1.208199978		1.19E-7			2716	99.900001526		
3826.1	1.208299994		1.19E-7			2716.9	99.900001526		
3827.5	1.208699942		1.19E-7			2717.9	99.900001526		
3829	1.209300041		1.19E-7			2718.9	99.900001526		
3830.4	1.209800005		1.19E-7			2719.8	99.900001526		
3831.9	1.210199952		1.19E-7			2720.8	99.900001526		
3833.3	1.210700035		1.19E-7			2721.8	99.900001526		
3834.8	1.210999966		1.19E-7			2722.7	99.900001526		
3836.2	1.211400032		1.19E-7			2723.7	99.900001526		
3837.7	1.211699963		1.19E-7			2724.6	99.900001526		
3839.1	1.212299943		1.19E-7			2725.6	99.900001526		
3840.6	1.212900043		1.19E-7			2726.6	99.900001526		
3842	1.213099957		1.19E-7			2727.5	99.900001526		
3843.4	1.213500023		1.19E-7			2728.5	99.900001526		
3844.9	1.213799953		1.19E-7			2729.5	99.900001526		
3846.3	1.214100003		1.19E-7			2730.4	99.900001526		
3847.8	1.214400053		1.19E-7			2731.4	99.900001526		
3849.2	1.214699984		1.19E-7			2732.4	99.900001526		
3850.7	1.214900017		1.19E-7			2733.3	99.900001526		
3852.1	1.21510005		1.19E-7			2734.3	99.900001526		
3853.6	1.215399981		1.19E-7			2735.3	99.900001526		
3855	1.216500044		1.19E-7			2736.2	99.900001526		
3856.5	1.217100024		1.19E-7			2737.2	99.900001526		
3857.9	1.217000008		1.19E-7			2738.2	99.900001526		
3859.4	1.217200041		1.19E-7			2739.1	99.900001526		
3860.8	1.217200041		1.19E-7			2740.1	99.900001526		
3862.3	1.217499971		1.19E-7			2741	99.900001526		
3863.7	1.218099952		1.19E-7			2742	99.900001526		
3865.1	1.218600035		1.19E-7			2743	99.900001526		
3866.6	1.219099998		1.19E-7			2743.9	99.900001526		
3868	1.219200015		1.19E-7			2744.9	99.900001526		
3869.5	1.219200015		1.19E-7			2745.9	99.900001526		
3870.9	1.219900012		1.19E-7			2746.8	99.900001526		
3872.4	1.220600009		1.19E-7			2747.8	99.900001526		
3873.8	1.220800042		1.19E-7			2748.8	99.900001526		
3875.3	1.221099973		1.19E-7			2749.7	99.900001526		
3876.7	1.221400023		1.19E-7			2750.7	99.900001526		
3878.2	1.221699953		1.19E-7			2751.7	99.900001526		
3879.6	1.222000003		1.19E-7			2752.6	99.900001526		
3881.1	1.222300053		1.19E-7			2753.6	99.900001526		
3882.5	1.222599983		1.19E-7			2754.5	99.900001526		
3884	1.222900033		1.19E-7			2755.5	99.900001526		
3885.4	1.223099947		1.19E-7			2756.5	100		
3886.8	1.223700047		1.19E-7			2757.4	99.900001526		
3888.3	1.22420001		1.19E-7			2758.4	99.900001526		
3889.7	1.224400043		1.19E-7			2759.4	99.900001526		
3891.2	1.224599957		1.19E-7			2760.3	99.900001526		
3892.6	1.224900007		1.19E-7			2761.3	99.900001526		
3894.1	1.225200057		1.19E-7			2762.3	99.900001526		
3895.5	1.225499988		1.19E-7			2763.2	99.900001526		
3897	1.225700021		1.19E-7			2764.2	99.900001526		
3898.4	1.225999951		1.19E-7			2765.2	99.900001526		
3899.9	1.226300001		1.19E-7			2766.1	99.900001526		
3901.3	1.226400018		1.19E-7			2767.1	99.900001526		
3902.8	1.226899981		1.19E-7			2768.1	99.900001526		
3904.2	1.227300048		1.19E-7			2769	99.900001526		
3905.7	1.227699995		1.19E-7			2770	99.900001526		
3907.1	1.228199959		1.19E-7			2770.9	99.900001526		
3908.5	1.228299975		1.19E-7			2771.9	99.900001526		
3910	1.228500009		1.19E-7			2772.9	99.900001526		
3911.4	1.228800058		1.19E-7			2773.8	100		
3912.9	1.228999972		1.19E-7			2774.8	99.900001526		
3914.3	1.229300022		1.19E-7			2775.8	99.900001526		
3915.8	1.229500055		1.19E-7			2776.7	100		
3917.2	1.229799986		1.19E-7			2777.7	99.900001526		
3918.7	1.230000019		1.19E-7			2778.7	100		
3920.1	1.230100036		1.19E-7			2779.6	99.900001526		
3921.6	1.230700016		1.19E-7			2780.6	99.900001526		
3923	1.231099963		1.19E-7			2781.6	99.900001526		
3924.5	1.231299996		1.19E-7			2782.5	99.900001526		
3925.9	1.23150003		1.19E-7			2783.5	99.900001526		
3927.4	1.231699944		1.19E-7			2784.4	100		
3928.8	1.231899977		1.19E-7			2785.4	99.900001526		
3930.2	1.232200027		1.19E-7			2786.4	99.900001526		
3931.7	1.23239994		1.19E-7			2787.3	99.900001526		
3933.1	1.232599974		1.19E-7			2788.3	99.900001526		
3934.6	1.232599974		1.19E-7			2789.3	99.900001526		
3936	1.23300004		1.19E-7			2790.2	99.900001526		
3937.5	1.23360002		1.19E-7			2791.2	99.900001526		
3938.9	1.234200001		1.19E-7			2792.2	100		
3940.4	1.234500051		1.19E-7			2793.1	100		
3941.8	1.234500051		1.19E-7			2794.1	99.900001526		
3943.3	1.234699965		1.19E-7			2795.1	99.900001526		
3944.7	1.234899998		1.19E-7			2796	99.900001526		
3946.2	1.235000014		1.19E-7			2797	99.900001526		
3947.6	1.235399961		1.19E-7			2797.9	99.900001526		
3949.1	1.235800028		1.19E-7			2798.9	99.900001526		
3950.5	1.235800028		1.19E-7			2799.9	99.900001526		
3951.9	1.236199975		1.19E-7			2800.8	100		
3953.4	1.236500025		1.19E-7			2801.8	100		
3954.8	1.236799955		1.19E-7			2802.8	99.900001526		
3956.3	1.237100005		1.19E-7			2803.7	99.900001526		
3957.7	1.237499952		1.19E-7			2804.7	100		
3959.2	1.237900019		1.19E-7			2805.7	99.900001526		
3960.6	1.238000035		1.19E-7			2806.6	99.900001526		
3962.1	1.238199949		1.19E-7			2807.6	100		
3963.5	1.238399982		1.19E-7			2808.6	99.900001526		
3965	1.238600016		1.19E-7			2809.5	99.900001526		
3966.4	1.238800049		1.19E-7			2810.5	99.900001526		
3967.9	1.239099979		1.19E-7			2811.5	100		
3969.3	1.239300013		1.19E-7			2812.4	99.900001526		
3970.8	1.239500046		1.19E-7			2813.4	99.900001526		
3972.2	1.239599943		1.19E-7			2814.3	99.900001526		
3973.6	1.240100026		1.19E-7			2815.3	100		
3975.1	1.24059999		1.19E-7			2816.3	100		
3976.5	1.240700006		1.19E-7			2817.2	99.900001526		
3978	1.241000056		1.19E-7			2818.2	99.900001526		
3979.4	1.24119997		1.19E-7			2819.2	99.900001526		
3980.9	1.24150002		1.19E-7			2820.1	99.900001526		
3982.3	1.241700053		1.19E-7			2821.1	99.900001526		
3983.8	1.241999984		1.19E-7			2822.1	99.900001526		
3985.2	1.242300034		1.19E-7			2823	99.900001526		
3986.7	1.242499948		1.19E-7			2824	99.900001526		
3988.1	1.242699981		1.19E-7			2825	99.900001526		
3989.6	1.243299961		1.19E-7			2825.9	99.900001526		
3991	1.243800044		1.19E-7			2826.9	99.900001526		
3992.5	1.243899941		1.19E-7			2827.8	99.900001526		
3993.9	1.244500041		1.19E-7			2828.8	99.900001526		
3995.3	1.245100021		1.19E-7			2829.8	99.900001526		
3996.8	1.245800018		1.19E-7			2830.7	99.900001526		
3998.2	1.246999979		1.19E-7			2831.7	99.900001526		
3999.7	1.247599959		1.19E-7			2832.7	99.900001526		