# {"full": "Pure H2O 3000 L", "name": "H2O 3000 L", "ratio": "1", "url": "https://icedb.strw.leidenuniv.nl/data/14", "author": "\u00d6berg et al"}
399.264 0.0239372
400.228 0.0107539
401.193 -0.0180995
402.157 -0.0123229
403.122 -0.00763333
404.086 -0.00653273
405.050 -0.00657419
406.015 -0.00585449
406.979 -0.00490363
407.944 -0.00535203
408.908 -0.00234338
409.872 4.08292e-06
410.837 0.000474758
411.801 0.000279034
412.766 0.00591491
413.730 0.0139099
414.694 -0.000945943
415.659 -0.0124496
416.623 -0.00931126
417.588 -0.00756441
418.552 -0.00486113
419.516 -0.00367783
420.481 -0.00512800
421.445 -0.00520436
422.410 -0.00279966
423.374 -0.00381323
424.339 -0.00365006
425.303 -0.00232487
426.267 -0.00559928
427.232 -0.00643524
428.196 -0.00172431
429.161 -0.00245889
430.125 -0.00402719
431.089 -0.00364833
432.054 -0.00555692
433.018 -0.00610900
433.983 -0.00621299
434.947 0.00235793
435.911 0.00728919
436.876 0.000914756
437.840 -0.00189590
438.805 -0.00372874
439.769 -0.00401432
440.733 -0.00565704
441.698 -0.00550285
442.662 0.00224544
443.627 0.00317300
444.591 -0.000965937
445.555 -0.00124677
446.520 -0.00173692
447.484 -0.00228317
448.449 -0.00207170
449.413 -0.00324731
450.377 -0.00324136
451.342 -0.00297698
452.306 -0.00278893
453.271 -0.00211070
454.235 -0.00256205
455.199 -0.00376239
456.164 -0.00467443
457.128 -0.00336609
458.093 -0.00216977
459.057 -0.00223518
460.022 -0.00288898
460.986 -0.00329156
461.950 -0.00301500
462.915 -0.00241072
463.879 -0.00228503
464.844 -0.00217308
465.808 -0.00262450
466.772 -0.00335092
467.737 -0.00291790
468.701 -0.00222178
469.666 -0.00133337
470.630 -0.00361542
471.594 -0.00528188
472.559 -0.00457880
473.523 -0.00442026
474.488 -0.00391425
475.452 -0.00375095
476.416 -0.00357557
477.381 -0.00763688
478.345 -0.00777076
479.310 -0.00402290
480.274 -0.00355306
481.238 -0.00321343
482.203 -0.00328714
483.167 -0.00395222
484.132 -0.00325980
485.096 -0.00189784
486.060 -0.00178476
487.025 -0.00187904
487.989 -0.00166466
488.954 -0.00169366
489.918 -0.00167246
490.883 -0.00427442
491.847 -0.00520935
492.811 -0.00238284
493.776 -0.00135191
494.740 -0.000992965
495.705 -0.00110933
496.669 -0.000953284
497.633 -8.94442e-06
498.598 -0.00205528
499.562 -0.00374952
500.527 -0.00270796
501.491 -0.00209530
502.455 -0.00213637
503.420 -0.00179002
504.384 -0.00187313
505.349 -0.00340999
506.313 -0.00266007
507.277 -0.00142306
508.242 -0.00134173
509.206 -0.00147420
510.171 -0.00139676
511.135 -0.000701225
512.099 -0.000707291
513.064 -0.00107426
514.028 -0.00122592
514.993 -0.00100439
515.957 -0.000496159
516.921 -0.000623627
517.886 -0.00106320
518.850 -0.00118156
519.815 -0.000100234
520.779 0.000656296
521.743 0.000644128
522.708 0.000724058
523.672 0.000681386
524.637 0.000887915
525.601 0.000390743
526.565 8.02716e-05
527.530 0.000381699
528.494 0.000516526
529.459 0.000768453
530.423 0.000711579
531.388 0.000505505
532.352 -0.000400169
533.316 -0.000191243
534.281 0.00207408
535.245 0.00228641
536.210 0.00171723
537.174 0.00138885
538.138 0.00131988
539.103 0.00175980
540.067 0.00165342
541.032 0.00116574
541.996 0.00124787
542.960 0.00152429
543.925 0.00141511
544.889 0.00138233
545.854 0.00129925
546.818 0.00134707
547.782 0.00108789
548.747 0.000866505
549.711 0.000810324
550.676 0.000806543
551.640 0.00109316
552.604 0.00114738
553.569 0.00125809
554.533 0.00129191
555.498 0.00123323
556.462 0.00142914
557.427 0.00170716
558.391 0.00140067
559.355 0.00104749
560.320 0.00151740
561.284 0.00167571
562.249 0.00147003
563.213 0.00140754
564.177 0.00154015
565.142 0.00153587
566.106 0.00160338
567.071 0.00148319
568.035 0.00127240
568.999 0.00177441
569.964 0.00220312
570.928 0.00206383
571.893 0.00183514
572.857 0.00214805
573.821 0.00225056
574.786 0.00196476
575.750 0.00235017
576.715 0.00273518
577.679 0.00258959
578.643 0.00232729
579.608 0.00221110
580.572 0.00212940
581.537 0.00184431
582.501 0.00203271
583.465 0.00248352
584.430 0.00241972
585.394 0.00233783
586.359 0.00221703
587.323 0.00217903
588.287 0.00202574
589.252 0.00184964
590.216 0.00297714
591.181 0.00331594
592.145 0.00287744
593.109 0.00285574
594.074 0.00285934
595.038 0.00286524
596.003 0.00271114
596.967 0.00269834
597.932 0.00267944
598.896 0.00265024
599.860 0.00276113
600.825 0.00290513
601.789 0.00294563
602.754 0.00287563
603.718 0.00286032
604.682 0.00324802
605.647 0.00355401
606.611 0.00334761
607.576 0.00341450
608.540 0.00360580
609.504 0.00369299
610.469 0.00340208
611.433 0.00317968
612.398 0.00356137
613.362 0.00368766
614.326 0.00383275
615.291 0.00393614
616.255 0.00378423
617.220 0.00324603
618.184 0.00332272
619.148 0.00391431
620.113 0.00402149
621.077 0.00388598
622.042 0.00405587
623.006 0.00406486
623.971 0.00380285
624.935 0.00485804
625.899 0.00522382
626.864 0.00466391
627.828 0.00477030
628.793 0.00476388
629.757 0.00486366
630.721 0.00492885
631.686 0.00481304
632.650 0.00485112
633.615 0.00512870
634.579 0.00537739
635.543 0.00542077
636.508 0.00542475
637.472 0.00548983
638.437 0.00549612
639.401 0.00553940
640.365 0.00560258
641.330 0.00569396
642.294 0.00586374
643.259 0.00598762
644.223 0.00609120
645.187 0.00575818
646.152 0.00603366
647.116 0.00679983
648.081 0.00669841
649.045 0.00659749
650.009 0.00688317
650.974 0.00717134
651.938 0.00753542
652.903 0.00739679
653.867 0.00721047
654.831 0.00757775
655.796 0.00765072
656.760 0.00745089
657.725 0.00746507
658.689 0.00768374
659.654 0.00750491
660.618 0.00755989
661.582 0.00814486
662.547 0.00834473
663.511 0.00841750
664.476 0.00859537
665.440 0.00865634
666.404 0.00862951
667.369 0.00803198
668.333 0.00782755
669.298 0.00882192
670.262 0.00935479
671.226 0.00950636
672.191 0.00966953
673.155 0.0100011
674.120 0.0103442
675.084 0.0103742
676.048 0.0104588
677.013 0.0105490
677.977 0.0106036
678.942 0.0109101
679.906 0.0110007
680.870 0.0111616
681.835 0.0114948
682.799 0.0115324
683.764 0.0117721
684.728 0.0119131
685.692 0.0120867
686.657 0.0124826
687.621 0.0127833
688.586 0.0131829
689.550 0.0131899
690.514 0.0130993
691.479 0.0135185
692.443 0.0138568
693.408 0.0142571
694.372 0.0143927
695.337 0.0144101
696.301 0.0147674
697.265 0.0148235
698.230 0.0147546
699.194 0.0147604
700.159 0.0149047
701.123 0.0154599
702.087 0.0170816
703.052 0.0183513
704.016 0.0177292
704.981 0.0172502
705.945 0.0173267
706.909 0.0174347
707.874 0.0174029
708.838 0.0172435
709.803 0.0177933
710.767 0.0181275
711.731 0.0182495
712.696 0.0185212
713.660 0.0186297
714.625 0.0189961
715.589 0.0196168
716.553 0.0198902
717.518 0.0199066
718.482 0.0199186
719.447 0.0200965
720.411 0.0206020
721.375 0.0210059
722.340 0.0213503
723.304 0.0216265
724.269 0.0215813
725.233 0.0216112
726.198 0.0218045
727.162 0.0221187
728.126 0.0225378
729.091 0.0228594
730.055 0.0228581
731.020 0.0229629
731.984 0.0233456
732.948 0.0235964
733.913 0.0237482
734.877 0.0238721
735.842 0.0242907
736.806 0.0241899
737.770 0.0237974
738.735 0.0242373
739.699 0.0247064
740.664 0.0248524
741.628 0.0251450
742.592 0.0253275
743.557 0.0253652
744.521 0.0257358
745.486 0.0257415
746.450 0.0256467
747.414 0.0261143
748.379 0.0262608
749.343 0.0264888
750.308 0.0271087
751.272 0.0273305
752.236 0.0271714
753.201 0.0272668
754.165 0.0274233
755.130 0.0275361
756.094 0.0279385
757.058 0.0285425
758.023 0.0285753
758.987 0.0283636
759.952 0.0287748
760.916 0.0288969
761.880 0.0287868
762.845 0.0289331
763.809 0.0293155
764.774 0.0297907
765.738 0.0297328
766.703 0.0297350
767.667 0.0300098
768.631 0.0301513
769.596 0.0302605
770.560 0.0303457
771.525 0.0307332
772.489 0.0308522
773.453 0.0308102
774.418 0.0310543
775.382 0.0311879
776.347 0.0312732
777.311 0.0313010
778.275 0.0314638
779.240 0.0318032
780.204 0.0319564
781.169 0.0319376
782.133 0.0319460
783.097 0.0319930
784.062 0.0318982
785.026 0.0317461
785.991 0.0320058
786.955 0.0324929
787.919 0.0327660
788.884 0.0327345
789.848 0.0324773
790.813 0.0324217
791.777 0.0325679
792.742 0.0326852
793.706 0.0326687
794.670 0.0326352
795.635 0.0328445
796.599 0.0330773
797.564 0.0330431
798.528 0.0329135
799.492 0.0328373
800.457 0.0330703
801.421 0.0335105
802.386 0.0335334
803.350 0.0331650
804.314 0.0329541
805.279 0.0330776
806.243 0.0331602
807.208 0.0332334
808.172 0.0332340
809.136 0.0330525
810.101 0.0329655
811.065 0.0329399
812.030 0.0332166
812.994 0.0333521
813.958 0.0330695
814.923 0.0329906
815.887 0.0329367
816.852 0.0329103
817.816 0.0329258
818.780 0.0328046
819.745 0.0327780
820.709 0.0327254
821.674 0.0323825
822.638 0.0324717
823.602 0.0324977
824.567 0.0322273
825.531 0.0321901
826.496 0.0322084
827.460 0.0320900
828.424 0.0319593
829.389 0.0320552
830.353 0.0318561
831.318 0.0316258
832.282 0.0317041
833.247 0.0319118
834.211 0.0314548
835.175 0.0305929
836.140 0.0304137
837.104 0.0307082
838.069 0.0311188
839.033 0.0311519
839.997 0.0309309
840.962 0.0306525
841.926 0.0303911
842.891 0.0303166
843.855 0.0301791
844.819 0.0300598
845.784 0.0300597
846.748 0.0300292
847.713 0.0298146
848.677 0.0293829
849.641 0.0292910
850.606 0.0292455
851.570 0.0291203
852.535 0.0291203
853.499 0.0289948
854.463 0.0288622
855.428 0.0286458
856.392 0.0283302
857.357 0.0282972
858.321 0.0283058
859.286 0.0281638
860.250 0.0281701
861.214 0.0280031
862.179 0.0276423
863.143 0.0275035
864.108 0.0274167
865.072 0.0272673
866.036 0.0270353
867.001 0.0266692
867.965 0.0265145
868.930 0.0264067
869.894 0.0260727
870.858 0.0257857
871.823 0.0259672
872.787 0.0258809
873.752 0.0256659
874.716 0.0255617
875.680 0.0255022
876.645 0.0254291
877.609 0.0250179
878.574 0.0246824
879.538 0.0243175
880.502 0.0241652
881.467 0.0241506
882.431 0.0240598
883.396 0.0237014
884.360 0.0230238
885.324 0.0228573
886.289 0.0228900
887.253 0.0227590
888.218 0.0226126
889.182 0.0223498
890.146 0.0220891
891.111 0.0220164
892.075 0.0219622
893.040 0.0217721
894.004 0.0214229
894.969 0.0210438
895.933 0.0208208
896.897 0.0204989
897.862 0.0201581
898.826 0.0200458
899.791 0.0197513
900.755 0.0196032
901.719 0.0194144
902.684 0.0189185
903.648 0.0186976
904.613 0.0184574
905.577 0.0182898
906.541 0.0182384
907.506 0.0180198
908.470 0.0176794
909.435 0.0173303
910.399 0.0170601
911.363 0.0167543
912.328 0.0167378
913.292 0.0167178
914.257 0.0162715
915.221 0.0158713
916.185 0.0157170
917.150 0.0155788
918.114 0.0153994
919.079 0.0150650
920.043 0.0147495
921.007 0.0146394
921.972 0.0142443
922.936 0.0141158
923.901 0.0140863
924.865 0.0137239
925.829 0.0134199
926.794 0.0131775
927.758 0.0130400
928.723 0.0127113
929.687 0.0122795
930.651 0.0121038
931.616 0.0120241
932.580 0.0117432
933.545 0.0117467
934.509 0.0117057
935.474 0.0111766
936.438 0.0109111
937.402 0.0106483
938.367 0.0103959
939.331 0.0102070
940.296 0.00977040
941.260 0.00946365
942.224 0.00937101
943.189 0.00917986
944.153 0.00884422
945.118 0.00857058
946.082 0.00852743
947.046 0.00828218
948.011 0.00803134
948.975 0.00799289
949.940 0.00783904
950.904 0.00767900
951.868 0.00739825
952.833 0.00714940
953.797 0.00709115
954.762 0.00685700
955.726 0.00666235
956.690 0.00661700
957.655 0.00653625
958.619 0.00648740
959.584 0.00630375
960.548 0.00615170
961.513 0.00599494
962.477 0.00589389
963.441 0.00570604
964.406 0.00552779
965.370 0.00530303
966.335 0.00517878
967.299 0.00523613
968.263 0.00480577
969.228 0.00442742
970.192 0.00453376
971.157 0.00437600
972.121 0.00413755
973.085 0.00421219
974.050 0.00424083
975.014 0.00400778
975.979 0.00375822
976.943 0.00391816
977.907 0.00395210
978.872 0.00358794
979.836 0.00338388
980.801 0.00334432
981.765 0.00322596
982.729 0.00325910
983.694 0.00328324
984.658 0.00327638
985.623 0.00317642
986.587 0.00305306
987.551 0.00280879
988.516 0.00261043
989.480 0.00256847
990.445 0.00284170
991.409 0.00301264
992.373 0.00267297
993.338 0.00254571
994.302 0.00239144
995.267 0.00214018
996.231 0.00218191
997.195 0.00214034
998.160 0.00196528
999.124 0.00223341
1000.09 0.00242954
1001.05 0.00224278
1002.02 0.00212330
1002.98 0.00203694
1003.95 0.00182416
1004.91 0.00172730
1005.88 0.00178712
1006.84 0.00183955
1007.80 0.00182809
1008.77 0.00177151
1009.73 0.00179774
1010.70 0.00165687
1011.66 0.00149100
1012.63 0.00177032
1013.59 0.00208905
1014.55 0.00197958
1015.52 0.00187510
1016.48 0.00196753
1017.45 0.00187035
1018.41 0.00193908
1019.38 0.00197070
1020.34 0.00181902
1021.31 0.00175744
1022.27 0.00186097
1023.23 0.00200590
1024.20 0.00195801
1025.16 0.00166894
1026.13 0.00167296
1027.09 0.00182828
1028.06 0.00170319
1029.02 0.00173782
1029.99 0.00203353
1030.95 0.00213746
1031.91 0.00188328
1032.88 0.00197329
1033.84 0.00202692
1034.81 0.00190633
1035.77 0.00188845
1036.74 0.00182756
1037.70 0.00162278
1038.66 0.00147470
1039.63 0.00151761
1040.59 0.00155803
1041.56 0.00178574
1042.52 0.00178636
1043.49 0.00168237
1044.45 0.00158529
1045.42 0.00143880
1046.38 0.00164461
1047.34 0.00170083
1048.31 0.00176174
1049.27 0.00196655
1050.24 0.00189796
1051.20 0.00167548
1052.17 0.00135608
1053.13 0.00117749
1054.10 0.00135910
1055.06 0.00164531
1056.02 0.00158823
1056.99 0.00139883
1057.95 0.00146944
1058.92 0.00161504
1059.88 0.00167086
1060.85 0.00164436
1061.81 0.00156797
1062.78 0.00145297
1063.74 0.00135798
1064.70 0.00123059
1065.67 0.00114339
1066.63 0.00114800
1067.60 0.00120630
1068.56 0.00136810
1069.53 0.00133260
1070.49 0.00109011
1071.45 0.00108962
1072.42 0.00141391
1073.38 0.00144062
1074.35 0.00139011
1075.31 0.00140202
1076.28 0.00126631
1077.24 0.00113702
1078.21 0.00109381
1079.17 0.00125382
1080.13 0.00142322
1081.10 0.00140351
1082.06 0.00138282
1083.03 0.00125391
1083.99 0.00114741
1084.96 0.00130830
1085.92 0.00137810
1086.89 0.00145879
1087.85 0.00149559
1088.81 0.00133939
1089.78 0.00124788
1090.74 0.00118018
1091.71 0.00120017
1092.67 0.00126297
1093.64 0.00137306
1094.60 0.00154615
1095.56 0.00164815
1096.53 0.00164454
1097.49 0.00131103
1098.46 0.00128692
1099.42 0.00142362
1100.39 0.00149300
1101.35 0.00164489
1102.32 0.00156658
1103.28 0.00151857
1104.24 0.00134827
1105.21 0.00123005
1106.17 0.00148534
1107.14 0.00159682
1108.10 0.00152242
1109.07 0.00159700
1110.03 0.00167069
1111.00 0.00148667
1111.96 0.00162106
1112.92 0.00175995
1113.89 0.00155083
1114.85 0.00149742
1115.82 0.00155840
1116.78 0.00161828
1117.75 0.00155976
1118.71 0.00146295
1119.68 0.00160233
1120.64 0.00171081
1121.60 0.00162590
1122.57 0.00179998
1123.53 0.00156126
1124.50 0.00125783
1125.46 0.00143342
1126.43 0.00146599
1127.39 0.00160868
1128.35 0.00171376
1129.32 0.00165803
1130.28 0.00152282
1131.25 0.00154189
1132.21 0.00169197
1133.18 0.00160844
1134.14 0.00137672
1135.11 0.00114760
1136.07 0.00137067
1137.03 0.00159666
1138.00 0.00148773
1138.96 0.00157310
1139.93 0.00157987
1140.89 0.00164195
1141.86 0.00171362
1142.82 0.00160050
1143.79 0.00140566
1144.75 0.00125674
1145.71 0.00141142
1146.68 0.00162198
1147.64 0.00169106
1148.61 0.00156982
1149.57 0.00151130
1150.54 0.00156386
1151.50 0.00165724
1152.46 0.00170631
1153.43 0.00164537
1154.39 0.00154714
1155.36 0.00132361
1156.32 0.00136568
1157.29 0.00150414
1158.25 0.00140661
1159.22 0.00150427
1160.18 0.00164854
1161.14 0.00146661
1162.11 0.00135817
1163.07 0.00152544
1164.04 0.00166960
1165.00 0.00165747
1165.97 0.00166523
1166.93 0.00172269
1167.90 0.00171235
1168.86 0.00170242
1169.82 0.00169578
1170.79 0.00177484
1171.75 0.00195880
1172.72 0.00192716
1173.68 0.00184442
1174.65 0.00196748
1175.61 0.00201454
1176.57 0.00202001
1177.54 0.00189416
1178.50 0.00163572
1179.47 0.00153697
1180.43 0.00170154
1181.40 0.00192369
1182.36 0.00203205
1183.33 0.00205600
1184.29 0.00207136
1185.25 0.00196572
1186.22 0.00197577
1187.18 0.00199313
1188.15 0.00189358
1189.11 0.00190424
1190.08 0.00199228
1191.04 0.00198664
1192.01 0.00198709
1192.97 0.00214244
1193.93 0.00212190
1194.90 0.00195645
1195.86 0.00197880
1196.83 0.00201485
1197.79 0.00199530
1198.76 0.00220915
1199.72 0.00228740
1200.69 0.00230124
1201.65 0.00231320
1202.61 0.00222765
1203.58 0.00220459
1204.54 0.00223785
1205.51 0.00233489
1206.47 0.00236244
1207.44 0.00227278
1208.40 0.00221923
1209.36 0.00226058
1210.33 0.00246872
1211.29 0.00252547
1212.26 0.00240471
1213.22 0.00264525
1214.19 0.00272929
1215.15 0.00258954
1216.12 0.00258078
1217.08 0.00264642
1218.04 0.00270407
1219.01 0.00269291
1219.97 0.00269105
1220.94 0.00266478
1221.90 0.00252873
1222.87 0.00257526
1223.83 0.00269811
1224.80 0.00263374
1225.76 0.00271659
1226.72 0.00284443
1227.69 0.00284636
1228.65 0.00287990
1229.62 0.00268553
1230.58 0.00262397
1231.55 0.00257051
1232.51 0.00151275
1233.47 -0.00136161
1234.44 -0.00118168
1235.40 0.00243365
1236.37 0.00392238
1237.33 0.00415002
1238.30 0.00417495
1239.26 0.00410179
1240.23 0.00399042
1241.19 0.00390335
1242.15 0.00361789
1243.12 0.00331081
1244.08 0.00325145
1245.05 0.00318797
1246.01 0.00318601
1246.98 0.00306143
1247.94 0.00268177
1248.91 0.00234119
1249.87 0.00219522
1250.83 0.00241476
1251.80 0.00280698
1252.76 0.00286311
1253.73 0.00265553
1254.69 0.00229117
1255.66 0.00238288
1256.62 0.00305002
1257.59 0.00355103
1258.55 0.00370206
1259.51 0.00387540
1260.48 0.00385191
1261.44 0.00370754
1262.41 0.00384586
1263.37 0.00376939
1264.34 0.00362910
1265.30 0.00371183
1266.26 0.00383216
1267.23 0.00386687
1268.19 0.00382100
1269.16 0.00374581
1270.12 0.00366684
1271.09 0.00374075
1272.05 0.00371008
1273.02 0.00371909
1273.98 0.00385791
1274.94 0.00383964
1275.91 0.00369115
1276.87 0.00361797
1277.84 0.00359568
1278.80 0.00360590
1279.77 0.00374492
1280.73 0.00381184
1281.70 0.00379434
1282.66 0.00379326
1283.62 0.00382608
1284.59 0.00381479
1285.55 0.00378221
1286.52 0.00382442
1287.48 0.00390604
1288.45 0.00386024
1289.41 0.00376016
1290.37 0.00376538
1291.34 0.00393678
1292.30 0.00398660
1293.27 0.00399050
1294.23 0.00413242
1295.20 0.00407102
1296.16 0.00406364
1297.13 0.00408094
1298.09 0.00399176
1299.05 0.00398277
1300.02 0.00396117
1300.98 0.00402538
1301.95 0.00409538
1302.91 0.00408149
1303.88 0.00416239
1304.84 0.00420291
1305.81 0.00412701
1306.77 0.00416892
1307.73 0.00431722
1308.70 0.00430712
1309.66 0.00415733
1310.63 0.00415923
1311.59 0.00437734
1312.56 0.00434513
1313.52 0.00427394
1314.48 0.00451015
1315.45 0.00457775
1316.41 0.00444425
1317.38 0.00432425
1318.34 0.00447795
1319.31 0.00468304
1320.27 0.00471985
1321.24 0.00487894
1322.20 0.00495424
1323.16 0.00495245
1324.13 0.00492594
1325.09 0.00497384
1326.06 0.00505143
1327.02 0.00494444
1327.99 0.00499293
1328.95 0.00522763
1329.92 0.00530652
1330.88 0.00545542
1331.84 0.00572422
1332.81 0.00582900
1333.77 0.00584190
1334.74 0.00529099
1335.70 0.00357279
1336.67 0.00133098
1337.63 0.000190874
1338.60 0.000403259
1339.56 0.000668355
1340.52 0.00140455
1341.49 0.00386484
1342.45 0.00618273
1343.42 0.00644742
1344.38 0.00593611
1345.35 0.00472169
1346.31 0.00143299
1347.27 -0.00297498
1348.24 -0.00641463
1349.20 -0.00730170
1350.17 -0.00455671
1351.13 -2.87723e-05
1352.10 0.00248511
1353.06 0.00176420
1354.03 0.000423978
1354.99 0.00165067
1355.95 0.00423036
1356.92 0.00585404
1357.88 0.00664363
1358.85 0.00701040
1359.81 0.00748079
1360.78 0.00843437
1361.74 0.00942225
1362.71 0.00995753
1363.67 0.0101134
1364.63 0.0100899
1365.60 0.00990968
1366.56 0.00973146
1367.53 0.00958564
1368.49 0.00885892
1369.46 0.00784569
1370.42 0.00762638
1371.38 0.00832416
1372.35 0.00902803
1373.31 0.00957562
1374.28 0.0103468
1375.24 0.0108819
1376.21 0.0106442
1377.17 0.00948122
1378.14 0.00765219
1379.10 0.00623957
1380.06 0.00522955
1381.03 0.00383482
1381.99 0.00227710
1382.96 0.000921866
1383.92 0.000346043
1384.89 0.000464010
1385.85 0.000597388
1386.82 0.000550853
1387.78 0.000766330
1388.74 0.00116091
1389.71 0.00140397
1390.67 0.00186705
1391.64 0.00226561
1392.60 0.00248009
1393.57 0.00266645
1394.53 0.00292722
1395.50 0.00341619
1396.46 0.00376466
1397.42 0.00403503
1398.39 0.00447869
1399.35 0.00477666
1400.32 0.00495822
1401.28 0.00520149
1402.25 0.00549545
1403.21 0.00551663
1404.17 0.00545729
1405.14 0.00570385
1406.10 0.00596152
1407.07 0.00615128
1408.03 0.00598515
1409.00 0.00577170
1409.96 0.00550737
1410.93 0.00519083
1411.89 0.00489129
1412.85 0.00468336
1413.82 0.00497931
1414.78 0.00544668
1415.75 0.00573083
1416.71 0.00596670
1417.68 0.00629885
1418.64 0.00666262
1419.61 0.00648247
1420.57 0.00558093
1421.53 0.00516469
1422.50 0.00533844
1423.46 0.00573091
1424.43 0.00603636
1425.39 0.00602242
1426.36 0.00618597
1427.32 0.00627953
1428.28 0.00613509
1429.25 0.00621423
1430.21 0.00627240
1431.18 0.00620174
1432.14 0.00621090
1433.11 0.00621885
1434.07 0.00613431
1435.04 0.00616315
1436.00 0.00628641
1436.96 0.00616596
1437.93 0.00615561
1438.89 0.00631626
1439.86 0.00631861
1440.82 0.00625456
1441.79 0.00612351
1442.75 0.00619126
1443.72 0.00625860
1444.68 0.00617435
1445.64 0.00624051
1446.61 0.00632135
1447.57 0.00645220
1448.54 0.00643734
1449.50 0.00630019
1450.47 0.00612593
1451.43 0.00618478
1452.40 0.00632712
1453.36 0.00630277
1454.32 0.00627742
1455.29 0.00625806
1456.25 0.00631331
1457.22 0.00629334
1458.18 0.00622729
1459.15 0.00631512
1460.11 0.00642697
1461.07 0.00646592
1462.04 0.00647985
1463.00 0.00648290
1463.97 0.00640763
1464.93 0.00640628
1465.90 0.00668341
1466.86 0.00672635
1467.83 0.00655839
1468.79 0.00673263
1469.75 0.00677657
1470.72 0.00669970
1471.68 0.00670264
1472.65 0.00661858
1473.61 0.00657752
1474.58 0.00662195
1475.54 0.00674719
1476.51 0.00684891
1477.47 0.00685995
1478.43 0.00676739
1479.40 0.00677092
1480.36 0.00683066
1481.33 0.00685669
1482.29 0.00687932
1483.26 0.00700515
1484.22 0.00705069
1485.18 0.00708052
1486.15 0.00702445
1487.11 0.00692839
1488.08 0.00695171
1489.04 0.00692624
1490.01 0.00690956
1490.97 0.00698190
1491.94 0.00705212
1492.90 0.00713205
1493.86 0.00709619
1494.83 0.00698091
1495.79 0.00704444
1496.76 0.00706096
1497.72 0.00717229
1498.69 0.00716991
1499.65 0.00707794
1500.62 0.00704936
1501.58 0.00696799
1502.54 0.00702872
1503.51 0.00710734
1504.47 0.00723507
1505.44 0.00731168
1506.40 0.00716091
1507.37 0.00699633
1508.33 0.00713525
1509.29 0.00725408
1510.26 0.00723509
1511.22 0.00720992
1512.19 0.00708203
1513.15 0.00719066
1514.12 0.00735057
1515.08 0.00747250
1516.05 0.00755321
1517.01 0.00739753
1517.97 0.00738135
1518.94 0.00735846
1519.90 0.00746179
1520.87 0.00762920
1521.83 0.00756612
1522.80 0.00744663
1523.76 0.00741935
1524.73 0.00758556
1525.69 0.00758878
1526.65 0.00741730
1527.62 0.00749210
1528.58 0.00760982
1529.55 0.00756593
1530.51 0.00771085
1531.48 0.00778535
1532.44 0.00772857
1533.41 0.00766307
1534.37 0.00759319
1535.33 0.00769901
1536.30 0.00774681
1537.26 0.00770312
1538.23 0.00770643
1539.19 0.00769804
1540.16 0.00771324
1541.12 0.00786766
1542.08 0.00791347
1543.05 0.00785367
1544.01 0.00798688
1544.98 0.00800578
1545.94 0.00801860
1546.91 0.00810989
1547.87 0.00799710
1548.84 0.00784000
1549.80 0.00791561
1550.76 0.00797472
1551.73 0.00794132
1552.69 0.00807003
1553.66 0.00808733
1554.62 0.00806213
1555.59 0.00821823
1556.55 0.00827073
1557.52 0.00822953
1558.48 0.00833344
1559.44 0.00829424
1560.41 0.00825914
1561.37 0.00829804
1562.34 0.00823893
1563.30 0.00823134
1564.27 0.00820733
1565.23 0.00826833
1566.19 0.00834804
1567.16 0.00837243
1568.12 0.00835733
1569.09 0.00840232
1570.05 0.00847592
1571.02 0.00846371
1571.98 0.00854811
1572.95 0.00852040
1573.91 0.00858040
1574.87 0.00873920
1575.84 0.00859129
1576.80 0.00867369
1577.77 0.00891397
1578.73 0.00893087
1579.70 0.00891266
1580.66 0.00888215
1581.63 0.00888934
1582.59 0.00879283
1583.55 0.00875983
1584.52 0.00887351
1585.48 0.00880121
1586.45 0.00886539
1587.41 0.00891939
1588.38 0.00896657
1589.34 0.00908046
1590.31 0.00891894
1591.27 0.00885304
1592.23 0.00899243
1593.20 0.00903841
1594.16 0.00891440
1595.13 0.00896168
1596.09 0.00913217
1597.06 0.00904555
1598.02 0.00899214
1598.98 0.00894873
1599.95 0.00885641
1600.91 0.00889429
1601.88 0.00881157
1602.84 0.00857806
1603.81 0.00835543
1604.77 0.00811152
1605.74 0.00787370
1606.70 0.00777198
1607.66 0.00792637
1608.63 0.00781984
1609.59 0.00783673
1610.56 0.00821140
1611.52 0.00837788
1612.49 0.00847716
1613.45 0.00848984
1614.42 0.00848161
1615.38 0.00847819
1616.34 0.00851788
1617.31 0.00837405
1618.27 0.00813153
1619.24 0.00807370
1620.20 0.00818448
1621.17 0.00826735
1622.13 0.00823613
1623.09 0.00810861
1624.06 0.00791637
1625.02 0.00780155
1625.99 0.00763242
1626.95 0.00750940
1627.92 0.00751706
1628.88 0.00758844
1629.85 0.00760600
1630.81 0.00750928
1631.77 0.00757056
1632.74 0.00764762
1633.70 0.00776160
1634.67 0.00791006
1635.63 0.00792313
1636.60 0.00792189
1637.56 0.00796917
1638.53 0.00808463
1639.49 0.00827660
1640.45 0.00844068
1641.42 0.00858754
1642.38 0.00870691
1643.35 0.00881927
1644.31 0.00896504
1645.28 0.00903360
1646.24 0.00915167
1647.20 0.00913624
1648.17 0.00925389
1649.13 0.00937016
1650.10 0.00928202
1651.06 0.00926389
1652.03 0.00931064
1652.99 0.00926831
1653.96 0.00926206
1654.92 0.00947803
1655.88 0.00971070
1656.85 0.00977075
1657.81 0.00987242
1658.78 0.00997587
1659.74 0.00982843
1660.71 0.00985219
1661.67 0.00981015
1662.64 0.00968970
1663.60 0.00976356
1664.56 0.00998983
1665.53 0.0101836
1666.49 0.00995104
1667.46 0.00994189
1668.42 0.0100544
1669.39 0.0100295
1670.35 0.0101324
1671.32 0.0101354
1672.28 0.0100390
1673.24 0.0100090
1674.21 0.0100390
1675.17 0.00988873
1676.14 0.0100317
1677.10 0.0102363
1678.07 0.0101970
1679.03 0.0103150
1679.99 0.0102394
1680.96 0.0100896
1681.92 0.0101580
1682.89 0.0101941
1683.85 0.0100998
1684.82 0.0100149
1685.78 0.0100409
1686.75 0.0100113
1687.71 0.00993667
1688.67 0.00998783
1689.64 0.00996677
1690.60 0.00982432
1691.57 0.00980836
1692.53 0.00984051
1693.50 0.00980845
1694.46 0.00981030
1695.43 0.00980853
1696.39 0.00971338
1697.35 0.00983593
1698.32 0.00992077
1699.28 0.00991682
1700.25 0.00985525
1701.21 0.00963960
1702.18 0.00953263
1703.14 0.00956578
1704.10 0.00963643
1705.07 0.00944136
1706.03 0.00931411
1707.00 0.00929304
1707.96 0.00909668
1708.93 0.00890961
1709.89 0.00885186
1710.86 0.00890659
1711.82 0.00882533
1712.78 0.00870748
1713.75 0.00866451
1714.71 0.00854925
1715.68 0.00845988
1716.64 0.00838942
1717.61 0.00815705
1718.57 0.00803169
1719.54 0.00800261
1720.50 0.00784385
1721.46 0.00783099
1722.43 0.00777042
1723.39 0.00765156
1724.36 0.00750428
1725.32 0.00749182
1726.29 0.00758765
1727.25 0.00734218
1728.22 0.00704401
1729.18 0.00712044
1730.14 0.00718798
1731.11 0.00687970
1732.07 0.00663084
1733.04 0.00661656
1734.00 0.00655479
1734.97 0.00634761
1735.93 0.00624825
1736.89 0.00621778
1737.86 0.00606120
1738.82 0.00596363
1739.79 0.00591555
1740.75 0.00592578
1741.72 0.00603930
1742.68 0.00588353
1743.65 0.00582245
1744.61 0.00579778
1745.57 0.00545210
1746.54 0.00540652
1747.50 0.00550525
1748.47 0.00537806
1749.43 0.00505299
1750.40 0.00483691
1751.36 0.00504933
1752.33 0.00516195
1753.29 0.00490517
1754.25 0.00479500
1755.22 0.00485321
1756.18 0.00474294
1757.15 0.00459165
1758.11 0.00453617
1759.08 0.00450188
1760.04 0.00437031
1761.00 0.00422323
1761.97 0.00423294
1762.93 0.00413566
1763.90 0.00411867
1764.86 0.00419779
1765.83 0.00407890
1766.79 0.00386392
1767.76 0.00366053
1768.72 0.00363925
1769.68 0.00370177
1770.65 0.00365667
1771.61 0.00368489
1772.58 0.00365990
1773.54 0.00344452
1774.51 0.00332812
1775.47 0.00333374
1776.44 0.00347624
1777.40 0.00360486
1778.36 0.00348557
1779.33 0.00344347
1780.29 0.00347809
1781.26 0.00331129
1782.22 0.00315071
1783.19 0.00314511
1784.15 0.00332342
1785.11 0.00343203
1786.08 0.00323723
1787.04 0.00289204
1788.01 0.00282134
1788.97 0.00294715
1789.94 0.00297635
1790.90 0.00297886
1791.87 0.00286026
1792.83 0.00294287
1793.79 0.00290568
1794.76 0.00280628
1795.72 0.00299169
1796.69 0.00287758
1797.65 0.00271559
1798.62 0.00277778
1799.58 0.00280349
1800.55 0.00271638
1801.51 0.00263539
1802.47 0.00263430
1803.44 0.00271589
1804.40 0.00270399
1805.37 0.00267839
1806.33 0.00258719
1807.30 0.00236428
1808.26 0.00247478
1809.23 0.00248037
1810.19 0.00235058
1811.15 0.00237158
1812.12 0.00234337
1813.08 0.00230767
1814.05 0.00221016
1815.01 0.00209296
1815.98 0.00216444
1816.94 0.00227604
1817.90 0.00227184
1818.87 0.00227903
1819.83 0.00219123
1820.80 0.00215121
1821.76 0.00221341
1822.73 0.00229330
1823.69 0.00235109
1824.66 0.00229298
1825.62 0.00229317
1826.58 0.00216217
1827.55 0.00203575
1828.51 0.00211575
1829.48 0.00230873
1830.44 0.00224092
1831.41 0.00188980
1832.37 0.00177600
1833.34 0.00183838
1834.30 0.00191307
1835.26 0.00199046
1836.23 0.00189984
1837.19 0.00171463
1838.16 0.00188801
1839.12 0.00189200
1840.09 0.00172448
1841.05 0.00167447
1842.01 0.00166906
1842.98 0.00162453
1843.94 0.00164432
1844.91 0.00181620
1845.87 0.00188589
1846.84 0.00189126
1847.80 0.00178145
1848.77 0.00161312
1849.73 0.00161181
1850.69 0.00175399
1851.66 0.00169197
1852.62 0.00168375
1853.59 0.00176812
1854.55 0.00171001
1855.52 0.00169048
1856.48 0.00174426
1857.45 0.00182283
1858.41 0.00172091
1859.37 0.00151750
1860.34 0.00144977
1861.30 0.00152015
1862.27 0.00153802
1863.23 0.00144940
1864.20 0.00147936
1865.16 0.00148404
1866.12 0.00149652
1867.09 0.00145059
1868.05 0.00143137
1869.02 0.00151533
1869.98 0.00143671
1870.95 0.00134808
1871.91 0.00149745
1872.88 0.00147492
1873.84 0.00134639
1874.80 0.00147687
1875.77 0.00145583
1876.73 0.00136291
1877.70 0.00133267
1878.66 0.00141664
1879.63 0.00147940
1880.59 0.00144358
1881.56 0.00134564
1882.52 0.00134461
1883.48 0.00138238
1884.45 0.00129514
1885.41 0.00122601
1886.38 0.00115227
1887.34 0.00114684
1888.31 0.00117730
1889.27 0.00118707
1890.24 0.00115572
1891.20 0.00117459
1892.16 0.00128976
1893.13 0.00129612
1894.09 0.00123859
1895.06 0.00117334
1896.02 0.00119321
1896.99 0.00125836
1897.95 0.00114463
1898.91 0.00119539
1899.88 0.00122825
1900.84 0.00108971
1901.81 0.00112326
1902.77 0.00104953
1903.74 0.00100478
1904.70 0.00115954
1905.67 0.00121549
1906.63 0.00119806
1907.59 0.00117642
1908.56 0.00114367
1909.52 0.00120573
1910.49 0.00116518
1911.45 0.00105074
1912.42 0.00108828
1913.38 0.00106924
1914.35 0.00107419
1915.31 0.00115555
1916.27 0.00107651
1917.24 0.000867154
1918.20 0.000742713
1919.17 0.000847057
1920.13 0.00110401
1921.10 0.00106076
1922.06 0.000762015
1923.03 0.000873957
1923.99 0.00101491
1924.95 0.000959768
1925.92 0.000960009
1926.88 0.000949364
1927.85 0.000914005
1928.81 0.000871259
1929.78 0.000755798
1930.74 0.000856252
1931.70 0.000841804
1932.67 0.000713343
1933.63 0.000799795
1934.60 0.000770432
1935.56 0.000824884
1936.53 0.000716221
1937.49 0.000789272
1938.46 0.00100541
1939.42 0.000811057
1940.38 0.000835906
1941.35 0.000944740
1942.31 0.000948889
1943.28 0.000883823
1944.24 0.000778872
1945.21 0.000726104
1946.17 0.000633252
1947.14 0.000830584
1948.10 0.000922230
1949.06 0.000708874
1950.03 0.000625007
1950.99 0.000769251
1951.96 0.000763683
1952.92 0.000666325
1953.89 0.000770255
1954.85 0.000953599
1955.81 0.000764540
1956.78 0.000533470
1957.74 0.000541212
1958.71 0.000595840
1959.67 0.000771681
1960.64 0.000814008
1961.60 0.000843648
1962.57 0.000894774
1963.53 0.000889014
1964.49 0.000810453
1965.46 0.000682778
1966.42 0.000605716
1967.39 0.000679441
1968.35 0.000749378
1969.32 0.000781201
1970.28 0.000837537
1971.25 0.000862961
1972.21 0.000860797
1973.17 0.000903834
1974.14 0.000929054
1975.10 0.000754489
1976.07 0.000591610
1977.03 0.000641744
1978.00 0.000689663
1978.96 0.000691196
1979.92 0.000719530
1980.89 0.000674747
1981.85 0.000736580
1982.82 0.000840398
1983.78 0.000867829
1984.75 0.000761845
1985.71 0.000744976
1986.68 0.000668392
1987.64 0.000575421
1988.60 0.000637052
1989.57 0.000551166
1990.53 0.000529895
1991.50 0.000477208
1992.46 0.000463136
1993.43 0.000618950
1994.39 0.000711977
1995.36 0.000742389
1996.32 0.000733015
1997.28 0.000714341
1998.25 0.000729051
1999.21 0.000706176
2000.18 0.000637987
2001.14 0.000642512
2002.11 0.000704221
2003.07 0.000739444
2004.04 0.000779053
2005.00 0.000735376
2005.96 0.000668798
2006.93 0.000594906
2007.89 0.000573527
2008.86 0.000604034
2009.82 0.000568455
2010.79 0.000737760
2011.75 0.000736280
2012.71 0.000564300
2013.68 0.000576505
2014.64 0.000790424
2015.61 0.000976827
2016.57 0.000882145
2017.54 0.000838848
2018.50 0.000824265
2019.47 0.000731268
2020.43 0.000673084
2021.39 0.000693600
2022.36 0.000794300
2023.32 0.000816516
2024.29 0.000608415
2025.25 0.000542331
2026.22 0.000677130
2027.18 0.000828444
2028.15 0.000723342
2029.11 0.000551854
2030.07 0.000708266
2031.04 0.000716264
2032.00 0.000751076
2032.97 0.000740473
2033.93 0.000756584
2034.90 0.000976279
2035.86 0.000927689
2036.82 0.000666599
2037.79 0.000682593
2038.75 0.000808202
2039.72 0.000803497
2040.68 0.000818204
2041.65 0.000730998
2042.61 0.000748805
2043.58 0.000800196
2044.54 0.000697102
2045.50 0.000621009
2046.47 0.000794800
2047.43 0.000939805
2048.40 0.000886495
2049.36 0.000789501
2050.33 0.000909089
2051.29 0.000935093
2052.26 0.000753981
2053.22 0.000689284
2054.18 0.000654987
2055.15 0.000699975
2056.11 0.000897976
2057.08 0.000988963
2058.04 0.000898263
2059.01 0.000954748
2059.97 0.000932249
2060.94 0.000965334
2061.90 0.00104763
2062.86 0.00112063
2063.83 0.00102491
2064.79 0.000970313
2065.76 0.00108040
2066.72 0.000675794
2067.69 0.000702376
2068.65 0.00110457
2069.61 0.00107807
2070.58 0.00112495
2071.54 0.00111675
2072.51 0.000887025
2073.47 0.000947920
2074.44 0.00109970
2075.40 0.00110789
2076.37 0.00118137
2077.33 0.00122506
2078.29 0.00114966
2079.26 0.00110453
2080.22 0.00118063
2081.19 0.00106910
2082.15 0.00107299
2083.12 0.00123017
2084.08 0.00115916
2085.05 0.00117653
2086.01 0.00115272
2086.97 0.00110791
2087.94 0.00120839
2088.90 0.00128407
2089.87 0.00117345
2090.83 0.00113543
2091.80 0.00129201
2092.76 0.00135349
2093.72 0.00144378
2094.69 0.00138385
2095.65 0.00126024
2096.62 0.00139861
2097.58 0.00145409
2098.55 0.00132726
2099.51 0.00138154
2100.48 0.00149131
2101.44 0.00172599
2102.40 0.00186818
2103.37 0.00184794
2104.33 0.00190733
2105.30 0.00170779
2106.26 0.00162917
2107.23 0.00170564
2108.19 0.00159812
2109.16 0.00153369
2110.12 0.00168556
2111.08 0.00183544
2112.05 0.00175971
2113.01 0.00165218
2113.98 0.00182205
2114.94 0.00195933
2115.91 0.00186829
2116.87 0.00196186
2117.83 0.00206384
2118.80 0.00193670
2119.76 0.00191078
2120.73 0.00206134
2121.69 0.00219231
2122.66 0.00201787
2123.62 0.00187374
2124.59 0.00215010
2125.55 0.00232298
2126.51 0.00231675
2127.48 0.00227851
2128.44 0.00238148
2129.41 0.00249824
2130.37 0.00238631
2131.34 0.00226056
2132.30 0.00233113
2133.27 0.00231879
2134.23 0.00226046
2135.19 0.00233303
2136.16 0.00242338
2137.12 0.00248895
2138.09 0.00248970
2139.05 0.00249807
2140.02 0.00251652
2140.98 0.00262388
2141.95 0.00222854
2142.91 0.00248470
2143.87 0.00307457
2144.84 0.00273872
2145.80 0.00251808
2146.77 0.00269733
2147.73 0.00291490
2148.70 0.00295455
2149.66 0.00305821
2150.62 0.00301657
2151.59 0.00295252
2152.55 0.00292248
2153.52 0.00302143
2154.48 0.00303359
2155.45 0.00284253
2156.41 0.00292109
2157.38 0.00305664
2158.34 0.00318600
2159.30 0.00309616
2160.27 0.00299930
2161.23 0.00306096
2162.20 0.00301720
2163.16 0.00300656
2164.13 0.00316240
2165.09 0.00346616
2166.06 0.00340380
2167.02 0.00332596
2167.98 0.00357541
2168.95 0.00360755
2169.91 0.00343291
2170.88 0.00341395
2171.84 0.00346370
2172.81 0.00339524
2173.77 0.00346799
2174.73 0.00376404
2175.70 0.00387078
2176.66 0.00369963
2177.63 0.00361267
2178.59 0.00373252
2179.56 0.00385556
2180.52 0.00400501
2181.49 0.00406164
2182.45 0.00393909
2183.41 0.00395594
2184.38 0.00397617
2185.34 0.00414422
2186.31 0.00413125
2187.27 0.00408490
2188.24 0.00429423
2189.20 0.00432078
2190.17 0.00423531
2191.13 0.00411846
2192.09 0.00423280
2193.06 0.00432273
2194.02 0.00431278
2194.99 0.00443381
2195.95 0.00455435
2196.92 0.00458268
2197.88 0.00458152
2198.84 0.00450827
2199.81 0.00441029
2200.77 0.00450924
2201.74 0.00462816
2202.70 0.00463550
2203.67 0.00461013
2204.63 0.00463037
2205.60 0.00482119
2206.56 0.00488773
2207.52 0.00473677
2208.49 0.00475630
2209.45 0.00477204
2210.42 0.00480646
2211.38 0.00480840
2212.35 0.00470182
2213.31 0.00455735
2214.28 0.00468198
2215.24 0.00483441
2216.20 0.00474325
2217.17 0.00475307
2218.13 0.00475020
2219.10 0.00476212
2220.06 0.00485746
2221.03 0.00488737
2221.99 0.00477251
2222.96 0.00493842
2223.92 0.00497076
2224.88 0.00487259
2225.85 0.00493151
2226.81 0.00483544
2227.78 0.00458945
2228.74 0.00474828
2229.71 0.00517290
2230.67 0.00518993
2231.63 0.00503876
2232.60 0.00496387
2233.56 0.00497160
2234.53 0.00501281
2235.49 0.00503424
2236.46 0.00500045
2237.42 0.00489858
2238.39 0.00485999
2239.35 0.00473232
2240.31 0.00479544
2241.28 0.00501665
2242.24 0.00504808
2243.21 0.00504819
2244.17 0.00486531
2245.14 0.00481382
2246.10 0.00492574
2247.07 0.00505675
2248.03 0.00504017
2248.99 0.00487160
2249.96 0.00466870
2250.92 0.00477532
2251.89 0.00488723
2252.85 0.00480775
2253.82 0.00480695
2254.78 0.00480187
2255.74 0.00473879
2256.71 0.00468190
2257.67 0.00471321
2258.64 0.00468492
2259.60 0.00476483
2260.57 0.00453064
2261.53 0.00440595
2262.50 0.00457996
2263.46 0.00440757
2264.42 0.00425339
2265.39 0.00434639
2266.35 0.00453330
2267.32 0.00454420
2268.28 0.00439052
2269.25 0.00430591
2270.21 0.00436403
2271.18 0.00444413
2272.14 0.00448784
2273.10 0.00445185
2274.07 0.00432254
2275.03 0.00413386
2276.00 0.00409535
2276.96 0.00416706
2277.93 0.00401536
2278.89 0.00386017
2279.86 0.00394266
2280.82 0.00409127
2281.78 0.00395588
2282.75 0.00359547
2283.71 0.00366618
2284.68 0.00387507
2285.64 0.00377298
2286.61 0.00359257
2287.57 0.00365858
2288.53 0.00386668
2289.50 0.00390627
2290.46 0.00380598
2291.43 0.00369307
2292.39 0.00357477
2293.36 0.00332106
2294.32 0.00328986
2295.29 0.00357815
2296.25 0.00349555
2297.21 0.00338115
2298.18 0.00360094
2299.14 0.00361244
2300.11 0.00347453
2301.07 0.00332633
2302.04 0.00337132
2303.00 0.00335231
2303.97 0.00314940
2304.93 0.00301340
2305.89 0.00317310
2306.86 0.00339798
2307.82 0.00337078
2308.79 0.00311376
2309.75 0.00323915
2310.72 0.00315613
2311.68 0.00310543
2312.65 0.00310551
2313.61 0.00299361
2314.57 0.00313900
2315.54 0.00302368
2316.50 0.00279988
2317.47 0.00275766
2318.43 0.00287945
2319.40 0.00285353
2320.36 0.00267082
2321.32 0.00240011
2322.29 0.00261769
2323.25 0.00262178
2324.22 0.00261165
2325.18 0.00271885
2326.15 0.00272972
2327.11 0.00267031
2328.08 0.00226098
2329.04 0.00197917
2330.00 0.00188556
2330.97 0.00192644
2331.93 0.00214972
2332.90 0.00238469
2333.86 0.00263418
2334.83 0.00260615
2335.79 0.00245164
2336.76 0.00232251
2337.72 0.00261359
2338.68 0.00315978
2339.65 0.00360935
2340.61 0.00389043
2341.58 0.00376080
2342.54 0.00336579
2343.51 0.00286965
2344.47 0.00237313
2345.43 0.00196872
2346.40 0.00173629
2347.36 0.00160387
2348.33 0.00170953
2349.29 0.00186071
2350.26 0.00199538
2351.22 0.00195066
2352.19 0.00181242
2353.15 0.00218260
2354.11 0.00241078
2355.08 0.00226054
2356.04 0.00219412
2357.01 0.00173738
2357.97 0.00158046
2358.94 0.00179782
2359.90 0.00184540
2360.87 0.00194616
2361.83 0.00167643
2362.79 0.00164521
2363.76 0.00183907
2364.72 0.00190024
2365.69 0.00221790
2366.65 0.00210227
2367.62 0.00185143
2368.58 0.00172210
2369.54 0.00171198
2370.51 0.00188143
2371.47 0.00186690
2372.44 0.00180586
2373.40 0.00159253
2374.37 0.00150128
2375.33 0.00152706
2376.30 0.00167391
2377.26 0.00159738
2378.22 0.00160445
2379.19 0.00212090
2380.15 0.00207417
2381.12 0.00191782
2382.08 0.00199469
2383.05 0.00190774
2384.01 0.00185270
2384.98 0.00160425
2385.94 0.00162002
2386.90 0.00207619
2387.87 0.00211043
2388.83 0.00199880
2389.80 0.00218565
2390.76 0.00226461
2391.73 0.00214616
2392.69 0.00222482
2393.66 0.00229417
2394.62 0.00201853
2395.58 0.00171239
2396.55 0.00186794
2397.51 0.00210440
2398.48 0.00214544
2399.44 0.00203910
2400.41 0.00180825
2401.37 0.00181591
2402.33 0.00207546
2403.30 0.00204481
2404.26 0.00177917
2405.23 0.00176441
2406.19 0.00183077
2407.16 0.00179981
2408.12 0.00174546
2409.09 0.00183030
2410.05 0.00196916
2411.01 0.00215641
2411.98 0.00216295
2412.94 0.00202911
2413.91 0.00198235
2414.87 0.00186220
2415.84 0.00178814
2416.80 0.00196489
2417.77 0.00199923
2418.73 0.00174468
2419.69 0.00164153
2420.66 0.00172987
2421.62 0.00185532
2422.59 0.00181795
2423.55 0.00171950
2424.52 0.00177523
2425.48 0.00162489
2426.44 0.00152133
2427.41 0.00160157
2428.37 0.00162461
2429.34 0.00164355
2430.30 0.00141399
2431.27 0.00140673
2432.23 0.00162047
2433.20 0.00153580
2434.16 0.00141395
2435.12 0.00134199
2436.09 0.00156182
2437.05 0.00162887
2438.02 0.00160529
2438.98 0.00188894
2439.95 0.00165177
2440.91 0.00140461
2441.88 0.00161844
2442.84 0.00168498
2443.80 0.00158332
2444.77 0.00150514
2445.73 0.00151439
2446.70 0.00149711
2447.66 0.00129625
2448.63 0.00123158
2449.59 0.00128241
2450.55 0.00134235
2451.52 0.00117248
2452.48 0.00112151
2453.45 0.00116934
2454.41 0.00104597
2455.38 0.00110849
2456.34 0.00106753
2457.31 0.00120795
2458.27 0.00134659
2459.23 0.00133632
2460.20 0.00136274
2461.16 0.00151888
2462.13 0.00161580
2463.09 0.00136453
2464.06 0.00117625
2465.02 0.00125038
2465.99 0.00117100
2466.95 0.000903528
2467.91 0.000992360
2468.88 0.00109408
2469.84 0.00114851
2470.81 0.00130072
2471.77 0.00118105
2472.74 0.00103507
2473.70 0.00104140
2474.67 0.00105061
2475.63 0.000898637
2476.59 0.00102966
2477.56 0.00126358
2478.52 0.00115280
2479.49 0.000980215
2480.45 0.000840743
2481.42 0.000829052
2482.38 0.000910778
2483.34 0.00105520
2484.31 0.00106111
2485.27 0.000959037
2486.24 0.000824246
2487.20 0.000766270
2488.17 0.00111498
2489.13 0.00130100
2490.10 0.00102421
2491.06 0.000868729
2492.02 0.00102785
2492.99 0.00103066
2493.95 0.000718777
2494.92 0.000633982
2495.88 0.000723802
2496.85 0.000768405
2497.81 0.000823026
2498.78 0.000777229
2499.74 0.000700247
2500.70 0.000391166
2501.67 0.000278368
2502.63 0.000663784
2503.60 0.000948885
2504.56 0.000798702
2505.53 0.000334902
2506.49 0.000462119
2507.45 0.000704435
2508.42 0.000674434
2509.38 0.000716149
2510.35 0.000761746
2511.31 0.000874761
2512.28 0.000627557
2513.24 0.000200271
2514.21 0.000203167
2515.17 0.000291781
2516.13 0.000426193
2517.10 0.000826388
2518.06 0.00102990
2519.03 0.000784493
2519.99 0.000377803
2520.96 0.000248997
2521.92 0.000202307
2522.89 0.000147101
2523.85 0.000279709
2524.81 0.000208218
2525.78 0.000360009
2526.74 0.000408417
2527.71 0.000220708
2528.67 0.000165314
2529.64 0.000333905
2530.60 0.000281811
2531.56 0.000338216
2532.53 0.000486605
2533.49 0.000234310
2534.46 0.000286197
2535.42 0.000397002
2536.39 0.000274390
2537.35 -2.66070e-05
2538.32 1.32788e-05
2539.28 0.000274582
2540.24 0.000392583
2541.21 0.000283870
2542.17 9.22708e-05
2543.14 5.15580e-06
2544.10 0.000145555
2545.07 0.000334539
2546.03 0.000497038
2547.00 0.000429822
2547.96 0.000362722
2548.92 0.000322520
2549.89 0.000193001
2550.85 0.000356198
2551.82 0.000196879
2552.78 -3.22238e-05
2553.75 0.000170656
2554.71 5.13531e-05
2555.68 -8.26735e-06
2556.64 6.91265e-05
2557.60 4.16227e-05
2558.57 0.000142200
2559.53 1.95941e-05
2560.50 -0.000177528
2561.46 -9.96348e-05
2562.43 -5.20581e-05
2563.39 4.39333e-05
2564.35 0.000159726
2565.32 6.61016e-05
2566.28 0.000104792
2567.25 -5.59324e-05
2568.21 -0.000308242
2569.18 -0.000303368
2570.14 -0.000147079
2571.11 -0.000258506
2572.07 -0.000267516
2573.03 0.000129073
2574.00 5.15440e-05
2574.96 -0.000305369
2575.93 -0.000305397
2576.89 -0.000309311
2577.86 -0.000457841
2578.82 -0.000282655
2579.79 -0.000134886
2580.75 -0.000317400
2581.71 -0.000285415
2582.68 -0.000178146
2583.64 -0.000337461
2584.61 -0.000324695
2585.57 -0.000450112
2586.54 -0.000477245
2587.50 -0.000355662
2588.46 -0.000477080
2589.43 -0.000430515
2590.39 -0.000454234
2591.36 -0.000478369
2592.32 -0.000424289
2593.29 -0.000396126
2594.25 -0.000579746
2595.22 -0.000699283
2596.18 -0.000580702
2597.14 -0.000645025
2598.11 -0.000457163
2599.07 -0.000344085
2600.04 -0.000477726
2601.00 -0.000417048
2601.97 -0.000540687
2602.93 -0.000702711
2603.90 -0.000510952
2604.86 -0.000474676
2605.82 -0.000581601
2606.79 -0.000694644
2607.75 -0.000735469
2608.72 -0.000612212
2609.68 -0.000866638
2610.65 -0.000905682
2611.61 -0.000553609
2612.58 -0.000569254
2613.54 -0.000539381
2614.50 -0.000258710
2615.47 -0.000304756
2616.43 -0.000606485
2617.40 -0.000524831
2618.36 -0.000268262
2619.33 -0.000518910
2620.29 -0.000763639
2621.25 -0.000766669
2622.22 -0.000967619
2623.18 -0.00106755
2624.15 -0.00105060
2625.11 -0.000685934
2626.08 -0.000546283
2627.04 -0.000894916
2628.01 -0.000840567
2628.97 -0.000834902
2629.93 -0.000755638
2630.90 -0.000570289
2631.86 -0.000543426
2632.83 -0.000739178
2633.79 -0.000607714
2634.76 -0.000498568
2635.72 -0.000690104
2636.69 -0.000680160
2637.65 -0.000877298
2638.61 -0.000789337
2639.58 -0.000483591
2640.54 -0.000378231
2641.51 -0.000584986
2642.47 -0.000819626
2643.44 -0.000834584
2644.40 -0.000929425
2645.36 -0.00117137
2646.33 -0.00108243
2647.29 -0.00114727
2648.26 -0.00101863
2649.22 -0.000925268
2650.19 -0.00105583
2651.15 -0.000946172
2652.12 -0.00109593
2653.08 -0.000633478
2654.04 -0.000480022
2655.01 -0.000956284
2655.97 -0.000922530
2656.94 -0.000716392
2657.90 -0.000720939
2658.87 -0.000916503
2659.83 -0.000837850
2660.80 -0.000631914
2661.76 -0.000662362
2662.72 -0.000967711
2663.69 -0.00104278
2664.65 -0.00104172
2665.62 -0.00109269
2666.58 -0.00100854
2667.55 -0.00112981
2668.51 -0.00119156
2669.48 -0.00127683
2670.44 -0.00127358
2671.40 -0.00140013
2672.37 -0.00146360
2673.33 -0.00115465
2674.30 -0.00120012
2675.26 -0.00144468
2676.23 -0.00146845
2677.19 -0.00140880
2678.15 -0.00151216
2679.12 -0.00144583
2680.08 -0.00124878
2681.05 -0.00134866
2682.01 -0.00144011
2682.98 -0.00136189
2683.94 -0.00102254
2684.91 -0.000941919
2685.87 -0.00101448
2686.83 -0.00101914
2687.80 -0.000911410
2688.76 -0.00113067
2689.73 -0.00144785
2690.69 -0.00136961
2691.66 -0.00151828
2692.62 -0.00139614
2693.59 -0.00127112
2694.55 -0.00124648
2695.51 -0.00119884
2696.48 -0.00125592
2697.44 -0.00129149
2698.41 -0.00140067
2699.37 -0.00120223
2700.34 -0.00100611
2701.30 -0.000930076
2702.26 -0.000965240
2703.23 -0.00123552
2704.19 -0.00133489
2705.16 -0.00141587
2706.12 -0.00134244
2707.09 -0.00152972
2708.05 -0.00171129
2709.02 -0.00137147
2709.98 -0.00111004
2710.94 -0.00110201
2711.91 -0.00126490
2712.87 -0.00120946
2713.84 -0.00122945
2714.80 -0.00156442
2715.77 -0.00149741
2716.73 -0.00141208
2717.70 -0.00169077
2718.66 -0.00188834
2719.62 -0.00155511
2720.59 -0.00118770
2721.55 -0.00143037
2722.52 -0.00132246
2723.48 -0.00132293
2724.45 -0.00152783
2725.41 -0.00137410
2726.38 -0.00130999
2727.34 -0.00131047
2728.30 -0.00148944
2729.27 -0.00151164
2730.23 -0.00123811
2731.20 -0.00111810
2732.16 -0.00106178
2733.13 -0.000969676
2734.09 -0.000912054
2735.05 -0.00101343
2736.02 -0.00135493
2736.98 -0.00176001
2737.95 -0.00182620
2738.91 -0.00155038
2739.88 -0.00148138
2740.84 -0.00161946
2741.81 -0.00173956
2742.77 -0.00169954
2743.73 -0.00148532
2744.70 -0.00164392
2745.66 -0.00176060
2746.63 -0.00148430
2747.59 -0.00137159
2748.56 -0.00144459
2749.52 -0.00133567
2750.49 -0.00125647
2751.45 -0.00123096
2752.41 -0.00112004
2753.38 -0.00123895
2754.34 -0.00129653
2755.31 -0.00164024
2756.27 -0.00168082
2757.24 -0.00165793
2758.20 -0.00168282
2759.16 -0.00150500
2760.13 -0.00151581
2761.09 -0.00149690
2762.06 -0.00164941
2763.02 -0.00135110
2763.99 -0.00135780
2764.95 -0.00175659
2765.92 -0.00182020
2766.88 -0.00198209
2767.84 -0.00193698
2768.81 -0.00156449
2769.77 -0.00137109
2770.74 -0.00123450
2771.70 -0.00134619
2772.67 -0.00160600
2773.63 -0.00156270
2774.60 -0.00155601
2775.56 -0.00141540
2776.52 -0.00142840
2777.49 -0.00139891
2778.45 -0.00124611
2779.42 -0.00153732
2780.38 -0.00179502
2781.35 -0.00146203
2782.31 -0.00122913
2783.27 -0.00146113
2784.24 -0.00122964
2785.20 -0.00126614
2786.17 -0.00174766
2787.13 -0.00182816
2788.10 -0.00158498
2789.06 -0.00144797
2790.03 -0.00139829
2790.99 -0.00151359
2791.95 -0.00158010
2792.92 -0.00155122
2793.88 -0.00164182
2794.85 -0.00178674
2795.81 -0.00193894
2796.78 -0.00190396
2797.74 -0.00169767
2798.71 -0.00136769
2799.67 -0.00127619
2800.63 -0.00120440
2801.60 -0.00126162
2802.56 -0.00144463
2803.53 -0.00141165
2804.49 -0.00137946
2805.46 -0.00143228
2806.42 -0.00160409
2807.39 -0.00152032
2808.35 -0.00124982
2809.31 -0.00133763
2810.28 -0.00150216
2811.24 -0.00142197
2812.21 -0.00120230
2813.17 -0.00134691
2814.14 -0.00146594
2815.10 -0.00161635
2816.06 -0.00187396
2817.03 -0.00171679
2817.99 -0.00140380
2818.96 -0.00100553
2819.92 -0.00104664
2820.89 -0.00116297
2821.85 -0.00136389
2822.82 -0.00175482
2823.78 -0.00186513
2824.74 -0.00190725
2825.71 -0.00196698
2826.67 -0.00152260
2827.64 -0.00145883
2828.60 -0.00181395
2829.57 -0.00174308
2830.53 -0.00145520
2831.50 -0.00119454
2832.46 -0.00153915
2833.42 -0.00153407
2834.39 -0.00136381
2835.35 -0.00161713
2836.32 -0.00165847
2837.28 -0.00155609
2838.25 -0.00167553
2839.21 -0.00159385
2840.17 -0.00134097
2841.14 -0.00136471
2842.10 -0.00102083
2843.07 -0.000982370
2844.03 -0.00147299
2845.00 -0.00172523
2845.96 -0.00160116
2846.93 -0.00128550
2847.89 -0.00100542
2848.85 -0.00131495
2849.82 -0.00149789
2850.78 -0.00138922
2851.75 -0.00151816
2852.71 -0.00123429
2853.68 -0.00119293
2854.64 -0.00121356
2855.61 -0.000958307
2856.57 -0.00125133
2857.53 -0.00145766
2858.50 -0.00141971
2859.46 -0.00123104
2860.43 -0.000901587
2861.39 -0.00106322
2862.36 -0.00118817
2863.32 -0.000841397
2864.28 -0.000820027
2865.25 -0.00129388
2866.21 -0.00120261
2867.18 -0.00103266
2868.14 -0.00118719
2869.11 -0.000978445
2870.07 -0.00100178
2871.04 -0.00136983
2872.00 -0.00142666
2872.96 -0.00155260
2873.93 -0.00145665
2874.89 -0.00120769
2875.86 -0.00113684
2876.82 -0.00122878
2877.79 -0.00105973
2878.75 -0.000632670
2879.72 -0.000846727
2880.68 -0.00109936
2881.64 -0.000832103
2882.61 -0.000629961
2883.57 -0.000744100
2884.54 -0.000929157
2885.50 -0.00116670
2886.47 -0.00119285
2887.43 -0.000656996
2888.40 -0.000407055
2889.36 -0.000730197
2890.32 -0.000920539
2891.29 -0.00119990
2892.25 -0.00107404
2893.22 -0.000695503
2894.18 -0.00117515
2895.15 -0.00155751
2896.11 -0.00121375
2897.07 -0.000437499
2898.04 -0.000154462
2899.00 -0.000634307
2899.97 -0.00115067
2900.93 -0.00113692
2901.90 -0.000629283
2902.86 -0.000479630
2903.83 -0.000669095
2904.79 -0.000554143
2905.75 -0.000618592
2906.72 -0.000949859
2907.68 -0.00104351
2908.65 -0.000597375
2909.61 -0.000297226
2910.58 -0.000659894
2911.54 -0.000667545
2912.51 -0.000606515
2913.47 -0.000531666
2914.43 -0.000194318
2915.40 -0.000254088
2916.36 -0.000566441
2917.33 -0.000478512
2918.29 -0.000618566
2919.26 -0.000645338
2920.22 -0.000428692
2921.18 -0.000498146
2922.15 -0.000349219
2923.11 -9.10750e-05
2924.08 -8.01487e-05
2925.04 -0.000196906
2926.01 -5.81145e-07
2926.97 -8.31382e-05
2927.94 -0.000131914
2928.90 0.000187828
2929.86 0.000549970
2930.83 0.000543993
2931.79 5.64335e-05
2932.76 0.000492956
2933.72 0.00100060
2934.69 0.000730918
2935.65 0.000753657
2936.62 0.000777677
2937.58 0.000283316
2938.54 0.000376355
2939.51 0.000936675
2940.47 0.000880012
2941.44 0.000927730
2942.40 0.000799866
2943.37 0.000451284
2944.33 0.000453420
2945.30 0.000555437
2946.26 0.000642573
2947.22 0.000583208
2948.19 0.000667923
2949.15 0.00111546
2950.12 0.00127227
2951.08 0.00117700
2952.05 0.00151072
2953.01 0.00172115
2953.97 0.00180148
2954.94 0.00177390
2955.90 0.00144853
2956.87 0.00128714
2957.83 0.00174547
2958.80 0.00197338
2959.76 0.00163301
2960.73 0.00155602
2961.69 0.00160555
2962.65 0.00201338
2963.62 0.00210089
2964.58 0.00192781
2965.55 0.00232662
2966.51 0.00272605
2967.48 0.00297576
2968.44 0.00238248
2969.41 0.00221389
2970.37 0.00268781
2971.33 0.00288334
2972.30 0.00323945
2973.26 0.00311197
2974.23 0.00309887
2975.19 0.00305090
2976.16 0.00284430
2977.12 0.00313102
2978.08 0.00348505
2979.05 0.00333725
2980.01 0.00312847
2980.98 0.00326357
2981.94 0.00350689
2982.91 0.00376669
2983.87 0.00386471
2984.84 0.00390331
2985.80 0.00402033
2986.76 0.00376565
2987.73 0.00383405
2988.69 0.00421837
2989.66 0.00442137
2990.62 0.00469158
2991.59 0.00449938
2992.55 0.00440050
2993.52 0.00459349
2994.48 0.00480091
2995.44 0.00517652
2996.41 0.00532112
2997.37 0.00513793
2998.34 0.00500743
2999.30 0.00548094
3000.27 0.00630913
3001.23 0.00632455
3002.20 0.00603204
3003.16 0.00667075
3004.12 0.00674566
3005.09 0.00635496
3006.05 0.00669587
3007.02 0.00686306
3007.98 0.00697787
3008.95 0.00726236
3009.91 0.00731237
3010.87 0.00713847
3011.84 0.00768026
3012.80 0.00805807
3013.77 0.00756816
3014.73 0.00785377
3015.70 0.00805175
3016.66 0.00768036
3017.63 0.00796095
3018.59 0.00799455
3019.55 0.00782456
3020.52 0.00821064
3021.48 0.00868355
3022.45 0.00941453
3023.41 0.00979364
3024.38 0.00967332
3025.34 0.00973902
3026.31 0.00992360
3027.27 0.00998541
3028.23 0.0103026
3029.20 0.0108751
3030.16 0.0112582
3031.13 0.0114049
3032.09 0.0113391
3033.06 0.0115384
3034.02 0.0115213
3034.98 0.0114210
3035.95 0.0120934
3036.91 0.0122691
3037.88 0.0122809
3038.84 0.0126955
3039.81 0.0127400
3040.77 0.0128741
3041.74 0.0135477
3042.70 0.0142908
3043.66 0.0143386
3044.63 0.0144363
3045.59 0.0142597
3046.56 0.0145002
3047.52 0.0155462
3048.49 0.0159313
3049.45 0.0155167
3050.42 0.0155632
3051.38 0.0167942
3052.34 0.0171901
3053.31 0.0171239
3054.27 0.0178140
3055.24 0.0184510
3056.20 0.0191753
3057.17 0.0198067
3058.13 0.0197013
3059.09 0.0198642
3060.06 0.0201884
3061.02 0.0203656
3061.99 0.0210322
3062.95 0.0211928
3063.92 0.0219265
3064.88 0.0226482
3065.85 0.0223886
3066.81 0.0228723
3067.77 0.0237464
3068.74 0.0243617
3069.70 0.0251176
3070.67 0.0255732
3071.63 0.0257708
3072.60 0.0262489
3073.56 0.0266455
3074.53 0.0270233
3075.49 0.0276349
3076.45 0.0286073
3077.42 0.0298291
3078.38 0.0307018
3079.35 0.0309744
3080.31 0.0313123
3081.28 0.0320105
3082.24 0.0331419
3083.21 0.0340340
3084.17 0.0342340
3085.13 0.0349959
3086.10 0.0360496
3087.06 0.0369392
3088.03 0.0378628
3088.99 0.0383431
3089.96 0.0389825
3090.92 0.0401417
3091.88 0.0414793
3092.85 0.0427561
3093.81 0.0437039
3094.78 0.0444087
3095.74 0.0449912
3096.71 0.0459296
3097.67 0.0468998
3098.64 0.0477647
3099.60 0.0489758
3100.56 0.0501314
3101.53 0.0513983
3102.49 0.0527996
3103.46 0.0538737
3104.42 0.0550539
3105.39 0.0561467
3106.35 0.0571605
3107.32 0.0586349
3108.28 0.0604998
3109.24 0.0623852
3110.21 0.0632860
3111.17 0.0641871
3112.14 0.0654816
3113.10 0.0664226
3114.07 0.0675760
3115.03 0.0690861
3115.99 0.0703793
3116.96 0.0722055
3117.92 0.0739740
3118.89 0.0750987
3119.85 0.0766185
3120.82 0.0785626
3121.78 0.0803133
3122.75 0.0817487
3123.71 0.0829626
3124.67 0.0840834
3125.64 0.0853718
3126.60 0.0869640
3127.57 0.0883201
3128.53 0.0893623
3129.50 0.0908274
3130.46 0.0925406
3131.43 0.0943617
3132.39 0.0955359
3133.35 0.0966101
3134.32 0.0981732
3135.28 0.100183
3136.25 0.101989
3137.21 0.103008
3138.18 0.104369
3139.14 0.105884
3140.10 0.107461
3141.07 0.109229
3142.03 0.110694
3143.00 0.112438
3143.96 0.113439
3144.93 0.114743
3145.89 0.116563
3146.86 0.117494
3147.82 0.118806
3148.78 0.120247
3149.75 0.121459
3150.71 0.122968
3151.68 0.124354
3152.64 0.125431
3153.61 0.127136
3154.57 0.128538
3155.54 0.130088
3156.50 0.131747
3157.46 0.132959
3158.43 0.134956
3159.39 0.136785
3160.36 0.137606
3161.32 0.138198
3162.29 0.139248
3163.25 0.140733
3164.22 0.142161
3165.18 0.143353
3166.14 0.144872
3167.11 0.145962
3168.07 0.146621
3169.04 0.147628
3170.00 0.148449
3170.97 0.149626
3171.93 0.151005
3172.89 0.151580
3173.86 0.152936
3174.82 0.154324
3175.79 0.155350
3176.75 0.157629
3177.72 0.159381
3178.68 0.159893
3179.65 0.160725
3180.61 0.161183
3181.57 0.161740
3182.54 0.162967
3183.50 0.163690
3184.47 0.164955
3185.43 0.166082
3186.40 0.166832
3187.36 0.167545
3188.33 0.168340
3189.29 0.169821
3190.25 0.170727
3191.22 0.172165
3192.18 0.173269
3193.15 0.174035
3194.11 0.175142
3195.08 0.175683
3196.04 0.176398
3197.00 0.177030
3197.97 0.177055
3198.93 0.177681
3199.90 0.178353
3200.86 0.179204
3201.83 0.180591
3202.79 0.181392
3203.76 0.182606
3204.72 0.183595
3205.68 0.183916
3206.65 0.185253
3207.61 0.186324
3208.58 0.186611
3209.54 0.187314
3210.51 0.187685
3211.47 0.188023
3212.44 0.188687
3213.40 0.189932
3214.36 0.190279
3215.33 0.189910
3216.29 0.190759
3217.26 0.191840
3218.22 0.192875
3219.19 0.194167
3220.15 0.195413
3221.11 0.196267
3222.08 0.196031
3223.04 0.196486
3224.01 0.197344
3224.97 0.197733
3225.94 0.198592
3226.90 0.199220
3227.87 0.198996
3228.83 0.199448
3229.79 0.200426
3230.76 0.201362
3231.72 0.201978
3232.69 0.202558
3233.65 0.203015
3234.62 0.202870
3235.58 0.203340
3236.55 0.204389
3237.51 0.205630
3238.47 0.206412
3239.44 0.207402
3240.40 0.207383
3241.37 0.207365
3242.33 0.208604
3243.30 0.208710
3244.26 0.208559
3245.23 0.208630
3246.19 0.208590
3247.15 0.208851
3248.12 0.209069
3249.08 0.209411
3250.05 0.210633
3251.01 0.210995
3251.98 0.210075
3252.94 0.210120
3253.90 0.210469
3254.87 0.210035
3255.83 0.209796
3256.80 0.210246
3257.76 0.210828
3258.73 0.210174
3259.69 0.209212
3260.66 0.208575
3261.62 0.208511
3262.58 0.209503
3263.55 0.209792
3264.51 0.208736
3265.48 0.207655
3266.44 0.207690
3267.41 0.207253
3268.37 0.206563
3269.34 0.206436
3270.30 0.206042
3271.26 0.205256
3272.23 0.204779
3273.19 0.204388
3274.16 0.203458
3275.12 0.202622
3276.09 0.201904
3277.05 0.201435
3278.02 0.200703
3278.98 0.199691
3279.94 0.199007
3280.91 0.197684
3281.87 0.196288
3282.84 0.195419
3283.80 0.194702
3284.77 0.194113
3285.73 0.192614
3286.69 0.191334
3287.66 0.190153
3288.62 0.188944
3289.59 0.188064
3290.55 0.187753
3291.52 0.186957
3292.48 0.184785
3293.45 0.183178
3294.41 0.182388
3295.37 0.181772
3296.34 0.180855
3297.30 0.180096
3298.27 0.178668
3299.23 0.176708
3300.20 0.175834
3301.16 0.174748
3302.13 0.173498
3303.09 0.172211
3304.05 0.171079
3305.02 0.170139
3305.98 0.169101
3306.95 0.168118
3307.91 0.166226
3308.88 0.163808
3309.84 0.163236
3310.80 0.163252
3311.77 0.162568
3312.73 0.162122
3313.70 0.160586
3314.66 0.159176
3315.63 0.157828
3316.59 0.156808
3317.56 0.155763
3318.52 0.153769
3319.48 0.153189
3320.45 0.152907
3321.41 0.151653
3322.38 0.150647
3323.34 0.149888
3324.31 0.148873
3325.27 0.148003
3326.24 0.147458
3327.20 0.146066
3328.16 0.144684
3329.13 0.143432
3330.09 0.142263
3331.06 0.141261
3332.02 0.141059
3332.99 0.140642
3333.95 0.139374
3334.92 0.138492
3335.88 0.138340
3336.84 0.137942
3337.81 0.136565
3338.77 0.135640
3339.74 0.135203
3340.70 0.134867
3341.67 0.133794
3342.63 0.132740
3343.59 0.132262
3344.56 0.131032
3345.52 0.129620
3346.49 0.128968
3347.45 0.128347
3348.42 0.127786
3349.38 0.126943
3350.35 0.126760
3351.31 0.127240
3352.27 0.126041
3353.24 0.124896
3354.20 0.123776
3355.17 0.122821
3356.13 0.122705
3357.10 0.122453
3358.06 0.122057
3359.03 0.120826
3359.99 0.119741
3360.95 0.119230
3361.92 0.117967
3362.88 0.117515
3363.85 0.117711
3364.81 0.116472
3365.78 0.115743
3366.74 0.115162
3367.70 0.114906
3368.67 0.115001
3369.63 0.114528
3370.60 0.113728
3371.56 0.113186
3372.53 0.112739
3373.49 0.111642
3374.46 0.111732
3375.42 0.111688
3376.38 0.110615
3377.35 0.110391
3378.31 0.109850
3379.28 0.109743
3380.24 0.109846
3381.21 0.108791
3382.17 0.107982
3383.14 0.107609
3384.10 0.107302
3385.06 0.106386
3386.03 0.105441
3386.99 0.105005
3387.96 0.104275
3388.92 0.103419
3389.89 0.103337
3390.85 0.103378
3391.81 0.102912
3392.78 0.102166
3393.74 0.101622
3394.71 0.101204
3395.67 0.100293
3396.64 0.0998129
3397.60 0.0995300
3398.57 0.0991510
3399.53 0.0988330
3400.49 0.0981731
3401.46 0.0974581
3402.42 0.0970662
3403.39 0.0964692
3404.35 0.0954092
3405.32 0.0939943
3406.28 0.0929253
3407.25 0.0928363
3408.21 0.0923864
3409.17 0.0915004
3410.14 0.0905984
3411.10 0.0902215
3412.07 0.0891935
3413.03 0.0880106
3414.00 0.0877006
3414.96 0.0871136
3415.93 0.0862436
3416.89 0.0854307
3417.85 0.0851767
3418.82 0.0849717
3419.78 0.0843429
3420.75 0.0831403
3421.71 0.0821801
3422.68 0.0813211
3423.64 0.0806908
3424.60 0.0798610
3425.57 0.0792931
3426.53 0.0789318
3427.50 0.0782804
3428.46 0.0774318
3429.43 0.0760449
3430.39 0.0757685
3431.36 0.0751817
3432.32 0.0737607
3433.28 0.0725750
3434.25 0.0725935
3435.21 0.0725244
3436.18 0.0711329
3437.14 0.0707826
3438.11 0.0703667
3439.07 0.0693774
3440.04 0.0686619
3441.00 0.0676310
3441.96 0.0668507
3442.93 0.0664957
3443.89 0.0659101
3444.86 0.0657642
3445.82 0.0643556
3446.79 0.0626181
3447.75 0.0624415
3448.71 0.0615474
3449.68 0.0610529
3450.64 0.0605745
3451.61 0.0593918
3452.57 0.0584035
3453.54 0.0575620
3454.50 0.0575794
3455.47 0.0575253
3456.43 0.0558301
3457.39 0.0552007
3458.36 0.0553638
3459.32 0.0543916
3460.29 0.0538295
3461.25 0.0534332
3462.22 0.0524563
3463.18 0.0512837
3464.15 0.0505286
3465.11 0.0500990
3466.07 0.0485807
3467.04 0.0474775
3468.00 0.0473620
3468.97 0.0473613
3469.93 0.0463003
3470.90 0.0456587
3471.86 0.0454426
3472.82 0.0438115
3473.79 0.0434028
3474.75 0.0432204
3475.72 0.0421418
3476.68 0.0410565
3477.65 0.0399477
3478.61 0.0398181
3479.58 0.0397859
3480.54 0.0382532
3481.50 0.0378773
3482.47 0.0384868
3483.43 0.0378081
3484.40 0.0366083
3485.36 0.0362132
3486.33 0.0357417
3487.29 0.0357861
3488.26 0.0350844
3489.22 0.0339510
3490.18 0.0336743
3491.15 0.0333352
3492.11 0.0324798
3493.08 0.0321277
3494.04 0.0316251
3495.01 0.0302995
3495.97 0.0303089
3496.94 0.0299909
3497.90 0.0289244
3498.86 0.0287672
3499.83 0.0290247
3500.79 0.0291499
3501.76 0.0288729
3502.72 0.0275055
3503.69 0.0274199
3504.65 0.0269795
3505.61 0.0261450
3506.58 0.0272076
3507.54 0.0273857
3508.51 0.0262422
3509.47 0.0258039
3510.44 0.0257395
3511.40 0.0253795
3512.37 0.0248163
3513.33 0.0242753
3514.29 0.0239384
3515.26 0.0230672
3516.22 0.0225492
3517.19 0.0225269
3518.15 0.0222201
3519.12 0.0212474
3520.08 0.0212910
3521.05 0.0214034
3522.01 0.0206923
3522.97 0.0202495
3523.94 0.0198174
3524.90 0.0196499
3525.87 0.0198468
3526.83 0.0200429
3527.80 0.0198283
3528.76 0.0193492
3529.72 0.0183356
3530.69 0.0181566
3531.65 0.0181280
3532.62 0.0188760
3533.58 0.0190927
3534.55 0.0181028
3535.51 0.0177997
3536.48 0.0173254
3537.44 0.0174761
3538.40 0.0173652
3539.37 0.0176508
3540.33 0.0182260
3541.30 0.0177519
3542.26 0.0171643
3543.23 0.0167219
3544.19 0.0167356
3545.16 0.0165766
3546.12 0.0161366
3547.08 0.0160130
3548.05 0.0158481
3549.01 0.0158153
3549.98 0.0159464
3550.94 0.0158862
3551.91 0.0150603
3552.87 0.0148126
3553.83 0.0152927
3554.80 0.0150509
3555.76 0.0149564
3556.73 0.0148876
3557.69 0.0140599
3558.66 0.0136158
3559.62 0.0141620
3560.59 0.0143377
3561.55 0.0140784
3562.51 0.0140514
3563.48 0.0136950
3564.44 0.0133360
3565.41 0.0136547
3566.37 0.0138314
3567.34 0.0133629
3568.30 0.0124023
3569.27 0.0119431
3570.23 0.0125253
3571.19 0.0127110
3572.16 0.0122729
3573.12 0.0120013
3574.09 0.0131262
3575.05 0.0132812
3576.02 0.0121304
3576.98 0.0115616
3577.95 0.0110959
3578.91 0.0115143
3579.87 0.0118033
3580.84 0.0117294
3581.80 0.0114430
3582.77 0.0114892
3583.73 0.0116709
3584.70 0.0115510
3585.66 0.0114630
3586.62 0.0110162
3587.59 0.0104540
3588.55 0.0106029
3589.52 0.0105630
3590.48 0.0100580
3591.45 0.0105457
3592.41 0.0104894
3593.38 0.00938034
3594.34 0.00949471
3595.30 0.0103625
3596.27 0.0108238
3597.23 0.0104123
3598.20 0.00946704
3599.16 0.00953350
3600.13 0.00989015
3601.09 0.00936191
3602.06 0.00860916
3603.02 0.00848782
3603.98 0.00904999
3604.95 0.00906693
3605.91 0.00865929
3606.88 0.00939983
3607.84 0.00963939
3608.81 0.00882453
3609.77 0.00854699
3610.74 0.00958724
3611.70 0.0103976
3612.66 0.00993246
3613.63 0.00932230
3614.59 0.00858286
3615.56 0.00836609
3616.52 0.00793955
3617.49 0.00798759
3618.45 0.00827595
3619.41 0.00805191
3620.38 0.00841094
3621.34 0.00836260
3622.31 0.00869314
3623.27 0.00854499
3624.24 0.00815373
3625.20 0.00871968
3626.17 0.00788082
3627.13 0.00704627
3628.09 0.00747712
3629.06 0.00724865
3630.02 0.00691941
3630.99 0.00748844
3631.95 0.00669319
3632.92 0.00576242
3633.88 0.00619608
3634.85 0.00613981
3635.81 0.00672026
3636.77 0.00736011
3637.74 0.00671384
3638.70 0.00672859
3639.67 0.00715731
3640.63 0.00743216
3641.60 0.00724729
3642.56 0.00738264
3643.52 0.00771079
3644.49 0.00683011
3645.45 0.00585806
3646.42 0.00544749
3647.38 0.00631113
3648.35 0.00662766
3649.31 0.00620030
3650.28 0.00668732
3651.24 0.00671237
3652.20 0.00638011
3653.17 0.00593834
3654.13 0.00541398
3655.10 0.00558270
3656.06 0.00581944
3657.03 0.00615536
3657.99 0.00563491
3658.96 0.00465013
3659.92 0.00482297
3660.88 0.00480241
3661.85 0.00444903
3662.81 0.00519097
3663.78 0.00501658
3664.74 0.00428892
3665.71 0.00454724
3666.67 0.00445898
3667.64 0.00492090
3668.60 0.00501153
3669.56 0.00437747
3670.53 0.00422498
3671.49 0.00399722
3672.46 0.00360234
3673.42 0.00359787
3674.39 0.00353979
3675.35 0.00297862
3676.31 0.00265145
3677.28 0.00305237
3678.24 0.00311690
3679.21 0.00265561
3680.17 0.00234224
3681.14 0.00125816
3682.10 0.000758687
3683.07 0.000184098
3684.03 -0.000899973
3684.99 -0.00122234
3685.96 -0.00157223
3686.92 -0.00202910
3687.89 -0.00310589
3688.85 -0.00362207
3689.82 -0.00221196
3690.78 -0.00145913
3691.75 -0.000753423
3692.71 0.000618303
3693.67 0.000529133
3694.64 -0.000130463
3695.60 0.000306262
3696.57 0.00124907
3697.53 0.00184199
3698.50 0.00252290
3699.46 0.00282822
3700.42 0.00197304
3701.39 0.00122255
3702.35 0.00143307
3703.32 0.00282767
3704.28 0.00442620
3705.25 0.00498430
3706.21 0.00501422
3707.18 0.00446612
3708.14 0.00345504
3709.10 0.00236136
3710.07 0.00252696
3711.03 0.00332408
3712.00 0.00363418
3712.96 0.00361900
3713.93 0.00341849
3714.89 0.00370801
3715.86 0.00370701
3716.82 0.00296783
3717.78 0.00308704
3718.75 0.00344904
3719.71 0.00318086
3720.68 0.00364635
3721.64 0.00422536
3722.61 0.00426806
3723.57 0.00412337
3724.53 0.00380699
3725.50 0.00363218
3726.46 0.00292959
3727.43 0.00278668
3728.39 0.00377620
3729.36 0.00422579
3730.32 0.00379630
3731.29 0.00273339
3732.25 0.00270210
3733.21 0.00323991
3734.18 0.00296000
3735.14 0.00315931
3736.11 0.00356610
3737.07 0.00421341
3738.04 0.00494679
3739.00 0.00444650
3739.97 0.00335859
3740.93 0.00241220
3741.89 0.00319581
3742.86 0.00430789
3743.82 0.00419110
3744.79 0.00413388
3745.75 0.00435749
3746.72 0.00390857
3747.68 0.00387488
3748.65 0.00342936
3749.61 0.00186976
3750.57 0.00191047
3751.54 0.00330845
3752.50 0.00422615
3753.47 0.00380923
3754.43 0.00355523
3755.40 0.00356182
3756.36 0.00350201
3757.32 0.00328421
3758.29 0.00394909
3759.25 0.00470709
3760.22 0.00385567
3761.18 0.00275757
3762.15 0.00254725
3763.11 0.00326135
3764.08 0.00287933
3765.04 0.00244612
3766.00 0.00265502
3766.97 0.00241039
3767.93 0.00223189
3768.90 0.00331336
3769.86 0.00453116
3770.83 0.00454393
3771.79 0.00363483
3772.76 0.00282480
3773.72 0.00262740
3774.68 0.00263509
3775.65 0.00257506
3776.61 0.00350785
3777.58 0.00369523
3778.54 0.00281282
3779.51 0.00285449
3780.47 0.00239268
3781.43 0.00279267
3782.40 0.00345514
3783.36 0.00335583
3784.33 0.00345100
3785.29 0.00332578
3786.26 0.00275175
3787.22 0.00317864
3788.19 0.00358441
3789.15 0.00384609
3790.11 0.00264928
3791.08 0.000966746
3792.04 0.00205513
3793.01 0.00260290
3793.97 0.00213488
3794.94 0.00184655
3795.90 0.00240773
3796.87 0.00312020
3797.83 0.00300988
3798.79 0.00181916
3799.76 0.000632323
3800.72 0.00173381
3801.69 0.00269487
3802.65 0.00244615
3803.62 0.00245161
3804.58 0.00287859
3805.54 0.00319537
3806.51 0.00326763
3807.47 0.00256511
3808.44 0.00237507
3809.40 0.00339445
3810.37 0.00317110
3811.33 0.00207938
3812.30 0.00156584
3813.26 0.00137742
3814.22 0.00158310
3815.19 0.00281555
3816.15 0.00313583
3817.12 0.00185778
3818.08 0.00184776
3819.05 0.00294681
3820.01 0.00355908
3820.98 0.00249684
3821.94 0.00160601
3822.90 0.00256109
3823.87 0.00235584
3824.83 0.00160671
3825.80 0.00233866
3826.76 0.00290894
3827.73 0.00185788
3828.69 0.000997655
3829.66 0.000652604
3830.62 0.00145477
3831.58 0.00207515
3832.55 0.00166819
3833.51 0.00199016
3834.48 0.00193321
3835.44 0.00147058
3836.41 0.00111903
3837.37 0.00173419
3838.33 0.00172836
3839.30 0.00122281
3840.26 0.00206747
3841.23 0.00267442
3842.19 0.00206408
3843.16 0.000657927
3844.12 -0.000138009
3845.09 0.000665532
3846.05 0.00152960
3847.01 0.00171446
3847.98 0.00166530
3848.94 0.00187827
3849.91 0.00141551
3850.87 0.000958970
3851.84 0.00187511
3852.80 0.00322077
3853.77 0.00274351
3854.73 0.00244107
3855.69 0.00301473
3856.66 0.00205117
3857.62 0.00182933
3858.59 0.00190427
3859.55 0.00102142
3860.52 0.00120106
3861.48 0.000744119
3862.44 0.00121278
3863.41 0.00215451
3864.37 0.00135907
3865.34 0.000771601
3866.30 0.000342257
3867.27 0.000266891
3868.23 0.000600947
3869.20 0.00101108
3870.16 0.00172843
3871.12 0.000738788
3872.09 -0.000728980
3873.05 0.000302872
3874.02 0.00196490
3874.98 0.000741055
3875.95 0.000889285
3876.91 0.00174204
3877.88 0.000226764
3878.84 0.000220815
3879.80 0.00169316
3880.77 0.00293459
3881.73 0.00223695
3882.70 0.00278547
3883.66 0.00290942
3884.63 0.00107235
3885.59 0.000154795
3886.55 0.000733143
3887.52 0.00135637
3888.48 0.00233791
3889.45 0.00165214
3890.41 0.000305584
3891.38 0.000786508
3892.34 4.83524e-05
3893.31 0.00122268
3894.27 0.00224332
3895.23 0.00137956
3896.20 0.000866886
3897.16 0.000184126
3898.13 0.000123451
3899.09 0.000645891
3900.06 0.00125221
3901.02 0.000969453
3901.99 0.00164657
3902.95 0.00246461
3903.91 0.00183135
3904.88 0.00167647
3905.84 0.00294121
3906.81 0.00232433
3907.77 0.00122257
3908.74 0.00198588
3909.70 0.00100252
3910.67 0.000245536
3911.63 0.00221637
3912.59 0.00228431
3913.56 0.00118043
3914.52 0.000239260
3915.49 -0.000488127
3916.45 0.000242110
3917.42 0.000234922
3918.38 0.000571458
3919.34 0.00148309
3920.31 0.00207080
3921.27 0.00171243
3922.24 0.00202885
3923.20 0.00248058
3924.17 0.00156349
3925.13 0.00206612
3926.10 0.00265563
3927.06 0.00203146
3928.02 0.00146589
3928.99 0.00138150
3929.95 0.00168783
3930.92 0.000865133
3931.88 -0.000421135
3932.85 8.19694e-05
3933.81 -0.000183102
3934.78 -0.00138910
3935.74 -0.00106857
3936.70 4.28595e-05
3937.67 0.00135216
3938.63 0.000955189
3939.60 0.000607992
3940.56 0.00230762
3941.53 0.00176282
3942.49 0.000284744
3943.46 9.93460e-05
3944.42 0.000833370
3945.38 0.00145869
3946.35 0.00108719
3947.31 0.000260916
3948.28 7.14157e-05
3949.24 -8.77641e-05
3950.21 -0.000518365
3951.17 0.000487057
3952.13 0.00137958
3953.10 0.00114897
3954.06 -0.000150705
3955.03 -0.000362908
3955.99 -0.000107290
3956.96 -0.000552593
3957.92 0.000322025
3958.89 0.00109802
3959.85 0.000982439
3960.81 0.00180646
3961.78 0.00138515
3962.74 0.00112557
3963.71 0.00121906
3964.67 0.000698976
3965.64 0.000689667
3966.60 0.000833882
3967.57 0.000376673
3968.53 0.000152089
3969.49 -0.000445899
3970.46 -0.000128409
3971.42 0.000652203
3972.39 0.00114739
3973.35 0.00168010
3974.32 0.000580695
3975.28 0.00168421
3976.24 0.00243322
3977.21 0.00224770
3978.17 0.00208041
3979.14 0.000963101
3980.10 -0.000249691
3981.07 0.000260295
3982.03 0.00109990
3983.00 0.00136249
3983.96 0.00155140
3984.92 0.00139890
3985.89 0.00170379
3986.85 0.000505393
3987.82 -0.000854023
3988.78 0.000241583
3989.75 0.000307167
3990.71 -0.000633730
3991.68 -0.000203848
3992.64 -0.000544544
3993.60 0.000477258
3994.57 0.000417240
3995.53 -0.000220856
3996.50 0.000886723
3997.46 0.000926526
3998.43 -0.000405097
3999.39 -0.00128780
4000.35 -0.00141790
4001.32 -0.00136542
4002.28 0.000711184
4003.25 -0.000151441
4004.21 -0.00122794
4005.18 4.07360e-05
4006.14 -0.000262165
4007.11 0.000297509
4008.07 0.00172331
4009.03 0.00127440
4010.00 0.000780178
4010.96 0.00115717
4011.93 0.000805845
4012.89 0.000593143
4013.86 0.000226414
4014.82 -0.000112090
4015.79 -0.00183912
4016.75 -0.00171762
4017.71 0.000708070
4018.68 0.00168944
4019.64 0.00128393
4020.61 0.00127710
4021.57 0.00133729
4022.54 0.00104486
4023.50 0.000759453
4024.47 0.000484722
4025.43 0.000508813
4026.39 -0.000551898
4027.36 -0.000642931
4028.32 -0.000378843
4029.29 -0.000830475
4030.25 -0.000917187
4031.22 -0.000108521
4032.18 0.00135976
4033.14 0.000788553
4034.11 -0.000333583
4035.07 0.000617603
4036.04 0.00144507
4037.00 0.00145355
4037.97 0.00253871
4038.93 0.00156010
4039.90 -0.000588439
4040.86 0.000137143
4041.82 -0.000452971
4042.79 -0.00119251
4043.75 0.00119707
4044.72 0.00239983
4045.68 0.00133421
4046.65 0.000700971
4047.61 0.00111095
4048.58 0.000776710
4049.54 -0.000270708
4050.50 -0.00132613
4051.47 -0.00123187
4052.43 0.00108431
4053.40 0.00143106
4054.36 -7.55582e-05
4055.33 -0.000374801
4056.29 -0.000177125
4057.25 -0.000116447
4058.22 -0.000347193
4059.18 -0.000834517
4060.15 -0.00108246
4061.11 -0.000771688
4062.08 0.000559762
4063.04 0.00252924
4064.01 0.00207579
4064.97 -3.11360e-05
4065.93 -5.26197e-06
4066.90 0.000117991
4067.86 -0.000303138
4068.83 -0.000399187
4069.79 -0.000995316
4070.76 -0.000387967
4071.72 -0.000313394
4072.69 -0.000629246
4073.65 -0.000751276
4074.61 -6.23073e-05
4075.58 0.000280941
4076.54 0.000249010
4077.51 0.00125716
4078.47 0.000887422
4079.44 5.53690e-05
4080.40 -0.000457963
4081.36 0.00103701
4082.33 0.00275415
4083.29 0.00176062
4084.26 0.000308458
4085.22 0.000878224
4086.19 0.000857966
4087.15 -0.000766469
4088.12 -0.00144723
4089.08 -0.000888163
4090.04 -0.000654999
4091.01 -0.00154516
4091.97 -0.00192150
4092.94 -0.00242766
4093.90 -0.00139830
4094.87 0.00164464
4095.83 0.00216041
4096.80 0.000520745
4097.76 -0.00105720
4098.72 0.000314463
4099.69 0.00267260
4100.65 7.18608e-05
4101.62 -0.00252950
4102.58 -0.00167544
4103.55 0.000608390
4104.51 0.000864148
4105.48 -0.000839716
4106.44 -0.00124176
4107.40 -0.00194690
4108.37 -0.00160977
4109.33 -0.000489915
4110.30 -0.000307182
4111.26 0.00171167
4112.23 0.00119840
4113.19 9.81577e-05
4114.15 0.00226171
4115.12 0.00195524
4116.08 0.000225095
4117.05 -0.000829075
4118.01 -0.000886822
4118.98 -0.000766793
4119.94 -0.00136444
4120.91 0.00107848
4121.87 0.00103313
4122.83 -0.00201941
4123.80 -0.00173199
4124.76 0.00104736
4125.73 0.00178309
4126.69 -0.000520661
4127.66 -0.000464838
4128.62 0.000549911
4129.59 -0.000273567
4130.55 -0.000733418
4131.51 -1.16974e-06
4132.48 -0.000522548
4133.44 0.000635399
4134.41 8.75201e-05
4135.37 -0.000337835
4136.34 0.00209119
4137.30 0.00125203
4138.27 0.000695750
4139.23 0.00173530
4140.19 0.00219214
4141.16 0.000438757
4142.12 -0.000808302
4143.09 0.000247918
4144.05 0.00156166
4145.02 0.00200448
4145.98 0.000392918
4146.94 -0.000627540
4147.91 -0.000234922
4148.87 0.000402413
4149.84 0.000999231
4150.80 0.000192970
4151.77 -0.00124422
4152.73 -0.00167918
4153.70 -0.00130436
4154.66 0.00136457
4155.62 -0.000394087
4156.59 -0.00341337
4157.55 -0.00355014
4158.52 -0.00297453
4159.48 -0.00180699
4160.45 9.30186e-05
4161.41 0.000795053
4162.38 -0.00105204
4163.34 -0.00210730
4164.30 -0.000554567
4165.27 0.00104524
4166.23 0.000602374
4167.20 0.00190568
4168.16 0.00230611
4169.13 0.00197912
4170.09 0.00220375
4171.05 0.00276778
4172.02 0.000911290
4172.98 -0.00180548
4173.95 -0.000463177
4174.91 0.000675252
4175.88 -0.000225741
4176.84 6.24862e-05
4177.81 0.000508491
4178.77 -0.000116883
4179.73 0.00118575
4180.70 0.00242895
4181.66 0.000839572
4182.63 -0.00153222
4183.59 -0.000486199
4184.56 0.00254810
4185.52 0.00325193
4186.49 0.000620626
4187.45 -0.00225825
4188.41 -0.00202633
4189.38 -0.000445725
4190.34 0.00152460
4191.31 0.000897396
4192.27 0.00118182
4193.24 0.00124562
4194.20 0.00113504
4195.17 0.00438913
4196.13 0.00378635
4197.09 0.00151967
4198.06 0.00227317
4199.02 0.00229979
4199.99 -0.000718618
4200.95 -0.00178990
4201.92 0.000630595
4202.88 0.00115521
4203.84 -0.000593970
4204.81 -0.000967277
4205.77 0.000145439
4206.74 -0.000766471
4207.70 -0.00119775
4208.67 -0.000618761
4209.63 -0.000756847
4210.60 -5.17592e-05
4211.56 0.00154716
4212.52 0.00274307
4213.49 0.00258516
4214.45 0.00127347
4215.42 -0.000129741
4216.38 0.000709573
4217.35 0.00161876
4218.31 0.000944071
4219.27 0.00163438
4220.24 0.00128577
4221.20 -0.000257721
4222.17 -0.000997538
4223.13 -0.000338627
4224.10 -0.000116542
4225.06 0.000719566
4226.03 0.000313250
4226.99 -0.000660943
4227.95 0.000209764
4228.92 5.96475e-05
4229.88 0.000125352
4230.85 0.000592336
4231.81 0.000918740
4232.78 0.00119932
4233.74 0.000781126
4234.71 0.00103751
4235.67 0.00229931
4236.63 0.00203871
4237.60 0.00323459
4238.56 0.00131219
4239.53 -0.00108783
4240.49 -0.000296725
4241.46 -0.000960147
4242.42 0.000570254
4243.39 -0.000294769
4244.35 -0.00119787
4245.31 0.00193003
4246.28 0.00321441
4247.24 0.00132421
4248.21 1.05817e-05
4249.17 0.000443179
4250.14 0.00138165
4251.10 -0.000999147
4252.06 -0.00248985
4253.03 0.00182102
4253.99 0.00124342
4254.96 -0.000788409
4255.92 0.000389785
4256.89 0.00198596
4257.85 0.00242665
4258.82 0.00183802
4259.78 0.000622617
4260.74 2.68091e-05
4261.71 -0.000392221
4262.67 -0.000255629
4263.64 -0.000220360
4264.60 -0.000450669
4265.57 0.00114460
4266.53 0.00139169
4267.50 -0.000346242
4268.46 -2.73511e-05
4269.42 0.00120774
4270.39 0.00216870
4271.35 0.00242319
4272.32 0.00174716
4273.28 0.00153805
4274.25 0.00106141
4275.21 5.98989e-05
4276.17 0.000788484
4277.14 0.00125195
4278.10 -3.60664e-05
4279.07 0.00115370
4280.03 0.000397380
4281.00 -0.00101186
4281.96 -0.000758473
4282.93 -0.000315914
4283.89 0.000606872
4284.85 8.98540e-05
4285.82 -0.00110799
4286.78 -0.000268403
4287.75 2.10553e-05
4288.71 -0.000423960
4289.68 0.000891296
4290.64 0.00244418
4291.61 0.00414903
4292.57 0.00395571
4293.53 0.00232409
4294.50 5.76489e-05
4295.46 0.000541830
4296.43 0.00287588
4297.39 0.00126966
4298.36 0.00167292
4299.32 0.00318499
4300.29 0.00326495
4301.25 0.00465212
4302.21 0.00187860
4303.18 -4.14476e-05
4304.14 -0.000719171
4305.11 -8.35210e-05
4306.07 0.00237415
4307.04 0.00171050
4308.00 0.00205478
4308.96 0.00221455
4309.93 0.00219580
4310.89 0.00295117
4311.86 0.00299732
4312.82 0.00371090
4313.79 0.00207954
4314.75 0.000731513
4315.72 0.00209886
4316.68 0.00176293
4317.64 0.00157640
4318.61 0.00109605
4319.57 0.00176652
4320.54 0.000893561
4321.50 0.000252929
4322.47 0.00157827
4323.43 0.00167974
4324.40 -0.000317916
4325.36 -0.00250895
4326.32 -0.000552781
4327.29 0.000568159
4328.25 0.00185573
4329.22 0.00317547
4330.18 0.00157663
4331.15 0.000487670
4332.11 -0.000340464
4333.07 0.000177501
4334.04 0.000829538
4335.00 0.00139840
4335.97 0.00395944
4336.93 0.00412740
4337.90 0.00119064
4338.86 0.000930401
4339.83 0.00136104
4340.79 0.000488799
4341.75 0.00229716
4342.72 0.00245249
4343.68 0.00208855
4344.65 0.00325969
4345.61 0.00240425
4346.58 0.00250188
4347.54 0.00189484
4348.51 0.000133872
4349.47 0.00141993
4350.43 0.00246118
4351.40 0.00196252
4352.36 0.00185567
4353.33 0.00409160
4354.29 0.00502406
4355.26 0.00376459
4356.22 0.00284055
4357.19 0.00169917
4358.15 0.00139333
4359.11 0.00272658
4360.08 0.00175691
4361.04 0.00163496
4362.01 0.00389219
4362.97 0.00290514
4363.94 0.00196677
4364.90 0.00211362
4365.86 0.00117657
4366.83 0.000431392
4367.79 0.000967741
4368.76 0.00277467
4369.72 0.00315771
4370.69 0.00335364
4371.65 0.00431769
4372.62 0.00312751
4373.58 0.00114466
4374.54 0.00150300
4375.51 0.00295933
4376.47 0.000138871
4377.44 -0.000586806
4378.40 0.00185604
4379.37 0.00522966
4380.33 0.00558190
4381.29 0.00396865
4382.26 0.00468937
4383.22 0.00337541
4384.19 0.00169583
4385.15 0.00205337
4386.12 0.00234079
4387.08 0.00409263
4388.05 0.00556805
4389.01 0.00264739
4389.97 0.00176332
4390.94 0.00346664
4391.90 0.00237278
4392.87 0.00119029
4393.83 0.00122873
4394.80 0.000708347
4395.76 0.00175139
4396.73 0.00292510
4397.69 0.00150534
4398.65 -0.00110763
4399.62 4.82854e-05
4400.58 0.00312982
4401.55 0.00458203
4402.51 0.00616157
4403.48 0.00441638
4404.44 0.00352951
4405.41 0.00275872
4406.37 0.00112175
4407.33 0.00274089
4408.30 0.00365270
4409.26 0.00251293
4410.23 0.00132594
4411.19 0.000793265
4412.16 -0.000317728
4413.12 0.000246504
4414.08 0.00182534
4415.05 0.00198744
4416.01 0.00211327
4416.98 0.00223678
4417.94 0.00184030
4418.91 0.00236621
4419.87 0.00322163
4420.84 0.00460244
4421.80 0.00713877
4422.76 0.00683429
4423.73 0.00618119
4424.69 0.00439052
4425.66 0.00140712
4426.62 0.00186834
4427.59 0.00214975
4428.55 0.00241827
4429.52 0.00223077
4430.48 0.00155630
4431.44 0.00215442
4432.41 0.00295212
4433.37 0.00636514
4434.34 0.00861754
4435.30 0.00242716
4436.27 -0.00369455
4437.23 -0.00342423
4438.20 -0.000835428
4439.16 0.00457439
4440.12 0.00367781
4441.09 0.000467803
4442.05 0.00324823
4443.02 0.00524802
4443.98 0.00494324
4444.95 0.00211363
4445.91 0.00156045
4446.87 0.00359516
4447.84 0.00441555
4448.80 0.00318187
4449.77 0.00246736
4450.73 0.00261678
4451.70 0.00126867
4452.66 0.00249368
4453.63 0.00313327
4454.59 0.000727784
4455.55 0.00229600
4456.52 0.00455169
4457.48 0.00544590
4458.45 0.00369699
4459.41 5.49853e-06
4460.38 0.00178428
4461.34 0.00494710
4462.31 0.00450988
4463.27 0.000588590
4464.23 0.00139260
4465.20 0.00666619
4466.16 0.00491139
4467.13 0.00146568
4468.09 -0.000121213
4469.06 -0.00147913
4470.02 0.000732776
4470.98 0.00574738
4471.95 0.00147036
4472.91 -0.00317833
4473.88 0.00251735
4474.84 0.00566586
4475.81 0.00937134
4476.77 0.0111517
4477.74 0.00733742
4478.70 0.00401253
4479.66 0.00438563
4480.63 0.00408331
4481.59 0.00427151
4482.56 0.00569859
4483.52 0.00382669
4484.49 0.00575547
4485.45 0.00555247
4486.42 0.000907941
4487.38 0.000588642
4488.34 0.00380994
4489.31 0.00441572
4490.27 -0.00112008
4491.24 0.00169539
4492.20 0.00910909
4493.17 0.00536396
4494.13 0.00304046
4495.10 0.00897743
4496.06 0.0107233
4497.02 0.00448852
4497.99 0.00103869
4498.95 -0.00142631
4499.92 -0.00273134
4500.88 -0.00239895
4501.85 -3.97749e-05
4502.81 0.00213802
4503.77 0.00553691
4504.74 0.00719228
4505.70 7.67726e-05
4506.67 -0.000530761
4507.63 0.00129563
4508.60 -0.00441510
4509.56 -0.00412821
4510.53 0.00254495
4511.49 0.00459944
4512.45 0.00515533
4513.42 -0.00121620
4514.38 -0.00595671
4515.35 -0.00460505
4516.31 -0.00152936
4517.28 -0.00108730
4518.24 0.00318839
4519.21 0.00462215
4520.17 0.00480894
4521.13 0.00285803
4522.10 -0.00225171
4523.06 0.00288967
4524.03 0.00165333
4524.99 0.000451015
4525.96 0.00633148
4526.92 0.00590876
4527.88 -0.00277216
4528.85 -0.00212920
4529.81 0.000208285
4530.78 -0.00442926
4531.74 -0.00195858
4532.71 0.000296479
4533.67 -0.00186644
4534.64 0.00178041
4535.60 0.00254750
4536.56 0.00261518
4537.53 0.00540973
4538.49 -0.000448791
4539.46 -0.00450484
4540.42 -0.000146057
4541.39 0.000860494
4542.35 0.00215287
4543.32 0.00295953
4544.28 -0.00254950
4545.24 -0.00447582
4546.21 -0.000929372
4547.17 0.00230800
4548.14 0.00613245
4549.10 0.00618963
4550.07 0.00255288
4551.03 0.00433445
4552.00 0.00399960
4552.96 -0.00207033
4553.92 -0.00649005
4554.89 -0.00502721
4555.85 0.00221877
4556.82 0.00228161
4557.78 0.00169368
4558.75 0.000350529
4559.71 -0.00165450
4560.67 -5.30854e-07
4561.64 0.00259251
4562.60 0.00131918
4563.57 0.00161823
4564.53 0.00453690
4565.50 0.00294494
4566.46 0.00107441
4567.43 0.00225115
4568.39 0.00205561
4569.35 -0.000130620
4570.32 0.00465282
4571.28 0.00917779
4572.25 0.00829613
4573.21 0.00344479
4574.18 0.00335723
4575.14 0.00710820
4576.10 0.00260146
4577.07 -0.00336260
4578.03 -0.000568438
4579.00 -0.00302250
4579.96 -0.00739374
4580.93 -0.00264131
4581.89 0.00107606
4582.86 -0.00192581
4583.82 0.00152935
4584.78 0.00422991
4585.75 0.00545405
4586.71 0.00643921
4587.68 0.00559424
4588.64 0.00642610
4589.61 0.00111823
4590.57 0.00310879
4591.54 0.00577542
4592.50 0.00144008
4593.46 -0.00179856
4594.43 0.000287365
4595.39 0.000891622
4596.36 -0.00193225
4597.32 -0.00188619
4598.29 0.00160773
4599.25 0.00473029
4600.22 0.00254192
4601.18 0.00690557
4602.14 0.00436262
4603.11 -0.00146865
4604.07 0.00389710
4605.04 0.00816493
4606.00 0.00736328
4606.97 0.00394491
4607.93 0.00100006
4608.90 0.00190728
4609.86 0.000392132
4610.82 0.00112498
4611.79 0.00211390
4612.75 0.00271405
4613.72 0.0104783
4614.68 0.00287072
4615.65 -0.00598626
4616.61 0.00127089
4617.57 0.00519354
4618.54 0.00367446
4619.50 0.00283871
4620.47 0.00231783
4621.43 -0.000453930
4622.40 0.000620792
4623.36 0.00841894
4624.33 0.00751285
4625.29 0.00472759
4626.25 0.00214584
4627.22 -0.00155384
4628.18 -0.00412260
4629.15 -0.00547729
4630.11 -0.000437845
4631.08 0.00119347
4632.04 -0.000525290
4633.00 -0.000693249
4633.97 0.00156327
4634.93 0.00483971
4635.90 0.00215442
4636.86 0.00215326
4637.83 0.00466377
4638.79 0.00755511
4639.76 0.00597642
4640.72 0.00329766
4641.68 0.00638599
4642.65 0.00513021
4643.61 0.00468404
4644.58 0.00420565
4645.54 0.00193339
4646.51 0.00230190
4647.47 0.00314503
4648.44 0.00171954
4649.40 0.00220577
4650.36 0.00262031
4651.33 -0.00319219
4652.29 -0.00206725
4653.26 0.00453785
4654.22 0.00704538
4655.19 0.00451359
4656.15 -0.000331784
4657.12 -0.00221888
4658.08 -0.00127635
4659.04 -0.000262016
4660.01 0.000492888
4660.97 -0.000960786
4661.94 -0.00224228
4662.90 -0.000975557
4663.87 -0.00137075
4664.83 0.00218357
4665.79 0.00396500
4666.76 0.00302440
4667.72 0.00335363
4668.69 0.00317873
4669.65 0.00536975
4670.62 0.00350465
4671.58 -0.000248525
4672.55 0.00388297
4673.51 0.00870940
4674.47 0.00580262
4675.44 -0.000153583
4676.40 0.000250140
4677.37 0.00380954
4678.33 0.000107957
4679.30 -0.00390955
4680.26 -0.000296924
4681.23 0.00102377
4682.19 -0.000751911
4683.15 0.00103041
4684.12 0.00285370
4685.08 0.00433902
4686.05 0.00383111
4687.01 0.00337913
4687.98 0.00255362
4688.94 -0.00188926
4689.90 -0.00146084
4690.87 0.00272655
4691.83 0.00469326
4692.80 0.00332765
4693.76 0.000875968
4694.73 0.00194996
4695.69 0.00111467
4696.66 -0.00119074
4697.62 -0.00139333
4698.58 -0.000941714
4699.55 0.00227177
4700.51 0.00386129
4701.48 0.00365057
4702.44 0.00549588
4703.41 0.00335987
4704.37 -0.000572819
4705.34 0.00107007
4706.30 0.00262398
4707.26 0.00340209
4708.23 0.000393270
4709.19 -0.00211202
4710.16 0.00102086
4711.12 0.00278727
4712.09 0.00307305
4713.05 0.00296596
4714.02 0.00311134
4714.98 0.00394344
4715.94 0.00350935
4716.91 0.00467893
4717.87 0.00598484
4718.84 0.00266171
4719.80 -0.00105158
4720.77 -0.000490703
4721.73 0.00246140
4722.69 0.00641070
4723.66 0.00629688
4724.62 0.00390698
4725.59 0.00579896
4726.55 0.00267066
4727.52 -0.00364666
4728.48 -0.00177236
4729.45 -0.00119499
4730.41 -0.00263049
4731.37 0.00288301
4732.34 0.00342909
4733.30 -0.000294715
4734.27 -0.00160534
4735.23 -0.00281174
4736.20 -0.00273417
4737.16 -0.000268077
4738.13 0.00219799
4739.09 0.00291589
4740.05 0.00284379
4741.02 0.00291216
4741.98 0.00400815
4742.95 0.00328092
4743.91 0.00131442
4744.88 0.00419508
4745.84 0.00628628
4746.80 0.00405437
4747.77 0.00415434
4748.73 0.00641193
4749.70 0.00578810
4750.66 0.00401389
4751.63 -0.00263054
4752.59 -0.00244925
4753.56 0.00430151
4754.52 0.00686630
4755.48 0.00916379
4756.45 0.00495895
4757.41 0.00119654
4758.38 0.00387581
4759.34 0.00699679
4760.31 0.00616605
4761.27 0.00756104
4762.24 0.00579100
4763.20 1.68942e-06
4764.16 0.000713976
4765.13 0.00360014
4766.09 0.00541732
4767.06 0.00338398
4768.02 0.00403097
4768.99 0.00758452
4769.95 0.00370591
4770.92 0.00401497
4771.88 0.00360385
4772.84 0.00363503
4773.81 0.00774989
4774.77 0.00604897
4775.74 0.00454942
4776.70 0.00404740
4777.67 0.00612826
4778.63 0.00372734
4779.59 0.00245672
4780.56 0.00189127
4781.52 -0.000745550
4782.49 0.00327180
4783.45 0.00498078
4784.42 0.00270493
4785.38 0.00134221
4786.35 0.00411846
4787.31 0.00634804
4788.27 0.00977201
4789.24 0.0117745
4790.20 0.00543334
4791.17 0.00353509
4792.13 0.00698576
4793.10 0.00593761
4794.06 0.000585286
4795.03 0.00115943
4795.99 0.00307670
4796.95 0.00106388
4797.92 -0.000515675
4798.88 -0.00141320
4799.85 -0.00192136
4800.81 -0.00159769
4801.78 0.00252416
4802.74 0.00284593
4803.71 0.00155017
4804.67 0.00238054
4805.63 0.00362201
4806.60 0.00182735
4807.56 -0.000248177
4808.53 0.00278706
4809.49 0.00483223
4810.46 0.00452647
4811.42 0.00512834
4812.38 0.00335630
4813.35 0.00274714
4814.31 0.00404511
4815.28 -0.000191452
4816.24 0.00214121
4817.21 0.00658335
4818.17 0.00390522
4819.14 0.00107315
4820.10 0.00151692
4821.06 0.00341818
4822.03 0.00439542
4822.99 0.00401318
4823.96 -0.000518288
4824.92 -0.000898927
4825.89 0.00417801
4826.85 -0.000267532
4827.81 -0.00177617
4828.78 0.00307116
4829.74 0.00319632
4830.71 0.00182775
4831.67 -2.21897e-05
4832.64 -0.00239996
4833.60 -0.000216199
4834.57 0.00565623
4835.53 0.00158299
4836.49 0.000928143
4837.46 0.00460657
4838.42 0.00395583
4839.39 0.00424076
4840.35 0.00376241
4841.32 0.00423214
4842.28 0.00492620
4843.25 0.00591782
4844.21 0.00816767
4845.17 0.00925963
4846.14 0.00442035
4847.10 -0.00129130
4848.07 0.00148553
4849.03 0.00419359
4850.00 3.88063e-05
4850.96 0.00135536
4851.93 0.00235048
4852.89 -0.00157257
4853.85 -4.27198e-05
4854.82 0.00160160
4855.78 0.00358975
4856.75 0.00868827
4857.71 0.00972422
4858.68 0.00166314
4859.64 -0.00172821
4860.60 0.000260634
4861.57 0.000995954
4862.53 0.00211230
4863.50 -0.00134478
4864.46 0.000963364
4865.43 0.00102438
4866.39 -0.00271038
4867.36 -0.000759657
4868.32 0.00562489
4869.28 0.00497243
4870.25 -0.00545765
4871.21 -0.00200881
4872.18 0.00255630
4873.14 -0.00206206
4874.11 8.22581e-05
4875.07 0.00525170
4876.04 0.00945641
4877.00 0.00893855
4877.96 0.00421329
4878.93 0.00326480
4879.89 0.000173843
4880.86 0.00355946
4881.82 0.00766179
4882.79 0.00603000
4883.75 0.00653374
4884.71 0.00561558
4885.68 0.00293269
4886.64 0.00140222
4887.61 -0.00262447
4888.57 -0.00563684
4889.54 0.00189597
4890.50 0.00460501
4891.47 0.00355081
4892.43 0.00675245
4893.39 0.00848618
4894.36 0.00817369
4895.32 0.00665422
4896.29 0.00447902
4897.25 0.00433456
4898.22 0.00920336
4899.18 0.00831359
4900.15 0.00293979
4901.11 -0.00161858
4902.07 0.00388165
4903.04 0.00645666
4904.00 0.00509528
4904.97 0.00458499
4905.93 -0.00342569
4906.90 -0.00175489
4907.86 0.00223824
4908.83 0.00183314
4909.79 0.00483837
4910.75 0.00487139
4911.72 0.00164279
4912.68 0.000531318
4913.65 0.00171852
4914.61 0.00211004
4915.58 0.00208924
4916.54 0.00207216
4917.50 0.00548358
4918.47 0.00439348
4919.43 0.000616303
4920.40 0.000848796
4921.36 0.00391722
4922.33 0.00833551
4923.29 0.00483343
4924.26 0.00341932
4925.22 0.00300045
4926.18 0.00557927
4927.15 0.00801736
4928.11 0.00451178
4929.08 0.00443947
4930.04 0.00318949
4931.01 0.000936978
4931.97 0.00268369
4932.94 0.00246149
4933.90 0.00448270
4934.86 0.00948592
4935.83 0.00190311
4936.79 -0.00728088
4937.76 -0.00647699
4938.72 -0.00207938
4939.69 0.00301491
4940.65 0.00288082
4941.61 -0.00121416
4942.58 0.00177832
4943.54 0.00494393
4944.51 0.00328152
4945.47 0.00467023
4946.44 0.00452931
4947.40 -0.00445777
4948.37 -0.00259439
4949.33 0.00953192
4950.29 0.00412713
4951.26 0.00138781
4952.22 0.00189222
4953.19 0.00314100
4954.15 0.00597301
4955.12 0.00492879
4956.08 0.00883110
4957.05 0.00649228
4958.01 0.00538798
4958.97 0.0108038
4959.94 0.00661447
4960.90 -0.00396733
4961.87 -0.00192035
4962.83 0.00182116
4963.80 0.00638233
4964.76 0.0101238
4965.73 0.0120204
4966.69 0.00711242
4967.65 0.00366212
4968.62 0.00750859
4969.58 0.00326229
4970.55 0.00566347
4971.51 0.00597897
4972.48 0.00438604
4973.44 0.00899344
4974.40 0.0114238
4975.37 0.00413151
4976.33 -0.000114188
4977.30 0.00306319
4978.26 0.00348488
4979.23 0.00142235
4980.19 0.00137795
4981.16 0.00232832
4982.12 -0.00220518
4983.08 -0.00664729
4984.05 -0.00210062
4985.01 0.00254628
4985.98 0.00357354
4986.94 0.00201414
4987.91 -0.00404819
4988.87 -0.0106402
4989.83 -0.00635061
4990.80 0.00419276
4991.76 0.00255355
4992.73 -0.000825083
4993.69 -0.00170169
4994.66 -0.000859329
4995.62 0.00141526
4996.59 -0.000410974
4997.55 -0.00560258
4998.51 -0.00325209
4999.48 0.00492457
5000.44 0.00854866
5001.41 0.00201662
5002.37 0.00215861
5003.34 0.00608327
5004.30 0.00434575
5005.27 0.00450381
5006.23 0.000410302
5007.19 0.00510379
5008.16 0.00925715
5009.12 0.00159183
5010.09 -0.00254901
5011.05 -0.00160393
5012.02 -0.000419268
5012.98 0.00128761
5013.95 -0.00389703
5014.91 -0.000163347
5015.87 0.00697774
5016.84 0.00542159
5017.80 0.00664547
5018.77 0.000966728
5019.73 -0.00462359
5020.70 0.000217861
5021.66 0.00578034
5022.62 0.00941962
5023.59 0.00636777
5024.55 0.00138495
5025.52 0.00207890
5026.48 -0.000653718
5027.45 -0.00629717
5028.41 -0.00428619
5029.38 -0.00457224
5030.34 -0.00633426
5031.30 0.000919914
5032.27 0.00877226
5033.23 0.00457124
5034.20 -0.00428682
5035.16 -0.00732734
5036.13 -0.00657469
5037.09 -0.00158832
5038.06 -0.00342547
5039.02 -0.00123550
5039.98 0.00513907
5040.95 0.00150042
5041.91 0.00356009
5042.88 0.00923363
5043.84 0.0114446
5044.81 0.00800225
5045.77 0.00162682
5046.74 0.00152196
5047.70 0.00580243
5048.66 0.00687650
5049.63 0.00220044
5050.59 0.000354607
5051.56 -0.00207845
5052.52 -0.000630885
5053.49 0.00169045
5054.45 0.00122302
5055.41 0.00317449
5056.38 0.00576233
5057.34 0.00613949
5058.31 0.00885883
5059.27 0.00108610
5060.24 -0.00784507
5061.20 -0.00165070
5062.17 -0.00311037
5063.13 -0.00860761
5064.09 -0.0116095
5065.06 -0.00811111
5066.02 -0.00267905
5066.99 -0.00429881
5067.95 -0.00752725
5068.92 0.000713581
5069.88 0.00924334
5070.85 0.00296397
5071.81 0.00442183
5072.77 0.00553440
5073.74 0.00301823
5074.70 0.00250839
5075.67 -5.42868e-05
5076.63 -0.00316683
5077.60 -0.00868530
5078.56 -0.00114344
5079.52 0.00261372
5080.49 -0.00222306
5081.45 -0.000308502
5082.42 -0.00213887
5083.38 -0.00239262
5084.35 -6.99237e-06
5085.31 -0.00733604
5086.28 -0.00242751
5087.24 0.00925984
5088.20 0.00257439
5089.17 -0.0104885
5090.13 -0.00758673
5091.10 0.00455909
5092.06 0.00796155
5093.03 -0.00616243
5093.99 -0.00925378
5094.96 0.00636514
5095.92 0.00872629
5096.88 0.00302124
5097.85 -0.00144904
5098.81 -0.00215569
5099.78 -0.00472297
5100.74 -0.000456922
5101.71 0.00256630
5102.67 -0.00218455
5103.64 -0.00536684
5104.60 -0.00501929
5105.56 -0.00795795
5106.53 -0.0126973
5107.49 -0.00402358
5108.46 0.00456963
5109.42 0.00251388
5110.39 -0.000931907
5111.35 -0.00516446
5112.31 -0.00135452
5113.28 0.00376900
5114.24 -0.000162764
5115.21 -0.00243015
5116.17 -0.00208841
5117.14 -0.00543939
5118.10 0.000906646
5119.07 0.00582596
5120.03 0.00149510
5120.99 -4.84623e-05
5121.96 0.000731349
5122.92 0.00449869
5123.89 -0.00284950
5124.85 -0.00164446
5125.82 0.00795414
5126.78 0.00808598
5127.75 0.00152149
5128.71 0.00558833
5129.67 0.0101653
5130.64 0.00330357
5131.60 0.00167950
5132.57 0.000762813
5133.53 0.00305235
5134.50 0.00246075
5135.46 0.000643786
5136.42 -0.00140218
5137.39 0.000131223
5138.35 0.00412836
5139.32 0.00512816
5140.28 -0.000726607
5141.25 0.000415994
5142.21 0.00688132
5143.18 -0.000398675
5144.14 -0.00545694
5145.10 -0.00106451
5146.07 2.87890e-05
5147.03 -0.00478898
5148.00 0.00428622
5148.96 0.00755484
5149.93 0.00433134
5150.89 0.000223769
5151.86 -0.00338183
5152.82 -0.00211390
5153.78 -0.00193238
5154.75 0.00901942
5155.71 0.0115422
5156.68 0.00302514
5157.64 0.00174706
5158.61 0.00414856
5159.57 -0.00521632
5160.54 -0.00796932
5161.50 -0.00304410
5162.46 -0.00111518
5163.43 -0.00382768
5164.39 -0.00664606
5165.36 -0.00571987
5166.32 -0.00768745
5167.29 -0.00720146
5168.25 -0.00352553
5169.21 -0.000239015
5170.18 -0.00852633
5171.14 -0.00865741
5172.11 0.000553584
5173.07 -0.00411870
5174.04 -0.0106943
5175.00 -0.00594009
5175.97 0.00421670
5176.93 0.00860331
5177.89 0.00603833
5178.86 0.00908002
5179.82 0.00982903
5180.79 0.00330422
5181.75 -0.00653847
5182.72 -0.00672338
5183.68 -0.00300847
5184.65 0.000218919
5185.61 0.00264553
5186.57 -0.00279576
5187.54 0.000352526
5188.50 0.00250874
5189.47 -0.00325938
5190.43 -0.00199837
5191.40 0.00460201
5192.36 0.00907752
5193.32 0.00568444
5194.29 0.00152241
5195.25 0.00223512
5196.22 -0.00591650
5197.18 -0.00931759
5198.15 -0.000195108
5199.11 0.00177930
5200.08 0.00893198
5201.04 0.000791384
5202.00 -0.0135578
5202.97 -0.00277533
5203.93 0.00806957
5204.90 0.00105705
5205.86 -0.00471795
5206.83 0.00426503
5207.79 0.00853233
5208.76 0.00927291
5209.72 0.00560781
5210.68 -0.000916189
5211.65 -0.00590121
5212.61 -0.00902321
5213.58 -0.0132301
5214.54 -0.00919174
5215.51 -0.000548765
5216.47 0.00252733
5217.44 0.00948191
5218.40 0.0113696
5219.36 0.00461810
5220.33 0.00241827
5221.29 0.0115355
5222.26 0.00416374
5223.22 -0.00695256
5224.19 0.000400206
5225.15 0.00405880
5226.11 -0.00880310
5227.08 -0.0102322
5228.04 0.00111166
5229.01 0.00647633
5229.97 -2.77534e-07
5230.94 -0.0108006
5231.90 -0.00119772
5232.87 0.00629645
5233.83 0.00619484
5234.79 0.00431743
5235.76 -0.000386203
5236.72 -0.00614941
5237.69 -0.0120837
5238.65 -0.00311006
5239.62 0.00517710
5240.58 0.00414139
5241.54 0.00458588
5242.51 0.000240443
5243.47 -0.00239817
5244.44 -0.000961905
5245.40 -0.000887418
5246.37 -0.00493866
5247.33 -0.00246217
5248.30 0.00301929
5249.26 -0.00342983
5250.22 -0.00534864
5251.19 0.000697318
5252.15 0.00227150
5253.12 -0.00530804
5254.08 -0.00778986
5255.05 0.000105999
5256.01 -0.00218932
5256.98 -0.00805476
5257.94 -0.00389338
5258.90 -0.00294560
5259.87 -0.00655134
5260.83 -0.00790366
5261.80 -0.00734761
5262.76 -0.00741863
5263.73 -0.0111335
5264.69 0.00343121
5265.66 0.0118161
5266.62 -0.00355856
5267.58 -0.00992399
5268.55 0.000423465
5269.51 0.00162324
5270.48 -0.0106865
5271.44 0.00167267
5272.41 0.0122012
5273.37 0.00374949
5274.33 -0.00427573
5275.30 -0.00470188
5276.26 0.00104319
5277.23 -0.000813760
5278.19 0.0101875
5279.16 0.0214685
5280.12 0.0244321
5281.09 0.0116671
5282.05 -0.00497725
5283.01 -0.00485107
5283.98 -0.00680253
5284.94 -0.00118416
5285.91 0.0121141
5286.87 0.0123518
5287.84 -0.00736290
5288.80 -0.0134485
5289.77 0.000182409
5290.73 0.00502308
5291.69 -0.000256354
5292.66 0.000886185
5293.62 0.00364445
5294.59 -0.000499206
5295.55 -0.00133894
5296.52 -4.36008e-05
5297.48 -0.00467633
5298.44 0.00329373
5299.41 0.0141550
5300.37 0.00904864
5301.34 0.00595067
5302.30 5.64363e-05
5303.27 -0.000209127
5304.23 -0.000486864
5305.20 -0.00252173
5306.16 5.12339e-05
5307.12 -0.00383230
5308.09 -0.00765977
5309.05 0.000955293
5310.02 0.00864103
5310.98 -0.000926113
5311.95 -0.0108450
5312.91 -0.00964352
5313.88 -0.0136375
5314.84 -0.00737103
5315.80 -0.00291177
5316.77 -0.00841444
5317.73 -0.00238658
5318.70 0.00102895
5319.66 0.00302620
5320.63 0.00624723
5321.59 -0.00283551
5322.56 -0.0146996
5323.52 -0.0154461
5324.48 -0.0149961
5325.45 -0.0116197
5326.41 -0.00991959
5327.38 -0.0108850
5328.34 -0.0136795
5329.31 -0.0176177
5330.27 -0.00349743
5331.23 0.0122402
5332.20 0.00276014
5333.16 -0.00176531
5334.13 0.00369782
5335.09 0.00763747
5336.06 0.00105989
5337.02 -0.00318576
5337.99 -0.00239124
5338.95 -0.00429029
5339.91 0.00181246
5340.88 -0.0120111
5341.84 -0.0189967
5342.81 -0.00664355
5343.77 -0.00786490
5344.74 -0.00951959
5345.70 -0.00308274
5346.67 0.000546480
5347.63 0.00858312
5348.59 0.0155916
5349.56 0.0179351
5350.52 0.0173946
5351.49 0.0134625
5352.45 0.00493999
5353.42 -0.00733439
5354.38 -0.00901065
5355.34 0.00294329
5356.31 0.00715821
5357.27 0.00700685
5358.24 0.00888926
5359.20 -0.00141320
5360.17 -0.0109749
5361.13 -0.00185614
5362.10 0.0149323
5363.06 0.0175171
5364.02 0.0133618
5364.99 0.0128564
5365.95 0.000922194
5366.92 -0.0114745
5367.88 -0.0168120
5368.85 -0.00752675
5369.81 0.00813708
5370.78 0.0190223
5371.74 0.0150258
5372.70 0.00413126
5373.67 -0.000638129
5374.63 -0.00738659
5375.60 0.00122961
5376.56 0.00513854
5377.53 -0.00379545
5378.49 -0.00440582
5379.46 -0.000515914
5380.42 -0.0104424
5381.38 -0.0185916
5382.35 -0.0192579
5383.31 -0.00396011
5384.28 0.00585749
5385.24 0.000559319
5386.21 -0.00541718
5387.17 -0.00632665
5388.13 0.00223538
5389.10 -0.0114822
5390.06 -0.00913339
5391.03 0.00858441
5391.99 -0.00588237
5392.96 -0.0157409
5393.92 -0.00807304
5394.89 -0.000176245
5395.85 0.00320318
5396.81 -0.00922899
5397.78 -0.00474129
5398.74 0.00266183
5399.71 -0.0104229
5400.67 -0.00945625
5401.64 -0.00662795
5402.60 -0.00376063
5403.57 0.00279797
5404.53 0.00190759
5405.49 0.00188042
5406.46 -0.00516349
5407.42 -0.000605162
5408.39 0.00564973
5409.35 -0.000378141
5410.32 0.00707056
5411.28 0.00724608
5412.25 0.00867828
5413.21 0.0152397
5414.17 0.0152123
5415.14 0.0151571
5416.10 0.0174264
5417.07 0.0139272
5418.03 -0.00265983
5419.00 -0.00560584
5419.96 0.0120917
5420.92 0.0196872
5421.89 0.00558171
5422.85 -0.000939567
5423.82 -0.00618907
5424.78 -0.00209465
5425.75 0.00624615
5426.71 -0.00430733
5427.68 -0.00382233
5428.64 -0.00225271
5429.60 -0.00305018
5430.57 0.00669852
5431.53 0.00743364
5432.50 0.000298936
5433.46 -0.00222814
5434.43 -0.00843784
5435.39 -0.00560232
5436.35 0.00208291
5437.32 0.00758190
5438.28 0.00744563
5439.25 0.00403542
5440.21 0.000958348
5441.18 -0.00384226
5442.14 -0.0110371
5443.11 -0.00844434
5444.07 0.00114599
5445.03 -0.00385878
5446.00 0.000277311
5446.96 0.00971543
5447.93 0.00294803
5448.89 -0.00731464
5449.86 0.000400051
5450.82 0.00788248
5451.79 0.0118989
5452.75 0.00165800
5453.71 -0.00412418
5454.68 -0.00164308
5455.64 -0.00728216
5456.61 0.00174444
5457.57 -0.0117895
5458.54 -0.0121395
5459.50 0.0121145
5460.47 0.00393898
5461.43 0.00296550
5462.39 0.00162973
5463.36 -0.0114112
5464.32 -0.00755415
5465.29 -0.0111021
5466.25 -0.00489353
5467.22 0.00696577
5468.18 0.000832589
5469.15 -0.00927661
5470.11 -0.00908329
5471.07 -1.03619e-05
5472.04 -0.00526887
5473.00 -0.0154718
5473.97 -0.00894795
5474.93 0.00432398
5475.90 0.00675727
5476.86 0.0108435
5477.82 0.00824163
5478.79 -0.00112778
5479.75 0.00713385
5480.72 0.00694084
5481.68 -0.00517074
5482.65 -0.00674524
5483.61 -0.0141723
5484.58 -0.0127501
5485.54 0.00201021
5486.50 0.0101437
5487.47 0.000527726
5488.43 -0.0178245
5489.40 -0.0151652
5490.36 0.00612487
5491.33 0.00651547
5492.29 -0.00450551
5493.25 -0.0118999
5494.22 -0.00591469
5495.18 0.00619004
5496.15 0.00906503
5497.11 0.0117136
5498.08 -0.00216404
5499.04 -0.00985622
5500.01 -0.00122052
5500.97 -0.000208000
5501.93 -0.0141653
5502.90 -0.0154271
5503.86 -0.0114917
5504.83 -0.000386057
5505.79 0.0143006
5506.76 0.00746106
5507.72 -2.91131e-05
5508.69 -0.00535942
5509.65 -0.000653792
5510.61 -0.000117267
5511.58 0.00412123
5512.54 0.0126719
5513.51 0.00822715
5514.47 0.00546507
5515.44 0.00279997
5516.40 0.00607640
5517.37 0.00198769
5518.33 -0.00798238
5519.29 -0.0128631
5520.26 -0.0126691
5521.22 -0.0104342
5522.19 -0.0128257
5523.15 -0.00764972
5524.12 0.00279638
5525.08 -0.000675196
5526.04 -0.00799277
5527.01 -0.00277928
5527.97 0.00802285
5528.94 0.0121372
5529.90 0.00888977
5530.87 -0.00493013
5531.83 -0.0193693
5532.80 0.00315569
5533.76 0.0158684
5534.72 -0.00344156
5535.69 -0.0124013
5536.65 -0.00455484
5537.62 0.0146730
5538.58 0.00946258
5539.55 0.00633247
5540.51 0.0178838
5541.48 0.0172854
5542.44 0.00219522
5543.40 -0.00390346
5544.37 0.0103949
5545.33 0.00939646
5546.30 0.00169646
5547.26 -0.00296421
5548.23 -0.00450342
5549.19 -0.00585470
5550.15 -0.00413327
5551.12 -0.00481617
5552.08 -0.0149748
5553.05 -0.00564755
5554.01 -0.00330293
5554.98 -0.00766083
5555.94 -0.00325901
5556.91 -0.000369214
5557.87 0.00813861
5558.83 0.0166372
5559.80 0.0118276
5560.76 -0.0170790
5561.73 -0.0234043
5562.69 0.00430568
5563.66 0.000272375
5564.62 -0.0121447
5565.59 -0.00489790
5566.55 0.00572852
5567.51 -0.00903455
5568.48 -0.0199682
5569.44 -0.0120507
5570.41 -0.0182585
5571.37 -0.00965391
5572.34 0.00213108
5573.30 -0.00472949
5574.27 -0.00505870
5575.23 0.0169699
5576.19 0.00761025
5577.16 -0.0234123
5578.12 -0.0285357
5579.09 -0.0226271
5580.05 -0.00559200
5581.02 -0.00795981
5581.98 -0.0173824
5582.94 -0.00731036
5583.91 0.00371983
5584.87 -0.0184688
5585.84 -0.0330510
5586.80 -0.0204938
5587.77 -0.0158015
5588.73 -0.00601840
5589.70 -0.00913980
5590.66 -0.0150509
5591.62 -0.0179369
5592.59 -0.00818405
5593.55 -0.00722703
5594.52 -0.00612034
5595.48 0.00688779
5596.45 0.00506388
5597.41 0.00669921
5598.38 0.00813580
5599.34 -0.00823407
5600.30 -0.0307712
5601.27 -0.0259457
5602.23 0.00134148
5603.20 -0.00693583
5604.16 -0.00729970
5605.13 0.0159054
5606.09 0.0139696
5607.05 0.00873114
5608.02 0.0129248
5608.98 0.00836246
5609.95 -0.0171769
5610.91 -0.0235290
5611.88 0.00383108
5612.84 0.0203998
5613.81 0.0202481
5614.77 0.00662163
5615.73 -0.0240764
5616.70 -0.0268429
5617.66 0.00737087
5618.63 0.0192461
5619.59 -0.00499461
5620.56 -0.0286771
5621.52 -0.0135004
5622.49 -0.00750849
5623.45 -0.0129838
5624.41 -0.0139705
5625.38 -0.0113331
5626.34 0.00581988
5627.31 0.00661517
5628.27 0.0126520
5629.24 0.0225292
5630.20 0.0364598
5631.17 0.00928402
5632.13 -0.0283333
5633.09 -0.0239387
5634.06 -0.0124894
5635.02 -0.000296215
5635.99 0.00582688
5636.95 0.00806731
5637.92 -0.0197364
5638.88 -0.0274730
5639.84 -0.0109232
5640.81 -0.0101061
5641.77 -0.00763553
5642.74 -0.00501923
5643.70 -0.00642811
5644.67 -0.00515171
5645.63 -0.00213359
5646.60 0.00731991
5647.56 0.00678934
5648.52 0.000620460
5649.49 0.0145231
5650.45 0.0125102
5651.42 -0.00158102
5652.38 -0.00440860
5653.35 -0.00664960
5654.31 -0.0138497
5655.27 -0.00355165
5656.24 0.00479734
5657.20 0.00990677
5658.17 0.0138721
5659.13 0.00452699
5660.10 -0.00885022
5661.06 -0.0135619
5662.03 -0.0112788
5662.99 -8.15708e-05
5663.95 -0.00392255
5664.92 -0.0199900
5665.88 0.0116101
5666.85 0.00723167
5667.81 -0.00611310
5668.78 -0.00159401
5669.74 -0.0244245
5670.71 -0.00898929
5671.67 0.0169974
5672.63 0.0267018
5673.60 0.0273500
5674.56 0.0165759
5675.53 -4.04194e-05
5676.49 -0.0113739
5677.46 -0.00709450
5678.42 0.00687622
5679.39 0.000687622
5680.35 0.0114396
5681.31 0.0356656
5682.28 0.00502017
5683.24 -0.0263229
5684.21 -0.0304264
5685.17 -0.00458159
5686.14 0.0130803
5687.10 -0.00771197
5688.06 -0.0196234
5689.03 0.00114935
5689.99 -0.000495523
5690.96 -0.0146868
5691.92 -0.00813120
5692.89 0.00136190
5693.85 -0.00339478
5694.82 -0.0223261
5695.78 -0.0182204
5696.74 -0.00953714
5697.71 -0.0128530
5698.67 -0.0202823
5699.64 -0.0117789
5700.60 -0.00602809
5701.57 0.00600860
5702.53 0.0218013
5703.50 0.0101296
5704.46 0.00587375
5705.42 -0.00104433
5706.39 -0.000207631
5707.35 0.00298409
5708.32 0.0123676
5709.28 0.0309631
5710.25 0.0125789
5711.21 0.00663883
5712.18 0.0159939
5713.14 0.00886755
5714.10 0.0157768
5715.07 0.0281357
5716.03 0.0227248
5717.00 -0.00838710
5717.96 -0.0343621
5718.93 -0.0310664
5719.89 -0.0255804
5720.85 -0.0234804
5721.82 -0.0317861
5722.78 -0.0133186
5723.75 0.0143968
5724.71 0.00771521
5725.68 -0.000555597
5726.64 -0.00860637
5727.61 -0.0258911
5728.57 -0.0201080
5729.53 -0.00195483
5730.50 -0.00408073
5731.46 -0.00925391
5732.43 -0.0136701
5733.39 -0.00725758
5734.36 -0.00516049
5735.32 -0.00129156
5736.29 -0.000247868
5737.25 0.00754226
5738.21 0.0291340
5739.18 0.00209358
5740.14 -0.00978970
5741.11 0.00146380
5742.07 -0.0117182
5743.04 -0.0160373
5744.00 -0.00158806
5744.96 0.0149943
5745.93 0.0147435
5746.89 0.00616229
5747.86 -0.0225580
5748.82 -0.0512088
5749.79 -0.0339669
5750.75 -0.0252295
5751.72 -0.0387315
5752.68 -0.0262784
5753.64 -0.00783422
5754.61 -0.00614863
5755.57 -0.0118228
5756.54 -0.0205965
5757.50 0.00228252
5758.47 0.0112018
5759.43 -0.00444536
5760.40 0.000971334
5761.36 -0.0124655
5762.32 -0.00992041
5763.29 -0.00605312
5764.25 -0.0176113
5765.22 -0.0178705
5766.18 -0.0243318
5767.15 -0.0195777
5768.11 -0.00921995
5769.08 -0.000612358
5770.04 0.0128498
5771.00 -0.00580101
5771.97 -0.0307744
5772.93 -0.0268022
5773.90 -0.0263712
5774.86 -0.0144689
5775.83 0.0128775
5776.79 -0.00694005
5777.75 -0.0154843
5778.72 0.0135192
5779.68 0.0417325
5780.65 0.0270885
5781.61 -0.00480408
5782.58 -0.00461738
5783.54 0.00901774
5784.51 0.0219193
5785.47 0.00551016
5786.43 -0.00644821
5787.40 -0.0134008
5788.36 -0.0126464
5789.33 -0.0343771
5790.29 -0.0436777
5791.26 -0.0147812
5792.22 -0.00763845
5793.19 -0.00182506
5794.15 0.00378957
5795.11 0.0173035
5796.08 0.0187061
5797.04 0.0162683
5798.01 0.0257395
5798.97 0.0222001
5799.94 0.0159276
5800.90 0.0199158
5801.86 0.00555428
5802.83 -0.0257973
5803.79 -0.0109977
5804.76 -0.00485540
5805.72 -0.0137221
5806.69 -0.00821848
5807.65 0.000771642
5808.62 0.0106632
5809.58 -0.0134812
5810.54 -0.0256737
5811.51 -0.0173913
5812.47 -0.00911429
5813.44 -0.0206067
5814.40 -0.0538626
5815.37 -0.0466295
5816.33 -0.0150790
5817.30 -0.00406395
5818.26 -0.0267808
5819.22 -0.0322682
5820.19 0.00692699
5821.15 0.0194804
5822.12 -0.0125063
5823.08 -0.0294970
5824.05 -0.0251274
5825.01 0.00591766
5825.98 0.0125749
5826.94 -0.0210319
5827.90 -0.0202839
5828.87 -0.0107766
5829.83 -0.00854158
5830.80 -0.0132647
5831.76 -0.0422357
5832.73 -0.0271790
5833.69 -0.00269543
5834.65 -0.00539071
5835.62 -0.0128803
5836.58 -0.0325046
5837.55 -0.0318896
5838.51 -0.0253482
5839.48 -0.00232457
5840.44 0.0119080
5841.41 -0.00402625
5842.37 -0.00129803
5843.33 -0.00201370
5844.30 -0.0108934
5845.26 -0.0273878
5846.23 -0.0494898
5847.19 -0.0224404
5848.16 0.00756523
5849.12 0.00662976
5850.08 -0.00148281
5851.05 0.00282668
5852.01 -0.00238979
5852.98 -0.00699340
5853.94 -0.0237531
5854.91 -0.0335389
5855.87 -0.0275254
5856.84 -0.0366168
5857.80 -0.0455776
5858.76 -0.0458410
5859.73 -0.0483355
5860.69 -0.0370308
5861.66 -0.00607289
5862.62 0.00553013
5863.59 -0.0193248
5864.55 -0.0174441
5865.52 0.0105614
5866.48 -0.0146041
5867.44 -0.0350497
5868.41 -0.0253621
5869.37 -0.0333963
5870.34 -0.0682675
5871.30 -0.0500634
5872.27 -0.0188635
5873.23 -0.0475418
5874.20 -0.0417403
5875.16 -0.00425612
5876.12 0.00104611
5877.09 -0.0249905
5878.05 -0.0146265
5879.02 0.00500043
5879.98 -0.00136225
5880.95 -0.0117421
5881.91 -0.0454245
5882.88 -0.0559799
5883.84 -0.0709794
5884.80 -0.0696082
5885.77 -0.0307676
5886.73 -0.0311606
5887.70 -0.00736757
5888.66 0.000715956
5889.63 -0.00684025
5890.59 -0.0337035
5891.55 -0.0435661
5892.52 -0.0363053
5893.48 -0.0698182
5894.45 -0.0328925
5895.41 -0.0287043
5896.38 -0.0475401
5897.34 -0.0411131
5898.31 -0.0488557
5899.27 -0.0510377
5900.23 -0.0465980
5901.20 -0.0241973
5902.16 -0.00930897
5903.13 -0.0264060
5904.09 -0.0420859
5905.06 -0.0361837
5906.02 -0.0176816
5906.98 0.000769697
5907.95 -0.0288503
5908.91 -0.00308788
5909.88 0.0294212
5910.84 0.0257119
5911.81 0.00561853
5912.77 -0.0251288
5913.74 -0.00280015
5914.70 0.0169147
5915.66 0.0271975
5916.63 0.00493990
5917.59 -0.0356358
5918.56 -0.0444265
5919.52 -0.0253685
5920.49 -0.0723937
5921.45 -0.122461
5922.42 -0.0747909
5923.38 -0.0268747
5924.34 -0.0289406
5925.31 -0.0404545
5926.27 -0.0416976
5927.24 -0.0488693
5928.20 -0.0426324
5929.17 -0.0354574
5930.13 -0.0446072
5931.10 -0.0458561
5932.06 -0.0262028
5933.02 -0.0294057
5933.99 -0.0334393
5934.95 0.0173662
5935.92 0.0398778
5936.88 -0.00137474
5937.85 -0.0196532
5938.81 -0.0427943
5939.77 -0.0434696
5940.74 -0.0438048
5941.70 -0.0649620
5942.67 -0.0472627
5943.63 -0.0398737
5944.60 -0.0156349
5945.56 0.00686057
5946.53 -0.00179013
5947.49 -0.0245329
5948.45 -0.0695816
5949.42 -0.0430406
5950.38 0.0381588
5951.35 0.0221167
5952.31 -0.0370719
5953.28 -0.0415905
5954.24 -0.0174792
5955.21 -0.0171270
5956.17 -0.0339161
5957.13 -0.0119864
5958.10 -0.00492528
5959.06 -0.0137024
5960.03 -0.0186590
5960.99 -0.0265163
5961.96 -0.0488560
5962.92 -0.0381929
5963.88 -0.00651999
5964.85 0.00170531
5965.81 -0.00522447
5966.78 -0.0475675
5967.74 -0.0273856
5968.71 0.0186342
5969.67 -0.00535673
5970.64 -0.0433867
5971.60 -0.0771104
5972.56 -0.0727682
5973.53 -0.0522858
5974.49 -0.0529626
5975.46 -0.0746327
5976.42 -0.0867681
5977.39 -0.0459638
5978.35 -0.0391454
5979.32 -0.0326109
5980.28 -0.00536120
5981.24 -0.0222037
5982.21 -0.0279082
5983.17 -0.0485116
5984.14 -0.0676644
5985.10 -0.0228212
5986.07 0.00796136
5987.03 0.0209858
5988.00 0.0119645
5988.96 -0.00960419
5989.92 -0.0304108
5990.89 -0.0127186
5991.85 -0.0456945
5992.82 -0.0521697
5993.78 -0.0502308
5994.75 -0.0835898
5995.71 -0.0357920
5996.67 0.000485418
5997.64 0.0496229
5998.60 0.0866157
5999.57 0.0357373
6000.53 -0.0311578
