# {"full": "H2O:CO2 (1:100)", "name": "H2O:CO2", "ratio": "(1:100)", "url": "https://icedb.strw.leidenuniv.nl/data/153", "author": "Ehrenfreund"}
512.582000 1.63832e-04
513.064000 1.16700e-03
513.546000 1.71088e-04
514.028000 -3.10664e-04
514.510000 -1.60055e-04
514.993000 5.68579e-05
515.475000 -6.53717e-05
515.957000 -3.75262e-04
516.439000 -1.71840e-04
516.921000 -1.24373e-04
517.404000 -3.24615e-04
517.886000 -1.70946e-04
518.368000 -2.31588e-04
518.850000 -2.34283e-04
519.332000 -6.06384e-04
519.815000 -3.18330e-04
520.297000 5.78508e-05
520.779000 -2.71478e-04
521.261000 -9.48973e-05
521.743000 -6.62692e-05
522.226000 -4.60681e-04
522.708000 -2.47526e-04
523.190000 -1.09354e-04
523.672000 -4.42199e-04
524.154000 -3.34550e-04
524.637000 -2.21372e-04
525.119000 -1.41065e-04
525.601000 -2.51955e-04
526.083000 -2.69603e-04
526.565000 -7.16702e-04
527.048000 -7.87219e-04
527.530000 -1.09670e-04
528.012000 2.53769e-05
528.494000 -5.75462e-05
528.977000 -1.35484e-06
529.459000 1.70973e-04
529.941000 -6.01736e-05
530.423000 -1.58338e-04
530.905000 -7.28329e-05
531.388000 -1.45626e-04
531.870000 -1.87678e-04
532.352000 -3.79474e-04
532.834000 -4.60543e-04
533.316000 -6.84070e-04
533.799000 -5.60630e-04
534.281000 -1.11170e-04
534.763000 6.57961e-05
535.245000 2.43644e-05
535.727000 -1.43723e-04
536.210000 -1.74044e-04
536.692000 -8.87695e-05
537.174000 -4.81376e-05
537.656000 -1.84058e-04
538.138000 -1.34182e-04
538.621000 -9.21101e-05
539.103000 -5.48431e-05
539.585000 9.99912e-05
540.067000 3.00002e-06
540.549000 1.88815e-04
541.032000 2.52697e-05
541.514000 -3.34669e-04
541.996000 -1.25837e-04
542.478000 1.32326e-04
542.960000 -1.09015e-04
543.443000 -4.80209e-04
543.925000 -3.37874e-04
544.407000 -3.70791e-04
544.889000 -3.13063e-04
545.371000 -1.44548e-04
545.854000 -1.74543e-04
546.336000 -3.34299e-04
546.818000 -3.35510e-04
547.300000 -2.17750e-04
547.782000 -6.30090e-04
548.265000 -5.60802e-04
548.747000 -2.54588e-04
549.229000 -2.81545e-04
549.711000 -2.30251e-04
550.193000 -3.66137e-04
550.676000 -3.49905e-04
551.158000 -2.56320e-04
551.640000 -4.05518e-04
552.122000 -3.37204e-04
552.604000 -2.98959e-04
553.087000 -4.70127e-04
553.569000 -3.07576e-04
554.051000 -3.00908e-04
554.533000 -2.74243e-04
555.016000 -2.65741e-04
555.498000 -3.76232e-04
555.980000 -3.77932e-04
556.462000 -4.20815e-04
556.944000 -8.58634e-05
557.427000 -4.28895e-04
557.909000 -6.49375e-04
558.391000 -3.56443e-04
558.873000 -4.24095e-04
559.355000 -2.62973e-04
559.838000 -1.01545e-04
560.320000 -1.00363e-04
560.802000 -1.98437e-04
561.284000 -1.26298e-04
561.766000 1.07140e-04
562.249000 1.90999e-05
562.731000 -9.31274e-05
563.213000 -1.17742e-04
563.695000 -2.01880e-04
564.177000 -2.53084e-04
564.660000 -1.85482e-04
565.142000 -2.34629e-04
565.624000 -3.25673e-05
566.106000 1.81322e-05
566.588000 -3.88633e-04
567.071000 -5.69951e-04
567.553000 -3.57202e-04
568.035000 -1.43779e-04
568.517000 -2.63860e-05
568.999000 4.67486e-04
569.482000 4.63198e-04
569.964000 1.06368e-04
570.446000 6.47012e-05
570.928000 -3.95045e-05
571.410000 -9.88793e-05
571.893000 -1.80326e-04
572.375000 -3.49588e-04
572.857000 -1.50627e-04
573.339000 -9.81469e-05
573.821000 -4.70431e-04
574.304000 -4.25930e-04
574.786000 -1.54706e-04
575.268000 -1.34678e-04
575.750000 -4.71585e-04
576.232000 -5.34428e-04
576.715000 -2.23300e-04
577.197000 -9.56719e-05
577.679000 -2.00512e-04
578.161000 -3.85963e-04
578.643000 -1.60160e-04
579.126000 -5.71533e-05
579.608000 -2.30826e-04
580.090000 -2.58814e-04
580.572000 -2.09073e-04
581.054000 -7.04121e-05
581.537000 6.10782e-05
582.019000 -2.24469e-05
582.501000 -2.63313e-04
582.983000 -3.55360e-04
583.465000 -2.42844e-04
583.948000 -1.30207e-04
584.430000 -2.00154e-04
584.912000 -8.77990e-05
585.394000 -2.15253e-05
585.876000 -1.88525e-04
586.359000 -1.60594e-04
586.841000 -1.50157e-04
587.323000 -1.53707e-04
587.805000 -6.87178e-05
588.287000 -1.26708e-04
588.770000 -2.70838e-04
589.252000 -1.79528e-04
589.734000 -2.98686e-04
590.216000 -4.77514e-04
590.698000 -3.05054e-04
591.181000 -1.04509e-04
591.663000 -2.72217e-05
592.145000 -1.59023e-04
592.627000 -2.52476e-04
593.109000 -8.68297e-05
593.592000 -7.80716e-06
594.074000 -1.53039e-04
594.556000 -1.31679e-04
595.038000 -1.17046e-04
595.521000 -1.68048e-04
596.003000 -1.45948e-05
596.485000 -8.50204e-06
596.967000 -2.06077e-04
597.449000 -2.47749e-04
597.932000 -1.22150e-04
598.414000 -7.36605e-05
598.896000 -2.58835e-04
599.378000 -1.50785e-04
599.860000 -4.23306e-05
600.343000 -8.03842e-05
600.825000 -3.44802e-05
601.307000 -1.47474e-04
601.789000 -1.99059e-04
602.271000 -2.47437e-04
602.754000 -8.51444e-05
603.236000 1.19747e-05
603.718000 1.04114e-04
604.200000 7.11620e-05
604.682000 -1.42987e-04
605.165000 -1.07757e-04
605.647000 -5.17658e-05
606.129000 -3.95308e-05
606.611000 2.19561e-04
607.093000 2.97993e-04
607.576000 -2.45729e-04
608.058000 -3.11588e-04
608.540000 -4.00134e-05
609.022000 -1.06741e-06
609.504000 -8.58229e-05
609.987000 -2.98921e-04
610.469000 -1.34837e-04
610.951000 -8.77709e-05
611.433000 -2.65071e-04
611.915000 -2.67360e-04
612.398000 -1.65850e-04
612.880000 -1.04770e-04
613.362000 -9.84257e-05
613.844000 5.19468e-05
614.326000 4.63086e-05
614.809000 -9.31468e-06
615.291000 7.44406e-05
615.773000 1.23272e-04
616.255000 -2.72734e-05
616.737000 -8.64667e-05
617.220000 5.97051e-05
617.702000 -2.27065e-05
618.184000 -9.37216e-05
618.666000 -7.35410e-05
619.148000 7.68655e-05
619.631000 2.39454e-04
620.113000 1.40111e-04
620.595000 1.17599e-04
621.077000 5.66947e-05
621.560000 8.92290e-05
622.042000 2.14829e-04
622.524000 3.58553e-04
623.006000 3.38585e-04
623.488000 2.45554e-04
623.971000 3.60111e-04
624.453000 3.01369e-04
624.935000 -2.80004e-05
625.417000 -1.23659e-05
625.899000 2.64773e-04
626.382000 2.47802e-04
626.864000 1.73007e-04
627.346000 2.55338e-04
627.828000 2.99191e-04
628.310000 3.35587e-04
628.793000 3.41015e-04
629.275000 2.53383e-04
629.757000 3.55826e-04
630.239000 5.23526e-04
630.721000 4.84261e-04
631.204000 3.66703e-04
631.686000 3.60538e-04
632.168000 5.67118e-04
632.650000 8.09190e-04
633.132000 7.73285e-04
633.615000 8.58318e-04
634.097000 7.99646e-04
634.579000 8.42473e-04
635.061000 9.76742e-04
635.543000 9.76264e-04
636.026000 1.27241e-03
636.508000 1.73511e-03
636.990000 2.70243e-03
637.472000 3.91984e-03
637.954000 6.05124e-03
638.437000 9.29261e-03
638.919000 1.08234e-02
639.401000 8.31486e-03
639.883000 5.14226e-03
640.365000 3.86093e-03
640.848000 3.23296e-03
641.330000 3.02202e-03
641.812000 2.90595e-03
642.294000 2.83653e-03
642.776000 2.83455e-03
643.259000 2.83360e-03
643.741000 2.74498e-03
644.223000 3.05420e-03
644.705000 3.33878e-03
645.187000 3.35979e-03
645.670000 3.47671e-03
646.152000 3.80767e-03
646.634000 4.58668e-03
647.116000 5.12176e-03
647.598000 5.91866e-03
648.081000 7.21460e-03
648.563000 8.63836e-03
649.045000 1.05075e-02
649.527000 1.26281e-02
650.009000 1.52460e-02
650.492000 1.92351e-02
650.974000 2.55118e-02
651.456000 3.31752e-02
651.938000 4.34020e-02
652.420000 6.36020e-02
652.903000 1.01678e-01
653.385000 1.50411e-01
653.867000 2.14791e-01
654.349000 2.91155e-01
654.831000 3.01831e-01
655.314000 2.39132e-01
655.796000 1.74161e-01
656.278000 1.30100e-01
656.760000 1.07483e-01
657.242000 1.03207e-01
657.725000 1.15007e-01
658.207000 1.44277e-01
658.689000 1.95833e-01
659.171000 2.60713e-01
659.654000 3.01470e-01
660.136000 2.98009e-01
660.618000 2.70948e-01
661.100000 2.40647e-01
661.582000 2.13941e-01
662.065000 1.91380e-01
662.547000 1.73106e-01
663.029000 1.58129e-01
663.511000 1.45246e-01
663.993000 1.34013e-01
664.476000 1.23737e-01
664.958000 1.14286e-01
665.440000 1.05633e-01
665.922000 9.76300e-02
666.404000 9.02075e-02
666.887000 8.33900e-02
667.369000 7.70580e-02
667.851000 7.03527e-02
668.333000 6.42186e-02
668.815000 5.88468e-02
669.298000 5.37158e-02
669.780000 4.86587e-02
670.262000 4.39351e-02
670.744000 3.97159e-02
671.226000 3.58702e-02
671.709000 3.25366e-02
672.191000 2.92222e-02
672.673000 2.62702e-02
673.155000 2.37138e-02
673.637000 2.12853e-02
674.120000 1.91680e-02
674.602000 1.74048e-02
675.084000 1.59093e-02
675.566000 1.48191e-02
676.048000 1.44224e-02
676.531000 1.38652e-02
677.013000 1.20647e-02
677.495000 9.51558e-03
677.977000 6.97088e-03
678.459000 4.74500e-03
678.942000 3.58141e-03
679.424000 3.12835e-03
679.906000 2.82347e-03
680.388000 2.71211e-03
680.870000 2.69101e-03
681.353000 2.44921e-03
681.835000 2.05957e-03
682.317000 1.93070e-03
682.799000 1.92543e-03
683.281000 1.89150e-03
683.764000 1.78889e-03
684.246000 1.72421e-03
684.728000 1.69852e-03
685.210000 1.62955e-03
685.692000 1.49011e-03
686.175000 1.42021e-03
686.657000 1.42194e-03
687.139000 1.44540e-03
687.621000 1.44411e-03
688.103000 1.36774e-03
688.586000 1.40368e-03
689.068000 1.33780e-03
689.550000 1.31493e-03
690.032000 1.32854e-03
690.514000 1.20713e-03
690.997000 1.16373e-03
691.479000 1.13674e-03
691.961000 1.26907e-03
692.443000 1.27119e-03
692.925000 1.23536e-03
693.408000 1.04925e-03
693.890000 8.04137e-04
694.372000 9.97607e-04
694.854000 1.00017e-03
695.337000 1.00690e-03
695.819000 1.18475e-03
696.301000 1.12613e-03
696.783000 9.60373e-04
697.265000 9.69430e-04
697.748000 9.69171e-04
698.230000 9.05101e-04
698.712000 8.81914e-04
699.194000 9.92387e-04
699.676000 1.07627e-03
700.159000 8.80287e-04
700.641000 7.56904e-04
701.123000 5.60579e-04
701.605000 9.49354e-04
702.087000 1.09272e-03
702.570000 5.54116e-04
703.052000 7.59254e-04
703.534000 8.39022e-04
704.016000 6.51292e-04
704.498000 6.37709e-04
704.981000 7.30324e-04
705.463000 7.62739e-04
705.945000 6.47435e-04
706.427000 6.72915e-04
706.909000 6.87420e-04
707.392000 7.58309e-04
707.874000 7.25285e-04
708.356000 7.27111e-04
708.838000 9.14521e-04
709.320000 7.17367e-04
709.803000 6.14634e-04
710.285000 7.89555e-04
710.767000 6.57323e-04
711.249000 6.21182e-04
711.731000 6.67899e-04
712.214000 6.47782e-04
712.696000 6.59389e-04
713.178000 4.79712e-04
713.660000 5.04218e-04
714.142000 6.27639e-04
714.625000 6.11183e-04
715.107000 5.99321e-04
715.589000 5.12633e-04
716.071000 5.83612e-04
716.553000 7.47363e-04
717.036000 7.92794e-04
717.518000 7.51547e-04
718.000000 5.58502e-04
718.482000 4.57644e-04
718.964000 4.86982e-04
719.447000 5.81181e-04
719.929000 5.98204e-04
720.411000 5.66785e-04
720.893000 5.99071e-04
721.375000 5.73368e-04
721.858000 6.25970e-04
722.340000 5.74314e-04
722.822000 5.51596e-04
723.304000 4.44046e-04
723.786000 4.57379e-04
724.269000 5.35186e-04
724.751000 4.23619e-04
725.233000 4.98921e-04
725.715000 5.95096e-04
726.198000 5.34105e-04
726.680000 4.45336e-04
727.162000 5.30367e-04
727.644000 5.68772e-04
728.126000 5.11417e-04
728.609000 4.77654e-04
729.091000 4.65413e-04
729.573000 5.08526e-04
730.055000 4.63917e-04
730.537000 4.67723e-04
731.020000 6.03270e-04
731.502000 5.41534e-04
731.984000 5.42176e-04
732.466000 5.93116e-04
732.948000 5.12998e-04
733.431000 4.63692e-04
733.913000 5.04253e-04
734.395000 5.12366e-04
734.877000 5.56504e-04
735.359000 6.20126e-04
735.842000 5.03910e-04
736.324000 5.51693e-04
736.806000 5.74119e-04
737.288000 3.97875e-04
737.770000 4.21037e-04
738.253000 5.01385e-04
738.735000 5.24898e-04
739.217000 4.99516e-04
739.699000 4.89547e-04
740.181000 5.58600e-04
740.664000 5.09982e-04
741.146000 4.70961e-04
741.628000 4.67276e-04
742.110000 4.29213e-04
742.592000 4.65885e-04
743.075000 4.74864e-04
743.557000 4.49630e-04
744.039000 3.93697e-04
744.521000 3.59378e-04
745.003000 4.65217e-04
745.486000 4.79858e-04
745.968000 4.44517e-04
746.450000 4.73378e-04
746.932000 5.40737e-04
747.414000 5.74782e-04
747.897000 5.12092e-04
748.379000 5.57121e-04
748.861000 4.79144e-04
749.343000 4.84301e-04
749.825000 5.86190e-04
750.308000 4.75642e-04
750.790000 4.23465e-04
751.272000 4.32958e-04
751.754000 5.56792e-04
752.236000 6.48041e-04
752.719000 6.32230e-04
753.201000 5.32481e-04
753.683000 4.82510e-04
754.165000 5.41017e-04
754.647000 5.23018e-04
755.130000 4.89358e-04
755.612000 5.58692e-04
756.094000 6.33388e-04
756.576000 5.58152e-04
757.058000 4.98429e-04
757.541000 5.49945e-04
758.023000 5.95768e-04
758.505000 4.77195e-04
758.987000 4.74088e-04
759.469000 5.54831e-04
759.952000 5.65382e-04
760.434000 6.08593e-04
760.916000 5.20739e-04
761.398000 4.87200e-04
761.880000 5.27608e-04
762.363000 5.12350e-04
762.845000 4.80936e-04
763.327000 5.14093e-04
763.809000 5.21290e-04
764.292000 4.91107e-04
764.774000 4.94244e-04
765.256000 4.25174e-04
765.738000 6.75631e-04
766.220000 8.23628e-04
766.703000 6.40473e-04
767.185000 6.09158e-04
767.667000 5.53458e-04
768.149000 5.62195e-04
768.631000 5.80660e-04
769.114000 5.55822e-04
769.596000 5.55602e-04
770.078000 6.05580e-04
770.560000 6.68364e-04
771.042000 6.49738e-04
771.525000 5.33679e-04
772.007000 4.50451e-04
772.489000 6.02685e-04
772.971000 6.56556e-04
773.453000 4.07190e-04
773.936000 3.73519e-04
774.418000 5.25382e-04
774.900000 6.12676e-04
775.382000 6.34976e-04
775.864000 5.43841e-04
776.347000 5.38831e-04
776.829000 5.28175e-04
777.311000 6.17964e-04
777.793000 6.10986e-04
778.275000 5.80051e-04
778.758000 6.77327e-04
779.240000 6.26835e-04
779.722000 6.37283e-04
780.204000 5.22852e-04
780.686000 3.96873e-04
781.169000 5.26763e-04
781.651000 6.18532e-04
782.133000 5.56798e-04
782.615000 5.92902e-04
783.097000 6.25307e-04
783.580000 4.47920e-04
784.062000 4.18986e-04
784.544000 4.70832e-04
785.026000 3.88121e-04
785.508000 3.35093e-04
785.991000 4.77700e-04
786.473000 4.63514e-04
786.955000 2.61615e-04
787.437000 3.34572e-04
787.919000 3.34715e-04
788.402000 3.22614e-04
788.884000 3.73795e-04
789.366000 3.57005e-04
789.848000 3.25069e-04
790.331000 3.15165e-04
790.813000 4.63567e-04
791.295000 5.43701e-04
791.777000 4.33599e-04
792.259000 4.02485e-04
792.742000 3.98172e-04
793.224000 4.00588e-04
793.706000 4.87505e-04
794.188000 4.20400e-04
794.670000 4.21435e-04
795.153000 4.43358e-04
795.635000 3.51281e-04
796.117000 4.12448e-04
796.599000 5.05847e-04
797.081000 4.25704e-04
797.564000 3.96274e-04
798.046000 3.17946e-04
798.528000 3.21982e-04
799.010000 3.89631e-04
799.492000 2.87854e-04
799.975000 4.15575e-04
800.457000 3.63417e-04
800.939000 2.70278e-04
801.421000 3.09626e-04
801.903000 2.77620e-04
802.386000 3.14934e-04
802.868000 3.15198e-04
803.350000 2.84081e-04
803.832000 2.83854e-04
804.314000 3.57702e-04
804.797000 3.15489e-04
805.279000 3.16881e-04
805.761000 2.99170e-04
806.243000 2.01538e-04
806.725000 1.99717e-04
807.208000 1.89347e-04
807.690000 1.49965e-04
808.172000 2.59499e-04
808.654000 3.37684e-04
809.136000 2.67955e-04
809.619000 2.57458e-04
810.101000 2.79170e-04
810.583000 1.93122e-04
811.065000 2.46813e-04
811.547000 3.62118e-04
812.030000 2.73147e-04
812.512000 2.01131e-04
812.994000 2.26025e-04
813.476000 3.47285e-04
813.958000 3.75373e-04
814.441000 2.73609e-04
814.923000 2.12324e-04
815.405000 2.03936e-04
815.887000 2.02384e-04
816.369000 2.45090e-04
816.852000 2.28183e-04
817.334000 1.53387e-04
817.816000 2.17224e-04
818.298000 2.95598e-04
818.780000 2.64307e-04
819.263000 8.77379e-05
819.745000 1.31145e-04
820.227000 2.93753e-04
820.709000 1.74127e-04
821.191000 1.48457e-04
821.674000 3.55831e-04
822.156000 3.11048e-04
822.638000 1.66175e-04
823.120000 2.07187e-04
823.602000 2.38327e-04
824.085000 2.51657e-04
824.567000 1.93250e-04
825.049000 1.98371e-04
825.531000 2.33761e-04
826.013000 2.42337e-04
826.496000 2.29538e-04
826.978000 1.39573e-04
827.460000 1.71028e-04
827.942000 2.84167e-04
828.424000 2.98196e-04
828.907000 2.25728e-04
829.389000 1.70174e-04
829.871000 2.16585e-04
830.353000 1.89828e-04
830.836000 2.05850e-04
831.318000 3.01589e-04
831.800000 2.91874e-04
832.282000 2.54346e-04
832.764000 2.42419e-04
833.247000 1.11552e-04
833.729000 7.35531e-05
834.211000 2.07168e-04
834.693000 2.16064e-04
835.175000 2.25803e-04
835.658000 1.60519e-04
836.140000 5.86527e-05
836.622000 1.41260e-04
837.104000 1.94610e-04
837.586000 1.99930e-04
838.069000 7.38146e-05
838.551000 3.35237e-05
839.033000 1.26572e-04
839.515000 1.69729e-04
839.997000 8.67852e-05
840.480000 1.09264e-04
840.962000 2.24008e-04
841.444000 1.57126e-04
841.926000 1.56282e-04
842.408000 1.87470e-04
842.891000 2.21902e-04
843.373000 2.38063e-04
843.855000 2.45969e-04
844.337000 1.73082e-04
844.819000 1.62005e-04
845.302000 2.23498e-04
845.784000 2.37940e-04
846.266000 1.67742e-04
846.748000 7.01290e-05
847.230000 9.02435e-05
847.713000 8.00611e-05
848.195000 8.80919e-05
848.677000 1.94937e-04
849.159000 1.87629e-04
849.641000 1.45377e-04
850.124000 1.89088e-04
850.606000 1.07406e-04
851.088000 1.16468e-05
851.570000 9.63373e-05
852.052000 6.92960e-05
852.535000 2.59647e-05
853.017000 7.98789e-05
853.499000 1.85706e-05
853.981000 3.11427e-05
854.463000 5.65378e-05
854.946000 7.36935e-05
855.428000 2.06676e-04
855.910000 1.86349e-04
856.392000 7.64333e-05
856.874000 2.30418e-05
857.357000 7.59411e-05
857.839000 2.36237e-04
858.321000 2.76892e-04
858.803000 2.17915e-04
859.286000 1.44344e-04
859.768000 6.78627e-05
860.250000 1.29978e-04
860.732000 4.81184e-04
861.214000 5.33477e-04
861.697000 3.22267e-04
862.179000 -1.84238e-05
862.661000 -1.68744e-04
863.143000 2.03778e-04
863.625000 2.39314e-04
864.108000 5.58675e-05
864.590000 1.62730e-05
865.072000 -1.54006e-05
865.554000 -8.63231e-06
866.036000 -7.83880e-06
866.519000 7.78361e-05
867.001000 1.74646e-04
867.483000 9.44950e-05
867.965000 -1.30667e-04
868.447000 -2.54306e-04
868.930000 -7.11593e-05
869.412000 1.12390e-04
869.894000 1.00407e-04
870.376000 9.45678e-05
870.858000 -6.70254e-05
871.341000 -2.95346e-05
871.823000 1.24886e-04
872.305000 -2.61491e-06
872.787000 -6.24904e-05
873.269000 -6.36284e-05
873.752000 1.59243e-04
874.234000 7.96892e-05
874.716000 -6.57909e-05
875.198000 1.11679e-04
875.680000 1.51354e-04
876.163000 2.11840e-04
876.645000 7.02069e-05
877.127000 1.50799e-04
877.609000 2.92811e-04
878.091000 1.65481e-04
878.574000 1.66052e-04
879.056000 1.39109e-04
879.538000 1.67875e-04
880.020000 8.32616e-05
880.502000 1.16286e-04
880.985000 1.06214e-04
881.467000 1.07058e-05
881.949000 2.27605e-04
882.431000 2.38877e-04
882.913000 1.38990e-04
883.396000 2.02484e-04
883.878000 1.71032e-04
884.360000 1.53587e-04
884.842000 2.01455e-04
885.324000 2.19621e-05
885.807000 1.13107e-05
886.289000 1.89450e-04
886.771000 2.05794e-04
887.253000 1.27698e-04
887.735000 5.99218e-05
888.218000 1.43382e-04
888.700000 1.38017e-04
889.182000 6.88826e-05
889.664000 4.13308e-05
890.146000 3.13408e-05
890.629000 8.04902e-05
891.111000 8.00120e-05
891.593000 3.91187e-05
892.075000 5.50850e-05
892.557000 1.05761e-04
893.040000 1.36026e-04
893.522000 1.55887e-04
894.004000 1.30289e-04
894.486000 1.23077e-04
894.969000 1.19574e-04
895.451000 1.28322e-04
895.933000 5.75164e-05
896.415000 6.49274e-05
896.897000 1.62916e-04
897.380000 6.84456e-05
897.862000 -1.10935e-05
898.344000 -3.87715e-06
898.826000 4.48357e-05
899.308000 5.90269e-05
899.791000 5.01145e-05
900.273000 5.20469e-05
900.755000 9.95442e-05
901.237000 1.43309e-04
901.719000 8.01814e-05
902.202000 7.29185e-05
902.684000 1.14767e-04
903.166000 7.36685e-05
903.648000 1.21940e-04
904.130000 1.12110e-04
904.613000 7.08341e-05
905.095000 1.44876e-04
905.577000 1.27600e-04
906.059000 8.86435e-05
906.541000 2.95023e-06
907.024000 1.08369e-05
907.506000 4.85376e-05
907.988000 2.52820e-05
908.470000 6.29466e-05
908.952000 4.06384e-05
909.435000 2.00184e-05
909.917000 2.73984e-05
910.399000 2.64714e-05
910.881000 8.66549e-05
911.363000 7.18786e-05
911.846000 3.84725e-05
912.328000 6.67322e-05
912.810000 8.45874e-05
913.292000 9.75335e-05
913.774000 1.96128e-05
914.257000 8.19238e-05
914.739000 1.13148e-04
915.221000 9.73855e-05
915.703000 1.73676e-04
916.185000 7.81560e-05
916.668000 -3.03941e-05
917.150000 2.08826e-05
917.632000 6.93807e-05
918.114000 1.58105e-05
918.596000 2.28325e-05
919.079000 2.82085e-05
919.561000 -6.51909e-05
920.043000 -6.61394e-05
920.525000 8.70618e-05
921.007000 1.55006e-04
921.490000 1.18726e-04
921.972000 2.89353e-05
922.454000 -2.31694e-05
922.936000 2.70752e-05
923.418000 6.39949e-05
923.901000 8.38238e-05
924.383000 3.35021e-05
924.865000 2.55376e-05
925.347000 6.29666e-05
925.829000 -1.13777e-05
926.312000 2.65926e-05
926.794000 1.47216e-04
927.276000 1.53091e-04
927.758000 4.71734e-05
928.240000 -1.13837e-05
928.723000 -9.19552e-06
929.205000 -1.30157e-05
929.687000 3.22549e-06
930.169000 2.56324e-05
930.651000 3.07174e-05
931.134000 3.06995e-05
931.616000 3.79166e-05
932.098000 5.90558e-05
932.580000 3.02952e-05
933.062000 1.75726e-05
933.545000 -5.47216e-06
934.027000 -1.08819e-04
934.509000 -2.74832e-05
934.991000 6.77295e-05
935.474000 9.28575e-06
935.956000 -3.33696e-05
936.438000 -2.29987e-05
936.920000 -5.51736e-05
937.402000 3.25170e-05
937.885000 7.92190e-05
938.367000 4.84241e-05
938.849000 1.94924e-05
939.331000 7.75694e-05
939.813000 1.14547e-04
940.296000 2.17099e-05
940.778000 5.91207e-05
941.260000 4.40464e-05
941.742000 2.08108e-05
942.224000 5.21235e-06
942.707000 -6.61006e-05
943.189000 -6.94861e-05
943.671000 -1.67532e-05
944.153000 2.44913e-05
944.635000 2.39904e-06
945.118000 -4.47674e-05
945.600000 1.47850e-05
946.082000 8.47727e-05
946.564000 5.23154e-05
947.046000 4.48479e-05
947.529000 1.22165e-04
948.011000 3.16673e-04
948.493000 1.91455e-04
948.975000 -2.99131e-05
949.457000 -3.34995e-05
949.940000 -2.05860e-05
950.422000 -2.05091e-05
950.904000 -1.67886e-05
951.386000 6.15526e-06
951.868000 -3.87155e-05
952.351000 -6.10589e-05
952.833000 -3.93056e-05
953.315000 4.60281e-05
953.797000 2.67337e-05
954.279000 -2.17886e-05
954.762000 -2.66911e-05
955.244000 -6.58990e-05
955.726000 -8.91546e-05
956.208000 -4.83087e-05
956.690000 2.30295e-05
957.173000 2.83819e-05
957.655000 -2.81744e-06
958.137000 -4.67342e-05
958.619000 -3.14071e-05
959.102000 2.20376e-05
959.584000 -1.25792e-05
960.066000 -2.26818e-06
960.548000 1.61492e-05
961.030000 -3.26143e-05
961.513000 -6.48520e-05
961.995000 -2.05368e-04
962.477000 -1.67614e-04
962.959000 -3.09505e-06
963.441000 3.26338e-05
963.924000 4.34039e-05
964.406000 -3.13284e-05
964.888000 -4.14336e-05
965.370000 -7.97873e-06
965.852000 4.68787e-05
966.335000 5.79573e-05
966.817000 3.25956e-05
967.299000 2.44267e-05
967.781000 1.75209e-06
968.263000 -1.87351e-05
968.746000 -7.98498e-05
969.228000 -6.74182e-06
969.710000 5.00651e-05
970.192000 -6.65883e-05
970.674000 -6.25713e-05
971.157000 -1.37982e-05
971.639000 1.50898e-05
972.121000 7.71671e-06
972.603000 -1.75040e-05
973.085000 3.85397e-05
973.568000 1.28099e-05
974.050000 -2.92250e-05
974.532000 -5.85744e-05
975.014000 -1.10111e-04
975.496000 -1.29997e-04
975.979000 -1.34360e-04
976.461000 -1.49370e-05
976.943000 4.84313e-05
977.425000 2.63830e-05
977.907000 9.24237e-05
978.390000 4.89190e-05
978.872000 1.55479e-05
979.354000 6.42302e-05
979.836000 5.87588e-05
980.318000 5.19395e-05
980.801000 3.73265e-06
981.283000 1.43863e-05
981.765000 5.85715e-05
982.247000 2.74135e-05
982.729000 1.04157e-05
983.212000 -2.35724e-05
983.694000 -2.66958e-05
984.176000 -9.87365e-06
984.658000 -1.91314e-05
985.140000 2.14593e-05
985.623000 8.89137e-05
986.105000 8.23361e-05
986.587000 3.55184e-05
987.069000 5.54719e-06
987.551000 1.01359e-05
988.034000 2.00374e-05
988.516000 3.79715e-05
988.998000 4.26700e-05
989.480000 3.69460e-05
989.962000 1.09003e-04
990.445000 5.68847e-05
990.927000 -1.04424e-04
991.409000 -6.56886e-05
991.891000 1.28078e-05
992.373000 -2.77854e-05
992.856000 -6.25255e-05
993.338000 -1.66124e-05
993.820000 -1.52961e-06
994.302000 -7.03655e-05
994.784000 -4.65939e-05
995.267000 2.18484e-05
995.749000 1.40716e-05
996.231000 -3.46157e-05
996.713000 -5.68751e-05
997.195000 -3.01129e-05
997.678000 -8.34586e-05
998.160000 -9.71410e-05
998.642000 -2.88400e-05
999.124000 -3.42881e-05
999.607000 -2.69391e-05
1000.090000 -5.85002e-05
1000.570000 -9.95455e-05
1001.050000 -7.58370e-05
1001.540000 -3.64409e-05
1002.020000 -1.22027e-06
1002.500000 -3.97826e-06
1002.980000 6.39952e-06
1003.460000 -4.30910e-05
1003.950000 -1.69501e-04
1004.430000 -6.82616e-05
1004.910000 2.60942e-05
1005.390000 4.05207e-05
1005.880000 3.79642e-05
1006.360000 -6.31259e-05
1006.840000 -6.92537e-05
1007.320000 -4.31201e-05
1007.800000 -4.92246e-05
1008.290000 -1.12768e-05
1008.770000 -2.17612e-05
1009.250000 -8.18060e-05
1009.730000 -1.88785e-05
1010.210000 -6.23835e-06
1010.700000 -7.89698e-05
1011.180000 -8.29915e-05
1011.660000 5.12181e-05
1012.140000 9.21022e-05
1012.630000 2.59332e-05
1013.110000 5.75724e-05
1013.590000 8.35494e-05
1014.070000 7.67783e-05
1014.550000 6.50902e-05
1015.040000 -3.68018e-07
1015.520000 -1.86859e-05
1016.000000 -1.51134e-05
1016.480000 3.97564e-06
1016.970000 5.28636e-05
1017.450000 2.99622e-05
1017.930000 -5.42609e-05
1018.410000 -8.13893e-05
1018.890000 -2.93473e-05
1019.380000 -8.83594e-05
1019.860000 -1.14152e-04
1020.340000 -5.51575e-05
1020.820000 -1.52281e-05
1021.310000 -1.63566e-04
1021.790000 -2.86256e-04
1022.270000 -1.46643e-04
1022.750000 -7.95873e-05
1023.230000 -9.58695e-05
1023.720000 -1.02808e-04
1024.200000 -5.99315e-05
1024.680000 -5.60094e-05
1025.160000 -2.56522e-05
1025.650000 -2.25823e-05
1026.130000 -2.93321e-05
1026.610000 3.70129e-05
1027.090000 -2.80846e-05
1027.570000 1.49379e-05
1028.060000 5.99129e-05
1028.540000 2.01712e-05
1029.020000 -5.72995e-05
1029.500000 -9.32552e-05
1029.990000 -1.01884e-04
1030.470000 -1.29580e-04
1030.950000 -9.31030e-05
1031.430000 -1.06525e-04
1031.910000 -8.80442e-05
1032.400000 -4.28925e-05
1032.880000 2.97450e-06
1033.360000 -6.18401e-05
1033.840000 -8.47817e-05
1034.330000 -5.30206e-05
1034.810000 -6.47140e-05
1035.290000 -1.10311e-04
1035.770000 -1.07330e-04
1036.250000 -2.24365e-05
1036.740000 -1.41828e-05
1037.220000 -3.36928e-05
1037.700000 -3.38011e-05
1038.180000 -8.44542e-05
1038.660000 -8.45317e-05
1039.150000 3.12625e-06
1039.630000 -4.04319e-05
1040.110000 -7.83008e-05
1040.590000 -1.75904e-05
1041.080000 -4.72067e-05
1041.560000 -6.42717e-05
1042.040000 -3.81078e-05
1042.520000 -5.09513e-05
1043.000000 -3.56719e-05
1043.490000 -3.47490e-05
1043.970000 -8.02795e-05
1044.450000 -8.38111e-05
1044.930000 -3.72778e-05
1045.420000 -7.88063e-05
1045.900000 -1.50499e-05
1046.380000 6.87457e-05
1046.860000 -3.74182e-06
1047.340000 -1.30143e-05
1047.830000 -3.20839e-05
1048.310000 -5.92591e-05
1048.790000 -7.71683e-05
1049.270000 -1.08564e-05
1049.760000 2.36684e-05
1050.240000 -3.53521e-05
1050.720000 -5.04672e-06
1051.200000 -7.48280e-05
1051.680000 -1.36950e-04
1052.170000 -4.88972e-05
1052.650000 -8.18416e-05
1053.130000 1.87963e-05
1053.610000 2.61301e-04
1054.100000 1.16001e-04
1054.580000 5.09160e-06
1055.060000 -4.30861e-05
1055.540000 -8.25571e-05
1056.020000 -5.95907e-06
1056.510000 -1.19910e-05
1056.990000 -8.51171e-06
1057.470000 -4.24951e-06
1057.950000 -1.64856e-05
1058.440000 3.91714e-05
1058.920000 5.92940e-05
1059.400000 2.65996e-05
1059.880000 5.38161e-05
1060.360000 8.63870e-05
1060.850000 1.02861e-04
1061.330000 3.55606e-05
1061.810000 2.62676e-05
1062.290000 5.66948e-05
1062.780000 5.00594e-05
1063.260000 4.07645e-05
1063.740000 3.98594e-05
1064.220000 1.20025e-05
1064.700000 1.45368e-06
1065.190000 5.94701e-05
1065.670000 8.33891e-05
1066.150000 5.58545e-05
1066.630000 5.01212e-05
1067.110000 7.76479e-05
1067.600000 6.05429e-05
1068.080000 9.88701e-05
1068.560000 8.29319e-05
1069.040000 8.78405e-05
1069.530000 1.32272e-04
1070.010000 1.31002e-04
1070.490000 1.53306e-04
1070.970000 8.98131e-05
1071.450000 1.04225e-04
1071.940000 1.49985e-04
1072.420000 1.08410e-04
1072.900000 1.17745e-04
1073.380000 1.17693e-04
1073.870000 1.14609e-04
1074.350000 1.04434e-04
1074.830000 2.09258e-05
1075.310000 2.91983e-05
1075.790000 8.14298e-05
1076.280000 6.32205e-05
1076.760000 1.75271e-05
1077.240000 -9.25304e-06
1077.720000 5.92903e-05
1078.210000 9.94249e-05
1078.690000 1.74224e-04
1079.170000 2.40862e-04
1079.650000 1.61331e-04
1080.130000 1.29178e-04
1080.620000 1.52656e-04
1081.100000 9.12427e-05
1081.580000 7.66870e-05
1082.060000 1.38925e-04
1082.550000 1.63101e-04
1083.030000 1.12199e-04
1083.510000 5.91665e-05
1083.990000 9.64063e-05
1084.470000 1.72113e-04
1084.960000 2.21510e-04
1085.440000 1.65469e-04
1085.920000 8.18066e-05
1086.400000 1.10380e-04
1086.890000 1.23833e-04
1087.370000 7.60877e-05
1087.850000 7.29830e-05
1088.330000 5.78056e-05
1088.810000 1.04516e-04
1089.300000 1.80020e-04
1089.780000 1.54394e-04
1090.260000 1.03624e-04
1090.740000 1.14392e-04
1091.230000 1.43410e-04
1091.710000 1.14780e-04
1092.190000 1.48647e-04
1092.670000 2.02764e-04
1093.150000 1.95788e-04
1093.640000 2.07285e-04
1094.120000 1.82655e-04
1094.600000 1.51350e-04
1095.080000 1.53149e-04
1095.560000 1.27631e-04
1096.050000 1.10930e-04
1096.530000 1.18572e-04
1097.010000 1.80208e-04
1097.490000 2.21755e-04
1097.980000 1.61788e-04
1098.460000 1.68306e-04
1098.940000 1.83285e-04
1099.420000 2.17365e-04
1099.900000 2.78047e-04
1100.390000 2.34683e-04
1100.870000 1.73083e-04
1101.350000 7.17060e-05
1101.830000 3.65777e-07
1102.320000 8.41588e-05
1102.800000 1.35543e-04
1103.280000 1.12615e-04
1103.760000 1.15313e-04
1104.240000 1.32731e-04
1104.730000 1.32019e-04
1105.210000 9.30072e-05
1105.690000 9.60100e-05
1106.170000 1.43720e-04
1106.660000 1.87527e-04
1107.140000 2.08085e-04
1107.620000 1.89264e-04
1108.100000 2.10743e-04
1108.580000 1.98170e-04
1109.070000 1.65540e-04
1109.550000 1.38488e-04
1110.030000 1.23223e-04
1110.510000 1.54506e-04
1111.000000 1.63994e-04
1111.480000 1.94547e-04
1111.960000 1.58669e-04
1112.440000 1.40952e-04
1112.920000 1.81029e-04
1113.410000 1.65556e-04
1113.890000 1.29676e-04
1114.370000 1.38023e-04
1114.850000 1.67009e-04
1115.340000 2.11586e-04
1115.820000 2.29900e-04
1116.300000 1.79464e-04
1116.780000 1.87188e-04
1117.260000 2.38420e-04
1117.750000 2.33044e-04
1118.230000 1.82312e-04
1118.710000 1.65593e-04
1119.190000 1.75656e-04
1119.680000 1.81468e-04
1120.160000 1.77041e-04
1120.640000 1.65021e-04
1121.120000 1.65296e-04
1121.600000 1.18662e-04
1122.090000 1.40798e-04
1122.570000 1.92539e-04
1123.050000 1.49532e-04
1123.530000 2.20407e-04
1124.010000 2.12777e-04
1124.500000 1.05983e-04
1124.980000 1.38347e-04
1125.460000 2.07373e-04
1125.940000 2.30278e-04
1126.430000 1.50148e-04
1126.910000 1.30439e-04
1127.390000 1.53415e-04
1127.870000 1.58540e-04
1128.350000 1.54915e-04
1128.840000 1.14187e-04
1129.320000 1.63097e-04
1129.800000 1.43570e-04
1130.280000 1.25337e-04
1130.770000 1.69987e-04
1131.250000 1.60125e-04
1131.730000 1.13369e-04
1132.210000 6.59238e-05
1132.690000 6.66175e-05
1133.180000 1.13271e-04
1133.660000 1.40531e-04
1134.140000 1.58228e-04
1134.620000 2.03631e-04
1135.110000 1.90279e-04
1135.590000 1.87088e-04
1136.070000 2.09041e-04
1136.550000 2.00307e-04
1137.030000 1.71047e-04
1137.520000 1.92950e-04
1138.000000 1.61393e-04
1138.480000 1.05454e-04
1138.960000 1.49867e-04
1139.450000 1.67440e-04
1139.930000 1.95221e-04
1140.410000 1.96356e-04
1140.890000 1.88673e-04
1141.370000 1.77910e-04
1141.860000 1.47153e-04
1142.340000 1.46167e-04
1142.820000 1.01073e-04
1143.300000 1.32878e-04
1143.790000 2.01831e-04
1144.270000 1.84209e-04
1144.750000 2.26796e-04
1145.230000 2.46376e-04
1145.710000 1.91287e-04
1146.200000 1.35893e-04
1146.680000 1.24346e-04
1147.160000 1.51490e-04
1147.640000 1.41211e-04
1148.120000 1.48423e-04
1148.610000 1.40045e-04
1149.090000 1.40049e-04
1149.570000 1.60986e-04
1150.050000 1.44269e-04
1150.540000 1.62714e-04
1151.020000 1.71144e-04
1151.500000 1.25788e-04
1151.980000 1.37753e-04
1152.460000 1.65310e-04
1152.950000 1.79277e-04
1153.430000 2.16851e-04
1153.910000 2.39023e-04
1154.390000 1.97403e-04
1154.880000 1.88421e-04
1155.360000 2.31071e-04
1155.840000 2.02909e-04
1156.320000 1.43078e-04
1156.800000 1.72737e-04
1157.290000 1.93269e-04
1157.770000 1.71553e-04
1158.250000 1.59188e-04
1158.730000 1.51339e-04
1159.220000 1.55832e-04
1159.700000 1.02636e-04
1160.180000 1.17837e-04
1160.660000 1.71259e-04
1161.140000 1.86409e-04
1161.630000 2.00762e-04
1162.110000 1.89687e-04
1162.590000 1.66952e-04
1163.070000 1.58481e-04
1163.560000 1.73597e-04
1164.040000 2.16693e-04
1164.520000 2.27264e-04
1165.000000 1.95647e-04
1165.480000 1.93043e-04
1165.970000 1.97492e-04
1166.450000 2.04582e-04
1166.930000 2.45923e-04
1167.410000 2.48794e-04
1167.900000 2.05538e-04
1168.380000 1.68966e-04
1168.860000 1.56688e-04
1169.340000 1.69194e-04
1169.820000 1.71225e-04
1170.310000 1.83423e-04
1170.790000 1.78489e-04
1171.270000 1.89332e-04
1171.750000 1.86836e-04
1172.240000 1.52921e-04
1172.720000 1.77642e-04
1173.200000 2.08414e-04
1173.680000 2.28487e-04
1174.160000 2.07408e-04
1174.650000 2.24148e-04
1175.130000 2.23637e-04
1175.610000 1.92922e-04
1176.090000 2.21466e-04
1176.570000 2.01756e-04
1177.060000 1.94393e-04
1177.540000 2.23773e-04
1178.020000 2.60268e-04
1178.500000 2.56922e-04
1178.990000 2.12993e-04
1179.470000 2.04123e-04
1179.950000 2.08055e-04
1180.430000 2.30240e-04
1180.910000 2.38389e-04
1181.400000 2.43611e-04
1181.880000 2.03794e-04
1182.360000 2.03656e-04
1182.840000 2.26712e-04
1183.330000 2.18953e-04
1183.810000 2.23473e-04
1184.290000 1.79196e-04
1184.770000 1.93825e-04
1185.250000 1.95586e-04
1185.740000 2.19192e-04
1186.220000 2.47125e-04
1186.700000 1.97080e-04
1187.180000 2.16319e-04
1187.670000 2.62083e-04
1188.150000 2.60818e-04
1188.630000 2.31689e-04
1189.110000 2.01630e-04
1189.590000 1.90324e-04
1190.080000 1.77602e-04
1190.560000 1.51798e-04
1191.040000 1.36579e-04
1191.520000 1.91838e-04
1192.010000 2.53048e-04
1192.490000 2.32316e-04
1192.970000 2.09860e-04
1193.450000 1.98599e-04
1193.930000 1.60152e-04
1194.420000 1.58756e-04
1194.900000 1.74926e-04
1195.380000 1.99218e-04
1195.860000 2.38724e-04
1196.350000 1.97392e-04
1196.830000 1.67285e-04
1197.310000 2.15640e-04
1197.790000 2.11957e-04
1198.270000 1.87600e-04
1198.760000 1.81348e-04
1199.240000 1.72712e-04
1199.720000 1.82819e-04
1200.200000 1.99654e-04
1200.690000 1.96797e-04
1201.170000 1.68904e-04
1201.650000 1.56508e-04
1202.130000 1.78702e-04
1202.610000 1.90801e-04
1203.100000 1.97171e-04
1203.580000 2.12766e-04
1204.060000 1.98693e-04
1204.540000 1.98493e-04
1205.020000 2.03856e-04
1205.510000 1.51444e-04
1205.990000 1.23931e-04
1206.470000 1.43094e-04
1206.950000 1.74830e-04
1207.440000 2.07301e-04
1207.920000 2.13996e-04
1208.400000 1.88249e-04
1208.880000 1.42572e-04
1209.360000 1.44754e-04
1209.850000 1.78523e-04
1210.330000 2.01032e-04
1210.810000 1.76230e-04
1211.290000 1.62037e-04
1211.780000 1.73774e-04
1212.260000 1.73046e-04
1212.740000 1.65185e-04
1213.220000 2.09977e-04
1213.700000 2.31938e-04
1214.190000 1.76565e-04
1214.670000 2.08570e-04
1215.150000 2.35830e-04
1215.630000 2.02018e-04
1216.120000 1.85018e-04
1216.600000 1.87416e-04
1217.080000 1.97922e-04
1217.560000 1.80093e-04
1218.040000 1.76186e-04
1218.530000 2.09291e-04
1219.010000 2.34062e-04
1219.490000 1.90050e-04
1219.970000 1.97184e-04
1220.460000 2.01624e-04
1220.940000 1.87636e-04
1221.420000 1.84951e-04
1221.900000 1.44101e-04
1222.380000 1.75049e-04
1222.870000 1.85236e-04
1223.350000 1.54974e-04
1223.830000 1.94514e-04
1224.310000 2.20797e-04
1224.800000 1.64858e-04
1225.280000 1.60158e-04
1225.760000 1.85130e-04
1226.240000 1.81053e-04
1226.720000 1.77204e-04
1227.210000 1.73452e-04
1227.690000 2.05788e-04
1228.170000 2.11108e-04
1228.650000 1.92341e-04
1229.140000 1.73407e-04
1229.620000 1.55301e-04
1230.100000 1.74041e-04
1230.580000 1.87016e-04
1231.060000 1.77091e-04
1231.550000 1.91904e-04
1232.030000 1.88038e-04
1232.510000 1.95650e-04
1232.990000 2.31959e-04
1233.470000 3.15009e-04
1233.960000 -6.56975e-05
1234.440000 -3.93102e-04
1234.920000 1.73987e-05
1235.400000 2.06633e-04
1235.890000 1.56506e-04
1236.370000 1.99946e-04
1236.850000 2.12558e-04
1237.330000 2.04786e-04
1237.810000 1.94146e-04
1238.300000 1.27218e-04
1238.780000 1.28898e-04
1239.260000 1.60542e-04
1239.740000 1.61922e-04
1240.230000 1.91014e-04
1240.710000 1.77495e-04
1241.190000 1.82296e-04
1241.670000 1.93919e-04
1242.150000 2.14117e-04
1242.640000 2.14681e-04
1243.120000 1.99886e-04
1243.600000 2.03129e-04
1244.080000 1.44078e-04
1244.570000 1.28702e-04
1245.050000 1.81322e-04
1245.530000 1.94629e-04
1246.010000 1.68683e-04
1246.490000 1.47134e-04
1246.980000 1.35557e-04
1247.460000 1.36993e-04
1247.940000 1.32686e-04
1248.420000 1.34355e-04
1248.910000 1.58383e-04
1249.390000 1.88271e-04
1249.870000 1.71508e-04
1250.350000 1.21077e-04
1250.830000 9.66450e-05
1251.320000 9.66962e-05
1251.800000 1.38720e-04
1252.280000 1.81665e-04
1252.760000 1.75411e-04
1253.250000 1.92347e-04
1253.730000 2.08218e-04
1254.210000 1.77572e-04
1254.690000 1.50909e-04
1255.170000 1.45007e-04
1255.660000 1.78508e-04
1256.140000 2.03267e-04
1256.620000 2.03952e-04
1257.100000 1.99931e-04
1257.590000 1.84778e-04
1258.070000 1.77527e-04
1258.550000 1.87305e-04
1259.030000 1.95674e-04
1259.510000 1.60228e-04
1260.000000 1.46971e-04
1260.480000 1.94853e-04
1260.960000 1.56830e-04
1261.440000 1.45291e-04
1261.920000 1.98204e-04
1262.410000 2.10027e-04
1262.890000 1.91128e-04
1263.370000 1.60581e-04
1263.850000 1.40107e-04
1264.340000 1.52492e-04
1264.820000 1.85511e-04
1265.300000 1.70056e-04
1265.780000 1.33339e-04
1266.260000 1.31166e-04
1266.750000 1.75446e-04
1267.230000 1.65116e-04
1267.710000 1.51892e-04
1268.190000 1.47855e-04
1268.680000 1.31167e-04
1269.160000 1.19618e-04
1269.640000 1.30440e-04
1270.120000 1.60506e-04
1270.600000 1.35629e-04
1271.090000 1.13528e-04
1271.570000 9.18735e-05
1272.050000 5.67943e-05
1272.530000 8.65242e-05
1273.020000 1.08711e-04
1273.500000 8.94656e-05
1273.980000 1.14664e-04
1274.460000 1.21522e-04
1274.940000 1.37795e-04
1275.430000 1.66243e-04
1275.910000 1.75752e-04
1276.390000 2.27972e-04
1276.870000 2.51731e-04
1277.360000 2.75517e-04
1277.840000 3.08113e-04
1278.320000 3.06203e-04
1278.800000 3.00590e-04
1279.280000 2.78173e-04
1279.770000 2.77207e-04
1280.250000 2.22432e-04
1280.730000 2.29015e-04
1281.210000 2.19735e-04
1281.700000 1.48202e-04
1282.180000 1.58690e-04
1282.660000 1.68962e-04
1283.140000 1.48524e-04
1283.620000 1.28048e-04
1284.110000 1.23536e-04
1284.590000 1.27131e-04
1285.070000 1.43887e-04
1285.550000 1.19905e-04
1286.040000 1.01577e-04
1286.520000 9.40391e-05
1287.000000 1.28832e-04
1287.480000 1.67622e-04
1287.960000 1.17289e-04
1288.450000 1.06877e-04
1288.930000 9.20880e-05
1289.410000 1.19637e-04
1289.890000 1.40046e-04
1290.370000 6.96589e-05
1290.860000 7.91417e-05
1291.340000 1.06507e-04
1291.820000 1.10924e-04
1292.300000 1.25927e-04
1292.790000 1.11321e-04
1293.270000 1.09608e-04
1293.750000 1.03318e-04
1294.230000 1.04754e-04
1294.710000 1.25406e-04
1295.200000 1.20208e-04
1295.680000 1.19903e-04
1296.160000 1.01623e-04
1296.640000 1.04682e-04
1297.130000 9.25802e-05
1297.610000 7.64105e-05
1298.090000 1.03905e-04
1298.570000 9.55040e-05
1299.050000 8.97925e-05
1299.540000 6.47664e-05
1300.020000 2.63706e-05
1300.500000 6.02863e-05
1300.980000 8.83617e-05
1301.470000 9.42345e-05
1301.950000 8.83030e-05
1302.430000 6.81296e-05
1302.910000 5.54110e-05
1303.390000 3.28545e-05
1303.880000 3.80338e-05
1304.360000 4.52953e-05
1304.840000 -6.92403e-06
1305.320000 -3.71488e-05
1305.810000 -4.08159e-05
1306.290000 -2.68396e-06
1306.770000 5.66076e-05
1307.250000 2.55838e-05
1307.730000 2.76149e-05
1308.220000 9.42838e-05
1308.700000 1.31833e-04
1309.180000 1.79900e-04
1309.660000 2.30790e-04
1310.150000 2.23323e-04
1310.630000 1.74332e-04
1311.110000 1.66893e-04
1311.590000 1.79404e-04
1312.070000 1.82322e-04
1312.560000 2.26435e-04
1313.040000 2.14901e-04
1313.520000 2.07882e-04
1314.000000 2.33325e-04
1314.480000 2.06779e-04
1314.970000 2.12163e-04
1315.450000 2.26078e-04
1315.930000 1.91781e-04
1316.410000 1.70508e-04
1316.900000 1.65035e-04
1317.380000 1.62597e-04
1317.860000 1.53396e-04
1318.340000 1.75745e-04
1318.820000 2.35879e-04
1319.310000 2.49984e-04
1319.790000 2.78309e-04
1320.270000 2.84373e-04
1320.750000 2.62266e-04
1321.240000 2.64423e-04
1321.720000 2.56465e-04
1322.200000 2.63197e-04
1322.680000 2.51829e-04
1323.160000 2.13877e-04
1323.650000 2.09401e-04
1324.130000 1.98701e-04
1324.610000 1.76512e-04
1325.090000 1.82953e-04
1325.580000 1.79850e-04
1326.060000 1.82663e-04
1326.540000 1.76123e-04
1327.020000 1.49351e-04
1327.500000 1.71582e-04
1327.990000 2.01621e-04
1328.470000 1.99471e-04
1328.950000 1.65134e-04
1329.430000 1.86533e-04
1329.920000 2.10111e-04
1330.400000 1.86770e-04
1330.880000 1.79496e-04
1331.360000 1.69305e-04
1331.840000 1.70433e-04
1332.330000 1.54608e-04
1332.810000 1.64588e-04
1333.290000 1.60699e-04
1333.770000 1.24550e-04
1334.260000 1.20025e-04
1334.740000 1.15218e-04
1335.220000 1.37672e-04
1335.700000 1.59002e-04
1336.180000 1.41545e-04
1336.670000 1.47029e-04
1337.150000 1.48974e-04
1337.630000 1.10906e-04
1338.110000 7.16946e-05
1338.600000 1.10153e-04
1339.080000 1.43162e-04
1339.560000 1.47300e-04
1340.040000 1.62427e-04
1340.520000 1.46688e-04
1341.010000 1.25469e-04
1341.490000 9.45023e-05
1341.970000 7.56350e-05
1342.450000 5.77222e-05
1342.930000 -6.51041e-06
1343.420000 -3.25478e-04
1343.900000 -7.67264e-04
1344.380000 -6.18535e-04
1344.860000 -1.77330e-04
1345.350000 4.25935e-05
1345.830000 1.25669e-04
1346.310000 1.29836e-04
1346.790000 1.12732e-04
1347.270000 9.35274e-05
1347.760000 1.09896e-04
1348.240000 1.00907e-04
1348.720000 1.20969e-04
1349.200000 1.66624e-04
1349.690000 1.89718e-04
1350.170000 1.91240e-04
1350.650000 1.67558e-04
1351.130000 1.64208e-04
1351.610000 1.57979e-04
1352.100000 1.64543e-04
1352.580000 1.44479e-04
1353.060000 1.25020e-04
1353.540000 1.26687e-04
1354.030000 1.04028e-04
1354.510000 9.29405e-05
1354.990000 9.83714e-05
1355.470000 1.06728e-04
1355.950000 8.41153e-05
1356.440000 1.04337e-04
1356.920000 9.87058e-05
1357.400000 8.83103e-05
1357.880000 1.28870e-04
1358.370000 1.03373e-04
1358.850000 8.83669e-05
1359.330000 8.17321e-05
1359.810000 7.63938e-05
1360.290000 9.89332e-05
1360.780000 8.17792e-05
1361.260000 1.08473e-04
1361.740000 1.35748e-04
1362.220000 1.31675e-04
1362.710000 1.36656e-04
1363.190000 1.06090e-04
1363.670000 9.57153e-05
1364.150000 1.12811e-04
1364.630000 1.29845e-04
1365.120000 1.16000e-04
1365.600000 7.80709e-05
1366.080000 8.83671e-05
1366.560000 1.02072e-04
1367.050000 1.00540e-04
1367.530000 1.05787e-04
1368.010000 1.08663e-04
1368.490000 1.22679e-04
1368.970000 1.36863e-04
1369.460000 1.25929e-04
1369.940000 1.06988e-04
1370.420000 1.07692e-04
1370.900000 7.58962e-05
1371.380000 8.00354e-05
1371.870000 9.40326e-05
1372.350000 8.97946e-05
1372.830000 1.41563e-04
1373.310000 1.61570e-04
1373.800000 1.57646e-04
1374.280000 1.50759e-04
1374.760000 1.44924e-04
1375.240000 1.29606e-04
1375.720000 1.13775e-04
1376.210000 1.43918e-04
1376.690000 2.00283e-04
1377.170000 2.02122e-04
1377.650000 1.79039e-04
1378.140000 1.92394e-04
1378.620000 2.05850e-04
1379.100000 1.72386e-04
1379.580000 1.51127e-04
1380.060000 1.32267e-04
1380.550000 1.18973e-04
1381.030000 1.39796e-04
1381.510000 8.98505e-05
1381.990000 3.90034e-05
1382.480000 -4.37985e-05
1382.960000 -7.17972e-05
1383.440000 9.50072e-05
1383.920000 4.24231e-04
1384.400000 7.14359e-04
1384.890000 8.20968e-04
1385.370000 7.50529e-04
1385.850000 4.68416e-04
1386.330000 2.51824e-04
1386.820000 1.91821e-04
1387.300000 1.52129e-04
1387.780000 1.21810e-04
1388.260000 1.13848e-04
1388.740000 1.14510e-04
1389.230000 1.27312e-04
1389.710000 1.54439e-04
1390.190000 1.42898e-04
1390.670000 4.83249e-05
1391.160000 -1.98357e-05
1391.640000 3.39213e-05
1392.120000 8.62186e-05
1392.600000 8.76624e-05
1393.080000 1.00108e-04
1393.570000 8.75460e-05
1394.050000 7.77817e-05
1394.530000 1.04951e-04
1395.010000 1.08908e-04
1395.500000 1.37713e-04
1395.980000 1.18809e-04
1396.460000 1.02148e-04
1396.940000 1.10484e-04
1397.420000 5.41122e-05
1397.910000 7.78985e-05
1398.390000 1.32717e-04
1398.870000 1.42485e-04
1399.350000 1.65583e-04
1399.830000 1.52576e-04
1400.320000 1.46320e-04
1400.800000 1.63794e-04
1401.280000 1.53094e-04
1401.760000 1.44332e-04
1402.250000 1.39214e-04
1402.730000 1.32144e-04
1403.210000 1.31177e-04
1403.690000 1.49123e-04
1404.170000 1.49207e-04
1404.660000 -3.47148e-05
1405.140000 -1.54644e-04
1405.620000 -1.14888e-05
1406.100000 7.18309e-05
1406.590000 1.09491e-04
1407.070000 1.29396e-04
1407.550000 1.22495e-04
1408.030000 1.42174e-04
1408.510000 1.57908e-04
1409.000000 1.41195e-04
1409.480000 1.23444e-04
1409.960000 1.38957e-04
1410.440000 1.48192e-04
1410.930000 1.46696e-04
1411.410000 1.53428e-04
1411.890000 1.61086e-04
1412.370000 1.24126e-04
1412.850000 9.53141e-05
1413.340000 1.35755e-04
1413.820000 1.68106e-04
1414.300000 1.61598e-04
1414.780000 1.72801e-04
1415.270000 1.54437e-04
1415.750000 1.43147e-04
1416.230000 1.64968e-04
1416.710000 1.40940e-04
1417.190000 1.35269e-04
1417.680000 1.16468e-04
1418.160000 1.01913e-04
1418.640000 1.62681e-04
1419.120000 1.47905e-04
1419.610000 1.30144e-04
1420.090000 1.73829e-04
1420.570000 1.64190e-04
1421.050000 1.65952e-04
1421.530000 1.47761e-04
1422.020000 1.29984e-04
1422.500000 1.61359e-04
1422.980000 1.64784e-04
1423.460000 1.59288e-04
1423.950000 1.48810e-04
1424.430000 1.36814e-04
1424.910000 1.59757e-04
1425.390000 1.62248e-04
1425.870000 1.57350e-04
1426.360000 1.94488e-04
1426.840000 2.17825e-04
1427.320000 2.05250e-04
1427.800000 1.86841e-04
1428.280000 1.98046e-04
1428.770000 1.82175e-04
1429.250000 1.77995e-04
1429.730000 1.80845e-04
1430.210000 1.37613e-04
1430.700000 1.59318e-04
1431.180000 2.02935e-04
1431.660000 1.79873e-04
1432.140000 1.42761e-04
1432.620000 1.08185e-04
1433.110000 1.04706e-04
1433.590000 1.26134e-04
1434.070000 1.27802e-04
1434.550000 1.30049e-04
1435.040000 1.45302e-04
1435.520000 1.57586e-04
1436.000000 1.45500e-04
1436.480000 1.59219e-04
1436.960000 1.86040e-04
1437.450000 1.88630e-04
1437.930000 1.96914e-04
1438.410000 1.98804e-04
1438.890000 1.74226e-04
1439.380000 1.26994e-04
1439.860000 1.14114e-04
1440.340000 1.77148e-04
1440.820000 1.77677e-04
1441.300000 1.20977e-04
1441.790000 1.35077e-04
1442.270000 1.28429e-04
1442.750000 1.46557e-04
1443.230000 1.55484e-04
1443.720000 1.59699e-04
1444.200000 1.86400e-04
1444.680000 1.57421e-04
1445.160000 1.54749e-04
1445.640000 1.70119e-04
1446.130000 1.47645e-04
1446.610000 1.49348e-04
1447.090000 1.59672e-04
1447.570000 1.67423e-04
1448.060000 1.80597e-04
1448.540000 1.44327e-04
1449.020000 1.40857e-04
1449.500000 1.39636e-04
1449.980000 1.25037e-04
1450.470000 1.30673e-04
1450.950000 1.26197e-04
1451.430000 1.31778e-04
1451.910000 1.44525e-04
1452.400000 1.70399e-04
1452.880000 1.74139e-04
1453.360000 1.56536e-04
1453.840000 1.50643e-04
1454.320000 1.72373e-04
1454.810000 1.82078e-04
1455.290000 1.77374e-04
1455.770000 1.70029e-04
1456.250000 1.69931e-04
1456.730000 1.72650e-04
1457.220000 1.48777e-04
1457.700000 1.57516e-04
1458.180000 1.98066e-04
1458.660000 1.82056e-04
1459.150000 1.50523e-04
1459.630000 1.51030e-04
1460.110000 1.47333e-04
1460.590000 1.50670e-04
1461.070000 1.77733e-04
1461.560000 1.66185e-04
1462.040000 1.42570e-04
1462.520000 1.54611e-04
1463.000000 1.58560e-04
1463.490000 1.66229e-04
1463.970000 1.71416e-04
1464.450000 1.79874e-04
1464.930000 1.65784e-04
1465.410000 1.44437e-04
1465.900000 1.58776e-04
1466.380000 1.72296e-04
1466.860000 1.73764e-04
1467.340000 1.37890e-04
1467.830000 1.19739e-04
1468.310000 1.51666e-04
1468.790000 1.40813e-04
1469.270000 9.99051e-05
1469.750000 8.98349e-05
1470.240000 1.15245e-04
1470.720000 1.06592e-04
1471.200000 1.13377e-04
1471.680000 1.24651e-04
1472.170000 1.46702e-04
1472.650000 1.69366e-04
1473.130000 1.27425e-04
1473.610000 1.04757e-04
1474.090000 8.39392e-05
1474.580000 1.32748e-04
1475.060000 1.41484e-04
1475.540000 8.51743e-05
1476.020000 7.35526e-05
1476.510000 6.92746e-05
1476.990000 8.85772e-05
1477.470000 9.55248e-05
1477.950000 9.55053e-05
1478.430000 8.21650e-05
1478.920000 5.63301e-05
1479.400000 6.23253e-05
1479.880000 7.82674e-05
1480.360000 8.48921e-05
1480.840000 8.68388e-05
1481.330000 7.35307e-05
1481.810000 4.66523e-05
1482.290000 2.51613e-05
1482.770000 6.40461e-05
1483.260000 8.72808e-05
1483.740000 7.17847e-05
1484.220000 8.46754e-05
1484.700000 9.21807e-05
1485.180000 1.26292e-04
1485.670000 1.54789e-04
1486.150000 1.03826e-04
1486.630000 7.18636e-05
1487.110000 7.04632e-05
1487.600000 8.03319e-05
1488.080000 9.68771e-05
1488.560000 1.10327e-04
1489.040000 1.36220e-04
1489.520000 1.41528e-04
1490.010000 1.31971e-04
1490.490000 1.09648e-04
1490.970000 8.56759e-05
1491.450000 7.76493e-05
1491.940000 8.18933e-05
1492.420000 8.17934e-05
1492.900000 8.38700e-05
1493.380000 8.87974e-05
1493.860000 1.02372e-04
1494.350000 9.97926e-05
1494.830000 9.50128e-05
1495.310000 1.19659e-04
1495.790000 8.03692e-05
1496.280000 8.29753e-05
1496.760000 1.14298e-04
1497.240000 9.26973e-05
1497.720000 9.01101e-05
1498.200000 8.83215e-05
1498.690000 8.01329e-05
1499.170000 5.23124e-05
1499.650000 8.96882e-05
1500.130000 1.28943e-04
1500.620000 1.04453e-04
1501.100000 1.06493e-04
1501.580000 8.93287e-05
1502.060000 7.05146e-05
1502.540000 9.27539e-05
1503.030000 9.43260e-05
1503.510000 1.20462e-04
1503.990000 1.37014e-04
1504.470000 1.28841e-04
1504.960000 1.30430e-04
1505.440000 1.04157e-04
1505.920000 1.34875e-04
1506.400000 1.57728e-04
1506.880000 1.30949e-04
1507.370000 1.40620e-04
1507.850000 1.49096e-04
1508.330000 1.48239e-04
1508.810000 1.53746e-04
1509.290000 1.23267e-04
1509.780000 8.74503e-05
1510.260000 9.34468e-05
1510.740000 1.07967e-04
1511.220000 1.01342e-04
1511.710000 1.02173e-04
1512.190000 1.11233e-04
1512.670000 1.25062e-04
1513.150000 1.32331e-04
1513.630000 1.37068e-04
1514.120000 1.61488e-04
1514.600000 1.42372e-04
1515.080000 1.12618e-04
1515.560000 1.32689e-04
1516.050000 1.25283e-04
1516.530000 9.46615e-05
1517.010000 1.01286e-04
1517.490000 1.06987e-04
1517.970000 1.14901e-04
1518.460000 1.46423e-04
1518.940000 1.43962e-04
1519.420000 1.32879e-04
1519.900000 1.41037e-04
1520.390000 1.41566e-04
1520.870000 1.56858e-04
1521.350000 1.40010e-04
1521.830000 1.29103e-04
1522.310000 1.43317e-04
1522.800000 1.21586e-04
1523.280000 1.31117e-04
1523.760000 1.67460e-04
1524.240000 1.71908e-04
1524.730000 1.70776e-04
1525.210000 1.54992e-04
1525.690000 1.13493e-04
1526.170000 1.10421e-04
1526.650000 1.41838e-04
1527.140000 1.30534e-04
1527.620000 1.18459e-04
1528.100000 1.29053e-04
1528.580000 1.39465e-04
1529.070000 1.42684e-04
1529.550000 1.43012e-04
1530.030000 1.35469e-04
1530.510000 1.29432e-04
1530.990000 1.26882e-04
1531.480000 1.41346e-04
1531.960000 1.61625e-04
1532.440000 1.44525e-04
1532.920000 1.40256e-04
1533.410000 1.34455e-04
1533.890000 1.19887e-04
1534.370000 1.50755e-04
1534.850000 1.61098e-04
1535.330000 1.43482e-04
1535.820000 1.49129e-04
1536.300000 1.54298e-04
1536.780000 1.69713e-04
1537.260000 1.79271e-04
1537.740000 1.81790e-04
1538.230000 1.79250e-04
1538.710000 1.71659e-04
1539.190000 1.66150e-04
1539.670000 1.70331e-04
1540.160000 1.67954e-04
1540.640000 1.43250e-04
1541.120000 1.38970e-04
1541.600000 1.41219e-04
1542.080000 1.14311e-04
1542.570000 1.18864e-04
1543.050000 1.45941e-04
1543.530000 1.25624e-04
1544.010000 1.22434e-04
1544.500000 1.41975e-04
1544.980000 1.08390e-04
1545.460000 8.72151e-05
1545.940000 1.01658e-04
1546.420000 1.25563e-04
1546.910000 1.30377e-04
1547.390000 1.30851e-04
1547.870000 1.53278e-04
1548.350000 1.33711e-04
1548.840000 1.37461e-04
1549.320000 1.44776e-04
1549.800000 1.54703e-04
1550.280000 1.61231e-04
1550.760000 1.29480e-04
1551.250000 1.09215e-04
1551.730000 1.06638e-04
1552.210000 1.28492e-04
1552.690000 1.57774e-04
1553.180000 1.82482e-04
1553.660000 1.73429e-04
1554.140000 1.47850e-04
1554.620000 1.53532e-04
1555.100000 1.69804e-04
1555.590000 1.64839e-04
1556.070000 1.49111e-04
1556.550000 1.46527e-04
1557.030000 1.22586e-04
1557.520000 1.23572e-04
1558.000000 1.53515e-04
1558.480000 1.43299e-04
1558.960000 1.56244e-04
1559.440000 1.79562e-04
1559.930000 1.44287e-04
1560.410000 1.06323e-04
1560.890000 1.22201e-04
1561.370000 1.27001e-04
1561.860000 1.25424e-04
1562.340000 1.37288e-04
1562.820000 1.33190e-04
1563.300000 1.28991e-04
1563.780000 1.11452e-04
1564.270000 1.40957e-04
1564.750000 1.98539e-04
1565.230000 1.59597e-04
1565.710000 1.49748e-04
1566.190000 1.46859e-04
1566.680000 9.63924e-05
1567.160000 1.05417e-04
1567.640000 1.35871e-04
1568.120000 1.42480e-04
1568.610000 1.09065e-04
1569.090000 1.21385e-04
1569.570000 1.44573e-04
1570.050000 1.29229e-04
1570.530000 1.49899e-04
1571.020000 1.33820e-04
1571.500000 1.30731e-04
1571.980000 1.57981e-04
1572.460000 1.34724e-04
1572.950000 1.16134e-04
1573.430000 1.45599e-04
1573.910000 1.46319e-04
1574.390000 1.29620e-04
1574.870000 1.41461e-04
1575.360000 1.36292e-04
1575.840000 1.01412e-04
1576.320000 6.69449e-05
1576.800000 1.08407e-04
1577.290000 1.22072e-04
1577.770000 1.15922e-04
1578.250000 1.52077e-04
1578.730000 1.02655e-04
1579.210000 9.07807e-05
1579.700000 1.43596e-04
1580.180000 1.45774e-04
1580.660000 1.54648e-04
1581.140000 1.28607e-04
1581.630000 1.18124e-04
1582.110000 1.39035e-04
1582.590000 1.15839e-04
1583.070000 1.08490e-04
1583.550000 1.30225e-04
1584.040000 1.49204e-04
1584.520000 1.53725e-04
1585.000000 1.65023e-04
1585.480000 1.72802e-04
1585.970000 1.70112e-04
1586.450000 1.62181e-04
1586.930000 1.53811e-04
1587.410000 1.43777e-04
1587.890000 1.40999e-04
1588.380000 1.35569e-04
1588.860000 1.50190e-04
1589.340000 1.74638e-04
1589.820000 1.55796e-04
1590.310000 1.60277e-04
1590.790000 1.63887e-04
1591.270000 1.51873e-04
1591.750000 1.46383e-04
1592.230000 1.49008e-04
1592.720000 1.87585e-04
1593.200000 2.02023e-04
1593.680000 2.03571e-04
1594.160000 2.02829e-04
1594.640000 1.86989e-04
1595.130000 2.15023e-04
1595.610000 2.24448e-04
1596.090000 1.88410e-04
1596.570000 1.74751e-04
1597.060000 2.03460e-04
1597.540000 2.32013e-04
1598.020000 2.33360e-04
1598.500000 2.47877e-04
1598.980000 2.71569e-04
1599.470000 2.59571e-04
1599.950000 2.64220e-04
1600.430000 2.90630e-04
1600.910000 3.28897e-04
1601.400000 3.57379e-04
1601.880000 3.50347e-04
1602.360000 3.70835e-04
1602.840000 4.19014e-04
1603.320000 4.52018e-04
1603.810000 4.79177e-04
1604.290000 4.95084e-04
1604.770000 5.19246e-04
1605.250000 5.72113e-04
1605.740000 6.04345e-04
1606.220000 6.72222e-04
1606.700000 7.31494e-04
1607.180000 7.64451e-04
1607.660000 8.19096e-04
1608.150000 8.41585e-04
1608.630000 9.14374e-04
1609.110000 9.81210e-04
1609.590000 9.86445e-04
1610.080000 1.01651e-03
1610.560000 1.03191e-03
1611.040000 1.08159e-03
1611.520000 1.19664e-03
1612.000000 1.32904e-03
1612.490000 1.50460e-03
1612.970000 1.78808e-03
1613.450000 2.22961e-03
1613.930000 2.79102e-03
1614.420000 3.16882e-03
1614.900000 3.03653e-03
1615.380000 2.53290e-03
1615.860000 2.06618e-03
1616.340000 1.73732e-03
1616.830000 1.47133e-03
1617.310000 1.30307e-03
1617.790000 1.20734e-03
1618.270000 1.14900e-03
1618.760000 1.10547e-03
1619.240000 1.06128e-03
1619.720000 1.01926e-03
1620.200000 9.76250e-04
1620.680000 9.31120e-04
1621.170000 8.88122e-04
1621.650000 8.48514e-04
1622.130000 8.48577e-04
1622.610000 8.46402e-04
1623.090000 8.29587e-04
1623.580000 8.30090e-04
1624.060000 7.64672e-04
1624.540000 7.02801e-04
1625.020000 6.64205e-04
1625.510000 6.14464e-04
1625.990000 6.13200e-04
1626.470000 6.02405e-04
1626.950000 5.98034e-04
1627.430000 5.83254e-04
1627.920000 5.77167e-04
1628.400000 6.05835e-04
1628.880000 5.93837e-04
1629.360000 6.05051e-04
1629.850000 6.10784e-04
1630.330000 5.98464e-04
1630.810000 6.06331e-04
1631.290000 5.81685e-04
1631.770000 5.82798e-04
1632.260000 6.03292e-04
1632.740000 5.66994e-04
1633.220000 5.71689e-04
1633.700000 5.76559e-04
1634.190000 5.67450e-04
1634.670000 5.78032e-04
1635.150000 5.66144e-04
1635.630000 5.55720e-04
1636.110000 5.62027e-04
1636.600000 5.77965e-04
1637.080000 5.75209e-04
1637.560000 5.87317e-04
1638.040000 5.65723e-04
1638.530000 5.22936e-04
1639.010000 5.57145e-04
1639.490000 5.77126e-04
1639.970000 5.62619e-04
1640.450000 5.74823e-04
1640.940000 5.87157e-04
1641.420000 6.00216e-04
1641.900000 5.79421e-04
1642.380000 5.47128e-04
1642.870000 5.68688e-04
1643.350000 5.39979e-04
1643.830000 5.23464e-04
1644.310000 5.53940e-04
1644.790000 5.42387e-04
1645.280000 5.71694e-04
1645.760000 5.35927e-04
1646.240000 5.29346e-04
1646.720000 5.33173e-04
1647.200000 4.88895e-04
1647.690000 5.07591e-04
1648.170000 4.65023e-04
1648.650000 5.03334e-04
1649.130000 5.42448e-04
1649.620000 5.06740e-04
1650.100000 4.92123e-04
1650.580000 4.73582e-04
1651.060000 4.90299e-04
1651.540000 4.69703e-04
1652.030000 4.77609e-04
1652.510000 4.95626e-04
1652.990000 4.56390e-04
1653.470000 4.64969e-04
1653.960000 4.79597e-04
1654.440000 4.45417e-04
1654.920000 4.33876e-04
1655.400000 4.15835e-04
1655.880000 3.81046e-04
1656.370000 3.64059e-04
1656.850000 3.48213e-04
1657.330000 3.77478e-04
1657.810000 3.95407e-04
1658.300000 3.96433e-04
1658.780000 3.98959e-04
1659.260000 3.79005e-04
1659.740000 3.75284e-04
1660.220000 3.58286e-04
1660.710000 3.74250e-04
1661.190000 3.60359e-04
1661.670000 3.41295e-04
1662.150000 3.45775e-04
1662.640000 3.08305e-04
1663.120000 3.19621e-04
1663.600000 3.23420e-04
1664.080000 3.14338e-04
1664.560000 2.91439e-04
1665.050000 2.95564e-04
1665.530000 3.22423e-04
1666.010000 3.25726e-04
1666.490000 3.33725e-04
1666.980000 3.20376e-04
1667.460000 2.87455e-04
1667.940000 2.75063e-04
1668.420000 3.23570e-04
1668.900000 3.20179e-04
1669.390000 2.71521e-04
1669.870000 2.54374e-04
1670.350000 2.96772e-04
1670.830000 3.43421e-04
1671.320000 3.15796e-04
1671.800000 2.91506e-04
1672.280000 2.58882e-04
1672.760000 2.38925e-04
1673.240000 2.54664e-04
1673.730000 2.73242e-04
1674.210000 2.80782e-04
1674.690000 2.70430e-04
1675.170000 2.71705e-04
1675.650000 2.63395e-04
1676.140000 2.62987e-04
1676.620000 2.57648e-04
1677.100000 2.56190e-04
1677.580000 2.66836e-04
1678.070000 2.51841e-04
1678.550000 2.40728e-04
1679.030000 2.46991e-04
1679.510000 2.42402e-04
1679.990000 2.37791e-04
1680.480000 2.54727e-04
1680.960000 2.38077e-04
1681.440000 2.30923e-04
1681.920000 2.25036e-04
1682.410000 2.31149e-04
1682.890000 2.51756e-04
1683.370000 2.33543e-04
1683.850000 2.47156e-04
1684.330000 2.39772e-04
1684.820000 1.92019e-04
1685.300000 1.79399e-04
1685.780000 2.00144e-04
1686.260000 2.21931e-04
1686.750000 2.17265e-04
1687.230000 2.44698e-04
1687.710000 2.36665e-04
1688.190000 1.78469e-04
1688.670000 1.97732e-04
1689.160000 2.30363e-04
1689.640000 2.21286e-04
1690.120000 2.13762e-04
1690.600000 2.01556e-04
1691.090000 2.00001e-04
1691.570000 2.11820e-04
1692.050000 1.87359e-04
1692.530000 1.67666e-04
1693.010000 1.80265e-04
1693.500000 1.93106e-04
1693.980000 2.07010e-04
1694.460000 2.27083e-04
1694.940000 2.23213e-04
1695.430000 1.78430e-04
1695.910000 1.65349e-04
1696.390000 1.96867e-04
1696.870000 2.08820e-04
1697.350000 1.90972e-04
1697.840000 1.71060e-04
1698.320000 1.82669e-04
1698.800000 1.90336e-04
1699.280000 2.02306e-04
1699.770000 2.00101e-04
1700.250000 1.65433e-04
1700.730000 1.52620e-04
1701.210000 1.46315e-04
1701.690000 1.43724e-04
1702.180000 1.58257e-04
1702.660000 1.79338e-04
1703.140000 1.76532e-04
1703.620000 1.79301e-04
1704.100000 1.75971e-04
1704.590000 1.45404e-04
1705.070000 1.27605e-04
1705.550000 1.31910e-04
1706.030000 1.44459e-04
1706.520000 1.29400e-04
1707.000000 1.44621e-04
1707.480000 1.48887e-04
1707.960000 1.19244e-04
1708.440000 1.34034e-04
1708.930000 1.64898e-04
1709.410000 1.53724e-04
1709.890000 1.26154e-04
1710.370000 1.27684e-04
1710.860000 1.43485e-04
1711.340000 1.40582e-04
1711.820000 1.52930e-04
1712.300000 1.51123e-04
1712.780000 1.36974e-04
1713.270000 1.30232e-04
1713.750000 1.42984e-04
1714.230000 1.64585e-04
1714.710000 1.44097e-04
1715.200000 1.40332e-04
1715.680000 1.38565e-04
1716.160000 1.36746e-04
1716.640000 1.52302e-04
1717.120000 1.64010e-04
1717.610000 1.60225e-04
1718.090000 1.57222e-04
1718.570000 1.17940e-04
1719.050000 1.10729e-04
1719.540000 1.41769e-04
1720.020000 1.51676e-04
1720.500000 1.32195e-04
1720.980000 1.06076e-04
1721.460000 1.19043e-04
1721.950000 1.29003e-04
1722.430000 1.31994e-04
1722.910000 1.28627e-04
1723.390000 1.00375e-04
1723.880000 9.31972e-05
1724.360000 1.07547e-04
1724.840000 9.59826e-05
1725.320000 8.00434e-05
1725.800000 8.45871e-05
1726.290000 9.48752e-05
1726.770000 1.04128e-04
1727.250000 1.21040e-04
1727.730000 1.14722e-04
1728.220000 1.02645e-04
1728.700000 1.00675e-04
1729.180000 1.18218e-04
1729.660000 1.20611e-04
1730.140000 1.03667e-04
1730.630000 1.05074e-04
1731.110000 9.97819e-05
1731.590000 1.02672e-04
1732.070000 9.73816e-05
1732.550000 9.61893e-05
1733.040000 9.52212e-05
1733.520000 6.32356e-05
1734.000000 8.67846e-05
1734.480000 9.24482e-05
1734.970000 1.10048e-04
1735.450000 1.33118e-04
1735.930000 9.72261e-05
1736.410000 9.24231e-05
1736.890000 8.67974e-05
1737.380000 9.57083e-05
1737.860000 9.72687e-05
1738.340000 7.85054e-05
1738.820000 8.47634e-05
1739.310000 8.91122e-05
1739.790000 8.25392e-05
1740.270000 1.03637e-04
1740.750000 1.22068e-04
1741.230000 7.96542e-05
1741.720000 7.52760e-05
1742.200000 1.08260e-04
1742.680000 1.12614e-04
1743.160000 1.05898e-04
1743.650000 1.00649e-04
1744.130000 1.31071e-04
1744.610000 9.87737e-05
1745.090000 3.10868e-05
1745.570000 4.18993e-05
1746.060000 6.87684e-05
1746.540000 8.78372e-05
1747.020000 8.47518e-05
1747.500000 6.00489e-05
1747.990000 5.45911e-05
1748.470000 4.50625e-05
1748.950000 7.11656e-05
1749.430000 1.04241e-04
1749.910000 8.44796e-05
1750.400000 6.61677e-05
1750.880000 6.96378e-05
1751.360000 6.65667e-05
1751.840000 7.06823e-05
1752.330000 7.07484e-05
1752.810000 5.81716e-05
1753.290000 6.50780e-05
1753.770000 6.44985e-05
1754.250000 5.80098e-05
1754.740000 6.52715e-05
1755.220000 8.51953e-05
1755.700000 6.25919e-05
1756.180000 3.15965e-05
1756.670000 4.09230e-05
1757.150000 6.40817e-05
1757.630000 6.77179e-05
1758.110000 6.75309e-05
1758.590000 5.80591e-05
1759.080000 3.82438e-05
1759.560000 4.64558e-05
1760.040000 4.25749e-05
1760.520000 3.94247e-05
1761.000000 3.70506e-05
1761.490000 3.89898e-05
1761.970000 5.43483e-05
1762.450000 6.24128e-05
1762.930000 7.37291e-05
1763.420000 8.53485e-05
1763.900000 5.18330e-05
1764.380000 2.51681e-05
1764.860000 4.21340e-05
1765.340000 6.78953e-05
1765.830000 6.62021e-05
1766.310000 6.47178e-05
1766.790000 8.79506e-05
1767.270000 1.07910e-04
1767.760000 6.64806e-05
1768.240000 1.39836e-05
1768.720000 2.70186e-05
1769.200000 2.62177e-05
1769.680000 4.03295e-05
1770.170000 6.53467e-05
1770.650000 7.51601e-05
1771.130000 6.76527e-05
1771.610000 6.43160e-05
1772.100000 7.53603e-05
1772.580000 5.29597e-05
1773.060000 3.77004e-05
1773.540000 4.46667e-05
1774.020000 7.00315e-05
1774.510000 7.24643e-05
1774.990000 5.93974e-05
1775.470000 4.79505e-05
1775.950000 3.06815e-05
1776.440000 3.07471e-05
1776.920000 2.04633e-05
1777.400000 1.47333e-05
1777.880000 1.20089e-05
1778.360000 3.11639e-05
1778.850000 5.42304e-05
1779.330000 4.04993e-05
1779.810000 3.78294e-05
1780.290000 3.14219e-05
1780.780000 8.75467e-06
1781.260000 1.70306e-05
1781.740000 3.55544e-05
1782.220000 2.57557e-05
1782.700000 1.44930e-05
1783.190000 1.90218e-05
1783.670000 1.38092e-05
1784.150000 4.70015e-05
1784.630000 6.92573e-05
1785.110000 3.50929e-05
1785.600000 2.92673e-05
1786.080000 3.75796e-05
1786.560000 4.89512e-05
1787.040000 3.74906e-05
1787.530000 1.63736e-05
1788.010000 2.79504e-05
1788.490000 3.09597e-05
1788.970000 3.74569e-05
1789.450000 2.77301e-05
1789.940000 2.49622e-05
1790.420000 2.91385e-05
1790.900000 1.98781e-05
1791.380000 4.19188e-05
1791.870000 5.50409e-05
1792.350000 5.59066e-05
1792.830000 5.13755e-05
1793.310000 1.95524e-05
1793.790000 1.90083e-05
1794.280000 3.77125e-05
1794.760000 2.77953e-05
1795.240000 1.62029e-05
1795.720000 1.69254e-05
1796.210000 1.35631e-05
1796.690000 1.03610e-06
1797.170000 -1.16287e-05
1797.650000 -2.80887e-06
1798.130000 1.69147e-05
1798.620000 1.67168e-05
1799.100000 -1.97021e-06
1799.580000 -1.08965e-05
1800.060000 -8.52742e-06
1800.550000 4.71203e-06
1801.030000 1.27596e-05
1801.510000 2.19513e-05
1801.990000 1.87480e-05
1802.470000 1.79047e-07
1802.960000 -2.67220e-06
1803.440000 2.49688e-06
1803.920000 -3.82634e-06
1804.400000 -5.55152e-05
1804.890000 -6.42075e-05
1805.370000 -2.87425e-05
1805.850000 -4.19095e-07
1806.330000 -3.16743e-06
1806.810000 -1.79713e-05
1807.300000 -1.35375e-05
1807.780000 -2.87946e-05
1808.260000 -2.74549e-05
1808.740000 6.09783e-07
1809.230000 3.07336e-08
1809.710000 1.03191e-06
1810.190000 -4.04217e-06
1810.670000 -2.71611e-05
1811.150000 -3.87360e-05
1811.640000 -2.68333e-05
1812.120000 -8.41101e-06
1812.600000 -7.38120e-06
1813.080000 -6.50133e-06
1813.560000 -1.72767e-05
1814.050000 -2.44416e-05
1814.530000 -3.37795e-05
1815.010000 -4.19491e-05
1815.490000 -3.15260e-05
1815.980000 -1.51093e-05
1816.460000 -9.28296e-06
1816.940000 -3.70846e-05
1817.420000 -5.02972e-05
1817.900000 -3.20352e-05
1818.390000 -4.35519e-05
1818.870000 -6.70273e-05
1819.350000 -6.30538e-05
1819.830000 -3.46610e-05
1820.320000 -2.48202e-05
1820.800000 -4.75040e-05
1821.280000 -4.37163e-05
1821.760000 -4.08138e-05
1822.240000 -3.40492e-05
1822.730000 -3.93228e-05
1823.210000 -5.96363e-05
1823.690000 -4.49428e-05
1824.170000 -3.44357e-05
1824.660000 -4.58402e-05
1825.140000 -5.32819e-05
1825.620000 -4.11379e-05
1826.100000 -3.80734e-05
1826.580000 -4.26592e-05
1827.070000 -3.35807e-05
1827.550000 -2.10381e-05
1828.030000 -2.23042e-05
1828.510000 -1.37053e-05
1829.000000 -4.00282e-06
1829.480000 -2.61227e-05
1829.960000 -4.74630e-05
1830.440000 -5.57499e-05
1830.920000 -6.47702e-05
1831.410000 -5.58263e-05
1831.890000 -5.58421e-05
1832.370000 -4.34965e-05
1832.850000 -4.19770e-05
1833.340000 -5.49257e-05
1833.820000 -4.80474e-05
1834.300000 -2.67420e-05
1834.780000 -1.19251e-05
1835.260000 -4.13912e-05
1835.750000 -5.95530e-05
1836.230000 -6.61742e-05
1836.710000 -6.49644e-05
1837.190000 -6.02263e-05
1837.680000 -5.53848e-05
1838.160000 -4.73042e-05
1838.640000 -5.05606e-05
1839.120000 -5.41732e-05
1839.600000 -5.58598e-05
1840.090000 -5.51660e-05
1840.570000 -4.58919e-05
1841.050000 -3.04864e-05
1841.530000 -5.04553e-05
1842.010000 -6.75004e-05
1842.500000 -6.37649e-05
1842.980000 -5.62286e-05
1843.460000 -3.83887e-05
1843.940000 -2.88743e-05
1844.430000 -4.18043e-05
1844.910000 -4.11407e-05
1845.390000 -2.49529e-05
1845.870000 -5.29699e-05
1846.350000 -5.53783e-05
1846.840000 -3.09460e-05
1847.320000 -3.57796e-05
1847.800000 -5.46034e-05
1848.280000 -5.86426e-05
1848.770000 -5.46873e-05
1849.250000 -5.91129e-05
1849.730000 -5.77983e-05
1850.210000 -6.30384e-05
1850.690000 -5.96661e-05
1851.180000 -4.51547e-05
1851.660000 -2.87369e-05
1852.140000 -2.25431e-05
1852.620000 -2.68104e-05
1853.110000 -6.80289e-05
1853.590000 -7.04024e-05
1854.070000 -3.58140e-05
1854.550000 -4.81298e-05
1855.030000 -5.97043e-05
1855.520000 -7.34134e-05
1856.000000 -7.23023e-05
1856.480000 -4.48651e-05
1856.960000 -3.85083e-05
1857.450000 -4.60357e-05
1857.930000 -5.04814e-05
1858.410000 -4.59757e-05
1858.890000 -4.15742e-05
1859.370000 -2.98545e-05
1859.860000 -2.37194e-05
1860.340000 -2.85706e-05
1860.820000 -1.59605e-05
1861.300000 -3.33008e-05
1861.790000 -5.08912e-05
1862.270000 -3.87938e-05
1862.750000 -2.50163e-05
1863.230000 -3.41455e-05
1863.710000 -3.88157e-05
1864.200000 -3.16561e-05
1864.680000 -4.14108e-05
1865.160000 -4.56655e-05
1865.640000 -5.10002e-05
1866.120000 -4.97978e-05
1866.610000 -3.22848e-05
1867.090000 -2.67676e-05
1867.570000 -3.25739e-05
1868.050000 -3.59267e-05
1868.540000 -3.55891e-05
1869.020000 -3.56995e-05
1869.500000 -2.82358e-05
1869.980000 -2.12518e-05
1870.460000 -4.38439e-05
1870.950000 -6.56405e-05
1871.430000 -4.74057e-05
1871.910000 -4.69140e-05
1872.390000 -7.65789e-05
1872.880000 -6.11627e-05
1873.360000 -3.09423e-05
1873.840000 -4.12306e-05
1874.320000 -4.48613e-05
1874.800000 -5.64638e-05
1875.290000 -5.89583e-05
1875.770000 -5.95804e-05
1876.250000 -5.61997e-05
1876.730000 -3.02531e-05
1877.220000 -3.34056e-05
1877.700000 -3.41139e-05
1878.180000 -3.52794e-05
1878.660000 -5.46919e-05
1879.140000 -6.58510e-05
1879.630000 -5.56805e-05
1880.110000 -3.99658e-05
1880.590000 -3.56603e-05
1881.070000 -2.64351e-05
1881.560000 -2.75504e-05
1882.040000 -3.95472e-05
1882.520000 -4.40292e-05
1883.000000 -4.82425e-05
1883.480000 -5.82412e-05
1883.970000 -6.26147e-05
1884.450000 -3.81283e-05
1884.930000 -4.16175e-05
1885.410000 -6.18109e-05
1885.900000 -6.44620e-05
1886.380000 -5.33517e-05
1886.860000 -4.04823e-05
1887.340000 -3.21949e-05
1887.820000 -3.87002e-05
1888.310000 -5.95888e-05
1888.790000 -5.61173e-05
1889.270000 -4.06089e-05
1889.750000 -3.93498e-05
1890.240000 -3.17679e-05
1890.720000 -4.53573e-05
1891.200000 -6.51339e-05
1891.680000 -5.14346e-05
1892.160000 -5.81266e-05
1892.650000 -7.19568e-05
1893.130000 -9.01110e-05
1893.610000 -7.92127e-05
1894.090000 -6.55339e-05
1894.580000 -7.37035e-05
1895.060000 -5.90407e-05
1895.540000 -6.12945e-05
1896.020000 -4.35282e-05
1896.500000 -2.35420e-05
1896.990000 -6.20149e-05
1897.470000 -6.20028e-05
1897.950000 -3.73581e-05
1898.430000 -4.05116e-05
1898.910000 -3.35542e-05
1899.400000 -3.26759e-05
1899.880000 -3.57348e-05
1900.360000 -3.21995e-05
1900.840000 -5.43841e-05
1901.330000 -6.21583e-05
1901.810000 -3.72287e-05
1902.290000 -3.57935e-05
1902.770000 -5.00306e-05
1903.250000 -3.78778e-05
1903.740000 -3.10508e-05
1904.220000 -4.01279e-05
1904.700000 -3.47905e-05
1905.180000 -3.28440e-05
1905.670000 -3.62908e-05
1906.150000 -4.54290e-05
1906.630000 -5.12558e-05
1907.110000 -5.99101e-05
1907.590000 -5.30398e-05
1908.080000 -4.38569e-05
1908.560000 -5.39357e-05
1909.040000 -6.83032e-05
1909.520000 -5.71078e-05
1910.010000 -4.55161e-05
1910.490000 -4.83897e-05
1910.970000 -2.46377e-05
1911.450000 -1.06026e-05
1911.930000 -1.71782e-05
1912.420000 -7.82823e-06
1912.900000 2.82992e-05
1913.380000 5.25070e-05
1913.860000 6.37062e-05
1914.350000 2.20947e-05
1914.830000 -2.96184e-05
1915.310000 -2.24127e-05
1915.790000 -1.63936e-05
1916.270000 -4.27011e-06
1916.760000 -1.48914e-05
1917.240000 -3.29940e-05
1917.720000 -5.54062e-05
1918.200000 -6.69514e-05
1918.690000 -6.92653e-05
1919.170000 -8.70903e-05
1919.650000 -9.01371e-05
1920.130000 -8.99085e-05
1920.610000 -8.09110e-05
1921.100000 -9.77824e-05
1921.580000 -1.18493e-04
1922.060000 -1.00174e-04
1922.540000 -8.56128e-05
1923.030000 -9.19024e-05
1923.510000 -8.94265e-05
1923.990000 -1.02081e-04
1924.470000 -1.29415e-04
1924.950000 -1.30103e-04
1925.440000 -1.33750e-04
1925.920000 -1.29040e-04
1926.400000 -1.13435e-04
1926.880000 -1.19912e-04
1927.360000 -1.33214e-04
1927.850000 -1.21976e-04
1928.330000 -1.05616e-04
1928.810000 -1.00618e-04
1929.290000 -9.31658e-05
1929.780000 -9.18061e-05
1930.260000 -9.02116e-05
1930.740000 -6.36736e-05
1931.220000 -5.28027e-05
1931.700000 -3.50485e-05
1932.190000 -4.93135e-06
1932.670000 -2.03014e-05
1933.150000 -7.61170e-06
1933.630000 -1.26986e-05
1934.120000 -1.84742e-05
1934.600000 8.01077e-06
1935.080000 -7.83801e-06
1935.560000 -2.03038e-05
1936.040000 -2.41082e-05
1936.530000 -2.82396e-05
1937.010000 -3.90620e-05
1937.490000 -4.82104e-05
1937.970000 -5.37126e-05
1938.460000 -7.13887e-05
1938.940000 -8.85455e-05
1939.420000 -1.06950e-04
1939.900000 -9.13846e-05
1940.380000 -1.04034e-04
1940.870000 -1.35749e-04
1941.350000 -1.22659e-04
1941.830000 -1.24892e-04
1942.310000 -1.39279e-04
1942.800000 -1.44014e-04
1943.280000 -1.38661e-04
1943.760000 -1.46677e-04
1944.240000 -1.46211e-04
1944.720000 -1.36643e-04
1945.210000 -1.37529e-04
1945.690000 -1.46025e-04
1946.170000 -1.72931e-04
1946.650000 -1.75208e-04
1947.140000 -1.69399e-04
1947.620000 -1.75461e-04
1948.100000 -1.67523e-04
1948.580000 -1.73901e-04
1949.060000 -1.86217e-04
1949.550000 -1.70221e-04
1950.030000 -1.46777e-04
1950.510000 -1.58403e-04
1950.990000 -1.63267e-04
1951.470000 -1.57275e-04
1951.960000 -1.74221e-04
1952.440000 -1.86241e-04
1952.920000 -1.69083e-04
1953.400000 -1.65005e-04
1953.890000 -1.68281e-04
1954.370000 -1.51089e-04
1954.850000 -1.52245e-04
1955.330000 -1.71470e-04
1955.810000 -1.80854e-04
1956.300000 -1.65283e-04
1956.780000 -1.77665e-04
1957.260000 -2.00955e-04
1957.740000 -1.93129e-04
1958.230000 -1.67688e-04
1958.710000 -1.48915e-04
1959.190000 -1.56516e-04
1959.670000 -1.58216e-04
1960.150000 -1.70622e-04
1960.640000 -1.76479e-04
1961.120000 -1.78159e-04
1961.600000 -1.77482e-04
1962.080000 -1.65486e-04
1962.570000 -1.73002e-04
1963.050000 -1.83634e-04
1963.530000 -1.78664e-04
1964.010000 -1.77004e-04
1964.490000 -1.88354e-04
1964.980000 -1.73790e-04
1965.460000 -1.78933e-04
1965.940000 -1.91644e-04
1966.420000 -2.11047e-04
1966.910000 -2.08779e-04
1967.390000 -1.91796e-04
1967.870000 -2.04790e-04
1968.350000 -2.00919e-04
1968.830000 -2.09155e-04
1969.320000 -2.24271e-04
1969.800000 -2.09939e-04
1970.280000 -1.82979e-04
1970.760000 -1.68173e-04
1971.250000 -1.93205e-04
1971.730000 -2.01770e-04
1972.210000 -1.85906e-04
1972.690000 -1.78054e-04
1973.170000 -1.78968e-04
1973.660000 -1.89928e-04
1974.140000 -1.95251e-04
1974.620000 -2.21433e-04
1975.100000 -2.27527e-04
1975.590000 -1.96852e-04
1976.070000 -2.06221e-04
1976.550000 -2.04896e-04
1977.030000 -1.62061e-04
1977.510000 -1.69797e-04
1978.000000 -1.95687e-04
1978.480000 -1.89605e-04
1978.960000 -1.80821e-04
1979.440000 -1.91484e-04
1979.920000 -2.24606e-04
1980.410000 -2.32291e-04
1980.890000 -2.15006e-04
1981.370000 -2.12543e-04
1981.850000 -2.05833e-04
1982.340000 -1.97856e-04
1982.820000 -1.86355e-04
1983.300000 -1.92326e-04
1983.780000 -2.08942e-04
1984.260000 -2.09909e-04
1984.750000 -2.23407e-04
1985.230000 -2.07151e-04
1985.710000 -1.85620e-04
1986.190000 -1.81861e-04
1986.680000 -1.81012e-04
1987.160000 -2.08781e-04
1987.640000 -2.10104e-04
1988.120000 -1.97779e-04
1988.600000 -1.99622e-04
1989.090000 -1.99186e-04
1989.570000 -1.93719e-04
1990.050000 -2.24027e-04
1990.530000 -2.46730e-04
1991.020000 -2.09721e-04
1991.500000 -1.81582e-04
1991.980000 -1.86780e-04
1992.460000 -2.13550e-04
1992.940000 -2.06741e-04
1993.430000 -1.92391e-04
1993.910000 -1.88256e-04
1994.390000 -1.98813e-04
1994.870000 -2.19748e-04
1995.360000 -2.11779e-04
1995.840000 -2.27274e-04
1996.320000 -2.49071e-04
1996.800000 -2.31489e-04
1997.280000 -2.25534e-04
1997.770000 -2.27166e-04
1998.250000 -2.02794e-04
1998.730000 -1.97199e-04
1999.210000 -2.21849e-04
1999.700000 -2.38923e-04
2000.180000 -2.23943e-04
2000.660000 -2.25155e-04
2001.140000 -2.25098e-04
2001.620000 -2.28528e-04
2002.110000 -2.36413e-04
2002.590000 -2.36341e-04
2003.070000 -2.37777e-04
2003.550000 -2.38915e-04
2004.040000 -2.50637e-04
2004.520000 -2.43135e-04
2005.000000 -2.53262e-04
2005.480000 -2.52447e-04
2005.960000 -2.54709e-04
2006.450000 -2.42225e-04
2006.930000 -2.13563e-04
2007.410000 -2.24052e-04
2007.890000 -2.38339e-04
2008.370000 -2.39220e-04
2008.860000 -2.39626e-04
2009.340000 -2.49473e-04
2009.820000 -2.53585e-04
2010.300000 -2.42556e-04
2010.790000 -2.23510e-04
2011.270000 -2.21716e-04
2011.750000 -2.36670e-04
2012.230000 -2.42262e-04
2012.710000 -2.53740e-04
2013.200000 -2.50909e-04
2013.680000 -2.41517e-04
2014.160000 -2.65277e-04
2014.640000 -2.83079e-04
2015.130000 -2.60239e-04
2015.610000 -2.35491e-04
2016.090000 -2.51407e-04
2016.570000 -2.55760e-04
2017.050000 -2.40108e-04
2017.540000 -2.23390e-04
2018.020000 -2.25068e-04
2018.500000 -2.30574e-04
2018.980000 -2.49835e-04
2019.470000 -2.63480e-04
2019.950000 -2.53076e-04
2020.430000 -2.22637e-04
2020.910000 -2.14939e-04
2021.390000 -2.58812e-04
2021.880000 -2.63479e-04
2022.360000 -2.64464e-04
2022.840000 -2.78470e-04
2023.320000 -2.71032e-04
2023.810000 -2.63881e-04
2024.290000 -2.56883e-04
2024.770000 -2.54571e-04
2025.250000 -2.38437e-04
2025.730000 -2.18266e-04
2026.220000 -2.33275e-04
2026.700000 -2.54214e-04
2027.180000 -2.72614e-04
2027.660000 -2.71045e-04
2028.150000 -2.52395e-04
2028.630000 -2.59301e-04
2029.110000 -2.69742e-04
2029.590000 -2.71123e-04
2030.070000 -2.76183e-04
2030.560000 -2.61153e-04
2031.040000 -2.71213e-04
2031.520000 -2.89043e-04
2032.000000 -2.91729e-04
2032.480000 -2.92665e-04
2032.970000 -2.81176e-04
2033.450000 -2.88322e-04
2033.930000 -2.77403e-04
2034.410000 -2.73592e-04
2034.900000 -2.89695e-04
2035.380000 -2.91411e-04
2035.860000 -2.91336e-04
2036.340000 -2.77185e-04
2036.820000 -2.69651e-04
2037.310000 -2.71631e-04
2037.790000 -2.43015e-04
2038.270000 -1.89505e-04
2038.750000 -1.66540e-04
2039.240000 -1.34169e-04
2039.720000 -6.66995e-05
2040.200000 -2.62582e-05
2040.680000 5.57117e-06
2041.160000 4.34136e-05
2041.650000 9.04333e-05
2042.130000 1.05199e-04
2042.610000 8.89506e-05
2043.090000 6.63246e-05
2043.580000 3.15728e-05
2044.060000 2.66787e-05
2044.540000 -1.37254e-05
2045.020000 -6.18026e-05
2045.500000 -6.56629e-05
2045.990000 -8.60253e-05
2046.470000 -1.25783e-04
2046.950000 -1.45455e-04
2047.430000 -1.52240e-04
2047.920000 -1.75649e-04
2048.400000 -2.02601e-04
2048.880000 -2.22776e-04
2049.360000 -2.31253e-04
2049.840000 -2.41716e-04
2050.330000 -2.51574e-04
2050.810000 -2.68024e-04
2051.290000 -2.88420e-04
2051.770000 -2.99212e-04
2052.260000 -3.17098e-04
2052.740000 -3.53025e-04
2053.220000 -3.40193e-04
2053.700000 -3.27921e-04
2054.180000 -3.58823e-04
2054.670000 -3.58696e-04
2055.150000 -3.39282e-04
2055.630000 -3.17418e-04
2056.110000 -3.19271e-04
2056.600000 -3.26773e-04
2057.080000 -3.15898e-04
2057.560000 -3.12461e-04
2058.040000 -3.30213e-04
2058.520000 -3.35613e-04
2059.010000 -3.32739e-04
2059.490000 -3.37685e-04
2059.970000 -3.34668e-04
2060.450000 -3.35105e-04
2060.940000 -3.37381e-04
2061.420000 -3.49552e-04
2061.900000 -3.72336e-04
2062.380000 -3.58801e-04
2062.860000 -3.26826e-04
2063.350000 -3.49237e-04
2063.830000 -3.64453e-04
2064.310000 -3.39338e-04
2064.790000 -3.38952e-04
2065.270000 -3.16603e-04
2065.760000 -3.27470e-04
2066.240000 -3.11911e-04
2066.720000 -3.17720e-04
2067.200000 -4.00261e-04
2067.690000 -3.81379e-04
2068.170000 -3.68355e-04
2068.650000 -3.50295e-04
2069.130000 -3.31413e-04
2069.610000 -3.41027e-04
2070.100000 -3.56713e-04
2070.580000 -3.69043e-04
2071.060000 -3.70334e-04
2071.540000 -3.73522e-04
2072.030000 -3.64729e-04
2072.510000 -3.83315e-04
2072.990000 -3.83015e-04
2073.470000 -3.75647e-04
2073.950000 -3.67264e-04
2074.440000 -3.50684e-04
2074.920000 -3.62446e-04
2075.400000 -3.66520e-04
2075.880000 -3.64497e-04
2076.370000 -3.78807e-04
2076.850000 -3.76660e-04
2077.330000 -3.76767e-04
2077.810000 -4.05975e-04
2078.290000 -4.22435e-04
2078.780000 -4.12554e-04
2079.260000 -3.89813e-04
2079.740000 -3.67641e-04
2080.220000 -3.66312e-04
2080.710000 -3.72077e-04
2081.190000 -3.87063e-04
2081.670000 -3.88283e-04
2082.150000 -3.88342e-04
2082.630000 -3.96489e-04
2083.120000 -4.08466e-04
2083.600000 -3.97910e-04
2084.080000 -3.84811e-04
2084.560000 -3.89959e-04
2085.050000 -3.80496e-04
2085.530000 -3.87855e-04
2086.010000 -3.66326e-04
2086.490000 -3.44024e-04
2086.970000 -3.79225e-04
2087.460000 -4.33589e-04
2087.940000 -4.15116e-04
2088.420000 -3.92559e-04
2088.900000 -3.97719e-04
2089.390000 -3.94587e-04
2089.870000 -4.33322e-04
2090.350000 -4.21539e-04
2090.830000 -4.12181e-04
2091.310000 -4.15075e-04
2091.800000 -4.10130e-04
2092.280000 -4.30367e-04
2092.760000 -4.13103e-04
2093.240000 -4.36135e-04
2093.720000 -4.48631e-04
2094.210000 -4.07091e-04
2094.690000 -3.96535e-04
2095.170000 -3.90677e-04
2095.650000 -4.07449e-04
2096.140000 -4.31280e-04
2096.620000 -4.33516e-04
2097.100000 -4.38923e-04
2097.580000 -4.32121e-04
2098.060000 -4.33286e-04
2098.550000 -4.31650e-04
2099.030000 -4.23003e-04
2099.510000 -4.32159e-04
2099.990000 -4.59679e-04
2100.480000 -4.74818e-04
2100.960000 -4.63099e-04
2101.440000 -4.67136e-04
2101.920000 -4.63466e-04
2102.400000 -4.41771e-04
2102.890000 -4.35908e-04
2103.370000 -4.34427e-04
2103.850000 -4.53444e-04
2104.330000 -4.77767e-04
2104.820000 -4.76586e-04
2105.300000 -4.60228e-04
2105.780000 -4.55321e-04
2106.260000 -4.59320e-04
2106.740000 -4.75661e-04
2107.230000 -4.55491e-04
2107.710000 -4.27259e-04
2108.190000 -4.38988e-04
2108.670000 -4.45383e-04
2109.160000 -4.66730e-04
2109.640000 -4.65645e-04
2110.120000 -4.67261e-04
2110.600000 -4.79254e-04
2111.080000 -4.82703e-04
2111.570000 -4.63342e-04
2112.050000 -4.49212e-04
2112.530000 -4.75990e-04
2113.010000 -4.90286e-04
2113.500000 -4.96268e-04
2113.980000 -4.87912e-04
2114.460000 -4.67712e-04
2114.940000 -4.60807e-04
2115.420000 -4.57024e-04
2115.910000 -4.42846e-04
2116.390000 -4.62186e-04
2116.870000 -4.77860e-04
2117.350000 -4.72618e-04
2117.830000 -4.59696e-04
2118.320000 -4.67870e-04
2118.800000 -4.85045e-04
2119.280000 -4.57831e-04
2119.760000 -4.35018e-04
2120.250000 -4.57667e-04
2120.730000 -4.64016e-04
2121.210000 -4.82746e-04
2121.690000 -5.02385e-04
2122.170000 -5.11473e-04
2122.660000 -5.31332e-04
2123.140000 -4.95034e-04
2123.620000 -4.92619e-04
2124.100000 -4.90728e-04
2124.590000 -4.88231e-04
2125.070000 -4.94814e-04
2125.550000 -4.88412e-04
2126.030000 -4.98474e-04
2126.510000 -5.00725e-04
2127.000000 -5.25791e-04
2127.480000 -5.03194e-04
2127.960000 -4.72132e-04
2128.440000 -5.00093e-04
2128.930000 -5.12569e-04
2129.410000 -5.08601e-04
2129.890000 -5.24128e-04
2130.370000 -5.27174e-04
2130.850000 -5.24899e-04
2131.340000 -5.22754e-04
2131.820000 -4.96769e-04
2132.300000 -5.10014e-04
2132.780000 -5.25825e-04
2133.270000 -5.13413e-04
2133.750000 -5.16289e-04
2134.230000 -5.20871e-04
2134.710000 -5.07921e-04
2135.190000 -4.97091e-04
2135.680000 -4.96611e-04
2136.160000 -5.16722e-04
2136.640000 -5.50861e-04
2137.120000 -5.61862e-04
2137.610000 -5.47262e-04
2138.090000 -5.53736e-04
2138.570000 -5.58367e-04
2139.050000 -5.50613e-04
2139.530000 -5.32479e-04
2140.020000 -5.24563e-04
2140.500000 -5.47389e-04
2140.980000 -5.53417e-04
2141.460000 -5.46187e-04
2141.950000 -5.41784e-04
2142.430000 -5.41408e-04
2142.910000 -5.94086e-04
2143.390000 -5.88942e-04
2143.870000 -5.38589e-04
2144.360000 -5.62306e-04
2144.840000 -5.73582e-04
2145.320000 -5.77741e-04
2145.800000 -5.97674e-04
2146.280000 -5.87531e-04
2146.770000 -5.73095e-04
2147.250000 -5.52346e-04
2147.730000 -5.50984e-04
2148.210000 -5.60841e-04
2148.700000 -5.53010e-04
2149.180000 -5.68632e-04
2149.660000 -5.68907e-04
2150.140000 -5.66448e-04
2150.620000 -5.70863e-04
2151.110000 -5.59154e-04
2151.590000 -5.67327e-04
2152.070000 -5.92836e-04
2152.550000 -6.04227e-04
2153.040000 -5.82783e-04
2153.520000 -5.80899e-04
2154.000000 -6.22360e-04
2154.480000 -5.99093e-04
2154.960000 -5.64400e-04
2155.450000 -5.86150e-04
2155.930000 -5.90502e-04
2156.410000 -6.14866e-04
2156.890000 -6.29991e-04
2157.380000 -6.04857e-04
2157.860000 -5.88296e-04
2158.340000 -5.65003e-04
2158.820000 -5.75400e-04
2159.300000 -5.93658e-04
2159.790000 -6.15942e-04
2160.270000 -6.37215e-04
2160.750000 -6.00483e-04
2161.230000 -5.74335e-04
2161.720000 -5.52479e-04
2162.200000 -5.36023e-04
2162.680000 -5.99882e-04
2163.160000 -6.49072e-04
2163.640000 -6.47006e-04
2164.130000 -6.33349e-04
2164.610000 -6.34882e-04
2165.090000 -6.28030e-04
2165.570000 -5.81088e-04
2166.060000 -5.93171e-04
2166.540000 -6.13882e-04
2167.020000 -6.18695e-04
2167.500000 -6.18209e-04
2167.980000 -6.05654e-04
2168.470000 -6.27672e-04
2168.950000 -6.29035e-04
2169.430000 -5.99104e-04
2169.910000 -6.07605e-04
2170.400000 -6.18043e-04
2170.880000 -6.27447e-04
2171.360000 -6.41825e-04
2171.840000 -6.66946e-04
2172.320000 -6.51015e-04
2172.810000 -5.92474e-04
2173.290000 -6.08973e-04
2173.770000 -6.33959e-04
2174.250000 -6.63016e-04
2174.730000 -6.66201e-04
2175.220000 -6.37684e-04
2175.700000 -6.70532e-04
2176.180000 -6.64012e-04
2176.660000 -6.49882e-04
2177.150000 -6.93345e-04
2177.630000 -6.99035e-04
2178.110000 -7.02141e-04
2178.590000 -6.90515e-04
2179.070000 -6.81469e-04
2179.560000 -6.59457e-04
2180.040000 -6.25554e-04
2180.520000 -6.50801e-04
2181.000000 -6.78562e-04
2181.490000 -7.06325e-04
2181.970000 -6.99840e-04
2182.450000 -6.73621e-04
2182.930000 -6.88434e-04
2183.410000 -6.76080e-04
2183.900000 -6.93822e-04
2184.380000 -7.16497e-04
2184.860000 -6.84480e-04
2185.340000 -6.71675e-04
2185.830000 -6.74416e-04
2186.310000 -6.56785e-04
2186.790000 -6.38715e-04
2187.270000 -6.51360e-04
2187.750000 -6.64351e-04
2188.240000 -6.59480e-04
2188.720000 -6.74470e-04
2189.200000 -6.91887e-04
2189.680000 -6.86405e-04
2190.170000 -6.70788e-04
2190.650000 -6.75552e-04
2191.130000 -6.80662e-04
2191.610000 -6.72608e-04
2192.090000 -6.84405e-04
2192.580000 -6.94204e-04
2193.060000 -6.73849e-04
2193.540000 -6.50717e-04
2194.020000 -6.76946e-04
2194.510000 -6.78123e-04
2194.990000 -6.77861e-04
2195.470000 -6.76516e-04
2195.950000 -6.68169e-04
2196.430000 -6.82663e-04
2196.920000 -6.96107e-04
2197.400000 -7.23508e-04
2197.880000 -7.22555e-04
2198.360000 -7.02095e-04
2198.840000 -6.87795e-04
2199.330000 -7.06700e-04
2199.810000 -7.15125e-04
2200.290000 -6.98892e-04
2200.770000 -6.91050e-04
2201.260000 -6.97665e-04
2201.740000 -6.96055e-04
2202.220000 -6.97569e-04
2202.700000 -7.19912e-04
2203.180000 -7.01685e-04
2203.670000 -7.10952e-04
2204.150000 -7.33272e-04
2204.630000 -7.03620e-04
2205.110000 -6.85124e-04
2205.600000 -7.04373e-04
2206.080000 -6.98443e-04
2206.560000 -6.90716e-04
2207.040000 -6.94674e-04
2207.520000 -6.98290e-04
2208.010000 -7.14079e-04
2208.490000 -7.09178e-04
2208.970000 -7.00535e-04
2209.450000 -7.04091e-04
2209.940000 -7.13805e-04
2210.420000 -6.91087e-04
2210.900000 -6.79424e-04
2211.380000 -7.13512e-04
2211.860000 -7.19200e-04
2212.350000 -7.12283e-04
2212.830000 -7.30993e-04
2213.310000 -7.50340e-04
2213.790000 -7.42495e-04
2214.280000 -7.38486e-04
2214.760000 -7.38011e-04
2215.240000 -7.16817e-04
2215.720000 -7.07512e-04
2216.200000 -7.08573e-04
2216.690000 -7.11373e-04
2217.170000 -6.90403e-04
2217.650000 -6.99947e-04
2218.130000 -7.23273e-04
2218.620000 -7.09079e-04
2219.100000 -7.07038e-04
2219.580000 -7.22270e-04
2220.060000 -6.92626e-04
2220.540000 -6.45934e-04
2221.030000 -6.50969e-04
2221.510000 -6.57385e-04
2221.990000 -6.74000e-04
2222.470000 -6.76684e-04
2222.960000 -6.57421e-04
2223.440000 -6.75426e-04
2223.920000 -6.92033e-04
2224.400000 -6.60021e-04
2224.880000 -6.55282e-04
2225.370000 -6.76900e-04
2225.850000 -6.62095e-04
2226.330000 -6.49326e-04
2226.810000 -6.66872e-04
2227.290000 -7.02492e-04
2227.780000 -7.01735e-04
2228.260000 -6.87636e-04
2228.740000 -6.96548e-04
2229.220000 -7.02429e-04
2229.710000 -6.75637e-04
2230.190000 -6.57393e-04
2230.670000 -6.63891e-04
2231.150000 -6.65284e-04
2231.630000 -6.62928e-04
2232.120000 -6.58874e-04
2232.600000 -6.47504e-04
2233.080000 -6.50280e-04
2233.560000 -6.47862e-04
2234.050000 -6.19110e-04
2234.530000 -6.11503e-04
2235.010000 -6.23611e-04
2235.490000 -6.26841e-04
2235.970000 -6.11681e-04
2236.460000 -6.07712e-04
2236.940000 -6.08344e-04
2237.420000 -6.23568e-04
2237.900000 -6.29949e-04
2238.390000 -6.07711e-04
2238.870000 -5.93184e-04
2239.350000 -6.05825e-04
2239.830000 -6.23782e-04
2240.310000 -6.27317e-04
2240.800000 -6.02553e-04
2241.280000 -5.75064e-04
2241.760000 -5.65899e-04
2242.240000 -5.62275e-04
2242.730000 -5.58116e-04
2243.210000 -5.42253e-04
2243.690000 -5.31863e-04
2244.170000 -5.54347e-04
2244.650000 -5.52592e-04
2245.140000 -5.26770e-04
2245.620000 -5.07391e-04
2246.100000 -4.82162e-04
2246.580000 -4.68682e-04
2247.070000 -4.81713e-04
2247.550000 -4.86242e-04
2248.030000 -4.51612e-04
2248.510000 -4.38213e-04
2248.990000 -4.51364e-04
2249.480000 -4.60786e-04
2249.960000 -4.19463e-04
2250.440000 -3.93754e-04
2250.920000 -4.09992e-04
2251.410000 -4.16874e-04
2251.890000 -4.10337e-04
2252.370000 -3.95226e-04
2252.850000 -3.60469e-04
2253.330000 -3.38914e-04
2253.820000 -3.48729e-04
2254.300000 -3.59077e-04
2254.780000 -3.44938e-04
2255.260000 -3.21444e-04
2255.740000 -3.21181e-04
2256.230000 -3.14216e-04
2256.710000 -2.93076e-04
2257.190000 -2.66043e-04
2257.670000 -2.57509e-04
2258.160000 -2.52713e-04
2258.640000 -2.60505e-04
2259.120000 -2.49092e-04
2259.600000 -2.08401e-04
2260.080000 -1.94710e-04
2260.570000 -1.87696e-04
2261.050000 -1.54766e-04
2261.530000 -1.31080e-04
2262.010000 -1.27191e-04
2262.500000 -9.58666e-05
2262.980000 -8.15126e-05
2263.460000 -6.01811e-05
2263.940000 3.79607e-06
2264.420000 3.69484e-05
2264.910000 7.59587e-05
2265.390000 2.12635e-04
2265.870000 3.99061e-04
2266.350000 4.12256e-04
2266.840000 2.89432e-04
2267.320000 2.28824e-04
2267.800000 2.01283e-04
2268.280000 1.98388e-04
2268.760000 1.98708e-04
2269.250000 2.04121e-04
2269.730000 2.36146e-04
2270.210000 2.88473e-04
2270.690000 3.25281e-04
2271.180000 3.52241e-04
2271.660000 4.10602e-04
2272.140000 5.01291e-04
2272.620000 6.11531e-04
2273.100000 7.39668e-04
2273.590000 9.25829e-04
2274.070000 1.09727e-03
2274.550000 1.24415e-03
2275.030000 1.43557e-03
2275.520000 1.70526e-03
2276.000000 2.05826e-03
2276.480000 2.46591e-03
2276.960000 2.96822e-03
2277.440000 3.59118e-03
2277.930000 4.33818e-03
2278.410000 5.23521e-03
2278.890000 6.36611e-03
2279.370000 7.91571e-03
2279.860000 1.01417e-02
2280.340000 1.35257e-02
2280.820000 1.77677e-02
2281.300000 2.37055e-02
2281.780000 3.47666e-02
2282.270000 5.15609e-02
2282.750000 6.95699e-02
2283.230000 7.39041e-02
2283.710000 5.85088e-02
2284.190000 3.86169e-02
2284.680000 2.41740e-02
2285.160000 1.66655e-02
2285.640000 1.33865e-02
2286.120000 9.93980e-03
2286.610000 6.42911e-03
2287.090000 4.15984e-03
2287.570000 2.83937e-03
2288.050000 2.05132e-03
2288.530000 1.61712e-03
2289.020000 1.41847e-03
2289.500000 1.31864e-03
2289.980000 1.29497e-03
2290.460000 1.30670e-03
2290.950000 1.34866e-03
2291.430000 1.41627e-03
2291.910000 1.50252e-03
2292.390000 1.61331e-03
2292.870000 1.70912e-03
2293.360000 1.80355e-03
2293.840000 1.91193e-03
2294.320000 2.00911e-03
2294.800000 2.11716e-03
2295.290000 2.23873e-03
2295.770000 2.37325e-03
2296.250000 2.48522e-03
2296.730000 2.60021e-03
2297.210000 2.72056e-03
2297.700000 2.84309e-03
2298.180000 3.01271e-03
2298.660000 3.16678e-03
2299.140000 3.29337e-03
2299.630000 3.44246e-03
2300.110000 3.58453e-03
2300.590000 3.74419e-03
2301.070000 3.93200e-03
2301.550000 4.09696e-03
2302.040000 4.25792e-03
2302.520000 4.43703e-03
2303.000000 4.63585e-03
2303.480000 4.85421e-03
2303.970000 5.06601e-03
2304.450000 5.26419e-03
2304.930000 5.51830e-03
2305.410000 5.76118e-03
2305.890000 5.98510e-03
2306.380000 6.23813e-03
2306.860000 6.49188e-03
2307.340000 6.75062e-03
2307.820000 7.03071e-03
2308.310000 7.33028e-03
2308.790000 7.62515e-03
2309.270000 7.94444e-03
2309.750000 8.26575e-03
2310.230000 8.59896e-03
2310.720000 8.95238e-03
2311.200000 9.29534e-03
2311.680000 9.68916e-03
2312.160000 1.01399e-02
2312.650000 1.05865e-02
2313.130000 1.10141e-02
2313.610000 1.14656e-02
2314.090000 1.19561e-02
2314.570000 1.24337e-02
2315.060000 1.29607e-02
2315.540000 1.35244e-02
2316.020000 1.41191e-02
2316.500000 1.47984e-02
2316.980000 1.54601e-02
2317.470000 1.61746e-02
2317.950000 1.69788e-02
2318.430000 1.78094e-02
2318.910000 1.86968e-02
2319.400000 1.96459e-02
2319.880000 2.07074e-02
2320.360000 2.18748e-02
2320.840000 2.30968e-02
2321.320000 2.44292e-02
2321.810000 2.59486e-02
2322.290000 2.76196e-02
2322.770000 2.94673e-02
2323.250000 3.16493e-02
2323.740000 3.42173e-02
2324.220000 3.72948e-02
2324.700000 4.10123e-02
2325.180000 4.54524e-02
2325.660000 5.06583e-02
2326.150000 5.67927e-02
2326.630000 6.47746e-02
2327.110000 7.40434e-02
2327.590000 8.08863e-02
2328.080000 8.48134e-02
2328.560000 8.88944e-02
2329.040000 9.41472e-02
2329.520000 1.00149e-01
2330.000000 1.06683e-01
2330.490000 1.13773e-01
2330.970000 1.21528e-01
2331.450000 1.30037e-01
2331.930000 1.39350e-01
2332.420000 1.49699e-01
2332.900000 1.61113e-01
2333.380000 1.73556e-01
2333.860000 1.87236e-01
2334.340000 2.02391e-01
2334.830000 2.19114e-01
2335.310000 2.37558e-01
2335.790000 2.57898e-01
2336.270000 2.80499e-01
2336.760000 3.05661e-01
2337.240000 3.33560e-01
2337.720000 3.64692e-01
2338.200000 3.99695e-01
2338.680000 4.38869e-01
2339.170000 4.82797e-01
2339.650000 5.32400e-01
2340.130000 5.88076e-01
2340.610000 6.49614e-01
2341.090000 7.16740e-01
2341.580000 7.87894e-01
2342.060000 8.59750e-01
2342.540000 9.28884e-01
2343.020000 9.91437e-01
2343.510000 1.04341e+00
2343.990000 1.08156e+00
2344.470000 1.10279e+00
2344.950000 1.10623e+00
2345.430000 1.09311e+00
2345.920000 1.06668e+00
2346.400000 1.03136e+00
2346.880000 9.90923e-01
2347.360000 9.48414e-01
2347.850000 9.06204e-01
2348.330000 8.64976e-01
2348.810000 8.24949e-01
2349.290000 7.86523e-01
2349.770000 7.50038e-01
2350.260000 7.15613e-01
2350.740000 6.83123e-01
2351.220000 6.52509e-01
2351.700000 6.23756e-01
2352.190000 5.96706e-01
2352.670000 5.71452e-01
2353.150000 5.47666e-01
2353.630000 5.25217e-01
2354.110000 5.04258e-01
2354.600000 4.84601e-01
2355.080000 4.66118e-01
2355.560000 4.48770e-01
2356.040000 4.32276e-01
2356.530000 4.16585e-01
2357.010000 4.01815e-01
2357.490000 3.87663e-01
2357.970000 3.74173e-01
2358.450000 3.61459e-01
2358.940000 3.49276e-01
2359.420000 3.37656e-01
2359.900000 3.26666e-01
2360.380000 3.16093e-01
2360.870000 3.06004e-01
2361.350000 2.96400e-01
2361.830000 2.87079e-01
2362.310000 2.78169e-01
2362.790000 2.69576e-01
2363.280000 2.61269e-01
2363.760000 2.53380e-01
2364.240000 2.45718e-01
2364.720000 2.38272e-01
2365.210000 2.31088e-01
2365.690000 2.24016e-01
2366.170000 2.17121e-01
2366.650000 2.10312e-01
2367.130000 2.03544e-01
2367.620000 1.96909e-01
2368.100000 1.90263e-01
2368.580000 1.83719e-01
2369.060000 1.77299e-01
2369.540000 1.70939e-01
2370.030000 1.64795e-01
2370.510000 1.58807e-01
2370.990000 1.53009e-01
2371.470000 1.47415e-01
2371.960000 1.42065e-01
2372.440000 1.37054e-01
2372.920000 1.32295e-01
2373.400000 1.27797e-01
2373.880000 1.23589e-01
2374.370000 1.19683e-01
2374.850000 1.15981e-01
2375.330000 1.12486e-01
2375.810000 1.09225e-01
2376.300000 1.06157e-01
2376.780000 1.03271e-01
2377.260000 1.00480e-01
2377.740000 9.77435e-02
2378.220000 9.49263e-02
2378.710000 9.17500e-02
2379.190000 8.79162e-02
2379.670000 8.33404e-02
2380.150000 7.81047e-02
2380.640000 7.24815e-02
2381.120000 6.67914e-02
2381.600000 6.11754e-02
2382.080000 5.56881e-02
2382.560000 5.04117e-02
2383.050000 4.56414e-02
2383.530000 4.18135e-02
2384.010000 3.90599e-02
2384.490000 3.70978e-02
2384.980000 3.55781e-02
2385.460000 3.43144e-02
2385.940000 3.32386e-02
2386.420000 3.22545e-02
2386.900000 3.13736e-02
2387.390000 3.05747e-02
2387.870000 2.98076e-02
2388.350000 2.91182e-02
2388.830000 2.84926e-02
2389.320000 2.78941e-02
2389.800000 2.72984e-02
2390.280000 2.67439e-02
2390.760000 2.62216e-02
2391.240000 2.57328e-02
2391.730000 2.52549e-02
2392.210000 2.47776e-02
2392.690000 2.43330e-02
2393.170000 2.38836e-02
2393.660000 2.34792e-02
2394.140000 2.30935e-02
2394.620000 2.26951e-02
2395.100000 2.23156e-02
2395.580000 2.19585e-02
2396.070000 2.16148e-02
2396.550000 2.13030e-02
2397.030000 2.09997e-02
2397.510000 2.07054e-02
2397.990000 2.04419e-02
2398.480000 2.01470e-02
2398.960000 1.98530e-02
2399.440000 1.95897e-02
2399.920000 1.93327e-02
2400.410000 1.90722e-02
2400.890000 1.88151e-02
2401.370000 1.85847e-02
2401.850000 1.83808e-02
2402.330000 1.81399e-02
2402.820000 1.79111e-02
2403.300000 1.77073e-02
2403.780000 1.74947e-02
2404.260000 1.73047e-02
2404.750000 1.71012e-02
2405.230000 1.68781e-02
2405.710000 1.66779e-02
2406.190000 1.65144e-02
2406.670000 1.63281e-02
2407.160000 1.61503e-02
2407.640000 1.59800e-02
2408.120000 1.57832e-02
2408.600000 1.56014e-02
2409.090000 1.54090e-02
2409.570000 1.52473e-02
2410.050000 1.50917e-02
2410.530000 1.49274e-02
2411.010000 1.47577e-02
2411.500000 1.45957e-02
2411.980000 1.44487e-02
2412.460000 1.42807e-02
2412.940000 1.41039e-02
2413.430000 1.39444e-02
2413.910000 1.37978e-02
2414.390000 1.36406e-02
2414.870000 1.34940e-02
2415.350000 1.33262e-02
2415.840000 1.31866e-02
2416.320000 1.30613e-02
2416.800000 1.29330e-02
2417.280000 1.28230e-02
2417.770000 1.26978e-02
2418.250000 1.25615e-02
2418.730000 1.24542e-02
2419.210000 1.23512e-02
2419.690000 1.22168e-02
2420.180000 1.21203e-02
2420.660000 1.20249e-02
2421.140000 1.19229e-02
2421.620000 1.18364e-02
2422.100000 1.17608e-02
2422.590000 1.16749e-02
2423.070000 1.15894e-02
2423.550000 1.15141e-02
2424.030000 1.14542e-02
2424.520000 1.13987e-02
2425.000000 1.13078e-02
2425.480000 1.12598e-02
2425.960000 1.12164e-02
2426.440000 1.11103e-02
2426.930000 1.10108e-02
2427.410000 1.09543e-02
2427.890000 1.08866e-02
2428.370000 1.08074e-02
2428.860000 1.07509e-02
2429.340000 1.06733e-02
2429.820000 1.05939e-02
2430.300000 1.05307e-02
2430.780000 1.04554e-02
2431.270000 1.03975e-02
2431.750000 1.03339e-02
2432.230000 1.02656e-02
2432.710000 1.02146e-02
2433.200000 1.01613e-02
2433.680000 1.00989e-02
2434.160000 1.00284e-02
2434.640000 9.98626e-03
2435.120000 9.95052e-03
2435.610000 9.88991e-03
2436.090000 9.84213e-03
2436.570000 9.79293e-03
2437.050000 9.73738e-03
2437.540000 9.66846e-03
2438.020000 9.60539e-03
2438.500000 9.57891e-03
2438.980000 9.54757e-03
2439.460000 9.51292e-03
2439.950000 9.46230e-03
2440.430000 9.43073e-03
2440.910000 9.40134e-03
2441.390000 9.35310e-03
2441.880000 9.33799e-03
2442.360000 9.32107e-03
2442.840000 9.29290e-03
2443.320000 9.28240e-03
2443.800000 9.27921e-03
2444.290000 9.28434e-03
2444.770000 9.30123e-03
2445.250000 9.29451e-03
2445.730000 9.28988e-03
2446.220000 9.28973e-03
2446.700000 9.28335e-03
2447.180000 9.28486e-03
2447.660000 9.29410e-03
2448.140000 9.32159e-03
2448.630000 9.35782e-03
2449.110000 9.35773e-03
2449.590000 9.33314e-03
2450.070000 9.30509e-03
2450.550000 9.27264e-03
2451.040000 9.26083e-03
2451.520000 9.26860e-03
2452.000000 9.28289e-03
2452.480000 9.27629e-03
2452.970000 9.27223e-03
2453.450000 9.28225e-03
2453.930000 9.29143e-03
2454.410000 9.28327e-03
2454.890000 9.28107e-03
2455.380000 9.30726e-03
2455.860000 9.30673e-03
2456.340000 9.31469e-03
2456.820000 9.32348e-03
2457.310000 9.32235e-03
2457.790000 9.32378e-03
2458.270000 9.32863e-03
2458.750000 9.34346e-03
2459.230000 9.32625e-03
2459.720000 9.27581e-03
2460.200000 9.22751e-03
2460.680000 9.19349e-03
2461.160000 9.15723e-03
2461.650000 9.09156e-03
2462.130000 9.02322e-03
2462.610000 8.96088e-03
2463.090000 8.89322e-03
2463.570000 8.81704e-03
2464.060000 8.71574e-03
2464.540000 8.64181e-03
2465.020000 8.59033e-03
2465.500000 8.51761e-03
2465.990000 8.40783e-03
2466.470000 8.31792e-03
2466.950000 8.23331e-03
2467.430000 8.15928e-03
2467.910000 8.06887e-03
2468.400000 7.97329e-03
2468.880000 7.92200e-03
2469.360000 7.84544e-03
2469.840000 7.74458e-03
2470.330000 7.66686e-03
2470.810000 7.57763e-03
2471.290000 7.47176e-03
2471.770000 7.39666e-03
2472.250000 7.32999e-03
2472.740000 7.25909e-03
2473.220000 7.17426e-03
2473.700000 7.07689e-03
2474.180000 6.98933e-03
2474.670000 6.90695e-03
2475.150000 6.81328e-03
2475.630000 6.73680e-03
2476.110000 6.66828e-03
2476.590000 6.56547e-03
2477.080000 6.47818e-03
2477.560000 6.38762e-03
2478.040000 6.27535e-03
2478.520000 6.20246e-03
2479.000000 6.12603e-03
2479.490000 6.05145e-03
2479.970000 5.98244e-03
2480.450000 5.90955e-03
2480.930000 5.84583e-03
2481.420000 5.77752e-03
2481.900000 5.72517e-03
2482.380000 5.67794e-03
2482.860000 5.62382e-03
2483.340000 5.57242e-03
2483.830000 5.51458e-03
2484.310000 5.46252e-03
2484.790000 5.41027e-03
2485.270000 5.37345e-03
2485.760000 5.35716e-03
2486.240000 5.32530e-03
2486.720000 5.28843e-03
2487.200000 5.23686e-03
2487.680000 5.17777e-03
2488.170000 5.14994e-03
2488.650000 5.11464e-03
2489.130000 5.09839e-03
2489.610000 5.09455e-03
2490.100000 5.03704e-03
2490.580000 4.98643e-03
2491.060000 4.98596e-03
2491.540000 4.95707e-03
2492.020000 4.89781e-03
2492.510000 4.87977e-03
2492.990000 4.86336e-03
2493.470000 4.82528e-03
2493.950000 4.80788e-03
2494.440000 4.79048e-03
2494.920000 4.75472e-03
2495.400000 4.71509e-03
2495.880000 4.67787e-03
2496.360000 4.65477e-03
2496.850000 4.63251e-03
2497.330000 4.61596e-03
2497.810000 4.62697e-03
2498.290000 4.62156e-03
2498.780000 4.58707e-03
2499.260000 4.56849e-03
2499.740000 4.54614e-03
2500.220000 4.51686e-03
2500.700000 4.48657e-03
2501.190000 4.46116e-03
2501.670000 4.43251e-03
2502.150000 4.40818e-03
2502.630000 4.39695e-03
2503.110000 4.37264e-03
2503.600000 4.34507e-03
2504.080000 4.35426e-03
2504.560000 4.34336e-03
2505.040000 4.31083e-03
2505.530000 4.30705e-03
2506.010000 4.27844e-03
2506.490000 4.22517e-03
2506.970000 4.22045e-03
2507.450000 4.22261e-03
2507.940000 4.19415e-03
2508.420000 4.17453e-03
2508.900000 4.16112e-03
2509.380000 4.13057e-03
2509.870000 4.10000e-03
2510.350000 4.09248e-03
2510.830000 4.08999e-03
2511.310000 4.07509e-03
2511.790000 4.05243e-03
2512.280000 4.03715e-03
2512.760000 4.00778e-03
2513.240000 3.98031e-03
2513.720000 3.97046e-03
2514.210000 3.95767e-03
2514.690000 3.93545e-03
2515.170000 3.90961e-03
2515.650000 3.88123e-03
2516.130000 3.86925e-03
2516.620000 3.88439e-03
2517.100000 3.86555e-03
2517.580000 3.82228e-03
2518.060000 3.82778e-03
2518.550000 3.81290e-03
2519.030000 3.77834e-03
2519.510000 3.78159e-03
2519.990000 3.76583e-03
2520.470000 3.72469e-03
2520.960000 3.72862e-03
2521.440000 3.73235e-03
2521.920000 3.70660e-03
2522.400000 3.70978e-03
2522.890000 3.68831e-03
2523.370000 3.66056e-03
2523.850000 3.66293e-03
2524.330000 3.64580e-03
2524.810000 3.63178e-03
2525.300000 3.63142e-03
2525.780000 3.59316e-03
2526.260000 3.58763e-03
2526.740000 3.60408e-03
2527.230000 3.57878e-03
2527.710000 3.57072e-03
2528.190000 3.57136e-03
2528.670000 3.54527e-03
2529.150000 3.52306e-03
2529.640000 3.50584e-03
2530.120000 3.47761e-03
2530.600000 3.48121e-03
2531.080000 3.49011e-03
2531.560000 3.49155e-03
2532.050000 3.49536e-03
2532.530000 3.48252e-03
2533.010000 3.47467e-03
2533.490000 3.46541e-03
2533.980000 3.43570e-03
2534.460000 3.42369e-03
2534.940000 3.40128e-03
2535.420000 3.37843e-03
2535.900000 3.39758e-03
2536.390000 3.38229e-03
2536.870000 3.34641e-03
2537.350000 3.33431e-03
2537.830000 3.33788e-03
2538.320000 3.33420e-03
2538.800000 3.30598e-03
2539.280000 3.30094e-03
2539.760000 3.30414e-03
2540.240000 3.27896e-03
2540.730000 3.27285e-03
2541.210000 3.28221e-03
2541.690000 3.29164e-03
2542.170000 3.27555e-03
2542.660000 3.25203e-03
2543.140000 3.25057e-03
2543.620000 3.23332e-03
2544.100000 3.21091e-03
2544.580000 3.21264e-03
2545.070000 3.22728e-03
2545.550000 3.20932e-03
2546.030000 3.18986e-03
2546.510000 3.18542e-03
2547.000000 3.18511e-03
2547.480000 3.16270e-03
2547.960000 3.14501e-03
2548.440000 3.16079e-03
2548.920000 3.16121e-03
2549.410000 3.14370e-03
2549.890000 3.13042e-03
2550.370000 3.12730e-03
2550.850000 3.11905e-03
2551.340000 3.09936e-03
2551.820000 3.08007e-03
2552.300000 3.06673e-03
2552.780000 3.04014e-03
2553.260000 3.05824e-03
2553.750000 3.09661e-03
2554.230000 3.06359e-03
2554.710000 3.02930e-03
2555.190000 3.02710e-03
2555.680000 3.03798e-03
2556.160000 3.03466e-03
2556.640000 3.03212e-03
2557.120000 3.04070e-03
2557.600000 3.02193e-03
2558.090000 3.01468e-03
2558.570000 3.00107e-03
2559.050000 2.99135e-03
2559.530000 2.97906e-03
2560.010000 2.97430e-03
2560.500000 2.96739e-03
2560.980000 2.89645e-03
2561.460000 2.88594e-03
2561.940000 2.93945e-03
2562.430000 2.94276e-03
2562.910000 2.89567e-03
2563.390000 2.88444e-03
2563.870000 2.90181e-03
2564.350000 2.89152e-03
2564.840000 2.88894e-03
2565.320000 2.89279e-03
2565.800000 2.90053e-03
2566.280000 2.92230e-03
2566.770000 2.89927e-03
2567.250000 2.87126e-03
2567.730000 2.87799e-03
2568.210000 2.85104e-03
2568.690000 2.86072e-03
2569.180000 2.88454e-03
2569.660000 2.86944e-03
2570.140000 2.87028e-03
2570.620000 2.85504e-03
2571.110000 2.82213e-03
2571.590000 2.81101e-03
2572.070000 2.79570e-03
2572.550000 2.78566e-03
2573.030000 2.78864e-03
2573.520000 2.79633e-03
2574.000000 2.81110e-03
2574.480000 2.80237e-03
2574.960000 2.75801e-03
2575.450000 2.75028e-03
2575.930000 2.75593e-03
2576.410000 2.73975e-03
2576.890000 2.74789e-03
2577.370000 2.76287e-03
2577.860000 2.74841e-03
2578.340000 2.73560e-03
2578.820000 2.73584e-03
2579.300000 2.73899e-03
2579.790000 2.73691e-03
2580.270000 2.71713e-03
2580.750000 2.69968e-03
2581.230000 2.70000e-03
2581.710000 2.68987e-03
2582.200000 2.67745e-03
2582.680000 2.66869e-03
2583.160000 2.66995e-03
2583.640000 2.67618e-03
2584.120000 2.65704e-03
2584.610000 2.64442e-03
2585.090000 2.63866e-03
2585.570000 2.65406e-03
2586.050000 2.64133e-03
2586.540000 2.62228e-03
2587.020000 2.62663e-03
2587.500000 2.61127e-03
2587.980000 2.60051e-03
2588.460000 2.58909e-03
2588.950000 2.55957e-03
2589.430000 2.57879e-03
2589.910000 2.58139e-03
2590.390000 2.56776e-03
2590.880000 2.58053e-03
2591.360000 2.58480e-03
2591.840000 2.56943e-03
2592.320000 2.55036e-03
2592.800000 2.54778e-03
2593.290000 2.54891e-03
2593.770000 2.56530e-03
2594.250000 2.54410e-03
2594.730000 2.53998e-03
2595.220000 2.54648e-03
2595.700000 2.53411e-03
2596.180000 2.51567e-03
2596.660000 2.50287e-03
2597.140000 2.51307e-03
2597.630000 2.52078e-03
2598.110000 2.51827e-03
2598.590000 2.51163e-03
2599.070000 2.49751e-03
2599.560000 2.47622e-03
2600.040000 2.45873e-03
2600.520000 2.45879e-03
2601.000000 2.46575e-03
2601.480000 2.46752e-03
2601.970000 2.47476e-03
2602.450000 2.47685e-03
2602.930000 2.47521e-03
2603.410000 2.46278e-03
2603.900000 2.43559e-03
2604.380000 2.43283e-03
2604.860000 2.43713e-03
2605.340000 2.42873e-03
2605.820000 2.44410e-03
2606.310000 2.45184e-03
2606.790000 2.44760e-03
2607.270000 2.42576e-03
2607.750000 2.38195e-03
2608.240000 2.37076e-03
2608.720000 2.39769e-03
2609.200000 2.40952e-03
2609.680000 2.40174e-03
2610.160000 2.39636e-03
2610.650000 2.38120e-03
2611.130000 2.37591e-03
2611.610000 2.36739e-03
2612.090000 2.35423e-03
2612.580000 2.35114e-03
2613.060000 2.34948e-03
2613.540000 2.37459e-03
2614.020000 2.36853e-03
2614.500000 2.35818e-03
2614.990000 2.34208e-03
2615.470000 2.32394e-03
2615.950000 2.35739e-03
2616.430000 2.36666e-03
2616.910000 2.34247e-03
2617.400000 2.34776e-03
2617.880000 2.37145e-03
2618.360000 2.36296e-03
2618.840000 2.34378e-03
2619.330000 2.30608e-03
2619.810000 2.28412e-03
2620.290000 2.31505e-03
2620.770000 2.31980e-03
2621.250000 2.30153e-03
2621.740000 2.29700e-03
2622.220000 2.31438e-03
2622.700000 2.29286e-03
2623.180000 2.25949e-03
2623.670000 2.27125e-03
2624.150000 2.27983e-03
2624.630000 2.25565e-03
2625.110000 2.26170e-03
2625.590000 2.27452e-03
2626.080000 2.26342e-03
2626.560000 2.25882e-03
2627.040000 2.26493e-03
2627.520000 2.27117e-03
2628.010000 2.23933e-03
2628.490000 2.24433e-03
2628.970000 2.26541e-03
2629.450000 2.24927e-03
2629.930000 2.23689e-03
2630.420000 2.24651e-03
2630.900000 2.22366e-03
2631.380000 2.18751e-03
2631.860000 2.20593e-03
2632.350000 2.21735e-03
2632.830000 2.18736e-03
2633.310000 2.16584e-03
2633.790000 2.17747e-03
2634.270000 2.19728e-03
2634.760000 2.20100e-03
2635.240000 2.20330e-03
2635.720000 2.17866e-03
2636.200000 2.18808e-03
2636.690000 2.20325e-03
2637.170000 2.18632e-03
2637.650000 2.18522e-03
2638.130000 2.16413e-03
2638.610000 2.13741e-03
2639.100000 2.12848e-03
2639.580000 2.16016e-03
2640.060000 2.16231e-03
2640.540000 2.14162e-03
2641.030000 2.14506e-03
2641.510000 2.13547e-03
2641.990000 2.14150e-03
2642.470000 2.14729e-03
2642.950000 2.15597e-03
2643.440000 2.14493e-03
2643.920000 2.13549e-03
2644.400000 2.14703e-03
2644.880000 2.14688e-03
2645.360000 2.14045e-03
2645.850000 2.12828e-03
2646.330000 2.12024e-03
2646.810000 2.10625e-03
2647.290000 2.07992e-03
2647.780000 2.07892e-03
2648.260000 2.06479e-03
2648.740000 2.06783e-03
2649.220000 2.12406e-03
2649.700000 2.12959e-03
2650.190000 2.10642e-03
2650.670000 2.09487e-03
2651.150000 2.08895e-03
2651.630000 2.06394e-03
2652.120000 2.04172e-03
2652.600000 2.05462e-03
2653.080000 2.06013e-03
2653.560000 2.05633e-03
2654.040000 2.07457e-03
2654.530000 2.09700e-03
2655.010000 2.09075e-03
2655.490000 2.08380e-03
2655.970000 2.10083e-03
2656.460000 2.09848e-03
2656.940000 2.07037e-03
2657.420000 2.04512e-03
2657.900000 2.02908e-03
2658.380000 2.03913e-03
2658.870000 2.06240e-03
2659.350000 2.05620e-03
2659.830000 2.05136e-03
2660.310000 2.05381e-03
2660.800000 1.99763e-03
2661.280000 1.96717e-03
2661.760000 1.98686e-03
2662.240000 1.99798e-03
2662.720000 2.01395e-03
2663.210000 2.02286e-03
2663.690000 2.04873e-03
2664.170000 2.04317e-03
2664.650000 2.02347e-03
2665.140000 2.03617e-03
2665.620000 2.04921e-03
2666.100000 2.05004e-03
2666.580000 2.06502e-03
2667.060000 2.03433e-03
2667.550000 2.00238e-03
2668.030000 1.99070e-03
2668.510000 1.96665e-03
2668.990000 1.97342e-03
2669.480000 1.96338e-03
2669.960000 1.96899e-03
2670.440000 1.97445e-03
2670.920000 1.96629e-03
2671.400000 1.94456e-03
2671.890000 1.92998e-03
2672.370000 1.96346e-03
2672.850000 1.97059e-03
2673.330000 1.96642e-03
2673.810000 1.97660e-03
2674.300000 1.94718e-03
2674.780000 1.93241e-03
2675.260000 1.93974e-03
2675.740000 1.93464e-03
2676.230000 1.92770e-03
2676.710000 1.92682e-03
2677.190000 1.91910e-03
2677.670000 1.88515e-03
2678.150000 1.89107e-03
2678.640000 1.92439e-03
2679.120000 1.91797e-03
2679.600000 1.90852e-03
2680.080000 1.91193e-03
2680.570000 1.92636e-03
2681.050000 1.93435e-03
2681.530000 1.90433e-03
2682.010000 1.90066e-03
2682.490000 1.90039e-03
2682.980000 1.89310e-03
2683.460000 1.90543e-03
2683.940000 1.90193e-03
2684.420000 1.90343e-03
2684.910000 1.90769e-03
2685.390000 1.90859e-03
2685.870000 1.90005e-03
2686.350000 1.89606e-03
2686.830000 1.89079e-03
2687.320000 1.91316e-03
2687.800000 1.92595e-03
2688.280000 1.87941e-03
2688.760000 1.84170e-03
2689.250000 1.84531e-03
2689.730000 1.87289e-03
2690.210000 1.87499e-03
2690.690000 1.86549e-03
2691.170000 1.87318e-03
2691.660000 1.86725e-03
2692.140000 1.85068e-03
2692.620000 1.85976e-03
2693.100000 1.87198e-03
2693.590000 1.85385e-03
2694.070000 1.85513e-03
2694.550000 1.88385e-03
2695.030000 1.88091e-03
2695.510000 1.86023e-03
2696.000000 1.83777e-03
2696.480000 1.83106e-03
2696.960000 1.82970e-03
2697.440000 1.84860e-03
2697.930000 1.85847e-03
2698.410000 1.81749e-03
2698.890000 1.78897e-03
2699.370000 1.79885e-03
2699.850000 1.82411e-03
2700.340000 1.84284e-03
2700.820000 1.84630e-03
2701.300000 1.82462e-03
2701.780000 1.81414e-03
2702.260000 1.80266e-03
2702.750000 1.78857e-03
2703.230000 1.82065e-03
2703.710000 1.84592e-03
2704.190000 1.82459e-03
2704.680000 1.79706e-03
2705.160000 1.78688e-03
2705.640000 1.78013e-03
2706.120000 1.78001e-03
2706.600000 1.76883e-03
2707.090000 1.79438e-03
2707.570000 1.81059e-03
2708.050000 1.78909e-03
2708.530000 1.80135e-03
2709.020000 1.82383e-03
2709.500000 1.78494e-03
2709.980000 1.75391e-03
2710.460000 1.79224e-03
2710.940000 1.76406e-03
2711.430000 1.74499e-03
2711.910000 1.79941e-03
2712.390000 1.80917e-03
2712.870000 1.73509e-03
2713.360000 1.74202e-03
2713.840000 1.73246e-03
2714.320000 1.67511e-03
2714.800000 1.74966e-03
2715.280000 1.77740e-03
2715.770000 1.68534e-03
2716.250000 1.64526e-03
2716.730000 1.71970e-03
2717.210000 1.77425e-03
2717.700000 1.73886e-03
2718.180000 1.74374e-03
2718.660000 1.73988e-03
2719.140000 1.68700e-03
2719.620000 1.75634e-03
2720.110000 1.96976e-03
2720.590000 2.19208e-03
2721.070000 2.00299e-03
2721.550000 1.57292e-03
2722.040000 1.48108e-03
2722.520000 1.61286e-03
2723.000000 1.84790e-03
2723.480000 1.89469e-03
2723.960000 1.79666e-03
2724.450000 1.73000e-03
2724.930000 1.69186e-03
2725.410000 1.75931e-03
2725.890000 1.74250e-03
2726.380000 1.67049e-03
2726.860000 1.68135e-03
2727.340000 1.72284e-03
2727.820000 1.74183e-03
2728.300000 1.74510e-03
2728.790000 1.68988e-03
2729.270000 1.66775e-03
2729.750000 1.74164e-03
2730.230000 1.79172e-03
2730.710000 1.75975e-03
2731.200000 1.70418e-03
2731.680000 1.72396e-03
2732.160000 1.75607e-03
2732.640000 1.73648e-03
2733.130000 1.74820e-03
2733.610000 1.76229e-03
2734.090000 1.72575e-03
2734.570000 1.69466e-03
2735.050000 1.68385e-03
2735.540000 1.69586e-03
2736.020000 1.72491e-03
2736.500000 1.68873e-03
2736.980000 1.65882e-03
2737.470000 1.66862e-03
2737.950000 1.67333e-03
2738.430000 1.68988e-03
2738.910000 1.71942e-03
2739.390000 1.70303e-03
2739.880000 1.65114e-03
2740.360000 1.63066e-03
2740.840000 1.62881e-03
2741.320000 1.64205e-03
2741.810000 1.65477e-03
2742.290000 1.66802e-03
2742.770000 1.64762e-03
2743.250000 1.62511e-03
2743.730000 1.62238e-03
2744.220000 1.60903e-03
2744.700000 1.59914e-03
2745.180000 1.61934e-03
2745.660000 1.63746e-03
2746.150000 1.61589e-03
2746.630000 1.61675e-03
2747.110000 1.63048e-03
2747.590000 1.63403e-03
2748.070000 1.63331e-03
2748.560000 1.63056e-03
2749.040000 1.60304e-03
2749.520000 1.60522e-03
2750.000000 1.66074e-03
2750.490000 1.65870e-03
2750.970000 1.61812e-03
2751.450000 1.62012e-03
2751.930000 1.60392e-03
2752.410000 1.58234e-03
2752.900000 1.59901e-03
2753.380000 1.61483e-03
2753.860000 1.60678e-03
2754.340000 1.59740e-03
2754.820000 1.60297e-03
2755.310000 1.61062e-03
2755.790000 1.59788e-03
2756.270000 1.58746e-03
2756.750000 1.59027e-03
2757.240000 1.59049e-03
2757.720000 1.58741e-03
2758.200000 1.58969e-03
2758.680000 1.61826e-03
2759.160000 1.61053e-03
2759.650000 1.58976e-03
2760.130000 1.58913e-03
2760.610000 1.57532e-03
2761.090000 1.59414e-03
2761.580000 1.60631e-03
2762.060000 1.58696e-03
2762.540000 1.58052e-03
2763.020000 1.57752e-03
2763.500000 1.58415e-03
2763.990000 1.58420e-03
2764.470000 1.58809e-03
2764.950000 1.59104e-03
2765.430000 1.56184e-03
2765.920000 1.56903e-03
2766.400000 1.59437e-03
2766.880000 1.56334e-03
2767.360000 1.53995e-03
2767.840000 1.56702e-03
2768.330000 1.57452e-03
2768.810000 1.56926e-03
2769.290000 1.57098e-03
2769.770000 1.55987e-03
2770.260000 1.55072e-03
2770.740000 1.58956e-03
2771.220000 1.60549e-03
2771.700000 1.57830e-03
2772.180000 1.57304e-03
2772.670000 1.57989e-03
2773.150000 1.58092e-03
2773.630000 1.55614e-03
2774.110000 1.57753e-03
2774.600000 1.60111e-03
2775.080000 1.58753e-03
2775.560000 1.54889e-03
2776.040000 1.53705e-03
2776.520000 1.55688e-03
2777.010000 1.56730e-03
2777.490000 1.59180e-03
2777.970000 1.57110e-03
2778.450000 1.52795e-03
2778.940000 1.52934e-03
2779.420000 1.54070e-03
2779.900000 1.54275e-03
2780.380000 1.52267e-03
2780.860000 1.50567e-03
2781.350000 1.50983e-03
2781.830000 1.52981e-03
2782.310000 1.53364e-03
2782.790000 1.51710e-03
2783.270000 1.53580e-03
2783.760000 1.54176e-03
2784.240000 1.50354e-03
2784.720000 1.50706e-03
2785.200000 1.53660e-03
2785.690000 1.52982e-03
2786.170000 1.52634e-03
2786.650000 1.53181e-03
2787.130000 1.52201e-03
2787.610000 1.49617e-03
2788.100000 1.51962e-03
2788.580000 1.54220e-03
2789.060000 1.51364e-03
2789.540000 1.52028e-03
2790.030000 1.52287e-03
2790.510000 1.48661e-03
2790.990000 1.48784e-03
2791.470000 1.52553e-03
2791.950000 1.52971e-03
2792.440000 1.51773e-03
2792.920000 1.52821e-03
2793.400000 1.52898e-03
2793.880000 1.50117e-03
2794.370000 1.49323e-03
2794.850000 1.49407e-03
2795.330000 1.49633e-03
2795.810000 1.52604e-03
2796.290000 1.52609e-03
2796.780000 1.49800e-03
2797.260000 1.45600e-03
2797.740000 1.48177e-03
2798.220000 1.52374e-03
2798.710000 1.50306e-03
2799.190000 1.46899e-03
2799.670000 1.46944e-03
2800.150000 1.47423e-03
2800.630000 1.47058e-03
2801.120000 1.48850e-03
2801.600000 1.48044e-03
2802.080000 1.46948e-03
2802.560000 1.46993e-03
2803.050000 1.46802e-03
2803.530000 1.47473e-03
2804.010000 1.48359e-03
2804.490000 1.49105e-03
2804.970000 1.48065e-03
2805.460000 1.47930e-03
2805.940000 1.48730e-03
2806.420000 1.48878e-03
2806.900000 1.47481e-03
2807.390000 1.46814e-03
2807.870000 1.48467e-03
2808.350000 1.48683e-03
2808.830000 1.50494e-03
2809.310000 1.49655e-03
2809.800000 1.47134e-03
2810.280000 1.44532e-03
2810.760000 1.43093e-03
2811.240000 1.46222e-03
2811.720000 1.49501e-03
2812.210000 1.48063e-03
2812.690000 1.46184e-03
2813.170000 1.46553e-03
2813.650000 1.44460e-03
2814.140000 1.45627e-03
2814.620000 1.47638e-03
2815.100000 1.46493e-03
2815.580000 1.45676e-03
2816.060000 1.45598e-03
2816.550000 1.46469e-03
2817.030000 1.48597e-03
2817.510000 1.47571e-03
2817.990000 1.44766e-03
2818.480000 1.44310e-03
2818.960000 1.44033e-03
2819.440000 1.44617e-03
2819.920000 1.44570e-03
2820.400000 1.42810e-03
2820.890000 1.42425e-03
2821.370000 1.44144e-03
2821.850000 1.43933e-03
2822.330000 1.43297e-03
2822.820000 1.41650e-03
2823.300000 1.42107e-03
2823.780000 1.43169e-03
2824.260000 1.42842e-03
2824.740000 1.43958e-03
2825.230000 1.42666e-03
2825.710000 1.41730e-03
2826.190000 1.42686e-03
2826.670000 1.41313e-03
2827.160000 1.40925e-03
2827.640000 1.43826e-03
2828.120000 1.41935e-03
2828.600000 1.39634e-03
2829.080000 1.42656e-03
2829.570000 1.43384e-03
2830.050000 1.40335e-03
2830.530000 1.39083e-03
2831.010000 1.39656e-03
2831.500000 1.41305e-03
2831.980000 1.41373e-03
2832.460000 1.41178e-03
2832.940000 1.43452e-03
2833.420000 1.44633e-03
2833.910000 1.41270e-03
2834.390000 1.38084e-03
2834.870000 1.36976e-03
2835.350000 1.37820e-03
2835.830000 1.39096e-03
2836.320000 1.38463e-03
2836.800000 1.39406e-03
2837.280000 1.39787e-03
2837.760000 1.39561e-03
2838.250000 1.37556e-03
2838.730000 1.38928e-03
2839.210000 1.38929e-03
2839.690000 1.34436e-03
2840.170000 1.36225e-03
2840.660000 1.40029e-03
2841.140000 1.39076e-03
2841.620000 1.38248e-03
2842.100000 1.39224e-03
2842.590000 1.37802e-03
2843.070000 1.37118e-03
2843.550000 1.38210e-03
2844.030000 1.38015e-03
2844.510000 1.37198e-03
2845.000000 1.39456e-03
2845.480000 1.38877e-03
2845.960000 1.36844e-03
2846.440000 1.38367e-03
2846.930000 1.38688e-03
2847.410000 1.38255e-03
2847.890000 1.39311e-03
2848.370000 1.39145e-03
2848.850000 1.39151e-03
2849.340000 1.39410e-03
2849.820000 1.39323e-03
2850.300000 1.40016e-03
2850.780000 1.37690e-03
2851.270000 1.38015e-03
2851.750000 1.37218e-03
2852.230000 1.33284e-03
2852.710000 1.34566e-03
2853.190000 1.39408e-03
2853.680000 1.38262e-03
2854.160000 1.37659e-03
2854.640000 1.37740e-03
2855.120000 1.36626e-03
2855.610000 1.38685e-03
2856.090000 1.37352e-03
2856.570000 1.35530e-03
2857.050000 1.35943e-03
2857.530000 1.35584e-03
2858.020000 1.32962e-03
2858.500000 1.31935e-03
2858.980000 1.31209e-03
2859.460000 1.31595e-03
2859.950000 1.35150e-03
2860.430000 1.35188e-03
2860.910000 1.31456e-03
2861.390000 1.29919e-03
2861.870000 1.29095e-03
2862.360000 1.29927e-03
2862.840000 1.31591e-03
2863.320000 1.30135e-03
2863.800000 1.30844e-03
2864.280000 1.32215e-03
2864.770000 1.29531e-03
2865.250000 1.26801e-03
2865.730000 1.28940e-03
2866.210000 1.30642e-03
2866.700000 1.28836e-03
2867.180000 1.29242e-03
2867.660000 1.30046e-03
2868.140000 1.32051e-03
2868.620000 1.35521e-03
2869.110000 1.36472e-03
2869.590000 1.33671e-03
2870.070000 1.32087e-03
2870.550000 1.32527e-03
2871.040000 1.31516e-03
2871.520000 1.29582e-03
2872.000000 1.29709e-03
2872.480000 1.30591e-03
2872.960000 1.29347e-03
2873.450000 1.28634e-03
2873.930000 1.27379e-03
2874.410000 1.28586e-03
2874.890000 1.29955e-03
2875.380000 1.30688e-03
2875.860000 1.33990e-03
2876.340000 1.33824e-03
2876.820000 1.32607e-03
2877.300000 1.28711e-03
2877.790000 1.23185e-03
2878.270000 1.23451e-03
2878.750000 1.25153e-03
2879.230000 1.26946e-03
2879.720000 1.26107e-03
2880.200000 1.23338e-03
2880.680000 1.24800e-03
2881.160000 1.25212e-03
2881.640000 1.25382e-03
2882.130000 1.26872e-03
2882.610000 1.30112e-03
2883.090000 1.31339e-03
2883.570000 1.28390e-03
2884.060000 1.27926e-03
2884.540000 1.27856e-03
2885.020000 1.27606e-03
2885.500000 1.29175e-03
2885.980000 1.29784e-03
2886.470000 1.30111e-03
2886.950000 1.28803e-03
2887.430000 1.25407e-03
2887.910000 1.27163e-03
2888.400000 1.28597e-03
2888.880000 1.25569e-03
2889.360000 1.23131e-03
2889.840000 1.20784e-03
2890.320000 1.20864e-03
2890.810000 1.22177e-03
2891.290000 1.21847e-03
2891.770000 1.23559e-03
2892.250000 1.25680e-03
2892.730000 1.25497e-03
2893.220000 1.24416e-03
2893.700000 1.24336e-03
2894.180000 1.25771e-03
2894.660000 1.28715e-03
2895.150000 1.27578e-03
2895.630000 1.25515e-03
2896.110000 1.25071e-03
2896.590000 1.25003e-03
2897.070000 1.23405e-03
2897.560000 1.22966e-03
2898.040000 1.27245e-03
2898.520000 1.28446e-03
2899.000000 1.28163e-03
2899.490000 1.27119e-03
2899.970000 1.24969e-03
2900.450000 1.25223e-03
2900.930000 1.25378e-03
2901.410000 1.25982e-03
2901.900000 1.26633e-03
2902.380000 1.24306e-03
2902.860000 1.23030e-03
2903.340000 1.24270e-03
2903.830000 1.26279e-03
2904.310000 1.24591e-03
2904.790000 1.22060e-03
2905.270000 1.24305e-03
2905.750000 1.23730e-03
2906.240000 1.22080e-03
2906.720000 1.21681e-03
2907.200000 1.21522e-03
2907.680000 1.22079e-03
2908.170000 1.20642e-03
2908.650000 1.21408e-03
2909.130000 1.21497e-03
2909.610000 1.21418e-03
2910.090000 1.20772e-03
2910.580000 1.19415e-03
2911.060000 1.20595e-03
2911.540000 1.22915e-03
2912.020000 1.26251e-03
2912.510000 1.24383e-03
2912.990000 1.23948e-03
2913.470000 1.24770e-03
2913.950000 1.22292e-03
2914.430000 1.17742e-03
2914.920000 1.19236e-03
2915.400000 1.25392e-03
2915.880000 1.22258e-03
2916.360000 1.20044e-03
2916.840000 1.24720e-03
2917.330000 1.28587e-03
2917.810000 1.26471e-03
2918.290000 1.21636e-03
2918.770000 1.21077e-03
2919.260000 1.22283e-03
2919.740000 1.25228e-03
2920.220000 1.27156e-03
2920.700000 1.25998e-03
2921.180000 1.23014e-03
2921.670000 1.23258e-03
2922.150000 1.25706e-03
2922.630000 1.24078e-03
2923.110000 1.25864e-03
2923.600000 1.25839e-03
2924.080000 1.25086e-03
2924.560000 1.25151e-03
2925.040000 1.22910e-03
2925.520000 1.21297e-03
2926.010000 1.21148e-03
2926.490000 1.23095e-03
2926.970000 1.24911e-03
2927.450000 1.22597e-03
2927.940000 1.21530e-03
2928.420000 1.23030e-03
2928.900000 1.21633e-03
2929.380000 1.20019e-03
2929.860000 1.20078e-03
2930.350000 1.19222e-03
2930.830000 1.16592e-03
2931.310000 1.16740e-03
2931.790000 1.16107e-03
2932.280000 1.16440e-03
2932.760000 1.17221e-03
2933.240000 1.17430e-03
2933.720000 1.18519e-03
2934.200000 1.16390e-03
2934.690000 1.15403e-03
2935.170000 1.18117e-03
2935.650000 1.20805e-03
2936.130000 1.21159e-03
2936.620000 1.20079e-03
2937.100000 1.17058e-03
2937.580000 1.11303e-03
2938.060000 1.10012e-03
2938.540000 1.12404e-03
2939.030000 1.10881e-03
2939.510000 1.10082e-03
2939.990000 1.12491e-03
2940.470000 1.11140e-03
2940.960000 1.11382e-03
2941.440000 1.13438e-03
2941.920000 1.12959e-03
2942.400000 1.13007e-03
2942.880000 1.14577e-03
2943.370000 1.16561e-03
2943.850000 1.15776e-03
2944.330000 1.14138e-03
2944.810000 1.12674e-03
2945.300000 1.14370e-03
2945.780000 1.15715e-03
2946.260000 1.13937e-03
2946.740000 1.14905e-03
2947.220000 1.17564e-03
2947.710000 1.14120e-03
2948.190000 1.10340e-03
2948.670000 1.12997e-03
2949.150000 1.16350e-03
2949.630000 1.15887e-03
2950.120000 1.16286e-03
2950.600000 1.17741e-03
2951.080000 1.15871e-03
2951.560000 1.15495e-03
2952.050000 1.18278e-03
2952.530000 1.17332e-03
2953.010000 1.14960e-03
2953.490000 1.16774e-03
2953.970000 1.17529e-03
2954.460000 1.17526e-03
2954.940000 1.21487e-03
2955.420000 1.21504e-03
2955.900000 1.17747e-03
2956.390000 1.16322e-03
2956.870000 1.17828e-03
2957.350000 1.20465e-03
2957.830000 1.19303e-03
2958.310000 1.18769e-03
2958.800000 1.19356e-03
2959.280000 1.18185e-03
2959.760000 1.16234e-03
2960.240000 1.17234e-03
2960.730000 1.16091e-03
2961.210000 1.12622e-03
2961.690000 1.14707e-03
2962.170000 1.18289e-03
2962.650000 1.17272e-03
2963.140000 1.13254e-03
2963.620000 1.14694e-03
2964.100000 1.18170e-03
2964.580000 1.14092e-03
2965.070000 1.13402e-03
2965.550000 1.14254e-03
2966.030000 1.11956e-03
2966.510000 1.13222e-03
2966.990000 1.11889e-03
2967.480000 1.10687e-03
2967.960000 1.11008e-03
2968.440000 1.11311e-03
2968.920000 1.11209e-03
2969.410000 1.10897e-03
2969.890000 1.09462e-03
2970.370000 1.07437e-03
2970.850000 1.09121e-03
2971.330000 1.12163e-03
2971.820000 1.13616e-03
2972.300000 1.11855e-03
2972.780000 1.10896e-03
2973.260000 1.08938e-03
2973.750000 1.07523e-03
2974.230000 1.09150e-03
2974.710000 1.10415e-03
2975.190000 1.11281e-03
2975.670000 1.10622e-03
2976.160000 1.10100e-03
2976.640000 1.10630e-03
2977.120000 1.10293e-03
2977.600000 1.10830e-03
2978.080000 1.11334e-03
2978.570000 1.09288e-03
2979.050000 1.06464e-03
2979.530000 1.04602e-03
2980.010000 1.07504e-03
2980.500000 1.09907e-03
2980.980000 1.09639e-03
2981.460000 1.12053e-03
2981.940000 1.13954e-03
2982.420000 1.14253e-03
2982.910000 1.10790e-03
2983.390000 1.08779e-03
2983.870000 1.11104e-03
2984.350000 1.11951e-03
2984.840000 1.11027e-03
2985.320000 1.11423e-03
2985.800000 1.12027e-03
2986.280000 1.13338e-03
2986.760000 1.14846e-03
2987.250000 1.13820e-03
2987.730000 1.11452e-03
2988.210000 1.10350e-03
2988.690000 1.12725e-03
2989.180000 1.13739e-03
2989.660000 1.12848e-03
2990.140000 1.12062e-03
2990.620000 1.12606e-03
2991.100000 1.12392e-03
2991.590000 1.13356e-03
2992.070000 1.16054e-03
2992.550000 1.15243e-03
2993.030000 1.13839e-03
2993.520000 1.14062e-03
2994.000000 1.13292e-03
2994.480000 1.12945e-03
2994.960000 1.15365e-03
2995.440000 1.15406e-03
2995.930000 1.12336e-03
2996.410000 1.13788e-03
2996.890000 1.14206e-03
2997.370000 1.12740e-03
2997.860000 1.13521e-03
2998.340000 1.13523e-03
2998.820000 1.13188e-03
2999.300000 1.11844e-03
2999.780000 1.11845e-03
3000.270000 1.15626e-03
3000.750000 1.17152e-03
3001.230000 1.14258e-03
3001.710000 1.14611e-03
3002.200000 1.18189e-03
3002.680000 1.18925e-03
3003.160000 1.16414e-03
3003.640000 1.15901e-03
3004.120000 1.15548e-03
3004.610000 1.15342e-03
3005.090000 1.14156e-03
3005.570000 1.14022e-03
3006.050000 1.16283e-03
3006.530000 1.15419e-03
3007.020000 1.15133e-03
3007.500000 1.16317e-03
3007.980000 1.14528e-03
3008.460000 1.12434e-03
3008.950000 1.13739e-03
3009.430000 1.14154e-03
3009.910000 1.13200e-03
3010.390000 1.11337e-03
3010.870000 1.10836e-03
3011.360000 1.14803e-03
3011.840000 1.17319e-03
3012.320000 1.16914e-03
3012.800000 1.14954e-03
3013.290000 1.14757e-03
3013.770000 1.15684e-03
3014.250000 1.13666e-03
3014.730000 1.13777e-03
3015.210000 1.14920e-03
3015.700000 1.14749e-03
3016.180000 1.15443e-03
3016.660000 1.14924e-03
3017.140000 1.13743e-03
3017.630000 1.10196e-03
3018.110000 1.09380e-03
3018.590000 1.13285e-03
3019.070000 1.14121e-03
3019.550000 1.11521e-03
3020.040000 1.11954e-03
3020.520000 1.16405e-03
3021.000000 1.16672e-03
3021.480000 1.14055e-03
3021.970000 1.13543e-03
3022.450000 1.14310e-03
3022.930000 1.15331e-03
3023.410000 1.16730e-03
3023.890000 1.17845e-03
3024.380000 1.15442e-03
3024.860000 1.11830e-03
3025.340000 1.12840e-03
3025.820000 1.13380e-03
3026.310000 1.14402e-03
3026.790000 1.13739e-03
3027.270000 1.12903e-03
3027.750000 1.13829e-03
3028.230000 1.13056e-03
3028.720000 1.12913e-03
3029.200000 1.13062e-03
3029.680000 1.13629e-03
3030.160000 1.14193e-03
3030.650000 1.15738e-03
3031.130000 1.17289e-03
3031.610000 1.16041e-03
3032.090000 1.14660e-03
3032.570000 1.17889e-03
3033.060000 1.16776e-03
3033.540000 1.15344e-03
3034.020000 1.16387e-03
3034.500000 1.15111e-03
3034.980000 1.14979e-03
3035.470000 1.14563e-03
3035.950000 1.16050e-03
3036.430000 1.18211e-03
3036.910000 1.16736e-03
3037.400000 1.12281e-03
3037.880000 1.08975e-03
3038.360000 1.10224e-03
3038.840000 1.13155e-03
3039.320000 1.14091e-03
3039.810000 1.13320e-03
3040.290000 1.14979e-03
3040.770000 1.15800e-03
3041.250000 1.15022e-03
3041.740000 1.16358e-03
3042.220000 1.17511e-03
3042.700000 1.18030e-03
3043.180000 1.16424e-03
3043.660000 1.14036e-03
3044.150000 1.15402e-03
3044.630000 1.16873e-03
3045.110000 1.17352e-03
3045.590000 1.17401e-03
3046.080000 1.16040e-03
3046.560000 1.17700e-03
3047.040000 1.18987e-03
3047.520000 1.16989e-03
3048.000000 1.15550e-03
3048.490000 1.16278e-03
3048.970000 1.18148e-03
3049.450000 1.18902e-03
3049.930000 1.17495e-03
3050.420000 1.17080e-03
3050.900000 1.16096e-03
3051.380000 1.14370e-03
3051.860000 1.17159e-03
3052.340000 1.19993e-03
3052.830000 1.19208e-03
3053.310000 1.19111e-03
3053.790000 1.18430e-03
3054.270000 1.18094e-03
3054.760000 1.17656e-03
3055.240000 1.14001e-03
3055.720000 1.14620e-03
3056.200000 1.18955e-03
3056.680000 1.17717e-03
3057.170000 1.16733e-03
3057.650000 1.19439e-03
3058.130000 1.18268e-03
3058.610000 1.17706e-03
3059.090000 1.21355e-03
3059.580000 1.20264e-03
3060.060000 1.16118e-03
3060.540000 1.17107e-03
3061.020000 1.19507e-03
3061.510000 1.19066e-03
3061.990000 1.18929e-03
3062.470000 1.21404e-03
3062.950000 1.22057e-03
3063.430000 1.22540e-03
3063.920000 1.23564e-03
3064.400000 1.20538e-03
3064.880000 1.19248e-03
3065.360000 1.19623e-03
3065.850000 1.18135e-03
3066.330000 1.18261e-03
3066.810000 1.18462e-03
3067.290000 1.17673e-03
3067.770000 1.19943e-03
3068.260000 1.22108e-03
3068.740000 1.23027e-03
3069.220000 1.21949e-03
3069.700000 1.21125e-03
3070.190000 1.23867e-03
3070.670000 1.23588e-03
3071.150000 1.20912e-03
3071.630000 1.20177e-03
3072.110000 1.21970e-03
3072.600000 1.22309e-03
3073.080000 1.19774e-03
3073.560000 1.20964e-03
3074.040000 1.21456e-03
3074.530000 1.19797e-03
3075.010000 1.21409e-03
3075.490000 1.23219e-03
3075.970000 1.22306e-03
3076.450000 1.21435e-03
3076.940000 1.21884e-03
3077.420000 1.22291e-03
3077.900000 1.20346e-03
3078.380000 1.20684e-03
3078.870000 1.24347e-03
3079.350000 1.25491e-03
3079.830000 1.24928e-03
3080.310000 1.24761e-03
3080.790000 1.23346e-03
3081.280000 1.21208e-03
3081.760000 1.20231e-03
3082.240000 1.21511e-03
3082.720000 1.22722e-03
3083.210000 1.23253e-03
3083.690000 1.23257e-03
3084.170000 1.24590e-03
3084.650000 1.24849e-03
3085.130000 1.23549e-03
3085.620000 1.26544e-03
3086.100000 1.25584e-03
3086.580000 1.22907e-03
3087.060000 1.23533e-03
3087.540000 1.24115e-03
3088.030000 1.23967e-03
3088.510000 1.24657e-03
3088.990000 1.22939e-03
3089.470000 1.23189e-03
3089.960000 1.26448e-03
3090.440000 1.25417e-03
3090.920000 1.25780e-03
3091.400000 1.27676e-03
3091.880000 1.27729e-03
3092.370000 1.26209e-03
3092.850000 1.27347e-03
3093.330000 1.27735e-03
3093.810000 1.27771e-03
3094.300000 1.28250e-03
3094.780000 1.29214e-03
3095.260000 1.29117e-03
3095.740000 1.25549e-03
3096.220000 1.26189e-03
3096.710000 1.28426e-03
3097.190000 1.31498e-03
3097.670000 1.34153e-03
3098.150000 1.33348e-03
3098.640000 1.31450e-03
3099.120000 1.29594e-03
3099.600000 1.29159e-03
3100.080000 1.32043e-03
3100.560000 1.33855e-03
3101.050000 1.31796e-03
3101.530000 1.32497e-03
3102.010000 1.35260e-03
3102.490000 1.34470e-03
3102.980000 1.33446e-03
3103.460000 1.33173e-03
3103.940000 1.33400e-03
3104.420000 1.32787e-03
3104.900000 1.32387e-03
3105.390000 1.33867e-03
3105.870000 1.34663e-03
3106.350000 1.33314e-03
3106.830000 1.33895e-03
3107.320000 1.35087e-03
3107.800000 1.32447e-03
3108.280000 1.30232e-03
3108.760000 1.29144e-03
3109.240000 1.31008e-03
3109.730000 1.34644e-03
3110.210000 1.34570e-03
3110.690000 1.33789e-03
3111.170000 1.34686e-03
3111.660000 1.32027e-03
3112.140000 1.30565e-03
3112.620000 1.34706e-03
3113.100000 1.35896e-03
3113.580000 1.34001e-03
3114.070000 1.36581e-03
3114.550000 1.41225e-03
3115.030000 1.42250e-03
3115.510000 1.42885e-03
3115.990000 1.42028e-03
3116.480000 1.38388e-03
3116.960000 1.37139e-03
3117.440000 1.39489e-03
3117.920000 1.39196e-03
3118.410000 1.38780e-03
3118.890000 1.39496e-03
3119.370000 1.38974e-03
3119.850000 1.43425e-03
3120.330000 1.44760e-03
3120.820000 1.39682e-03
3121.300000 1.37603e-03
3121.780000 1.38310e-03
3122.260000 1.42361e-03
3122.750000 1.42118e-03
3123.230000 1.40127e-03
3123.710000 1.41774e-03
3124.190000 1.40645e-03
3124.670000 1.40626e-03
3125.160000 1.41224e-03
3125.640000 1.41670e-03
3126.120000 1.40746e-03
3126.600000 1.40325e-03
3127.090000 1.42447e-03
3127.570000 1.42300e-03
3128.050000 1.42906e-03
3128.530000 1.45700e-03
3129.010000 1.44506e-03
3129.500000 1.42591e-03
3129.980000 1.44041e-03
3130.460000 1.46422e-03
3130.940000 1.45408e-03
3131.430000 1.46142e-03
3131.910000 1.47945e-03
3132.390000 1.47642e-03
3132.870000 1.47017e-03
3133.350000 1.46495e-03
3133.840000 1.47105e-03
3134.320000 1.46883e-03
3134.800000 1.48358e-03
3135.280000 1.47517e-03
3135.770000 1.47381e-03
3136.250000 1.47371e-03
3136.730000 1.45778e-03
3137.210000 1.47031e-03
3137.690000 1.46448e-03
3138.180000 1.46605e-03
3138.660000 1.49099e-03
3139.140000 1.50198e-03
3139.620000 1.51335e-03
3140.100000 1.52140e-03
3140.590000 1.49026e-03
3141.070000 1.49585e-03
3141.550000 1.53216e-03
3142.030000 1.52417e-03
3142.520000 1.53675e-03
3143.000000 1.53905e-03
3143.480000 1.50134e-03
3143.960000 1.52363e-03
3144.440000 1.55800e-03
3144.930000 1.54177e-03
3145.410000 1.54210e-03
3145.890000 1.54590e-03
3146.370000 1.54275e-03
3146.860000 1.53559e-03
3147.340000 1.54001e-03
3147.820000 1.54768e-03
3148.300000 1.55642e-03
3148.780000 1.53268e-03
3149.270000 1.51346e-03
3149.750000 1.56913e-03
3150.230000 1.60122e-03
3150.710000 1.59263e-03
3151.200000 1.57445e-03
3151.680000 1.58110e-03
3152.160000 1.58590e-03
3152.640000 1.57146e-03
3153.120000 1.56665e-03
3153.610000 1.58687e-03
3154.090000 1.57820e-03
3154.570000 1.57549e-03
3155.050000 1.58106e-03
3155.540000 1.59966e-03
3156.020000 1.60532e-03
3156.500000 1.59269e-03
3156.980000 1.61339e-03
3157.460000 1.61295e-03
3157.950000 1.60963e-03
3158.430000 1.62798e-03
3158.910000 1.64758e-03
3159.390000 1.64708e-03
3159.880000 1.64605e-03
3160.360000 1.62874e-03
3160.840000 1.62209e-03
3161.320000 1.61538e-03
3161.800000 1.64830e-03
3162.290000 1.68074e-03
3162.770000 1.67334e-03
3163.250000 1.70233e-03
3163.730000 1.69371e-03
3164.220000 1.64383e-03
3164.700000 1.63515e-03
3165.180000 1.65695e-03
3165.660000 1.64761e-03
3166.140000 1.63460e-03
3166.630000 1.66400e-03
3167.110000 1.66519e-03
3167.590000 1.66022e-03
3168.070000 1.67937e-03
3168.550000 1.69267e-03
3169.040000 1.67630e-03
3169.520000 1.63945e-03
3170.000000 1.66404e-03
3170.480000 1.69001e-03
3170.970000 1.68474e-03
3171.450000 1.69414e-03
3171.930000 1.70144e-03
3172.410000 1.70445e-03
3172.890000 1.69508e-03
3173.380000 1.70125e-03
3173.860000 1.71352e-03
3174.340000 1.70212e-03
3174.820000 1.68210e-03
3175.310000 1.67532e-03
3175.790000 1.71139e-03
3176.270000 1.74717e-03
3176.750000 1.75331e-03
3177.230000 1.77591e-03
3177.720000 1.78884e-03
3178.200000 1.75443e-03
3178.680000 1.72512e-03
3179.160000 1.74336e-03
3179.650000 1.74283e-03
3180.130000 1.72919e-03
3180.610000 1.76532e-03
3181.090000 1.78095e-03
3181.570000 1.77440e-03
3182.060000 1.78740e-03
3182.540000 1.79862e-03
3183.020000 1.75363e-03
3183.500000 1.72690e-03
3183.990000 1.74065e-03
3184.470000 1.74583e-03
3184.950000 1.77756e-03
3185.430000 1.78581e-03
3185.910000 1.77973e-03
3186.400000 1.80595e-03
3186.880000 1.83582e-03
3187.360000 1.83624e-03
3187.840000 1.83515e-03
3188.330000 1.81908e-03
3188.810000 1.79967e-03
3189.290000 1.80493e-03
3189.770000 1.81218e-03
3190.250000 1.83307e-03
3190.740000 1.83602e-03
3191.220000 1.83264e-03
3191.700000 1.84428e-03
3192.180000 1.85471e-03
3192.670000 1.85077e-03
3193.150000 1.83464e-03
3193.630000 1.83445e-03
3194.110000 1.83507e-03
3194.590000 1.84432e-03
3195.080000 1.85125e-03
3195.560000 1.86812e-03
3196.040000 1.86158e-03
3196.520000 1.82909e-03
3197.000000 1.82653e-03
3197.490000 1.81141e-03
3197.970000 1.83223e-03
3198.450000 1.86693e-03
3198.930000 1.86743e-03
3199.420000 1.87213e-03
3199.900000 1.87379e-03
3200.380000 1.87707e-03
3200.860000 1.86647e-03
3201.340000 1.87329e-03
3201.830000 1.90865e-03
3202.310000 1.91147e-03
3202.790000 1.88325e-03
3203.270000 1.87956e-03
3203.760000 1.91422e-03
3204.240000 1.92598e-03
3204.720000 1.89655e-03
3205.200000 1.85799e-03
3205.680000 1.84022e-03
3206.170000 1.88222e-03
3206.650000 1.88942e-03
3207.130000 1.86948e-03
3207.610000 1.88049e-03
3208.100000 1.85987e-03
3208.580000 1.87143e-03
3209.060000 1.90213e-03
3209.540000 1.90564e-03
3210.020000 1.90335e-03
3210.510000 1.90199e-03
3210.990000 1.91596e-03
3211.470000 1.92948e-03
3211.950000 1.91729e-03
3212.440000 1.90670e-03
3212.920000 1.92725e-03
3213.400000 1.96060e-03
3213.880000 1.94886e-03
3214.360000 1.93251e-03
3214.850000 1.96198e-03
3215.330000 1.96915e-03
3215.810000 1.96683e-03
3216.290000 1.98019e-03
3216.780000 1.98241e-03
3217.260000 1.97743e-03
3217.740000 1.99042e-03
3218.220000 2.00724e-03
3218.700000 1.97695e-03
3219.190000 1.96358e-03
3219.670000 1.97623e-03
3220.150000 1.95781e-03
3220.630000 1.95371e-03
3221.110000 1.96092e-03
3221.600000 1.98163e-03
3222.080000 2.01758e-03
3222.560000 2.00669e-03
3223.040000 1.96155e-03
3223.530000 1.96332e-03
3224.010000 1.99098e-03
3224.490000 1.99270e-03
3224.970000 2.01452e-03
3225.450000 2.00124e-03
3225.940000 2.00338e-03
3226.420000 2.02295e-03
3226.900000 2.02773e-03
3227.380000 2.05375e-03
3227.870000 2.04560e-03
3228.350000 2.02147e-03
3228.830000 2.02195e-03
3229.310000 2.03968e-03
3229.790000 2.01726e-03
3230.280000 2.00178e-03
3230.760000 2.01368e-03
3231.240000 2.02111e-03
3231.720000 2.01846e-03
3232.210000 2.01753e-03
3232.690000 2.03521e-03
3233.170000 2.02582e-03
3233.650000 2.00526e-03
3234.130000 2.00413e-03
3234.620000 1.98404e-03
3235.100000 2.00919e-03
3235.580000 2.02620e-03
3236.060000 2.02192e-03
3236.550000 2.02716e-03
3237.030000 2.03617e-03
3237.510000 2.04834e-03
3237.990000 2.03028e-03
3238.470000 2.01682e-03
3238.960000 2.03723e-03
3239.440000 2.04977e-03
3239.920000 2.03906e-03
3240.400000 2.03613e-03
3240.890000 2.04001e-03
3241.370000 2.02536e-03
3241.850000 2.01257e-03
3242.330000 2.01884e-03
3242.810000 1.98996e-03
3243.300000 1.99346e-03
3243.780000 2.02622e-03
3244.260000 2.01879e-03
3244.740000 2.01589e-03
3245.230000 2.01427e-03
3245.710000 2.03929e-03
3246.190000 2.06412e-03
3246.670000 2.05049e-03
3247.150000 2.05359e-03
3247.640000 2.03078e-03
3248.120000 2.00405e-03
3248.600000 2.02391e-03
3249.080000 2.04991e-03
3249.560000 2.03095e-03
3250.050000 2.01517e-03
3250.530000 2.02566e-03
3251.010000 2.00200e-03
3251.490000 2.01346e-03
3251.980000 2.02432e-03
3252.460000 1.97912e-03
3252.940000 1.97672e-03
3253.420000 2.01778e-03
3253.900000 2.02850e-03
3254.390000 2.01516e-03
3254.870000 2.04589e-03
3255.350000 2.06971e-03
3255.830000 2.04342e-03
3256.320000 1.99408e-03
3256.800000 1.97390e-03
3257.280000 2.00548e-03
3257.760000 2.00964e-03
3258.240000 1.99595e-03
3258.730000 1.99728e-03
3259.210000 2.00136e-03
3259.690000 1.99996e-03
3260.170000 2.01387e-03
3260.660000 2.01338e-03
3261.140000 1.98816e-03
3261.620000 1.98489e-03
3262.100000 1.99554e-03
3262.580000 2.00801e-03
3263.070000 2.01897e-03
3263.550000 1.99558e-03
3264.030000 1.97784e-03
3264.510000 1.99839e-03
3265.000000 2.02308e-03
3265.480000 2.03358e-03
3265.960000 2.01785e-03
3266.440000 2.02629e-03
3266.920000 2.01035e-03
3267.410000 2.00221e-03
3267.890000 2.00914e-03
3268.370000 2.00026e-03
3268.850000 1.98258e-03
3269.340000 1.97096e-03
3269.820000 2.00436e-03
3270.300000 2.02127e-03
3270.780000 2.00942e-03
3271.260000 2.01469e-03
3271.750000 2.01898e-03
3272.230000 2.00869e-03
3272.710000 2.00299e-03
3273.190000 2.00102e-03
3273.680000 1.97140e-03
3274.160000 1.97534e-03
3274.640000 1.99718e-03
3275.120000 1.99890e-03
3275.600000 2.02451e-03
3276.090000 2.01474e-03
3276.570000 1.97505e-03
3277.050000 1.95349e-03
3277.530000 1.97109e-03
3278.020000 1.95314e-03
3278.500000 1.96454e-03
3278.980000 2.00128e-03
3279.460000 1.98959e-03
3279.940000 1.99962e-03
3280.430000 2.00938e-03
3280.910000 1.99638e-03
3281.390000 1.99189e-03
3281.870000 1.98731e-03
3282.350000 1.97353e-03
3282.840000 1.96926e-03
3283.320000 1.99017e-03
3283.800000 1.98444e-03
3284.280000 1.97838e-03
3284.770000 2.01293e-03
3285.250000 2.03119e-03
3285.730000 2.03943e-03
3286.210000 2.00022e-03
3286.690000 1.99189e-03
3287.180000 2.02514e-03
3287.660000 2.01870e-03
3288.140000 2.01035e-03
3288.620000 2.01203e-03
3289.110000 2.02329e-03
3289.590000 2.04259e-03
3290.070000 2.04978e-03
3290.550000 2.03996e-03
3291.030000 2.02798e-03
3291.520000 2.00611e-03
3292.000000 1.96828e-03
3292.480000 1.98677e-03
3292.960000 2.00947e-03
3293.450000 2.01253e-03
3293.930000 2.03427e-03
3294.410000 2.02138e-03
3294.890000 2.02692e-03
3295.370000 2.02722e-03
3295.860000 2.02656e-03
3296.340000 2.04130e-03
3296.820000 2.05406e-03
3297.300000 2.05104e-03
3297.790000 2.03170e-03
3298.270000 2.02378e-03
3298.750000 2.02318e-03
3299.230000 2.02958e-03
3299.710000 2.02873e-03
3300.200000 2.02958e-03
3300.680000 2.02950e-03
3301.160000 2.05119e-03
3301.640000 2.04667e-03
3302.130000 2.03626e-03
3302.610000 2.03780e-03
3303.090000 2.04668e-03
3303.570000 2.05036e-03
3304.050000 2.02946e-03
3304.540000 2.00436e-03
3305.020000 1.98573e-03
3305.500000 1.99928e-03
3305.980000 2.00903e-03
3306.470000 2.01969e-03
3306.950000 2.02958e-03
3307.430000 2.02904e-03
3307.910000 2.02362e-03
3308.390000 2.03126e-03
3308.880000 2.03512e-03
3309.360000 2.01483e-03
3309.840000 2.00772e-03
3310.320000 2.00620e-03
3310.800000 2.00545e-03
3311.290000 2.02383e-03
3311.770000 2.04836e-03
3312.250000 2.03369e-03
3312.730000 2.02190e-03
3313.220000 2.04159e-03
3313.700000 2.00972e-03
3314.180000 1.99131e-03
3314.660000 2.01189e-03
3315.140000 2.03541e-03
3315.630000 2.04433e-03
3316.110000 2.02090e-03
3316.590000 1.99727e-03
3317.070000 2.00042e-03
3317.560000 2.02398e-03
3318.040000 2.01023e-03
3318.520000 2.02404e-03
3319.000000 2.06781e-03
3319.480000 2.05734e-03
3319.970000 2.06149e-03
3320.450000 2.07993e-03
3320.930000 2.06993e-03
3321.410000 2.06707e-03
3321.900000 2.08301e-03
3322.380000 2.10436e-03
3322.860000 2.12339e-03
3323.340000 2.10035e-03
3323.820000 2.04972e-03
3324.310000 2.04780e-03
3324.790000 2.05020e-03
3325.270000 2.03294e-03
3325.750000 2.06032e-03
3326.240000 2.10364e-03
3326.720000 2.10964e-03
3327.200000 2.05730e-03
3327.680000 2.04664e-03
3328.160000 2.08275e-03
3328.650000 2.09068e-03
3329.130000 2.09064e-03
3329.610000 2.06537e-03
3330.090000 2.06420e-03
3330.580000 2.05901e-03
3331.060000 2.04450e-03
3331.540000 2.07808e-03
3332.020000 2.07536e-03
3332.500000 2.03832e-03
3332.990000 2.02563e-03
3333.470000 2.04197e-03
3333.950000 2.04787e-03
3334.430000 2.05951e-03
3334.920000 2.06728e-03
3335.400000 2.07069e-03
3335.880000 2.07230e-03
3336.360000 2.05054e-03
3336.840000 2.03845e-03
3337.330000 2.02881e-03
3337.810000 2.04129e-03
3338.290000 2.06652e-03
3338.770000 2.05383e-03
3339.250000 2.02328e-03
3339.740000 2.00078e-03
3340.220000 2.00981e-03
3340.700000 2.05724e-03
3341.180000 2.09682e-03
3341.670000 2.11983e-03
3342.150000 2.11154e-03
3342.630000 2.07905e-03
3343.110000 2.05229e-03
3343.590000 2.03564e-03
3344.080000 2.05218e-03
3344.560000 2.02722e-03
3345.040000 2.00289e-03
3345.520000 2.04980e-03
3346.010000 2.06358e-03
3346.490000 2.06154e-03
3346.970000 2.04138e-03
3347.450000 2.01922e-03
3347.930000 2.02573e-03
3348.420000 2.03573e-03
3348.900000 2.03799e-03
3349.380000 2.04526e-03
3349.860000 2.02567e-03
3350.350000 2.00045e-03
3350.830000 1.98932e-03
3351.310000 1.98820e-03
3351.790000 2.02661e-03
3352.270000 2.03749e-03
3352.760000 2.04172e-03
3353.240000 2.07476e-03
3353.720000 2.07784e-03
3354.200000 2.04635e-03
3354.690000 2.03966e-03
3355.170000 2.03949e-03
3355.650000 2.03097e-03
3356.130000 2.05826e-03
3356.610000 2.05678e-03
3357.100000 2.03884e-03
3357.580000 2.05154e-03
3358.060000 2.03225e-03
3358.540000 2.01649e-03
3359.030000 2.05023e-03
3359.510000 2.05319e-03
3359.990000 2.01935e-03
3360.470000 2.01534e-03
3360.950000 2.03306e-03
3361.440000 2.05448e-03
3361.920000 2.07552e-03
3362.400000 2.06441e-03
3362.880000 2.05321e-03
3363.360000 2.04441e-03
3363.850000 2.04963e-03
3364.330000 2.07857e-03
3364.810000 2.06724e-03
3365.290000 2.04528e-03
3365.780000 2.07211e-03
3366.260000 2.07551e-03
3366.740000 2.05553e-03
3367.220000 2.05528e-03
3367.700000 2.05802e-03
3368.190000 2.07453e-03
3368.670000 2.08383e-03
3369.150000 2.05653e-03
3369.630000 2.01255e-03
3370.120000 1.98339e-03
3370.600000 1.96740e-03
3371.080000 2.02805e-03
3371.560000 2.04820e-03
3372.040000 1.99317e-03
3372.530000 1.99079e-03
3373.010000 1.99812e-03
3373.490000 2.01590e-03
3373.970000 2.03360e-03
3374.460000 2.03536e-03
3374.940000 2.04826e-03
3375.420000 2.03579e-03
3375.900000 2.00489e-03
3376.380000 2.02194e-03
3376.870000 2.04360e-03
3377.350000 2.06339e-03
3377.830000 2.07333e-03
3378.310000 2.03021e-03
3378.800000 2.00509e-03
3379.280000 1.99920e-03
3379.760000 2.01075e-03
3380.240000 2.00579e-03
3380.720000 1.97974e-03
3381.210000 1.98505e-03
3381.690000 1.96939e-03
3382.170000 1.97237e-03
3382.650000 2.01307e-03
3383.140000 1.99738e-03
3383.620000 1.96223e-03
3384.100000 1.98996e-03
3384.580000 1.98584e-03
3385.060000 1.97297e-03
3385.550000 2.00702e-03
3386.030000 1.97917e-03
3386.510000 1.95378e-03
3386.990000 1.95651e-03
3387.480000 1.94703e-03
3387.960000 1.98371e-03
3388.440000 2.01107e-03
3388.920000 2.00515e-03
3389.400000 2.00217e-03
3389.890000 1.97692e-03
3390.370000 1.97133e-03
3390.850000 1.95940e-03
3391.330000 1.93951e-03
3391.810000 1.94702e-03
3392.300000 1.95946e-03
3392.780000 1.98351e-03
3393.260000 1.96614e-03
3393.740000 1.94931e-03
3394.230000 1.96409e-03
3394.710000 1.95695e-03
3395.190000 1.96469e-03
3395.670000 1.93032e-03
3396.150000 1.91024e-03
3396.640000 1.95212e-03
3397.120000 1.95509e-03
3397.600000 1.94201e-03
3398.080000 1.91082e-03
3398.570000 1.91705e-03
3399.050000 1.93174e-03
3399.530000 1.90616e-03
3400.010000 1.89296e-03
3400.490000 1.91488e-03
3400.980000 1.93551e-03
3401.460000 1.91105e-03
3401.940000 1.89720e-03
3402.420000 1.91587e-03
3402.910000 1.94751e-03
3403.390000 1.94948e-03
3403.870000 1.93836e-03
3404.350000 1.91971e-03
3404.830000 1.87196e-03
3405.320000 1.87756e-03
3405.800000 1.90336e-03
3406.280000 1.88716e-03
3406.760000 1.85986e-03
3407.250000 1.89679e-03
3407.730000 1.92984e-03
3408.210000 1.90431e-03
3408.690000 1.90296e-03
3409.170000 1.91385e-03
3409.660000 1.87656e-03
3410.140000 1.85385e-03
3410.620000 1.90116e-03
3411.100000 1.92768e-03
3411.590000 1.89755e-03
3412.070000 1.89846e-03
3412.550000 1.90478e-03
3413.030000 1.94764e-03
3413.510000 1.73003e-03
3414.000000 1.17447e-03
3414.480000 1.47607e-03
3414.960000 2.02717e-03
3415.440000 1.97446e-03
3415.930000 1.94091e-03
3416.410000 1.90280e-03
3416.890000 1.86266e-03
3417.370000 1.87208e-03
3417.850000 1.85839e-03
3418.340000 1.84182e-03
3418.820000 1.84182e-03
3419.300000 1.84754e-03
3419.780000 1.86748e-03
3420.260000 1.83949e-03
3420.750000 1.80755e-03
3421.230000 1.82347e-03
3421.710000 1.81270e-03
3422.190000 1.80335e-03
3422.680000 1.81965e-03
3423.160000 1.82527e-03
3423.640000 1.83808e-03
3424.120000 1.82763e-03
3424.600000 1.82587e-03
3425.090000 1.83774e-03
3425.570000 1.81153e-03
3426.050000 1.79519e-03
3426.530000 1.80160e-03
3427.020000 1.80020e-03
3427.500000 1.77487e-03
3427.980000 1.76943e-03
3428.460000 1.77122e-03
3428.940000 1.78869e-03
3429.430000 1.72190e-03
3429.910000 1.68140e-03
3430.390000 1.76514e-03
3430.870000 1.79338e-03
3431.360000 1.78706e-03
3431.840000 1.79094e-03
3432.320000 1.78351e-03
3432.800000 1.73765e-03
3433.280000 1.69958e-03
3433.770000 1.73744e-03
3434.250000 1.74309e-03
3434.730000 1.71310e-03
3435.210000 1.70344e-03
3435.700000 1.67807e-03
3436.180000 1.69655e-03
3436.660000 1.70476e-03
3437.140000 1.69514e-03
3437.620000 1.69873e-03
3438.110000 1.70536e-03
3438.590000 1.69994e-03
3439.070000 1.67655e-03
3439.550000 1.71012e-03
3440.040000 1.71498e-03
3440.520000 1.67559e-03
3441.000000 1.68503e-03
3441.480000 1.68472e-03
3441.960000 1.69778e-03
3442.450000 1.75548e-03
3442.930000 1.73341e-03
3443.410000 1.66290e-03
3443.890000 1.65090e-03
3444.380000 1.65646e-03
3444.860000 1.68454e-03
3445.340000 1.68415e-03
3445.820000 1.64910e-03
3446.300000 1.62145e-03
3446.790000 1.60382e-03
3447.270000 1.59901e-03
3447.750000 1.57821e-03
3448.230000 1.57140e-03
3448.710000 1.58657e-03
3449.200000 1.59065e-03
3449.680000 1.63537e-03
3450.160000 1.65568e-03
3450.640000 1.61649e-03
3451.130000 1.59729e-03
3451.610000 1.61280e-03
3452.090000 1.59039e-03
3452.570000 1.54921e-03
3453.050000 1.57277e-03
3453.540000 1.59200e-03
3454.020000 1.58423e-03
3454.500000 1.54961e-03
3454.980000 1.55491e-03
3455.470000 1.56597e-03
3455.950000 1.53231e-03
3456.430000 1.55753e-03
3456.910000 1.56630e-03
3457.390000 1.53042e-03
3457.880000 1.53955e-03
3458.360000 1.55887e-03
3458.840000 1.54733e-03
3459.320000 1.53830e-03
3459.810000 1.54602e-03
3460.290000 1.52438e-03
3460.770000 1.50500e-03
3461.250000 1.52217e-03
3461.730000 1.51821e-03
3462.220000 1.52559e-03
3462.700000 1.52717e-03
3463.180000 1.52327e-03
3463.660000 1.52384e-03
3464.150000 1.52178e-03
3464.630000 1.52796e-03
3465.110000 1.50200e-03
3465.590000 1.50514e-03
3466.070000 1.54152e-03
3466.560000 1.54153e-03
3467.040000 1.49871e-03
3467.520000 1.46417e-03
3468.000000 1.51134e-03
3468.490000 1.53567e-03
3468.970000 1.47988e-03
3469.450000 1.47640e-03
3469.930000 1.49851e-03
3470.410000 1.47876e-03
3470.900000 1.46614e-03
3471.380000 1.47475e-03
3471.860000 1.48726e-03
3472.340000 1.48217e-03
3472.820000 1.44305e-03
3473.310000 1.40210e-03
3473.790000 1.38618e-03
3474.270000 1.42949e-03
3474.750000 1.44278e-03
3475.240000 1.40124e-03
3475.720000 1.41927e-03
3476.200000 1.42641e-03
3476.680000 1.40568e-03
3477.160000 1.40648e-03
3477.650000 1.40664e-03
3478.130000 1.40221e-03
3478.610000 1.39841e-03
3479.090000 1.42258e-03
3479.580000 1.41650e-03
3480.060000 1.39922e-03
3480.540000 1.41626e-03
3481.020000 1.39542e-03
3481.500000 1.37980e-03
3481.990000 1.37262e-03
3482.470000 1.38728e-03
3482.950000 1.38704e-03
3483.430000 1.38394e-03
3483.920000 1.41179e-03
3484.400000 1.41361e-03
3484.880000 1.40257e-03
3485.360000 1.38980e-03
3485.840000 1.37696e-03
3486.330000 1.37044e-03
3486.810000 1.38646e-03
3487.290000 1.40940e-03
3487.770000 1.39126e-03
3488.260000 1.37394e-03
3488.740000 1.39255e-03
3489.220000 1.36986e-03
3489.700000 1.34059e-03
3490.180000 1.35220e-03
3490.670000 1.36687e-03
3491.150000 1.37894e-03
3491.630000 1.38409e-03
3492.110000 1.33762e-03
3492.600000 1.32252e-03
3493.080000 1.36981e-03
3493.560000 1.40418e-03
3494.040000 1.37046e-03
3494.520000 1.34380e-03
3495.010000 1.31626e-03
3495.490000 1.29609e-03
3495.970000 1.39087e-03
3496.450000 1.40855e-03
3496.940000 1.35271e-03
3497.420000 1.33561e-03
3497.900000 1.31349e-03
3498.380000 1.31364e-03
3498.860000 1.31515e-03
3499.350000 1.33562e-03
3499.830000 1.34584e-03
3500.310000 1.31724e-03
3500.790000 1.30836e-03
3501.270000 1.32130e-03
3501.760000 1.32709e-03
3502.240000 1.30031e-03
3502.720000 1.28252e-03
3503.200000 1.28906e-03
3503.690000 1.28352e-03
3504.170000 1.25219e-03
3504.650000 1.24218e-03
3505.130000 1.26408e-03
3505.610000 1.26250e-03
3506.100000 1.26061e-03
3506.580000 1.25370e-03
3507.060000 1.24117e-03
3507.540000 1.26040e-03
3508.030000 1.27933e-03
3508.510000 1.25555e-03
3508.990000 1.22316e-03
3509.470000 1.21061e-03
3509.950000 1.20889e-03
3510.440000 1.22160e-03
3510.920000 1.21898e-03
3511.400000 1.22183e-03
3511.880000 1.22486e-03
3512.370000 1.21743e-03
3512.850000 1.21754e-03
3513.330000 1.21427e-03
3513.810000 1.24567e-03
3514.290000 1.41943e-03
3514.780000 1.57761e-03
3515.260000 1.49506e-03
3515.740000 1.32546e-03
3516.220000 1.25485e-03
3516.710000 1.23421e-03
3517.190000 1.21921e-03
3517.670000 1.19103e-03
3518.150000 1.12169e-03
3518.630000 1.13449e-03
3519.120000 1.16453e-03
3519.600000 1.18523e-03
3520.080000 1.19697e-03
3520.560000 1.15497e-03
3521.050000 1.13358e-03
3521.530000 1.14343e-03
3522.010000 1.14517e-03
3522.490000 1.13827e-03
3522.970000 1.16964e-03
3523.460000 1.12575e-03
3523.940000 1.07946e-03
3524.420000 1.13119e-03
3524.900000 1.13343e-03
3525.390000 1.13139e-03
3525.870000 1.11552e-03
3526.350000 1.10062e-03
3526.830000 1.10556e-03
3527.310000 1.08935e-03
3527.800000 1.07445e-03
3528.280000 1.09192e-03
3528.760000 1.10431e-03
3529.240000 1.08000e-03
3529.720000 1.06804e-03
3530.210000 1.04484e-03
3530.690000 1.02288e-03
3531.170000 1.01971e-03
3531.650000 1.00971e-03
3532.140000 1.00283e-03
3532.620000 9.88098e-04
3533.100000 9.68919e-04
3533.580000 9.97348e-04
3534.060000 1.02355e-03
3534.550000 1.01546e-03
3535.030000 1.01573e-03
3535.510000 1.00408e-03
3535.990000 9.95413e-04
3536.480000 1.00016e-03
3536.960000 9.77283e-04
3537.440000 9.84400e-04
3537.920000 9.60825e-04
3538.400000 9.41932e-04
3538.890000 9.68455e-04
3539.370000 9.50500e-04
3539.850000 9.35343e-04
3540.330000 9.38903e-04
3540.820000 9.61076e-04
3541.300000 9.32486e-04
3541.780000 9.05585e-04
3542.260000 9.40688e-04
3542.740000 9.25542e-04
3543.230000 8.73646e-04
3543.710000 8.60822e-04
3544.190000 8.78359e-04
3544.670000 8.67985e-04
3545.160000 8.75487e-04
3545.640000 8.69201e-04
3546.120000 8.24952e-04
3546.600000 8.16048e-04
3547.080000 8.49002e-04
3547.570000 8.17925e-04
3548.050000 7.84934e-04
3548.530000 7.72459e-04
3549.010000 7.49566e-04
3549.500000 7.63461e-04
3549.980000 7.85752e-04
3550.460000 7.89030e-04
3550.940000 8.38894e-04
3551.420000 8.54759e-04
3551.910000 7.98909e-04
3552.390000 8.11201e-04
3552.870000 7.85968e-04
3553.350000 7.56985e-04
3553.830000 7.69651e-04
3554.320000 7.84326e-04
3554.800000 8.23336e-04
3555.280000 8.26397e-04
3555.760000 7.91659e-04
3556.250000 7.61425e-04
3556.730000 7.42436e-04
3557.210000 7.26772e-04
3557.690000 7.56528e-04
3558.170000 8.04542e-04
3558.660000 7.88994e-04
3559.140000 7.42154e-04
3559.620000 7.26246e-04
3560.100000 7.55185e-04
3560.590000 7.84378e-04
3561.070000 7.72471e-04
3561.550000 7.27385e-04
3562.030000 7.43234e-04
3562.510000 8.01471e-04
3563.000000 8.74235e-04
3563.480000 1.00848e-03
3563.960000 1.07866e-03
3564.440000 9.78841e-04
3564.930000 8.90919e-04
3565.410000 8.43117e-04
3565.890000 7.92506e-04
3566.370000 7.91445e-04
3566.850000 7.71695e-04
3567.340000 7.58256e-04
3567.820000 7.35646e-04
3568.300000 6.89772e-04
3568.780000 6.56069e-04
3569.270000 6.45085e-04
3569.750000 6.68735e-04
3570.230000 6.99602e-04
3570.710000 6.95325e-04
3571.190000 6.62326e-04
3571.680000 6.52619e-04
3572.160000 6.50113e-04
3572.640000 6.55425e-04
3573.120000 6.60756e-04
3573.610000 6.26835e-04
3574.090000 6.14593e-04
3574.570000 6.42540e-04
3575.050000 6.58029e-04
3575.530000 6.35245e-04
3576.020000 6.16930e-04
3576.500000 6.16368e-04
3576.980000 5.90727e-04
3577.460000 6.02350e-04
3577.950000 6.18734e-04
3578.430000 6.13139e-04
3578.910000 6.27241e-04
3579.390000 6.39181e-04
3579.870000 6.20711e-04
3580.360000 5.75845e-04
3580.840000 5.75839e-04
3581.320000 6.03316e-04
3581.800000 6.26671e-04
3582.280000 6.44018e-04
3582.770000 6.02541e-04
3583.250000 5.58142e-04
3583.730000 5.72881e-04
3584.210000 5.85687e-04
3584.700000 5.58609e-04
3585.180000 5.35388e-04
3585.660000 5.13042e-04
3586.140000 5.25923e-04
3586.620000 5.30234e-04
3587.110000 4.90018e-04
3587.590000 4.73238e-04
3588.070000 4.95625e-04
3588.550000 4.82816e-04
3589.040000 4.75069e-04
3589.520000 4.87325e-04
3590.000000 5.28716e-04
3590.480000 5.96512e-04
3590.960000 6.10048e-04
3591.450000 5.90059e-04
3591.930000 5.93442e-04
3592.410000 6.56452e-04
3592.890000 7.11981e-04
3593.380000 7.45734e-04
3593.860000 8.32961e-04
3594.340000 9.48856e-04
3594.820000 1.10423e-03
3595.300000 1.28214e-03
3595.790000 1.50147e-03
3596.270000 1.76511e-03
3596.750000 2.14832e-03
3597.230000 2.61607e-03
3597.720000 3.27486e-03
3598.200000 4.55896e-03
3598.680000 7.69007e-03
3599.160000 1.66743e-02
3599.640000 3.60176e-02
3600.130000 4.75874e-02
3600.610000 3.75142e-02
3601.090000 2.42695e-02
3601.570000 1.67597e-02
3602.060000 1.28979e-02
3602.540000 1.10479e-02
3603.020000 1.00127e-02
3603.500000 9.35514e-03
3603.980000 8.73184e-03
3604.470000 8.13116e-03
3604.950000 7.46993e-03
3605.430000 6.72686e-03
3605.910000 5.96655e-03
3606.400000 5.33491e-03
3606.880000 4.71881e-03
3607.360000 4.11810e-03
3607.840000 3.62164e-03
3608.320000 3.26765e-03
3608.810000 3.02322e-03
3609.290000 2.82772e-03
3609.770000 2.70674e-03
3610.250000 2.67794e-03
3610.740000 2.59859e-03
3611.220000 2.51758e-03
3611.700000 2.42716e-03
3612.180000 2.35165e-03
3612.660000 2.29212e-03
3613.150000 2.27171e-03
3613.630000 2.25782e-03
3614.110000 2.20863e-03
3614.590000 2.16904e-03
3615.070000 2.14800e-03
3615.560000 2.17662e-03
3616.040000 2.13413e-03
3616.520000 2.07218e-03
3617.000000 2.07900e-03
3617.490000 2.05986e-03
3617.970000 2.07510e-03
3618.450000 2.06602e-03
3618.930000 1.99844e-03
3619.410000 1.92838e-03
3619.900000 1.88359e-03
3620.380000 1.91289e-03
3620.860000 1.98220e-03
3621.340000 2.04874e-03
3621.830000 2.12239e-03
3622.310000 2.25329e-03
3622.790000 2.52865e-03
3623.270000 2.76116e-03
3623.750000 2.60914e-03
3624.240000 2.30202e-03
3624.720000 2.10412e-03
3625.200000 1.95826e-03
3625.680000 1.87436e-03
3626.170000 1.83901e-03
3626.650000 1.80919e-03
3627.130000 1.77875e-03
3627.610000 1.73237e-03
3628.090000 1.68428e-03
3628.580000 1.61535e-03
3629.060000 1.58248e-03
3629.540000 1.58465e-03
3630.020000 1.59455e-03
3630.510000 1.63926e-03
3630.990000 1.69394e-03
3631.470000 1.76213e-03
3631.950000 1.90987e-03
3632.430000 2.20495e-03
3632.920000 2.63245e-03
3633.400000 2.90415e-03
3633.880000 2.77703e-03
3634.360000 2.41520e-03
3634.850000 2.05704e-03
3635.330000 1.83800e-03
3635.810000 1.73059e-03
3636.290000 1.66961e-03
3636.770000 1.61302e-03
3637.260000 1.56136e-03
3637.740000 1.48815e-03
3638.220000 1.47329e-03
3638.700000 1.53221e-03
3639.190000 1.50549e-03
3639.670000 1.44580e-03
3640.150000 1.43720e-03
3640.630000 1.44506e-03
3641.110000 1.47629e-03
3641.600000 1.48615e-03
3642.080000 1.45037e-03
3642.560000 1.46984e-03
3643.040000 1.51217e-03
3643.520000 1.51833e-03
3644.010000 1.51277e-03
3644.490000 1.49749e-03
3644.970000 1.51310e-03
3645.450000 1.52357e-03
3645.940000 1.51754e-03
3646.420000 1.53682e-03
3646.900000 1.56006e-03
3647.380000 1.54489e-03
3647.860000 1.52174e-03
3648.350000 1.50062e-03
3648.830000 1.53921e-03
3649.310000 1.56958e-03
3649.790000 1.53794e-03
3650.280000 1.57306e-03
3650.760000 1.57693e-03
3651.240000 1.54711e-03
3651.720000 1.55032e-03
3652.200000 1.53179e-03
3652.690000 1.53984e-03
3653.170000 1.56528e-03
3653.650000 1.56554e-03
3654.130000 1.56364e-03
3654.620000 1.59781e-03
3655.100000 1.65460e-03
3655.580000 1.66594e-03
3656.060000 1.64345e-03
3656.540000 1.64245e-03
3657.030000 1.64518e-03
3657.510000 1.63440e-03
3657.990000 1.67017e-03
3658.470000 1.66906e-03
3658.960000 1.65175e-03
3659.440000 1.66955e-03
3659.920000 1.67860e-03
3660.400000 1.67013e-03
3660.880000 1.65760e-03
3661.370000 1.65275e-03
3661.850000 1.66273e-03
3662.330000 1.68851e-03
3662.810000 1.69552e-03
3663.300000 1.69959e-03
3663.780000 1.71287e-03
3664.260000 1.70312e-03
3664.740000 1.67954e-03
3665.220000 1.67563e-03
3665.710000 1.66159e-03
3666.190000 1.69252e-03
3666.670000 1.71617e-03
3667.150000 1.74796e-03
3667.640000 1.85413e-03
3668.120000 1.92990e-03
3668.600000 1.94400e-03
3669.080000 1.86916e-03
3669.560000 1.78084e-03
3670.050000 1.71771e-03
3670.530000 1.65107e-03
3671.010000 1.57943e-03
3671.490000 1.56542e-03
3671.970000 1.58068e-03
3672.460000 1.52611e-03
3672.940000 1.48372e-03
3673.420000 1.53014e-03
3673.900000 1.51668e-03
3674.390000 1.47840e-03
3674.870000 1.48586e-03
3675.350000 1.49236e-03
3675.830000 1.48088e-03
3676.310000 1.46695e-03
3676.800000 1.50326e-03
3677.280000 1.48968e-03
3677.760000 1.47530e-03
3678.240000 1.52639e-03
3678.730000 1.54895e-03
3679.210000 1.52324e-03
3679.690000 1.53564e-03
3680.170000 1.56463e-03
3680.650000 1.59763e-03
3681.140000 1.61156e-03
3681.620000 1.60424e-03
3682.100000 1.62116e-03
3682.580000 1.62557e-03
3683.070000 1.66245e-03
3683.550000 1.71658e-03
3684.030000 1.73543e-03
3684.510000 1.76164e-03
3684.990000 1.78951e-03
3685.480000 1.81954e-03
3685.960000 1.80706e-03
3686.440000 1.80536e-03
3686.920000 1.81815e-03
3687.410000 1.82752e-03
3687.890000 1.79877e-03
3688.370000 1.70596e-03
3688.850000 1.61469e-03
3689.330000 1.61541e-03
3689.820000 1.65602e-03
3690.300000 1.61643e-03
3690.780000 1.57557e-03
3691.260000 1.51438e-03
3691.750000 1.42065e-03
3692.230000 1.34612e-03
3692.710000 1.31041e-03
3693.190000 1.29250e-03
3693.670000 1.21902e-03
3694.160000 1.14005e-03
3694.640000 1.13205e-03
3695.120000 1.13097e-03
3695.600000 1.15153e-03
3696.080000 1.17425e-03
3696.570000 1.21372e-03
3697.050000 1.29330e-03
3697.530000 1.36884e-03
3698.010000 1.46278e-03
3698.500000 1.58931e-03
3698.980000 1.76277e-03
3699.460000 1.89570e-03
3699.940000 1.99365e-03
3700.420000 2.17074e-03
3700.910000 2.42808e-03
3701.390000 2.69016e-03
3701.870000 3.00531e-03
3702.350000 3.42180e-03
3702.840000 3.91092e-03
3703.320000 4.52549e-03
3703.800000 5.25891e-03
3704.280000 6.20342e-03
3704.760000 7.47634e-03
3705.250000 9.19369e-03
3705.730000 1.16873e-02
3706.210000 1.54788e-02
3706.690000 2.17326e-02
3707.180000 3.30528e-02
3707.660000 5.37788e-02
3708.140000 8.19717e-02
3708.620000 9.65963e-02
3709.100000 8.51623e-02
3709.590000 6.49237e-02
3710.070000 4.92111e-02
3710.550000 3.87046e-02
3711.030000 3.12515e-02
3711.520000 2.51666e-02
3712.000000 1.99171e-02
3712.480000 1.58299e-02
3712.960000 1.30902e-02
3713.440000 1.12834e-02
3713.930000 9.99756e-03
3714.410000 9.02204e-03
3714.890000 8.29567e-03
3715.370000 7.75965e-03
3715.860000 7.38547e-03
3716.340000 7.04816e-03
3716.820000 6.72052e-03
3717.300000 6.50144e-03
3717.780000 6.35408e-03
3718.270000 6.20753e-03
3718.750000 5.99516e-03
3719.230000 5.77371e-03
3719.710000 5.57434e-03
3720.200000 5.39915e-03
3720.680000 5.23003e-03
3721.160000 5.04590e-03
3721.640000 4.91449e-03
3722.120000 4.78932e-03
3722.610000 4.65246e-03
3723.090000 4.56700e-03
3723.570000 4.46363e-03
3724.050000 4.32981e-03
3724.530000 4.23064e-03
3725.020000 4.11938e-03
3725.500000 4.00377e-03
3725.980000 3.89484e-03
3726.460000 3.74033e-03
3726.950000 3.62000e-03
3727.430000 3.58786e-03
3727.910000 3.52228e-03
3728.390000 3.45317e-03
3728.870000 3.42063e-03
3729.360000 3.36252e-03
3729.840000 3.27658e-03
3730.320000 3.19261e-03
3730.800000 3.15663e-03
3731.290000 3.11939e-03
3731.770000 3.07984e-03
3732.250000 3.02835e-03
3732.730000 2.97002e-03
3733.210000 2.94708e-03
3733.700000 2.90166e-03
3734.180000 2.83428e-03
3734.660000 2.79762e-03
3735.140000 2.79170e-03
3735.630000 2.74659e-03
3736.110000 2.71612e-03
3736.590000 2.70724e-03
3737.070000 2.68519e-03
3737.550000 2.68913e-03
3738.040000 2.67178e-03
3738.520000 2.63722e-03
3739.000000 2.61415e-03
3739.480000 2.57218e-03
3739.970000 2.52153e-03
3740.450000 2.47521e-03
3740.930000 2.46196e-03
3741.410000 2.45129e-03
3741.890000 2.43833e-03
3742.380000 2.46193e-03
3742.860000 2.46520e-03
3743.340000 2.44244e-03
3743.820000 2.43853e-03
3744.310000 2.39976e-03
3744.790000 2.29554e-03
3745.270000 2.24824e-03
3745.750000 2.27507e-03
3746.230000 2.24945e-03
3746.720000 2.21892e-03
3747.200000 2.19822e-03
3747.680000 2.14498e-03
3748.160000 2.13971e-03
3748.650000 2.17073e-03
3749.130000 2.16256e-03
3749.610000 2.09733e-03
3750.090000 2.05265e-03
3750.570000 2.04985e-03
3751.060000 2.04741e-03
3751.540000 2.05205e-03
3752.020000 1.99340e-03
3752.500000 1.92051e-03
3752.980000 1.93437e-03
3753.470000 1.92219e-03
3753.950000 1.90320e-03
3754.430000 1.88755e-03
3754.910000 1.85325e-03
3755.400000 1.83623e-03
3755.880000 1.82683e-03
3756.360000 1.80560e-03
3756.840000 1.75413e-03
3757.320000 1.72637e-03
3757.810000 1.70206e-03
3758.290000 1.69003e-03
3758.770000 1.65906e-03
3759.250000 1.60879e-03
3759.740000 1.56630e-03
3760.220000 1.53633e-03
3760.700000 1.50883e-03
3761.180000 1.48030e-03
3761.660000 1.47883e-03
3762.150000 1.43501e-03
3762.630000 1.36938e-03
3763.110000 1.34456e-03
3763.590000 1.32268e-03
3764.080000 1.32111e-03
3764.560000 1.29354e-03
3765.040000 1.22016e-03
3765.520000 1.18496e-03
3766.000000 1.17460e-03
3766.490000 1.16323e-03
3766.970000 1.11826e-03
3767.450000 1.05891e-03
3767.930000 1.01851e-03
3768.420000 9.81829e-04
3768.900000 9.67450e-04
3769.380000 9.74041e-04
3769.860000 9.50423e-04
3770.340000 9.24143e-04
3770.830000 9.09518e-04
3771.310000 9.30829e-04
3771.790000 9.48758e-04
3772.270000 9.28405e-04
3772.760000 9.19022e-04
3773.240000 9.26323e-04
3773.720000 9.41345e-04
3774.200000 9.36617e-04
3774.680000 9.44041e-04
3775.170000 9.61998e-04
3775.650000 9.43550e-04
3776.130000 9.24018e-04
3776.610000 9.18100e-04
3777.090000 9.13754e-04
3777.580000 9.49036e-04
3778.060000 9.71973e-04
3778.540000 9.93459e-04
3779.020000 9.87042e-04
3779.510000 9.17826e-04
3779.990000 8.92946e-04
3780.470000 9.00260e-04
3780.950000 9.13261e-04
3781.430000 8.92296e-04
3781.920000 8.55773e-04
3782.400000 8.97861e-04
3782.880000 9.38505e-04
3783.360000 9.27955e-04
3783.850000 9.07965e-04
3784.330000 8.99382e-04
3784.810000 8.97096e-04
3785.290000 9.02897e-04
3785.770000 9.69383e-04
3786.260000 9.65645e-04
3786.740000 9.37466e-04
3787.220000 9.62818e-04
3787.700000 9.63869e-04
3788.190000 9.48531e-04
3788.670000 9.00357e-04
3789.150000 8.75548e-04
3789.630000 9.13708e-04
3790.110000 9.36672e-04
3790.600000 9.20281e-04
3791.080000 9.10258e-04
3791.560000 9.13442e-04
3792.040000 9.20122e-04
3792.530000 9.22112e-04
3793.010000 8.93264e-04
3793.490000 8.66648e-04
3793.970000 8.73167e-04
3794.450000 8.63030e-04
3794.940000 8.91706e-04
3795.420000 9.38495e-04
3795.900000 9.37860e-04
3796.380000 8.94413e-04
3796.870000 8.64514e-04
3797.350000 8.47480e-04
3797.830000 8.14828e-04
3798.310000 8.38436e-04
3798.790000 8.85206e-04
3799.280000 8.99371e-04
3799.760000 8.89597e-04
3800.240000 8.72608e-04
3800.720000 8.86156e-04
3801.210000 8.70539e-04
3801.690000 8.40715e-04
3802.170000 8.56860e-04
3802.650000 8.49525e-04
3803.130000 8.54626e-04
3803.620000 9.00298e-04
3804.100000 8.83190e-04
3804.580000 8.61421e-04
3805.060000 8.59458e-04
3805.540000 8.79653e-04
3806.030000 9.04291e-04
3806.510000 8.57479e-04
3806.990000 8.30123e-04
3807.470000 8.14591e-04
3807.960000 8.01465e-04
3808.440000 8.23078e-04
3808.920000 8.37802e-04
3809.400000 8.33826e-04
3809.880000 8.84609e-04
3810.370000 9.17849e-04
3810.850000 8.87424e-04
3811.330000 8.54662e-04
3811.810000 8.50642e-04
3812.300000 8.86177e-04
3812.780000 8.85081e-04
3813.260000 8.79434e-04
3813.740000 8.93909e-04
3814.220000 8.93107e-04
3814.710000 9.03670e-04
3815.190000 9.31611e-04
3815.670000 9.15404e-04
3816.150000 8.59697e-04
3816.640000 8.54792e-04
3817.120000 8.61336e-04
3817.600000 8.38848e-04
3818.080000 8.64557e-04
3818.560000 8.90458e-04
3819.050000 8.94689e-04
3819.530000 8.84495e-04
3820.010000 8.57909e-04
3820.490000 8.47098e-04
3820.980000 8.58398e-04
3821.460000 8.45433e-04
3821.940000 8.27963e-04
3822.420000 8.42782e-04
3822.900000 8.40694e-04
3823.390000 8.57409e-04
3823.870000 8.76105e-04
3824.350000 8.58443e-04
3824.830000 8.46677e-04
3825.320000 8.54542e-04
3825.800000 8.32349e-04
3826.280000 8.43368e-04
3826.760000 8.53512e-04
3827.240000 8.13554e-04
3827.730000 8.24587e-04
3828.210000 8.36117e-04
3828.690000 8.62041e-04
3829.170000 9.04004e-04
3829.660000 8.41966e-04
3830.140000 8.06962e-04
3830.620000 8.01430e-04
3831.100000 7.99417e-04
3831.580000 8.27117e-04
3832.070000 8.20635e-04
3832.550000 8.09934e-04
3833.030000 8.19179e-04
3833.510000 8.70562e-04
3833.990000 8.68781e-04
3834.480000 8.32204e-04
3834.960000 8.17709e-04
3835.440000 7.91486e-04
3835.920000 8.18190e-04
3836.410000 8.26861e-04
3836.890000 8.24837e-04
3837.370000 8.78822e-04
3837.850000 8.48068e-04
3838.330000 7.83159e-04
3838.820000 7.89613e-04
3839.300000 8.23461e-04
3839.780000 8.34061e-04
3840.260000 8.34333e-04
3840.750000 8.52912e-04
3841.230000 8.42790e-04
3841.710000 8.31180e-04
3842.190000 8.00297e-04
3842.670000 7.79178e-04
3843.160000 8.18487e-04
3843.640000 8.14856e-04
3844.120000 7.83586e-04
3844.600000 7.87072e-04
3845.090000 7.39180e-04
3845.570000 6.96619e-04
3846.050000 7.11140e-04
3846.530000 7.36212e-04
3847.010000 7.44883e-04
3847.500000 7.49822e-04
3847.980000 7.87864e-04
3848.460000 8.42280e-04
3848.940000 8.67122e-04
3849.430000 8.44157e-04
3849.910000 8.56123e-04
3850.390000 8.72307e-04
3850.870000 8.59956e-04
3851.350000 8.74931e-04
3851.840000 8.36233e-04
3852.320000 7.90667e-04
3852.800000 7.90360e-04
3853.280000 8.34429e-04
3853.770000 8.38969e-04
3854.250000 7.52223e-04
3854.730000 7.07469e-04
3855.210000 7.47344e-04
3855.690000 7.81753e-04
3856.180000 7.56249e-04
3856.660000 7.49973e-04
3857.140000 7.43962e-04
3857.620000 7.36261e-04
3858.100000 7.48863e-04
3858.590000 7.66957e-04
3859.070000 7.77726e-04
3859.550000 7.85541e-04
3860.030000 8.07033e-04
3860.520000 8.23988e-04
3861.000000 8.02978e-04
3861.480000 7.74235e-04
3861.960000 7.29403e-04
3862.440000 7.20340e-04
3862.930000 7.91643e-04
3863.410000 8.13329e-04
3863.890000 7.43017e-04
3864.370000 7.39218e-04
3864.860000 7.98470e-04
3865.340000 8.03332e-04
3865.820000 8.16794e-04
3866.300000 8.28898e-04
3866.780000 8.11612e-04
3867.270000 8.00006e-04
3867.750000 7.97119e-04
3868.230000 7.92549e-04
3868.710000 7.90962e-04
3869.200000 7.91489e-04
3869.680000 8.05514e-04
3870.160000 8.05869e-04
3870.640000 7.96201e-04
3871.120000 8.11934e-04
3871.610000 7.73443e-04
3872.090000 7.53610e-04
3872.570000 7.53383e-04
3873.050000 7.70245e-04
3873.540000 7.94620e-04
3874.020000 7.94061e-04
3874.500000 7.81521e-04
3874.980000 7.60612e-04
3875.460000 7.75992e-04
3875.950000 7.89431e-04
3876.430000 7.83136e-04
3876.910000 7.91987e-04
3877.390000 7.92905e-04
3877.880000 7.59923e-04
3878.360000 7.66399e-04
3878.840000 7.65536e-04
3879.320000 7.75363e-04
3879.800000 8.15381e-04
3880.290000 8.00489e-04
3880.770000 7.54867e-04
3881.250000 7.71007e-04
3881.730000 7.79505e-04
3882.220000 7.27898e-04
3882.700000 7.42274e-04
3883.180000 7.71682e-04
3883.660000 7.44731e-04
3884.140000 7.54241e-04
3884.630000 8.07096e-04
3885.110000 8.34442e-04
3885.590000 8.43609e-04
3886.070000 8.11028e-04
3886.550000 7.20314e-04
3887.040000 6.88270e-04
3887.520000 7.11713e-04
3888.000000 7.09381e-04
3888.480000 7.04153e-04
3888.970000 7.00214e-04
3889.450000 7.16412e-04
3889.930000 7.35928e-04
3890.410000 7.77034e-04
3890.890000 7.85027e-04
3891.380000 7.68611e-04
3891.860000 7.78727e-04
3892.340000 7.54233e-04
3892.820000 7.52027e-04
3893.310000 8.00985e-04
3893.790000 8.14334e-04
3894.270000 7.89924e-04
3894.750000 7.85763e-04
3895.230000 7.65136e-04
3895.720000 7.39867e-04
3896.200000 7.31540e-04
3896.680000 7.70567e-04
3897.160000 7.72225e-04
3897.650000 7.06456e-04
3898.130000 7.25592e-04
3898.610000 8.20753e-04
3899.090000 7.99296e-04
3899.570000 7.46410e-04
3900.060000 7.82790e-04
3900.540000 7.72996e-04
3901.020000 7.64918e-04
3901.500000 7.79174e-04
3901.990000 7.75409e-04
3902.470000 7.74588e-04
3902.950000 7.66265e-04
3903.430000 7.33990e-04
3903.910000 7.47780e-04
3904.400000 7.88787e-04
3904.880000 7.92100e-04
3905.360000 7.60898e-04
3905.840000 6.97426e-04
3906.330000 7.20218e-04
3906.810000 7.20841e-04
3907.290000 6.99406e-04
3907.770000 7.14211e-04
3908.250000 7.21154e-04
3908.740000 7.67738e-04
3909.220000 7.96938e-04
3909.700000 7.89833e-04
3910.180000 7.55164e-04
3910.670000 7.41841e-04
3911.150000 7.82736e-04
3911.630000 7.66326e-04
3912.110000 6.99624e-04
3912.590000 6.87614e-04
3913.080000 7.22233e-04
3913.560000 7.38682e-04
3914.040000 7.49774e-04
3914.520000 7.75754e-04
3915.000000 7.77943e-04
3915.490000 7.64888e-04
3915.970000 7.64420e-04
3916.450000 7.66359e-04
3916.930000 7.59678e-04
3917.420000 7.77859e-04
3917.900000 7.71668e-04
3918.380000 7.53887e-04
3918.860000 7.42907e-04
3919.340000 7.50121e-04
3919.830000 7.46649e-04
3920.310000 7.28734e-04
3920.790000 7.49426e-04
3921.270000 7.27329e-04
3921.760000 6.97967e-04
3922.240000 7.14403e-04
3922.720000 7.51387e-04
3923.200000 7.71720e-04
3923.680000 8.11227e-04
3924.170000 7.89056e-04
3924.650000 7.54451e-04
3925.130000 7.81419e-04
3925.610000 7.37319e-04
3926.100000 7.52963e-04
3926.580000 7.71631e-04
3927.060000 7.36794e-04
3927.540000 7.32992e-04
3928.020000 7.31995e-04
3928.510000 7.18975e-04
3928.990000 7.25130e-04
3929.470000 7.43274e-04
3929.950000 7.71327e-04
3930.440000 7.38572e-04
3930.920000 7.52650e-04
3931.400000 7.93420e-04
3931.880000 7.47971e-04
3932.360000 7.73186e-04
3932.850000 7.48664e-04
3933.330000 7.49644e-04
3933.810000 7.87064e-04
3934.290000 7.68069e-04
3934.780000 7.56202e-04
3935.260000 6.98920e-04
3935.740000 6.88532e-04
3936.220000 7.46980e-04
3936.700000 7.66223e-04
3937.190000 7.59557e-04
3937.670000 7.02996e-04
3938.150000 7.12588e-04
3938.630000 7.73106e-04
3939.120000 7.52136e-04
3939.600000 7.40424e-04
3940.080000 7.75294e-04
3940.560000 7.44339e-04
3941.040000 7.02187e-04
3941.530000 7.27236e-04
3942.010000 7.12093e-04
3942.490000 6.97091e-04
3942.970000 7.48321e-04
3943.460000 7.75304e-04
3943.940000 7.47943e-04
3944.420000 7.44576e-04
3944.900000 7.51074e-04
3945.380000 7.70424e-04
3945.870000 7.67715e-04
3946.350000 8.02010e-04
3946.830000 8.10716e-04
3947.310000 7.31979e-04
3947.790000 6.97140e-04
3948.280000 7.01681e-04
3948.760000 7.10160e-04
3949.240000 7.10569e-04
3949.720000 6.98870e-04
3950.210000 7.00127e-04
3950.690000 7.18078e-04
3951.170000 7.40970e-04
3951.650000 7.61561e-04
3952.130000 7.45352e-04
3952.620000 7.54306e-04
3953.100000 7.35832e-04
3953.580000 7.39338e-04
3954.060000 7.74231e-04
3954.550000 7.07187e-04
3955.030000 7.17334e-04
3955.510000 7.54431e-04
3955.990000 7.55860e-04
3956.470000 7.67581e-04
3956.960000 7.48644e-04
3957.440000 7.52125e-04
3957.920000 7.65722e-04
3958.400000 7.54777e-04
3958.890000 7.28931e-04
3959.370000 7.48891e-04
3959.850000 7.76302e-04
3960.330000 7.21848e-04
3960.810000 7.05972e-04
3961.300000 7.80523e-04
3961.780000 8.04802e-04
3962.260000 8.03933e-04
3962.740000 7.47476e-04
3963.230000 7.23504e-04
3963.710000 7.62489e-04
3964.190000 7.07146e-04
3964.670000 6.84652e-04
3965.150000 7.24949e-04
3965.640000 7.37648e-04
3966.120000 7.27648e-04
3966.600000 7.52542e-04
3967.080000 8.19139e-04
3967.570000 8.08787e-04
3968.050000 7.55172e-04
3968.530000 7.37183e-04
3969.010000 7.77796e-04
3969.490000 7.73638e-04
3969.980000 7.10540e-04
3970.460000 7.16701e-04
3970.940000 7.21503e-04
3971.420000 7.29864e-04
3971.910000 7.63943e-04
3972.390000 7.60034e-04
3972.870000 7.65454e-04
3973.350000 7.69313e-04
3973.830000 7.26208e-04
3974.320000 7.34076e-04
3974.800000 7.65704e-04
3975.280000 7.53000e-04
3975.760000 7.26685e-04
3976.240000 7.15803e-04
3976.730000 7.15993e-04
3977.210000 7.22092e-04
3977.690000 7.27989e-04
3978.170000 7.53820e-04
3978.660000 7.86748e-04
3979.140000 7.82985e-04
3979.620000 7.92593e-04
3980.100000 8.23826e-04
3980.580000 8.27620e-04
3981.070000 7.98602e-04
3981.550000 7.84650e-04
3982.030000 7.64843e-04
3982.510000 7.47111e-04
3983.000000 7.29866e-04
3983.480000 7.24174e-04
3983.960000 7.46252e-04
3984.440000 7.31748e-04
3984.920000 7.08174e-04
3985.410000 7.24789e-04
3985.890000 7.27497e-04
3986.370000 7.03435e-04
3986.850000 7.21812e-04
3987.340000 7.69183e-04
3987.820000 7.45248e-04
3988.300000 7.32157e-04
3988.780000 8.12002e-04
3989.260000 7.96489e-04
3989.750000 7.41623e-04
3990.230000 7.81391e-04
3990.710000 7.82736e-04
3991.190000 7.46574e-04
3991.680000 7.85092e-04
3992.160000 7.61541e-04
3992.640000 6.98851e-04
3993.120000 7.22295e-04
3993.600000 7.41623e-04
3994.090000 7.49383e-04
3994.570000 7.95621e-04
3995.050000 7.83529e-04
3995.530000 7.51581e-04
3996.020000 8.00092e-04
3996.500000 8.09360e-04
3996.980000 7.86789e-04
3997.460000 7.59114e-04
3997.940000 7.36121e-04
3998.430000 7.50450e-04
3998.910000 7.76704e-04
3999.390000 7.27316e-04
3999.870000 6.99453e-04
4000.350000 7.34486e-04
4000.840000 7.35763e-04
4001.320000 7.14270e-04
4001.800000 7.30786e-04
4002.280000 7.23816e-04
4002.770000 7.04043e-04
4003.250000 7.55589e-04
4003.730000 7.60823e-04
4004.210000 7.56338e-04
4004.690000 7.51752e-04
4005.180000 7.46323e-04
4005.660000 7.56271e-04
4006.140000 7.51454e-04
4006.620000 7.37863e-04
4007.110000 6.94674e-04
4007.590000 7.37553e-04
4008.070000 7.83136e-04
4008.550000 7.27832e-04
4009.030000 6.92792e-04
4009.520000 6.86832e-04
4010.000000 7.17849e-04
4010.480000 7.43877e-04
4010.960000 7.13540e-04
4011.450000 7.31517e-04
4011.930000 7.54334e-04
4012.410000 7.59371e-04
4012.890000 7.90328e-04
4013.370000 7.66113e-04
4013.860000 7.32748e-04
4014.340000 7.30366e-04
4014.820000 7.18325e-04
4015.300000 7.13862e-04
4015.790000 7.40837e-04
4016.270000 7.49797e-04
4016.750000 7.54971e-04
4017.230000 7.47109e-04
4017.710000 7.18497e-04
4018.200000 7.04542e-04
4018.680000 7.35860e-04
4019.160000 7.70535e-04
4019.640000 7.60015e-04
4020.130000 7.45025e-04
4020.610000 7.54546e-04
4021.090000 7.51521e-04
4021.570000 7.49556e-04
4022.050000 7.60006e-04
4022.540000 7.45494e-04
4023.020000 7.47005e-04
4023.500000 7.36557e-04
4023.980000 7.11242e-04
4024.470000 7.35242e-04
4024.950000 7.74737e-04
4025.430000 7.76101e-04
4025.910000 7.32780e-04
4026.390000 7.50979e-04
4026.880000 7.71970e-04
4027.360000 7.35914e-04
4027.840000 7.28596e-04
4028.320000 7.07928e-04
4028.800000 7.07708e-04
4029.290000 7.40182e-04
4029.770000 7.51983e-04
4030.250000 7.55481e-04
4030.730000 7.65769e-04
4031.220000 7.43840e-04
4031.700000 6.99237e-04
4032.180000 7.29596e-04
4032.660000 7.51635e-04
4033.140000 6.98142e-04
4033.630000 7.10558e-04
4034.110000 7.05868e-04
4034.590000 6.75272e-04
4035.070000 6.87655e-04
4035.560000 6.54206e-04
4036.040000 6.75026e-04
4036.520000 7.06449e-04
4037.000000 6.96089e-04
4037.480000 7.24776e-04
4037.970000 7.68071e-04
4038.450000 8.10828e-04
4038.930000 7.80046e-04
4039.410000 7.62178e-04
4039.900000 7.94463e-04
4040.380000 7.73404e-04
4040.860000 7.37719e-04
4041.340000 7.28905e-04
4041.820000 7.09649e-04
4042.310000 6.86040e-04
4042.790000 6.94338e-04
4043.270000 7.50292e-04
4043.750000 7.75699e-04
4044.240000 7.69902e-04
4044.720000 7.48996e-04
4045.200000 7.41251e-04
4045.680000 7.48269e-04
4046.160000 7.12182e-04
4046.650000 7.35320e-04
4047.130000 7.66009e-04
4047.610000 7.46671e-04
4048.090000 7.31636e-04
4048.580000 7.20659e-04
4049.060000 7.03063e-04
4049.540000 7.17442e-04
4050.020000 7.27382e-04
4050.500000 7.27409e-04
4050.990000 7.29328e-04
4051.470000 7.34814e-04
4051.950000 7.63662e-04
4052.430000 7.88631e-04
4052.920000 7.80955e-04
4053.400000 6.91839e-04
4053.880000 6.71208e-04
4054.360000 7.01513e-04
4054.840000 6.96285e-04
4055.330000 6.98220e-04
4055.810000 6.80586e-04
4056.290000 6.58713e-04
4056.770000 6.96048e-04
4057.250000 7.08837e-04
4057.740000 6.78003e-04
4058.220000 7.13823e-04
4058.700000 7.44123e-04
4059.180000 7.74451e-04
4059.670000 8.16140e-04
4060.150000 8.07147e-04
4060.630000 7.60823e-04
4061.110000 7.03283e-04
4061.590000 7.11178e-04
4062.080000 7.16653e-04
4062.560000 6.77187e-04
4063.040000 7.32286e-04
4063.520000 7.72832e-04
4064.010000 7.28475e-04
4064.490000 7.12682e-04
4064.970000 7.18150e-04
4065.450000 7.34184e-04
4065.930000 7.23917e-04
4066.420000 7.04315e-04
4066.900000 7.03692e-04
4067.380000 7.00781e-04
4067.860000 6.85014e-04
4068.350000 6.70960e-04
4068.830000 6.89991e-04
4069.310000 7.17495e-04
4069.790000 7.31464e-04
4070.270000 7.29036e-04
4070.760000 7.28369e-04
4071.240000 7.36209e-04
4071.720000 7.39753e-04
4072.200000 6.99103e-04
4072.690000 6.68125e-04
4073.170000 6.77716e-04
4073.650000 7.17692e-04
4074.130000 7.75294e-04
4074.610000 7.63912e-04
4075.100000 7.41351e-04
4075.580000 6.99289e-04
4076.060000 6.88998e-04
4076.540000 7.09768e-04
4077.030000 7.02608e-04
4077.510000 7.25482e-04
4077.990000 7.30537e-04
4078.470000 7.01871e-04
4078.950000 7.44142e-04
4079.440000 7.51117e-04
4079.920000 6.98449e-04
4080.400000 7.03778e-04
4080.880000 7.36451e-04
4081.360000 7.39945e-04
4081.850000 6.94390e-04
4082.330000 6.96346e-04
4082.810000 6.64599e-04
4083.290000 6.08936e-04
4083.780000 6.06198e-04
4084.260000 6.72530e-04
4084.740000 6.88691e-04
4085.220000 6.73000e-04
4085.700000 6.98801e-04
4086.190000 7.22483e-04
4086.670000 7.17342e-04
4087.150000 6.76882e-04
4087.630000 6.76002e-04
4088.120000 6.74877e-04
4088.600000 6.52926e-04
4089.080000 6.66771e-04
4089.560000 7.23561e-04
4090.040000 7.25290e-04
4090.530000 6.88784e-04
4091.010000 6.79808e-04
4091.490000 7.16565e-04
4091.970000 7.12462e-04
4092.460000 6.89074e-04
4092.940000 7.25264e-04
4093.420000 7.47420e-04
4093.900000 7.55280e-04
4094.380000 7.28229e-04
4094.870000 7.10249e-04
4095.350000 7.67358e-04
4095.830000 7.88542e-04
4096.310000 7.73916e-04
4096.800000 7.74508e-04
4097.280000 7.52524e-04
4097.760000 7.70796e-04
4098.240000 7.48249e-04
4098.720000 7.18819e-04
4099.210000 7.57014e-04
4099.690000 7.58806e-04
4100.170000 7.32249e-04
4100.650000 7.53177e-04
4101.140000 7.48917e-04
4101.620000 7.19428e-04
4102.100000 7.36348e-04
4102.580000 7.32621e-04
4103.060000 7.30358e-04
4103.550000 7.33674e-04
4104.030000 7.22807e-04
4104.510000 7.10871e-04
4104.990000 7.16507e-04
4105.480000 7.61651e-04
4105.960000 7.43620e-04
4106.440000 7.16645e-04
4106.920000 7.15587e-04
4107.400000 6.99691e-04
4107.890000 7.06794e-04
4108.370000 7.23664e-04
4108.850000 7.58743e-04
4109.330000 7.53820e-04
4109.810000 6.96335e-04
4110.300000 6.70873e-04
4110.780000 6.64197e-04
4111.260000 6.81959e-04
4111.740000 7.21965e-04
4112.230000 7.32221e-04
4112.710000 7.38235e-04
4113.190000 7.30725e-04
4113.670000 6.98447e-04
4114.150000 7.21373e-04
4114.640000 7.32165e-04
4115.120000 6.71327e-04
4115.600000 6.84828e-04
4116.080000 6.81696e-04
4116.570000 6.12764e-04
4117.050000 6.51814e-04
4117.530000 6.95460e-04
4118.010000 6.37984e-04
4118.490000 6.09688e-04
4118.980000 6.17336e-04
4119.460000 6.51922e-04
4119.940000 6.31895e-04
4120.420000 6.15280e-04
4120.910000 6.84112e-04
4121.390000 6.55098e-04
4121.870000 6.35678e-04
4122.350000 6.65952e-04
4122.830000 6.47105e-04
4123.320000 6.87053e-04
4123.800000 7.22613e-04
4124.280000 7.14092e-04
4124.760000 7.17226e-04
4125.250000 7.44145e-04
4125.730000 7.16573e-04
4126.210000 6.42084e-04
4126.690000 6.63942e-04
4127.170000 6.68149e-04
4127.660000 6.34553e-04
4128.140000 6.68585e-04
4128.620000 6.78768e-04
4129.100000 6.84407e-04
4129.590000 7.37753e-04
4130.070000 7.05302e-04
4130.550000 6.45619e-04
4131.030000 6.76971e-04
4131.510000 7.07293e-04
4132.000000 6.91060e-04
4132.480000 6.64206e-04
4132.960000 6.57521e-04
4133.440000 6.64864e-04
4133.930000 6.50775e-04
4134.410000 6.67613e-04
4134.890000 6.63817e-04
4135.370000 6.88899e-04
4135.850000 7.00967e-04
4136.340000 6.38537e-04
4136.820000 6.66954e-04
4137.300000 6.67036e-04
4137.780000 6.16727e-04
4138.270000 6.22336e-04
4138.750000 6.73145e-04
4139.230000 6.37900e-04
4139.710000 6.08809e-04
4140.190000 6.63962e-04
4140.680000 6.92490e-04
4141.160000 6.72150e-04
4141.640000 6.76099e-04
4142.120000 7.48660e-04
4142.600000 7.23768e-04
4143.090000 6.73950e-04
4143.570000 6.84220e-04
4144.050000 6.66343e-04
4144.530000 6.84805e-04
4145.020000 6.89115e-04
4145.500000 6.45971e-04
4145.980000 6.76636e-04
4146.460000 7.07008e-04
4146.940000 6.81601e-04
4147.430000 6.58585e-04
4147.910000 6.29080e-04
4148.390000 6.31984e-04
4148.870000 6.72800e-04
4149.360000 6.70606e-04
4149.840000 6.49137e-04
4150.320000 6.41014e-04
4150.800000 6.53476e-04
4151.280000 6.53744e-04
4151.770000 6.63310e-04
4152.250000 6.91889e-04
4152.730000 6.67732e-04
4153.210000 6.79616e-04
4153.700000 7.08859e-04
4154.180000 7.11760e-04
4154.660000 7.30000e-04
4155.140000 6.63599e-04
4155.620000 5.68705e-04
4156.110000 6.05643e-04
4156.590000 6.65931e-04
4157.070000 6.63294e-04
4157.550000 6.28749e-04
4158.040000 6.38476e-04
4158.520000 7.08759e-04
4159.000000 7.11739e-04
4159.480000 6.83082e-04
4159.960000 7.02273e-04
4160.450000 6.89626e-04
4160.930000 6.56437e-04
4161.410000 6.59756e-04
4161.890000 6.36768e-04
4162.380000 5.99209e-04
4162.860000 5.61589e-04
4163.340000 5.89741e-04
4163.820000 6.71610e-04
4164.300000 6.73810e-04
4164.790000 6.67801e-04
4165.270000 6.55930e-04
4165.750000 6.43672e-04
4166.230000 6.31645e-04
4166.710000 6.39625e-04
4167.200000 6.33374e-04
4167.680000 6.48130e-04
4168.160000 6.79066e-04
4168.640000 6.68986e-04
4169.130000 6.94571e-04
4169.610000 6.62660e-04
4170.090000 6.51455e-04
4170.570000 7.01936e-04
4171.050000 7.03132e-04
4171.540000 6.45252e-04
4172.020000 6.13630e-04
4172.500000 6.58767e-04
4172.980000 6.62360e-04
4173.470000 6.16210e-04
4173.950000 6.11946e-04
4174.430000 6.72314e-04
4174.910000 7.00615e-04
4175.390000 6.66821e-04
4175.880000 6.50732e-04
4176.360000 6.45300e-04
4176.840000 6.57607e-04
4177.320000 6.92688e-04
4177.810000 6.87076e-04
4178.290000 6.60188e-04
4178.770000 6.32275e-04
4179.250000 6.16651e-04
4179.730000 6.18443e-04
4180.220000 6.53323e-04
4180.700000 6.88154e-04
4181.180000 6.68885e-04
4181.660000 6.49190e-04
4182.150000 6.11151e-04
4182.630000 6.03033e-04
4183.110000 6.05781e-04
4183.590000 6.05933e-04
4184.070000 6.21118e-04
4184.560000 6.18063e-04
4185.040000 5.87463e-04
4185.520000 5.97978e-04
4186.000000 6.28479e-04
4186.490000 6.27192e-04
4186.970000 6.32741e-04
4187.450000 6.17275e-04
4187.930000 5.76066e-04
4188.410000 5.64715e-04
4188.900000 5.84627e-04
4189.380000 6.44522e-04
4189.860000 6.85977e-04
4190.340000 6.24467e-04
4190.830000 6.05170e-04
4191.310000 6.58615e-04
4191.790000 6.45082e-04
4192.270000 6.12464e-04
4192.750000 6.44641e-04
4193.240000 6.73875e-04
4193.720000 6.62684e-04
4194.200000 6.38636e-04
4194.680000 6.36986e-04
4195.170000 6.40536e-04
4195.650000 6.29472e-04
4196.130000 6.32368e-04
4196.610000 6.27784e-04
4197.090000 6.10683e-04
4197.580000 6.11238e-04
4198.060000 6.08277e-04
4198.540000 6.37988e-04
4199.020000 6.79879e-04
4199.500000 6.53278e-04
4199.990000 6.35192e-04
4200.470000 6.55850e-04
4200.950000 6.09208e-04
4201.430000 5.92533e-04
4201.920000 6.27002e-04
4202.400000 6.38334e-04
4202.880000 6.51499e-04
4203.360000 6.15936e-04
4203.840000 6.03121e-04
4204.330000 6.06768e-04
4204.810000 6.26503e-04
4205.290000 6.46096e-04
4205.770000 6.21114e-04
4206.260000 6.14721e-04
4206.740000 6.30029e-04
4207.220000 5.97291e-04
4207.700000 5.85109e-04
4208.180000 6.04495e-04
4208.670000 6.28825e-04
4209.150000 6.79538e-04
4209.630000 6.86208e-04
4210.110000 6.68667e-04
4210.600000 6.37626e-04
4211.080000 5.91742e-04
4211.560000 5.99531e-04
4212.040000 5.56076e-04
4212.520000 4.96307e-04
4213.010000 5.82617e-04
4213.490000 6.43991e-04
4213.970000 6.63316e-04
4214.450000 6.72748e-04
4214.940000 6.83907e-04
4215.420000 6.86126e-04
4215.900000 6.29002e-04
4216.380000 6.15897e-04
4216.860000 6.02787e-04
4217.350000 5.56409e-04
4217.830000 5.48087e-04
4218.310000 5.68625e-04
4218.790000 6.15677e-04
4219.270000 6.41102e-04
4219.760000 6.36211e-04
4220.240000 6.32111e-04
4220.720000 6.02227e-04
4221.200000 5.67907e-04
4221.690000 5.94079e-04
4222.170000 6.05250e-04
4222.650000 5.92034e-04
4223.130000 5.74939e-04
4223.610000 5.65741e-04
4224.100000 5.94670e-04
4224.580000 6.10793e-04
4225.060000 6.22034e-04
4225.540000 6.22759e-04
4226.030000 6.35218e-04
4226.510000 6.23289e-04
4226.990000 5.91727e-04
4227.470000 5.69304e-04
4227.950000 5.45640e-04
4228.440000 5.50725e-04
4228.920000 5.61094e-04
4229.400000 5.86472e-04
4229.880000 6.01526e-04
4230.370000 6.00528e-04
4230.850000 5.96959e-04
4231.330000 5.50348e-04
4231.810000 5.49957e-04
4232.290000 5.83772e-04
4232.780000 5.33344e-04
4233.260000 5.00029e-04
4233.740000 5.50434e-04
4234.220000 5.93407e-04
4234.710000 5.63091e-04
4235.190000 5.97836e-04
4235.670000 6.57106e-04
4236.150000 6.18530e-04
4236.630000 5.91163e-04
4237.120000 5.70457e-04
4237.600000 5.55066e-04
4238.080000 5.48745e-04
4238.560000 5.61295e-04
4239.050000 5.90872e-04
4239.530000 6.16681e-04
4240.010000 6.07472e-04
4240.490000 5.72767e-04
4240.970000 5.49370e-04
4241.460000 5.98475e-04
4241.940000 6.17800e-04
4242.420000 5.97680e-04
4242.900000 6.33560e-04
4243.390000 6.81879e-04
4243.870000 6.79273e-04
4244.350000 6.07405e-04
4244.830000 6.12155e-04
4245.310000 6.23098e-04
4245.800000 6.18994e-04
4246.280000 6.06982e-04
4246.760000 5.28518e-04
4247.240000 5.54897e-04
4247.730000 5.94752e-04
4248.210000 6.07893e-04
4248.690000 6.02890e-04
4249.170000 5.90451e-04
4249.650000 6.12274e-04
4250.140000 6.26469e-04
4250.620000 6.43482e-04
4251.100000 6.45779e-04
4251.580000 6.20000e-04
4252.060000 5.53153e-04
4252.550000 5.89896e-04
4253.030000 6.23176e-04
4253.510000 5.63838e-04
4253.990000 5.41316e-04
4254.480000 5.76138e-04
4254.960000 5.93169e-04
4255.440000 5.66076e-04
4255.920000 5.71057e-04
4256.400000 6.19398e-04
4256.890000 6.35279e-04
4257.370000 5.60530e-04
4257.850000 4.94391e-04
4258.330000 4.98386e-04
4258.820000 4.97805e-04
4259.300000 5.31420e-04
4259.780000 5.89363e-04
4260.260000 6.14535e-04
4260.740000 6.21267e-04
4261.230000 5.87810e-04
4261.710000 5.93394e-04
4262.190000 5.93893e-04
4262.670000 5.67457e-04
4263.160000 5.55098e-04
4263.640000 5.50857e-04
4264.120000 5.37265e-04
4264.600000 5.44380e-04
4265.080000 5.34203e-04
4265.570000 5.44012e-04
4266.050000 6.25335e-04
4266.530000 6.09742e-04
4267.010000 5.82082e-04
4267.500000 5.87430e-04
4267.980000 5.75669e-04
4268.460000 5.88268e-04
4268.940000 5.81622e-04
4269.420000 5.29012e-04
4269.910000 4.98412e-04
4270.390000 5.13140e-04
4270.870000 5.50505e-04
4271.350000 5.84163e-04
4271.830000 5.96579e-04
4272.320000 5.72160e-04
4272.800000 5.36984e-04
4273.280000 5.36764e-04
4273.760000 6.06176e-04
4274.250000 6.16016e-04
4274.730000 5.46167e-04
4275.210000 5.52597e-04
4275.690000 5.85558e-04
4276.170000 6.31556e-04
4276.660000 5.62003e-04
4277.140000 4.98202e-04
4277.620000 5.41566e-04
4278.100000 5.48555e-04
4278.590000 5.67663e-04
4279.070000 5.14850e-04
4279.550000 4.74945e-04
4280.030000 5.08841e-04
4280.510000 5.03147e-04
4281.000000 5.08923e-04
4281.480000 5.15530e-04
4281.960000 5.08958e-04
4282.440000 5.29986e-04
4282.930000 6.01869e-04
4283.410000 6.17476e-04
4283.890000 5.72797e-04
4284.370000 5.55936e-04
4284.850000 5.65991e-04
4285.340000 5.63119e-04
4285.820000 5.36662e-04
4286.300000 5.31914e-04
4286.780000 5.18370e-04
4287.270000 5.33093e-04
4287.750000 5.83567e-04
4288.230000 5.88642e-04
4288.710000 5.88506e-04
4289.190000 5.64942e-04
4289.680000 5.74145e-04
4290.160000 6.18611e-04
4290.640000 5.61355e-04
4291.120000 5.73199e-04
4291.610000 5.87121e-04
4292.090000 6.02100e-04
4292.570000 6.12991e-04
4293.050000 6.05656e-04
4293.530000 6.23291e-04
4294.020000 5.66857e-04
4294.500000 5.61690e-04
4294.980000 5.78461e-04
4295.460000 5.47271e-04
4295.950000 5.33234e-04
4296.430000 6.04846e-04
4296.910000 6.39049e-04
4297.390000 5.99278e-04
4297.870000 5.61796e-04
4298.360000 5.50462e-04
4298.840000 5.66972e-04
4299.320000 5.17918e-04
4299.800000 4.73965e-04
4300.290000 5.78551e-04
4300.770000 6.09256e-04
4301.250000 5.92925e-04
4301.730000 5.72594e-04
4302.210000 5.08318e-04
4302.700000 5.08439e-04
4303.180000 5.52049e-04
4303.660000 6.04574e-04
4304.140000 5.93774e-04
4304.620000 5.45638e-04
4305.110000 5.24892e-04
4305.590000 5.27337e-04
4306.070000 5.10775e-04
4306.550000 5.27656e-04
4307.040000 5.30783e-04
4307.520000 5.28315e-04
4308.000000 5.58179e-04
4308.480000 5.34631e-04
4308.960000 5.01497e-04
4309.450000 4.84148e-04
4309.930000 4.59822e-04
4310.410000 5.01696e-04
4310.890000 5.35173e-04
4311.380000 5.25448e-04
4311.860000 5.18935e-04
4312.340000 5.54079e-04
4312.820000 5.70031e-04
4313.300000 5.54685e-04
4313.790000 5.54278e-04
4314.270000 5.46187e-04
4314.750000 5.20531e-04
4315.230000 4.83762e-04
4315.720000 5.18624e-04
4316.200000 5.51745e-04
4316.680000 5.26052e-04
4317.160000 5.15141e-04
4317.640000 5.12740e-04
4318.130000 5.54970e-04
4318.610000 6.06399e-04
4319.090000 5.92481e-04
4319.570000 5.78120e-04
4320.060000 5.65989e-04
4320.540000 5.85949e-04
4321.020000 5.58062e-04
4321.500000 5.21298e-04
4321.980000 5.14910e-04
4322.470000 4.94638e-04
4322.950000 4.93346e-04
4323.430000 4.97393e-04
4323.910000 5.64972e-04
4324.400000 5.89209e-04
4324.880000 5.86441e-04
4325.360000 5.73387e-04
4325.840000 5.52395e-04
4326.320000 5.36943e-04
4326.810000 5.24610e-04
4327.290000 5.43661e-04
4327.770000 5.76971e-04
4328.250000 5.45533e-04
4328.730000 4.95542e-04
4329.220000 4.66779e-04
4329.700000 4.66950e-04
4330.180000 5.17441e-04
4330.660000 5.82209e-04
4331.150000 5.94869e-04
4331.630000 5.38876e-04
4332.110000 5.60509e-04
4332.590000 5.89825e-04
4333.070000 5.79171e-04
4333.560000 5.22694e-04
4334.040000 4.88782e-04
4334.520000 5.34358e-04
4335.000000 5.56666e-04
4335.490000 5.52829e-04
4335.970000 5.47260e-04
4336.450000 5.21878e-04
4336.930000 4.92675e-04
4337.410000 5.02819e-04
4337.900000 5.46400e-04
4338.380000 5.57341e-04
4338.860000 5.56236e-04
4339.340000 5.43887e-04
4339.830000 5.07664e-04
4340.310000 5.05092e-04
4340.790000 5.09726e-04
4341.270000 5.22042e-04
4341.750000 5.72702e-04
4342.240000 5.33896e-04
4342.720000 5.22155e-04
4343.200000 5.82434e-04
4343.680000 5.20617e-04
4344.170000 5.11948e-04
4344.650000 5.89771e-04
4345.130000 5.76828e-04
4345.610000 4.92129e-04
4346.090000 4.77638e-04
4346.580000 5.14451e-04
4347.060000 5.46234e-04
4347.540000 5.40525e-04
4348.020000 4.87795e-04
4348.510000 5.32683e-04
4348.990000 5.46837e-04
4349.470000 4.94782e-04
4349.950000 5.21721e-04
4350.430000 5.14314e-04
4350.920000 4.73537e-04
4351.400000 4.88853e-04
4351.880000 4.89803e-04
4352.360000 4.86562e-04
4352.850000 5.19607e-04
4353.330000 4.75282e-04
4353.810000 4.90062e-04
4354.290000 5.66922e-04
4354.770000 5.88488e-04
4355.260000 5.62089e-04
4355.740000 5.27265e-04
4356.220000 5.81907e-04
4356.700000 5.27466e-04
4357.190000 4.91470e-04
4357.670000 5.06533e-04
4358.150000 4.83425e-04
4358.630000 5.09275e-04
4359.110000 4.84597e-04
4359.600000 4.45869e-04
4360.080000 5.10255e-04
4360.560000 5.68047e-04
4361.040000 5.63715e-04
4361.520000 5.62066e-04
4362.010000 5.15418e-04
4362.490000 5.13745e-04
4362.970000 5.13209e-04
4363.450000 4.93774e-04
4363.940000 5.28801e-04
4364.420000 5.69871e-04
4364.900000 5.56746e-04
4365.380000 5.22619e-04
4365.860000 5.12557e-04
4366.350000 5.13555e-04
4366.830000 5.20075e-04
4367.310000 5.51648e-04
4367.790000 5.98619e-04
4368.280000 5.83762e-04
4368.760000 5.14744e-04
4369.240000 4.84476e-04
4369.720000 4.76984e-04
4370.200000 4.72862e-04
4370.690000 4.97749e-04
4371.170000 5.38638e-04
4371.650000 5.44084e-04
4372.130000 4.89114e-04
4372.620000 5.00394e-04
4373.100000 5.16986e-04
4373.580000 5.03050e-04
4374.060000 5.16132e-04
4374.540000 5.19499e-04
4375.030000 5.72607e-04
4375.510000 5.91883e-04
4375.990000 5.45710e-04
4376.470000 5.54267e-04
4376.960000 5.05369e-04
4377.440000 5.15183e-04
4377.920000 5.58062e-04
4378.400000 4.83347e-04
4378.880000 5.03985e-04
4379.370000 5.52930e-04
4379.850000 5.52334e-04
4380.330000 5.34823e-04
4380.810000 4.96613e-04
4381.290000 5.17273e-04
4381.780000 5.56028e-04
4382.260000 5.55463e-04
4382.740000 5.15006e-04
4383.220000 4.63745e-04
4383.710000 4.59224e-04
4384.190000 4.84569e-04
4384.670000 5.05039e-04
4385.150000 4.95590e-04
4385.630000 5.55282e-04
4386.120000 5.69496e-04
4386.600000 5.27335e-04
4387.080000 4.87417e-04
4387.560000 4.98159e-04
4388.050000 5.42594e-04
4388.530000 5.41458e-04
4389.010000 5.86379e-04
4389.490000 5.63644e-04
4389.970000 5.28056e-04
4390.460000 4.99932e-04
4390.940000 4.91811e-04
4391.420000 5.13319e-04
4391.900000 4.89717e-04
4392.390000 4.52194e-04
4392.870000 4.63689e-04
4393.350000 4.86784e-04
4393.830000 5.24927e-04
4394.310000 5.66155e-04
4394.800000 5.36900e-04
4395.280000 5.23077e-04
4395.760000 5.07969e-04
4396.240000 4.52759e-04
4396.730000 4.44962e-04
4397.210000 4.89686e-04
4397.690000 5.05574e-04
4398.170000 5.31876e-04
4398.650000 5.26499e-04
4399.140000 4.99619e-04
4399.620000 5.68734e-04
4400.100000 6.06354e-04
4400.580000 5.69006e-04
4401.070000 5.18683e-04
4401.550000 5.29237e-04
4402.030000 5.55301e-04
4402.510000 5.54670e-04
4402.990000 5.47288e-04
4403.480000 5.45571e-04
4403.960000 5.40972e-04
4404.440000 5.12417e-04
4404.920000 5.44623e-04
4405.410000 5.88331e-04
4405.890000 5.85426e-04
4406.370000 5.72497e-04
4406.850000 5.70249e-04
4407.330000 5.79836e-04
4407.820000 5.18657e-04
4408.300000 5.04307e-04
4408.780000 5.32003e-04
4409.260000 5.08929e-04
4409.750000 4.87452e-04
4410.230000 4.78607e-04
4410.710000 5.43185e-04
4411.190000 5.72503e-04
4411.670000 5.70145e-04
4412.160000 5.40486e-04
4412.640000 4.65874e-04
4413.120000 4.80218e-04
4413.600000 5.15461e-04
4414.080000 5.09417e-04
4414.570000 5.20730e-04
4415.050000 5.20792e-04
4415.530000 5.29697e-04
4416.010000 5.36921e-04
4416.500000 5.22142e-04
4416.980000 5.23031e-04
4417.460000 5.53515e-04
4417.940000 5.71286e-04
4418.420000 5.74403e-04
4418.910000 5.69511e-04
4419.390000 5.01098e-04
4419.870000 5.14943e-04
4420.350000 5.14140e-04
4420.840000 4.94443e-04
4421.320000 4.76832e-04
4421.800000 4.38422e-04
4422.280000 5.15396e-04
4422.760000 5.27976e-04
4423.250000 5.24813e-04
4423.730000 5.11032e-04
4424.210000 5.01944e-04
4424.690000 5.88868e-04
4425.180000 6.12216e-04
4425.660000 5.79275e-04
4426.140000 5.35924e-04
4426.620000 4.90300e-04
4427.100000 5.14951e-04
4427.590000 5.51559e-04
4428.070000 5.48730e-04
4428.550000 4.85361e-04
4429.030000 4.57600e-04
4429.520000 5.15578e-04
4430.000000 5.79961e-04
4430.480000 5.21412e-04
4430.960000 4.50898e-04
4431.440000 5.25391e-04
4431.930000 5.55117e-04
4432.410000 5.10482e-04
4432.890000 5.50635e-04
4433.370000 5.97892e-04
4433.860000 5.54852e-04
4434.340000 5.22971e-04
4434.820000 5.26218e-04
4435.300000 5.98090e-04
4435.780000 6.40023e-04
4436.270000 5.93347e-04
4436.750000 5.48938e-04
4437.230000 5.24420e-04
4437.710000 5.15839e-04
4438.200000 5.27166e-04
4438.680000 5.59442e-04
4439.160000 5.73704e-04
4439.640000 5.30384e-04
4440.120000 5.06844e-04
4440.610000 5.12013e-04
4441.090000 5.53481e-04
4441.570000 5.28736e-04
4442.050000 4.85370e-04
4442.540000 5.67233e-04
4443.020000 5.29611e-04
4443.500000 5.07720e-04
4443.980000 6.07450e-04
4444.460000 5.89946e-04
4444.950000 5.59039e-04
4445.430000 5.72097e-04
4445.910000 5.37494e-04
4446.390000 5.27957e-04
4446.870000 4.98535e-04
4447.360000 4.86393e-04
4447.840000 5.03084e-04
4448.320000 4.67628e-04
4448.800000 4.65350e-04
4449.290000 5.47603e-04
4449.770000 5.68768e-04
4450.250000 5.18540e-04
4450.730000 5.35320e-04
4451.210000 5.50676e-04
4451.700000 5.19291e-04
4452.180000 5.17145e-04
4452.660000 5.28852e-04
4453.140000 4.88428e-04
4453.630000 5.53878e-04
4454.110000 5.92863e-04
4454.590000 5.18659e-04
4455.070000 5.16700e-04
4455.550000 5.50745e-04
4456.040000 5.73380e-04
4456.520000 5.42661e-04
4457.000000 5.39292e-04
4457.480000 5.43734e-04
4457.970000 5.49294e-04
4458.450000 5.49912e-04
4458.930000 5.33814e-04
4459.410000 5.83105e-04
4459.890000 5.57948e-04
4460.380000 5.09316e-04
4460.860000 5.34754e-04
4461.340000 5.97727e-04
4461.820000 5.77385e-04
4462.310000 5.11041e-04
4462.790000 5.72192e-04
4463.270000 5.54001e-04
4463.750000 4.79300e-04
4464.230000 5.01918e-04
4464.720000 5.65909e-04
4465.200000 5.84245e-04
4465.680000 5.55383e-04
4466.160000 5.44012e-04
4466.650000 4.85199e-04
4467.130000 4.39843e-04
4467.610000 5.41359e-04
4468.090000 6.10093e-04
4468.570000 5.84288e-04
4469.060000 5.80886e-04
4469.540000 5.90051e-04
4470.020000 5.97434e-04
4470.500000 5.69373e-04
4470.980000 5.45695e-04
4471.470000 5.55554e-04
4471.950000 5.45800e-04
4472.430000 5.09344e-04
4472.910000 5.05133e-04
4473.400000 5.71517e-04
4473.880000 6.04153e-04
4474.360000 5.45263e-04
4474.840000 5.20250e-04
4475.320000 5.57084e-04
4475.810000 6.08038e-04
4476.290000 6.08275e-04
4476.770000 5.94722e-04
4477.250000 5.95260e-04
4477.740000 5.49765e-04
4478.220000 5.54031e-04
4478.700000 5.70344e-04
4479.180000 5.24377e-04
4479.660000 5.31552e-04
4480.150000 5.68757e-04
4480.630000 6.21935e-04
4481.110000 6.14580e-04
4481.590000 5.61003e-04
4482.080000 5.71223e-04
4482.560000 5.25694e-04
4483.040000 4.97984e-04
4483.520000 5.60608e-04
4484.000000 5.82349e-04
4484.490000 5.74416e-04
4484.970000 5.94735e-04
4485.450000 5.63573e-04
4485.930000 5.37597e-04
4486.420000 5.73538e-04
4486.900000 5.67095e-04
4487.380000 5.70558e-04
4487.860000 5.60142e-04
4488.340000 5.36235e-04
4488.830000 5.63597e-04
4489.310000 5.59133e-04
4489.790000 5.45574e-04
4490.270000 5.76546e-04
4490.760000 5.54709e-04
4491.240000 5.47001e-04
4491.720000 6.05715e-04
4492.200000 5.57614e-04
4492.680000 5.53090e-04
4493.170000 6.01595e-04
4493.650000 5.85150e-04
4494.130000 5.97019e-04
4494.610000 5.51140e-04
4495.100000 4.96916e-04
4495.580000 5.18791e-04
4496.060000 5.97924e-04
4496.540000 6.11937e-04
4497.020000 5.51865e-04
4497.510000 5.18683e-04
4497.990000 5.45414e-04
4498.470000 5.46630e-04
4498.950000 5.22736e-04
4499.440000 5.76854e-04
4499.920000 5.79100e-04
4500.400000 5.56184e-04
4500.880000 5.84038e-04
4501.360000 5.92949e-04
4501.850000 5.94625e-04
4502.330000 6.04780e-04
4502.810000 5.50294e-04
4503.290000 4.89915e-04
4503.770000 5.02955e-04
4504.260000 5.55821e-04
4504.740000 5.68416e-04
4505.220000 5.36723e-04
4505.700000 4.97026e-04
4506.190000 4.93769e-04
4506.670000 5.83379e-04
4507.150000 5.86051e-04
4507.630000 4.96417e-04
4508.110000 5.04253e-04
4508.600000 5.39094e-04
4509.080000 5.54631e-04
4509.560000 5.67947e-04
4510.040000 5.50268e-04
4510.530000 5.17877e-04
4511.010000 5.20729e-04
4511.490000 5.46606e-04
4511.970000 5.51337e-04
4512.450000 5.57235e-04
4512.940000 5.44887e-04
4513.420000 5.32849e-04
4513.900000 5.44861e-04
4514.380000 5.12471e-04
4514.870000 5.25067e-04
4515.350000 6.03124e-04
4515.830000 6.07358e-04
4516.310000 5.61329e-04
4516.790000 5.36764e-04
4517.280000 5.84127e-04
4517.760000 6.03449e-04
4518.240000 5.90285e-04
4518.720000 5.77455e-04
4519.210000 5.56992e-04
4519.690000 5.76546e-04
4520.170000 6.24754e-04
4520.650000 6.74434e-04
4521.130000 7.00265e-04
4521.620000 7.11830e-04
4522.100000 6.53116e-04
4522.580000 5.79879e-04
4523.060000 5.77612e-04
4523.540000 5.58682e-04
4524.030000 5.26948e-04
4524.510000 5.34279e-04
4524.990000 5.36766e-04
4525.470000 5.47709e-04
4525.960000 5.32027e-04
4526.440000 5.76464e-04
4526.920000 6.47033e-04
4527.400000 6.14678e-04
4527.880000 6.16232e-04
4528.370000 6.49832e-04
4528.850000 5.79195e-04
4529.330000 5.33452e-04
4529.810000 5.55160e-04
4530.300000 5.70053e-04
4530.780000 5.89898e-04
4531.260000 5.71061e-04
4531.740000 5.68205e-04
4532.220000 5.70245e-04
4532.710000 6.23060e-04
4533.190000 6.28956e-04
4533.670000 5.82037e-04
4534.150000 6.11154e-04
4534.640000 5.88553e-04
4535.120000 5.49356e-04
4535.600000 6.00187e-04
4536.080000 6.26441e-04
4536.560000 5.49581e-04
4537.050000 4.89930e-04
4537.530000 5.07737e-04
4538.010000 5.57069e-04
4538.490000 6.00738e-04
4538.980000 5.84699e-04
4539.460000 6.04244e-04
4539.940000 6.47057e-04
4540.420000 6.28902e-04
4540.900000 5.88929e-04
4541.390000 5.74216e-04
4541.870000 5.63005e-04
4542.350000 5.52956e-04
4542.830000 5.46357e-04
4543.320000 5.44287e-04
4543.800000 5.17260e-04
4544.280000 4.62933e-04
4544.760000 5.02976e-04
4545.240000 5.75894e-04
4545.730000 5.66594e-04
4546.210000 4.93554e-04
4546.690000 4.94068e-04
4547.170000 5.47539e-04
4547.660000 5.41136e-04
4548.140000 5.17834e-04
4548.620000 5.40113e-04
4549.100000 5.52190e-04
4549.580000 5.32193e-04
4550.070000 5.33370e-04
4550.550000 5.49303e-04
4551.030000 5.73277e-04
4551.510000 6.06949e-04
4552.000000 5.66507e-04
4552.480000 5.63666e-04
4552.960000 5.70750e-04
4553.440000 5.34246e-04
4553.920000 5.11270e-04
4554.410000 4.57698e-04
4554.890000 4.52844e-04
4555.370000 5.37248e-04
4555.850000 5.97114e-04
4556.330000 5.81987e-04
4556.820000 5.25296e-04
4557.300000 4.93530e-04
4557.780000 5.16715e-04
4558.260000 5.56171e-04
4558.750000 5.20032e-04
4559.230000 4.79441e-04
4559.710000 5.12158e-04
4560.190000 4.69062e-04
4560.670000 4.89157e-04
4561.160000 5.54422e-04
4561.640000 5.78878e-04
4562.120000 6.27063e-04
4562.600000 6.08597e-04
4563.090000 5.95422e-04
4563.570000 5.95815e-04
4564.050000 6.35222e-04
4564.530000 7.33282e-04
4565.010000 8.06754e-04
4565.500000 8.71811e-04
4565.980000 9.17628e-04
4566.460000 8.89398e-04
4566.940000 9.29145e-04
4567.430000 9.37752e-04
4567.910000 9.18252e-04
4568.390000 9.21723e-04
4568.870000 8.84531e-04
4569.350000 8.23610e-04
4569.840000 7.44225e-04
4570.320000 7.59851e-04
4570.800000 7.49217e-04
4571.280000 7.61613e-04
4571.770000 7.68509e-04
4572.250000 6.61556e-04
4572.730000 6.21429e-04
4573.210000 6.79873e-04
4573.690000 6.57909e-04
4574.180000 6.35182e-04
4574.660000 6.70049e-04
4575.140000 6.86012e-04
4575.620000 6.11190e-04
4576.100000 5.66063e-04
4576.590000 6.35829e-04
4577.070000 6.47888e-04
4577.550000 6.53669e-04
4578.030000 6.26246e-04
4578.520000 6.24048e-04
4579.000000 6.62312e-04
4579.480000 6.08914e-04
4579.960000 6.02759e-04
4580.440000 5.93735e-04
4580.930000 5.56504e-04
4581.410000 5.70524e-04
4581.890000 5.85580e-04
4582.370000 5.77901e-04
4582.860000 5.22712e-04
4583.340000 5.01165e-04
4583.820000 5.06215e-04
4584.300000 4.96604e-04
4584.780000 5.32703e-04
4585.270000 5.81052e-04
4585.750000 5.75699e-04
4586.230000 5.12533e-04
4586.710000 5.47411e-04
4587.200000 5.93929e-04
4587.680000 5.77219e-04
4588.160000 6.07813e-04
4588.640000 5.61168e-04
4589.120000 5.40743e-04
4589.610000 5.54018e-04
4590.090000 4.95745e-04
4590.570000 4.97317e-04
4591.050000 5.71404e-04
4591.540000 5.35812e-04
4592.020000 5.39854e-04
4592.500000 5.90213e-04
4592.980000 5.49417e-04
4593.460000 4.60448e-04
4593.950000 3.98884e-04
4594.430000 4.83625e-04
4594.910000 5.85148e-04
4595.390000 6.12656e-04
4595.880000 5.86914e-04
4596.360000 5.11559e-04
4596.840000 4.82555e-04
4597.320000 5.38414e-04
4597.800000 5.36503e-04
4598.290000 5.08245e-04
4598.770000 5.04233e-04
4599.250000 5.18819e-04
4599.730000 4.67855e-04
4600.220000 4.38897e-04
4600.700000 4.29031e-04
4601.180000 4.22226e-04
4601.660000 5.18193e-04
4602.140000 5.34864e-04
4602.630000 5.22969e-04
4603.110000 5.24554e-04
4603.590000 5.25029e-04
4604.070000 5.00295e-04
4604.560000 4.94620e-04
4605.040000 4.92966e-04
4605.520000 4.74410e-04
4606.000000 5.13079e-04
4606.480000 4.84837e-04
4606.970000 4.74885e-04
4607.450000 5.49385e-04
4607.930000 5.77081e-04
4608.410000 5.35296e-04
4608.900000 5.47463e-04
4609.380000 5.47366e-04
4609.860000 4.93273e-04
4610.340000 4.89702e-04
4610.820000 4.59705e-04
4611.310000 4.61532e-04
4611.790000 5.26849e-04
4612.270000 4.69608e-04
4612.750000 3.87283e-04
4613.230000 3.75718e-04
4613.720000 4.21790e-04
4614.200000 3.96399e-04
4614.680000 3.75470e-04
4615.160000 4.28474e-04
4615.650000 4.23623e-04
4616.130000 3.92325e-04
4616.610000 3.95365e-04
4617.090000 4.88082e-04
4617.570000 4.99044e-04
4618.060000 5.19983e-04
4618.540000 5.23908e-04
4619.020000 4.16720e-04
4619.500000 4.27481e-04
4619.990000 4.64078e-04
4620.470000 3.82891e-04
4620.950000 3.39333e-04
4621.430000 3.80300e-04
4621.910000 3.65701e-04
4622.400000 3.83442e-04
4622.880000 4.36390e-04
4623.360000 3.75729e-04
4623.840000 3.71365e-04
4624.330000 3.30424e-04
4624.810000 2.58144e-04
4625.290000 3.13481e-04
4625.770000 3.40441e-04
4626.250000 3.27935e-04
4626.740000 3.06157e-04
4627.220000 3.32728e-04
4627.700000 2.58965e-04
4628.180000 1.94209e-04
4628.670000 2.77253e-04
4629.150000 2.50265e-04
4629.630000 2.17507e-04
4630.110000 2.36295e-04
4630.590000 2.85476e-04
4631.080000 3.12561e-04
4631.560000 2.66230e-04
4632.040000 2.13442e-04
4632.520000 2.05413e-04
4633.000000 2.46082e-04
4633.490000 2.57814e-04
4633.970000 2.63032e-04
4634.450000 2.73699e-04
4634.930000 2.84307e-04
4635.420000 2.35494e-04
4635.900000 1.81999e-04
4636.380000 2.19546e-04
4636.860000 2.42844e-04
4637.340000 2.29485e-04
4637.830000 2.36204e-04
4638.310000 2.05711e-04
4638.790000 1.56384e-04
4639.270000 1.35556e-04
4639.760000 1.72941e-04
4640.240000 1.56339e-04
4640.720000 9.16868e-05
4641.200000 7.14548e-05
4641.680000 8.33813e-05
4642.170000 7.25128e-05
4642.650000 5.09955e-05
4643.130000 5.37168e-05
4643.610000 -3.28757e-05
4644.100000 -1.14173e-04
4644.580000 -5.00586e-05
4645.060000 -3.52785e-06
4645.540000 -6.92364e-05
4646.020000 -4.97252e-05
4646.510000 -8.21147e-05
4646.990000 -9.50042e-05
4647.470000 -5.10029e-05
4647.950000 -1.02011e-04
4648.440000 -1.68448e-04
4648.920000 -1.89930e-04
4649.400000 -1.51664e-04
4649.880000 -1.94907e-04
4650.360000 -2.52293e-04
4650.850000 -2.69657e-04
4651.330000 -2.81531e-04
4651.810000 -2.75373e-04
4652.290000 -2.52251e-04
4652.780000 -2.72255e-04
4653.260000 -2.88201e-04
4653.740000 -2.29957e-04
4654.220000 -2.17585e-04
4654.700000 -2.31972e-04
4655.190000 -2.61251e-04
4655.670000 -2.39868e-04
4656.150000 -1.54663e-04
4656.630000 -1.70903e-04
4657.120000 -2.34945e-04
4657.600000 -2.67513e-04
4658.080000 -2.73814e-04
4658.560000 -2.47275e-04
4659.040000 -2.45588e-04
4659.530000 -3.27464e-04
4660.010000 -3.69618e-04
4660.490000 -3.47722e-04
4660.970000 -3.86886e-04
4661.460000 -3.84569e-04
4661.940000 -4.18721e-04
4662.420000 -3.95490e-04
4662.900000 -3.02963e-04
4663.380000 -3.83703e-04
4663.870000 -3.99504e-04
4664.350000 -3.92213e-04
4664.830000 -4.43555e-04
4665.310000 -4.67831e-04
4665.790000 -4.38703e-04
4666.280000 -4.36122e-04
4666.760000 -5.41784e-04
4667.240000 -5.78046e-04
4667.720000 -5.23331e-04
4668.210000 -5.70675e-04
4668.690000 -5.87314e-04
4669.170000 -4.91554e-04
4669.650000 -5.27913e-04
4670.130000 -6.30114e-04
4670.620000 -5.86703e-04
4671.100000 -5.10717e-04
4671.580000 -5.21380e-04
4672.060000 -4.90028e-04
4672.550000 -4.85230e-04
4673.030000 -4.93478e-04
4673.510000 -4.50121e-04
4673.990000 -3.27807e-04
4674.470000 -2.58163e-04
4674.960000 -3.05932e-04
4675.440000 -2.51440e-04
4675.920000 -1.59455e-04
4676.400000 -8.71886e-05
4676.890000 -2.09194e-05
4677.370000 3.98178e-05
4677.850000 1.09995e-04
4678.330000 2.13586e-04
4678.810000 3.13334e-04
4679.300000 3.77292e-04
4679.780000 5.53474e-04
4680.260000 7.73542e-04
4680.740000 8.92939e-04
4681.230000 9.92695e-04
4681.710000 1.12073e-03
4682.190000 1.28200e-03
4682.670000 1.38094e-03
4683.150000 1.50536e-03
4683.640000 1.65020e-03
4684.120000 1.70516e-03
4684.600000 1.85986e-03
4685.080000 2.03745e-03
4685.560000 2.16367e-03
4686.050000 2.25985e-03
4686.530000 2.34757e-03
4687.010000 2.40298e-03
4687.490000 2.39460e-03
4687.980000 2.48497e-03
4688.460000 2.52769e-03
4688.940000 2.51235e-03
4689.420000 2.51807e-03
4689.900000 2.51480e-03
4690.390000 2.52570e-03
4690.870000 2.55442e-03
4691.350000 2.59280e-03
4691.830000 2.59076e-03
4692.320000 2.53177e-03
4692.800000 2.45697e-03
4693.280000 2.43389e-03
4693.760000 2.43262e-03
4694.240000 2.43779e-03
4694.730000 2.40844e-03
4695.210000 2.40134e-03
4695.690000 2.35471e-03
4696.170000 2.25696e-03
4696.660000 2.19627e-03
4697.140000 2.16968e-03
4697.620000 2.11078e-03
4698.100000 2.01688e-03
4698.580000 1.97081e-03
4699.070000 1.93515e-03
4699.550000 1.84964e-03
4700.030000 1.80738e-03
4700.510000 1.78128e-03
4701.000000 1.72823e-03
4701.480000 1.73265e-03
4701.960000 1.70471e-03
4702.440000 1.57713e-03
4702.920000 1.49801e-03
4703.410000 1.54086e-03
4703.890000 1.49231e-03
4704.370000 1.39233e-03
4704.850000 1.35021e-03
4705.340000 1.27144e-03
4705.820000 1.27126e-03
4706.300000 1.28205e-03
4706.780000 1.21416e-03
4707.260000 1.16522e-03
4707.750000 1.14150e-03
4708.230000 1.12282e-03
4708.710000 1.08255e-03
4709.190000 1.02969e-03
4709.680000 1.01466e-03
4710.160000 9.66482e-04
4710.640000 8.94329e-04
4711.120000 8.32012e-04
4711.600000 7.59795e-04
4712.090000 7.66499e-04
4712.570000 7.73130e-04
4713.050000 7.36469e-04
4713.530000 6.51585e-04
4714.020000 6.61070e-04
4714.500000 6.84815e-04
4714.980000 6.25411e-04
4715.460000 5.92105e-04
4715.940000 5.64685e-04
4716.430000 6.79478e-04
4716.910000 6.55802e-04
4717.390000 4.91461e-04
4717.870000 4.47031e-04
4718.350000 4.48171e-04
4718.840000 4.44449e-04
4719.320000 3.98470e-04
4719.800000 3.99718e-04
4720.280000 4.50902e-04
4720.770000 4.09845e-04
4721.250000 3.75275e-04
4721.730000 4.05410e-04
4722.210000 4.38211e-04
4722.690000 4.00944e-04
4723.180000 2.95857e-04
4723.660000 3.01950e-04
4724.140000 2.50272e-04
4724.620000 1.98072e-04
4725.110000 2.40386e-04
4725.590000 2.09173e-04
4726.070000 1.74059e-04
4726.550000 1.88306e-04
4727.030000 1.88177e-04
4727.520000 1.34196e-04
4728.000000 9.49223e-05
4728.480000 1.44260e-04
4728.960000 1.23916e-04
4729.450000 1.48717e-04
4729.930000 1.61963e-04
4730.410000 1.08540e-04
4730.890000 1.13085e-04
4731.370000 1.07143e-04
4731.860000 7.81342e-05
4732.340000 4.70094e-05
4732.820000 9.89418e-05
4733.300000 5.30891e-05
4733.790000 -3.24268e-05
4734.270000 -1.35340e-05
4734.750000 -1.86563e-05
4735.230000 -3.27919e-05
4735.710000 -6.15381e-05
4736.200000 -6.41160e-05
4736.680000 -4.32469e-05
4737.160000 -7.94306e-05
4737.640000 -7.19801e-05
4738.130000 -7.00690e-05
4738.610000 -9.99682e-05
4739.090000 -9.67700e-05
4739.570000 -9.37078e-05
4740.050000 -1.44163e-04
4740.540000 -1.77562e-04
4741.020000 -1.62799e-04
4741.500000 -1.63406e-04
4741.980000 -1.74513e-04
4742.470000 -2.27125e-04
4742.950000 -2.38894e-04
4743.430000 -2.57168e-04
4743.910000 -2.72710e-04
4744.390000 -2.73457e-04
4744.880000 -2.61603e-04
4745.360000 -2.79903e-04
4745.840000 -3.31229e-04
4746.320000 -3.12896e-04
4746.800000 -2.24967e-04
4747.290000 -2.01214e-04
4747.770000 -2.77182e-04
4748.250000 -2.40615e-04
4748.730000 -2.54918e-04
4749.220000 -3.30659e-04
4749.700000 -2.70365e-04
4750.180000 -2.79307e-04
4750.660000 -3.24834e-04
4751.140000 -2.80652e-04
4751.630000 -2.98209e-04
4752.110000 -2.72190e-04
4752.590000 -2.56605e-04
4753.070000 -3.49205e-04
4753.560000 -2.83316e-04
4754.040000 -2.43029e-04
4754.520000 -2.86208e-04
4755.000000 -2.02641e-04
4755.480000 -1.50995e-04
4755.970000 -1.75990e-04
4756.450000 -1.78527e-04
4756.930000 -2.03669e-04
4757.410000 -1.95285e-04
4757.900000 -1.48512e-04
4758.380000 -1.90545e-04
4758.860000 -2.11820e-04
4759.340000 -1.97919e-04
4759.820000 -1.94946e-04
4760.310000 -1.60808e-04
4760.790000 -1.46585e-04
4761.270000 -1.90526e-04
4761.750000 -2.17294e-04
4762.240000 -2.34000e-04
4762.720000 -2.29931e-04
4763.200000 -2.25225e-04
4763.680000 -2.59805e-04
4764.160000 -2.99362e-04
4764.650000 -3.41421e-04
4765.130000 -3.58995e-04
4765.610000 -3.46012e-04
4766.090000 -3.69268e-04
4766.580000 -4.51701e-04
4767.060000 -4.98733e-04
4767.540000 -4.21170e-04
4768.020000 -3.79281e-04
4768.500000 -4.30837e-04
4768.990000 -4.13602e-04
4769.470000 -3.15979e-04
4769.950000 -2.73613e-04
4770.430000 -3.34948e-04
4770.920000 -3.48879e-04
4771.400000 -3.27056e-04
4771.880000 -3.32512e-04
4772.360000 -3.45265e-04
4772.840000 -3.20211e-04
4773.330000 -2.77398e-04
4773.810000 -2.42788e-04
4774.290000 -2.82016e-04
4774.770000 -2.89481e-04
4775.250000 -2.17471e-04
4775.740000 -2.60545e-04
4776.220000 -2.98044e-04
4776.700000 -2.39117e-04
4777.180000 -1.94583e-04
4777.670000 -2.37627e-04
4778.150000 -2.92337e-04
4778.630000 -2.90629e-04
4779.110000 -2.46176e-04
4779.590000 -2.26559e-04
4780.080000 -1.94518e-04
4780.560000 -2.04748e-04
4781.040000 -2.67301e-04
4781.520000 -2.45200e-04
4782.010000 -1.83050e-04
4782.490000 -1.13169e-04
4782.970000 -1.45754e-04
4783.450000 -2.28599e-04
4783.930000 -1.54125e-04
4784.420000 -7.51726e-05
4784.900000 -6.05863e-05
4785.380000 -5.55348e-05
4785.860000 -7.83093e-05
4786.350000 -8.46591e-05
4786.830000 -1.12060e-04
4787.310000 -1.30503e-04
4787.790000 -1.15799e-04
4788.270000 -1.50420e-04
4788.760000 -1.80950e-04
4789.240000 -1.14817e-04
4789.720000 -6.20559e-05
4790.200000 -7.12313e-05
4790.690000 -6.13164e-05
4791.170000 -1.09999e-04
4791.650000 -1.08777e-04
4792.130000 -4.10788e-05
4792.610000 -3.13520e-05
4793.100000 1.70842e-05
4793.580000 8.03526e-05
4794.060000 5.23590e-05
4794.540000 -2.43913e-05
4795.030000 3.18550e-05
4795.510000 1.51074e-04
4795.990000 9.64254e-05
4796.470000 -2.77162e-06
4796.950000 7.11717e-06
4797.440000 3.88362e-05
4797.920000 5.93644e-05
4798.400000 4.69089e-05
4798.880000 1.37933e-04
4799.370000 1.66649e-04
4799.850000 1.02142e-04
4800.330000 2.20593e-05
4800.810000 2.18265e-05
4801.290000 5.87273e-05
4801.780000 8.39122e-06
4802.260000 5.04442e-05
4802.740000 1.15486e-04
4803.220000 6.09625e-05
4803.710000 -2.40542e-05
4804.190000 5.76917e-05
4804.670000 1.63607e-04
4805.150000 1.82390e-04
4805.630000 1.78633e-04
4806.120000 1.40855e-04
4806.600000 8.94535e-05
4807.080000 1.18671e-04
4807.560000 2.35347e-04
4808.040000 2.46726e-04
4808.530000 1.23825e-04
4809.010000 1.31743e-04
4809.490000 2.35654e-04
4809.970000 2.17834e-04
4810.460000 1.45761e-04
4810.940000 1.22188e-04
4811.420000 1.26449e-04
4811.900000 1.46437e-04
4812.380000 1.12439e-04
4812.870000 1.09084e-04
4813.350000 8.64509e-05
4813.830000 1.51873e-04
4814.310000 2.17544e-04
4814.800000 1.42394e-04
4815.280000 1.31173e-04
4815.760000 1.36072e-04
4816.240000 1.57591e-04
4816.720000 2.01771e-04
4817.210000 1.61817e-04
4817.690000 1.06383e-04
4818.170000 1.71257e-04
4818.650000 1.68309e-04
4819.140000 1.41693e-04
4819.620000 1.54326e-04
4820.100000 1.36182e-04
4820.580000 1.31566e-04
4821.060000 1.81360e-04
4821.550000 2.05981e-04
4822.030000 2.04347e-04
4822.510000 1.77126e-04
4822.990000 1.57835e-04
4823.480000 1.77512e-04
4823.960000 1.14810e-04
4824.440000 1.47019e-04
4824.920000 2.27058e-04
4825.400000 2.32197e-04
4825.890000 2.62335e-04
4826.370000 2.68910e-04
4826.850000 1.47032e-04
4827.330000 1.15186e-04
4827.810000 1.67964e-04
4828.300000 2.32315e-04
4828.780000 2.50980e-04
4829.260000 2.24140e-04
4829.740000 3.23329e-04
4830.230000 3.44843e-04
4830.710000 2.91310e-04
4831.190000 3.54046e-04
4831.670000 4.15413e-04
4832.150000 3.95823e-04
4832.640000 3.88158e-04
4833.120000 3.74367e-04
4833.600000 3.04418e-04
4834.080000 2.85795e-04
4834.570000 3.07940e-04
4835.050000 2.27451e-04
4835.530000 1.79233e-04
4836.010000 2.44329e-04
4836.490000 2.14551e-04
4836.980000 1.89368e-04
4837.460000 2.67670e-04
4837.940000 2.79985e-04
4838.420000 3.43220e-04
4838.910000 3.25922e-04
4839.390000 2.37303e-04
4839.870000 3.09452e-04
4840.350000 3.69541e-04
4840.830000 2.93521e-04
4841.320000 2.10481e-04
4841.800000 2.29346e-04
4842.280000 2.86598e-04
4842.760000 2.60592e-04
4843.250000 1.79285e-04
4843.730000 1.77268e-04
4844.210000 2.72354e-04
4844.690000 2.63266e-04
4845.170000 1.87952e-04
4845.660000 1.36429e-04
4846.140000 1.92393e-04
4846.620000 2.96837e-04
4847.100000 3.26861e-04
4847.590000 3.86287e-04
4848.070000 3.76906e-04
4848.550000 2.97125e-04
4849.030000 3.15564e-04
4849.510000 3.01920e-04
4850.000000 2.56738e-04
4850.480000 2.73392e-04
4850.960000 2.83413e-04
4851.440000 3.13412e-04
4851.930000 3.61061e-04
4852.410000 3.42743e-04
4852.890000 2.81725e-04
4853.370000 1.95557e-04
4853.850000 1.47188e-04
4854.340000 2.39281e-04
4854.820000 3.14929e-04
4855.300000 3.35157e-04
4855.780000 2.91547e-04
4856.270000 3.04053e-04
4856.750000 3.75073e-04
4857.230000 3.63689e-04
4857.710000 3.32020e-04
4858.190000 4.01227e-04
4858.680000 3.82289e-04
4859.160000 2.99586e-04
4859.640000 2.71318e-04
4860.120000 2.95628e-04
4860.600000 3.05803e-04
4861.090000 3.13934e-04
4861.570000 3.39685e-04
4862.050000 3.20198e-04
4862.530000 3.60068e-04
4863.020000 3.92826e-04
4863.500000 3.40557e-04
4863.980000 3.30456e-04
4864.460000 2.97036e-04
4864.940000 2.88891e-04
4865.430000 3.64020e-04
4865.910000 3.44438e-04
4866.390000 3.97751e-04
4866.870000 4.05753e-04
4867.360000 3.35004e-04
4867.840000 3.38687e-04
4868.320000 3.30226e-04
4868.800000 3.21290e-04
4869.280000 3.80099e-04
4869.770000 3.94752e-04
4870.250000 3.27840e-04
4870.730000 3.91385e-04
4871.210000 3.38463e-04
4871.700000 2.50116e-04
4872.180000 3.19544e-04
4872.660000 3.50798e-04
4873.140000 4.08769e-04
4873.620000 4.37943e-04
4874.110000 3.76582e-04
4874.590000 3.26576e-04
4875.070000 3.94171e-04
4875.550000 4.46601e-04
4876.040000 4.60427e-04
4876.520000 4.04079e-04
4877.000000 3.78568e-04
4877.480000 4.53934e-04
4877.960000 4.77828e-04
4878.450000 4.46206e-04
4878.930000 4.30046e-04
4879.410000 3.82388e-04
4879.890000 3.25391e-04
4880.380000 3.88505e-04
4880.860000 4.42773e-04
4881.340000 4.39486e-04
4881.820000 3.56589e-04
4882.300000 2.86881e-04
4882.790000 3.80991e-04
4883.270000 4.25598e-04
4883.750000 3.54609e-04
4884.230000 3.33168e-04
4884.710000 3.51468e-04
4885.200000 3.45439e-04
4885.680000 3.20710e-04
4886.160000 3.27874e-04
4886.640000 3.62106e-04
4887.130000 3.86460e-04
4887.610000 4.22666e-04
4888.090000 4.03207e-04
4888.570000 2.74673e-04
4889.050000 2.58233e-04
4889.540000 3.37435e-04
4890.020000 3.10179e-04
4890.500000 2.87140e-04
4890.980000 3.87162e-04
4891.470000 4.45763e-04
4891.950000 3.93720e-04
4892.430000 3.89155e-04
4892.910000 4.52282e-04
4893.390000 4.37848e-04
4893.880000 3.45940e-04
4894.360000 4.02002e-04
4894.840000 4.71046e-04
4895.320000 4.27593e-04
4895.810000 3.89552e-04
4896.290000 4.02719e-04
4896.770000 4.88341e-04
4897.250000 4.55782e-04
4897.730000 3.50086e-04
4898.220000 3.36917e-04
4898.700000 3.80602e-04
4899.180000 4.04099e-04
4899.660000 3.90474e-04
4900.150000 4.11553e-04
4900.630000 4.52252e-04
4901.110000 4.31979e-04
4901.590000 4.00050e-04
4902.070000 4.77752e-04
4902.560000 5.50663e-04
4903.040000 5.28801e-04
4903.520000 4.71279e-04
4904.000000 4.35507e-04
4904.490000 4.10693e-04
4904.970000 4.46070e-04
4905.450000 5.54107e-04
4905.930000 5.33184e-04
4906.410000 4.85361e-04
4906.900000 4.82174e-04
4907.380000 4.15597e-04
4907.860000 4.36109e-04
4908.340000 3.99979e-04
4908.830000 3.83077e-04
4909.310000 5.29127e-04
4909.790000 5.52032e-04
4910.270000 4.58326e-04
4910.750000 4.29740e-04
4911.240000 4.64620e-04
4911.720000 4.88291e-04
4912.200000 4.72346e-04
4912.680000 4.50077e-04
4913.170000 4.66185e-04
4913.650000 5.05662e-04
4914.130000 5.37161e-04
4914.610000 5.00547e-04
4915.090000 5.03009e-04
4915.580000 5.78403e-04
4916.060000 5.40216e-04
4916.540000 5.56406e-04
4917.020000 5.61267e-04
4917.500000 5.22917e-04
4917.990000 5.14569e-04
4918.470000 4.92580e-04
4918.950000 5.44472e-04
4919.430000 5.89840e-04
4919.920000 5.06999e-04
4920.400000 3.83062e-04
4920.880000 4.53146e-04
4921.360000 4.80881e-04
4921.840000 4.71631e-04
4922.330000 4.88056e-04
4922.810000 5.00690e-04
4923.290000 4.73797e-04
4923.770000 4.27384e-04
4924.260000 4.82958e-04
4924.740000 5.01381e-04
4925.220000 4.89933e-04
4925.700000 4.72773e-04
4926.180000 4.25756e-04
4926.670000 3.62672e-04
4927.150000 3.55707e-04
4927.630000 4.04425e-04
4928.110000 4.06399e-04
4928.600000 4.41490e-04
4929.080000 5.27730e-04
4929.560000 5.15116e-04
4930.040000 4.41734e-04
4930.520000 4.02417e-04
4931.010000 4.28883e-04
4931.490000 4.79601e-04
4931.970000 4.49879e-04
4932.450000 4.79143e-04
4932.940000 4.94625e-04
4933.420000 4.67354e-04
4933.900000 4.84191e-04
4934.380000 4.81827e-04
4934.860000 4.57346e-04
4935.350000 4.67896e-04
4935.830000 5.01795e-04
4936.310000 5.32450e-04
4936.790000 5.53293e-04
4937.270000 5.49788e-04
4937.760000 5.39644e-04
4938.240000 5.95221e-04
4938.720000 4.75584e-04
4939.200000 3.38161e-04
4939.690000 4.71955e-04
4940.170000 5.32262e-04
4940.650000 5.12242e-04
4941.130000 4.60278e-04
4941.610000 3.68683e-04
4942.100000 4.71089e-04
4942.580000 5.90876e-04
4943.060000 5.21783e-04
4943.540000 4.64059e-04
4944.030000 4.49574e-04
4944.510000 5.40020e-04
4944.990000 5.05632e-04
4945.470000 4.18320e-04
4945.950000 3.85962e-04
4946.440000 4.25236e-04
4946.920000 4.51729e-04
4947.400000 4.43168e-04
4947.880000 5.04259e-04
4948.370000 4.92891e-04
4948.850000 5.28652e-04
4949.330000 4.75733e-04
4949.810000 3.97574e-04
4950.290000 4.65782e-04
4950.780000 4.49989e-04
4951.260000 3.97015e-04
4951.740000 4.40747e-04
4952.220000 5.10894e-04
4952.710000 5.21766e-04
4953.190000 4.99995e-04
4953.670000 5.09793e-04
4954.150000 5.52818e-04
4954.630000 5.80117e-04
4955.120000 5.47450e-04
4955.600000 4.78581e-04
4956.080000 4.97786e-04
4956.560000 5.46612e-04
4957.050000 5.39789e-04
4957.530000 5.01499e-04
4958.010000 4.40460e-04
4958.490000 4.40221e-04
4958.970000 5.07088e-04
4959.460000 4.49926e-04
4959.940000 3.67999e-04
4960.420000 3.46351e-04
4960.900000 3.26587e-04
4961.390000 4.35559e-04
4961.870000 4.86519e-04
4962.350000 5.02743e-04
4962.830000 5.10084e-04
4963.310000 5.01515e-04
4963.800000 5.46787e-04
4964.280000 5.32864e-04
4964.760000 5.71303e-04
4965.240000 6.18549e-04
4965.730000 6.26773e-04
4966.210000 6.47668e-04
4966.690000 6.34795e-04
4967.170000 5.98907e-04
4967.650000 6.54345e-04
4968.140000 6.68107e-04
4968.620000 6.67067e-04
4969.100000 7.16694e-04
4969.580000 7.91991e-04
4970.060000 9.35666e-04
4970.550000 1.10064e-03
4971.030000 1.37853e-03
4971.510000 1.84473e-03
4971.990000 2.16296e-03
4972.480000 2.13797e-03
4972.960000 1.88910e-03
4973.440000 1.46258e-03
4973.920000 1.14667e-03
4974.400000 9.59178e-04
4974.890000 8.08544e-04
4975.370000 8.11450e-04
4975.850000 7.29211e-04
4976.330000 6.21535e-04
4976.820000 6.38591e-04
4977.300000 6.44058e-04
4977.780000 5.95622e-04
4978.260000 5.09365e-04
4978.740000 5.05107e-04
4979.230000 4.76941e-04
4979.710000 5.12388e-04
4980.190000 5.73948e-04
4980.670000 5.59621e-04
4981.160000 5.62649e-04
4981.640000 5.57337e-04
4982.120000 5.43736e-04
4982.600000 5.58278e-04
4983.080000 5.17022e-04
4983.570000 4.95626e-04
4984.050000 5.44848e-04
4984.530000 6.48741e-04
4985.010000 6.35544e-04
4985.500000 4.58533e-04
4985.980000 4.39383e-04
4986.460000 5.07684e-04
4986.940000 5.08947e-04
4987.420000 5.49309e-04
4987.910000 5.44567e-04
4988.390000 4.77072e-04
4988.870000 4.36492e-04
4989.350000 4.75142e-04
4989.830000 5.30975e-04
4990.320000 5.27697e-04
4990.800000 5.19963e-04
4991.280000 5.89924e-04
4991.760000 5.99926e-04
4992.250000 6.09621e-04
4992.730000 6.28838e-04
4993.210000 5.42773e-04
4993.690000 5.53278e-04
4994.170000 4.88838e-04
4994.660000 4.58397e-04
4995.140000 5.28585e-04
4995.620000 5.46569e-04
4996.100000 5.39342e-04
4996.590000 4.78467e-04
4997.070000 4.45826e-04
4997.550000 4.70940e-04
4998.030000 4.86508e-04
4998.510000 5.05483e-04
4999.000000 5.09331e-04
4999.480000 5.19214e-04
4999.960000 5.64151e-04
5000.440000 6.29677e-04
5000.930000 6.94809e-04
5001.410000 6.28797e-04
5001.890000 5.71692e-04
5002.370000 6.21198e-04
5002.850000 6.15107e-04
5003.340000 5.33268e-04
5003.820000 4.81779e-04
5004.300000 4.95490e-04
5004.780000 5.16724e-04
5005.270000 5.05805e-04
5005.750000 5.13375e-04
5006.230000 5.11089e-04
5006.710000 5.94590e-04
5007.190000 7.11523e-04
5007.680000 6.42836e-04
5008.160000 5.50536e-04
5008.640000 5.46537e-04
5009.120000 5.25268e-04
5009.610000 5.29751e-04
5010.090000 5.76837e-04
5010.570000 5.78055e-04
5011.050000 5.25668e-04
5011.530000 5.37066e-04
5012.020000 5.80916e-04
5012.500000 5.15848e-04
5012.980000 5.18581e-04
5013.460000 5.29015e-04
5013.950000 5.11395e-04
5014.430000 5.32299e-04
5014.910000 5.72896e-04
5015.390000 6.11695e-04
5015.870000 5.73920e-04
5016.360000 4.77258e-04
5016.840000 4.50253e-04
5017.320000 5.53118e-04
5017.800000 6.11497e-04
5018.290000 6.25093e-04
5018.770000 6.62604e-04
5019.250000 6.08342e-04
5019.730000 4.55048e-04
5020.210000 4.38005e-04
5020.700000 5.06245e-04
5021.180000 5.51341e-04
5021.660000 4.70150e-04
5022.140000 4.61891e-04
5022.620000 5.52801e-04
5023.110000 6.58073e-04
5023.590000 7.32856e-04
5024.070000 7.38403e-04
5024.550000 6.71929e-04
5025.040000 5.66576e-04
5025.520000 5.80566e-04
5026.000000 5.81611e-04
5026.480000 5.29004e-04
5026.960000 4.69571e-04
5027.450000 4.94858e-04
5027.930000 5.07392e-04
5028.410000 4.05606e-04
5028.890000 3.63136e-04
5029.380000 4.10657e-04
5029.860000 4.20127e-04
5030.340000 4.64633e-04
5030.820000 4.80218e-04
5031.300000 5.04281e-04
5031.790000 5.39271e-04
5032.270000 5.70579e-04
5032.750000 6.79288e-04
5033.230000 6.59071e-04
5033.720000 5.20879e-04
5034.200000 5.24826e-04
5034.680000 6.28131e-04
5035.160000 6.42091e-04
5035.640000 6.30379e-04
5036.130000 6.19056e-04
5036.610000 5.79195e-04
5037.090000 6.24031e-04
5037.570000 6.09282e-04
5038.060000 5.65499e-04
5038.540000 6.53518e-04
5039.020000 6.26056e-04
5039.500000 5.02095e-04
5039.980000 5.01597e-04
5040.470000 5.43438e-04
5040.950000 5.81078e-04
5041.430000 5.67833e-04
5041.910000 5.68908e-04
5042.400000 6.54485e-04
5042.880000 6.31308e-04
5043.360000 5.82989e-04
5043.840000 5.43322e-04
5044.320000 5.25950e-04
5044.810000 6.16191e-04
5045.290000 5.66762e-04
5045.770000 4.96743e-04
5046.250000 6.21680e-04
5046.740000 7.64748e-04
5047.220000 7.46688e-04
5047.700000 6.78241e-04
5048.180000 6.79243e-04
5048.660000 6.97285e-04
5049.150000 7.20678e-04
5049.630000 6.67103e-04
5050.110000 6.51751e-04
5050.590000 7.09862e-04
5051.070000 6.82997e-04
5051.560000 6.76448e-04
5052.040000 6.71109e-04
5052.520000 6.69520e-04
5053.000000 7.14412e-04
5053.490000 8.23954e-04
5053.970000 8.52069e-04
5054.450000 7.81411e-04
5054.930000 7.71472e-04
5055.410000 8.40602e-04
5055.900000 9.08878e-04
5056.380000 9.12640e-04
5056.860000 1.02176e-03
5057.340000 1.00769e-03
5057.830000 9.62514e-04
5058.310000 1.00164e-03
5058.790000 1.03354e-03
5059.270000 1.10675e-03
5059.750000 1.10615e-03
5060.240000 1.07196e-03
5060.720000 1.08775e-03
5061.200000 1.11528e-03
5061.680000 1.19954e-03
5062.170000 1.21906e-03
5062.650000 1.15698e-03
5063.130000 1.20392e-03
5063.610000 1.32380e-03
5064.090000 1.38306e-03
5064.580000 1.37249e-03
5065.060000 1.35753e-03
5065.540000 1.38359e-03
5066.020000 1.39776e-03
5066.510000 1.30783e-03
5066.990000 1.26413e-03
5067.470000 1.27825e-03
5067.950000 1.31819e-03
5068.430000 1.33388e-03
5068.920000 1.34796e-03
5069.400000 1.39323e-03
5069.880000 1.36584e-03
5070.360000 1.37767e-03
5070.850000 1.28645e-03
5071.330000 1.18063e-03
5071.810000 1.22014e-03
5072.290000 1.24855e-03
5072.770000 1.36849e-03
5073.260000 1.38721e-03
5073.740000 1.24249e-03
5074.220000 1.23349e-03
5074.700000 1.24811e-03
5075.190000 1.20004e-03
5075.670000 1.27528e-03
5076.150000 1.33454e-03
5076.630000 1.18821e-03
5077.110000 1.08592e-03
5077.600000 1.14402e-03
5078.080000 1.07710e-03
5078.560000 1.13305e-03
5079.040000 1.20632e-03
5079.520000 1.12496e-03
5080.010000 1.13349e-03
5080.490000 1.07279e-03
5080.970000 1.06734e-03
5081.450000 1.05465e-03
5081.940000 1.06001e-03
5082.420000 1.07916e-03
5082.900000 9.39695e-04
5083.380000 9.45894e-04
5083.860000 1.05317e-03
5084.350000 9.91752e-04
5084.830000 8.60682e-04
5085.310000 8.20123e-04
5085.790000 9.47183e-04
5086.280000 1.03356e-03
5086.760000 1.13479e-03
5087.240000 1.33953e-03
5087.720000 1.54172e-03
5088.200000 1.74773e-03
5088.690000 1.59781e-03
5089.170000 1.40450e-03
5089.650000 1.38707e-03
5090.130000 1.27500e-03
5090.620000 1.23243e-03
5091.100000 1.14843e-03
5091.580000 9.89465e-04
5092.060000 1.05708e-03
5092.540000 1.03256e-03
5093.030000 8.70965e-04
5093.510000 7.83622e-04
5093.990000 7.56269e-04
5094.470000 7.86072e-04
5094.960000 8.42623e-04
5095.440000 8.19407e-04
5095.920000 8.31058e-04
5096.400000 9.35694e-04
5096.880000 8.98188e-04
5097.370000 7.03987e-04
5097.850000 6.52947e-04
5098.330000 7.47105e-04
5098.810000 6.26989e-04
5099.300000 6.03104e-04
5099.780000 7.34424e-04
5100.260000 8.36538e-04
5100.740000 7.86837e-04
5101.220000 7.13272e-04
5101.710000 7.66924e-04
5102.190000 7.00988e-04
5102.670000 6.70062e-04
5103.150000 5.97695e-04
5103.640000 5.03283e-04
5104.120000 5.50961e-04
5104.600000 5.72201e-04
5105.080000 5.54115e-04
5105.560000 5.20077e-04
5106.050000 5.40314e-04
5106.530000 6.39854e-04
5107.010000 6.07222e-04
5107.490000 5.55322e-04
5107.980000 5.51989e-04
5108.460000 5.16156e-04
5108.940000 5.67153e-04
5109.420000 6.02791e-04
5109.900000 5.86718e-04
5110.390000 6.42721e-04
5110.870000 5.79080e-04
5111.350000 4.33864e-04
5111.830000 4.08651e-04
5112.310000 3.83571e-04
5112.800000 4.83153e-04
5113.280000 5.86987e-04
5113.760000 5.01143e-04
5114.240000 4.89747e-04
5114.730000 5.28332e-04
5115.210000 5.88147e-04
5115.690000 5.77537e-04
5116.170000 5.00781e-04
5116.650000 5.72393e-04
5117.140000 5.37109e-04
5117.620000 5.01972e-04
5118.100000 4.62219e-04
5118.580000 4.48640e-04
5119.070000 4.49019e-04
5119.550000 4.19982e-04
5120.030000 4.66418e-04
5120.510000 4.08335e-04
5120.990000 4.75794e-04
5121.480000 4.84822e-04
5121.960000 3.98792e-04
5122.440000 4.96369e-04
5122.920000 5.91131e-04
5123.410000 6.18516e-04
5123.890000 6.44110e-04
5124.370000 5.85796e-04
5124.850000 5.38502e-04
5125.330000 5.57953e-04
5125.820000 6.61859e-04
5126.300000 6.91026e-04
5126.780000 5.88201e-04
5127.260000 5.26598e-04
5127.750000 3.95861e-04
5128.230000 4.62610e-04
5128.710000 5.00498e-04
5129.190000 4.46048e-04
5129.670000 5.12093e-04
5130.160000 4.89132e-04
5130.640000 3.83658e-04
5131.120000 3.59781e-04
5131.600000 4.63178e-04
5132.080000 4.74345e-04
5132.570000 4.85467e-04
5133.050000 6.04395e-04
5133.530000 6.73959e-04
5134.010000 5.42834e-04
5134.500000 4.00411e-04
5134.980000 4.18345e-04
5135.460000 4.97900e-04
5135.940000 4.64590e-04
5136.420000 4.96902e-04
5136.910000 6.34685e-04
5137.390000 5.86817e-04
5137.870000 4.26535e-04
5138.350000 3.90066e-04
5138.840000 5.20494e-04
5139.320000 5.35343e-04
5139.800000 5.68317e-04
5140.280000 5.92168e-04
5140.760000 5.30448e-04
5141.250000 4.19131e-04
5141.730000 4.10853e-04
5142.210000 4.55808e-04
5142.690000 4.89680e-04
5143.180000 4.68191e-04
5143.660000 3.77709e-04
5144.140000 3.96170e-04
5144.620000 4.57801e-04
5145.100000 5.19052e-04
5145.590000 5.70787e-04
5146.070000 5.19898e-04
5146.550000 3.80773e-04
5147.030000 3.99260e-04
5147.520000 4.29902e-04
5148.000000 3.42513e-04
5148.480000 2.74900e-04
5148.960000 3.67826e-04
5149.440000 4.90755e-04
5149.930000 4.99157e-04
5150.410000 4.71264e-04
5150.890000 3.98755e-04
5151.370000 4.16635e-04
5151.860000 5.02005e-04
5152.340000 4.95387e-04
5152.820000 4.55175e-04
5153.300000 5.07899e-04
5153.780000 6.18758e-04
5154.270000 5.81482e-04
5154.750000 4.41417e-04
5155.230000 4.35341e-04
5155.710000 5.11024e-04
5156.200000 4.80989e-04
5156.680000 4.30623e-04
5157.160000 4.45589e-04
5157.640000 4.66146e-04
5158.120000 4.21317e-04
5158.610000 4.14848e-04
5159.090000 5.90554e-04
5159.570000 5.79024e-04
5160.050000 5.01672e-04
5160.540000 4.94603e-04
5161.020000 4.66561e-04
5161.500000 4.27736e-04
5161.980000 3.06904e-04
5162.460000 4.07541e-04
5162.950000 4.67941e-04
5163.430000 3.88253e-04
5163.910000 3.96172e-04
5164.390000 4.28626e-04
5164.880000 4.61090e-04
5165.360000 4.94815e-04
5165.840000 5.00310e-04
5166.320000 4.68491e-04
5166.800000 3.75101e-04
5167.290000 4.15776e-04
5167.770000 5.01499e-04
5168.250000 4.70173e-04
5168.730000 5.36956e-04
5169.210000 4.89986e-04
5169.700000 4.50807e-04
5170.180000 5.26117e-04
5170.660000 5.69830e-04
5171.140000 5.13678e-04
5171.630000 4.03302e-04
5172.110000 4.85020e-04
5172.590000 5.06563e-04
5173.070000 3.77933e-04
5173.550000 3.95155e-04
5174.040000 4.05861e-04
5174.520000 3.71782e-04
5175.000000 4.43840e-04
5175.480000 4.76576e-04
5175.970000 4.25152e-04
5176.450000 3.71024e-04
5176.930000 4.08262e-04
5177.410000 4.30511e-04
5177.890000 3.31013e-04
5178.380000 2.29351e-04
5178.860000 3.56566e-04
5179.340000 3.65416e-04
5179.820000 3.77534e-04
5180.310000 4.70210e-04
5180.790000 4.55100e-04
5181.270000 3.91303e-04
5181.750000 2.85299e-04
5182.230000 2.97111e-04
5182.720000 3.44763e-04
5183.200000 4.38388e-04
5183.680000 3.29673e-04
5184.160000 3.10672e-04
5184.650000 3.89926e-04
5185.130000 3.15445e-04
5185.610000 4.23502e-04
5186.090000 4.15972e-04
5186.570000 3.53293e-04
5187.060000 3.14821e-04
5187.540000 2.42654e-04
5188.020000 3.82602e-04
5188.500000 4.21382e-04
5188.980000 4.63011e-04
5189.470000 4.52001e-04
5189.950000 3.60334e-04
5190.430000 4.19069e-04
5190.910000 4.52099e-04
5191.400000 3.35207e-04
5191.880000 3.55992e-04
5192.360000 5.23707e-04
5192.840000 4.83138e-04
5193.320000 4.29787e-04
5193.810000 3.60545e-04
5194.290000 3.80574e-04
5194.770000 4.92314e-04
5195.250000 3.72186e-04
5195.740000 3.67064e-04
5196.220000 3.77139e-04
5196.700000 3.02186e-04
5197.180000 3.42188e-04
5197.660000 3.29196e-04
5198.150000 3.76292e-04
5198.630000 4.16517e-04
5199.110000 4.27250e-04
5199.590000 4.51570e-04
5200.080000 4.46105e-04
5200.560000 4.34088e-04
5201.040000 4.11825e-04
5201.520000 4.30899e-04
5202.000000 2.68744e-04
5202.490000 2.76277e-04
5202.970000 4.73550e-04
5203.450000 5.03691e-04
5203.930000 4.77178e-04
5204.420000 3.75992e-04
5204.900000 3.65783e-04
5205.380000 3.48676e-04
5205.860000 2.04295e-04
5206.340000 1.93186e-04
5206.830000 3.64171e-04
5207.310000 4.08554e-04
5207.790000 3.76048e-04
5208.270000 3.97645e-04
5208.760000 5.00053e-04
5209.240000 4.80188e-04
5209.720000 3.15649e-04
5210.200000 2.86385e-04
5210.680000 3.03231e-04
5211.170000 2.73349e-04
5211.650000 2.86562e-04
5212.130000 2.50377e-04
5212.610000 3.31318e-04
5213.100000 3.63354e-04
5213.580000 3.12217e-04
5214.060000 4.14444e-04
5214.540000 3.43606e-04
5215.020000 2.93514e-04
5215.510000 3.03540e-04
5215.990000 2.88276e-04
5216.470000 2.38974e-04
5216.950000 2.32587e-04
5217.440000 3.22409e-04
5217.920000 3.53036e-04
5218.400000 4.46048e-04
5218.880000 4.95074e-04
5219.360000 3.17719e-04
5219.850000 1.65688e-04
5220.330000 2.36347e-04
5220.810000 3.41363e-04
5221.290000 3.78447e-04
5221.770000 2.92841e-04
5222.260000 2.19094e-04
5222.740000 2.72384e-04
5223.220000 3.40067e-04
5223.700000 3.06167e-04
5224.190000 2.03045e-04
5224.670000 2.96468e-04
5225.150000 3.22819e-04
5225.630000 2.42598e-04
5226.110000 4.05520e-04
5226.600000 4.41071e-04
5227.080000 2.76573e-04
5227.560000 2.11082e-04
5228.040000 2.79844e-04
5228.530000 2.68999e-04
5229.010000 1.92974e-04
5229.490000 2.44047e-04
5229.970000 1.57796e-04
5230.450000 3.54946e-05
5230.940000 6.47679e-05
5231.420000 1.04915e-04
5231.900000 1.63402e-04
5232.380000 1.73088e-04
5232.870000 2.70441e-04
5233.350000 3.96576e-04
5233.830000 2.89727e-04
5234.310000 1.88831e-04
5234.790000 2.56527e-04
5235.280000 2.45593e-04
5235.760000 2.10639e-04
5236.240000 3.03186e-04
5236.720000 3.74265e-04
5237.210000 4.50145e-04
5237.690000 3.66405e-04
5238.170000 1.55784e-04
5238.650000 1.28575e-04
5239.130000 2.52467e-04
5239.620000 2.86896e-04
5240.100000 2.43556e-04
5240.580000 2.33721e-04
5241.060000 2.70743e-04
5241.540000 3.18941e-04
5242.030000 2.61247e-04
5242.510000 1.81835e-04
5242.990000 2.48812e-04
5243.470000 2.58394e-04
5243.960000 2.13254e-04
5244.440000 2.49967e-04
5244.920000 1.88522e-04
5245.400000 2.60774e-04
5245.880000 3.34118e-04
5246.370000 3.47737e-04
5246.850000 2.94499e-04
5247.330000 2.84620e-04
5247.810000 3.75479e-04
5248.300000 2.31452e-04
5248.780000 1.91960e-04
5249.260000 3.43654e-04
5249.740000 2.20433e-04
5250.220000 1.51906e-04
5250.710000 1.90426e-04
5251.190000 1.29506e-04
5251.670000 1.02013e-04
5252.150000 7.85999e-05
5252.640000 2.06068e-04
5253.120000 1.69218e-04
5253.600000 1.30434e-04
5254.080000 7.18310e-05
5254.560000 1.22827e-04
5255.050000 3.35939e-04
5255.530000 1.55821e-04
5256.010000 1.35683e-04
5256.490000 3.00348e-04
5256.980000 3.01912e-04
5257.460000 3.42872e-04
5257.940000 2.81777e-04
5258.420000 2.28588e-04
5258.900000 2.14022e-04
5259.390000 2.07670e-04
5259.870000 1.71971e-04
5260.350000 1.83720e-04
5260.830000 2.30338e-04
5261.320000 2.44297e-04
5261.800000 2.31151e-04
5262.280000 2.68158e-04
5262.760000 2.97982e-04
5263.240000 2.40512e-04
5263.730000 3.18639e-04
5264.210000 3.19272e-04
5264.690000 2.75400e-04
5265.170000 3.60589e-04
5265.660000 2.69488e-04
5266.140000 1.53139e-04
5266.620000 2.03423e-04
5267.100000 2.59314e-04
5267.580000 2.38743e-04
5268.070000 1.73602e-04
5268.550000 2.64607e-04
5269.030000 2.96522e-04
5269.510000 2.24702e-04
5270.000000 2.32309e-04
5270.480000 3.78083e-04
5270.960000 4.36988e-04
5271.440000 3.55225e-04
5271.920000 3.21981e-04
5272.410000 2.88881e-04
5272.890000 1.91249e-04
5273.370000 2.06117e-04
5273.850000 1.37843e-04
5274.330000 1.07232e-04
5274.820000 2.00689e-04
5275.300000 2.72907e-04
5275.780000 2.57675e-04
5276.260000 2.44875e-04
5276.750000 2.70318e-04
5277.230000 1.31506e-04
5277.710000 1.21444e-04
5278.190000 2.17732e-04
5278.670000 1.96218e-04
5279.160000 1.92408e-04
5279.640000 1.88068e-04
5280.120000 1.34733e-04
5280.600000 2.24769e-04
5281.090000 2.07938e-04
5281.570000 3.24469e-04
5282.050000 4.14934e-04
5282.530000 2.91009e-04
5283.010000 2.69927e-04
5283.500000 2.64227e-04
5283.980000 3.28820e-04
5284.460000 3.60694e-04
5284.940000 2.68698e-04
5285.430000 1.95272e-04
5285.910000 1.78389e-04
5286.390000 1.88675e-04
5286.870000 3.82926e-04
5287.350000 4.73350e-04
5287.840000 3.83977e-04
5288.320000 2.82940e-04
5288.800000 2.16216e-04
5289.280000 2.34500e-04
5289.770000 2.36478e-04
5290.250000 2.46055e-04
5290.730000 1.47242e-04
5291.210000 1.72738e-04
5291.690000 2.62983e-04
5292.180000 8.00341e-05
5292.660000 2.20165e-06
5293.140000 1.65008e-04
5293.620000 3.19224e-04
5294.100000 2.26986e-04
5294.590000 6.07036e-05
5295.070000 7.96057e-05
5295.550000 7.61151e-05
5296.030000 1.68990e-04
5296.520000 3.34337e-04
5297.000000 4.12401e-04
5297.480000 3.90556e-04
5297.960000 4.04332e-04
5298.440000 5.31416e-04
5298.930000 4.91139e-04
5299.410000 4.62957e-04
5299.890000 4.42490e-04
5300.370000 4.47523e-04
5300.860000 5.25158e-04
5301.340000 3.56689e-04
5301.820000 2.55890e-04
5302.300000 2.30685e-04
5302.780000 2.11716e-04
5303.270000 2.51047e-04
5303.750000 1.92337e-04
5304.230000 2.43410e-04
5304.710000 2.73272e-04
5305.200000 2.67323e-04
5305.680000 2.21111e-04
5306.160000 1.48859e-04
5306.640000 2.15869e-04
5307.120000 2.24382e-04
5307.610000 2.06124e-04
5308.090000 1.35519e-04
5308.570000 6.66156e-05
5309.050000 1.35999e-04
5309.540000 2.62652e-04
5310.020000 2.02950e-04
5310.500000 1.19612e-04
5310.980000 9.75877e-05
5311.460000 1.66077e-04
5311.950000 2.19848e-04
5312.430000 -6.78003e-06
5312.910000 -7.16932e-05
5313.390000 9.19998e-05
5313.880000 1.74113e-04
5314.360000 1.33198e-04
5314.840000 1.24279e-04
5315.320000 6.65039e-05
5315.800000 7.89054e-05
5316.290000 2.11675e-04
5316.770000 2.01818e-04
5317.250000 8.99844e-05
5317.730000 8.38637e-05
5318.220000 6.09122e-05
5318.700000 8.64789e-05
5319.180000 1.46665e-04
5319.660000 1.03001e-04
5320.140000 1.42947e-04
5320.630000 1.54033e-04
5321.110000 8.60952e-05
5321.590000 7.33472e-05
5322.070000 1.49824e-04
5322.560000 1.71877e-04
5323.040000 1.68040e-04
5323.520000 2.83312e-04
5324.000000 2.08996e-04
5324.480000 1.53437e-04
5324.970000 1.63265e-04
5325.450000 -7.65063e-05
5325.930000 -1.22599e-05
5326.410000 1.75219e-04
5326.900000 1.83146e-04
5327.380000 1.27234e-04
5327.860000 -5.31338e-05
5328.340000 -1.38514e-04
5328.820000 2.00532e-05
5329.310000 7.40737e-05
5329.790000 7.97212e-07
5330.270000 6.39744e-05
5330.750000 2.43682e-04
5331.230000 1.46281e-04
5331.720000 1.24499e-05
5332.200000 1.00579e-04
5332.680000 2.58833e-05
5333.160000 -1.04010e-05
5333.650000 -5.27054e-05
5334.130000 5.57415e-05
5334.610000 2.70687e-04
5335.090000 2.50433e-04
5335.570000 2.60726e-04
5336.060000 2.26192e-04
5336.540000 3.14962e-04
5337.020000 4.38269e-04
5337.500000 2.02000e-04
5337.990000 1.00411e-04
5338.470000 5.43110e-05
5338.950000 -7.55116e-06
5339.430000 5.35250e-05
5339.910000 -4.12613e-05
5340.400000 2.87220e-06
5340.880000 9.20780e-05
5341.360000 4.40031e-05
5341.840000 6.60866e-06
5342.330000 2.92957e-05
5342.810000 1.41855e-04
5343.290000 2.63330e-04
5343.770000 3.17551e-04
5344.250000 2.31341e-04
5344.740000 1.25553e-04
5345.220000 1.15622e-04
5345.700000 1.40537e-04
5346.180000 1.56891e-04
5346.670000 3.07433e-04
5347.150000 2.60405e-04
5347.630000 1.05299e-04
5348.110000 1.97038e-04
5348.590000 2.83819e-04
5349.080000 3.40305e-04
5349.560000 2.40054e-04
5350.040000 1.44131e-05
5350.520000 7.71396e-05
5351.000000 2.04664e-04
5351.490000 1.19220e-04
5351.970000 2.45534e-05
5352.450000 2.44752e-06
5352.930000 1.43081e-04
5353.420000 2.11094e-04
5353.900000 1.51269e-04
5354.380000 4.55230e-06
5354.860000 -1.02758e-04
5355.340000 -5.60209e-05
5355.830000 4.65401e-05
5356.310000 6.26259e-05
5356.790000 -8.33645e-05
5357.270000 7.21514e-05
5357.760000 2.17281e-04
5358.240000 1.76169e-05
5358.720000 -9.43020e-05
5359.200000 1.87159e-05
5359.680000 1.43547e-04
5360.170000 6.78189e-05
5360.650000 -2.07573e-05
5361.130000 -1.70060e-05
5361.610000 2.73623e-05
5362.100000 5.40577e-05
5362.580000 7.81156e-05
5363.060000 -1.80863e-05
5363.540000 -2.70978e-05
5364.020000 1.73613e-04
5364.510000 2.18607e-04
5364.990000 1.87028e-04
5365.470000 1.68987e-04
5365.950000 2.12949e-04
5366.440000 4.25205e-05
5366.920000 -5.12227e-06
5367.400000 6.73123e-05
5367.880000 -3.50177e-07
5368.360000 2.88822e-05
5368.850000 4.17493e-05
5369.330000 1.81347e-05
5369.810000 3.26596e-05
5370.290000 4.02257e-05
5370.780000 1.44370e-04
5371.260000 1.78326e-04
5371.740000 1.24242e-04
5372.220000 2.47698e-04
5372.700000 3.14616e-04
5373.190000 2.90051e-04
5373.670000 1.29569e-04
5374.150000 -2.65986e-05
5374.630000 -6.10575e-06
5375.120000 4.30681e-05
5375.600000 1.44605e-04
5376.080000 1.30601e-04
5376.560000 1.39661e-05
5377.040000 1.95727e-05
5377.530000 2.33613e-05
5378.010000 4.46774e-05
5378.490000 3.19704e-05
5378.970000 -1.46903e-04
5379.460000 -1.79481e-04
5379.940000 -8.40239e-05
5380.420000 -2.31788e-05
5380.900000 1.44430e-05
5381.380000 1.52737e-05
5381.870000 6.50063e-05
5382.350000 1.18542e-04
5382.830000 3.92199e-05
5383.310000 3.77744e-05
5383.790000 1.97638e-04
5384.280000 2.56374e-04
5384.760000 1.70011e-04
5385.240000 1.69531e-04
5385.720000 7.91587e-05
5386.210000 -8.42251e-05
5386.690000 -7.97249e-05
5387.170000 -9.05357e-05
5387.650000 -9.17241e-05
5388.130000 -3.82550e-05
5388.620000 -2.73883e-05
5389.100000 8.29622e-06
5389.580000 -1.15372e-05
5390.060000 -5.61662e-05
5390.550000 2.21357e-05
5391.030000 1.63168e-05
5391.510000 -6.78152e-05
5391.990000 7.64057e-06
5392.470000 1.02755e-04
5392.960000 2.46391e-05
5393.440000 -1.55196e-05
5393.920000 6.86161e-05
5394.400000 -3.00854e-05
5394.890000 -4.43980e-05
5395.370000 3.79458e-05
5395.850000 1.60187e-05
5396.330000 1.08045e-04
5396.810000 1.36234e-05
5397.300000 -3.03797e-05
5397.780000 2.84649e-05
5398.260000 3.71225e-05
5398.740000 7.25798e-05
5399.230000 -2.28211e-05
5399.710000 -1.21590e-04
5400.190000 -6.89514e-05
5400.670000 -1.00732e-05
5401.150000 2.59280e-05
5401.640000 -1.06782e-04
5402.120000 -1.21851e-04
5402.600000 2.05189e-05
5403.080000 8.09766e-05
5403.570000 -1.77026e-05
5404.050000 -1.01354e-04
5404.530000 8.22507e-05
5405.010000 5.30519e-05
5405.490000 6.37099e-05
5405.980000 1.36647e-04
5406.460000 1.13398e-05
5406.940000 8.19564e-06
5407.420000 6.43842e-05
5407.910000 7.21700e-05
5408.390000 9.97260e-06
5408.870000 -8.75108e-05
5409.350000 -6.84969e-05
5409.830000 6.15939e-05
5410.320000 -3.15495e-05
5410.800000 -1.81127e-04
5411.280000 -2.06813e-04
5411.760000 -1.14448e-04
5412.250000 7.58730e-05
5412.730000 1.63764e-05
5413.210000 -7.29673e-05
5413.690000 -4.86523e-05
5414.170000 -3.11062e-05
5414.660000 9.51290e-05
5415.140000 1.97086e-04
5415.620000 2.08445e-04
5416.100000 1.35649e-04
5416.580000 -6.55912e-05
5417.070000 -1.29346e-04
5417.550000 -1.50688e-05
