# {"full": "CO2:CH3OH (3:1)", "name": "CO2:CH3OH", "ratio": "(3:1)", "url": "https://icedb.strw.leidenuniv.nl/data/29", "author": "Ehrenfreund et al.", "latex_molname": "$\\ce{CO2}$:$\\ce{CH3OH}$ (3:1)", "temperature": 38.0, "index": 216}
4.05050E+02 2.57097E-04
4.05533E+02 3.05537E-04
4.06015E+02 4.24981E-04
4.06497E+02 2.87406E-04
4.06979E+02 -2.60215E-04
4.07461E+02 -8.70682E-04
4.07944E+02 -1.01855E-03
4.08426E+02 -5.73773E-04
4.08908E+02 7.72662E-05
4.09390E+02 4.73540E-04
4.09872E+02 4.96462E-04
4.10355E+02 3.17276E-04
4.10837E+02 1.15067E-04
4.11319E+02 -2.91094E-05
4.11801E+02 -5.57937E-05
4.12283E+02 7.21924E-05
4.12766E+02 2.73012E-04
4.13248E+02 3.75133E-04
4.13730E+02 3.12749E-04
4.14212E+02 2.26591E-04
4.14694E+02 2.84668E-04
4.15177E+02 4.44345E-04
4.15659E+02 4.92029E-04
4.16141E+02 3.22893E-04
4.16623E+02 8.16435E-05
4.17105E+02 -2.03289E-05
4.17588E+02 5.32381E-05
4.18070E+02 1.63835E-04
4.18552E+02 2.09451E-04
4.19034E+02 2.02853E-04
4.19516E+02 1.77655E-04
4.19999E+02 1.34692E-04
4.20481E+02 1.25129E-04
4.20963E+02 2.69953E-04
4.21445E+02 6.08601E-04
4.21927E+02 9.78377E-04
4.22410E+02 1.14880E-03
4.22892E+02 1.06325E-03
4.23374E+02 8.74378E-04
4.23856E+02 7.47293E-04
4.24339E+02 7.09403E-04
4.24821E+02 7.02452E-04
4.25303E+02 6.96279E-04
4.25785E+02 6.95664E-04
4.26267E+02 6.88240E-04
4.26750E+02 6.54921E-04
4.27232E+02 6.18126E-04
4.27714E+02 6.31176E-04
4.28196E+02 7.20475E-04
4.28678E+02 8.53445E-04
4.29161E+02 9.57262E-04
4.29643E+02 9.64083E-04
4.30125E+02 8.72057E-04
4.30607E+02 7.77256E-04
4.31089E+02 7.95867E-04
4.31572E+02 9.19785E-04
4.32054E+02 1.00639E-03
4.32536E+02 9.68825E-04
4.33018E+02 9.00105E-04
4.33500E+02 9.19987E-04
4.33983E+02 9.28309E-04
4.34465E+02 6.84999E-04
4.34947E+02 1.65179E-04
4.35429E+02 -3.20856E-04
4.35911E+02 -4.61563E-04
4.36394E+02 -2.94127E-04
4.36876E+02 -8.34987E-05
4.37358E+02 3.57442E-05
4.37840E+02 1.30940E-04
4.38322E+02 2.46726E-04
4.38805E+02 3.00542E-04
4.39287E+02 2.42516E-04
4.39769E+02 1.27256E-04
4.40251E+02 -4.10751E-05
4.40733E+02 -3.39940E-04
4.41216E+02 -6.77641E-04
4.41698E+02 -6.77962E-04
4.42180E+02 -6.28531E-05
4.42662E+02 9.04005E-04
4.43144E+02 1.58017E-03
4.43627E+02 1.61103E-03
4.44109E+02 1.25144E-03
4.44591E+02 9.64157E-04
4.45073E+02 8.83479E-04
4.45555E+02 8.21970E-04
4.46038E+02 6.58348E-04
4.46520E+02 4.96179E-04
4.47002E+02 4.64261E-04
4.47484E+02 5.39638E-04
4.47966E+02 6.13309E-04
4.48449E+02 6.09532E-04
4.48931E+02 4.99006E-04
4.49413E+02 2.88028E-04
4.49895E+02 5.45569E-05
4.50377E+02 -8.23289E-05
4.50860E+02 -8.69557E-05
4.51342E+02 -6.17504E-05
4.51824E+02 -1.14359E-04
4.52306E+02 -2.27634E-04
4.52788E+02 -2.99096E-04
4.53271E+02 -2.75202E-04
4.53753E+02 -1.90709E-04
4.54235E+02 -1.05418E-04
4.54717E+02 -5.37857E-05
4.55199E+02 -2.99364E-05
4.55682E+02 1.35899E-05
4.56164E+02 1.17298E-04
4.56646E+02 2.44066E-04
4.57128E+02 2.96753E-04
4.57611E+02 2.56196E-04
4.58093E+02 2.15299E-04
4.58575E+02 2.08024E-04
4.59057E+02 1.09278E-04
4.59539E+02 -1.57002E-04
4.60022E+02 -4.09983E-04
4.60504E+02 -4.47240E-04
4.60986E+02 -4.11861E-04
4.61468E+02 -6.05013E-04
4.61950E+02 -8.40887E-04
4.62433E+02 -3.77681E-04
4.62915E+02 1.16803E-03
4.63397E+02 3.03543E-03
4.63879E+02 3.88292E-03
4.64361E+02 3.18643E-03
4.64844E+02 1.75670E-03
4.65326E+02 7.28264E-04
4.65808E+02 4.06891E-04
4.66290E+02 3.31301E-04
4.66772E+02 1.27379E-04
4.67255E+02 -1.04006E-04
4.67737E+02 -1.51206E-04
4.68219E+02 -5.23925E-05
4.68701E+02 3.85791E-05
4.69183E+02 8.20644E-05
4.69666E+02 1.08112E-04
4.70148E+02 7.62455E-05
4.70630E+02 -6.08489E-05
4.71112E+02 -2.31512E-04
4.71594E+02 -3.18889E-04
4.72077E+02 -3.12448E-04
4.72559E+02 -2.97561E-04
4.73041E+02 -3.20368E-04
4.73523E+02 -3.52450E-04
4.74005E+02 -3.75107E-04
4.74488E+02 -4.02171E-04
4.74970E+02 -4.14371E-04
4.75452E+02 -3.66163E-04
4.75934E+02 -2.97569E-04
4.76416E+02 -3.63678E-04
4.76899E+02 -6.75291E-04
4.77381E+02 -1.12475E-03
4.77863E+02 -1.43803E-03
4.78345E+02 -1.42736E-03
4.78827E+02 -1.16722E-03
4.79310E+02 -8.98439E-04
4.79792E+02 -7.83518E-04
4.80274E+02 -7.85388E-04
4.80756E+02 -7.74752E-04
4.81238E+02 -6.99632E-04
4.81721E+02 -6.12602E-04
4.82203E+02 -5.65808E-04
4.82685E+02 -5.50434E-04
4.83167E+02 -5.50058E-04
4.83649E+02 -5.97417E-04
4.84132E+02 -7.33204E-04
4.84614E+02 -9.33409E-04
4.85096E+02 -1.11703E-03
4.85578E+02 -1.21947E-03
4.86060E+02 -1.22953E-03
4.86543E+02 -1.16900E-03
4.87025E+02 -1.07077E-03
4.87507E+02 -9.78187E-04
4.87989E+02 -9.31796E-04
4.88471E+02 -9.37123E-04
4.88954E+02 -9.63170E-04
4.89436E+02 -9.81219E-04
4.89918E+02 -9.92369E-04
4.90400E+02 -1.00932E-03
4.90883E+02 -1.02494E-03
4.91365E+02 -1.01453E-03
4.91847E+02 -9.67499E-04
4.92329E+02 -9.10770E-04
4.92811E+02 -8.97963E-04
4.93294E+02 -9.64522E-04
4.93776E+02 -1.08020E-03
4.94258E+02 -1.15433E-03
4.94740E+02 -1.11236E-03
4.95222E+02 -9.70449E-04
4.95705E+02 -8.16971E-04
4.96187E+02 -7.21890E-04
4.96669E+02 -6.95139E-04
4.97151E+02 -7.38326E-04
4.97633E+02 -8.84596E-04
4.98116E+02 -1.13982E-03
4.98598E+02 -1.40810E-03
4.99080E+02 -1.53599E-03
4.99562E+02 -1.45457E-03
5.00044E+02 -1.24964E-03
5.00527E+02 -1.07834E-03
5.01009E+02 -1.03210E-03
5.01491E+02 -1.09141E-03
5.01973E+02 -1.18181E-03
5.02455E+02 -1.25039E-03
5.02938E+02 -1.29456E-03
5.03420E+02 -1.34164E-03
5.03902E+02 -1.39694E-03
5.04384E+02 -1.41609E-03
5.04866E+02 -1.34554E-03
5.05349E+02 -1.20067E-03
5.05831E+02 -1.07553E-03
5.06313E+02 -1.05075E-03
5.06795E+02 -1.11112E-03
5.07277E+02 -1.17834E-03
5.07760E+02 -1.20089E-03
5.08242E+02 -1.17748E-03
5.08724E+02 -1.11767E-03
5.09206E+02 -1.03477E-03
5.09688E+02 -9.68587E-04
5.10171E+02 -9.57638E-04
5.10653E+02 -9.84374E-04
5.11135E+02 -1.00920E-03
5.11617E+02 -1.05775E-03
5.12099E+02 -1.19296E-03
5.12582E+02 -1.37987E-03
5.13064E+02 -1.47477E-03
5.13546E+02 -1.40936E-03
5.14028E+02 -1.29657E-03
5.14510E+02 -1.26797E-03
5.14993E+02 -1.29763E-03
5.15475E+02 -1.30251E-03
5.15957E+02 -1.32298E-03
5.16439E+02 -1.42140E-03
5.16921E+02 -1.46576E-03
5.17404E+02 -1.29437E-03
5.17886E+02 -1.14887E-03
5.18368E+02 -1.61132E-03
5.18850E+02 -2.85159E-03
5.19332E+02 -4.13121E-03
5.19815E+02 -4.39894E-03
5.20297E+02 -3.40411E-03
5.20779E+02 -1.96959E-03
5.21261E+02 -1.06881E-03
5.21743E+02 -8.96435E-04
5.22226E+02 -9.92086E-04
5.22708E+02 -9.88171E-04
5.23190E+02 -9.31744E-04
5.23672E+02 -9.72796E-04
5.24154E+02 -1.06525E-03
5.24637E+02 -1.07770E-03
5.25119E+02 -1.01201E-03
5.25601E+02 -9.77647E-04
5.26083E+02 -1.02298E-03
5.26565E+02 -1.09803E-03
5.27048E+02 -1.14639E-03
5.27530E+02 -1.15892E-03
5.28012E+02 -1.14744E-03
5.28494E+02 -1.12073E-03
5.28977E+02 -1.08644E-03
5.29459E+02 -1.05102E-03
5.29941E+02 -1.01678E-03
5.30423E+02 -9.93416E-04
5.30905E+02 -9.97789E-04
5.31388E+02 -1.03144E-03
5.31870E+02 -1.07460E-03
5.32352E+02 -1.11869E-03
5.32834E+02 -1.18224E-03
5.33316E+02 -1.27620E-03
5.33799E+02 -1.36832E-03
5.34281E+02 -1.40778E-03
5.34763E+02 -1.37645E-03
5.35245E+02 -1.30336E-03
5.35727E+02 -1.23992E-03
5.36210E+02 -1.23021E-03
5.36692E+02 -1.28298E-03
5.37174E+02 -1.35513E-03
5.37656E+02 -1.38589E-03
5.38138E+02 -1.37475E-03
5.38621E+02 -1.39507E-03
5.39103E+02 -1.48831E-03
5.39585E+02 -1.56396E-03
5.40067E+02 -1.47188E-03
5.40549E+02 -1.19006E-03
5.41032E+02 -8.88068E-04
5.41514E+02 -7.64806E-04
5.41996E+02 -8.52779E-04
5.42478E+02 -1.01813E-03
5.42960E+02 -1.12761E-03
5.43443E+02 -1.16088E-03
5.43925E+02 -1.16641E-03
5.44407E+02 -1.17030E-03
5.44889E+02 -1.16685E-03
5.45371E+02 -1.16363E-03
5.45854E+02 -1.18288E-03
5.46336E+02 -1.21563E-03
5.46818E+02 -1.21183E-03
5.47300E+02 -1.13759E-03
5.47782E+02 -1.02607E-03
5.48265E+02 -9.50582E-04
5.48747E+02 -9.51491E-04
5.49229E+02 -1.00302E-03
5.49711E+02 -1.04924E-03
5.50193E+02 -1.05910E-03
5.50676E+02 -1.04279E-03
5.51158E+02 -1.02729E-03
5.51640E+02 -1.02310E-03
5.52122E+02 -1.01370E-03
5.52604E+02 -9.76603E-04
5.53087E+02 -9.18988E-04
5.53569E+02 -8.84037E-04
5.54051E+02 -9.10264E-04
5.54533E+02 -9.84646E-04
5.55016E+02 -1.05243E-03
5.55498E+02 -1.07406E-03
5.55980E+02 -1.05526E-03
5.56462E+02 -1.01758E-03
5.56944E+02 -9.67074E-04
5.57427E+02 -9.08934E-04
5.57909E+02 -8.68618E-04
5.58391E+02 -8.68991E-04
5.58873E+02 -8.93746E-04
5.59355E+02 -9.01897E-04
5.59838E+02 -8.75648E-04
5.60320E+02 -8.27275E-04
5.60802E+02 -7.65003E-04
5.61284E+02 -6.85617E-04
5.61766E+02 -6.10847E-04
5.62249E+02 -5.89229E-04
5.62731E+02 -6.37110E-04
5.63213E+02 -7.01640E-04
5.63695E+02 -7.13296E-04
5.64177E+02 -6.67598E-04
5.64660E+02 -6.24996E-04
5.65142E+02 -6.32443E-04
5.65624E+02 -6.71547E-04
5.66106E+02 -6.92483E-04
5.66588E+02 -6.77317E-04
5.67071E+02 -6.52574E-04
5.67553E+02 -6.47269E-04
5.68035E+02 -6.56556E-04
5.68517E+02 -6.52459E-04
5.68999E+02 -6.22276E-04
5.69482E+02 -5.84189E-04
5.69964E+02 -5.59255E-04
5.70446E+02 -5.43471E-04
5.70928E+02 -5.23210E-04
5.71410E+02 -5.06565E-04
5.71893E+02 -5.10063E-04
5.72375E+02 -5.19738E-04
5.72857E+02 -5.08767E-04
5.73339E+02 -5.08141E-04
5.73821E+02 -5.99403E-04
5.74304E+02 -7.77561E-04
5.74786E+02 -8.61906E-04
5.75268E+02 -6.41461E-04
5.75750E+02 -1.33984E-04
5.76232E+02 3.73621E-04
5.76715E+02 5.90105E-04
5.77197E+02 4.97468E-04
5.77679E+02 3.09460E-04
5.78161E+02 2.10483E-04
5.78643E+02 2.05725E-04
5.79126E+02 2.11332E-04
5.79608E+02 1.94315E-04
5.80090E+02 1.79756E-04
5.80572E+02 1.78516E-04
5.81054E+02 1.72947E-04
5.81537E+02 1.62456E-04
5.82019E+02 1.77298E-04
5.82501E+02 2.37998E-04
5.82983E+02 3.25922E-04
5.83465E+02 4.01594E-04
5.83948E+02 4.39942E-04
5.84430E+02 4.44062E-04
5.84912E+02 4.35989E-04
5.85394E+02 4.37587E-04
5.85876E+02 4.56013E-04
5.86359E+02 4.87838E-04
5.86841E+02 5.34911E-04
5.87323E+02 6.04615E-04
5.87805E+02 6.88098E-04
5.88287E+02 7.53652E-04
5.88770E+02 7.78280E-04
5.89252E+02 7.78358E-04
5.89734E+02 7.90555E-04
5.90216E+02 8.29522E-04
5.90698E+02 8.80633E-04
5.91181E+02 9.29922E-04
5.91663E+02 9.78772E-04
5.92145E+02 1.02961E-03
5.92627E+02 1.08038E-03
5.93109E+02 1.13663E-03
5.93592E+02 1.20537E-03
5.94074E+02 1.27589E-03
5.94556E+02 1.33616E-03
5.95038E+02 1.41866E-03
5.95521E+02 1.58534E-03
5.96003E+02 1.82901E-03
5.96485E+02 2.02302E-03
5.96967E+02 2.02998E-03
5.97449E+02 1.86339E-03
5.97932E+02 1.69223E-03
5.98414E+02 1.66740E-03
5.98896E+02 1.78109E-03
5.99378E+02 1.91946E-03
5.99860E+02 2.01158E-03
6.00343E+02 2.07902E-03
6.00825E+02 2.16117E-03
6.01307E+02 2.25072E-03
6.01789E+02 2.31878E-03
6.02271E+02 2.36526E-03
6.02754E+02 2.41623E-03
6.03236E+02 2.48826E-03
6.03718E+02 2.57881E-03
6.04200E+02 2.68321E-03
6.04682E+02 2.80191E-03
6.05165E+02 2.92946E-03
6.05647E+02 3.05004E-03
6.06129E+02 3.14942E-03
6.06611E+02 3.23020E-03
6.07093E+02 3.31146E-03
6.07576E+02 3.41436E-03
6.08058E+02 3.54368E-03
6.08540E+02 3.68347E-03
6.09022E+02 3.81352E-03
6.09504E+02 3.93058E-03
6.09987E+02 4.04719E-03
6.10469E+02 4.16996E-03
6.10951E+02 4.28880E-03
6.11433E+02 4.39589E-03
6.11915E+02 4.50427E-03
6.12398E+02 4.63680E-03
6.12880E+02 4.79917E-03
6.13362E+02 4.97714E-03
6.13844E+02 5.15760E-03
6.14326E+02 5.34185E-03
6.14809E+02 5.53504E-03
6.15291E+02 5.73509E-03
6.15773E+02 5.93659E-03
6.16255E+02 6.13771E-03
6.16737E+02 6.33974E-03
6.17220E+02 6.54598E-03
6.17702E+02 6.76721E-03
6.18184E+02 7.02088E-03
6.18666E+02 7.31632E-03
6.19148E+02 7.64260E-03
6.19631E+02 7.97942E-03
6.20113E+02 8.31768E-03
6.20595E+02 8.66331E-03
6.21077E+02 9.02324E-03
6.21560E+02 9.39728E-03
6.22042E+02 9.78524E-03
6.22524E+02 1.01930E-02
6.23006E+02 1.06255E-02
6.23488E+02 1.10801E-02
6.23971E+02 1.15536E-02
6.24453E+02 1.20519E-02
6.24935E+02 1.25857E-02
6.25417E+02 1.31579E-02
6.25899E+02 1.37619E-02
6.26382E+02 1.43948E-02
6.26864E+02 1.50628E-02
6.27346E+02 1.57712E-02
6.27828E+02 1.65166E-02
6.28310E+02 1.72949E-02
6.28793E+02 1.81151E-02
6.29275E+02 1.89945E-02
6.29757E+02 1.99437E-02
6.30239E+02 2.09634E-02
6.30721E+02 2.20588E-02
6.31204E+02 2.32467E-02
6.31686E+02 2.45417E-02
6.32168E+02 2.59431E-02
6.32650E+02 2.74457E-02
6.33132E+02 2.90624E-02
6.33615E+02 3.08236E-02
6.34097E+02 3.27510E-02
6.34579E+02 3.48376E-02
6.35061E+02 3.70597E-02
6.35543E+02 3.94036E-02
6.36026E+02 4.18765E-02
6.36508E+02 4.44857E-02
6.36990E+02 4.72108E-02
6.37472E+02 4.99994E-02
6.37954E+02 5.27938E-02
6.38437E+02 5.55663E-02
6.38919E+02 5.83295E-02
6.39401E+02 6.11135E-02
6.39883E+02 6.39317E-02
6.40365E+02 6.67677E-02
6.40848E+02 6.95838E-02
6.41330E+02 7.23370E-02
6.41812E+02 7.49864E-02
6.42294E+02 7.74950E-02
6.42776E+02 7.98348E-02
6.43259E+02 8.19970E-02
6.43741E+02 8.39983E-02
6.44223E+02 8.58697E-02
6.44705E+02 8.76283E-02
6.45187E+02 8.92573E-02
6.45670E+02 9.07235E-02
6.46152E+02 9.20210E-02
6.46634E+02 9.31881E-02
6.47116E+02 9.42751E-02
6.47598E+02 9.53099E-02
6.48081E+02 9.63094E-02
6.48563E+02 9.73237E-02
6.49045E+02 9.84620E-02
6.49527E+02 9.99058E-02
6.50009E+02 1.01940E-01
6.50492E+02 1.04975E-01
6.50974E+02 1.09496E-01
6.51456E+02 1.15933E-01
6.51938E+02 1.24540E-01
6.52420E+02 1.35295E-01
6.52903E+02 1.47794E-01
6.53385E+02 1.61173E-01
6.53867E+02 1.74208E-01
6.54349E+02 1.85655E-01
6.54831E+02 1.94611E-01
6.55314E+02 2.00679E-01
6.55796E+02 2.03887E-01
6.56278E+02 2.04505E-01
6.56760E+02 2.02922E-01
6.57242E+02 1.99569E-01
6.57725E+02 1.94869E-01
6.58207E+02 1.89188E-01
6.58689E+02 1.82825E-01
6.59171E+02 1.76021E-01
6.59654E+02 1.68954E-01
6.60136E+02 1.61729E-01
6.60618E+02 1.54390E-01
6.61100E+02 1.46961E-01
6.61582E+02 1.39473E-01
6.62065E+02 1.31967E-01
6.62547E+02 1.24485E-01
6.63029E+02 1.17074E-01
6.63511E+02 1.09799E-01
6.63993E+02 1.02733E-01
6.64476E+02 9.59380E-02
6.64958E+02 8.94452E-02
6.65440E+02 8.32641E-02
6.65922E+02 7.73993E-02
6.66404E+02 7.18482E-02
6.66887E+02 6.65849E-02
6.67369E+02 6.15637E-02
6.67851E+02 5.67492E-02
6.68333E+02 5.21343E-02
6.68815E+02 4.77124E-02
6.69298E+02 4.34428E-02
6.69780E+02 3.92580E-02
6.70262E+02 3.50982E-02
6.70744E+02 3.09167E-02
6.71226E+02 2.66774E-02
6.71709E+02 2.24162E-02
6.72191E+02 1.83406E-02
6.72673E+02 1.48063E-02
6.73155E+02 1.20984E-02
6.73637E+02 1.02076E-02
6.74120E+02 8.85712E-03
6.74602E+02 7.76371E-03
6.75084E+02 6.84351E-03
6.75566E+02 6.15740E-03
6.76048E+02 5.72077E-03
6.76531E+02 5.43557E-03
6.77013E+02 5.19256E-03
6.77495E+02 4.96503E-03
6.77977E+02 4.77869E-03
6.78459E+02 4.63597E-03
6.78942E+02 4.51039E-03
6.79424E+02 4.39181E-03
6.79906E+02 4.29620E-03
6.80388E+02 4.22978E-03
6.80870E+02 4.17356E-03
6.81353E+02 4.10993E-03
6.81835E+02 4.04694E-03
6.82317E+02 4.00520E-03
6.82799E+02 3.98994E-03
6.83281E+02 3.98473E-03
6.83764E+02 3.97043E-03
6.84246E+02 3.94316E-03
6.84728E+02 3.91304E-03
6.85210E+02 3.88829E-03
6.85692E+02 3.86425E-03
6.86175E+02 3.83232E-03
6.86657E+02 3.79847E-03
6.87139E+02 3.78575E-03
6.87621E+02 3.81228E-03
6.88103E+02 3.87076E-03
6.88586E+02 3.93414E-03
6.89068E+02 3.97644E-03
6.89550E+02 3.98294E-03
6.90032E+02 3.95042E-03
6.90514E+02 3.89038E-03
6.90997E+02 3.83195E-03
6.91479E+02 3.80468E-03
6.91961E+02 3.81308E-03
6.92443E+02 3.83563E-03
6.92925E+02 3.85125E-03
6.93408E+02 3.85460E-03
6.93890E+02 3.84145E-03
6.94372E+02 3.79635E-03
6.94854E+02 3.71391E-03
6.95337E+02 3.62448E-03
6.95819E+02 3.57682E-03
6.96301E+02 3.58892E-03
6.96783E+02 3.63008E-03
6.97265E+02 3.65833E-03
6.97748E+02 3.66442E-03
6.98230E+02 3.66832E-03
6.98712E+02 3.68201E-03
6.99194E+02 3.69108E-03
6.99676E+02 3.67661E-03
7.00159E+02 3.64173E-03
7.00641E+02 3.61033E-03
7.01123E+02 3.60246E-03
7.01605E+02 3.61848E-03
7.02087E+02 3.64523E-03
7.02570E+02 3.67038E-03
7.03052E+02 3.68692E-03
7.03534E+02 3.69024E-03
7.04016E+02 3.67991E-03
7.04498E+02 3.66595E-03
7.04981E+02 3.66563E-03
7.05463E+02 3.68623E-03
7.05945E+02 3.71457E-03
7.06427E+02 3.72942E-03
7.06909E+02 3.72424E-03
7.07392E+02 3.71029E-03
7.07874E+02 3.69881E-03
7.08356E+02 3.68805E-03
7.08838E+02 3.67182E-03
7.09320E+02 3.65373E-03
7.09803E+02 3.64539E-03
7.10285E+02 3.65512E-03
7.10767E+02 3.68205E-03
7.11249E+02 3.71754E-03
7.11731E+02 3.74655E-03
7.12214E+02 3.75396E-03
7.12696E+02 3.73966E-03
7.13178E+02 3.72532E-03
7.13660E+02 3.73503E-03
7.14142E+02 3.76597E-03
7.14625E+02 3.78729E-03
7.15107E+02 3.77406E-03
7.15589E+02 3.73471E-03
7.16071E+02 3.70002E-03
7.16553E+02 3.68987E-03
7.17036E+02 3.69787E-03
7.17518E+02 3.70506E-03
7.18000E+02 3.70006E-03
7.18482E+02 3.68501E-03
7.18964E+02 3.67007E-03
7.19447E+02 3.66560E-03
7.19929E+02 3.67503E-03
7.20411E+02 3.69123E-03
7.20893E+02 3.70177E-03
7.21375E+02 3.70063E-03
7.21858E+02 3.69417E-03
7.22340E+02 3.69436E-03
7.22822E+02 3.70692E-03
7.23304E+02 3.72794E-03
7.23786E+02 3.75133E-03
7.24269E+02 3.77268E-03
7.24751E+02 3.78619E-03
7.25233E+02 3.78245E-03
7.25715E+02 3.75820E-03
7.26198E+02 3.72544E-03
7.26680E+02 3.70371E-03
7.27162E+02 3.69959E-03
7.27644E+02 3.70235E-03
7.28126E+02 3.70419E-03
7.28609E+02 3.71548E-03
7.29091E+02 3.74728E-03
7.29573E+02 3.78244E-03
7.30055E+02 3.78069E-03
7.30537E+02 3.72267E-03
7.31020E+02 3.63934E-03
7.31502E+02 3.58688E-03
7.31984E+02 3.59358E-03
7.32466E+02 3.63797E-03
7.32948E+02 3.67514E-03
7.33431E+02 3.67746E-03
7.33913E+02 3.65055E-03
7.34395E+02 3.62094E-03
7.34877E+02 3.61089E-03
7.35359E+02 3.62049E-03
7.35842E+02 3.62948E-03
7.36324E+02 3.61940E-03
7.36806E+02 3.59537E-03
7.37288E+02 3.58279E-03
7.37770E+02 3.59942E-03
7.38253E+02 3.63402E-03
7.38735E+02 3.65659E-03
7.39217E+02 3.65010E-03
7.39699E+02 3.62827E-03
7.40181E+02 3.61969E-03
7.40664E+02 3.63481E-03
7.41146E+02 3.65325E-03
7.41628E+02 3.64610E-03
7.42110E+02 3.61087E-03
7.42592E+02 3.57454E-03
7.43075E+02 3.56064E-03
7.43557E+02 3.56199E-03
7.44039E+02 3.55436E-03
7.44521E+02 3.52928E-03
7.45003E+02 3.50130E-03
7.45486E+02 3.48501E-03
7.45968E+02 3.48061E-03
7.46450E+02 3.48252E-03
7.46932E+02 3.48733E-03
7.47414E+02 3.48641E-03
7.47897E+02 3.46882E-03
7.48379E+02 3.44203E-03
7.48861E+02 3.43130E-03
7.49343E+02 3.43905E-03
7.49825E+02 3.42144E-03
7.50308E+02 3.33880E-03
7.50790E+02 3.22719E-03
7.51272E+02 3.18265E-03
7.51754E+02 3.25575E-03
7.52236E+02 3.38637E-03
7.52719E+02 3.46829E-03
7.53201E+02 3.46268E-03
7.53683E+02 3.42006E-03
7.54165E+02 3.40046E-03
7.54647E+02 3.40790E-03
7.55130E+02 3.40994E-03
7.55612E+02 3.39033E-03
7.56094E+02 3.36073E-03
7.56576E+02 3.33701E-03
7.57058E+02 3.32690E-03
7.57541E+02 3.33335E-03
7.58023E+02 3.35095E-03
7.58505E+02 3.36111E-03
7.58987E+02 3.34901E-03
7.59469E+02 3.32642E-03
7.59952E+02 3.32323E-03
7.60434E+02 3.34960E-03
7.60916E+02 3.38029E-03
7.61398E+02 3.38313E-03
7.61880E+02 3.35350E-03
7.62363E+02 3.31338E-03
7.62845E+02 3.28387E-03
7.63327E+02 3.27022E-03
7.63809E+02 3.26774E-03
7.64292E+02 3.27013E-03
7.64774E+02 3.27236E-03
7.65256E+02 3.27449E-03
7.65738E+02 3.28336E-03
7.66220E+02 3.30135E-03
7.66703E+02 3.31416E-03
7.67185E+02 3.30196E-03
7.67667E+02 3.26558E-03
7.68149E+02 3.22881E-03
7.68631E+02 3.20873E-03
7.69114E+02 3.19594E-03
7.69596E+02 3.17627E-03
7.70078E+02 3.15949E-03
7.70560E+02 3.16455E-03
7.71042E+02 3.17942E-03
7.71525E+02 3.16254E-03
7.72007E+02 3.09639E-03
7.72489E+02 3.02200E-03
7.72971E+02 2.99909E-03
7.73453E+02 3.04018E-03
7.73936E+02 3.10156E-03
7.74418E+02 3.13743E-03
7.74900E+02 3.14139E-03
7.75382E+02 3.13217E-03
7.75864E+02 3.11930E-03
7.76347E+02 3.09929E-03
7.76829E+02 3.07336E-03
7.77311E+02 3.05118E-03
7.77793E+02 3.03628E-03
7.78275E+02 3.02148E-03
7.78758E+02 3.00066E-03
7.79240E+02 2.97801E-03
7.79722E+02 2.96122E-03
7.80204E+02 2.95164E-03
7.80686E+02 2.94322E-03
7.81169E+02 2.92974E-03
7.81651E+02 2.91200E-03
7.82133E+02 2.90009E-03
7.82615E+02 2.90510E-03
7.83097E+02 2.92623E-03
7.83580E+02 2.94863E-03
7.84062E+02 2.96107E-03
7.84544E+02 2.97128E-03
7.85026E+02 2.99296E-03
7.85508E+02 3.01537E-03
7.85991E+02 3.00156E-03
7.86473E+02 2.92800E-03
7.86955E+02 2.81944E-03
7.87437E+02 2.73128E-03
7.87919E+02 2.69886E-03
7.88402E+02 2.70996E-03
7.88884E+02 2.72740E-03
7.89366E+02 2.72638E-03
7.89848E+02 2.70874E-03
7.90331E+02 2.69074E-03
7.90813E+02 2.68644E-03
7.91295E+02 2.69689E-03
7.91777E+02 2.70858E-03
7.92259E+02 2.70089E-03
7.92742E+02 2.66300E-03
7.93224E+02 2.60480E-03
7.93706E+02 2.55043E-03
7.94188E+02 2.51859E-03
7.94670E+02 2.51005E-03
7.95153E+02 2.51112E-03
7.95635E+02 2.50837E-03
7.96117E+02 2.49760E-03
7.96599E+02 2.48374E-03
7.97081E+02 2.47357E-03
7.97564E+02 2.46998E-03
7.98046E+02 2.47115E-03
7.98528E+02 2.47340E-03
7.99010E+02 2.47214E-03
7.99492E+02 2.46286E-03
7.99975E+02 2.44230E-03
8.00457E+02 2.41137E-03
8.00939E+02 2.37574E-03
8.01421E+02 2.34343E-03
8.01903E+02 2.31903E-03
8.02386E+02 2.29984E-03
8.02868E+02 2.27755E-03
8.03350E+02 2.24748E-03
8.03832E+02 2.21507E-03
8.04314E+02 2.19138E-03
8.04797E+02 2.17846E-03
8.05279E+02 2.16615E-03
8.05761E+02 2.14928E-03
8.06243E+02 2.14414E-03
8.06725E+02 2.17433E-03
8.07208E+02 2.23676E-03
8.07690E+02 2.29144E-03
8.08172E+02 2.29563E-03
8.08654E+02 2.24388E-03
8.09136E+02 2.16826E-03
8.09619E+02 2.10302E-03
8.10101E+02 2.05965E-03
8.10583E+02 2.03170E-03
8.11065E+02 2.01060E-03
8.11547E+02 1.99107E-03
8.12030E+02 1.97134E-03
8.12512E+02 1.95567E-03
8.12994E+02 1.95096E-03
8.13476E+02 1.95470E-03
8.13958E+02 1.95156E-03
8.14441E+02 1.92956E-03
8.14923E+02 1.89620E-03
8.15405E+02 1.87090E-03
8.15887E+02 1.86272E-03
8.16369E+02 1.86138E-03
8.16852E+02 1.85000E-03
8.17334E+02 1.82085E-03
8.17816E+02 1.77954E-03
8.18298E+02 1.74025E-03
8.18780E+02 1.71688E-03
8.19263E+02 1.71134E-03
8.19745E+02 1.70942E-03
8.20227E+02 1.69419E-03
8.20709E+02 1.66512E-03
8.21191E+02 1.63709E-03
8.21674E+02 1.61948E-03
8.22156E+02 1.60556E-03
8.22638E+02 1.58667E-03
8.23120E+02 1.56630E-03
8.23602E+02 1.55097E-03
8.24085E+02 1.53565E-03
8.24567E+02 1.51106E-03
8.25049E+02 1.48145E-03
8.25531E+02 1.45960E-03
8.26013E+02 1.44485E-03
8.26496E+02 1.42150E-03
8.26978E+02 1.38450E-03
8.27460E+02 1.35361E-03
8.27942E+02 1.35079E-03
8.28424E+02 1.37097E-03
8.28907E+02 1.38583E-03
8.29389E+02 1.37375E-03
8.29871E+02 1.33699E-03
8.30353E+02 1.29288E-03
8.30836E+02 1.25737E-03
8.31318E+02 1.23571E-03
8.31800E+02 1.22039E-03
8.32282E+02 1.19847E-03
8.32764E+02 1.16767E-03
8.33247E+02 1.14379E-03
8.33729E+02 1.14198E-03
8.34211E+02 1.15145E-03
8.34693E+02 1.14140E-03
8.35175E+02 1.09774E-03
8.35658E+02 1.04247E-03
8.36140E+02 1.00825E-03
8.36622E+02 1.00217E-03
8.37104E+02 1.00442E-03
8.37586E+02 9.95450E-04
8.38069E+02 9.72681E-04
8.38551E+02 9.43262E-04
8.39033E+02 9.14153E-04
8.39515E+02 8.90981E-04
8.39997E+02 8.76341E-04
8.40480E+02 8.63981E-04
8.40962E+02 8.42486E-04
8.41444E+02 8.08477E-04
8.41926E+02 7.70144E-04
8.42408E+02 7.35145E-04
8.42891E+02 7.02593E-04
8.43373E+02 6.70075E-04
8.43855E+02 6.40661E-04
8.44337E+02 6.15634E-04
8.44819E+02 5.88793E-04
8.45302E+02 5.56424E-04
8.45784E+02 5.28175E-04
8.46266E+02 5.15305E-04
8.46748E+02 5.11352E-04
8.47230E+02 4.98250E-04
8.47713E+02 4.74323E-04
8.48195E+02 4.60673E-04
8.48677E+02 4.69021E-04
8.49159E+02 4.74647E-04
8.49641E+02 4.39826E-04
8.50124E+02 3.63715E-04
8.50606E+02 2.90543E-04
8.51088E+02 2.57697E-04
8.51570E+02 2.48689E-04
8.52052E+02 2.15933E-04
8.52535E+02 1.46735E-04
8.53017E+02 8.42921E-05
8.53499E+02 7.31610E-05
8.53981E+02 1.01980E-04
8.54463E+02 1.20770E-04
8.54946E+02 1.07501E-04
8.55428E+02 9.03867E-05
8.55910E+02 9.77926E-05
8.56392E+02 1.12139E-04
8.56874E+02 9.39220E-05
8.57357E+02 3.83146E-05
8.57839E+02 -1.89282E-05
8.58321E+02 -4.59850E-05
8.58803E+02 -5.39087E-05
8.59286E+02 -6.99796E-05
8.59768E+02 -1.02177E-04
8.60250E+02 -1.38521E-04
8.60732E+02 -1.71527E-04
8.61214E+02 -2.07968E-04
8.61697E+02 -2.55525E-04
8.62179E+02 -3.10570E-04
8.62661E+02 -3.60738E-04
8.63143E+02 -3.95942E-04
8.63625E+02 -4.17054E-04
8.64108E+02 -4.35665E-04
8.64590E+02 -4.62085E-04
8.65072E+02 -4.91820E-04
8.65554E+02 -5.09176E-04
8.66036E+02 -5.07038E-04
8.66519E+02 -4.94324E-04
8.67001E+02 -4.80030E-04
8.67483E+02 -4.64056E-04
8.67965E+02 -4.55748E-04
8.68447E+02 -4.87190E-04
8.68930E+02 -5.82360E-04
8.69412E+02 -7.12689E-04
8.69894E+02 -8.09751E-04
8.70376E+02 -8.33221E-04
8.70858E+02 -8.09200E-04
8.71341E+02 -7.91006E-04
8.71823E+02 -7.99224E-04
8.72305E+02 -8.17880E-04
8.72787E+02 -8.35121E-04
8.73269E+02 -8.59503E-04
8.73752E+02 -8.94912E-04
8.74234E+02 -9.25016E-04
8.74716E+02 -9.35506E-04
8.75198E+02 -9.37805E-04
8.75680E+02 -9.56703E-04
8.76163E+02 -9.99197E-04
8.76645E+02 -1.04603E-03
8.77127E+02 -1.07352E-03
8.77609E+02 -1.07640E-03
8.78091E+02 -1.07039E-03
8.78574E+02 -1.07856E-03
8.79056E+02 -1.11330E-03
8.79538E+02 -1.16689E-03
8.80020E+02 -1.21826E-03
8.80502E+02 -1.25131E-03
8.80985E+02 -1.26867E-03
8.81467E+02 -1.28617E-03
8.81949E+02 -1.31399E-03
8.82431E+02 -1.34441E-03
8.82913E+02 -1.36045E-03
8.83396E+02 -1.35690E-03
8.83878E+02 -1.35196E-03
8.84360E+02 -1.37439E-03
8.84842E+02 -1.43485E-03
8.85324E+02 -1.51172E-03
8.85807E+02 -1.56954E-03
8.86289E+02 -1.59259E-03
8.86771E+02 -1.59708E-03
8.87253E+02 -1.60991E-03
8.87735E+02 -1.63999E-03
8.88218E+02 -1.67367E-03
8.88700E+02 -1.69365E-03
8.89182E+02 -1.69931E-03
8.89664E+02 -1.70791E-03
8.90146E+02 -1.73739E-03
8.90629E+02 -1.78660E-03
8.91111E+02 -1.83364E-03
8.91593E+02 -1.85775E-03
8.92075E+02 -1.86311E-03
8.92557E+02 -1.87451E-03
8.93040E+02 -1.90762E-03
8.93522E+02 -1.95201E-03
8.94004E+02 -1.98705E-03
8.94486E+02 -2.00621E-03
8.94969E+02 -2.01689E-03
8.95451E+02 -2.02501E-03
8.95933E+02 -2.03231E-03
8.96415E+02 -2.04472E-03
8.96897E+02 -2.06878E-03
8.97380E+02 -2.09891E-03
8.97862E+02 -2.12162E-03
8.98344E+02 -2.13641E-03
8.98826E+02 -2.15922E-03
8.99308E+02 -2.19893E-03
8.99791E+02 -2.24251E-03
9.00273E+02 -2.27084E-03
9.00755E+02 -2.28186E-03
9.01237E+02 -2.28947E-03
9.01719E+02 -2.30755E-03
9.02202E+02 -2.34255E-03
9.02684E+02 -2.39140E-03
9.03166E+02 -2.43599E-03
9.03648E+02 -2.45273E-03
9.04130E+02 -2.44528E-03
9.04613E+02 -2.45997E-03
9.05095E+02 -2.54245E-03
9.05577E+02 -2.67505E-03
9.06059E+02 -2.77998E-03
9.06541E+02 -2.79801E-03
9.07024E+02 -2.74846E-03
9.07506E+02 -2.69993E-03
9.07988E+02 -2.69517E-03
9.08470E+02 -2.72219E-03
9.08952E+02 -2.74966E-03
9.09435E+02 -2.76567E-03
9.09917E+02 -2.77742E-03
9.10399E+02 -2.79162E-03
9.10881E+02 -2.80854E-03
9.11363E+02 -2.82818E-03
9.11846E+02 -2.85153E-03
9.12328E+02 -2.87630E-03
9.12810E+02 -2.89831E-03
9.13292E+02 -2.91805E-03
9.13774E+02 -2.94270E-03
9.14257E+02 -2.97914E-03
9.14739E+02 -3.02358E-03
9.15221E+02 -3.06085E-03
9.15703E+02 -3.07608E-03
9.16185E+02 -3.06995E-03
9.16668E+02 -3.05919E-03
9.17150E+02 -3.06069E-03
9.17632E+02 -3.07720E-03
9.18114E+02 -3.10142E-03
9.18596E+02 -3.12924E-03
9.19079E+02 -3.16179E-03
9.19561E+02 -3.19662E-03
9.20043E+02 -3.22482E-03
9.20525E+02 -3.24009E-03
9.21007E+02 -3.24595E-03
9.21490E+02 -3.25217E-03
9.21972E+02 -3.26677E-03
9.22454E+02 -3.28990E-03
9.22936E+02 -3.31265E-03
9.23418E+02 -3.32424E-03
9.23901E+02 -3.32602E-03
9.24383E+02 -3.33625E-03
9.24865E+02 -3.37061E-03
9.25347E+02 -3.41737E-03
9.25829E+02 -3.44483E-03
9.26312E+02 -3.43910E-03
9.26794E+02 -3.42311E-03
9.27276E+02 -3.42852E-03
9.27758E+02 -3.45851E-03
9.28240E+02 -3.49159E-03
9.28723E+02 -3.51472E-03
9.29205E+02 -3.53502E-03
9.29687E+02 -3.55909E-03
9.30169E+02 -3.57983E-03
9.30651E+02 -3.59084E-03
9.31134E+02 -3.59951E-03
9.31616E+02 -3.61347E-03
9.32098E+02 -3.62478E-03
9.32580E+02 -3.62135E-03
9.33062E+02 -3.61045E-03
9.33545E+02 -3.61621E-03
9.34027E+02 -3.65133E-03
9.34509E+02 -3.70217E-03
9.34991E+02 -3.74493E-03
9.35474E+02 -3.76862E-03
9.35956E+02 -3.77918E-03
9.36438E+02 -3.78739E-03
9.36920E+02 -3.80037E-03
9.37402E+02 -3.81918E-03
9.37885E+02 -3.83852E-03
9.38367E+02 -3.85263E-03
9.38849E+02 -3.86587E-03
9.39331E+02 -3.89397E-03
9.39813E+02 -3.94505E-03
9.40296E+02 -4.00177E-03
9.40778E+02 -4.03348E-03
9.41260E+02 -4.03012E-03
9.41742E+02 -4.01473E-03
9.42224E+02 -4.01611E-03
9.42707E+02 -4.03631E-03
9.43189E+02 -4.05507E-03
9.43671E+02 -4.06078E-03
9.44153E+02 -4.06350E-03
9.44635E+02 -4.07654E-03
9.45118E+02 -4.09910E-03
9.45600E+02 -4.12343E-03
9.46082E+02 -4.14864E-03
9.46564E+02 -4.17669E-03
9.47046E+02 -4.20089E-03
9.47529E+02 -4.21109E-03
9.48011E+02 -4.21113E-03
9.48493E+02 -4.21915E-03
9.48975E+02 -4.24649E-03
9.49457E+02 -4.28348E-03
9.49940E+02 -4.31118E-03
9.50422E+02 -4.32123E-03
9.50904E+02 -4.31912E-03
9.51386E+02 -4.31340E-03
9.51868E+02 -4.30932E-03
9.52351E+02 -4.31152E-03
9.52833E+02 -4.32446E-03
9.53315E+02 -4.34786E-03
9.53797E+02 -4.37530E-03
9.54279E+02 -4.39997E-03
9.54762E+02 -4.41948E-03
9.55244E+02 -4.43429E-03
9.55726E+02 -4.44432E-03
9.56208E+02 -4.44932E-03
9.56690E+02 -4.45137E-03
9.57173E+02 -4.45509E-03
9.57655E+02 -4.46467E-03
9.58137E+02 -4.48081E-03
9.58619E+02 -4.50054E-03
9.59102E+02 -4.52016E-03
9.59584E+02 -4.53818E-03
9.60066E+02 -4.55428E-03
9.60548E+02 -4.56527E-03
9.61030E+02 -4.56599E-03
9.61513E+02 -4.55718E-03
9.61995E+02 -4.55050E-03
9.62477E+02 -4.56008E-03
9.62959E+02 -4.58845E-03
9.63441E+02 -4.62399E-03
9.63924E+02 -4.65309E-03
9.64406E+02 -4.67172E-03
9.64888E+02 -4.68376E-03
9.65370E+02 -4.69369E-03
9.65852E+02 -4.70457E-03
9.66335E+02 -4.71864E-03
9.66817E+02 -4.73383E-03
9.67299E+02 -4.74083E-03
9.67781E+02 -4.73119E-03
9.68263E+02 -4.71035E-03
9.68746E+02 -4.69744E-03
9.69228E+02 -4.70781E-03
9.69710E+02 -4.73724E-03
9.70192E+02 -4.76652E-03
9.70674E+02 -4.78087E-03
9.71157E+02 -4.78197E-03
9.71639E+02 -4.78204E-03
9.72121E+02 -4.78936E-03
9.72603E+02 -4.80139E-03
9.73085E+02 -4.81082E-03
9.73568E+02 -4.81515E-03
9.74050E+02 -4.81921E-03
9.74532E+02 -4.82967E-03
9.75014E+02 -4.84811E-03
9.75496E+02 -4.86888E-03
9.75979E+02 -4.88330E-03
9.76461E+02 -4.88516E-03
9.76943E+02 -4.87519E-03
9.77425E+02 -4.86136E-03
9.77907E+02 -4.85309E-03
9.78390E+02 -4.85150E-03
9.78872E+02 -4.84638E-03
9.79354E+02 -4.82718E-03
9.79836E+02 -4.79778E-03
9.80318E+02 -4.77493E-03
9.80801E+02 -4.76974E-03
9.81283E+02 -4.77409E-03
9.81765E+02 -4.77076E-03
9.82247E+02 -4.75395E-03
9.82729E+02 -4.73214E-03
9.83212E+02 -4.71146E-03
9.83694E+02 -4.68513E-03
9.84176E+02 -4.64492E-03
9.84658E+02 -4.59661E-03
9.85140E+02 -4.55450E-03
9.85623E+02 -4.52263E-03
9.86105E+02 -4.48989E-03
9.86587E+02 -4.44568E-03
9.87069E+02 -4.39250E-03
9.87551E+02 -4.33809E-03
9.88034E+02 -4.28061E-03
9.88516E+02 -4.21035E-03
9.88998E+02 -4.12264E-03
9.89480E+02 -4.02386E-03
9.89962E+02 -3.92164E-03
9.90445E+02 -3.81545E-03
9.90927E+02 -3.69811E-03
9.91409E+02 -3.56279E-03
9.91891E+02 -3.40553E-03
9.92373E+02 -3.22505E-03
9.92856E+02 -3.02389E-03
9.93338E+02 -2.80690E-03
9.93820E+02 -2.57412E-03
9.94302E+02 -2.31687E-03
9.94784E+02 -2.02587E-03
9.95267E+02 -1.70254E-03
9.95749E+02 -1.35614E-03
9.96231E+02 -9.88111E-04
9.96713E+02 -5.83891E-04
9.97195E+02 -1.25360E-04
9.97678E+02 3.92918E-04
9.98160E+02 9.57973E-04
9.98642E+02 1.55872E-03
9.99124E+02 2.19421E-03
9.99607E+02 2.87263E-03
1.00009E+03 3.60047E-03
1.00057E+03 4.37673E-03
1.00105E+03 5.19774E-03
1.00154E+03 6.06601E-03
1.00202E+03 6.99076E-03
1.00250E+03 7.97778E-03
1.00298E+03 9.01840E-03
1.00346E+03 1.00920E-02
1.00395E+03 1.11824E-02
1.00443E+03 1.22916E-02
1.00491E+03 1.34373E-02
1.00539E+03 1.46371E-02
1.00588E+03 1.58956E-02
1.00636E+03 1.72018E-02
1.00684E+03 1.85354E-02
1.00732E+03 1.98783E-02
1.00780E+03 2.12244E-02
1.00829E+03 2.25798E-02
1.00877E+03 2.39529E-02
1.00925E+03 2.53441E-02
1.00973E+03 2.67465E-02
1.01021E+03 2.81544E-02
1.01070E+03 2.95651E-02
1.01118E+03 3.09766E-02
1.01166E+03 3.23874E-02
1.01214E+03 3.37984E-02
1.01263E+03 3.52121E-02
1.01311E+03 3.66294E-02
1.01359E+03 3.80505E-02
1.01407E+03 3.94784E-02
1.01455E+03 4.09129E-02
1.01504E+03 4.23415E-02
1.01552E+03 4.37448E-02
1.01600E+03 4.51154E-02
1.01648E+03 4.64654E-02
1.01697E+03 4.78079E-02
1.01745E+03 4.91374E-02
1.01793E+03 5.04343E-02
1.01841E+03 5.16837E-02
1.01889E+03 5.28794E-02
1.01938E+03 5.40143E-02
1.01986E+03 5.50799E-02
1.02034E+03 5.60762E-02
1.02082E+03 5.70097E-02
1.02131E+03 5.78786E-02
1.02179E+03 5.86674E-02
1.02227E+03 5.93642E-02
1.02275E+03 5.99718E-02
1.02323E+03 6.04952E-02
1.02372E+03 6.09270E-02
1.02420E+03 6.12563E-02
1.02468E+03 6.14872E-02
1.02516E+03 6.16362E-02
1.02565E+03 6.17108E-02
1.02613E+03 6.17023E-02
1.02661E+03 6.16019E-02
1.02709E+03 6.14132E-02
1.02757E+03 6.11440E-02
1.02806E+03 6.07921E-02
1.02854E+03 6.03484E-02
1.02902E+03 5.98105E-02
1.02950E+03 5.91855E-02
1.02999E+03 5.84805E-02
1.03047E+03 5.76957E-02
1.03095E+03 5.68292E-02
1.03143E+03 5.58839E-02
1.03191E+03 5.48667E-02
1.03240E+03 5.37838E-02
1.03288E+03 5.26366E-02
1.03336E+03 5.14225E-02
1.03384E+03 5.01362E-02
1.03433E+03 4.87732E-02
1.03481E+03 4.73317E-02
1.03529E+03 4.58157E-02
1.03577E+03 4.42345E-02
1.03625E+03 4.25998E-02
1.03674E+03 4.09192E-02
1.03722E+03 3.91947E-02
1.03770E+03 3.74261E-02
1.03818E+03 3.56166E-02
1.03866E+03 3.37730E-02
1.03915E+03 3.18994E-02
1.03963E+03 2.99950E-02
1.04011E+03 2.80605E-02
1.04059E+03 2.61056E-02
1.04108E+03 2.41485E-02
1.04156E+03 2.22104E-02
1.04204E+03 2.03090E-02
1.04252E+03 1.84542E-02
1.04300E+03 1.66471E-02
1.04349E+03 1.48840E-02
1.04397E+03 1.31647E-02
1.04445E+03 1.14995E-02
1.04493E+03 9.90618E-03
1.04542E+03 8.39957E-03
1.04590E+03 6.98576E-03
1.04638E+03 5.66286E-03
1.04686E+03 4.42676E-03
1.04734E+03 3.27718E-03
1.04783E+03 2.22092E-03
1.04831E+03 1.26651E-03
1.04879E+03 4.14621E-04
1.04927E+03 -3.44884E-04
1.04976E+03 -1.01624E-03
1.05024E+03 -1.59723E-03
1.05072E+03 -2.08797E-03
1.05120E+03 -2.51117E-03
1.05168E+03 -2.90038E-03
1.05217E+03 -3.26295E-03
1.05265E+03 -3.56786E-03
1.05313E+03 -3.78573E-03
1.05361E+03 -3.93372E-03
1.05410E+03 -4.06520E-03
1.05458E+03 -4.21463E-03
1.05506E+03 -4.36881E-03
1.05554E+03 -4.49618E-03
1.05602E+03 -4.58879E-03
1.05651E+03 -4.66369E-03
1.05699E+03 -4.73495E-03
1.05747E+03 -4.80079E-03
1.05795E+03 -4.85722E-03
1.05844E+03 -4.90772E-03
1.05892E+03 -4.95593E-03
1.05940E+03 -4.99819E-03
1.05988E+03 -5.03080E-03
1.06036E+03 -5.05850E-03
1.06085E+03 -5.08865E-03
1.06133E+03 -5.12009E-03
1.06181E+03 -5.14435E-03
1.06229E+03 -5.15637E-03
1.06278E+03 -5.15953E-03
1.06326E+03 -5.15976E-03
1.06374E+03 -5.15985E-03
1.06422E+03 -5.16030E-03
1.06470E+03 -5.16156E-03
1.06519E+03 -5.16209E-03
1.06567E+03 -5.15564E-03
1.06615E+03 -5.13436E-03
1.06663E+03 -5.09604E-03
1.06711E+03 -5.04576E-03
1.06760E+03 -4.98967E-03
1.06808E+03 -4.92771E-03
1.06856E+03 -4.85549E-03
1.06904E+03 -4.77163E-03
1.06953E+03 -4.68180E-03
1.07001E+03 -4.59215E-03
1.07049E+03 -4.50062E-03
1.07097E+03 -4.39755E-03
1.07145E+03 -4.27614E-03
1.07194E+03 -4.14007E-03
1.07242E+03 -4.00020E-03
1.07290E+03 -3.86504E-03
1.07338E+03 -3.73622E-03
1.07387E+03 -3.61355E-03
1.07435E+03 -3.50116E-03
1.07483E+03 -3.40646E-03
1.07531E+03 -3.33305E-03
1.07579E+03 -3.27576E-03
1.07628E+03 -3.22589E-03
1.07676E+03 -3.18143E-03
1.07724E+03 -3.15011E-03
1.07772E+03 -3.14117E-03
1.07821E+03 -3.15527E-03
1.07869E+03 -3.18707E-03
1.07917E+03 -3.23616E-03
1.07965E+03 -3.30948E-03
1.08013E+03 -3.40987E-03
1.08062E+03 -3.52625E-03
1.08110E+03 -3.63910E-03
1.08158E+03 -3.73641E-03
1.08206E+03 -3.81996E-03
1.08255E+03 -3.89954E-03
1.08303E+03 -3.98453E-03
1.08351E+03 -4.08099E-03
1.08399E+03 -4.18953E-03
1.08447E+03 -4.30477E-03
1.08496E+03 -4.41979E-03
1.08544E+03 -4.53381E-03
1.08592E+03 -4.64920E-03
1.08640E+03 -4.75978E-03
1.08689E+03 -4.84843E-03
1.08737E+03 -4.90514E-03
1.08785E+03 -4.94258E-03
1.08833E+03 -4.98627E-03
1.08881E+03 -5.04642E-03
1.08930E+03 -5.10990E-03
1.08978E+03 -5.15923E-03
1.09026E+03 -5.19281E-03
1.09074E+03 -5.21855E-03
1.09123E+03 -5.23787E-03
1.09171E+03 -5.24409E-03
1.09219E+03 -5.23643E-03
1.09267E+03 -5.22266E-03
1.09315E+03 -5.20843E-03
1.09364E+03 -5.18899E-03
1.09412E+03 -5.15687E-03
1.09460E+03 -5.11128E-03
1.09508E+03 -5.05744E-03
1.09556E+03 -4.99902E-03
1.09605E+03 -4.93830E-03
1.09653E+03 -4.87705E-03
1.09701E+03 -4.81334E-03
1.09749E+03 -4.73601E-03
1.09798E+03 -4.63240E-03
1.09846E+03 -4.50273E-03
1.09894E+03 -4.36375E-03
1.09942E+03 -4.23240E-03
1.09990E+03 -4.11119E-03
1.10039E+03 -3.98943E-03
1.10087E+03 -3.85602E-03
1.10135E+03 -3.70372E-03
1.10183E+03 -3.52725E-03
1.10232E+03 -3.32554E-03
1.10280E+03 -3.10919E-03
1.10328E+03 -2.89605E-03
1.10376E+03 -2.69587E-03
1.10424E+03 -2.50221E-03
1.10473E+03 -2.30629E-03
1.10521E+03 -2.11198E-03
1.10569E+03 -1.93013E-03
1.10617E+03 -1.75996E-03
1.10666E+03 -1.58780E-03
1.10714E+03 -1.40798E-03
1.10762E+03 -1.23534E-03
1.10810E+03 -1.08919E-03
1.10858E+03 -9.70047E-04
1.10907E+03 -8.61183E-04
1.10955E+03 -7.51626E-04
1.11003E+03 -6.47038E-04
1.11051E+03 -5.55750E-04
1.11100E+03 -4.74885E-04
1.11148E+03 -3.96889E-04
1.11196E+03 -3.23314E-04
1.11244E+03 -2.63184E-04
1.11292E+03 -2.19017E-04
1.11341E+03 -1.82465E-04
1.11389E+03 -1.45808E-04
1.11437E+03 -1.09561E-04
1.11485E+03 -7.67261E-05
1.11534E+03 -4.52325E-05
1.11582E+03 -1.12541E-05
1.11630E+03 2.54810E-05
1.11678E+03 5.99436E-05
1.11726E+03 9.51141E-05
1.11775E+03 1.36565E-04
1.11823E+03 1.84022E-04
1.11871E+03 2.27604E-04
1.11919E+03 2.56706E-04
1.11968E+03 2.69849E-04
1.12016E+03 2.74781E-04
1.12064E+03 2.80946E-04
1.12112E+03 2.93214E-04
1.12160E+03 3.10604E-04
1.12209E+03 3.27598E-04
1.12257E+03 3.36979E-04
1.12305E+03 3.34047E-04
1.12353E+03 3.18773E-04
1.12401E+03 2.94421E-04
1.12450E+03 2.64000E-04
1.12498E+03 2.29146E-04
1.12546E+03 1.90698E-04
1.12594E+03 1.48065E-04
1.12643E+03 9.87314E-05
1.12691E+03 4.17046E-05
1.12739E+03 -1.96137E-05
1.12787E+03 -7.66478E-05
1.12835E+03 -1.31592E-04
1.12884E+03 -1.97031E-04
1.12932E+03 -2.85905E-04
1.12980E+03 -3.98435E-04
1.13028E+03 -5.23113E-04
1.13077E+03 -6.51076E-04
1.13125E+03 -7.84673E-04
1.13173E+03 -9.30618E-04
1.13221E+03 -1.08848E-03
1.13269E+03 -1.25081E-03
1.13318E+03 -1.41294E-03
1.13366E+03 -1.57768E-03
1.13414E+03 -1.74973E-03
1.13462E+03 -1.92925E-03
1.13511E+03 -2.11433E-03
1.13559E+03 -2.30715E-03
1.13607E+03 -2.51282E-03
1.13655E+03 -2.73073E-03
1.13703E+03 -2.94984E-03
1.13752E+03 -3.15724E-03
1.13800E+03 -3.35231E-03
1.13848E+03 -3.54901E-03
1.13896E+03 -3.76077E-03
1.13945E+03 -3.98337E-03
1.13993E+03 -4.19655E-03
1.14041E+03 -4.38403E-03
1.14089E+03 -4.54760E-03
1.14137E+03 -4.69983E-03
1.14186E+03 -4.84802E-03
1.14234E+03 -4.99130E-03
1.14282E+03 -5.13005E-03
1.14330E+03 -5.26822E-03
1.14379E+03 -5.40330E-03
1.14427E+03 -5.52262E-03
1.14475E+03 -5.61683E-03
1.14523E+03 -5.69215E-03
1.14571E+03 -5.76230E-03
1.14620E+03 -5.83143E-03
1.14668E+03 -5.89280E-03
1.14716E+03 -5.94333E-03
1.14764E+03 -5.98826E-03
1.14812E+03 -6.02875E-03
1.14861E+03 -6.05522E-03
1.14909E+03 -6.06108E-03
1.14957E+03 -6.05636E-03
1.15005E+03 -6.05842E-03
1.15054E+03 -6.07023E-03
1.15102E+03 -6.07835E-03
1.15150E+03 -6.07255E-03
1.15198E+03 -6.05757E-03
1.15246E+03 -6.04110E-03
1.15295E+03 -6.01875E-03
1.15343E+03 -5.97958E-03
1.15391E+03 -5.92479E-03
1.15439E+03 -5.86710E-03
1.15488E+03 -5.81614E-03
1.15536E+03 -5.76858E-03
1.15584E+03 -5.71844E-03
1.15632E+03 -5.67095E-03
1.15680E+03 -5.63921E-03
1.15729E+03 -5.62689E-03
1.15777E+03 -5.62060E-03
1.15825E+03 -5.60260E-03
1.15873E+03 -5.56985E-03
1.15922E+03 -5.53852E-03
1.15970E+03 -5.52911E-03
1.16018E+03 -5.54754E-03
1.16066E+03 -5.58107E-03
1.16114E+03 -5.61258E-03
1.16163E+03 -5.63795E-03
1.16211E+03 -5.66820E-03
1.16259E+03 -5.71470E-03
1.16307E+03 -5.77555E-03
1.16356E+03 -5.83820E-03
1.16404E+03 -5.89390E-03
1.16452E+03 -5.94439E-03
1.16500E+03 -5.99489E-03
1.16548E+03 -6.04498E-03
1.16597E+03 -6.09107E-03
1.16645E+03 -6.13441E-03
1.16693E+03 -6.18147E-03
1.16741E+03 -6.23448E-03
1.16790E+03 -6.28635E-03
1.16838E+03 -6.32647E-03
1.16886E+03 -6.35138E-03
1.16934E+03 -6.36780E-03
1.16982E+03 -6.38667E-03
1.17031E+03 -6.41480E-03
1.17079E+03 -6.45055E-03
1.17127E+03 -6.48439E-03
1.17175E+03 -6.50537E-03
1.17224E+03 -6.50896E-03
1.17272E+03 -6.50113E-03
1.17320E+03 -6.49383E-03
1.17368E+03 -6.49615E-03
1.17416E+03 -6.50790E-03
1.17465E+03 -6.52115E-03
1.17513E+03 -6.52725E-03
1.17561E+03 -6.52349E-03
1.17609E+03 -6.51409E-03
1.17657E+03 -6.50448E-03
1.17706E+03 -6.49386E-03
1.17754E+03 -6.47515E-03
1.17802E+03 -6.44309E-03
1.17850E+03 -6.40108E-03
1.17899E+03 -6.35817E-03
1.17947E+03 -6.31997E-03
1.17995E+03 -6.28454E-03
1.18043E+03 -6.24764E-03
1.18091E+03 -6.21069E-03
1.18140E+03 -6.18241E-03
1.18188E+03 -6.17311E-03
1.18236E+03 -6.18650E-03
1.18284E+03 -6.21675E-03
1.18333E+03 -6.25436E-03
1.18381E+03 -6.29486E-03
1.18429E+03 -6.33929E-03
1.18477E+03 -6.38532E-03
1.18525E+03 -6.42353E-03
1.18574E+03 -6.44755E-03
1.18622E+03 -6.46660E-03
1.18670E+03 -6.49944E-03
1.18718E+03 -6.55298E-03
1.18767E+03 -6.61183E-03
1.18815E+03 -6.65341E-03
1.18863E+03 -6.66954E-03
1.18911E+03 -6.67109E-03
1.18959E+03 -6.67433E-03
1.19008E+03 -6.68775E-03
1.19056E+03 -6.71005E-03
1.19104E+03 -6.73443E-03
1.19152E+03 -6.75400E-03
1.19201E+03 -6.76560E-03
1.19249E+03 -6.77051E-03
1.19297E+03 -6.77060E-03
1.19345E+03 -6.76650E-03
1.19393E+03 -6.76064E-03
1.19442E+03 -6.75973E-03
1.19490E+03 -6.76912E-03
1.19538E+03 -6.78549E-03
1.19586E+03 -6.79980E-03
1.19635E+03 -6.80723E-03
1.19683E+03 -6.80982E-03
1.19731E+03 -6.80969E-03
1.19779E+03 -6.80584E-03
1.19827E+03 -6.80048E-03
1.19876E+03 -6.80156E-03
1.19924E+03 -6.81310E-03
1.19972E+03 -6.82663E-03
1.20020E+03 -6.82880E-03
1.20069E+03 -6.81664E-03
1.20117E+03 -6.80101E-03
1.20165E+03 -6.79408E-03
1.20213E+03 -6.79820E-03
1.20261E+03 -6.80734E-03
1.20310E+03 -6.81485E-03
1.20358E+03 -6.81693E-03
1.20406E+03 -6.81278E-03
1.20454E+03 -6.80545E-03
1.20502E+03 -6.80288E-03
1.20551E+03 -6.81270E-03
1.20599E+03 -6.83342E-03
1.20647E+03 -6.85190E-03
1.20695E+03 -6.85346E-03
1.20744E+03 -6.83613E-03
1.20792E+03 -6.81382E-03
1.20840E+03 -6.80320E-03
1.20888E+03 -6.80884E-03
1.20936E+03 -6.82285E-03
1.20985E+03 -6.83648E-03
1.21033E+03 -6.84742E-03
1.21081E+03 -6.85593E-03
1.21129E+03 -6.86037E-03
1.21178E+03 -6.86059E-03
1.21226E+03 -6.86071E-03
1.21274E+03 -6.86326E-03
1.21322E+03 -6.86359E-03
1.21370E+03 -6.85678E-03
1.21419E+03 -6.84871E-03
1.21467E+03 -6.85191E-03
1.21515E+03 -6.86885E-03
1.21563E+03 -6.88569E-03
1.21612E+03 -6.88744E-03
1.21660E+03 -6.87550E-03
1.21708E+03 -6.86530E-03
1.21756E+03 -6.86885E-03
1.21804E+03 -6.88335E-03
1.21853E+03 -6.89659E-03
1.21901E+03 -6.89985E-03
1.21949E+03 -6.89558E-03
1.21997E+03 -6.89425E-03
1.22046E+03 -6.90329E-03
1.22094E+03 -6.91849E-03
1.22142E+03 -6.92917E-03
1.22190E+03 -6.93231E-03
1.22238E+03 -6.93791E-03
1.22287E+03 -6.95492E-03
1.22335E+03 -6.97554E-03
1.22383E+03 -6.98018E-03
1.22431E+03 -6.95886E-03
1.22480E+03 -6.92227E-03
1.22528E+03 -6.89052E-03
1.22576E+03 -6.87704E-03
1.22624E+03 -6.88462E-03
1.22672E+03 -6.90857E-03
1.22721E+03 -6.93719E-03
1.22769E+03 -6.95378E-03
1.22817E+03 -6.94831E-03
1.22865E+03 -6.92868E-03
1.22914E+03 -6.91481E-03
1.22962E+03 -6.91975E-03
1.23010E+03 -6.93882E-03
1.23058E+03 -6.95683E-03
1.23106E+03 -6.96152E-03
1.23155E+03 -6.95219E-03
1.23203E+03 -6.94109E-03
1.23251E+03 -6.94844E-03
1.23299E+03 -6.98632E-03
1.23347E+03 -7.04137E-03
1.23396E+03 -7.07954E-03
1.23444E+03 -7.07696E-03
1.23492E+03 -7.04471E-03
1.23540E+03 -7.01521E-03
1.23589E+03 -7.00545E-03
1.23637E+03 -7.00319E-03
1.23685E+03 -6.99000E-03
1.23733E+03 -6.96667E-03
1.23781E+03 -6.94805E-03
1.23830E+03 -6.94177E-03
1.23878E+03 -6.94215E-03
1.23926E+03 -6.94359E-03
1.23974E+03 -6.94824E-03
1.24023E+03 -6.95911E-03
1.24071E+03 -6.97308E-03
1.24119E+03 -6.98479E-03
1.24167E+03 -6.99192E-03
1.24215E+03 -6.99396E-03
1.24264E+03 -6.99018E-03
1.24312E+03 -6.98321E-03
1.24360E+03 -6.98014E-03
1.24408E+03 -6.98561E-03
1.24457E+03 -6.99489E-03
1.24505E+03 -6.99948E-03
1.24553E+03 -6.99734E-03
1.24601E+03 -6.99406E-03
1.24649E+03 -6.99422E-03
1.24698E+03 -6.99684E-03
1.24746E+03 -6.99897E-03
1.24794E+03 -6.99909E-03
1.24842E+03 -6.99586E-03
1.24891E+03 -6.98807E-03
1.24939E+03 -6.97799E-03
1.24987E+03 -6.97212E-03
1.25035E+03 -6.97437E-03
1.25083E+03 -6.98109E-03
1.25132E+03 -6.98531E-03
1.25180E+03 -6.98536E-03
1.25228E+03 -6.98578E-03
1.25276E+03 -6.99048E-03
1.25325E+03 -6.99737E-03
1.25373E+03 -7.00049E-03
1.25421E+03 -6.99688E-03
1.25469E+03 -6.99018E-03
1.25517E+03 -6.98781E-03
1.25566E+03 -6.99330E-03
1.25614E+03 -7.00197E-03
1.25662E+03 -7.00530E-03
1.25710E+03 -7.00115E-03
1.25759E+03 -6.99731E-03
1.25807E+03 -7.00287E-03
1.25855E+03 -7.01719E-03
1.25903E+03 -7.03002E-03
1.25951E+03 -7.03231E-03
1.26000E+03 -7.02481E-03
1.26048E+03 -7.01573E-03
1.26096E+03 -7.01262E-03
1.26144E+03 -7.01633E-03
1.26192E+03 -7.02139E-03
1.26241E+03 -7.02074E-03
1.26289E+03 -7.01214E-03
1.26337E+03 -7.00048E-03
1.26385E+03 -6.99345E-03
1.26434E+03 -6.99364E-03
1.26482E+03 -6.99653E-03
1.26530E+03 -6.99685E-03
1.26578E+03 -6.99531E-03
1.26626E+03 -6.99708E-03
1.26675E+03 -7.00481E-03
1.26723E+03 -7.01473E-03
1.26771E+03 -7.02036E-03
1.26819E+03 -7.01879E-03
1.26868E+03 -7.01375E-03
1.26916E+03 -7.01219E-03
1.26964E+03 -7.01795E-03
1.27012E+03 -7.02843E-03
1.27060E+03 -7.03743E-03
1.27109E+03 -7.04054E-03
1.27157E+03 -7.03732E-03
1.27205E+03 -7.02894E-03
1.27253E+03 -7.01736E-03
1.27302E+03 -7.00708E-03
1.27350E+03 -7.00274E-03
1.27398E+03 -6.99993E-03
1.27446E+03 -6.98124E-03
1.27494E+03 -6.93089E-03
1.27543E+03 -6.85767E-03
1.27591E+03 -6.79854E-03
1.27639E+03 -6.79138E-03
1.27687E+03 -6.84267E-03
1.27736E+03 -6.92352E-03
1.27784E+03 -6.99756E-03
1.27832E+03 -7.04867E-03
1.27880E+03 -7.08270E-03
1.27928E+03 -7.10934E-03
1.27977E+03 -7.13012E-03
1.28025E+03 -7.14243E-03
1.28073E+03 -7.14824E-03
1.28121E+03 -7.15303E-03
1.28170E+03 -7.15863E-03
1.28218E+03 -7.16136E-03
1.28266E+03 -7.15850E-03
1.28314E+03 -7.15436E-03
1.28362E+03 -7.15725E-03
1.28411E+03 -7.17030E-03
1.28459E+03 -7.18680E-03
1.28507E+03 -7.19578E-03
1.28555E+03 -7.19203E-03
1.28604E+03 -7.18048E-03
1.28652E+03 -7.17060E-03
1.28700E+03 -7.16721E-03
1.28748E+03 -7.16733E-03
1.28796E+03 -7.16560E-03
1.28845E+03 -7.16171E-03
1.28893E+03 -7.16134E-03
1.28941E+03 -7.17061E-03
1.28989E+03 -7.18907E-03
1.29037E+03 -7.20794E-03
1.29086E+03 -7.21570E-03
1.29134E+03 -7.20749E-03
1.29182E+03 -7.19068E-03
1.29230E+03 -7.17984E-03
1.29279E+03 -7.18363E-03
1.29327E+03 -7.19616E-03
1.29375E+03 -7.20263E-03
1.29423E+03 -7.19339E-03
1.29471E+03 -7.17220E-03
1.29520E+03 -7.15179E-03
1.29568E+03 -7.14378E-03
1.29616E+03 -7.15166E-03
1.29664E+03 -7.16978E-03
1.29713E+03 -7.18700E-03
1.29761E+03 -7.19411E-03
1.29809E+03 -7.19160E-03
1.29857E+03 -7.18889E-03
1.29905E+03 -7.19406E-03
1.29954E+03 -7.20513E-03
1.30002E+03 -7.21315E-03
1.30050E+03 -7.21208E-03
1.30098E+03 -7.20347E-03
1.30147E+03 -7.19324E-03
1.30195E+03 -7.18781E-03
1.30243E+03 -7.19126E-03
1.30291E+03 -7.20183E-03
1.30339E+03 -7.21067E-03
1.30388E+03 -7.20995E-03
1.30436E+03 -7.20353E-03
1.30484E+03 -7.20449E-03
1.30532E+03 -7.21708E-03
1.30581E+03 -7.22580E-03
1.30629E+03 -7.20979E-03
1.30677E+03 -7.16743E-03
1.30725E+03 -7.12042E-03
1.30773E+03 -7.09108E-03
1.30822E+03 -7.08057E-03
1.30870E+03 -7.07205E-03
1.30918E+03 -7.05206E-03
1.30966E+03 -7.02472E-03
1.31015E+03 -7.00423E-03
1.31063E+03 -6.99781E-03
1.31111E+03 -6.99802E-03
1.31159E+03 -6.99114E-03
1.31207E+03 -6.97063E-03
1.31256E+03 -6.94179E-03
1.31304E+03 -6.91414E-03
1.31352E+03 -6.89200E-03
1.31400E+03 -6.87288E-03
1.31448E+03 -6.85325E-03
1.31497E+03 -6.83283E-03
1.31545E+03 -6.81388E-03
1.31593E+03 -6.79762E-03
1.31641E+03 -6.78221E-03
1.31690E+03 -6.76235E-03
1.31738E+03 -6.73223E-03
1.31786E+03 -6.69095E-03
1.31834E+03 -6.64484E-03
1.31882E+03 -6.60249E-03
1.31931E+03 -6.56690E-03
1.31979E+03 -6.53478E-03
1.32027E+03 -6.50295E-03
1.32075E+03 -6.47108E-03
1.32124E+03 -6.43698E-03
1.32172E+03 -6.39397E-03
1.32220E+03 -6.33757E-03
1.32268E+03 -6.27258E-03
1.32316E+03 -6.20901E-03
1.32365E+03 -6.15138E-03
1.32413E+03 -6.09663E-03
1.32461E+03 -6.04216E-03
1.32509E+03 -5.99033E-03
1.32558E+03 -5.94260E-03
1.32606E+03 -5.89346E-03
1.32654E+03 -5.83429E-03
1.32702E+03 -5.76210E-03
1.32750E+03 -5.68181E-03
1.32799E+03 -5.60034E-03
1.32847E+03 -5.52076E-03
1.32895E+03 -5.44014E-03
1.32943E+03 -5.35123E-03
1.32992E+03 -5.24742E-03
1.33040E+03 -5.12949E-03
1.33088E+03 -5.00659E-03
1.33136E+03 -4.88695E-03
1.33184E+03 -4.76703E-03
1.33233E+03 -4.63367E-03
1.33281E+03 -4.47892E-03
1.33329E+03 -4.30979E-03
1.33377E+03 -4.13979E-03
1.33426E+03 -3.97297E-03
1.33474E+03 -3.80109E-03
1.33522E+03 -3.61643E-03
1.33570E+03 -3.42370E-03
1.33618E+03 -3.23651E-03
1.33667E+03 -3.06390E-03
1.33715E+03 -2.90335E-03
1.33763E+03 -2.74668E-03
1.33811E+03 -2.58956E-03
1.33860E+03 -2.43409E-03
1.33908E+03 -2.28505E-03
1.33956E+03 -2.14771E-03
1.34004E+03 -2.02914E-03
1.34052E+03 -1.93845E-03
1.34101E+03 -1.88283E-03
1.34149E+03 -1.86555E-03
1.34197E+03 -1.88950E-03
1.34245E+03 -1.95796E-03
1.34293E+03 -2.06305E-03
1.34342E+03 -2.17221E-03
1.34390E+03 -2.23693E-03
1.34438E+03 -2.22867E-03
1.34486E+03 -2.16965E-03
1.34535E+03 -2.12105E-03
1.34583E+03 -2.13480E-03
1.34631E+03 -2.21617E-03
1.34679E+03 -2.33230E-03
1.34727E+03 -2.44981E-03
1.34776E+03 -2.55911E-03
1.34824E+03 -2.66724E-03
1.34872E+03 -2.77922E-03
1.34920E+03 -2.89054E-03
1.34969E+03 -2.99218E-03
1.35017E+03 -3.07719E-03
1.35065E+03 -3.14507E-03
1.35113E+03 -3.20276E-03
1.35161E+03 -3.25977E-03
1.35210E+03 -3.31812E-03
1.35258E+03 -3.36882E-03
1.35306E+03 -3.40274E-03
1.35354E+03 -3.42275E-03
1.35403E+03 -3.43979E-03
1.35451E+03 -3.45700E-03
1.35499E+03 -3.46467E-03
1.35547E+03 -3.45507E-03
1.35595E+03 -3.43586E-03
1.35644E+03 -3.42340E-03
1.35692E+03 -3.42590E-03
1.35740E+03 -3.43948E-03
1.35788E+03 -3.45923E-03
1.35837E+03 -3.48685E-03
1.35885E+03 -3.52555E-03
1.35933E+03 -3.57367E-03
1.35981E+03 -3.62864E-03
1.36029E+03 -3.69328E-03
1.36078E+03 -3.77401E-03
1.36126E+03 -3.87342E-03
1.36174E+03 -3.98855E-03
1.36222E+03 -4.11479E-03
1.36271E+03 -4.24809E-03
1.36319E+03 -4.38305E-03
1.36367E+03 -4.51335E-03
1.36415E+03 -4.63578E-03
1.36463E+03 -4.75185E-03
1.36512E+03 -4.86416E-03
1.36560E+03 -4.97346E-03
1.36608E+03 -5.07990E-03
1.36656E+03 -5.18491E-03
1.36705E+03 -5.28909E-03
1.36753E+03 -5.38911E-03
1.36801E+03 -5.47974E-03
1.36849E+03 -5.55906E-03
1.36897E+03 -5.62958E-03
1.36946E+03 -5.69345E-03
1.36994E+03 -5.74762E-03
1.37042E+03 -5.78489E-03
1.37090E+03 -5.80027E-03
1.37138E+03 -5.79612E-03
1.37187E+03 -5.78156E-03
1.37235E+03 -5.76705E-03
1.37283E+03 -5.75690E-03
1.37331E+03 -5.74661E-03
1.37380E+03 -5.72710E-03
1.37428E+03 -5.69301E-03
1.37476E+03 -5.64735E-03
1.37524E+03 -5.59828E-03
1.37572E+03 -5.55013E-03
1.37621E+03 -5.49772E-03
1.37669E+03 -5.42965E-03
1.37717E+03 -5.33693E-03
1.37765E+03 -5.21759E-03
1.37814E+03 -5.07211E-03
1.37862E+03 -4.89775E-03
1.37910E+03 -4.69198E-03
1.37958E+03 -4.46366E-03
1.38006E+03 -4.23630E-03
1.38055E+03 -4.03556E-03
1.38103E+03 -3.87369E-03
1.38151E+03 -3.75103E-03
1.38199E+03 -3.67403E-03
1.38248E+03 -3.66576E-03
1.38296E+03 -3.74939E-03
1.38344E+03 -3.91823E-03
1.38392E+03 -4.12544E-03
1.38440E+03 -4.30972E-03
1.38489E+03 -4.43325E-03
1.38537E+03 -4.49703E-03
1.38585E+03 -4.52302E-03
1.38633E+03 -4.52901E-03
1.38682E+03 -4.52084E-03
1.38730E+03 -4.50158E-03
1.38778E+03 -4.47724E-03
1.38826E+03 -4.45104E-03
1.38874E+03 -4.41843E-03
1.38923E+03 -4.37364E-03
1.38971E+03 -4.32031E-03
1.39019E+03 -4.27013E-03
1.39067E+03 -4.23007E-03
1.39116E+03 -4.19501E-03
1.39164E+03 -4.15473E-03
1.39212E+03 -4.10559E-03
1.39260E+03 -4.05258E-03
1.39308E+03 -4.00192E-03
1.39357E+03 -3.95478E-03
1.39405E+03 -3.90795E-03
1.39453E+03 -3.85693E-03
1.39501E+03 -3.79697E-03
1.39550E+03 -3.72475E-03
1.39598E+03 -3.64123E-03
1.39646E+03 -3.55354E-03
1.39694E+03 -3.47225E-03
1.39742E+03 -3.40553E-03
1.39791E+03 -3.35376E-03
1.39839E+03 -3.30880E-03
1.39887E+03 -3.25856E-03
1.39935E+03 -3.19549E-03
1.39983E+03 -3.12174E-03
1.40032E+03 -3.04597E-03
1.40080E+03 -2.97484E-03
1.40128E+03 -2.90896E-03
1.40176E+03 -2.84589E-03
1.40225E+03 -2.78605E-03
1.40273E+03 -2.73285E-03
1.40321E+03 -2.68849E-03
1.40369E+03 -2.65066E-03
1.40417E+03 -2.61388E-03
1.40466E+03 -2.57265E-03
1.40514E+03 -2.52578E-03
1.40562E+03 -2.47743E-03
1.40610E+03 -2.43384E-03
1.40659E+03 -2.39648E-03
1.40707E+03 -2.36011E-03
1.40755E+03 -2.31891E-03
1.40803E+03 -2.27487E-03
1.40851E+03 -2.23611E-03
1.40900E+03 -2.20677E-03
1.40948E+03 -2.18126E-03
1.40996E+03 -2.15090E-03
1.41044E+03 -2.11337E-03
1.41093E+03 -2.07424E-03
1.41141E+03 -2.03988E-03
1.41189E+03 -2.01174E-03
1.41237E+03 -1.98644E-03
1.41285E+03 -1.95953E-03
1.41334E+03 -1.92886E-03
1.41382E+03 -1.89683E-03
1.41430E+03 -1.86887E-03
1.41478E+03 -1.84906E-03
1.41527E+03 -1.83674E-03
1.41575E+03 -1.82837E-03
1.41623E+03 -1.82143E-03
1.41671E+03 -1.81496E-03
1.41719E+03 -1.80723E-03
1.41768E+03 -1.79730E-03
1.41816E+03 -1.78808E-03
1.41864E+03 -1.78400E-03
1.41912E+03 -1.78351E-03
1.41961E+03 -1.77799E-03
1.42009E+03 -1.76153E-03
1.42057E+03 -1.73901E-03
1.42105E+03 -1.71983E-03
1.42153E+03 -1.70655E-03
1.42202E+03 -1.69504E-03
1.42250E+03 -1.68435E-03
1.42298E+03 -1.67985E-03
1.42346E+03 -1.68418E-03
1.42395E+03 -1.69127E-03
1.42443E+03 -1.69395E-03
1.42491E+03 -1.69448E-03
1.42539E+03 -1.70112E-03
1.42587E+03 -1.71538E-03
1.42636E+03 -1.72842E-03
1.42684E+03 -1.73122E-03
1.42732E+03 -1.72482E-03
1.42780E+03 -1.71840E-03
1.42828E+03 -1.72017E-03
1.42877E+03 -1.73244E-03
1.42925E+03 -1.75282E-03
1.42973E+03 -1.77744E-03
1.43021E+03 -1.80345E-03
1.43070E+03 -1.83020E-03
1.43118E+03 -1.85822E-03
1.43166E+03 -1.88693E-03
1.43214E+03 -1.91500E-03
1.43262E+03 -1.94382E-03
1.43311E+03 -1.97724E-03
1.43359E+03 -2.01527E-03
1.43407E+03 -2.05119E-03
1.43455E+03 -2.07977E-03
1.43504E+03 -2.10708E-03
1.43552E+03 -2.14524E-03
1.43600E+03 -2.19480E-03
1.43648E+03 -2.23798E-03
1.43696E+03 -2.25504E-03
1.43745E+03 -2.24469E-03
1.43793E+03 -2.22266E-03
1.43841E+03 -2.20132E-03
1.43889E+03 -2.17650E-03
1.43938E+03 -2.13606E-03
1.43986E+03 -2.07463E-03
1.44034E+03 -1.99704E-03
1.44082E+03 -1.91068E-03
1.44130E+03 -1.81936E-03
1.44179E+03 -1.72465E-03
1.44227E+03 -1.62776E-03
1.44275E+03 -1.52926E-03
1.44323E+03 -1.42934E-03
1.44372E+03 -1.33037E-03
1.44420E+03 -1.23865E-03
1.44468E+03 -1.16170E-03
1.44516E+03 -1.10347E-03
1.44564E+03 -1.06250E-03
1.44613E+03 -1.03504E-03
1.44661E+03 -1.01988E-03
1.44709E+03 -1.01886E-03
1.44757E+03 -1.03188E-03
1.44806E+03 -1.05223E-03
1.44854E+03 -1.06897E-03
1.44902E+03 -1.07519E-03
1.44950E+03 -1.07320E-03
1.44998E+03 -1.07097E-03
1.45047E+03 -1.07455E-03
1.45095E+03 -1.08428E-03
1.45143E+03 -1.09522E-03
1.45191E+03 -1.09912E-03
1.45240E+03 -1.08783E-03
1.45288E+03 -1.05812E-03
1.45336E+03 -1.01295E-03
1.45384E+03 -9.55552E-04
1.45432E+03 -8.83754E-04
1.45481E+03 -7.93703E-04
1.45529E+03 -6.86496E-04
1.45577E+03 -5.63692E-04
1.45625E+03 -4.13973E-04
1.45673E+03 -2.11630E-04
1.45722E+03 6.37695E-05
1.45770E+03 4.07521E-04
1.45818E+03 7.95215E-04
1.45866E+03 1.20421E-03
1.45915E+03 1.62442E-03
1.45963E+03 2.04943E-03
1.46011E+03 2.46694E-03
1.46059E+03 2.85985E-03
1.46107E+03 3.21243E-03
1.46156E+03 3.51227E-03
1.46204E+03 3.75045E-03
1.46252E+03 3.92404E-03
1.46300E+03 4.03722E-03
1.46349E+03 4.09548E-03
1.46397E+03 4.09946E-03
1.46445E+03 4.04765E-03
1.46493E+03 3.94487E-03
1.46541E+03 3.80335E-03
1.46590E+03 3.63426E-03
1.46638E+03 3.43899E-03
1.46686E+03 3.21285E-03
1.46734E+03 2.95558E-03
1.46783E+03 2.67862E-03
1.46831E+03 2.40308E-03
1.46879E+03 2.15358E-03
1.46927E+03 1.95247E-03
1.46975E+03 1.81722E-03
1.47024E+03 1.76114E-03
1.47072E+03 1.79772E-03
1.47120E+03 1.94233E-03
1.47168E+03 2.20526E-03
1.47217E+03 2.58027E-03
1.47265E+03 3.04202E-03
1.47313E+03 3.55508E-03
1.47361E+03 4.08388E-03
1.47409E+03 4.59383E-03
1.47458E+03 5.05007E-03
1.47506E+03 5.42402E-03
1.47554E+03 5.70429E-03
1.47602E+03 5.89745E-03
1.47651E+03 6.01476E-03
1.47699E+03 6.05761E-03
1.47747E+03 6.01829E-03
1.47795E+03 5.89448E-03
1.47843E+03 5.69955E-03
1.47892E+03 5.45556E-03
1.47940E+03 5.17785E-03
1.47988E+03 4.87022E-03
1.48036E+03 4.53436E-03
1.48084E+03 4.17918E-03
1.48133E+03 3.81728E-03
1.48181E+03 3.45494E-03
1.48229E+03 3.08980E-03
1.48277E+03 2.71873E-03
1.48326E+03 2.34405E-03
1.48374E+03 1.97046E-03
1.48422E+03 1.59806E-03
1.48470E+03 1.22173E-03
1.48518E+03 8.37170E-04
1.48567E+03 4.46633E-04
1.48615E+03 5.85876E-05
1.48663E+03 -3.16232E-04
1.48711E+03 -6.68414E-04
1.48760E+03 -9.91222E-04
1.48808E+03 -1.28219E-03
1.48856E+03 -1.54389E-03
1.48904E+03 -1.78139E-03
1.48952E+03 -1.99769E-03
1.49001E+03 -2.19303E-03
1.49049E+03 -2.36869E-03
1.49097E+03 -2.53218E-03
1.49145E+03 -2.69593E-03
1.49194E+03 -2.87057E-03
1.49242E+03 -3.06037E-03
1.49290E+03 -3.26522E-03
1.49338E+03 -3.48477E-03
1.49386E+03 -3.72062E-03
1.49435E+03 -3.97402E-03
1.49483E+03 -4.24286E-03
1.49531E+03 -4.51964E-03
1.49579E+03 -4.79234E-03
1.49628E+03 -5.04926E-03
1.49676E+03 -5.28728E-03
1.49724E+03 -5.51479E-03
1.49772E+03 -5.74329E-03
1.49820E+03 -5.97376E-03
1.49869E+03 -6.19283E-03
1.49917E+03 -6.38466E-03
1.49965E+03 -6.54660E-03
1.50013E+03 -6.69083E-03
1.50062E+03 -6.83162E-03
1.50110E+03 -6.97255E-03
1.50158E+03 -7.10551E-03
1.50206E+03 -7.21767E-03
1.50254E+03 -7.29943E-03
1.50303E+03 -7.35007E-03
1.50351E+03 -7.38088E-03
1.50399E+03 -7.41093E-03
1.50447E+03 -7.45431E-03
1.50496E+03 -7.50960E-03
1.50544E+03 -7.56442E-03
1.50592E+03 -7.60974E-03
1.50640E+03 -7.64680E-03
1.50688E+03 -7.67902E-03
1.50737E+03 -7.70392E-03
1.50785E+03 -7.71903E-03
1.50833E+03 -7.73197E-03
1.50881E+03 -7.75649E-03
1.50929E+03 -7.79732E-03
1.50978E+03 -7.84542E-03
1.51026E+03 -7.89215E-03
1.51074E+03 -7.94239E-03
1.51122E+03 -8.00793E-03
1.51171E+03 -8.08974E-03
1.51219E+03 -8.17478E-03
1.51267E+03 -8.25117E-03
1.51315E+03 -8.32142E-03
1.51363E+03 -8.39505E-03
1.51412E+03 -8.47251E-03
1.51460E+03 -8.54280E-03
1.51508E+03 -8.59856E-03
1.51556E+03 -8.64793E-03
1.51605E+03 -8.70636E-03
1.51653E+03 -8.77801E-03
1.51701E+03 -8.85003E-03
1.51749E+03 -8.90573E-03
1.51797E+03 -8.94045E-03
1.51846E+03 -8.96311E-03
1.51894E+03 -8.98650E-03
1.51942E+03 -9.01943E-03
1.51990E+03 -9.06512E-03
1.52039E+03 -9.11989E-03
1.52087E+03 -9.17303E-03
1.52135E+03 -9.21300E-03
1.52183E+03 -9.23641E-03
1.52231E+03 -9.24856E-03
1.52280E+03 -9.25389E-03
1.52328E+03 -9.25189E-03
1.52376E+03 -9.24479E-03
1.52424E+03 -9.24326E-03
1.52473E+03 -9.25778E-03
1.52521E+03 -9.28540E-03
1.52569E+03 -9.31223E-03
1.52617E+03 -9.32910E-03
1.52665E+03 -9.33969E-03
1.52714E+03 -9.35218E-03
1.52762E+03 -9.36847E-03
1.52810E+03 -9.38429E-03
1.52858E+03 -9.39593E-03
1.52907E+03 -9.40297E-03
1.52955E+03 -9.40773E-03
1.53003E+03 -9.41487E-03
1.53051E+03 -9.42909E-03
1.53099E+03 -9.44992E-03
1.53148E+03 -9.47073E-03
1.53196E+03 -9.48614E-03
1.53244E+03 -9.49901E-03
1.53292E+03 -9.51548E-03
1.53341E+03 -9.53496E-03
1.53389E+03 -9.55018E-03
1.53437E+03 -9.55743E-03
1.53485E+03 -9.56171E-03
1.53533E+03 -9.56914E-03
1.53582E+03 -9.57873E-03
1.53630E+03 -9.58549E-03
1.53678E+03 -9.58953E-03
1.53726E+03 -9.59873E-03
1.53774E+03 -9.62233E-03
1.53823E+03 -9.66310E-03
1.53871E+03 -9.71340E-03
1.53919E+03 -9.75754E-03
1.53967E+03 -9.78058E-03
1.54016E+03 -9.77999E-03
1.54064E+03 -9.76875E-03
1.54112E+03 -9.76368E-03
1.54160E+03 -9.77053E-03
1.54208E+03 -9.78131E-03
1.54257E+03 -9.78545E-03
1.54305E+03 -9.78135E-03
1.54353E+03 -9.77632E-03
1.54401E+03 -9.77864E-03
1.54450E+03 -9.79086E-03
1.54498E+03 -9.80825E-03
1.54546E+03 -9.82164E-03
1.54594E+03 -9.82490E-03
1.54642E+03 -9.82177E-03
1.54691E+03 -9.82282E-03
1.54739E+03 -9.83335E-03
1.54787E+03 -9.84740E-03
1.54835E+03 -9.85641E-03
1.54884E+03 -9.86158E-03
1.54932E+03 -9.87176E-03
1.54980E+03 -9.88963E-03
1.55028E+03 -9.90656E-03
1.55076E+03 -9.91329E-03
1.55125E+03 -9.91118E-03
1.55173E+03 -9.90974E-03
1.55221E+03 -9.91660E-03
1.55269E+03 -9.93351E-03
1.55318E+03 -9.95797E-03
1.55366E+03 -9.98384E-03
1.55414E+03 -1.00022E-02
1.55462E+03 -1.00072E-02
1.55510E+03 -1.00022E-02
1.55559E+03 -9.99697E-03
1.55607E+03 -1.00001E-02
1.55655E+03 -1.00161E-02
1.55703E+03 -1.00455E-02
1.55752E+03 -1.00819E-02
1.55800E+03 -1.01120E-02
1.55848E+03 -1.01267E-02
1.55896E+03 -1.01336E-02
1.55944E+03 -1.01483E-02
1.55993E+03 -1.01715E-02
1.56041E+03 -1.01833E-02
1.56089E+03 -1.01668E-02
1.56137E+03 -1.01326E-02
1.56186E+03 -1.01080E-02
1.56234E+03 -1.01081E-02
1.56282E+03 -1.01248E-02
1.56330E+03 -1.01439E-02
1.56378E+03 -1.01611E-02
1.56427E+03 -1.01783E-02
1.56475E+03 -1.01918E-02
1.56523E+03 -1.01952E-02
1.56571E+03 -1.01909E-02
1.56619E+03 -1.01911E-02
1.56668E+03 -1.02043E-02
1.56716E+03 -1.02253E-02
1.56764E+03 -1.02421E-02
1.56812E+03 -1.02506E-02
1.56861E+03 -1.02594E-02
1.56909E+03 -1.02781E-02
1.56957E+03 -1.03032E-02
1.57005E+03 -1.03208E-02
1.57053E+03 -1.03224E-02
1.57102E+03 -1.03144E-02
1.57150E+03 -1.03089E-02
1.57198E+03 -1.03103E-02
1.57246E+03 -1.03145E-02
1.57295E+03 -1.03188E-02
1.57343E+03 -1.03264E-02
1.57391E+03 -1.03412E-02
1.57439E+03 -1.03637E-02
1.57487E+03 -1.03940E-02
1.57536E+03 -1.04309E-02
1.57584E+03 -1.04666E-02
1.57632E+03 -1.04874E-02
1.57680E+03 -1.04859E-02
1.57729E+03 -1.04709E-02
1.57777E+03 -1.04588E-02
1.57825E+03 -1.04586E-02
1.57873E+03 -1.04691E-02
1.57921E+03 -1.04865E-02
1.57970E+03 -1.05080E-02
1.58018E+03 -1.05274E-02
1.58066E+03 -1.05362E-02
1.58114E+03 -1.05329E-02
1.58163E+03 -1.05276E-02
1.58211E+03 -1.05326E-02
1.58259E+03 -1.05492E-02
1.58307E+03 -1.05672E-02
1.58355E+03 -1.05765E-02
1.58404E+03 -1.05765E-02
1.58452E+03 -1.05759E-02
1.58500E+03 -1.05834E-02
1.58548E+03 -1.05997E-02
1.58597E+03 -1.06174E-02
1.58645E+03 -1.06291E-02
1.58693E+03 -1.06347E-02
1.58741E+03 -1.06398E-02
1.58789E+03 -1.06470E-02
1.58838E+03 -1.06533E-02
1.58886E+03 -1.06564E-02
1.58934E+03 -1.06604E-02
1.58982E+03 -1.06713E-02
1.59031E+03 -1.06882E-02
1.59079E+03 -1.07047E-02
1.59127E+03 -1.07165E-02
1.59175E+03 -1.07258E-02
1.59223E+03 -1.07368E-02
1.59272E+03 -1.07502E-02
1.59320E+03 -1.07623E-02
1.59368E+03 -1.07689E-02
1.59416E+03 -1.07700E-02
1.59464E+03 -1.07705E-02
1.59513E+03 -1.07765E-02
1.59561E+03 -1.07881E-02
1.59609E+03 -1.07987E-02
1.59657E+03 -1.08036E-02
1.59706E+03 -1.08060E-02
1.59754E+03 -1.08113E-02
1.59802E+03 -1.08185E-02
1.59850E+03 -1.08215E-02
1.59898E+03 -1.08210E-02
1.59947E+03 -1.08260E-02
1.59995E+03 -1.08406E-02
1.60043E+03 -1.08562E-02
1.60091E+03 -1.08623E-02
1.60140E+03 -1.08613E-02
1.60188E+03 -1.08650E-02
1.60236E+03 -1.08782E-02
1.60284E+03 -1.08936E-02
1.60332E+03 -1.09040E-02
1.60381E+03 -1.09103E-02
1.60429E+03 -1.09155E-02
1.60477E+03 -1.09171E-02
1.60525E+03 -1.09119E-02
1.60574E+03 -1.09047E-02
1.60622E+03 -1.09048E-02
1.60670E+03 -1.09151E-02
1.60718E+03 -1.09298E-02
1.60766E+03 -1.09421E-02
1.60815E+03 -1.09497E-02
1.60863E+03 -1.09528E-02
1.60911E+03 -1.09520E-02
1.60959E+03 -1.09495E-02
1.61008E+03 -1.09503E-02
1.61056E+03 -1.09579E-02
1.61104E+03 -1.09714E-02
1.61152E+03 -1.09863E-02
1.61200E+03 -1.09981E-02
1.61249E+03 -1.10062E-02
1.61297E+03 -1.10138E-02
1.61345E+03 -1.10255E-02
1.61393E+03 -1.10421E-02
1.61442E+03 -1.10588E-02
1.61490E+03 -1.10734E-02
1.61538E+03 -1.10929E-02
1.61586E+03 -1.11263E-02
1.61634E+03 -1.11669E-02
1.61683E+03 -1.11916E-02
1.61731E+03 -1.11841E-02
1.61779E+03 -1.11556E-02
1.61827E+03 -1.11326E-02
1.61876E+03 -1.11284E-02
1.61924E+03 -1.11349E-02
1.61972E+03 -1.11408E-02
1.62020E+03 -1.11475E-02
1.62068E+03 -1.11597E-02
1.62117E+03 -1.11722E-02
1.62165E+03 -1.11770E-02
1.62213E+03 -1.11778E-02
1.62261E+03 -1.11870E-02
1.62309E+03 -1.12061E-02
1.62358E+03 -1.12196E-02
1.62406E+03 -1.12124E-02
1.62454E+03 -1.11890E-02
1.62502E+03 -1.11669E-02
1.62551E+03 -1.11578E-02
1.62599E+03 -1.11578E-02
1.62647E+03 -1.11580E-02
1.62695E+03 -1.11556E-02
1.62743E+03 -1.11545E-02
1.62792E+03 -1.11566E-02
1.62840E+03 -1.11595E-02
1.62888E+03 -1.11600E-02
1.62936E+03 -1.11588E-02
1.62985E+03 -1.11590E-02
1.63033E+03 -1.11613E-02
1.63081E+03 -1.11611E-02
1.63129E+03 -1.11529E-02
1.63177E+03 -1.11372E-02
1.63226E+03 -1.11211E-02
1.63274E+03 -1.11127E-02
1.63322E+03 -1.11149E-02
1.63370E+03 -1.11265E-02
1.63419E+03 -1.11457E-02
1.63467E+03 -1.11695E-02
1.63515E+03 -1.11894E-02
1.63563E+03 -1.11945E-02
1.63611E+03 -1.11808E-02
1.63660E+03 -1.11567E-02
1.63708E+03 -1.11350E-02
1.63756E+03 -1.11216E-02
1.63804E+03 -1.11138E-02
1.63853E+03 -1.11088E-02
1.63901E+03 -1.11078E-02
1.63949E+03 -1.11105E-02
1.63997E+03 -1.11128E-02
1.64045E+03 -1.11114E-02
1.64094E+03 -1.11096E-02
1.64142E+03 -1.11128E-02
1.64190E+03 -1.11212E-02
1.64238E+03 -1.11296E-02
1.64287E+03 -1.11341E-02
1.64335E+03 -1.11368E-02
1.64383E+03 -1.11441E-02
1.64431E+03 -1.11609E-02
1.64479E+03 -1.11882E-02
1.64528E+03 -1.12209E-02
1.64576E+03 -1.12494E-02
1.64624E+03 -1.12661E-02
1.64672E+03 -1.12742E-02
1.64720E+03 -1.12845E-02
1.64769E+03 -1.13024E-02
1.64817E+03 -1.13222E-02
1.64865E+03 -1.13369E-02
1.64913E+03 -1.13494E-02
1.64962E+03 -1.13671E-02
1.65010E+03 -1.13880E-02
1.65058E+03 -1.14036E-02
1.65106E+03 -1.14160E-02
1.65154E+03 -1.14439E-02
1.65203E+03 -1.15004E-02
1.65251E+03 -1.15704E-02
1.65299E+03 -1.16188E-02
1.65347E+03 -1.16248E-02
1.65396E+03 -1.16017E-02
1.65444E+03 -1.15786E-02
1.65492E+03 -1.15726E-02
1.65540E+03 -1.15804E-02
1.65588E+03 -1.15916E-02
1.65637E+03 -1.16007E-02
1.65685E+03 -1.16084E-02
1.65733E+03 -1.16182E-02
1.65781E+03 -1.16337E-02
1.65830E+03 -1.16560E-02
1.65878E+03 -1.16819E-02
1.65926E+03 -1.17062E-02
1.65974E+03 -1.17270E-02
1.66022E+03 -1.17476E-02
1.66071E+03 -1.17717E-02
1.66119E+03 -1.17996E-02
1.66167E+03 -1.18301E-02
1.66215E+03 -1.18611E-02
1.66264E+03 -1.18889E-02
1.66312E+03 -1.19083E-02
1.66360E+03 -1.19174E-02
1.66408E+03 -1.19207E-02
1.66456E+03 -1.19249E-02
1.66505E+03 -1.19328E-02
1.66553E+03 -1.19427E-02
1.66601E+03 -1.19523E-02
1.66649E+03 -1.19597E-02
1.66698E+03 -1.19643E-02
1.66746E+03 -1.19691E-02
1.66794E+03 -1.19813E-02
1.66842E+03 -1.20058E-02
1.66890E+03 -1.20375E-02
1.66939E+03 -1.20640E-02
1.66987E+03 -1.20790E-02
1.67035E+03 -1.20872E-02
1.67083E+03 -1.20966E-02
1.67132E+03 -1.21079E-02
1.67180E+03 -1.21163E-02
1.67228E+03 -1.21197E-02
1.67276E+03 -1.21203E-02
1.67324E+03 -1.21212E-02
1.67373E+03 -1.21272E-02
1.67421E+03 -1.21447E-02
1.67469E+03 -1.21760E-02
1.67517E+03 -1.22102E-02
1.67565E+03 -1.22290E-02
1.67614E+03 -1.22256E-02
1.67662E+03 -1.22151E-02
1.67710E+03 -1.22201E-02
1.67758E+03 -1.22462E-02
1.67807E+03 -1.22769E-02
1.67855E+03 -1.22925E-02
1.67903E+03 -1.22903E-02
1.67951E+03 -1.22848E-02
1.67999E+03 -1.22897E-02
1.68048E+03 -1.23041E-02
1.68096E+03 -1.23181E-02
1.68144E+03 -1.23263E-02
1.68192E+03 -1.23341E-02
1.68241E+03 -1.23511E-02
1.68289E+03 -1.23818E-02
1.68337E+03 -1.24241E-02
1.68385E+03 -1.24729E-02
1.68433E+03 -1.25187E-02
1.68482E+03 -1.25471E-02
1.68530E+03 -1.25457E-02
1.68578E+03 -1.25170E-02
1.68626E+03 -1.24812E-02
1.68675E+03 -1.24608E-02
1.68723E+03 -1.24632E-02
1.68771E+03 -1.24799E-02
1.68819E+03 -1.24984E-02
1.68867E+03 -1.25133E-02
1.68916E+03 -1.25265E-02
1.68964E+03 -1.25415E-02
1.69012E+03 -1.25591E-02
1.69060E+03 -1.25759E-02
1.69109E+03 -1.25856E-02
1.69157E+03 -1.25853E-02
1.69205E+03 -1.25803E-02
1.69253E+03 -1.25808E-02
1.69301E+03 -1.25916E-02
1.69350E+03 -1.26087E-02
1.69398E+03 -1.26297E-02
1.69446E+03 -1.26620E-02
1.69494E+03 -1.27109E-02
1.69543E+03 -1.27631E-02
1.69591E+03 -1.27913E-02
1.69639E+03 -1.27809E-02
1.69687E+03 -1.27472E-02
1.69735E+03 -1.27181E-02
1.69784E+03 -1.27073E-02
1.69832E+03 -1.27133E-02
1.69880E+03 -1.27367E-02
1.69928E+03 -1.27834E-02
1.69977E+03 -1.28458E-02
1.70025E+03 -1.28952E-02
1.70073E+03 -1.29048E-02
1.70121E+03 -1.28776E-02
1.70169E+03 -1.28435E-02
1.70218E+03 -1.28280E-02
1.70266E+03 -1.28339E-02
1.70314E+03 -1.28500E-02
1.70362E+03 -1.28680E-02
1.70410E+03 -1.28860E-02
1.70459E+03 -1.29035E-02
1.70507E+03 -1.29189E-02
1.70555E+03 -1.29302E-02
1.70603E+03 -1.29351E-02
1.70652E+03 -1.29324E-02
1.70700E+03 -1.29266E-02
1.70748E+03 -1.29271E-02
1.70796E+03 -1.29399E-02
1.70844E+03 -1.29605E-02
1.70893E+03 -1.29811E-02
1.70941E+03 -1.29998E-02
1.70989E+03 -1.30190E-02
1.71037E+03 -1.30357E-02
1.71086E+03 -1.30439E-02
1.71134E+03 -1.30448E-02
1.71182E+03 -1.30483E-02
1.71230E+03 -1.30597E-02
1.71278E+03 -1.30729E-02
1.71327E+03 -1.30803E-02
1.71375E+03 -1.30851E-02
1.71423E+03 -1.30956E-02
1.71471E+03 -1.31116E-02
1.71520E+03 -1.31256E-02
1.71568E+03 -1.31365E-02
1.71616E+03 -1.31537E-02
1.71664E+03 -1.31831E-02
1.71712E+03 -1.32158E-02
1.71761E+03 -1.32359E-02
1.71809E+03 -1.32369E-02
1.71857E+03 -1.32270E-02
1.71905E+03 -1.32175E-02
1.71954E+03 -1.32132E-02
1.72002E+03 -1.32125E-02
1.72050E+03 -1.32140E-02
1.72098E+03 -1.32183E-02
1.72146E+03 -1.32263E-02
1.72195E+03 -1.32383E-02
1.72243E+03 -1.32541E-02
1.72291E+03 -1.32729E-02
1.72339E+03 -1.32922E-02
1.72388E+03 -1.33081E-02
1.72436E+03 -1.33166E-02
1.72484E+03 -1.33161E-02
1.72532E+03 -1.33094E-02
1.72580E+03 -1.33035E-02
1.72629E+03 -1.33057E-02
1.72677E+03 -1.33184E-02
1.72725E+03 -1.33377E-02
1.72773E+03 -1.33563E-02
1.72822E+03 -1.33692E-02
1.72870E+03 -1.33768E-02
1.72918E+03 -1.33823E-02
1.72966E+03 -1.33882E-02
1.73014E+03 -1.33936E-02
1.73063E+03 -1.33976E-02
1.73111E+03 -1.34015E-02
1.73159E+03 -1.34086E-02
1.73207E+03 -1.34212E-02
1.73255E+03 -1.34406E-02
1.73304E+03 -1.34686E-02
1.73352E+03 -1.35049E-02
1.73400E+03 -1.35423E-02
1.73448E+03 -1.35668E-02
1.73497E+03 -1.35678E-02
1.73545E+03 -1.35497E-02
1.73593E+03 -1.35290E-02
1.73641E+03 -1.35195E-02
1.73689E+03 -1.35215E-02
1.73738E+03 -1.35261E-02
1.73786E+03 -1.35280E-02
1.73834E+03 -1.35315E-02
1.73882E+03 -1.35441E-02
1.73931E+03 -1.35675E-02
1.73979E+03 -1.35937E-02
1.74027E+03 -1.36111E-02
1.74075E+03 -1.36150E-02
1.74123E+03 -1.36118E-02
1.74172E+03 -1.36133E-02
1.74220E+03 -1.36246E-02
1.74268E+03 -1.36392E-02
1.74316E+03 -1.36484E-02
1.74365E+03 -1.36527E-02
1.74413E+03 -1.36593E-02
1.74461E+03 -1.36709E-02
1.74509E+03 -1.36811E-02
1.74557E+03 -1.36842E-02
1.74606E+03 -1.36846E-02
1.74654E+03 -1.36906E-02
1.74702E+03 -1.37039E-02
1.74750E+03 -1.37195E-02
1.74799E+03 -1.37348E-02
1.74847E+03 -1.37516E-02
1.74895E+03 -1.37697E-02
1.74943E+03 -1.37846E-02
1.74991E+03 -1.37950E-02
1.75040E+03 -1.38069E-02
1.75088E+03 -1.38248E-02
1.75136E+03 -1.38425E-02
1.75184E+03 -1.38491E-02
1.75233E+03 -1.38439E-02
1.75281E+03 -1.38373E-02
1.75329E+03 -1.38383E-02
1.75377E+03 -1.38466E-02
1.75425E+03 -1.38570E-02
1.75474E+03 -1.38686E-02
1.75522E+03 -1.38828E-02
1.75570E+03 -1.38972E-02
1.75618E+03 -1.39075E-02
1.75667E+03 -1.39137E-02
1.75715E+03 -1.39214E-02
1.75763E+03 -1.39354E-02
1.75811E+03 -1.39546E-02
1.75859E+03 -1.39734E-02
1.75908E+03 -1.39857E-02
1.75956E+03 -1.39886E-02
1.76004E+03 -1.39851E-02
1.76052E+03 -1.39850E-02
1.76100E+03 -1.39974E-02
1.76149E+03 -1.40207E-02
1.76197E+03 -1.40409E-02
1.76245E+03 -1.40453E-02
1.76293E+03 -1.40358E-02
1.76342E+03 -1.40276E-02
1.76390E+03 -1.40326E-02
1.76438E+03 -1.40489E-02
1.76486E+03 -1.40664E-02
1.76534E+03 -1.40774E-02
1.76583E+03 -1.40826E-02
1.76631E+03 -1.40869E-02
1.76679E+03 -1.40950E-02
1.76727E+03 -1.41086E-02
1.76776E+03 -1.41243E-02
1.76824E+03 -1.41343E-02
1.76872E+03 -1.41334E-02
1.76920E+03 -1.41269E-02
1.76968E+03 -1.41269E-02
1.77017E+03 -1.41396E-02
1.77065E+03 -1.41591E-02
1.77113E+03 -1.41766E-02
1.77161E+03 -1.41917E-02
1.77210E+03 -1.42094E-02
1.77258E+03 -1.42265E-02
1.77306E+03 -1.42312E-02
1.77354E+03 -1.42185E-02
1.77402E+03 -1.42007E-02
1.77451E+03 -1.41960E-02
1.77499E+03 -1.42083E-02
1.77547E+03 -1.42252E-02
1.77595E+03 -1.42347E-02
1.77644E+03 -1.42386E-02
1.77692E+03 -1.42466E-02
1.77740E+03 -1.42620E-02
1.77788E+03 -1.42783E-02
1.77836E+03 -1.42877E-02
1.77885E+03 -1.42897E-02
1.77933E+03 -1.42904E-02
1.77981E+03 -1.42964E-02
1.78029E+03 -1.43090E-02
1.78078E+03 -1.43227E-02
1.78126E+03 -1.43297E-02
1.78174E+03 -1.43277E-02
1.78222E+03 -1.43243E-02
1.78270E+03 -1.43294E-02
1.78319E+03 -1.43456E-02
1.78367E+03 -1.43655E-02
1.78415E+03 -1.43811E-02
1.78463E+03 -1.43908E-02
1.78511E+03 -1.43970E-02
1.78560E+03 -1.44002E-02
1.78608E+03 -1.43999E-02
1.78656E+03 -1.44001E-02
1.78704E+03 -1.44083E-02
1.78753E+03 -1.44262E-02
1.78801E+03 -1.44454E-02
1.78849E+03 -1.44558E-02
1.78897E+03 -1.44579E-02
1.78945E+03 -1.44608E-02
1.78994E+03 -1.44693E-02
1.79042E+03 -1.44778E-02
1.79090E+03 -1.44812E-02
1.79138E+03 -1.44854E-02
1.79187E+03 -1.45013E-02
1.79235E+03 -1.45281E-02
1.79283E+03 -1.45513E-02
1.79331E+03 -1.45599E-02
1.79379E+03 -1.45600E-02
1.79428E+03 -1.45643E-02
1.79476E+03 -1.45734E-02
1.79524E+03 -1.45763E-02
1.79572E+03 -1.45680E-02
1.79621E+03 -1.45583E-02
1.79669E+03 -1.45588E-02
1.79717E+03 -1.45685E-02
1.79765E+03 -1.45784E-02
1.79813E+03 -1.45866E-02
1.79862E+03 -1.46004E-02
1.79910E+03 -1.46221E-02
1.79958E+03 -1.46417E-02
1.80006E+03 -1.46463E-02
1.80055E+03 -1.46350E-02
1.80103E+03 -1.46207E-02
1.80151E+03 -1.46181E-02
1.80199E+03 -1.46311E-02
1.80247E+03 -1.46519E-02
1.80296E+03 -1.46698E-02
1.80344E+03 -1.46799E-02
1.80392E+03 -1.46839E-02
1.80440E+03 -1.46857E-02
1.80489E+03 -1.46867E-02
1.80537E+03 -1.46872E-02
1.80585E+03 -1.46894E-02
1.80633E+03 -1.46979E-02
1.80681E+03 -1.47146E-02
1.80730E+03 -1.47354E-02
1.80778E+03 -1.47523E-02
1.80826E+03 -1.47593E-02
1.80874E+03 -1.47573E-02
1.80923E+03 -1.47523E-02
1.80971E+03 -1.47512E-02
1.81019E+03 -1.47566E-02
1.81067E+03 -1.47665E-02
1.81115E+03 -1.47778E-02
1.81164E+03 -1.47894E-02
1.81212E+03 -1.48010E-02
1.81260E+03 -1.48109E-02
1.81308E+03 -1.48176E-02
1.81356E+03 -1.48221E-02
1.81405E+03 -1.48276E-02
1.81453E+03 -1.48359E-02
1.81501E+03 -1.48449E-02
1.81549E+03 -1.48521E-02
1.81598E+03 -1.48579E-02
1.81646E+03 -1.48651E-02
1.81694E+03 -1.48752E-02
1.81742E+03 -1.48864E-02
1.81790E+03 -1.48957E-02
1.81839E+03 -1.49013E-02
1.81887E+03 -1.49042E-02
1.81935E+03 -1.49071E-02
1.81983E+03 -1.49115E-02
1.82032E+03 -1.49167E-02
1.82080E+03 -1.49211E-02
1.82128E+03 -1.49255E-02
1.82176E+03 -1.49328E-02
1.82224E+03 -1.49456E-02
1.82273E+03 -1.49626E-02
1.82321E+03 -1.49798E-02
1.82369E+03 -1.49944E-02
1.82417E+03 -1.50057E-02
1.82466E+03 -1.50131E-02
1.82514E+03 -1.50153E-02
1.82562E+03 -1.50126E-02
1.82610E+03 -1.50095E-02
1.82658E+03 -1.50121E-02
1.82707E+03 -1.50224E-02
1.82755E+03 -1.50365E-02
1.82803E+03 -1.50495E-02
1.82851E+03 -1.50593E-02
1.82900E+03 -1.50670E-02
1.82948E+03 -1.50731E-02
1.82996E+03 -1.50769E-02
1.83044E+03 -1.50803E-02
1.83092E+03 -1.50869E-02
1.83141E+03 -1.50980E-02
1.83189E+03 -1.51097E-02
1.83237E+03 -1.51173E-02
1.83285E+03 -1.51219E-02
1.83334E+03 -1.51287E-02
1.83382E+03 -1.51400E-02
1.83430E+03 -1.51518E-02
1.83478E+03 -1.51593E-02
1.83526E+03 -1.51634E-02
1.83575E+03 -1.51681E-02
1.83623E+03 -1.51753E-02
1.83671E+03 -1.51836E-02
1.83719E+03 -1.51922E-02
1.83768E+03 -1.52015E-02
1.83816E+03 -1.52099E-02
1.83864E+03 -1.52142E-02
1.83912E+03 -1.52140E-02
1.83960E+03 -1.52140E-02
1.84009E+03 -1.52200E-02
1.84057E+03 -1.52320E-02
1.84105E+03 -1.52448E-02
1.84153E+03 -1.52538E-02
1.84201E+03 -1.52597E-02
1.84250E+03 -1.52666E-02
1.84298E+03 -1.52776E-02
1.84346E+03 -1.52916E-02
1.84394E+03 -1.53042E-02
1.84443E+03 -1.53102E-02
1.84491E+03 -1.53086E-02
1.84539E+03 -1.53048E-02
1.84587E+03 -1.53066E-02
1.84635E+03 -1.53177E-02
1.84684E+03 -1.53347E-02
1.84732E+03 -1.53502E-02
1.84780E+03 -1.53588E-02
1.84828E+03 -1.53590E-02
1.84877E+03 -1.53524E-02
1.84925E+03 -1.53449E-02
1.84973E+03 -1.53468E-02
1.85021E+03 -1.53654E-02
1.85069E+03 -1.53970E-02
1.85118E+03 -1.54279E-02
1.85166E+03 -1.54468E-02
1.85214E+03 -1.54545E-02
1.85262E+03 -1.54578E-02
1.85311E+03 -1.54593E-02
1.85359E+03 -1.54572E-02
1.85407E+03 -1.54542E-02
1.85455E+03 -1.54582E-02
1.85503E+03 -1.54724E-02
1.85552E+03 -1.54887E-02
1.85600E+03 -1.54964E-02
1.85648E+03 -1.54942E-02
1.85696E+03 -1.54911E-02
1.85745E+03 -1.54955E-02
1.85793E+03 -1.55075E-02
1.85841E+03 -1.55199E-02
1.85889E+03 -1.55262E-02
1.85937E+03 -1.55250E-02
1.85986E+03 -1.55216E-02
1.86034E+03 -1.55244E-02
1.86082E+03 -1.55379E-02
1.86130E+03 -1.55574E-02
1.86179E+03 -1.55740E-02
1.86227E+03 -1.55828E-02
1.86275E+03 -1.55859E-02
1.86323E+03 -1.55878E-02
1.86371E+03 -1.55920E-02
1.86420E+03 -1.56006E-02
1.86468E+03 -1.56139E-02
1.86516E+03 -1.56281E-02
1.86564E+03 -1.56365E-02
1.86612E+03 -1.56379E-02
1.86661E+03 -1.56389E-02
1.86709E+03 -1.56472E-02
1.86757E+03 -1.56623E-02
1.86805E+03 -1.56777E-02
1.86854E+03 -1.56894E-02
1.86902E+03 -1.56975E-02
1.86950E+03 -1.57023E-02
1.86998E+03 -1.57032E-02
1.87046E+03 -1.57016E-02
1.87095E+03 -1.57022E-02
1.87143E+03 -1.57067E-02
1.87191E+03 -1.57121E-02
1.87239E+03 -1.57164E-02
1.87288E+03 -1.57227E-02
1.87336E+03 -1.57331E-02
1.87384E+03 -1.57433E-02
1.87432E+03 -1.57472E-02
1.87480E+03 -1.57473E-02
1.87529E+03 -1.57544E-02
1.87577E+03 -1.57744E-02
1.87625E+03 -1.57994E-02
1.87673E+03 -1.58146E-02
1.87722E+03 -1.58134E-02
1.87770E+03 -1.58032E-02
1.87818E+03 -1.57963E-02
1.87866E+03 -1.57980E-02
1.87914E+03 -1.58054E-02
1.87963E+03 -1.58138E-02
1.88011E+03 -1.58228E-02
1.88059E+03 -1.58344E-02
1.88107E+03 -1.58475E-02
1.88156E+03 -1.58576E-02
1.88204E+03 -1.58609E-02
1.88252E+03 -1.58592E-02
1.88300E+03 -1.58584E-02
1.88348E+03 -1.58638E-02
1.88397E+03 -1.58758E-02
1.88445E+03 -1.58903E-02
1.88493E+03 -1.59013E-02
1.88541E+03 -1.59047E-02
1.88590E+03 -1.59009E-02
1.88638E+03 -1.58959E-02
1.88686E+03 -1.58985E-02
1.88734E+03 -1.59139E-02
1.88782E+03 -1.59390E-02
1.88831E+03 -1.59639E-02
1.88879E+03 -1.59806E-02
1.88927E+03 -1.59891E-02
1.88975E+03 -1.59959E-02
1.89024E+03 -1.60054E-02
1.89072E+03 -1.60157E-02
1.89120E+03 -1.60223E-02
1.89168E+03 -1.60255E-02
1.89216E+03 -1.60309E-02
1.89265E+03 -1.60412E-02
1.89313E+03 -1.60506E-02
1.89361E+03 -1.60500E-02
1.89409E+03 -1.60379E-02
1.89458E+03 -1.60231E-02
1.89506E+03 -1.60170E-02
1.89554E+03 -1.60228E-02
1.89602E+03 -1.60346E-02
1.89650E+03 -1.60454E-02
1.89699E+03 -1.60530E-02
1.89747E+03 -1.60602E-02
1.89795E+03 -1.60696E-02
1.89843E+03 -1.60803E-02
1.89891E+03 -1.60897E-02
1.89940E+03 -1.60964E-02
1.89988E+03 -1.61014E-02
1.90036E+03 -1.61073E-02
1.90084E+03 -1.61150E-02
1.90133E+03 -1.61240E-02
1.90181E+03 -1.61333E-02
1.90229E+03 -1.61421E-02
1.90277E+03 -1.61488E-02
1.90325E+03 -1.61511E-02
1.90374E+03 -1.61488E-02
1.90422E+03 -1.61460E-02
1.90470E+03 -1.61488E-02
1.90518E+03 -1.61591E-02
1.90567E+03 -1.61725E-02
1.90615E+03 -1.61824E-02
1.90663E+03 -1.61864E-02
1.90711E+03 -1.61871E-02
1.90759E+03 -1.61879E-02
1.90808E+03 -1.61893E-02
1.90856E+03 -1.61904E-02
1.90904E+03 -1.61906E-02
1.90952E+03 -1.61919E-02
1.91001E+03 -1.61970E-02
1.91049E+03 -1.62072E-02
1.91097E+03 -1.62211E-02
1.91145E+03 -1.62350E-02
1.91193E+03 -1.62446E-02
1.91242E+03 -1.62490E-02
1.91290E+03 -1.62517E-02
1.91338E+03 -1.62585E-02
1.91386E+03 -1.62733E-02
1.91435E+03 -1.62931E-02
1.91483E+03 -1.63084E-02
1.91531E+03 -1.63112E-02
1.91579E+03 -1.63024E-02
1.91627E+03 -1.62925E-02
1.91676E+03 -1.62929E-02
1.91724E+03 -1.63073E-02
1.91772E+03 -1.63295E-02
1.91820E+03 -1.63493E-02
1.91869E+03 -1.63592E-02
1.91917E+03 -1.63599E-02
1.91965E+03 -1.63586E-02
1.92013E+03 -1.63623E-02
1.92061E+03 -1.63709E-02
1.92110E+03 -1.63781E-02
1.92158E+03 -1.63809E-02
1.92206E+03 -1.63841E-02
1.92254E+03 -1.63937E-02
1.92303E+03 -1.64070E-02
1.92351E+03 -1.64156E-02
1.92399E+03 -1.64176E-02
1.92447E+03 -1.64200E-02
1.92495E+03 -1.64271E-02
1.92544E+03 -1.64347E-02
1.92592E+03 -1.64365E-02
1.92640E+03 -1.64338E-02
1.92688E+03 -1.64317E-02
1.92736E+03 -1.64305E-02
1.92785E+03 -1.64287E-02
1.92833E+03 -1.64296E-02
1.92881E+03 -1.64402E-02
1.92929E+03 -1.64598E-02
1.92978E+03 -1.64783E-02
1.93026E+03 -1.64867E-02
1.93074E+03 -1.64862E-02
1.93122E+03 -1.64829E-02
1.93170E+03 -1.64796E-02
1.93219E+03 -1.64766E-02
1.93267E+03 -1.64766E-02
1.93315E+03 -1.64831E-02
1.93363E+03 -1.64948E-02
1.93412E+03 -1.65057E-02
1.93460E+03 -1.65129E-02
1.93508E+03 -1.65201E-02
1.93556E+03 -1.65312E-02
1.93604E+03 -1.65442E-02
1.93653E+03 -1.65521E-02
1.93701E+03 -1.65502E-02
1.93749E+03 -1.65417E-02
1.93797E+03 -1.65367E-02
1.93846E+03 -1.65444E-02
1.93894E+03 -1.65646E-02
1.93942E+03 -1.65872E-02
1.93990E+03 -1.66016E-02
1.94038E+03 -1.66061E-02
1.94087E+03 -1.66084E-02
1.94135E+03 -1.66164E-02
1.94183E+03 -1.66308E-02
1.94231E+03 -1.66467E-02
1.94280E+03 -1.66586E-02
1.94328E+03 -1.66646E-02
1.94376E+03 -1.66657E-02
1.94424E+03 -1.66648E-02
1.94472E+03 -1.66642E-02
1.94521E+03 -1.66647E-02
1.94569E+03 -1.66673E-02
1.94617E+03 -1.66754E-02
1.94665E+03 -1.66925E-02
1.94714E+03 -1.67166E-02
1.94762E+03 -1.67379E-02
1.94810E+03 -1.67459E-02
1.94858E+03 -1.67396E-02
1.94906E+03 -1.67286E-02
1.94955E+03 -1.67234E-02
1.95003E+03 -1.67267E-02
1.95051E+03 -1.67339E-02
1.95099E+03 -1.67406E-02
1.95147E+03 -1.67467E-02
1.95196E+03 -1.67535E-02
1.95244E+03 -1.67598E-02
1.95292E+03 -1.67642E-02
1.95340E+03 -1.67686E-02
1.95389E+03 -1.67765E-02
1.95437E+03 -1.67873E-02
1.95485E+03 -1.67953E-02
1.95533E+03 -1.67956E-02
1.95581E+03 -1.67905E-02
1.95630E+03 -1.67882E-02
1.95678E+03 -1.67954E-02
1.95726E+03 -1.68126E-02
1.95774E+03 -1.68349E-02
1.95823E+03 -1.68541E-02
1.95871E+03 -1.68621E-02
1.95919E+03 -1.68564E-02
1.95967E+03 -1.68451E-02
1.96015E+03 -1.68419E-02
1.96064E+03 -1.68530E-02
1.96112E+03 -1.68713E-02
1.96160E+03 -1.68838E-02
1.96208E+03 -1.68857E-02
1.96257E+03 -1.68828E-02
1.96305E+03 -1.68830E-02
1.96353E+03 -1.68883E-02
1.96401E+03 -1.68965E-02
1.96449E+03 -1.69062E-02
1.96498E+03 -1.69172E-02
1.96546E+03 -1.69274E-02
1.96594E+03 -1.69332E-02
1.96642E+03 -1.69338E-02
1.96691E+03 -1.69342E-02
1.96739E+03 -1.69407E-02
1.96787E+03 -1.69546E-02
1.96835E+03 -1.69698E-02
1.96883E+03 -1.69791E-02
1.96932E+03 -1.69803E-02
1.96980E+03 -1.69783E-02
1.97028E+03 -1.69792E-02
1.97076E+03 -1.69846E-02
1.97125E+03 -1.69919E-02
1.97173E+03 -1.69981E-02
1.97221E+03 -1.70025E-02
1.97269E+03 -1.70055E-02
1.97317E+03 -1.70074E-02
1.97366E+03 -1.70101E-02
1.97414E+03 -1.70166E-02
1.97462E+03 -1.70285E-02
1.97510E+03 -1.70426E-02
1.97559E+03 -1.70531E-02
1.97607E+03 -1.70563E-02
1.97655E+03 -1.70529E-02
1.97703E+03 -1.70458E-02
1.97751E+03 -1.70385E-02
1.97800E+03 -1.70344E-02
1.97848E+03 -1.70373E-02
1.97896E+03 -1.70487E-02
1.97944E+03 -1.70655E-02
1.97992E+03 -1.70813E-02
1.98041E+03 -1.70909E-02
1.98089E+03 -1.70935E-02
1.98137E+03 -1.70914E-02
1.98185E+03 -1.70875E-02
1.98234E+03 -1.70843E-02
1.98282E+03 -1.70834E-02
1.98330E+03 -1.70855E-02
1.98378E+03 -1.70890E-02
1.98426E+03 -1.70916E-02
1.98475E+03 -1.70927E-02
1.98523E+03 -1.70929E-02
1.98571E+03 -1.70925E-02
1.98619E+03 -1.70900E-02
1.98668E+03 -1.70857E-02
1.98716E+03 -1.70835E-02
1.98764E+03 -1.70880E-02
1.98812E+03 -1.70996E-02
1.98860E+03 -1.71123E-02
1.98909E+03 -1.71188E-02
1.98957E+03 -1.71167E-02
1.99005E+03 -1.71105E-02
1.99053E+03 -1.71069E-02
1.99102E+03 -1.71101E-02
1.99150E+03 -1.71185E-02
1.99198E+03 -1.71265E-02
1.99246E+03 -1.71291E-02
1.99294E+03 -1.71257E-02
1.99343E+03 -1.71195E-02
1.99391E+03 -1.71150E-02
1.99439E+03 -1.71161E-02
1.99487E+03 -1.71238E-02
1.99536E+03 -1.71354E-02
1.99584E+03 -1.71452E-02
1.99632E+03 -1.71483E-02
1.99680E+03 -1.71452E-02
1.99728E+03 -1.71396E-02
1.99777E+03 -1.71331E-02
1.99825E+03 -1.71245E-02
1.99873E+03 -1.71144E-02
1.99921E+03 -1.71092E-02
1.99970E+03 -1.71148E-02
2.00018E+03 -1.71288E-02
2.00066E+03 -1.71415E-02
2.00114E+03 -1.71450E-02
2.00162E+03 -1.71392E-02
2.00211E+03 -1.71283E-02
2.00259E+03 -1.71156E-02
2.00307E+03 -1.71038E-02
2.00355E+03 -1.70963E-02
2.00404E+03 -1.70948E-02
2.00452E+03 -1.70957E-02
2.00500E+03 -1.70931E-02
2.00548E+03 -1.70864E-02
2.00596E+03 -1.70817E-02
2.00645E+03 -1.70837E-02
2.00693E+03 -1.70890E-02
2.00741E+03 -1.70898E-02
2.00789E+03 -1.70826E-02
2.00837E+03 -1.70723E-02
2.00886E+03 -1.70654E-02
2.00934E+03 -1.70631E-02
2.00982E+03 -1.70616E-02
2.01030E+03 -1.70588E-02
2.01079E+03 -1.70581E-02
2.01127E+03 -1.70635E-02
2.01175E+03 -1.70719E-02
2.01223E+03 -1.70738E-02
2.01271E+03 -1.70635E-02
2.01320E+03 -1.70452E-02
2.01368E+03 -1.70292E-02
2.01416E+03 -1.70205E-02
2.01464E+03 -1.70150E-02
2.01513E+03 -1.70068E-02
2.01561E+03 -1.69967E-02
2.01609E+03 -1.69903E-02
2.01657E+03 -1.69898E-02
2.01705E+03 -1.69909E-02
2.01754E+03 -1.69885E-02
2.01802E+03 -1.69832E-02
2.01850E+03 -1.69805E-02
2.01898E+03 -1.69826E-02
2.01947E+03 -1.69862E-02
2.01995E+03 -1.69873E-02
2.02043E+03 -1.69875E-02
2.02091E+03 -1.69897E-02
2.02139E+03 -1.69917E-02
2.02188E+03 -1.69864E-02
2.02236E+03 -1.69713E-02
2.02284E+03 -1.69538E-02
2.02332E+03 -1.69433E-02
2.02381E+03 -1.69405E-02
2.02429E+03 -1.69385E-02
2.02477E+03 -1.69339E-02
2.02525E+03 -1.69307E-02
2.02573E+03 -1.69320E-02
2.02622E+03 -1.69322E-02
2.02670E+03 -1.69238E-02
2.02718E+03 -1.69097E-02
2.02766E+03 -1.69017E-02
2.02815E+03 -1.69073E-02
2.02863E+03 -1.69201E-02
2.02911E+03 -1.69268E-02
2.02959E+03 -1.69204E-02
2.03007E+03 -1.69056E-02
2.03056E+03 -1.68919E-02
2.03104E+03 -1.68858E-02
2.03152E+03 -1.68885E-02
2.03200E+03 -1.68981E-02
2.03248E+03 -1.69112E-02
2.03297E+03 -1.69234E-02
2.03345E+03 -1.69293E-02
2.03393E+03 -1.69250E-02
2.03441E+03 -1.69120E-02
2.03490E+03 -1.68964E-02
2.03538E+03 -1.68846E-02
2.03586E+03 -1.68791E-02
2.03634E+03 -1.68782E-02
2.03682E+03 -1.68787E-02
2.03731E+03 -1.68774E-02
2.03779E+03 -1.68728E-02
2.03827E+03 -1.68651E-02
2.03875E+03 -1.68583E-02
2.03924E+03 -1.68572E-02
2.03972E+03 -1.68622E-02
2.04020E+03 -1.68694E-02
2.04068E+03 -1.68758E-02
2.04116E+03 -1.68842E-02
2.04165E+03 -1.68973E-02
2.04213E+03 -1.69118E-02
2.04261E+03 -1.69197E-02
2.04309E+03 -1.69185E-02
2.04358E+03 -1.69166E-02
2.04406E+03 -1.69254E-02
2.04454E+03 -1.69487E-02
2.04502E+03 -1.69793E-02
2.04550E+03 -1.70066E-02
2.04599E+03 -1.70248E-02
2.04647E+03 -1.70353E-02
2.04695E+03 -1.70442E-02
2.04743E+03 -1.70592E-02
2.04792E+03 -1.70847E-02
2.04840E+03 -1.71178E-02
2.04888E+03 -1.71488E-02
2.04936E+03 -1.71687E-02
2.04984E+03 -1.71785E-02
2.05033E+03 -1.71882E-02
2.05081E+03 -1.72071E-02
2.05129E+03 -1.72348E-02
2.05177E+03 -1.72637E-02
2.05226E+03 -1.72893E-02
2.05274E+03 -1.73145E-02
2.05322E+03 -1.73442E-02
2.05370E+03 -1.73773E-02
2.05418E+03 -1.74065E-02
2.05467E+03 -1.74263E-02
2.05515E+03 -1.74383E-02
2.05563E+03 -1.74494E-02
2.05611E+03 -1.74641E-02
2.05660E+03 -1.74814E-02
2.05708E+03 -1.74970E-02
2.05756E+03 -1.75078E-02
2.05804E+03 -1.75146E-02
2.05852E+03 -1.75197E-02
2.05901E+03 -1.75253E-02
2.05949E+03 -1.75338E-02
2.05997E+03 -1.75464E-02
2.06045E+03 -1.75617E-02
2.06094E+03 -1.75751E-02
2.06142E+03 -1.75836E-02
2.06190E+03 -1.75906E-02
2.06238E+03 -1.76030E-02
2.06286E+03 -1.76242E-02
2.06335E+03 -1.76503E-02
2.06383E+03 -1.76751E-02
2.06431E+03 -1.76949E-02
2.06479E+03 -1.77075E-02
2.06527E+03 -1.77114E-02
2.06576E+03 -1.77076E-02
2.06624E+03 -1.77043E-02
2.06672E+03 -1.77119E-02
2.06720E+03 -1.77352E-02
2.06769E+03 -1.77688E-02
2.06817E+03 -1.78016E-02
2.06865E+03 -1.78240E-02
2.06913E+03 -1.78326E-02
2.06961E+03 -1.78328E-02
2.07010E+03 -1.78355E-02
2.07058E+03 -1.78484E-02
2.07106E+03 -1.78674E-02
2.07154E+03 -1.78827E-02
2.07203E+03 -1.78929E-02
2.07251E+03 -1.79086E-02
2.07299E+03 -1.79383E-02
2.07347E+03 -1.79745E-02
2.07395E+03 -1.79992E-02
2.07444E+03 -1.80040E-02
2.07492E+03 -1.79962E-02
2.07540E+03 -1.79894E-02
2.07588E+03 -1.79913E-02
2.07637E+03 -1.80033E-02
2.07685E+03 -1.80246E-02
2.07733E+03 -1.80506E-02
2.07781E+03 -1.80718E-02
2.07829E+03 -1.80819E-02
2.07878E+03 -1.80858E-02
2.07926E+03 -1.80940E-02
2.07974E+03 -1.81109E-02
2.08022E+03 -1.81300E-02
2.08071E+03 -1.81443E-02
2.08119E+03 -1.81546E-02
2.08167E+03 -1.81656E-02
2.08215E+03 -1.81769E-02
2.08263E+03 -1.81835E-02
2.08312E+03 -1.81837E-02
2.08360E+03 -1.81830E-02
2.08408E+03 -1.81880E-02
2.08456E+03 -1.82004E-02
2.08505E+03 -1.82174E-02
2.08553E+03 -1.82350E-02
2.08601E+03 -1.82488E-02
2.08649E+03 -1.82548E-02
2.08697E+03 -1.82535E-02
2.08746E+03 -1.82508E-02
2.08794E+03 -1.82527E-02
2.08842E+03 -1.82591E-02
2.08890E+03 -1.82666E-02
2.08939E+03 -1.82741E-02
2.08987E+03 -1.82836E-02
2.09035E+03 -1.82950E-02
2.09083E+03 -1.83044E-02
2.09131E+03 -1.83095E-02
2.09180E+03 -1.83120E-02
2.09228E+03 -1.83146E-02
2.09276E+03 -1.83177E-02
2.09324E+03 -1.83227E-02
2.09372E+03 -1.83328E-02
2.09421E+03 -1.83476E-02
2.09469E+03 -1.83598E-02
2.09517E+03 -1.83626E-02
2.09565E+03 -1.83597E-02
2.09614E+03 -1.83610E-02
2.09662E+03 -1.83678E-02
2.09710E+03 -1.83705E-02
2.09758E+03 -1.83648E-02
2.09806E+03 -1.83617E-02
2.09855E+03 -1.83754E-02
2.09903E+03 -1.84040E-02
2.09951E+03 -1.84298E-02
2.09999E+03 -1.84386E-02
2.10048E+03 -1.84325E-02
2.10096E+03 -1.84231E-02
2.10144E+03 -1.84198E-02
2.10192E+03 -1.84262E-02
2.10240E+03 -1.84421E-02
2.10289E+03 -1.84638E-02
2.10337E+03 -1.84838E-02
2.10385E+03 -1.84942E-02
2.10433E+03 -1.84916E-02
2.10482E+03 -1.84795E-02
2.10530E+03 -1.84673E-02
2.10578E+03 -1.84672E-02
2.10626E+03 -1.84856E-02
2.10674E+03 -1.85140E-02
2.10723E+03 -1.85328E-02
2.10771E+03 -1.85298E-02
2.10819E+03 -1.85131E-02
2.10867E+03 -1.85010E-02
2.10916E+03 -1.85015E-02
2.10964E+03 -1.85093E-02
2.11012E+03 -1.85197E-02
2.11060E+03 -1.85349E-02
2.11108E+03 -1.85550E-02
2.11157E+03 -1.85711E-02
2.11205E+03 -1.85749E-02
2.11253E+03 -1.85684E-02
2.11301E+03 -1.85585E-02
2.11350E+03 -1.85487E-02
2.11398E+03 -1.85415E-02
2.11446E+03 -1.85444E-02
2.11494E+03 -1.85620E-02
2.11542E+03 -1.85841E-02
2.11591E+03 -1.85926E-02
2.11639E+03 -1.85828E-02
2.11687E+03 -1.85687E-02
2.11735E+03 -1.85650E-02
2.11783E+03 -1.85726E-02
2.11832E+03 -1.85849E-02
2.11880E+03 -1.86002E-02
2.11928E+03 -1.86182E-02
2.11976E+03 -1.86313E-02
2.12025E+03 -1.86299E-02
2.12073E+03 -1.86148E-02
2.12121E+03 -1.85971E-02
2.12169E+03 -1.85864E-02
2.12217E+03 -1.85845E-02
2.12266E+03 -1.85908E-02
2.12314E+03 -1.86053E-02
2.12362E+03 -1.86229E-02
2.12410E+03 -1.86332E-02
2.12459E+03 -1.86297E-02
2.12507E+03 -1.86161E-02
2.12555E+03 -1.86018E-02
2.12603E+03 -1.85945E-02
2.12651E+03 -1.85982E-02
2.12700E+03 -1.86133E-02
2.12748E+03 -1.86335E-02
2.12796E+03 -1.86474E-02
2.12844E+03 -1.86495E-02
2.12893E+03 -1.86463E-02
2.12941E+03 -1.86475E-02
2.12989E+03 -1.86536E-02
2.13037E+03 -1.86573E-02
2.13085E+03 -1.86568E-02
2.13134E+03 -1.86586E-02
2.13182E+03 -1.86674E-02
2.13230E+03 -1.86774E-02
2.13278E+03 -1.86802E-02
2.13327E+03 -1.86745E-02
2.13375E+03 -1.86661E-02
2.13423E+03 -1.86611E-02
2.13471E+03 -1.86624E-02
2.13519E+03 -1.86710E-02
2.13568E+03 -1.86843E-02
2.13616E+03 -1.86944E-02
2.13664E+03 -1.86940E-02
2.13712E+03 -1.86847E-02
2.13761E+03 -1.86768E-02
2.13809E+03 -1.86797E-02
2.13857E+03 -1.86932E-02
2.13905E+03 -1.87096E-02
2.13953E+03 -1.87213E-02
2.14002E+03 -1.87263E-02
2.14050E+03 -1.87285E-02
2.14098E+03 -1.87329E-02
2.14146E+03 -1.87396E-02
2.14195E+03 -1.87426E-02
2.14243E+03 -1.87384E-02
2.14291E+03 -1.87322E-02
2.14339E+03 -1.87337E-02
2.14387E+03 -1.87438E-02
2.14436E+03 -1.87510E-02
2.14484E+03 -1.87455E-02
2.14532E+03 -1.87335E-02
2.14580E+03 -1.87307E-02
2.14628E+03 -1.87442E-02
2.14677E+03 -1.87641E-02
2.14725E+03 -1.87755E-02
2.14773E+03 -1.87730E-02
2.14821E+03 -1.87642E-02
2.14870E+03 -1.87585E-02
2.14918E+03 -1.87592E-02
2.14966E+03 -1.87631E-02
2.15014E+03 -1.87647E-02
2.15062E+03 -1.87625E-02
2.15111E+03 -1.87594E-02
2.15159E+03 -1.87591E-02
2.15207E+03 -1.87603E-02
2.15255E+03 -1.87568E-02
2.15304E+03 -1.87462E-02
2.15352E+03 -1.87345E-02
2.15400E+03 -1.87307E-02
2.15448E+03 -1.87370E-02
2.15496E+03 -1.87464E-02
2.15545E+03 -1.87514E-02
2.15593E+03 -1.87517E-02
2.15641E+03 -1.87535E-02
2.15689E+03 -1.87616E-02
2.15738E+03 -1.87750E-02
2.15786E+03 -1.87882E-02
2.15834E+03 -1.87945E-02
2.15882E+03 -1.87905E-02
2.15930E+03 -1.87789E-02
2.15979E+03 -1.87674E-02
2.16027E+03 -1.87635E-02
2.16075E+03 -1.87706E-02
2.16123E+03 -1.87863E-02
2.16172E+03 -1.88036E-02
2.16220E+03 -1.88123E-02
2.16268E+03 -1.88044E-02
2.16316E+03 -1.87823E-02
2.16364E+03 -1.87620E-02
2.16413E+03 -1.87634E-02
2.16461E+03 -1.87926E-02
2.16509E+03 -1.88340E-02
2.16557E+03 -1.88623E-02
2.16606E+03 -1.88633E-02
2.16654E+03 -1.88442E-02
2.16702E+03 -1.88246E-02
2.16750E+03 -1.88198E-02
2.16798E+03 -1.88312E-02
2.16847E+03 -1.88502E-02
2.16895E+03 -1.88670E-02
2.16943E+03 -1.88757E-02
2.16991E+03 -1.88729E-02
2.17040E+03 -1.88594E-02
2.17088E+03 -1.88422E-02
2.17136E+03 -1.88340E-02
2.17184E+03 -1.88431E-02
2.17232E+03 -1.88632E-02
2.17281E+03 -1.88771E-02
2.17329E+03 -1.88724E-02
2.17377E+03 -1.88529E-02
2.17425E+03 -1.88329E-02
2.17473E+03 -1.88253E-02
2.17522E+03 -1.88352E-02
2.17570E+03 -1.88606E-02
2.17618E+03 -1.88902E-02
2.17666E+03 -1.89050E-02
2.17715E+03 -1.88909E-02
2.17763E+03 -1.88546E-02
2.17811E+03 -1.88206E-02
2.17859E+03 -1.88095E-02
2.17907E+03 -1.88208E-02
2.17956E+03 -1.88385E-02
2.18004E+03 -1.88490E-02
2.18052E+03 -1.88494E-02
2.18100E+03 -1.88434E-02
2.18149E+03 -1.88378E-02
2.18197E+03 -1.88396E-02
2.18245E+03 -1.88508E-02
2.18293E+03 -1.88628E-02
2.18341E+03 -1.88630E-02
2.18390E+03 -1.88481E-02
2.18438E+03 -1.88278E-02
2.18486E+03 -1.88152E-02
2.18534E+03 -1.88155E-02
2.18583E+03 -1.88265E-02
2.18631E+03 -1.88425E-02
2.18679E+03 -1.88560E-02
2.18727E+03 -1.88591E-02
2.18775E+03 -1.88508E-02
2.18824E+03 -1.88404E-02
2.18872E+03 -1.88396E-02
2.18920E+03 -1.88499E-02
2.18968E+03 -1.88607E-02
2.19017E+03 -1.88612E-02
2.19065E+03 -1.88502E-02
2.19113E+03 -1.88353E-02
2.19161E+03 -1.88256E-02
2.19209E+03 -1.88262E-02
2.19258E+03 -1.88366E-02
2.19306E+03 -1.88497E-02
2.19354E+03 -1.88552E-02
2.19402E+03 -1.88469E-02
2.19451E+03 -1.88283E-02
2.19499E+03 -1.88109E-02
2.19547E+03 -1.88046E-02
2.19595E+03 -1.88102E-02
2.19643E+03 -1.88204E-02
2.19692E+03 -1.88260E-02
2.19740E+03 -1.88213E-02
2.19788E+03 -1.88065E-02
2.19836E+03 -1.87867E-02
2.19884E+03 -1.87691E-02
2.19933E+03 -1.87576E-02
2.19981E+03 -1.87497E-02
2.20029E+03 -1.87404E-02
2.20077E+03 -1.87295E-02
2.20126E+03 -1.87248E-02
2.20174E+03 -1.87318E-02
2.20222E+03 -1.87439E-02
2.20270E+03 -1.87457E-02
2.20318E+03 -1.87291E-02
2.20367E+03 -1.87013E-02
2.20415E+03 -1.86767E-02
2.20463E+03 -1.86611E-02
2.20511E+03 -1.86492E-02
2.20560E+03 -1.86342E-02
2.20608E+03 -1.86164E-02
2.20656E+03 -1.86003E-02
2.20704E+03 -1.85882E-02
2.20752E+03 -1.85791E-02
2.20801E+03 -1.85714E-02
2.20849E+03 -1.85628E-02
2.20897E+03 -1.85495E-02
2.20945E+03 -1.85279E-02
2.20994E+03 -1.84991E-02
2.21042E+03 -1.84697E-02
2.21090E+03 -1.84461E-02
2.21138E+03 -1.84288E-02
2.21186E+03 -1.84131E-02
2.21235E+03 -1.83948E-02
2.21283E+03 -1.83736E-02
2.21331E+03 -1.83518E-02
2.21379E+03 -1.83320E-02
2.21428E+03 -1.83157E-02
2.21476E+03 -1.83019E-02
2.21524E+03 -1.82879E-02
2.21572E+03 -1.82720E-02
2.21620E+03 -1.82560E-02
2.21669E+03 -1.82436E-02
2.21717E+03 -1.82352E-02
2.21765E+03 -1.82261E-02
2.21813E+03 -1.82123E-02
2.21862E+03 -1.81967E-02
2.21910E+03 -1.81856E-02
2.21958E+03 -1.81800E-02
2.22006E+03 -1.81729E-02
2.22054E+03 -1.81587E-02
2.22103E+03 -1.81415E-02
2.22151E+03 -1.81300E-02
2.22199E+03 -1.81268E-02
2.22247E+03 -1.81252E-02
2.22296E+03 -1.81171E-02
2.22344E+03 -1.81011E-02
2.22392E+03 -1.80812E-02
2.22440E+03 -1.80605E-02
2.22488E+03 -1.80406E-02
2.22537E+03 -1.80233E-02
2.22585E+03 -1.80098E-02
2.22633E+03 -1.79989E-02
2.22681E+03 -1.79874E-02
2.22729E+03 -1.79734E-02
2.22778E+03 -1.79583E-02
2.22826E+03 -1.79430E-02
2.22874E+03 -1.79259E-02
2.22922E+03 -1.79061E-02
2.22971E+03 -1.78873E-02
2.23019E+03 -1.78753E-02
2.23067E+03 -1.78712E-02
2.23115E+03 -1.78705E-02
2.23163E+03 -1.78677E-02
2.23212E+03 -1.78617E-02
2.23260E+03 -1.78538E-02
2.23308E+03 -1.78442E-02
2.23356E+03 -1.78302E-02
2.23405E+03 -1.78106E-02
2.23453E+03 -1.77879E-02
2.23501E+03 -1.77677E-02
2.23549E+03 -1.77531E-02
2.23597E+03 -1.77421E-02
2.23646E+03 -1.77297E-02
2.23694E+03 -1.77138E-02
2.23742E+03 -1.76976E-02
2.23790E+03 -1.76847E-02
2.23839E+03 -1.76727E-02
2.23887E+03 -1.76557E-02
2.23935E+03 -1.76311E-02
2.23983E+03 -1.76022E-02
2.24031E+03 -1.75733E-02
2.24080E+03 -1.75464E-02
2.24128E+03 -1.75237E-02
2.24176E+03 -1.75074E-02
2.24224E+03 -1.74959E-02
2.24273E+03 -1.74814E-02
2.24321E+03 -1.74576E-02
2.24369E+03 -1.74269E-02
2.24417E+03 -1.73974E-02
2.24465E+03 -1.73731E-02
2.24514E+03 -1.73534E-02
2.24562E+03 -1.73373E-02
2.24610E+03 -1.73248E-02
2.24658E+03 -1.73119E-02
2.24707E+03 -1.72918E-02
2.24755E+03 -1.72636E-02
2.24803E+03 -1.72350E-02
2.24851E+03 -1.72131E-02
2.24899E+03 -1.71957E-02
2.24948E+03 -1.71752E-02
2.24996E+03 -1.71489E-02
2.25044E+03 -1.71201E-02
2.25092E+03 -1.70913E-02
2.25141E+03 -1.70604E-02
2.25189E+03 -1.70254E-02
2.25237E+03 -1.69892E-02
2.25285E+03 -1.69576E-02
2.25333E+03 -1.69327E-02
2.25382E+03 -1.69102E-02
2.25430E+03 -1.68836E-02
2.25478E+03 -1.68503E-02
2.25526E+03 -1.68137E-02
2.25574E+03 -1.67773E-02
2.25623E+03 -1.67392E-02
2.25671E+03 -1.66932E-02
2.25719E+03 -1.66362E-02
2.25767E+03 -1.65728E-02
2.25816E+03 -1.65107E-02
2.25864E+03 -1.64530E-02
2.25912E+03 -1.63971E-02
2.25960E+03 -1.63403E-02
2.26008E+03 -1.62843E-02
2.26057E+03 -1.62336E-02
2.26105E+03 -1.61889E-02
2.26153E+03 -1.61460E-02
2.26201E+03 -1.60992E-02
2.26250E+03 -1.60466E-02
2.26298E+03 -1.59900E-02
2.26346E+03 -1.59305E-02
2.26394E+03 -1.58660E-02
2.26442E+03 -1.57941E-02
2.26491E+03 -1.57140E-02
2.26539E+03 -1.56240E-02
2.26587E+03 -1.55189E-02
2.26635E+03 -1.53929E-02
2.26684E+03 -1.52441E-02
2.26732E+03 -1.50740E-02
2.26780E+03 -1.48809E-02
2.26828E+03 -1.46549E-02
2.26876E+03 -1.43772E-02
2.26925E+03 -1.40197E-02
2.26973E+03 -1.35436E-02
2.27021E+03 -1.28999E-02
2.27069E+03 -1.20323E-02
2.27118E+03 -1.08773E-02
2.27166E+03 -9.36378E-03
2.27214E+03 -7.41842E-03
2.27262E+03 -4.98376E-03
2.27310E+03 -2.04251E-03
2.27359E+03 1.36196E-03
2.27407E+03 5.11951E-03
2.27455E+03 9.06269E-03
2.27503E+03 1.29860E-02
2.27552E+03 1.66656E-02
2.27600E+03 1.98779E-02
2.27648E+03 2.24232E-02
2.27696E+03 2.41534E-02
2.27744E+03 2.49879E-02
2.27793E+03 2.49084E-02
2.27841E+03 2.39449E-02
2.27889E+03 2.21736E-02
2.27937E+03 1.97211E-02
2.27986E+03 1.67531E-02
2.28034E+03 1.34474E-02
2.28082E+03 9.97122E-03
2.28130E+03 6.47905E-03
2.28178E+03 3.11482E-03
2.28227E+03 1.91480E-06
2.28275E+03 -2.77303E-03
2.28323E+03 -5.16583E-03
2.28371E+03 -7.16680E-03
2.28419E+03 -8.79103E-03
2.28468E+03 -1.00635E-02
2.28516E+03 -1.10194E-02
2.28564E+03 -1.16999E-02
2.28612E+03 -1.21516E-02
2.28661E+03 -1.24227E-02
2.28709E+03 -1.25552E-02
2.28757E+03 -1.25815E-02
2.28805E+03 -1.25274E-02
2.28853E+03 -1.24160E-02
2.28902E+03 -1.22646E-02
2.28950E+03 -1.20824E-02
2.28998E+03 -1.18744E-02
2.29046E+03 -1.16452E-02
2.29095E+03 -1.13999E-02
2.29143E+03 -1.11418E-02
2.29191E+03 -1.08739E-02
2.29239E+03 -1.05987E-02
2.29287E+03 -1.03184E-02
2.29336E+03 -1.00331E-02
2.29384E+03 -9.74144E-03
2.29432E+03 -9.44013E-03
2.29480E+03 -9.12546E-03
2.29529E+03 -8.79753E-03
2.29577E+03 -8.46135E-03
2.29625E+03 -8.12007E-03
2.29673E+03 -7.76986E-03
2.29721E+03 -7.40685E-03
2.29770E+03 -7.03570E-03
2.29818E+03 -6.66393E-03
2.29866E+03 -6.28877E-03
2.29914E+03 -5.89945E-03
2.29963E+03 -5.49166E-03
2.30011E+03 -5.07015E-03
2.30059E+03 -4.63568E-03
2.30107E+03 -4.18182E-03
2.30155E+03 -3.70719E-03
2.30204E+03 -3.21947E-03
2.30252E+03 -2.72271E-03
2.30300E+03 -2.21189E-03
2.30348E+03 -1.68480E-03
2.30397E+03 -1.14699E-03
2.30445E+03 -5.98527E-04
2.30493E+03 -2.67550E-05
2.30541E+03 5.78526E-04
2.30589E+03 1.21257E-03
2.30638E+03 1.86681E-03
2.30686E+03 2.54304E-03
2.30734E+03 3.24797E-03
2.30782E+03 3.98394E-03
2.30831E+03 4.75384E-03
2.30879E+03 5.56528E-03
2.30927E+03 6.42022E-03
2.30975E+03 7.31111E-03
2.31023E+03 8.23678E-03
2.31072E+03 9.21232E-03
2.31120E+03 1.02521E-02
2.31168E+03 1.13582E-02
2.31216E+03 1.25320E-02
2.31265E+03 1.37864E-02
2.31313E+03 1.51304E-02
2.31361E+03 1.65626E-02
2.31409E+03 1.80934E-02
2.31457E+03 1.97591E-02
2.31506E+03 2.15929E-02
2.31554E+03 2.36061E-02
2.31602E+03 2.58207E-02
2.31650E+03 2.83007E-02
2.31698E+03 3.11192E-02
2.31747E+03 3.43139E-02
2.31795E+03 3.79087E-02
2.31843E+03 4.19593E-02
2.31891E+03 4.65260E-02
2.31940E+03 5.16163E-02
2.31988E+03 5.71989E-02
2.32036E+03 6.32732E-02
2.32084E+03 6.98761E-02
2.32132E+03 7.70505E-02
2.32181E+03 8.49083E-02
2.32229E+03 9.37903E-02
2.32277E+03 1.04397E-01
2.32325E+03 1.17881E-01
2.32374E+03 1.35947E-01
2.32422E+03 1.60758E-01
2.32470E+03 1.94309E-01
2.32518E+03 2.37379E-01
2.32566E+03 2.88692E-01
2.32615E+03 3.45062E-01
2.32663E+03 4.02482E-01
2.32711E+03 4.57362E-01
2.32759E+03 5.07174E-01
2.32808E+03 5.50649E-01
2.32856E+03 5.87741E-01
2.32904E+03 6.19180E-01
2.32952E+03 6.45759E-01
2.33000E+03 6.68028E-01
2.33049E+03 6.86536E-01
2.33097E+03 7.01946E-01
2.33145E+03 7.14822E-01
2.33193E+03 7.25530E-01
2.33242E+03 7.34408E-01
2.33290E+03 7.41806E-01
2.33338E+03 7.47930E-01
2.33386E+03 7.52843E-01
2.33434E+03 7.56689E-01
2.33483E+03 7.59716E-01
2.33531E+03 7.62057E-01
2.33579E+03 7.63669E-01
2.33627E+03 7.64536E-01
2.33676E+03 7.64772E-01
2.33724E+03 7.64470E-01
2.33772E+03 7.63587E-01
2.33820E+03 7.62054E-01
2.33868E+03 7.59879E-01
2.33917E+03 7.57083E-01
2.33965E+03 7.53630E-01
2.34013E+03 7.49477E-01
2.34061E+03 7.44620E-01
2.34109E+03 7.39047E-01
2.34158E+03 7.32708E-01
2.34206E+03 7.25600E-01
2.34254E+03 7.17782E-01
2.34302E+03 7.09318E-01
2.34351E+03 7.00222E-01
2.34399E+03 6.90516E-01
2.34447E+03 6.80273E-01
2.34495E+03 6.69581E-01
2.34543E+03 6.58485E-01
2.34592E+03 6.47011E-01
2.34640E+03 6.35235E-01
2.34688E+03 6.23249E-01
2.34736E+03 6.11118E-01
2.34785E+03 5.98877E-01
2.34833E+03 5.86544E-01
2.34881E+03 5.74141E-01
2.34929E+03 5.61694E-01
2.34977E+03 5.49250E-01
2.35026E+03 5.36863E-01
2.35074E+03 5.24568E-01
2.35122E+03 5.12363E-01
2.35170E+03 5.00234E-01
2.35219E+03 4.88191E-01
2.35267E+03 4.76271E-01
2.35315E+03 4.64504E-01
2.35363E+03 4.52900E-01
2.35411E+03 4.41452E-01
2.35460E+03 4.30154E-01
2.35508E+03 4.19010E-01
2.35556E+03 4.08029E-01
2.35604E+03 3.97216E-01
2.35653E+03 3.86566E-01
2.35701E+03 3.76069E-01
2.35749E+03 3.65714E-01
2.35797E+03 3.55500E-01
2.35845E+03 3.45426E-01
2.35894E+03 3.35486E-01
2.35942E+03 3.25674E-01
2.35990E+03 3.15986E-01
2.36038E+03 3.06420E-01
2.36087E+03 2.96965E-01
2.36135E+03 2.87604E-01
2.36183E+03 2.78325E-01
2.36231E+03 2.69130E-01
2.36279E+03 2.60024E-01
2.36328E+03 2.51010E-01
2.36376E+03 2.42081E-01
2.36424E+03 2.33226E-01
2.36472E+03 2.24430E-01
2.36521E+03 2.15673E-01
2.36569E+03 2.06934E-01
2.36617E+03 1.98191E-01
2.36665E+03 1.89424E-01
2.36713E+03 1.80609E-01
2.36762E+03 1.71711E-01
2.36810E+03 1.62681E-01
2.36858E+03 1.53456E-01
2.36906E+03 1.43973E-01
2.36954E+03 1.34175E-01
2.37003E+03 1.24022E-01
2.37051E+03 1.13495E-01
2.37099E+03 1.02628E-01
2.37147E+03 9.15707E-02
2.37196E+03 8.06371E-02
2.37244E+03 7.02816E-02
2.37292E+03 6.09767E-02
2.37340E+03 5.30531E-02
2.37388E+03 4.65997E-02
2.37437E+03 4.14754E-02
2.37485E+03 3.74096E-02
2.37533E+03 3.41172E-02
2.37581E+03 3.13689E-02
2.37630E+03 2.90066E-02
2.37678E+03 2.69292E-02
2.37726E+03 2.50724E-02
2.37774E+03 2.33917E-02
2.37822E+03 2.18518E-02
2.37871E+03 2.04259E-02
2.37919E+03 1.90995E-02
2.37967E+03 1.78680E-02
2.38015E+03 1.67250E-02
2.38064E+03 1.56549E-02
2.38112E+03 1.46394E-02
2.38160E+03 1.36690E-02
2.38208E+03 1.27450E-02
2.38256E+03 1.18701E-02
2.38305E+03 1.10419E-02
2.38353E+03 1.02536E-02
2.38401E+03 9.49993E-03
2.38449E+03 8.77980E-03
2.38498E+03 8.09347E-03
2.38546E+03 7.43842E-03
2.38594E+03 6.80992E-03
2.38642E+03 6.20603E-03
2.38690E+03 5.62996E-03
2.38739E+03 5.08264E-03
2.38787E+03 4.55510E-03
2.38835E+03 4.03338E-03
2.38883E+03 3.51462E-03
2.38932E+03 3.01200E-03
2.38980E+03 2.53886E-03
2.39028E+03 2.09108E-03
2.39076E+03 1.65196E-03
2.39124E+03 1.21271E-03
2.39173E+03 7.81301E-04
2.39221E+03 3.69605E-04
2.39269E+03 -2.11187E-05
2.39317E+03 -3.97794E-04
2.39366E+03 -7.63599E-04
2.39414E+03 -1.11518E-03
2.39462E+03 -1.45106E-03
2.39510E+03 -1.77662E-03
2.39558E+03 -2.09832E-03
2.39607E+03 -2.41576E-03
2.39655E+03 -2.72312E-03
2.39703E+03 -3.01705E-03
2.39751E+03 -3.30018E-03
2.39799E+03 -3.57639E-03
2.39848E+03 -3.84644E-03
2.39896E+03 -4.10981E-03
2.39944E+03 -4.36814E-03
2.39992E+03 -4.62286E-03
2.40041E+03 -4.87099E-03
2.40089E+03 -5.10730E-03
2.40137E+03 -5.33108E-03
2.40185E+03 -5.54677E-03
2.40233E+03 -5.75744E-03
2.40282E+03 -5.96148E-03
2.40330E+03 -6.15784E-03
2.40378E+03 -6.35073E-03
2.40426E+03 -6.54509E-03
2.40475E+03 -6.73925E-03
2.40523E+03 -6.92651E-03
2.40571E+03 -7.10290E-03
2.40619E+03 -7.27008E-03
2.40667E+03 -7.43174E-03
2.40716E+03 -7.59003E-03
2.40764E+03 -7.74590E-03
2.40812E+03 -7.89825E-03
2.40860E+03 -8.04449E-03
2.40909E+03 -8.18305E-03
2.40957E+03 -8.31700E-03
2.41005E+03 -8.45131E-03
2.41053E+03 -8.58622E-03
2.41101E+03 -8.71702E-03
2.41150E+03 -8.84284E-03
2.41198E+03 -8.97082E-03
2.41246E+03 -9.10768E-03
2.41294E+03 -9.24889E-03
2.41343E+03 -9.38191E-03
2.41391E+03 -9.50012E-03
2.41439E+03 -9.60877E-03
2.41487E+03 -9.71584E-03
2.41535E+03 -9.82226E-03
2.41584E+03 -9.92462E-03
2.41632E+03 -1.00248E-02
2.41680E+03 -1.01296E-02
2.41728E+03 -1.02400E-02
2.41777E+03 -1.03467E-02
2.41825E+03 -1.04396E-02
2.41873E+03 -1.05209E-02
2.41921E+03 -1.06039E-02
2.41969E+03 -1.06991E-02
2.42018E+03 -1.08050E-02
2.42066E+03 -1.09122E-02
2.42114E+03 -1.10136E-02
2.42162E+03 -1.11092E-02
2.42210E+03 -1.12033E-02
2.42259E+03 -1.12995E-02
2.42307E+03 -1.13982E-02
2.42355E+03 -1.14946E-02
2.42403E+03 -1.15811E-02
2.42452E+03 -1.16541E-02
2.42500E+03 -1.17200E-02
2.42548E+03 -1.17917E-02
2.42596E+03 -1.18781E-02
2.42644E+03 -1.19751E-02
2.42693E+03 -1.20688E-02
2.42741E+03 -1.21481E-02
2.42789E+03 -1.22138E-02
2.42837E+03 -1.22749E-02
2.42886E+03 -1.23387E-02
2.42934E+03 -1.24052E-02
2.42982E+03 -1.24720E-02
2.43030E+03 -1.25393E-02
2.43078E+03 -1.26088E-02
2.43127E+03 -1.26786E-02
2.43175E+03 -1.27449E-02
2.43223E+03 -1.28087E-02
2.43271E+03 -1.28761E-02
2.43320E+03 -1.29493E-02
2.43368E+03 -1.30228E-02
2.43416E+03 -1.30889E-02
2.43464E+03 -1.31474E-02
2.43512E+03 -1.32044E-02
2.43561E+03 -1.32642E-02
2.43609E+03 -1.33251E-02
2.43657E+03 -1.33828E-02
2.43705E+03 -1.34349E-02
2.43754E+03 -1.34832E-02
2.43802E+03 -1.35341E-02
2.43850E+03 -1.35940E-02
2.43898E+03 -1.36631E-02
2.43946E+03 -1.37326E-02
2.43995E+03 -1.37939E-02
2.44043E+03 -1.38480E-02
2.44091E+03 -1.39026E-02
2.44139E+03 -1.39592E-02
2.44188E+03 -1.40098E-02
2.44236E+03 -1.40500E-02
2.44284E+03 -1.40898E-02
2.44332E+03 -1.41426E-02
2.44380E+03 -1.42077E-02
2.44429E+03 -1.42698E-02
2.44477E+03 -1.43178E-02
2.44525E+03 -1.43564E-02
2.44573E+03 -1.43979E-02
2.44622E+03 -1.44466E-02
2.44670E+03 -1.44978E-02
2.44718E+03 -1.45480E-02
2.44766E+03 -1.45997E-02
2.44814E+03 -1.46574E-02
2.44863E+03 -1.47218E-02
2.44911E+03 -1.47899E-02
2.44959E+03 -1.48569E-02
2.45007E+03 -1.49173E-02
2.45055E+03 -1.49671E-02
2.45104E+03 -1.50085E-02
2.45152E+03 -1.50503E-02
2.45200E+03 -1.51000E-02
2.45248E+03 -1.51560E-02
2.45297E+03 -1.52105E-02
2.45345E+03 -1.52584E-02
2.45393E+03 -1.53036E-02
2.45441E+03 -1.53540E-02
2.45489E+03 -1.54137E-02
2.45538E+03 -1.54791E-02
2.45586E+03 -1.55428E-02
2.45634E+03 -1.55990E-02
2.45682E+03 -1.56481E-02
2.45731E+03 -1.56949E-02
2.45779E+03 -1.57434E-02
2.45827E+03 -1.57931E-02
2.45875E+03 -1.58401E-02
2.45923E+03 -1.58826E-02
2.45972E+03 -1.59227E-02
2.46020E+03 -1.59633E-02
2.46068E+03 -1.60067E-02
2.46116E+03 -1.60555E-02
2.46165E+03 -1.61130E-02
2.46213E+03 -1.61795E-02
2.46261E+03 -1.62496E-02
2.46309E+03 -1.63146E-02
2.46357E+03 -1.63690E-02
2.46406E+03 -1.64128E-02
2.46454E+03 -1.64492E-02
2.46502E+03 -1.64828E-02
2.46550E+03 -1.65185E-02
2.46599E+03 -1.65604E-02
2.46647E+03 -1.66087E-02
2.46695E+03 -1.66610E-02
2.46743E+03 -1.67147E-02
2.46791E+03 -1.67681E-02
2.46840E+03 -1.68185E-02
2.46888E+03 -1.68625E-02
2.46936E+03 -1.69013E-02
2.46984E+03 -1.69413E-02
2.47033E+03 -1.69893E-02
2.47081E+03 -1.70438E-02
2.47129E+03 -1.70974E-02
2.47177E+03 -1.71449E-02
2.47225E+03 -1.71883E-02
2.47274E+03 -1.72317E-02
2.47322E+03 -1.72760E-02
2.47370E+03 -1.73198E-02
2.47418E+03 -1.73624E-02
2.47467E+03 -1.74035E-02
2.47515E+03 -1.74394E-02
2.47563E+03 -1.74667E-02
2.47611E+03 -1.74883E-02
2.47659E+03 -1.75144E-02
2.47708E+03 -1.75525E-02
2.47756E+03 -1.76003E-02
2.47804E+03 -1.76487E-02
2.47852E+03 -1.76911E-02
2.47900E+03 -1.77272E-02
2.47949E+03 -1.77588E-02
2.47997E+03 -1.77868E-02
2.48045E+03 -1.78124E-02
2.48093E+03 -1.78384E-02
2.48142E+03 -1.78661E-02
2.48190E+03 -1.78931E-02
2.48238E+03 -1.79154E-02
2.48286E+03 -1.79333E-02
2.48334E+03 -1.79528E-02
2.48383E+03 -1.79814E-02
2.48431E+03 -1.80213E-02
2.48479E+03 -1.80661E-02
2.48527E+03 -1.81041E-02
2.48576E+03 -1.81278E-02
2.48624E+03 -1.81405E-02
2.48672E+03 -1.81532E-02
2.48720E+03 -1.81730E-02
2.48768E+03 -1.81954E-02
2.48817E+03 -1.82110E-02
2.48865E+03 -1.82176E-02
2.48913E+03 -1.82230E-02
2.48961E+03 -1.82358E-02
2.49010E+03 -1.82564E-02
2.49058E+03 -1.82784E-02
2.49106E+03 -1.82959E-02
2.49154E+03 -1.83083E-02
2.49202E+03 -1.83177E-02
2.49251E+03 -1.83268E-02
2.49299E+03 -1.83359E-02
2.49347E+03 -1.83423E-02
2.49395E+03 -1.83417E-02
2.49444E+03 -1.83336E-02
2.49492E+03 -1.83245E-02
2.49540E+03 -1.83225E-02
2.49588E+03 -1.83280E-02
2.49636E+03 -1.83331E-02
2.49685E+03 -1.83325E-02
2.49733E+03 -1.83294E-02
2.49781E+03 -1.83293E-02
2.49829E+03 -1.83303E-02
2.49878E+03 -1.83252E-02
2.49926E+03 -1.83148E-02
2.49974E+03 -1.83100E-02
2.50022E+03 -1.83190E-02
2.50070E+03 -1.83346E-02
2.50119E+03 -1.83403E-02
2.50167E+03 -1.83269E-02
2.50215E+03 -1.83018E-02
2.50263E+03 -1.82819E-02
2.50311E+03 -1.82800E-02
2.50360E+03 -1.82972E-02
2.50408E+03 -1.83227E-02
2.50456E+03 -1.83403E-02
2.50504E+03 -1.83400E-02
2.50553E+03 -1.83262E-02
2.50601E+03 -1.83135E-02
2.50649E+03 -1.83123E-02
2.50697E+03 -1.83189E-02
2.50745E+03 -1.83226E-02
2.50794E+03 -1.83185E-02
2.50842E+03 -1.83120E-02
2.50890E+03 -1.83108E-02
2.50938E+03 -1.83161E-02
2.50987E+03 -1.83230E-02
2.51035E+03 -1.83261E-02
2.51083E+03 -1.83241E-02
2.51131E+03 -1.83199E-02
2.51179E+03 -1.83179E-02
2.51228E+03 -1.83208E-02
2.51276E+03 -1.83285E-02
2.51324E+03 -1.83389E-02
2.51372E+03 -1.83494E-02
2.51421E+03 -1.83569E-02
2.51469E+03 -1.83591E-02
2.51517E+03 -1.83559E-02
2.51565E+03 -1.83513E-02
2.51613E+03 -1.83517E-02
2.51662E+03 -1.83614E-02
2.51710E+03 -1.83788E-02
2.51758E+03 -1.83982E-02
2.51806E+03 -1.84129E-02
2.51855E+03 -1.84184E-02
2.51903E+03 -1.84150E-02
2.51951E+03 -1.84083E-02
2.51999E+03 -1.84083E-02
2.52047E+03 -1.84223E-02
2.52096E+03 -1.84466E-02
2.52144E+03 -1.84675E-02
2.52192E+03 -1.84731E-02
2.52240E+03 -1.84663E-02
2.52289E+03 -1.84632E-02
2.52337E+03 -1.84774E-02
2.52385E+03 -1.85071E-02
2.52433E+03 -1.85393E-02
2.52481E+03 -1.85631E-02
2.52530E+03 -1.85782E-02
2.52578E+03 -1.85897E-02
2.52626E+03 -1.86017E-02
2.52674E+03 -1.86159E-02
2.52723E+03 -1.86334E-02
2.52771E+03 -1.86542E-02
2.52819E+03 -1.86752E-02
2.52867E+03 -1.86938E-02
2.52915E+03 -1.87109E-02
2.52964E+03 -1.87295E-02
2.53012E+03 -1.87500E-02
2.53060E+03 -1.87711E-02
2.53108E+03 -1.87925E-02
2.53156E+03 -1.88157E-02
2.53205E+03 -1.88404E-02
2.53253E+03 -1.88634E-02
2.53301E+03 -1.88841E-02
2.53349E+03 -1.89073E-02
2.53398E+03 -1.89383E-02
2.53446E+03 -1.89764E-02
2.53494E+03 -1.90142E-02
2.53542E+03 -1.90438E-02
2.53590E+03 -1.90622E-02
2.53639E+03 -1.90728E-02
2.53687E+03 -1.90842E-02
2.53735E+03 -1.91052E-02
2.53783E+03 -1.91382E-02
2.53832E+03 -1.91769E-02
2.53880E+03 -1.92120E-02
2.53928E+03 -1.92396E-02
2.53976E+03 -1.92636E-02
2.54024E+03 -1.92887E-02
2.54073E+03 -1.93148E-02
2.54121E+03 -1.93386E-02
2.54169E+03 -1.93580E-02
2.54217E+03 -1.93737E-02
2.54266E+03 -1.93874E-02
2.54314E+03 -1.94014E-02
2.54362E+03 -1.94203E-02
2.54410E+03 -1.94491E-02
2.54458E+03 -1.94876E-02
2.54507E+03 -1.95290E-02
2.54555E+03 -1.95648E-02
2.54603E+03 -1.95915E-02
2.54651E+03 -1.96123E-02
2.54700E+03 -1.96332E-02
2.54748E+03 -1.96578E-02
2.54796E+03 -1.96848E-02
2.54844E+03 -1.97101E-02
2.54892E+03 -1.97315E-02
2.54941E+03 -1.97507E-02
2.54989E+03 -1.97713E-02
2.55037E+03 -1.97935E-02
2.55085E+03 -1.98129E-02
2.55134E+03 -1.98270E-02
2.55182E+03 -1.98395E-02
2.55230E+03 -1.98572E-02
2.55278E+03 -1.98814E-02
2.55326E+03 -1.99062E-02
2.55375E+03 -1.99259E-02
2.55423E+03 -1.99427E-02
2.55471E+03 -1.99631E-02
2.55519E+03 -1.99887E-02
2.55568E+03 -2.00146E-02
2.55616E+03 -2.00357E-02
2.55664E+03 -2.00528E-02
2.55712E+03 -2.00706E-02
2.55760E+03 -2.00912E-02
2.55809E+03 -2.01135E-02
2.55857E+03 -2.01363E-02
2.55905E+03 -2.01607E-02
2.55953E+03 -2.01865E-02
2.56001E+03 -2.02109E-02
2.56050E+03 -2.02310E-02
2.56098E+03 -2.02481E-02
2.56146E+03 -2.02659E-02
2.56194E+03 -2.02860E-02
2.56243E+03 -2.03066E-02
2.56291E+03 -2.03259E-02
2.56339E+03 -2.03453E-02
2.56387E+03 -2.03677E-02
2.56435E+03 -2.03928E-02
2.56484E+03 -2.04169E-02
2.56532E+03 -2.04362E-02
2.56580E+03 -2.04500E-02
2.56628E+03 -2.04606E-02
2.56677E+03 -2.04709E-02
2.56725E+03 -2.04839E-02
2.56773E+03 -2.05012E-02
2.56821E+03 -2.05210E-02
2.56869E+03 -2.05387E-02
2.56918E+03 -2.05516E-02
2.56966E+03 -2.05634E-02
2.57014E+03 -2.05819E-02
2.57062E+03 -2.06108E-02
2.57111E+03 -2.06446E-02
2.57159E+03 -2.06730E-02
2.57207E+03 -2.06896E-02
2.57255E+03 -2.06963E-02
2.57303E+03 -2.06993E-02
2.57352E+03 -2.07025E-02
2.57400E+03 -2.07066E-02
2.57448E+03 -2.07119E-02
2.57496E+03 -2.07190E-02
2.57545E+03 -2.07268E-02
2.57593E+03 -2.07308E-02
2.57641E+03 -2.07284E-02
2.57689E+03 -2.07229E-02
2.57737E+03 -2.07223E-02
2.57786E+03 -2.07305E-02
2.57834E+03 -2.07416E-02
2.57882E+03 -2.07449E-02
2.57930E+03 -2.07351E-02
2.57979E+03 -2.07186E-02
2.58027E+03 -2.07072E-02
2.58075E+03 -2.07074E-02
2.58123E+03 -2.07155E-02
2.58171E+03 -2.07220E-02
2.58220E+03 -2.07221E-02
2.58268E+03 -2.07186E-02
2.58316E+03 -2.07164E-02
2.58364E+03 -2.07148E-02
2.58412E+03 -2.07078E-02
2.58461E+03 -2.06929E-02
2.58509E+03 -2.06756E-02
2.58557E+03 -2.06644E-02
2.58605E+03 -2.06638E-02
2.58654E+03 -2.06720E-02
2.58702E+03 -2.06842E-02
2.58750E+03 -2.06950E-02
2.58798E+03 -2.06996E-02
2.58846E+03 -2.06960E-02
2.58895E+03 -2.06885E-02
2.58943E+03 -2.06862E-02
2.58991E+03 -2.06951E-02
2.59039E+03 -2.07128E-02
2.59088E+03 -2.07316E-02
2.59136E+03 -2.07457E-02
2.59184E+03 -2.07542E-02
2.59232E+03 -2.07583E-02
2.59280E+03 -2.07598E-02
2.59329E+03 -2.07612E-02
2.59377E+03 -2.07663E-02
2.59425E+03 -2.07781E-02
2.59473E+03 -2.07961E-02
2.59522E+03 -2.08168E-02
2.59570E+03 -2.08368E-02
2.59618E+03 -2.08543E-02
2.59666E+03 -2.08686E-02
2.59714E+03 -2.08786E-02
2.59763E+03 -2.08853E-02
2.59811E+03 -2.08930E-02
2.59859E+03 -2.09080E-02
2.59907E+03 -2.09326E-02
2.59956E+03 -2.09617E-02
2.60004E+03 -2.09862E-02
2.60052E+03 -2.10002E-02
2.60100E+03 -2.10054E-02
2.60148E+03 -2.10085E-02
2.60197E+03 -2.10163E-02
2.60245E+03 -2.10320E-02
2.60293E+03 -2.10549E-02
2.60341E+03 -2.10819E-02
2.60390E+03 -2.11095E-02
2.60438E+03 -2.11353E-02
2.60486E+03 -2.11583E-02
2.60534E+03 -2.11771E-02
2.60582E+03 -2.11905E-02
2.60631E+03 -2.11978E-02
2.60679E+03 -2.12021E-02
2.60727E+03 -2.12086E-02
2.60775E+03 -2.12220E-02
2.60824E+03 -2.12426E-02
2.60872E+03 -2.12646E-02
2.60920E+03 -2.12790E-02
2.60968E+03 -2.12822E-02
2.61016E+03 -2.12817E-02
2.61065E+03 -2.12910E-02
2.61113E+03 -2.13164E-02
2.61161E+03 -2.13483E-02
2.61209E+03 -2.13700E-02
2.61258E+03 -2.13750E-02
2.61306E+03 -2.13714E-02
2.61354E+03 -2.13720E-02
2.61402E+03 -2.13822E-02
2.61450E+03 -2.14004E-02
2.61499E+03 -2.14235E-02
2.61547E+03 -2.14483E-02
2.61595E+03 -2.14694E-02
2.61643E+03 -2.14830E-02
2.61691E+03 -2.14912E-02
2.61740E+03 -2.15006E-02
2.61788E+03 -2.15152E-02
2.61836E+03 -2.15338E-02
2.61884E+03 -2.15556E-02
2.61933E+03 -2.15809E-02
2.61981E+03 -2.16064E-02
2.62029E+03 -2.16249E-02
2.62077E+03 -2.16359E-02
2.62125E+03 -2.16516E-02
2.62174E+03 -2.16860E-02
2.62222E+03 -2.17368E-02
2.62270E+03 -2.17849E-02
2.62318E+03 -2.18141E-02
2.62367E+03 -2.18273E-02
2.62415E+03 -2.18406E-02
2.62463E+03 -2.18668E-02
2.62511E+03 -2.19057E-02
2.62559E+03 -2.19486E-02
2.62608E+03 -2.19849E-02
2.62656E+03 -2.20076E-02
2.62704E+03 -2.20173E-02
2.62752E+03 -2.20236E-02
2.62801E+03 -2.20394E-02
2.62849E+03 -2.20700E-02
2.62897E+03 -2.21098E-02
2.62945E+03 -2.21486E-02
2.62993E+03 -2.21809E-02
2.63042E+03 -2.22075E-02
2.63090E+03 -2.22311E-02
2.63138E+03 -2.22535E-02
2.63186E+03 -2.22767E-02
2.63235E+03 -2.23039E-02
2.63283E+03 -2.23370E-02
2.63331E+03 -2.23732E-02
2.63379E+03 -2.24055E-02
2.63427E+03 -2.24291E-02
2.63476E+03 -2.24476E-02
2.63524E+03 -2.24710E-02
2.63572E+03 -2.25053E-02
2.63620E+03 -2.25447E-02
2.63669E+03 -2.25764E-02
2.63717E+03 -2.25938E-02
2.63765E+03 -2.26031E-02
2.63813E+03 -2.26158E-02
2.63861E+03 -2.26381E-02
2.63910E+03 -2.26668E-02
2.63958E+03 -2.26947E-02
2.64006E+03 -2.27168E-02
2.64054E+03 -2.27324E-02
2.64103E+03 -2.27435E-02
2.64151E+03 -2.27524E-02
2.64199E+03 -2.27601E-02
2.64247E+03 -2.27670E-02
2.64295E+03 -2.27752E-02
2.64344E+03 -2.27882E-02
2.64392E+03 -2.28079E-02
2.64440E+03 -2.28323E-02
2.64488E+03 -2.28583E-02
2.64536E+03 -2.28832E-02
2.64585E+03 -2.29047E-02
2.64633E+03 -2.29202E-02
2.64681E+03 -2.29305E-02
2.64729E+03 -2.29414E-02
2.64778E+03 -2.29571E-02
2.64826E+03 -2.29735E-02
2.64874E+03 -2.29834E-02
2.64922E+03 -2.29889E-02
2.64970E+03 -2.30021E-02
2.65019E+03 -2.30277E-02
2.65067E+03 -2.30533E-02
2.65115E+03 -2.30627E-02
2.65163E+03 -2.30569E-02
2.65212E+03 -2.30542E-02
2.65260E+03 -2.30669E-02
2.65308E+03 -2.30867E-02
2.65356E+03 -2.30969E-02
2.65404E+03 -2.30947E-02
2.65453E+03 -2.30924E-02
2.65501E+03 -2.31004E-02
2.65549E+03 -2.31144E-02
2.65597E+03 -2.31232E-02
2.65646E+03 -2.31248E-02
2.65694E+03 -2.31290E-02
2.65742E+03 -2.31450E-02
2.65790E+03 -2.31695E-02
2.65838E+03 -2.31903E-02
2.65887E+03 -2.31999E-02
2.65935E+03 -2.32023E-02
2.65983E+03 -2.32059E-02
2.66031E+03 -2.32108E-02
2.66080E+03 -2.32083E-02
2.66128E+03 -2.31932E-02
2.66176E+03 -2.31745E-02
2.66224E+03 -2.31687E-02
2.66272E+03 -2.31838E-02
2.66321E+03 -2.32112E-02
2.66369E+03 -2.32355E-02
2.66417E+03 -2.32490E-02
2.66465E+03 -2.32548E-02
2.66514E+03 -2.32597E-02
2.66562E+03 -2.32681E-02
2.66610E+03 -2.32807E-02
2.66658E+03 -2.32959E-02
2.66706E+03 -2.33099E-02
2.66755E+03 -2.33183E-02
2.66803E+03 -2.33206E-02
2.66851E+03 -2.33212E-02
2.66899E+03 -2.33257E-02
2.66948E+03 -2.33345E-02
2.66996E+03 -2.33434E-02
2.67044E+03 -2.33473E-02
2.67092E+03 -2.33449E-02
2.67140E+03 -2.33413E-02
2.67189E+03 -2.33432E-02
2.67237E+03 -2.33520E-02
2.67285E+03 -2.33607E-02
2.67333E+03 -2.33618E-02
2.67381E+03 -2.33572E-02
2.67430E+03 -2.33577E-02
2.67478E+03 -2.33694E-02
2.67526E+03 -2.33854E-02
2.67574E+03 -2.33953E-02
2.67623E+03 -2.33981E-02
2.67671E+03 -2.34013E-02
2.67719E+03 -2.34086E-02
2.67767E+03 -2.34155E-02
2.67815E+03 -2.34184E-02
2.67864E+03 -2.34206E-02
2.67912E+03 -2.34264E-02
2.67960E+03 -2.34340E-02
2.68008E+03 -2.34401E-02
2.68057E+03 -2.34464E-02
2.68105E+03 -2.34580E-02
2.68153E+03 -2.34751E-02
2.68201E+03 -2.34911E-02
2.68249E+03 -2.34991E-02
2.68298E+03 -2.34974E-02
2.68346E+03 -2.34899E-02
2.68394E+03 -2.34832E-02
2.68442E+03 -2.34831E-02
2.68491E+03 -2.34911E-02
2.68539E+03 -2.35027E-02
2.68587E+03 -2.35116E-02
2.68635E+03 -2.35156E-02
2.68683E+03 -2.35174E-02
2.68732E+03 -2.35205E-02
2.68780E+03 -2.35254E-02
2.68828E+03 -2.35311E-02
2.68876E+03 -2.35351E-02
2.68925E+03 -2.35348E-02
2.68973E+03 -2.35309E-02
2.69021E+03 -2.35292E-02
2.69069E+03 -2.35366E-02
2.69117E+03 -2.35534E-02
2.69166E+03 -2.35726E-02
2.69214E+03 -2.35880E-02
2.69262E+03 -2.35987E-02
2.69310E+03 -2.36043E-02
2.69359E+03 -2.36030E-02
2.69407E+03 -2.35954E-02
2.69455E+03 -2.35893E-02
2.69503E+03 -2.35915E-02
2.69551E+03 -2.35996E-02
2.69600E+03 -2.36035E-02
2.69648E+03 -2.35983E-02
2.69696E+03 -2.35912E-02
2.69744E+03 -2.35925E-02
2.69793E+03 -2.36048E-02
2.69841E+03 -2.36214E-02
2.69889E+03 -2.36335E-02
2.69937E+03 -2.36370E-02
2.69985E+03 -2.36338E-02
2.70034E+03 -2.36285E-02
2.70082E+03 -2.36250E-02
2.70130E+03 -2.36246E-02
2.70178E+03 -2.36257E-02
2.70226E+03 -2.36258E-02
2.70275E+03 -2.36244E-02
2.70323E+03 -2.36243E-02
2.70371E+03 -2.36303E-02
2.70419E+03 -2.36442E-02
2.70468E+03 -2.36608E-02
2.70516E+03 -2.36707E-02
2.70564E+03 -2.36701E-02
2.70612E+03 -2.36662E-02
2.70660E+03 -2.36688E-02
2.70709E+03 -2.36767E-02
2.70757E+03 -2.36785E-02
2.70805E+03 -2.36692E-02
2.70853E+03 -2.36583E-02
2.70902E+03 -2.36588E-02
2.70950E+03 -2.36707E-02
2.70998E+03 -2.36824E-02
2.71046E+03 -2.36874E-02
2.71094E+03 -2.36906E-02
2.71143E+03 -2.36985E-02
2.71191E+03 -2.37091E-02
2.71239E+03 -2.37148E-02
2.71287E+03 -2.37125E-02
2.71336E+03 -2.37050E-02
2.71384E+03 -2.36977E-02
2.71432E+03 -2.36950E-02
2.71480E+03 -2.36974E-02
2.71528E+03 -2.36999E-02
2.71577E+03 -2.36949E-02
2.71625E+03 -2.36806E-02
2.71673E+03 -2.36653E-02
2.71721E+03 -2.36598E-02
2.71770E+03 -2.36653E-02
2.71818E+03 -2.36747E-02
2.71866E+03 -2.36822E-02
2.71914E+03 -2.36893E-02
2.71962E+03 -2.36995E-02
2.72011E+03 -2.37127E-02
2.72059E+03 -2.37250E-02
2.72107E+03 -2.37309E-02
2.72155E+03 -2.37263E-02
2.72204E+03 -2.37110E-02
2.72252E+03 -2.36910E-02
2.72300E+03 -2.36733E-02
2.72348E+03 -2.36582E-02
2.72396E+03 -2.36419E-02
2.72445E+03 -2.36250E-02
2.72493E+03 -2.36150E-02
2.72541E+03 -2.36150E-02
2.72589E+03 -2.36168E-02
2.72638E+03 -2.36092E-02
2.72686E+03 -2.35911E-02
2.72734E+03 -2.35718E-02
2.72782E+03 -2.35610E-02
2.72830E+03 -2.35608E-02
2.72879E+03 -2.35649E-02
2.72927E+03 -2.35621E-02
2.72975E+03 -2.35436E-02
2.73023E+03 -2.35151E-02
2.73071E+03 -2.34965E-02
2.73120E+03 -2.35047E-02
2.73168E+03 -2.35367E-02
2.73216E+03 -2.35747E-02
2.73264E+03 -2.36059E-02
2.73313E+03 -2.36285E-02
2.73361E+03 -2.36415E-02
2.73409E+03 -2.36408E-02
2.73457E+03 -2.36275E-02
2.73505E+03 -2.36115E-02
2.73554E+03 -2.35995E-02
2.73602E+03 -2.35889E-02
2.73650E+03 -2.35770E-02
2.73698E+03 -2.35705E-02
2.73747E+03 -2.35768E-02
2.73795E+03 -2.35916E-02
2.73843E+03 -2.36017E-02
2.73891E+03 -2.35954E-02
2.73939E+03 -2.35679E-02
2.73988E+03 -2.35205E-02
2.74036E+03 -2.34652E-02
2.74084E+03 -2.34213E-02
2.74132E+03 -2.33989E-02
2.74181E+03 -2.33877E-02
2.74229E+03 -2.33754E-02
2.74277E+03 -2.33720E-02
2.74325E+03 -2.33960E-02
2.74373E+03 -2.34347E-02
2.74422E+03 -2.34412E-02
2.74470E+03 -2.33859E-02
2.74518E+03 -2.32974E-02
2.74566E+03 -2.32348E-02
2.74615E+03 -2.32244E-02
2.74663E+03 -2.32418E-02
2.74711E+03 -2.32512E-02
2.74759E+03 -2.32431E-02
2.74807E+03 -2.32252E-02
2.74856E+03 -2.31989E-02
2.74904E+03 -2.31593E-02
2.74952E+03 -2.31134E-02
2.75000E+03 -2.30791E-02
2.75049E+03 -2.30633E-02
2.75097E+03 -2.30528E-02
2.75145E+03 -2.30316E-02
2.75193E+03 -2.30002E-02
2.75241E+03 -2.29711E-02
2.75290E+03 -2.29489E-02
2.75338E+03 -2.29236E-02
2.75386E+03 -2.28856E-02
2.75434E+03 -2.28412E-02
2.75482E+03 -2.28071E-02
2.75531E+03 -2.27897E-02
2.75579E+03 -2.27773E-02
2.75627E+03 -2.27528E-02
2.75675E+03 -2.27140E-02
2.75724E+03 -2.26750E-02
2.75772E+03 -2.26497E-02
2.75820E+03 -2.26366E-02
2.75868E+03 -2.26213E-02
2.75916E+03 -2.25928E-02
2.75965E+03 -2.25516E-02
2.76013E+03 -2.25055E-02
2.76061E+03 -2.24600E-02
2.76109E+03 -2.24171E-02
2.76158E+03 -2.23779E-02
2.76206E+03 -2.23440E-02
2.76254E+03 -2.23127E-02
2.76302E+03 -2.22777E-02
2.76350E+03 -2.22350E-02
2.76399E+03 -2.21885E-02
2.76447E+03 -2.21454E-02
2.76495E+03 -2.21074E-02
2.76543E+03 -2.20697E-02
2.76592E+03 -2.20280E-02
2.76640E+03 -2.19829E-02
2.76688E+03 -2.19362E-02
2.76736E+03 -2.18864E-02
2.76784E+03 -2.18307E-02
2.76833E+03 -2.17702E-02
2.76881E+03 -2.17112E-02
2.76929E+03 -2.16595E-02
2.76977E+03 -2.16158E-02
2.77026E+03 -2.15738E-02
2.77074E+03 -2.15237E-02
2.77122E+03 -2.14592E-02
2.77170E+03 -2.13842E-02
2.77218E+03 -2.13124E-02
2.77267E+03 -2.12560E-02
2.77315E+03 -2.12126E-02
2.77363E+03 -2.11666E-02
2.77411E+03 -2.11040E-02
2.77460E+03 -2.10249E-02
2.77508E+03 -2.09404E-02
2.77556E+03 -2.08608E-02
2.77604E+03 -2.07877E-02
2.77652E+03 -2.07188E-02
2.77701E+03 -2.06526E-02
2.77749E+03 -2.05893E-02
2.77797E+03 -2.05265E-02
2.77845E+03 -2.04606E-02
2.77894E+03 -2.03908E-02
2.77942E+03 -2.03195E-02
2.77990E+03 -2.02474E-02
2.78038E+03 -2.01705E-02
2.78086E+03 -2.00860E-02
2.78135E+03 -1.99974E-02
2.78183E+03 -1.99126E-02
2.78231E+03 -1.98354E-02
2.78279E+03 -1.97627E-02
2.78327E+03 -1.96903E-02
2.78376E+03 -1.96167E-02
2.78424E+03 -1.95399E-02
2.78472E+03 -1.94558E-02
2.78520E+03 -1.93644E-02
2.78569E+03 -1.92748E-02
2.78617E+03 -1.91974E-02
2.78665E+03 -1.91317E-02
2.78713E+03 -1.90670E-02
2.78761E+03 -1.89943E-02
2.78810E+03 -1.89151E-02
2.78858E+03 -1.88342E-02
2.78906E+03 -1.87510E-02
2.78954E+03 -1.86609E-02
2.79003E+03 -1.85639E-02
2.79051E+03 -1.84661E-02
2.79099E+03 -1.83738E-02
2.79147E+03 -1.82881E-02
2.79195E+03 -1.82065E-02
2.79244E+03 -1.81261E-02
2.79292E+03 -1.80453E-02
2.79340E+03 -1.79635E-02
2.79388E+03 -1.78803E-02
2.79437E+03 -1.77959E-02
2.79485E+03 -1.77095E-02
2.79533E+03 -1.76206E-02
2.79581E+03 -1.75301E-02
2.79629E+03 -1.74402E-02
2.79678E+03 -1.73527E-02
2.79726E+03 -1.72680E-02
2.79774E+03 -1.71853E-02
2.79822E+03 -1.71032E-02
2.79871E+03 -1.70197E-02
2.79919E+03 -1.69321E-02
2.79967E+03 -1.68397E-02
2.80015E+03 -1.67445E-02
2.80063E+03 -1.66496E-02
2.80112E+03 -1.65564E-02
2.80160E+03 -1.64641E-02
2.80208E+03 -1.63716E-02
2.80256E+03 -1.62806E-02
2.80305E+03 -1.61931E-02
2.80353E+03 -1.61075E-02
2.80401E+03 -1.60183E-02
2.80449E+03 -1.59221E-02
2.80497E+03 -1.58234E-02
2.80546E+03 -1.57302E-02
2.80594E+03 -1.56432E-02
2.80642E+03 -1.55523E-02
2.80690E+03 -1.54481E-02
2.80739E+03 -1.53345E-02
2.80787E+03 -1.52269E-02
2.80835E+03 -1.51348E-02
2.80883E+03 -1.50499E-02
2.80931E+03 -1.49536E-02
2.80980E+03 -1.48378E-02
2.81028E+03 -1.47144E-02
2.81076E+03 -1.46017E-02
2.81124E+03 -1.45030E-02
2.81172E+03 -1.44025E-02
2.81221E+03 -1.42841E-02
2.81269E+03 -1.41490E-02
2.81317E+03 -1.40108E-02
2.81365E+03 -1.38754E-02
2.81414E+03 -1.37341E-02
2.81462E+03 -1.35785E-02
2.81510E+03 -1.34148E-02
2.81558E+03 -1.32551E-02
2.81606E+03 -1.30988E-02
2.81655E+03 -1.29311E-02
2.81703E+03 -1.27430E-02
2.81751E+03 -1.25433E-02
2.81799E+03 -1.23462E-02
2.81848E+03 -1.21515E-02
2.81896E+03 -1.19461E-02
2.81944E+03 -1.17227E-02
2.81992E+03 -1.14890E-02
2.82040E+03 -1.12556E-02
2.82089E+03 -1.10207E-02
2.82137E+03 -1.07715E-02
2.82185E+03 -1.05013E-02
2.82233E+03 -1.02176E-02
2.82282E+03 -9.93273E-03
2.82330E+03 -9.65049E-03
2.82378E+03 -9.36497E-03
2.82426E+03 -9.07043E-03
2.82474E+03 -8.76849E-03
2.82523E+03 -8.46425E-03
2.82571E+03 -8.15923E-03
2.82619E+03 -7.85100E-03
2.82667E+03 -7.53967E-03
2.82716E+03 -7.23067E-03
2.82764E+03 -6.92979E-03
2.82812E+03 -6.63616E-03
2.82860E+03 -6.34333E-03
2.82908E+03 -6.04758E-03
2.82957E+03 -5.75502E-03
2.83005E+03 -5.47864E-03
2.83053E+03 -5.22817E-03
2.83101E+03 -5.00312E-03
2.83150E+03 -4.79734E-03
2.83198E+03 -4.60899E-03
2.83246E+03 -4.44511E-03
2.83294E+03 -4.31396E-03
2.83342E+03 -4.21522E-03
2.83391E+03 -4.14050E-03
2.83439E+03 -4.08418E-03
2.83487E+03 -4.05111E-03
2.83535E+03 -4.05253E-03
2.83583E+03 -4.09411E-03
2.83632E+03 -4.17018E-03
2.83680E+03 -4.26873E-03
2.83728E+03 -4.38255E-03
2.83776E+03 -4.51478E-03
2.83825E+03 -4.67468E-03
2.83873E+03 -4.86660E-03
2.83921E+03 -5.08399E-03
2.83969E+03 -5.31347E-03
2.84017E+03 -5.54688E-03
2.84066E+03 -5.78586E-03
2.84114E+03 -6.03731E-03
2.84162E+03 -6.30537E-03
2.84210E+03 -6.59001E-03
2.84259E+03 -6.88970E-03
2.84307E+03 -7.20185E-03
2.84355E+03 -7.52077E-03
2.84403E+03 -7.84039E-03
2.84451E+03 -8.16028E-03
2.84500E+03 -8.48587E-03
2.84548E+03 -8.81991E-03
2.84596E+03 -9.15588E-03
2.84644E+03 -9.48316E-03
2.84693E+03 -9.79762E-03
2.84741E+03 -1.01042E-02
2.84789E+03 -1.04091E-02
2.84837E+03 -1.07139E-02
2.84885E+03 -1.10170E-02
2.84934E+03 -1.13188E-02
2.84982E+03 -1.16214E-02
2.85030E+03 -1.19254E-02
2.85078E+03 -1.22277E-02
2.85127E+03 -1.25222E-02
2.85175E+03 -1.28024E-02
2.85223E+03 -1.30670E-02
2.85271E+03 -1.33233E-02
2.85319E+03 -1.35837E-02
2.85368E+03 -1.38529E-02
2.85416E+03 -1.41192E-02
2.85464E+03 -1.43624E-02
2.85512E+03 -1.45734E-02
2.85561E+03 -1.47610E-02
2.85609E+03 -1.49409E-02
2.85657E+03 -1.51193E-02
2.85705E+03 -1.52912E-02
2.85753E+03 -1.54509E-02
2.85802E+03 -1.55974E-02
2.85850E+03 -1.57309E-02
2.85898E+03 -1.58501E-02
2.85946E+03 -1.59543E-02
2.85995E+03 -1.60467E-02
2.86043E+03 -1.61306E-02
2.86091E+03 -1.62059E-02
2.86139E+03 -1.62712E-02
2.86187E+03 -1.63276E-02
2.86236E+03 -1.63778E-02
2.86284E+03 -1.64225E-02
2.86332E+03 -1.64606E-02
2.86380E+03 -1.64949E-02
2.86428E+03 -1.65301E-02
2.86477E+03 -1.65669E-02
2.86525E+03 -1.65997E-02
2.86573E+03 -1.66221E-02
2.86621E+03 -1.66328E-02
2.86670E+03 -1.66342E-02
2.86718E+03 -1.66300E-02
2.86766E+03 -1.66247E-02
2.86814E+03 -1.66245E-02
2.86862E+03 -1.66320E-02
2.86911E+03 -1.66423E-02
2.86959E+03 -1.66467E-02
2.87007E+03 -1.66411E-02
2.87055E+03 -1.66280E-02
2.87104E+03 -1.66106E-02
2.87152E+03 -1.65905E-02
2.87200E+03 -1.65708E-02
2.87248E+03 -1.65545E-02
2.87296E+03 -1.65389E-02
2.87345E+03 -1.65144E-02
2.87393E+03 -1.64756E-02
2.87441E+03 -1.64299E-02
2.87489E+03 -1.63918E-02
2.87538E+03 -1.63664E-02
2.87586E+03 -1.63449E-02
2.87634E+03 -1.63152E-02
2.87682E+03 -1.62731E-02
2.87730E+03 -1.62215E-02
2.87779E+03 -1.61635E-02
2.87827E+03 -1.61006E-02
2.87875E+03 -1.60367E-02
2.87923E+03 -1.59775E-02
2.87972E+03 -1.59261E-02
2.88020E+03 -1.58801E-02
2.88068E+03 -1.58349E-02
2.88116E+03 -1.57891E-02
2.88164E+03 -1.57448E-02
2.88213E+03 -1.57031E-02
2.88261E+03 -1.56604E-02
2.88309E+03 -1.56127E-02
2.88357E+03 -1.55628E-02
2.88406E+03 -1.55196E-02
2.88454E+03 -1.54883E-02
2.88502E+03 -1.54612E-02
2.88550E+03 -1.54242E-02
2.88598E+03 -1.53718E-02
2.88647E+03 -1.53123E-02
2.88695E+03 -1.52559E-02
2.88743E+03 -1.52033E-02
2.88791E+03 -1.51491E-02
2.88840E+03 -1.50919E-02
2.88888E+03 -1.50357E-02
2.88936E+03 -1.49814E-02
2.88984E+03 -1.49230E-02
2.89032E+03 -1.48567E-02
2.89081E+03 -1.47869E-02
2.89129E+03 -1.47221E-02
2.89177E+03 -1.46635E-02
2.89225E+03 -1.46032E-02
2.89273E+03 -1.45317E-02
2.89322E+03 -1.44464E-02
2.89370E+03 -1.43514E-02
2.89418E+03 -1.42510E-02
2.89466E+03 -1.41454E-02
2.89515E+03 -1.40344E-02
2.89563E+03 -1.39220E-02
2.89611E+03 -1.38154E-02
2.89659E+03 -1.37149E-02
2.89707E+03 -1.36101E-02
2.89756E+03 -1.34900E-02
2.89804E+03 -1.33560E-02
2.89852E+03 -1.32208E-02
2.89900E+03 -1.30928E-02
2.89949E+03 -1.29670E-02
2.89997E+03 -1.28337E-02
2.90045E+03 -1.26904E-02
2.90093E+03 -1.25413E-02
2.90141E+03 -1.23894E-02
2.90190E+03 -1.22336E-02
2.90238E+03 -1.20732E-02
2.90286E+03 -1.19080E-02
2.90334E+03 -1.17361E-02
2.90383E+03 -1.15563E-02
2.90431E+03 -1.13752E-02
2.90479E+03 -1.12022E-02
2.90527E+03 -1.10365E-02
2.90575E+03 -1.08649E-02
2.90624E+03 -1.06773E-02
2.90672E+03 -1.04805E-02
2.90720E+03 -1.02889E-02
2.90768E+03 -1.01050E-02
2.90817E+03 -9.91563E-03
2.90865E+03 -9.70974E-03
2.90913E+03 -9.49370E-03
2.90961E+03 -9.28685E-03
2.91009E+03 -9.10359E-03
2.91058E+03 -8.94298E-03
2.91106E+03 -8.79404E-03
2.91154E+03 -8.64913E-03
2.91202E+03 -8.51132E-03
2.91251E+03 -8.38853E-03
2.91299E+03 -8.28247E-03
2.91347E+03 -8.18710E-03
2.91395E+03 -8.09968E-03
2.91443E+03 -8.02824E-03
2.91492E+03 -7.98211E-03
2.91540E+03 -7.95617E-03
2.91588E+03 -7.93301E-03
2.91636E+03 -7.90305E-03
2.91684E+03 -7.87666E-03
2.91733E+03 -7.86929E-03
2.91781E+03 -7.87950E-03
2.91829E+03 -7.88788E-03
2.91877E+03 -7.87755E-03
2.91926E+03 -7.84842E-03
2.91974E+03 -7.81044E-03
2.92022E+03 -7.76744E-03
2.92070E+03 -7.71302E-03
2.92118E+03 -7.63849E-03
2.92167E+03 -7.54210E-03
2.92215E+03 -7.42977E-03
2.92263E+03 -7.31044E-03
2.92311E+03 -7.19003E-03
2.92360E+03 -7.06907E-03
2.92408E+03 -6.94372E-03
2.92456E+03 -6.81090E-03
2.92504E+03 -6.67068E-03
2.92552E+03 -6.52504E-03
2.92601E+03 -6.37453E-03
2.92649E+03 -6.22041E-03
2.92697E+03 -6.06809E-03
2.92745E+03 -5.92654E-03
2.92794E+03 -5.80002E-03
2.92842E+03 -5.68345E-03
2.92890E+03 -5.56760E-03
2.92938E+03 -5.45187E-03
2.92986E+03 -5.34791E-03
2.93035E+03 -5.26894E-03
2.93083E+03 -5.21631E-03
2.93131E+03 -5.18061E-03
2.93179E+03 -5.15444E-03
2.93228E+03 -5.14059E-03
2.93276E+03 -5.14409E-03
2.93324E+03 -5.16174E-03
2.93372E+03 -5.18470E-03
2.93420E+03 -5.21165E-03
2.93469E+03 -5.25180E-03
2.93517E+03 -5.31228E-03
2.93565E+03 -5.38797E-03
2.93613E+03 -5.46814E-03
2.93662E+03 -5.55042E-03
2.93710E+03 -5.64112E-03
2.93758E+03 -5.74282E-03
2.93806E+03 -5.84802E-03
2.93854E+03 -5.94814E-03
2.93903E+03 -6.04326E-03
2.93951E+03 -6.13940E-03
2.93999E+03 -6.23853E-03
2.94047E+03 -6.33598E-03
2.94096E+03 -6.42588E-03
2.94144E+03 -6.50568E-03
2.94192E+03 -6.57485E-03
2.94240E+03 -6.63318E-03
2.94288E+03 -6.68001E-03
2.94337E+03 -6.71346E-03
2.94385E+03 -6.72985E-03
2.94433E+03 -6.72708E-03
2.94481E+03 -6.70772E-03
2.94530E+03 -6.67632E-03
2.94578E+03 -6.63196E-03
2.94626E+03 -6.56791E-03
2.94674E+03 -6.47951E-03
2.94722E+03 -6.36978E-03
2.94771E+03 -6.24326E-03
2.94819E+03 -6.09852E-03
2.94867E+03 -5.93147E-03
2.94915E+03 -5.74641E-03
2.94963E+03 -5.55684E-03
2.95012E+03 -5.37313E-03
2.95060E+03 -5.19150E-03
2.95108E+03 -4.99885E-03
2.95156E+03 -4.78651E-03
2.95205E+03 -4.55723E-03
2.95253E+03 -4.32037E-03
2.95301E+03 -4.08541E-03
2.95349E+03 -3.85967E-03
2.95397E+03 -3.64812E-03
2.95446E+03 -3.45084E-03
2.95494E+03 -3.26182E-03
2.95542E+03 -3.07544E-03
2.95590E+03 -2.89517E-03
2.95639E+03 -2.73346E-03
2.95687E+03 -2.60086E-03
2.95735E+03 -2.49665E-03
2.95783E+03 -2.41066E-03
2.95831E+03 -2.33399E-03
2.95880E+03 -2.26471E-03
2.95928E+03 -2.20617E-03
2.95976E+03 -2.16325E-03
2.96024E+03 -2.14145E-03
2.96073E+03 -2.14465E-03
2.96121E+03 -2.17187E-03
2.96169E+03 -2.21757E-03
2.96217E+03 -2.27790E-03
2.96265E+03 -2.35303E-03
2.96314E+03 -2.44219E-03
2.96362E+03 -2.54069E-03
2.96410E+03 -2.64589E-03
2.96458E+03 -2.76349E-03
2.96507E+03 -2.90068E-03
2.96555E+03 -3.05330E-03
2.96603E+03 -3.20793E-03
2.96651E+03 -3.35948E-03
2.96699E+03 -3.51985E-03
2.96748E+03 -3.70229E-03
2.96796E+03 -3.90179E-03
2.96844E+03 -4.09831E-03
2.96892E+03 -4.27928E-03
2.96941E+03 -4.45197E-03
2.96989E+03 -4.63202E-03
2.97037E+03 -4.82468E-03
2.97085E+03 -5.02083E-03
2.97133E+03 -5.20736E-03
2.97182E+03 -5.37878E-03
2.97230E+03 -5.54092E-03
2.97278E+03 -5.70680E-03
2.97326E+03 -5.88717E-03
2.97375E+03 -6.08043E-03
2.97423E+03 -6.27127E-03
2.97471E+03 -6.44245E-03
2.97519E+03 -6.58894E-03
2.97567E+03 -6.71937E-03
2.97616E+03 -6.84481E-03
2.97664E+03 -6.97009E-03
2.97712E+03 -7.09592E-03
2.97760E+03 -7.22239E-03
2.97808E+03 -7.34573E-03
2.97857E+03 -7.45470E-03
2.97905E+03 -7.53803E-03
2.97953E+03 -7.59544E-03
2.98001E+03 -7.63753E-03
2.98050E+03 -7.67378E-03
2.98098E+03 -7.70597E-03
2.98146E+03 -7.73379E-03
2.98194E+03 -7.76027E-03
2.98242E+03 -7.78589E-03
2.98291E+03 -7.80317E-03
2.98339E+03 -7.80452E-03
2.98387E+03 -7.79475E-03
2.98435E+03 -7.78728E-03
2.98484E+03 -7.78686E-03
2.98532E+03 -7.78260E-03
2.98580E+03 -7.76316E-03
2.98628E+03 -7.73216E-03
2.98676E+03 -7.70328E-03
2.98725E+03 -7.68343E-03
2.98773E+03 -7.66847E-03
2.98821E+03 -7.65364E-03
2.98869E+03 -7.64069E-03
2.98918E+03 -7.63217E-03
2.98966E+03 -7.62538E-03
2.99014E+03 -7.61731E-03
2.99062E+03 -7.61281E-03
2.99110E+03 -7.62240E-03
2.99159E+03 -7.65217E-03
2.99207E+03 -7.69845E-03
2.99255E+03 -7.75283E-03
2.99303E+03 -7.80992E-03
2.99352E+03 -7.86949E-03
2.99400E+03 -7.93438E-03
2.99448E+03 -8.00807E-03
2.99496E+03 -8.09332E-03
2.99544E+03 -8.19104E-03
2.99593E+03 -8.29978E-03
2.99641E+03 -8.41799E-03
2.99689E+03 -8.54757E-03
2.99737E+03 -8.69267E-03
2.99786E+03 -8.85481E-03
2.99834E+03 -9.02899E-03
2.99882E+03 -9.20687E-03
2.99930E+03 -9.38477E-03
2.99978E+03 -9.56750E-03
3.00027E+03 -9.76326E-03
3.00075E+03 -9.97518E-03
3.00123E+03 -1.01985E-02
3.00171E+03 -1.04260E-02
3.00220E+03 -1.06551E-02
3.00268E+03 -1.08889E-02
3.00316E+03 -1.11312E-02
3.00364E+03 -1.13818E-02
3.00412E+03 -1.16358E-02
3.00461E+03 -1.18869E-02
3.00509E+03 -1.21323E-02
3.00557E+03 -1.23745E-02
3.00605E+03 -1.26217E-02
3.00653E+03 -1.28837E-02
3.00702E+03 -1.31646E-02
3.00750E+03 -1.34568E-02
3.00798E+03 -1.37436E-02
3.00846E+03 -1.40120E-02
3.00895E+03 -1.42631E-02
3.00943E+03 -1.45085E-02
3.00991E+03 -1.47559E-02
3.01039E+03 -1.50025E-02
3.01087E+03 -1.52446E-02
3.01136E+03 -1.54870E-02
3.01184E+03 -1.57375E-02
3.01232E+03 -1.59928E-02
3.01280E+03 -1.62388E-02
3.01329E+03 -1.64664E-02
3.01377E+03 -1.66829E-02
3.01425E+03 -1.69026E-02
3.01473E+03 -1.71278E-02
3.01521E+03 -1.73465E-02
3.01570E+03 -1.75485E-02
3.01618E+03 -1.77398E-02
3.01666E+03 -1.79345E-02
3.01714E+03 -1.81339E-02
3.01763E+03 -1.83187E-02
3.01811E+03 -1.84655E-02
3.01859E+03 -1.85724E-02
3.01907E+03 -1.86621E-02
3.01955E+03 -1.87607E-02
3.02004E+03 -1.88765E-02
3.02052E+03 -1.89995E-02
3.02100E+03 -1.91178E-02
3.02148E+03 -1.92274E-02
3.02197E+03 -1.93280E-02
3.02245E+03 -1.94193E-02
3.02293E+03 -1.95023E-02
3.02341E+03 -1.95822E-02
3.02389E+03 -1.96630E-02
3.02438E+03 -1.97433E-02
3.02486E+03 -1.98185E-02
3.02534E+03 -1.98867E-02
3.02582E+03 -1.99484E-02
3.02631E+03 -2.00036E-02
3.02679E+03 -2.00524E-02
3.02727E+03 -2.00978E-02
3.02775E+03 -2.01439E-02
3.02823E+03 -2.01897E-02
3.02872E+03 -2.02289E-02
3.02920E+03 -2.02574E-02
3.02968E+03 -2.02796E-02
3.03016E+03 -2.03037E-02
3.03065E+03 -2.03319E-02
3.03113E+03 -2.03567E-02
3.03161E+03 -2.03696E-02
3.03209E+03 -2.03727E-02
3.03257E+03 -2.03789E-02
3.03306E+03 -2.03984E-02
3.03354E+03 -2.04243E-02
3.03402E+03 -2.04367E-02
3.03450E+03 -2.04237E-02
3.03498E+03 -2.03938E-02
3.03547E+03 -2.03669E-02
3.03595E+03 -2.03543E-02
3.03643E+03 -2.03527E-02
3.03691E+03 -2.03534E-02
3.03740E+03 -2.03513E-02
3.03788E+03 -2.03432E-02
3.03836E+03 -2.03243E-02
3.03884E+03 -2.02925E-02
3.03932E+03 -2.02541E-02
3.03981E+03 -2.02218E-02
3.04029E+03 -2.02059E-02
3.04077E+03 -2.02058E-02
3.04125E+03 -2.02077E-02
3.04174E+03 -2.01944E-02
3.04222E+03 -2.01581E-02
3.04270E+03 -2.01086E-02
3.04318E+03 -2.00637E-02
3.04366E+03 -2.00319E-02
3.04415E+03 -2.00070E-02
3.04463E+03 -1.99806E-02
3.04511E+03 -1.99540E-02
3.04559E+03 -1.99342E-02
3.04608E+03 -1.99222E-02
3.04656E+03 -1.99108E-02
3.04704E+03 -1.98935E-02
3.04752E+03 -1.98695E-02
3.04800E+03 -1.98397E-02
3.04849E+03 -1.98038E-02
3.04897E+03 -1.97628E-02
3.04945E+03 -1.97216E-02
3.04993E+03 -1.96839E-02
3.05042E+03 -1.96487E-02
3.05090E+03 -1.96129E-02
3.05138E+03 -1.95773E-02
3.05186E+03 -1.95453E-02
3.05234E+03 -1.95147E-02
3.05283E+03 -1.94771E-02
3.05331E+03 -1.94278E-02
3.05379E+03 -1.93746E-02
3.05427E+03 -1.93331E-02
3.05476E+03 -1.93096E-02
3.05524E+03 -1.92927E-02
3.05572E+03 -1.92642E-02
3.05620E+03 -1.92179E-02
3.05668E+03 -1.91648E-02
3.05717E+03 -1.91193E-02
3.05765E+03 -1.90841E-02
3.05813E+03 -1.90493E-02
3.05861E+03 -1.90056E-02
3.05909E+03 -1.89537E-02
3.05958E+03 -1.89027E-02
3.06006E+03 -1.88603E-02
3.06054E+03 -1.88243E-02
3.06102E+03 -1.87838E-02
3.06151E+03 -1.87308E-02
3.06199E+03 -1.86704E-02
3.06247E+03 -1.86184E-02
3.06295E+03 -1.85833E-02
3.06343E+03 -1.85546E-02
3.06392E+03 -1.85137E-02
3.06440E+03 -1.84561E-02
3.06488E+03 -1.83969E-02
3.06536E+03 -1.83545E-02
3.06585E+03 -1.83312E-02
3.06633E+03 -1.83138E-02
3.06681E+03 -1.82875E-02
3.06729E+03 -1.82458E-02
3.06777E+03 -1.81894E-02
3.06826E+03 -1.81225E-02
3.06874E+03 -1.80517E-02
3.06922E+03 -1.79861E-02
3.06970E+03 -1.79335E-02
3.07019E+03 -1.78950E-02
3.07067E+03 -1.78639E-02
3.07115E+03 -1.78295E-02
3.07163E+03 -1.77839E-02
3.07211E+03 -1.77287E-02
3.07260E+03 -1.76731E-02
3.07308E+03 -1.76269E-02
3.07356E+03 -1.75924E-02
3.07404E+03 -1.75623E-02
3.07453E+03 -1.75247E-02
3.07501E+03 -1.74711E-02
3.07549E+03 -1.74041E-02
3.07597E+03 -1.73359E-02
3.07645E+03 -1.72783E-02
3.07694E+03 -1.72330E-02
3.07742E+03 -1.71917E-02
3.07790E+03 -1.71463E-02
3.07838E+03 -1.70947E-02
3.07887E+03 -1.70362E-02
3.07935E+03 -1.69688E-02
3.07983E+03 -1.68936E-02
3.08031E+03 -1.68196E-02
3.08079E+03 -1.67565E-02
3.08128E+03 -1.67043E-02
3.08176E+03 -1.66553E-02
3.08224E+03 -1.66061E-02
3.08272E+03 -1.65587E-02
3.08321E+03 -1.65117E-02
3.08369E+03 -1.64578E-02
3.08417E+03 -1.63965E-02
3.08465E+03 -1.63401E-02
3.08513E+03 -1.63007E-02
3.08562E+03 -1.62736E-02
3.08610E+03 -1.62402E-02
3.08658E+03 -1.61874E-02
3.08706E+03 -1.61178E-02
3.08754E+03 -1.60412E-02
3.08803E+03 -1.59645E-02
3.08851E+03 -1.58894E-02
3.08899E+03 -1.58169E-02
3.08947E+03 -1.57489E-02
3.08996E+03 -1.56864E-02
3.09044E+03 -1.56284E-02
3.09092E+03 -1.55718E-02
3.09140E+03 -1.55126E-02
3.09188E+03 -1.54495E-02
3.09237E+03 -1.53849E-02
3.09285E+03 -1.53216E-02
3.09333E+03 -1.52596E-02
3.09381E+03 -1.51999E-02
3.09430E+03 -1.51481E-02
3.09478E+03 -1.51079E-02
3.09526E+03 -1.50707E-02
3.09574E+03 -1.50198E-02
3.09622E+03 -1.49490E-02
3.09671E+03 -1.48705E-02
3.09719E+03 -1.47990E-02
3.09767E+03 -1.47331E-02
3.09815E+03 -1.46611E-02
3.09864E+03 -1.45797E-02
3.09912E+03 -1.44980E-02
3.09960E+03 -1.44230E-02
3.10008E+03 -1.43507E-02
3.10056E+03 -1.42763E-02
3.10105E+03 -1.42046E-02
3.10153E+03 -1.41446E-02
3.10201E+03 -1.40966E-02
3.10249E+03 -1.40497E-02
3.10298E+03 -1.39921E-02
3.10346E+03 -1.39217E-02
3.10394E+03 -1.38450E-02
3.10442E+03 -1.37705E-02
3.10490E+03 -1.37012E-02
3.10539E+03 -1.36326E-02
3.10587E+03 -1.35573E-02
3.10635E+03 -1.34738E-02
3.10683E+03 -1.33894E-02
3.10732E+03 -1.33144E-02
3.10780E+03 -1.32531E-02
3.10828E+03 -1.32003E-02
3.10876E+03 -1.31462E-02
3.10924E+03 -1.30832E-02
3.10973E+03 -1.30103E-02
3.11021E+03 -1.29322E-02
3.11069E+03 -1.28541E-02
3.11117E+03 -1.27779E-02
3.11166E+03 -1.27034E-02
3.11214E+03 -1.26312E-02
3.11262E+03 -1.25612E-02
3.11310E+03 -1.24893E-02
3.11358E+03 -1.24105E-02
3.11407E+03 -1.23274E-02
3.11455E+03 -1.22492E-02
3.11503E+03 -1.21791E-02
3.11551E+03 -1.21080E-02
3.11599E+03 -1.20257E-02
3.11648E+03 -1.19351E-02
3.11696E+03 -1.18476E-02
3.11744E+03 -1.17668E-02
3.11792E+03 -1.16865E-02
3.11841E+03 -1.16038E-02
3.11889E+03 -1.15242E-02
3.11937E+03 -1.14498E-02
3.11985E+03 -1.13721E-02
3.12033E+03 -1.12842E-02
3.12082E+03 -1.11936E-02
3.12130E+03 -1.11140E-02
3.12178E+03 -1.10469E-02
3.12226E+03 -1.09794E-02
3.12275E+03 -1.09004E-02
3.12323E+03 -1.08116E-02
3.12371E+03 -1.07227E-02
3.12419E+03 -1.06397E-02
3.12467E+03 -1.05628E-02
3.12516E+03 -1.04881E-02
3.12564E+03 -1.04098E-02
3.12612E+03 -1.03238E-02
3.12660E+03 -1.02313E-02
3.12709E+03 -1.01370E-02
3.12757E+03 -1.00434E-02
3.12805E+03 -9.94869E-03
3.12853E+03 -9.85339E-03
3.12901E+03 -9.76316E-03
3.12950E+03 -9.68108E-03
3.12998E+03 -9.60015E-03
3.13046E+03 -9.50909E-03
3.13094E+03 -9.40620E-03
3.13143E+03 -9.30180E-03
3.13191E+03 -9.20631E-03
3.13239E+03 -9.11963E-03
3.13287E+03 -9.03463E-03
3.13335E+03 -8.94720E-03
3.13384E+03 -8.85796E-03
3.13432E+03 -8.76635E-03
3.13480E+03 -8.66808E-03
3.13528E+03 -8.56183E-03
3.13577E+03 -8.45519E-03
3.13625E+03 -8.35941E-03
3.13673E+03 -8.27651E-03
3.13721E+03 -8.19462E-03
3.13769E+03 -8.09919E-03
3.13818E+03 -7.98891E-03
3.13866E+03 -7.87702E-03
3.13914E+03 -7.77630E-03
3.13962E+03 -7.68611E-03
3.14010E+03 -7.59648E-03
3.14059E+03 -7.50177E-03
3.14107E+03 -7.40546E-03
3.14155E+03 -7.31063E-03
3.14203E+03 -7.21531E-03
3.14252E+03 -7.11465E-03
3.14300E+03 -7.00755E-03
3.14348E+03 -6.89565E-03
3.14396E+03 -6.77932E-03
3.14444E+03 -6.65849E-03
3.14493E+03 -6.53660E-03
3.14541E+03 -6.41935E-03
3.14589E+03 -6.30970E-03
3.14637E+03 -6.20631E-03
3.14686E+03 -6.10607E-03
3.14734E+03 -6.00385E-03
3.14782E+03 -5.89104E-03
3.14830E+03 -5.76120E-03
3.14878E+03 -5.62099E-03
3.14927E+03 -5.48918E-03
3.14975E+03 -5.37868E-03
3.15023E+03 -5.28126E-03
3.15071E+03 -5.17602E-03
3.15120E+03 -5.05348E-03
3.15168E+03 -4.92570E-03
3.15216E+03 -4.81048E-03
3.15264E+03 -4.71155E-03
3.15312E+03 -4.61675E-03
3.15361E+03 -4.51185E-03
3.15409E+03 -4.39104E-03
3.15457E+03 -4.25628E-03
3.15505E+03 -4.11368E-03
3.15554E+03 -3.97166E-03
3.15602E+03 -3.83741E-03
3.15650E+03 -3.71226E-03
3.15698E+03 -3.59206E-03
3.15746E+03 -3.47390E-03
3.15795E+03 -3.35849E-03
3.15843E+03 -3.24376E-03
3.15891E+03 -3.12038E-03
3.15939E+03 -2.97986E-03
3.15988E+03 -2.82779E-03
3.16036E+03 -2.68253E-03
3.16084E+03 -2.55658E-03
3.16132E+03 -2.44071E-03
3.16180E+03 -2.31257E-03
3.16229E+03 -2.16107E-03
3.16277E+03 -1.99863E-03
3.16325E+03 -1.84705E-03
3.16373E+03 -1.71477E-03
3.16422E+03 -1.59166E-03
3.16470E+03 -1.46504E-03
3.16518E+03 -1.33425E-03
3.16566E+03 -1.20561E-03
3.16614E+03 -1.07805E-03
3.16663E+03 -9.41589E-04
3.16711E+03 -7.92187E-04
3.16759E+03 -6.42143E-04
3.16807E+03 -5.09009E-04
3.16855E+03 -3.94449E-04
3.16904E+03 -2.79415E-04
3.16952E+03 -1.43044E-04
3.17000E+03 1.70134E-05
3.17048E+03 1.81075E-04
3.17097E+03 3.33827E-04
3.17145E+03 4.76178E-04
3.17193E+03 6.20130E-04
3.17241E+03 7.71590E-04
3.17289E+03 9.24557E-04
3.17338E+03 1.07199E-03
3.17386E+03 1.21628E-03
3.17434E+03 1.36476E-03
3.17482E+03 1.51696E-03
3.17531E+03 1.66276E-03
3.17579E+03 1.79517E-03
3.17627E+03 1.92087E-03
3.17675E+03 2.05341E-03
3.17723E+03 2.19836E-03
3.17772E+03 2.34855E-03
3.17820E+03 2.49526E-03
3.17868E+03 2.63838E-03
3.17916E+03 2.78256E-03
3.17965E+03 2.92651E-03
3.18013E+03 3.06200E-03
3.18061E+03 3.18531E-03
3.18109E+03 3.30584E-03
3.18157E+03 3.43965E-03
3.18206E+03 3.59465E-03
3.18254E+03 3.76385E-03
3.18302E+03 3.93274E-03
3.18350E+03 4.09091E-03
3.18399E+03 4.23659E-03
3.18447E+03 4.37383E-03
3.18495E+03 4.50900E-03
3.18543E+03 4.64881E-03
3.18591E+03 4.79726E-03
3.18640E+03 4.95235E-03
3.18688E+03 5.10648E-03
3.18736E+03 5.25213E-03
3.18784E+03 5.38802E-03
3.18833E+03 5.51983E-03
3.18881E+03 5.65629E-03
3.18929E+03 5.80389E-03
3.18977E+03 5.96309E-03
3.19025E+03 6.12755E-03
3.19074E+03 6.28794E-03
3.19122E+03 6.43856E-03
3.19170E+03 6.58093E-03
3.19218E+03 6.71992E-03
3.19267E+03 6.85850E-03
3.19315E+03 6.99749E-03
3.19363E+03 7.13990E-03
3.19411E+03 7.29136E-03
3.19459E+03 7.45416E-03
3.19508E+03 7.62266E-03
3.19556E+03 7.78669E-03
3.19604E+03 7.93968E-03
3.19652E+03 8.08257E-03
3.19700E+03 8.22154E-03
3.19749E+03 8.36217E-03
3.19797E+03 8.50608E-03
3.19845E+03 8.65122E-03
3.19893E+03 8.79478E-03
3.19942E+03 8.93601E-03
3.19990E+03 9.07474E-03
3.20038E+03 9.20936E-03
3.20086E+03 9.33941E-03
3.20134E+03 9.47056E-03
3.20183E+03 9.61258E-03
3.20231E+03 9.76710E-03
3.20279E+03 9.92144E-03
3.20327E+03 1.00612E-02
3.20376E+03 1.01886E-02
3.20424E+03 1.03216E-02
3.20472E+03 1.04714E-02
3.20520E+03 1.06273E-02
3.20568E+03 1.07691E-02
3.20617E+03 1.08917E-02
3.20665E+03 1.10094E-02
3.20713E+03 1.11372E-02
3.20761E+03 1.12751E-02
3.20810E+03 1.14124E-02
3.20858E+03 1.15420E-02
3.20906E+03 1.16665E-02
3.20954E+03 1.17917E-02
3.21002E+03 1.19212E-02
3.21051E+03 1.20551E-02
3.21099E+03 1.21929E-02
3.21147E+03 1.23333E-02
3.21195E+03 1.24749E-02
3.21244E+03 1.26153E-02
3.21292E+03 1.27507E-02
3.21340E+03 1.28771E-02
3.21388E+03 1.29943E-02
3.21436E+03 1.31080E-02
3.21485E+03 1.32267E-02
3.21533E+03 1.33554E-02
3.21581E+03 1.34920E-02
3.21629E+03 1.36292E-02
3.21678E+03 1.37599E-02
3.21726E+03 1.38807E-02
3.21774E+03 1.39925E-02
3.21822E+03 1.40983E-02
3.21870E+03 1.42013E-02
3.21919E+03 1.43046E-02
3.21967E+03 1.44134E-02
3.22015E+03 1.45311E-02
3.22063E+03 1.46554E-02
3.22111E+03 1.47780E-02
3.22160E+03 1.48925E-02
3.22208E+03 1.50007E-02
3.22256E+03 1.51088E-02
3.22304E+03 1.52193E-02
3.22353E+03 1.53303E-02
3.22401E+03 1.54422E-02
3.22449E+03 1.55603E-02
3.22497E+03 1.56869E-02
3.22545E+03 1.58177E-02
3.22594E+03 1.59466E-02
3.22642E+03 1.60715E-02
3.22690E+03 1.61911E-02
3.22738E+03 1.63001E-02
3.22787E+03 1.63919E-02
3.22835E+03 1.64685E-02
3.22883E+03 1.65416E-02
3.22931E+03 1.66219E-02
3.22979E+03 1.67110E-02
3.23028E+03 1.68030E-02
3.23076E+03 1.68927E-02
3.23124E+03 1.69799E-02
3.23172E+03 1.70684E-02
3.23221E+03 1.71605E-02
3.23269E+03 1.72543E-02
3.23317E+03 1.73447E-02
3.23365E+03 1.74302E-02
3.23413E+03 1.75151E-02
3.23462E+03 1.76036E-02
3.23510E+03 1.76924E-02
3.23558E+03 1.77762E-02
3.23606E+03 1.78576E-02
3.23655E+03 1.79455E-02
3.23703E+03 1.80407E-02
3.23751E+03 1.81304E-02
3.23799E+03 1.82022E-02
3.23847E+03 1.82614E-02
3.23896E+03 1.83261E-02
3.23944E+03 1.84073E-02
3.23992E+03 1.84989E-02
3.24040E+03 1.85880E-02
3.24089E+03 1.86672E-02
3.24137E+03 1.87377E-02
3.24185E+03 1.88059E-02
3.24233E+03 1.88784E-02
3.24281E+03 1.89568E-02
3.24330E+03 1.90340E-02
3.24378E+03 1.90988E-02
3.24426E+03 1.91501E-02
3.24474E+03 1.92006E-02
3.24523E+03 1.92629E-02
3.24571E+03 1.93342E-02
3.24619E+03 1.94021E-02
3.24667E+03 1.94620E-02
3.24715E+03 1.95225E-02
3.24764E+03 1.95921E-02
3.24812E+03 1.96662E-02
3.24860E+03 1.97346E-02
3.24908E+03 1.97948E-02
3.24956E+03 1.98535E-02
3.25005E+03 1.99150E-02
3.25053E+03 1.99750E-02
3.25101E+03 2.00273E-02
3.25149E+03 2.00737E-02
3.25198E+03 2.01222E-02
3.25246E+03 2.01765E-02
3.25294E+03 2.02318E-02
3.25342E+03 2.02802E-02
3.25390E+03 2.03186E-02
3.25439E+03 2.03518E-02
3.25487E+03 2.03878E-02
3.25535E+03 2.04328E-02
3.25583E+03 2.04885E-02
3.25632E+03 2.05510E-02
3.25680E+03 2.06110E-02
3.25728E+03 2.06602E-02
3.25776E+03 2.06984E-02
3.25824E+03 2.07335E-02
3.25873E+03 2.07737E-02
3.25921E+03 2.08205E-02
3.25969E+03 2.08708E-02
3.26017E+03 2.09227E-02
3.26066E+03 2.09755E-02
3.26114E+03 2.10258E-02
3.26162E+03 2.10681E-02
3.26210E+03 2.11006E-02
3.26258E+03 2.11278E-02
3.26307E+03 2.11555E-02
3.26355E+03 2.11865E-02
3.26403E+03 2.12222E-02
3.26451E+03 2.12635E-02
3.26500E+03 2.13066E-02
3.26548E+03 2.13440E-02
3.26596E+03 2.13718E-02
3.26644E+03 2.13960E-02
3.26692E+03 2.14242E-02
3.26741E+03 2.14550E-02
3.26789E+03 2.14798E-02
3.26837E+03 2.14961E-02
3.26885E+03 2.15131E-02
3.26934E+03 2.15410E-02
3.26982E+03 2.15812E-02
3.27030E+03 2.16277E-02
3.27078E+03 2.16742E-02
3.27126E+03 2.17169E-02
3.27175E+03 2.17533E-02
3.27223E+03 2.17829E-02
3.27271E+03 2.18100E-02
3.27319E+03 2.18390E-02
3.27368E+03 2.18682E-02
3.27416E+03 2.18904E-02
3.27464E+03 2.19033E-02
3.27512E+03 2.19147E-02
3.27560E+03 2.19343E-02
3.27609E+03 2.19630E-02
3.27657E+03 2.19909E-02
3.27705E+03 2.20072E-02
3.27753E+03 2.20122E-02
3.27802E+03 2.20170E-02
3.27850E+03 2.20316E-02
3.27898E+03 2.20540E-02
3.27946E+03 2.20727E-02
3.27994E+03 2.20801E-02
3.28043E+03 2.20811E-02
3.28091E+03 2.20859E-02
3.28139E+03 2.20998E-02
3.28187E+03 2.21210E-02
3.28235E+03 2.21469E-02
3.28284E+03 2.21736E-02
3.28332E+03 2.21925E-02
3.28380E+03 2.21964E-02
3.28428E+03 2.21908E-02
3.28477E+03 2.21940E-02
3.28525E+03 2.22175E-02
3.28573E+03 2.22504E-02
3.28621E+03 2.22713E-02
3.28669E+03 2.22726E-02
3.28718E+03 2.22677E-02
3.28766E+03 2.22717E-02
3.28814E+03 2.22826E-02
3.28862E+03 2.22874E-02
3.28911E+03 2.22796E-02
3.28959E+03 2.22658E-02
3.29007E+03 2.22552E-02
3.29055E+03 2.22506E-02
3.29103E+03 2.22499E-02
3.29152E+03 2.22513E-02
3.29200E+03 2.22545E-02
3.29248E+03 2.22601E-02
3.29296E+03 2.22698E-02
3.29345E+03 2.22851E-02
3.29393E+03 2.23033E-02
3.29441E+03 2.23160E-02
3.29489E+03 2.23155E-02
3.29537E+03 2.23034E-02
3.29586E+03 2.22889E-02
3.29634E+03 2.22772E-02
3.29682E+03 2.22641E-02
3.29730E+03 2.22444E-02
3.29779E+03 2.22219E-02
3.29827E+03 2.22076E-02
3.29875E+03 2.22075E-02
3.29923E+03 2.22139E-02
3.29971E+03 2.22129E-02
3.30020E+03 2.21987E-02
3.30068E+03 2.21794E-02
3.30116E+03 2.21667E-02
3.30164E+03 2.21630E-02
3.30213E+03 2.21587E-02
3.30261E+03 2.21429E-02
3.30309E+03 2.21135E-02
3.30357E+03 2.20755E-02
3.30405E+03 2.20336E-02
3.30454E+03 2.19927E-02
3.30502E+03 2.19628E-02
3.30550E+03 2.19526E-02
3.30598E+03 2.19546E-02
3.30647E+03 2.19463E-02
3.30695E+03 2.19152E-02
3.30743E+03 2.18771E-02
3.30791E+03 2.18561E-02
3.30839E+03 2.18515E-02
3.30888E+03 2.18367E-02
3.30936E+03 2.17955E-02
3.30984E+03 2.17453E-02
3.31032E+03 2.17135E-02
3.31080E+03 2.17039E-02
3.31129E+03 2.16984E-02
3.31177E+03 2.16843E-02
3.31225E+03 2.16636E-02
3.31273E+03 2.16377E-02
3.31322E+03 2.15990E-02
3.31370E+03 2.15477E-02
3.31418E+03 2.15002E-02
3.31466E+03 2.14706E-02
3.31514E+03 2.14497E-02
3.31563E+03 2.14161E-02
3.31611E+03 2.13644E-02
3.31659E+03 2.13130E-02
3.31707E+03 2.12794E-02
3.31756E+03 2.12601E-02
3.31804E+03 2.12380E-02
3.31852E+03 2.12037E-02
3.31900E+03 2.11614E-02
3.31948E+03 2.11168E-02
3.31997E+03 2.10679E-02
3.32045E+03 2.10122E-02
3.32093E+03 2.09564E-02
3.32141E+03 2.09114E-02
3.32190E+03 2.08772E-02
3.32238E+03 2.08397E-02
3.32286E+03 2.07875E-02
3.32334E+03 2.07286E-02
3.32382E+03 2.06823E-02
3.32431E+03 2.06547E-02
3.32479E+03 2.06290E-02
3.32527E+03 2.05857E-02
3.32575E+03 2.05258E-02
3.32624E+03 2.04692E-02
3.32672E+03 2.04290E-02
3.32720E+03 2.03965E-02
3.32768E+03 2.03511E-02
3.32816E+03 2.02832E-02
3.32865E+03 2.02022E-02
3.32913E+03 2.01276E-02
3.32961E+03 2.00736E-02
3.33009E+03 2.00397E-02
3.33058E+03 2.00129E-02
3.33106E+03 1.99795E-02
3.33154E+03 1.99358E-02
3.33202E+03 1.98878E-02
3.33250E+03 1.98397E-02
3.33299E+03 1.97877E-02
3.33347E+03 1.97274E-02
3.33395E+03 1.96651E-02
3.33443E+03 1.96128E-02
3.33492E+03 1.95725E-02
3.33540E+03 1.95302E-02
3.33588E+03 1.94713E-02
3.33636E+03 1.93986E-02
3.33684E+03 1.93291E-02
3.33733E+03 1.92744E-02
3.33781E+03 1.92279E-02
3.33829E+03 1.91753E-02
3.33877E+03 1.91122E-02
3.33925E+03 1.90471E-02
3.33974E+03 1.89894E-02
3.34022E+03 1.89396E-02
3.34070E+03 1.88905E-02
3.34118E+03 1.88363E-02
3.34167E+03 1.87780E-02
3.34215E+03 1.87220E-02
3.34263E+03 1.86736E-02
3.34311E+03 1.86312E-02
3.34359E+03 1.85858E-02
3.34408E+03 1.85287E-02
3.34456E+03 1.84600E-02
3.34504E+03 1.83883E-02
3.34552E+03 1.83213E-02
3.34601E+03 1.82609E-02
3.34649E+03 1.82068E-02
3.34697E+03 1.81600E-02
3.34745E+03 1.81195E-02
3.34793E+03 1.80785E-02
3.34842E+03 1.80298E-02
3.34890E+03 1.79723E-02
3.34938E+03 1.79067E-02
3.34986E+03 1.78298E-02
3.35035E+03 1.77404E-02
3.35083E+03 1.76514E-02
3.35131E+03 1.75855E-02
3.35179E+03 1.75508E-02
3.35227E+03 1.75266E-02
3.35276E+03 1.74802E-02
3.35324E+03 1.73972E-02
3.35372E+03 1.72923E-02
3.35420E+03 1.71918E-02
3.35469E+03 1.71119E-02
3.35517E+03 1.70534E-02
3.35565E+03 1.70088E-02
3.35613E+03 1.69677E-02
3.35661E+03 1.69198E-02
3.35710E+03 1.68569E-02
3.35758E+03 1.67764E-02
3.35806E+03 1.66837E-02
3.35854E+03 1.65907E-02
3.35903E+03 1.65083E-02
3.35951E+03 1.64370E-02
3.35999E+03 1.63653E-02
3.36047E+03 1.62810E-02
3.36095E+03 1.61872E-02
3.36144E+03 1.61020E-02
3.36192E+03 1.60379E-02
3.36240E+03 1.59846E-02
3.36288E+03 1.59177E-02
3.36336E+03 1.58252E-02
3.36385E+03 1.57202E-02
3.36433E+03 1.56244E-02
3.36481E+03 1.55443E-02
3.36529E+03 1.54684E-02
3.36578E+03 1.53852E-02
3.36626E+03 1.52971E-02
3.36674E+03 1.52135E-02
3.36722E+03 1.51357E-02
3.36770E+03 1.50537E-02
3.36819E+03 1.49581E-02
3.36867E+03 1.48516E-02
3.36915E+03 1.47468E-02
3.36963E+03 1.46554E-02
3.37012E+03 1.45780E-02
3.37060E+03 1.45054E-02
3.37108E+03 1.44261E-02
3.37156E+03 1.43352E-02
3.37204E+03 1.42351E-02
3.37253E+03 1.41310E-02
3.37301E+03 1.40245E-02
3.37349E+03 1.39152E-02
3.37397E+03 1.38053E-02
3.37446E+03 1.37015E-02
3.37494E+03 1.36098E-02
3.37542E+03 1.35281E-02
3.37590E+03 1.34482E-02
3.37638E+03 1.33622E-02
3.37687E+03 1.32687E-02
3.37735E+03 1.31702E-02
3.37783E+03 1.30673E-02
3.37831E+03 1.29579E-02
3.37880E+03 1.28422E-02
3.37928E+03 1.27264E-02
3.37976E+03 1.26181E-02
3.38024E+03 1.25182E-02
3.38072E+03 1.24187E-02
3.38121E+03 1.23117E-02
3.38169E+03 1.21986E-02
3.38217E+03 1.20876E-02
3.38265E+03 1.19829E-02
3.38314E+03 1.18797E-02
3.38362E+03 1.17717E-02
3.38410E+03 1.16585E-02
3.38458E+03 1.15440E-02
3.38506E+03 1.14283E-02
3.38555E+03 1.13062E-02
3.38603E+03 1.11754E-02
3.38651E+03 1.10424E-02
3.38699E+03 1.09191E-02
3.38748E+03 1.08107E-02
3.38796E+03 1.07088E-02
3.38844E+03 1.05989E-02
3.38892E+03 1.04764E-02
3.38940E+03 1.03527E-02
3.38989E+03 1.02400E-02
3.39037E+03 1.01322E-02
3.39085E+03 1.00084E-02
3.39133E+03 9.86072E-03
3.39181E+03 9.70841E-03
3.39230E+03 9.57816E-03
3.39278E+03 9.47346E-03
3.39326E+03 9.37338E-03
3.39374E+03 9.25974E-03
3.39423E+03 9.13426E-03
3.39471E+03 9.00776E-03
3.39519E+03 8.88365E-03
3.39567E+03 8.75886E-03
3.39615E+03 8.63202E-03
3.39664E+03 8.50336E-03
3.39712E+03 8.37088E-03
3.39760E+03 8.23405E-03
3.39808E+03 8.09870E-03
3.39857E+03 7.97033E-03
3.39905E+03 7.84472E-03
3.39953E+03 7.71296E-03
3.40001E+03 7.57454E-03
3.40049E+03 7.43746E-03
3.40098E+03 7.30418E-03
3.40146E+03 7.16593E-03
3.40194E+03 7.01585E-03
3.40242E+03 6.86215E-03
3.40291E+03 6.72052E-03
3.40339E+03 6.59486E-03
3.40387E+03 6.47108E-03
3.40435E+03 6.33221E-03
3.40483E+03 6.17736E-03
3.40532E+03 6.02372E-03
3.40580E+03 5.88913E-03
3.40628E+03 5.77360E-03
3.40676E+03 5.65888E-03
3.40725E+03 5.52670E-03
3.40773E+03 5.37547E-03
3.40821E+03 5.21756E-03
3.40869E+03 5.06464E-03
3.40917E+03 4.91857E-03
3.40966E+03 4.77399E-03
3.41014E+03 4.62617E-03
3.41062E+03 4.47847E-03
3.41110E+03 4.34442E-03
3.41159E+03 4.23468E-03
3.41207E+03 4.13206E-03
3.41255E+03 3.98739E-03
3.41303E+03 3.76379E-03
3.41351E+03 3.49280E-03
3.41400E+03 3.26752E-03
3.41448E+03 3.15729E-03
3.41496E+03 3.13300E-03
3.41544E+03 3.09473E-03
3.41593E+03 2.97366E-03
3.41641E+03 2.78956E-03
3.41689E+03 2.60692E-03
3.41737E+03 2.45729E-03
3.41785E+03 2.32028E-03
3.41834E+03 2.16861E-03
3.41882E+03 2.00539E-03
3.41930E+03 1.85227E-03
3.41978E+03 1.71711E-03
3.42026E+03 1.58537E-03
3.42075E+03 1.43984E-03
3.42123E+03 1.27880E-03
3.42171E+03 1.11447E-03
3.42219E+03 9.58897E-04
3.42268E+03 8.14185E-04
3.42316E+03 6.72854E-04
3.42364E+03 5.25858E-04
3.42412E+03 3.70793E-04
3.42460E+03 2.13895E-04
3.42509E+03 6.32331E-05
3.42557E+03 -8.21538E-05
3.42605E+03 -2.30238E-04
3.42653E+03 -3.92031E-04
3.42702E+03 -5.67351E-04
3.42750E+03 -7.48280E-04
3.42798E+03 -9.31144E-04
3.42846E+03 -1.12066E-03
3.42894E+03 -1.31782E-03
3.42943E+03 -1.50964E-03
3.42991E+03 -1.67757E-03
3.43039E+03 -1.81632E-03
3.43087E+03 -1.93980E-03
3.43136E+03 -2.06824E-03
3.43184E+03 -2.21386E-03
3.43232E+03 -2.37802E-03
3.43280E+03 -2.55497E-03
3.43328E+03 -2.73401E-03
3.43377E+03 -2.90373E-03
3.43425E+03 -3.06083E-03
3.43473E+03 -3.21252E-03
3.43521E+03 -3.36704E-03
3.43570E+03 -3.52512E-03
3.43618E+03 -3.68446E-03
3.43666E+03 -3.84786E-03
3.43714E+03 -4.01921E-03
3.43762E+03 -4.19260E-03
3.43811E+03 -4.35444E-03
3.43859E+03 -4.49906E-03
3.43907E+03 -4.63684E-03
3.43955E+03 -4.78295E-03
3.44004E+03 -4.94264E-03
3.44052E+03 -5.11044E-03
3.44100E+03 -5.27932E-03
3.44148E+03 -5.44547E-03
3.44196E+03 -5.60676E-03
3.44245E+03 -5.76265E-03
3.44293E+03 -5.91796E-03
3.44341E+03 -6.08077E-03
3.44389E+03 -6.25426E-03
3.44438E+03 -6.43114E-03
3.44486E+03 -6.59922E-03
3.44534E+03 -6.75223E-03
3.44582E+03 -6.89569E-03
3.44630E+03 -7.04082E-03
3.44679E+03 -7.19418E-03
3.44727E+03 -7.35404E-03
3.44775E+03 -7.51765E-03
3.44823E+03 -7.68710E-03
3.44871E+03 -7.86422E-03
3.44920E+03 -8.04105E-03
3.44968E+03 -8.20333E-03
3.45016E+03 -8.34658E-03
3.45064E+03 -8.48379E-03
3.45113E+03 -8.63088E-03
3.45161E+03 -8.78774E-03
3.45209E+03 -8.94105E-03
3.45257E+03 -9.08591E-03
3.45305E+03 -9.23550E-03
3.45354E+03 -9.40467E-03
3.45402E+03 -9.58840E-03
3.45450E+03 -9.76428E-03
3.45498E+03 -9.91647E-03
3.45547E+03 -1.00528E-02
3.45595E+03 -1.01948E-02
3.45643E+03 -1.03543E-02
3.45691E+03 -1.05230E-02
3.45739E+03 -1.06848E-02
3.45788E+03 -1.08348E-02
3.45836E+03 -1.09817E-02
3.45884E+03 -1.11354E-02
3.45932E+03 -1.12965E-02
3.45981E+03 -1.14599E-02
3.46029E+03 -1.16230E-02
3.46077E+03 -1.17860E-02
3.46125E+03 -1.19463E-02
3.46173E+03 -1.20988E-02
3.46222E+03 -1.22422E-02
3.46270E+03 -1.23830E-02
3.46318E+03 -1.25303E-02
3.46366E+03 -1.26872E-02
3.46415E+03 -1.28497E-02
3.46463E+03 -1.30099E-02
3.46511E+03 -1.31622E-02
3.46559E+03 -1.33070E-02
3.46607E+03 -1.34509E-02
3.46656E+03 -1.36017E-02
3.46704E+03 -1.37614E-02
3.46752E+03 -1.39256E-02
3.46800E+03 -1.40892E-02
3.46849E+03 -1.42495E-02
3.46897E+03 -1.44059E-02
3.46945E+03 -1.45580E-02
3.46993E+03 -1.47068E-02
3.47041E+03 -1.48550E-02
3.47090E+03 -1.50024E-02
3.47138E+03 -1.51463E-02
3.47186E+03 -1.52882E-02
3.47234E+03 -1.54363E-02
3.47282E+03 -1.55959E-02
3.47331E+03 -1.57586E-02
3.47379E+03 -1.59089E-02
3.47427E+03 -1.60416E-02
3.47475E+03 -1.61683E-02
3.47524E+03 -1.63041E-02
3.47572E+03 -1.64515E-02
3.47620E+03 -1.65999E-02
3.47668E+03 -1.67385E-02
3.47716E+03 -1.68668E-02
3.47765E+03 -1.69936E-02
3.47813E+03 -1.71263E-02
3.47861E+03 -1.72648E-02
3.47909E+03 -1.74025E-02
3.47958E+03 -1.75358E-02
3.48006E+03 -1.76685E-02
3.48054E+03 -1.78047E-02
3.48102E+03 -1.79398E-02
3.48150E+03 -1.80645E-02
3.48199E+03 -1.81780E-02
3.48247E+03 -1.82934E-02
3.48295E+03 -1.84224E-02
3.48343E+03 -1.85607E-02
3.48392E+03 -1.86925E-02
3.48440E+03 -1.88103E-02
3.48488E+03 -1.89238E-02
3.48536E+03 -1.90460E-02
3.48584E+03 -1.91769E-02
3.48633E+03 -1.93040E-02
3.48681E+03 -1.94190E-02
3.48729E+03 -1.95267E-02
3.48777E+03 -1.96359E-02
3.48826E+03 -1.97451E-02
3.48874E+03 -1.98443E-02
3.48922E+03 -1.99316E-02
3.48970E+03 -2.00212E-02
3.49018E+03 -2.01283E-02
3.49067E+03 -2.02497E-02
3.49115E+03 -2.03653E-02
3.49163E+03 -2.04603E-02
3.49211E+03 -2.05390E-02
3.49260E+03 -2.06149E-02
3.49308E+03 -2.06965E-02
3.49356E+03 -2.07874E-02
3.49404E+03 -2.08910E-02
3.49452E+03 -2.10049E-02
3.49501E+03 -2.11130E-02
3.49549E+03 -2.11974E-02
3.49597E+03 -2.12603E-02
3.49645E+03 -2.13227E-02
3.49694E+03 -2.13985E-02
3.49742E+03 -2.14793E-02
3.49790E+03 -2.15528E-02
3.49838E+03 -2.16251E-02
3.49886E+03 -2.17120E-02
3.49935E+03 -2.18121E-02
3.49983E+03 -2.19032E-02
3.50031E+03 -2.19692E-02
3.50079E+03 -2.20193E-02
3.50127E+03 -2.20742E-02
3.50176E+03 -2.21413E-02
3.50224E+03 -2.22132E-02
3.50272E+03 -2.22854E-02
3.50320E+03 -2.23654E-02
3.50369E+03 -2.24594E-02
3.50417E+03 -2.25595E-02
3.50465E+03 -2.26488E-02
3.50513E+03 -2.27160E-02
3.50561E+03 -2.27639E-02
3.50610E+03 -2.28029E-02
3.50658E+03 -2.28415E-02
3.50706E+03 -2.28849E-02
3.50754E+03 -2.29361E-02
3.50803E+03 -2.29968E-02
3.50851E+03 -2.30635E-02
3.50899E+03 -2.31279E-02
3.50947E+03 -2.31831E-02
3.50995E+03 -2.32300E-02
3.51044E+03 -2.32757E-02
3.51092E+03 -2.33262E-02
3.51140E+03 -2.33831E-02
3.51188E+03 -2.34481E-02
3.51237E+03 -2.35263E-02
3.51285E+03 -2.36194E-02
3.51333E+03 -2.37152E-02
3.51381E+03 -2.37936E-02
3.51429E+03 -2.38455E-02
3.51478E+03 -2.38836E-02
3.51526E+03 -2.39287E-02
3.51574E+03 -2.39873E-02
3.51622E+03 -2.40489E-02
3.51671E+03 -2.41049E-02
3.51719E+03 -2.41599E-02
3.51767E+03 -2.42207E-02
3.51815E+03 -2.42801E-02
3.51863E+03 -2.43244E-02
3.51912E+03 -2.43548E-02
3.51960E+03 -2.43914E-02
3.52008E+03 -2.44487E-02
3.52056E+03 -2.45152E-02
3.52105E+03 -2.45653E-02
3.52153E+03 -2.45902E-02
3.52201E+03 -2.46080E-02
3.52249E+03 -2.46423E-02
3.52297E+03 -2.46974E-02
3.52346E+03 -2.47577E-02
3.52394E+03 -2.48096E-02
3.52442E+03 -2.48555E-02
3.52490E+03 -2.49059E-02
3.52539E+03 -2.49614E-02
3.52587E+03 -2.50089E-02
3.52635E+03 -2.50373E-02
3.52683E+03 -2.50534E-02
3.52731E+03 -2.50768E-02
3.52780E+03 -2.51183E-02
3.52828E+03 -2.51680E-02
3.52876E+03 -2.52084E-02
3.52924E+03 -2.52367E-02
3.52972E+03 -2.52670E-02
3.53021E+03 -2.53101E-02
3.53069E+03 -2.53591E-02
3.53117E+03 -2.54003E-02
3.53165E+03 -2.54304E-02
3.53214E+03 -2.54587E-02
3.53262E+03 -2.54918E-02
3.53310E+03 -2.55271E-02
3.53358E+03 -2.55612E-02
3.53406E+03 -2.55977E-02
3.53455E+03 -2.56406E-02
3.53503E+03 -2.56852E-02
3.53551E+03 -2.57213E-02
3.53599E+03 -2.57476E-02
3.53648E+03 -2.57739E-02
3.53696E+03 -2.58101E-02
3.53744E+03 -2.58542E-02
3.53792E+03 -2.58968E-02
3.53840E+03 -2.59323E-02
3.53889E+03 -2.59637E-02
3.53937E+03 -2.59955E-02
3.53985E+03 -2.60255E-02
3.54033E+03 -2.60464E-02
3.54082E+03 -2.60551E-02
3.54130E+03 -2.60603E-02
3.54178E+03 -2.60772E-02
3.54226E+03 -2.61134E-02
3.54274E+03 -2.61602E-02
3.54323E+03 -2.62029E-02
3.54371E+03 -2.62374E-02
3.54419E+03 -2.62731E-02
3.54467E+03 -2.63162E-02
3.54516E+03 -2.63573E-02
3.54564E+03 -2.63830E-02
3.54612E+03 -2.63943E-02
3.54660E+03 -2.64062E-02
3.54708E+03 -2.64277E-02
3.54757E+03 -2.64526E-02
3.54805E+03 -2.64728E-02
3.54853E+03 -2.64934E-02
3.54901E+03 -2.65235E-02
3.54950E+03 -2.65588E-02
3.54998E+03 -2.65830E-02
3.55046E+03 -2.65874E-02
3.55094E+03 -2.65815E-02
3.55142E+03 -2.65798E-02
3.55191E+03 -2.65867E-02
3.55239E+03 -2.65972E-02
3.55287E+03 -2.66085E-02
3.55335E+03 -2.66238E-02
3.55383E+03 -2.66454E-02
3.55432E+03 -2.66701E-02
3.55480E+03 -2.66915E-02
3.55528E+03 -2.67056E-02
3.55576E+03 -2.67139E-02
3.55625E+03 -2.67227E-02
3.55673E+03 -2.67391E-02
3.55721E+03 -2.67636E-02
3.55769E+03 -2.67885E-02
3.55817E+03 -2.68054E-02
3.55866E+03 -2.68143E-02
3.55914E+03 -2.68220E-02
3.55962E+03 -2.68348E-02
3.56010E+03 -2.68545E-02
3.56059E+03 -2.68818E-02
3.56107E+03 -2.69158E-02
3.56155E+03 -2.69501E-02
3.56203E+03 -2.69751E-02
3.56251E+03 -2.69888E-02
3.56300E+03 -2.70013E-02
3.56348E+03 -2.70216E-02
3.56396E+03 -2.70431E-02
3.56444E+03 -2.70496E-02
3.56493E+03 -2.70377E-02
3.56541E+03 -2.70239E-02
3.56589E+03 -2.70266E-02
3.56637E+03 -2.70455E-02
3.56685E+03 -2.70662E-02
3.56734E+03 -2.70793E-02
3.56782E+03 -2.70854E-02
3.56830E+03 -2.70837E-02
3.56878E+03 -2.70667E-02
3.56927E+03 -2.70343E-02
3.56975E+03 -2.70032E-02
3.57023E+03 -2.69900E-02
3.57071E+03 -2.69887E-02
3.57119E+03 -2.69739E-02
3.57168E+03 -2.69319E-02
3.57216E+03 -2.68772E-02
3.57264E+03 -2.68334E-02
3.57312E+03 -2.68022E-02
3.57361E+03 -2.67634E-02
3.57409E+03 -2.67028E-02
3.57457E+03 -2.66290E-02
3.57505E+03 -2.65581E-02
3.57553E+03 -2.64898E-02
3.57602E+03 -2.64072E-02
3.57650E+03 -2.62968E-02
3.57698E+03 -2.61617E-02
3.57746E+03 -2.60149E-02
3.57795E+03 -2.58680E-02
3.57843E+03 -2.57256E-02
3.57891E+03 -2.55858E-02
3.57939E+03 -2.54404E-02
3.57987E+03 -2.52777E-02
3.58036E+03 -2.50928E-02
3.58084E+03 -2.48923E-02
3.58132E+03 -2.46889E-02
3.58180E+03 -2.44892E-02
3.58228E+03 -2.42900E-02
3.58277E+03 -2.40847E-02
3.58325E+03 -2.38683E-02
3.58373E+03 -2.36376E-02
3.58421E+03 -2.33935E-02
3.58470E+03 -2.31465E-02
3.58518E+03 -2.29164E-02
3.58566E+03 -2.27175E-02
3.58614E+03 -2.25461E-02
3.58662E+03 -2.23845E-02
3.58711E+03 -2.22183E-02
3.58759E+03 -2.20455E-02
3.58807E+03 -2.18700E-02
3.58855E+03 -2.16884E-02
3.58904E+03 -2.14865E-02
3.58952E+03 -2.12410E-02
3.59000E+03 -2.09228E-02
3.59048E+03 -2.05028E-02
3.59096E+03 -1.99637E-02
3.59145E+03 -1.93062E-02
3.59193E+03 -1.85462E-02
3.59241E+03 -1.77083E-02
3.59289E+03 -1.68298E-02
3.59338E+03 -1.59689E-02
3.59386E+03 -1.52026E-02
3.59434E+03 -1.46094E-02
3.59482E+03 -1.42523E-02
3.59530E+03 -1.41706E-02
3.59579E+03 -1.43776E-02
3.59627E+03 -1.48572E-02
3.59675E+03 -1.55677E-02
3.59723E+03 -1.64559E-02
3.59772E+03 -1.74650E-02
3.59820E+03 -1.85345E-02
3.59868E+03 -1.95994E-02
3.59916E+03 -2.06026E-02
3.59964E+03 -2.15073E-02
3.60013E+03 -2.22955E-02
3.60061E+03 -2.29562E-02
3.60109E+03 -2.34832E-02
3.60157E+03 -2.38831E-02
3.60206E+03 -2.41751E-02
3.60254E+03 -2.43808E-02
3.60302E+03 -2.45144E-02
3.60350E+03 -2.45875E-02
3.60398E+03 -2.46145E-02
3.60447E+03 -2.46099E-02
3.60495E+03 -2.45845E-02
3.60543E+03 -2.45481E-02
3.60591E+03 -2.45092E-02
3.60640E+03 -2.44677E-02
3.60688E+03 -2.44121E-02
3.60736E+03 -2.43335E-02
3.60784E+03 -2.42411E-02
3.60832E+03 -2.41537E-02
3.60881E+03 -2.40746E-02
3.60929E+03 -2.39844E-02
3.60977E+03 -2.38642E-02
3.61025E+03 -2.37175E-02
3.61074E+03 -2.35648E-02
3.61122E+03 -2.34232E-02
3.61170E+03 -2.32967E-02
3.61218E+03 -2.31815E-02
3.61266E+03 -2.30689E-02
3.61315E+03 -2.29455E-02
3.61363E+03 -2.27998E-02
3.61411E+03 -2.26323E-02
3.61459E+03 -2.24537E-02
3.61507E+03 -2.22703E-02
3.61556E+03 -2.20784E-02
3.61604E+03 -2.18759E-02
3.61652E+03 -2.16719E-02
3.61700E+03 -2.14769E-02
3.61749E+03 -2.12860E-02
3.61797E+03 -2.10816E-02
3.61845E+03 -2.08541E-02
3.61893E+03 -2.06129E-02
3.61941E+03 -2.03737E-02
3.61990E+03 -2.01393E-02
3.62038E+03 -1.99006E-02
3.62086E+03 -1.96504E-02
3.62134E+03 -1.93900E-02
3.62183E+03 -1.91237E-02
3.62231E+03 -1.88550E-02
3.62279E+03 -1.85911E-02
3.62327E+03 -1.83437E-02
3.62375E+03 -1.81189E-02
3.62424E+03 -1.79087E-02
3.62472E+03 -1.76990E-02
3.62520E+03 -1.74856E-02
3.62568E+03 -1.72786E-02
3.62617E+03 -1.70921E-02
3.62665E+03 -1.69341E-02
3.62713E+03 -1.68067E-02
3.62761E+03 -1.67087E-02
3.62809E+03 -1.66373E-02
3.62858E+03 -1.65911E-02
3.62906E+03 -1.65726E-02
3.62954E+03 -1.65836E-02
3.63002E+03 -1.66159E-02
3.63051E+03 -1.66547E-02
3.63099E+03 -1.66960E-02
3.63147E+03 -1.67557E-02
3.63195E+03 -1.68525E-02
3.63243E+03 -1.69867E-02
3.63292E+03 -1.71444E-02
3.63340E+03 -1.73175E-02
3.63388E+03 -1.75103E-02
3.63436E+03 -1.77238E-02
3.63485E+03 -1.79464E-02
3.63533E+03 -1.81692E-02
3.63581E+03 -1.84018E-02
3.63629E+03 -1.86635E-02
3.63677E+03 -1.89587E-02
3.63726E+03 -1.92687E-02
3.63774E+03 -1.95689E-02
3.63822E+03 -1.98498E-02
3.63870E+03 -2.01223E-02
3.63919E+03 -2.04064E-02
3.63967E+03 -2.07149E-02
3.64015E+03 -2.10436E-02
3.64063E+03 -2.13745E-02
3.64111E+03 -2.16903E-02
3.64160E+03 -2.19884E-02
3.64208E+03 -2.22789E-02
3.64256E+03 -2.25698E-02
3.64304E+03 -2.28560E-02
3.64352E+03 -2.31256E-02
3.64401E+03 -2.33727E-02
3.64449E+03 -2.36019E-02
3.64497E+03 -2.38216E-02
3.64545E+03 -2.40370E-02
3.64594E+03 -2.42480E-02
3.64642E+03 -2.44528E-02
3.64690E+03 -2.46494E-02
3.64738E+03 -2.48362E-02
3.64786E+03 -2.50126E-02
3.64835E+03 -2.51799E-02
3.64883E+03 -2.53388E-02
3.64931E+03 -2.54872E-02
3.64979E+03 -2.56211E-02
3.65028E+03 -2.57390E-02
3.65076E+03 -2.58435E-02
3.65124E+03 -2.59377E-02
3.65172E+03 -2.60191E-02
3.65220E+03 -2.60826E-02
3.65269E+03 -2.61270E-02
3.65317E+03 -2.61585E-02
3.65365E+03 -2.61848E-02
3.65413E+03 -2.62104E-02
3.65462E+03 -2.62381E-02
3.65510E+03 -2.62712E-02
3.65558E+03 -2.63097E-02
3.65606E+03 -2.63442E-02
3.65654E+03 -2.63598E-02
3.65703E+03 -2.63497E-02
3.65751E+03 -2.63231E-02
3.65799E+03 -2.62968E-02
3.65847E+03 -2.62805E-02
3.65896E+03 -2.62712E-02
3.65944E+03 -2.62610E-02
3.65992E+03 -2.62469E-02
3.66040E+03 -2.62331E-02
3.66088E+03 -2.62276E-02
3.66137E+03 -2.62375E-02
3.66185E+03 -2.62641E-02
3.66233E+03 -2.62993E-02
3.66281E+03 -2.63274E-02
3.66330E+03 -2.63377E-02
3.66378E+03 -2.63347E-02
3.66426E+03 -2.63340E-02
3.66474E+03 -2.63453E-02
3.66522E+03 -2.63647E-02
3.66571E+03 -2.63826E-02
3.66619E+03 -2.63969E-02
3.66667E+03 -2.64126E-02
3.66715E+03 -2.64319E-02
3.66764E+03 -2.64507E-02
3.66812E+03 -2.64665E-02
3.66860E+03 -2.64830E-02
3.66908E+03 -2.65061E-02
3.66956E+03 -2.65368E-02
3.67005E+03 -2.65713E-02
3.67053E+03 -2.66049E-02
3.67101E+03 -2.66333E-02
3.67149E+03 -2.66535E-02
3.67197E+03 -2.66680E-02
3.67246E+03 -2.66840E-02
3.67294E+03 -2.67057E-02
3.67342E+03 -2.67272E-02
3.67390E+03 -2.67407E-02
3.67439E+03 -2.67509E-02
3.67487E+03 -2.67755E-02
3.67535E+03 -2.68251E-02
3.67583E+03 -2.68870E-02
3.67631E+03 -2.69335E-02
3.67680E+03 -2.69476E-02
3.67728E+03 -2.69383E-02
3.67776E+03 -2.69300E-02
3.67824E+03 -2.69409E-02
3.67873E+03 -2.69694E-02
3.67921E+03 -2.69996E-02
3.67969E+03 -2.70170E-02
3.68017E+03 -2.70212E-02
3.68065E+03 -2.70238E-02
3.68114E+03 -2.70342E-02
3.68162E+03 -2.70482E-02
3.68210E+03 -2.70543E-02
3.68258E+03 -2.70514E-02
3.68307E+03 -2.70517E-02
3.68355E+03 -2.70623E-02
3.68403E+03 -2.70681E-02
3.68451E+03 -2.70438E-02
3.68499E+03 -2.69860E-02
3.68548E+03 -2.69202E-02
3.68596E+03 -2.68719E-02
3.68644E+03 -2.68354E-02
3.68692E+03 -2.67813E-02
3.68741E+03 -2.66914E-02
3.68789E+03 -2.65715E-02
3.68837E+03 -2.64304E-02
3.68885E+03 -2.62590E-02
3.68933E+03 -2.60378E-02
3.68982E+03 -2.57567E-02
3.69030E+03 -2.54180E-02
3.69078E+03 -2.50201E-02
3.69126E+03 -2.45481E-02
3.69175E+03 -2.39784E-02
3.69223E+03 -2.32861E-02
3.69271E+03 -2.24486E-02
3.69319E+03 -2.14487E-02
3.69367E+03 -2.02762E-02
3.69416E+03 -1.89257E-02
3.69464E+03 -1.73900E-02
3.69512E+03 -1.56603E-02
3.69560E+03 -1.37324E-02
3.69608E+03 -1.16092E-02
3.69657E+03 -9.30104E-03
3.69705E+03 -6.83432E-03
3.69753E+03 -4.26348E-03
3.69801E+03 -1.67049E-03
3.69850E+03 8.53412E-04
3.69898E+03 3.21705E-03
3.69946E+03 5.33086E-03
3.69994E+03 7.09824E-03
3.70042E+03 8.42923E-03
3.70091E+03 9.26099E-03
3.70139E+03 9.56259E-03
3.70187E+03 9.32594E-03
3.70235E+03 8.56150E-03
3.70284E+03 7.30540E-03
3.70332E+03 5.62126E-03
3.70380E+03 3.58968E-03
3.70428E+03 1.28960E-03
3.70476E+03 -1.20041E-03
3.70525E+03 -3.79422E-03
3.70573E+03 -6.40374E-03
3.70621E+03 -8.94386E-03
3.70669E+03 -1.13435E-02
3.70718E+03 -1.35503E-02
3.70766E+03 -1.55303E-02
3.70814E+03 -1.72645E-02
3.70862E+03 -1.87468E-02
3.70910E+03 -1.99813E-02
3.70959E+03 -2.09821E-02
3.71007E+03 -2.17752E-02
3.71055E+03 -2.24003E-02
3.71103E+03 -2.29025E-02
3.71152E+03 -2.33119E-02
3.71200E+03 -2.36325E-02
3.71248E+03 -2.38575E-02
3.71296E+03 -2.40000E-02
3.71344E+03 -2.40997E-02
3.71393E+03 -2.41933E-02
3.71441E+03 -2.42889E-02
3.71489E+03 -2.43757E-02
3.71537E+03 -2.44498E-02
3.71586E+03 -2.45181E-02
3.71634E+03 -2.45808E-02
3.71682E+03 -2.46293E-02
3.71730E+03 -2.46659E-02
3.71778E+03 -2.47091E-02
3.71827E+03 -2.47694E-02
3.71875E+03 -2.48318E-02
3.71923E+03 -2.48756E-02
3.71971E+03 -2.49053E-02
3.72020E+03 -2.49448E-02
3.72068E+03 -2.50038E-02
3.72116E+03 -2.50666E-02
3.72164E+03 -2.51161E-02
3.72212E+03 -2.51564E-02
3.72261E+03 -2.52004E-02
3.72309E+03 -2.52492E-02
3.72357E+03 -2.52934E-02
3.72405E+03 -2.53314E-02
3.72453E+03 -2.53735E-02
3.72502E+03 -2.54280E-02
3.72550E+03 -2.54932E-02
3.72598E+03 -2.55636E-02
3.72646E+03 -2.56332E-02
3.72695E+03 -2.56931E-02
3.72743E+03 -2.57339E-02
3.72791E+03 -2.57583E-02
3.72839E+03 -2.57852E-02
3.72887E+03 -2.58320E-02
3.72936E+03 -2.58943E-02
3.72984E+03 -2.59524E-02
3.73032E+03 -2.59969E-02
3.73080E+03 -2.60394E-02
3.73129E+03 -2.60939E-02
3.73177E+03 -2.61524E-02
3.73225E+03 -2.61927E-02
3.73273E+03 -2.62081E-02
3.73321E+03 -2.62204E-02
3.73370E+03 -2.62570E-02
3.73418E+03 -2.63208E-02
3.73466E+03 -2.63909E-02
3.73514E+03 -2.64518E-02
3.73563E+03 -2.65098E-02
3.73611E+03 -2.65764E-02
3.73659E+03 -2.66462E-02
3.73707E+03 -2.67013E-02
3.73755E+03 -2.67371E-02
3.73804E+03 -2.67690E-02
3.73852E+03 -2.68108E-02
3.73900E+03 -2.68567E-02
3.73948E+03 -2.68914E-02
3.73997E+03 -2.69140E-02
3.74045E+03 -2.69410E-02
3.74093E+03 -2.69852E-02
3.74141E+03 -2.70407E-02
3.74189E+03 -2.70908E-02
3.74238E+03 -2.71246E-02
3.74286E+03 -2.71479E-02
3.74334E+03 -2.71794E-02
3.74382E+03 -2.72388E-02
3.74431E+03 -2.73290E-02
3.74479E+03 -2.74247E-02
3.74527E+03 -2.74855E-02
3.74575E+03 -2.74929E-02
3.74623E+03 -2.74701E-02
3.74672E+03 -2.74590E-02
3.74720E+03 -2.74787E-02
3.74768E+03 -2.75153E-02
3.74816E+03 -2.75516E-02
3.74865E+03 -2.75939E-02
3.74913E+03 -2.76593E-02
3.74961E+03 -2.77435E-02
3.75009E+03 -2.78161E-02
3.75057E+03 -2.78527E-02
3.75106E+03 -2.78635E-02
3.75154E+03 -2.78811E-02
3.75202E+03 -2.79252E-02
3.75250E+03 -2.79844E-02
3.75298E+03 -2.80321E-02
3.75347E+03 -2.80554E-02
3.75395E+03 -2.80648E-02
3.75443E+03 -2.80787E-02
3.75491E+03 -2.81041E-02
3.75540E+03 -2.81343E-02
3.75588E+03 -2.81619E-02
3.75636E+03 -2.81867E-02
3.75684E+03 -2.82090E-02
3.75732E+03 -2.82211E-02
3.75781E+03 -2.82154E-02
3.75829E+03 -2.81987E-02
3.75877E+03 -2.81903E-02
3.75925E+03 -2.82005E-02
3.75974E+03 -2.82179E-02
3.76022E+03 -2.82241E-02
3.76070E+03 -2.82176E-02
3.76118E+03 -2.82140E-02
3.76166E+03 -2.82240E-02
3.76215E+03 -2.82409E-02
3.76263E+03 -2.82522E-02
3.76311E+03 -2.82572E-02
3.76359E+03 -2.82653E-02
3.76408E+03 -2.82810E-02
3.76456E+03 -2.82984E-02
3.76504E+03 -2.83091E-02
3.76552E+03 -2.83088E-02
3.76600E+03 -2.82960E-02
3.76649E+03 -2.82718E-02
3.76697E+03 -2.82447E-02
3.76745E+03 -2.82297E-02
3.76793E+03 -2.82374E-02
3.76842E+03 -2.82631E-02
3.76890E+03 -2.82913E-02
3.76938E+03 -2.83094E-02
3.76986E+03 -2.83151E-02
3.77034E+03 -2.83107E-02
3.77083E+03 -2.82971E-02
3.77131E+03 -2.82770E-02
3.77179E+03 -2.82587E-02
3.77227E+03 -2.82528E-02
3.77276E+03 -2.82622E-02
3.77324E+03 -2.82793E-02
3.77372E+03 -2.82939E-02
3.77420E+03 -2.83012E-02
3.77468E+03 -2.83014E-02
3.77517E+03 -2.82951E-02
3.77565E+03 -2.82827E-02
3.77613E+03 -2.82673E-02
3.77661E+03 -2.82512E-02
3.77709E+03 -2.82323E-02
3.77758E+03 -2.82088E-02
3.77806E+03 -2.81902E-02
3.77854E+03 -2.81940E-02
3.77902E+03 -2.82261E-02
3.77951E+03 -2.82669E-02
3.77999E+03 -2.82883E-02
3.78047E+03 -2.82814E-02
3.78095E+03 -2.82618E-02
3.78143E+03 -2.82467E-02
3.78192E+03 -2.82384E-02
3.78240E+03 -2.82322E-02
3.78288E+03 -2.82298E-02
3.78336E+03 -2.82352E-02
3.78385E+03 -2.82436E-02
3.78433E+03 -2.82475E-02
3.78481E+03 -2.82521E-02
3.78529E+03 -2.82735E-02
3.78577E+03 -2.83155E-02
3.78626E+03 -2.83563E-02
3.78674E+03 -2.83684E-02
3.78722E+03 -2.83470E-02
3.78770E+03 -2.83154E-02
3.78819E+03 -2.82992E-02
3.78867E+03 -2.83003E-02
3.78915E+03 -2.83002E-02
3.78963E+03 -2.82844E-02
3.79011E+03 -2.82608E-02
3.79060E+03 -2.82497E-02
3.79108E+03 -2.82577E-02
3.79156E+03 -2.82686E-02
3.79204E+03 -2.82624E-02
3.79253E+03 -2.82402E-02
3.79301E+03 -2.82226E-02
3.79349E+03 -2.82244E-02
3.79397E+03 -2.82384E-02
3.79445E+03 -2.82460E-02
3.79494E+03 -2.82403E-02
3.79542E+03 -2.82308E-02
3.79590E+03 -2.82302E-02
3.79638E+03 -2.82408E-02
3.79687E+03 -2.82570E-02
3.79735E+03 -2.82737E-02
3.79783E+03 -2.82875E-02
3.79831E+03 -2.82921E-02
3.79879E+03 -2.82802E-02
3.79928E+03 -2.82565E-02
3.79976E+03 -2.82444E-02
3.80024E+03 -2.82679E-02
3.80072E+03 -2.83220E-02
3.80121E+03 -2.83680E-02
3.80169E+03 -2.83676E-02
3.80217E+03 -2.83229E-02
3.80265E+03 -2.82739E-02
3.80313E+03 -2.82552E-02
3.80362E+03 -2.82658E-02
3.80410E+03 -2.82833E-02
3.80458E+03 -2.82936E-02
3.80506E+03 -2.82965E-02
3.80554E+03 -2.82931E-02
3.80603E+03 -2.82834E-02
3.80651E+03 -2.82762E-02
3.80699E+03 -2.82844E-02
3.80747E+03 -2.83055E-02
3.80796E+03 -2.83177E-02
3.80844E+03 -2.83024E-02
3.80892E+03 -2.82655E-02
3.80940E+03 -2.82292E-02
3.80988E+03 -2.82109E-02
3.81037E+03 -2.82162E-02
3.81085E+03 -2.82420E-02
3.81133E+03 -2.82770E-02
3.81181E+03 -2.83004E-02
3.81230E+03 -2.82966E-02
3.81278E+03 -2.82726E-02
3.81326E+03 -2.82519E-02
3.81374E+03 -2.82482E-02
3.81422E+03 -2.82545E-02
3.81471E+03 -2.82619E-02
3.81519E+03 -2.82783E-02
3.81567E+03 -2.83147E-02
3.81615E+03 -2.83598E-02
3.81664E+03 -2.83808E-02
3.81712E+03 -2.83556E-02
3.81760E+03 -2.82985E-02
3.81808E+03 -2.82456E-02
3.81856E+03 -2.82223E-02
3.81905E+03 -2.82262E-02
3.81953E+03 -2.82392E-02
3.82001E+03 -2.82500E-02
3.82049E+03 -2.82621E-02
3.82098E+03 -2.82829E-02
3.82146E+03 -2.83095E-02
3.82194E+03 -2.83282E-02
3.82242E+03 -2.83283E-02
3.82290E+03 -2.83132E-02
3.82339E+03 -2.82954E-02
3.82387E+03 -2.82838E-02
3.82435E+03 -2.82786E-02
3.82483E+03 -2.82776E-02
3.82532E+03 -2.82804E-02
3.82580E+03 -2.82862E-02
3.82628E+03 -2.82912E-02
3.82676E+03 -2.82944E-02
3.82724E+03 -2.82996E-02
3.82773E+03 -2.83078E-02
3.82821E+03 -2.83121E-02
3.82869E+03 -2.83061E-02
3.82917E+03 -2.82961E-02
3.82966E+03 -2.82971E-02
3.83014E+03 -2.83135E-02
3.83062E+03 -2.83297E-02
3.83110E+03 -2.83254E-02
3.83158E+03 -2.82991E-02
3.83207E+03 -2.82708E-02
3.83255E+03 -2.82601E-02
3.83303E+03 -2.82657E-02
3.83351E+03 -2.82680E-02
3.83399E+03 -2.82540E-02
3.83448E+03 -2.82333E-02
3.83496E+03 -2.82276E-02
3.83544E+03 -2.82437E-02
3.83592E+03 -2.82636E-02
3.83641E+03 -2.82655E-02
3.83689E+03 -2.82500E-02
3.83737E+03 -2.82395E-02
3.83785E+03 -2.82512E-02
3.83833E+03 -2.82756E-02
3.83882E+03 -2.82867E-02
3.83930E+03 -2.82710E-02
3.83978E+03 -2.82422E-02
3.84026E+03 -2.82259E-02
3.84075E+03 -2.82314E-02
3.84123E+03 -2.82437E-02
3.84171E+03 -2.82417E-02
3.84219E+03 -2.82253E-02
3.84267E+03 -2.82161E-02
3.84316E+03 -2.82293E-02
3.84364E+03 -2.82525E-02
3.84412E+03 -2.82606E-02
3.84460E+03 -2.82480E-02
3.84509E+03 -2.82333E-02
3.84557E+03 -2.82318E-02
3.84605E+03 -2.82342E-02
3.84653E+03 -2.82226E-02
3.84701E+03 -2.81965E-02
3.84750E+03 -2.81724E-02
3.84798E+03 -2.81614E-02
3.84846E+03 -2.81593E-02
3.84894E+03 -2.81582E-02
3.84943E+03 -2.81559E-02
3.84991E+03 -2.81547E-02
3.85039E+03 -2.81590E-02
3.85087E+03 -2.81763E-02
3.85135E+03 -2.82096E-02
3.85184E+03 -2.82459E-02
3.85232E+03 -2.82624E-02
3.85280E+03 -2.82521E-02
3.85328E+03 -2.82364E-02
3.85377E+03 -2.82409E-02
3.85425E+03 -2.82643E-02
3.85473E+03 -2.82783E-02
3.85521E+03 -2.82598E-02
3.85569E+03 -2.82145E-02
3.85618E+03 -2.81676E-02
3.85666E+03 -2.81397E-02
3.85714E+03 -2.81354E-02
3.85762E+03 -2.81475E-02
3.85810E+03 -2.81642E-02
3.85859E+03 -2.81739E-02
3.85907E+03 -2.81698E-02
3.85955E+03 -2.81537E-02
3.86003E+03 -2.81367E-02
3.86052E+03 -2.81324E-02
3.86100E+03 -2.81468E-02
3.86148E+03 -2.81718E-02
3.86196E+03 -2.81897E-02
3.86244E+03 -2.81850E-02
3.86293E+03 -2.81558E-02
3.86341E+03 -2.81179E-02
3.86389E+03 -2.80976E-02
3.86437E+03 -2.81133E-02
3.86486E+03 -2.81578E-02
3.86534E+03 -2.82001E-02
3.86582E+03 -2.82126E-02
3.86630E+03 -2.81964E-02
3.86678E+03 -2.81751E-02
3.86727E+03 -2.81650E-02
3.86775E+03 -2.81617E-02
3.86823E+03 -2.81593E-02
3.86871E+03 -2.81671E-02
3.86920E+03 -2.81957E-02
3.86968E+03 -2.82337E-02
3.87016E+03 -2.82554E-02
3.87064E+03 -2.82499E-02
3.87112E+03 -2.82309E-02
3.87161E+03 -2.82159E-02
3.87209E+03 -2.82076E-02
3.87257E+03 -2.82001E-02
3.87305E+03 -2.81923E-02
3.87354E+03 -2.81876E-02
3.87402E+03 -2.81877E-02
3.87450E+03 -2.81913E-02
3.87498E+03 -2.81965E-02
3.87546E+03 -2.81986E-02
3.87595E+03 -2.81915E-02
3.87643E+03 -2.81763E-02
3.87691E+03 -2.81630E-02
3.87739E+03 -2.81592E-02
3.87788E+03 -2.81629E-02
3.87836E+03 -2.81705E-02
3.87884E+03 -2.81846E-02
3.87932E+03 -2.82062E-02
3.87980E+03 -2.82259E-02
3.88029E+03 -2.82331E-02
3.88077E+03 -2.82312E-02
3.88125E+03 -2.82314E-02
3.88173E+03 -2.82333E-02
3.88222E+03 -2.82237E-02
3.88270E+03 -2.81992E-02
3.88318E+03 -2.81752E-02
3.88366E+03 -2.81684E-02
3.88414E+03 -2.81793E-02
3.88463E+03 -2.81993E-02
3.88511E+03 -2.82269E-02
3.88559E+03 -2.82631E-02
3.88607E+03 -2.82950E-02
3.88655E+03 -2.82979E-02
3.88704E+03 -2.82632E-02
3.88752E+03 -2.82166E-02
3.88800E+03 -2.81989E-02
3.88848E+03 -2.82253E-02
3.88897E+03 -2.82684E-02
3.88945E+03 -2.82846E-02
3.88993E+03 -2.82571E-02
3.89041E+03 -2.82096E-02
3.89089E+03 -2.81781E-02
3.89138E+03 -2.81762E-02
3.89186E+03 -2.81919E-02
3.89234E+03 -2.82105E-02
3.89282E+03 -2.82290E-02
3.89331E+03 -2.82470E-02
3.89379E+03 -2.82572E-02
3.89427E+03 -2.82528E-02
3.89475E+03 -2.82388E-02
3.89523E+03 -2.82279E-02
3.89572E+03 -2.82265E-02
3.89620E+03 -2.82304E-02
3.89668E+03 -2.82336E-02
3.89716E+03 -2.82356E-02
3.89765E+03 -2.82410E-02
3.89813E+03 -2.82546E-02
3.89861E+03 -2.82765E-02
3.89909E+03 -2.82965E-02
3.89957E+03 -2.82990E-02
3.90006E+03 -2.82806E-02
3.90054E+03 -2.82600E-02
3.90102E+03 -2.82598E-02
3.90150E+03 -2.82773E-02
3.90199E+03 -2.82864E-02
3.90247E+03 -2.82714E-02
3.90295E+03 -2.82494E-02
3.90343E+03 -2.82471E-02
3.90391E+03 -2.82633E-02
3.90440E+03 -2.82709E-02
3.90488E+03 -2.82523E-02
3.90536E+03 -2.82207E-02
3.90584E+03 -2.82006E-02
3.90633E+03 -2.81992E-02
3.90681E+03 -2.82053E-02
3.90729E+03 -2.82081E-02
3.90777E+03 -2.82057E-02
3.90825E+03 -2.81976E-02
3.90874E+03 -2.81824E-02
3.90922E+03 -2.81643E-02
3.90970E+03 -2.81537E-02
3.91018E+03 -2.81532E-02
3.91067E+03 -2.81527E-02
3.91115E+03 -2.81428E-02
3.91163E+03 -2.81307E-02
3.91211E+03 -2.81292E-02
3.91259E+03 -2.81366E-02
3.91308E+03 -2.81392E-02
3.91356E+03 -2.81349E-02
3.91404E+03 -2.81395E-02
3.91452E+03 -2.81607E-02
3.91500E+03 -2.81782E-02
3.91549E+03 -2.81670E-02
3.91597E+03 -2.81345E-02
3.91645E+03 -2.81156E-02
3.91693E+03 -2.81300E-02
3.91742E+03 -2.81583E-02
3.91790E+03 -2.81694E-02
3.91838E+03 -2.81568E-02
3.91886E+03 -2.81371E-02
3.91934E+03 -2.81214E-02
3.91983E+03 -2.81068E-02
3.92031E+03 -2.80924E-02
3.92079E+03 -2.80893E-02
3.92127E+03 -2.81075E-02
3.92176E+03 -2.81407E-02
3.92224E+03 -2.81719E-02
3.92272E+03 -2.81875E-02
3.92320E+03 -2.81841E-02
3.92368E+03 -2.81670E-02
3.92417E+03 -2.81485E-02
3.92465E+03 -2.81416E-02
3.92513E+03 -2.81494E-02
3.92561E+03 -2.81592E-02
3.92610E+03 -2.81535E-02
3.92658E+03 -2.81281E-02
3.92706E+03 -2.80960E-02
3.92754E+03 -2.80743E-02
3.92802E+03 -2.80688E-02
3.92851E+03 -2.80728E-02
3.92899E+03 -2.80750E-02
3.92947E+03 -2.80686E-02
3.92995E+03 -2.80534E-02
3.93044E+03 -2.80333E-02
3.93092E+03 -2.80134E-02
3.93140E+03 -2.79968E-02
3.93188E+03 -2.79854E-02
3.93236E+03 -2.79799E-02
3.93285E+03 -2.79807E-02
3.93333E+03 -2.79885E-02
3.93381E+03 -2.80052E-02
3.93429E+03 -2.80312E-02
3.93478E+03 -2.80617E-02
3.93526E+03 -2.80866E-02
3.93574E+03 -2.80980E-02
3.93622E+03 -2.80966E-02
3.93670E+03 -2.80901E-02
3.93719E+03 -2.80849E-02
3.93767E+03 -2.80813E-02
3.93815E+03 -2.80773E-02
3.93863E+03 -2.80737E-02
3.93912E+03 -2.80716E-02
3.93960E+03 -2.80670E-02
3.94008E+03 -2.80541E-02
3.94056E+03 -2.80337E-02
3.94104E+03 -2.80146E-02
3.94153E+03 -2.80021E-02
3.94201E+03 -2.79897E-02
3.94249E+03 -2.79678E-02
3.94297E+03 -2.79421E-02
3.94346E+03 -2.79318E-02
3.94394E+03 -2.79470E-02
3.94442E+03 -2.79739E-02
3.94490E+03 -2.79917E-02
3.94538E+03 -2.79984E-02
3.94587E+03 -2.80067E-02
3.94635E+03 -2.80169E-02
3.94683E+03 -2.80105E-02
3.94731E+03 -2.79779E-02
3.94779E+03 -2.79406E-02
3.94828E+03 -2.79292E-02
3.94876E+03 -2.79447E-02
3.94924E+03 -2.79587E-02
3.94972E+03 -2.79510E-02
3.95021E+03 -2.79322E-02
3.95069E+03 -2.79235E-02
3.95117E+03 -2.79273E-02
3.95165E+03 -2.79287E-02
3.95213E+03 -2.79192E-02
3.95262E+03 -2.79061E-02
3.95310E+03 -2.78997E-02
3.95358E+03 -2.79028E-02
3.95406E+03 -2.79141E-02
3.95455E+03 -2.79309E-02
3.95503E+03 -2.79447E-02
3.95551E+03 -2.79409E-02
3.95599E+03 -2.79144E-02
3.95647E+03 -2.78805E-02
3.95696E+03 -2.78623E-02
3.95744E+03 -2.78659E-02
3.95792E+03 -2.78741E-02
3.95840E+03 -2.78690E-02
3.95889E+03 -2.78550E-02
3.95937E+03 -2.78529E-02
3.95985E+03 -2.78704E-02
3.96033E+03 -2.78880E-02
3.96081E+03 -2.78799E-02
3.96130E+03 -2.78452E-02
3.96178E+03 -2.78122E-02
3.96226E+03 -2.78088E-02
3.96274E+03 -2.78345E-02
3.96323E+03 -2.78637E-02
3.96371E+03 -2.78746E-02
3.96419E+03 -2.78683E-02
3.96467E+03 -2.78606E-02
3.96515E+03 -2.78615E-02
3.96564E+03 -2.78674E-02
3.96612E+03 -2.78709E-02
3.96660E+03 -2.78717E-02
3.96708E+03 -2.78754E-02
3.96757E+03 -2.78832E-02
3.96805E+03 -2.78891E-02
3.96853E+03 -2.78849E-02
3.96901E+03 -2.78695E-02
3.96949E+03 -2.78498E-02
3.96998E+03 -2.78346E-02
3.97046E+03 -2.78283E-02
3.97094E+03 -2.78289E-02
3.97142E+03 -2.78295E-02
3.97191E+03 -2.78242E-02
3.97239E+03 -2.78154E-02
3.97287E+03 -2.78135E-02
3.97335E+03 -2.78259E-02
3.97383E+03 -2.78451E-02
3.97432E+03 -2.78527E-02
3.97480E+03 -2.78378E-02
3.97528E+03 -2.78099E-02
3.97576E+03 -2.77894E-02
3.97624E+03 -2.77876E-02
3.97673E+03 -2.77998E-02
3.97721E+03 -2.78157E-02
3.97769E+03 -2.78312E-02
3.97817E+03 -2.78461E-02
3.97866E+03 -2.78562E-02
3.97914E+03 -2.78526E-02
3.97962E+03 -2.78296E-02
3.98010E+03 -2.77932E-02
3.98058E+03 -2.77612E-02
3.98107E+03 -2.77536E-02
3.98155E+03 -2.77759E-02
3.98203E+03 -2.78117E-02
3.98251E+03 -2.78348E-02
3.98300E+03 -2.78313E-02
3.98348E+03 -2.78113E-02
3.98396E+03 -2.77957E-02
3.98444E+03 -2.77956E-02
3.98492E+03 -2.78061E-02
3.98541E+03 -2.78161E-02
3.98589E+03 -2.78174E-02
3.98637E+03 -2.78062E-02
3.98685E+03 -2.77839E-02
3.98734E+03 -2.77608E-02
3.98782E+03 -2.77506E-02
3.98830E+03 -2.77541E-02
3.98878E+03 -2.77535E-02
3.98926E+03 -2.77324E-02
3.98975E+03 -2.77003E-02
3.99023E+03 -2.76848E-02
3.99071E+03 -2.76971E-02
3.99119E+03 -2.77142E-02
3.99168E+03 -2.77055E-02
3.99216E+03 -2.76711E-02
3.99264E+03 -2.76424E-02
3.99312E+03 -2.76445E-02
3.99360E+03 -2.76695E-02
3.99409E+03 -2.76868E-02
3.99457E+03 -2.76741E-02
3.99505E+03 -2.76336E-02
3.99553E+03 -2.75852E-02
3.99602E+03 -2.75514E-02
3.99650E+03 -2.75452E-02
3.99698E+03 -2.75618E-02
3.99746E+03 -2.75820E-02
3.99794E+03 -2.75865E-02
3.99843E+03 -2.75739E-02
3.99891E+03 -2.75620E-02
3.99939E+03 -2.75692E-02
3.99987E+03 -2.75969E-02
4.00035E+03 -2.76309E-02
4.00084E+03 -2.76582E-02
4.00132E+03 -2.76787E-02
4.00180E+03 -2.77003E-02
4.00228E+03 -2.77252E-02
4.00277E+03 -2.77456E-02
4.00325E+03 -2.77547E-02
4.00373E+03 -2.77574E-02
4.00421E+03 -2.77655E-02
4.00469E+03 -2.77820E-02
4.00518E+03 -2.77955E-02
4.00566E+03 -2.77965E-02
4.00614E+03 -2.77905E-02
4.00662E+03 -2.77879E-02
4.00711E+03 -2.77831E-02
4.00759E+03 -2.77588E-02
4.00807E+03 -2.77148E-02
4.00855E+03 -2.76826E-02
4.00903E+03 -2.76944E-02
4.00952E+03 -2.77445E-02
4.01000E+03 -2.77934E-02
4.01048E+03 -2.78096E-02
4.01096E+03 -2.77974E-02
4.01145E+03 -2.77802E-02
4.01193E+03 -2.77659E-02
4.01241E+03 -2.77440E-02
4.01289E+03 -2.77100E-02
4.01337E+03 -2.76780E-02
4.01386E+03 -2.76669E-02
4.01434E+03 -2.76788E-02
4.01482E+03 -2.76975E-02
4.01530E+03 -2.77051E-02
4.01579E+03 -2.76937E-02
4.01627E+03 -2.76652E-02
4.01675E+03 -2.76256E-02
4.01723E+03 -2.75847E-02
4.01771E+03 -2.75580E-02
4.01820E+03 -2.75609E-02
4.01868E+03 -2.75957E-02
4.01916E+03 -2.76447E-02
4.01964E+03 -2.76816E-02
4.02013E+03 -2.76943E-02
4.02061E+03 -2.76932E-02
4.02109E+03 -2.76954E-02
4.02157E+03 -2.77036E-02
4.02205E+03 -2.77048E-02
4.02254E+03 -2.76909E-02
4.02302E+03 -2.76718E-02
4.02350E+03 -2.76650E-02
4.02398E+03 -2.76756E-02
4.02447E+03 -2.76915E-02
4.02495E+03 -2.76981E-02
4.02543E+03 -2.76908E-02
4.02591E+03 -2.76762E-02
4.02639E+03 -2.76652E-02
4.02688E+03 -2.76651E-02
4.02736E+03 -2.76733E-02
4.02784E+03 -2.76782E-02
4.02832E+03 -2.76681E-02
4.02880E+03 -2.76419E-02
4.02929E+03 -2.76085E-02
4.02977E+03 -2.75786E-02
4.03025E+03 -2.75605E-02
4.03073E+03 -2.75618E-02
4.03122E+03 -2.75864E-02
4.03170E+03 -2.76255E-02
4.03218E+03 -2.76611E-02
4.03266E+03 -2.76830E-02
4.03314E+03 -2.76983E-02
4.03363E+03 -2.77153E-02
4.03411E+03 -2.77266E-02
4.03459E+03 -2.77182E-02
4.03507E+03 -2.76939E-02
4.03556E+03 -2.76760E-02
4.03604E+03 -2.76806E-02
4.03652E+03 -2.76990E-02
4.03700E+03 -2.77107E-02
4.03748E+03 -2.77067E-02
4.03797E+03 -2.76935E-02
4.03845E+03 -2.76827E-02
4.03893E+03 -2.76817E-02
4.03941E+03 -2.76906E-02
4.03990E+03 -2.77028E-02
4.04038E+03 -2.77107E-02
4.04086E+03 -2.77149E-02
4.04134E+03 -2.77246E-02
4.04182E+03 -2.77438E-02
4.04231E+03 -2.77631E-02
4.04279E+03 -2.77716E-02
4.04327E+03 -2.77730E-02
4.04375E+03 -2.77770E-02
4.04424E+03 -2.77801E-02
4.04472E+03 -2.77662E-02
4.04520E+03 -2.77318E-02
4.04568E+03 -2.76961E-02
4.04616E+03 -2.76819E-02
4.04665E+03 -2.76915E-02
4.04713E+03 -2.77123E-02
4.04761E+03 -2.77365E-02
4.04809E+03 -2.77657E-02
4.04858E+03 -2.77973E-02
4.04906E+03 -2.78191E-02
4.04954E+03 -2.78206E-02
4.05002E+03 -2.78043E-02
4.05050E+03 -2.77813E-02
4.05099E+03 -2.77603E-02
4.05147E+03 -2.77441E-02
4.05195E+03 -2.77293E-02
4.05243E+03 -2.77086E-02
4.05292E+03 -2.76774E-02
4.05340E+03 -2.76435E-02
4.05388E+03 -2.76258E-02
4.05436E+03 -2.76366E-02
4.05484E+03 -2.76640E-02
4.05533E+03 -2.76840E-02
4.05581E+03 -2.76870E-02
4.05629E+03 -2.76880E-02
4.05677E+03 -2.77050E-02
4.05725E+03 -2.77350E-02
4.05774E+03 -2.77584E-02
4.05822E+03 -2.77647E-02
4.05870E+03 -2.77632E-02
4.05918E+03 -2.77698E-02
4.05967E+03 -2.77875E-02
4.06015E+03 -2.78066E-02
4.06063E+03 -2.78153E-02
4.06111E+03 -2.78088E-02
4.06159E+03 -2.77925E-02
4.06208E+03 -2.77783E-02
4.06256E+03 -2.77753E-02
4.06304E+03 -2.77798E-02
4.06352E+03 -2.77795E-02
4.06401E+03 -2.77716E-02
4.06449E+03 -2.77677E-02
4.06497E+03 -2.77750E-02
4.06545E+03 -2.77799E-02
4.06593E+03 -2.77640E-02
4.06642E+03 -2.77310E-02
4.06690E+03 -2.77058E-02
4.06738E+03 -2.77022E-02
4.06786E+03 -2.77096E-02
4.06835E+03 -2.77148E-02
4.06883E+03 -2.77205E-02
4.06931E+03 -2.77334E-02
4.06979E+03 -2.77447E-02
4.07027E+03 -2.77397E-02
4.07076E+03 -2.77214E-02
4.07124E+03 -2.77083E-02
4.07172E+03 -2.77097E-02
4.07220E+03 -2.77175E-02
4.07269E+03 -2.77242E-02
4.07317E+03 -2.77336E-02
4.07365E+03 -2.77477E-02
4.07413E+03 -2.77565E-02
4.07461E+03 -2.77505E-02
4.07510E+03 -2.77336E-02
4.07558E+03 -2.77162E-02
4.07606E+03 -2.77005E-02
4.07654E+03 -2.76824E-02
4.07703E+03 -2.76627E-02
4.07751E+03 -2.76487E-02
4.07799E+03 -2.76449E-02
4.07847E+03 -2.76513E-02
4.07895E+03 -2.76685E-02
4.07944E+03 -2.76969E-02
4.07992E+03 -2.77298E-02
4.08040E+03 -2.77548E-02
4.08088E+03 -2.77654E-02
4.08136E+03 -2.77659E-02
4.08185E+03 -2.77621E-02
4.08233E+03 -2.77553E-02
4.08281E+03 -2.77452E-02
4.08329E+03 -2.77327E-02
4.08378E+03 -2.77165E-02
4.08426E+03 -2.76935E-02
4.08474E+03 -2.76695E-02
4.08522E+03 -2.76625E-02
4.08570E+03 -2.76840E-02
4.08619E+03 -2.77198E-02
4.08667E+03 -2.77394E-02
4.08715E+03 -2.77287E-02
4.08763E+03 -2.77040E-02
4.08812E+03 -2.76909E-02
4.08860E+03 -2.76970E-02
4.08908E+03 -2.77110E-02
4.08956E+03 -2.77226E-02
4.09004E+03 -2.77306E-02
4.09053E+03 -2.77353E-02
4.09101E+03 -2.77337E-02
4.09149E+03 -2.77257E-02
4.09197E+03 -2.77168E-02
4.09246E+03 -2.77110E-02
4.09294E+03 -2.77083E-02
4.09342E+03 -2.77127E-02
4.09390E+03 -2.77334E-02
4.09438E+03 -2.77678E-02
4.09487E+03 -2.77896E-02
4.09535E+03 -2.77713E-02
4.09583E+03 -2.77209E-02
4.09631E+03 -2.76803E-02
4.09680E+03 -2.76778E-02
4.09728E+03 -2.76966E-02
4.09776E+03 -2.77014E-02
4.09824E+03 -2.76866E-02
4.09872E+03 -2.76793E-02
4.09921E+03 -2.76968E-02
4.09969E+03 -2.77213E-02
4.10017E+03 -2.77294E-02
4.10065E+03 -2.77274E-02
4.10114E+03 -2.77419E-02
4.10162E+03 -2.77799E-02
4.10210E+03 -2.78162E-02
4.10258E+03 -2.78218E-02
4.10306E+03 -2.77929E-02
4.10355E+03 -2.77496E-02
4.10403E+03 -2.77169E-02
4.10451E+03 -2.77101E-02
4.10499E+03 -2.77288E-02
4.10548E+03 -2.77561E-02
4.10596E+03 -2.77692E-02
4.10644E+03 -2.77602E-02
4.10692E+03 -2.77429E-02
4.10740E+03 -2.77322E-02
4.10789E+03 -2.77216E-02
4.10837E+03 -2.76929E-02
4.10885E+03 -2.76477E-02
4.10933E+03 -2.76137E-02
4.10981E+03 -2.76143E-02
4.11030E+03 -2.76387E-02
4.11078E+03 -2.76552E-02
4.11126E+03 -2.76498E-02
4.11174E+03 -2.76403E-02
4.11223E+03 -2.76513E-02
4.11271E+03 -2.76828E-02
4.11319E+03 -2.77135E-02
4.11367E+03 -2.77255E-02
4.11415E+03 -2.77215E-02
4.11464E+03 -2.77132E-02
4.11512E+03 -2.77041E-02
4.11560E+03 -2.76880E-02
4.11608E+03 -2.76640E-02
4.11657E+03 -2.76390E-02
4.11705E+03 -2.76170E-02
4.11753E+03 -2.75940E-02
4.11801E+03 -2.75707E-02
4.11849E+03 -2.75624E-02
4.11898E+03 -2.75803E-02
4.11946E+03 -2.76075E-02
4.11994E+03 -2.76120E-02
4.12042E+03 -2.75891E-02
4.12091E+03 -2.75736E-02
4.12139E+03 -2.75959E-02
4.12187E+03 -2.76400E-02
4.12235E+03 -2.76636E-02
4.12283E+03 -2.76553E-02
4.12332E+03 -2.76457E-02
4.12380E+03 -2.76591E-02
4.12428E+03 -2.76781E-02
4.12476E+03 -2.76729E-02
4.12525E+03 -2.76475E-02
4.12573E+03 -2.76358E-02
4.12621E+03 -2.76552E-02
4.12669E+03 -2.76865E-02
4.12717E+03 -2.77025E-02
4.12766E+03 -2.76998E-02
4.12814E+03 -2.76946E-02
4.12862E+03 -2.76984E-02
4.12910E+03 -2.77061E-02
4.12959E+03 -2.77079E-02
4.13007E+03 -2.77012E-02
4.13055E+03 -2.76912E-02
4.13103E+03 -2.76832E-02
4.13151E+03 -2.76772E-02
4.13200E+03 -2.76726E-02
4.13248E+03 -2.76756E-02
4.13296E+03 -2.76965E-02
4.13344E+03 -2.77343E-02
4.13393E+03 -2.77676E-02
4.13441E+03 -2.77682E-02
4.13489E+03 -2.77294E-02
4.13537E+03 -2.76758E-02
4.13585E+03 -2.76402E-02
4.13634E+03 -2.76364E-02
4.13682E+03 -2.76532E-02
4.13730E+03 -2.76702E-02
4.13778E+03 -2.76765E-02
4.13827E+03 -2.76757E-02
4.13875E+03 -2.76789E-02
4.13923E+03 -2.76921E-02
4.13971E+03 -2.77084E-02
4.14019E+03 -2.77138E-02
4.14068E+03 -2.77016E-02
4.14116E+03 -2.76779E-02
4.14164E+03 -2.76526E-02
4.14212E+03 -2.76307E-02
4.14260E+03 -2.76175E-02
4.14309E+03 -2.76222E-02
4.14357E+03 -2.76473E-02
4.14405E+03 -2.76747E-02
4.14453E+03 -2.76752E-02
4.14502E+03 -2.76380E-02
4.14550E+03 -2.75843E-02
4.14598E+03 -2.75493E-02
4.14646E+03 -2.75518E-02
4.14694E+03 -2.75819E-02
4.14743E+03 -2.76136E-02
4.14791E+03 -2.76286E-02
4.14839E+03 -2.76311E-02
4.14887E+03 -2.76428E-02
4.14936E+03 -2.76765E-02
4.14984E+03 -2.77161E-02
4.15032E+03 -2.77316E-02
4.15080E+03 -2.77168E-02
4.15128E+03 -2.77019E-02
4.15177E+03 -2.77194E-02
4.15225E+03 -2.77635E-02
4.15273E+03 -2.77967E-02
4.15321E+03 -2.77974E-02
4.15370E+03 -2.77844E-02
4.15418E+03 -2.77893E-02
4.15466E+03 -2.78140E-02
4.15514E+03 -2.78273E-02
4.15562E+03 -2.78027E-02
4.15611E+03 -2.77487E-02
4.15659E+03 -2.77000E-02
4.15707E+03 -2.76826E-02
4.15755E+03 -2.76930E-02
4.15804E+03 -2.77085E-02
4.15852E+03 -2.77142E-02
4.15900E+03 -2.77161E-02
4.15948E+03 -2.77298E-02
4.15996E+03 -2.77602E-02
4.16045E+03 -2.77970E-02
4.16093E+03 -2.78250E-02
4.16141E+03 -2.78347E-02
4.16189E+03 -2.78255E-02
4.16238E+03 -2.78030E-02
4.16286E+03 -2.77779E-02
4.16334E+03 -2.77608E-02
4.16382E+03 -2.77529E-02
4.16430E+03 -2.77444E-02
4.16479E+03 -2.77282E-02
4.16527E+03 -2.77114E-02
4.16575E+03 -2.77089E-02
4.16623E+03 -2.77235E-02
4.16671E+03 -2.77401E-02
4.16720E+03 -2.77415E-02
4.16768E+03 -2.77248E-02
4.16816E+03 -2.77010E-02
4.16864E+03 -2.76841E-02
4.16913E+03 -2.76824E-02
4.16961E+03 -2.76967E-02
4.17009E+03 -2.77172E-02
4.17057E+03 -2.77280E-02
4.17105E+03 -2.77204E-02
4.17154E+03 -2.77033E-02
4.17202E+03 -2.76932E-02
4.17250E+03 -2.76929E-02
4.17298E+03 -2.76871E-02
4.17347E+03 -2.76625E-02
4.17395E+03 -2.76280E-02
4.17443E+03 -2.76070E-02
4.17491E+03 -2.76130E-02
4.17539E+03 -2.76374E-02
4.17588E+03 -2.76606E-02
4.17636E+03 -2.76688E-02
4.17684E+03 -2.76600E-02
4.17732E+03 -2.76417E-02
4.17781E+03 -2.76258E-02
4.17829E+03 -2.76224E-02
4.17877E+03 -2.76337E-02
4.17925E+03 -2.76539E-02
4.17973E+03 -2.76769E-02
4.18022E+03 -2.77013E-02
4.18070E+03 -2.77260E-02
4.18118E+03 -2.77460E-02
4.18166E+03 -2.77564E-02
4.18215E+03 -2.77582E-02
4.18263E+03 -2.77550E-02
4.18311E+03 -2.77458E-02
4.18359E+03 -2.77281E-02
4.18407E+03 -2.77086E-02
4.18456E+03 -2.77012E-02
4.18504E+03 -2.77085E-02
4.18552E+03 -2.77103E-02
4.18600E+03 -2.76836E-02
4.18649E+03 -2.76323E-02
4.18697E+03 -2.75885E-02
4.18745E+03 -2.75818E-02
4.18793E+03 -2.76115E-02
4.18841E+03 -2.76533E-02
4.18890E+03 -2.76844E-02
4.18938E+03 -2.76992E-02
4.18986E+03 -2.77037E-02
4.19034E+03 -2.77065E-02
4.19083E+03 -2.77139E-02
4.19131E+03 -2.77244E-02
4.19179E+03 -2.77268E-02
4.19227E+03 -2.77095E-02
4.19275E+03 -2.76767E-02
4.19324E+03 -2.76498E-02
4.19372E+03 -2.76459E-02
4.19420E+03 -2.76608E-02
4.19468E+03 -2.76762E-02
4.19517E+03 -2.76806E-02
4.19565E+03 -2.76771E-02
4.19613E+03 -2.76733E-02
4.19661E+03 -2.76716E-02
4.19709E+03 -2.76707E-02
4.19758E+03 -2.76681E-02
4.19806E+03 -2.76593E-02
4.19854E+03 -2.76420E-02
4.19902E+03 -2.76238E-02
4.19950E+03 -2.76190E-02
4.19999E+03 -2.76310E-02
4.20047E+03 -2.76417E-02
4.20095E+03 -2.76285E-02
4.20143E+03 -2.75930E-02
4.20192E+03 -2.75633E-02
4.20240E+03 -2.75647E-02
4.20288E+03 -2.75961E-02
4.20336E+03 -2.76387E-02
4.20384E+03 -2.76795E-02
4.20433E+03 -2.77166E-02
4.20481E+03 -2.77423E-02
4.20529E+03 -2.77359E-02
4.20577E+03 -2.76892E-02
4.20626E+03 -2.76297E-02
4.20674E+03 -2.76048E-02
4.20722E+03 -2.76341E-02
4.20770E+03 -2.76862E-02
4.20818E+03 -2.77137E-02
4.20867E+03 -2.77028E-02
4.20915E+03 -2.76798E-02
4.20963E+03 -2.76698E-02
4.21011E+03 -2.76683E-02
4.21060E+03 -2.76581E-02
4.21108E+03 -2.76389E-02
4.21156E+03 -2.76246E-02
4.21204E+03 -2.76209E-02
4.21252E+03 -2.76193E-02
4.21301E+03 -2.76127E-02
4.21349E+03 -2.76024E-02
4.21397E+03 -2.75901E-02
4.21445E+03 -2.75762E-02
4.21494E+03 -2.75701E-02
4.21542E+03 -2.75871E-02
4.21590E+03 -2.76271E-02
4.21638E+03 -2.76649E-02
4.21686E+03 -2.76739E-02
4.21735E+03 -2.76531E-02
4.21783E+03 -2.76235E-02
4.21831E+03 -2.76042E-02
4.21879E+03 -2.76020E-02
4.21927E+03 -2.76201E-02
4.21976E+03 -2.76586E-02
4.22024E+03 -2.77063E-02
4.22072E+03 -2.77410E-02
4.22120E+03 -2.77461E-02
4.22169E+03 -2.77200E-02
4.22217E+03 -2.76719E-02
4.22265E+03 -2.76159E-02
4.22313E+03 -2.75738E-02
4.22361E+03 -2.75687E-02
4.22410E+03 -2.76039E-02
4.22458E+03 -2.76550E-02
4.22506E+03 -2.76897E-02
4.22554E+03 -2.76943E-02
4.22603E+03 -2.76769E-02
4.22651E+03 -2.76522E-02
4.22699E+03 -2.76332E-02
4.22747E+03 -2.76304E-02
4.22795E+03 -2.76450E-02
4.22844E+03 -2.76621E-02
4.22892E+03 -2.76629E-02
4.22940E+03 -2.76478E-02
4.22988E+03 -2.76346E-02
4.23037E+03 -2.76318E-02
4.23085E+03 -2.76274E-02
4.23133E+03 -2.76117E-02
4.23181E+03 -2.75983E-02
4.23229E+03 -2.76068E-02
4.23278E+03 -2.76316E-02
4.23326E+03 -2.76473E-02
4.23374E+03 -2.76413E-02
4.23422E+03 -2.76246E-02
4.23471E+03 -2.76066E-02
4.23519E+03 -2.75800E-02
4.23567E+03 -2.75406E-02
4.23615E+03 -2.75078E-02
4.23663E+03 -2.75075E-02
4.23712E+03 -2.75408E-02
4.23760E+03 -2.75863E-02
4.23808E+03 -2.76264E-02
4.23856E+03 -2.76551E-02
4.23905E+03 -2.76614E-02
4.23953E+03 -2.76305E-02
4.24001E+03 -2.75723E-02
4.24049E+03 -2.75282E-02
4.24097E+03 -2.75299E-02
4.24146E+03 -2.75566E-02
4.24194E+03 -2.75567E-02
4.24242E+03 -2.75111E-02
4.24290E+03 -2.74579E-02
4.24339E+03 -2.74476E-02
4.24387E+03 -2.74878E-02
4.24435E+03 -2.75426E-02
4.24483E+03 -2.75779E-02
4.24531E+03 -2.75909E-02
4.24580E+03 -2.75978E-02
4.24628E+03 -2.76054E-02
4.24676E+03 -2.76034E-02
4.24724E+03 -2.75815E-02
4.24773E+03 -2.75466E-02
4.24821E+03 -2.75189E-02
4.24869E+03 -2.75125E-02
4.24917E+03 -2.75210E-02
4.24965E+03 -2.75271E-02
4.25014E+03 -2.75251E-02
4.25062E+03 -2.75283E-02
4.25110E+03 -2.75518E-02
4.25158E+03 -2.75905E-02
4.25206E+03 -2.76210E-02
4.25255E+03 -2.76248E-02
4.25303E+03 -2.76050E-02
4.25351E+03 -2.75785E-02
4.25399E+03 -2.75574E-02
4.25448E+03 -2.75424E-02
4.25496E+03 -2.75319E-02
4.25544E+03 -2.75270E-02
4.25592E+03 -2.75273E-02
4.25640E+03 -2.75243E-02
4.25689E+03 -2.75115E-02
4.25737E+03 -2.74962E-02
4.25785E+03 -2.74942E-02
4.25833E+03 -2.75109E-02
4.25882E+03 -2.75315E-02
4.25930E+03 -2.75361E-02
4.25978E+03 -2.75197E-02
4.26026E+03 -2.74904E-02
4.26074E+03 -2.74564E-02
4.26123E+03 -2.74223E-02
4.26171E+03 -2.73971E-02
4.26219E+03 -2.73922E-02
4.26267E+03 -2.74076E-02
4.26316E+03 -2.74301E-02
4.26364E+03 -2.74500E-02
4.26412E+03 -2.74700E-02
4.26460E+03 -2.74931E-02
4.26508E+03 -2.75104E-02
4.26557E+03 -2.75104E-02
4.26605E+03 -2.74949E-02
4.26653E+03 -2.74740E-02
4.26701E+03 -2.74496E-02
4.26750E+03 -2.74173E-02
4.26798E+03 -2.73812E-02
4.26846E+03 -2.73566E-02
4.26894E+03 -2.73541E-02
4.26942E+03 -2.73694E-02
4.26991E+03 -2.73891E-02
4.27039E+03 -2.73975E-02
4.27087E+03 -2.73807E-02
4.27135E+03 -2.73404E-02
4.27183E+03 -2.73058E-02
4.27232E+03 -2.73136E-02
4.27280E+03 -2.73644E-02
4.27328E+03 -2.74132E-02
4.27376E+03 -2.74171E-02
4.27425E+03 -2.73823E-02
4.27473E+03 -2.73489E-02
4.27521E+03 -2.73386E-02
4.27569E+03 -2.73393E-02
4.27617E+03 -2.73377E-02
4.27666E+03 -2.73408E-02
4.27714E+03 -2.73559E-02
4.27762E+03 -2.73685E-02
4.27810E+03 -2.73581E-02
4.27859E+03 -2.73281E-02
4.27907E+03 -2.73042E-02
4.27955E+03 -2.73046E-02
4.28003E+03 -2.73230E-02
4.28051E+03 -2.73387E-02
4.28100E+03 -2.73373E-02
4.28148E+03 -2.73207E-02
4.28196E+03 -2.73047E-02
4.28244E+03 -2.73058E-02
4.28293E+03 -2.73242E-02
4.28341E+03 -2.73422E-02
4.28389E+03 -2.73421E-02
4.28437E+03 -2.73239E-02
4.28485E+03 -2.73002E-02
4.28534E+03 -2.72778E-02
4.28582E+03 -2.72560E-02
4.28630E+03 -2.72412E-02
4.28678E+03 -2.72482E-02
4.28727E+03 -2.72782E-02
4.28775E+03 -2.73084E-02
4.28823E+03 -2.73142E-02
4.28871E+03 -2.72964E-02
4.28919E+03 -2.72754E-02
4.28968E+03 -2.72606E-02
4.29016E+03 -2.72415E-02
4.29064E+03 -2.72111E-02
4.29112E+03 -2.71854E-02
4.29161E+03 -2.71874E-02
4.29209E+03 -2.72188E-02
4.29257E+03 -2.72585E-02
4.29305E+03 -2.72901E-02
4.29353E+03 -2.73184E-02
4.29402E+03 -2.73556E-02
4.29450E+03 -2.73974E-02
4.29498E+03 -2.74240E-02
4.29546E+03 -2.74248E-02
4.29595E+03 -2.74111E-02
4.29643E+03 -2.74010E-02
4.29691E+03 -2.73966E-02
4.29739E+03 -2.73873E-02
4.29787E+03 -2.73700E-02
4.29836E+03 -2.73566E-02
4.29884E+03 -2.73568E-02
4.29932E+03 -2.73631E-02
4.29980E+03 -2.73612E-02
4.30029E+03 -2.73525E-02
4.30077E+03 -2.73531E-02
4.30125E+03 -2.73724E-02
4.30173E+03 -2.73986E-02
4.30221E+03 -2.74106E-02
4.30270E+03 -2.73988E-02
4.30318E+03 -2.73729E-02
4.30366E+03 -2.73506E-02
4.30414E+03 -2.73439E-02
4.30462E+03 -2.73520E-02
4.30511E+03 -2.73649E-02
4.30559E+03 -2.73735E-02
4.30607E+03 -2.73784E-02
4.30655E+03 -2.73863E-02
4.30704E+03 -2.73985E-02
4.30752E+03 -2.74078E-02
4.30800E+03 -2.74087E-02
4.30848E+03 -2.74035E-02
4.30896E+03 -2.73987E-02
4.30945E+03 -2.73998E-02
4.30993E+03 -2.74127E-02
4.31041E+03 -2.74427E-02
4.31089E+03 -2.74814E-02
4.31138E+03 -2.75034E-02
4.31186E+03 -2.74898E-02
4.31234E+03 -2.74532E-02
4.31282E+03 -2.74280E-02
4.31330E+03 -2.74321E-02
4.31379E+03 -2.74500E-02
4.31427E+03 -2.74570E-02
4.31475E+03 -2.74466E-02
4.31523E+03 -2.74276E-02
4.31572E+03 -2.74084E-02
4.31620E+03 -2.73957E-02
4.31668E+03 -2.74002E-02
4.31716E+03 -2.74268E-02
4.31764E+03 -2.74589E-02
4.31813E+03 -2.74695E-02
4.31861E+03 -2.74535E-02
4.31909E+03 -2.74367E-02
4.31957E+03 -2.74454E-02
4.32006E+03 -2.74727E-02
4.32054E+03 -2.74853E-02
4.32102E+03 -2.74614E-02
4.32150E+03 -2.74153E-02
4.32198E+03 -2.73815E-02
4.32247E+03 -2.73797E-02
4.32295E+03 -2.74006E-02
4.32343E+03 -2.74218E-02
4.32391E+03 -2.74324E-02
4.32440E+03 -2.74372E-02
4.32488E+03 -2.74416E-02
4.32536E+03 -2.74432E-02
4.32584E+03 -2.74400E-02
4.32632E+03 -2.74367E-02
4.32681E+03 -2.74366E-02
4.32729E+03 -2.74293E-02
4.32777E+03 -2.74002E-02
4.32825E+03 -2.73501E-02
4.32873E+03 -2.73005E-02
4.32922E+03 -2.72766E-02
4.32970E+03 -2.72869E-02
4.33018E+03 -2.73197E-02
4.33066E+03 -2.73535E-02
4.33115E+03 -2.73729E-02
4.33163E+03 -2.73788E-02
4.33211E+03 -2.73844E-02
4.33259E+03 -2.73973E-02
4.33307E+03 -2.74053E-02
4.33356E+03 -2.73906E-02
4.33404E+03 -2.73581E-02
4.33452E+03 -2.73383E-02
4.33500E+03 -2.73547E-02
4.33549E+03 -2.73986E-02
4.33597E+03 -2.74429E-02
4.33645E+03 -2.74731E-02
4.33693E+03 -2.74928E-02
4.33741E+03 -2.75020E-02
4.33790E+03 -2.74899E-02
4.33838E+03 -2.74526E-02
4.33886E+03 -2.74075E-02
4.33934E+03 -2.73794E-02
4.33983E+03 -2.73754E-02
4.34031E+03 -2.73804E-02
4.34079E+03 -2.73757E-02
4.34127E+03 -2.73567E-02
4.34175E+03 -2.73321E-02
4.34224E+03 -2.73115E-02
4.34272E+03 -2.72967E-02
4.34320E+03 -2.72830E-02
4.34368E+03 -2.72671E-02
4.34417E+03 -2.72522E-02
4.34465E+03 -2.72460E-02
4.34513E+03 -2.72557E-02
4.34561E+03 -2.72817E-02
4.34609E+03 -2.73151E-02
4.34658E+03 -2.73399E-02
4.34706E+03 -2.73451E-02
4.34754E+03 -2.73356E-02
4.34802E+03 -2.73277E-02
4.34851E+03 -2.73314E-02
4.34899E+03 -2.73385E-02
4.34947E+03 -2.73371E-02
4.34995E+03 -2.73286E-02
4.35043E+03 -2.73229E-02
4.35092E+03 -2.73180E-02
4.35140E+03 -2.72992E-02
4.35188E+03 -2.72622E-02
4.35236E+03 -2.72276E-02
4.35285E+03 -2.72177E-02
4.35333E+03 -2.72297E-02
4.35381E+03 -2.72389E-02
4.35429E+03 -2.72313E-02
4.35477E+03 -2.72176E-02
4.35526E+03 -2.72154E-02
4.35574E+03 -2.72260E-02
4.35622E+03 -2.72367E-02
4.35670E+03 -2.72403E-02
4.35719E+03 -2.72431E-02
4.35767E+03 -2.72524E-02
4.35815E+03 -2.72659E-02
4.35863E+03 -2.72741E-02
4.35911E+03 -2.72731E-02
4.35960E+03 -2.72690E-02
4.36008E+03 -2.72701E-02
4.36056E+03 -2.72767E-02
4.36104E+03 -2.72821E-02
4.36152E+03 -2.72808E-02
4.36201E+03 -2.72721E-02
4.36249E+03 -2.72565E-02
4.36297E+03 -2.72332E-02
4.36345E+03 -2.72056E-02
4.36394E+03 -2.71850E-02
4.36442E+03 -2.71822E-02
4.36490E+03 -2.71942E-02
4.36538E+03 -2.72065E-02
4.36586E+03 -2.72105E-02
4.36635E+03 -2.72113E-02
4.36683E+03 -2.72153E-02
4.36731E+03 -2.72160E-02
4.36779E+03 -2.72029E-02
4.36828E+03 -2.71789E-02
4.36876E+03 -2.71604E-02
4.36924E+03 -2.71549E-02
4.36972E+03 -2.71503E-02
4.37020E+03 -2.71303E-02
4.37069E+03 -2.70950E-02
4.37117E+03 -2.70601E-02
4.37165E+03 -2.70401E-02
4.37213E+03 -2.70403E-02
4.37262E+03 -2.70591E-02
4.37310E+03 -2.70873E-02
4.37358E+03 -2.71052E-02
4.37406E+03 -2.70966E-02
4.37454E+03 -2.70680E-02
4.37503E+03 -2.70459E-02
4.37551E+03 -2.70466E-02
4.37599E+03 -2.70584E-02
4.37647E+03 -2.70608E-02
4.37696E+03 -2.70536E-02
4.37744E+03 -2.70527E-02
4.37792E+03 -2.70631E-02
4.37840E+03 -2.70691E-02
4.37888E+03 -2.70551E-02
4.37937E+03 -2.70236E-02
4.37985E+03 -2.69882E-02
4.38033E+03 -2.69587E-02
4.38081E+03 -2.69373E-02
4.38129E+03 -2.69211E-02
4.38178E+03 -2.69032E-02
4.38226E+03 -2.68781E-02
4.38274E+03 -2.68549E-02
4.38322E+03 -2.68571E-02
4.38371E+03 -2.68982E-02
4.38419E+03 -2.69607E-02
4.38467E+03 -2.70085E-02
4.38515E+03 -2.70186E-02
4.38563E+03 -2.69942E-02
4.38612E+03 -2.69501E-02
4.38660E+03 -2.69012E-02
4.38708E+03 -2.68648E-02
4.38756E+03 -2.68562E-02
4.38805E+03 -2.68689E-02
4.38853E+03 -2.68695E-02
4.38901E+03 -2.68300E-02
4.38949E+03 -2.67666E-02
4.38997E+03 -2.67290E-02
4.39046E+03 -2.67445E-02
4.39094E+03 -2.67831E-02
4.39142E+03 -2.67930E-02
4.39190E+03 -2.67617E-02
4.39239E+03 -2.67285E-02
4.39287E+03 -2.67320E-02
4.39335E+03 -2.67656E-02
4.39383E+03 -2.67932E-02
4.39431E+03 -2.67979E-02
4.39480E+03 -2.67931E-02
4.39528E+03 -2.67894E-02
4.39576E+03 -2.67729E-02
4.39624E+03 -2.67280E-02
4.39673E+03 -2.66700E-02
4.39721E+03 -2.66352E-02
4.39769E+03 -2.66405E-02
4.39817E+03 -2.66673E-02
4.39865E+03 -2.66859E-02
4.39914E+03 -2.66862E-02
4.39962E+03 -2.66773E-02
4.40010E+03 -2.66695E-02
4.40058E+03 -2.66651E-02
4.40107E+03 -2.66653E-02
4.40155E+03 -2.66773E-02
4.40203E+03 -2.67057E-02
4.40251E+03 -2.67402E-02
4.40299E+03 -2.67586E-02
4.40348E+03 -2.67462E-02
4.40396E+03 -2.67153E-02
4.40444E+03 -2.66938E-02
4.40492E+03 -2.66947E-02
4.40541E+03 -2.66999E-02
4.40589E+03 -2.66855E-02
4.40637E+03 -2.66551E-02
4.40685E+03 -2.66354E-02
4.40733E+03 -2.66404E-02
4.40782E+03 -2.66562E-02
4.40830E+03 -2.66620E-02
4.40878E+03 -2.66553E-02
4.40926E+03 -2.66451E-02
4.40975E+03 -2.66345E-02
4.41023E+03 -2.66215E-02
4.41071E+03 -2.66111E-02
4.41119E+03 -2.66112E-02
4.41167E+03 -2.66194E-02
4.41216E+03 -2.66255E-02
4.41264E+03 -2.66265E-02
4.41312E+03 -2.66281E-02
4.41360E+03 -2.66304E-02
4.41408E+03 -2.66280E-02
4.41457E+03 -2.66275E-02
4.41505E+03 -2.66487E-02
4.41553E+03 -2.66997E-02
4.41601E+03 -2.67569E-02
4.41650E+03 -2.67842E-02
4.41698E+03 -2.67699E-02
4.41746E+03 -2.67361E-02
4.41794E+03 -2.67111E-02
4.41842E+03 -2.66999E-02
4.41891E+03 -2.66860E-02
4.41939E+03 -2.66562E-02
4.41987E+03 -2.66196E-02
4.42035E+03 -2.66007E-02
4.42084E+03 -2.66137E-02
4.42132E+03 -2.66486E-02
4.42180E+03 -2.66823E-02
4.42228E+03 -2.66993E-02
4.42276E+03 -2.66977E-02
4.42325E+03 -2.66794E-02
4.42373E+03 -2.66493E-02
4.42421E+03 -2.66232E-02
4.42469E+03 -2.66229E-02
4.42518E+03 -2.66523E-02
4.42566E+03 -2.66874E-02
4.42614E+03 -2.67016E-02
4.42662E+03 -2.66964E-02
4.42710E+03 -2.66942E-02
4.42759E+03 -2.67035E-02
4.42807E+03 -2.67076E-02
4.42855E+03 -2.66915E-02
4.42903E+03 -2.66640E-02
4.42952E+03 -2.66476E-02
4.43000E+03 -2.66535E-02
4.43048E+03 -2.66771E-02
4.43096E+03 -2.67083E-02
4.43144E+03 -2.67361E-02
4.43193E+03 -2.67482E-02
4.43241E+03 -2.67409E-02
4.43289E+03 -2.67287E-02
4.43337E+03 -2.67327E-02
4.43386E+03 -2.67555E-02
4.43434E+03 -2.67757E-02
4.43482E+03 -2.67748E-02
4.43530E+03 -2.67597E-02
4.43578E+03 -2.67524E-02
4.43627E+03 -2.67607E-02
4.43675E+03 -2.67686E-02
4.43723E+03 -2.67568E-02
4.43771E+03 -2.67290E-02
4.43820E+03 -2.67098E-02
4.43868E+03 -2.67187E-02
4.43916E+03 -2.67471E-02
4.43964E+03 -2.67675E-02
4.44012E+03 -2.67626E-02
4.44061E+03 -2.67444E-02
4.44109E+03 -2.67407E-02
4.44157E+03 -2.67650E-02
4.44205E+03 -2.68030E-02
4.44254E+03 -2.68312E-02
4.44302E+03 -2.68425E-02
4.44350E+03 -2.68498E-02
4.44398E+03 -2.68674E-02
4.44446E+03 -2.68940E-02
4.44495E+03 -2.69184E-02
4.44543E+03 -2.69345E-02
4.44591E+03 -2.69443E-02
4.44639E+03 -2.69486E-02
4.44687E+03 -2.69434E-02
4.44736E+03 -2.69283E-02
4.44784E+03 -2.69141E-02
4.44832E+03 -2.69112E-02
4.44880E+03 -2.69146E-02
4.44929E+03 -2.69098E-02
4.44977E+03 -2.68967E-02
4.45025E+03 -2.68952E-02
4.45073E+03 -2.69197E-02
4.45121E+03 -2.69535E-02
4.45170E+03 -2.69628E-02
4.45218E+03 -2.69360E-02
4.45266E+03 -2.68987E-02
4.45314E+03 -2.68876E-02
4.45363E+03 -2.69147E-02
4.45411E+03 -2.69622E-02
4.45459E+03 -2.70003E-02
4.45507E+03 -2.70068E-02
4.45555E+03 -2.69796E-02
4.45604E+03 -2.69406E-02
4.45652E+03 -2.69263E-02
4.45700E+03 -2.69554E-02
4.45748E+03 -2.70083E-02
4.45797E+03 -2.70443E-02
4.45845E+03 -2.70417E-02
4.45893E+03 -2.70099E-02
4.45941E+03 -2.69677E-02
4.45989E+03 -2.69259E-02
4.46038E+03 -2.68992E-02
4.46086E+03 -2.69101E-02
4.46134E+03 -2.69626E-02
4.46182E+03 -2.70216E-02
4.46231E+03 -2.70402E-02
4.46279E+03 -2.70129E-02
4.46327E+03 -2.69790E-02
4.46375E+03 -2.69704E-02
4.46423E+03 -2.69763E-02
4.46472E+03 -2.69702E-02
4.46520E+03 -2.69539E-02
4.46568E+03 -2.69548E-02
4.46616E+03 -2.69846E-02
4.46665E+03 -2.70228E-02
4.46713E+03 -2.70448E-02
4.46761E+03 -2.70488E-02
4.46809E+03 -2.70502E-02
4.46857E+03 -2.70601E-02
4.46906E+03 -2.70785E-02
4.46954E+03 -2.70976E-02
4.47002E+03 -2.71040E-02
4.47050E+03 -2.70852E-02
4.47098E+03 -2.70453E-02
4.47147E+03 -2.70079E-02
4.47195E+03 -2.69923E-02
4.47243E+03 -2.69908E-02
4.47291E+03 -2.69814E-02
4.47340E+03 -2.69626E-02
4.47388E+03 -2.69611E-02
4.47436E+03 -2.70008E-02
4.47484E+03 -2.70736E-02
4.47532E+03 -2.71467E-02
4.47581E+03 -2.71906E-02
4.47629E+03 -2.71936E-02
4.47677E+03 -2.71591E-02
4.47725E+03 -2.71034E-02
4.47774E+03 -2.70540E-02
4.47822E+03 -2.70349E-02
4.47870E+03 -2.70482E-02
4.47918E+03 -2.70731E-02
4.47966E+03 -2.70838E-02
4.48015E+03 -2.70656E-02
4.48063E+03 -2.70212E-02
4.48111E+03 -2.69709E-02
4.48159E+03 -2.69454E-02
4.48208E+03 -2.69657E-02
4.48256E+03 -2.70213E-02
4.48304E+03 -2.70785E-02
4.48352E+03 -2.71124E-02
4.48400E+03 -2.71252E-02
4.48449E+03 -2.71290E-02
4.48497E+03 -2.71213E-02
4.48545E+03 -2.70939E-02
4.48593E+03 -2.70568E-02
4.48642E+03 -2.70361E-02
4.48690E+03 -2.70430E-02
4.48738E+03 -2.70575E-02
4.48786E+03 -2.70507E-02
4.48834E+03 -2.70184E-02
4.48883E+03 -2.69854E-02
4.48931E+03 -2.69802E-02
4.48979E+03 -2.70097E-02
4.49027E+03 -2.70540E-02
4.49076E+03 -2.70820E-02
4.49124E+03 -2.70762E-02
4.49172E+03 -2.70470E-02
4.49220E+03 -2.70237E-02
4.49268E+03 -2.70270E-02
4.49317E+03 -2.70520E-02
4.49365E+03 -2.70798E-02
4.49413E+03 -2.70999E-02
4.49461E+03 -2.71177E-02
4.49510E+03 -2.71383E-02
4.49558E+03 -2.71542E-02
4.49606E+03 -2.71504E-02
4.49654E+03 -2.71191E-02
4.49702E+03 -2.70678E-02
4.49751E+03 -2.70182E-02
4.49799E+03 -2.69941E-02
4.49847E+03 -2.70073E-02
4.49895E+03 -2.70459E-02
4.49944E+03 -2.70840E-02
4.49992E+03 -2.71059E-02
4.50040E+03 -2.71211E-02
4.50088E+03 -2.71458E-02
4.50136E+03 -2.71742E-02
4.50185E+03 -2.71765E-02
4.50233E+03 -2.71359E-02
4.50281E+03 -2.70800E-02
4.50329E+03 -2.70605E-02
4.50377E+03 -2.70973E-02
4.50426E+03 -2.71532E-02
4.50474E+03 -2.71747E-02
4.50522E+03 -2.71511E-02
4.50570E+03 -2.71191E-02
4.50619E+03 -2.71098E-02
4.50667E+03 -2.71099E-02
4.50715E+03 -2.70894E-02
4.50763E+03 -2.70521E-02
4.50811E+03 -2.70341E-02
4.50860E+03 -2.70513E-02
4.50908E+03 -2.70728E-02
4.50956E+03 -2.70619E-02
4.51004E+03 -2.70278E-02
4.51053E+03 -2.70154E-02
4.51101E+03 -2.70463E-02
4.51149E+03 -2.70934E-02
4.51197E+03 -2.71197E-02
4.51245E+03 -2.71220E-02
4.51294E+03 -2.71229E-02
4.51342E+03 -2.71323E-02
4.51390E+03 -2.71381E-02
4.51438E+03 -2.71337E-02
4.51487E+03 -2.71318E-02
4.51535E+03 -2.71434E-02
4.51583E+03 -2.71581E-02
4.51631E+03 -2.71598E-02
4.51679E+03 -2.71504E-02
4.51728E+03 -2.71439E-02
4.51776E+03 -2.71409E-02
4.51824E+03 -2.71264E-02
4.51872E+03 -2.70956E-02
4.51921E+03 -2.70649E-02
4.51969E+03 -2.70497E-02
4.52017E+03 -2.70432E-02
4.52065E+03 -2.70289E-02
4.52113E+03 -2.70051E-02
4.52162E+03 -2.69829E-02
4.52210E+03 -2.69638E-02
4.52258E+03 -2.69368E-02
4.52306E+03 -2.68991E-02
4.52354E+03 -2.68682E-02
4.52403E+03 -2.68654E-02
4.52451E+03 -2.68946E-02
4.52499E+03 -2.69419E-02
4.52547E+03 -2.69899E-02
4.52596E+03 -2.70249E-02
4.52644E+03 -2.70392E-02
4.52692E+03 -2.70358E-02
4.52740E+03 -2.70304E-02
4.52788E+03 -2.70384E-02
4.52837E+03 -2.70586E-02
4.52885E+03 -2.70750E-02
4.52933E+03 -2.70751E-02
4.52981E+03 -2.70630E-02
4.53030E+03 -2.70511E-02
4.53078E+03 -2.70475E-02
4.53126E+03 -2.70524E-02
4.53174E+03 -2.70643E-02
4.53222E+03 -2.70825E-02
4.53271E+03 -2.71060E-02
4.53319E+03 -2.71314E-02
4.53367E+03 -2.71526E-02
4.53415E+03 -2.71615E-02
4.53464E+03 -2.71519E-02
4.53512E+03 -2.71261E-02
4.53560E+03 -2.70947E-02
4.53608E+03 -2.70657E-02
4.53656E+03 -2.70377E-02
4.53705E+03 -2.70087E-02
4.53753E+03 -2.69875E-02
4.53801E+03 -2.69871E-02
4.53849E+03 -2.70066E-02
4.53898E+03 -2.70285E-02
4.53946E+03 -2.70388E-02
4.53994E+03 -2.70408E-02
4.54042E+03 -2.70427E-02
4.54090E+03 -2.70390E-02
4.54139E+03 -2.70205E-02
4.54187E+03 -2.69967E-02
4.54235E+03 -2.69905E-02
4.54283E+03 -2.70031E-02
4.54332E+03 -2.70039E-02
4.54380E+03 -2.69685E-02
4.54428E+03 -2.69173E-02
4.54476E+03 -2.68961E-02
4.54524E+03 -2.69210E-02
4.54573E+03 -2.69630E-02
4.54621E+03 -2.69876E-02
4.54669E+03 -2.69936E-02
4.54717E+03 -2.69989E-02
4.54766E+03 -2.70063E-02
4.54814E+03 -2.70012E-02
4.54862E+03 -2.69806E-02
4.54910E+03 -2.69671E-02
4.54958E+03 -2.69860E-02
4.55007E+03 -2.70315E-02
4.55055E+03 -2.70624E-02
4.55103E+03 -2.70336E-02
4.55151E+03 -2.69398E-02
4.55200E+03 -2.68291E-02
4.55248E+03 -2.67662E-02
4.55296E+03 -2.67732E-02
4.55344E+03 -2.68130E-02
4.55392E+03 -2.68341E-02
4.55441E+03 -2.68252E-02
4.55489E+03 -2.68112E-02
4.55537E+03 -2.68073E-02
4.55585E+03 -2.67950E-02
4.55633E+03 -2.67515E-02
4.55682E+03 -2.66826E-02
4.55730E+03 -2.66176E-02
4.55778E+03 -2.65798E-02
4.55826E+03 -2.65742E-02
4.55875E+03 -2.65907E-02
4.55923E+03 -2.66115E-02
4.55971E+03 -2.66199E-02
4.56019E+03 -2.66180E-02
4.56067E+03 -2.66269E-02
4.56116E+03 -2.66595E-02
4.56164E+03 -2.66972E-02
4.56212E+03 -2.67088E-02
4.56260E+03 -2.66913E-02
4.56309E+03 -2.66765E-02
4.56357E+03 -2.66934E-02
4.56405E+03 -2.67390E-02
4.56453E+03 -2.67879E-02
4.56501E+03 -2.68182E-02
4.56550E+03 -2.68199E-02
4.56598E+03 -2.67961E-02
4.56646E+03 -2.67669E-02
4.56694E+03 -2.67624E-02
4.56743E+03 -2.67954E-02
4.56791E+03 -2.68421E-02
4.56839E+03 -2.68643E-02
4.56887E+03 -2.68520E-02
4.56935E+03 -2.68306E-02
4.56984E+03 -2.68280E-02
4.57032E+03 -2.68471E-02
4.57080E+03 -2.68741E-02
4.57128E+03 -2.69004E-02
4.57177E+03 -2.69262E-02
4.57225E+03 -2.69508E-02
4.57273E+03 -2.69689E-02
4.57321E+03 -2.69735E-02
4.57369E+03 -2.69577E-02
4.57418E+03 -2.69220E-02
4.57466E+03 -2.68850E-02
4.57514E+03 -2.68800E-02
4.57562E+03 -2.69228E-02
4.57610E+03 -2.69890E-02
4.57659E+03 -2.70341E-02
4.57707E+03 -2.70414E-02
4.57755E+03 -2.70347E-02
4.57803E+03 -2.70404E-02
4.57852E+03 -2.70496E-02
4.57900E+03 -2.70353E-02
4.57948E+03 -2.69954E-02
4.57996E+03 -2.69613E-02
4.58044E+03 -2.69602E-02
4.58093E+03 -2.69814E-02
4.58141E+03 -2.69878E-02
4.58189E+03 -2.69568E-02
4.58237E+03 -2.68993E-02
4.58286E+03 -2.68473E-02
4.58334E+03 -2.68270E-02
4.58382E+03 -2.68436E-02
4.58430E+03 -2.68818E-02
4.58478E+03 -2.69193E-02
4.58527E+03 -2.69423E-02
4.58575E+03 -2.69535E-02
4.58623E+03 -2.69633E-02
4.58671E+03 -2.69737E-02
4.58720E+03 -2.69752E-02
4.58768E+03 -2.69584E-02
4.58816E+03 -2.69298E-02
4.58864E+03 -2.69078E-02
4.58912E+03 -2.69062E-02
4.58961E+03 -2.69218E-02
4.59009E+03 -2.69421E-02
4.59057E+03 -2.69604E-02
4.59105E+03 -2.69796E-02
4.59154E+03 -2.70014E-02
4.59202E+03 -2.70176E-02
4.59250E+03 -2.70194E-02
4.59298E+03 -2.70112E-02
4.59346E+03 -2.70110E-02
4.59395E+03 -2.70302E-02
4.59443E+03 -2.70565E-02
4.59491E+03 -2.70614E-02
4.59539E+03 -2.70297E-02
4.59588E+03 -2.69814E-02
4.59636E+03 -2.69596E-02
4.59684E+03 -2.69909E-02
4.59732E+03 -2.70571E-02
4.59780E+03 -2.71114E-02
4.59829E+03 -2.71218E-02
4.59877E+03 -2.70948E-02
4.59925E+03 -2.70574E-02
4.59973E+03 -2.70260E-02
4.60022E+03 -2.70050E-02
4.60070E+03 -2.70029E-02
4.60118E+03 -2.70285E-02
4.60166E+03 -2.70673E-02
4.60214E+03 -2.70821E-02
4.60263E+03 -2.70537E-02
4.60311E+03 -2.70092E-02
4.60359E+03 -2.69942E-02
4.60407E+03 -2.70194E-02
4.60456E+03 -2.70506E-02
4.60504E+03 -2.70538E-02
4.60552E+03 -2.70313E-02
4.60600E+03 -2.70094E-02
4.60648E+03 -2.70036E-02
4.60697E+03 -2.70092E-02
4.60745E+03 -2.70159E-02
4.60793E+03 -2.70202E-02
4.60841E+03 -2.70246E-02
4.60890E+03 -2.70365E-02
4.60938E+03 -2.70667E-02
4.60986E+03 -2.71188E-02
4.61034E+03 -2.71778E-02
4.61082E+03 -2.72174E-02
4.61131E+03 -2.72220E-02
4.61179E+03 -2.72013E-02
4.61227E+03 -2.71797E-02
4.61275E+03 -2.71730E-02
4.61323E+03 -2.71781E-02
4.61372E+03 -2.71817E-02
4.61420E+03 -2.71779E-02
4.61468E+03 -2.71772E-02
4.61516E+03 -2.71935E-02
4.61565E+03 -2.72228E-02
4.61613E+03 -2.72392E-02
4.61661E+03 -2.72193E-02
4.61709E+03 -2.71701E-02
4.61757E+03 -2.71271E-02
4.61806E+03 -2.71215E-02
4.61854E+03 -2.71532E-02
4.61902E+03 -2.71945E-02
4.61950E+03 -2.72182E-02
4.61999E+03 -2.72162E-02
4.62047E+03 -2.72005E-02
4.62095E+03 -2.71889E-02
4.62143E+03 -2.71906E-02
4.62191E+03 -2.72029E-02
4.62240E+03 -2.72215E-02
4.62288E+03 -2.72519E-02
4.62336E+03 -2.73031E-02
4.62384E+03 -2.73680E-02
4.62433E+03 -2.74195E-02
4.62481E+03 -2.74332E-02
4.62529E+03 -2.74133E-02
4.62577E+03 -2.73880E-02
4.62625E+03 -2.73820E-02
4.62674E+03 -2.73995E-02
4.62722E+03 -2.74327E-02
4.62770E+03 -2.74747E-02
4.62818E+03 -2.75171E-02
4.62867E+03 -2.75469E-02
4.62915E+03 -2.75523E-02
4.62963E+03 -2.75336E-02
4.63011E+03 -2.74994E-02
4.63059E+03 -2.74583E-02
4.63108E+03 -2.74175E-02
4.63156E+03 -2.73907E-02
4.63204E+03 -2.73984E-02
4.63252E+03 -2.74499E-02
4.63300E+03 -2.75275E-02
4.63349E+03 -2.75917E-02
4.63397E+03 -2.76094E-02
4.63445E+03 -2.75809E-02
4.63493E+03 -2.75391E-02
4.63542E+03 -2.75226E-02
4.63590E+03 -2.75475E-02
4.63638E+03 -2.76001E-02
4.63686E+03 -2.76562E-02
4.63734E+03 -2.77024E-02
4.63783E+03 -2.77410E-02
4.63831E+03 -2.77785E-02
4.63879E+03 -2.78155E-02
4.63927E+03 -2.78439E-02
4.63976E+03 -2.78558E-02
4.64024E+03 -2.78550E-02
4.64072E+03 -2.78610E-02
4.64120E+03 -2.78941E-02
4.64168E+03 -2.79516E-02
4.64217E+03 -2.80054E-02
4.64265E+03 -2.80308E-02
4.64313E+03 -2.80377E-02
4.64361E+03 -2.80586E-02
4.64410E+03 -2.81070E-02
4.64458E+03 -2.81571E-02
4.64506E+03 -2.81809E-02
4.64554E+03 -2.81881E-02
4.64602E+03 -2.82170E-02
4.64651E+03 -2.82859E-02
4.64699E+03 -2.83723E-02
4.64747E+03 -2.84424E-02
4.64795E+03 -2.84869E-02
4.64844E+03 -2.85152E-02
4.64892E+03 -2.85239E-02
4.64940E+03 -2.84869E-02
4.64988E+03 -2.83751E-02
4.65036E+03 -2.81804E-02
4.65085E+03 -2.79233E-02
4.65133E+03 -2.76439E-02
4.65181E+03 -2.73826E-02
4.65229E+03 -2.71559E-02
4.65278E+03 -2.69462E-02
4.65326E+03 -2.67234E-02
4.65374E+03 -2.64797E-02
4.65422E+03 -2.62371E-02
4.65470E+03 -2.60224E-02
4.65519E+03 -2.58444E-02
4.65567E+03 -2.57006E-02
4.65615E+03 -2.55904E-02
4.65663E+03 -2.55101E-02
4.65712E+03 -2.54429E-02
4.65760E+03 -2.53685E-02
4.65808E+03 -2.52860E-02
4.65856E+03 -2.52147E-02
4.65904E+03 -2.51699E-02
4.65953E+03 -2.51468E-02
4.66001E+03 -2.51289E-02
4.66049E+03 -2.51002E-02
4.66097E+03 -2.50483E-02
4.66146E+03 -2.49694E-02
4.66194E+03 -2.48821E-02
4.66242E+03 -2.48273E-02
4.66290E+03 -2.48356E-02
4.66338E+03 -2.48946E-02
4.66387E+03 -2.49573E-02
4.66435E+03 -2.49820E-02
4.66483E+03 -2.49583E-02
4.66531E+03 -2.48981E-02
4.66579E+03 -2.48165E-02
4.66628E+03 -2.47298E-02
4.66676E+03 -2.46601E-02
4.66724E+03 -2.46271E-02
4.66772E+03 -2.46327E-02
4.66821E+03 -2.46585E-02
4.66869E+03 -2.46832E-02
4.66917E+03 -2.46980E-02
4.66965E+03 -2.47062E-02
4.67013E+03 -2.47082E-02
4.67062E+03 -2.46950E-02
4.67110E+03 -2.46613E-02
4.67158E+03 -2.46253E-02
4.67206E+03 -2.46222E-02
4.67255E+03 -2.46660E-02
4.67303E+03 -2.47237E-02
4.67351E+03 -2.47419E-02
4.67399E+03 -2.47064E-02
4.67447E+03 -2.46593E-02
4.67496E+03 -2.46510E-02
4.67544E+03 -2.46857E-02
4.67592E+03 -2.47259E-02
4.67640E+03 -2.47398E-02
4.67689E+03 -2.47288E-02
4.67737E+03 -2.47090E-02
4.67785E+03 -2.46861E-02
4.67833E+03 -2.46576E-02
4.67881E+03 -2.46290E-02
4.67930E+03 -2.46137E-02
4.67978E+03 -2.46206E-02
4.68026E+03 -2.46464E-02
4.68074E+03 -2.46771E-02
4.68123E+03 -2.46948E-02
4.68171E+03 -2.46865E-02
4.68219E+03 -2.46554E-02
4.68267E+03 -2.46215E-02
4.68315E+03 -2.46063E-02
4.68364E+03 -2.46157E-02
4.68412E+03 -2.46392E-02
4.68460E+03 -2.46634E-02
4.68508E+03 -2.46845E-02
4.68556E+03 -2.47114E-02
4.68605E+03 -2.47562E-02
4.68653E+03 -2.48170E-02
4.68701E+03 -2.48690E-02
4.68749E+03 -2.48810E-02
4.68798E+03 -2.48497E-02
4.68846E+03 -2.48095E-02
4.68894E+03 -2.48000E-02
4.68942E+03 -2.48249E-02
4.68990E+03 -2.48551E-02
4.69039E+03 -2.48674E-02
4.69087E+03 -2.48689E-02
4.69135E+03 -2.48793E-02
4.69183E+03 -2.49054E-02
4.69232E+03 -2.49390E-02
4.69280E+03 -2.49713E-02
4.69328E+03 -2.49987E-02
4.69376E+03 -2.50191E-02
4.69424E+03 -2.50321E-02
4.69473E+03 -2.50418E-02
4.69521E+03 -2.50495E-02
4.69569E+03 -2.50460E-02
4.69617E+03 -2.50205E-02
4.69666E+03 -2.49788E-02
4.69714E+03 -2.49489E-02
4.69762E+03 -2.49598E-02
4.69810E+03 -2.50175E-02
4.69858E+03 -2.50990E-02
4.69907E+03 -2.51684E-02
4.69955E+03 -2.52019E-02
4.70003E+03 -2.52044E-02
4.70051E+03 -2.52021E-02
4.70100E+03 -2.52193E-02
4.70148E+03 -2.52575E-02
4.70196E+03 -2.52987E-02
4.70244E+03 -2.53262E-02
4.70292E+03 -2.53374E-02
4.70341E+03 -2.53398E-02
4.70389E+03 -2.53448E-02
4.70437E+03 -2.53674E-02
4.70485E+03 -2.54252E-02
4.70534E+03 -2.55182E-02
4.70582E+03 -2.56123E-02
4.70630E+03 -2.56562E-02
4.70678E+03 -2.56298E-02
4.70726E+03 -2.55699E-02
4.70775E+03 -2.55420E-02
4.70823E+03 -2.55788E-02
4.70871E+03 -2.56543E-02
4.70919E+03 -2.57166E-02
4.70968E+03 -2.57388E-02
4.71016E+03 -2.57348E-02
4.71064E+03 -2.57339E-02
4.71112E+03 -2.57562E-02
4.71160E+03 -2.58051E-02
4.71209E+03 -2.58678E-02
4.71257E+03 -2.59155E-02
4.71305E+03 -2.59178E-02
4.71353E+03 -2.58744E-02
4.71402E+03 -2.58249E-02
4.71450E+03 -2.58178E-02
4.71498E+03 -2.58660E-02
4.71546E+03 -2.59422E-02
4.71594E+03 -2.60145E-02
4.71643E+03 -2.60735E-02
4.71691E+03 -2.61230E-02
4.71739E+03 -2.61598E-02
4.71787E+03 -2.61774E-02
4.71835E+03 -2.61800E-02
4.71884E+03 -2.61813E-02
4.71932E+03 -2.61910E-02
4.71980E+03 -2.62099E-02
4.72028E+03 -2.62385E-02
4.72077E+03 -2.62795E-02
4.72125E+03 -2.63257E-02
4.72173E+03 -2.63575E-02
4.72221E+03 -2.63605E-02
4.72269E+03 -2.63460E-02
4.72318E+03 -2.63436E-02
4.72366E+03 -2.63702E-02
4.72414E+03 -2.64111E-02
4.72462E+03 -2.64391E-02
4.72511E+03 -2.64513E-02
4.72559E+03 -2.64754E-02
4.72607E+03 -2.65306E-02
4.72655E+03 -2.65923E-02
4.72703E+03 -2.66106E-02
4.72752E+03 -2.65709E-02
4.72800E+03 -2.65170E-02
4.72848E+03 -2.65071E-02
4.72896E+03 -2.65527E-02
4.72945E+03 -2.66195E-02
4.72993E+03 -2.66779E-02
4.73041E+03 -2.67285E-02
4.73089E+03 -2.67783E-02
4.73137E+03 -2.68173E-02
4.73186E+03 -2.68366E-02
4.73234E+03 -2.68502E-02
4.73282E+03 -2.68713E-02
4.73330E+03 -2.68817E-02
4.73379E+03 -2.68518E-02
4.73427E+03 -2.67948E-02
4.73475E+03 -2.67660E-02
4.73523E+03 -2.67936E-02
4.73571E+03 -2.68362E-02
4.73620E+03 -2.68369E-02
4.73668E+03 -2.68064E-02
4.73716E+03 -2.68140E-02
4.73764E+03 -2.68950E-02
4.73813E+03 -2.70031E-02
4.73861E+03 -2.70662E-02
4.73909E+03 -2.70676E-02
4.73957E+03 -2.70498E-02
4.74005E+03 -2.70559E-02
4.74054E+03 -2.70998E-02
4.74102E+03 -2.71804E-02
4.74150E+03 -2.72911E-02
4.74198E+03 -2.74062E-02
4.74247E+03 -2.74831E-02
4.74295E+03 -2.74987E-02
4.74343E+03 -2.74753E-02
4.74391E+03 -2.74551E-02
4.74439E+03 -2.74583E-02
4.74488E+03 -2.74818E-02
4.74536E+03 -2.75249E-02
4.74584E+03 -2.75941E-02
4.74632E+03 -2.76766E-02
4.74680E+03 -2.77291E-02
4.74729E+03 -2.77134E-02
4.74777E+03 -2.76423E-02
4.74825E+03 -2.75764E-02
4.74873E+03 -2.75698E-02
4.74922E+03 -2.76159E-02
4.74970E+03 -2.76515E-02
4.75018E+03 -2.76165E-02
4.75066E+03 -2.75117E-02
4.75114E+03 -2.73961E-02
4.75163E+03 -2.73278E-02
4.75211E+03 -2.73127E-02
4.75259E+03 -2.73148E-02
4.75307E+03 -2.73089E-02
4.75356E+03 -2.73087E-02
4.75404E+03 -2.73359E-02
4.75452E+03 -2.73744E-02
4.75500E+03 -2.73732E-02
4.75548E+03 -2.73018E-02
4.75597E+03 -2.71971E-02
4.75645E+03 -2.71354E-02
4.75693E+03 -2.71541E-02
4.75741E+03 -2.72109E-02
4.75790E+03 -2.72302E-02
4.75838E+03 -2.71874E-02
4.75886E+03 -2.71312E-02
4.75934E+03 -2.71175E-02
4.75982E+03 -2.71383E-02
4.76031E+03 -2.71341E-02
4.76079E+03 -2.70706E-02
4.76127E+03 -2.69799E-02
4.76175E+03 -2.69198E-02
4.76224E+03 -2.69075E-02
4.76272E+03 -2.69105E-02
4.76320E+03 -2.68932E-02
4.76368E+03 -2.68573E-02
4.76416E+03 -2.68311E-02
4.76465E+03 -2.68323E-02
4.76513E+03 -2.68545E-02
4.76561E+03 -2.68820E-02
4.76609E+03 -2.69047E-02
4.76658E+03 -2.69142E-02
4.76706E+03 -2.68988E-02
4.76754E+03 -2.68563E-02
4.76802E+03 -2.68081E-02
4.76850E+03 -2.67843E-02
4.76899E+03 -2.67912E-02
4.76947E+03 -2.68051E-02
4.76995E+03 -2.68039E-02
4.77043E+03 -2.67919E-02
4.77092E+03 -2.67849E-02
4.77140E+03 -2.67814E-02
4.77188E+03 -2.67700E-02
4.77236E+03 -2.67577E-02
4.77284E+03 -2.67642E-02
4.77333E+03 -2.67832E-02
4.77381E+03 -2.67742E-02
4.77429E+03 -2.67108E-02
4.77477E+03 -2.66225E-02
4.77525E+03 -2.65701E-02
4.77574E+03 -2.65819E-02
4.77622E+03 -2.66331E-02
4.77670E+03 -2.66810E-02
4.77718E+03 -2.67037E-02
4.77767E+03 -2.66999E-02
4.77815E+03 -2.66730E-02
4.77863E+03 -2.66295E-02
4.77911E+03 -2.65851E-02
4.77959E+03 -2.65567E-02
4.78008E+03 -2.65482E-02
4.78056E+03 -2.65526E-02
4.78104E+03 -2.65646E-02
4.78152E+03 -2.65860E-02
4.78201E+03 -2.66132E-02
4.78249E+03 -2.66274E-02
4.78297E+03 -2.66077E-02
4.78345E+03 -2.65586E-02
4.78393E+03 -2.65141E-02
4.78442E+03 -2.65076E-02
4.78490E+03 -2.65327E-02
4.78538E+03 -2.65458E-02
4.78586E+03 -2.65131E-02
4.78635E+03 -2.64497E-02
4.78683E+03 -2.64016E-02
4.78731E+03 -2.63936E-02
4.78779E+03 -2.64068E-02
4.78827E+03 -2.64101E-02
4.78876E+03 -2.63998E-02
4.78924E+03 -2.64014E-02
4.78972E+03 -2.64357E-02
4.79020E+03 -2.64931E-02
4.79069E+03 -2.65399E-02
4.79117E+03 -2.65474E-02
4.79165E+03 -2.65141E-02
4.79213E+03 -2.64608E-02
4.79261E+03 -2.64080E-02
4.79310E+03 -2.63603E-02
4.79358E+03 -2.63171E-02
4.79406E+03 -2.62899E-02
4.79454E+03 -2.62957E-02
4.79503E+03 -2.63291E-02
4.79551E+03 -2.63555E-02
4.79599E+03 -2.63437E-02
4.79647E+03 -2.62978E-02
4.79695E+03 -2.62509E-02
4.79744E+03 -2.62258E-02
4.79792E+03 -2.62181E-02
4.79840E+03 -2.62146E-02
4.79888E+03 -2.62146E-02
4.79937E+03 -2.62256E-02
4.79985E+03 -2.62489E-02
4.80033E+03 -2.62771E-02
4.80081E+03 -2.63045E-02
4.80129E+03 -2.63267E-02
4.80178E+03 -2.63333E-02
4.80226E+03 -2.63107E-02
4.80274E+03 -2.62617E-02
4.80322E+03 -2.62107E-02
4.80371E+03 -2.61845E-02
4.80419E+03 -2.61857E-02
4.80467E+03 -2.61896E-02
4.80515E+03 -2.61717E-02
4.80563E+03 -2.61331E-02
4.80612E+03 -2.60972E-02
4.80660E+03 -2.60848E-02
4.80708E+03 -2.60980E-02
4.80756E+03 -2.61240E-02
4.80804E+03 -2.61497E-02
4.80853E+03 -2.61677E-02
4.80901E+03 -2.61748E-02
4.80949E+03 -2.61746E-02
4.80997E+03 -2.61817E-02
4.81046E+03 -2.62115E-02
4.81094E+03 -2.62589E-02
4.81142E+03 -2.62918E-02
4.81190E+03 -2.62752E-02
4.81238E+03 -2.62073E-02
4.81287E+03 -2.61302E-02
4.81335E+03 -2.60966E-02
4.81383E+03 -2.61242E-02
4.81431E+03 -2.61802E-02
4.81480E+03 -2.62122E-02
4.81528E+03 -2.61974E-02
4.81576E+03 -2.61599E-02
4.81624E+03 -2.61409E-02
4.81672E+03 -2.61537E-02
4.81721E+03 -2.61695E-02
4.81769E+03 -2.61522E-02
4.81817E+03 -2.60967E-02
4.81865E+03 -2.60326E-02
4.81914E+03 -2.59934E-02
4.81962E+03 -2.59879E-02
4.82010E+03 -2.59999E-02
4.82058E+03 -2.60078E-02
4.82106E+03 -2.59995E-02
4.82155E+03 -2.59794E-02
4.82203E+03 -2.59639E-02
4.82251E+03 -2.59681E-02
4.82299E+03 -2.59925E-02
4.82348E+03 -2.60240E-02
4.82396E+03 -2.60496E-02
4.82444E+03 -2.60626E-02
4.82492E+03 -2.60553E-02
4.82540E+03 -2.60156E-02
4.82589E+03 -2.59466E-02
4.82637E+03 -2.58793E-02
4.82685E+03 -2.58467E-02
4.82733E+03 -2.58477E-02
4.82781E+03 -2.58523E-02
4.82830E+03 -2.58478E-02
4.82878E+03 -2.58559E-02
4.82926E+03 -2.58935E-02
4.82974E+03 -2.59368E-02
4.83023E+03 -2.59456E-02
4.83071E+03 -2.59150E-02
4.83119E+03 -2.58813E-02
4.83167E+03 -2.58744E-02
4.83215E+03 -2.58888E-02
4.83264E+03 -2.59053E-02
4.83312E+03 -2.59144E-02
4.83360E+03 -2.59082E-02
4.83408E+03 -2.58701E-02
4.83457E+03 -2.57996E-02
4.83505E+03 -2.57381E-02
4.83553E+03 -2.57413E-02
4.83601E+03 -2.58193E-02
4.83649E+03 -2.59230E-02
4.83698E+03 -2.59973E-02
4.83746E+03 -2.60321E-02
4.83794E+03 -2.60470E-02
4.83842E+03 -2.60444E-02
4.83891E+03 -2.60045E-02
4.83939E+03 -2.59315E-02
4.83987E+03 -2.58772E-02
4.84035E+03 -2.58955E-02
4.84083E+03 -2.59778E-02
4.84132E+03 -2.60543E-02
4.84180E+03 -2.60661E-02
4.84228E+03 -2.60242E-02
4.84276E+03 -2.59873E-02
4.84325E+03 -2.59906E-02
4.84373E+03 -2.60145E-02
4.84421E+03 -2.60204E-02
4.84469E+03 -2.59959E-02
4.84517E+03 -2.59540E-02
4.84566E+03 -2.59055E-02
4.84614E+03 -2.58528E-02
4.84662E+03 -2.58123E-02
4.84710E+03 -2.58147E-02
4.84759E+03 -2.58710E-02
4.84807E+03 -2.59489E-02
4.84855E+03 -2.59999E-02
4.84903E+03 -2.60074E-02
4.84951E+03 -2.59953E-02
4.85000E+03 -2.59893E-02
4.85048E+03 -2.59855E-02
4.85096E+03 -2.59661E-02
4.85144E+03 -2.59325E-02
4.85193E+03 -2.59046E-02
4.85241E+03 -2.58923E-02
4.85289E+03 -2.58837E-02
4.85337E+03 -2.58665E-02
4.85385E+03 -2.58467E-02
4.85434E+03 -2.58373E-02
4.85482E+03 -2.58390E-02
4.85530E+03 -2.58438E-02
4.85578E+03 -2.58507E-02
4.85627E+03 -2.58641E-02
4.85675E+03 -2.58767E-02
4.85723E+03 -2.58691E-02
4.85771E+03 -2.58355E-02
4.85819E+03 -2.58018E-02
4.85868E+03 -2.58062E-02
4.85916E+03 -2.58590E-02
4.85964E+03 -2.59273E-02
4.86012E+03 -2.59621E-02
4.86060E+03 -2.59399E-02
4.86109E+03 -2.58798E-02
4.86157E+03 -2.58178E-02
4.86205E+03 -2.57693E-02
4.86253E+03 -2.57230E-02
4.86302E+03 -2.56710E-02
4.86350E+03 -2.56381E-02
4.86398E+03 -2.56645E-02
4.86446E+03 -2.57576E-02
4.86494E+03 -2.58716E-02
4.86543E+03 -2.59415E-02
4.86591E+03 -2.59368E-02
4.86639E+03 -2.58810E-02
4.86687E+03 -2.58255E-02
4.86736E+03 -2.58038E-02
4.86784E+03 -2.58043E-02
4.86832E+03 -2.57865E-02
4.86880E+03 -2.57278E-02
4.86928E+03 -2.56551E-02
4.86977E+03 -2.56152E-02
4.87025E+03 -2.56190E-02
4.87073E+03 -2.56363E-02
4.87121E+03 -2.56527E-02
4.87170E+03 -2.56993E-02
4.87218E+03 -2.57982E-02
4.87266E+03 -2.59022E-02
4.87314E+03 -2.59334E-02
4.87362E+03 -2.58827E-02
4.87411E+03 -2.58265E-02
4.87459E+03 -2.58299E-02
4.87507E+03 -2.58644E-02
4.87555E+03 -2.58534E-02
4.87604E+03 -2.57734E-02
4.87652E+03 -2.56764E-02
4.87700E+03 -2.56268E-02
4.87748E+03 -2.56439E-02
4.87796E+03 -2.57052E-02
4.87845E+03 -2.57708E-02
4.87893E+03 -2.57990E-02
4.87941E+03 -2.57689E-02
4.87989E+03 -2.57047E-02
4.88038E+03 -2.56623E-02
4.88086E+03 -2.56762E-02
4.88134E+03 -2.57314E-02
4.88182E+03 -2.57913E-02
4.88230E+03 -2.58382E-02
4.88279E+03 -2.58702E-02
4.88327E+03 -2.58785E-02
4.88375E+03 -2.58562E-02
4.88423E+03 -2.58183E-02
4.88471E+03 -2.57916E-02
4.88520E+03 -2.57818E-02
4.88568E+03 -2.57709E-02
4.88616E+03 -2.57465E-02
4.88664E+03 -2.57136E-02
4.88713E+03 -2.56765E-02
4.88761E+03 -2.56369E-02
4.88809E+03 -2.56145E-02
4.88857E+03 -2.56409E-02
4.88905E+03 -2.57080E-02
4.88954E+03 -2.57497E-02
4.89002E+03 -2.57086E-02
4.89050E+03 -2.56123E-02
4.89098E+03 -2.55505E-02
4.89147E+03 -2.55768E-02
4.89195E+03 -2.56614E-02
4.89243E+03 -2.57452E-02
4.89291E+03 -2.57991E-02
4.89339E+03 -2.58226E-02
4.89388E+03 -2.58155E-02
4.89436E+03 -2.57886E-02
4.89484E+03 -2.57721E-02
4.89532E+03 -2.57806E-02
4.89581E+03 -2.57788E-02
4.89629E+03 -2.57216E-02
4.89677E+03 -2.56244E-02
4.89725E+03 -2.55592E-02
4.89773E+03 -2.55691E-02
4.89822E+03 -2.56242E-02
4.89870E+03 -2.56708E-02
4.89918E+03 -2.56936E-02
4.89966E+03 -2.57079E-02
4.90015E+03 -2.57201E-02
4.90063E+03 -2.57294E-02
4.90111E+03 -2.57477E-02
4.90159E+03 -2.57822E-02
4.90207E+03 -2.58082E-02
4.90256E+03 -2.57974E-02
4.90304E+03 -2.57679E-02
4.90352E+03 -2.57660E-02
4.90400E+03 -2.57935E-02
4.90449E+03 -2.57961E-02
4.90497E+03 -2.57430E-02
4.90545E+03 -2.56802E-02
4.90593E+03 -2.56699E-02
4.90641E+03 -2.57024E-02
4.90690E+03 -2.57130E-02
4.90738E+03 -2.56726E-02
4.90786E+03 -2.56225E-02
4.90834E+03 -2.56107E-02
4.90883E+03 -2.56312E-02
4.90931E+03 -2.56483E-02
4.90979E+03 -2.56523E-02
4.91027E+03 -2.56655E-02
4.91075E+03 -2.57013E-02
4.91124E+03 -2.57422E-02
4.91172E+03 -2.57626E-02
4.91220E+03 -2.57593E-02
4.91268E+03 -2.57498E-02
4.91317E+03 -2.57468E-02
4.91365E+03 -2.57376E-02
4.91413E+03 -2.56945E-02
4.91461E+03 -2.56109E-02
4.91509E+03 -2.55188E-02
4.91558E+03 -2.54628E-02
4.91606E+03 -2.54526E-02
4.91654E+03 -2.54582E-02
4.91702E+03 -2.54543E-02
4.91750E+03 -2.54529E-02
4.91799E+03 -2.54819E-02
4.91847E+03 -2.55438E-02
4.91895E+03 -2.56151E-02
4.91943E+03 -2.56732E-02
4.91992E+03 -2.57010E-02
4.92040E+03 -2.56761E-02
4.92088E+03 -2.55928E-02
4.92136E+03 -2.55005E-02
4.92184E+03 -2.54812E-02
4.92233E+03 -2.55616E-02
4.92281E+03 -2.56713E-02
4.92329E+03 -2.57189E-02
4.92377E+03 -2.56972E-02
4.92426E+03 -2.56759E-02
4.92474E+03 -2.56990E-02
4.92522E+03 -2.57324E-02
4.92570E+03 -2.57265E-02
4.92618E+03 -2.56958E-02
4.92667E+03 -2.56946E-02
4.92715E+03 -2.57345E-02
4.92763E+03 -2.57659E-02
4.92811E+03 -2.57489E-02
4.92860E+03 -2.57030E-02
4.92908E+03 -2.56718E-02
4.92956E+03 -2.56595E-02
4.93004E+03 -2.56358E-02
4.93052E+03 -2.55927E-02
4.93101E+03 -2.55630E-02
4.93149E+03 -2.55749E-02
4.93197E+03 -2.56141E-02
4.93245E+03 -2.56503E-02
4.93294E+03 -2.56786E-02
4.93342E+03 -2.57078E-02
4.93390E+03 -2.57155E-02
4.93438E+03 -2.56579E-02
4.93486E+03 -2.55383E-02
4.93535E+03 -2.54326E-02
4.93583E+03 -2.54146E-02
4.93631E+03 -2.54670E-02
4.93679E+03 -2.55022E-02
4.93727E+03 -2.54698E-02
4.93776E+03 -2.54117E-02
4.93824E+03 -2.53956E-02
4.93872E+03 -2.54292E-02
4.93920E+03 -2.54659E-02
4.93969E+03 -2.54792E-02
4.94017E+03 -2.54939E-02
4.94065E+03 -2.55375E-02
4.94113E+03 -2.55925E-02
4.94161E+03 -2.56169E-02
4.94210E+03 -2.55978E-02
4.94258E+03 -2.55643E-02
4.94306E+03 -2.55483E-02
4.94354E+03 -2.55480E-02
4.94403E+03 -2.55370E-02
4.94451E+03 -2.54998E-02
4.94499E+03 -2.54500E-02
4.94547E+03 -2.54139E-02
4.94595E+03 -2.53996E-02
4.94644E+03 -2.53907E-02
4.94692E+03 -2.53719E-02
4.94740E+03 -2.53557E-02
4.94788E+03 -2.53697E-02
4.94837E+03 -2.54161E-02
4.94885E+03 -2.54562E-02
4.94933E+03 -2.54506E-02
4.94981E+03 -2.54074E-02
4.95029E+03 -2.53739E-02
4.95078E+03 -2.53758E-02
4.95126E+03 -2.53827E-02
4.95174E+03 -2.53480E-02
4.95222E+03 -2.52711E-02
4.95271E+03 -2.51990E-02
4.95319E+03 -2.51683E-02
4.95367E+03 -2.51703E-02
4.95415E+03 -2.51804E-02
4.95463E+03 -2.51972E-02
4.95512E+03 -2.52291E-02
4.95560E+03 -2.52551E-02
4.95608E+03 -2.52329E-02
4.95656E+03 -2.51515E-02
4.95705E+03 -2.50527E-02
4.95753E+03 -2.49850E-02
4.95801E+03 -2.49549E-02
4.95849E+03 -2.49426E-02
4.95897E+03 -2.49465E-02
4.95946E+03 -2.49846E-02
4.95994E+03 -2.50552E-02
4.96042E+03 -2.51188E-02
4.96090E+03 -2.51345E-02
4.96139E+03 -2.50981E-02
4.96187E+03 -2.50408E-02
4.96235E+03 -2.49996E-02
4.96283E+03 -2.49991E-02
4.96331E+03 -2.50399E-02
4.96380E+03 -2.50957E-02
4.96428E+03 -2.51274E-02
4.96476E+03 -2.51155E-02
4.96524E+03 -2.50813E-02
4.96573E+03 -2.50642E-02
4.96621E+03 -2.50735E-02
4.96669E+03 -2.50772E-02
4.96717E+03 -2.50445E-02
4.96765E+03 -2.49905E-02
4.96814E+03 -2.49710E-02
4.96862E+03 -2.50268E-02
4.96910E+03 -2.51407E-02
4.96958E+03 -2.52505E-02
4.97006E+03 -2.53062E-02
4.97055E+03 -2.53099E-02
4.97103E+03 -2.53000E-02
4.97151E+03 -2.53052E-02
4.97199E+03 -2.53238E-02
4.97248E+03 -2.53444E-02
4.97296E+03 -2.53657E-02
4.97344E+03 -2.53894E-02
4.97392E+03 -2.54093E-02
4.97440E+03 -2.54199E-02
4.97489E+03 -2.54308E-02
4.97537E+03 -2.54600E-02
4.97585E+03 -2.55098E-02
4.97633E+03 -2.55604E-02
4.97682E+03 -2.55894E-02
4.97730E+03 -2.55891E-02
4.97778E+03 -2.55642E-02
4.97826E+03 -2.55215E-02
4.97874E+03 -2.54649E-02
4.97923E+03 -2.53950E-02
4.97971E+03 -2.53173E-02
4.98019E+03 -2.52587E-02
4.98067E+03 -2.52657E-02
4.98116E+03 -2.53627E-02
4.98164E+03 -2.55046E-02
4.98212E+03 -2.55968E-02
4.98260E+03 -2.55834E-02
4.98308E+03 -2.55051E-02
4.98357E+03 -2.54478E-02
4.98405E+03 -2.54399E-02
4.98453E+03 -2.54305E-02
4.98501E+03 -2.53688E-02
4.98550E+03 -2.52781E-02
4.98598E+03 -2.52267E-02
4.98646E+03 -2.52466E-02
4.98694E+03 -2.53037E-02
4.98742E+03 -2.53468E-02
4.98791E+03 -2.53620E-02
4.98839E+03 -2.53697E-02
4.98887E+03 -2.53855E-02
4.98935E+03 -2.53999E-02
4.98983E+03 -2.53928E-02
4.99032E+03 -2.53556E-02
4.99080E+03 -2.52967E-02
4.99128E+03 -2.52402E-02
4.99176E+03 -2.52178E-02
4.99225E+03 -2.52536E-02
4.99273E+03 -2.53388E-02
4.99321E+03 -2.54233E-02
4.99369E+03 -2.54462E-02
4.99417E+03 -2.53905E-02
4.99466E+03 -2.53037E-02
4.99514E+03 -2.52559E-02
4.99562E+03 -2.52762E-02
4.99610E+03 -2.53336E-02
4.99659E+03 -2.53732E-02
4.99707E+03 -2.53625E-02
4.99755E+03 -2.53060E-02
4.99803E+03 -2.52372E-02
4.99851E+03 -2.52001E-02
4.99900E+03 -2.52224E-02
4.99948E+03 -2.52868E-02
4.99996E+03 -2.53434E-02
5.00044E+03 -2.53612E-02
5.00093E+03 -2.53611E-02
5.00141E+03 -2.53840E-02
5.00189E+03 -2.54319E-02
5.00237E+03 -2.54608E-02
5.00285E+03 -2.54335E-02
5.00334E+03 -2.53607E-02
5.00382E+03 -2.52849E-02
5.00430E+03 -2.52452E-02
5.00478E+03 -2.52596E-02
5.00527E+03 -2.53184E-02
5.00575E+03 -2.53812E-02
5.00623E+03 -2.53974E-02
5.00671E+03 -2.53556E-02
5.00719E+03 -2.52998E-02
5.00768E+03 -2.52832E-02
5.00816E+03 -2.53101E-02
5.00864E+03 -2.53471E-02
5.00912E+03 -2.53710E-02
5.00961E+03 -2.53783E-02
5.01009E+03 -2.53530E-02
5.01057E+03 -2.52715E-02
5.01105E+03 -2.51586E-02
5.01153E+03 -2.51023E-02
5.01202E+03 -2.51706E-02
5.01250E+03 -2.53212E-02
5.01298E+03 -2.54234E-02
5.01346E+03 -2.53753E-02
5.01395E+03 -2.51910E-02
5.01443E+03 -2.49791E-02
5.01491E+03 -2.48567E-02
5.01539E+03 -2.48773E-02
5.01587E+03 -2.50113E-02
5.01636E+03 -2.51768E-02
5.01684E+03 -2.52974E-02
5.01732E+03 -2.53504E-02
5.01780E+03 -2.53626E-02
5.01829E+03 -2.53676E-02
5.01877E+03 -2.53726E-02
5.01925E+03 -2.53657E-02
5.01973E+03 -2.53387E-02
5.02021E+03 -2.52982E-02
5.02070E+03 -2.52636E-02
5.02118E+03 -2.52570E-02
5.02166E+03 -2.52860E-02
5.02214E+03 -2.53283E-02
5.02262E+03 -2.53494E-02
5.02311E+03 -2.53411E-02
5.02359E+03 -2.53297E-02
5.02407E+03 -2.53337E-02
5.02455E+03 -2.53327E-02
5.02504E+03 -2.52978E-02
5.02552E+03 -2.52457E-02
5.02600E+03 -2.52342E-02
5.02648E+03 -2.52955E-02
5.02696E+03 -2.53980E-02
5.02745E+03 -2.54837E-02
5.02793E+03 -2.55275E-02
5.02841E+03 -2.55461E-02
5.02889E+03 -2.55647E-02
5.02938E+03 -2.55888E-02
5.02986E+03 -2.56031E-02
5.03034E+03 -2.55829E-02
5.03082E+03 -2.55140E-02
5.03130E+03 -2.54188E-02
5.03179E+03 -2.53493E-02
5.03227E+03 -2.53369E-02
5.03275E+03 -2.53492E-02
5.03323E+03 -2.53236E-02
5.03372E+03 -2.52465E-02
5.03420E+03 -2.51791E-02
5.03468E+03 -2.51856E-02
5.03516E+03 -2.52576E-02
5.03564E+03 -2.53271E-02
5.03613E+03 -2.53465E-02
5.03661E+03 -2.53300E-02
5.03709E+03 -2.53194E-02
5.03757E+03 -2.53318E-02
5.03806E+03 -2.53518E-02
5.03854E+03 -2.53665E-02
5.03902E+03 -2.53863E-02
5.03950E+03 -2.54293E-02
5.03998E+03 -2.54906E-02
5.04047E+03 -2.55380E-02
5.04095E+03 -2.55429E-02
5.04143E+03 -2.55124E-02
5.04191E+03 -2.54796E-02
5.04240E+03 -2.54630E-02
5.04288E+03 -2.54577E-02
5.04336E+03 -2.54669E-02
5.04384E+03 -2.55150E-02
5.04432E+03 -2.56026E-02
5.04481E+03 -2.56662E-02
5.04529E+03 -2.56274E-02
5.04577E+03 -2.54902E-02
5.04625E+03 -2.53510E-02
5.04674E+03 -2.52946E-02
5.04722E+03 -2.53111E-02
5.04770E+03 -2.53314E-02
5.04818E+03 -2.53198E-02
5.04866E+03 -2.52961E-02
5.04915E+03 -2.52832E-02
5.04963E+03 -2.52790E-02
5.05011E+03 -2.52808E-02
5.05059E+03 -2.52985E-02
5.05107E+03 -2.53283E-02
5.05156E+03 -2.53365E-02
5.05204E+03 -2.52968E-02
5.05252E+03 -2.52292E-02
5.05300E+03 -2.51807E-02
5.05349E+03 -2.51755E-02
5.05397E+03 -2.51972E-02
5.05445E+03 -2.52194E-02
5.05493E+03 -2.52423E-02
5.05541E+03 -2.52899E-02
5.05590E+03 -2.53720E-02
5.05638E+03 -2.54552E-02
5.05686E+03 -2.54845E-02
5.05734E+03 -2.54468E-02
5.05783E+03 -2.54024E-02
5.05831E+03 -2.54280E-02
5.05879E+03 -2.55276E-02
5.05927E+03 -2.56217E-02
5.05975E+03 -2.56338E-02
5.06024E+03 -2.55673E-02
5.06072E+03 -2.54808E-02
5.06120E+03 -2.54162E-02
5.06168E+03 -2.53739E-02
5.06217E+03 -2.53442E-02
5.06265E+03 -2.53263E-02
5.06313E+03 -2.53152E-02
5.06361E+03 -2.52989E-02
5.06409E+03 -2.52727E-02
5.06458E+03 -2.52412E-02
5.06506E+03 -2.51980E-02
5.06554E+03 -2.51293E-02
5.06602E+03 -2.50392E-02
5.06651E+03 -2.49531E-02
5.06699E+03 -2.48840E-02
5.06747E+03 -2.48247E-02
5.06795E+03 -2.47775E-02
5.06843E+03 -2.47653E-02
5.06892E+03 -2.47904E-02
5.06940E+03 -2.48033E-02
5.06988E+03 -2.47524E-02
5.07036E+03 -2.46520E-02
5.07085E+03 -2.45731E-02
5.07133E+03 -2.45585E-02
5.07181E+03 -2.45816E-02
5.07229E+03 -2.45916E-02
5.07277E+03 -2.45713E-02
5.07326E+03 -2.45333E-02
5.07374E+03 -2.44820E-02
5.07422E+03 -2.44145E-02
5.07470E+03 -2.43496E-02
5.07519E+03 -2.43229E-02
5.07567E+03 -2.43411E-02
5.07615E+03 -2.43611E-02
5.07663E+03 -2.43301E-02
5.07711E+03 -2.42434E-02
5.07760E+03 -2.41504E-02
5.07808E+03 -2.41043E-02
5.07856E+03 -2.41184E-02
5.07904E+03 -2.41682E-02
5.07952E+03 -2.42226E-02
5.08001E+03 -2.42633E-02
5.08049E+03 -2.42907E-02
5.08097E+03 -2.43230E-02
5.08145E+03 -2.43857E-02
5.08194E+03 -2.44805E-02
5.08242E+03 -2.45619E-02
5.08290E+03 -2.45633E-02
5.08338E+03 -2.44629E-02
5.08386E+03 -2.43128E-02
5.08435E+03 -2.41914E-02
5.08483E+03 -2.41311E-02
5.08531E+03 -2.41100E-02
5.08579E+03 -2.41042E-02
5.08628E+03 -2.41207E-02
5.08676E+03 -2.41664E-02
5.08724E+03 -2.42138E-02
5.08772E+03 -2.42260E-02
5.08820E+03 -2.42130E-02
5.08869E+03 -2.42298E-02
5.08917E+03 -2.43101E-02
5.08965E+03 -2.44185E-02
5.09013E+03 -2.44884E-02
5.09062E+03 -2.44991E-02
5.09110E+03 -2.44939E-02
5.09158E+03 -2.45155E-02
5.09206E+03 -2.45472E-02
5.09254E+03 -2.45372E-02
5.09303E+03 -2.44804E-02
5.09351E+03 -2.44433E-02
5.09399E+03 -2.44946E-02
5.09447E+03 -2.46205E-02
5.09496E+03 -2.47333E-02
5.09544E+03 -2.47642E-02
5.09592E+03 -2.47252E-02
5.09640E+03 -2.46759E-02
5.09688E+03 -2.46509E-02
5.09737E+03 -2.46399E-02
5.09785E+03 -2.46244E-02
5.09833E+03 -2.46053E-02
5.09881E+03 -2.45925E-02
5.09930E+03 -2.45897E-02
5.09978E+03 -2.45990E-02
5.10026E+03 -2.46262E-02
5.10074E+03 -2.46710E-02
5.10122E+03 -2.47229E-02
5.10171E+03 -2.47739E-02
5.10219E+03 -2.48256E-02
5.10267E+03 -2.48728E-02
5.10315E+03 -2.48917E-02
5.10364E+03 -2.48629E-02
5.10412E+03 -2.47986E-02
5.10460E+03 -2.47338E-02
5.10508E+03 -2.46899E-02
5.10556E+03 -2.46634E-02
5.10605E+03 -2.46513E-02
5.10653E+03 -2.46663E-02
5.10701E+03 -2.47215E-02
5.10749E+03 -2.48118E-02
5.10798E+03 -2.49189E-02
5.10846E+03 -2.50223E-02
5.10894E+03 -2.50974E-02
5.10942E+03 -2.51197E-02
5.10990E+03 -2.50903E-02
5.11039E+03 -2.50475E-02
5.11087E+03 -2.50338E-02
5.11135E+03 -2.50512E-02
5.11183E+03 -2.50628E-02
5.11231E+03 -2.50432E-02
5.11280E+03 -2.50092E-02
5.11328E+03 -2.50000E-02
5.11376E+03 -2.50346E-02
5.11424E+03 -2.50995E-02
5.11473E+03 -2.51654E-02
5.11521E+03 -2.52073E-02
5.11569E+03 -2.52159E-02
5.11617E+03 -2.51970E-02
5.11665E+03 -2.51605E-02
5.11714E+03 -2.51126E-02
5.11762E+03 -2.50609E-02
5.11810E+03 -2.50272E-02
5.11858E+03 -2.50372E-02
5.11907E+03 -2.50899E-02
5.11955E+03 -2.51555E-02
5.12003E+03 -2.52100E-02
5.12051E+03 -2.52596E-02
5.12099E+03 -2.53166E-02
5.12148E+03 -2.53654E-02
5.12196E+03 -2.53752E-02
5.12244E+03 -2.53395E-02
5.12292E+03 -2.52829E-02
5.12341E+03 -2.52335E-02
5.12389E+03 -2.52097E-02
5.12437E+03 -2.52322E-02
5.12485E+03 -2.53120E-02
5.12533E+03 -2.54166E-02
5.12582E+03 -2.54761E-02
5.12630E+03 -2.54550E-02
5.12678E+03 -2.53958E-02
5.12726E+03 -2.53655E-02
5.12775E+03 -2.53686E-02
5.12823E+03 -2.53483E-02
5.12871E+03 -2.52738E-02
5.12919E+03 -2.51889E-02
5.12967E+03 -2.51597E-02
5.13016E+03 -2.51957E-02
5.13064E+03 -2.52498E-02
5.13112E+03 -2.52842E-02
5.13160E+03 -2.53059E-02
5.13208E+03 -2.53367E-02
5.13257E+03 -2.53724E-02
5.13305E+03 -2.53866E-02
5.13353E+03 -2.53638E-02
5.13401E+03 -2.53177E-02
5.13450E+03 -2.52765E-02
5.13498E+03 -2.52633E-02
5.13546E+03 -2.52862E-02
5.13594E+03 -2.53372E-02
5.13642E+03 -2.53930E-02
5.13691E+03 -2.54250E-02
5.13739E+03 -2.54260E-02
5.13787E+03 -2.54253E-02
5.13835E+03 -2.54638E-02
5.13884E+03 -2.55452E-02
5.13932E+03 -2.56195E-02
5.13980E+03 -2.56293E-02
5.14028E+03 -2.55673E-02
5.14076E+03 -2.54831E-02
5.14125E+03 -2.54286E-02
5.14173E+03 -2.54154E-02
5.14221E+03 -2.54260E-02
5.14269E+03 -2.54452E-02
5.14318E+03 -2.54635E-02
5.14366E+03 -2.54601E-02
5.14414E+03 -2.54136E-02
5.14462E+03 -2.53378E-02
5.14510E+03 -2.52833E-02
5.14559E+03 -2.52833E-02
5.14607E+03 -2.53087E-02
5.14655E+03 -2.53005E-02
5.14703E+03 -2.52462E-02
5.14752E+03 -2.51970E-02
5.14800E+03 -2.52030E-02
5.14848E+03 -2.52514E-02
5.14896E+03 -2.52883E-02
5.14944E+03 -2.52864E-02
5.14993E+03 -2.52674E-02
5.15041E+03 -2.52658E-02
5.15089E+03 -2.52917E-02
5.15137E+03 -2.53334E-02
5.15186E+03 -2.53699E-02
5.15234E+03 -2.53719E-02
5.15282E+03 -2.53152E-02
5.15330E+03 -2.52156E-02
5.15378E+03 -2.51378E-02
5.15427E+03 -2.51478E-02
5.15475E+03 -2.52553E-02
5.15523E+03 -2.54088E-02
5.15571E+03 -2.55432E-02
5.15620E+03 -2.56174E-02
5.15668E+03 -2.56144E-02
5.15716E+03 -2.55381E-02
5.15764E+03 -2.54172E-02
5.15812E+03 -2.53020E-02
5.15861E+03 -2.52402E-02
5.15909E+03 -2.52484E-02
5.15957E+03 -2.53033E-02
5.16005E+03 -2.53542E-02
5.16054E+03 -2.53595E-02
5.16102E+03 -2.53298E-02
5.16150E+03 -2.53263E-02
5.16198E+03 -2.53892E-02
5.16246E+03 -2.54714E-02
5.16295E+03 -2.54766E-02
5.16343E+03 -2.53799E-02
5.16391E+03 -2.52759E-02
5.16439E+03 -2.52746E-02
5.16488E+03 -2.53685E-02
5.16536E+03 -2.54442E-02
5.16584E+03 -2.54217E-02
5.16632E+03 -2.53428E-02
5.16680E+03 -2.53078E-02
5.16729E+03 -2.53607E-02
5.16777E+03 -2.54556E-02
5.16825E+03 -2.55204E-02
5.16873E+03 -2.55212E-02
5.16921E+03 -2.54763E-02
5.16970E+03 -2.54287E-02
5.17018E+03 -2.54188E-02
5.17066E+03 -2.54566E-02
5.17114E+03 -2.55131E-02
5.17163E+03 -2.55401E-02
5.17211E+03 -2.55112E-02
5.17259E+03 -2.54455E-02
5.17307E+03 -2.53880E-02
5.17355E+03 -2.53641E-02
5.17404E+03 -2.53647E-02
5.17452E+03 -2.53727E-02
5.17500E+03 -2.53887E-02
5.17548E+03 -2.54166E-02
5.17597E+03 -2.54355E-02
5.17645E+03 -2.54144E-02
5.17693E+03 -2.53629E-02
5.17741E+03 -2.53392E-02
5.17789E+03 -2.53862E-02
5.17838E+03 -2.54750E-02
5.17886E+03 -2.55372E-02
5.17934E+03 -2.55475E-02
5.17982E+03 -2.55412E-02
5.18031E+03 -2.55519E-02
5.18079E+03 -2.55648E-02
5.18127E+03 -2.55515E-02
5.18175E+03 -2.55228E-02
5.18223E+03 -2.55134E-02
5.18272E+03 -2.55305E-02
5.18320E+03 -2.55459E-02
5.18368E+03 -2.55369E-02
5.18416E+03 -2.55102E-02
5.18465E+03 -2.54837E-02
5.18513E+03 -2.54707E-02
5.18561E+03 -2.54869E-02
5.18609E+03 -2.55484E-02
5.18657E+03 -2.56430E-02
5.18706E+03 -2.57186E-02
5.18754E+03 -2.57259E-02
5.18802E+03 -2.56705E-02
5.18850E+03 -2.56038E-02
5.18898E+03 -2.55616E-02
5.18947E+03 -2.55297E-02
5.18995E+03 -2.54785E-02
5.19043E+03 -2.54143E-02
5.19091E+03 -2.53772E-02
5.19140E+03 -2.53882E-02
5.19188E+03 -2.54228E-02
5.19236E+03 -2.54414E-02
5.19284E+03 -2.54335E-02
5.19332E+03 -2.54215E-02
5.19381E+03 -2.54262E-02
5.19429E+03 -2.54403E-02
5.19477E+03 -2.54426E-02
5.19525E+03 -2.54280E-02
5.19574E+03 -2.54196E-02
5.19622E+03 -2.54486E-02
5.19670E+03 -2.55191E-02
5.19718E+03 -2.55968E-02
5.19766E+03 -2.56367E-02
5.19815E+03 -2.56267E-02
5.19863E+03 -2.55910E-02
5.19911E+03 -2.55509E-02
5.19959E+03 -2.55051E-02
5.20008E+03 -2.54595E-02
5.20056E+03 -2.54466E-02
5.20104E+03 -2.54835E-02
5.20152E+03 -2.55302E-02
5.20200E+03 -2.55341E-02
5.20249E+03 -2.55167E-02
5.20297E+03 -2.55566E-02
5.20345E+03 -2.56613E-02
5.20393E+03 -2.57188E-02
5.20442E+03 -2.56238E-02
5.20490E+03 -2.54296E-02
5.20538E+03 -2.53059E-02
5.20586E+03 -2.53529E-02
5.20634E+03 -2.55100E-02
5.20683E+03 -2.56537E-02
5.20731E+03 -2.57189E-02
5.20779E+03 -2.57074E-02
5.20827E+03 -2.56322E-02
5.20876E+03 -2.55144E-02
5.20924E+03 -2.54124E-02
5.20972E+03 -2.53957E-02
5.21020E+03 -2.54741E-02
5.21068E+03 -2.55802E-02
5.21117E+03 -2.56287E-02
5.21165E+03 -2.55914E-02
5.21213E+03 -2.55139E-02
5.21261E+03 -2.54738E-02
5.21310E+03 -2.55135E-02
5.21358E+03 -2.55992E-02
5.21406E+03 -2.56549E-02
5.21454E+03 -2.56415E-02
5.21502E+03 -2.55923E-02
5.21551E+03 -2.55610E-02
5.21599E+03 -2.55520E-02
5.21647E+03 -2.55373E-02
5.21695E+03 -2.55233E-02
5.21744E+03 -2.55568E-02
5.21792E+03 -2.56508E-02
5.21840E+03 -2.57437E-02
5.21888E+03 -2.57581E-02
5.21936E+03 -2.56836E-02
5.21985E+03 -2.55769E-02
5.22033E+03 -2.55009E-02
5.22081E+03 -2.54922E-02
5.22129E+03 -2.55627E-02
5.22177E+03 -2.56888E-02
5.22226E+03 -2.57922E-02
5.22274E+03 -2.57803E-02
5.22322E+03 -2.56400E-02
5.22370E+03 -2.54735E-02
5.22419E+03 -2.54046E-02
5.22467E+03 -2.54552E-02
5.22515E+03 -2.55383E-02
5.22563E+03 -2.55708E-02
5.22611E+03 -2.55604E-02
5.22660E+03 -2.55621E-02
5.22708E+03 -2.55882E-02
5.22756E+03 -2.56002E-02
5.22804E+03 -2.55770E-02
5.22853E+03 -2.55450E-02
5.22901E+03 -2.55299E-02
5.22949E+03 -2.55199E-02
5.22997E+03 -2.54969E-02
5.23045E+03 -2.54751E-02
5.23094E+03 -2.54720E-02
5.23142E+03 -2.54609E-02
5.23190E+03 -2.53989E-02
5.23238E+03 -2.53007E-02
5.23287E+03 -2.52395E-02
5.23335E+03 -2.52601E-02
5.23383E+03 -2.53248E-02
5.23431E+03 -2.53717E-02
5.23479E+03 -2.53915E-02
5.23528E+03 -2.54172E-02
5.23576E+03 -2.54540E-02
5.23624E+03 -2.54636E-02
5.23672E+03 -2.54258E-02
5.23721E+03 -2.53773E-02
5.23769E+03 -2.53735E-02
5.23817E+03 -2.54258E-02
5.23865E+03 -2.55014E-02
5.23913E+03 -2.55668E-02
5.23962E+03 -2.56135E-02
5.24010E+03 -2.56374E-02
5.24058E+03 -2.56197E-02
5.24106E+03 -2.55465E-02
5.24154E+03 -2.54443E-02
5.24203E+03 -2.53746E-02
5.24251E+03 -2.53810E-02
5.24299E+03 -2.54419E-02
5.24347E+03 -2.54913E-02
5.24396E+03 -2.54909E-02
5.24444E+03 -2.54662E-02
5.24492E+03 -2.54666E-02
5.24540E+03 -2.55034E-02
5.24588E+03 -2.55425E-02
5.24637E+03 -2.55520E-02
5.24685E+03 -2.55309E-02
5.24733E+03 -2.54930E-02
5.24781E+03 -2.54441E-02
5.24830E+03 -2.53936E-02
5.24878E+03 -2.53740E-02
5.24926E+03 -2.54178E-02
5.24974E+03 -2.55041E-02
5.25022E+03 -2.55533E-02
5.25071E+03 -2.54990E-02
5.25119E+03 -2.53721E-02
5.25167E+03 -2.52905E-02
5.25215E+03 -2.53392E-02
5.25264E+03 -2.54647E-02
5.25312E+03 -2.55200E-02
5.25360E+03 -2.54311E-02
5.25408E+03 -2.52953E-02
5.25456E+03 -2.52810E-02
5.25505E+03 -2.54326E-02
5.25553E+03 -2.56206E-02
5.25601E+03 -2.56982E-02
5.25649E+03 -2.56674E-02
5.25698E+03 -2.56479E-02
5.25746E+03 -2.57106E-02
5.25794E+03 -2.57953E-02
5.25842E+03 -2.58042E-02
5.25890E+03 -2.57306E-02
5.25939E+03 -2.56578E-02
5.25987E+03 -2.56492E-02
5.26035E+03 -2.56771E-02
5.26083E+03 -2.56668E-02
5.26132E+03 -2.55920E-02
5.26180E+03 -2.55064E-02
5.26228E+03 -2.54839E-02
5.26276E+03 -2.55375E-02
5.26324E+03 -2.56011E-02
5.26373E+03 -2.55915E-02
5.26421E+03 -2.54942E-02
5.26469E+03 -2.53825E-02
5.26517E+03 -2.53550E-02
5.26566E+03 -2.54526E-02
5.26614E+03 -2.56328E-02
5.26662E+03 -2.58125E-02
5.26710E+03 -2.59313E-02
5.26758E+03 -2.59760E-02
5.26807E+03 -2.59642E-02
5.26855E+03 -2.59077E-02
5.26903E+03 -2.58003E-02
5.26951E+03 -2.56399E-02
5.27000E+03 -2.54609E-02
5.27048E+03 -2.53287E-02
5.27096E+03 -2.52903E-02
5.27144E+03 -2.53315E-02
5.27192E+03 -2.53916E-02
5.27241E+03 -2.54246E-02
5.27289E+03 -2.54407E-02
5.27337E+03 -2.54847E-02
5.27385E+03 -2.55789E-02
5.27433E+03 -2.56864E-02
5.27482E+03 -2.57381E-02
5.27530E+03 -2.56977E-02
5.27578E+03 -2.56030E-02
5.27626E+03 -2.55309E-02
5.27675E+03 -2.55131E-02
5.27723E+03 -2.55011E-02
5.27771E+03 -2.54372E-02
5.27819E+03 -2.53410E-02
5.27867E+03 -2.52947E-02
5.27916E+03 -2.53350E-02
5.27964E+03 -2.54022E-02
5.28012E+03 -2.54214E-02
5.28060E+03 -2.54064E-02
5.28109E+03 -2.54332E-02
5.28157E+03 -2.55283E-02
5.28205E+03 -2.56238E-02
5.28253E+03 -2.56401E-02
5.28301E+03 -2.55720E-02
5.28350E+03 -2.54761E-02
5.28398E+03 -2.54080E-02
5.28446E+03 -2.53960E-02
5.28494E+03 -2.54509E-02
5.28543E+03 -2.55629E-02
5.28591E+03 -2.56838E-02
5.28639E+03 -2.57552E-02
5.28687E+03 -2.57604E-02
5.28735E+03 -2.57346E-02
5.28784E+03 -2.57131E-02
5.28832E+03 -2.56868E-02
5.28880E+03 -2.56198E-02
5.28928E+03 -2.55048E-02
5.28977E+03 -2.53846E-02
5.29025E+03 -2.53189E-02
5.29073E+03 -2.53346E-02
5.29121E+03 -2.54033E-02
5.29169E+03 -2.54683E-02
5.29218E+03 -2.54954E-02
5.29266E+03 -2.54953E-02
5.29314E+03 -2.54947E-02
5.29362E+03 -2.54981E-02
5.29410E+03 -2.54912E-02
5.29459E+03 -2.54813E-02
5.29507E+03 -2.55005E-02
5.29555E+03 -2.55613E-02
5.29603E+03 -2.56245E-02
5.29652E+03 -2.56389E-02
5.29700E+03 -2.55982E-02
5.29748E+03 -2.55424E-02
5.29796E+03 -2.55056E-02
5.29844E+03 -2.54878E-02
5.29893E+03 -2.54807E-02
5.29941E+03 -2.54900E-02
5.29989E+03 -2.55181E-02
5.30037E+03 -2.55486E-02
5.30086E+03 -2.55595E-02
5.30134E+03 -2.55513E-02
5.30182E+03 -2.55420E-02
5.30230E+03 -2.55451E-02
5.30278E+03 -2.55632E-02
5.30327E+03 -2.56011E-02
5.30375E+03 -2.56631E-02
5.30423E+03 -2.57388E-02
5.30471E+03 -2.58034E-02
5.30520E+03 -2.58362E-02
5.30568E+03 -2.58332E-02
5.30616E+03 -2.58015E-02
5.30664E+03 -2.57515E-02
5.30712E+03 -2.57011E-02
5.30761E+03 -2.56714E-02
5.30809E+03 -2.56737E-02
5.30857E+03 -2.56978E-02
5.30905E+03 -2.57182E-02
5.30954E+03 -2.57089E-02
5.31002E+03 -2.56594E-02
5.31050E+03 -2.55882E-02
5.31098E+03 -2.55406E-02
5.31146E+03 -2.55497E-02
5.31195E+03 -2.55914E-02
5.31243E+03 -2.55935E-02
5.31291E+03 -2.55103E-02
5.31339E+03 -2.53771E-02
5.31388E+03 -2.52780E-02
5.31436E+03 -2.52627E-02
5.31484E+03 -2.53176E-02
5.31532E+03 -2.54069E-02
5.31580E+03 -2.55110E-02
5.31629E+03 -2.56152E-02
5.31677E+03 -2.56913E-02
5.31725E+03 -2.57162E-02
5.31773E+03 -2.56983E-02
5.31822E+03 -2.56693E-02
5.31870E+03 -2.56480E-02
5.31918E+03 -2.56347E-02
5.31966E+03 -2.56227E-02
5.32014E+03 -2.56066E-02
5.32063E+03 -2.55780E-02
5.32111E+03 -2.55350E-02
5.32159E+03 -2.54961E-02
5.32207E+03 -2.54858E-02
5.32256E+03 -2.54983E-02
5.32304E+03 -2.55006E-02
5.32352E+03 -2.54779E-02
5.32400E+03 -2.54628E-02
5.32448E+03 -2.54989E-02
5.32497E+03 -2.55880E-02
5.32545E+03 -2.56803E-02
5.32593E+03 -2.57257E-02
5.32641E+03 -2.57212E-02
5.32690E+03 -2.57076E-02
5.32738E+03 -2.57197E-02
5.32786E+03 -2.57423E-02
5.32834E+03 -2.57176E-02
5.32882E+03 -2.56114E-02
5.32931E+03 -2.54753E-02
5.32979E+03 -2.54222E-02
5.33027E+03 -2.55172E-02
5.33075E+03 -2.57000E-02
5.33123E+03 -2.58309E-02
5.33172E+03 -2.58219E-02
5.33220E+03 -2.57040E-02
5.33268E+03 -2.55750E-02
5.33316E+03 -2.55062E-02
5.33365E+03 -2.55050E-02
5.33413E+03 -2.55401E-02
5.33461E+03 -2.55783E-02
5.33509E+03 -2.56051E-02
5.33557E+03 -2.56304E-02
5.33606E+03 -2.56781E-02
5.33654E+03 -2.57538E-02
5.33702E+03 -2.58255E-02
5.33750E+03 -2.58515E-02
5.33799E+03 -2.58251E-02
5.33847E+03 -2.57803E-02
5.33895E+03 -2.57544E-02
5.33943E+03 -2.57578E-02
5.33991E+03 -2.57821E-02
5.34040E+03 -2.58129E-02
5.34088E+03 -2.58277E-02
5.34136E+03 -2.58058E-02
5.34184E+03 -2.57526E-02
5.34233E+03 -2.57001E-02
5.34281E+03 -2.56654E-02
5.34329E+03 -2.56265E-02
5.34377E+03 -2.55614E-02
5.34425E+03 -2.55049E-02
5.34474E+03 -2.55249E-02
5.34522E+03 -2.56398E-02
5.34570E+03 -2.57786E-02
5.34618E+03 -2.58491E-02
5.34667E+03 -2.58241E-02
5.34715E+03 -2.57504E-02
5.34763E+03 -2.56857E-02
5.34811E+03 -2.56553E-02
5.34859E+03 -2.56560E-02
5.34908E+03 -2.56735E-02
5.34956E+03 -2.56822E-02
5.35004E+03 -2.56518E-02
5.35052E+03 -2.55710E-02
5.35100E+03 -2.54598E-02
5.35149E+03 -2.53523E-02
5.35197E+03 -2.52764E-02
5.35245E+03 -2.52481E-02
5.35293E+03 -2.52789E-02
5.35342E+03 -2.53607E-02
5.35390E+03 -2.54521E-02
5.35438E+03 -2.55021E-02
5.35486E+03 -2.54979E-02
5.35534E+03 -2.54773E-02
5.35583E+03 -2.54818E-02
5.35631E+03 -2.55061E-02
5.35679E+03 -2.55102E-02
5.35727E+03 -2.54783E-02
5.35776E+03 -2.54417E-02
5.35824E+03 -2.54340E-02
5.35872E+03 -2.54448E-02
5.35920E+03 -2.54405E-02
5.35968E+03 -2.54239E-02
5.36017E+03 -2.54430E-02
5.36065E+03 -2.55253E-02
5.36113E+03 -2.56355E-02
5.36161E+03 -2.57115E-02
5.36210E+03 -2.57345E-02
5.36258E+03 -2.57313E-02
5.36306E+03 -2.57226E-02
5.36354E+03 -2.57022E-02
5.36402E+03 -2.56750E-02
5.36451E+03 -2.56743E-02
5.36499E+03 -2.57203E-02
5.36547E+03 -2.57715E-02
5.36595E+03 -2.57581E-02
5.36644E+03 -2.56608E-02
5.36692E+03 -2.55354E-02
5.36740E+03 -2.54522E-02
5.36788E+03 -2.54339E-02
5.36836E+03 -2.54566E-02
5.36885E+03 -2.55000E-02
5.36933E+03 -2.55628E-02
5.36981E+03 -2.56391E-02
5.37029E+03 -2.56983E-02
5.37078E+03 -2.57073E-02
5.37126E+03 -2.56703E-02
5.37174E+03 -2.56328E-02
5.37222E+03 -2.56318E-02
5.37270E+03 -2.56509E-02
5.37319E+03 -2.56379E-02
5.37367E+03 -2.55723E-02
5.37415E+03 -2.55067E-02
5.37463E+03 -2.55200E-02
5.37512E+03 -2.56312E-02
5.37560E+03 -2.57731E-02
5.37608E+03 -2.58502E-02
5.37656E+03 -2.58194E-02
5.37704E+03 -2.57212E-02
5.37753E+03 -2.56456E-02
5.37801E+03 -2.56624E-02
5.37849E+03 -2.57679E-02
5.37897E+03 -2.58875E-02
5.37946E+03 -2.59431E-02
5.37994E+03 -2.59263E-02
5.38042E+03 -2.58941E-02
5.38090E+03 -2.58951E-02
5.38138E+03 -2.59164E-02
5.38187E+03 -2.59180E-02
5.38235E+03 -2.58930E-02
5.38283E+03 -2.58656E-02
5.38331E+03 -2.58401E-02
5.38379E+03 -2.57907E-02
5.38428E+03 -2.57149E-02
5.38476E+03 -2.56679E-02
5.38524E+03 -2.57072E-02
5.38572E+03 -2.58138E-02
5.38621E+03 -2.58947E-02
5.38669E+03 -2.58736E-02
5.38717E+03 -2.57692E-02
5.38765E+03 -2.56765E-02
5.38813E+03 -2.56754E-02
5.38862E+03 -2.57613E-02
5.38910E+03 -2.58667E-02
5.38958E+03 -2.59344E-02
5.39006E+03 -2.59661E-02
5.39055E+03 -2.59924E-02
5.39103E+03 -2.60167E-02
5.39151E+03 -2.60037E-02
5.39199E+03 -2.59271E-02
5.39247E+03 -2.58095E-02
5.39296E+03 -2.57066E-02
5.39344E+03 -2.56523E-02
5.39392E+03 -2.56349E-02
5.39440E+03 -2.56285E-02
5.39489E+03 -2.56363E-02
5.39537E+03 -2.56866E-02
5.39585E+03 -2.57887E-02
5.39633E+03 -2.58989E-02
5.39681E+03 -2.59528E-02
5.39730E+03 -2.59343E-02
5.39778E+03 -2.59049E-02
5.39826E+03 -2.59371E-02
5.39874E+03 -2.60267E-02
5.39923E+03 -2.60883E-02
5.39971E+03 -2.60557E-02
5.40019E+03 -2.59622E-02
5.40067E+03 -2.59067E-02
5.40115E+03 -2.59398E-02
5.40164E+03 -2.60137E-02
5.40212E+03 -2.60424E-02
5.40260E+03 -2.59887E-02
5.40308E+03 -2.58791E-02
5.40357E+03 -2.57638E-02
5.40405E+03 -2.56836E-02
5.40453E+03 -2.56690E-02
5.40501E+03 -2.57295E-02
5.40549E+03 -2.58305E-02
5.40598E+03 -2.58990E-02
5.40646E+03 -2.58849E-02
5.40694E+03 -2.58145E-02
5.40742E+03 -2.57619E-02
5.40791E+03 -2.57630E-02
5.40839E+03 -2.57802E-02
5.40887E+03 -2.57620E-02
5.40935E+03 -2.57198E-02
5.40983E+03 -2.57130E-02
5.41032E+03 -2.57597E-02
5.41080E+03 -2.58045E-02
5.41128E+03 -2.57925E-02
5.41176E+03 -2.57438E-02
5.41225E+03 -2.57167E-02
5.41273E+03 -2.57180E-02
5.41321E+03 -2.56947E-02
5.41369E+03 -2.56266E-02
5.41417E+03 -2.55750E-02
5.41466E+03 -2.56104E-02
5.41514E+03 -2.57163E-02
5.41562E+03 -2.58049E-02
5.41610E+03 -2.58166E-02
5.41658E+03 -2.57728E-02
5.41707E+03 -2.57273E-02
5.41755E+03 -2.57046E-02
5.41803E+03 -2.56940E-02
5.41851E+03 -2.56791E-02
5.41900E+03 -2.56542E-02
5.41948E+03 -2.56276E-02
5.41996E+03 -2.56253E-02
5.42044E+03 -2.56799E-02
5.42092E+03 -2.57910E-02
5.42141E+03 -2.59116E-02
5.42189E+03 -2.59842E-02
5.42237E+03 -2.59928E-02
5.42285E+03 -2.59607E-02
5.42334E+03 -2.59115E-02
5.42382E+03 -2.58524E-02
5.42430E+03 -2.57944E-02
5.42478E+03 -2.57593E-02
5.42526E+03 -2.57541E-02
5.42575E+03 -2.57524E-02
5.42623E+03 -2.57265E-02
5.42671E+03 -2.56861E-02
5.42719E+03 -2.56729E-02
5.42768E+03 -2.57129E-02
5.42816E+03 -2.57870E-02
5.42864E+03 -2.58452E-02
5.42912E+03 -2.58432E-02
5.42960E+03 -2.57733E-02
5.43009E+03 -2.56767E-02
5.43057E+03 -2.56250E-02
5.43105E+03 -2.56658E-02
5.43153E+03 -2.57669E-02
5.43202E+03 -2.58368E-02
5.43250E+03 -2.58118E-02
5.43298E+03 -2.57293E-02
5.43346E+03 -2.56883E-02
5.43394E+03 -2.57367E-02
5.43443E+03 -2.58181E-02
5.43491E+03 -2.58403E-02
5.43539E+03 -2.57758E-02
5.43587E+03 -2.56795E-02
5.43635E+03 -2.56181E-02
5.43684E+03 -2.56069E-02
5.43732E+03 -2.56208E-02
5.43780E+03 -2.56388E-02
5.43828E+03 -2.56615E-02
5.43877E+03 -2.56968E-02
5.43925E+03 -2.57470E-02
5.43973E+03 -2.58100E-02
5.44021E+03 -2.58807E-02
5.44069E+03 -2.59508E-02
5.44118E+03 -2.60106E-02
5.44166E+03 -2.60464E-02
5.44214E+03 -2.60315E-02
5.44262E+03 -2.59345E-02
5.44311E+03 -2.57541E-02
5.44359E+03 -2.55493E-02
5.44407E+03 -2.54112E-02
5.44455E+03 -2.53904E-02
5.44503E+03 -2.54568E-02
5.44552E+03 -2.55356E-02
5.44600E+03 -2.55788E-02
5.44648E+03 -2.55933E-02
5.44696E+03 -2.56097E-02
5.44745E+03 -2.56374E-02
5.44793E+03 -2.56596E-02
5.44841E+03 -2.56678E-02
5.44889E+03 -2.56865E-02
5.44937E+03 -2.57516E-02
5.44986E+03 -2.58571E-02
5.45034E+03 -2.59369E-02
5.45082E+03 -2.59154E-02
5.45130E+03 -2.57893E-02
5.45179E+03 -2.56445E-02
5.45227E+03 -2.55736E-02
5.45275E+03 -2.55783E-02
5.45323E+03 -2.55723E-02
5.45371E+03 -2.54875E-02
5.45420E+03 -2.53617E-02
5.45468E+03 -2.53058E-02
5.45516E+03 -2.53851E-02
5.45564E+03 -2.55498E-02
5.45613E+03 -2.56907E-02
5.45661E+03 -2.57510E-02
5.45709E+03 -2.57674E-02
5.45757E+03 -2.58002E-02
5.45805E+03 -2.58569E-02
5.45854E+03 -2.59015E-02
5.45902E+03 -2.59211E-02
5.45950E+03 -2.59377E-02
5.45998E+03 -2.59564E-02
5.46047E+03 -2.59399E-02
5.46095E+03 -2.58658E-02
5.46143E+03 -2.57879E-02
5.46191E+03 -2.57983E-02
5.46239E+03 -2.59329E-02
5.46288E+03 -2.61307E-02
5.46336E+03 -2.62905E-02
5.46384E+03 -2.63465E-02
5.46432E+03 -2.62913E-02
5.46481E+03 -2.61617E-02
5.46529E+03 -2.60184E-02
5.46577E+03 -2.59147E-02
5.46625E+03 -2.58588E-02
5.46673E+03 -2.58170E-02
5.46722E+03 -2.57654E-02
5.46770E+03 -2.57206E-02
5.46818E+03 -2.57027E-02
5.46866E+03 -2.56867E-02
5.46915E+03 -2.56329E-02
5.46963E+03 -2.55590E-02
5.47011E+03 -2.55442E-02
5.47059E+03 -2.56393E-02
5.47107E+03 -2.57952E-02
5.47156E+03 -2.59053E-02
5.47204E+03 -2.59070E-02
5.47252E+03 -2.58271E-02
5.47300E+03 -2.57350E-02
5.47348E+03 -2.56738E-02
5.47397E+03 -2.56458E-02
5.47445E+03 -2.56366E-02
5.47493E+03 -2.56399E-02
5.47541E+03 -2.56626E-02
5.47590E+03 -2.57178E-02
5.47638E+03 -2.58109E-02
5.47686E+03 -2.59119E-02
5.47734E+03 -2.59505E-02
5.47782E+03 -2.58681E-02
5.47831E+03 -2.56973E-02
5.47879E+03 -2.55697E-02
5.47927E+03 -2.56017E-02
5.47975E+03 -2.57665E-02
5.48024E+03 -2.59119E-02
5.48072E+03 -2.59268E-02
5.48120E+03 -2.58613E-02
5.48168E+03 -2.58456E-02
5.48216E+03 -2.59211E-02
5.48265E+03 -2.60046E-02
5.48313E+03 -2.60121E-02
5.48361E+03 -2.59570E-02
5.48409E+03 -2.58964E-02
5.48458E+03 -2.58392E-02
5.48506E+03 -2.57573E-02
5.48554E+03 -2.56626E-02
5.48602E+03 -2.56069E-02
5.48650E+03 -2.56077E-02
5.48699E+03 -2.56289E-02
5.48747E+03 -2.56472E-02
5.48795E+03 -2.56841E-02
5.48843E+03 -2.57477E-02
5.48892E+03 -2.57866E-02
5.48940E+03 -2.57521E-02
5.48988E+03 -2.56877E-02
5.49036E+03 -2.56959E-02
5.49084E+03 -2.58052E-02
5.49133E+03 -2.59185E-02
5.49181E+03 -2.59161E-02
5.49229E+03 -2.57960E-02
5.49277E+03 -2.56810E-02
5.49325E+03 -2.56925E-02
5.49374E+03 -2.58337E-02
5.49422E+03 -2.59975E-02
5.49470E+03 -2.60688E-02
5.49518E+03 -2.60153E-02
5.49567E+03 -2.58930E-02
5.49615E+03 -2.57855E-02
5.49663E+03 -2.57435E-02
5.49711E+03 -2.57614E-02
5.49759E+03 -2.57868E-02
5.49808E+03 -2.57538E-02
5.49856E+03 -2.56395E-02
5.49904E+03 -2.55076E-02
5.49952E+03 -2.54766E-02
5.50001E+03 -2.56113E-02
5.50049E+03 -2.58407E-02
5.50097E+03 -2.60219E-02
5.50145E+03 -2.60855E-02
5.50193E+03 -2.60891E-02
5.50242E+03 -2.61072E-02
5.50290E+03 -2.61186E-02
5.50338E+03 -2.60434E-02
5.50386E+03 -2.58749E-02
5.50435E+03 -2.57143E-02
5.50483E+03 -2.56604E-02
5.50531E+03 -2.57023E-02
5.50579E+03 -2.57505E-02
5.50627E+03 -2.57440E-02
5.50676E+03 -2.57052E-02
5.50724E+03 -2.56971E-02
5.50772E+03 -2.57517E-02
5.50820E+03 -2.58359E-02
5.50869E+03 -2.58769E-02
5.50917E+03 -2.58260E-02
5.50965E+03 -2.57115E-02
5.51013E+03 -2.56214E-02
5.51061E+03 -2.56184E-02
5.51110E+03 -2.56827E-02
5.51158E+03 -2.57510E-02
5.51206E+03 -2.57933E-02
5.51254E+03 -2.58221E-02
5.51303E+03 -2.58403E-02
5.51351E+03 -2.58314E-02
5.51399E+03 -2.58091E-02
5.51447E+03 -2.58224E-02
5.51495E+03 -2.58799E-02
5.51544E+03 -2.59078E-02
5.51592E+03 -2.58330E-02
5.51640E+03 -2.57009E-02
5.51688E+03 -2.56507E-02
5.51737E+03 -2.57601E-02
5.51785E+03 -2.59525E-02
5.51833E+03 -2.60803E-02
5.51881E+03 -2.60726E-02
5.51929E+03 -2.59691E-02
5.51978E+03 -2.58374E-02
5.52026E+03 -2.57078E-02
5.52074E+03 -2.55979E-02
5.52122E+03 -2.55518E-02
5.52171E+03 -2.56048E-02
5.52219E+03 -2.57216E-02
5.52267E+03 -2.58003E-02
5.52315E+03 -2.57673E-02
5.52363E+03 -2.56518E-02
5.52412E+03 -2.55502E-02
5.52460E+03 -2.55302E-02
5.52508E+03 -2.55812E-02
5.52556E+03 -2.56535E-02
5.52604E+03 -2.57153E-02
5.52653E+03 -2.57580E-02
5.52701E+03 -2.57733E-02
5.52749E+03 -2.57502E-02
5.52797E+03 -2.56979E-02
5.52846E+03 -2.56432E-02
5.52894E+03 -2.56056E-02
5.52942E+03 -2.55966E-02
5.52990E+03 -2.56340E-02
5.53038E+03 -2.57340E-02
5.53087E+03 -2.58683E-02
5.53135E+03 -2.59558E-02
5.53183E+03 -2.59307E-02
5.53231E+03 -2.58164E-02
5.53280E+03 -2.57132E-02
5.53328E+03 -2.57032E-02
5.53376E+03 -2.57756E-02
5.53424E+03 -2.58457E-02
5.53472E+03 -2.58394E-02
5.53521E+03 -2.57645E-02
5.53569E+03 -2.56999E-02
5.53617E+03 -2.57181E-02
5.53665E+03 -2.58112E-02
5.53714E+03 -2.58980E-02
5.53762E+03 -2.59032E-02
5.53810E+03 -2.58259E-02
5.53858E+03 -2.57179E-02
5.53906E+03 -2.56259E-02
5.53955E+03 -2.55688E-02
5.54003E+03 -2.55543E-02
5.54051E+03 -2.55759E-02
5.54099E+03 -2.55978E-02
5.54148E+03 -2.55811E-02
5.54196E+03 -2.55512E-02
5.54244E+03 -2.55879E-02
5.54292E+03 -2.57292E-02
5.54340E+03 -2.59023E-02
5.54389E+03 -2.59899E-02
5.54437E+03 -2.59508E-02
5.54485E+03 -2.58449E-02
5.54533E+03 -2.57560E-02
5.54581E+03 -2.57260E-02
5.54630E+03 -2.57552E-02
5.54678E+03 -2.58153E-02
5.54726E+03 -2.58515E-02
5.54774E+03 -2.58106E-02
5.54823E+03 -2.56962E-02
5.54871E+03 -2.55802E-02
5.54919E+03 -2.55349E-02
5.54967E+03 -2.55698E-02
5.55015E+03 -2.56494E-02
5.55064E+03 -2.57447E-02
5.55112E+03 -2.58453E-02
5.55160E+03 -2.59330E-02
5.55208E+03 -2.59706E-02
5.55257E+03 -2.59261E-02
5.55305E+03 -2.57934E-02
5.55353E+03 -2.56053E-02
5.55401E+03 -2.54366E-02
5.55449E+03 -2.53710E-02
5.55498E+03 -2.54350E-02
5.55546E+03 -2.55608E-02
5.55594E+03 -2.56409E-02
5.55642E+03 -2.56210E-02
5.55691E+03 -2.55324E-02
5.55739E+03 -2.54438E-02
5.55787E+03 -2.54074E-02
5.55835E+03 -2.54386E-02
5.55883E+03 -2.55050E-02
5.55932E+03 -2.55315E-02
5.55980E+03 -2.54656E-02
5.56028E+03 -2.53566E-02
5.56076E+03 -2.53340E-02
5.56125E+03 -2.54624E-02
5.56173E+03 -2.56498E-02
5.56221E+03 -2.57383E-02
5.56269E+03 -2.56829E-02
5.56317E+03 -2.55903E-02
5.56366E+03 -2.55808E-02
5.56414E+03 -2.56490E-02
5.56462E+03 -2.56933E-02
5.56510E+03 -2.56423E-02
5.56559E+03 -2.55286E-02
5.56607E+03 -2.54405E-02
5.56655E+03 -2.54356E-02
5.56703E+03 -2.55052E-02
5.56751E+03 -2.56036E-02
5.56800E+03 -2.56862E-02
5.56848E+03 -2.57250E-02
5.56896E+03 -2.57066E-02
5.56944E+03 -2.56371E-02
5.56993E+03 -2.55451E-02
5.57041E+03 -2.54689E-02
5.57089E+03 -2.54241E-02
5.57137E+03 -2.54021E-02
5.57185E+03 -2.53924E-02
5.57234E+03 -2.54043E-02
5.57282E+03 -2.54496E-02
5.57330E+03 -2.55170E-02
5.57378E+03 -2.55784E-02
5.57427E+03 -2.56239E-02
5.57475E+03 -2.56624E-02
5.57523E+03 -2.56986E-02
5.57571E+03 -2.57149E-02
5.57619E+03 -2.56873E-02
5.57668E+03 -2.56071E-02
5.57716E+03 -2.54993E-02
5.57764E+03 -2.54255E-02
5.57812E+03 -2.54572E-02
5.57860E+03 -2.56119E-02
5.57909E+03 -2.58103E-02
5.57957E+03 -2.59298E-02
5.58005E+03 -2.59214E-02
5.58053E+03 -2.58495E-02
5.58102E+03 -2.58039E-02
5.58150E+03 -2.57941E-02
5.58198E+03 -2.57729E-02
5.58246E+03 -2.57349E-02
5.58294E+03 -2.57337E-02
5.58343E+03 -2.57885E-02
5.58391E+03 -2.58287E-02
5.58439E+03 -2.57732E-02
5.58487E+03 -2.56442E-02
5.58536E+03 -2.55576E-02
5.58584E+03 -2.55962E-02
5.58632E+03 -2.57271E-02
5.58680E+03 -2.58434E-02
5.58728E+03 -2.58638E-02
5.58777E+03 -2.57725E-02
5.58825E+03 -2.55996E-02
5.58873E+03 -2.54050E-02
5.58921E+03 -2.52765E-02
5.58970E+03 -2.52842E-02
5.59018E+03 -2.54066E-02
5.59066E+03 -2.55303E-02
5.59114E+03 -2.55656E-02
5.59162E+03 -2.55527E-02
5.59211E+03 -2.56034E-02
5.59259E+03 -2.57311E-02
5.59307E+03 -2.58008E-02
5.59355E+03 -2.56894E-02
5.59404E+03 -2.54562E-02
5.59452E+03 -2.52921E-02
5.59500E+03 -2.53076E-02
5.59548E+03 -2.54296E-02
5.59596E+03 -2.55251E-02
5.59645E+03 -2.55566E-02
5.59693E+03 -2.55754E-02
5.59741E+03 -2.56056E-02
5.59789E+03 -2.56083E-02
5.59838E+03 -2.55618E-02
5.59886E+03 -2.55139E-02
5.59934E+03 -2.55226E-02
5.59982E+03 -2.55773E-02
5.60030E+03 -2.56137E-02
5.60079E+03 -2.55904E-02
5.60127E+03 -2.55248E-02
5.60175E+03 -2.54627E-02
5.60223E+03 -2.54283E-02
5.60271E+03 -2.54109E-02
5.60320E+03 -2.53873E-02
5.60368E+03 -2.53534E-02
5.60416E+03 -2.53357E-02
5.60464E+03 -2.53640E-02
5.60513E+03 -2.54277E-02
5.60561E+03 -2.54767E-02
5.60609E+03 -2.54738E-02
5.60657E+03 -2.54421E-02
5.60705E+03 -2.54388E-02
5.60754E+03 -2.54864E-02
5.60802E+03 -2.55467E-02
5.60850E+03 -2.55625E-02
5.60898E+03 -2.55099E-02
5.60947E+03 -2.54088E-02
5.60995E+03 -2.53037E-02
5.61043E+03 -2.52454E-02
5.61091E+03 -2.52679E-02
5.61139E+03 -2.53480E-02
5.61188E+03 -2.53969E-02
5.61236E+03 -2.53338E-02
5.61284E+03 -2.51776E-02
5.61332E+03 -2.50450E-02
5.61381E+03 -2.50429E-02
5.61429E+03 -2.51714E-02
5.61477E+03 -2.53491E-02
5.61525E+03 -2.55012E-02
5.61573E+03 -2.56042E-02
5.61622E+03 -2.56555E-02
5.61670E+03 -2.56505E-02
5.61718E+03 -2.56011E-02
5.61766E+03 -2.55496E-02
5.61815E+03 -2.55259E-02
5.61863E+03 -2.55136E-02
5.61911E+03 -2.54807E-02
5.61959E+03 -2.54363E-02
5.62007E+03 -2.54202E-02
5.62056E+03 -2.54390E-02
5.62104E+03 -2.54475E-02
5.62152E+03 -2.54179E-02
5.62200E+03 -2.53879E-02
5.62249E+03 -2.54099E-02
5.62297E+03 -2.54709E-02
5.62345E+03 -2.55135E-02
5.62393E+03 -2.55281E-02
5.62441E+03 -2.55721E-02
5.62490E+03 -2.56686E-02
5.62538E+03 -2.57393E-02
5.62586E+03 -2.56813E-02
5.62634E+03 -2.55012E-02
5.62683E+03 -2.53262E-02
5.62731E+03 -2.52784E-02
5.62779E+03 -2.53736E-02
5.62827E+03 -2.55442E-02
5.62875E+03 -2.57138E-02
5.62924E+03 -2.58228E-02
5.62972E+03 -2.58259E-02
5.63020E+03 -2.57181E-02
5.63068E+03 -2.55601E-02
5.63117E+03 -2.54364E-02
5.63165E+03 -2.53806E-02
5.63213E+03 -2.53651E-02
5.63261E+03 -2.53685E-02
5.63309E+03 -2.54151E-02
5.63358E+03 -2.55307E-02
5.63406E+03 -2.56854E-02
5.63454E+03 -2.58117E-02
5.63502E+03 -2.58556E-02
5.63550E+03 -2.58019E-02
5.63599E+03 -2.56674E-02
5.63647E+03 -2.54985E-02
5.63695E+03 -2.53600E-02
5.63743E+03 -2.52877E-02
5.63792E+03 -2.52508E-02
5.63840E+03 -2.51965E-02
5.63888E+03 -2.51314E-02
5.63936E+03 -2.51292E-02
5.63984E+03 -2.52347E-02
5.64033E+03 -2.53948E-02
5.64081E+03 -2.55019E-02
5.64129E+03 -2.54847E-02
5.64177E+03 -2.53492E-02
5.64226E+03 -2.51694E-02
5.64274E+03 -2.50609E-02
5.64322E+03 -2.51209E-02
5.64370E+03 -2.53291E-02
5.64418E+03 -2.55256E-02
5.64467E+03 -2.55483E-02
5.64515E+03 -2.54075E-02
5.64563E+03 -2.52670E-02
5.64611E+03 -2.52436E-02
5.64660E+03 -2.52922E-02
5.64708E+03 -2.53210E-02
5.64756E+03 -2.53478E-02
5.64804E+03 -2.54548E-02
5.64852E+03 -2.56245E-02
5.64901E+03 -2.57153E-02
5.64949E+03 -2.56311E-02
5.64997E+03 -2.54442E-02
5.65045E+03 -2.53111E-02
5.65094E+03 -2.53089E-02
5.65142E+03 -2.53889E-02
5.65190E+03 -2.54620E-02
5.65238E+03 -2.54786E-02
5.65286E+03 -2.54357E-02
5.65335E+03 -2.53626E-02
5.65383E+03 -2.53140E-02
5.65431E+03 -2.53429E-02
5.65479E+03 -2.54500E-02
5.65527E+03 -2.55685E-02
5.65576E+03 -2.56114E-02
5.65624E+03 -2.55435E-02
5.65672E+03 -2.54026E-02
5.65720E+03 -2.52622E-02
5.65769E+03 -2.51780E-02
5.65817E+03 -2.51626E-02
5.65865E+03 -2.51936E-02
5.65913E+03 -2.52386E-02
5.65961E+03 -2.52668E-02
5.66010E+03 -2.52599E-02
5.66058E+03 -2.52229E-02
5.66106E+03 -2.51783E-02
5.66154E+03 -2.51331E-02
5.66203E+03 -2.50544E-02
5.66251E+03 -2.49141E-02
5.66299E+03 -2.47592E-02
5.66347E+03 -2.47030E-02
5.66395E+03 -2.48128E-02
5.66444E+03 -2.50188E-02
5.66492E+03 -2.51666E-02
5.66540E+03 -2.51659E-02
5.66588E+03 -2.50651E-02
5.66637E+03 -2.49814E-02
5.66685E+03 -2.49846E-02
5.66733E+03 -2.50538E-02
5.66781E+03 -2.51166E-02
5.66829E+03 -2.51226E-02
5.66878E+03 -2.50824E-02
5.66926E+03 -2.50457E-02
5.66974E+03 -2.50498E-02
5.67022E+03 -2.50922E-02
5.67071E+03 -2.51608E-02
5.67119E+03 -2.52574E-02
5.67167E+03 -2.53582E-02
5.67215E+03 -2.53792E-02
5.67263E+03 -2.52403E-02
5.67312E+03 -2.49852E-02
5.67360E+03 -2.47844E-02
5.67408E+03 -2.47746E-02
5.67456E+03 -2.49208E-02
5.67505E+03 -2.50783E-02
5.67553E+03 -2.51617E-02
5.67601E+03 -2.52007E-02
5.67649E+03 -2.52482E-02
5.67697E+03 -2.52963E-02
5.67746E+03 -2.53076E-02
5.67794E+03 -2.52854E-02
5.67842E+03 -2.52726E-02
5.67890E+03 -2.52987E-02
5.67939E+03 -2.53491E-02
5.67987E+03 -2.53864E-02
5.68035E+03 -2.53903E-02
5.68083E+03 -2.53877E-02
5.68131E+03 -2.54287E-02
5.68180E+03 -2.55189E-02
5.68228E+03 -2.55826E-02
5.68276E+03 -2.55368E-02
5.68324E+03 -2.54079E-02
5.68373E+03 -2.53249E-02
5.68421E+03 -2.53589E-02
5.68469E+03 -2.54142E-02
5.68517E+03 -2.53372E-02
5.68565E+03 -2.51241E-02
5.68614E+03 -2.49401E-02
5.68662E+03 -2.49281E-02
5.68710E+03 -2.50506E-02
5.68758E+03 -2.51585E-02
5.68806E+03 -2.51641E-02
5.68855E+03 -2.50953E-02
5.68903E+03 -2.50013E-02
5.68951E+03 -2.48850E-02
5.68999E+03 -2.47401E-02
5.69048E+03 -2.46063E-02
5.69096E+03 -2.45424E-02
5.69144E+03 -2.45561E-02
5.69192E+03 -2.46016E-02
5.69240E+03 -2.46480E-02
5.69289E+03 -2.47191E-02
5.69337E+03 -2.48466E-02
5.69385E+03 -2.50031E-02
5.69433E+03 -2.51176E-02
5.69482E+03 -2.51555E-02
5.69530E+03 -2.51655E-02
5.69578E+03 -2.52174E-02
5.69626E+03 -2.53099E-02
5.69674E+03 -2.53701E-02
5.69723E+03 -2.53477E-02
5.69771E+03 -2.52790E-02
5.69819E+03 -2.52404E-02
5.69867E+03 -2.52563E-02
5.69916E+03 -2.52835E-02
5.69964E+03 -2.52721E-02
5.70012E+03 -2.52185E-02
5.70060E+03 -2.51547E-02
5.70108E+03 -2.51157E-02
5.70157E+03 -2.51280E-02
5.70205E+03 -2.51927E-02
5.70253E+03 -2.52609E-02
5.70301E+03 -2.52553E-02
5.70350E+03 -2.51517E-02
5.70398E+03 -2.50356E-02
5.70446E+03 -2.50303E-02
5.70494E+03 -2.51585E-02
5.70542E+03 -2.53092E-02
5.70591E+03 -2.53574E-02
5.70639E+03 -2.52960E-02
5.70687E+03 -2.52156E-02
5.70735E+03 -2.51765E-02
5.70784E+03 -2.51470E-02
5.70832E+03 -2.50807E-02
5.70880E+03 -2.49948E-02
5.70928E+03 -2.49452E-02
5.70976E+03 -2.49497E-02
5.71025E+03 -2.49882E-02
5.71073E+03 -2.50632E-02
5.71121E+03 -2.51953E-02
5.71169E+03 -2.53505E-02
5.71218E+03 -2.54363E-02
5.71266E+03 -2.54174E-02
5.71314E+03 -2.53883E-02
5.71362E+03 -2.54561E-02
5.71410E+03 -2.55705E-02
5.71459E+03 -2.55656E-02
5.71507E+03 -2.53955E-02
5.71555E+03 -2.52302E-02
5.71603E+03 -2.52497E-02
5.71651E+03 -2.54042E-02
5.71700E+03 -2.54744E-02
5.71748E+03 -2.53519E-02
5.71796E+03 -2.51638E-02
5.71844E+03 -2.50894E-02
5.71893E+03 -2.51439E-02
5.71941E+03 -2.52064E-02
5.71989E+03 -2.52038E-02
5.72037E+03 -2.51805E-02
5.72085E+03 -2.52018E-02
5.72134E+03 -2.52523E-02
5.72182E+03 -2.52631E-02
5.72230E+03 -2.52070E-02
5.72278E+03 -2.51347E-02
5.72327E+03 -2.51257E-02
5.72375E+03 -2.52106E-02
5.72423E+03 -2.53498E-02
5.72471E+03 -2.54876E-02
5.72519E+03 -2.56202E-02
5.72568E+03 -2.57794E-02
5.72616E+03 -2.59550E-02
5.72664E+03 -2.60675E-02
5.72712E+03 -2.60551E-02
5.72761E+03 -2.59612E-02
5.72809E+03 -2.58900E-02
5.72857E+03 -2.58836E-02
5.72905E+03 -2.58897E-02
5.72953E+03 -2.58460E-02
5.73002E+03 -2.57486E-02
5.73050E+03 -2.56393E-02
5.73098E+03 -2.55664E-02
5.73146E+03 -2.55762E-02
5.73195E+03 -2.56814E-02
5.73243E+03 -2.58125E-02
5.73291E+03 -2.58483E-02
5.73339E+03 -2.57485E-02
5.73387E+03 -2.56238E-02
5.73436E+03 -2.56219E-02
5.73484E+03 -2.57493E-02
5.73532E+03 -2.58540E-02
5.73580E+03 -2.57887E-02
5.73629E+03 -2.55610E-02
5.73677E+03 -2.53141E-02
5.73725E+03 -2.51991E-02
5.73773E+03 -2.52643E-02
5.73821E+03 -2.54359E-02
5.73870E+03 -2.55822E-02
5.73918E+03 -2.56174E-02
5.73966E+03 -2.55671E-02
5.74014E+03 -2.55302E-02
5.74062E+03 -2.55808E-02
5.74111E+03 -2.57097E-02
5.74159E+03 -2.58479E-02
5.74207E+03 -2.59162E-02
5.74255E+03 -2.58684E-02
5.74304E+03 -2.57289E-02
5.74352E+03 -2.56033E-02
5.74400E+03 -2.56055E-02
5.74448E+03 -2.57368E-02
5.74496E+03 -2.58678E-02
5.74545E+03 -2.58825E-02
5.74593E+03 -2.58097E-02
5.74641E+03 -2.57655E-02
5.74689E+03 -2.57905E-02
5.74738E+03 -2.58082E-02
5.74786E+03 -2.57570E-02
5.74834E+03 -2.56907E-02
5.74882E+03 -2.56977E-02
5.74930E+03 -2.57630E-02
5.74979E+03 -2.57807E-02
5.75027E+03 -2.57016E-02
5.75075E+03 -2.56093E-02
5.75123E+03 -2.56180E-02
5.75172E+03 -2.57252E-02
5.75220E+03 -2.58221E-02
5.75268E+03 -2.58313E-02
5.75316E+03 -2.57992E-02
5.75364E+03 -2.58209E-02
5.75413E+03 -2.59064E-02
5.75461E+03 -2.59665E-02
5.75509E+03 -2.59226E-02
5.75557E+03 -2.57920E-02
5.75606E+03 -2.56547E-02
5.75654E+03 -2.55647E-02
5.75702E+03 -2.55341E-02
5.75750E+03 -2.55732E-02
5.75798E+03 -2.56987E-02
5.75847E+03 -2.58786E-02
5.75895E+03 -2.60225E-02
5.75943E+03 -2.60588E-02
5.75991E+03 -2.60132E-02
5.76040E+03 -2.59801E-02
5.76088E+03 -2.60266E-02
5.76136E+03 -2.61323E-02
5.76184E+03 -2.62227E-02
5.76232E+03 -2.62263E-02
5.76281E+03 -2.61175E-02
5.76329E+03 -2.59309E-02
5.76377E+03 -2.57560E-02
5.76425E+03 -2.56882E-02
5.76474E+03 -2.57660E-02
5.76522E+03 -2.59530E-02
5.76570E+03 -2.61712E-02
5.76618E+03 -2.63376E-02
5.76666E+03 -2.63807E-02
5.76715E+03 -2.62706E-02
5.76763E+03 -2.60623E-02
5.76811E+03 -2.58764E-02
5.76859E+03 -2.57951E-02
5.76908E+03 -2.57873E-02
5.76956E+03 -2.57783E-02
5.77004E+03 -2.57673E-02
5.77052E+03 -2.58247E-02
5.77100E+03 -2.59593E-02
5.77149E+03 -2.60531E-02
5.77197E+03 -2.59839E-02
5.77245E+03 -2.57842E-02
5.77293E+03 -2.56261E-02
5.77342E+03 -2.56404E-02
5.77390E+03 -2.57864E-02
5.77438E+03 -2.59199E-02
5.77486E+03 -2.59594E-02
5.77534E+03 -2.59503E-02
5.77583E+03 -2.59791E-02
5.77631E+03 -2.60583E-02
5.77679E+03 -2.61350E-02
5.77727E+03 -2.61830E-02
5.77775E+03 -2.62339E-02
5.77824E+03 -2.62856E-02
5.77872E+03 -2.62461E-02
5.77920E+03 -2.60399E-02
5.77968E+03 -2.57640E-02
5.78017E+03 -2.56464E-02
5.78065E+03 -2.57914E-02
5.78113E+03 -2.60375E-02
5.78161E+03 -2.61356E-02
5.78209E+03 -2.60288E-02
5.78258E+03 -2.58726E-02
5.78306E+03 -2.58047E-02
5.78354E+03 -2.57888E-02
5.78402E+03 -2.57219E-02
5.78451E+03 -2.56014E-02
5.78499E+03 -2.55248E-02
5.78547E+03 -2.55699E-02
5.78595E+03 -2.57272E-02
5.78643E+03 -2.59248E-02
5.78692E+03 -2.60670E-02
5.78740E+03 -2.60845E-02
5.78788E+03 -2.59991E-02
5.78836E+03 -2.59156E-02
5.78885E+03 -2.59086E-02
5.78933E+03 -2.59355E-02
5.78981E+03 -2.59286E-02
5.79029E+03 -2.59193E-02
5.79077E+03 -2.59925E-02
5.79126E+03 -2.61043E-02
5.79174E+03 -2.60797E-02
5.79222E+03 -2.58396E-02
5.79270E+03 -2.55550E-02
5.79319E+03 -2.54743E-02
5.79367E+03 -2.56462E-02
5.79415E+03 -2.58851E-02
5.79463E+03 -2.59979E-02
5.79511E+03 -2.59583E-02
5.79560E+03 -2.58663E-02
5.79608E+03 -2.58260E-02
5.79656E+03 -2.58740E-02
5.79704E+03 -2.59595E-02
5.79752E+03 -2.59558E-02
5.79801E+03 -2.57613E-02
5.79849E+03 -2.54446E-02
5.79897E+03 -2.52308E-02
5.79945E+03 -2.52744E-02
5.79994E+03 -2.54797E-02
5.80042E+03 -2.56235E-02
5.80090E+03 -2.56364E-02
5.80138E+03 -2.56613E-02
5.80186E+03 -2.58184E-02
5.80235E+03 -2.60171E-02
5.80283E+03 -2.60908E-02
5.80331E+03 -2.60495E-02
5.80379E+03 -2.60739E-02
5.80428E+03 -2.62576E-02
5.80476E+03 -2.64544E-02
5.80524E+03 -2.64484E-02
5.80572E+03 -2.62070E-02
5.80620E+03 -2.58978E-02
5.80669E+03 -2.56854E-02
5.80717E+03 -2.56012E-02
5.80765E+03 -2.56127E-02
5.80813E+03 -2.57242E-02
5.80862E+03 -2.59402E-02
5.80910E+03 -2.61715E-02
5.80958E+03 -2.62776E-02
5.81006E+03 -2.62188E-02
5.81054E+03 -2.61158E-02
5.81103E+03 -2.61204E-02
5.81151E+03 -2.62568E-02
5.81199E+03 -2.64072E-02
5.81247E+03 -2.64465E-02
5.81296E+03 -2.63526E-02
5.81344E+03 -2.61915E-02
5.81392E+03 -2.60317E-02
5.81440E+03 -2.58980E-02
5.81488E+03 -2.57872E-02
5.81537E+03 -2.57016E-02
5.81585E+03 -2.56588E-02
5.81633E+03 -2.56810E-02
5.81681E+03 -2.57796E-02
5.81730E+03 -2.59369E-02
5.81778E+03 -2.60951E-02
5.81826E+03 -2.61803E-02
5.81874E+03 -2.61593E-02
5.81922E+03 -2.60741E-02
5.81971E+03 -2.60055E-02
5.82019E+03 -2.59914E-02
5.82067E+03 -2.59910E-02
5.82115E+03 -2.59514E-02
5.82164E+03 -2.58940E-02
5.82212E+03 -2.59145E-02
5.82260E+03 -2.60779E-02
5.82308E+03 -2.63341E-02
5.82356E+03 -2.65431E-02
5.82405E+03 -2.65848E-02
5.82453E+03 -2.64460E-02
5.82501E+03 -2.62142E-02
5.82549E+03 -2.60024E-02
5.82598E+03 -2.58726E-02
5.82646E+03 -2.58176E-02
5.82694E+03 -2.58050E-02
5.82742E+03 -2.58317E-02
5.82790E+03 -2.59135E-02
5.82839E+03 -2.60288E-02
5.82887E+03 -2.60959E-02
5.82935E+03 -2.60443E-02
5.82983E+03 -2.59089E-02
5.83031E+03 -2.58268E-02
5.83080E+03 -2.59235E-02
5.83128E+03 -2.61837E-02
5.83176E+03 -2.64513E-02
5.83224E+03 -2.65594E-02
5.83273E+03 -2.64706E-02
5.83321E+03 -2.62900E-02
5.83369E+03 -2.61568E-02
5.83417E+03 -2.61208E-02
5.83465E+03 -2.61343E-02
5.83514E+03 -2.61363E-02
5.83562E+03 -2.61144E-02
5.83610E+03 -2.60909E-02
5.83658E+03 -2.60866E-02
5.83707E+03 -2.61144E-02
5.83755E+03 -2.61835E-02
5.83803E+03 -2.62773E-02
5.83851E+03 -2.63563E-02
5.83899E+03 -2.64086E-02
5.83948E+03 -2.64665E-02
5.83996E+03 -2.65482E-02
5.84044E+03 -2.66047E-02
5.84092E+03 -2.65781E-02
5.84141E+03 -2.65068E-02
5.84189E+03 -2.64938E-02
5.84237E+03 -2.65722E-02
5.84285E+03 -2.66723E-02
5.84333E+03 -2.67467E-02
5.84382E+03 -2.68526E-02
5.84430E+03 -2.70421E-02
5.84478E+03 -2.72353E-02
5.84526E+03 -2.72995E-02
5.84575E+03 -2.72279E-02
5.84623E+03 -2.71351E-02
5.84671E+03 -2.70647E-02
5.84719E+03 -2.69165E-02
5.84767E+03 -2.66272E-02
5.84816E+03 -2.63380E-02
5.84864E+03 -2.62660E-02
5.84912E+03 -2.64279E-02
5.84960E+03 -2.65923E-02
5.85008E+03 -2.65430E-02
5.85057E+03 -2.63237E-02
5.85105E+03 -2.61626E-02
5.85153E+03 -2.61990E-02
5.85201E+03 -2.63458E-02
5.85250E+03 -2.64410E-02
5.85298E+03 -2.64485E-02
5.85346E+03 -2.64653E-02
5.85394E+03 -2.65515E-02
5.85442E+03 -2.66429E-02
5.85491E+03 -2.66543E-02
5.85539E+03 -2.66083E-02
5.85587E+03 -2.65963E-02
5.85635E+03 -2.66414E-02
5.85684E+03 -2.66721E-02
5.85732E+03 -2.66380E-02
5.85780E+03 -2.65727E-02
5.85828E+03 -2.65169E-02
5.85876E+03 -2.64452E-02
5.85925E+03 -2.63401E-02
5.85973E+03 -2.62768E-02
5.86021E+03 -2.63471E-02
5.86069E+03 -2.65068E-02
5.86118E+03 -2.65978E-02
5.86166E+03 -2.65494E-02
5.86214E+03 -2.64685E-02
5.86262E+03 -2.64752E-02
5.86310E+03 -2.65142E-02
5.86359E+03 -2.64334E-02
5.86407E+03 -2.62268E-02
5.86455E+03 -2.60877E-02
5.86503E+03 -2.61764E-02
5.86552E+03 -2.64148E-02
5.86600E+03 -2.65930E-02
5.86648E+03 -2.66327E-02
5.86696E+03 -2.66505E-02
5.86744E+03 -2.67520E-02
5.86793E+03 -2.68667E-02
5.86841E+03 -2.68502E-02
5.86889E+03 -2.66982E-02
5.86937E+03 -2.65599E-02
5.86986E+03 -2.65375E-02
5.87034E+03 -2.65617E-02
5.87082E+03 -2.65220E-02
5.87130E+03 -2.64468E-02
5.87178E+03 -2.64728E-02
5.87227E+03 -2.66358E-02
5.87275E+03 -2.67813E-02
5.87323E+03 -2.67388E-02
5.87371E+03 -2.65348E-02
5.87420E+03 -2.63709E-02
5.87468E+03 -2.63913E-02
5.87516E+03 -2.65351E-02
5.87564E+03 -2.66392E-02
5.87612E+03 -2.66308E-02
5.87661E+03 -2.65696E-02
5.87709E+03 -2.65241E-02
5.87757E+03 -2.64871E-02
5.87805E+03 -2.64374E-02
5.87854E+03 -2.64135E-02
5.87902E+03 -2.64595E-02
5.87950E+03 -2.65288E-02
5.87998E+03 -2.65201E-02
5.88046E+03 -2.64322E-02
5.88095E+03 -2.64151E-02
5.88143E+03 -2.65994E-02
5.88191E+03 -2.68960E-02
5.88239E+03 -2.70444E-02
5.88288E+03 -2.68909E-02
5.88336E+03 -2.65734E-02
5.88384E+03 -2.63902E-02
5.88432E+03 -2.64853E-02
5.88480E+03 -2.67089E-02
5.88529E+03 -2.67947E-02
5.88577E+03 -2.66299E-02
5.88625E+03 -2.63302E-02
5.88673E+03 -2.60763E-02
5.88721E+03 -2.59517E-02
5.88770E+03 -2.59515E-02
5.88818E+03 -2.60736E-02
5.88866E+03 -2.63100E-02
5.88914E+03 -2.65665E-02
5.88963E+03 -2.66956E-02
5.89011E+03 -2.66559E-02
5.89059E+03 -2.65872E-02
5.89107E+03 -2.66497E-02
5.89155E+03 -2.68200E-02
5.89204E+03 -2.69097E-02
5.89252E+03 -2.67883E-02
5.89300E+03 -2.65325E-02
5.89348E+03 -2.63363E-02
5.89397E+03 -2.63190E-02
5.89445E+03 -2.64437E-02
5.89493E+03 -2.65845E-02
5.89541E+03 -2.66464E-02
5.89589E+03 -2.66258E-02
5.89638E+03 -2.65890E-02
5.89686E+03 -2.65973E-02
5.89734E+03 -2.66495E-02
5.89782E+03 -2.67004E-02
5.89831E+03 -2.67147E-02
5.89879E+03 -2.66803E-02
5.89927E+03 -2.65895E-02
5.89975E+03 -2.64574E-02
5.90023E+03 -2.63470E-02
5.90072E+03 -2.63164E-02
5.90120E+03 -2.63320E-02
5.90168E+03 -2.62977E-02
5.90216E+03 -2.62117E-02
5.90265E+03 -2.62118E-02
5.90313E+03 -2.64052E-02
5.90361E+03 -2.66995E-02
5.90409E+03 -2.68833E-02
5.90457E+03 -2.68527E-02
5.90506E+03 -2.66844E-02
5.90554E+03 -2.64999E-02
5.90602E+03 -2.63648E-02
5.90650E+03 -2.63226E-02
5.90698E+03 -2.64178E-02
5.90747E+03 -2.66204E-02
5.90795E+03 -2.68075E-02
5.90843E+03 -2.68883E-02
5.90891E+03 -2.69044E-02
5.90940E+03 -2.69457E-02
5.90988E+03 -2.70120E-02
5.91036E+03 -2.70273E-02
5.91084E+03 -2.69718E-02
5.91132E+03 -2.69111E-02
5.91181E+03 -2.68932E-02
5.91229E+03 -2.68824E-02
5.91277E+03 -2.68271E-02
5.91325E+03 -2.67320E-02
5.91374E+03 -2.66358E-02
5.91422E+03 -2.65527E-02
5.91470E+03 -2.64804E-02
5.91518E+03 -2.64340E-02
5.91566E+03 -2.64395E-02
5.91615E+03 -2.64857E-02
5.91663E+03 -2.65206E-02
5.91711E+03 -2.65028E-02
5.91759E+03 -2.64586E-02
5.91808E+03 -2.64731E-02
5.91856E+03 -2.66185E-02
5.91904E+03 -2.68717E-02
5.91952E+03 -2.71151E-02
5.92000E+03 -2.72317E-02
5.92049E+03 -2.72026E-02
5.92097E+03 -2.70993E-02
5.92145E+03 -2.69962E-02
5.92193E+03 -2.69142E-02
5.92242E+03 -2.68515E-02
5.92290E+03 -2.68274E-02
5.92338E+03 -2.68696E-02
5.92386E+03 -2.69639E-02
5.92434E+03 -2.70428E-02
5.92483E+03 -2.70302E-02
5.92531E+03 -2.69042E-02
5.92579E+03 -2.67140E-02
5.92627E+03 -2.65540E-02
5.92676E+03 -2.64961E-02
5.92724E+03 -2.65451E-02
5.92772E+03 -2.66563E-02
5.92820E+03 -2.67918E-02
5.92868E+03 -2.69305E-02
5.92917E+03 -2.70443E-02
5.92965E+03 -2.70958E-02
5.93013E+03 -2.70828E-02
5.93061E+03 -2.70447E-02
5.93110E+03 -2.70101E-02
5.93158E+03 -2.69528E-02
5.93206E+03 -2.68374E-02
5.93254E+03 -2.66991E-02
5.93302E+03 -2.66453E-02
5.93351E+03 -2.67497E-02
5.93399E+03 -2.69765E-02
5.93447E+03 -2.72010E-02
5.93495E+03 -2.73137E-02
5.93544E+03 -2.73021E-02
5.93592E+03 -2.72418E-02
5.93640E+03 -2.72047E-02
5.93688E+03 -2.71859E-02
5.93736E+03 -2.71402E-02
5.93785E+03 -2.70838E-02
5.93833E+03 -2.71002E-02
5.93881E+03 -2.72091E-02
5.93929E+03 -2.72775E-02
5.93977E+03 -2.71500E-02
5.94026E+03 -2.68598E-02
5.94074E+03 -2.66359E-02
5.94122E+03 -2.66553E-02
5.94170E+03 -2.68573E-02
5.94219E+03 -2.70412E-02
5.94267E+03 -2.71050E-02
5.94315E+03 -2.71045E-02
5.94363E+03 -2.71071E-02
5.94411E+03 -2.70834E-02
5.94460E+03 -2.69783E-02
5.94508E+03 -2.68175E-02
5.94556E+03 -2.66942E-02
5.94604E+03 -2.66670E-02
5.94653E+03 -2.67265E-02
5.94701E+03 -2.68403E-02
5.94749E+03 -2.69742E-02
5.94797E+03 -2.70628E-02
5.94845E+03 -2.70214E-02
5.94894E+03 -2.68499E-02
5.94942E+03 -2.67010E-02
5.94990E+03 -2.67773E-02
5.95038E+03 -2.71191E-02
5.95087E+03 -2.75260E-02
5.95135E+03 -2.77382E-02
5.95183E+03 -2.76758E-02
5.95231E+03 -2.74831E-02
5.95279E+03 -2.73439E-02
5.95328E+03 -2.73141E-02
5.95376E+03 -2.73246E-02
5.95424E+03 -2.72913E-02
5.95472E+03 -2.71748E-02
5.95521E+03 -2.69939E-02
5.95569E+03 -2.68439E-02
5.95617E+03 -2.68662E-02
5.95665E+03 -2.71123E-02
5.95713E+03 -2.74267E-02
5.95762E+03 -2.75421E-02
5.95810E+03 -2.73403E-02
5.95858E+03 -2.69775E-02
5.95906E+03 -2.67109E-02
5.95954E+03 -2.66480E-02
5.96003E+03 -2.67059E-02
5.96051E+03 -2.67702E-02
5.96099E+03 -2.68166E-02
5.96147E+03 -2.68750E-02
5.96196E+03 -2.69445E-02
5.96244E+03 -2.69942E-02
5.96292E+03 -2.70065E-02
5.96340E+03 -2.69946E-02
5.96388E+03 -2.69883E-02
5.96437E+03 -2.70181E-02
5.96485E+03 -2.71023E-02
5.96533E+03 -2.72292E-02
5.96581E+03 -2.73653E-02
5.96630E+03 -2.74906E-02
5.96678E+03 -2.75871E-02
5.96726E+03 -2.75868E-02
5.96774E+03 -2.73851E-02
5.96822E+03 -2.69705E-02
5.96871E+03 -2.65238E-02
5.96919E+03 -2.63054E-02
5.96967E+03 -2.64036E-02
5.97015E+03 -2.66397E-02
5.97064E+03 -2.67628E-02
5.97112E+03 -2.67155E-02
5.97160E+03 -2.66498E-02
5.97208E+03 -2.66949E-02
5.97256E+03 -2.68044E-02
5.97305E+03 -2.68535E-02
5.97353E+03 -2.68231E-02
5.97401E+03 -2.68040E-02
5.97449E+03 -2.68416E-02
5.97498E+03 -2.68632E-02
5.97546E+03 -2.67817E-02
5.97594E+03 -2.66235E-02
5.97642E+03 -2.65043E-02
5.97690E+03 -2.65123E-02
5.97739E+03 -2.66457E-02
5.97787E+03 -2.68501E-02
5.97835E+03 -2.70514E-02
5.97883E+03 -2.71691E-02
5.97932E+03 -2.71650E-02
5.97980E+03 -2.70958E-02
5.98028E+03 -2.70680E-02
5.98076E+03 -2.71200E-02
5.98124E+03 -2.71813E-02
5.98173E+03 -2.71778E-02
5.98221E+03 -2.71373E-02
5.98269E+03 -2.71370E-02
5.98317E+03 -2.71775E-02
5.98366E+03 -2.71815E-02
5.98414E+03 -2.71066E-02
5.98462E+03 -2.70061E-02
5.98510E+03 -2.69452E-02
5.98558E+03 -2.69220E-02
5.98607E+03 -2.68958E-02
5.98655E+03 -2.68560E-02
5.98703E+03 -2.68150E-02
5.98751E+03 -2.67666E-02
5.98800E+03 -2.67086E-02
5.98848E+03 -2.66942E-02
5.98896E+03 -2.67851E-02
5.98944E+03 -2.69376E-02
5.98992E+03 -2.69924E-02
5.99041E+03 -2.68452E-02
5.99089E+03 -2.65929E-02
5.99137E+03 -2.64564E-02
5.99185E+03 -2.65490E-02
5.99233E+03 -2.67725E-02
5.99282E+03 -2.69493E-02
5.99330E+03 -2.70161E-02
5.99378E+03 -2.70450E-02
5.99426E+03 -2.71040E-02
5.99475E+03 -2.71584E-02
5.99523E+03 -2.71362E-02
5.99571E+03 -2.70411E-02
5.99619E+03 -2.69597E-02
5.99667E+03 -2.69552E-02
5.99716E+03 -2.70026E-02
5.99764E+03 -2.70324E-02
5.99812E+03 -2.70178E-02
5.99860E+03 -2.69875E-02
5.99909E+03 -2.69761E-02
5.99957E+03 -2.69812E-02
6.00005E+03 -2.69764E-02
6.00053E+03 -2.69339E-02
