# {"full": "H2O:CH3OH:CO2 (0.6:1:0.8)", "name": "H2O:CH3OH:CO2", "ratio": "(0.6:1:0.8)", "url": "https://icedb.strw.leidenuniv.nl/data/43", "author": "Ehrenfreund et al."}
4.07944E+02 -9.01629E-03
4.08908E+02 -4.45219E-03
4.09872E+02 -5.33384E-03
4.10837E+02 -4.47104E-03
4.11801E+02 -4.37523E-03
4.12766E+02 -4.31424E-03
4.13730E+02 -4.99985E-03
4.14694E+02 -5.62945E-03
4.15659E+02 -4.85897E-03
4.16623E+02 -4.81617E-03
4.17588E+02 -5.58524E-03
4.18552E+02 -5.53088E-03
4.19516E+02 -5.67564E-03
4.20481E+02 -4.61320E-03
4.21445E+02 3.28850E-04
4.22410E+02 -6.36406E-04
4.23374E+02 -3.53766E-03
4.24339E+02 -3.89198E-03
4.25303E+02 -4.82634E-03
4.26267E+02 -4.61947E-03
4.27232E+02 -4.51579E-03
4.28196E+02 -5.56151E-03
4.29161E+02 -5.35127E-03
4.30125E+02 -4.94836E-03
4.31089E+02 -4.98893E-03
4.32054E+02 -4.64924E-03
4.33018E+02 -5.09940E-03
4.33983E+02 -6.25812E-03
4.34947E+02 -6.75686E-03
4.35911E+02 -4.47220E-03
4.36876E+02 -3.75463E-03
4.37840E+02 -4.37333E-03
4.38805E+02 -4.31294E-03
4.39769E+02 -4.52892E-03
4.40733E+02 -4.53306E-03
4.41698E+02 -5.80920E-03
4.42662E+02 -8.10812E-03
4.43627E+02 -7.06036E-03
4.44591E+02 -5.83821E-03
4.45555E+02 -5.93580E-03
4.46520E+02 -5.49719E-03
4.47484E+02 -5.32338E-03
4.48449E+02 -5.57809E-03
4.49413E+02 -6.01776E-03
4.50377E+02 -5.55728E-03
4.51342E+02 -5.31175E-03
4.52306E+02 -5.22089E-03
4.53271E+02 -5.36101E-03
4.54235E+02 -5.51424E-03
4.55199E+02 -5.39050E-03
4.56164E+02 -5.25597E-03
4.57128E+02 -4.52890E-03
4.58093E+02 -4.40172E-03
4.59057E+02 -3.90587E-03
4.60022E+02 -3.36765E-03
4.60986E+02 -2.56599E-03
4.61950E+02 -1.25912E-03
4.62915E+02 1.12234E-02
4.63879E+02 8.64369E-03
4.64844E+02 -6.98963E-03
4.65808E+02 -7.47965E-03
4.66772E+02 -6.81938E-03
4.67737E+02 -6.20725E-03
4.68701E+02 -5.79438E-03
4.69666E+02 -5.73298E-03
4.70630E+02 -5.79050E-03
4.71594E+02 -6.00779E-03
4.72559E+02 -5.80449E-03
4.73523E+02 -5.15727E-03
4.74488E+02 -4.94825E-03
4.75452E+02 -5.20871E-03
4.76416E+02 -5.18210E-03
4.77381E+02 -4.84953E-03
4.78345E+02 -4.94232E-03
4.79310E+02 -5.15045E-03
4.80274E+02 -5.16282E-03
4.81238E+02 -5.07575E-03
4.82203E+02 -4.85745E-03
4.83167E+02 -4.06048E-03
4.84132E+02 -3.64477E-03
4.85096E+02 -5.40903E-03
4.86060E+02 -6.07356E-03
4.87025E+02 -5.57007E-03
4.87989E+02 -5.44394E-03
4.88954E+02 -5.13785E-03
4.89918E+02 -5.04513E-03
4.90883E+02 -4.83040E-03
4.91847E+02 -4.66764E-03
4.92811E+02 -4.75432E-03
4.93776E+02 -4.87101E-03
4.94740E+02 -4.90243E-03
4.95705E+02 -4.71438E-03
4.96669E+02 -4.48546E-03
4.97633E+02 -4.75171E-03
4.98598E+02 -5.11407E-03
4.99562E+02 -4.46454E-03
5.00527E+02 -4.18286E-03
5.01491E+02 -4.20029E-03
5.02455E+02 -4.12151E-03
5.03420E+02 -4.22075E-03
5.04384E+02 -4.47496E-03
5.05349E+02 -4.42925E-03
5.06313E+02 -3.38762E-03
5.07277E+02 -3.07310E-03
5.08242E+02 -3.19874E-03
5.09206E+02 -3.16294E-03
5.10171E+02 -3.09961E-03
5.11135E+02 -2.76852E-03
5.12099E+02 -2.67688E-03
5.13064E+02 -2.67652E-03
5.14028E+02 -2.54078E-03
5.14993E+02 -2.44436E-03
5.15957E+02 -2.33177E-03
5.16921E+02 -2.22575E-03
5.17886E+02 -2.09001E-03
5.18850E+02 -2.03649E-03
5.19815E+02 -1.63844E-03
5.20779E+02 -1.22662E-03
5.21743E+02 -1.19664E-03
5.22708E+02 -1.15896E-03
5.23672E+02 -9.78831E-04
5.24637E+02 -7.91028E-04
5.25601E+02 -6.92487E-04
5.26565E+02 -3.40316E-04
5.27530E+02 -2.94819E-05
5.28494E+02 9.49353E-05
5.29459E+02 2.88077E-04
5.30423E+02 4.03803E-04
5.31388E+02 4.43600E-04
5.32352E+02 5.54398E-04
5.33316E+02 6.94897E-04
5.34281E+02 1.07675E-03
5.35245E+02 1.31008E-03
5.36210E+02 1.41240E-03
5.37174E+02 1.57440E-03
5.38138E+02 1.76591E-03
5.39103E+02 1.87878E-03
5.40067E+02 1.97675E-03
5.41032E+02 2.44341E-03
5.41996E+02 2.83109E-03
5.42960E+02 2.90082E-03
5.43925E+02 3.06942E-03
5.44889E+02 3.26341E-03
5.45854E+02 3.55449E-03
5.46818E+02 3.67904E-03
5.47782E+02 3.54505E-03
5.48747E+02 3.78998E-03
5.49711E+02 4.12443E-03
5.50676E+02 4.33579E-03
5.51640E+02 4.52349E-03
5.52604E+02 4.64648E-03
5.53569E+02 4.88042E-03
5.54533E+02 5.17330E-03
5.55498E+02 5.27144E-03
5.56462E+02 5.33362E-03
5.57427E+02 5.57467E-03
5.58391E+02 5.87679E-03
5.59355E+02 6.08009E-03
5.60320E+02 6.36481E-03
5.61284E+02 6.67390E-03
5.62249E+02 6.57972E-03
5.63213E+02 6.61924E-03
5.64177E+02 6.87842E-03
5.65142E+02 7.12401E-03
5.66106E+02 7.37235E-03
5.67071E+02 7.49709E-03
5.68035E+02 7.67151E-03
5.68999E+02 7.82144E-03
5.69964E+02 7.99515E-03
5.70928E+02 8.19946E-03
5.71893E+02 8.37655E-03
5.72857E+02 8.60396E-03
5.73821E+02 8.85292E-03
5.74786E+02 8.98515E-03
5.75750E+02 8.99759E-03
5.76715E+02 9.23897E-03
5.77679E+02 9.57898E-03
5.78643E+02 9.76828E-03
5.79608E+02 9.96795E-03
5.80572E+02 1.01435E-02
5.81537E+02 1.02939E-02
5.82501E+02 1.04966E-02
5.83465E+02 1.07135E-02
5.84430E+02 1.09837E-02
5.85394E+02 1.11386E-02
5.86359E+02 1.12747E-02
5.87323E+02 1.15690E-02
5.88287E+02 1.18670E-02
5.89252E+02 1.21082E-02
5.90216E+02 1.22951E-02
5.91181E+02 1.25402E-02
5.92145E+02 1.27807E-02
5.93109E+02 1.29997E-02
5.94074E+02 1.33160E-02
5.95038E+02 1.35500E-02
5.96003E+02 1.39701E-02
5.96967E+02 1.46042E-02
5.97932E+02 1.47197E-02
5.98896E+02 1.47329E-02
5.99860E+02 1.50903E-02
6.00825E+02 1.54329E-02
6.01789E+02 1.57553E-02
6.02754E+02 1.61427E-02
6.03718E+02 1.64752E-02
6.04682E+02 1.68804E-02
6.05647E+02 1.72834E-02
6.06611E+02 1.77119E-02
6.07576E+02 1.82599E-02
6.08540E+02 1.86432E-02
6.09504E+02 1.89886E-02
6.10469E+02 1.96099E-02
6.11433E+02 2.01795E-02
6.12398E+02 2.07411E-02
6.13362E+02 2.13107E-02
6.14326E+02 2.20280E-02
6.15291E+02 2.26720E-02
6.16255E+02 2.34661E-02
6.17220E+02 2.33122E-02
6.18184E+02 2.34285E-02
6.19148E+02 2.56839E-02
6.20113E+02 2.71429E-02
6.21077E+02 2.83349E-02
6.22042E+02 2.97893E-02
6.23006E+02 3.10800E-02
6.23971E+02 3.25482E-02
6.24935E+02 3.41226E-02
6.25899E+02 3.58564E-02
6.26864E+02 3.78416E-02
6.27828E+02 4.01224E-02
6.28793E+02 4.25700E-02
6.29757E+02 4.54193E-02
6.30721E+02 4.85885E-02
6.31686E+02 5.21025E-02
6.32650E+02 5.60213E-02
6.33615E+02 6.04979E-02
6.34579E+02 6.56243E-02
6.35543E+02 7.15170E-02
6.36508E+02 7.82336E-02
6.37472E+02 8.58429E-02
6.38437E+02 9.35941E-02
6.39401E+02 1.01371E-01
6.40365E+02 1.10443E-01
6.41330E+02 1.20092E-01
6.42294E+02 1.29633E-01
6.43259E+02 1.38943E-01
6.44223E+02 1.47611E-01
6.45187E+02 1.55613E-01
6.46152E+02 1.62452E-01
6.47116E+02 1.67527E-01
6.48081E+02 1.70495E-01
6.49045E+02 1.71194E-01
6.50009E+02 1.69989E-01
6.50974E+02 1.67012E-01
6.51938E+02 1.63144E-01
6.52903E+02 1.59865E-01
6.53867E+02 1.59986E-01
6.54831E+02 1.65106E-01
6.55796E+02 1.67796E-01
6.56760E+02 1.64605E-01
6.57725E+02 1.61131E-01
6.58689E+02 1.59981E-01
6.59654E+02 1.61228E-01
6.60618E+02 1.59271E-01
6.61582E+02 1.50519E-01
6.62547E+02 1.38468E-01
6.63511E+02 1.24710E-01
6.64476E+02 1.09932E-01
6.65440E+02 9.50696E-02
6.66404E+02 8.10491E-02
6.67369E+02 6.86755E-02
6.68333E+02 5.84083E-02
6.69298E+02 5.05450E-02
6.70262E+02 4.49432E-02
6.71226E+02 4.08708E-02
6.72191E+02 3.74349E-02
6.73155E+02 3.42309E-02
6.74120E+02 3.10769E-02
6.75084E+02 2.79256E-02
6.76048E+02 2.50538E-02
6.77013E+02 2.31664E-02
6.77977E+02 2.24692E-02
6.78942E+02 2.23459E-02
6.79906E+02 2.24457E-02
6.80870E+02 2.27095E-02
6.81835E+02 2.29815E-02
6.82799E+02 2.32189E-02
6.83764E+02 2.35251E-02
6.84728E+02 2.39284E-02
6.85692E+02 2.42915E-02
6.86657E+02 2.45481E-02
6.87621E+02 2.49328E-02
6.88586E+02 2.53333E-02
6.89550E+02 2.56911E-02
6.90514E+02 2.60603E-02
6.91479E+02 2.63448E-02
6.92443E+02 2.65771E-02
6.93408E+02 2.69951E-02
6.94372E+02 2.71146E-02
6.95337E+02 2.69380E-02
6.96301E+02 2.76254E-02
6.97265E+02 2.85280E-02
6.98230E+02 2.88218E-02
6.99194E+02 2.91851E-02
7.00159E+02 2.95050E-02
7.01123E+02 3.02271E-02
7.02087E+02 3.00403E-02
7.03052E+02 2.88956E-02
7.04016E+02 2.91849E-02
7.04981E+02 2.97214E-02
7.05945E+02 3.12932E-02
7.06909E+02 3.22941E-02
7.07874E+02 3.19696E-02
7.08838E+02 3.23782E-02
7.09803E+02 3.26356E-02
7.10767E+02 3.28103E-02
7.11731E+02 3.32014E-02
7.12696E+02 3.35546E-02
7.13660E+02 3.38130E-02
7.14625E+02 3.41634E-02
7.15589E+02 3.43019E-02
7.16553E+02 3.40345E-02
7.17518E+02 3.43773E-02
7.18482E+02 3.48339E-02
7.19447E+02 3.49875E-02
7.20411E+02 3.53322E-02
7.21375E+02 3.55557E-02
7.22340E+02 3.57079E-02
7.23304E+02 3.60492E-02
7.24269E+02 3.63810E-02
7.25233E+02 3.65676E-02
7.26198E+02 3.67805E-02
7.27162E+02 3.70151E-02
7.28126E+02 3.72301E-02
7.29091E+02 3.74334E-02
7.30055E+02 3.77313E-02
7.31020E+02 3.79684E-02
7.31984E+02 3.81128E-02
7.32948E+02 3.83336E-02
7.33913E+02 3.85815E-02
7.34877E+02 3.87769E-02
7.35842E+02 3.89587E-02
7.36806E+02 3.91826E-02
7.37770E+02 3.92016E-02
7.38735E+02 3.93057E-02
7.39699E+02 3.95483E-02
7.40664E+02 3.97531E-02
7.41628E+02 3.99588E-02
7.42592E+02 4.01488E-02
7.43557E+02 4.04538E-02
7.44521E+02 4.05844E-02
7.45486E+02 4.05865E-02
7.46450E+02 4.07063E-02
7.47414E+02 4.08821E-02
7.48379E+02 4.10778E-02
7.49343E+02 4.12507E-02
7.50308E+02 4.13779E-02
7.51272E+02 4.14690E-02
7.52236E+02 4.14828E-02
7.53201E+02 4.15531E-02
7.54165E+02 4.17445E-02
7.55130E+02 4.19717E-02
7.56094E+02 4.20834E-02
7.57058E+02 4.22372E-02
7.58023E+02 4.22621E-02
7.58987E+02 4.22376E-02
7.59952E+02 4.24155E-02
7.60916E+02 4.24743E-02
7.61880E+02 4.24835E-02
7.62845E+02 4.26308E-02
7.63809E+02 4.27700E-02
7.64774E+02 4.29414E-02
7.65738E+02 4.29849E-02
7.66703E+02 4.29834E-02
7.67667E+02 4.30376E-02
7.68631E+02 4.30648E-02
7.69596E+02 4.30942E-02
7.70560E+02 4.32473E-02
7.71525E+02 4.30537E-02
7.72489E+02 4.28312E-02
7.73453E+02 4.33565E-02
7.74418E+02 4.36266E-02
7.75382E+02 4.35810E-02
7.76347E+02 4.35472E-02
7.77311E+02 4.35757E-02
7.78275E+02 4.36450E-02
7.79240E+02 4.37070E-02
7.80204E+02 4.37085E-02
7.81169E+02 4.36242E-02
7.82133E+02 4.36471E-02
7.83097E+02 4.36494E-02
7.84062E+02 4.36558E-02
7.85026E+02 4.36692E-02
7.85991E+02 4.36766E-02
7.86955E+02 4.37687E-02
7.87919E+02 4.37942E-02
7.88884E+02 4.36485E-02
7.89848E+02 4.36197E-02
7.90813E+02 4.36487E-02
7.91777E+02 4.35869E-02
7.92742E+02 4.32085E-02
7.93706E+02 4.30852E-02
7.94670E+02 4.35594E-02
7.95635E+02 4.36914E-02
7.96599E+02 4.36395E-02
7.97564E+02 4.35810E-02
7.98528E+02 4.34926E-02
7.99492E+02 4.34148E-02
8.00457E+02 4.33406E-02
8.01421E+02 4.33227E-02
8.02386E+02 4.32229E-02
8.03350E+02 4.31373E-02
8.04314E+02 4.30767E-02
8.05279E+02 4.30184E-02
8.06243E+02 4.28675E-02
8.07208E+02 4.27670E-02
8.08172E+02 4.27236E-02
8.09136E+02 4.25717E-02
8.10101E+02 4.25003E-02
8.11065E+02 4.24870E-02
8.12030E+02 4.23315E-02
8.12994E+02 4.21827E-02
8.13958E+02 4.21086E-02
8.14923E+02 4.18302E-02
8.15887E+02 4.16334E-02
8.16852E+02 4.16258E-02
8.17816E+02 4.15490E-02
8.18780E+02 4.13976E-02
8.19745E+02 4.12062E-02
8.20709E+02 4.10141E-02
8.21674E+02 4.08773E-02
8.22638E+02 4.07869E-02
8.23602E+02 4.05449E-02
8.24567E+02 4.03067E-02
8.25531E+02 4.02844E-02
8.26496E+02 4.01988E-02
8.27460E+02 4.01068E-02
8.28424E+02 3.98995E-02
8.29389E+02 3.93619E-02
8.30353E+02 3.90740E-02
8.31318E+02 3.89385E-02
8.32282E+02 3.87426E-02
8.33247E+02 3.85115E-02
8.34211E+02 3.82064E-02
8.35175E+02 3.79993E-02
8.36140E+02 3.77043E-02
8.37104E+02 3.73748E-02
8.38069E+02 3.71347E-02
8.39033E+02 3.69173E-02
8.39997E+02 3.66466E-02
8.40962E+02 3.63434E-02
8.41926E+02 3.60738E-02
8.42891E+02 3.58190E-02
8.43855E+02 3.55733E-02
8.44819E+02 3.52558E-02
8.45784E+02 3.49344E-02
8.46748E+02 3.45660E-02
8.47713E+02 3.41561E-02
8.48677E+02 3.37937E-02
8.49641E+02 3.38160E-02
8.50606E+02 3.36914E-02
8.51570E+02 3.31195E-02
8.52535E+02 3.27261E-02
8.53499E+02 3.24019E-02
8.54463E+02 3.20479E-02
8.55428E+02 3.16883E-02
8.56392E+02 3.13692E-02
8.57357E+02 3.10229E-02
8.58321E+02 3.06848E-02
8.59286E+02 3.03754E-02
8.60250E+02 3.00254E-02
8.61214E+02 2.95302E-02
8.62179E+02 2.90898E-02
8.63143E+02 2.86693E-02
8.64108E+02 2.83147E-02
8.65072E+02 2.80294E-02
8.66036E+02 2.75379E-02
8.67001E+02 2.70421E-02
8.67965E+02 2.65601E-02
8.68930E+02 2.61062E-02
8.69894E+02 2.56154E-02
8.70858E+02 2.54833E-02
8.71823E+02 2.52110E-02
8.72787E+02 2.46227E-02
8.73752E+02 2.41791E-02
8.74716E+02 2.36214E-02
8.75680E+02 2.31482E-02
8.76645E+02 2.26472E-02
8.77609E+02 2.21350E-02
8.78574E+02 2.17958E-02
8.79538E+02 2.13549E-02
8.80502E+02 2.08740E-02
8.81467E+02 2.04609E-02
8.82431E+02 2.00140E-02
8.83396E+02 1.95775E-02
8.84360E+02 1.91648E-02
8.85324E+02 1.87113E-02
8.86289E+02 1.82555E-02
8.87253E+02 1.77646E-02
8.88218E+02 1.72144E-02
8.89182E+02 1.67214E-02
8.90146E+02 1.63059E-02
8.91111E+02 1.56979E-02
8.92075E+02 1.52014E-02
8.93040E+02 1.49820E-02
8.94004E+02 1.45212E-02
8.94969E+02 1.40017E-02
8.95933E+02 1.35469E-02
8.96897E+02 1.30956E-02
8.97862E+02 1.26008E-02
8.98826E+02 1.21552E-02
8.99791E+02 1.17972E-02
9.00755E+02 1.13449E-02
9.01719E+02 1.08311E-02
9.02684E+02 1.04102E-02
9.03648E+02 9.98368E-03
9.04613E+02 9.68142E-03
9.05577E+02 9.24054E-03
9.06541E+02 8.47877E-03
9.07506E+02 7.95998E-03
9.08470E+02 7.62310E-03
9.09435E+02 7.16223E-03
9.10399E+02 6.64338E-03
9.11363E+02 6.23790E-03
9.12328E+02 5.83056E-03
9.13292E+02 5.42459E-03
9.14257E+02 5.02354E-03
9.15221E+02 4.55551E-03
9.16185E+02 4.17495E-03
9.17150E+02 3.80161E-03
9.18114E+02 3.34414E-03
9.19079E+02 2.83472E-03
9.20043E+02 2.43969E-03
9.21007E+02 2.22465E-03
9.21972E+02 1.80667E-03
9.22936E+02 1.34485E-03
9.23901E+02 1.00396E-03
9.24865E+02 5.95361E-04
9.25829E+02 2.83241E-04
9.26794E+02 3.91532E-04
9.27758E+02 -7.92630E-05
9.28723E+02 -9.04113E-04
9.29687E+02 -1.23374E-03
9.30651E+02 -1.56526E-03
9.31616E+02 -1.92313E-03
9.32580E+02 -2.30007E-03
9.33545E+02 -2.61291E-03
9.34509E+02 -2.89072E-03
9.35474E+02 -3.21847E-03
9.36438E+02 -3.58402E-03
9.37402E+02 -3.92090E-03
9.38367E+02 -4.24412E-03
9.39331E+02 -4.53182E-03
9.40296E+02 -4.81381E-03
9.41260E+02 -5.14806E-03
9.42224E+02 -5.53355E-03
9.43189E+02 -5.79509E-03
9.44153E+02 -6.00979E-03
9.45118E+02 -6.29102E-03
9.46082E+02 -6.56195E-03
9.47046E+02 -6.66479E-03
9.48011E+02 -6.82990E-03
9.48975E+02 -7.42195E-03
9.49940E+02 -7.81582E-03
9.50904E+02 -7.94352E-03
9.51868E+02 -8.18548E-03
9.52833E+02 -8.42933E-03
9.53797E+02 -8.64530E-03
9.54762E+02 -8.80458E-03
9.55726E+02 -9.01120E-03
9.56690E+02 -9.28855E-03
9.57655E+02 -9.49019E-03
9.58619E+02 -9.64578E-03
9.59584E+02 -9.81316E-03
9.60548E+02 -9.97715E-03
9.61513E+02 -1.01262E-02
9.62477E+02 -1.03272E-02
9.63441E+02 -1.05106E-02
9.64406E+02 -1.06752E-02
9.65370E+02 -1.08497E-02
9.66335E+02 -1.09932E-02
9.67299E+02 -1.11877E-02
9.68263E+02 -1.13438E-02
9.69228E+02 -1.13063E-02
9.70192E+02 -1.13330E-02
9.71157E+02 -1.15018E-02
9.72121E+02 -1.15924E-02
9.73085E+02 -1.17086E-02
9.74050E+02 -1.18146E-02
9.75014E+02 -1.18863E-02
9.75979E+02 -1.18862E-02
9.76943E+02 -1.18893E-02
9.77907E+02 -1.19861E-02
9.78872E+02 -1.19926E-02
9.79836E+02 -1.19542E-02
9.80801E+02 -1.19461E-02
9.81765E+02 -1.18916E-02
9.82729E+02 -1.19317E-02
9.83694E+02 -1.18939E-02
9.84658E+02 -1.16330E-02
9.85623E+02 -1.14504E-02
9.86587E+02 -1.12592E-02
9.87551E+02 -1.10244E-02
9.88516E+02 -1.08035E-02
9.89480E+02 -1.04895E-02
9.90445E+02 -1.01017E-02
9.91409E+02 -9.63403E-03
9.92373E+02 -9.09286E-03
9.93338E+02 -8.45609E-03
9.94302E+02 -7.67763E-03
9.95267E+02 -6.72599E-03
9.96231E+02 -5.45231E-03
9.97195E+02 -3.77059E-03
9.98160E+02 -1.57823E-03
9.99124E+02 1.17806E-03
1.00009E+03 4.65705E-03
1.00105E+03 9.01829E-03
1.00202E+03 1.42718E-02
1.00298E+03 2.05595E-02
1.00395E+03 2.78353E-02
1.00491E+03 3.56159E-02
1.00588E+03 4.40468E-02
1.00684E+03 5.31292E-02
1.00780E+03 6.24748E-02
1.00877E+03 7.18469E-02
1.00973E+03 8.10149E-02
1.01070E+03 9.00014E-02
1.01166E+03 9.87695E-02
1.01263E+03 1.07533E-01
1.01359E+03 1.16534E-01
1.01455E+03 1.26207E-01
1.01552E+03 1.36978E-01
1.01648E+03 1.49171E-01
1.01745E+03 1.63033E-01
1.01841E+03 1.78332E-01
1.01938E+03 1.94446E-01
1.02034E+03 2.10644E-01
1.02131E+03 2.26002E-01
1.02227E+03 2.39712E-01
1.02323E+03 2.51330E-01
1.02420E+03 2.60607E-01
1.02516E+03 2.67070E-01
1.02613E+03 2.70693E-01
1.02709E+03 2.72026E-01
1.02806E+03 2.71214E-01
1.02902E+03 2.68369E-01
1.02999E+03 2.63753E-01
1.03095E+03 2.57636E-01
1.03191E+03 2.50059E-01
1.03288E+03 2.41249E-01
1.03384E+03 2.31420E-01
1.03481E+03 2.20587E-01
1.03577E+03 2.08909E-01
1.03674E+03 1.96312E-01
1.03770E+03 1.82854E-01
1.03866E+03 1.68683E-01
1.03963E+03 1.53726E-01
1.04059E+03 1.38100E-01
1.04156E+03 1.21940E-01
1.04252E+03 1.05395E-01
1.04349E+03 8.88751E-02
1.04445E+03 7.28009E-02
1.04542E+03 5.74665E-02
1.04638E+03 4.36069E-02
1.04734E+03 3.17186E-02
1.04831E+03 2.18453E-02
1.04927E+03 1.40711E-02
1.05024E+03 8.11841E-03
1.05120E+03 3.55210E-03
1.05217E+03 1.68759E-04
1.05313E+03 -2.28781E-03
1.05410E+03 -4.32330E-03
1.05506E+03 -5.94427E-03
1.05602E+03 -7.13667E-03
1.05699E+03 -8.12420E-03
1.05795E+03 -8.88964E-03
1.05892E+03 -9.58035E-03
1.05988E+03 -1.02876E-02
1.06085E+03 -1.06619E-02
1.06181E+03 -1.09408E-02
1.06278E+03 -1.13548E-02
1.06374E+03 -1.17036E-02
1.06470E+03 -1.20527E-02
1.06567E+03 -1.23622E-02
1.06663E+03 -1.26314E-02
1.06760E+03 -1.28395E-02
1.06856E+03 -1.30329E-02
1.06953E+03 -1.32898E-02
1.07049E+03 -1.34977E-02
1.07145E+03 -1.37350E-02
1.07242E+03 -1.39327E-02
1.07338E+03 -1.40558E-02
1.07435E+03 -1.41925E-02
1.07531E+03 -1.42877E-02
1.07628E+03 -1.44088E-02
1.07724E+03 -1.45608E-02
1.07821E+03 -1.46126E-02
1.07917E+03 -1.47138E-02
1.08013E+03 -1.47774E-02
1.08110E+03 -1.49163E-02
1.08206E+03 -1.52537E-02
1.08303E+03 -1.52966E-02
1.08399E+03 -1.51941E-02
1.08496E+03 -1.51547E-02
1.08592E+03 -1.52102E-02
1.08689E+03 -1.52230E-02
1.08785E+03 -1.52134E-02
1.08881E+03 -1.52888E-02
1.08978E+03 -1.52649E-02
1.09074E+03 -1.51793E-02
1.09171E+03 -1.51589E-02
1.09267E+03 -1.51510E-02
1.09364E+03 -1.50741E-02
1.09460E+03 -1.49616E-02
1.09556E+03 -1.48216E-02
1.09653E+03 -1.47251E-02
1.09749E+03 -1.45831E-02
1.09846E+03 -1.43677E-02
1.09942E+03 -1.41054E-02
1.10039E+03 -1.37167E-02
1.10135E+03 -1.32068E-02
1.10232E+03 -1.27213E-02
1.10328E+03 -1.21050E-02
1.10424E+03 -1.11538E-02
1.10521E+03 -1.00131E-02
1.10617E+03 -8.66265E-03
1.10714E+03 -7.13981E-03
1.10810E+03 -5.42032E-03
1.10907E+03 -3.58944E-03
1.11003E+03 -1.62175E-03
1.11100E+03 5.01927E-04
1.11196E+03 2.45340E-03
1.11292E+03 4.30799E-03
1.11389E+03 6.12726E-03
1.11485E+03 7.72765E-03
1.11582E+03 9.15468E-03
1.11678E+03 1.05249E-02
1.11775E+03 1.17464E-02
1.11871E+03 1.27577E-02
1.11968E+03 1.36195E-02
1.12064E+03 1.43179E-02
1.12160E+03 1.48647E-02
1.12257E+03 1.53231E-02
1.12353E+03 1.56196E-02
1.12450E+03 1.56428E-02
1.12546E+03 1.55173E-02
1.12643E+03 1.53428E-02
1.12739E+03 1.50046E-02
1.12835E+03 1.44327E-02
1.12932E+03 1.36975E-02
1.13028E+03 1.27750E-02
1.13125E+03 1.16487E-02
1.13221E+03 1.04061E-02
1.13318E+03 8.93508E-03
1.13414E+03 7.27273E-03
1.13511E+03 5.43537E-03
1.13607E+03 3.39138E-03
1.13703E+03 1.35083E-03
1.13800E+03 -6.00625E-04
1.13896E+03 -2.66653E-03
1.13993E+03 -4.69340E-03
1.14089E+03 -6.52155E-03
1.14186E+03 -8.22363E-03
1.14282E+03 -9.66145E-03
1.14379E+03 -1.08575E-02
1.14475E+03 -1.18169E-02
1.14571E+03 -1.26472E-02
1.14668E+03 -1.33368E-02
1.14764E+03 -1.38268E-02
1.14861E+03 -1.42216E-02
1.14957E+03 -1.44948E-02
1.15054E+03 -1.46757E-02
1.15150E+03 -1.48081E-02
1.15246E+03 -1.48958E-02
1.15343E+03 -1.48962E-02
1.15439E+03 -1.48314E-02
1.15536E+03 -1.47243E-02
1.15632E+03 -1.46007E-02
1.15729E+03 -1.45170E-02
1.15825E+03 -1.44665E-02
1.15922E+03 -1.44470E-02
1.16018E+03 -1.45646E-02
1.16114E+03 -1.47373E-02
1.16211E+03 -1.48655E-02
1.16307E+03 -1.50776E-02
1.16404E+03 -1.53535E-02
1.16500E+03 -1.55955E-02
1.16597E+03 -1.57556E-02
1.16693E+03 -1.59810E-02
1.16790E+03 -1.62081E-02
1.16886E+03 -1.63348E-02
1.16982E+03 -1.64883E-02
1.17079E+03 -1.66102E-02
1.17175E+03 -1.66507E-02
1.17272E+03 -1.67638E-02
1.17368E+03 -1.68532E-02
1.17465E+03 -1.68439E-02
1.17561E+03 -1.69072E-02
1.17657E+03 -1.69585E-02
1.17754E+03 -1.69506E-02
1.17850E+03 -1.69817E-02
1.17947E+03 -1.70043E-02
1.18043E+03 -1.70218E-02
1.18140E+03 -1.70183E-02
1.18236E+03 -1.69831E-02
1.18333E+03 -1.70141E-02
1.18429E+03 -1.70752E-02
1.18525E+03 -1.70971E-02
1.18622E+03 -1.70485E-02
1.18718E+03 -1.70478E-02
1.18815E+03 -1.71020E-02
1.18911E+03 -1.71288E-02
1.19008E+03 -1.71112E-02
1.19104E+03 -1.70937E-02
1.19201E+03 -1.71490E-02
1.19297E+03 -1.71326E-02
1.19393E+03 -1.70578E-02
1.19490E+03 -1.70682E-02
1.19586E+03 -1.70888E-02
1.19683E+03 -1.70827E-02
1.19779E+03 -1.70580E-02
1.19876E+03 -1.70126E-02
1.19972E+03 -1.69912E-02
1.20069E+03 -1.69821E-02
1.20165E+03 -1.69735E-02
1.20261E+03 -1.70068E-02
1.20358E+03 -1.70347E-02
1.20454E+03 -1.69819E-02
1.20551E+03 -1.69489E-02
1.20647E+03 -1.69799E-02
1.20744E+03 -1.69258E-02
1.20840E+03 -1.69080E-02
1.20936E+03 -1.69383E-02
1.21033E+03 -1.69014E-02
1.21129E+03 -1.69144E-02
1.21226E+03 -1.69180E-02
1.21322E+03 -1.68539E-02
1.21419E+03 -1.68265E-02
1.21515E+03 -1.68557E-02
1.21612E+03 -1.68758E-02
1.21708E+03 -1.68401E-02
1.21804E+03 -1.68037E-02
1.21901E+03 -1.67573E-02
1.21997E+03 -1.67285E-02
1.22094E+03 -1.67239E-02
1.22190E+03 -1.67040E-02
1.22287E+03 -1.67412E-02
1.22383E+03 -1.67256E-02
1.22480E+03 -1.66621E-02
1.22576E+03 -1.66620E-02
1.22672E+03 -1.66223E-02
1.22769E+03 -1.65756E-02
1.22865E+03 -1.65972E-02
1.22962E+03 -1.66096E-02
1.23058E+03 -1.66302E-02
1.23155E+03 -1.67410E-02
1.23251E+03 -1.69062E-02
1.23347E+03 -1.73820E-02
1.23444E+03 -1.74276E-02
1.23540E+03 -1.66334E-02
1.23637E+03 -1.62561E-02
1.23733E+03 -1.63142E-02
1.23830E+03 -1.63244E-02
1.23926E+03 -1.63614E-02
1.24023E+03 -1.64268E-02
1.24119E+03 -1.65116E-02
1.24215E+03 -1.65686E-02
1.24312E+03 -1.65601E-02
1.24408E+03 -1.65226E-02
1.24505E+03 -1.64785E-02
1.24601E+03 -1.64187E-02
1.24698E+03 -1.64728E-02
1.24794E+03 -1.65565E-02
1.24891E+03 -1.65366E-02
1.24987E+03 -1.65351E-02
1.25083E+03 -1.65364E-02
1.25180E+03 -1.65219E-02
1.25276E+03 -1.65116E-02
1.25373E+03 -1.64619E-02
1.25469E+03 -1.64596E-02
1.25566E+03 -1.65022E-02
1.25662E+03 -1.64591E-02
1.25759E+03 -1.64326E-02
1.25855E+03 -1.64830E-02
1.25951E+03 -1.64913E-02
1.26048E+03 -1.64374E-02
1.26144E+03 -1.64644E-02
1.26241E+03 -1.64585E-02
1.26337E+03 -1.64086E-02
1.26434E+03 -1.63732E-02
1.26530E+03 -1.63471E-02
1.26626E+03 -1.63813E-02
1.26723E+03 -1.63829E-02
1.26819E+03 -1.63871E-02
1.26916E+03 -1.63497E-02
1.27012E+03 -1.63141E-02
1.27109E+03 -1.63046E-02
1.27205E+03 -1.62934E-02
1.27302E+03 -1.62485E-02
1.27398E+03 -1.62418E-02
1.27494E+03 -1.62363E-02
1.27591E+03 -1.62027E-02
1.27687E+03 -1.62078E-02
1.27784E+03 -1.62345E-02
1.27880E+03 -1.62637E-02
1.27977E+03 -1.62191E-02
1.28073E+03 -1.61708E-02
1.28170E+03 -1.61338E-02
1.28266E+03 -1.61175E-02
1.28362E+03 -1.61485E-02
1.28459E+03 -1.61679E-02
1.28555E+03 -1.61221E-02
1.28652E+03 -1.60549E-02
1.28748E+03 -1.60309E-02
1.28845E+03 -1.60045E-02
1.28941E+03 -1.59849E-02
1.29037E+03 -1.59751E-02
1.29134E+03 -1.58832E-02
1.29230E+03 -1.58025E-02
1.29327E+03 -1.58308E-02
1.29423E+03 -1.58684E-02
1.29520E+03 -1.58681E-02
1.29616E+03 -1.58637E-02
1.29713E+03 -1.58170E-02
1.29809E+03 -1.57504E-02
1.29905E+03 -1.57241E-02
1.30002E+03 -1.56938E-02
1.30098E+03 -1.56692E-02
1.30195E+03 -1.56368E-02
1.30291E+03 -1.55899E-02
1.30388E+03 -1.55658E-02
1.30484E+03 -1.55360E-02
1.30581E+03 -1.55237E-02
1.30677E+03 -1.55247E-02
1.30773E+03 -1.54874E-02
1.30870E+03 -1.54435E-02
1.30966E+03 -1.54096E-02
1.31063E+03 -1.53897E-02
1.31159E+03 -1.53349E-02
1.31256E+03 -1.53184E-02
1.31352E+03 -1.52474E-02
1.31448E+03 -1.51797E-02
1.31545E+03 -1.51524E-02
1.31641E+03 -1.50832E-02
1.31738E+03 -1.50549E-02
1.31834E+03 -1.50011E-02
1.31931E+03 -1.49752E-02
1.32027E+03 -1.49150E-02
1.32124E+03 -1.48970E-02
1.32220E+03 -1.48876E-02
1.32316E+03 -1.48440E-02
1.32413E+03 -1.48555E-02
1.32509E+03 -1.48170E-02
1.32606E+03 -1.47906E-02
1.32702E+03 -1.47881E-02
1.32799E+03 -1.47863E-02
1.32895E+03 -1.47992E-02
1.32992E+03 -1.48332E-02
1.33088E+03 -1.48629E-02
1.33184E+03 -1.48482E-02
1.33281E+03 -1.48388E-02
1.33377E+03 -1.48371E-02
1.33474E+03 -1.47881E-02
1.33570E+03 -1.47669E-02
1.33667E+03 -1.47677E-02
1.33763E+03 -1.47204E-02
1.33860E+03 -1.46940E-02
1.33956E+03 -1.46481E-02
1.34052E+03 -1.46039E-02
1.34149E+03 -1.45404E-02
1.34245E+03 -1.45220E-02
1.34342E+03 -1.45859E-02
1.34438E+03 -1.44673E-02
1.34535E+03 -1.42000E-02
1.34631E+03 -1.40197E-02
1.34727E+03 -1.39272E-02
1.34824E+03 -1.38323E-02
1.34920E+03 -1.37144E-02
1.35017E+03 -1.35446E-02
1.35113E+03 -1.33630E-02
1.35210E+03 -1.32190E-02
1.35306E+03 -1.30939E-02
1.35403E+03 -1.30002E-02
1.35499E+03 -1.28797E-02
1.35595E+03 -1.27228E-02
1.35692E+03 -1.25903E-02
1.35788E+03 -1.24779E-02
1.35885E+03 -1.24003E-02
1.35981E+03 -1.23055E-02
1.36078E+03 -1.21970E-02
1.36174E+03 -1.20853E-02
1.36271E+03 -1.19662E-02
1.36367E+03 -1.18405E-02
1.36463E+03 -1.16992E-02
1.36560E+03 -1.15853E-02
1.36656E+03 -1.14686E-02
1.36753E+03 -1.13310E-02
1.36849E+03 -1.12010E-02
1.36946E+03 -1.10741E-02
1.37042E+03 -1.09171E-02
1.37138E+03 -1.07539E-02
1.37235E+03 -1.06016E-02
1.37331E+03 -1.04567E-02
1.37428E+03 -1.02890E-02
1.37524E+03 -1.00715E-02
1.37621E+03 -9.83844E-03
1.37717E+03 -9.57680E-03
1.37814E+03 -9.29723E-03
1.37910E+03 -9.05121E-03
1.38006E+03 -8.80810E-03
1.38103E+03 -8.61404E-03
1.38199E+03 -8.53857E-03
1.38296E+03 -8.46368E-03
1.38392E+03 -8.29684E-03
1.38489E+03 -7.98281E-03
1.38585E+03 -7.52431E-03
1.38682E+03 -7.06023E-03
1.38778E+03 -6.57619E-03
1.38874E+03 -6.04621E-03
1.38971E+03 -5.53443E-03
1.39067E+03 -4.93791E-03
1.39164E+03 -4.28662E-03
1.39260E+03 -3.62662E-03
1.39357E+03 -2.94439E-03
1.39453E+03 -2.23566E-03
1.39550E+03 -1.46903E-03
1.39646E+03 -6.91876E-04
1.39742E+03 8.70489E-05
1.39839E+03 8.99952E-04
1.39935E+03 1.79811E-03
1.40032E+03 2.67238E-03
1.40128E+03 3.55910E-03
1.40225E+03 4.52739E-03
1.40321E+03 5.49536E-03
1.40417E+03 6.38442E-03
1.40514E+03 7.21016E-03
1.40610E+03 8.09732E-03
1.40707E+03 9.02886E-03
1.40803E+03 9.95911E-03
1.40900E+03 1.08020E-02
1.40996E+03 1.16190E-02
1.41093E+03 1.24609E-02
1.41189E+03 1.32737E-02
1.41285E+03 1.40112E-02
1.41382E+03 1.47160E-02
1.41478E+03 1.53890E-02
1.41575E+03 1.60324E-02
1.41671E+03 1.66406E-02
1.41768E+03 1.71790E-02
1.41864E+03 1.76653E-02
1.41961E+03 1.81118E-02
1.42057E+03 1.85586E-02
1.42153E+03 1.89395E-02
1.42250E+03 1.92740E-02
1.42346E+03 1.95750E-02
1.42443E+03 1.97998E-02
1.42539E+03 1.99369E-02
1.42636E+03 2.00646E-02
1.42732E+03 2.01565E-02
1.42828E+03 2.01662E-02
1.42925E+03 2.01294E-02
1.43021E+03 2.00354E-02
1.43118E+03 1.99366E-02
1.43214E+03 1.98423E-02
1.43311E+03 1.96559E-02
1.43407E+03 1.93343E-02
1.43504E+03 1.90127E-02
1.43600E+03 1.87539E-02
1.43696E+03 1.85954E-02
1.43793E+03 1.85988E-02
1.43889E+03 1.88070E-02
1.43986E+03 1.93000E-02
1.44082E+03 2.01291E-02
1.44179E+03 2.12768E-02
1.44275E+03 2.26301E-02
1.44372E+03 2.40720E-02
1.44468E+03 2.54616E-02
1.44564E+03 2.66674E-02
1.44661E+03 2.77173E-02
1.44757E+03 2.84741E-02
1.44854E+03 2.89326E-02
1.44950E+03 2.92590E-02
1.45047E+03 2.93927E-02
1.45143E+03 2.93975E-02
1.45240E+03 2.93518E-02
1.45336E+03 2.93064E-02
1.45432E+03 2.93136E-02
1.45529E+03 2.94462E-02
1.45625E+03 2.98010E-02
1.45722E+03 3.04045E-02
1.45818E+03 3.11220E-02
1.45915E+03 3.18456E-02
1.46011E+03 3.24742E-02
1.46107E+03 3.28063E-02
1.46204E+03 3.27463E-02
1.46300E+03 3.22932E-02
1.46397E+03 3.14904E-02
1.46493E+03 3.03804E-02
1.46590E+03 2.90067E-02
1.46686E+03 2.75573E-02
1.46783E+03 2.61363E-02
1.46879E+03 2.49455E-02
1.46975E+03 2.42281E-02
1.47072E+03 2.40556E-02
1.47168E+03 2.45241E-02
1.47265E+03 2.55821E-02
1.47361E+03 2.68758E-02
1.47458E+03 2.80535E-02
1.47554E+03 2.88779E-02
1.47651E+03 2.91919E-02
1.47747E+03 2.89655E-02
1.47843E+03 2.81743E-02
1.47940E+03 2.69378E-02
1.48036E+03 2.53822E-02
1.48133E+03 2.36223E-02
1.48229E+03 2.17417E-02
1.48326E+03 1.97907E-02
1.48422E+03 1.78814E-02
1.48518E+03 1.60465E-02
1.48615E+03 1.43077E-02
1.48711E+03 1.26574E-02
1.48808E+03 1.11074E-02
1.48904E+03 9.63692E-03
1.49001E+03 8.32541E-03
1.49097E+03 7.12834E-03
1.49194E+03 5.95396E-03
1.49290E+03 4.88754E-03
1.49386E+03 3.89304E-03
1.49483E+03 2.93091E-03
1.49579E+03 2.00514E-03
1.49676E+03 1.20095E-03
1.49772E+03 5.00433E-04
1.49869E+03 -2.08486E-04
1.49965E+03 -8.84436E-04
1.50062E+03 -1.52099E-03
1.50158E+03 -2.14827E-03
1.50254E+03 -2.68077E-03
1.50351E+03 -3.14462E-03
1.50447E+03 -3.68690E-03
1.50544E+03 -4.18352E-03
1.50640E+03 -4.58016E-03
1.50737E+03 -4.97225E-03
1.50833E+03 -5.33860E-03
1.50929E+03 -5.69829E-03
1.51026E+03 -6.03500E-03
1.51122E+03 -6.35714E-03
1.51219E+03 -6.63245E-03
1.51315E+03 -6.88171E-03
1.51412E+03 -7.16896E-03
1.51508E+03 -7.39205E-03
1.51605E+03 -7.58009E-03
1.51701E+03 -7.77540E-03
1.51797E+03 -7.94307E-03
1.51894E+03 -8.09106E-03
1.51990E+03 -8.25888E-03
1.52087E+03 -8.46812E-03
1.52183E+03 -8.58568E-03
1.52280E+03 -8.66138E-03
1.52376E+03 -8.79348E-03
1.52473E+03 -8.92198E-03
1.52569E+03 -9.00607E-03
1.52665E+03 -9.08890E-03
1.52762E+03 -9.23147E-03
1.52858E+03 -9.32663E-03
1.52955E+03 -9.35982E-03
1.53051E+03 -9.47273E-03
1.53148E+03 -9.55711E-03
1.53244E+03 -9.61407E-03
1.53341E+03 -9.70688E-03
1.53437E+03 -9.76300E-03
1.53533E+03 -9.81726E-03
1.53630E+03 -9.86731E-03
1.53726E+03 -9.90476E-03
1.53823E+03 -9.98325E-03
1.53919E+03 -1.01109E-02
1.54016E+03 -1.01633E-02
1.54112E+03 -1.02181E-02
1.54208E+03 -1.02933E-02
1.54305E+03 -1.03027E-02
1.54401E+03 -1.03490E-02
1.54498E+03 -1.04021E-02
1.54594E+03 -1.04714E-02
1.54691E+03 -1.05307E-02
1.54787E+03 -1.05827E-02
1.54884E+03 -1.06351E-02
1.54980E+03 -1.06609E-02
1.55076E+03 -1.07152E-02
1.55173E+03 -1.07898E-02
1.55269E+03 -1.08535E-02
1.55366E+03 -1.09193E-02
1.55462E+03 -1.09540E-02
1.55559E+03 -1.09785E-02
1.55655E+03 -1.10532E-02
1.55752E+03 -1.11438E-02
1.55848E+03 -1.12406E-02
1.55944E+03 -1.12621E-02
1.56041E+03 -1.12688E-02
1.56137E+03 -1.13094E-02
1.56234E+03 -1.13335E-02
1.56330E+03 -1.13796E-02
1.56427E+03 -1.14435E-02
1.56523E+03 -1.14989E-02
1.56619E+03 -1.15370E-02
1.56716E+03 -1.15983E-02
1.56812E+03 -1.16531E-02
1.56909E+03 -1.16997E-02
1.57005E+03 -1.17579E-02
1.57102E+03 -1.18079E-02
1.57198E+03 -1.18517E-02
1.57295E+03 -1.18743E-02
1.57391E+03 -1.19283E-02
1.57487E+03 -1.20180E-02
1.57584E+03 -1.21292E-02
1.57680E+03 -1.21659E-02
1.57777E+03 -1.21806E-02
1.57873E+03 -1.22181E-02
1.57970E+03 -1.22450E-02
1.58066E+03 -1.23158E-02
1.58163E+03 -1.23785E-02
1.58259E+03 -1.24288E-02
1.58355E+03 -1.24828E-02
1.58452E+03 -1.25436E-02
1.58548E+03 -1.26194E-02
1.58645E+03 -1.26744E-02
1.58741E+03 -1.27088E-02
1.58838E+03 -1.27400E-02
1.58934E+03 -1.27873E-02
1.59031E+03 -1.28482E-02
1.59127E+03 -1.28862E-02
1.59223E+03 -1.29439E-02
1.59320E+03 -1.30079E-02
1.59416E+03 -1.30282E-02
1.59513E+03 -1.30901E-02
1.59609E+03 -1.31355E-02
1.59706E+03 -1.31490E-02
1.59802E+03 -1.31885E-02
1.59898E+03 -1.32160E-02
1.59995E+03 -1.32560E-02
1.60091E+03 -1.33015E-02
1.60188E+03 -1.33625E-02
1.60284E+03 -1.34167E-02
1.60381E+03 -1.34610E-02
1.60477E+03 -1.35231E-02
1.60574E+03 -1.35348E-02
1.60670E+03 -1.35345E-02
1.60766E+03 -1.35957E-02
1.60863E+03 -1.36662E-02
1.60959E+03 -1.36817E-02
1.61056E+03 -1.37178E-02
1.61152E+03 -1.37968E-02
1.61249E+03 -1.38329E-02
1.61345E+03 -1.38598E-02
1.61442E+03 -1.38502E-02
1.61538E+03 -1.38645E-02
1.61634E+03 -1.39435E-02
1.61731E+03 -1.39669E-02
1.61827E+03 -1.39631E-02
1.61924E+03 -1.39789E-02
1.62020E+03 -1.40069E-02
1.62117E+03 -1.40219E-02
1.62213E+03 -1.39902E-02
1.62309E+03 -1.40190E-02
1.62406E+03 -1.40253E-02
1.62502E+03 -1.39811E-02
1.62599E+03 -1.39758E-02
1.62695E+03 -1.39853E-02
1.62792E+03 -1.39678E-02
1.62888E+03 -1.39157E-02
1.62985E+03 -1.38791E-02
1.63081E+03 -1.38459E-02
1.63177E+03 -1.37857E-02
1.63274E+03 -1.37330E-02
1.63370E+03 -1.38669E-02
1.63467E+03 -1.39580E-02
1.63563E+03 -1.38368E-02
1.63660E+03 -1.37048E-02
1.63756E+03 -1.36419E-02
1.63853E+03 -1.35771E-02
1.63949E+03 -1.34956E-02
1.64045E+03 -1.34008E-02
1.64142E+03 -1.33016E-02
1.64238E+03 -1.32008E-02
1.64335E+03 -1.31064E-02
1.64431E+03 -1.30257E-02
1.64528E+03 -1.29370E-02
1.64624E+03 -1.28642E-02
1.64720E+03 -1.27269E-02
1.64817E+03 -1.25859E-02
1.64913E+03 -1.24591E-02
1.65010E+03 -1.23056E-02
1.65106E+03 -1.21790E-02
1.65203E+03 -1.21259E-02
1.65299E+03 -1.20340E-02
1.65396E+03 -1.18454E-02
1.65492E+03 -1.16473E-02
1.65588E+03 -1.14726E-02
1.65685E+03 -1.13238E-02
1.65781E+03 -1.11662E-02
1.65878E+03 -1.10154E-02
1.65974E+03 -1.08612E-02
1.66071E+03 -1.07122E-02
1.66167E+03 -1.05407E-02
1.66264E+03 -1.03958E-02
1.66360E+03 -1.02529E-02
1.66456E+03 -1.00764E-02
1.66553E+03 -9.92884E-03
1.66649E+03 -9.77215E-03
1.66746E+03 -9.63162E-03
1.66842E+03 -9.49769E-03
1.66939E+03 -9.35356E-03
1.67035E+03 -9.20450E-03
1.67132E+03 -9.06879E-03
1.67228E+03 -8.95315E-03
1.67324E+03 -8.88491E-03
1.67421E+03 -8.81040E-03
1.67517E+03 -8.73420E-03
1.67614E+03 -8.65851E-03
1.67710E+03 -8.55129E-03
1.67807E+03 -8.48247E-03
1.67903E+03 -8.46896E-03
1.67999E+03 -8.44451E-03
1.68096E+03 -8.40062E-03
1.68192E+03 -8.41774E-03
1.68289E+03 -8.48933E-03
1.68385E+03 -8.57946E-03
1.68482E+03 -8.61803E-03
1.68578E+03 -8.62752E-03
1.68675E+03 -8.68062E-03
1.68771E+03 -8.76855E-03
1.68867E+03 -8.87502E-03
1.68964E+03 -9.02750E-03
1.69060E+03 -9.20429E-03
1.69157E+03 -9.34824E-03
1.69253E+03 -9.50087E-03
1.69350E+03 -9.66953E-03
1.69446E+03 -9.87193E-03
1.69543E+03 -1.01573E-02
1.69639E+03 -1.04196E-02
1.69735E+03 -1.06223E-02
1.69832E+03 -1.08908E-02
1.69928E+03 -1.11886E-02
1.70025E+03 -1.14923E-02
1.70121E+03 -1.17476E-02
1.70218E+03 -1.19651E-02
1.70314E+03 -1.22353E-02
1.70410E+03 -1.25301E-02
1.70507E+03 -1.28076E-02
1.70603E+03 -1.30744E-02
1.70700E+03 -1.33137E-02
1.70796E+03 -1.34989E-02
1.70893E+03 -1.36769E-02
1.70989E+03 -1.38549E-02
1.71086E+03 -1.40078E-02
1.71182E+03 -1.41720E-02
1.71278E+03 -1.43301E-02
1.71375E+03 -1.44850E-02
1.71471E+03 -1.46815E-02
1.71568E+03 -1.48588E-02
1.71664E+03 -1.50521E-02
1.71761E+03 -1.52780E-02
1.71857E+03 -1.54597E-02
1.71954E+03 -1.56214E-02
1.72050E+03 -1.57984E-02
1.72146E+03 -1.60199E-02
1.72243E+03 -1.62485E-02
1.72339E+03 -1.64160E-02
1.72436E+03 -1.65935E-02
1.72532E+03 -1.67730E-02
1.72629E+03 -1.69447E-02
1.72725E+03 -1.71404E-02
1.72822E+03 -1.73375E-02
1.72918E+03 -1.75045E-02
1.73014E+03 -1.76354E-02
1.73111E+03 -1.77537E-02
1.73207E+03 -1.78771E-02
1.73304E+03 -1.80425E-02
1.73400E+03 -1.81903E-02
1.73497E+03 -1.82969E-02
1.73593E+03 -1.83976E-02
1.73689E+03 -1.85087E-02
1.73786E+03 -1.86053E-02
1.73882E+03 -1.87146E-02
1.73979E+03 -1.88535E-02
1.74075E+03 -1.89430E-02
1.74172E+03 -1.90435E-02
1.74268E+03 -1.91791E-02
1.74365E+03 -1.92635E-02
1.74461E+03 -1.93728E-02
1.74557E+03 -1.94878E-02
1.74654E+03 -1.95604E-02
1.74750E+03 -1.96355E-02
1.74847E+03 -1.97223E-02
1.74943E+03 -1.98153E-02
1.75040E+03 -1.98917E-02
1.75136E+03 -1.99772E-02
1.75233E+03 -2.00371E-02
1.75329E+03 -2.01040E-02
1.75425E+03 -2.02009E-02
1.75522E+03 -2.02928E-02
1.75618E+03 -2.03908E-02
1.75715E+03 -2.04684E-02
1.75811E+03 -2.05301E-02
1.75908E+03 -2.06014E-02
1.76004E+03 -2.06623E-02
1.76100E+03 -2.07497E-02
1.76197E+03 -2.08257E-02
1.76293E+03 -2.08713E-02
1.76390E+03 -2.09315E-02
1.76486E+03 -2.09928E-02
1.76583E+03 -2.10474E-02
1.76679E+03 -2.11173E-02
1.76776E+03 -2.11814E-02
1.76872E+03 -2.12264E-02
1.76968E+03 -2.13026E-02
1.77065E+03 -2.13657E-02
1.77161E+03 -2.13951E-02
1.77258E+03 -2.14709E-02
1.77354E+03 -2.15253E-02
1.77451E+03 -2.15658E-02
1.77547E+03 -2.16353E-02
1.77644E+03 -2.16879E-02
1.77740E+03 -2.17513E-02
1.77836E+03 -2.17573E-02
1.77933E+03 -2.17892E-02
1.78029E+03 -2.18586E-02
1.78126E+03 -2.18947E-02
1.78222E+03 -2.19640E-02
1.78319E+03 -2.20198E-02
1.78415E+03 -2.20444E-02
1.78511E+03 -2.20801E-02
1.78608E+03 -2.21173E-02
1.78704E+03 -2.21601E-02
1.78801E+03 -2.22079E-02
1.78897E+03 -2.22663E-02
1.78994E+03 -2.23082E-02
1.79090E+03 -2.23391E-02
1.79187E+03 -2.23775E-02
1.79283E+03 -2.24173E-02
1.79379E+03 -2.24392E-02
1.79476E+03 -2.24604E-02
1.79572E+03 -2.24845E-02
1.79669E+03 -2.25083E-02
1.79765E+03 -2.25683E-02
1.79862E+03 -2.25968E-02
1.79958E+03 -2.26113E-02
1.80055E+03 -2.26402E-02
1.80151E+03 -2.26739E-02
1.80247E+03 -2.27225E-02
1.80344E+03 -2.27663E-02
1.80440E+03 -2.28016E-02
1.80537E+03 -2.27944E-02
1.80633E+03 -2.28095E-02
1.80730E+03 -2.28601E-02
1.80826E+03 -2.28830E-02
1.80923E+03 -2.29152E-02
1.81019E+03 -2.29565E-02
1.81115E+03 -2.29754E-02
1.81212E+03 -2.29996E-02
1.81308E+03 -2.29959E-02
1.81405E+03 -2.30133E-02
1.81501E+03 -2.30668E-02
1.81598E+03 -2.30730E-02
1.81694E+03 -2.30795E-02
1.81790E+03 -2.31068E-02
1.81887E+03 -2.31508E-02
1.81983E+03 -2.31590E-02
1.82080E+03 -2.31652E-02
1.82176E+03 -2.31959E-02
1.82273E+03 -2.31994E-02
1.82369E+03 -2.32156E-02
1.82466E+03 -2.32326E-02
1.82562E+03 -2.32764E-02
1.82658E+03 -2.33095E-02
1.82755E+03 -2.33191E-02
1.82851E+03 -2.33426E-02
1.82948E+03 -2.33743E-02
1.83044E+03 -2.33948E-02
1.83141E+03 -2.33812E-02
1.83237E+03 -2.33880E-02
1.83334E+03 -2.33576E-02
1.83430E+03 -2.33467E-02
1.83526E+03 -2.33797E-02
1.83623E+03 -2.34150E-02
1.83719E+03 -2.34529E-02
1.83816E+03 -2.34607E-02
1.83912E+03 -2.34522E-02
1.84009E+03 -2.34805E-02
1.84105E+03 -2.35078E-02
1.84201E+03 -2.34944E-02
1.84298E+03 -2.34985E-02
1.84394E+03 -2.35673E-02
1.84491E+03 -2.36079E-02
1.84587E+03 -2.35820E-02
1.84684E+03 -2.35658E-02
1.84780E+03 -2.35610E-02
1.84877E+03 -2.35663E-02
1.84973E+03 -2.35771E-02
1.85069E+03 -2.36047E-02
1.85166E+03 -2.36355E-02
1.85262E+03 -2.36168E-02
1.85359E+03 -2.36256E-02
1.85455E+03 -2.36461E-02
1.85552E+03 -2.36352E-02
1.85648E+03 -2.36463E-02
1.85745E+03 -2.36945E-02
1.85841E+03 -2.37008E-02
1.85937E+03 -2.36894E-02
1.86034E+03 -2.37178E-02
1.86130E+03 -2.36939E-02
1.86227E+03 -2.36915E-02
1.86323E+03 -2.37322E-02
1.86420E+03 -2.37380E-02
1.86516E+03 -2.37415E-02
1.86612E+03 -2.37361E-02
1.86709E+03 -2.37266E-02
1.86805E+03 -2.37379E-02
1.86902E+03 -2.37297E-02
1.86998E+03 -2.37213E-02
1.87095E+03 -2.37061E-02
1.87191E+03 -2.37142E-02
1.87288E+03 -2.37514E-02
1.87384E+03 -2.37760E-02
1.87480E+03 -2.37860E-02
1.87577E+03 -2.37749E-02
1.87673E+03 -2.37678E-02
1.87770E+03 -2.37670E-02
1.87866E+03 -2.37750E-02
1.87963E+03 -2.37909E-02
1.88059E+03 -2.37905E-02
1.88156E+03 -2.37789E-02
1.88252E+03 -2.37735E-02
1.88348E+03 -2.37710E-02
1.88445E+03 -2.37734E-02
1.88541E+03 -2.37865E-02
1.88638E+03 -2.37806E-02
1.88734E+03 -2.37650E-02
1.88831E+03 -2.37670E-02
1.88927E+03 -2.37966E-02
1.89024E+03 -2.37962E-02
1.89120E+03 -2.37637E-02
1.89216E+03 -2.37807E-02
1.89313E+03 -2.37713E-02
1.89409E+03 -2.37646E-02
1.89506E+03 -2.37940E-02
1.89602E+03 -2.37939E-02
1.89699E+03 -2.37845E-02
1.89795E+03 -2.37537E-02
1.89891E+03 -2.37584E-02
1.89988E+03 -2.37792E-02
1.90084E+03 -2.37655E-02
1.90181E+03 -2.37671E-02
1.90277E+03 -2.37527E-02
1.90374E+03 -2.37374E-02
1.90470E+03 -2.37376E-02
1.90567E+03 -2.37433E-02
1.90663E+03 -2.37387E-02
1.90759E+03 -2.37137E-02
1.90856E+03 -2.36943E-02
1.90952E+03 -2.36955E-02
1.91049E+03 -2.37266E-02
1.91145E+03 -2.37229E-02
1.91242E+03 -2.37316E-02
1.91338E+03 -2.37423E-02
1.91435E+03 -2.36958E-02
1.91531E+03 -2.36650E-02
1.91627E+03 -2.36493E-02
1.91724E+03 -2.36845E-02
1.91820E+03 -2.36864E-02
1.91917E+03 -2.36308E-02
1.92013E+03 -2.36268E-02
1.92110E+03 -2.36286E-02
1.92206E+03 -2.36456E-02
1.92303E+03 -2.36392E-02
1.92399E+03 -2.35895E-02
1.92495E+03 -2.35857E-02
1.92592E+03 -2.35874E-02
1.92688E+03 -2.35526E-02
1.92785E+03 -2.35203E-02
1.92881E+03 -2.35126E-02
1.92978E+03 -2.35009E-02
1.93074E+03 -2.34805E-02
1.93170E+03 -2.34926E-02
1.93267E+03 -2.34813E-02
1.93363E+03 -2.34576E-02
1.93460E+03 -2.34561E-02
1.93556E+03 -2.34529E-02
1.93653E+03 -2.34543E-02
1.93749E+03 -2.34282E-02
1.93846E+03 -2.33837E-02
1.93942E+03 -2.33731E-02
1.94038E+03 -2.33948E-02
1.94135E+03 -2.34039E-02
1.94231E+03 -2.33782E-02
1.94328E+03 -2.33641E-02
1.94424E+03 -2.33355E-02
1.94521E+03 -2.32915E-02
1.94617E+03 -2.33143E-02
1.94714E+03 -2.33209E-02
1.94810E+03 -2.33041E-02
1.94906E+03 -2.33148E-02
1.95003E+03 -2.32834E-02
1.95099E+03 -2.32365E-02
1.95196E+03 -2.32071E-02
1.95292E+03 -2.31814E-02
1.95389E+03 -2.31874E-02
1.95485E+03 -2.31935E-02
1.95581E+03 -2.31685E-02
1.95678E+03 -2.31459E-02
1.95774E+03 -2.31040E-02
1.95871E+03 -2.30738E-02
1.95967E+03 -2.30889E-02
1.96064E+03 -2.30777E-02
1.96160E+03 -2.30309E-02
1.96257E+03 -2.30346E-02
1.96353E+03 -2.30564E-02
1.96449E+03 -2.30518E-02
1.96546E+03 -2.30239E-02
1.96642E+03 -2.29687E-02
1.96739E+03 -2.29457E-02
1.96835E+03 -2.29324E-02
1.96932E+03 -2.29080E-02
1.97028E+03 -2.28933E-02
1.97125E+03 -2.28669E-02
1.97221E+03 -2.28454E-02
1.97317E+03 -2.28553E-02
1.97414E+03 -2.28061E-02
1.97510E+03 -2.27595E-02
1.97607E+03 -2.27613E-02
1.97703E+03 -2.27229E-02
1.97800E+03 -2.26872E-02
1.97896E+03 -2.26628E-02
1.97992E+03 -2.26355E-02
1.98089E+03 -2.26193E-02
1.98185E+03 -2.26108E-02
1.98282E+03 -2.25842E-02
1.98378E+03 -2.25629E-02
1.98475E+03 -2.25188E-02
1.98571E+03 -2.24674E-02
1.98668E+03 -2.24498E-02
1.98764E+03 -2.24168E-02
1.98860E+03 -2.23642E-02
1.98957E+03 -2.23131E-02
1.99053E+03 -2.22655E-02
1.99150E+03 -2.21921E-02
1.99246E+03 -2.21449E-02
1.99343E+03 -2.20904E-02
1.99439E+03 -2.20178E-02
1.99536E+03 -2.19683E-02
1.99632E+03 -2.19093E-02
1.99728E+03 -2.18675E-02
1.99825E+03 -2.18181E-02
1.99921E+03 -2.17314E-02
2.00018E+03 -2.16526E-02
2.00114E+03 -2.16062E-02
2.00211E+03 -2.15615E-02
2.00307E+03 -2.14910E-02
2.00404E+03 -2.14299E-02
2.00500E+03 -2.13771E-02
2.00596E+03 -2.13028E-02
2.00693E+03 -2.12399E-02
2.00789E+03 -2.11648E-02
2.00886E+03 -2.10765E-02
2.00982E+03 -2.10231E-02
2.01079E+03 -2.09682E-02
2.01175E+03 -2.08970E-02
2.01271E+03 -2.08062E-02
2.01368E+03 -2.07255E-02
2.01464E+03 -2.06419E-02
2.01561E+03 -2.05572E-02
2.01657E+03 -2.05047E-02
2.01754E+03 -2.03880E-02
2.01850E+03 -2.02666E-02
2.01947E+03 -2.01691E-02
2.02043E+03 -2.00410E-02
2.02139E+03 -1.99178E-02
2.02236E+03 -1.97870E-02
2.02332E+03 -1.96641E-02
2.02429E+03 -1.95380E-02
2.02525E+03 -1.94159E-02
2.02622E+03 -1.92770E-02
2.02718E+03 -1.91043E-02
2.02815E+03 -1.89396E-02
2.02911E+03 -1.88148E-02
2.03007E+03 -1.86933E-02
2.03104E+03 -1.85341E-02
2.03200E+03 -1.83881E-02
2.03297E+03 -1.82604E-02
2.03393E+03 -1.81898E-02
2.03490E+03 -1.80797E-02
2.03586E+03 -1.79040E-02
2.03682E+03 -1.78081E-02
2.03779E+03 -1.77399E-02
2.03875E+03 -1.76693E-02
2.03972E+03 -1.76305E-02
2.04068E+03 -1.75950E-02
2.04165E+03 -1.75616E-02
2.04261E+03 -1.75625E-02
2.04358E+03 -1.75978E-02
2.04454E+03 -1.76249E-02
2.04550E+03 -1.76669E-02
2.04647E+03 -1.77183E-02
2.04743E+03 -1.77950E-02
2.04840E+03 -1.78659E-02
2.04936E+03 -1.79397E-02
2.05033E+03 -1.80433E-02
2.05129E+03 -1.81624E-02
2.05226E+03 -1.82780E-02
2.05322E+03 -1.83774E-02
2.05418E+03 -1.84800E-02
2.05515E+03 -1.85707E-02
2.05611E+03 -1.86475E-02
2.05708E+03 -1.87112E-02
2.05804E+03 -1.88199E-02
2.05901E+03 -1.89321E-02
2.05997E+03 -1.90058E-02
2.06094E+03 -1.90825E-02
2.06190E+03 -1.91621E-02
2.06286E+03 -1.92160E-02
2.06383E+03 -1.92414E-02
2.06479E+03 -1.93013E-02
2.06576E+03 -1.93659E-02
2.06672E+03 -1.95037E-02
2.06769E+03 -1.95977E-02
2.06865E+03 -1.95733E-02
2.06961E+03 -1.96230E-02
2.07058E+03 -1.96632E-02
2.07154E+03 -1.96840E-02
2.07251E+03 -1.97234E-02
2.07347E+03 -1.97547E-02
2.07444E+03 -1.97724E-02
2.07540E+03 -1.98014E-02
2.07637E+03 -1.98247E-02
2.07733E+03 -1.98194E-02
2.07829E+03 -1.98159E-02
2.07926E+03 -1.98301E-02
2.08022E+03 -1.98216E-02
2.08119E+03 -1.98321E-02
2.08215E+03 -1.98357E-02
2.08312E+03 -1.98104E-02
2.08408E+03 -1.98036E-02
2.08505E+03 -1.98090E-02
2.08601E+03 -1.98239E-02
2.08697E+03 -1.97898E-02
2.08794E+03 -1.97498E-02
2.08890E+03 -1.97534E-02
2.08987E+03 -1.97352E-02
2.09083E+03 -1.97018E-02
2.09180E+03 -1.96972E-02
2.09276E+03 -1.96937E-02
2.09372E+03 -1.96980E-02
2.09469E+03 -1.96808E-02
2.09565E+03 -1.96239E-02
2.09662E+03 -1.95572E-02
2.09758E+03 -1.95233E-02
2.09855E+03 -1.95070E-02
2.09951E+03 -1.94862E-02
2.10048E+03 -1.94471E-02
2.10144E+03 -1.93975E-02
2.10240E+03 -1.93712E-02
2.10337E+03 -1.93029E-02
2.10433E+03 -1.92396E-02
2.10530E+03 -1.92164E-02
2.10626E+03 -1.91798E-02
2.10723E+03 -1.91116E-02
2.10819E+03 -1.90967E-02
2.10916E+03 -1.90762E-02
2.11012E+03 -1.90038E-02
2.11108E+03 -1.89408E-02
2.11205E+03 -1.89068E-02
2.11301E+03 -1.89292E-02
2.11398E+03 -1.89000E-02
2.11494E+03 -1.88152E-02
2.11591E+03 -1.87364E-02
2.11687E+03 -1.87069E-02
2.11783E+03 -1.86585E-02
2.11880E+03 -1.85902E-02
2.11976E+03 -1.85024E-02
2.12073E+03 -1.84366E-02
2.12169E+03 -1.84363E-02
2.12266E+03 -1.83902E-02
2.12362E+03 -1.82706E-02
2.12459E+03 -1.81996E-02
2.12555E+03 -1.81695E-02
2.12651E+03 -1.81185E-02
2.12748E+03 -1.80383E-02
2.12844E+03 -1.79832E-02
2.12941E+03 -1.79799E-02
2.13037E+03 -1.79337E-02
2.13134E+03 -1.78345E-02
2.13230E+03 -1.77713E-02
2.13327E+03 -1.77453E-02
2.13423E+03 -1.76935E-02
2.13519E+03 -1.75958E-02
2.13616E+03 -1.75186E-02
2.13712E+03 -1.74639E-02
2.13809E+03 -1.74338E-02
2.13905E+03 -1.73793E-02
2.14002E+03 -1.73097E-02
2.14098E+03 -1.72813E-02
2.14195E+03 -1.72448E-02
2.14291E+03 -1.71584E-02
2.14387E+03 -1.70516E-02
2.14484E+03 -1.70037E-02
2.14580E+03 -1.69690E-02
2.14677E+03 -1.69306E-02
2.14773E+03 -1.68412E-02
2.14870E+03 -1.67585E-02
2.14966E+03 -1.67215E-02
2.15062E+03 -1.66697E-02
2.15159E+03 -1.65886E-02
2.15255E+03 -1.65343E-02
2.15352E+03 -1.65115E-02
2.15448E+03 -1.64079E-02
2.15545E+03 -1.63174E-02
2.15641E+03 -1.62687E-02
2.15738E+03 -1.61735E-02
2.15834E+03 -1.60795E-02
2.15930E+03 -1.60047E-02
2.16027E+03 -1.59518E-02
2.16123E+03 -1.58851E-02
2.16220E+03 -1.57897E-02
2.16316E+03 -1.57086E-02
2.16413E+03 -1.56437E-02
2.16509E+03 -1.55185E-02
2.16606E+03 -1.54179E-02
2.16702E+03 -1.54145E-02
2.16798E+03 -1.53295E-02
2.16895E+03 -1.51799E-02
2.16991E+03 -1.50947E-02
2.17088E+03 -1.50368E-02
2.17184E+03 -1.49454E-02
2.17281E+03 -1.48092E-02
2.17377E+03 -1.47238E-02
2.17473E+03 -1.46839E-02
2.17570E+03 -1.45808E-02
2.17666E+03 -1.44546E-02
2.17763E+03 -1.43620E-02
2.17859E+03 -1.42916E-02
2.17956E+03 -1.42182E-02
2.18052E+03 -1.41365E-02
2.18149E+03 -1.41030E-02
2.18245E+03 -1.40172E-02
2.18341E+03 -1.39027E-02
2.18438E+03 -1.38424E-02
2.18534E+03 -1.37578E-02
2.18631E+03 -1.36890E-02
2.18727E+03 -1.36314E-02
2.18824E+03 -1.35487E-02
2.18920E+03 -1.34625E-02
2.19017E+03 -1.33904E-02
2.19113E+03 -1.33267E-02
2.19209E+03 -1.32564E-02
2.19306E+03 -1.31549E-02
2.19402E+03 -1.30625E-02
2.19499E+03 -1.30259E-02
2.19595E+03 -1.29350E-02
2.19692E+03 -1.28274E-02
2.19788E+03 -1.27627E-02
2.19884E+03 -1.27087E-02
2.19981E+03 -1.26183E-02
2.20077E+03 -1.25079E-02
2.20174E+03 -1.24287E-02
2.20270E+03 -1.23505E-02
2.20367E+03 -1.22935E-02
2.20463E+03 -1.21785E-02
2.20560E+03 -1.20127E-02
2.20656E+03 -1.19222E-02
2.20752E+03 -1.18190E-02
2.20849E+03 -1.17052E-02
2.20945E+03 -1.16124E-02
2.21042E+03 -1.14774E-02
2.21138E+03 -1.13360E-02
2.21235E+03 -1.11918E-02
2.21331E+03 -1.10505E-02
2.21428E+03 -1.09329E-02
2.21524E+03 -1.07781E-02
2.21620E+03 -1.05801E-02
2.21717E+03 -1.04488E-02
2.21813E+03 -1.03305E-02
2.21910E+03 -1.01776E-02
2.22006E+03 -1.00042E-02
2.22103E+03 -9.83655E-03
2.22199E+03 -9.67988E-03
2.22296E+03 -9.49882E-03
2.22392E+03 -9.32898E-03
2.22488E+03 -9.17677E-03
2.22585E+03 -9.00858E-03
2.22681E+03 -8.85201E-03
2.22778E+03 -8.72305E-03
2.22874E+03 -8.61031E-03
2.22971E+03 -8.45071E-03
2.23067E+03 -8.26681E-03
2.23163E+03 -8.15652E-03
2.23260E+03 -8.06598E-03
2.23356E+03 -7.94417E-03
2.23453E+03 -7.84745E-03
2.23549E+03 -7.74705E-03
2.23646E+03 -7.61788E-03
2.23742E+03 -7.49981E-03
2.23839E+03 -7.38237E-03
2.23935E+03 -7.33543E-03
2.24031E+03 -7.30509E-03
2.24128E+03 -7.21464E-03
2.24224E+03 -7.11238E-03
2.24321E+03 -7.03619E-03
2.24417E+03 -6.97517E-03
2.24514E+03 -6.91447E-03
2.24610E+03 -6.87856E-03
2.24707E+03 -6.84074E-03
2.24803E+03 -6.79545E-03
2.24899E+03 -6.75516E-03
2.24996E+03 -6.71282E-03
2.25092E+03 -6.69684E-03
2.25189E+03 -6.69419E-03
2.25285E+03 -6.68500E-03
2.25382E+03 -6.67037E-03
2.25478E+03 -6.64187E-03
2.25574E+03 -6.59725E-03
2.25671E+03 -6.53061E-03
2.25767E+03 -6.47702E-03
2.25864E+03 -6.48803E-03
2.25960E+03 -6.47357E-03
2.26057E+03 -6.46440E-03
2.26153E+03 -6.45931E-03
2.26250E+03 -6.39407E-03
2.26346E+03 -6.29852E-03
2.26442E+03 -6.17280E-03
2.26539E+03 -6.04349E-03
2.26635E+03 -5.86151E-03
2.26732E+03 -5.54059E-03
2.26828E+03 -5.04769E-03
2.26925E+03 -4.29185E-03
2.27021E+03 -2.82764E-03
2.27118E+03 3.02576E-04
2.27214E+03 6.57935E-03
2.27310E+03 1.62159E-02
2.27407E+03 2.62654E-02
2.27503E+03 3.21192E-02
2.27600E+03 3.13837E-02
2.27696E+03 2.54437E-02
2.27793E+03 1.75579E-02
2.27889E+03 1.04810E-02
2.27986E+03 5.38857E-03
2.28082E+03 2.37510E-03
2.28178E+03 1.53118E-03
2.28275E+03 9.44074E-04
2.28371E+03 -1.27334E-03
2.28468E+03 -3.15817E-03
2.28564E+03 -3.89483E-03
2.28661E+03 -4.21436E-03
2.28757E+03 -4.24482E-03
2.28853E+03 -4.16107E-03
2.28950E+03 -3.97211E-03
2.29046E+03 -3.72870E-03
2.29143E+03 -3.46698E-03
2.29239E+03 -3.20796E-03
2.29336E+03 -2.92110E-03
2.29432E+03 -2.62183E-03
2.29529E+03 -2.33565E-03
2.29625E+03 -2.02087E-03
2.29721E+03 -1.66668E-03
2.29818E+03 -1.29221E-03
2.29914E+03 -8.99404E-04
2.30011E+03 -4.72765E-04
2.30107E+03 -1.19843E-05
2.30204E+03 4.34794E-04
2.30300E+03 8.69568E-04
2.30397E+03 1.30993E-03
2.30493E+03 1.82482E-03
2.30589E+03 2.36092E-03
2.30686E+03 2.88036E-03
2.30782E+03 3.44742E-03
2.30879E+03 4.05667E-03
2.30975E+03 4.70428E-03
2.31072E+03 5.31862E-03
2.31168E+03 5.99657E-03
2.31265E+03 6.74837E-03
2.31361E+03 7.53227E-03
2.31457E+03 8.39169E-03
2.31554E+03 9.40479E-03
2.31650E+03 1.05853E-02
2.31747E+03 1.20711E-02
2.31843E+03 1.41621E-02
2.31940E+03 1.72781E-02
2.32036E+03 2.17238E-02
2.32132E+03 2.71792E-02
2.32229E+03 3.24973E-02
2.32325E+03 3.65730E-02
2.32422E+03 3.94149E-02
2.32518E+03 4.26216E-02
2.32615E+03 4.89405E-02
2.32711E+03 6.23910E-02
2.32808E+03 8.85818E-02
2.32904E+03 1.36866E-01
2.33000E+03 2.15096E-01
2.33097E+03 3.22730E-01
2.33193E+03 4.49566E-01
2.33290E+03 5.82715E-01
2.33386E+03 7.12771E-01
2.33483E+03 8.36029E-01
2.33579E+03 9.55752E-01
2.33676E+03 1.07224E+00
2.33772E+03 1.17578E+00
2.33868E+03 1.24854E+00
2.33965E+03 1.28435E+00
2.34061E+03 1.28506E+00
2.34158E+03 1.26038E+00
2.34254E+03 1.21855E+00
2.34351E+03 1.16717E+00
2.34447E+03 1.10617E+00
2.34543E+03 1.03713E+00
2.34640E+03 9.64265E-01
2.34736E+03 8.92028E-01
2.34833E+03 8.22497E-01
2.34929E+03 7.55960E-01
2.35026E+03 6.92023E-01
2.35122E+03 6.30194E-01
2.35219E+03 5.69350E-01
2.35315E+03 5.09226E-01
2.35411E+03 4.49515E-01
2.35508E+03 3.90280E-01
2.35604E+03 3.32543E-01
2.35701E+03 2.78111E-01
2.35797E+03 2.29213E-01
2.35894E+03 1.87986E-01
2.35990E+03 1.55315E-01
2.36087E+03 1.30518E-01
2.36183E+03 1.12011E-01
2.36279E+03 9.80660E-02
2.36376E+03 8.71548E-02
2.36472E+03 7.83743E-02
2.36569E+03 7.12200E-02
2.36665E+03 6.53491E-02
2.36762E+03 6.05931E-02
2.36858E+03 5.66091E-02
2.36954E+03 5.30179E-02
2.37051E+03 4.95094E-02
2.37147E+03 4.56745E-02
2.37244E+03 4.12463E-02
2.37340E+03 3.63027E-02
2.37437E+03 3.10702E-02
2.37533E+03 2.55087E-02
2.37630E+03 1.93906E-02
2.37726E+03 1.28535E-02
2.37822E+03 6.42624E-03
2.37919E+03 9.45747E-04
2.38015E+03 -2.84163E-03
2.38112E+03 -5.08936E-03
2.38208E+03 -6.37611E-03
2.38305E+03 -7.16334E-03
2.38401E+03 -7.72086E-03
2.38498E+03 -8.12300E-03
2.38594E+03 -8.43563E-03
2.38690E+03 -8.73887E-03
2.38787E+03 -8.98834E-03
2.38883E+03 -9.13719E-03
2.38980E+03 -9.25615E-03
2.39076E+03 -9.43460E-03
2.39173E+03 -9.58925E-03
2.39269E+03 -9.65872E-03
2.39366E+03 -9.75464E-03
2.39462E+03 -9.86421E-03
2.39558E+03 -9.96362E-03
2.39655E+03 -1.00737E-02
2.39751E+03 -1.01402E-02
2.39848E+03 -1.01935E-02
2.39944E+03 -1.02594E-02
2.40041E+03 -1.02714E-02
2.40137E+03 -1.02919E-02
2.40233E+03 -1.03509E-02
2.40330E+03 -1.03715E-02
2.40426E+03 -1.04325E-02
2.40523E+03 -1.04785E-02
2.40619E+03 -1.04770E-02
2.40716E+03 -1.05147E-02
2.40812E+03 -1.05356E-02
2.40909E+03 -1.05602E-02
2.41005E+03 -1.05705E-02
2.41101E+03 -1.05779E-02
2.41198E+03 -1.05941E-02
2.41294E+03 -1.05671E-02
2.41391E+03 -1.05440E-02
2.41487E+03 -1.05453E-02
2.41584E+03 -1.05126E-02
2.41680E+03 -1.04782E-02
2.41777E+03 -1.04517E-02
2.41873E+03 -1.04041E-02
2.41969E+03 -1.03613E-02
2.42066E+03 -1.03306E-02
2.42162E+03 -1.02935E-02
2.42259E+03 -1.02662E-02
2.42355E+03 -1.02730E-02
2.42452E+03 -1.02533E-02
2.42548E+03 -1.02271E-02
2.42644E+03 -1.01851E-02
2.42741E+03 -1.01038E-02
2.42837E+03 -1.00491E-02
2.42934E+03 -1.00290E-02
2.43030E+03 -9.97175E-03
2.43127E+03 -9.95176E-03
2.43223E+03 -9.94094E-03
2.43320E+03 -9.90341E-03
2.43416E+03 -9.91749E-03
2.43512E+03 -9.88149E-03
2.43609E+03 -9.82868E-03
2.43705E+03 -9.82183E-03
2.43802E+03 -9.80617E-03
2.43898E+03 -9.78800E-03
2.43995E+03 -9.78187E-03
2.44091E+03 -9.76889E-03
2.44188E+03 -9.76664E-03
2.44284E+03 -9.76318E-03
2.44380E+03 -9.73037E-03
2.44477E+03 -9.74993E-03
2.44573E+03 -9.79507E-03
2.44670E+03 -9.83803E-03
2.44766E+03 -9.87105E-03
2.44863E+03 -9.88892E-03
2.44959E+03 -9.91216E-03
2.45055E+03 -9.94194E-03
2.45152E+03 -9.98059E-03
2.45248E+03 -1.00243E-02
2.45345E+03 -1.00775E-02
2.45441E+03 -1.01244E-02
2.45538E+03 -1.01846E-02
2.45634E+03 -1.02684E-02
2.45731E+03 -1.03427E-02
2.45827E+03 -1.04279E-02
2.45923E+03 -1.04910E-02
2.46020E+03 -1.05456E-02
2.46116E+03 -1.06224E-02
2.46213E+03 -1.07173E-02
2.46309E+03 -1.07984E-02
2.46406E+03 -1.08164E-02
2.46502E+03 -1.08783E-02
2.46599E+03 -1.09758E-02
2.46695E+03 -1.10299E-02
2.46791E+03 -1.10669E-02
2.46888E+03 -1.11014E-02
2.46984E+03 -1.11480E-02
2.47081E+03 -1.12025E-02
2.47177E+03 -1.12270E-02
2.47274E+03 -1.12746E-02
2.47370E+03 -1.13377E-02
2.47467E+03 -1.13506E-02
2.47563E+03 -1.13511E-02
2.47659E+03 -1.13656E-02
2.47756E+03 -1.13257E-02
2.47852E+03 -1.12507E-02
2.47949E+03 -1.12255E-02
2.48045E+03 -1.12513E-02
2.48142E+03 -1.12404E-02
2.48238E+03 -1.11858E-02
2.48334E+03 -1.11694E-02
2.48431E+03 -1.11009E-02
2.48527E+03 -1.09578E-02
2.48624E+03 -1.08448E-02
2.48720E+03 -1.07405E-02
2.48817E+03 -1.06323E-02
2.48913E+03 -1.05033E-02
2.49010E+03 -1.03795E-02
2.49106E+03 -1.02830E-02
2.49202E+03 -1.01205E-02
2.49299E+03 -9.92038E-03
2.49395E+03 -9.73666E-03
2.49492E+03 -9.54041E-03
2.49588E+03 -9.36436E-03
2.49685E+03 -9.15754E-03
2.49781E+03 -8.91428E-03
2.49878E+03 -8.67309E-03
2.49974E+03 -8.41647E-03
2.50070E+03 -8.17715E-03
2.50167E+03 -7.95773E-03
2.50263E+03 -7.70441E-03
2.50360E+03 -7.40872E-03
2.50456E+03 -7.11536E-03
2.50553E+03 -6.81692E-03
2.50649E+03 -6.52325E-03
2.50745E+03 -6.25794E-03
2.50842E+03 -5.95405E-03
2.50938E+03 -5.62416E-03
2.51035E+03 -5.31245E-03
2.51131E+03 -5.04149E-03
2.51228E+03 -4.76529E-03
2.51324E+03 -4.41713E-03
2.51421E+03 -4.08227E-03
2.51517E+03 -3.80087E-03
2.51613E+03 -3.53401E-03
2.51710E+03 -3.27939E-03
2.51806E+03 -3.03274E-03
2.51903E+03 -2.78144E-03
2.51999E+03 -2.52637E-03
2.52096E+03 -2.26559E-03
2.52192E+03 -2.03692E-03
2.52289E+03 -1.83259E-03
2.52385E+03 -1.63560E-03
2.52481E+03 -1.45006E-03
2.52578E+03 -1.27187E-03
2.52674E+03 -1.08702E-03
2.52771E+03 -9.36273E-04
2.52867E+03 -8.10985E-04
2.52964E+03 -6.80164E-04
2.53060E+03 -5.97268E-04
2.53156E+03 -5.39955E-04
2.53253E+03 -4.80209E-04
2.53349E+03 -4.27142E-04
2.53446E+03 -3.67641E-04
2.53542E+03 -3.44004E-04
2.53639E+03 -3.36017E-04
2.53735E+03 -3.58343E-04
2.53832E+03 -3.79447E-04
2.53928E+03 -4.23040E-04
2.54024E+03 -5.08856E-04
2.54121E+03 -6.11622E-04
2.54217E+03 -7.20512E-04
2.54314E+03 -7.88137E-04
2.54410E+03 -8.78658E-04
2.54507E+03 -1.00102E-03
2.54603E+03 -1.15344E-03
2.54700E+03 -1.28688E-03
2.54796E+03 -1.40244E-03
2.54892E+03 -1.53705E-03
2.54989E+03 -1.68125E-03
2.55085E+03 -1.83058E-03
2.55182E+03 -1.96191E-03
2.55278E+03 -2.04912E-03
2.55375E+03 -2.12271E-03
2.55471E+03 -2.19714E-03
2.55568E+03 -2.30802E-03
2.55664E+03 -2.43507E-03
2.55760E+03 -2.54473E-03
2.55857E+03 -2.62747E-03
2.55953E+03 -2.67456E-03
2.56050E+03 -2.75167E-03
2.56146E+03 -2.85445E-03
2.56243E+03 -2.94351E-03
2.56339E+03 -3.05200E-03
2.56435E+03 -3.14387E-03
2.56532E+03 -3.22460E-03
2.56628E+03 -3.29978E-03
2.56725E+03 -3.32514E-03
2.56821E+03 -3.40366E-03
2.56918E+03 -3.51526E-03
2.57014E+03 -3.61529E-03
2.57111E+03 -3.71102E-03
2.57207E+03 -3.80223E-03
2.57303E+03 -3.82462E-03
2.57400E+03 -3.88684E-03
2.57496E+03 -3.98939E-03
2.57593E+03 -4.01730E-03
2.57689E+03 -4.03201E-03
2.57786E+03 -4.04141E-03
2.57882E+03 -4.05243E-03
2.57979E+03 -4.04394E-03
2.58075E+03 -3.97720E-03
2.58171E+03 -3.91191E-03
2.58268E+03 -3.85303E-03
2.58364E+03 -3.74760E-03
2.58461E+03 -3.64178E-03
2.58557E+03 -3.54489E-03
2.58654E+03 -3.45956E-03
2.58750E+03 -3.37718E-03
2.58846E+03 -3.28466E-03
2.58943E+03 -3.14227E-03
2.59039E+03 -3.02484E-03
2.59136E+03 -2.95708E-03
2.59232E+03 -2.89313E-03
2.59329E+03 -2.87053E-03
2.59425E+03 -2.80133E-03
2.59522E+03 -2.73383E-03
2.59618E+03 -2.74065E-03
2.59714E+03 -2.71841E-03
2.59811E+03 -2.74153E-03
2.59907E+03 -2.77931E-03
2.60004E+03 -2.78987E-03
2.60100E+03 -2.83042E-03
2.60197E+03 -2.87286E-03
2.60293E+03 -2.92701E-03
2.60390E+03 -3.02071E-03
2.60486E+03 -3.04692E-03
2.60582E+03 -3.06940E-03
2.60679E+03 -3.16050E-03
2.60775E+03 -3.19980E-03
2.60872E+03 -3.26598E-03
2.60968E+03 -3.33061E-03
2.61065E+03 -3.37699E-03
2.61161E+03 -3.45499E-03
2.61258E+03 -3.51608E-03
2.61354E+03 -3.60763E-03
2.61450E+03 -3.69816E-03
2.61547E+03 -3.81060E-03
2.61643E+03 -3.95171E-03
2.61740E+03 -4.08774E-03
2.61836E+03 -4.23577E-03
2.61933E+03 -4.42887E-03
2.62029E+03 -4.63607E-03
2.62125E+03 -4.82094E-03
2.62222E+03 -5.03631E-03
2.62318E+03 -5.26750E-03
2.62415E+03 -5.47589E-03
2.62511E+03 -5.68531E-03
2.62608E+03 -5.88532E-03
2.62704E+03 -6.08734E-03
2.62801E+03 -6.28917E-03
2.62897E+03 -6.47051E-03
2.62993E+03 -6.66133E-03
2.63090E+03 -6.85279E-03
2.63186E+03 -7.06672E-03
2.63283E+03 -7.27411E-03
2.63379E+03 -7.40580E-03
2.63476E+03 -7.54182E-03
2.63572E+03 -7.72486E-03
2.63669E+03 -7.86800E-03
2.63765E+03 -7.99100E-03
2.63861E+03 -8.09405E-03
2.63958E+03 -8.20290E-03
2.64054E+03 -8.31227E-03
2.64151E+03 -8.39499E-03
2.64247E+03 -8.50315E-03
2.64344E+03 -8.62879E-03
2.64440E+03 -8.71859E-03
2.64536E+03 -8.77958E-03
2.64633E+03 -8.86352E-03
2.64729E+03 -8.96271E-03
2.64826E+03 -9.04803E-03
2.64922E+03 -9.10484E-03
2.65019E+03 -9.15342E-03
2.65115E+03 -9.18392E-03
2.65212E+03 -9.19026E-03
2.65308E+03 -9.23735E-03
2.65404E+03 -9.27067E-03
2.65501E+03 -9.28996E-03
2.65597E+03 -9.35370E-03
2.65694E+03 -9.37893E-03
2.65790E+03 -9.35958E-03
2.65887E+03 -9.35259E-03
2.65983E+03 -9.38280E-03
2.66080E+03 -9.41070E-03
2.66176E+03 -9.45357E-03
2.66272E+03 -9.47670E-03
2.66369E+03 -9.44067E-03
2.66465E+03 -9.44081E-03
2.66562E+03 -9.45462E-03
2.66658E+03 -9.46885E-03
2.66755E+03 -9.45868E-03
2.66851E+03 -9.44458E-03
2.66948E+03 -9.42476E-03
2.67044E+03 -9.39601E-03
2.67140E+03 -9.38976E-03
2.67237E+03 -9.36423E-03
2.67333E+03 -9.35233E-03
2.67430E+03 -9.36728E-03
2.67526E+03 -9.35167E-03
2.67623E+03 -9.31116E-03
2.67719E+03 -9.26093E-03
2.67815E+03 -9.23004E-03
2.67912E+03 -9.20649E-03
2.68008E+03 -9.19619E-03
2.68105E+03 -9.19864E-03
2.68201E+03 -9.12144E-03
2.68298E+03 -9.07718E-03
2.68394E+03 -9.08041E-03
2.68491E+03 -9.04903E-03
2.68587E+03 -8.99635E-03
2.68683E+03 -8.91762E-03
2.68780E+03 -8.87526E-03
2.68876E+03 -8.88812E-03
2.68973E+03 -8.87723E-03
2.69069E+03 -8.81971E-03
2.69166E+03 -8.76068E-03
2.69262E+03 -8.72603E-03
2.69359E+03 -8.71191E-03
2.69455E+03 -8.66197E-03
2.69551E+03 -8.60388E-03
2.69648E+03 -8.57215E-03
2.69744E+03 -8.51162E-03
2.69841E+03 -8.41309E-03
2.69937E+03 -8.36713E-03
2.70034E+03 -8.35870E-03
2.70130E+03 -8.28387E-03
2.70226E+03 -8.23185E-03
2.70323E+03 -8.20073E-03
2.70419E+03 -8.14949E-03
2.70516E+03 -8.06763E-03
2.70612E+03 -8.01115E-03
2.70709E+03 -7.97005E-03
2.70805E+03 -7.86759E-03
2.70902E+03 -7.80774E-03
2.70998E+03 -7.76897E-03
2.71094E+03 -7.69898E-03
2.71191E+03 -7.59990E-03
2.71287E+03 -7.54648E-03
2.71384E+03 -7.51900E-03
2.71480E+03 -7.41273E-03
2.71577E+03 -7.31698E-03
2.71673E+03 -7.28872E-03
2.71770E+03 -7.21236E-03
2.71866E+03 -7.08693E-03
2.71962E+03 -7.01474E-03
2.72059E+03 -6.96971E-03
2.72155E+03 -6.86060E-03
2.72252E+03 -6.75041E-03
2.72348E+03 -6.66158E-03
2.72445E+03 -6.55963E-03
2.72541E+03 -6.50073E-03
2.72638E+03 -6.42389E-03
2.72734E+03 -6.31677E-03
2.72830E+03 -6.25139E-03
2.72927E+03 -6.14818E-03
2.73023E+03 -6.01490E-03
2.73120E+03 -5.86843E-03
2.73216E+03 -5.72655E-03
2.73313E+03 -5.61316E-03
2.73409E+03 -5.46174E-03
2.73505E+03 -5.29334E-03
2.73602E+03 -5.16167E-03
2.73698E+03 -5.06763E-03
2.73795E+03 -4.92251E-03
2.73891E+03 -4.69891E-03
2.73988E+03 -4.53913E-03
2.74084E+03 -4.43200E-03
2.74181E+03 -4.26375E-03
2.74277E+03 -4.06571E-03
2.74373E+03 -3.87595E-03
2.74470E+03 -3.71055E-03
2.74566E+03 -3.50818E-03
2.74663E+03 -3.29227E-03
2.74759E+03 -3.09413E-03
2.74856E+03 -2.86093E-03
2.74952E+03 -2.62215E-03
2.75049E+03 -2.38330E-03
2.75145E+03 -2.13472E-03
2.75241E+03 -1.89794E-03
2.75338E+03 -1.63793E-03
2.75434E+03 -1.30016E-03
2.75531E+03 -9.94518E-04
2.75627E+03 -6.99274E-04
2.75724E+03 -3.60373E-04
2.75820E+03 -5.71981E-05
2.75916E+03 2.80913E-04
2.76013E+03 6.71260E-04
2.76109E+03 1.10155E-03
2.76206E+03 1.52134E-03
2.76302E+03 1.91035E-03
2.76399E+03 2.34866E-03
2.76495E+03 2.80256E-03
2.76592E+03 3.26858E-03
2.76688E+03 3.73742E-03
2.76784E+03 4.26216E-03
2.76881E+03 4.84206E-03
2.76977E+03 5.44425E-03
2.77074E+03 6.05740E-03
2.77170E+03 6.66730E-03
2.77267E+03 7.30007E-03
2.77363E+03 7.93292E-03
2.77460E+03 8.62563E-03
2.77556E+03 9.34632E-03
2.77652E+03 1.01491E-02
2.77749E+03 1.09207E-02
2.77845E+03 1.16600E-02
2.77942E+03 1.25396E-02
2.78038E+03 1.34809E-02
2.78135E+03 1.43385E-02
2.78231E+03 1.52702E-02
2.78327E+03 1.62494E-02
2.78424E+03 1.73316E-02
2.78520E+03 1.83499E-02
2.78617E+03 1.93278E-02
2.78713E+03 2.02912E-02
2.78810E+03 2.13028E-02
2.78906E+03 2.27315E-02
2.79003E+03 2.39562E-02
2.79099E+03 2.49601E-02
2.79195E+03 2.61704E-02
2.79292E+03 2.74921E-02
2.79388E+03 2.87546E-02
2.79485E+03 3.00225E-02
2.79581E+03 3.13709E-02
2.79678E+03 3.26952E-02
2.79774E+03 3.39635E-02
2.79871E+03 3.53091E-02
2.79967E+03 3.67226E-02
2.80063E+03 3.81379E-02
2.80160E+03 3.95109E-02
2.80256E+03 4.09153E-02
2.80353E+03 4.23874E-02
2.80449E+03 4.38254E-02
2.80546E+03 4.53086E-02
2.80642E+03 4.68620E-02
2.80739E+03 4.83763E-02
2.80835E+03 4.99057E-02
2.80931E+03 5.15027E-02
2.81028E+03 5.31370E-02
2.81124E+03 5.47908E-02
2.81221E+03 5.65297E-02
2.81317E+03 5.83468E-02
2.81414E+03 6.02108E-02
2.81510E+03 6.21980E-02
2.81606E+03 6.42730E-02
2.81703E+03 6.64851E-02
2.81799E+03 6.88690E-02
2.81896E+03 7.14417E-02
2.81992E+03 7.42782E-02
2.82089E+03 7.73027E-02
2.82185E+03 8.05637E-02
2.82282E+03 8.41384E-02
2.82378E+03 8.79237E-02
2.82474E+03 9.18157E-02
2.82571E+03 9.56995E-02
2.82667E+03 9.94697E-02
2.82764E+03 1.02899E-01
2.82860E+03 1.05796E-01
2.82957E+03 1.08009E-01
2.83053E+03 1.09384E-01
2.83150E+03 1.09883E-01
2.83246E+03 1.09464E-01
2.83342E+03 1.08255E-01
2.83439E+03 1.06393E-01
2.83535E+03 1.03855E-01
2.83632E+03 1.00811E-01
2.83728E+03 9.74415E-02
2.83825E+03 9.38078E-02
2.83921E+03 8.99690E-02
2.84017E+03 8.60351E-02
2.84114E+03 8.21564E-02
2.84210E+03 7.83429E-02
2.84307E+03 7.46432E-02
2.84403E+03 7.12043E-02
2.84500E+03 6.80472E-02
2.84596E+03 6.51869E-02
2.84693E+03 6.26896E-02
2.84789E+03 6.05455E-02
2.84885E+03 5.87019E-02
2.84982E+03 5.71564E-02
2.85078E+03 5.58919E-02
2.85175E+03 5.48030E-02
2.85271E+03 5.38904E-02
2.85368E+03 5.31309E-02
2.85464E+03 5.24914E-02
2.85561E+03 5.19682E-02
2.85657E+03 5.15305E-02
2.85753E+03 5.11453E-02
2.85850E+03 5.07847E-02
2.85946E+03 5.04555E-02
2.86043E+03 5.02242E-02
2.86139E+03 5.00136E-02
2.86236E+03 4.97682E-02
2.86332E+03 4.96025E-02
2.86428E+03 4.94977E-02
2.86525E+03 4.93377E-02
2.86621E+03 4.92014E-02
2.86718E+03 4.91362E-02
2.86814E+03 4.90637E-02
2.86911E+03 4.90236E-02
2.87007E+03 4.89994E-02
2.87104E+03 4.89983E-02
2.87200E+03 4.90325E-02
2.87296E+03 4.91576E-02
2.87393E+03 4.92772E-02
2.87489E+03 4.93764E-02
2.87586E+03 4.95382E-02
2.87682E+03 4.97305E-02
2.87779E+03 4.99543E-02
2.87875E+03 5.02322E-02
2.87972E+03 5.05458E-02
2.88068E+03 5.09156E-02
2.88164E+03 5.13336E-02
2.88261E+03 5.17659E-02
2.88357E+03 5.22326E-02
2.88454E+03 5.27474E-02
2.88550E+03 5.32978E-02
2.88647E+03 5.38412E-02
2.88743E+03 5.44111E-02
2.88840E+03 5.50338E-02
2.88936E+03 5.56230E-02
2.89032E+03 5.61575E-02
2.89129E+03 5.67749E-02
2.89225E+03 5.74402E-02
2.89322E+03 5.80564E-02
2.89418E+03 5.87065E-02
2.89515E+03 5.94109E-02
2.89611E+03 6.00863E-02
2.89707E+03 6.07991E-02
2.89804E+03 6.15990E-02
2.89900E+03 6.24082E-02
2.89997E+03 6.32512E-02
2.90093E+03 6.41187E-02
2.90190E+03 6.50279E-02
2.90286E+03 6.60171E-02
2.90383E+03 6.69774E-02
2.90479E+03 6.80117E-02
2.90575E+03 6.90442E-02
2.90672E+03 7.00607E-02
2.90768E+03 7.10867E-02
2.90865E+03 7.19479E-02
2.90961E+03 7.27840E-02
2.91058E+03 7.35661E-02
2.91154E+03 7.42219E-02
2.91251E+03 7.48086E-02
2.91347E+03 7.52988E-02
2.91443E+03 7.57076E-02
2.91540E+03 7.60689E-02
2.91636E+03 7.64138E-02
2.91733E+03 7.67314E-02
2.91829E+03 7.70590E-02
2.91926E+03 7.75275E-02
2.92022E+03 7.81142E-02
2.92118E+03 7.88082E-02
2.92215E+03 7.96657E-02
2.92311E+03 8.06103E-02
2.92408E+03 8.17121E-02
2.92504E+03 8.29565E-02
2.92601E+03 8.43054E-02
2.92697E+03 8.57665E-02
2.92794E+03 8.71773E-02
2.92890E+03 8.85211E-02
2.92986E+03 8.99383E-02
2.93083E+03 9.12140E-02
2.93179E+03 9.23159E-02
2.93276E+03 9.33492E-02
2.93372E+03 9.42338E-02
2.93469E+03 9.49943E-02
2.93565E+03 9.56397E-02
2.93662E+03 9.61405E-02
2.93758E+03 9.64322E-02
2.93854E+03 9.65234E-02
2.93951E+03 9.65170E-02
2.94047E+03 9.64786E-02
2.94144E+03 9.64052E-02
2.94240E+03 9.63130E-02
2.94337E+03 9.62285E-02
2.94433E+03 9.62416E-02
2.94530E+03 9.63923E-02
2.94626E+03 9.66899E-02
2.94722E+03 9.71309E-02
2.94819E+03 9.76494E-02
2.94915E+03 9.83306E-02
2.95012E+03 9.91193E-02
2.95108E+03 9.99927E-02
2.95205E+03 1.01003E-01
2.95301E+03 1.01948E-01
2.95397E+03 1.02864E-01
2.95494E+03 1.03710E-01
2.95590E+03 1.04426E-01
2.95687E+03 1.04974E-01
2.95783E+03 1.05357E-01
2.95880E+03 1.05544E-01
2.95976E+03 1.05473E-01
2.96073E+03 1.05077E-01
2.96169E+03 1.04383E-01
2.96265E+03 1.03533E-01
2.96362E+03 1.02434E-01
2.96458E+03 1.01100E-01
2.96555E+03 9.95577E-02
2.96651E+03 9.77852E-02
2.96748E+03 9.59138E-02
2.96844E+03 9.39721E-02
2.96941E+03 9.19772E-02
2.97037E+03 9.00396E-02
2.97133E+03 8.82458E-02
2.97230E+03 8.65396E-02
2.97326E+03 8.49790E-02
2.97423E+03 8.36877E-02
2.97519E+03 8.26398E-02
2.97616E+03 8.18017E-02
2.97712E+03 8.12491E-02
2.97808E+03 8.10503E-02
2.97905E+03 8.10797E-02
2.98001E+03 8.13270E-02
2.98098E+03 8.18412E-02
2.98194E+03 8.24526E-02
2.98291E+03 8.30872E-02
2.98387E+03 8.38033E-02
2.98484E+03 8.45217E-02
2.98580E+03 8.51155E-02
2.98676E+03 8.55110E-02
2.98773E+03 8.57380E-02
2.98869E+03 8.58274E-02
2.98966E+03 8.57154E-02
2.99062E+03 8.52726E-02
2.99159E+03 8.46021E-02
2.99255E+03 8.37445E-02
2.99352E+03 8.26375E-02
2.99448E+03 8.13414E-02
2.99544E+03 7.98957E-02
2.99641E+03 7.83121E-02
2.99737E+03 7.66020E-02
2.99834E+03 7.47711E-02
2.99930E+03 7.29403E-02
3.00027E+03 7.11617E-02
3.00123E+03 6.93573E-02
3.00220E+03 6.75810E-02
3.00316E+03 6.59169E-02
3.00412E+03 6.43111E-02
3.00509E+03 6.27691E-02
3.00605E+03 6.13991E-02
3.00702E+03 6.01786E-02
3.00798E+03 5.90775E-02
3.00895E+03 5.80162E-02
3.00991E+03 5.70988E-02
3.01087E+03 5.64059E-02
3.01184E+03 5.58258E-02
3.01280E+03 5.53533E-02
3.01377E+03 5.50521E-02
3.01473E+03 5.48553E-02
3.01570E+03 5.47631E-02
3.01666E+03 5.47549E-02
3.01763E+03 5.47836E-02
3.01859E+03 5.49134E-02
3.01955E+03 5.51252E-02
3.02052E+03 5.53924E-02
3.02148E+03 5.57086E-02
3.02245E+03 5.61304E-02
3.02341E+03 5.65879E-02
3.02438E+03 5.70940E-02
3.02534E+03 5.76520E-02
3.02631E+03 5.82120E-02
3.02727E+03 5.88611E-02
3.02823E+03 5.95499E-02
3.02920E+03 6.02195E-02
3.03016E+03 6.09547E-02
3.03113E+03 6.17439E-02
3.03209E+03 6.25209E-02
3.03306E+03 6.33418E-02
3.03402E+03 6.41370E-02
3.03498E+03 6.49196E-02
3.03595E+03 6.58246E-02
3.03691E+03 6.67528E-02
3.03788E+03 6.76874E-02
3.03884E+03 6.86114E-02
3.03981E+03 6.95647E-02
3.04077E+03 7.05697E-02
3.04174E+03 7.15471E-02
3.04270E+03 7.25085E-02
3.04366E+03 7.35096E-02
3.04463E+03 7.45933E-02
3.04559E+03 7.57007E-02
3.04656E+03 7.67446E-02
3.04752E+03 7.78126E-02
3.04849E+03 7.89628E-02
3.04945E+03 8.00351E-02
3.05042E+03 8.11203E-02
3.05138E+03 8.23284E-02
3.05234E+03 8.35427E-02
3.05331E+03 8.47650E-02
3.05427E+03 8.59914E-02
3.05524E+03 8.71474E-02
3.05620E+03 8.82876E-02
3.05717E+03 8.95235E-02
3.05813E+03 9.08412E-02
3.05909E+03 9.21075E-02
3.06006E+03 9.33806E-02
3.06102E+03 9.47148E-02
3.06199E+03 9.60486E-02
3.06295E+03 9.73820E-02
3.06392E+03 9.86636E-02
3.06488E+03 1.00015E-01
3.06585E+03 1.01477E-01
3.06681E+03 1.02879E-01
3.06777E+03 1.04251E-01
3.06874E+03 1.05677E-01
3.06970E+03 1.07113E-01
3.07067E+03 1.08543E-01
3.07163E+03 1.09938E-01
3.07260E+03 1.11380E-01
3.07356E+03 1.12852E-01
3.07453E+03 1.14332E-01
3.07549E+03 1.15826E-01
3.07645E+03 1.17301E-01
3.07742E+03 1.18876E-01
3.07838E+03 1.20433E-01
3.07935E+03 1.21908E-01
3.08031E+03 1.23403E-01
3.08128E+03 1.24924E-01
3.08224E+03 1.26473E-01
3.08321E+03 1.28051E-01
3.08417E+03 1.29650E-01
3.08513E+03 1.31208E-01
3.08610E+03 1.32826E-01
3.08706E+03 1.34507E-01
3.08803E+03 1.36095E-01
3.08899E+03 1.37695E-01
3.08996E+03 1.39265E-01
3.09092E+03 1.40833E-01
3.09188E+03 1.42485E-01
3.09285E+03 1.44087E-01
3.09381E+03 1.45743E-01
3.09478E+03 1.47356E-01
3.09574E+03 1.48964E-01
3.09671E+03 1.50585E-01
3.09767E+03 1.52192E-01
3.09864E+03 1.53908E-01
3.09960E+03 1.55568E-01
3.10056E+03 1.57202E-01
3.10153E+03 1.58858E-01
3.10249E+03 1.60535E-01
3.10346E+03 1.62242E-01
3.10442E+03 1.63965E-01
3.10539E+03 1.65535E-01
3.10635E+03 1.67094E-01
3.10732E+03 1.68772E-01
3.10828E+03 1.70512E-01
3.10924E+03 1.72190E-01
3.11021E+03 1.73733E-01
3.11117E+03 1.75345E-01
3.11214E+03 1.77073E-01
3.11310E+03 1.78745E-01
3.11407E+03 1.80327E-01
3.11503E+03 1.81997E-01
3.11599E+03 1.83681E-01
3.11696E+03 1.85372E-01
3.11792E+03 1.87025E-01
3.11889E+03 1.88658E-01
3.11985E+03 1.90334E-01
3.12082E+03 1.91943E-01
3.12178E+03 1.93522E-01
3.12275E+03 1.95213E-01
3.12371E+03 1.96905E-01
3.12467E+03 1.98544E-01
3.12564E+03 2.00152E-01
3.12660E+03 2.01722E-01
3.12757E+03 2.03372E-01
3.12853E+03 2.05043E-01
3.12950E+03 2.06661E-01
3.13046E+03 2.08271E-01
3.13143E+03 2.09930E-01
3.13239E+03 2.11627E-01
3.13335E+03 2.13200E-01
3.13432E+03 2.14800E-01
3.13528E+03 2.16450E-01
3.13625E+03 2.18080E-01
3.13721E+03 2.19804E-01
3.13818E+03 2.21482E-01
3.13914E+03 2.23064E-01
3.14010E+03 2.24705E-01
3.14107E+03 2.26428E-01
3.14203E+03 2.28071E-01
3.14300E+03 2.29626E-01
3.14396E+03 2.31198E-01
3.14493E+03 2.32879E-01
3.14589E+03 2.34540E-01
3.14686E+03 2.36221E-01
3.14782E+03 2.37967E-01
3.14878E+03 2.39628E-01
3.14975E+03 2.41276E-01
3.15071E+03 2.42916E-01
3.15168E+03 2.44570E-01
3.15264E+03 2.46338E-01
3.15361E+03 2.48048E-01
3.15457E+03 2.49727E-01
3.15554E+03 2.51425E-01
3.15650E+03 2.53042E-01
3.15746E+03 2.54715E-01
3.15843E+03 2.56450E-01
3.15939E+03 2.58120E-01
3.16036E+03 2.59809E-01
3.16132E+03 2.61485E-01
3.16229E+03 2.63159E-01
3.16325E+03 2.64922E-01
3.16422E+03 2.66702E-01
3.16518E+03 2.68370E-01
3.16614E+03 2.69993E-01
3.16711E+03 2.71708E-01
3.16807E+03 2.73389E-01
3.16904E+03 2.75083E-01
3.17000E+03 2.76682E-01
3.17097E+03 2.78381E-01
3.17193E+03 2.80195E-01
3.17289E+03 2.81739E-01
3.17386E+03 2.83273E-01
3.17482E+03 2.84945E-01
3.17579E+03 2.86603E-01
3.17675E+03 2.88233E-01
3.17772E+03 2.89811E-01
3.17868E+03 2.91399E-01
3.17965E+03 2.92982E-01
3.18061E+03 2.94535E-01
3.18157E+03 2.96132E-01
3.18254E+03 2.97687E-01
3.18350E+03 2.99379E-01
3.18447E+03 3.01012E-01
3.18543E+03 3.02466E-01
3.18640E+03 3.03944E-01
3.18736E+03 3.05442E-01
3.18833E+03 3.07002E-01
3.18929E+03 3.08500E-01
3.19025E+03 3.09904E-01
3.19122E+03 3.11369E-01
3.19218E+03 3.12861E-01
3.19315E+03 3.14344E-01
3.19411E+03 3.15788E-01
3.19508E+03 3.17242E-01
3.19604E+03 3.18646E-01
3.19700E+03 3.19935E-01
3.19797E+03 3.21121E-01
3.19893E+03 3.22441E-01
3.19990E+03 3.23847E-01
3.20086E+03 3.25002E-01
3.20183E+03 3.26236E-01
3.20279E+03 3.27560E-01
3.20376E+03 3.28836E-01
3.20472E+03 3.30079E-01
3.20568E+03 3.31330E-01
3.20665E+03 3.32460E-01
3.20761E+03 3.33481E-01
3.20858E+03 3.34581E-01
3.20954E+03 3.35767E-01
3.21051E+03 3.36881E-01
3.21147E+03 3.37934E-01
3.21244E+03 3.38967E-01
3.21340E+03 3.39994E-01
3.21436E+03 3.41040E-01
3.21533E+03 3.41903E-01
3.21629E+03 3.42749E-01
3.21726E+03 3.43803E-01
3.21822E+03 3.44794E-01
3.21919E+03 3.45623E-01
3.22015E+03 3.46422E-01
3.22111E+03 3.47097E-01
3.22208E+03 3.47834E-01
3.22304E+03 3.48698E-01
3.22401E+03 3.49473E-01
3.22497E+03 3.50207E-01
3.22594E+03 3.50914E-01
3.22690E+03 3.51659E-01
3.22787E+03 3.52356E-01
3.22883E+03 3.52879E-01
3.22979E+03 3.53488E-01
3.23076E+03 3.53969E-01
3.23172E+03 3.54479E-01
3.23269E+03 3.55242E-01
3.23365E+03 3.55799E-01
3.23462E+03 3.56224E-01
3.23558E+03 3.56644E-01
3.23655E+03 3.56996E-01
3.23751E+03 3.57422E-01
3.23847E+03 3.57900E-01
3.23944E+03 3.58236E-01
3.24040E+03 3.58514E-01
3.24137E+03 3.58942E-01
3.24233E+03 3.59291E-01
3.24330E+03 3.59442E-01
3.24426E+03 3.59564E-01
3.24523E+03 3.59789E-01
3.24619E+03 3.60040E-01
3.24715E+03 3.60161E-01
3.24812E+03 3.60314E-01
3.24908E+03 3.60476E-01
3.25005E+03 3.60551E-01
3.25101E+03 3.60711E-01
3.25198E+03 3.60789E-01
3.25294E+03 3.60685E-01
3.25390E+03 3.60601E-01
3.25487E+03 3.60568E-01
3.25583E+03 3.60632E-01
3.25680E+03 3.60634E-01
3.25776E+03 3.60471E-01
3.25873E+03 3.60309E-01
3.25969E+03 3.60147E-01
3.26066E+03 3.59973E-01
3.26162E+03 3.59815E-01
3.26258E+03 3.59586E-01
3.26355E+03 3.59369E-01
3.26451E+03 3.59162E-01
3.26548E+03 3.58750E-01
3.26644E+03 3.58371E-01
3.26741E+03 3.58124E-01
3.26837E+03 3.57777E-01
3.26934E+03 3.57362E-01
3.27030E+03 3.56939E-01
3.27126E+03 3.56516E-01
3.27223E+03 3.56073E-01
3.27319E+03 3.55731E-01
3.27416E+03 3.55117E-01
3.27512E+03 3.54405E-01
3.27609E+03 3.53882E-01
3.27705E+03 3.53283E-01
3.27802E+03 3.52690E-01
3.27898E+03 3.52015E-01
3.27994E+03 3.51278E-01
3.28091E+03 3.50725E-01
3.28187E+03 3.50142E-01
3.28284E+03 3.49262E-01
3.28380E+03 3.48480E-01
3.28477E+03 3.47744E-01
3.28573E+03 3.46849E-01
3.28669E+03 3.45936E-01
3.28766E+03 3.44982E-01
3.28862E+03 3.44034E-01
3.28959E+03 3.43279E-01
3.29055E+03 3.42421E-01
3.29152E+03 3.41340E-01
3.29248E+03 3.40270E-01
3.29345E+03 3.39212E-01
3.29441E+03 3.38170E-01
3.29537E+03 3.37197E-01
3.29634E+03 3.36094E-01
3.29730E+03 3.34889E-01
3.29827E+03 3.33727E-01
3.29923E+03 3.32497E-01
3.30020E+03 3.31269E-01
3.30116E+03 3.29992E-01
3.30213E+03 3.28637E-01
3.30309E+03 3.27242E-01
3.30405E+03 3.25866E-01
3.30502E+03 3.24496E-01
3.30598E+03 3.23104E-01
3.30695E+03 3.21681E-01
3.30791E+03 3.20150E-01
3.30888E+03 3.18620E-01
3.30984E+03 3.17141E-01
3.31080E+03 3.15647E-01
3.31177E+03 3.14149E-01
3.31273E+03 3.12529E-01
3.31370E+03 3.10855E-01
3.31466E+03 3.09254E-01
3.31563E+03 3.07597E-01
3.31659E+03 3.05830E-01
3.31756E+03 3.04125E-01
3.31852E+03 3.02514E-01
3.31948E+03 3.00785E-01
3.32045E+03 2.98988E-01
3.32141E+03 2.97209E-01
3.32238E+03 2.95411E-01
3.32334E+03 2.93564E-01
3.32431E+03 2.91735E-01
3.32527E+03 2.89913E-01
3.32624E+03 2.88029E-01
3.32720E+03 2.86213E-01
3.32816E+03 2.84446E-01
3.32913E+03 2.82487E-01
3.33009E+03 2.80493E-01
3.33106E+03 2.78590E-01
3.33202E+03 2.76715E-01
3.33299E+03 2.74827E-01
3.33395E+03 2.72965E-01
3.33492E+03 2.71067E-01
3.33588E+03 2.69183E-01
3.33684E+03 2.67366E-01
3.33781E+03 2.65479E-01
3.33877E+03 2.63615E-01
3.33974E+03 2.61814E-01
3.34070E+03 2.59936E-01
3.34167E+03 2.57970E-01
3.34263E+03 2.56153E-01
3.34359E+03 2.54411E-01
3.34456E+03 2.52573E-01
3.34552E+03 2.50679E-01
3.34649E+03 2.48804E-01
3.34745E+03 2.46969E-01
3.34842E+03 2.45106E-01
3.34938E+03 2.43304E-01
3.35035E+03 2.41614E-01
3.35131E+03 2.39891E-01
3.35227E+03 2.38082E-01
3.35324E+03 2.36261E-01
3.35420E+03 2.34520E-01
3.35517E+03 2.32716E-01
3.35613E+03 2.30972E-01
3.35710E+03 2.29321E-01
3.35806E+03 2.27541E-01
3.35903E+03 2.25754E-01
3.35999E+03 2.23990E-01
3.36095E+03 2.22255E-01
3.36192E+03 2.20618E-01
3.36288E+03 2.18943E-01
3.36385E+03 2.17141E-01
3.36481E+03 2.15431E-01
3.36578E+03 2.13745E-01
3.36674E+03 2.12047E-01
3.36770E+03 2.10350E-01
3.36867E+03 2.08686E-01
3.36963E+03 2.07014E-01
3.37060E+03 2.05294E-01
3.37156E+03 2.03555E-01
3.37253E+03 2.01780E-01
3.37349E+03 2.00078E-01
3.37446E+03 1.98440E-01
3.37542E+03 1.96744E-01
3.37638E+03 1.94990E-01
3.37735E+03 1.93309E-01
3.37831E+03 1.91658E-01
3.37928E+03 1.90088E-01
3.38024E+03 1.88365E-01
3.38121E+03 1.86606E-01
3.38217E+03 1.84986E-01
3.38314E+03 1.83253E-01
3.38410E+03 1.81537E-01
3.38506E+03 1.79909E-01
3.38603E+03 1.78229E-01
3.38699E+03 1.76540E-01
3.38796E+03 1.74894E-01
3.38892E+03 1.73123E-01
3.38989E+03 1.71426E-01
3.39085E+03 1.69833E-01
3.39181E+03 1.68106E-01
3.39278E+03 1.66358E-01
3.39374E+03 1.64732E-01
3.39471E+03 1.63111E-01
3.39567E+03 1.61467E-01
3.39664E+03 1.59796E-01
3.39760E+03 1.58121E-01
3.39857E+03 1.56555E-01
3.39953E+03 1.55021E-01
3.40049E+03 1.53446E-01
3.40146E+03 1.51804E-01
3.40242E+03 1.50235E-01
3.40339E+03 1.48725E-01
3.40435E+03 1.47151E-01
3.40532E+03 1.45548E-01
3.40628E+03 1.44077E-01
3.40725E+03 1.42538E-01
3.40821E+03 1.40999E-01
3.40917E+03 1.39602E-01
3.41014E+03 1.38146E-01
3.41110E+03 1.36658E-01
3.41207E+03 1.35177E-01
3.41303E+03 1.33541E-01
3.41400E+03 1.31861E-01
3.41496E+03 1.30797E-01
3.41593E+03 1.29764E-01
3.41689E+03 1.28382E-01
3.41785E+03 1.27027E-01
3.41882E+03 1.25664E-01
3.41978E+03 1.24416E-01
3.42075E+03 1.23135E-01
3.42171E+03 1.21870E-01
3.42268E+03 1.20661E-01
3.42364E+03 1.19417E-01
3.42460E+03 1.18182E-01
3.42557E+03 1.16985E-01
3.42653E+03 1.15760E-01
3.42750E+03 1.14611E-01
3.42846E+03 1.13522E-01
3.42943E+03 1.12308E-01
3.43039E+03 1.11153E-01
3.43136E+03 1.10068E-01
3.43232E+03 1.08997E-01
3.43328E+03 1.07943E-01
3.43425E+03 1.06822E-01
3.43521E+03 1.05763E-01
3.43618E+03 1.04771E-01
3.43714E+03 1.03723E-01
3.43811E+03 1.02652E-01
3.43907E+03 1.01605E-01
3.44004E+03 1.00556E-01
3.44100E+03 9.94881E-02
3.44196E+03 9.84084E-02
3.44293E+03 9.72433E-02
3.44389E+03 9.61221E-02
3.44486E+03 9.50755E-02
3.44582E+03 9.40523E-02
3.44679E+03 9.30618E-02
3.44775E+03 9.19673E-02
3.44871E+03 9.08340E-02
3.44968E+03 8.97966E-02
3.45064E+03 8.87655E-02
3.45161E+03 8.77001E-02
3.45257E+03 8.66255E-02
3.45354E+03 8.56022E-02
3.45450E+03 8.46312E-02
3.45547E+03 8.35765E-02
3.45643E+03 8.25104E-02
3.45739E+03 8.14538E-02
3.45836E+03 8.03547E-02
3.45932E+03 7.92124E-02
3.46029E+03 7.81343E-02
3.46125E+03 7.71104E-02
3.46222E+03 7.60304E-02
3.46318E+03 7.49378E-02
3.46415E+03 7.38237E-02
3.46511E+03 7.27591E-02
3.46607E+03 7.17050E-02
3.46704E+03 7.06159E-02
3.46800E+03 6.94919E-02
3.46897E+03 6.83500E-02
3.46993E+03 6.72129E-02
3.47090E+03 6.60579E-02
3.47186E+03 6.49521E-02
3.47282E+03 6.38204E-02
3.47379E+03 6.26879E-02
3.47475E+03 6.15391E-02
3.47572E+03 6.04833E-02
3.47668E+03 5.94274E-02
3.47765E+03 5.82593E-02
3.47861E+03 5.71818E-02
3.47958E+03 5.60480E-02
3.48054E+03 5.48675E-02
3.48150E+03 5.37581E-02
3.48247E+03 5.27201E-02
3.48343E+03 5.16594E-02
3.48440E+03 5.05853E-02
3.48536E+03 4.94259E-02
3.48633E+03 4.82812E-02
3.48729E+03 4.72128E-02
3.48826E+03 4.61307E-02
3.48922E+03 4.50019E-02
3.49018E+03 4.39230E-02
3.49115E+03 4.29696E-02
3.49211E+03 4.19406E-02
3.49308E+03 4.08698E-02
3.49404E+03 3.98451E-02
3.49501E+03 3.86816E-02
3.49597E+03 3.75501E-02
3.49694E+03 3.66708E-02
3.49790E+03 3.57114E-02
3.49886E+03 3.46480E-02
3.49983E+03 3.36236E-02
3.50079E+03 3.26098E-02
3.50176E+03 3.16408E-02
3.50272E+03 3.06906E-02
3.50369E+03 2.97743E-02
3.50465E+03 2.88667E-02
3.50561E+03 2.78762E-02
3.50658E+03 2.69327E-02
3.50754E+03 2.60652E-02
3.50851E+03 2.51759E-02
3.50947E+03 2.42707E-02
3.51044E+03 2.34575E-02
3.51140E+03 2.27230E-02
3.51237E+03 2.19276E-02
3.51333E+03 2.10776E-02
3.51429E+03 2.02436E-02
3.51526E+03 1.95206E-02
3.51622E+03 1.88316E-02
3.51719E+03 1.80522E-02
3.51815E+03 1.72413E-02
3.51912E+03 1.65292E-02
3.52008E+03 1.59272E-02
3.52105E+03 1.52884E-02
3.52201E+03 1.46552E-02
3.52297E+03 1.40218E-02
3.52394E+03 1.34047E-02
3.52490E+03 1.28006E-02
3.52587E+03 1.22248E-02
3.52683E+03 1.16515E-02
3.52780E+03 1.10408E-02
3.52876E+03 1.05380E-02
3.52972E+03 1.00194E-02
3.53069E+03 9.48325E-03
3.53165E+03 8.98951E-03
3.53262E+03 8.53127E-03
3.53358E+03 8.04070E-03
3.53455E+03 7.50910E-03
3.53551E+03 7.08761E-03
3.53648E+03 6.67732E-03
3.53744E+03 6.24866E-03
3.53840E+03 5.88957E-03
3.53937E+03 5.44104E-03
3.54033E+03 4.98592E-03
3.54130E+03 4.67040E-03
3.54226E+03 4.33319E-03
3.54323E+03 3.97189E-03
3.54419E+03 3.61514E-03
3.54516E+03 3.23626E-03
3.54612E+03 2.87362E-03
3.54708E+03 2.61015E-03
3.54805E+03 2.25243E-03
3.54901E+03 1.87805E-03
3.54998E+03 1.65095E-03
3.55094E+03 1.41103E-03
3.55191E+03 1.09563E-03
3.55287E+03 7.61323E-04
3.55383E+03 5.55806E-04
3.55480E+03 3.56324E-04
3.55576E+03 1.23542E-04
3.55673E+03 -1.09166E-04
3.55769E+03 -4.17676E-04
3.55866E+03 -6.73302E-04
3.55962E+03 -8.65251E-04
3.56059E+03 -1.06137E-03
3.56155E+03 -1.27961E-03
3.56251E+03 -1.56288E-03
3.56348E+03 -1.77532E-03
3.56444E+03 -1.86265E-03
3.56541E+03 -1.98555E-03
3.56637E+03 -2.16038E-03
3.56734E+03 -2.29782E-03
3.56830E+03 -2.43593E-03
3.56927E+03 -2.59387E-03
3.57023E+03 -2.67011E-03
3.57119E+03 -2.65370E-03
3.57216E+03 -2.56643E-03
3.57312E+03 -2.49713E-03
3.57409E+03 -2.45404E-03
3.57505E+03 -2.29410E-03
3.57602E+03 -2.11900E-03
3.57698E+03 -1.87181E-03
3.57795E+03 -1.51646E-03
3.57891E+03 -1.13816E-03
3.57987E+03 -6.73898E-04
3.58084E+03 -1.35362E-04
3.58180E+03 4.60200E-04
3.58277E+03 9.62086E-04
3.58373E+03 1.37354E-03
3.58470E+03 1.74495E-03
3.58566E+03 1.99112E-03
3.58662E+03 2.00064E-03
3.58759E+03 1.81395E-03
3.58855E+03 1.48626E-03
3.58952E+03 9.77840E-04
3.59048E+03 3.32970E-04
3.59145E+03 -2.87626E-04
3.59241E+03 -9.08311E-04
3.59338E+03 -1.53050E-03
3.59434E+03 -2.02889E-03
3.59530E+03 -2.47457E-03
3.59627E+03 -2.93900E-03
3.59723E+03 -3.25983E-03
3.59820E+03 -3.40608E-03
3.59916E+03 -2.69179E-03
3.60013E+03 -1.58601E-03
3.60109E+03 -2.91723E-03
3.60206E+03 -5.18655E-03
3.60302E+03 -6.10790E-03
3.60398E+03 -6.49940E-03
3.60495E+03 -6.73564E-03
3.60591E+03 -6.83910E-03
3.60688E+03 -6.93221E-03
3.60784E+03 -7.01089E-03
3.60881E+03 -7.07005E-03
3.60977E+03 -7.14913E-03
3.61074E+03 -7.19675E-03
3.61170E+03 -7.26966E-03
3.61266E+03 -7.32863E-03
3.61363E+03 -7.40393E-03
3.61459E+03 -7.40488E-03
3.61556E+03 -7.38331E-03
3.61652E+03 -7.39263E-03
3.61749E+03 -7.36939E-03
3.61845E+03 -7.35332E-03
3.61941E+03 -7.35736E-03
3.62038E+03 -7.40761E-03
3.62134E+03 -7.50340E-03
3.62231E+03 -7.57432E-03
3.62327E+03 -7.57162E-03
3.62424E+03 -7.57387E-03
3.62520E+03 -7.64826E-03
3.62617E+03 -7.67570E-03
3.62713E+03 -7.70519E-03
3.62809E+03 -7.87061E-03
3.62906E+03 -8.05341E-03
3.63002E+03 -8.18477E-03
3.63099E+03 -8.33339E-03
3.63195E+03 -8.48272E-03
3.63292E+03 -8.65971E-03
3.63388E+03 -8.88223E-03
3.63485E+03 -9.14856E-03
3.63581E+03 -9.32480E-03
3.63677E+03 -9.47114E-03
3.63774E+03 -9.60001E-03
3.63870E+03 -9.68188E-03
3.63967E+03 -9.82424E-03
3.64063E+03 -9.94316E-03
3.64160E+03 -1.00114E-02
3.64256E+03 -1.01126E-02
3.64352E+03 -1.02092E-02
3.64449E+03 -1.02218E-02
3.64545E+03 -1.02548E-02
3.64642E+03 -1.03450E-02
3.64738E+03 -1.04159E-02
3.64835E+03 -1.04962E-02
3.64931E+03 -1.05328E-02
3.65028E+03 -1.05450E-02
3.65124E+03 -1.05833E-02
3.65220E+03 -1.05167E-02
3.65317E+03 -1.05037E-02
3.65413E+03 -1.05939E-02
3.65510E+03 -1.05819E-02
3.65606E+03 -1.06565E-02
3.65703E+03 -1.07501E-02
3.65799E+03 -1.06974E-02
3.65896E+03 -1.07042E-02
3.65992E+03 -1.08006E-02
3.66088E+03 -1.08374E-02
3.66185E+03 -1.08926E-02
3.66281E+03 -1.09155E-02
3.66378E+03 -1.09125E-02
3.66474E+03 -1.09790E-02
3.66571E+03 -1.09590E-02
3.66667E+03 -1.09268E-02
3.66764E+03 -1.09977E-02
3.66860E+03 -1.10884E-02
3.66956E+03 -1.10589E-02
3.67053E+03 -1.10211E-02
3.67149E+03 -1.10149E-02
3.67246E+03 -1.09377E-02
3.67342E+03 -1.08812E-02
3.67439E+03 -1.08881E-02
3.67535E+03 -1.08970E-02
3.67631E+03 -1.08327E-02
3.67728E+03 -1.07422E-02
3.67824E+03 -1.06010E-02
3.67921E+03 -1.04294E-02
3.68017E+03 -1.02883E-02
3.68114E+03 -1.01914E-02
3.68210E+03 -1.00440E-02
3.68307E+03 -9.72344E-03
3.68403E+03 -9.40903E-03
3.68499E+03 -9.03802E-03
3.68596E+03 -8.48627E-03
3.68692E+03 -7.64897E-03
3.68789E+03 -6.58263E-03
3.68885E+03 -5.36767E-03
3.68982E+03 -3.70423E-03
3.69078E+03 -1.52188E-03
3.69175E+03 1.17010E-03
3.69271E+03 4.37206E-03
3.69367E+03 7.85159E-03
3.69464E+03 1.14303E-02
3.69560E+03 1.47601E-02
3.69657E+03 1.73456E-02
3.69753E+03 1.89017E-02
3.69850E+03 1.91103E-02
3.69946E+03 1.77923E-02
3.70042E+03 1.51778E-02
3.70139E+03 1.18927E-02
3.70235E+03 8.28008E-03
3.70332E+03 4.76514E-03
3.70428E+03 1.85731E-03
3.70525E+03 -3.76824E-04
3.70621E+03 -1.64489E-03
3.70718E+03 -8.76214E-04
3.70814E+03 4.35155E-04
3.70910E+03 -2.12856E-03
3.71007E+03 -6.34304E-03
3.71103E+03 -8.36187E-03
3.71200E+03 -9.22227E-03
3.71296E+03 -9.66020E-03
3.71393E+03 -9.82860E-03
3.71489E+03 -9.88570E-03
3.71586E+03 -9.97043E-03
3.71682E+03 -1.00530E-02
3.71778E+03 -1.00471E-02
3.71875E+03 -1.01103E-02
3.71971E+03 -1.02183E-02
3.72068E+03 -1.02821E-02
3.72164E+03 -1.03487E-02
3.72261E+03 -1.04648E-02
3.72357E+03 -1.05957E-02
3.72453E+03 -1.06943E-02
3.72550E+03 -1.08224E-02
3.72646E+03 -1.08959E-02
3.72743E+03 -1.09366E-02
3.72839E+03 -1.10425E-02
3.72936E+03 -1.12010E-02
3.73032E+03 -1.13498E-02
3.73129E+03 -1.14630E-02
3.73225E+03 -1.15421E-02
3.73321E+03 -1.16502E-02
3.73418E+03 -1.18298E-02
3.73514E+03 -1.19085E-02
3.73611E+03 -1.19667E-02
3.73707E+03 -1.20572E-02
3.73804E+03 -1.20392E-02
3.73900E+03 -1.20642E-02
3.73997E+03 -1.21485E-02
3.74093E+03 -1.22140E-02
3.74189E+03 -1.22114E-02
3.74286E+03 -1.21980E-02
3.74382E+03 -1.22299E-02
3.74479E+03 -1.22994E-02
3.74575E+03 -1.22910E-02
3.74672E+03 -1.22838E-02
3.74768E+03 -1.23665E-02
3.74865E+03 -1.24322E-02
3.74961E+03 -1.25344E-02
3.75057E+03 -1.25578E-02
3.75154E+03 -1.24637E-02
3.75250E+03 -1.24895E-02
3.75347E+03 -1.25258E-02
3.75443E+03 -1.24947E-02
3.75540E+03 -1.25229E-02
3.75636E+03 -1.25401E-02
3.75732E+03 -1.25125E-02
3.75829E+03 -1.24852E-02
3.75925E+03 -1.25478E-02
3.76022E+03 -1.26277E-02
3.76118E+03 -1.26674E-02
3.76215E+03 -1.26548E-02
3.76311E+03 -1.25901E-02
3.76408E+03 -1.26462E-02
3.76504E+03 -1.27032E-02
3.76600E+03 -1.26731E-02
3.76697E+03 -1.26953E-02
3.76793E+03 -1.26629E-02
3.76890E+03 -1.26670E-02
3.76986E+03 -1.27829E-02
3.77083E+03 -1.27864E-02
3.77179E+03 -1.27641E-02
3.77276E+03 -1.27292E-02
3.77372E+03 -1.27078E-02
3.77468E+03 -1.28288E-02
3.77565E+03 -1.28608E-02
3.77661E+03 -1.28059E-02
3.77758E+03 -1.27981E-02
3.77854E+03 -1.28751E-02
3.77951E+03 -1.28543E-02
3.78047E+03 -1.27558E-02
3.78143E+03 -1.27522E-02
3.78240E+03 -1.28290E-02
3.78336E+03 -1.28128E-02
3.78433E+03 -1.27665E-02
3.78529E+03 -1.28111E-02
3.78626E+03 -1.28396E-02
3.78722E+03 -1.28914E-02
3.78819E+03 -1.29363E-02
3.78915E+03 -1.29864E-02
3.79011E+03 -1.29071E-02
3.79108E+03 -1.28685E-02
3.79204E+03 -1.28992E-02
3.79301E+03 -1.29077E-02
3.79397E+03 -1.29761E-02
3.79494E+03 -1.29664E-02
3.79590E+03 -1.29444E-02
3.79687E+03 -1.29265E-02
3.79783E+03 -1.28681E-02
3.79879E+03 -1.28597E-02
3.79976E+03 -1.29210E-02
3.80072E+03 -1.29985E-02
3.80169E+03 -1.31042E-02
3.80265E+03 -1.30974E-02
3.80362E+03 -1.30195E-02
3.80458E+03 -1.29826E-02
3.80554E+03 -1.29653E-02
3.80651E+03 -1.29909E-02
3.80747E+03 -1.30214E-02
3.80844E+03 -1.30023E-02
3.80940E+03 -1.29536E-02
3.81037E+03 -1.29767E-02
3.81133E+03 -1.30446E-02
3.81230E+03 -1.31267E-02
3.81326E+03 -1.30420E-02
3.81422E+03 -1.29953E-02
3.81519E+03 -1.31392E-02
3.81615E+03 -1.32340E-02
3.81712E+03 -1.32131E-02
3.81808E+03 -1.31241E-02
3.81905E+03 -1.31088E-02
3.82001E+03 -1.30360E-02
3.82098E+03 -1.30744E-02
3.82194E+03 -1.31138E-02
3.82290E+03 -1.30786E-02
3.82387E+03 -1.31060E-02
3.82483E+03 -1.30332E-02
3.82580E+03 -1.31178E-02
3.82676E+03 -1.32027E-02
3.82773E+03 -1.31438E-02
3.82869E+03 -1.30476E-02
3.82966E+03 -1.30026E-02
3.83062E+03 -1.30222E-02
3.83158E+03 -1.30416E-02
3.83255E+03 -1.30601E-02
3.83351E+03 -1.31390E-02
3.83448E+03 -1.32310E-02
3.83544E+03 -1.32440E-02
3.83641E+03 -1.32162E-02
3.83737E+03 -1.31567E-02
3.83833E+03 -1.31189E-02
3.83930E+03 -1.30738E-02
3.84026E+03 -1.31077E-02
3.84123E+03 -1.30547E-02
3.84219E+03 -1.29941E-02
3.84316E+03 -1.29901E-02
3.84412E+03 -1.29668E-02
3.84509E+03 -1.29949E-02
3.84605E+03 -1.29457E-02
3.84701E+03 -1.28680E-02
3.84798E+03 -1.28491E-02
3.84894E+03 -1.28635E-02
3.84991E+03 -1.28224E-02
3.85087E+03 -1.27051E-02
3.85184E+03 -1.27825E-02
3.85280E+03 -1.29018E-02
3.85377E+03 -1.28552E-02
3.85473E+03 -1.28237E-02
3.85569E+03 -1.27162E-02
3.85666E+03 -1.26193E-02
3.85762E+03 -1.27426E-02
3.85859E+03 -1.28422E-02
3.85955E+03 -1.27475E-02
3.86052E+03 -1.27158E-02
3.86148E+03 -1.27415E-02
3.86244E+03 -1.27560E-02
3.86341E+03 -1.27387E-02
3.86437E+03 -1.26687E-02
3.86534E+03 -1.27442E-02
3.86630E+03 -1.28737E-02
3.86727E+03 -1.28509E-02
3.86823E+03 -1.28481E-02
3.86920E+03 -1.28621E-02
3.87016E+03 -1.28858E-02
3.87112E+03 -1.29379E-02
3.87209E+03 -1.29313E-02
3.87305E+03 -1.30118E-02
3.87402E+03 -1.30517E-02
3.87498E+03 -1.30757E-02
3.87595E+03 -1.30746E-02
3.87691E+03 -1.30602E-02
3.87788E+03 -1.32143E-02
3.87884E+03 -1.32691E-02
3.87980E+03 -1.32649E-02
3.88077E+03 -1.32664E-02
3.88173E+03 -1.32199E-02
3.88270E+03 -1.32549E-02
3.88366E+03 -1.32868E-02
3.88463E+03 -1.32684E-02
3.88559E+03 -1.32099E-02
3.88655E+03 -1.31562E-02
3.88752E+03 -1.31757E-02
3.88848E+03 -1.32483E-02
3.88945E+03 -1.32322E-02
3.89041E+03 -1.31878E-02
3.89138E+03 -1.32202E-02
3.89234E+03 -1.32753E-02
3.89331E+03 -1.33215E-02
3.89427E+03 -1.32891E-02
3.89523E+03 -1.32347E-02
3.89620E+03 -1.32494E-02
3.89716E+03 -1.32500E-02
3.89813E+03 -1.31919E-02
3.89909E+03 -1.32213E-02
3.90006E+03 -1.32577E-02
3.90102E+03 -1.32653E-02
3.90199E+03 -1.32565E-02
3.90295E+03 -1.32574E-02
3.90391E+03 -1.33064E-02
3.90488E+03 -1.32660E-02
3.90584E+03 -1.32734E-02
3.90681E+03 -1.32863E-02
3.90777E+03 -1.32042E-02
3.90874E+03 -1.31888E-02
3.90970E+03 -1.32195E-02
3.91067E+03 -1.32288E-02
3.91163E+03 -1.32364E-02
3.91259E+03 -1.32080E-02
3.91356E+03 -1.31501E-02
3.91452E+03 -1.30688E-02
3.91549E+03 -1.30272E-02
3.91645E+03 -1.30403E-02
3.91742E+03 -1.30359E-02
3.91838E+03 -1.30610E-02
3.91934E+03 -1.30917E-02
3.92031E+03 -1.30526E-02
3.92127E+03 -1.30521E-02
3.92224E+03 -1.30999E-02
3.92320E+03 -1.31374E-02
3.92417E+03 -1.31200E-02
3.92513E+03 -1.31068E-02
3.92610E+03 -1.30822E-02
3.92706E+03 -1.29372E-02
3.92802E+03 -1.28563E-02
3.92899E+03 -1.29576E-02
3.92995E+03 -1.30007E-02
3.93092E+03 -1.29905E-02
3.93188E+03 -1.29872E-02
3.93285E+03 -1.29252E-02
3.93381E+03 -1.28643E-02
3.93478E+03 -1.28362E-02
3.93574E+03 -1.28655E-02
3.93670E+03 -1.28462E-02
3.93767E+03 -1.28429E-02
3.93863E+03 -1.28138E-02
3.93960E+03 -1.28133E-02
3.94056E+03 -1.28598E-02
3.94153E+03 -1.28274E-02
3.94249E+03 -1.27493E-02
3.94346E+03 -1.27079E-02
3.94442E+03 -1.26123E-02
3.94538E+03 -1.25816E-02
3.94635E+03 -1.27397E-02
3.94731E+03 -1.27476E-02
3.94828E+03 -1.26796E-02
3.94924E+03 -1.26375E-02
3.95021E+03 -1.26658E-02
3.95117E+03 -1.26735E-02
3.95213E+03 -1.26436E-02
3.95310E+03 -1.26374E-02
3.95406E+03 -1.27020E-02
3.95503E+03 -1.27109E-02
3.95599E+03 -1.26648E-02
3.95696E+03 -1.27147E-02
3.95792E+03 -1.26791E-02
3.95889E+03 -1.26679E-02
3.95985E+03 -1.25897E-02
3.96081E+03 -1.25793E-02
3.96178E+03 -1.26267E-02
3.96274E+03 -1.25969E-02
3.96371E+03 -1.25580E-02
3.96467E+03 -1.25873E-02
3.96564E+03 -1.25769E-02
3.96660E+03 -1.24619E-02
3.96757E+03 -1.24278E-02
3.96853E+03 -1.24325E-02
3.96949E+03 -1.24640E-02
3.97046E+03 -1.24558E-02
3.97142E+03 -1.24290E-02
3.97239E+03 -1.24673E-02
3.97335E+03 -1.25541E-02
3.97432E+03 -1.25707E-02
3.97528E+03 -1.24460E-02
3.97624E+03 -1.24749E-02
3.97721E+03 -1.25162E-02
3.97817E+03 -1.23635E-02
3.97914E+03 -1.23479E-02
3.98010E+03 -1.23999E-02
3.98107E+03 -1.23647E-02
3.98203E+03 -1.22937E-02
3.98300E+03 -1.22028E-02
3.98396E+03 -1.21876E-02
3.98492E+03 -1.21618E-02
3.98589E+03 -1.21912E-02
3.98685E+03 -1.22896E-02
3.98782E+03 -1.22200E-02
3.98878E+03 -1.21493E-02
3.98975E+03 -1.21951E-02
3.99071E+03 -1.22827E-02
3.99168E+03 -1.22612E-02
3.99264E+03 -1.22067E-02
3.99360E+03 -1.21934E-02
3.99457E+03 -1.22193E-02
3.99553E+03 -1.21862E-02
3.99650E+03 -1.20940E-02
3.99746E+03 -1.21980E-02
3.99843E+03 -1.22729E-02
3.99939E+03 -1.22438E-02
4.00035E+03 -1.23131E-02
4.00132E+03 -1.24208E-02
4.00228E+03 -1.23982E-02
4.00325E+03 -1.23371E-02
4.00421E+03 -1.23923E-02
4.00518E+03 -1.24302E-02
4.00614E+03 -1.24442E-02
4.00711E+03 -1.25195E-02
4.00807E+03 -1.25826E-02
4.00903E+03 -1.26070E-02
4.01000E+03 -1.25004E-02
4.01096E+03 -1.24507E-02
4.01193E+03 -1.24438E-02
4.01289E+03 -1.24212E-02
4.01386E+03 -1.24069E-02
4.01482E+03 -1.25147E-02
4.01579E+03 -1.26601E-02
4.01675E+03 -1.26250E-02
4.01771E+03 -1.25894E-02
4.01868E+03 -1.25584E-02
4.01964E+03 -1.25949E-02
4.02061E+03 -1.26431E-02
4.02157E+03 -1.25555E-02
4.02254E+03 -1.24627E-02
4.02350E+03 -1.25029E-02
4.02447E+03 -1.25553E-02
4.02543E+03 -1.26419E-02
4.02639E+03 -1.27473E-02
4.02736E+03 -1.26829E-02
4.02832E+03 -1.27372E-02
4.02929E+03 -1.28202E-02
4.03025E+03 -1.27111E-02
4.03122E+03 -1.27392E-02
4.03218E+03 -1.27726E-02
4.03314E+03 -1.27519E-02
4.03411E+03 -1.27606E-02
4.03507E+03 -1.27994E-02
4.03604E+03 -1.28363E-02
4.03700E+03 -1.28140E-02
4.03797E+03 -1.28088E-02
4.03893E+03 -1.29173E-02
4.03990E+03 -1.29454E-02
4.04086E+03 -1.29055E-02
4.04182E+03 -1.30499E-02
4.04279E+03 -1.31437E-02
4.04375E+03 -1.31982E-02
4.04472E+03 -1.31271E-02
4.04568E+03 -1.30710E-02
4.04665E+03 -1.30857E-02
4.04761E+03 -1.30284E-02
4.04858E+03 -1.31292E-02
4.04954E+03 -1.31604E-02
4.05050E+03 -1.32505E-02
4.05147E+03 -1.33353E-02
4.05243E+03 -1.32506E-02
4.05340E+03 -1.32052E-02
4.05436E+03 -1.32373E-02
4.05533E+03 -1.32649E-02
4.05629E+03 -1.31584E-02
4.05725E+03 -1.31316E-02
4.05822E+03 -1.32782E-02
4.05918E+03 -1.33619E-02
4.06015E+03 -1.32450E-02
4.06111E+03 -1.31763E-02
4.06208E+03 -1.32599E-02
4.06304E+03 -1.32765E-02
4.06401E+03 -1.31348E-02
4.06497E+03 -1.31221E-02
4.06593E+03 -1.32059E-02
4.06690E+03 -1.31626E-02
4.06786E+03 -1.31397E-02
4.06883E+03 -1.31739E-02
4.06979E+03 -1.32970E-02
4.07076E+03 -1.32672E-02
4.07172E+03 -1.32968E-02
4.07269E+03 -1.33110E-02
4.07365E+03 -1.31608E-02
4.07461E+03 -1.31600E-02
4.07558E+03 -1.32231E-02
4.07654E+03 -1.32148E-02
4.07751E+03 -1.31775E-02
4.07847E+03 -1.32286E-02
4.07944E+03 -1.33253E-02
4.08040E+03 -1.33745E-02
4.08136E+03 -1.33603E-02
4.08233E+03 -1.33527E-02
4.08329E+03 -1.33599E-02
4.08426E+03 -1.33915E-02
4.08522E+03 -1.33757E-02
4.08619E+03 -1.33362E-02
4.08715E+03 -1.33796E-02
4.08812E+03 -1.35217E-02
4.08908E+03 -1.35477E-02
4.09004E+03 -1.35130E-02
4.09101E+03 -1.34264E-02
4.09197E+03 -1.32982E-02
4.09294E+03 -1.33643E-02
4.09390E+03 -1.33761E-02
4.09487E+03 -1.33082E-02
4.09583E+03 -1.33036E-02
4.09680E+03 -1.33468E-02
4.09776E+03 -1.33421E-02
4.09872E+03 -1.33197E-02
4.09969E+03 -1.33715E-02
4.10065E+03 -1.33786E-02
4.10162E+03 -1.33963E-02
4.10258E+03 -1.34282E-02
4.10355E+03 -1.34390E-02
4.10451E+03 -1.33995E-02
4.10548E+03 -1.33689E-02
4.10644E+03 -1.34246E-02
4.10740E+03 -1.34007E-02
4.10837E+03 -1.33602E-02
4.10933E+03 -1.33222E-02
4.11030E+03 -1.33241E-02
4.11126E+03 -1.33510E-02
4.11223E+03 -1.32988E-02
4.11319E+03 -1.32884E-02
4.11415E+03 -1.32713E-02
4.11512E+03 -1.32667E-02
4.11608E+03 -1.33370E-02
4.11705E+03 -1.34173E-02
4.11801E+03 -1.34576E-02
4.11898E+03 -1.34682E-02
4.11994E+03 -1.35741E-02
4.12091E+03 -1.36608E-02
4.12187E+03 -1.35955E-02
4.12283E+03 -1.34556E-02
4.12380E+03 -1.33879E-02
4.12476E+03 -1.34474E-02
4.12573E+03 -1.35284E-02
4.12669E+03 -1.35819E-02
4.12766E+03 -1.36328E-02
4.12862E+03 -1.37710E-02
4.12959E+03 -1.36982E-02
4.13055E+03 -1.35594E-02
4.13151E+03 -1.37497E-02
4.13248E+03 -1.38024E-02
4.13344E+03 -1.37519E-02
4.13441E+03 -1.37635E-02
4.13537E+03 -1.37826E-02
4.13634E+03 -1.37802E-02
4.13730E+03 -1.37389E-02
4.13827E+03 -1.38229E-02
4.13923E+03 -1.38614E-02
4.14019E+03 -1.39016E-02
4.14116E+03 -1.39078E-02
4.14212E+03 -1.38490E-02
4.14309E+03 -1.38100E-02
4.14405E+03 -1.38757E-02
4.14502E+03 -1.39728E-02
4.14598E+03 -1.39796E-02
4.14694E+03 -1.39555E-02
4.14791E+03 -1.39214E-02
4.14887E+03 -1.40038E-02
4.14984E+03 -1.40739E-02
4.15080E+03 -1.40508E-02
4.15177E+03 -1.40777E-02
4.15273E+03 -1.41268E-02
4.15370E+03 -1.40876E-02
4.15466E+03 -1.40746E-02
4.15562E+03 -1.40509E-02
4.15659E+03 -1.39699E-02
4.15755E+03 -1.39858E-02
4.15852E+03 -1.40495E-02
4.15948E+03 -1.41652E-02
4.16045E+03 -1.42287E-02
4.16141E+03 -1.42215E-02
4.16238E+03 -1.41939E-02
4.16334E+03 -1.41033E-02
4.16430E+03 -1.41538E-02
4.16527E+03 -1.41768E-02
4.16623E+03 -1.41940E-02
4.16720E+03 -1.42329E-02
4.16816E+03 -1.41827E-02
4.16913E+03 -1.42367E-02
4.17009E+03 -1.42758E-02
4.17105E+03 -1.41994E-02
4.17202E+03 -1.41444E-02
4.17298E+03 -1.42556E-02
4.17395E+03 -1.43526E-02
4.17491E+03 -1.42778E-02
4.17588E+03 -1.41966E-02
4.17684E+03 -1.42195E-02
4.17781E+03 -1.42089E-02
4.17877E+03 -1.42394E-02
4.17973E+03 -1.42807E-02
4.18070E+03 -1.42156E-02
4.18166E+03 -1.41871E-02
4.18263E+03 -1.41881E-02
4.18359E+03 -1.42466E-02
4.18456E+03 -1.43977E-02
4.18552E+03 -1.44098E-02
4.18649E+03 -1.43595E-02
4.18745E+03 -1.43459E-02
4.18841E+03 -1.42012E-02
4.18938E+03 -1.42673E-02
4.19034E+03 -1.44023E-02
4.19131E+03 -1.43487E-02
4.19227E+03 -1.44292E-02
4.19324E+03 -1.45601E-02
4.19420E+03 -1.45164E-02
4.19517E+03 -1.44509E-02
4.19613E+03 -1.44874E-02
4.19709E+03 -1.45611E-02
4.19806E+03 -1.46064E-02
4.19902E+03 -1.45130E-02
4.19999E+03 -1.44305E-02
4.20095E+03 -1.44589E-02
4.20192E+03 -1.44560E-02
4.20288E+03 -1.44924E-02
4.20384E+03 -1.45067E-02
4.20481E+03 -1.44180E-02
4.20577E+03 -1.43404E-02
4.20674E+03 -1.42647E-02
4.20770E+03 -1.43279E-02
4.20867E+03 -1.44782E-02
4.20963E+03 -1.44659E-02
4.21060E+03 -1.44264E-02
4.21156E+03 -1.44266E-02
4.21252E+03 -1.44909E-02
4.21349E+03 -1.44745E-02
4.21445E+03 -1.43566E-02
4.21542E+03 -1.43691E-02
4.21638E+03 -1.44330E-02
4.21735E+03 -1.44749E-02
4.21831E+03 -1.44908E-02
4.21927E+03 -1.45216E-02
4.22024E+03 -1.44266E-02
4.22120E+03 -1.43924E-02
4.22217E+03 -1.45191E-02
4.22313E+03 -1.46275E-02
4.22410E+03 -1.46110E-02
4.22506E+03 -1.45580E-02
4.22603E+03 -1.45235E-02
4.22699E+03 -1.44937E-02
4.22795E+03 -1.44518E-02
4.22892E+03 -1.44542E-02
4.22988E+03 -1.44708E-02
4.23085E+03 -1.44053E-02
4.23181E+03 -1.44688E-02
4.23278E+03 -1.44790E-02
4.23374E+03 -1.44009E-02
4.23471E+03 -1.44835E-02
4.23567E+03 -1.45688E-02
4.23663E+03 -1.44157E-02
4.23760E+03 -1.42897E-02
4.23856E+03 -1.42953E-02
4.23953E+03 -1.43857E-02
4.24049E+03 -1.43670E-02
4.24146E+03 -1.42857E-02
4.24242E+03 -1.43610E-02
4.24339E+03 -1.44024E-02
4.24435E+03 -1.42946E-02
4.24531E+03 -1.42080E-02
4.24628E+03 -1.42856E-02
4.24724E+03 -1.42857E-02
4.24821E+03 -1.41894E-02
4.24917E+03 -1.41338E-02
4.25014E+03 -1.41946E-02
4.25110E+03 -1.42430E-02
4.25206E+03 -1.42343E-02
4.25303E+03 -1.42861E-02
4.25399E+03 -1.42491E-02
4.25496E+03 -1.42134E-02
4.25592E+03 -1.42457E-02
4.25689E+03 -1.42069E-02
4.25785E+03 -1.41158E-02
4.25882E+03 -1.41408E-02
4.25978E+03 -1.41033E-02
4.26074E+03 -1.41644E-02
4.26171E+03 -1.41769E-02
4.26267E+03 -1.40417E-02
4.26364E+03 -1.40501E-02
4.26460E+03 -1.41129E-02
4.26557E+03 -1.41246E-02
4.26653E+03 -1.39593E-02
4.26750E+03 -1.38376E-02
4.26846E+03 -1.39084E-02
4.26942E+03 -1.39915E-02
4.27039E+03 -1.39539E-02
4.27135E+03 -1.38784E-02
4.27232E+03 -1.37840E-02
4.27328E+03 -1.38484E-02
4.27425E+03 -1.39629E-02
4.27521E+03 -1.38830E-02
4.27617E+03 -1.39469E-02
4.27714E+03 -1.41068E-02
4.27810E+03 -1.40659E-02
4.27907E+03 -1.39882E-02
4.28003E+03 -1.38611E-02
4.28100E+03 -1.38065E-02
4.28196E+03 -1.38778E-02
4.28293E+03 -1.39250E-02
4.28389E+03 -1.38880E-02
4.28485E+03 -1.38890E-02
4.28582E+03 -1.39576E-02
4.28678E+03 -1.39722E-02
4.28775E+03 -1.39723E-02
4.28871E+03 -1.40772E-02
4.28968E+03 -1.42426E-02
4.29064E+03 -1.41838E-02
4.29161E+03 -1.41318E-02
4.29257E+03 -1.41959E-02
4.29353E+03 -1.42081E-02
4.29450E+03 -1.41607E-02
4.29546E+03 -1.41665E-02
4.29643E+03 -1.42827E-02
4.29739E+03 -1.43652E-02
4.29836E+03 -1.44927E-02
4.29932E+03 -1.44601E-02
4.30029E+03 -1.42604E-02
4.30125E+03 -1.41979E-02
4.30221E+03 -1.42429E-02
4.30318E+03 -1.42990E-02
4.30414E+03 -1.43648E-02
4.30511E+03 -1.44138E-02
4.30607E+03 -1.44019E-02
4.30704E+03 -1.45091E-02
4.30800E+03 -1.45283E-02
4.30896E+03 -1.44040E-02
4.30993E+03 -1.44775E-02
4.31089E+03 -1.45875E-02
4.31186E+03 -1.45553E-02
4.31282E+03 -1.45828E-02
4.31379E+03 -1.46831E-02
4.31475E+03 -1.45824E-02
4.31572E+03 -1.45606E-02
4.31668E+03 -1.45920E-02
4.31764E+03 -1.44866E-02
4.31861E+03 -1.43706E-02
4.31957E+03 -1.43238E-02
4.32054E+03 -1.44255E-02
4.32150E+03 -1.44215E-02
4.32247E+03 -1.44665E-02
4.32343E+03 -1.45515E-02
4.32440E+03 -1.45308E-02
4.32536E+03 -1.44922E-02
4.32632E+03 -1.44699E-02
4.32729E+03 -1.44376E-02
4.32825E+03 -1.45003E-02
4.32922E+03 -1.44961E-02
4.33018E+03 -1.43583E-02
4.33115E+03 -1.44677E-02
4.33211E+03 -1.46978E-02
4.33307E+03 -1.46559E-02
4.33404E+03 -1.45453E-02
4.33500E+03 -1.46481E-02
4.33597E+03 -1.46372E-02
4.33693E+03 -1.45040E-02
4.33790E+03 -1.45818E-02
4.33886E+03 -1.45996E-02
4.33983E+03 -1.45126E-02
4.34079E+03 -1.44964E-02
4.34175E+03 -1.44656E-02
4.34272E+03 -1.44555E-02
4.34368E+03 -1.43942E-02
4.34465E+03 -1.43942E-02
4.34561E+03 -1.44033E-02
4.34658E+03 -1.43627E-02
4.34754E+03 -1.43179E-02
4.34851E+03 -1.42733E-02
4.34947E+03 -1.42607E-02
4.35043E+03 -1.43036E-02
4.35140E+03 -1.43016E-02
4.35236E+03 -1.42110E-02
4.35333E+03 -1.42885E-02
4.35429E+03 -1.44212E-02
4.35526E+03 -1.42482E-02
4.35622E+03 -1.41706E-02
4.35719E+03 -1.41791E-02
4.35815E+03 -1.41002E-02
4.35911E+03 -1.41552E-02
4.36008E+03 -1.41419E-02
4.36104E+03 -1.39835E-02
4.36201E+03 -1.39647E-02
4.36297E+03 -1.40490E-02
4.36394E+03 -1.39266E-02
4.36490E+03 -1.39597E-02
4.36586E+03 -1.40439E-02
4.36683E+03 -1.38810E-02
4.36779E+03 -1.37888E-02
4.36876E+03 -1.38250E-02
4.36972E+03 -1.38605E-02
4.37069E+03 -1.38851E-02
4.37165E+03 -1.37601E-02
4.37262E+03 -1.35683E-02
4.37358E+03 -1.35022E-02
4.37454E+03 -1.34438E-02
4.37551E+03 -1.33982E-02
4.37647E+03 -1.33298E-02
4.37744E+03 -1.33032E-02
4.37840E+03 -1.32712E-02
4.37937E+03 -1.31493E-02
4.38033E+03 -1.30635E-02
4.38129E+03 -1.30303E-02
4.38226E+03 -1.29654E-02
4.38322E+03 -1.30009E-02
4.38419E+03 -1.29282E-02
4.38515E+03 -1.27093E-02
4.38612E+03 -1.26591E-02
4.38708E+03 -1.25371E-02
4.38805E+03 -1.23915E-02
4.38901E+03 -1.24146E-02
4.38997E+03 -1.24940E-02
4.39094E+03 -1.24882E-02
4.39190E+03 -1.24261E-02
4.39287E+03 -1.22919E-02
4.39383E+03 -1.22114E-02
4.39480E+03 -1.23159E-02
4.39576E+03 -1.23466E-02
4.39673E+03 -1.23937E-02
4.39769E+03 -1.23304E-02
4.39865E+03 -1.22924E-02
4.39962E+03 -1.23706E-02
4.40058E+03 -1.22997E-02
4.40155E+03 -1.22153E-02
4.40251E+03 -1.22580E-02
4.40348E+03 -1.22757E-02
4.40444E+03 -1.22205E-02
4.40541E+03 -1.22568E-02
4.40637E+03 -1.23102E-02
4.40733E+03 -1.22645E-02
4.40830E+03 -1.22090E-02
4.40926E+03 -1.22810E-02
4.41023E+03 -1.24091E-02
4.41119E+03 -1.24422E-02
4.41216E+03 -1.24007E-02
4.41312E+03 -1.24709E-02
4.41408E+03 -1.25474E-02
4.41505E+03 -1.26327E-02
4.41601E+03 -1.27434E-02
4.41698E+03 -1.27104E-02
4.41794E+03 -1.27472E-02
4.41891E+03 -1.28009E-02
4.41987E+03 -1.27383E-02
4.42084E+03 -1.28318E-02
4.42180E+03 -1.30231E-02
4.42276E+03 -1.31162E-02
4.42373E+03 -1.31093E-02
4.42469E+03 -1.31308E-02
4.42566E+03 -1.31676E-02
4.42662E+03 -1.32563E-02
4.42759E+03 -1.32563E-02
4.42855E+03 -1.32222E-02
4.42952E+03 -1.32953E-02
4.43048E+03 -1.33101E-02
4.43144E+03 -1.33148E-02
4.43241E+03 -1.34543E-02
4.43337E+03 -1.35029E-02
4.43434E+03 -1.34454E-02
4.43530E+03 -1.35779E-02
4.43627E+03 -1.36077E-02
4.43723E+03 -1.36984E-02
4.43820E+03 -1.37544E-02
4.43916E+03 -1.37043E-02
4.44012E+03 -1.38848E-02
4.44109E+03 -1.40606E-02
4.44205E+03 -1.41023E-02
4.44302E+03 -1.40752E-02
4.44398E+03 -1.41529E-02
4.44495E+03 -1.42005E-02
4.44591E+03 -1.41488E-02
4.44687E+03 -1.41911E-02
4.44784E+03 -1.41962E-02
4.44880E+03 -1.40847E-02
4.44977E+03 -1.41035E-02
4.45073E+03 -1.42894E-02
4.45170E+03 -1.43204E-02
4.45266E+03 -1.43492E-02
4.45363E+03 -1.44594E-02
4.45459E+03 -1.45265E-02
4.45555E+03 -1.45656E-02
4.45652E+03 -1.45275E-02
4.45748E+03 -1.45304E-02
4.45845E+03 -1.46194E-02
4.45941E+03 -1.47123E-02
4.46038E+03 -1.46752E-02
4.46134E+03 -1.46572E-02
4.46231E+03 -1.47136E-02
4.46327E+03 -1.47954E-02
4.46423E+03 -1.48369E-02
4.46520E+03 -1.47530E-02
4.46616E+03 -1.46053E-02
4.46713E+03 -1.46531E-02
4.46809E+03 -1.47205E-02
4.46906E+03 -1.48193E-02
4.47002E+03 -1.49088E-02
4.47098E+03 -1.47715E-02
4.47195E+03 -1.47213E-02
4.47291E+03 -1.47112E-02
4.47388E+03 -1.48268E-02
4.47484E+03 -1.49398E-02
4.47581E+03 -1.49617E-02
4.47677E+03 -1.49790E-02
4.47774E+03 -1.49690E-02
4.47870E+03 -1.50417E-02
4.47966E+03 -1.51724E-02
4.48063E+03 -1.52576E-02
4.48159E+03 -1.51654E-02
4.48256E+03 -1.48955E-02
4.48352E+03 -1.47871E-02
4.48449E+03 -1.48979E-02
4.48545E+03 -1.49055E-02
4.48642E+03 -1.49570E-02
4.48738E+03 -1.50877E-02
4.48834E+03 -1.50062E-02
4.48931E+03 -1.49958E-02
4.49027E+03 -1.51386E-02
4.49124E+03 -1.52059E-02
4.49220E+03 -1.52307E-02
4.49317E+03 -1.53153E-02
4.49413E+03 -1.53160E-02
4.49510E+03 -1.52446E-02
4.49606E+03 -1.52314E-02
4.49702E+03 -1.50917E-02
4.49799E+03 -1.52126E-02
4.49895E+03 -1.54571E-02
4.49992E+03 -1.53333E-02
4.50088E+03 -1.52391E-02
4.50185E+03 -1.52892E-02
4.50281E+03 -1.52707E-02
4.50377E+03 -1.51987E-02
4.50474E+03 -1.51341E-02
4.50570E+03 -1.51110E-02
4.50667E+03 -1.50762E-02
4.50763E+03 -1.51324E-02
4.50860E+03 -1.52501E-02
4.50956E+03 -1.53789E-02
4.51053E+03 -1.53612E-02
4.51149E+03 -1.52574E-02
4.51245E+03 -1.53096E-02
4.51342E+03 -1.53318E-02
4.51438E+03 -1.51468E-02
4.51535E+03 -1.50460E-02
4.51631E+03 -1.51501E-02
4.51728E+03 -1.52695E-02
4.51824E+03 -1.52081E-02
4.51921E+03 -1.53341E-02
4.52017E+03 -1.55283E-02
4.52113E+03 -1.53001E-02
4.52210E+03 -1.51555E-02
4.52306E+03 -1.53013E-02
4.52403E+03 -1.53067E-02
4.52499E+03 -1.51765E-02
4.52596E+03 -1.52231E-02
4.52692E+03 -1.52601E-02
4.52788E+03 -1.52509E-02
4.52885E+03 -1.53559E-02
4.52981E+03 -1.54190E-02
4.53078E+03 -1.52721E-02
4.53174E+03 -1.51132E-02
4.53271E+03 -1.52486E-02
4.53367E+03 -1.53188E-02
4.53464E+03 -1.51706E-02
4.53560E+03 -1.52354E-02
4.53656E+03 -1.53937E-02
4.53753E+03 -1.54524E-02
4.53849E+03 -1.53631E-02
4.53946E+03 -1.53135E-02
4.54042E+03 -1.53423E-02
4.54139E+03 -1.53612E-02
4.54235E+03 -1.53630E-02
4.54332E+03 -1.53214E-02
4.54428E+03 -1.53534E-02
4.54524E+03 -1.53699E-02
4.54621E+03 -1.52891E-02
4.54717E+03 -1.51015E-02
4.54814E+03 -1.50531E-02
4.54910E+03 -1.49482E-02
4.55007E+03 -1.47493E-02
4.55103E+03 -1.46498E-02
4.55200E+03 -1.45968E-02
4.55296E+03 -1.47262E-02
4.55392E+03 -1.48230E-02
4.55489E+03 -1.48415E-02
4.55585E+03 -1.48280E-02
4.55682E+03 -1.48280E-02
4.55778E+03 -1.48452E-02
4.55875E+03 -1.48883E-02
4.55971E+03 -1.50488E-02
4.56067E+03 -1.51396E-02
4.56164E+03 -1.51667E-02
4.56260E+03 -1.52569E-02
4.56357E+03 -1.53543E-02
4.56453E+03 -1.52926E-02
4.56550E+03 -1.52312E-02
4.56646E+03 -1.52689E-02
4.56743E+03 -1.51582E-02
4.56839E+03 -1.51964E-02
4.56935E+03 -1.52930E-02
4.57032E+03 -1.53311E-02
4.57128E+03 -1.54144E-02
4.57225E+03 -1.53897E-02
4.57321E+03 -1.52596E-02
4.57418E+03 -1.52354E-02
4.57514E+03 -1.52303E-02
4.57610E+03 -1.53423E-02
4.57707E+03 -1.54437E-02
4.57803E+03 -1.53927E-02
4.57900E+03 -1.54303E-02
4.57996E+03 -1.53555E-02
4.58093E+03 -1.53938E-02
4.58189E+03 -1.54187E-02
4.58286E+03 -1.52243E-02
4.58382E+03 -1.50820E-02
4.58478E+03 -1.52198E-02
4.58575E+03 -1.52438E-02
4.58671E+03 -1.51990E-02
4.58768E+03 -1.51052E-02
4.58864E+03 -1.51261E-02
4.58961E+03 -1.52430E-02
4.59057E+03 -1.52717E-02
4.59154E+03 -1.54031E-02
4.59250E+03 -1.54280E-02
4.59346E+03 -1.54146E-02
4.59443E+03 -1.53326E-02
4.59539E+03 -1.51881E-02
4.59636E+03 -1.51461E-02
4.59732E+03 -1.53200E-02
4.59829E+03 -1.55073E-02
4.59925E+03 -1.53715E-02
4.60022E+03 -1.52749E-02
4.60118E+03 -1.52893E-02
4.60214E+03 -1.52976E-02
4.60311E+03 -1.53111E-02
4.60407E+03 -1.52694E-02
4.60504E+03 -1.52928E-02
4.60600E+03 -1.53585E-02
4.60697E+03 -1.53812E-02
4.60793E+03 -1.53609E-02
4.60890E+03 -1.54535E-02
4.60986E+03 -1.54161E-02
4.61082E+03 -1.53425E-02
4.61179E+03 -1.52392E-02
4.61275E+03 -1.52479E-02
4.61372E+03 -1.52975E-02
4.61468E+03 -1.51014E-02
4.61565E+03 -1.51205E-02
4.61661E+03 -1.52992E-02
4.61757E+03 -1.54064E-02
4.61854E+03 -1.53247E-02
4.61950E+03 -1.52473E-02
4.62047E+03 -1.53637E-02
4.62143E+03 -1.52668E-02
4.62240E+03 -1.51331E-02
4.62336E+03 -1.50242E-02
4.62433E+03 -1.50589E-02
4.62529E+03 -1.52334E-02
4.62625E+03 -1.52947E-02
4.62722E+03 -1.53511E-02
4.62818E+03 -1.53069E-02
4.62915E+03 -1.50984E-02
4.63011E+03 -1.50647E-02
4.63108E+03 -1.52339E-02
4.63204E+03 -1.53540E-02
4.63300E+03 -1.53709E-02
4.63397E+03 -1.53847E-02
4.63493E+03 -1.54648E-02
4.63590E+03 -1.54308E-02
4.63686E+03 -1.53725E-02
4.63783E+03 -1.53648E-02
4.63879E+03 -1.53540E-02
4.63976E+03 -1.52325E-02
4.64072E+03 -1.51516E-02
4.64168E+03 -1.51929E-02
4.64265E+03 -1.50557E-02
4.64361E+03 -1.49986E-02
4.64458E+03 -1.50878E-02
4.64554E+03 -1.50226E-02
4.64651E+03 -1.49071E-02
4.64747E+03 -1.49186E-02
4.64844E+03 -1.48903E-02
4.64940E+03 -1.48820E-02
4.65036E+03 -1.50664E-02
4.65133E+03 -1.49875E-02
4.65229E+03 -1.50036E-02
4.65326E+03 -1.51649E-02
4.65422E+03 -1.51242E-02
4.65519E+03 -1.51754E-02
4.65615E+03 -1.51187E-02
4.65712E+03 -1.49773E-02
4.65808E+03 -1.50310E-02
4.65904E+03 -1.48696E-02
4.66001E+03 -1.45198E-02
4.66097E+03 -1.40033E-02
4.66194E+03 -1.37476E-02
4.66290E+03 -1.37802E-02
4.66387E+03 -1.35467E-02
4.66483E+03 -1.32207E-02
4.66579E+03 -1.30191E-02
4.66676E+03 -1.29217E-02
4.66772E+03 -1.28093E-02
4.66869E+03 -1.27396E-02
4.66965E+03 -1.26688E-02
4.67062E+03 -1.26277E-02
4.67158E+03 -1.25100E-02
4.67255E+03 -1.24264E-02
4.67351E+03 -1.23388E-02
4.67447E+03 -1.21428E-02
4.67544E+03 -1.21250E-02
4.67640E+03 -1.20305E-02
4.67737E+03 -1.20553E-02
4.67833E+03 -1.21383E-02
4.67930E+03 -1.21327E-02
4.68026E+03 -1.22141E-02
4.68123E+03 -1.22346E-02
4.68219E+03 -1.22217E-02
4.68315E+03 -1.20984E-02
4.68412E+03 -1.20782E-02
4.68508E+03 -1.21415E-02
4.68605E+03 -1.20998E-02
4.68701E+03 -1.20666E-02
4.68798E+03 -1.21049E-02
4.68894E+03 -1.20476E-02
4.68990E+03 -1.21576E-02
4.69087E+03 -1.22434E-02
4.69183E+03 -1.22273E-02
4.69280E+03 -1.22757E-02
4.69376E+03 -1.23028E-02
4.69473E+03 -1.23078E-02
4.69569E+03 -1.21908E-02
4.69666E+03 -1.21281E-02
4.69762E+03 -1.23063E-02
4.69858E+03 -1.23344E-02
4.69955E+03 -1.21321E-02
4.70051E+03 -1.21434E-02
4.70148E+03 -1.23145E-02
4.70244E+03 -1.23347E-02
4.70341E+03 -1.23711E-02
4.70437E+03 -1.23994E-02
4.70534E+03 -1.22497E-02
4.70630E+03 -1.21888E-02
4.70726E+03 -1.22642E-02
4.70823E+03 -1.25000E-02
4.70919E+03 -1.25661E-02
4.71016E+03 -1.25450E-02
4.71112E+03 -1.26755E-02
4.71209E+03 -1.27968E-02
4.71305E+03 -1.28510E-02
4.71402E+03 -1.28899E-02
4.71498E+03 -1.28988E-02
4.71594E+03 -1.28516E-02
4.71691E+03 -1.31143E-02
4.71787E+03 -1.33354E-02
4.71884E+03 -1.32963E-02
4.71980E+03 -1.33512E-02
4.72077E+03 -1.34192E-02
4.72173E+03 -1.34405E-02
4.72269E+03 -1.35072E-02
4.72366E+03 -1.34398E-02
4.72462E+03 -1.31654E-02
4.72559E+03 -1.31597E-02
4.72655E+03 -1.33386E-02
4.72752E+03 -1.33824E-02
4.72848E+03 -1.34770E-02
4.72945E+03 -1.35213E-02
4.73041E+03 -1.36129E-02
4.73137E+03 -1.34334E-02
4.73234E+03 -1.33158E-02
4.73330E+03 -1.35131E-02
4.73427E+03 -1.36246E-02
4.73523E+03 -1.35991E-02
4.73620E+03 -1.34527E-02
4.73716E+03 -1.34337E-02
4.73813E+03 -1.34195E-02
4.73909E+03 -1.34216E-02
4.74005E+03 -1.34978E-02
4.74102E+03 -1.36284E-02
4.74198E+03 -1.37410E-02
4.74295E+03 -1.37575E-02
4.74391E+03 -1.37711E-02
4.74488E+03 -1.38041E-02
4.74584E+03 -1.36084E-02
4.74680E+03 -1.36705E-02
4.74777E+03 -1.37867E-02
4.74873E+03 -1.36258E-02
4.74970E+03 -1.35517E-02
4.75066E+03 -1.35978E-02
4.75163E+03 -1.36962E-02
4.75259E+03 -1.39380E-02
4.75356E+03 -1.39597E-02
4.75452E+03 -1.37392E-02
4.75548E+03 -1.38429E-02
4.75645E+03 -1.40142E-02
4.75741E+03 -1.39383E-02
4.75838E+03 -1.41006E-02
4.75934E+03 -1.41811E-02
4.76031E+03 -1.39773E-02
4.76127E+03 -1.40534E-02
4.76224E+03 -1.40289E-02
4.76320E+03 -1.41411E-02
4.76416E+03 -1.43141E-02
4.76513E+03 -1.41301E-02
4.76609E+03 -1.39098E-02
4.76706E+03 -1.38394E-02
4.76802E+03 -1.41403E-02
4.76899E+03 -1.42468E-02
4.76995E+03 -1.41583E-02
4.77092E+03 -1.43778E-02
4.77188E+03 -1.43812E-02
4.77284E+03 -1.42203E-02
4.77381E+03 -1.41303E-02
4.77477E+03 -1.41739E-02
4.77574E+03 -1.41816E-02
4.77670E+03 -1.41591E-02
4.77767E+03 -1.41270E-02
4.77863E+03 -1.41999E-02
4.77959E+03 -1.43319E-02
4.78056E+03 -1.41201E-02
4.78152E+03 -1.39882E-02
4.78249E+03 -1.41810E-02
4.78345E+03 -1.44146E-02
4.78442E+03 -1.43313E-02
4.78538E+03 -1.40239E-02
4.78635E+03 -1.41058E-02
4.78731E+03 -1.41291E-02
4.78827E+03 -1.38934E-02
4.78924E+03 -1.38759E-02
4.79020E+03 -1.40000E-02
4.79117E+03 -1.41156E-02
4.79213E+03 -1.40711E-02
4.79310E+03 -1.40744E-02
4.79406E+03 -1.42614E-02
4.79503E+03 -1.42910E-02
4.79599E+03 -1.40107E-02
4.79695E+03 -1.39997E-02
4.79792E+03 -1.42476E-02
4.79888E+03 -1.41840E-02
4.79985E+03 -1.41698E-02
4.80081E+03 -1.41483E-02
4.80178E+03 -1.41098E-02
4.80274E+03 -1.41479E-02
4.80371E+03 -1.42356E-02
4.80467E+03 -1.42676E-02
4.80563E+03 -1.42872E-02
4.80660E+03 -1.44618E-02
4.80756E+03 -1.43960E-02
4.80853E+03 -1.42054E-02
4.80949E+03 -1.40716E-02
4.81046E+03 -1.42176E-02
4.81142E+03 -1.41503E-02
4.81238E+03 -1.40463E-02
4.81335E+03 -1.41845E-02
4.81431E+03 -1.43260E-02
4.81528E+03 -1.43613E-02
4.81624E+03 -1.41802E-02
4.81721E+03 -1.40917E-02
4.81817E+03 -1.41790E-02
4.81914E+03 -1.42594E-02
4.82010E+03 -1.43135E-02
4.82106E+03 -1.44573E-02
4.82203E+03 -1.44042E-02
4.82299E+03 -1.43467E-02
4.82396E+03 -1.42424E-02
4.82492E+03 -1.40598E-02
4.82589E+03 -1.40729E-02
4.82685E+03 -1.40887E-02
4.82781E+03 -1.41622E-02
4.82878E+03 -1.41615E-02
4.82974E+03 -1.40727E-02
4.83071E+03 -1.39522E-02
4.83167E+03 -1.38921E-02
4.83264E+03 -1.39642E-02
4.83360E+03 -1.40367E-02
4.83457E+03 -1.40663E-02
4.83553E+03 -1.41140E-02
4.83649E+03 -1.43312E-02
4.83746E+03 -1.44789E-02
4.83842E+03 -1.43343E-02
4.83939E+03 -1.42140E-02
4.84035E+03 -1.42988E-02
4.84132E+03 -1.44169E-02
4.84228E+03 -1.44004E-02
4.84325E+03 -1.43774E-02
4.84421E+03 -1.43621E-02
4.84517E+03 -1.40923E-02
4.84614E+03 -1.39440E-02
4.84710E+03 -1.42400E-02
4.84807E+03 -1.42619E-02
4.84903E+03 -1.40118E-02
4.85000E+03 -1.39795E-02
4.85096E+03 -1.41598E-02
4.85193E+03 -1.42069E-02
4.85289E+03 -1.41408E-02
4.85385E+03 -1.41978E-02
4.85482E+03 -1.42322E-02
4.85578E+03 -1.42108E-02
4.85675E+03 -1.43083E-02
4.85771E+03 -1.44105E-02
4.85868E+03 -1.43334E-02
4.85964E+03 -1.43236E-02
4.86060E+03 -1.42763E-02
4.86157E+03 -1.41821E-02
4.86253E+03 -1.42002E-02
4.86350E+03 -1.42527E-02
4.86446E+03 -1.40422E-02
4.86543E+03 -1.39793E-02
4.86639E+03 -1.42921E-02
4.86736E+03 -1.42357E-02
4.86832E+03 -1.43762E-02
4.86928E+03 -1.47382E-02
4.87025E+03 -1.46550E-02
4.87121E+03 -1.44484E-02
4.87218E+03 -1.42353E-02
4.87314E+03 -1.41968E-02
4.87411E+03 -1.43157E-02
4.87507E+03 -1.43083E-02
4.87604E+03 -1.40881E-02
4.87700E+03 -1.42067E-02
4.87796E+03 -1.43996E-02
4.87893E+03 -1.43903E-02
4.87989E+03 -1.43772E-02
4.88086E+03 -1.44380E-02
4.88182E+03 -1.44613E-02
4.88279E+03 -1.43305E-02
4.88375E+03 -1.44752E-02
4.88471E+03 -1.45015E-02
4.88568E+03 -1.41417E-02
4.88664E+03 -1.41834E-02
4.88761E+03 -1.43564E-02
4.88857E+03 -1.43061E-02
4.88954E+03 -1.42952E-02
4.89050E+03 -1.41999E-02
4.89147E+03 -1.42410E-02
4.89243E+03 -1.43529E-02
4.89339E+03 -1.44349E-02
4.89436E+03 -1.44201E-02
4.89532E+03 -1.44312E-02
4.89629E+03 -1.44885E-02
4.89725E+03 -1.44529E-02
4.89822E+03 -1.44144E-02
4.89918E+03 -1.44667E-02
4.90015E+03 -1.44769E-02
4.90111E+03 -1.44407E-02
4.90207E+03 -1.43094E-02
4.90304E+03 -1.41481E-02
4.90400E+03 -1.41884E-02
4.90497E+03 -1.41684E-02
4.90593E+03 -1.41967E-02
4.90690E+03 -1.42574E-02
4.90786E+03 -1.42636E-02
4.90883E+03 -1.43971E-02
4.90979E+03 -1.44448E-02
4.91075E+03 -1.42895E-02
4.91172E+03 -1.43121E-02
4.91268E+03 -1.43855E-02
4.91365E+03 -1.46085E-02
4.91461E+03 -1.47325E-02
4.91558E+03 -1.43350E-02
4.91654E+03 -1.44189E-02
4.91750E+03 -1.47213E-02
4.91847E+03 -1.44968E-02
4.91943E+03 -1.43938E-02
4.92040E+03 -1.44389E-02
4.92136E+03 -1.44366E-02
4.92233E+03 -1.43528E-02
4.92329E+03 -1.43063E-02
4.92426E+03 -1.42416E-02
4.92522E+03 -1.43668E-02
4.92618E+03 -1.47409E-02
4.92715E+03 -1.46678E-02
4.92811E+03 -1.44734E-02
4.92908E+03 -1.44261E-02
4.93004E+03 -1.44287E-02
4.93101E+03 -1.43953E-02
4.93197E+03 -1.42221E-02
4.93294E+03 -1.42265E-02
4.93390E+03 -1.44359E-02
4.93486E+03 -1.44638E-02
4.93583E+03 -1.44540E-02
4.93679E+03 -1.45459E-02
4.93776E+03 -1.44278E-02
4.93872E+03 -1.42179E-02
4.93969E+03 -1.43239E-02
4.94065E+03 -1.44492E-02
4.94161E+03 -1.43618E-02
4.94258E+03 -1.42481E-02
4.94354E+03 -1.42048E-02
4.94451E+03 -1.43873E-02
4.94547E+03 -1.43344E-02
4.94644E+03 -1.43410E-02
4.94740E+03 -1.45298E-02
4.94837E+03 -1.43716E-02
4.94933E+03 -1.42596E-02
4.95029E+03 -1.42331E-02
4.95126E+03 -1.41200E-02
4.95222E+03 -1.41642E-02
4.95319E+03 -1.40790E-02
4.95415E+03 -1.40714E-02
4.95512E+03 -1.42565E-02
4.95608E+03 -1.43141E-02
4.95705E+03 -1.42280E-02
4.95801E+03 -1.42867E-02
4.95897E+03 -1.42903E-02
4.95994E+03 -1.42315E-02
4.96090E+03 -1.44046E-02
4.96187E+03 -1.44066E-02
4.96283E+03 -1.45328E-02
4.96380E+03 -1.45415E-02
4.96476E+03 -1.44956E-02
4.96573E+03 -1.44823E-02
4.96669E+03 -1.41515E-02
4.96765E+03 -1.41542E-02
4.96862E+03 -1.44080E-02
4.96958E+03 -1.43225E-02
4.97055E+03 -1.42644E-02
4.97151E+03 -1.41990E-02
4.97248E+03 -1.42688E-02
4.97344E+03 -1.44822E-02
4.97440E+03 -1.45961E-02
4.97537E+03 -1.47999E-02
4.97633E+03 -1.47008E-02
4.97730E+03 -1.43568E-02
4.97826E+03 -1.42769E-02
4.97923E+03 -1.44915E-02
4.98019E+03 -1.44835E-02
4.98116E+03 -1.44520E-02
4.98212E+03 -1.44980E-02
4.98308E+03 -1.43083E-02
4.98405E+03 -1.42726E-02
4.98501E+03 -1.42779E-02
4.98598E+03 -1.42738E-02
4.98694E+03 -1.44106E-02
4.98791E+03 -1.45478E-02
4.98887E+03 -1.45799E-02
4.98983E+03 -1.43833E-02
4.99080E+03 -1.42605E-02
4.99176E+03 -1.41781E-02
4.99273E+03 -1.43608E-02
4.99369E+03 -1.45566E-02
4.99466E+03 -1.42958E-02
4.99562E+03 -1.40377E-02
4.99659E+03 -1.41881E-02
4.99755E+03 -1.43132E-02
4.99851E+03 -1.42615E-02
4.99948E+03 -1.44620E-02
5.00044E+03 -1.41832E-02
5.00141E+03 -1.39784E-02
5.00237E+03 -1.40724E-02
5.00334E+03 -1.40643E-02
5.00430E+03 -1.44546E-02
5.00527E+03 -1.45654E-02
5.00623E+03 -1.45045E-02
5.00719E+03 -1.47056E-02
5.00816E+03 -1.45930E-02
5.00912E+03 -1.43464E-02
5.01009E+03 -1.43127E-02
5.01105E+03 -1.43886E-02
5.01202E+03 -1.42440E-02
5.01298E+03 -1.41248E-02
5.01395E+03 -1.43815E-02
5.01491E+03 -1.44181E-02
5.01587E+03 -1.39112E-02
5.01684E+03 -1.36308E-02
5.01780E+03 -1.40948E-02
5.01877E+03 -1.43834E-02
5.01973E+03 -1.44482E-02
5.02070E+03 -1.42624E-02
5.02166E+03 -1.40496E-02
5.02262E+03 -1.40381E-02
5.02359E+03 -1.39471E-02
5.02455E+03 -1.41260E-02
5.02552E+03 -1.43815E-02
5.02648E+03 -1.43666E-02
5.02745E+03 -1.40763E-02
5.02841E+03 -1.41630E-02
5.02938E+03 -1.44002E-02
5.03034E+03 -1.42092E-02
5.03130E+03 -1.43409E-02
5.03227E+03 -1.45799E-02
5.03323E+03 -1.43011E-02
5.03420E+03 -1.40770E-02
5.03516E+03 -1.40258E-02
5.03613E+03 -1.40018E-02
5.03709E+03 -1.41485E-02
5.03806E+03 -1.41563E-02
5.03902E+03 -1.40552E-02
5.03998E+03 -1.39979E-02
5.04095E+03 -1.41562E-02
5.04191E+03 -1.42416E-02
5.04288E+03 -1.41190E-02
5.04384E+03 -1.41455E-02
5.04481E+03 -1.40517E-02
5.04577E+03 -1.40922E-02
5.04674E+03 -1.41036E-02
5.04770E+03 -1.40497E-02
5.04866E+03 -1.44795E-02
5.04963E+03 -1.46169E-02
5.05059E+03 -1.41366E-02
5.05156E+03 -1.40303E-02
5.05252E+03 -1.41104E-02
5.05349E+03 -1.40533E-02
5.05445E+03 -1.41609E-02
5.05541E+03 -1.41367E-02
5.05638E+03 -1.42923E-02
5.05734E+03 -1.45869E-02
5.05831E+03 -1.42637E-02
5.05927E+03 -1.39191E-02
5.06024E+03 -1.41489E-02
5.06120E+03 -1.43509E-02
5.06217E+03 -1.44143E-02
5.06313E+03 -1.42754E-02
5.06409E+03 -1.40708E-02
5.06506E+03 -1.40963E-02
5.06602E+03 -1.40055E-02
5.06699E+03 -1.41031E-02
5.06795E+03 -1.43776E-02
5.06892E+03 -1.41123E-02
5.06988E+03 -1.37575E-02
5.07085E+03 -1.38614E-02
5.07181E+03 -1.39808E-02
5.07277E+03 -1.40205E-02
5.07374E+03 -1.39211E-02
5.07470E+03 -1.41388E-02
5.07567E+03 -1.43420E-02
5.07663E+03 -1.41194E-02
5.07760E+03 -1.39006E-02
5.07856E+03 -1.37378E-02
5.07952E+03 -1.36800E-02
5.08049E+03 -1.37601E-02
5.08145E+03 -1.38919E-02
5.08242E+03 -1.41340E-02
5.08338E+03 -1.43577E-02
5.08435E+03 -1.42610E-02
5.08531E+03 -1.41391E-02
5.08628E+03 -1.40331E-02
5.08724E+03 -1.41221E-02
5.08820E+03 -1.41393E-02
5.08917E+03 -1.41813E-02
5.09013E+03 -1.45792E-02
5.09110E+03 -1.46408E-02
5.09206E+03 -1.44318E-02
5.09303E+03 -1.45907E-02
5.09399E+03 -1.46624E-02
5.09496E+03 -1.44040E-02
5.09592E+03 -1.43080E-02
5.09688E+03 -1.44609E-02
5.09785E+03 -1.44720E-02
5.09881E+03 -1.41741E-02
5.09978E+03 -1.41224E-02
5.10074E+03 -1.41166E-02
5.10171E+03 -1.40291E-02
5.10267E+03 -1.39956E-02
5.10364E+03 -1.39180E-02
5.10460E+03 -1.37740E-02
5.10556E+03 -1.38585E-02
5.10653E+03 -1.42341E-02
5.10749E+03 -1.43042E-02
5.10846E+03 -1.42967E-02
5.10942E+03 -1.44468E-02
5.11039E+03 -1.44339E-02
5.11135E+03 -1.42873E-02
5.11231E+03 -1.42048E-02
5.11328E+03 -1.43782E-02
5.11424E+03 -1.43017E-02
5.11521E+03 -1.41217E-02
5.11617E+03 -1.41009E-02
5.11714E+03 -1.39401E-02
5.11810E+03 -1.39266E-02
5.11907E+03 -1.40419E-02
5.12003E+03 -1.39260E-02
5.12099E+03 -1.38992E-02
5.12196E+03 -1.39626E-02
5.12292E+03 -1.40213E-02
5.12389E+03 -1.44022E-02
5.12485E+03 -1.47848E-02
5.12582E+03 -1.49032E-02
5.12678E+03 -1.47619E-02
5.12775E+03 -1.46207E-02
5.12871E+03 -1.45989E-02
5.12967E+03 -1.44546E-02
5.13064E+03 -1.46677E-02
5.13160E+03 -1.48401E-02
5.13257E+03 -1.47283E-02
5.13353E+03 -1.50005E-02
5.13450E+03 -1.48828E-02
5.13546E+03 -1.45121E-02
5.13642E+03 -1.44325E-02
5.13739E+03 -1.45777E-02
5.13835E+03 -1.46212E-02
5.13932E+03 -1.47778E-02
5.14028E+03 -1.51682E-02
5.14125E+03 -1.52757E-02
5.14221E+03 -1.52951E-02
5.14318E+03 -1.53593E-02
5.14414E+03 -1.52495E-02
5.14510E+03 -1.54274E-02
5.14607E+03 -1.53183E-02
5.14703E+03 -1.50872E-02
5.14800E+03 -1.53310E-02
5.14896E+03 -1.51964E-02
5.14993E+03 -1.48821E-02
5.15089E+03 -1.47227E-02
5.15186E+03 -1.48019E-02
5.15282E+03 -1.52747E-02
5.15378E+03 -1.54332E-02
5.15475E+03 -1.53297E-02
5.15571E+03 -1.55071E-02
5.15668E+03 -1.52406E-02
5.15764E+03 -1.51485E-02
5.15861E+03 -1.51764E-02
5.15957E+03 -1.52121E-02
5.16054E+03 -1.53346E-02
5.16150E+03 -1.53315E-02
5.16246E+03 -1.54529E-02
5.16343E+03 -1.52532E-02
5.16439E+03 -1.49633E-02
5.16536E+03 -1.49024E-02
5.16632E+03 -1.48731E-02
5.16729E+03 -1.52191E-02
5.16825E+03 -1.53471E-02
5.16921E+03 -1.52804E-02
5.17018E+03 -1.55644E-02
5.17114E+03 -1.53903E-02
5.17211E+03 -1.53092E-02
5.17307E+03 -1.55022E-02
5.17404E+03 -1.56109E-02
5.17500E+03 -1.53892E-02
5.17597E+03 -1.52696E-02
5.17693E+03 -1.54884E-02
5.17789E+03 -1.54330E-02
5.17886E+03 -1.54686E-02
5.17982E+03 -1.54976E-02
5.18079E+03 -1.54639E-02
5.18175E+03 -1.54474E-02
5.18272E+03 -1.55557E-02
5.18368E+03 -1.57442E-02
5.18465E+03 -1.57501E-02
5.18561E+03 -1.55481E-02
5.18657E+03 -1.56630E-02
5.18754E+03 -1.58544E-02
5.18850E+03 -1.55831E-02
5.18947E+03 -1.52858E-02
5.19043E+03 -1.52526E-02
5.19140E+03 -1.55958E-02
5.19236E+03 -1.56876E-02
5.19332E+03 -1.55362E-02
5.19429E+03 -1.57158E-02
5.19525E+03 -1.60506E-02
5.19622E+03 -1.60870E-02
5.19718E+03 -1.59871E-02
5.19815E+03 -1.59939E-02
5.19911E+03 -1.60168E-02
5.20008E+03 -1.61670E-02
5.20104E+03 -1.62134E-02
5.20200E+03 -1.60993E-02
5.20297E+03 -1.60307E-02
5.20393E+03 -1.58439E-02
5.20490E+03 -1.56004E-02
5.20586E+03 -1.54957E-02
5.20683E+03 -1.58235E-02
5.20779E+03 -1.60795E-02
5.20876E+03 -1.61776E-02
5.20972E+03 -1.58770E-02
5.21068E+03 -1.57223E-02
5.21165E+03 -1.61839E-02
5.21261E+03 -1.61733E-02
5.21358E+03 -1.60466E-02
5.21454E+03 -1.62266E-02
5.21551E+03 -1.60703E-02
5.21647E+03 -1.58948E-02
5.21744E+03 -1.60559E-02
5.21840E+03 -1.60457E-02
5.21936E+03 -1.59966E-02
5.22033E+03 -1.60926E-02
5.22129E+03 -1.61591E-02
5.22226E+03 -1.61902E-02
5.22322E+03 -1.62059E-02
5.22419E+03 -1.60610E-02
5.22515E+03 -1.62604E-02
5.22611E+03 -1.66091E-02
5.22708E+03 -1.67977E-02
5.22804E+03 -1.67281E-02
5.22901E+03 -1.66107E-02
5.22997E+03 -1.64729E-02
5.23094E+03 -1.62028E-02
5.23190E+03 -1.60762E-02
5.23287E+03 -1.61374E-02
5.23383E+03 -1.63679E-02
5.23479E+03 -1.64867E-02
5.23576E+03 -1.65733E-02
5.23672E+03 -1.63757E-02
5.23769E+03 -1.64439E-02
5.23865E+03 -1.66236E-02
5.23962E+03 -1.65245E-02
5.24058E+03 -1.63413E-02
5.24154E+03 -1.61609E-02
5.24251E+03 -1.61972E-02
5.24347E+03 -1.62911E-02
5.24444E+03 -1.65883E-02
5.24540E+03 -1.67446E-02
5.24637E+03 -1.67180E-02
5.24733E+03 -1.67198E-02
5.24830E+03 -1.67821E-02
5.24926E+03 -1.67974E-02
5.25022E+03 -1.66485E-02
5.25119E+03 -1.67386E-02
5.25215E+03 -1.69621E-02
5.25312E+03 -1.68478E-02
5.25408E+03 -1.65677E-02
5.25505E+03 -1.66648E-02
5.25601E+03 -1.67578E-02
5.25698E+03 -1.66261E-02
5.25794E+03 -1.68052E-02
5.25890E+03 -1.69134E-02
5.25987E+03 -1.67654E-02
5.26083E+03 -1.67314E-02
5.26180E+03 -1.68367E-02
5.26276E+03 -1.68875E-02
5.26373E+03 -1.67529E-02
5.26469E+03 -1.67327E-02
5.26566E+03 -1.69406E-02
5.26662E+03 -1.71122E-02
5.26758E+03 -1.72244E-02
5.26855E+03 -1.69377E-02
5.26951E+03 -1.69109E-02
5.27048E+03 -1.69329E-02
5.27144E+03 -1.68823E-02
5.27241E+03 -1.69428E-02
5.27337E+03 -1.67738E-02
5.27433E+03 -1.69643E-02
5.27530E+03 -1.72533E-02
5.27626E+03 -1.72109E-02
5.27723E+03 -1.71600E-02
5.27819E+03 -1.70995E-02
5.27916E+03 -1.71989E-02
5.28012E+03 -1.72933E-02
5.28109E+03 -1.72361E-02
5.28205E+03 -1.72695E-02
5.28301E+03 -1.75275E-02
5.28398E+03 -1.75954E-02
5.28494E+03 -1.72214E-02
5.28591E+03 -1.71243E-02
5.28687E+03 -1.73307E-02
5.28784E+03 -1.73058E-02
5.28880E+03 -1.74678E-02
5.28977E+03 -1.75048E-02
5.29073E+03 -1.69569E-02
5.29169E+03 -1.70042E-02
5.29266E+03 -1.71237E-02
5.29362E+03 -1.71562E-02
5.29459E+03 -1.71829E-02
5.29555E+03 -1.71437E-02
5.29652E+03 -1.73432E-02
5.29748E+03 -1.73527E-02
5.29844E+03 -1.75399E-02
5.29941E+03 -1.74052E-02
5.30037E+03 -1.74703E-02
5.30134E+03 -1.77106E-02
5.30230E+03 -1.73748E-02
5.30327E+03 -1.72626E-02
5.30423E+03 -1.73213E-02
5.30520E+03 -1.76352E-02
5.30616E+03 -1.78467E-02
5.30712E+03 -1.74746E-02
5.30809E+03 -1.74457E-02
5.30905E+03 -1.75558E-02
5.31002E+03 -1.73807E-02
5.31098E+03 -1.75799E-02
5.31195E+03 -1.75775E-02
5.31291E+03 -1.75232E-02
5.31388E+03 -1.75527E-02
5.31484E+03 -1.74128E-02
5.31580E+03 -1.78148E-02
5.31677E+03 -1.78174E-02
5.31773E+03 -1.75045E-02
5.31870E+03 -1.76450E-02
5.31966E+03 -1.77079E-02
5.32063E+03 -1.77758E-02
5.32159E+03 -1.78481E-02
5.32256E+03 -1.76141E-02
5.32352E+03 -1.72418E-02
5.32448E+03 -1.74068E-02
5.32545E+03 -1.78889E-02
5.32641E+03 -1.77521E-02
5.32738E+03 -1.77367E-02
5.32834E+03 -1.78060E-02
5.32931E+03 -1.74437E-02
5.33027E+03 -1.75544E-02
5.33123E+03 -1.78277E-02
5.33220E+03 -1.76579E-02
5.33316E+03 -1.73015E-02
5.33413E+03 -1.74766E-02
5.33509E+03 -1.76386E-02
5.33606E+03 -1.75066E-02
5.33702E+03 -1.77159E-02
5.33799E+03 -1.77060E-02
5.33895E+03 -1.78137E-02
5.33991E+03 -1.80909E-02
5.34088E+03 -1.79972E-02
5.34184E+03 -1.78998E-02
5.34281E+03 -1.78161E-02
5.34377E+03 -1.78495E-02
5.34474E+03 -1.79557E-02
5.34570E+03 -1.77629E-02
5.34667E+03 -1.76753E-02
5.34763E+03 -1.79469E-02
5.34859E+03 -1.79248E-02
5.34956E+03 -1.76656E-02
5.35052E+03 -1.77996E-02
5.35149E+03 -1.83735E-02
5.35245E+03 -1.80787E-02
5.35342E+03 -1.75927E-02
5.35438E+03 -1.79235E-02
5.35534E+03 -1.77946E-02
5.35631E+03 -1.77694E-02
5.35727E+03 -1.80151E-02
5.35824E+03 -1.77527E-02
5.35920E+03 -1.77524E-02
5.36017E+03 -1.79440E-02
5.36113E+03 -1.79592E-02
5.36210E+03 -1.79536E-02
5.36306E+03 -1.77682E-02
5.36402E+03 -1.77330E-02
5.36499E+03 -1.80487E-02
5.36595E+03 -1.84966E-02
5.36692E+03 -1.84197E-02
5.36788E+03 -1.82262E-02
5.36885E+03 -1.83726E-02
5.36981E+03 -1.82719E-02
5.37078E+03 -1.78856E-02
5.37174E+03 -1.74458E-02
5.37270E+03 -1.75039E-02
5.37367E+03 -1.80927E-02
5.37463E+03 -1.85296E-02
5.37560E+03 -1.85528E-02
5.37656E+03 -1.82689E-02
5.37753E+03 -1.83845E-02
5.37849E+03 -1.85682E-02
5.37946E+03 -1.83468E-02
5.38042E+03 -1.82450E-02
5.38138E+03 -1.79641E-02
5.38235E+03 -1.78090E-02
5.38331E+03 -1.81489E-02
5.38428E+03 -1.82120E-02
5.38524E+03 -1.79789E-02
5.38621E+03 -1.79977E-02
5.38717E+03 -1.83939E-02
5.38813E+03 -1.86458E-02
5.38910E+03 -1.85596E-02
5.39006E+03 -1.86257E-02
5.39103E+03 -1.83926E-02
5.39199E+03 -1.82084E-02
5.39296E+03 -1.81420E-02
5.39392E+03 -1.83888E-02
5.39489E+03 -1.85636E-02
5.39585E+03 -1.82066E-02
5.39681E+03 -1.82324E-02
5.39778E+03 -1.85441E-02
5.39874E+03 -1.84120E-02
5.39971E+03 -1.83177E-02
5.40067E+03 -1.83963E-02
5.40164E+03 -1.83193E-02
5.40260E+03 -1.83685E-02
5.40357E+03 -1.85323E-02
5.40453E+03 -1.85645E-02
5.40549E+03 -1.84852E-02
5.40646E+03 -1.83105E-02
5.40742E+03 -1.82591E-02
5.40839E+03 -1.87107E-02
5.40935E+03 -1.87894E-02
5.41032E+03 -1.85713E-02
5.41128E+03 -1.85083E-02
5.41225E+03 -1.80014E-02
5.41321E+03 -1.80285E-02
5.41417E+03 -1.81521E-02
5.41514E+03 -1.79578E-02
5.41610E+03 -1.84444E-02
5.41707E+03 -1.84367E-02
5.41803E+03 -1.80995E-02
5.41900E+03 -1.77853E-02
5.41996E+03 -1.78224E-02
5.42092E+03 -1.83049E-02
5.42189E+03 -1.83521E-02
5.42285E+03 -1.82569E-02
5.42382E+03 -1.82651E-02
5.42478E+03 -1.83650E-02
5.42575E+03 -1.83847E-02
5.42671E+03 -1.81689E-02
5.42768E+03 -1.80006E-02
5.42864E+03 -1.79826E-02
5.42960E+03 -1.81948E-02
5.43057E+03 -1.81298E-02
5.43153E+03 -1.81708E-02
5.43250E+03 -1.85594E-02
5.43346E+03 -1.86138E-02
5.43443E+03 -1.84669E-02
5.43539E+03 -1.83672E-02
5.43635E+03 -1.82551E-02
5.43732E+03 -1.83936E-02
5.43828E+03 -1.85473E-02
5.43925E+03 -1.83425E-02
5.44021E+03 -1.84942E-02
5.44118E+03 -1.88892E-02
5.44214E+03 -1.86271E-02
5.44311E+03 -1.84627E-02
5.44407E+03 -1.87464E-02
5.44503E+03 -1.86535E-02
5.44600E+03 -1.83690E-02
5.44696E+03 -1.82493E-02
5.44793E+03 -1.78648E-02
5.44889E+03 -1.78959E-02
5.44986E+03 -1.82698E-02
5.45082E+03 -1.85769E-02
5.45179E+03 -1.86546E-02
5.45275E+03 -1.81435E-02
5.45371E+03 -1.82199E-02
5.45468E+03 -1.81891E-02
5.45564E+03 -1.82395E-02
5.45661E+03 -1.86919E-02
5.45757E+03 -1.87139E-02
5.45854E+03 -1.88375E-02
5.45950E+03 -1.88551E-02
5.46047E+03 -1.86945E-02
5.46143E+03 -1.85861E-02
5.46239E+03 -1.83089E-02
5.46336E+03 -1.82607E-02
5.46432E+03 -1.86236E-02
5.46529E+03 -1.85573E-02
5.46625E+03 -1.81764E-02
5.46722E+03 -1.84076E-02
5.46818E+03 -1.84963E-02
5.46915E+03 -1.83230E-02
5.47011E+03 -1.87756E-02
5.47107E+03 -1.89475E-02
5.47204E+03 -1.86455E-02
5.47300E+03 -1.85657E-02
5.47397E+03 -1.85251E-02
5.47493E+03 -1.87917E-02
5.47590E+03 -1.85294E-02
5.47686E+03 -1.83530E-02
5.47782E+03 -1.89092E-02
5.47879E+03 -1.88003E-02
5.47975E+03 -1.87103E-02
5.48072E+03 -1.88075E-02
5.48168E+03 -1.86797E-02
5.48265E+03 -1.83720E-02
5.48361E+03 -1.83325E-02
5.48458E+03 -1.85110E-02
5.48554E+03 -1.86255E-02
5.48650E+03 -1.87525E-02
5.48747E+03 -1.85453E-02
5.48843E+03 -1.84874E-02
5.48940E+03 -1.84166E-02
5.49036E+03 -1.82205E-02
5.49133E+03 -1.84089E-02
5.49229E+03 -1.87986E-02
5.49325E+03 -1.85495E-02
5.49422E+03 -1.82901E-02
5.49518E+03 -1.84795E-02
5.49615E+03 -1.85636E-02
5.49711E+03 -1.84884E-02
5.49808E+03 -1.82869E-02
5.49904E+03 -1.84736E-02
5.50001E+03 -1.86647E-02
5.50097E+03 -1.82468E-02
5.50193E+03 -1.80316E-02
5.50290E+03 -1.81732E-02
5.50386E+03 -1.85443E-02
5.50483E+03 -1.88323E-02
5.50579E+03 -1.85179E-02
5.50676E+03 -1.82517E-02
5.50772E+03 -1.82304E-02
5.50869E+03 -1.83782E-02
5.50965E+03 -1.85148E-02
5.51061E+03 -1.89237E-02
5.51158E+03 -1.91980E-02
5.51254E+03 -1.88394E-02
5.51351E+03 -1.84768E-02
5.51447E+03 -1.83953E-02
5.51544E+03 -1.84068E-02
5.51640E+03 -1.84665E-02
5.51737E+03 -1.86340E-02
5.51833E+03 -1.83753E-02
5.51929E+03 -1.81090E-02
5.52026E+03 -1.80025E-02
5.52122E+03 -1.78537E-02
5.52219E+03 -1.80712E-02
5.52315E+03 -1.83975E-02
5.52412E+03 -1.84480E-02
5.52508E+03 -1.82978E-02
5.52604E+03 -1.83877E-02
5.52701E+03 -1.83694E-02
5.52797E+03 -1.80872E-02
5.52894E+03 -1.82341E-02
5.52990E+03 -1.83854E-02
5.53087E+03 -1.80563E-02
5.53183E+03 -1.80624E-02
5.53280E+03 -1.80418E-02
5.53376E+03 -1.76561E-02
5.53472E+03 -1.75524E-02
5.53569E+03 -1.80126E-02
5.53665E+03 -1.85252E-02
5.53762E+03 -1.81889E-02
5.53858E+03 -1.82064E-02
5.53955E+03 -1.84404E-02
5.54051E+03 -1.80680E-02
5.54148E+03 -1.81859E-02
5.54244E+03 -1.85085E-02
5.54340E+03 -1.86178E-02
5.54437E+03 -1.86528E-02
5.54533E+03 -1.86355E-02
5.54630E+03 -1.85294E-02
5.54726E+03 -1.78502E-02
5.54823E+03 -1.77353E-02
5.54919E+03 -1.82966E-02
5.55015E+03 -1.84647E-02
5.55112E+03 -1.81450E-02
5.55208E+03 -1.75499E-02
5.55305E+03 -1.79083E-02
5.55401E+03 -1.82929E-02
5.55498E+03 -1.78859E-02
5.55594E+03 -1.79920E-02
5.55691E+03 -1.79353E-02
5.55787E+03 -1.79409E-02
5.55883E+03 -1.80579E-02
5.55980E+03 -1.77517E-02
5.56076E+03 -1.76895E-02
5.56173E+03 -1.75711E-02
5.56269E+03 -1.76404E-02
5.56366E+03 -1.79094E-02
5.56462E+03 -1.80374E-02
5.56559E+03 -1.80478E-02
5.56655E+03 -1.78610E-02
5.56751E+03 -1.80603E-02
5.56848E+03 -1.83338E-02
5.56944E+03 -1.78257E-02
5.57041E+03 -1.75708E-02
5.57137E+03 -1.79089E-02
5.57234E+03 -1.82240E-02
5.57330E+03 -1.83342E-02
5.57427E+03 -1.83236E-02
5.57523E+03 -1.81525E-02
5.57619E+03 -1.82129E-02
5.57716E+03 -1.84621E-02
5.57812E+03 -1.82413E-02
5.57909E+03 -1.78105E-02
5.58005E+03 -1.77448E-02
5.58102E+03 -1.79237E-02
5.58198E+03 -1.84120E-02
5.58294E+03 -1.84880E-02
5.58391E+03 -1.78138E-02
5.58487E+03 -1.78479E-02
5.58584E+03 -1.82163E-02
5.58680E+03 -1.80261E-02
5.58777E+03 -1.78473E-02
5.58873E+03 -1.80391E-02
5.58970E+03 -1.81427E-02
5.59066E+03 -1.81295E-02
5.59162E+03 -1.80173E-02
5.59259E+03 -1.81715E-02
5.59355E+03 -1.79778E-02
5.59452E+03 -1.75361E-02
5.59548E+03 -1.78457E-02
5.59645E+03 -1.78960E-02
5.59741E+03 -1.73536E-02
5.59838E+03 -1.77378E-02
5.59934E+03 -1.82163E-02
5.60030E+03 -1.78874E-02
5.60127E+03 -1.75453E-02
5.60223E+03 -1.76264E-02
5.60320E+03 -1.78456E-02
5.60416E+03 -1.81740E-02
5.60513E+03 -1.86184E-02
5.60609E+03 -1.77781E-02
5.60705E+03 -1.70917E-02
5.60802E+03 -1.77155E-02
5.60898E+03 -1.79849E-02
5.60995E+03 -1.80440E-02
5.61091E+03 -1.81018E-02
5.61188E+03 -1.78993E-02
5.61284E+03 -1.77389E-02
5.61381E+03 -1.75758E-02
5.61477E+03 -1.78575E-02
5.61573E+03 -1.78003E-02
5.61670E+03 -1.79040E-02
5.61766E+03 -1.77292E-02
5.61863E+03 -1.73887E-02
5.61959E+03 -1.74061E-02
5.62056E+03 -1.74927E-02
5.62152E+03 -1.79562E-02
5.62249E+03 -1.81347E-02
5.62345E+03 -1.80274E-02
5.62441E+03 -1.79177E-02
5.62538E+03 -1.77104E-02
5.62634E+03 -1.75231E-02
5.62731E+03 -1.77860E-02
5.62827E+03 -1.80363E-02
5.62924E+03 -1.79603E-02
5.63020E+03 -1.79715E-02
5.63117E+03 -1.77682E-02
5.63213E+03 -1.73892E-02
5.63309E+03 -1.75350E-02
5.63406E+03 -1.75667E-02
5.63502E+03 -1.77873E-02
5.63599E+03 -1.79454E-02
5.63695E+03 -1.81067E-02
5.63792E+03 -1.84948E-02
5.63888E+03 -1.84402E-02
5.63984E+03 -1.82325E-02
5.64081E+03 -1.77468E-02
5.64177E+03 -1.75289E-02
5.64274E+03 -1.78310E-02
5.64370E+03 -1.79373E-02
5.64467E+03 -1.78318E-02
5.64563E+03 -1.76948E-02
5.64660E+03 -1.76139E-02
5.64756E+03 -1.73453E-02
5.64852E+03 -1.74812E-02
5.64949E+03 -1.76887E-02
5.65045E+03 -1.71215E-02
5.65142E+03 -1.74093E-02
5.65238E+03 -1.76630E-02
5.65335E+03 -1.69641E-02
5.65431E+03 -1.73469E-02
5.65527E+03 -1.82727E-02
5.65624E+03 -1.79260E-02
5.65720E+03 -1.73848E-02
5.65817E+03 -1.75612E-02
5.65913E+03 -1.74552E-02
5.66010E+03 -1.70248E-02
5.66106E+03 -1.70534E-02
5.66203E+03 -1.71492E-02
5.66299E+03 -1.71506E-02
5.66395E+03 -1.76786E-02
5.66492E+03 -1.77842E-02
5.66588E+03 -1.74681E-02
5.66685E+03 -1.72558E-02
5.66781E+03 -1.72117E-02
5.66878E+03 -1.77527E-02
5.66974E+03 -1.77579E-02
5.67071E+03 -1.72058E-02
5.67167E+03 -1.75049E-02
5.67263E+03 -1.74920E-02
5.67360E+03 -1.74903E-02
5.67456E+03 -1.76902E-02
5.67553E+03 -1.75409E-02
5.67649E+03 -1.73715E-02
5.67746E+03 -1.69546E-02
5.67842E+03 -1.70935E-02
5.67939E+03 -1.70930E-02
5.68035E+03 -1.68181E-02
5.68131E+03 -1.65877E-02
5.68228E+03 -1.63390E-02
5.68324E+03 -1.68453E-02
5.68421E+03 -1.69382E-02
5.68517E+03 -1.65128E-02
5.68614E+03 -1.71184E-02
5.68710E+03 -1.75873E-02
5.68806E+03 -1.71161E-02
5.68903E+03 -1.70544E-02
5.68999E+03 -1.76418E-02
5.69096E+03 -1.76164E-02
5.69192E+03 -1.71872E-02
5.69289E+03 -1.73614E-02
5.69385E+03 -1.72464E-02
5.69482E+03 -1.70356E-02
5.69578E+03 -1.77114E-02
5.69674E+03 -1.75408E-02
5.69771E+03 -1.72712E-02
5.69867E+03 -1.74987E-02
5.69964E+03 -1.72281E-02
5.70060E+03 -1.74588E-02
5.70157E+03 -1.77782E-02
5.70253E+03 -1.76029E-02
5.70350E+03 -1.72461E-02
5.70446E+03 -1.69637E-02
5.70542E+03 -1.70212E-02
5.70639E+03 -1.75856E-02
5.70735E+03 -1.74436E-02
5.70832E+03 -1.68148E-02
5.70928E+03 -1.67383E-02
5.71025E+03 -1.68823E-02
5.71121E+03 -1.72314E-02
5.71218E+03 -1.76764E-02
5.71314E+03 -1.79741E-02
5.71410E+03 -1.75238E-02
5.71507E+03 -1.70488E-02
5.71603E+03 -1.69359E-02
5.71700E+03 -1.69951E-02
5.71796E+03 -1.75157E-02
5.71893E+03 -1.79112E-02
5.71989E+03 -1.77426E-02
5.72085E+03 -1.76920E-02
5.72182E+03 -1.81780E-02
5.72278E+03 -1.78640E-02
5.72375E+03 -1.72250E-02
5.72471E+03 -1.73704E-02
5.72568E+03 -1.70400E-02
5.72664E+03 -1.65978E-02
5.72761E+03 -1.69769E-02
5.72857E+03 -1.69194E-02
5.72953E+03 -1.71617E-02
5.73050E+03 -1.78123E-02
5.73146E+03 -1.77323E-02
5.73243E+03 -1.72547E-02
5.73339E+03 -1.71986E-02
5.73436E+03 -1.74688E-02
5.73532E+03 -1.78714E-02
5.73629E+03 -1.79751E-02
5.73725E+03 -1.77217E-02
5.73821E+03 -1.80046E-02
5.73918E+03 -1.81630E-02
5.74014E+03 -1.76114E-02
5.74111E+03 -1.77080E-02
5.74207E+03 -1.81556E-02
5.74304E+03 -1.73600E-02
5.74400E+03 -1.73104E-02
5.74496E+03 -1.73127E-02
5.74593E+03 -1.67518E-02
5.74689E+03 -1.70472E-02
5.74786E+03 -1.74984E-02
5.74882E+03 -1.77283E-02
5.74979E+03 -1.78010E-02
5.75075E+03 -1.76359E-02
5.75172E+03 -1.75214E-02
5.75268E+03 -1.72381E-02
5.75364E+03 -1.68399E-02
5.75461E+03 -1.70151E-02
5.75557E+03 -1.69892E-02
5.75654E+03 -1.74861E-02
5.75750E+03 -1.78146E-02
5.75847E+03 -1.77632E-02
5.75943E+03 -1.78516E-02
5.76040E+03 -1.75995E-02
5.76136E+03 -1.74831E-02
5.76232E+03 -1.77527E-02
5.76329E+03 -1.80614E-02
5.76425E+03 -1.74615E-02
5.76522E+03 -1.72323E-02
5.76618E+03 -1.75846E-02
5.76715E+03 -1.77053E-02
5.76811E+03 -1.72998E-02
5.76908E+03 -1.70263E-02
5.77004E+03 -1.73756E-02
5.77100E+03 -1.76255E-02
5.77197E+03 -1.75984E-02
5.77293E+03 -1.76224E-02
5.77390E+03 -1.76533E-02
5.77486E+03 -1.73663E-02
5.77583E+03 -1.74677E-02
5.77679E+03 -1.77495E-02
5.77775E+03 -1.74136E-02
5.77872E+03 -1.75833E-02
5.77968E+03 -1.75038E-02
5.78065E+03 -1.74057E-02
5.78161E+03 -1.74573E-02
5.78258E+03 -1.74324E-02
5.78354E+03 -1.73484E-02
5.78451E+03 -1.70510E-02
5.78547E+03 -1.69166E-02
5.78643E+03 -1.73772E-02
5.78740E+03 -1.83869E-02
5.78836E+03 -1.82568E-02
5.78933E+03 -1.79097E-02
5.79029E+03 -1.83703E-02
5.79126E+03 -1.83730E-02
5.79222E+03 -1.74991E-02
5.79319E+03 -1.71974E-02
5.79415E+03 -1.75321E-02
5.79511E+03 -1.78558E-02
5.79608E+03 -1.75875E-02
5.79704E+03 -1.70985E-02
5.79801E+03 -1.68211E-02
5.79897E+03 -1.69705E-02
5.79994E+03 -1.74959E-02
5.80090E+03 -1.75516E-02
5.80186E+03 -1.69498E-02
5.80283E+03 -1.62855E-02
5.80379E+03 -1.65615E-02
5.80476E+03 -1.68786E-02
5.80572E+03 -1.71253E-02
5.80669E+03 -1.81328E-02
5.80765E+03 -1.85945E-02
5.80862E+03 -1.77691E-02
5.80958E+03 -1.70637E-02
5.81054E+03 -1.68817E-02
5.81151E+03 -1.69959E-02
5.81247E+03 -1.72829E-02
5.81344E+03 -1.74161E-02
5.81440E+03 -1.75256E-02
5.81537E+03 -1.73832E-02
5.81633E+03 -1.70040E-02
5.81730E+03 -1.67004E-02
5.81826E+03 -1.66903E-02
5.81922E+03 -1.70673E-02
5.82019E+03 -1.77813E-02
5.82115E+03 -1.80579E-02
5.82212E+03 -1.78668E-02
5.82308E+03 -1.73135E-02
5.82405E+03 -1.70864E-02
5.82501E+03 -1.77173E-02
5.82598E+03 -1.75414E-02
5.82694E+03 -1.69847E-02
5.82790E+03 -1.67818E-02
5.82887E+03 -1.69478E-02
5.82983E+03 -1.69979E-02
5.83080E+03 -1.69559E-02
5.83176E+03 -1.73931E-02
5.83273E+03 -1.74901E-02
5.83369E+03 -1.73573E-02
5.83465E+03 -1.71158E-02
5.83562E+03 -1.69941E-02
5.83658E+03 -1.69881E-02
5.83755E+03 -1.72077E-02
5.83851E+03 -1.76134E-02
5.83948E+03 -1.77353E-02
5.84044E+03 -1.72612E-02
5.84141E+03 -1.74281E-02
5.84237E+03 -1.75968E-02
5.84333E+03 -1.73763E-02
5.84430E+03 -1.72232E-02
5.84526E+03 -1.66419E-02
5.84623E+03 -1.73404E-02
5.84719E+03 -1.81115E-02
5.84816E+03 -1.73872E-02
5.84912E+03 -1.73451E-02
5.85008E+03 -1.74016E-02
5.85105E+03 -1.68217E-02
5.85201E+03 -1.69233E-02
5.85298E+03 -1.72718E-02
5.85394E+03 -1.74645E-02
5.85491E+03 -1.73385E-02
5.85587E+03 -1.70075E-02
5.85684E+03 -1.70819E-02
5.85780E+03 -1.68264E-02
5.85876E+03 -1.66556E-02
5.85973E+03 -1.74329E-02
5.86069E+03 -1.81692E-02
5.86166E+03 -1.76370E-02
5.86262E+03 -1.63170E-02
5.86359E+03 -1.61253E-02
5.86455E+03 -1.62178E-02
5.86552E+03 -1.64104E-02
5.86648E+03 -1.71074E-02
5.86744E+03 -1.78752E-02
5.86841E+03 -1.84521E-02
5.86937E+03 -1.77811E-02
5.87034E+03 -1.68519E-02
5.87130E+03 -1.68759E-02
5.87227E+03 -1.69169E-02
5.87323E+03 -1.72910E-02
5.87420E+03 -1.75078E-02
5.87516E+03 -1.74176E-02
5.87612E+03 -1.76597E-02
5.87709E+03 -1.75946E-02
5.87805E+03 -1.77486E-02
5.87902E+03 -1.79658E-02
5.87998E+03 -1.72587E-02
5.88095E+03 -1.73641E-02
5.88191E+03 -1.76101E-02
5.88288E+03 -1.74871E-02
5.88384E+03 -1.77854E-02
5.88480E+03 -1.73424E-02
5.88577E+03 -1.70921E-02
5.88673E+03 -1.68453E-02
5.88770E+03 -1.73603E-02
5.88866E+03 -1.76626E-02
5.88963E+03 -1.79012E-02
5.89059E+03 -1.78961E-02
5.89155E+03 -1.75645E-02
5.89252E+03 -1.75169E-02
5.89348E+03 -1.72661E-02
5.89445E+03 -1.67948E-02
5.89541E+03 -1.63504E-02
5.89638E+03 -1.72671E-02
5.89734E+03 -1.73908E-02
5.89831E+03 -1.70185E-02
5.89927E+03 -1.69397E-02
5.90023E+03 -1.65217E-02
5.90120E+03 -1.69083E-02
5.90216E+03 -1.68183E-02
5.90313E+03 -1.64945E-02
5.90409E+03 -1.68012E-02
5.90506E+03 -1.69719E-02
5.90602E+03 -1.76491E-02
5.90698E+03 -1.77892E-02
5.90795E+03 -1.73399E-02
5.90891E+03 -1.66510E-02
5.90988E+03 -1.58422E-02
5.91084E+03 -1.61382E-02
5.91181E+03 -1.62995E-02
5.91277E+03 -1.58511E-02
5.91374E+03 -1.64666E-02
5.91470E+03 -1.69306E-02
5.91566E+03 -1.71327E-02
5.91663E+03 -1.73185E-02
5.91759E+03 -1.74975E-02
5.91856E+03 -1.73577E-02
5.91952E+03 -1.77464E-02
5.92049E+03 -1.77535E-02
5.92145E+03 -1.69289E-02
5.92242E+03 -1.67176E-02
5.92338E+03 -1.64735E-02
5.92434E+03 -1.67192E-02
5.92531E+03 -1.68361E-02
5.92627E+03 -1.72270E-02
5.92724E+03 -1.74041E-02
5.92820E+03 -1.73139E-02
5.92917E+03 -1.69086E-02
5.93013E+03 -1.67351E-02
5.93110E+03 -1.67679E-02
5.93206E+03 -1.69658E-02
5.93302E+03 -1.75097E-02
5.93399E+03 -1.70363E-02
5.93495E+03 -1.65455E-02
5.93592E+03 -1.65220E-02
5.93688E+03 -1.68996E-02
5.93785E+03 -1.71396E-02
5.93881E+03 -1.74373E-02
5.93977E+03 -1.74071E-02
5.94074E+03 -1.68948E-02
5.94170E+03 -1.63947E-02
5.94267E+03 -1.56906E-02
5.94363E+03 -1.62093E-02
5.94460E+03 -1.68425E-02
5.94556E+03 -1.67320E-02
5.94653E+03 -1.74912E-02
5.94749E+03 -1.77433E-02
5.94845E+03 -1.63751E-02
5.94942E+03 -1.53503E-02
5.95038E+03 -1.58227E-02
5.95135E+03 -1.65112E-02
5.95231E+03 -1.65188E-02
5.95328E+03 -1.66661E-02
5.95424E+03 -1.70474E-02
5.95521E+03 -1.69463E-02
5.95617E+03 -1.71790E-02
5.95713E+03 -1.79323E-02
5.95810E+03 -1.76269E-02
5.95906E+03 -1.70834E-02
5.96003E+03 -1.73141E-02
5.96099E+03 -1.75545E-02
5.96196E+03 -1.75741E-02
5.96292E+03 -1.74272E-02
5.96388E+03 -1.71335E-02
5.96485E+03 -1.69266E-02
5.96581E+03 -1.74144E-02
5.96678E+03 -1.73041E-02
5.96774E+03 -1.70622E-02
5.96871E+03 -1.76597E-02
5.96967E+03 -1.82208E-02
5.97064E+03 -1.84165E-02
5.97160E+03 -1.79105E-02
5.97256E+03 -1.75227E-02
5.97353E+03 -1.75113E-02
5.97449E+03 -1.67402E-02
5.97546E+03 -1.57658E-02
5.97642E+03 -1.65192E-02
5.97739E+03 -1.72133E-02
5.97835E+03 -1.66279E-02
5.97932E+03 -1.60690E-02
5.98028E+03 -1.66689E-02
5.98124E+03 -1.67761E-02
5.98221E+03 -1.66552E-02
5.98317E+03 -1.70264E-02
5.98414E+03 -1.71228E-02
5.98510E+03 -1.73260E-02
5.98607E+03 -1.64028E-02
5.98703E+03 -1.62544E-02
5.98800E+03 -1.72961E-02
5.98896E+03 -1.76655E-02
5.98992E+03 -1.73598E-02
5.99089E+03 -1.71261E-02
5.99185E+03 -1.72459E-02
5.99282E+03 -1.78455E-02
5.99378E+03 -1.74129E-02
5.99475E+03 -1.60420E-02
5.99571E+03 -1.58740E-02
5.99667E+03 -1.62222E-02
5.99764E+03 -1.66280E-02
5.99860E+03 -1.73616E-02
5.99957E+03 -1.74452E-02
6.00053E+03 -1.72331E-02
