# {"full": "Pure CH4", "name": "CH4", "ratio": "1", "url": "https://icedb.strw.leidenuniv.nl/data/55", "author": "Fraser"}
399.867 0.01172
399.987 0.01545
400.108 0.02001
400.228 0.01944
400.349 0.01231
400.469 0.00291
400.59 -0.00436
400.711 -0.00844
400.831 -0.00935
400.952 -0.00644
401.072 -7.03625E-4
401.193 0.00445
401.313 0.0065
401.434 0.00631
401.554 0.0058
401.675 0.00497
401.796 0.00304
401.916 6.02081E-4
402.037 -0.00186
402.157 -0.00588
402.278 -0.01212
402.398 -0.01663
402.519 -0.014
402.639 -0.00505
402.76 0.00257
402.88 0.00293
403.001 -0.00117
403.122 -0.00258
403.242 0.00101
403.363 0.00567
403.483 0.00754
403.604 0.00728
403.724 0.00764
403.845 0.00912
403.965 0.01012
404.086 0.0099
404.207 0.00958
404.327 0.01038
404.448 0.01198
404.568 0.01286
404.689 0.01149
404.809 0.00757
404.93 0.00273
405.05 -5.62526E-4
405.171 -0.00112
405.292 -4.22213E-4
405.412 -0.0011
405.533 -0.00385
405.653 -0.00653
405.774 -0.00686
405.894 -0.00504
406.015 -0.00313
406.135 -0.00248
406.256 -0.0028
406.376 -0.0032
406.497 -0.00286
406.618 -6.11391E-4
406.738 0.00441
406.859 0.01043
406.979 0.01308
407.1 0.00992
407.22 0.00425
407.341 0.00174
407.461 0.00352
407.582 0.00472
407.703 6.13175E-4
407.823 -0.00744
407.944 -0.01385
408.064 -0.01508
408.185 -0.01238
408.305 -0.00871
408.426 -0.00537
408.546 -0.00245
408.667 -3.08398E-4
408.787 0.00114
408.908 0.00326
409.029 0.0069
409.149 0.01019
409.27 0.00978
409.39 0.00505
409.511 -2.58245E-4
409.631 -0.00175
409.752 0.00141
409.872 0.00614
409.993 0.00862
410.114 0.0072
410.234 0.00278
410.355 -0.0025
410.475 -0.00648
410.596 -0.00775
410.716 -0.00622
410.837 -0.00307
410.957 6.91153E-5
411.078 0.00238
411.198 0.00387
411.319 0.00432
411.44 0.00288
411.56 -7.88826E-4
411.681 -0.00525
411.801 -0.00789
411.922 -0.00704
412.042 -0.00359
412.163 -3.39005E-4
412.283 3.04788E-4
412.404 -0.0019
412.525 -0.0052
412.645 -0.00762
412.766 -0.00859
412.886 -0.009
413.007 -0.00981
413.127 -0.01089
413.248 -0.01114
413.368 -0.00983
413.489 -0.00724
413.609 -0.00422
413.73 -0.00177
413.851 -9.50821E-4
413.971 -0.00251
414.092 -0.00578
414.212 -0.00849
414.333 -0.00864
414.453 -0.0066
414.574 -0.0045
414.694 -0.00364
414.815 -0.00322
414.936 -0.0022
415.056 -0.00143
415.177 -0.00259
415.297 -0.0052
415.418 -0.00625
415.538 -0.00382
415.659 6.37658E-5
415.779 0.0014
415.9 -9.54617E-4
416.021 -0.0039
416.141 -0.00422
416.262 -0.00277
416.382 -0.00303
416.503 -0.00629
416.623 -0.00978
416.744 -0.0103
416.864 -0.00807
416.985 -0.00591
417.105 -0.0054
417.226 -0.00539
417.347 -0.00426
417.467 -0.00206
417.588 7.11828E-5
417.708 0.00126
417.829 0.00105
417.949 -6.47288E-4
418.07 -0.00277
418.19 -0.00328
418.311 -0.00139
418.432 7.52024E-4
418.552 2.86013E-4
418.673 -0.00274
418.793 -0.00527
418.914 -0.00526
419.034 -0.00413
419.155 -0.00418
419.275 -0.00501
419.396 -0.00431
419.516 -0.00173
419.637 2.6647E-5
419.758 -0.00133
419.878 -0.0044
419.999 -0.00559
420.119 -0.00354
420.24 -6.37569E-4
420.36 -6.59265E-5
420.481 -0.00224
420.601 -0.00511
420.722 -0.00723
420.843 -0.0088
420.963 -0.00947
421.084 -0.00681
421.204 8.42217E-4
421.325 0.01053
421.445 0.01591
421.566 0.0135
421.686 0.00629
421.807 2.08054E-4
421.927 -0.00172
422.048 -8.81728E-4
422.169 2.36686E-4
422.289 8.45581E-4
422.41 0.00131
422.53 0.00179
422.651 0.00231
422.771 0.00316
422.892 0.00424
423.012 0.00471
423.133 0.00404
423.254 0.00292
423.374 0.00222
423.495 0.00172
423.615 8.0055E-4
423.736 -2.45646E-5
423.856 4.58602E-4
423.977 0.00213
424.097 0.00326
424.218 0.00263
424.339 8.72836E-4
424.459 -7.6865E-4
424.58 -0.00187
424.7 -0.00232
424.821 -0.0014
424.941 0.00106
425.062 0.00336
425.182 0.00317
425.303 3.79529E-4
425.423 -0.00281
425.544 -0.0048
425.665 -0.00612
425.785 -0.0076
425.906 -0.00828
426.026 -0.00672
426.147 -0.0033
426.267 -9.60529E-5
426.388 0.0014
426.508 0.00125
426.629 1.85777E-4
426.75 -0.0012
426.87 -0.00238
426.991 -0.00308
427.111 -0.0036
427.232 -0.00389
427.352 -0.00286
427.473 -4.51207E-5
427.593 0.00225
427.714 9.12279E-4
427.834 -0.0028
427.955 -0.00269
428.076 0.00512
428.196 0.01614
428.317 0.02169
428.437 0.01812
428.558 0.01058
428.678 0.00608
428.799 0.00515
428.919 0.00347
429.04 -7.94079E-4
429.161 -0.00482
429.281 -0.0057
429.402 -0.00396
429.522 -0.00172
429.643 3.12004E-4
429.763 0.00247
429.884 0.00419
430.004 0.00431
430.125 0.00297
430.246 0.00174
430.366 0.00183
430.487 0.00286
430.607 0.0039
430.728 0.00458
430.848 0.00482
430.969 0.00432
431.089 0.00302
431.21 0.00188
431.33 0.00215
431.451 0.00386
431.572 0.00562
431.692 0.00617
431.813 0.00564
431.933 0.00494
432.054 0.00448
432.174 0.00397
432.295 0.00327
432.415 0.00265
432.536 0.00218
432.657 0.00141
432.777 1.44787E-4
432.898 -8.92542E-4
433.018 -6.07777E-4
433.139 0.00125
433.259 0.00377
433.38 0.0056
433.5 0.00583
433.621 0.00442
433.741 0.002
433.862 -6.06798E-4
433.983 -0.0028
434.103 -0.00399
434.224 -0.00352
434.344 -0.00151
434.465 2.38113E-4
434.585 -9.05413E-4
434.706 -0.00504
434.826 -0.00788
434.947 -0.00424
435.068 0.00603
435.188 0.0163
435.309 0.01883
435.429 0.01232
435.55 0.003
435.67 -0.00223
435.791 -0.00222
435.911 -4.4255E-4
436.032 1.16352E-4
436.152 -4.42948E-4
436.273 -5.6839E-4
436.394 3.34729E-4
436.514 0.00172
436.635 0.00303
436.755 0.00406
436.876 0.00443
436.996 0.00362
437.117 0.00182
437.237 2.40561E-4
437.358 2.04954E-4
437.479 0.00173
437.599 0.00335
437.72 0.00354
437.84 0.00234
437.961 0.00133
438.081 0.00191
438.202 0.00367
438.322 0.00485
438.443 0.00408
438.564 0.00162
438.684 -0.00118
438.805 -0.00314
438.925 -0.00377
439.046 -0.00314
439.166 -0.00174
439.287 -3.40108E-4
439.407 4.86117E-4
439.528 7.50788E-4
439.648 8.15801E-4
439.769 6.82596E-4
439.89 -1.56529E-4
440.01 -0.00196
440.131 -0.00403
440.251 -0.00501
440.372 -0.00399
440.492 -0.00131
440.613 0.00182
440.733 0.00414
440.854 0.00497
440.975 0.00418
441.095 0.00219
441.216 -5.03436E-5
441.336 -0.00134
441.457 -0.00125
441.577 -8.74687E-4
441.698 -0.00179
441.818 -0.00394
441.939 -0.00516
442.059 -0.00356
442.18 -3.13822E-4
442.301 0.00125
442.421 -5.70443E-4
442.542 -0.00388
442.662 -0.00543
442.783 -0.0045
442.903 -0.0033
443.024 -0.00381
443.144 -0.00533
443.265 -0.00569
443.386 -0.00413
443.506 -0.00207
443.627 -0.00103
443.747 -8.65534E-4
443.868 -4.59209E-4
443.988 2.47411E-4
444.109 3.08678E-5
444.229 -0.00167
444.35 -0.00346
444.47 -0.00352
444.591 -0.00198
444.712 -7.86606E-4
444.832 -0.00117
444.953 -0.00218
445.073 -0.0022
445.194 -0.00116
445.314 -3.75696E-4
445.435 -6.12043E-4
445.555 -0.00118
445.676 -0.00109
445.797 -4.0175E-4
445.917 6.05546E-5
446.038 -1.97154E-4
446.158 -8.30453E-4
446.279 -0.00126
446.399 -0.00138
446.52 -0.00152
446.64 -0.00177
446.761 -0.0017
446.882 -8.48956E-4
447.002 4.99014E-4
447.123 0.00131
447.243 5.10618E-4
447.364 -0.0022
447.484 -0.00584
447.605 -0.00828
447.725 -0.00757
447.846 -0.00416
447.966 -0.00118
448.087 -0.00135
448.208 -0.00379
448.328 -0.00543
448.449 -0.00552
448.569 -0.00621
448.69 -0.00781
448.81 -0.00666
448.931 -9.35528E-4
449.051 0.0037
449.172 -9.26916E-4
449.293 -0.01427
449.413 -0.0246
449.534 -0.02194
449.654 -0.00991
449.775 7.00019E-5
449.895 0.00222
450.016 8.01645E-5
450.136 -0.001
450.257 -4.3774E-4
450.377 -3.96915E-4
450.498 -0.0011
450.619 -9.34448E-4
450.739 3.69165E-4
450.86 0.00129
450.98 9.99548E-4
451.101 3.02147E-4
451.221 1.97526E-4
451.342 6.79791E-4
451.462 0.00113
451.583 9.89791E-4
451.704 -3.90373E-5
451.824 -0.00177
451.945 -0.00332
452.065 -0.00365
452.186 -0.00256
452.306 -8.66178E-4
452.427 4.18104E-4
452.547 7.14883E-4
452.668 -7.81752E-5
452.788 -0.00161
452.909 -0.00302
453.03 -0.00339
453.15 -0.00269
453.271 -0.00192
453.391 -0.00214
453.512 -0.00342
453.632 -0.00479
453.753 -0.00507
453.873 -0.00386
453.994 -0.00179
454.115 -1.56313E-4
454.235 9.75691E-5
454.356 -0.00101
454.476 -0.00264
454.597 -0.00395
454.717 -0.00447
454.838 -0.00403
454.958 -0.00243
455.079 2.21513E-4
455.199 0.00308
455.32 0.00474
455.441 0.00433
455.561 0.0025
455.682 8.37062E-4
455.802 -5.66021E-5
455.923 -0.00128
456.043 -0.00387
456.164 -0.00666
456.284 -0.00702
456.405 -0.00405
456.526 -1.72883E-4
456.646 0.00144
456.767 2.88896E-4
456.887 -0.0013
457.008 -0.00127
457.128 1.05161E-4
457.249 0.00125
457.369 0.00135
457.49 7.69306E-4
457.611 2.75094E-4
457.731 4.59731E-4
457.852 0.00151
457.972 0.00275
458.093 0.00279
458.213 9.07682E-4
458.334 -0.00167
458.454 -0.00266
458.575 -0.00122
458.695 8.6299E-4
458.816 0.00107
458.937 -9.42126E-4
459.057 -0.00292
459.178 -0.00255
459.298 8.44449E-5
459.419 0.00286
459.539 0.004
459.66 0.00353
459.78 0.00247
459.901 0.00131
460.022 -5.86845E-5
460.142 -0.00147
460.263 -0.00241
460.383 -0.00273
460.504 -0.00266
460.624 -0.00209
460.745 -7.20251E-4
460.865 0.00101
460.986 0.00165
461.106 2.98209E-4
461.227 -0.0021
461.348 -0.00372
461.468 -0.00386
461.589 -0.00331
461.709 -0.00289
461.83 -0.00245
461.95 -0.00156
462.071 -4.29109E-4
462.191 2.55119E-4
462.312 1.1557E-4
462.433 -7.43471E-4
462.553 -0.00192
462.674 -0.0027
462.794 -0.00225
462.915 -3.63003E-4
463.035 0.00198
463.156 0.00327
463.276 0.00286
463.397 0.00139
463.517 3.8825E-5
463.638 -4.95266E-4
463.759 -1.88079E-4
463.879 5.5455E-4
464 0.00119
464.12 0.00135
464.241 0.00101
464.361 3.60332E-4
464.482 -4.99811E-4
464.602 -0.00143
464.723 -0.002
464.844 -0.00178
464.964 -0.00102
465.085 -6.26303E-4
465.205 -0.00103
465.326 -0.00153
465.446 -0.00121
465.567 -2.88017E-4
465.687 7.54297E-5
465.808 -5.47148E-4
465.928 -0.00112
466.049 -6.37792E-4
466.17 2.56311E-4
466.29 -6.97225E-5
466.411 -0.00192
466.531 -0.00353
466.652 -0.00307
466.772 -9.34862E-4
466.893 6.68257E-4
467.013 3.4745E-4
467.134 -9.9792E-4
467.255 -0.00149
467.375 -6.00871E-4
467.496 4.37938E-4
467.616 4.84399E-4
467.737 -8.49739E-5
467.857 -6.57104E-5
467.978 8.8897E-4
468.098 0.00187
468.219 0.00193
468.34 0.00116
468.46 3.50073E-4
468.581 -3.3997E-5
468.701 -1.30542E-4
468.822 -2.15817E-4
468.942 -3.28429E-4
469.063 -3.72615E-4
469.183 -2.84985E-4
469.304 -5.74104E-5
469.424 1.76083E-4
469.545 6.89924E-5
469.666 -5.84438E-4
469.786 -0.0013
469.907 -0.00105
470.027 5.94482E-4
470.148 0.00281
470.268 0.00418
470.389 0.00411
470.509 0.00335
470.63 0.00285
470.751 0.00271
470.871 0.0023
470.992 0.00124
471.112 -1.43543E-4
471.233 -0.00113
471.353 -0.00133
471.474 -9.10275E-4
471.594 -4.17236E-4
471.715 -2.57585E-4
471.836 -3.65935E-4
471.956 -2.87805E-4
472.077 2.85905E-4
472.197 0.00105
472.318 0.00127
472.438 5.60619E-4
472.559 -5.70014E-4
472.679 -0.00116
472.8 -8.18491E-4
472.92 -1.3249E-4
473.041 1.004E-4
473.162 -1.05269E-4
473.282 -2.17371E-5
473.403 5.77174E-4
473.523 7.71139E-4
473.644 -4.71637E-4
473.764 -0.00279
473.885 -0.00456
474.005 -0.00471
474.126 -0.00383
474.247 -0.00318
474.367 -0.00302
474.488 -0.00256
474.608 -0.00145
474.729 -4.6334E-4
474.849 -4.51617E-4
474.97 -0.00111
475.09 -0.00128
475.211 -3.54022E-4
475.331 0.00116
475.452 0.00223
475.573 0.00231
475.693 0.00148
475.814 1.42891E-4
475.934 -0.00117
476.055 -0.00198
476.175 -0.00215
476.296 -0.00201
476.416 -0.00204
476.537 -0.00235
476.658 -0.00261
476.778 -0.00237
476.899 -0.00131
477.019 7.83134E-4
477.14 0.00389
477.26 0.00726
477.381 0.00929
477.501 0.00848
477.622 0.00493
477.742 5.72436E-4
477.863 -0.00226
477.984 -0.0029
478.104 -0.00261
478.225 -0.00273
478.345 -0.00312
478.466 -0.00286
478.586 -0.00186
478.707 -0.00116
478.827 -0.00151
478.948 -0.00224
479.069 -0.00215
479.189 -0.00104
479.31 1.42924E-4
479.43 5.30899E-4
479.551 1.82204E-4
479.671 -3.30515E-4
479.792 -7.22487E-4
479.912 -9.93729E-4
480.033 -9.54211E-4
480.154 -3.40935E-4
480.274 5.65678E-4
480.395 9.17677E-4
480.515 2.11716E-4
480.636 -0.00101
480.756 -0.00171
480.877 -0.0016
480.997 -0.00137
481.118 -0.00167
481.238 -0.0022
481.359 -0.00209
481.48 -0.00108
481.6 -2.26572E-5
481.721 -3.7387E-5
481.841 -0.00138
481.962 -0.00319
482.082 -0.00429
482.203 -0.00426
482.323 -0.0037
482.444 -0.00345
482.565 -0.00382
482.685 -0.00441
482.806 -0.00469
482.926 -0.00437
483.047 -0.00346
483.167 -0.00205
483.288 -4.27056E-4
483.408 8.61097E-4
483.529 0.0013
483.649 8.45768E-4
483.77 -8.98466E-5
483.891 -0.00117
484.011 -0.00224
484.132 -0.00296
484.252 -0.00274
484.373 -0.00137
484.493 5.67798E-4
484.614 0.00207
484.734 0.00253
484.855 0.00206
484.976 0.00112
485.096 1.41438E-4
485.217 -6.00357E-4
485.337 -0.00102
485.458 -0.00123
485.578 -0.0014
485.699 -0.00154
485.819 -0.00152
485.94 -0.00128
486.06 -8.3511E-4
486.181 -1.98267E-4
486.302 4.52839E-4
486.422 7.56875E-4
486.543 5.45517E-4
486.663 1.86834E-4
486.784 2.4144E-4
486.904 7.6858E-4
487.025 0.0013
487.145 0.00149
487.266 0.00138
487.387 0.00103
487.507 2.45918E-4
487.628 -9.36635E-4
487.748 -0.00197
487.869 -0.00234
487.989 -0.00222
488.11 -0.00227
488.23 -0.00286
488.351 -0.00372
488.471 -0.00423
488.592 -0.00384
488.713 -0.00244
488.833 -6.6616E-4
488.954 4.05271E-4
489.074 1.63335E-4
489.195 -8.79548E-4
489.315 -0.0017
489.436 -0.00193
489.556 -0.00201
489.677 -0.00229
489.798 -0.00248
489.918 -0.00227
490.039 -0.00193
490.159 -0.00201
490.28 -0.00263
490.4 -0.00324
490.521 -0.00313
490.641 -0.00223
490.762 -0.00155
490.883 -0.00253
491.003 -0.00534
491.124 -0.00785
491.244 -0.00705
491.365 -0.00233
491.485 0.00337
491.606 0.00634
491.726 0.00559
491.847 0.00322
491.967 0.0016
492.088 0.00107
492.209 6.36362E-4
492.329 -1.30758E-5
492.45 -1.10883E-4
492.57 8.93924E-4
492.691 0.00241
492.811 0.00329
492.932 0.00295
493.052 0.00185
493.173 9.10919E-4
493.294 7.42339E-4
493.414 0.00127
493.535 0.00187
493.655 0.00181
493.776 8.74463E-4
493.896 -4.69111E-4
494.017 -0.0013
494.137 -9.80124E-4
494.258 2.90398E-4
494.378 0.00166
494.499 0.0024
494.62 0.00251
494.74 0.00241
494.861 0.00226
494.981 0.0018
495.102 9.23064E-4
495.222 -7.58506E-5
495.343 -7.46865E-4
495.463 -9.77945E-4
495.584 -9.7841E-4
495.705 -9.39E-4
495.825 -9.00093E-4
495.946 -9.06356E-4
496.066 -0.00107
496.187 -0.00138
496.307 -0.0015
496.428 -0.00102
496.548 2.44416E-5
496.669 9.91657E-4
496.789 0.00117
496.91 5.46653E-4
497.031 -1.46288E-4
497.151 -3.97474E-4
497.272 -5.25713E-4
497.392 -0.00104
497.513 -0.00168
497.633 -0.00169
497.754 -0.00113
497.874 -0.00107
497.995 -0.00209
498.116 -0.0032
498.236 -0.00289
498.357 -0.0011
498.477 5.72871E-4
498.598 7.51983E-4
498.718 -3.11974E-4
498.839 -0.00132
498.959 -0.00146
499.08 -9.26577E-4
499.201 -2.80965E-4
499.321 2.37402E-4
499.442 5.83895E-4
499.562 5.452E-4
499.683 -1.96002E-4
499.803 -0.00159
499.924 -0.00301
500.044 -0.00368
500.165 -0.00347
500.285 -0.00295
500.406 -0.00277
500.527 -0.00301
500.647 -0.00326
500.768 -0.00328
500.888 -0.00321
501.009 -0.00316
501.129 -0.00308
501.25 -0.0029
501.37 -0.00263
501.491 -0.00219
501.612 -0.00143
501.732 -5.19484E-4
501.853 -3.24734E-5
501.973 -3.47331E-4
502.094 -0.0011
502.214 -0.00151
502.335 -0.00129
502.455 -8.43789E-4
502.576 -7.71031E-4
502.696 -0.00115
502.817 -0.00158
502.938 -0.00157
503.058 -9.5747E-4
503.179 4.73186E-5
503.299 0.00101
503.42 0.00155
503.54 0.00159
503.661 0.00131
503.781 9.37819E-4
503.902 6.01452E-4
504.023 2.86911E-4
504.143 -1.33924E-4
504.264 -7.38308E-4
504.384 -0.00135
504.505 -0.00163
504.625 -0.00151
504.746 -0.0014
504.866 -0.00172
504.987 -0.00215
505.107 -0.00192
505.228 -7.95882E-4
505.349 3.70391E-4
505.469 4.64898E-4
505.59 -7.2214E-4
505.71 -0.00242
505.831 -0.0038
505.951 -0.00469
506.072 -0.00519
506.192 -0.00518
506.313 -0.00439
506.434 -0.00294
506.554 -0.00143
506.675 -4.95031E-4
506.795 -4.49415E-4
506.916 -0.00115
507.036 -0.00206
507.157 -0.00243
507.277 -0.00182
507.398 -5.89177E-4
507.518 2.38847E-4
507.639 -5.57862E-5
507.76 -0.00111
507.88 -0.00197
508.001 -0.00222
508.121 -0.0023
508.242 -0.00267
508.362 -0.00297
508.483 -0.00256
508.603 -0.00144
508.724 -3.7811E-4
508.845 9.13404E-5
508.965 1.9563E-4
509.086 4.92577E-4
509.206 0.00113
509.327 0.00175
509.447 0.00199
509.568 0.00179
509.688 0.00138
509.809 0.00102
509.93 9.00384E-4
510.05 0.00103
510.171 0.00122
510.291 0.00124
510.412 0.00102
510.532 7.1431E-4
510.653 5.10134E-4
510.773 5.35358E-4
510.894 7.53187E-4
511.014 9.62693E-4
511.135 9.10893E-4
511.256 5.08558E-4
511.376 -1.7032E-5
511.497 -2.3964E-4
511.617 6.04615E-5
511.738 5.71445E-4
511.858 6.42791E-4
511.979 -1.25766E-5
512.099 -7.62526E-4
512.22 -5.07578E-4
512.341 0.00108
512.461 0.00295
512.582 0.00363
512.702 0.00266
512.823 9.46272E-4
512.943 -3.79067E-4
513.064 -9.1397E-4
513.184 -8.89257E-4
513.305 -5.62366E-4
513.425 -9.82024E-5
513.546 2.52664E-4
513.667 2.97539E-4
513.787 1.5397E-4
513.908 2.11596E-5
514.028 -2.0114E-4
514.149 -6.83438E-4
514.269 -0.00112
514.39 -9.06404E-4
514.51 4.8548E-5
514.631 9.86606E-4
514.752 0.00116
514.872 6.65102E-4
514.993 1.51876E-4
515.113 -3.13781E-5
515.234 -6.91265E-5
515.354 -1.41345E-4
515.475 -1.08466E-4
515.595 1.62158E-4
515.716 4.93079E-4
515.836 6.41476E-4
515.957 6.2339E-4
516.078 5.99343E-4
516.198 5.9538E-4
516.319 5.75151E-4
516.439 6.67088E-4
516.56 9.77188E-4
516.68 0.00115
516.801 5.63223E-4
516.921 -8.41558E-4
517.042 -0.0021
517.163 -0.00215
517.283 -0.00111
517.404 -2.57455E-4
517.524 -4.79158E-4
517.645 -0.00125
517.765 -0.00138
517.886 -4.5542E-4
518.006 7.34504E-4
518.127 0.00125
518.247 9.64914E-4
518.368 4.99953E-4
518.489 4.38653E-4
518.609 8.23975E-4
518.73 0.00121
518.85 0.00111
518.971 5.04661E-4
519.091 -7.33994E-5
519.212 -1.40321E-4
519.332 8.38153E-5
519.453 -9.57809E-5
519.574 -9.13326E-4
519.694 -0.00178
519.815 -0.00201
519.935 -0.00162
520.056 -0.00117
520.176 -9.64902E-4
520.297 -9.01017E-4
520.417 -8.22689E-4
520.538 -8.20525E-4
520.659 -0.00102
520.779 -0.00133
520.9 -0.00143
521.02 -0.00108
521.141 -4.00983E-4
521.261 9.60976E-5
521.382 -1.12388E-4
521.502 -8.87312E-4
521.623 -0.00143
521.743 -0.00115
521.864 -4.53163E-4
521.985 -2.02782E-4
522.105 -5.7267E-4
522.226 -8.94669E-4
522.346 -7.06729E-4
522.467 -3.75498E-4
522.587 -4.08627E-4
522.708 -6.07558E-4
522.828 -4.27637E-4
522.949 4.4398E-5
523.07 7.29188E-5
523.19 -7.02847E-4
523.311 -0.0017
523.431 -0.00205
523.552 -0.00154
523.672 -7.72651E-4
523.793 -3.79354E-4
523.913 -5.00001E-4
524.034 -8.29652E-4
524.154 -0.00104
524.275 -0.00104
524.396 -0.00103
524.516 -0.00125
524.637 -0.00169
524.757 -0.00198
524.878 -0.00166
524.998 -7.45088E-4
525.119 1.19794E-4
525.239 2.39044E-4
525.36 -3.60969E-4
525.481 -9.15576E-4
525.601 -8.5219E-4
525.722 -4.72683E-4
525.842 -4.30498E-4
525.963 -7.30202E-4
526.083 -6.81993E-4
526.204 6.17281E-5
526.324 8.77954E-4
526.445 9.40956E-4
526.565 3.02278E-4
526.686 -2.31005E-4
526.807 -1.49909E-4
526.927 2.66563E-4
527.048 4.80734E-4
527.168 2.75038E-4
527.289 -3.28768E-4
527.409 -0.00129
527.53 -0.00234
527.65 -0.0028
527.771 -0.00207
527.892 -4.231E-4
528.012 0.0011
528.133 0.00166
528.253 0.00135
528.374 8.65068E-4
528.494 5.89687E-4
528.615 2.97509E-4
528.735 -3.39046E-4
528.856 -0.00118
528.977 -0.00176
529.097 -0.00184
529.218 -0.00171
529.338 -0.00173
529.459 -0.00187
529.579 -0.00178
529.7 -0.0014
529.82 -0.00111
529.941 -0.00129
530.061 -0.00178
530.182 -0.002
530.303 -0.00168
530.423 -0.00118
530.544 -9.25839E-4
530.664 -8.74691E-4
530.785 -6.26948E-4
530.905 -6.5241E-5
531.026 4.45873E-4
531.146 5.45043E-4
531.267 3.14105E-4
531.388 6.12251E-5
531.508 -1.49839E-4
531.629 -5.00903E-4
531.749 -0.00103
531.87 -0.00152
531.99 -0.00181
532.111 -0.00201
532.231 -0.0023
532.352 -0.00263
532.473 -0.00284
532.593 -0.00281
532.714 -0.00247
532.834 -0.00187
532.955 -0.00122
533.075 -8.95448E-4
533.196 -0.00103
533.316 -0.00127
533.437 -0.00118
533.557 -8.28508E-4
533.678 -6.35877E-4
533.799 -6.5238E-4
533.919 -4.50097E-4
534.04 1.38853E-4
534.16 5.49629E-4
534.281 1.61216E-4
534.401 -7.80046E-4
534.522 -0.00139
534.642 -0.00129
534.763 -0.00112
534.884 -0.00157
535.004 -0.00244
535.125 -0.00273
535.245 -0.00194
535.366 -6.91872E-4
535.486 -1.64434E-5
535.607 -1.72161E-4
535.727 -5.081E-4
535.848 -3.74813E-4
535.969 8.16509E-5
536.089 2.09782E-4
536.21 -2.43921E-4
536.33 -8.42068E-4
536.451 -0.00106
536.571 -8.84831E-4
536.692 -7.20076E-4
536.812 -8.17414E-4
536.933 -0.0011
537.053 -0.00146
537.174 -0.00191
537.295 -0.00249
537.415 -0.003
537.536 -0.00316
537.656 -0.00284
537.777 -0.00213
537.897 -0.00129
538.018 -5.02538E-4
538.138 1.2695E-4
538.259 5.62713E-4
538.38 7.42644E-4
538.5 5.98971E-4
538.621 2.51688E-4
538.741 8.48249E-5
538.862 4.12002E-4
538.982 0.00104
539.103 0.00136
539.223 9.98791E-4
539.344 2.80425E-4
539.464 -1.64632E-4
539.585 -7.62604E-5
539.706 3.05083E-4
539.826 6.83986E-4
539.947 9.63338E-4
540.067 0.00106
540.188 8.65735E-4
540.308 5.32929E-4
540.429 5.59989E-4
540.549 0.0012
540.67 0.00197
540.791 0.0021
540.911 0.00149
541.032 7.79655E-4
541.152 5.06524E-4
541.273 4.37237E-4
541.393 5.80326E-5
541.514 -5.36233E-4
541.634 -6.83367E-4
541.755 -7.43382E-5
541.875 7.6E-4
541.996 0.00102
542.117 4.85372E-4
542.237 -3.31398E-4
542.358 -8.03649E-4
542.478 -7.26324E-4
542.599 -3.14351E-4
542.719 9.96478E-5
542.84 3.13673E-4
542.96 3.17577E-4
543.081 1.61577E-4
543.202 -1.7444E-4
543.322 -7.01092E-4
543.443 -0.00123
543.563 -0.00142
543.684 -0.00115
543.804 -7.2021E-4
543.925 -5.50192E-4
544.045 -6.45686E-4
544.166 -6.50786E-4
544.286 -3.56842E-4
544.407 8.12039E-5
544.528 4.691E-4
544.648 8.50666E-4
544.769 0.00128
544.889 0.00153
545.01 0.00139
545.13 0.00105
545.251 9.71552E-4
545.371 0.00124
545.492 0.00143
545.613 0.00108
545.733 3.48121E-4
545.854 -1.34785E-4
545.974 4.51356E-5
546.095 7.10379E-4
546.215 0.00128
546.336 0.00123
546.456 4.76025E-4
546.577 -5.00795E-4
546.698 -9.90663E-4
546.818 -6.42724E-4
546.939 1.93164E-4
547.059 7.93137E-4
547.18 7.83179E-4
547.3 4.61429E-4
547.421 3.9484E-4
547.541 7.55806E-4
547.662 0.00116
547.782 0.00112
547.903 5.40502E-4
548.024 -1.80505E-4
548.144 -5.24133E-4
548.265 -2.94369E-4
548.385 2.15888E-4
548.506 4.94275E-4
548.626 3.07422E-4
548.747 -1.04681E-4
548.867 -3.62106E-4
548.988 -4.32264E-4
549.109 -6.20943E-4
549.229 -0.00106
549.35 -0.00143
549.47 -0.00137
549.591 -9.84624E-4
549.711 -6.78901E-4
549.832 -5.45379E-4
549.952 -2.58073E-4
550.073 2.76987E-4
550.193 5.2302E-4
550.314 -6.07371E-5
550.435 -0.00116
550.555 -0.00177
550.676 -0.00135
550.796 -4.03285E-4
550.917 9.84594E-5
551.037 -2.41932E-4
551.158 -0.00109
551.278 -0.002
551.399 -0.00284
551.52 -0.00346
551.64 -0.00354
551.761 -0.00288
551.881 -0.00181
552.002 -0.001
552.122 -8.75387E-4
552.243 -0.00124
552.363 -0.00161
552.484 -0.00171
552.604 -0.00163
552.725 -0.0016
552.846 -0.00158
552.966 -0.00138
553.087 -0.00103
553.207 -8.22175E-4
553.328 -9.87798E-4
553.448 -0.00134
553.569 -0.00154
553.689 -0.00153
553.81 -0.00155
553.931 -0.00164
554.051 -0.00157
554.172 -0.00123
554.292 -8.82406E-4
554.413 -8.05881E-4
554.533 -8.76661E-4
554.654 -8.05855E-4
554.774 -6.17202E-4
554.895 -5.60191E-4
555.016 -6.54701E-4
555.136 -6.80219E-4
555.257 -6.11842E-4
555.377 -6.75667E-4
555.498 -8.65187E-4
555.618 -8.01634E-4
555.739 -3.06591E-4
555.859 2.15743E-4
555.98 2.64004E-4
556.1 -1.07132E-4
556.221 -4.39681E-4
556.342 -5.38062E-4
556.462 -5.77349E-4
556.583 -6.18588E-4
556.703 -4.57209E-4
556.824 -4.50835E-5
556.944 3.09139E-4
557.065 3.4922E-4
557.185 2.16085E-4
557.306 1.48024E-4
557.427 6.36056E-5
557.547 -2.69994E-4
557.668 -7.68386E-4
557.788 -0.00105
557.909 -9.32787E-4
558.029 -7.27672E-4
558.15 -8.59372E-4
558.27 -0.0014
558.391 -0.00202
558.511 -0.00237
558.632 -0.00228
558.753 -0.00178
558.873 -0.00104
558.994 -3.6972E-4
559.114 -1.25833E-4
559.235 -3.83925E-4
559.355 -8.03094E-4
559.476 -9.28648E-4
559.596 -6.9309E-4
559.717 -4.4902E-4
559.838 -4.3375E-4
559.958 -4.27127E-4
560.079 -1.48959E-4
560.199 2.22832E-4
560.32 2.81647E-4
560.44 5.91092E-5
560.561 2.55704E-5
560.681 3.4957E-4
560.802 5.88838E-4
560.922 3.72533E-4
561.043 -3.14415E-6
561.164 -5.20609E-5
561.284 8.58679E-5
561.405 -2.1873E-4
561.525 -0.00116
561.646 -0.0022
561.766 -0.00269
561.887 -0.00249
562.007 -0.00184
562.128 -9.46987E-4
562.249 -3.27975E-5
562.369 5.53925E-4
562.49 5.07843E-4
562.61 -1.03857E-4
562.731 -8.64983E-4
562.851 -0.00133
562.972 -0.00129
563.092 -8.87204E-4
563.213 -5.36904E-4
563.333 -5.40551E-4
563.454 -7.7147E-4
563.575 -8.30144E-4
563.695 -5.86085E-4
563.816 -3.73315E-4
563.936 -5.40711E-4
564.057 -9.94191E-4
564.177 -0.00136
564.298 -0.00142
564.418 -0.00121
564.539 -8.0803E-4
564.66 -3.21951E-4
564.78 -5.93066E-5
564.901 -3.00825E-4
565.021 -8.69311E-4
565.142 -0.00118
565.262 -8.68436E-4
565.383 -2.36552E-4
565.503 8.74773E-5
565.624 -2.09272E-4
565.745 -8.13436E-4
565.865 -0.00108
565.986 -6.12233E-4
566.106 3.31506E-4
566.227 9.99514E-4
566.347 8.62017E-4
566.468 1.26459E-4
566.588 -5.27196E-4
566.709 -6.87428E-4
566.829 -5.33093E-4
566.95 -4.26359E-4
567.071 -5.05131E-4
567.191 -7.55779E-4
567.312 -0.00118
567.432 -0.00169
567.553 -0.00203
567.673 -0.00205
567.794 -0.00189
567.914 -0.00165
568.035 -0.00118
568.156 -3.84782E-4
568.276 3.00098E-4
568.397 2.99416E-4
568.517 -2.51029E-4
568.638 -5.00079E-4
568.758 4.94607E-5
568.879 8.16558E-4
568.999 8.42113E-4
569.12 -1.41151E-5
569.24 -9.11579E-4
569.361 -0.00106
569.482 -5.7248E-4
569.602 -1.5178E-4
569.723 -2.05971E-4
569.843 -5.38971E-4
569.964 -8.04432E-4
570.084 -9.58391E-4
570.205 -0.00116
570.325 -0.00139
570.446 -0.00149
570.567 -0.0014
570.687 -0.00136
570.808 -0.00163
570.928 -0.00212
571.049 -0.00244
571.169 -0.00232
571.29 -0.00176
571.41 -0.00103
571.531 -3.77528E-4
571.651 -3.82625E-5
571.772 -9.86233E-5
571.893 -4.20056E-4
572.013 -6.9524E-4
572.134 -7.29643E-4
572.254 -6.24828E-4
572.375 -6.17366E-4
572.495 -7.79167E-4
572.616 -9.51823E-4
572.736 -9.39425E-4
572.857 -6.92818E-4
572.978 -3.27665E-4
573.098 -2.94447E-5
573.219 5.23031E-5
573.339 -1.1887E-4
573.46 -4.36392E-4
573.58 -7.5141E-4
573.701 -9.86014E-4
573.821 -0.00114
573.942 -0.00122
574.062 -0.00123
574.183 -0.00123
574.304 -0.00135
574.424 -0.00164
574.545 -0.00201
574.665 -0.00231
574.786 -0.00243
574.906 -0.00235
575.027 -0.00212
575.147 -0.00175
575.268 -0.00127
575.389 -8.04696E-4
575.509 -5.34147E-4
575.63 -6.31202E-4
575.75 -0.00111
575.871 -0.00174
575.991 -0.00215
576.112 -0.00211
576.232 -0.00176
576.353 -0.00147
576.474 -0.00151
576.594 -0.00178
576.715 -0.00205
576.835 -0.00213
576.956 -0.00194
577.076 -0.00145
577.197 -7.27974E-4
577.317 -5.0839E-5
577.438 2.55562E-4
577.558 1.73785E-4
577.679 3.82587E-5
577.8 9.11653E-5
577.92 1.41446E-4
578.041 -1.45514E-4
578.161 -6.61105E-4
578.282 -8.50677E-4
578.402 -4.10482E-4
578.523 2.17687E-4
578.643 2.74699E-4
578.764 -4.08176E-4
578.885 -0.00116
579.005 -0.00116
579.126 -2.7936E-4
579.246 8.78442E-4
579.367 0.00158
579.487 0.00158
579.608 0.00112
579.728 5.39113E-4
579.849 8.7399E-5
579.969 -1.3027E-4
580.09 -6.85528E-5
580.211 2.22433E-4
580.331 5.32974E-4
580.452 5.67425E-4
580.572 1.45182E-4
580.693 -6.17169E-4
580.813 -0.00133
580.934 -0.0016
581.054 -0.00136
581.175 -8.88176E-4
581.296 -5.80803E-4
581.416 -6.34041E-4
581.537 -9.17241E-4
581.657 -0.00113
581.778 -0.00109
581.898 -8.62334E-4
582.019 -7.34393E-4
582.139 -9.67808E-4
582.26 -0.00157
582.38 -0.00222
582.501 -0.00249
582.622 -0.00217
582.742 -0.00142
582.863 -5.64534E-4
582.983 1.36524E-4
583.104 4.93702E-4
583.224 3.78184E-4
583.345 -1.6233E-4
583.465 -7.94698E-4
583.586 -0.00112
583.707 -0.00102
583.827 -7.20739E-4
583.948 -4.81106E-4
584.068 -4.15415E-4
584.189 -5.06714E-4
584.309 -6.65773E-4
584.43 -7.03327E-4
584.55 -4.52593E-4
584.671 -1.17198E-5
584.792 3.02237E-4
584.912 3.32989E-4
585.033 2.54631E-4
585.153 1.93674E-4
585.274 -6.12848E-5
585.394 -6.71588E-4
585.515 -0.00126
585.635 -0.00123
585.756 -6.28673E-4
585.876 -1.7887E-4
585.997 -4.30826E-4
586.118 -0.00107
586.238 -0.00137
586.359 -0.00114
586.479 -7.75028E-4
586.6 -7.20311E-4
586.72 -9.8392E-4
586.841 -0.00129
586.961 -0.00138
587.082 -0.0011
587.203 -5.53891E-4
587.323 -3.35053E-5
587.444 1.90079E-4
587.564 1.83634E-4
587.685 2.48455E-4
587.805 4.69394E-4
587.926 5.65551E-4
588.046 2.92044E-4
588.167 -1.78903E-4
588.287 -4.38556E-4
588.408 -2.98485E-4
588.529 9.44473E-5
588.649 5.28879E-4
588.77 9.68486E-4
588.89 0.00146
589.011 0.00191
589.131 0.00209
589.252 0.00178
589.372 0.00101
589.493 1.64449E-4
589.614 -2.80321E-4
589.734 -1.06003E-4
589.855 3.95902E-4
589.975 6.99509E-4
590.096 5.35063E-4
590.216 9.06028E-5
590.337 -2.46678E-4
590.457 -2.85655E-4
590.578 -1.7507E-4
590.698 -2.2471E-4
590.819 -6.15399E-4
590.94 -0.00123
591.06 -0.0017
591.181 -0.00168
591.301 -0.00111
591.422 -2.48689E-4
591.542 5.75352E-4
591.663 0.00116
591.783 0.00139
591.904 0.00111
592.025 2.67215E-4
592.145 -8.18897E-4
592.266 -0.00149
592.386 -0.00136
592.507 -7.41865E-4
592.627 -3.95551E-4
592.748 -8.0863E-4
592.868 -0.00178
592.989 -0.00271
593.109 -0.00308
593.23 -0.0027
593.351 -0.00176
593.471 -7.63595E-4
593.592 -2.00514E-4
593.712 -2.27328E-4
593.833 -5.07817E-4
593.953 -6.31481E-4
594.074 -5.92209E-4
594.194 -6.70474E-4
594.315 -9.24893E-4
594.436 -0.00108
594.556 -9.39071E-4
594.677 -6.53788E-4
594.797 -4.32335E-4
594.918 -3.11367E-4
595.038 -3.48993E-4
595.159 -7.68751E-4
595.279 -0.00157
595.4 -0.00215
595.521 -0.00188
595.641 -8.88154E-4
595.762 -3.29278E-5
595.882 9.87388E-5
596.003 -1.96919E-4
596.123 -3.5309E-4
596.244 -3.82036E-4
596.364 -6.84138E-4
596.485 -0.00127
596.605 -0.00168
596.726 -0.00163
596.847 -0.00133
596.967 -0.00109
597.088 -8.67411E-4
597.208 -5.79335E-4
597.329 -4.27946E-4
597.449 -6.56031E-4
597.57 -0.00111
597.69 -0.00136
597.811 -0.00128
597.932 -0.00114
598.052 -0.0012
598.173 -0.0014
598.293 -0.00154
598.414 -0.00151
598.534 -0.00128
598.655 -9.21451E-4
598.775 -6.83252E-4
598.896 -8.4788E-4
599.016 -0.00129
599.137 -0.00146
599.258 -0.00107
599.378 -5.72756E-4
599.499 -6.65572E-4
599.619 -0.00127
599.74 -0.0016
599.86 -0.00125
599.981 -7.36643E-4
600.101 -7.44816E-4
600.222 -0.00118
600.343 -0.0014
600.463 -0.0012
600.584 -9.58037E-4
600.704 -8.77876E-4
600.825 -6.69878E-4
600.945 -2.01784E-4
601.066 -3.02158E-5
601.186 -7.64761E-4
601.307 -0.00207
601.427 -0.00288
601.548 -0.00258
601.669 -0.00175
601.789 -0.00135
601.91 -0.00164
602.03 -0.00196
602.151 -0.00158
602.271 -4.55841E-4
602.392 8.97564E-4
602.512 0.00187
602.633 0.00216
602.754 0.00184
602.874 0.00124
602.995 6.49415E-4
603.115 2.21625E-4
603.236 -1.32687E-4
603.356 -5.81942E-4
603.477 -0.00119
603.597 -0.0018
603.718 -0.00213
603.839 -0.00197
603.959 -0.00148
604.08 -0.00112
604.2 -0.00126
604.321 -0.00181
604.441 -0.00229
604.562 -0.00229
604.682 -0.00191
604.803 -0.00158
604.923 -0.00148
605.044 -0.0015
605.165 -0.00146
605.285 -0.00137
605.406 -0.0012
605.526 -7.82497E-4
605.647 -1.90176E-5
605.767 7.92086E-4
605.888 0.00113
606.008 8.00811E-4
606.129 1.82025E-4
606.25 -2.29973E-4
606.37 -3.24503E-4
606.491 -3.79063E-4
606.611 -5.67891E-4
606.732 -6.89413E-4
606.852 -4.86553E-4
606.973 -1.08805E-4
607.093 -3.23504E-5
607.214 -4.51725E-4
607.334 -8.95076E-4
607.455 -6.57506E-4
607.576 3.77983E-4
607.696 0.00151
607.817 0.00188
607.937 0.00124
608.058 1.01425E-4
608.178 -8.52153E-4
608.299 -0.00123
608.419 -0.00103
608.54 -5.3969E-4
608.661 -1.79287E-4
608.781 -2.26632E-4
608.902 -5.39575E-4
609.022 -6.72314E-4
609.143 -4.15593E-4
609.263 -7.19652E-5
609.384 -6.77072E-5
609.504 -4.20917E-4
609.625 -7.8807E-4
609.745 -9.34716E-4
609.866 -9.12875E-4
609.987 -8.30494E-4
610.107 -7.14175E-4
610.228 -6.35121E-4
610.348 -7.101E-4
610.469 -8.66871E-4
610.589 -8.31574E-4
610.71 -5.00433E-4
610.83 -1.2219E-4
610.951 6.50883E-5
611.072 1.81746E-4
611.192 4.69796E-4
611.313 8.45935E-4
611.433 9.94317E-4
611.554 8.24437E-4
611.674 5.4903E-4
611.795 3.08171E-4
611.915 2.94223E-5
612.036 -2.82396E-4
612.157 -4.46931E-4
612.277 -4.53688E-4
612.398 -5.945E-4
612.518 -0.00104
612.639 -0.0015
612.759 -0.00163
612.88 -0.00153
613 -0.00161
613.121 -0.00195
613.241 -0.00214
613.362 -0.00186
613.483 -0.00127
613.603 -8.54082E-4
613.724 -8.90881E-4
613.844 -0.00128
613.965 -0.00167
614.085 -0.00175
614.206 -0.00147
614.326 -0.00118
614.447 -0.00126
614.568 -0.00163
614.688 -0.00176
614.809 -0.00123
614.929 -3.59852E-4
615.05 1.75327E-4
615.17 2.36481E-5
615.291 -4.68493E-4
615.411 -7.17659E-4
615.532 -5.64221E-4
615.653 -3.5033E-4
615.773 -4.40169E-4
615.894 -7.7121E-4
616.014 -9.49837E-4
616.135 -7.61934E-4
616.255 -4.65408E-4
616.376 -4.6986E-4
616.496 -7.97346E-4
616.617 -0.00106
616.737 -9.59046E-4
616.858 -6.23334E-4
616.979 -2.96395E-4
617.099 1.03004E-5
617.22 3.13129E-4
617.34 2.89783E-4
617.461 -4.67978E-4
617.581 -0.00177
617.702 -0.00276
617.822 -0.00282
617.943 -0.00224
618.064 -0.00185
618.184 -0.00194
618.305 -0.00197
618.425 -0.00142
618.546 -4.88061E-4
618.666 9.95994E-5
618.787 -2.00681E-5
618.907 -4.35598E-4
619.028 -5.0712E-4
619.148 -1.33876E-4
619.269 1.78166E-4
619.39 -4.14737E-5
619.51 -6.48361E-4
619.631 -0.00108
619.751 -0.00101
619.872 -6.49255E-4
619.992 -4.16316E-4
620.113 -5.2261E-4
620.233 -9.04992E-4
620.354 -0.00144
620.475 -0.002
620.595 -0.00242
620.716 -0.00252
620.836 -0.00227
620.957 -0.00182
621.077 -0.00138
621.198 -0.00106
621.318 -9.19588E-4
621.439 -8.76572E-4
621.56 -7.22721E-4
621.68 -2.88688E-4
621.801 2.93184E-4
621.921 6.23398E-4
622.042 4.72583E-4
622.162 9.064E-5
622.283 -8.30628E-5
622.403 2.97166E-5
622.524 7.78325E-5
622.644 -1.67038E-4
622.765 -4.42293E-4
622.886 -3.54022E-4
623.006 2.85283E-5
623.127 1.80271E-4
623.247 -1.97213E-4
623.368 -7.3804E-4
623.488 -8.19203E-4
623.609 -2.86974E-4
623.729 4.10173E-4
623.85 7.64847E-4
623.971 6.60188E-4
624.091 2.59519E-4
624.212 -2.90703E-4
624.332 -8.60028E-4
624.453 -0.00121
624.573 -0.00115
624.694 -9.38296E-4
624.814 -0.00105
624.935 -0.00163
625.055 -0.00218
625.176 -0.00216
625.297 -0.00161
625.417 -0.00108
625.538 -8.72243E-4
625.658 -8.00636E-4
625.779 -5.97488E-4
625.899 -2.84474E-4
626.02 -5.99436E-5
626.14 -3.56734E-5
626.261 -2.35967E-4
626.382 -6.62949E-4
626.502 -0.00117
626.623 -0.00138
626.743 -0.00108
626.864 -4.89987E-4
626.984 -1.1171E-4
627.105 -1.48416E-4
627.225 -3.65857E-4
627.346 -4.82596E-4
627.466 -4.63236E-4
627.587 -3.56082E-4
627.708 -8.25711E-5
627.828 4.27701E-4
627.949 0.00101
628.069 0.00136
628.19 0.00122
628.31 5.28242E-4
628.431 -5.40573E-4
628.551 -0.0015
628.672 -0.0017
628.793 -8.66681E-4
628.913 4.08985E-4
629.034 0.00106
629.154 5.48374E-4
629.275 -5.9234E-4
629.395 -0.00135
629.516 -0.00129
629.636 -8.32886E-4
629.757 -6.68276E-4
629.878 -0.00105
629.998 -0.00168
630.119 -0.00213
630.239 -0.0022
630.36 -0.00191
630.48 -0.00137
630.601 -6.71487E-4
630.721 -2.32309E-5
630.842 2.96827E-4
630.962 1.412E-4
631.083 -3.87877E-4
631.204 -0.00111
631.324 -0.00189
631.445 -0.00251
631.565 -0.00255
631.686 -0.00177
631.806 -5.88339E-4
631.927 6.24545E-5
632.047 -2.38568E-4
632.168 -9.26085E-4
632.289 -0.0012
632.409 -0.00102
632.53 -9.49483E-4
632.65 -0.00125
632.771 -0.0015
632.891 -0.00132
633.012 -9.5851E-4
633.132 -9.09667E-4
633.253 -0.00123
633.373 -0.00152
633.494 -0.0015
633.615 -0.00124
633.735 -0.00102
633.856 -9.734E-4
633.976 -0.00113
634.097 -0.0014
634.217 -0.0015
634.338 -0.00119
634.458 -6.36905E-4
634.579 -3.18713E-4
634.7 -5.14898E-4
634.82 -9.27597E-4
634.941 -0.00103
635.061 -6.80052E-4
635.182 -1.78684E-4
635.302 1.55758E-4
635.423 3.09557E-4
635.543 4.28844E-4
635.664 5.69846E-4
635.784 7.255E-4
635.905 9.54047E-4
636.026 0.00128
636.146 0.00149
636.267 0.00122
636.387 3.84785E-4
636.508 -5.81581E-4
636.628 -0.00107
636.749 -9.17155E-4
636.869 -5.74902E-4
636.99 -5.82423E-4
637.111 -0.00103
637.231 -0.0016
637.352 -0.00202
637.472 -0.00226
637.593 -0.00232
637.713 -0.00214
637.834 -0.00176
637.954 -0.00142
638.075 -0.00126
638.195 -0.0011
638.316 -7.5883E-4
638.437 -4.67461E-4
638.557 -6.09312E-4
638.678 -0.00114
638.798 -0.00156
638.919 -0.00161
639.039 -0.00152
639.16 -0.00154
639.28 -0.00142
639.401 -7.87221E-4
639.522 8.44263E-5
639.642 4.04224E-4
639.763 -2.48291E-4
639.883 -0.00143
640.004 -0.00233
640.124 -0.00246
640.245 -0.00178
640.365 -5.66084E-4
640.486 6.11305E-4
640.607 9.97771E-4
640.727 2.82042E-4
640.848 -9.05868E-4
640.968 -0.0015
641.089 -0.00113
641.209 -4.20429E-4
641.33 -1.37664E-4
641.45 -3.76552E-4
641.571 -7.18854E-4
641.691 -9.09686E-4
641.812 -9.87079E-4
641.933 -9.28547E-4
642.053 -6.32346E-4
642.174 -2.79587E-4
642.294 -3.17428E-4
642.415 -9.012E-4
642.535 -0.00161
642.656 -0.00191
642.776 -0.00172
642.897 -0.00124
643.018 -6.32837E-4
643.138 -5.09806E-5
643.259 1.90858E-4
643.379 -1.10868E-4
643.5 -5.85794E-4
643.62 -5.99824E-4
643.741 -1.12094E-4
643.861 2.00652E-4
643.982 -1.3845E-4
644.102 -7.60641E-4
644.223 -0.00106
644.344 -0.00108
644.464 -0.00134
644.585 -0.00192
644.705 -0.00232
644.826 -0.00224
644.946 -0.0019
645.067 -0.00162
645.187 -0.00136
645.308 -0.00103
645.429 -8.16092E-4
645.549 -8.71427E-4
645.67 -8.64472E-4
645.79 -3.70309E-4
645.911 4.23357E-4
646.031 7.79018E-4
646.152 2.78879E-4
646.272 -7.06796E-4
646.393 -0.00151
646.513 -0.00185
646.634 -0.00185
646.755 -0.00173
646.875 -0.00159
646.996 -0.00149
647.116 -0.00138
647.237 -0.00112
647.357 -6.2383E-4
647.478 3.18922E-5
647.598 6.28624E-4
647.719 9.78079E-4
647.84 0.001
647.96 7.43747E-4
648.081 3.35544E-4
648.201 -1.13897E-4
648.322 -6.95836E-4
648.442 -0.00163
648.563 -0.00288
648.683 -0.00395
648.804 -0.00427
648.924 -0.00376
649.045 -0.00285
649.166 -0.00198
649.286 -0.00124
649.407 -6.68444E-4
649.527 -4.10829E-4
649.648 -5.44377E-4
649.768 -8.19758E-4
649.889 -9.18057E-4
650.009 -8.8175E-4
650.13 -0.00105
650.251 -0.00155
650.371 -0.0021
650.492 -0.00231
650.612 -0.00207
650.733 -0.00155
650.853 -0.00104
650.974 -7.63848E-4
651.094 -8.77127E-4
651.215 -0.00125
651.336 -0.0015
651.456 -0.00137
651.577 -0.00106
651.697 -9.68874E-4
651.818 -0.00118
651.938 -0.00138
652.059 -0.0013
652.179 -0.00104
652.3 -8.62557E-4
652.42 -7.65678E-4
652.541 -4.9958E-4
652.662 2.87257E-5
652.782 5.62444E-4
652.903 7.40569E-4
653.023 4.57503E-4
653.144 -5.67101E-5
653.264 -4.82589E-4
653.385 -7.06889E-4
653.505 -8.51948E-4
653.626 -0.00102
653.747 -0.00108
653.867 -7.73937E-4
653.988 -1.42895E-4
654.108 4.13202E-4
654.229 5.05738E-4
654.349 1.79861E-4
654.47 -1.83273E-4
654.59 -3.18546E-4
654.711 -3.14675E-4
654.831 -3.86138E-4
654.952 -5.44187E-4
655.073 -5.78422E-4
655.193 -3.47894E-4
655.314 -1.70507E-5
655.434 7.8328E-5
655.555 -1.58668E-4
655.675 -3.67709E-4
655.796 -1.08261E-4
655.916 5.27047E-4
656.037 8.82663E-4
656.158 5.41829E-4
656.278 -7.1276E-5
656.399 -1.56719E-4
656.519 4.31497E-4
656.64 9.35115E-4
656.76 6.19207E-4
656.881 -3.56138E-4
657.001 -0.00118
657.122 -0.00126
657.242 -6.91697E-4
657.363 2.10442E-5
657.484 3.38625E-4
657.604 -3.05288E-5
657.725 -9.02187E-4
657.845 -0.00166
657.966 -0.0018
658.086 -0.00143
658.207 -0.00128
658.327 -0.00179
658.448 -0.00257
658.569 -0.00279
658.689 -0.00209
658.81 -9.15948E-4
658.93 -1.09639E-4
659.051 -1.65209E-4
659.171 -9.03565E-4
659.292 -0.00171
659.412 -0.00205
659.533 -0.00178
659.654 -0.00118
659.774 -6.6115E-4
659.895 -5.41415E-4
660.015 -8.72239E-4
660.136 -0.00141
660.256 -0.00172
660.377 -0.00149
660.497 -8.33981E-4
660.618 -1.89304E-4
660.738 2.78838E-5
660.859 -2.06396E-4
660.98 -5.83082E-4
661.1 -8.2301E-4
661.221 -9.07011E-4
661.341 -9.83309E-4
661.462 -0.00111
661.582 -0.00118
661.703 -0.00104
661.823 -7.33651E-4
661.944 -4.99334E-4
662.065 -5.90645E-4
662.185 -0.00104
662.306 -0.0016
662.426 -0.00188
662.547 -0.0017
662.667 -0.00124
662.788 -9.49189E-4
662.908 -0.00112
663.029 -0.00153
663.149 -0.00164
663.27 -0.00121
663.391 -5.96464E-4
663.511 -3.50833E-4
663.632 -6.21628E-4
663.752 -0.00104
663.873 -0.00119
663.993 -0.00105
664.114 -8.85166E-4
664.234 -8.79101E-4
664.355 -9.62391E-4
664.476 -9.46146E-4
664.596 -7.38323E-4
664.717 -4.51002E-4
664.837 -3.09613E-4
664.958 -4.0831E-4
665.078 -5.62824E-4
665.199 -5.03857E-4
665.319 -2.46517E-4
665.44 -1.53434E-4
665.56 -5.35607E-4
665.681 -0.00127
665.802 -0.00192
665.922 -0.00208
666.043 -0.0017
666.163 -9.84117E-4
666.284 -3.0512E-4
666.404 -5.20498E-5
666.525 -3.70856E-4
666.645 -9.83264E-4
666.766 -0.00141
666.887 -0.00139
667.007 -9.72189E-4
667.128 -3.82345E-4
667.248 1.55859E-4
667.369 3.07381E-4
667.489 -3.11416E-4
667.61 -0.00165
667.73 -0.00287
667.851 -0.00307
667.971 -0.00229
668.092 -0.00131
668.213 -7.47111E-4
668.333 -5.88857E-4
668.454 -4.97285E-4
668.574 -3.1957E-4
668.695 -1.51161E-4
668.815 -1.24142E-4
668.936 -2.93609E-4
669.056 -6.4015E-4
669.177 -0.00104
669.298 -0.00126
669.418 -0.00117
669.539 -9.23611E-4
669.659 -7.58111E-4
669.78 -7.40163E-4
669.9 -7.10845E-4
670.021 -5.76258E-4
670.141 -5.05742E-4
670.262 -7.55664E-4
670.383 -0.00136
670.503 -0.00203
670.624 -0.00239
670.744 -0.00219
670.865 -0.00153
670.985 -8.4563E-4
671.106 -5.32243E-4
671.226 -6.13924E-4
671.347 -7.00612E-4
671.467 -4.51118E-4
671.588 4.52623E-6
671.709 2.08907E-4
671.829 -6.58445E-5
671.95 -5.66714E-4
672.07 -8.87603E-4
672.191 -8.72143E-4
672.311 -6.61112E-4
672.432 -4.8491E-4
672.552 -5.18374E-4
672.673 -8.27774E-4
672.794 -0.00128
672.914 -0.00157
673.035 -0.00145
673.155 -0.00103
673.276 -6.53114E-4
673.396 -5.09035E-4
673.517 -4.65799E-4
673.637 -3.42466E-4
673.758 -1.36547E-4
673.878 8.21277E-5
673.999 3.09862E-4
674.12 4.66455E-4
674.24 2.36318E-4
674.361 -6.33433E-4
674.481 -0.00183
674.602 -0.00254
674.722 -0.00226
674.843 -0.00132
674.963 -4.92074E-4
675.084 -1.87796E-4
675.205 -1.71866E-4
675.325 -8.84607E-5
675.446 5.14016E-5
675.566 -1.39251E-5
675.687 -3.64259E-4
675.807 -8.00043E-4
675.928 -0.0011
676.048 -0.00123
676.169 -0.00132
676.289 -0.00144
676.41 -0.00156
676.531 -0.00152
676.651 -0.00118
676.772 -6.1607E-4
676.892 -1.58444E-4
677.013 -1.95377E-4
677.133 -7.52948E-4
677.254 -0.00139
677.374 -0.00158
677.495 -0.00119
677.616 -6.16074E-4
677.736 -3.98908E-4
677.857 -7.43292E-4
677.977 -0.00138
678.098 -0.00186
678.218 -0.00201
678.339 -0.002
678.459 -0.00203
678.58 -0.00202
678.701 -0.00177
678.821 -0.00136
678.942 -0.00113
679.062 -0.0012
679.183 -0.00126
679.303 -9.55649E-4
679.424 -4.48406E-4
679.544 -2.30405E-4
679.665 -4.71421E-4
679.785 -8.00308E-4
679.906 -8.26765E-4
680.027 -6.40739E-4
680.147 -6.21311E-4
680.268 -9.06747E-4
680.388 -0.00127
680.509 -0.00146
680.629 -0.00144
680.75 -0.00128
680.87 -0.00107
680.991 -9.19949E-4
681.112 -0.001
681.232 -0.00133
681.353 -0.00168
681.473 -0.00172
681.594 -0.0014
681.714 -9.28342E-4
681.835 -5.1323E-4
681.955 -2.09048E-4
682.076 -3.94545E-5
682.196 -1.38175E-4
682.317 -5.76239E-4
682.438 -0.00108
682.558 -0.00115
682.679 -5.90943E-4
682.799 1.37582E-4
682.92 3.57207E-4
683.04 -1.32665E-4
683.161 -8.42024E-4
683.281 -0.00111
683.402 -7.21045E-4
683.523 -2.45832E-5
683.643 4.94201E-4
683.764 5.57695E-4
683.884 2.06277E-4
684.005 -2.52482E-4
684.125 -4.20593E-4
684.246 -1.57703E-4
684.366 2.30093E-4
684.487 2.80205E-4
684.607 -9.65446E-5
684.728 -5.11911E-4
684.849 -5.86454E-4
684.969 -3.81604E-4
685.09 -2.2101E-4
685.21 -2.19047E-4
685.331 -2.04593E-4
685.451 -7.6469E-5
685.572 -2.23219E-5
685.692 -3.28064E-4
685.813 -0.00107
685.934 -0.00199
686.054 -0.00262
686.175 -0.0025
686.295 -0.00156
686.416 -3.43692E-4
686.536 3.12191E-4
686.657 1.31611E-4
686.777 -3.76273E-4
686.898 -6.24593E-4
687.018 -7.04084E-4
687.139 -0.0011
687.26 -0.00181
687.38 -0.00211
687.501 -0.00152
687.621 -4.35285E-4
687.742 3.35705E-4
687.862 4.82701E-4
687.983 3.47611E-4
688.103 2.77884E-4
688.224 1.99787E-4
688.345 -1.01592E-4
688.465 -5.58507E-4
688.586 -8.7674E-4
688.706 -8.93272E-4
688.827 -7.33633E-4
688.947 -6.37762E-4
689.068 -7.30366E-4
689.188 -9.48858E-4
689.309 -0.00112
689.43 -0.00112
689.55 -9.332E-4
689.671 -6.34123E-4
689.791 -2.8912E-4
689.912 6.15902E-5
690.032 3.176E-4
690.153 3.41803E-4
690.273 1.00054E-4
690.394 -2.95274E-4
690.514 -7.33245E-4
690.635 -0.00121
690.756 -0.00168
690.876 -0.00195
690.997 -0.00185
691.117 -0.00152
691.238 -0.00134
691.358 -0.00145
691.479 -0.00162
691.599 -0.0016
691.72 -0.00146
691.841 -0.00143
691.961 -0.00159
692.082 -0.0018
692.202 -0.00202
692.323 -0.00227
692.443 -0.00237
692.564 -0.00195
692.684 -8.98257E-4
692.805 2.90457E-4
692.925 8.94468E-4
693.046 6.31373E-4
693.167 -1.73934E-4
693.287 -0.00101
693.408 -0.00157
693.528 -0.00178
693.649 -0.00169
693.769 -0.00151
693.89 -0.00152
694.01 -0.00178
694.131 -0.00193
694.252 -0.00161
694.372 -9.82556E-4
694.493 -6.51017E-4
694.613 -9.811E-4
694.734 -0.00159
694.854 -0.00173
694.975 -0.00114
695.095 -2.47728E-4
695.216 3.22785E-4
695.337 3.94735E-4
695.457 2.48086E-4
695.578 1.36562E-4
695.698 5.08875E-6
695.819 -2.9327E-4
695.939 -6.74821E-4
696.06 -8.74639E-4
696.18 -7.59527E-4
696.301 -4.70694E-4
696.421 -2.32179E-4
696.542 -1.25758E-4
696.663 -1.11621E-4
696.783 -1.76962E-4
696.904 -3.57118E-4
697.024 -6.40478E-4
697.145 -9.49841E-4
697.265 -0.00121
697.386 -0.00137
697.506 -0.00134
697.627 -0.00105
697.748 -5.9839E-4
697.868 -2.42136E-4
697.989 -1.72265E-4
698.109 -3.37686E-4
698.23 -5.54282E-4
698.35 -7.46571E-4
698.471 -9.82709E-4
698.591 -0.00128
698.712 -0.00149
698.833 -0.00144
698.953 -0.00115
699.074 -8.18957E-4
699.194 -6.37222E-4
699.315 -5.85385E-4
699.435 -4.69208E-4
699.556 -1.50986E-4
699.676 2.64768E-4
699.797 4.85711E-4
699.917 3.13215E-4
700.038 -1.3382E-4
700.159 -4.82932E-4
700.279 -4.58412E-4
700.4 -1.63246E-4
700.52 3.78191E-5
700.641 -6.62766E-5
700.761 -2.87831E-4
700.882 -3.17689E-4
701.002 -1.84219E-4
701.123 -2.68944E-4
701.244 -7.88487E-4
701.364 -0.00146
701.485 -0.00187
701.605 -0.00211
701.726 -0.00266
701.846 -0.00361
701.967 -0.00431
702.087 -0.00404
702.208 -0.00291
702.328 -0.00174
702.449 -0.00115
702.57 -0.0011
702.69 -0.00128
702.811 -0.0016
702.931 -0.00206
703.052 -0.00243
703.172 -0.00235
703.293 -0.00184
703.413 -0.00135
703.534 -0.00128
703.655 -0.00152
703.775 -0.00166
703.896 -0.00141
704.016 -8.55371E-4
704.137 -3.03175E-4
704.257 -2.7623E-5
704.378 -1.22961E-4
704.498 -4.32841E-4
704.619 -6.47105E-4
704.74 -5.73073E-4
704.86 -3.45465E-4
704.981 -2.97491E-4
705.101 -5.76794E-4
705.222 -9.41649E-4
705.342 -0.00101
705.463 -6.782E-4
705.583 -2.10911E-4
705.704 1.02084E-4
705.824 2.58207E-4
705.945 4.51084E-4
706.066 7.09452E-4
706.186 7.66039E-4
706.307 3.39918E-4
706.427 -5.17782E-4
706.548 -0.00143
706.668 -0.00203
706.789 -0.00221
706.909 -0.00209
707.03 -0.00178
707.151 -0.00132
707.271 -8.18342E-4
707.392 -4.95706E-4
707.512 -5.59449E-4
707.633 -9.7413E-4
707.753 -0.00144
707.874 -0.00162
707.994 -0.00144
708.115 -0.00113
708.235 -9.72487E-4
708.356 -0.00108
708.477 -0.00134
708.597 -0.00158
708.718 -0.00172
708.838 -0.00177
708.959 -0.00173
709.079 -0.00164
709.2 -0.0016
709.32 -0.00176
709.441 -0.00217
709.562 -0.00263
709.682 -0.00284
709.803 -0.00267
709.923 -0.00216
710.044 -0.00143
710.164 -5.886E-4
710.285 1.65477E-4
710.405 5.52036E-4
710.526 4.58263E-4
710.646 8.76188E-5
710.767 -2.55227E-4
710.888 -5.055E-4
711.008 -8.27942E-4
711.129 -0.00124
711.249 -0.00146
711.37 -0.0012
711.49 -6.33251E-4
711.611 -2.46525E-4
711.731 -3.47275E-4
711.852 -7.87161E-4
711.973 -0.00123
712.093 -0.00157
712.214 -0.00191
712.334 -0.00227
712.455 -0.00234
712.575 -0.00183
712.696 -9.09656E-4
712.816 -7.42152E-5
712.937 2.84355E-4
713.057 2.35219E-4
713.178 1.19068E-4
713.299 1.3664E-4
713.419 2.58736E-4
713.54 4.34954E-4
713.66 6.5786E-4
713.781 7.87802E-4
713.901 5.4251E-4
714.022 -1.69661E-4
714.142 -9.97148E-4
714.263 -0.00142
714.384 -0.00125
714.504 -7.87061E-4
714.625 -4.71029E-4
714.745 -5.145E-4
714.866 -8.1899E-4
714.986 -0.00107
715.107 -9.02254E-4
715.227 -2.36642E-4
715.348 5.56733E-4
715.469 8.82197E-4
715.589 5.57959E-4
715.71 1.06134E-4
715.83 2.13306E-4
715.951 9.07395E-4
716.071 0.00148
716.192 0.00128
716.312 4.53778E-4
716.433 -3.30202E-4
716.553 -6.64398E-4
716.674 -7.09679E-4
716.795 -7.46872E-4
716.915 -7.50758E-4
717.036 -5.95704E-4
717.156 -4.62983E-4
717.277 -7.02031E-4
717.397 -0.00129
717.518 -0.00171
717.638 -0.0016
717.759 -0.00115
717.88 -9.27806E-4
718 -0.0011
718.121 -0.00136
718.241 -0.00136
718.362 -0.00115
718.482 -0.00102
718.603 -0.00107
718.723 -0.00115
718.844 -0.00114
718.964 -0.00109
719.085 -0.00118
719.206 -0.00143
719.326 -0.0017
719.447 -0.0018
719.567 -0.00171
719.688 -0.00161
719.808 -0.00159
719.929 -0.00156
720.049 -0.00138
720.17 -0.00117
720.291 -0.00125
720.411 -0.0017
720.532 -0.00215
720.652 -0.00213
720.773 -0.00158
720.893 -9.13743E-4
721.014 -5.81898E-4
721.134 -6.61302E-4
721.255 -9.32038E-4
721.375 -0.00113
721.496 -0.00107
721.617 -7.10975E-4
721.737 -2.07085E-4
721.858 8.97273E-5
721.978 -1.25717E-4
722.099 -7.34888E-4
722.219 -0.0012
722.34 -0.00106
722.46 -4.46279E-4
722.581 -1.63689E-5
722.702 -2.21614E-4
722.822 -8.30859E-4
722.943 -0.00119
723.063 -9.37495E-4
723.184 -3.03321E-4
723.304 1.77179E-4
723.425 1.54037E-4
723.545 -3.73691E-4
723.666 -0.00114
723.786 -0.00174
723.907 -0.00184
724.028 -0.00138
724.148 -6.8849E-4
724.269 -1.8635E-4
724.389 -5.70826E-5
724.51 -1.99109E-4
724.63 -3.92824E-4
724.751 -4.39204E-4
724.871 -2.44178E-4
724.992 9.37246E-5
725.113 3.1893E-4
725.233 2.59083E-4
725.354 -1.77845E-5
725.474 -3.49253E-4
725.595 -7.03894E-4
725.715 -0.0011
725.836 -0.0014
725.956 -0.00142
726.077 -0.00123
726.198 -0.00107
726.318 -9.89061E-4
726.439 -7.93472E-4
726.559 -4.28312E-4
726.68 -1.29681E-4
726.8 -7.08476E-5
726.921 -9.43951E-5
727.041 -2.33203E-6
727.162 1.0464E-4
727.282 2.87332E-5
727.403 -1.31343E-4
727.524 -1.18282E-4
727.644 2.05301E-5
727.765 -5.86584E-5
727.885 -4.67122E-4
728.006 -8.63634E-4
728.126 -8.55297E-4
728.247 -4.41454E-4
728.367 4.61601E-5
728.488 3.00631E-4
728.609 2.42703E-4
728.729 -2.75299E-5
728.85 -3.37776E-4
728.97 -5.84595E-4
729.091 -8.15693E-4
729.211 -0.00111
729.332 -0.00139
729.452 -0.00146
729.573 -0.00135
729.693 -0.00134
729.814 -0.00152
729.935 -0.00159
730.055 -0.00122
730.176 -5.45669E-4
730.296 -9.75356E-5
730.417 -1.38693E-4
730.537 -4.45887E-4
730.658 -6.55781E-4
730.778 -6.40646E-4
730.899 -4.82775E-4
731.02 -2.84497E-4
731.14 -1.3122E-4
731.261 -1.12869E-4
731.381 -2.55685E-4
731.502 -4.94819E-4
731.622 -7.74462E-4
731.743 -0.00108
731.863 -0.00131
731.984 -0.00126
732.104 -8.40295E-4
732.225 -2.61921E-4
732.346 1.53441E-4
732.466 2.68426E-4
732.587 1.88641E-4
732.707 6.04875E-5
732.828 -4.20175E-5
732.948 -4.65661E-5
733.069 1.2406E-4
733.189 4.27928E-4
733.31 6.73298E-4
733.431 6.89037E-4
733.551 5.07589E-4
733.672 3.12705E-4
733.792 1.92318E-4
733.913 2.48104E-6
734.033 -4.55324E-4
734.154 -0.0011
734.274 -0.00151
734.395 -0.00131
734.516 -6.59622E-4
734.636 -1.48449E-4
734.757 -2.14797E-4
734.877 -6.75637E-4
734.998 -0.00103
735.118 -0.00109
735.239 -0.00105
735.359 -0.00112
735.48 -0.00129
735.6 -0.00147
735.721 -0.0017
735.842 -0.00193
735.962 -0.00194
736.083 -0.00162
736.203 -0.00127
736.324 -0.00126
736.444 -0.00154
736.565 -0.00166
736.685 -0.00136
736.806 -8.17847E-4
736.927 -4.27134E-4
737.047 -4.00413E-4
737.168 -6.90199E-4
737.288 -0.00105
737.409 -0.00111
737.529 -6.76751E-4
737.65 6.98082E-5
737.77 5.77342E-4
737.891 4.66049E-4
738.011 -1.07784E-4
738.132 -6.79489E-4
738.253 -9.62768E-4
738.373 -9.95167E-4
738.494 -9.24364E-4
738.614 -8.2434E-4
738.735 -7.07671E-4
738.855 -5.75554E-4
738.976 -4.45582E-4
739.096 -4.1334E-4
739.217 -6.32942E-4
739.338 -0.0011
739.458 -0.00149
739.579 -0.00145
739.699 -0.00109
739.82 -8.74314E-4
739.94 -0.00114
740.061 -0.00163
740.181 -0.00182
740.302 -0.00146
740.422 -7.83548E-4
740.543 -1.24853E-4
740.664 2.83275E-4
740.784 2.90163E-4
740.905 -1.55874E-4
741.025 -8.43108E-4
741.146 -0.00133
741.266 -0.00133
741.387 -0.00105
741.507 -9.34135E-4
741.628 -0.0012
741.749 -0.00159
741.869 -0.00177
741.99 -0.00164
742.11 -0.00133
742.231 -9.62857E-4
742.351 -6.54243E-4
742.472 -5.48311E-4
742.592 -7.60496E-4
742.713 -0.00118
742.833 -0.00151
742.954 -0.00155
743.075 -0.00131
743.195 -9.14678E-4
743.316 -3.84878E-4
743.436 1.29875E-4
743.557 2.89217E-4
743.677 -6.69472E-5
743.798 -5.37217E-4
743.918 -4.84455E-4
744.039 1.94732E-4
744.16 8.62408E-4
744.28 9.0339E-4
744.401 4.65121E-4
744.521 1.70451E-4
744.642 2.52444E-4
744.762 3.11706E-4
744.883 -6.18584E-5
745.003 -7.50013E-4
745.124 -0.00133
745.245 -0.00155
745.365 -0.00145
745.486 -0.00114
745.606 -7.46518E-4
745.727 -4.58822E-4
745.847 -4.15836E-4
745.968 -4.66902E-4
746.088 -3.21608E-4
746.209 -3.59491E-6
746.329 6.45891E-5
746.45 -4.22861E-4
746.571 -0.00119
746.691 -0.00166
746.812 -0.00161
746.932 -0.00136
747.053 -0.00133
747.173 -0.00156
747.294 -0.00174
747.414 -0.00166
747.535 -0.00138
747.656 -0.00109
747.776 -9.9178E-4
747.897 -0.00118
748.017 -0.00157
748.138 -0.00192
748.258 -0.002
748.379 -0.00179
748.499 -0.00145
748.62 -0.00112
748.74 -8.46539E-4
748.861 -6.63109E-4
748.982 -7.26499E-4
749.102 -0.00111
749.223 -0.00158
749.343 -0.00165
749.464 -0.00109
749.584 -2.49017E-4
749.705 2.46495E-4
749.825 3.04654E-5
749.946 -6.58643E-4
750.067 -0.00125
750.187 -0.00137
750.308 -0.00114
750.428 -9.43895E-4
750.549 -0.00102
750.669 -0.00131
750.79 -0.00163
750.91 -0.00182
751.031 -0.00176
751.151 -0.00137
751.272 -6.37121E-4
751.393 2.13899E-4
751.513 7.52628E-4
751.634 6.69062E-4
751.754 7.39545E-5
751.875 -5.55508E-4
751.995 -7.62895E-4
752.116 -4.67155E-4
752.236 5.66021E-5
752.357 4.70929E-4
752.478 6.27335E-4
752.598 5.67865E-4
752.719 4.02931E-4
752.839 2.42814E-4
752.96 1.85966E-4
753.08 2.54232E-4
753.201 3.10838E-4
753.321 1.32192E-4
753.442 -3.61916E-4
753.562 -9.67648E-4
753.683 -0.00137
753.804 -0.00144
753.924 -0.00133
754.045 -0.00123
754.165 -0.0012
754.286 -0.00119
754.406 -0.0012
754.527 -0.00129
754.647 -0.00144
754.768 -0.00145
754.889 -0.0012
755.009 -7.51168E-4
755.13 -3.10369E-4
755.25 8.27573E-5
755.371 5.72972E-4
755.491 0.00123
755.612 0.00182
755.732 0.00191
755.853 0.00133
755.974 3.61286E-4
756.094 -4.90103E-4
756.215 -9.35797E-4
756.335 -0.00107
756.456 -0.00111
756.576 -0.00108
756.697 -8.05013E-4
756.817 -2.52701E-4
756.938 2.79769E-4
757.058 4.26915E-4
757.179 1.63E-4
757.3 -1.96766E-4
757.42 -4.15273E-4
757.541 -6.05348E-4
757.661 -9.46622E-4
757.782 -0.00129
757.902 -0.00129
758.023 -9.34705E-4
758.143 -6.61779E-4
758.264 -8.36872E-4
758.385 -0.00126
758.505 -0.00141
758.626 -0.00111
758.746 -6.36321E-4
758.867 -3.40667E-4
758.987 -2.68433E-4
759.108 -3.41289E-4
759.228 -5.77521E-4
759.349 -9.47583E-4
759.469 -0.00119
759.59 -0.00105
759.711 -7.31483E-4
759.831 -7.48746E-4
759.952 -0.00138
760.072 -0.00229
760.193 -0.00281
760.313 -0.00257
760.434 -0.00176
760.554 -8.67128E-4
760.675 -3.0319E-4
760.796 -2.3488E-4
760.916 -5.73676E-4
761.037 -0.00109
761.157 -0.00155
761.278 -0.00178
761.398 -0.00167
761.519 -0.00123
761.639 -7.03014E-4
761.76 -4.6593E-4
761.88 -6.54936E-4
762.001 -9.31267E-4
762.122 -7.75918E-4
762.242 -8.6274E-5
762.363 6.35777E-4
762.483 7.54144E-4
762.604 1.18565E-4
762.724 -8.31492E-4
762.845 -0.00148
762.965 -0.00152
763.086 -0.00107
763.207 -5.64538E-4
763.327 -3.74522E-4
763.448 -5.85325E-4
763.568 -9.6238E-4
763.689 -0.00121
763.809 -0.00124
763.93 -0.00112
764.05 -9.33126E-4
764.171 -6.62003E-4
764.292 -4.1195E-4
764.412 -4.43399E-4
764.533 -9.51778E-4
764.653 -0.00179
764.774 -0.0025
764.894 -0.00265
765.015 -0.00215
765.135 -0.00133
765.256 -6.53777E-4
765.376 -3.5768E-4
765.497 -2.7813E-4
765.618 -7.11791E-5
765.738 3.59435E-4
765.859 7.11162E-4
765.979 6.11406E-4
766.1 6.32554E-6
766.22 -8.34409E-4
766.341 -0.00162
766.461 -0.0022
766.582 -0.00251
766.703 -0.00241
766.823 -0.00192
766.944 -0.00129
767.064 -8.49731E-4
767.185 -6.6866E-4
767.305 -6.09901E-4
767.426 -5.64173E-4
767.546 -5.85388E-4
767.667 -7.37086E-4
767.787 -9.25433E-4
767.908 -9.81096E-4
768.029 -8.77313E-4
768.149 -7.76581E-4
768.27 -8.31068E-4
768.39 -9.79248E-4
768.511 -0.00101
768.631 -8.25793E-4
768.752 -6.56281E-4
768.872 -7.97801E-4
768.993 -0.00122
769.114 -0.00147
769.234 -0.00112
769.355 -2.95635E-4
769.475 4.31832E-4
769.596 6.73365E-4
769.716 5.98531E-4
769.837 5.96654E-4
769.957 7.29356E-4
770.078 7.24144E-4
770.198 4.73812E-4
770.319 2.76338E-4
770.44 4.42035E-4
770.56 7.97596E-4
770.681 7.97171E-4
770.801 1.62508E-4
770.922 -7.27016E-4
771.042 -0.00119
771.163 -9.9412E-4
771.283 -6.11715E-4
771.404 -6.98924E-4
771.525 -0.00134
771.645 -0.00193
771.766 -0.00181
771.886 -0.00105
772.007 -3.56071E-4
772.127 -3.36867E-4
772.248 -8.79891E-4
772.368 -0.00139
772.489 -0.00145
772.61 -0.00116
772.73 -7.99607E-4
772.851 -4.83196E-4
772.971 -1.43342E-4
773.092 1.8245E-4
773.212 2.88356E-4
773.333 5.26719E-5
773.453 -3.52524E-4
773.574 -5.61189E-4
773.694 -3.41881E-4
773.815 2.03624E-4
773.936 7.28514E-4
774.056 9.13285E-4
774.177 6.89175E-4
774.297 2.85771E-4
774.418 5.83567E-5
774.538 1.9642E-4
774.659 5.40543E-4
774.779 7.37257E-4
774.9 6.38016E-4
775.021 4.76815E-4
775.141 5.50337E-4
775.262 7.60064E-4
775.382 6.67408E-4
775.503 7.49193E-5
775.623 -6.50708E-4
775.744 -0.001
775.864 -9.67849E-4
775.985 -0.00102
776.106 -0.00141
776.226 -0.00186
776.347 -0.00188
776.467 -0.00141
776.588 -8.03381E-4
776.708 -4.50194E-4
776.829 -4.47962E-4
776.949 -6.35199E-4
777.07 -7.47532E-4
777.19 -6.17228E-4
777.311 -3.40469E-4
777.432 -1.93473E-4
777.552 -2.59329E-4
777.673 -2.43776E-4
777.793 1.32378E-4
777.914 6.25558E-4
778.034 6.73704E-4
778.155 1.48382E-4
778.275 -4.05025E-4
778.396 -4.43354E-4
778.517 -1.08235E-4
778.637 4.18201E-5
778.758 -1.87322E-4
778.878 -4.2551E-4
778.999 -3.46109E-4
779.119 -1.36886E-4
779.24 -2.44163E-4
779.36 -8.21151E-4
779.481 -0.00157
779.601 -0.00201
779.722 -0.00188
779.843 -0.00122
779.963 -3.96047E-4
780.084 1.99839E-4
780.204 3.53072E-4
780.325 1.16441E-4
780.445 -3.44075E-4
780.566 -8.62535E-4
780.686 -0.00127
780.807 -0.00139
780.928 -0.00124
781.048 -0.00105
781.169 -0.0011
781.289 -0.00135
781.41 -0.00153
781.53 -0.00149
781.651 -0.00135
781.771 -0.00131
781.892 -0.00141
782.013 -0.00151
782.133 -0.00147
782.254 -0.00129
782.374 -0.00112
782.495 -0.00108
782.615 -0.00108
782.736 -8.99583E-4
782.856 -5.28421E-4
782.977 -3.52789E-4
783.097 -7.83138E-4
783.218 -0.0017
783.339 -0.00244
783.459 -0.00247
783.58 -0.00184
783.7 -9.65718E-4
783.821 -1.2638E-4
783.941 5.99004E-4
784.062 0.001
784.182 8.19486E-4
784.303 1.79324E-4
784.424 -3.15256E-4
784.544 -2.02712E-4
784.665 3.05217E-4
784.785 6.14978E-4
784.906 4.86761E-4
785.026 2.33129E-4
785.147 2.1825E-4
785.267 4.04578E-4
785.388 4.95318E-4
785.508 3.48687E-4
785.629 9.41753E-5
785.75 -7.90954E-5
785.87 -1.05906E-4
785.991 -3.47905E-5
786.111 6.81356E-5
786.232 1.39728E-4
786.352 1.14288E-4
786.473 -5.96419E-5
786.593 -3.62311E-4
786.714 -6.77004E-4
786.835 -8.36119E-4
786.955 -7.69209E-4
787.076 -6.16863E-4
787.196 -6.29101E-4
787.317 -8.82566E-4
787.437 -0.00112
787.558 -9.5702E-4
787.678 -3.24801E-4
787.799 4.18767E-4
787.919 7.99928E-4
788.04 6.77075E-4
788.161 3.00806E-4
788.281 -2.12789E-5
788.402 -2.19326E-4
788.522 -4.23577E-4
788.643 -7.13333E-4
788.763 -0.00101
788.884 -0.0012
789.004 -0.00128
789.125 -0.00134
789.246 -0.00141
789.366 -0.00142
789.487 -0.0013
789.607 -0.00107
789.728 -8.3293E-4
789.848 -7.19585E-4
789.969 -8.4218E-4
790.089 -0.0012
790.21 -0.0016
790.331 -0.00169
790.451 -0.00129
790.572 -6.44065E-4
790.692 -2.64313E-4
790.813 -3.76929E-4
790.933 -6.71189E-4
791.054 -6.55994E-4
791.174 -2.31165E-4
791.295 2.51755E-4
791.415 4.59552E-4
791.536 4.23249E-4
791.657 3.50077E-4
791.777 2.813E-4
791.898 1.2273E-4
792.018 -6.82808E-5
792.139 -5.8867E-5
792.259 2.19319E-4
792.38 5.02769E-4
792.5 5.16858E-4
792.621 3.56138E-4
792.742 3.81324E-4
792.862 7.2464E-4
792.983 0.00107
793.103 0.00104
793.224 6.57525E-4
793.344 3.12451E-4
793.465 2.97166E-4
793.585 5.20926E-4
793.706 7.14552E-4
793.826 7.18866E-4
793.947 4.73242E-4
794.068 -1.03243E-4
794.188 -9.75862E-4
794.309 -0.0018
794.429 -0.00209
794.55 -0.00169
794.67 -9.37842E-4
794.791 -2.12252E-4
794.911 3.84662E-4
795.032 8.69513E-4
795.153 0.00107
795.273 7.71552E-4
795.394 8.91052E-5
795.514 -5.62131E-4
795.635 -9.02265E-4
795.755 -9.7296E-4
795.876 -8.66126E-4
795.996 -5.47979E-4
796.117 -8.44598E-5
796.237 1.9386E-4
796.358 -2.08244E-6
796.479 -5.21641E-4
796.599 -9.29542E-4
796.72 -9.90469E-4
796.84 -8.53423E-4
796.961 -7.80527E-4
797.081 -8.52585E-4
797.202 -9.62809E-4
797.322 -9.67536E-4
797.443 -8.20808E-4
797.564 -6.55688E-4
797.684 -7.20188E-4
797.805 -0.00113
797.925 -0.00166
798.046 -0.002
798.166 -0.00208
798.287 -0.00214
798.407 -0.00235
798.528 -0.00253
798.648 -0.00236
798.769 -0.00176
798.89 -9.84553E-4
799.01 -4.28274E-4
799.131 -3.85206E-4
799.251 -8.38917E-4
799.372 -0.00136
799.492 -0.00136
799.613 -7.12961E-4
799.733 3.28049E-5
799.854 1.50684E-4
799.975 -4.314E-4
800.095 -0.00107
800.216 -0.0012
800.336 -8.9553E-4
800.457 -5.88518E-4
800.577 -4.52779E-4
800.698 -3.34315E-4
800.818 -1.86723E-4
800.939 -2.34392E-4
801.06 -6.15552E-4
801.18 -0.00108
801.301 -0.00123
801.421 -9.588E-4
801.542 -5.64042E-4
801.662 -4.53915E-4
801.783 -7.81812E-4
801.903 -0.00134
802.024 -0.0017
802.144 -0.00144
802.265 -5.3848E-4
802.386 5.60507E-4
802.506 0.00116
802.627 8.67825E-4
802.747 -1.09155E-4
802.868 -0.0011
802.988 -0.00151
803.109 -0.00122
803.229 -5.40562E-4
803.35 3.79682E-5
803.471 2.1283E-4
803.591 5.02579E-5
803.712 -1.45938E-4
803.832 -1.38972E-4
803.953 4.51691E-5
804.073 2.11444E-4
804.194 2.00786E-4
804.314 -4.83654E-5
804.435 -5.14891E-4
804.555 -0.00105
804.676 -0.00134
804.797 -0.00115
804.917 -5.83708E-4
805.038 -5.40242E-5
805.158 1.47212E-4
805.279 9.06512E-5
805.399 5.43892E-7
805.52 -6.75917E-5
805.64 -1.78739E-4
805.761 -3.04885E-4
805.882 -3.71382E-4
806.002 -4.77996E-4
806.123 -8.13033E-4
806.243 -0.00129
806.364 -0.00152
806.484 -0.00121
806.605 -6.01333E-4
806.725 -1.02211E-4
806.846 1.0775E-4
806.966 1.44739E-4
807.087 1.16378E-4
807.208 1.14031E-5
807.328 -1.17913E-4
807.449 -1.32497E-4
807.569 -6.67684E-5
807.69 -1.69363E-4
807.81 -5.28723E-4
807.931 -8.20201E-4
808.051 -6.6828E-4
808.172 -1.97943E-4
808.293 4.17456E-5
808.413 -2.74289E-4
808.534 -8.61611E-4
808.654 -0.0012
808.775 -0.00112
808.895 -8.24589E-4
809.016 -5.43561E-4
809.136 -3.08763E-4
809.257 -6.76326E-5
809.378 1.80766E-4
809.498 4.16894E-4
809.619 6.48014E-4
809.739 8.4107E-4
809.86 9.0725E-4
809.98 8.15764E-4
810.101 6.56694E-4
810.221 5.18981E-4
810.342 3.61394E-4
810.462 9.2607E-5
810.583 -2.41902E-4
810.704 -4.41603E-4
810.824 -3.70421E-4
810.945 -1.48758E-4
811.065 -8.95821E-5
811.186 -3.88395E-4
811.306 -8.67769E-4
811.427 -0.00109
811.547 -7.81689E-4
811.668 -1.71412E-4
811.789 2.46573E-4
811.909 2.35908E-4
812.03 1.00546E-5
812.15 -1.2973E-4
812.271 -1.64837E-4
812.391 -2.54866E-4
812.512 -3.89494E-4
812.632 -3.89781E-4
812.753 -2.27895E-4
812.873 -1.0936E-4
812.994 -1.64151E-4
813.115 -2.53115E-4
813.235 -2.04161E-4
813.356 -9.6634E-5
813.476 -1.26243E-4
813.597 -2.59317E-4
813.717 -2.33848E-4
813.838 6.73383E-5
813.958 3.99932E-4
814.079 4.18607E-4
814.2 5.6643E-5
814.32 -4.25067E-4
814.441 -7.22758E-4
814.561 -7.53254E-4
814.682 -6.44181E-4
814.802 -5.73229E-4
814.923 -6.36771E-4
815.043 -8.03273E-4
815.164 -9.42249E-4
815.284 -9.23295E-4
815.405 -7.32873E-4
815.526 -4.90993E-4
815.646 -3.33458E-4
815.767 -2.93363E-4
815.887 -3.26604E-4
816.008 -4.27995E-4
816.128 -6.48629E-4
816.249 -9.67324E-4
816.369 -0.0012
816.49 -0.00112
816.611 -6.13306E-4
816.731 1.81731E-4
816.852 9.68594E-4
816.972 0.00141
817.093 0.00125
817.213 5.20341E-4
817.334 -5.05574E-4
817.454 -0.00137
817.575 -0.00174
817.695 -0.00154
817.816 -0.001
817.937 -4.66134E-4
818.057 -2.34179E-4
818.178 -3.73125E-4
818.298 -6.76312E-4
818.419 -8.20927E-4
818.539 -6.34339E-4
818.66 -2.39685E-4
818.78 6.42315E-5
818.901 6.77072E-5
819.022 -1.70629E-4
819.142 -3.8613E-4
819.263 -3.80445E-4
819.383 -2.48268E-4
819.504 -2.81833E-4
819.624 -5.78593E-4
819.745 -8.26206E-4
819.865 -6.39778E-4
819.986 -9.6947E-5
820.107 2.63147E-4
820.227 7.04452E-5
820.348 -3.95209E-4
820.468 -5.42924E-4
820.589 -2.06769E-4
820.709 1.70629E-4
820.83 9.42312E-5
820.95 -3.97019E-4
821.071 -7.86595E-4
821.191 -6.5133E-4
821.312 -9.479E-5
821.433 3.69933E-4
821.553 3.38249E-4
821.674 -5.94035E-5
821.794 -2.82448E-4
821.915 2.79061E-5
822.035 6.47258E-4
822.156 0.00104
822.276 9.50482E-4
822.397 6.30829E-4
822.518 3.32177E-4
822.638 -7.52993E-5
822.759 -8.48889E-4
822.879 -0.00183
823 -0.00243
823.12 -0.0022
823.241 -0.00136
823.361 -5.70051E-4
823.482 -3.34911E-4
823.602 -5.82512E-4
823.723 -8.77593E-4
823.844 -8.89763E-4
823.964 -6.50376E-4
824.085 -4.13328E-4
824.205 -3.55743E-4
824.326 -4.55726E-4
824.446 -6.10679E-4
824.567 -7.772E-4
824.687 -9.45032E-4
824.808 -0.00105
824.929 -9.93177E-4
825.049 -8.27294E-4
825.17 -6.93955E-4
825.29 -6.50674E-4
825.411 -5.69619E-4
825.531 -3.25292E-4
825.652 -2.33427E-5
825.772 8.23475E-5
825.893 -1.03191E-4
826.013 -4.04876E-4
826.134 -6.50845E-4
826.255 -9.06106E-4
826.375 -0.00133
826.496 -0.00183
826.616 -0.00207
826.737 -0.0018
826.857 -0.00112
826.978 -3.68379E-4
827.098 1.79999E-4
827.219 4.11738E-4
827.34 3.43718E-4
827.46 1.14627E-4
827.581 -2.63117E-5
827.701 7.74302E-5
827.822 2.56043E-4
827.942 1.76616E-4
828.063 -2.00037E-4
828.183 -4.67181E-4
828.304 -2.72263E-4
828.424 1.59796E-4
828.545 2.36943E-4
828.666 -2.22988E-4
828.786 -6.87007E-4
828.907 -5.29941E-4
829.027 2.10591E-4
829.148 8.59521E-4
829.268 8.42106E-4
829.389 1.93179E-4
829.509 -6.21289E-4
829.63 -0.00114
829.751 -0.00116
829.871 -7.62705E-4
829.992 -2.85313E-4
830.112 -1.3721E-4
830.233 -3.98565E-4
830.353 -6.93217E-4
830.474 -6.09841E-4
830.594 -2.10132E-4
830.715 5.72614E-5
830.836 -7.26432E-5
830.956 -3.86067E-4
831.077 -5.41206E-4
831.197 -4.79106E-4
831.318 -3.67615E-4
831.438 -3.06968E-4
831.559 -3.01804E-4
831.679 -4.33013E-4
831.8 -8.1547E-4
831.92 -0.00136
832.041 -0.00175
832.162 -0.00177
832.282 -0.00151
832.403 -0.00121
832.523 -9.14712E-4
832.644 -5.7178E-4
832.764 -2.18567E-4
832.885 -5.80885E-5
833.005 -1.99236E-4
833.126 -4.50961E-4
833.247 -4.97002E-4
833.367 -2.76309E-4
833.488 -7.39992E-5
833.608 -1.56898E-4
833.729 -4.12691E-4
833.849 -4.80685E-4
833.97 -2.0225E-4
834.09 2.32559E-4
834.211 5.96866E-4
834.331 8.65541E-4
834.452 0.00101
834.573 7.89497E-4
834.693 9.4831E-5
834.814 -6.65385E-4
834.934 -8.31246E-4
835.055 -3.08868E-4
835.175 2.15933E-4
835.296 5.83865E-5
835.416 -6.54325E-4
835.537 -0.00119
835.658 -0.0011
835.778 -5.80776E-4
835.899 -4.12092E-5
836.019 3.6297E-4
836.14 6.62506E-4
836.26 8.09047E-4
836.381 6.80838E-4
836.501 2.96947E-4
836.622 -1.36696E-4
836.742 -4.01966E-4
836.863 -4.51073E-4
836.984 -4.3134E-4
837.104 -5.62206E-4
837.225 -9.19182E-4
837.345 -0.00131
837.466 -0.00143
837.586 -0.00121
837.707 -9.04098E-4
837.827 -7.70815E-4
837.948 -7.49461E-4
838.069 -6.11946E-4
838.189 -3.6205E-4
838.31 -2.97848E-4
838.43 -6.00256E-4
838.551 -0.00101
838.671 -0.00104
838.792 -5.86957E-4
838.912 -7.1317E-5
839.033 -5.15319E-5
839.154 -6.16182E-4
839.274 -0.00128
839.395 -0.00146
839.515 -0.00107
839.636 -5.03629E-4
839.756 -2.24113E-4
839.877 -3.18576E-4
839.997 -4.97654E-4
840.118 -4.42121E-4
840.238 -1.06364E-4
840.359 2.53327E-4
840.48 3.05895E-4
840.6 -3.25628E-5
840.721 -4.58736E-4
840.841 -5.42175E-4
840.962 -2.09812E-4
841.082 1.10667E-4
841.203 -2.80738E-5
841.323 -5.11389E-4
841.444 -7.90045E-4
841.565 -5.81939E-4
841.685 -2.14905E-4
841.806 -1.38871E-4
841.926 -3.37396E-4
842.047 -4.82015E-4
842.167 -5.13121E-4
842.288 -7.05186E-4
842.408 -0.00114
842.529 -0.00146
842.649 -0.00138
842.77 -0.00112
842.891 -0.00108
843.011 -0.00129
843.132 -0.00132
843.252 -9.06445E-4
843.373 -3.02419E-4
843.493 7.23898E-5
843.614 1.70592E-4
843.734 2.97178E-4
843.855 6.29216E-4
843.976 9.3919E-4
844.096 8.36503E-4
844.217 2.0441E-4
844.337 -6.44356E-4
844.458 -0.00122
844.578 -0.00128
844.699 -0.00101
844.819 -7.78224E-4
844.94 -7.31468E-4
845.06 -6.87137E-4
845.181 -4.09264E-4
845.302 1.11572E-5
845.422 1.67955E-4
845.543 -2.2316E-4
845.663 -9.62231E-4
845.784 -0.00152
845.904 -0.00152
846.025 -0.00108
846.145 -5.97615E-4
846.266 -3.73855E-4
846.387 -4.51852E-4
846.507 -7.17241E-4
846.628 -0.001
846.748 -0.0011
846.869 -8.90788E-4
846.989 -5.34292E-4
847.11 -4.66913E-4
847.23 -9.15598E-4
847.351 -0.00151
847.471 -0.00158
847.592 -9.16384E-4
847.713 -5.08539E-5
847.833 2.89701E-4
847.954 -4.48003E-5
848.074 -5.63774E-4
848.195 -7.72242E-4
848.315 -6.64003E-4
848.436 -5.70145E-4
848.556 -6.76647E-4
848.677 -8.24407E-4
848.798 -7.59512E-4
848.918 -4.70981E-4
849.039 -2.11924E-4
849.159 -2.04328E-4
849.28 -3.88555E-4
849.4 -5.15886E-4
849.521 -4.53789E-4
849.641 -3.09713E-4
849.762 -2.29422E-4
849.883 -1.74433E-4
850.003 -6.99982E-6
850.124 2.45761E-4
850.244 3.40015E-4
850.365 9.04016E-5
850.485 -3.85534E-4
850.606 -7.50646E-4
850.726 -7.76909E-4
850.847 -5.39295E-4
850.967 -2.95501E-4
851.088 -2.08233E-4
851.209 -2.31601E-4
851.329 -2.60439E-4
851.45 -3.03894E-4
851.57 -4.22902E-4
851.691 -5.30604E-4
851.811 -4.08754E-4
851.932 6.51926E-6
852.052 4.66041E-4
852.173 6.70776E-4
852.294 5.9792E-4
852.414 4.34332E-4
852.535 2.53048E-4
852.655 -2.99141E-5
852.776 -3.67116E-4
852.896 -5.10693E-4
853.017 -3.48479E-4
853.137 -1.25024E-4
853.258 -1.14847E-4
853.378 -2.00309E-4
853.499 -2.99327E-5
853.62 4.34637E-4
853.74 7.89475E-4
853.861 6.88281E-4
853.981 2.44495E-4
854.102 -1.99173E-4
854.222 -5.33976E-4
854.343 -9.03524E-4
854.463 -0.0013
854.584 -0.00143
854.705 -9.94977E-4
854.825 -1.29953E-4
854.946 6.91872E-4
855.066 0.00105
855.187 9.2135E-4
855.307 5.95234E-4
855.428 4.15862E-4
855.548 4.53275E-4
855.669 4.16845E-4
855.79 -7.12611E-5
855.91 -9.99711E-4
856.031 -0.00181
856.151 -0.00184
856.272 -0.00108
856.392 -2.55167E-4
856.513 -1.52528E-4
856.633 -8.1978E-4
856.754 -0.00153
856.874 -0.00157
856.995 -9.1894E-4
857.116 -1.52919E-4
857.236 1.53437E-4
857.357 -8.09953E-5
857.477 -4.76591E-4
857.598 -5.91952E-4
857.718 -2.74237E-4
857.839 2.7423E-4
857.959 7.12499E-4
858.08 8.38075E-4
858.201 6.60315E-4
858.321 2.92685E-4
858.442 -1.35381E-4
858.562 -4.56121E-4
858.683 -5.01122E-4
858.803 -2.5912E-4
858.924 4.68493E-5
859.044 1.55538E-4
859.165 4.85443E-5
859.286 -6.20186E-5
859.406 -1.48378E-5
859.527 1.06249E-4
859.647 9.72562E-5
859.768 -1.15383E-4
859.888 -3.99195E-4
860.009 -5.4758E-4
860.129 -4.4613E-4
860.25 -1.57177E-4
860.37 1.33205E-4
860.491 2.65222E-4
860.612 2.29992E-4
860.732 1.35265E-4
860.853 8.84123E-5
860.973 1.38514E-4
861.094 2.84575E-4
861.214 4.48883E-4
861.335 4.68936E-4
861.455 2.60688E-4
861.576 2.15434E-5
861.697 1.04669E-4
861.817 5.81883E-4
861.938 0.00107
862.058 0.00116
862.179 9.27515E-4
862.299 7.12216E-4
862.42 5.58075E-4
862.54 1.03079E-4
862.661 -7.79524E-4
862.781 -0.00155
862.902 -0.00155
863.023 -8.2083E-4
863.143 -1.00043E-4
863.264 3.88362E-5
863.384 -2.23383E-4
863.505 -3.34907E-4
863.625 -1.16196E-4
863.746 1.31808E-4
863.866 1.34218E-4
863.987 -3.20375E-6
864.108 -6.37025E-6
864.228 1.97418E-4
864.349 4.36559E-4
864.469 5.17346E-4
864.59 3.69117E-4
864.71 3.90187E-5
864.831 -3.37962E-4
864.951 -5.70495E-4
865.072 -5.52014E-4
865.193 -3.9741E-4
865.313 -3.6066E-4
865.434 -5.50229E-4
865.554 -7.82646E-4
865.675 -7.92019E-4
865.795 -5.46865E-4
865.916 -2.67465E-4
866.036 -1.5584E-4
866.157 -2.21841E-4
866.277 -3.89952E-4
866.398 -6.29731E-4
866.519 -8.59026E-4
866.639 -8.31664E-4
866.76 -3.60273E-4
866.88 3.0243E-4
867.001 5.13051E-4
867.121 -1.30087E-4
867.242 -0.00127
867.362 -0.00209
867.483 -0.00215
867.604 -0.00179
867.724 -0.00165
867.845 -0.00191
867.965 -0.0022
868.086 -0.00208
868.206 -0.00156
868.327 -9.46581E-4
868.447 -4.94368E-4
868.568 -2.81613E-4
868.688 -2.79203E-4
868.809 -4.04067E-4
868.93 -5.02985E-4
869.05 -4.6239E-4
869.171 -3.90772E-4
869.291 -5.45297E-4
869.412 -9.68214E-4
869.532 -0.00131
869.653 -0.00118
869.773 -6.78528E-4
869.894 -3.50095E-4
870.015 -5.45621E-4
870.135 -0.00102
870.256 -0.00128
870.376 -0.00119
870.497 -0.00104
870.617 -0.0011
870.738 -0.0013
870.858 -0.00143
870.979 -0.00146
871.099 -0.00144
871.22 -0.00136
871.341 -0.00116
871.461 -8.80759E-4
871.582 -6.20071E-4
871.702 -3.77834E-4
871.823 -1.41345E-4
871.943 -6.41942E-5
872.064 -3.53232E-4
872.184 -9.09805E-4
872.305 -0.00127
872.426 -0.00105
872.546 -3.8328E-4
872.667 1.87263E-4
872.787 2.69152E-4
872.908 -3.44366E-5
873.028 -3.09896E-4
873.149 -2.87272E-4
873.269 -7.67484E-5
873.39 -1.2964E-6
873.51 -2.18585E-4
873.631 -5.50244E-4
873.752 -7.1609E-4
873.872 -6.79165E-4
873.993 -6.45533E-4
874.113 -7.21242E-4
874.234 -7.26171E-4
874.354 -4.48037E-4
874.475 2.997E-5
874.595 3.93283E-4
874.716 4.42799E-4
874.837 2.31862E-4
874.957 -8.60877E-5
875.078 -3.95581E-4
875.198 -6.12866E-4
875.319 -6.81192E-4
875.439 -6.47936E-4
875.56 -6.50071E-4
875.68 -7.72376E-4
875.801 -9.86535E-4
875.922 -0.00125
876.042 -0.00155
876.163 -0.00185
876.283 -0.002
876.404 -0.00188
876.524 -0.00151
876.645 -0.00102
876.765 -5.98632E-4
876.886 -4.03088E-4
877.006 -5.02322E-4
877.127 -7.17577E-4
877.248 -7.20698E-4
877.368 -3.92877E-4
877.489 -6.91786E-6
877.609 8.5216E-5
877.73 -1.40026E-4
877.85 -4.2551E-4
877.971 -6.40411E-4
878.091 -8.94312E-4
878.212 -0.00124
878.333 -0.0015
878.453 -0.00145
878.574 -0.00111
878.694 -6.36462E-4
878.815 -1.48278E-4
878.935 2.29068E-4
879.056 2.69119E-4
879.176 -1.75972E-4
879.297 -8.858E-4
879.417 -0.00134
879.538 -0.00118
879.659 -4.74311E-4
879.779 3.70909E-4
879.9 0.00103
880.02 0.00141
880.141 0.00158
880.261 0.00156
880.382 0.00134
880.502 9.77416E-4
880.623 5.93718E-4
880.744 2.41421E-4
880.864 -1.21582E-4
880.985 -5.20069E-4
881.105 -8.42221E-4
881.226 -9.12096E-4
881.346 -7.1146E-4
881.467 -4.34786E-4
881.587 -2.60618E-4
881.708 -1.43893E-4
881.828 7.26022E-5
881.949 3.86398E-4
882.07 6.04689E-4
882.19 5.67798E-4
882.311 3.03373E-4
882.431 -6.61537E-5
882.552 -4.51513E-4
882.672 -7.96176E-4
882.793 -0.00104
882.913 -0.00117
883.034 -0.00124
883.155 -0.00124
883.275 -0.00103
883.396 -5.25869E-4
883.516 2.07201E-5
883.637 2.02801E-4
883.757 -9.09455E-5
883.878 -4.66809E-4
883.998 -4.29001E-4
884.119 5.15878E-5
884.24 4.88397E-4
884.36 4.3698E-4
884.481 -1.57692E-5
884.601 -3.77353E-4
884.722 -3.15618E-4
884.842 2.55592E-5
884.963 2.49106E-4
885.083 1.38253E-4
885.204 -2.14826E-4
885.324 -5.97451E-4
885.445 -8.60326E-4
885.566 -9.11921E-4
885.686 -7.05022E-4
885.807 -3.16378E-4
885.927 4.21144E-5
886.048 1.97913E-4
886.168 1.91286E-4
886.289 1.72127E-4
886.409 1.68618E-4
886.53 7.43866E-5
886.651 -1.29569E-4
886.771 -2.73734E-4
886.892 -2.11693E-4
887.012 -2.7027E-5
887.133 6.50547E-5
887.253 -1.59182E-5
887.374 -1.28455E-4
887.494 -1.14344E-4
887.615 9.54047E-6
887.735 6.50845E-5
887.856 -9.55202E-5
887.977 -4.19632E-4
888.097 -6.6416E-4
888.218 -6.08597E-4
888.338 -3.02479E-4
888.459 -3.71262E-5
888.579 -1.43275E-5
888.7 -1.30087E-4
888.82 -2.06634E-4
888.941 -3.43628E-4
889.062 -7.96814E-4
889.182 -0.00148
889.303 -0.00186
889.423 -0.00152
889.544 -6.6996E-4
889.664 9.79751E-5
889.785 4.98276E-4
889.905 7.1089E-4
890.026 9.29706E-4
890.146 0.00105
890.267 9.07585E-4
890.388 5.64221E-4
890.508 2.16838E-4
890.629 -8.68477E-5
890.749 -4.26326E-4
890.87 -8.00978E-4
890.99 -0.0011
891.111 -0.00126
891.231 -0.00132
891.352 -0.00125
891.473 -0.001
891.593 -6.32804E-4
891.714 -3.64054E-4
891.834 -3.90727E-4
891.955 -6.77936E-4
892.075 -9.73251E-4
892.196 -0.00101
892.316 -7.32806E-4
892.437 -3.10969E-4
892.557 -4.61116E-5
892.678 -1.14232E-4
892.799 -4.46849E-4
892.919 -8.55334E-4
893.04 -0.00124
893.16 -0.00159
893.281 -0.00185
893.401 -0.00182
893.522 -0.00141
893.642 -8.39639E-4
893.763 -4.38757E-4
893.884 -4.04257E-4
894.004 -6.41588E-4
894.125 -8.92714E-4
894.245 -9.35458E-4
894.366 -6.91224E-4
894.486 -2.18835E-4
894.607 3.59554E-4
894.727 9.18042E-4
894.848 0.00132
894.969 0.00138
895.089 0.00102
895.21 4.54873E-4
895.33 1.69024E-4
895.451 4.20563E-4
895.571 8.82708E-4
895.692 9.44465E-4
895.812 4.30152E-4
895.933 -1.88593E-4
896.053 -3.92985E-4
896.174 -2.35148E-4
896.295 -1.43632E-4
896.415 -2.80965E-4
896.536 -4.1005E-4
896.656 -3.88458E-4
896.777 -4.38988E-4
896.897 -7.33189E-4
897.018 -9.67659E-4
897.138 -6.87506E-4
897.259 3.23616E-5
897.38 5.36148E-4
897.5 3.17961E-4
897.621 -4.21178E-4
897.741 -0.00106
897.862 -0.00123
897.982 -0.00105
898.103 -7.94511E-4
898.223 -6.00554E-4
898.344 -4.48983E-4
898.464 -3.21683E-4
898.585 -2.18697E-4
898.706 -1.29011E-4
898.826 -7.52099E-5
898.947 -1.53556E-4
899.067 -4.52872E-4
899.188 -9.21883E-4
899.308 -0.00136
899.429 -0.00153
899.549 -0.00137
899.67 -9.56967E-4
899.791 -4.66052E-4
899.911 -4.98854E-5
900.032 1.80636E-4
900.152 1.31417E-4
900.273 -2.0666E-4
900.393 -6.42076E-4
900.514 -8.42627E-4
900.634 -6.27127E-4
900.755 -1.87613E-4
900.875 8.31261E-5
900.996 -2.79173E-5
901.117 -4.13977E-4
901.237 -8.66096E-4
901.358 -0.00124
901.478 -0.00139
901.599 -0.00119
901.719 -6.82835E-4
901.84 -2.11123E-4
901.96 -4.08068E-5
902.081 -4.14103E-5
902.202 1.08235E-4
902.322 4.07446E-4
902.443 5.02747E-4
902.563 2.27321E-4
902.684 -8.75853E-5
902.804 -5.64605E-5
902.925 1.6452E-4
903.045 3.50326E-5
903.166 -6.23859E-4
903.286 -0.00132
903.407 -0.00144
903.528 -9.20232E-4
903.648 -2.71838E-4
903.769 3.84636E-5
903.889 -4.67598E-5
904.01 -3.13919E-4
904.13 -6.04779E-4
904.251 -8.7947E-4
904.371 -0.00111
904.492 -0.00124
904.613 -0.00133
904.733 -0.00145
904.854 -0.00163
904.974 -0.00176
905.095 -0.00173
905.215 -0.00152
905.336 -0.00125
905.456 -0.00101
905.577 -8.44818E-4
905.698 -7.22773E-4
905.818 -6.11588E-4
905.939 -4.85379E-4
906.059 -3.27945E-4
906.18 -1.62382E-4
906.3 -8.79504E-5
906.421 -2.25831E-4
906.541 -5.53947E-4
906.662 -8.18726E-4
906.782 -7.38654E-4
906.903 -3.60645E-4
907.024 -1.06748E-4
907.144 -3.30683E-4
907.265 -8.73845E-4
907.385 -0.00123
907.506 -0.00114
907.626 -8.49422E-4
907.747 -7.02787E-4
907.867 -6.69923E-4
907.988 -4.70836E-4
908.109 -3.49917E-5
908.229 3.7086E-4
908.35 4.57358E-4
908.47 1.96461E-4
908.591 -2.27835E-4
908.711 -5.72849E-4
908.832 -6.30658E-4
908.952 -3.28887E-4
909.073 1.48214E-4
909.193 4.39327E-4
909.314 3.2023E-4
909.435 -1.23791E-4
909.555 -6.55916E-4
909.676 -0.00112
909.796 -0.00143
909.917 -0.00148
910.037 -0.00123
910.158 -8.66231E-4
910.278 -7.07984E-4
910.399 -8.36644E-4
910.52 -9.97014E-4
910.64 -9.01401E-4
910.761 -5.81313E-4
910.881 -3.4653E-4
911.002 -4.02775E-4
911.122 -5.82695E-4
911.243 -5.07049E-4
911.363 -1.22041E-5
911.484 6.24646E-4
911.604 9.3478E-4
911.725 7.33439E-4
911.846 2.68668E-4
911.966 -1.02133E-4
912.087 -2.84646E-4
912.207 -4.28412E-4
912.328 -6.2475E-4
912.448 -8.05572E-4
912.569 -9.29993E-4
912.689 -0.00108
912.81 -0.00129
912.931 -0.00135
913.051 -0.00101
913.172 -3.41762E-4
913.292 2.88978E-4
913.413 5.20397E-4
913.533 3.38078E-4
913.654 1.72146E-5
913.774 -1.94393E-4
913.895 -2.79076E-4
914.016 -3.65324E-4
914.136 -5.08398E-4
914.257 -6.2808E-4
914.377 -6.4237E-4
914.498 -5.73996E-4
914.618 -4.69893E-4
914.739 -2.81099E-4
914.859 5.80251E-5
914.98 4.17214E-4
915.1 4.78998E-4
915.221 5.86025E-5
915.342 -6.14159E-4
915.462 -0.00104
915.583 -9.40006E-4
915.703 -5.11691E-4
915.824 -2.22247E-4
915.944 -3.02911E-4
916.065 -5.30984E-4
916.185 -5.28131E-4
916.306 -2.44901E-4
916.427 -4.37386E-5
916.547 -2.44025E-4
916.668 -6.78737E-4
916.788 -8.6616E-4
916.909 -6.21375E-4
917.029 -3.02739E-4
917.15 -3.50229E-4
917.27 -7.20449E-4
917.391 -9.68248E-4
917.511 -8.3692E-4
917.632 -5.49518E-4
917.753 -4.79694E-4
917.873 -6.94644E-4
917.994 -9.30734E-4
918.114 -9.33763E-4
918.235 -7.07492E-4
918.355 -4.56698E-4
918.476 -3.62236E-4
918.596 -4.18179E-4
918.717 -4.7411E-4
918.838 -4.55707E-4
918.958 -5.18259E-4
919.079 -8.75384E-4
919.199 -0.00144
919.32 -0.00176
919.44 -0.00146
919.561 -7.42782E-4
919.681 -2.07871E-4
919.802 -2.87127E-4
919.922 -8.1538E-4
920.043 -0.00123
920.164 -0.00111
920.284 -4.48227E-4
920.405 4.17095E-4
920.525 0.00104
920.646 0.00114
920.766 7.05853E-4
920.887 -1.65775E-6
921.007 -5.83913E-4
921.128 -7.76075E-4
921.249 -6.14323E-4
921.369 -3.99008E-4
921.49 -4.47735E-4
921.61 -8.08902E-4
921.731 -0.00119
921.851 -0.0012
921.972 -7.60887E-4
922.092 -1.98204E-4
922.213 3.26745E-5
922.333 -2.03636E-4
922.454 -5.92347E-4
922.575 -7.1026E-4
922.695 -4.64436E-4
922.816 -1.69393E-4
922.936 -1.99944E-4
923.057 -6.18979E-4
923.177 -0.00115
923.298 -0.00147
923.418 -0.00141
923.539 -0.00102
923.66 -4.71003E-4
923.78 -3.46899E-5
923.901 6.65337E-5
924.021 -1.51236E-4
924.142 -3.96412E-4
924.262 -3.98733E-4
924.383 -2.04738E-4
924.503 -1.07709E-4
924.624 -3.09411E-4
924.745 -7.46507E-4
924.865 -0.00122
924.986 -0.00156
925.106 -0.00162
925.227 -0.00136
925.347 -9.70602E-4
925.468 -7.4153E-4
925.588 -8.01373E-4
925.709 -9.74972E-4
925.829 -0.0011
925.95 -0.0013
926.071 -0.00167
926.191 -0.00194
926.312 -0.00159
926.432 -6.55163E-4
926.553 1.77E-4
926.673 2.58684E-4
926.794 -2.39901E-4
926.914 -5.92384E-4
927.035 -4.47545E-4
927.156 -1.80591E-4
927.276 -2.67237E-4
927.397 -5.67123E-4
927.517 -4.80291E-4
927.638 2.52835E-4
927.758 0.00113
927.879 0.0014
927.999 8.58832E-4
928.12 6.7804E-5
928.24 -2.50552E-4
928.361 7.74413E-5
928.482 6.11741E-4
928.602 8.65836E-4
928.723 7.61516E-4
928.843 5.42063E-4
928.964 4.11596E-4
929.084 3.73516E-4
929.205 3.36565E-4
929.325 2.33077E-4
929.446 5.02616E-5
929.567 -1.42377E-4
929.687 -1.98662E-4
929.808 -4.93899E-5
929.928 1.59841E-4
930.049 1.89047E-4
930.169 3.55393E-6
930.29 -1.96099E-4
930.41 -2.6622E-4
930.531 -2.97267E-4
930.651 -3.84998E-4
930.772 -4.01087E-4
930.893 -1.86861E-4
931.013 1.14243E-4
931.134 1.6205E-4
931.254 -1.14433E-4
931.375 -3.95276E-4
931.495 -3.93197E-4
931.616 -1.94922E-4
931.736 -5.12674E-5
931.857 1.59033E-5
931.978 1.80997E-4
932.098 4.74188E-4
932.219 6.84023E-4
932.339 6.3739E-4
932.46 4.0232E-4
932.58 1.60873E-4
932.701 9.53674E-7
932.821 -1.06372E-4
932.942 -2.22076E-4
933.062 -4.19028E-4
933.183 -7.42435E-4
933.304 -0.00111
933.424 -0.00133
933.545 -0.00127
933.665 -0.00106
933.786 -9.2015E-4
933.906 -9.40256E-4
934.027 -0.00102
934.147 -0.00105
934.268 -9.86017E-4
934.389 -8.28881E-4
934.509 -5.96702E-4
934.63 -4.05088E-4
934.75 -4.1917E-4
934.871 -6.72724E-4
934.991 -0.00102
935.112 -0.00132
935.232 -0.00154
935.353 -0.00167
935.474 -0.0016
935.594 -0.00133
935.715 -0.00105
935.835 -9.62403E-4
935.956 -9.683E-4
936.076 -7.95785E-4
936.197 -4.11354E-4
936.317 -1.08551E-4
936.438 -8.16248E-5
936.558 -1.27003E-4
936.679 5.18262E-5
936.8 3.83254E-4
936.92 5.1092E-4
937.041 2.67729E-4
937.161 -1.58634E-4
937.282 -5.27851E-4
937.402 -7.82236E-4
937.523 -8.92907E-4
937.643 -7.22893E-4
937.764 -2.31128E-4
937.885 3.16907E-4
938.005 5.5344E-4
938.126 3.8692E-4
938.246 1.3113E-6
938.367 -4.44673E-4
938.487 -9.19718E-4
938.608 -0.00134
938.728 -0.0015
938.849 -0.00132
938.97 -9.8528E-4
939.09 -7.7593E-4
939.211 -7.05026E-4
939.331 -5.56994E-4
939.452 -1.76154E-4
939.572 3.34855E-4
939.693 6.72515E-4
939.813 5.52896E-4
939.934 -5.6725E-5
940.054 -8.16669E-4
940.175 -0.00123
940.296 -0.00112
940.416 -8.03765E-4
940.537 -7.57623E-4
940.657 -0.00105
940.778 -0.00135
940.898 -0.00143
941.019 -0.00139
941.139 -0.00143
941.26 -0.00146
941.381 -0.00126
941.501 -8.79105E-4
941.622 -5.78426E-4
941.742 -5.20755E-4
941.863 -5.71124E-4
941.983 -5.0975E-4
942.104 -2.78734E-4
942.224 1.18874E-5
942.345 2.02183E-4
942.466 1.62698E-4
942.586 -1.59517E-4
942.707 -6.78029E-4
942.827 -0.0012
942.948 -0.00156
943.068 -0.00164
943.189 -0.0014
943.309 -8.82078E-4
943.43 -3.25132E-4
943.55 -6.83703E-5
943.671 -2.22523E-4
943.792 -5.05403E-4
943.912 -5.42048E-4
944.033 -3.05347E-4
944.153 -1.12902E-4
944.274 -1.85762E-4
944.394 -3.73654E-4
944.515 -4.14092E-4
944.635 -3.30828E-4
944.756 -3.93026E-4
944.877 -6.81411E-4
944.997 -8.73357E-4
945.118 -5.995E-4
945.238 3.32743E-5
945.359 4.32968E-4
945.479 1.61171E-4
945.6 -5.23183E-4
945.72 -9.18526E-4
945.841 -7.11966E-4
945.961 -3.64054E-4
946.082 -5.0845E-4
946.203 -0.0011
946.323 -0.00147
946.444 -0.00118
946.564 -6.41674E-4
946.685 -4.77187E-4
946.805 -7.15822E-4
946.926 -7.94284E-4
947.046 -3.83738E-4
947.167 1.67336E-4
947.288 3.33112E-4
947.408 8.6762E-5
947.529 -1.59997E-4
947.649 -1.36878E-4
947.77 8.70228E-6
947.89 5.68107E-6
948.011 -1.92765E-4
948.131 -4.30476E-4
948.252 -5.68751E-4
948.372 -5.68096E-4
948.493 -4.45187E-4
948.614 -2.54747E-4
948.734 -9.25548E-5
948.855 -4.72777E-5
948.975 -1.4279E-4
949.096 -3.4596E-4
949.216 -6.02331E-4
949.337 -8.24653E-4
949.457 -8.80804E-4
949.578 -6.76308E-4
949.699 -2.73298E-4
949.819 1.23523E-4
949.94 3.19205E-4
950.06 2.6546E-4
950.181 4.35039E-5
950.301 -2.38858E-4
950.422 -5.1073E-4
950.542 -7.45971E-4
950.663 -9.46458E-4
950.784 -0.00112
950.904 -0.00122
951.025 -0.00113
951.145 -8.42538E-4
951.266 -5.29286E-4
951.386 -4.89496E-4
951.507 -7.61002E-4
951.627 -9.76786E-4
951.748 -7.46004E-4
951.868 -1.68689E-4
951.989 2.23186E-4
952.11 8.99248E-5
952.23 -3.227E-4
952.351 -5.4251E-4
952.471 -4.46286E-4
952.592 -2.58349E-4
952.712 -1.16553E-4
952.833 6.00815E-5
952.953 2.49907E-4
953.074 2.02511E-4
953.195 -2.13336E-4
953.315 -7.22788E-4
953.436 -9.35093E-4
953.556 -7.83123E-4
953.677 -4.80309E-4
953.797 -1.44973E-4
953.918 2.77761E-4
954.038 7.30693E-4
954.159 9.6764E-4
954.279 8.61213E-4
954.4 6.13313E-4
954.521 4.90326E-4
954.641 4.59615E-4
954.762 2.63281E-4
954.882 -1.9012E-4
955.003 -6.609E-4
955.123 -8.39476E-4
955.244 -6.4154E-4
955.364 -2.21968E-4
955.485 2.15758E-4
955.606 5.52606E-4
955.726 7.45337E-4
955.847 7.56532E-4
955.967 5.50009E-4
956.088 1.48546E-4
956.208 -3.23538E-4
956.329 -6.66428E-4
956.449 -7.10148E-4
956.57 -4.14129E-4
956.69 1.02784E-4
956.811 6.12944E-4
956.932 8.81486E-4
957.052 7.82136E-4
957.173 4.03292E-4
957.293 2.53357E-5
957.414 -8.80063E-5
957.534 7.19726E-5
957.655 2.44807E-4
957.775 2.00007E-4
957.896 -2.2985E-6
958.017 -9.26815E-5
958.137 5.52386E-5
958.258 2.55898E-4
958.378 2.51204E-4
958.499 3.83258E-5
958.619 -1.36502E-4
958.74 -1.13469E-4
958.86 -6.03609E-5
958.981 -2.91426E-4
959.102 -8.73968E-4
959.222 -0.00147
959.343 -0.0016
959.463 -0.00112
959.584 -3.34006E-4
959.704 2.19978E-4
959.825 2.97002E-4
959.945 8.83378E-5
960.066 -9.40003E-5
960.186 -1.92352E-4
960.307 -3.69526E-4
960.428 -6.33556E-4
960.548 -7.11016E-4
960.669 -3.99742E-4
960.789 7.36788E-5
960.91 2.31493E-4
961.03 -1.19109E-4
961.151 -6.72165E-4
961.271 -9.67491E-4
961.392 -8.48349E-4
961.513 -5.48381E-4
961.633 -3.98889E-4
961.754 -5.14861E-4
961.874 -7.29356E-4
961.995 -7.97234E-4
962.115 -6.70787E-4
962.236 -5.66546E-4
962.356 -7.16794E-4
962.477 -0.00107
962.597 -0.00134
962.718 -0.00134
962.839 -0.00124
962.959 -0.00136
963.08 -0.00175
963.2 -0.00207
963.321 -0.0019
963.441 -0.0012
963.562 -3.72898E-4
963.682 7.85924E-5
963.803 -3.14787E-6
963.924 -2.96589E-4
964.044 -4.08914E-4
964.165 -3.15443E-4
964.285 -2.89276E-4
964.406 -4.44673E-4
964.526 -5.73531E-4
964.647 -5.24439E-4
964.767 -5.18259E-4
964.888 -8.49292E-4
965.008 -0.00137
965.129 -0.00157
965.25 -0.00118
965.37 -4.9746E-4
965.491 -4.79892E-5
965.611 -3.27863E-5
965.732 -2.67036E-4
965.852 -5.14194E-4
965.973 -6.82186E-4
966.093 -7.35622E-4
966.214 -6.22071E-4
966.335 -3.77171E-4
966.455 -2.01833E-4
966.576 -2.98604E-4
966.696 -6.04752E-4
966.817 -7.79428E-4
966.937 -5.45319E-4
967.058 -3.73945E-5
967.178 2.89213E-4
967.299 1.46456E-4
967.419 -2.82224E-4
967.54 -6.12222E-4
967.661 -7.24927E-4
967.781 -7.84539E-4
967.902 -8.53103E-4
968.022 -7.64556E-4
968.143 -4.83327E-4
968.263 -3.33443E-4
968.384 -6.20618E-4
968.504 -0.00114
968.625 -0.00135
968.746 -0.00101
968.866 -4.19609E-4
968.987 -3.64669E-5
969.107 4.32692E-5
969.228 -1.29789E-5
969.348 -1.02967E-4
969.469 -2.61221E-4
969.589 -4.60278E-4
969.71 -5.7951E-4
969.831 -5.90023E-4
969.951 -5.99042E-4
970.072 -6.4335E-4
970.192 -5.70782E-4
970.313 -2.41689E-4
970.433 2.23398E-4
970.554 5.21515E-4
970.674 4.94603E-4
970.795 2.65371E-4
970.915 2.90982E-5
971.036 -1.94374E-4
971.157 -4.95251E-4
971.277 -8.26493E-4
971.398 -9.46976E-4
971.518 -6.78115E-4
971.639 -1.3816E-4
971.759 3.51775E-4
971.88 5.77066E-4
972 6.16737E-4
972.121 7.07161E-4
972.242 9.66724E-4
972.362 0.00126
972.483 0.00134
972.603 0.00105
972.724 5.26998E-4
972.844 2.55816E-5
972.965 -2.6473E-4
973.085 -3.28384E-4
973.206 -2.34127E-4
973.326 -3.89963E-5
973.447 1.65612E-4
973.568 2.15292E-4
973.688 2.69711E-5
973.809 -2.41291E-4
973.929 -3.02959E-4
974.05 -7.63163E-5
974.17 2.07588E-4
974.291 2.81684E-4
974.411 1.62728E-4
974.532 8.57264E-5
974.653 1.61722E-4
974.773 1.9338E-4
974.894 -1.39169E-4
975.014 -9.24226E-4
975.135 -0.00185
975.255 -0.0024
975.376 -0.00223
975.496 -0.00152
975.617 -8.13428E-4
975.737 -6.16442E-4
975.858 -9.35894E-4
975.979 -0.00137
976.099 -0.00151
976.22 -0.00123
976.34 -7.09921E-4
976.461 -1.94423E-4
976.581 1.52878E-4
976.702 3.29476E-4
976.822 4.32201E-4
976.943 4.77102E-4
977.064 3.39925E-4
977.184 -1.8917E-5
977.305 -3.0642E-4
977.425 -1.04055E-4
977.546 5.8848E-4
977.666 0.00117
977.787 0.00106
977.907 4.05286E-4
978.028 2.1439E-5
978.148 4.65602E-4
978.269 0.00137
978.39 0.00179
978.51 0.00118
978.631 -9.11988E-5
978.751 -0.00114
978.872 -0.00143
978.992 -0.00108
979.113 -6.231E-4
979.233 -4.01773E-4
979.354 -3.57058E-4
979.475 -2.92458E-4
979.595 -2.04861E-4
979.716 -2.5988E-4
979.836 -4.92409E-4
979.957 -6.81352E-4
980.077 -5.88324E-4
980.198 -2.41388E-4
980.318 9.92268E-5
980.439 2.09458E-4
980.56 6.50063E-5
980.68 -2.29493E-4
980.801 -5.30727E-4
980.921 -6.89585E-4
981.042 -6.22876E-4
981.162 -4.44718E-4
981.283 -4.31493E-4
981.403 -7.28849E-4
981.524 -0.00109
981.644 -0.00105
981.765 -3.62713E-4
981.886 6.5599E-4
982.006 0.00134
982.127 0.00126
982.247 5.61051E-4
982.368 -2.01475E-4
982.488 -5.62787E-4
982.609 -5.34795E-4
982.729 -4.38478E-4
982.85 -4.60804E-4
982.971 -4.9394E-4
983.091 -4.2662E-4
983.212 -4.16711E-4
983.332 -6.86131E-4
983.453 -0.0011
983.573 -0.00122
983.694 -8.05642E-4
983.814 -2.45374E-4
983.935 -1.14162E-4
984.055 -5.36736E-4
984.176 -0.00108
984.297 -0.00129
984.417 -0.00121
984.538 -0.00125
984.658 -0.00162
984.779 -0.00212
984.899 -0.00231
985.02 -0.00194
985.14 -0.00122
985.261 -6.65255E-4
985.382 -6.32256E-4
985.502 -9.96239E-4
985.623 -0.00128
985.743 -0.00118
985.864 -8.70228E-4
985.984 -6.90673E-4
986.105 -6.36391E-4
986.225 -3.55147E-4
986.346 2.99551E-4
986.466 9.2601E-4
986.587 9.83659E-4
986.708 4.5073E-4
986.828 -1.28411E-4
986.949 -2.71864E-4
987.069 -5.16102E-5
987.19 1.4852E-4
987.31 1.84748E-4
987.431 2.62331E-4
987.551 5.04326E-4
987.672 6.61656E-4
987.793 3.84353E-4
987.913 -3.14698E-4
988.034 -0.00102
988.154 -0.00133
988.275 -0.00124
988.395 -0.00105
988.516 -0.001
988.636 -0.00112
988.757 -0.00121
988.878 -0.00106
988.998 -6.80432E-4
989.119 -3.07411E-4
989.239 -2.31173E-4
989.36 -5.04807E-4
989.48 -8.37356E-4
989.601 -8.34364E-4
989.721 -3.77882E-4
989.842 2.46827E-4
989.962 6.10285E-4
990.083 5.30303E-4
990.204 1.90116E-4
990.324 -1.00188E-4
990.445 -2.21375E-4
990.565 -2.94589E-4
990.686 -4.19468E-4
990.806 -4.8596E-4
990.927 -3.44392E-4
991.047 -1.01365E-4
991.168 -6.25253E-5
991.289 -3.36029E-4
991.409 -6.76673E-4
991.53 -8.5371E-4
991.65 -0.00101
991.771 -0.00139
991.891 -0.00187
992.012 -0.00195
992.132 -0.00148
992.253 -8.87863E-4
992.373 -6.75175E-4
992.494 -7.75561E-4
992.615 -7.98266E-4
992.735 -6.77321E-4
992.856 -7.16954E-4
992.976 -9.80686E-4
993.097 -0.00103
993.217 -4.71666E-4
993.338 3.96952E-4
993.458 8.50622E-4
993.579 5.19719E-4
993.7 -2.42341E-4
993.82 -7.70818E-4
993.941 -7.18918E-4
994.061 -2.72911E-4
994.182 8.28281E-5
994.302 -2.77981E-5
994.423 -5.65894E-4
994.543 -0.00112
994.664 -0.00125
994.784 -9.51432E-4
994.905 -5.73222E-4
995.026 -4.41931E-4
995.146 -4.93184E-4
995.267 -4.24124E-4
995.387 -1.25304E-4
995.508 1.61372E-4
995.628 1.42705E-4
995.749 -1.48643E-4
995.869 -3.8062E-4
995.99 -3.21001E-4
996.111 -1.17205E-4
996.231 -1.21087E-4
996.352 -4.66231E-4
996.472 -9.21939E-4
996.593 -0.00119
996.713 -0.00122
996.834 -0.00118
996.954 -0.00112
997.075 -9.11988E-4
997.195 -5.02866E-4
997.316 -1.28224E-4
997.437 -7.86074E-5
997.557 -3.07281E-4
997.678 -4.03523E-4
997.798 -9.14559E-6
997.919 7.66013E-4
998.039 0.00138
998.16 0.00132
998.28 5.55731E-4
998.401 -4.51628E-4
998.522 -0.00118
998.642 -0.00145
998.763 -0.00143
998.883 -0.0013
999.004 -0.00103
999.124 -5.94608E-4
999.245 -1.88768E-4
999.365 -9.42498E-5
999.486 -3.64196E-4
999.607 -7.82486E-4
999.727 -0.00115
999.848 -0.00144
999.968 -0.00164
1000.09 -0.00162
1000.21 -0.00129
1000.33 -8.35296E-4
1000.45 -6.11126E-4
1000.57 -7.38628E-4
1000.69 -9.786E-4
1000.81 -0.00103
1000.93 -8.49683E-4
1001.05 -6.90483E-4
1001.17 -7.50095E-4
1001.29 -9.60521E-4
1001.41 -0.00105
1001.54 -8.31414E-4
1001.66 -4.0669E-4
1001.78 -9.21376E-5
1001.9 -9.5211E-5
1002.02 -3.01939E-4
1002.14 -4.28297E-4
1002.26 -3.66658E-4
1002.38 -2.93728E-4
1002.5 -4.18741E-4
1002.62 -7.2825E-4
1002.74 -0.00105
1002.86 -0.00126
1002.98 -0.00136
1003.1 -0.0013
1003.22 -0.001
1003.34 -5.39094E-4
1003.46 -1.61041E-4
1003.58 -9.22941E-5
1003.71 -2.73313E-4
1003.83 -4.56724E-4
1003.95 -5.20952E-4
1004.07 -5.52803E-4
1004.19 -5.91815E-4
1004.31 -4.42374E-4
1004.43 1.16717E-4
1004.55 9.62447E-4
1004.67 0.00162
1004.79 0.00167
1004.91 0.00114
1005.03 4.2998E-4
1005.15 -1.20103E-5
1005.27 -2.83122E-5
1005.39 2.25186E-4
1005.51 4.07465E-4
1005.63 2.0504E-4
1005.75 -4.38206E-4
1005.88 -0.0012
1006 -0.00157
1006.12 -0.00128
1006.24 -5.22967E-4
1006.36 1.51064E-4
1006.48 3.2229E-4
1006.6 -3.20524E-5
1006.72 -6.04011E-4
1006.84 -0.00104
1006.96 -0.00117
1007.08 -0.0011
1007.2 -0.00104
1007.32 -0.00105
1007.44 -0.00102
1007.56 -7.95774E-4
1007.68 -4.18864E-4
1007.8 -7.22781E-5
1007.92 1.34964E-4
1008.05 2.30767E-4
1008.17 2.22411E-4
1008.29 1.98297E-5
1008.41 -3.83269E-4
1008.53 -7.83622E-4
1008.65 -9.78321E-4
1008.77 -9.90052E-4
1008.89 -9.12946E-4
1009.01 -6.18614E-4
1009.13 8.80584E-5
1009.25 9.57567E-4
1009.37 0.00127
1009.49 5.82304E-4
1009.61 -6.47604E-4
1009.73 -0.00142
1009.85 -0.00126
1009.97 -5.76824E-4
1010.09 -5.99921E-5
1010.21 8.99956E-5
1010.34 1.03492E-4
1010.46 9.99197E-5
1010.58 -9.74424E-5
1010.7 -5.9472E-4
1010.82 -0.00115
1010.94 -0.0014
1011.06 -0.00123
1011.18 -8.69613E-4
1011.3 -6.37494E-4
1011.42 -6.32443E-4
1011.54 -7.33525E-4
1011.66 -7.79882E-4
1011.78 -7.41966E-4
1011.9 -7.31569E-4
1012.02 -8.61064E-4
1012.14 -0.0011
1012.26 -0.00127
1012.38 -0.00123
1012.51 -0.00104
1012.63 -8.92676E-4
1012.75 -8.8001E-4
1012.87 -8.71398E-4
1012.99 -6.54057E-4
1013.11 -2.55872E-4
1013.23 2.44752E-6
1013.35 -1.33019E-4
1013.47 -4.91451E-4
1013.59 -6.63344E-4
1013.71 -5.22453E-4
1013.83 -3.97265E-4
1013.95 -6.19344E-4
1014.07 -0.00105
1014.19 -0.00122
1014.31 -8.54194E-4
1014.43 -1.18498E-4
1014.55 6.19933E-4
1014.68 0.00103
1014.8 9.01792E-4
1014.92 2.50306E-4
1015.04 -4.99334E-4
1015.16 -7.3345E-4
1015.28 -2.77143E-4
1015.4 3.27315E-4
1015.52 3.9747E-4
1015.64 -7.46213E-5
1015.76 -4.55983E-4
1015.88 -3.195E-4
1016 3.48911E-5
1016.12 1.32546E-5
1016.24 -5.2147E-4
1016.36 -0.00114
1016.48 -0.00138
1016.6 -0.00115
1016.72 -6.41264E-4
1016.85 -1.2501E-4
1016.97 2.55648E-4
1017.09 4.91261E-4
1017.21 7.02128E-4
1017.33 9.95349E-4
1017.45 0.00126
1017.57 0.00119
1017.69 6.54183E-4
1017.81 -4.31761E-5
1017.93 -3.85873E-4
1018.05 -2.2433E-4
1018.17 4.29414E-5
1018.29 -5.7999E-5
1018.41 -4.89037E-4
1018.53 -7.57165E-4
1018.65 -5.12883E-4
1018.77 5.50821E-5
1018.89 4.80857E-4
1019.02 5.39657E-4
1019.14 3.71527E-4
1019.26 1.89424E-4
1019.38 4.28706E-5
1019.5 -1.16333E-4
1019.62 -3.07325E-4
1019.74 -5.56186E-4
1019.86 -9.0827E-4
1019.98 -0.00128
1020.1 -0.00142
1020.22 -0.00112
1020.34 -5.96464E-4
1020.46 -2.65647E-4
1020.58 -3.02974E-4
1020.7 -4.73253E-4
1020.82 -5.44861E-4
1020.94 -6.4218E-4
1021.06 -9.98396E-4
1021.19 -0.00149
1021.31 -0.00172
1021.43 -0.00153
1021.55 -0.00122
1021.67 -0.00117
1021.79 -0.0014
1021.91 -0.00168
1022.03 -0.00186
1022.15 -0.00189
1022.27 -0.00165
1022.39 -0.00107
1022.51 -3.84733E-4
1022.63 -5.59911E-5
1022.75 -2.79013E-4
1022.87 -7.39615E-4
1022.99 -9.43977E-4
1023.11 -6.89439E-4
1023.23 -1.45651E-4
1023.36 3.90809E-4
1023.48 6.90535E-4
1023.6 6.52622E-4
1023.72 3.27609E-4
1023.84 -1.17347E-4
1023.96 -5.36699E-4
1024.08 -8.76527E-4
1024.2 -0.00104
1024.32 -8.30416E-4
1024.44 -2.17248E-4
1024.56 4.61437E-4
1024.68 7.55522E-4
1024.8 5.8141E-4
1024.92 2.27697E-4
1025.04 -9.45739E-5
1025.16 -4.3121E-4
1025.28 -7.43028E-4
1025.4 -6.96432E-4
1025.52 -6.98529E-5
1025.65 8.18569E-4
1025.77 0.0014
1025.89 0.00149
1026.01 0.00139
1026.13 0.00131
1026.25 0.00109
1026.37 5.78504E-4
1026.49 -5.32046E-5
1026.61 -5.37079E-4
1026.73 -8.43208E-4
1026.85 -0.00109
1026.97 -0.00125
1027.09 -0.0012
1027.21 -9.6982E-4
1027.33 -7.93252E-4
1027.45 -7.29609E-4
1027.57 -5.94921E-4
1027.69 -2.60945E-4
1027.82 1.44765E-4
1027.94 4.53763E-4
1028.06 7.09176E-4
1028.18 0.00101
1028.3 0.00122
1028.42 0.00107
1028.54 5.29509E-4
1028.66 -1.08138E-4
1028.78 -5.04501E-4
1028.9 -5.40104E-4
1029.02 -2.33095E-4
1029.14 3.37895E-4
1029.26 8.79459E-4
1029.38 8.77514E-4
1029.5 6.63362E-5
1029.62 -0.00108
1029.74 -0.00163
1029.86 -0.0011
1029.99 1.30981E-5
1030.11 7.98177E-4
1030.23 8.3299E-4
1030.35 3.76817E-4
1030.47 -1.40321E-4
1030.59 -5.11229E-4
1030.71 -6.56214E-4
1030.83 -4.84027E-4
1030.95 -7.38986E-5
1031.07 2.05662E-4
1031.19 1.67601E-5
1031.31 -5.4507E-4
1031.43 -0.00105
1031.55 -0.00119
1031.67 -9.89236E-4
1031.79 -5.14664E-4
1031.91 2.26554E-4
1032.03 0.0011
1032.16 0.00171
1032.28 0.00172
1032.4 0.00125
1032.52 7.15259E-4
1032.64 4.14558E-4
1032.76 2.80477E-4
1032.88 9.60976E-5
1033 -2.23983E-4
1033.12 -5.87888E-4
1033.24 -8.51523E-4
1033.36 -9.45415E-4
1033.48 -9.80027E-4
1033.6 -0.00121
1033.72 -0.00175
1033.84 -0.00228
1033.96 -0.00224
1034.08 -0.00145
1034.2 -4.49173E-4
1034.33 5.0988E-5
1034.45 -1.28228E-4
1034.57 -5.3354E-4
1034.69 -6.74404E-4
1034.81 -4.93228E-4
1034.93 -2.68705E-4
1035.05 -2.58375E-4
1035.17 -5.12108E-4
1035.29 -8.85762E-4
1035.41 -0.00115
1035.53 -0.00118
1035.65 -0.00115
1035.77 -0.0013
1035.89 -0.00164
1036.01 -0.00182
1036.13 -0.00162
1036.25 -0.00126
1036.37 -0.00118
1036.49 -0.0014
1036.62 -0.00163
1036.74 -0.00168
1036.86 -0.00169
1036.98 -0.00179
1037.1 -0.00182
1037.22 -0.00163
1037.34 -0.00141
1037.46 -0.00151
1037.58 -0.00189
1037.7 -0.00212
1037.82 -0.00186
1037.94 -0.00133
1038.06 -9.66687E-4
1038.18 -0.00102
1038.3 -0.00129
1038.42 -0.00143
1038.54 -0.00133
1038.66 -0.0012
1038.79 -0.00137
1038.91 -0.00187
1039.03 -0.00225
1039.15 -0.00202
1039.27 -0.00123
1039.39 -5.17674E-4
1039.51 -4.25771E-4
1039.63 -8.33679E-4
1039.75 -0.00117
1039.87 -0.00115
1039.99 -9.90208E-4
1040.11 -9.67223E-4
1040.23 -9.45825E-4
1040.35 -6.4081E-4
1040.47 -8.94293E-5
1040.59 3.57844E-4
1040.71 4.61943E-4
1040.83 3.04304E-4
1040.96 7.64802E-5
1041.08 -1.09278E-4
1041.2 -1.69396E-4
1041.32 -4.59291E-5
1041.44 1.42016E-4
1041.56 1.02494E-4
1041.68 -2.91254E-4
1041.8 -7.82985E-4
1041.92 -0.00102
1042.04 -9.91143E-4
1042.16 -9.32727E-4
1042.28 -9.19819E-4
1042.4 -6.99081E-4
1042.52 -7.11791E-5
1042.64 7.52926E-4
1042.76 0.00131
1042.88 0.00132
1043 8.56262E-4
1043.13 1.76966E-4
1043.25 -4.78666E-4
1043.37 -9.25161E-4
1043.49 -0.00105
1043.61 -8.47083E-4
1043.73 -4.93351E-4
1043.85 -2.8266E-4
1043.97 -4.90289E-4
1044.09 -0.00114
1044.21 -0.00184
1044.33 -0.00204
1044.45 -0.00145
1044.57 -4.5858E-4
1044.69 2.30592E-4
1044.81 1.76266E-4
1044.93 -4.39361E-4
1045.05 -0.00109
1045.17 -0.0014
1045.3 -0.00133
1045.42 -0.00104
1045.54 -7.59847E-4
1045.66 -6.90836E-4
1045.78 -9.32522E-4
1045.9 -0.00137
1046.02 -0.00171
1046.14 -0.00171
1046.26 -0.00137
1046.38 -9.06631E-4
1046.5 -5.08085E-4
1046.62 -2.2839E-4
1046.74 -4.76837E-5
1046.86 4.39137E-5
1046.98 8.38228E-5
1047.1 2.0352E-4
1047.22 5.15472E-4
1047.34 9.14026E-4
1047.47 0.00109
1047.59 8.60553E-4
1047.71 3.95324E-4
1047.83 7.24234E-5
1047.95 5.4244E-5
1048.07 1.52308E-4
1048.19 1.1823E-4
1048.31 -6.11804E-5
1048.43 -2.43466E-4
1048.55 -3.98204E-4
1048.67 -6.06764E-4
1048.79 -8.2352E-4
1048.91 -8.14483E-4
1049.03 -4.2567E-4
1049.15 1.81656E-4
1049.27 6.54634E-4
1049.39 7.63468E-4
1049.51 5.08394E-4
1049.64 1.76877E-5
1049.76 -5.15312E-4
1049.88 -8.1218E-4
1050 -6.29839E-4
1050.12 -8.72463E-6
1050.24 6.68008E-4
1050.36 9.84035E-4
1050.48 8.52842E-4
1050.6 5.12425E-4
1050.72 2.37897E-4
1050.84 1.4529E-4
1050.96 2.29664E-4
1051.08 4.37424E-4
1051.2 6.48003E-4
1051.32 7.01036E-4
1051.44 5.39768E-4
1051.56 2.81084E-4
1051.68 7.99596E-5
1051.8 -2.73697E-5
1051.93 -8.41655E-5
1052.05 -1.06588E-4
1052.17 -1.19288E-4
1052.29 -2.52593E-4
1052.41 -6.24567E-4
1052.53 -0.00108
1052.65 -0.00122
1052.77 -8.34476E-4
1052.89 -2.18838E-4
1053.01 4.34294E-5
1053.13 -2.79628E-4
1053.25 -8.01306E-4
1053.37 -9.49204E-4
1053.49 -5.73032E-4
1053.61 -4.86113E-5
1053.73 1.74109E-4
1053.85 -1.08667E-5
1053.97 -4.0628E-4
1054.1 -8.51005E-4
1054.22 -0.00132
1054.34 -0.00169
1054.46 -0.00167
1054.58 -0.00111
1054.7 -3.02486E-4
1054.82 1.52245E-4
1054.94 -5.03585E-5
1055.06 -5.81224E-4
1055.18 -8.41565E-4
1055.3 -5.79476E-4
1055.42 -7.65286E-5
1055.54 2.15136E-4
1055.66 9.4723E-5
1055.78 -2.96671E-4
1055.9 -6.64808E-4
1056.02 -7.70707E-4
1056.14 -5.4938E-4
1056.27 -1.57546E-4
1056.39 1.11982E-4
1056.51 4.85145E-5
1056.63 -2.86918E-4
1056.75 -6.22094E-4
1056.87 -7.3472E-4
1056.99 -6.22686E-4
1057.11 -4.30305E-4
1057.23 -2.66898E-4
1057.35 -1.60825E-4
1057.47 -1.5768E-4
1057.59 -3.51213E-4
1057.71 -7.44049E-4
1057.83 -0.00113
1057.95 -0.0012
1058.07 -8.78744E-4
1058.19 -3.82401E-4
1058.31 -3.14005E-5
1058.44 7.05756E-5
1058.56 7.96355E-5
1058.68 2.02399E-4
1058.8 4.77813E-4
1058.92 7.38338E-4
1059.04 7.15263E-4
1059.16 2.32942E-4
1059.28 -5.79592E-4
1059.4 -0.00127
1059.52 -0.00141
1059.64 -0.00102
1059.76 -5.36177E-4
1059.88 -3.40085E-4
1060 -3.42406E-4
1060.12 -2.42006E-4
1060.24 -4.45843E-5
1060.36 -8.75257E-5
1060.48 -5.33473E-4
1060.61 -0.0011
1060.73 -0.00144
1060.85 -0.00155
1060.97 -0.00165
1061.09 -0.00167
1061.21 -0.00131
1061.33 -5.50494E-4
1061.45 9.71816E-5
1061.57 1.95354E-4
1061.69 -3.07225E-5
1061.81 3.25292E-5
1061.93 5.35484E-4
1062.05 9.15617E-4
1062.17 6.07409E-4
1062.29 -2.04194E-4
1062.41 -7.76678E-4
1062.53 -6.93779E-4
1062.65 -2.88535E-4
1062.78 -1.59346E-4
1062.9 -4.68779E-4
1063.02 -8.5694E-4
1063.14 -9.30879E-4
1063.26 -6.49139E-4
1063.38 -2.40482E-4
1063.5 8.76747E-5
1063.62 2.91619E-4
1063.74 4.51241E-4
1063.86 6.42858E-4
1063.98 8.09912E-4
1064.1 7.2765E-4
1064.22 1.93831E-4
1064.34 -6.648E-4
1064.46 -0.00136
1064.58 -0.00145
1064.7 -9.89061E-4
1064.82 -4.1461E-4
1064.95 -5.09433E-5
1065.07 1.06342E-4
1065.19 1.33324E-4
1065.31 -3.9164E-5
1065.43 -4.30185E-4
1065.55 -7.8465E-4
1065.67 -8.05177E-4
1065.79 -5.59263E-4
1065.91 -3.83757E-4
1066.03 -3.79089E-4
1066.15 -2.8814E-4
1066.27 3.78117E-6
1066.39 1.31574E-4
1066.51 -3.03324E-4
1066.63 -0.00112
1066.75 -0.00169
1066.87 -0.00171
1066.99 -0.00142
1067.11 -0.00113
1067.24 -7.98836E-4
1067.36 -3.52219E-4
1067.48 -7.13579E-5
1067.6 -3.11282E-4
1067.72 -8.60441E-4
1067.84 -0.00101
1067.96 -4.3257E-4
1068.08 3.78005E-4
1068.2 6.53464E-4
1068.32 2.844E-4
1068.44 -1.66349E-4
1068.56 -2.42442E-4
1068.68 -6.85938E-5
1068.8 2.19345E-5
1068.92 -2.09436E-5
1069.04 -6.50324E-5
1069.16 -1.94408E-4
1069.28 -6.1499E-4
1069.41 -0.00117
1069.53 -0.00133
1069.65 -7.93785E-4
1069.77 -3.28273E-5
1069.89 1.78438E-4
1070.01 -3.35794E-4
1070.13 -9.02656E-4
1070.25 -7.63327E-4
1070.37 7.18832E-5
1070.49 8.41781E-4
1070.61 8.67814E-4
1070.73 1.94412E-4
1070.85 -5.68725E-4
1070.97 -8.98529E-4
1071.09 -7.93509E-4
1071.21 -6.01273E-4
1071.33 -5.64177E-4
1071.45 -6.15552E-4
1071.58 -5.72532E-4
1071.7 -3.94836E-4
1071.82 -1.71706E-4
1071.94 8.27871E-5
1072.06 4.78182E-4
1072.18 0.00105
1072.3 0.00157
1072.42 0.0017
1072.54 0.00131
1072.66 6.77563E-4
1072.78 1.71341E-4
1072.9 -1.05336E-4
1073.02 -4.25674E-4
1073.14 -0.00105
1073.26 -0.00176
1073.38 -0.00196
1073.5 -0.00131
1073.62 -2.58498E-4
1073.75 3.51399E-4
1073.87 1.88075E-4
1073.99 -2.72557E-4
1074.11 -3.71806E-4
1074.23 -2.48477E-5
1074.35 3.22934E-4
1074.47 3.08774E-4
1074.59 -1.05873E-5
1074.71 -3.97597E-4
1074.83 -7.55478E-4
1074.95 -0.00112
1075.07 -0.00149
1075.19 -0.0018
1075.31 -0.0019
1075.43 -0.00162
1075.55 -9.8782E-4
1075.67 -3.03406E-4
1075.79 3.58745E-5
1075.92 -1.32807E-5
1076.04 -1.03649E-4
1076.16 -1.11237E-5
1076.28 5.45606E-5
1076.4 -1.68771E-4
1076.52 -4.88725E-4
1076.64 -4.88508E-4
1076.76 -1.49459E-4
1076.88 1.22167E-4
1077 1.3677E-4
1077.12 2.09033E-4
1077.24 5.92727E-4
1077.36 9.53093E-4
1077.48 7.41638E-4
1077.6 -4.63352E-5
1077.72 -8.22216E-4
1077.84 -0.00111
1077.96 -0.00101
1078.09 -8.80312E-4
1078.21 -8.22641E-4
1078.33 -6.86478E-4
1078.45 -4.38213E-4
1078.57 -3.11133E-4
1078.69 -5.34657E-4
1078.81 -0.001
1078.93 -0.00129
1079.05 -0.00102
1079.17 -2.492E-4
1079.29 5.66617E-4
1079.41 0.00101
1079.53 0.0011
1079.65 0.00114
1079.77 0.00127
1079.89 0.0013
1080.01 0.00108
1080.13 7.76298E-4
1080.26 5.74891E-4
1080.38 3.54022E-4
1080.5 -1.86495E-4
1080.62 -0.00101
1080.74 -0.00162
1080.86 -0.00156
1080.98 -8.8504E-4
1081.1 -7.23153E-5
1081.22 4.5101E-4
1081.34 5.31889E-4
1081.46 1.81854E-4
1081.58 -5.06617E-4
1081.7 -0.00126
1081.82 -0.00165
1081.94 -0.00144
1082.06 -8.72135E-4
1082.18 -4.9156E-4
1082.3 -6.39707E-4
1082.42 -0.0011
1082.55 -0.00134
1082.67 -0.00106
1082.79 -5.02869E-4
1082.91 -1.3005E-4
1083.03 -2.00469E-4
1083.15 -5.77565E-4
1083.27 -9.20381E-4
1083.39 -9.43724E-4
1083.51 -5.45658E-4
1083.63 1.31018E-4
1083.75 6.81471E-4
1083.87 6.54645E-4
1083.99 -3.64296E-5
1084.11 -9.29285E-4
1084.23 -0.00142
1084.35 -0.00138
1084.47 -0.0012
1084.59 -0.0013
1084.72 -0.00157
1084.84 -0.00158
1084.96 -0.00111
1085.08 -3.30374E-4
1085.2 3.42857E-4
1085.32 6.17955E-4
1085.44 4.41834E-4
1085.56 -1.76802E-5
1085.68 -4.89999E-4
1085.8 -8.31716E-4
1085.92 -0.00114
1086.04 -0.0015
1086.16 -0.00175
1086.28 -0.00154
1086.4 -9.02344E-4
1086.52 -3.24871E-4
1086.64 -2.07461E-4
1086.76 -3.64106E-4
1086.89 -3.55151E-4
1087.01 -1.74213E-4
1087.13 -2.45385E-4
1087.25 -7.24245E-4
1087.37 -0.00118
1087.49 -0.00115
1087.61 -7.83749E-4
1087.73 -5.62806E-4
1087.85 -6.01523E-4
1087.97 -5.27229E-4
1088.09 -7.67671E-5
1088.21 5.08565E-4
1088.33 8.09286E-4
1088.45 7.37198E-4
1088.57 5.07776E-4
1088.69 2.50936E-4
1088.81 -1.05944E-4
1088.93 -5.6766E-4
1089.06 -9.22278E-4
1089.18 -9.63725E-4
1089.3 -7.62422E-4
1089.42 -5.81574E-4
1089.54 -5.58659E-4
1089.66 -5.99224E-4
1089.78 -6.08306E-4
1089.9 -6.93977E-4
1090.02 -0.00101
1090.14 -0.00146
1090.26 -0.00164
1090.38 -0.00132
1090.5 -7.45263E-4
1090.62 -4.95613E-4
1090.74 -8.7779E-4
1090.86 -0.00163
1090.98 -0.00219
1091.1 -0.00226
1091.23 -0.00192
1091.35 -0.00144
1091.47 -9.72848E-4
1091.59 -5.86279E-4
1091.71 -3.73784E-4
1091.83 -4.5801E-4
1091.95 -8.17511E-4
1092.07 -0.0012
1092.19 -0.0013
1092.31 -9.98519E-4
1092.43 -4.86914E-4
1092.55 -1.25334E-4
1092.67 -1.4003E-4
1092.79 -4.49724E-4
1092.91 -7.63785E-4
1093.03 -8.56128E-4
1093.15 -7.35417E-4
1093.27 -5.62325E-4
1093.4 -4.49967E-4
1093.52 -3.92966E-4
1093.64 -3.62296E-4
1093.76 -3.74038E-4
1093.88 -4.20827E-4
1094 -3.97436E-4
1094.12 -1.81813E-4
1094.24 2.09048E-4
1094.36 5.96542E-4
1094.48 7.93207E-4
1094.6 7.21101E-4
1094.72 4.00618E-4
1094.84 -9.47639E-5
1094.96 -6.10396E-4
1095.08 -9.10912E-4
1095.2 -8.22123E-4
1095.32 -4.33527E-4
1095.44 -8.27238E-5
1095.56 -4.73447E-5
1095.69 -2.45955E-4
1095.81 -2.93486E-4
1095.93 1.09322E-4
1096.05 8.45663E-4
1096.17 0.00146
1096.29 0.00156
1096.41 0.00109
1096.53 3.43218E-4
1096.65 -3.30891E-4
1096.77 -7.60898E-4
1096.89 -9.27683E-4
1097.01 -8.2745E-4
1097.13 -4.33818E-4
1097.25 1.8391E-4
1097.37 7.43762E-4
1097.49 8.61894E-4
1097.61 3.55389E-4
1097.73 -5.53593E-4
1097.86 -0.00139
1097.98 -0.00184
1098.1 -0.00196
1098.22 -0.00198
1098.34 -0.00195
1098.46 -0.00177
1098.58 -0.00142
1098.7 -0.00116
1098.82 -0.00119
1098.94 -0.00137
1099.06 -0.00136
1099.18 -9.99019E-4
1099.3 -5.23277E-4
1099.42 -2.29165E-4
1099.54 -1.43353E-4
1099.66 -8.8498E-5
1099.78 -9.33185E-6
1099.9 -9.17502E-5
1100.03 -5.2068E-4
1100.15 -0.00119
1100.27 -0.00175
1100.39 -0.00189
1100.51 -0.00168
1100.63 -0.00149
1100.75 -0.00165
1100.87 -0.0021
1100.99 -0.00251
1101.11 -0.00258
1101.23 -0.00235
1101.35 -0.002
1101.47 -0.00165
1101.59 -0.00133
1101.71 -0.00117
1101.83 -0.00139
1101.95 -0.00204
1102.07 -0.00274
1102.2 -0.00296
1102.32 -0.0025
1102.44 -0.00167
1102.56 -9.59802E-4
1102.68 -5.07195E-4
1102.8 -1.10257E-4
1102.92 3.49686E-4
1103.04 6.09051E-4
1103.16 3.35414E-4
1103.28 -3.47987E-4
1103.4 -8.7259E-4
1103.52 -8.77012E-4
1103.64 -6.45157E-4
1103.76 -7.04944E-4
1103.88 -0.00109
1104 -0.00126
1104.12 -8.87964E-4
1104.24 -2.85216E-4
1104.37 -4.35263E-5
1104.49 -2.63833E-4
1104.61 -5.30206E-4
1104.73 -5.59524E-4
1104.85 -5.41326E-4
1104.97 -7.29911E-4
1105.09 -9.79327E-4
1105.21 -9.24937E-4
1105.33 -5.00835E-4
1105.45 -2.72878E-5
1105.57 1.99426E-4
1105.69 1.76087E-4
1105.81 2.51979E-5
1105.93 -2.37875E-4
1106.05 -6.24526E-4
1106.17 -0.00101
1106.29 -0.00119
1106.41 -0.00112
1106.54 -9.50377E-4
1106.66 -8.28139E-4
1106.78 -7.72741E-4
1106.9 -7.5027E-4
1107.02 -7.72115E-4
1107.14 -8.60356E-4
1107.26 -9.49342E-4
1107.38 -8.839E-4
1107.5 -5.45666E-4
1107.62 1.20439E-5
1107.74 5.53951E-4
1107.86 8.11875E-4
1107.98 6.60561E-4
1108.1 1.90519E-4
1108.22 -3.74552E-4
1108.34 -8.08626E-4
1108.46 -9.79405E-4
1108.58 -9.01058E-4
1108.7 -7.42398E-4
1108.83 -6.92058E-4
1108.95 -7.44354E-4
1109.07 -6.78152E-4
1109.19 -3.31432E-4
1109.31 1.62568E-4
1109.43 5.23645E-4
1109.55 6.70761E-4
1109.67 7.47506E-4
1109.79 8.1471E-4
1109.91 7.18765E-4
1110.03 3.7444E-4
1110.15 7.89016E-6
1110.27 -8.3454E-5
1110.39 5.03585E-5
1110.51 1.32062E-5
1110.63 -4.5817E-4
1110.75 -0.00115
1110.87 -0.00153
1111 -0.00126
1111.12 -4.84444E-4
1111.24 2.38542E-4
1111.36 3.65872E-4
1111.48 -1.20595E-4
1111.6 -6.4997E-4
1111.72 -6.32703E-4
1111.84 -1.2606E-4
1111.96 2.22266E-4
1112.08 -2.40318E-5
1112.2 -5.05295E-4
1112.32 -4.95102E-4
1112.44 1.87781E-4
1112.56 9.16522E-4
1112.68 9.73385E-4
1112.8 3.32911E-4
1112.92 -3.74749E-4
1113.04 -5.74734E-4
1113.17 -2.81777E-4
1113.29 4.1876E-5
1113.41 -5.34579E-6
1113.53 -4.16696E-4
1113.65 -8.79481E-4
1113.77 -0.00112
1113.89 -0.00113
1114.01 -0.00113
1114.13 -0.00125
1114.25 -0.00135
1114.37 -0.00116
1114.49 -5.68535E-4
1114.61 2.22486E-4
1114.73 8.88646E-4
1114.85 0.00118
1114.97 0.001
1115.09 4.35337E-4
1115.21 -2.85357E-4
1115.34 -8.81527E-4
1115.46 -0.00122
1115.58 -0.00139
1115.7 -0.00152
1115.82 -0.00164
1115.94 -0.00171
1116.06 -0.00179
1116.18 -0.00186
1116.3 -0.00174
1116.42 -0.00124
1116.54 -5.26126E-4
1116.66 -1.25557E-4
1116.78 -3.64732E-4
1116.9 -9.81875E-4
1117.02 -0.00137
1117.14 -0.00118
1117.26 -4.95825E-4
1117.38 2.94808E-4
1117.51 8.0983E-4
1117.63 8.44214E-4
1117.75 5.29278E-4
1117.87 2.82735E-4
1117.99 3.89617E-4
1118.11 6.40932E-4
1118.23 6.02335E-4
1118.35 2.30309E-4
1118.47 -7.82721E-5
1118.59 -1.19139E-4
1118.71 -2.29772E-4
1118.83 -7.47547E-4
1118.95 -0.00139
1119.07 -0.00154
1119.19 -0.00101
1119.31 -2.13392E-4
1119.43 3.78177E-4
1119.55 6.76196E-4
1119.68 7.23355E-4
1119.8 4.55413E-4
1119.92 -6.69248E-5
1120.04 -4.51639E-4
1120.16 -3.37608E-4
1120.28 1.28869E-4
1120.4 4.26922E-4
1120.52 2.75642E-4
1120.64 -1.12291E-4
1120.76 -3.72656E-4
1120.88 -3.78281E-4
1121 -2.11071E-4
1121.12 3.14154E-5
1121.24 2.36578E-4
1121.36 2.2563E-4
1121.48 -9.05283E-5
1121.6 -4.86337E-4
1121.72 -5.53291E-4
1121.84 -1.46262E-4
1121.97 3.75215E-4
1122.09 4.75287E-4
1122.21 1.51992E-5
1122.33 -6.14192E-4
1122.45 -9.35066E-4
1122.57 -8.70552E-4
1122.69 -7.01543E-4
1122.81 -6.57223E-4
1122.93 -7.03834E-4
1123.05 -7.2287E-4
1123.17 -7.09139E-4
1123.29 -6.88169E-4
1123.41 -5.70241E-4
1123.53 -2.49915E-4
1123.65 1.95742E-4
1123.77 5.47331E-4
1123.89 6.782E-4
1124.01 6.12658E-4
1124.14 3.88872E-4
1124.26 3.63663E-5
1124.38 -2.77385E-4
1124.5 -2.87198E-4
1124.62 1.1351E-5
1124.74 1.87807E-4
1124.86 -2.08676E-4
1124.98 -0.00107
1125.1 -0.00175
1125.22 -0.00171
1125.34 -0.00108
1125.46 -4.69897E-4
1125.58 -3.17488E-4
1125.7 -5.33655E-4
1125.82 -6.89592E-4
1125.94 -5.33462E-4
1126.06 -2.75671E-4
1126.18 -3.47547E-4
1126.31 -8.62733E-4
1126.43 -0.00138
1126.55 -0.00131
1126.67 -5.14694E-4
1126.79 5.23865E-4
1126.91 0.00125
1127.03 0.00146
1127.15 0.00125
1127.27 7.15174E-4
1127.39 -2.90535E-5
1127.51 -6.58412E-4
1127.63 -7.94113E-4
1127.75 -3.85869E-4
1127.87 2.40352E-4
1127.99 7.72573E-4
1128.11 0.00117
1128.23 0.00145
1128.35 0.00144
1128.48 9.78731E-4
1128.6 1.86533E-4
1128.72 -5.65793E-4
1128.84 -9.71127E-4
1128.96 -9.65342E-4
1129.08 -6.62338E-4
1129.2 -2.96932E-4
1129.32 -1.65097E-4
1129.44 -3.78676E-4
1129.56 -6.51628E-4
1129.68 -5.36311E-4
1129.8 5.61178E-5
1129.92 7.23921E-4
1130.04 0.00105
1130.16 0.00103
1130.28 9.04348E-4
1130.4 7.57221E-4
1130.52 5.20088E-4
1130.65 2.07938E-4
1130.77 -4.42117E-5
1130.89 -1.74969E-4
1131.01 -2.21997E-4
1131.13 -1.41691E-4
1131.25 1.42414E-4
1131.37 4.34991E-4
1131.49 2.87432E-4
1131.61 -4.64905E-4
1131.73 -0.00131
1131.85 -0.00147
1131.97 -8.01153E-4
1132.09 7.44052E-5
1132.21 4.31724E-4
1132.33 1.94531E-4
1132.45 -1.64259E-4
1132.57 -2.78689E-4
1132.69 -2.31441E-4
1132.82 -2.49602E-4
1132.94 -3.3085E-4
1133.06 -3.07653E-4
1133.18 -1.43345E-4
1133.3 3.01972E-5
1133.42 1.32453E-4
1133.54 2.37536E-4
1133.66 4.22545E-4
1133.78 6.54712E-4
1133.9 8.63809E-4
1134.02 0.001
1134.14 9.83484E-4
1134.26 7.06896E-4
1134.38 2.66969E-4
1134.5 -2.24523E-5
1134.62 7.43568E-6
1134.74 6.75172E-5
1134.86 -2.54285E-4
1134.98 -8.80513E-4
1135.11 -0.00127
1135.23 -0.00112
1135.35 -8.31675E-4
1135.47 -9.20273E-4
1135.59 -0.00132
1135.71 -0.00152
1135.83 -0.0013
1135.95 -9.38624E-4
1136.07 -7.07999E-4
1136.19 -4.35755E-4
1136.31 5.14537E-5
1136.43 4.04853E-4
1136.55 5.15841E-5
1136.67 -0.00103
1136.79 -0.00212
1136.91 -0.00252
1137.03 -0.00224
1137.15 -0.00181
1137.28 -0.00164
1137.4 -0.00166
1137.52 -0.00156
1137.64 -0.00115
1137.76 -5.9063E-4
1137.88 -2.23454E-4
1138 -3.08305E-4
1138.12 -8.13216E-4
1138.24 -0.0014
1138.36 -0.0017
1138.48 -0.00163
1138.6 -0.00143
1138.72 -0.00134
1138.84 -0.00134
1138.96 -0.00121
1139.08 -8.61529E-4
1139.2 -3.3541E-4
1139.32 3.12705E-4
1139.45 0.00104
1139.57 0.0016
1139.69 0.00159
1139.81 8.01355E-4
1139.93 -2.67807E-4
1140.05 -7.68133E-4
1140.17 -3.36736E-4
1140.29 4.55812E-4
1140.41 6.48022E-4
1140.53 -1.26794E-4
1140.65 -0.00128
1140.77 -0.00189
1140.89 -0.00148
1141.01 -3.8071E-4
1141.13 6.44151E-4
1141.25 9.69909E-4
1141.37 5.1868E-4
1141.49 -2.12576E-4
1141.62 -5.24279E-4
1141.74 -9.32068E-5
1141.86 7.37343E-4
1141.98 0.00126
1142.1 0.00103
1142.22 2.57529E-4
1142.34 -4.95389E-4
1142.46 -8.17429E-4
1142.58 -7.10689E-4
1142.7 -4.38016E-4
1142.82 -2.46257E-4
1142.94 -2.21301E-4
1143.06 -2.96604E-4
1143.18 -3.43531E-4
1143.3 -3.07012E-4
1143.42 -3.01521E-4
1143.54 -5.23705E-4
1143.66 -0.001
1143.79 -0.00147
1143.91 -0.00162
1144.03 -0.00141
1144.15 -0.00113
1144.27 -0.00102
1144.39 -9.43273E-4
1144.51 -6.8127E-4
1144.63 -2.93449E-4
1144.75 -1.62806E-4
1144.87 -5.16791E-4
1144.99 -0.00109
1145.11 -0.00138
1145.23 -0.00121
1145.35 -8.62859E-4
1145.47 -6.49318E-4
1145.59 -6.25413E-4
1145.71 -7.0291E-4
1145.83 -9.20877E-4
1145.96 -0.00138
1146.08 -0.00197
1146.2 -0.00232
1146.32 -0.00219
1146.44 -0.00168
1146.56 -0.00103
1146.68 -3.82431E-4
1146.8 2.74368E-4
1146.92 8.05445E-4
1147.04 9.58797E-4
1147.16 6.4471E-4
1147.28 8.07606E-5
1147.4 -4.27973E-4
1147.52 -7.45334E-4
1147.64 -8.83359E-4
1147.76 -8.46226E-4
1147.88 -6.70701E-4
1148 -5.56018E-4
1148.12 -7.37663E-4
1148.25 -0.00118
1148.37 -0.00152
1148.49 -0.0015
1148.61 -0.00121
1148.73 -9.54926E-4
1148.85 -8.31727E-4
1148.97 -7.03923E-4
1149.09 -4.95464E-4
1149.21 -3.35183E-4
1149.33 -3.40424E-4
1149.45 -4.16245E-4
1149.57 -3.92098E-4
1149.69 -2.71406E-4
1149.81 -2.10326E-4
1149.93 -2.81814E-4
1150.05 -3.8426E-4
1150.17 -3.88086E-4
1150.29 -2.68705E-4
1150.42 -7.75121E-5
1150.54 1.09013E-4
1150.66 1.61033E-4
1150.78 -5.71273E-5
1150.9 -5.1827E-4
1151.02 -9.76805E-4
1151.14 -0.0012
1151.26 -0.00123
1151.38 -0.0013
1151.5 -0.00146
1151.62 -0.00147
1151.74 -0.00114
1151.86 -6.48733E-4
1151.98 -3.28444E-4
1152.1 -2.02879E-4
1152.22 1.58697E-5
1152.34 4.17639E-4
1152.46 6.37792E-4
1152.59 2.98113E-4
1152.71 -4.05766E-4
1152.83 -8.26973E-4
1152.95 -6.14144E-4
1153.07 -1.1947E-4
1153.19 2.8573E-5
1153.31 -3.62139E-4
1153.43 -8.83516E-4
1153.55 -0.00103
1153.67 -6.81084E-4
1153.79 -1.8505E-4
1153.91 -7.53626E-6
1154.03 -3.58861E-4
1154.15 -9.95729E-4
1154.27 -0.00139
1154.39 -0.00121
1154.51 -7.09999E-4
1154.63 -4.27395E-4
1154.76 -5.92656E-4
1154.88 -8.71312E-4
1155 -8.39878E-4
1155.12 -5.12075E-4
1155.24 -2.1657E-4
1155.36 -1.07341E-4
1155.48 -7.96057E-5
1155.6 -1.26489E-4
1155.72 -4.36015E-4
1155.84 -0.00101
1155.96 -0.00146
1156.08 -0.00142
1156.2 -0.00103
1156.32 -7.61695E-4
1156.44 -8.22246E-4
1156.56 -0.00104
1156.68 -0.0012
1156.8 -0.00132
1156.93 -0.00147
1157.05 -0.00153
1157.17 -0.00139
1157.29 -0.00108
1157.41 -7.96303E-4
1157.53 -6.8279E-4
1157.65 -7.85124E-4
1157.77 -0.00102
1157.89 -0.00116
1158.01 -0.00102
1158.13 -6.85547E-4
1158.25 -5.53999E-4
1158.37 -8.25059E-4
1158.49 -0.00117
1158.61 -0.00107
1158.73 -4.88002E-4
1158.85 8.0511E-5
1158.97 2.12081E-4
1159.1 1.37538E-5
1159.22 -1.2951E-4
1159.34 -5.28991E-5
1159.46 9.22978E-5
1159.58 1.30858E-4
1159.7 6.51181E-5
1159.82 -1.02073E-6
1159.94 1.12914E-5
1160.06 9.52221E-5
1160.18 1.64814E-4
1160.3 9.29721E-5
1160.42 -1.726E-4
1160.54 -5.20766E-4
1160.66 -7.56044E-4
1160.78 -7.57154E-4
1160.9 -5.52632E-4
1161.02 -2.70903E-4
1161.14 -5.47804E-5
1161.27 1.6097E-5
1161.39 -2.70195E-5
1161.51 -6.8225E-5
1161.63 -4.75645E-5
1161.75 -2.89045E-5
1161.87 -9.75393E-5
1161.99 -2.15948E-4
1162.11 -2.46707E-4
1162.23 -1.1253E-4
1162.35 1.13875E-4
1162.47 2.69711E-4
1162.59 2.29727E-4
1162.71 -8.24407E-6
1162.83 -2.91575E-4
1162.95 -4.06329E-4
1163.07 -2.54069E-4
1163.19 6.27935E-5
1163.31 3.67939E-4
1163.43 5.88972E-4
1163.56 7.31237E-4
1163.68 7.46019E-4
1163.8 5.47446E-4
1163.92 1.64878E-4
1164.04 -2.3251E-4
1164.16 -4.90878E-4
1164.28 -6.03992E-4
1164.4 -6.85047E-4
1164.52 -8.77585E-4
1164.64 -0.00123
1164.76 -0.00157
1164.88 -0.00151
1165 -9.08673E-4
1165.12 -1.89643E-4
1165.24 -6.6109E-5
1165.36 -7.24118E-4
1165.48 -0.00155
1165.6 -0.00184
1165.73 -0.00154
1165.85 -0.00118
1165.97 -0.00105
1166.09 -9.99033E-4
1166.21 -7.75851E-4
1166.33 -3.62799E-4
1166.45 1.48769E-4
1166.57 6.76483E-4
1166.69 0.00102
1166.81 8.5438E-4
1166.93 1.44023E-4
1167.05 -6.68932E-4
1167.17 -0.00103
1167.29 -8.46725E-4
1167.41 -4.98645E-4
1167.53 -3.80691E-4
1167.65 -5.63681E-4
1167.77 -8.82424E-4
1167.9 -0.00116
1168.02 -0.00129
1168.14 -0.00119
1168.26 -8.24716E-4
1168.38 -2.49017E-4
1168.5 3.12984E-4
1168.62 5.21149E-4
1168.74 1.89282E-4
1168.86 -4.40091E-4
1168.98 -8.1335E-4
1169.1 -6.17154E-4
1169.22 -1.06107E-4
1169.34 2.66753E-4
1169.46 4.30953E-4
1169.58 6.63109E-4
1169.7 0.00101
1169.82 0.00107
1169.94 5.92947E-4
1170.07 -1.53322E-4
1170.19 -6.39956E-4
1170.31 -7.44209E-4
1170.43 -7.76179E-4
1170.55 -9.25127E-4
1170.67 -9.69842E-4
1170.79 -6.66559E-4
1170.91 -2.27831E-4
1171.03 -1.92381E-4
1171.15 -8.20514E-4
1171.27 -0.00175
1171.39 -0.0023
1171.51 -0.0021
1171.63 -0.00133
1171.75 -4.96384E-4
1171.87 4.31202E-5
1171.99 2.58293E-4
1172.11 2.93292E-4
1172.24 2.22851E-4
1172.36 8.18446E-6
1172.48 -3.69437E-4
1172.6 -7.88208E-4
1172.72 -0.00104
1172.84 -0.00103
1172.96 -9.02686E-4
1173.08 -9.12365E-4
1173.2 -0.00113
1173.32 -0.00129
1173.44 -0.00112
1173.56 -6.94644E-4
1173.68 -3.34613E-4
1173.8 -1.57781E-4
1173.92 6.47642E-5
1174.04 4.89395E-4
1174.16 8.61511E-4
1174.28 7.90138E-4
1174.41 2.62108E-4
1174.53 -3.35246E-4
1174.65 -6.3416E-4
1174.77 -5.31878E-4
1174.89 -7.73706E-5
1175.01 5.82695E-4
1175.13 0.00111
1175.25 0.00117
1175.37 8.00002E-4
1175.49 4.75444E-4
1175.61 5.0446E-4
1175.73 5.92552E-4
1175.85 2.1749E-4
1175.97 -6.68839E-4
1176.09 -0.00154
1176.21 -0.00189
1176.33 -0.00162
1176.45 -0.00105
1176.57 -6.05192E-4
1176.7 -5.99768E-4
1176.82 -0.00104
1176.94 -0.00147
1177.06 -0.00128
1177.18 -4.45925E-4
1177.3 3.39288E-4
1177.42 3.21761E-4
1177.54 -4.50257E-4
1177.66 -0.00121
1177.78 -0.00139
1177.9 -0.0011
1178.02 -8.48025E-4
1178.14 -8.29317E-4
1178.26 -8.62565E-4
1178.38 -7.9304E-4
1178.5 -7.02284E-4
1178.62 -7.01647E-4
1178.74 -7.28216E-4
1178.87 -6.47608E-4
1178.99 -4.44319E-4
1179.11 -2.13403E-4
1179.23 -4.78663E-5
1179.35 -3.16426E-5
1179.47 -2.61333E-4
1179.59 -7.25582E-4
1179.71 -0.00118
1179.83 -0.00131
1179.95 -0.00102
1180.07 -5.84502E-4
1180.19 -2.64585E-4
1180.31 -1.04878E-4
1180.43 -4.32506E-6
1180.55 4.54746E-5
1180.67 -4.10005E-5
1180.79 -2.47244E-4
1180.91 -4.36347E-4
1181.04 -5.23757E-4
1181.16 -5.72216E-4
1181.28 -6.72117E-4
1181.4 -8.06093E-4
1181.52 -8.68924E-4
1181.64 -7.67328E-4
1181.76 -4.83859E-4
1181.88 -1.15864E-4
1182 1.1564E-4
1182.12 -2.07722E-5
1182.24 -5.25743E-4
1182.36 -0.00107
1182.48 -0.00118
1182.6 -6.53118E-4
1182.72 2.3834E-4
1182.84 9.09083E-4
1182.96 9.6073E-4
1183.08 5.40707E-4
1183.21 1.69601E-4
1183.33 1.54659E-4
1183.45 2.61538E-4
1183.57 7.86744E-5
1183.69 -4.15992E-4
1183.81 -8.83725E-4
1183.93 -0.00118
1184.05 -0.00153
1184.17 -0.002
1184.29 -0.00222
1184.41 -0.00187
1184.53 -0.0013
1184.65 -0.00118
1184.77 -0.0016
1184.89 -0.00189
1185.01 -0.00149
1185.13 -6.72318E-4
1185.25 -1.98774E-4
1185.38 -3.84562E-4
1185.5 -9.06669E-4
1185.62 -0.00132
1185.74 -0.00144
1185.86 -0.00133
1185.98 -0.00112
1186.1 -0.00102
1186.22 -0.0012
1186.34 -0.00154
1186.46 -0.00165
1186.58 -0.00131
1186.7 -7.3351E-4
1186.82 -3.59107E-4
1186.94 -3.50017E-4
1187.06 -5.04784E-4
1187.18 -5.8252E-4
1187.3 -5.74481E-4
1187.42 -6.34953E-4
1187.55 -8.552E-4
1187.67 -0.00116
1187.79 -0.00138
1187.91 -0.0014
1188.03 -0.00131
1188.15 -0.00122
1188.27 -0.00117
1188.39 -9.76421E-4
1188.51 -5.4238E-4
1188.63 -2.50265E-5
1188.75 2.83767E-4
1188.87 3.0984E-4
1188.99 2.63687E-4
1189.11 3.1032E-4
1189.23 3.53415E-4
1189.35 2.46588E-4
1189.47 6.40042E-5
1189.59 -2.24039E-5
1189.71 -4.60967E-5
1189.84 -2.24303E-4
1189.96 -6.32986E-4
1190.08 -0.0011
1190.2 -0.00145
1190.32 -0.00162
1190.44 -0.00159
1190.56 -0.00131
1190.68 -9.34482E-4
1190.8 -7.9675E-4
1190.92 -0.00105
1191.04 -0.0014
1191.16 -0.00141
1191.28 -0.00108
1191.4 -7.30671E-4
1191.52 -5.45286E-4
1191.64 -3.25941E-4
1191.76 1.05582E-4
1191.88 5.79339E-4
1192.01 7.86021E-4
1192.13 6.40348E-4
1192.25 2.97099E-4
1192.37 -8.30516E-5
1192.49 -4.27399E-4
1192.61 -7.01938E-4
1192.73 -9.037E-4
1192.85 -0.00108
1192.97 -0.00126
1193.09 -0.00135
1193.21 -0.00128
1193.33 -0.00107
1193.45 -8.47716E-4
1193.57 -6.4639E-4
1193.69 -5.12298E-4
1193.81 -5.60794E-4
1193.93 -8.32912E-4
1194.05 -0.00109
1194.18 -9.77408E-4
1194.3 -4.28606E-4
1194.42 1.5283E-4
1194.54 2.812E-4
1194.66 -1.19474E-4
1194.78 -6.47213E-4
1194.9 -8.05754E-4
1195.02 -4.26251E-4
1195.14 2.33129E-4
1195.26 7.66363E-4
1195.38 0.00101
1195.5 0.0011
1195.62 0.00116
1195.74 0.00102
1195.86 4.61016E-4
1195.98 -2.98377E-4
1196.1 -7.04817E-4
1196.22 -5.0272E-4
1196.35 -8.0999E-5
1196.47 -1.39996E-5
1196.59 -3.85191E-4
1196.71 -7.61315E-4
1196.83 -7.71325E-4
1196.95 -5.00843E-4
1197.07 -3.11568E-4
1197.19 -4.40028E-4
1197.31 -8.10701E-4
1197.43 -0.00113
1197.55 -0.00115
1197.67 -9.01349E-4
1197.79 -6.70534E-4
1197.91 -6.90959E-4
1198.03 -8.33992E-4
1198.15 -7.90853E-4
1198.27 -5.12376E-4
1198.39 -2.81632E-4
1198.52 -3.0379E-4
1198.64 -4.21308E-4
1198.76 -3.58239E-4
1198.88 -8.79355E-5
1199 2.04217E-4
1199.12 4.00767E-4
1199.24 5.06107E-4
1199.36 4.67967E-4
1199.48 1.91916E-4
1199.6 -2.29731E-4
1199.72 -4.96473E-4
1199.84 -4.3299E-4
1199.96 -2.09674E-4
1200.08 -1.20182E-4
1200.2 -2.17035E-4
1200.32 -2.97643E-4
1200.44 -2.01076E-4
1200.56 2.6904E-5
1200.69 2.52888E-4
1200.81 3.9465E-4
1200.93 3.74883E-4
1201.05 9.3367E-5
1201.17 -4.19214E-4
1201.29 -8.7674E-4
1201.41 -9.43039E-4
1201.53 -5.84524E-4
1201.65 -1.17991E-4
1201.77 1.51627E-4
1201.89 2.34846E-4
1202.01 3.36386E-4
1202.13 5.18639E-4
1202.25 6.39565E-4
1202.37 5.86689E-4
1202.49 4.14602E-4
1202.61 2.11224E-4
1202.73 -4.22485E-5
1202.85 -3.80583E-4
1202.98 -7.09385E-4
1203.1 -8.38332E-4
1203.22 -6.53718E-4
1203.34 -2.05036E-4
1203.46 3.35794E-4
1203.58 7.4644E-4
1203.7 8.68674E-4
1203.82 7.41422E-4
1203.94 5.96836E-4
1204.06 6.07755E-4
1204.18 6.53978E-4
1204.3 4.70906E-4
1204.42 5.03138E-5
1204.54 -2.61128E-4
1204.66 -1.49708E-4
1204.78 2.78339E-4
1204.9 6.21121E-4
1205.02 6.21304E-4
1205.15 3.46784E-4
1205.27 -5.62891E-6
1205.39 -3.03492E-4
1205.51 -4.56113E-4
1205.63 -3.57464E-4
1205.75 4.12762E-6
1205.87 4.32122E-4
1205.99 6.31087E-4
1206.11 4.36228E-4
1206.23 -6.46301E-5
1206.35 -5.95279E-4
1206.47 -8.64986E-4
1206.59 -7.5642E-4
1206.71 -4.54895E-4
1206.83 -3.36546E-4
1206.95 -6.01776E-4
1207.07 -0.00102
1207.19 -0.00113
1207.32 -8.15954E-4
1207.44 -4.44695E-4
1207.56 -4.68023E-4
1207.68 -8.95217E-4
1207.8 -0.00133
1207.92 -0.00147
1208.04 -0.0014
1208.16 -0.00137
1208.28 -0.00137
1208.4 -0.00119
1208.52 -8.37624E-4
1208.64 -6.38347E-4
1208.76 -8.45861E-4
1208.88 -0.00127
1209 -0.00145
1209.12 -0.00116
1209.24 -7.08692E-4
1209.36 -5.64493E-4
1209.49 -7.98859E-4
1209.61 -0.00102
1209.73 -8.36968E-4
1209.85 -3.19123E-4
1209.97 1.12109E-4
1210.09 1.75044E-4
1210.21 3.99984E-5
1210.33 8.18856E-5
1210.45 3.91062E-4
1210.57 6.36026E-4
1210.69 4.51945E-4
1210.81 -1.15484E-4
1210.93 -6.45969E-4
1211.05 -8.17906E-4
1211.17 -7.06844E-4
1211.29 -5.80594E-4
1211.41 -5.34359E-4
1211.53 -4.70951E-4
1211.66 -3.71974E-4
1211.78 -3.861E-4
1211.9 -5.96575E-4
1212.02 -8.61377E-4
1212.14 -9.93069E-4
1212.26 -9.919E-4
1212.38 -9.69362E-4
1212.5 -9.07406E-4
1212.62 -6.60732E-4
1212.74 -2.15013E-4
1212.86 1.99627E-4
1212.98 3.16955E-4
1213.1 8.86433E-5
1213.22 -3.36919E-4
1213.34 -8.02524E-4
1213.46 -0.00124
1213.58 -0.00161
1213.7 -0.00185
1213.83 -0.00191
1213.95 -0.00182
1214.07 -0.0016
1214.19 -0.00127
1214.31 -8.11096E-4
1214.43 -2.81177E-4
1214.55 1.24052E-4
1214.67 1.96248E-4
1214.79 -7.99596E-5
1214.91 -4.67971E-4
1215.03 -6.70433E-4
1215.15 -5.70834E-4
1215.27 -2.84884E-4
1215.39 -6.50063E-6
1215.51 1.44821E-4
1215.63 1.45894E-4
1215.75 4.87156E-5
1215.87 -4.15817E-5
1216 -2.56486E-5
1216.12 6.87242E-5
1216.24 6.41383E-5
1216.36 -1.9398E-4
1216.48 -6.35147E-4
1216.6 -9.87884E-4
1216.72 -0.00104
1216.84 -8.61961E-4
1216.96 -7.58871E-4
1217.08 -9.408E-4
1217.2 -0.00131
1217.32 -0.00158
1217.44 -0.00156
1217.56 -0.00133
1217.68 -0.00102
1217.8 -6.59864E-4
1217.92 -2.63073E-4
1218.04 -9.82359E-6
1218.16 -1.09516E-4
1218.29 -4.74598E-4
1218.41 -6.86891E-4
1218.53 -4.15456E-4
1218.65 2.02097E-4
1218.77 6.88419E-4
1218.89 7.10104E-4
1219.01 3.50069E-4
1219.13 -4.52287E-5
1219.25 -1.98565E-4
1219.37 -1.10142E-4
1219.49 2.17184E-6
1219.61 -5.04442E-5
1219.73 -1.9002E-4
1219.85 -1.56168E-4
1219.97 1.52089E-4
1220.09 4.92927E-4
1220.21 5.71132E-4
1220.33 4.12151E-4
1220.46 2.77601E-4
1220.58 2.33728E-4
1220.7 5.02989E-5
1220.82 -3.73807E-4
1220.94 -7.07649E-4
1221.06 -5.57564E-4
1221.18 -4.36455E-5
1221.3 2.40073E-4
1221.42 -9.80832E-5
1221.54 -7.64929E-4
1221.66 -0.00111
1221.78 -8.53952E-4
1221.9 -3.34233E-4
1222.02 -1.27442E-4
1222.14 -4.4895E-4
1222.26 -0.00101
1222.38 -0.00134
1222.5 -0.00126
1222.63 -9.18474E-4
1222.75 -5.96534E-4
1222.87 -4.49546E-4
1222.99 -4.3444E-4
1223.11 -4.23167E-4
1223.23 -3.54342E-4
1223.35 -2.91642E-4
1223.47 -3.37217E-4
1223.59 -4.82529E-4
1223.71 -5.74797E-4
1223.83 -4.79225E-4
1223.95 -2.63065E-4
1224.07 -1.51899E-4
1224.19 -2.79546E-4
1224.31 -5.31279E-4
1224.43 -6.66883E-4
1224.55 -5.72711E-4
1224.67 -3.73691E-4
1224.8 -3.23359E-4
1224.92 -5.83474E-4
1225.04 -0.00105
1225.16 -0.00138
1225.28 -0.00128
1225.4 -8.06496E-4
1225.52 -3.31268E-4
1225.64 -1.477E-4
1225.76 -1.27792E-4
1225.88 8.61213E-5
1226 6.00476E-4
1226.12 0.00112
1226.24 0.00128
1226.36 9.82136E-4
1226.48 3.43453E-4
1226.6 -4.67531E-4
1226.72 -0.00125
1226.84 -0.00172
1226.97 -0.0017
1227.09 -0.00137
1227.21 -0.00119
1227.33 -0.00135
1227.45 -0.00153
1227.57 -0.00135
1227.69 -9.28842E-4
1227.81 -7.24178E-4
1227.93 -8.70988E-4
1228.05 -9.28227E-4
1228.17 -4.62238E-4
1228.29 3.47216E-4
1228.41 9.15699E-4
1228.53 9.58238E-4
1228.65 7.09381E-4
1228.77 4.82347E-4
1228.89 2.95907E-4
1229.01 3.44776E-5
1229.14 -2.74677E-4
1229.26 -5.23701E-4
1229.38 -7.21224E-4
1229.5 -9.13639E-4
1229.62 -0.00101
1229.74 -8.66521E-4
1229.86 -5.25992E-4
1229.98 -1.67005E-4
1230.1 1.23858E-4
1230.22 3.60385E-4
1230.34 4.57544E-4
1230.46 2.42803E-4
1230.58 -2.44912E-4
1230.7 -6.67512E-4
1230.82 -7.51711E-4
1230.94 -5.96806E-4
1231.06 -4.8523E-4
1231.18 -4.76129E-4
1231.31 -3.61931E-4
1231.43 -1.37836E-6
1231.55 4.68548E-4
1231.67 7.7818E-4
1231.79 7.84758E-4
1231.91 5.40901E-4
1232.03 2.0105E-4
1232.15 -9.46037E-5
1232.27 -2.8336E-4
1232.39 -3.778E-4
1232.51 -3.87091E-4
1232.63 -2.87253E-4
1232.75 -1.15208E-4
1232.87 -4.45656E-5
1232.99 -2.48592E-4
1233.11 -6.72642E-4
1233.23 -0.00106
1233.35 -0.00122
1233.47 -0.00125
1233.6 -0.00125
1233.72 -0.00117
1233.84 -9.14861E-4
1233.96 -6.57894E-4
1234.08 -7.57571E-4
1234.2 -0.00127
1234.32 -0.00175
1234.44 -0.0017
1234.56 -0.0012
1234.68 -8.21367E-4
1234.8 -9.37719E-4
1234.92 -0.00129
1235.04 -0.00131
1235.16 -7.95551E-4
1235.28 -1.01108E-4
1235.4 3.13707E-4
1235.52 3.36792E-4
1235.64 1.9899E-4
1235.77 1.06446E-4
1235.89 1.50055E-5
1236.01 -2.46689E-4
1236.13 -7.14682E-4
1236.25 -0.00122
1236.37 -0.00156
1236.49 -0.00167
1236.61 -0.00163
1236.73 -0.00146
1236.85 -0.00101
1236.97 -2.14007E-4
1237.09 6.50238E-4
1237.21 0.00108
1237.33 8.10686E-4
1237.45 1.66699E-4
1237.57 -2.70393E-4
1237.69 -2.33807E-4
1237.81 1.06245E-5
1237.94 6.13742E-5
1238.06 -1.41125E-4
1238.18 -3.40316E-4
1238.3 -3.9129E-4
1238.42 -4.64417E-4
1238.54 -7.52654E-4
1238.66 -0.0011
1238.78 -0.00112
1238.9 -6.43604E-4
1239.02 4.91738E-7
1239.14 3.72678E-4
1239.26 3.76835E-4
1239.38 2.41555E-4
1239.5 1.10369E-4
1239.62 -1.22976E-4
1239.74 -5.18423E-4
1239.86 -8.62103E-4
1239.98 -9.02683E-4
1240.11 -7.12376E-4
1240.23 -5.92161E-4
1240.35 -6.49225E-4
1240.47 -6.87856E-4
1240.59 -5.61059E-4
1240.71 -4.21517E-4
1240.83 -4.94841E-4
1240.95 -7.55105E-4
1241.07 -0.001
1241.19 -0.0012
1241.31 -0.00149
1241.43 -0.0019
1241.55 -0.00216
1241.67 -0.00192
1241.79 -0.00118
1241.91 -3.76184E-4
1242.03 -8.83117E-5
1242.15 -5.07135E-4
1242.28 -0.00124
1242.4 -0.00161
1242.52 -0.00131
1242.64 -7.1739E-4
1242.76 -4.61768E-4
1242.88 -7.43262E-4
1243 -0.00114
1243.12 -0.00116
1243.24 -7.83425E-4
1243.36 -3.68424E-4
1243.48 -1.75096E-4
1243.6 -1.95272E-4
1243.72 -3.52606E-4
1243.84 -6.08914E-4
1243.96 -8.33251E-4
1244.08 -8.07058E-4
1244.2 -5.03909E-4
1244.32 -2.14398E-4
1244.45 -2.17669E-4
1244.57 -4.08154E-4
1244.69 -4.31295E-4
1244.81 -1.61931E-4
1244.93 1.45826E-4
1245.05 2.27116E-4
1245.17 1.6173E-4
1245.29 2.06005E-4
1245.41 3.71542E-4
1245.53 3.51351E-4
1245.65 -9.56766E-5
1245.77 -8.04786E-4
1245.89 -0.00135
1246.01 -0.00146
1246.13 -0.00128
1246.25 -0.00113
1246.37 -0.00118
1246.49 -0.00137
1246.61 -0.00148
1246.74 -0.00134
1246.86 -9.28413E-4
1246.98 -3.97202E-4
1247.1 2.58051E-5
1247.22 1.80636E-4
1247.34 1.27207E-4
1247.46 7.65771E-5
1247.58 1.55471E-4
1247.7 2.7645E-4
1247.82 2.72628E-4
1247.94 1.07411E-4
1248.06 -9.85973E-5
1248.18 -1.96286E-4
1248.3 -1.2489E-4
1248.42 5.74514E-5
1248.54 1.78196E-4
1248.66 7.27661E-5
1248.78 -2.07603E-4
1248.91 -3.60258E-4
1249.03 -1.72216E-4
1249.15 1.46743E-4
1249.27 1.55397E-4
1249.39 -2.29213E-4
1249.51 -5.5388E-4
1249.63 -3.85202E-4
1249.75 1.25159E-4
1249.87 4.26315E-4
1249.99 2.56844E-4
1250.11 -1.16572E-4
1250.23 -3.38078E-4
1250.35 -4.0403E-4
1250.47 -5.28745E-4
1250.59 -7.58845E-4
1250.71 -9.17416E-4
1250.83 -8.85434E-4
1250.95 -7.73162E-4
1251.08 -7.81216E-4
1251.2 -9.88025E-4
1251.32 -0.0013
1251.44 -0.00155
1251.56 -0.00158
1251.68 -0.0013
1251.8 -8.30278E-4
1251.92 -4.05211E-4
1252.04 -2.85354E-4
1252.16 -5.32698E-4
1252.28 -9.4527E-4
1252.4 -0.00122
1252.52 -0.00122
1252.64 -0.00103
1252.76 -8.34841E-4
1252.88 -6.76502E-4
1253 -4.84645E-4
1253.12 -2.43973E-4
1253.25 -6.09644E-5
1253.37 -2.90908E-5
1253.49 -1.11874E-4
1253.61 -2.23324E-4
1253.73 -3.58656E-4
1253.85 -5.45993E-4
1253.97 -7.00179E-4
1254.09 -6.50961E-4
1254.21 -3.5876E-4
1254.33 -1.44169E-5
1254.45 1.39441E-4
1254.57 2.94968E-5
1254.69 -2.51532E-4
1254.81 -6.11145E-4
1254.93 -0.00101
1255.05 -0.00132
1255.17 -0.00135
1255.29 -9.78455E-4
1255.42 -3.59613E-4
1255.54 1.48199E-4
1255.66 2.40713E-4
1255.78 -1.23721E-4
1255.9 -7.09172E-4
1256.02 -0.00114
1256.14 -0.00112
1256.26 -6.57432E-4
1256.38 -1.48889E-4
1256.5 -4.47035E-5
1256.62 -4.39845E-4
1256.74 -9.64366E-4
1256.86 -0.00115
1256.98 -8.68302E-4
1257.1 -2.85916E-4
1257.22 3.78598E-4
1257.34 9.90592E-4
1257.46 0.00137
1257.59 0.00127
1257.71 6.60893E-4
1257.83 -1.07978E-4
1257.95 -5.76552E-4
1258.07 -6.36183E-4
1258.19 -5.8471E-4
1258.31 -7.2014E-4
1258.43 -9.68143E-4
1258.55 -9.79297E-4
1258.67 -5.64061E-4
1258.79 3.67947E-5
1258.91 3.48136E-4
1259.03 1.41278E-4
1259.15 -3.21608E-4
1259.27 -5.48124E-4
1259.39 -3.46132E-4
1259.51 -1.96472E-5
1259.63 -6.1281E-6
1259.76 -3.82643E-4
1259.88 -8.08291E-4
1260 -9.04571E-4
1260.12 -5.84751E-4
1260.24 -3.49805E-5
1260.36 4.7788E-4
1260.48 7.33379E-4
1260.6 6.43153E-4
1260.72 3.08096E-4
1260.84 -5.4989E-5
1260.96 -3.24182E-4
1261.08 -5.64452E-4
1261.2 -8.12646E-4
1261.32 -8.79597E-4
1261.44 -5.37481E-4
1261.56 1.13264E-4
1261.68 6.58102E-4
1261.8 8.28099E-4
1261.92 7.77487E-4
1262.05 8.00204E-4
1262.17 8.90326E-4
1262.29 7.77479E-4
1262.41 3.59267E-4
1262.53 -1.10433E-4
1262.65 -3.25561E-4
1262.77 -2.76774E-4
1262.89 -1.72611E-4
1263.01 -1.3905E-4
1263.13 -1.51258E-4
1263.25 -2.19207E-4
1263.37 -4.49073E-4
1263.49 -8.49489E-4
1263.61 -0.00121
1263.73 -0.00127
1263.85 -0.00105
1263.97 -7.44659E-4
1264.09 -5.3297E-4
1264.22 -3.67127E-4
1264.34 -1.38879E-4
1264.46 1.29953E-4
1264.58 2.98992E-4
1264.7 2.70508E-4
1264.82 5.73359E-5
1264.94 -2.56576E-4
1265.06 -5.36364E-4
1265.18 -6.1724E-4
1265.3 -4.22142E-4
1265.42 -1.20748E-4
1265.54 -5.99809E-5
1265.66 -4.16622E-4
1265.78 -9.4761E-4
1265.9 -0.00121
1266.02 -0.00104
1266.14 -7.24114E-4
1266.26 -6.31835E-4
1266.39 -7.90559E-4
1266.51 -9.10766E-4
1266.63 -7.84334E-4
1266.75 -5.10558E-4
1266.87 -3.13323E-4
1266.99 -2.74386E-4
1267.11 -3.40968E-4
1267.23 -4.94923E-4
1267.35 -7.58119E-4
1267.47 -0.00104
1267.59 -0.00112
1267.71 -8.67326E-4
1267.83 -4.07498E-4
1267.95 -1.44318E-5
1268.07 1.13264E-4
1268.19 -4.74602E-5
1268.31 -3.69675E-4
1268.43 -6.38686E-4
1268.56 -6.29678E-4
1268.68 -2.85316E-4
1268.8 1.54238E-4
1268.92 2.98303E-4
1269.04 -2.45906E-5
1269.16 -5.85452E-4
1269.28 -9.86136E-4
1269.4 -0.00103
1269.52 -8.44181E-4
1269.64 -6.82227E-4
1269.76 -6.85424E-4
1269.88 -8.06961E-4
1270 -8.91361E-4
1270.12 -8.20998E-4
1270.24 -6.35445E-4
1270.36 -5.01998E-4
1270.48 -5.18944E-4
1270.6 -5.70733E-4
1270.73 -4.68545E-4
1270.85 -2.2665E-4
1270.97 -6.99349E-5
1271.09 -1.11204E-4
1271.21 -1.63052E-4
1271.33 -1.87159E-5
1271.45 1.7726E-4
1271.57 5.41806E-5
1271.69 -4.47262E-4
1271.81 -8.78777E-4
1271.93 -7.71083E-4
1272.05 -1.90798E-4
1272.17 3.48795E-4
1272.29 4.87201E-4
1272.41 3.45122E-4
1272.53 2.0849E-4
1272.65 1.02933E-4
1272.77 -1.46057E-4
1272.9 -5.09564E-4
1273.02 -6.62219E-4
1273.14 -3.70696E-4
1273.26 1.43971E-4
1273.38 3.80557E-4
1273.5 8.82335E-5
1273.62 -4.88356E-4
1273.74 -8.78531E-4
1273.86 -8.19508E-4
1273.98 -3.79369E-4
1274.1 2.11913E-4
1274.22 7.20862E-4
1274.34 9.67849E-4
1274.46 8.86749E-4
1274.58 6.08049E-4
1274.7 3.83783E-4
1274.82 3.46076E-4
1274.94 3.85042E-4
1275.06 3.25847E-4
1275.19 1.60873E-4
1275.31 8.06153E-6
1275.43 -1.14653E-4
1275.55 -3.09337E-4
1275.67 -5.6484E-4
1275.79 -6.38064E-4
1275.91 -3.14709E-4
1276.03 2.68418E-4
1276.15 6.9033E-4
1276.27 6.64629E-4
1276.39 3.05731E-4
1276.51 -3.03835E-5
1276.63 -1.02792E-4
1276.75 4.10378E-5
1276.87 1.72026E-4
1276.99 8.8796E-5
1277.11 -2.36377E-4
1277.23 -6.10504E-4
1277.36 -7.41679E-4
1277.48 -4.99655E-4
1277.6 -1.18047E-4
1277.72 -5.10253E-5
1277.84 -5.27859E-4
1277.96 -0.00125
1278.08 -0.00164
1278.2 -0.00138
1278.32 -7.28201E-4
1278.44 -2.13481E-4
1278.56 -1.10671E-4
1278.68 -2.5671E-4
1278.8 -3.51578E-4
1278.92 -3.14713E-4
1279.04 -2.97487E-4
1279.16 -4.26859E-4
1279.28 -6.49985E-4
1279.4 -8.4272E-4
1279.53 -9.84956E-4
1279.65 -0.00116
1279.77 -0.00141
1279.89 -0.00163
1280.01 -0.00164
1280.13 -0.00138
1280.25 -9.68572E-4
1280.37 -6.20008E-4
1280.49 -4.52805E-4
1280.61 -4.02439E-4
1280.73 -2.94201E-4
1280.85 -1.67377E-5
1280.97 3.605E-4
1281.09 6.21866E-4
1281.21 5.77401E-4
1281.33 2.20511E-4
1281.45 -2.59012E-4
1281.57 -6.38809E-4
1281.7 -8.66186E-4
1281.82 -0.00106
1281.94 -0.00131
1282.06 -0.00151
1282.18 -0.00146
1282.3 -0.00115
1282.42 -7.8211E-4
1282.54 -5.91651E-4
1282.66 -6.16975E-4
1282.78 -7.57635E-4
1282.9 -9.21883E-4
1283.02 -0.00103
1283.14 -9.76697E-4
1283.26 -6.7804E-4
1283.38 -2.72602E-4
1283.5 -2.66694E-5
1283.62 -6.04764E-5
1283.74 -2.3606E-4
1283.87 -3.53403E-4
1283.99 -3.40059E-4
1284.11 -1.99568E-4
1284.23 6.87167E-5
1284.35 3.65403E-4
1284.47 4.57808E-4
1284.59 2.38474E-4
1284.71 -4.5184E-5
1284.83 -4.15929E-5
1284.95 2.24978E-4
1285.07 3.68979E-4
1285.19 1.93864E-4
1285.31 -3.52897E-5
1285.43 -4.86523E-6
1285.55 1.62136E-4
1285.67 8.87625E-5
1285.79 -3.00538E-4
1285.91 -6.74468E-4
1286.04 -7.31893E-4
1286.16 -5.01327E-4
1286.28 -1.81306E-4
1286.4 9.64738E-5
1286.52 2.47773E-4
1286.64 1.83698E-4
1286.76 -7.83242E-5
1286.88 -3.37195E-4
1287 -4.08884E-4
1287.12 -3.46303E-4
1287.24 -3.53917E-4
1287.36 -5.19328E-4
1287.48 -7.3475E-4
1287.6 -8.46598E-4
1287.72 -7.6694E-4
1287.84 -4.48219E-4
1287.96 1.22406E-4
1288.08 8.43622E-4
1288.2 0.00149
1288.33 0.00185
1288.45 0.00179
1288.57 0.00136
1288.69 7.05075E-4
1288.81 1.06581E-4
1288.93 -1.90705E-4
1289.05 -1.01596E-4
1289.17 2.44752E-4
1289.29 6.13812E-4
1289.41 8.15533E-4
1289.53 7.81197E-4
1289.65 5.89728E-4
1289.77 4.34186E-4
1289.89 4.90222E-4
1290.01 7.66207E-4
1290.13 0.00111
1290.25 0.00136
1290.37 0.0015
1290.5 0.00156
1290.62 0.00153
1290.74 0.00143
1290.86 0.00131
1290.98 0.00127
1291.1 0.00127
1291.22 0.00121
1291.34 0.00102
1291.46 7.84878E-4
1291.58 7.21253E-4
1291.7 9.93501E-4
1291.82 0.0016
1291.94 0.00234
1292.06 0.00291
1292.18 0.00315
1292.3 0.00315
1292.42 0.00317
1292.54 0.0033
1292.67 0.00345
1292.79 0.00349
1292.91 0.00352
1293.03 0.00366
1293.15 0.00387
1293.27 0.004
1293.39 0.00408
1293.51 0.00433
1293.63 0.00495
1293.75 0.00577
1293.87 0.00639
1293.99 0.00659
1294.11 0.00659
1294.23 0.00671
1294.35 0.00703
1294.47 0.00731
1294.59 0.00732
1294.71 0.00714
1294.84 0.00714
1294.96 0.00758
1295.08 0.00842
1295.2 0.00938
1295.32 0.01021
1295.44 0.01085
1295.56 0.01146
1295.68 0.0122
1295.8 0.01307
1295.92 0.01388
1296.04 0.01451
1296.16 0.01509
1296.28 0.016
1296.4 0.01744
1296.52 0.01925
1296.64 0.02106
1296.76 0.02272
1296.88 0.02445
1297.01 0.02649
1297.13 0.02877
1297.25 0.03106
1297.37 0.0333
1297.49 0.03569
1297.61 0.0384
1297.73 0.04124
1297.85 0.04378
1297.97 0.0458
1298.09 0.04735
1298.21 0.04866
1298.33 0.04991
1298.45 0.05116
1298.57 0.05244
1298.69 0.05377
1298.81 0.05512
1298.93 0.05639
1299.05 0.05744
1299.18 0.05816
1299.3 0.05859
1299.42 0.05891
1299.54 0.05929
1299.66 0.05972
1299.78 0.05999
1299.9 0.05991
1300.02 0.05956
1300.14 0.05917
1300.26 0.05887
1300.38 0.05852
1300.5 0.05793
1300.62 0.05703
1300.74 0.0559
1300.86 0.05468
1300.98 0.05341
1301.1 0.05205
1301.22 0.05049
1301.34 0.04858
1301.47 0.04626
1301.59 0.04365
1301.71 0.04097
1301.83 0.0385
1301.95 0.03635
1302.07 0.03449
1302.19 0.03276
1302.31 0.03106
1302.43 0.02936
1302.55 0.02769
1302.67 0.026
1302.79 0.02431
1302.91 0.02279
1303.03 0.02164
1303.15 0.02081
1303.27 0.01997
1303.39 0.01891
1303.51 0.01773
1303.64 0.01672
1303.76 0.01594
1303.88 0.0152
1304 0.01442
1304.12 0.01368
1304.24 0.01297
1304.36 0.01213
1304.48 0.01107
1304.6 0.01002
1304.72 0.0093
1304.84 0.00893
1304.96 0.00869
1305.08 0.00844
1305.2 0.00822
1305.32 0.00802
1305.44 0.00769
1305.56 0.00716
1305.68 0.0066
1305.81 0.00622
1305.93 0.00603
1306.05 0.00589
1306.17 0.00578
1306.29 0.00573
1306.41 0.00567
1306.53 0.00546
1306.65 0.00521
1306.77 0.00514
1306.89 0.00527
1307.01 0.0053
1307.13 0.00497
1307.25 0.00446
1307.37 0.00411
1307.49 0.00392
1307.61 0.00369
1307.73 0.00341
1307.85 0.00336
1307.98 0.00368
1308.1 0.00407
1308.22 0.0042
1308.34 0.00411
1308.46 0.00407
1308.58 0.00407
1308.7 0.00381
1308.82 0.00319
1308.94 0.00255
1309.06 0.00227
1309.18 0.00228
1309.3 0.00224
1309.42 0.00203
1309.54 0.00183
1309.66 0.00183
1309.78 0.00194
1309.9 0.00206
1310.02 0.00224
1310.15 0.00258
1310.27 0.00294
1310.39 0.00302
1310.51 0.00277
1310.63 0.00242
1310.75 0.00224
1310.87 0.0022
1310.99 0.00207
1311.11 0.00179
1311.23 0.00156
1311.35 0.00156
1311.47 0.00175
1311.59 0.00191
1311.71 0.00189
1311.83 0.00173
1311.95 0.00158
1312.07 0.0015
1312.19 0.0015
1312.32 0.00157
1312.44 0.00175
1312.56 0.00209
1312.68 0.00257
1312.8 0.00301
1312.92 0.00319
1313.04 0.003
1313.16 0.0025
1313.28 0.0019
1313.4 0.00144
1313.52 0.0013
1313.64 0.00153
1313.76 0.00199
1313.88 0.00232
1314 0.00219
1314.12 0.00161
1314.24 9.93114E-4
1314.36 7.77051E-4
1314.48 0.00102
1314.61 0.00139
1314.73 0.00152
1314.85 0.00136
1314.97 0.00112
1315.09 9.3437E-4
1315.21 8.27238E-4
1315.33 7.41605E-4
1315.45 6.43391E-4
1315.57 5.2559E-4
1315.69 4.17057E-4
1315.81 4.00525E-4
1315.93 5.50654E-4
1316.05 8.12773E-4
1316.17 9.82992E-4
1316.29 8.56407E-4
1316.41 4.07878E-4
1316.53 -1.63734E-4
1316.65 -5.50568E-4
1316.78 -5.42067E-4
1316.9 -1.87591E-4
1317.02 2.18447E-4
1317.14 3.92616E-4
1317.26 3.5961E-4
1317.38 4.17333E-4
1317.5 7.58063E-4
1317.62 0.00118
1317.74 0.00127
1317.86 8.86429E-4
1317.98 3.37426E-4
1318.1 9.82881E-5
1318.22 3.5812E-4
1318.34 8.90058E-4
1318.46 0.0013
1318.58 0.00135
1318.7 0.00115
1318.82 9.27269E-4
1318.95 8.15999E-4
1319.07 6.81378E-4
1319.19 3.63085E-4
1319.31 -1.73301E-5
1319.43 -1.0537E-4
1319.55 2.64686E-4
1319.67 8.41521E-4
1319.79 0.00126
1319.91 0.00145
1320.03 0.00154
1320.15 0.00149
1320.27 0.0011
1320.39 4.50376E-4
1320.51 5.92582E-5
1320.63 3.13859E-4
1320.75 9.46119E-4
1320.87 0.0013
1320.99 0.00109
1321.12 5.81756E-4
1321.24 1.2283E-4
1321.36 -2.82593E-4
1321.48 -7.52456E-4
1321.6 -0.00114
1321.72 -0.00114
1321.84 -6.85375E-4
1321.96 -8.27834E-5
1322.08 2.87574E-4
1322.2 3.07381E-4
1322.32 1.36614E-4
1322.44 1.00471E-5
1322.56 5.15729E-5
1322.68 2.02905E-4
1322.8 2.93449E-4
1322.92 2.11757E-4
1323.04 1.30124E-5
1323.16 -1.6382E-4
1323.29 -2.34727E-4
1323.41 -1.77909E-4
1323.53 4.63575E-5
1323.65 4.32227E-4
1323.77 8.14978E-4
1323.89 9.62313E-4
1324.01 8.36276E-4
1324.13 6.25517E-4
1324.25 4.55689E-4
1324.37 2.1328E-4
1324.49 -2.26215E-4
1324.61 -7.19082E-4
1324.73 -9.89873E-4
1324.85 -9.79926E-4
1324.97 -8.8492E-4
1325.09 -8.37911E-4
1325.21 -7.48497E-4
1325.33 -5.18329E-4
1325.46 -2.48961E-4
1325.58 -1.09032E-4
1325.7 -9.21153E-5
1325.82 -4.61265E-5
1325.94 9.24729E-5
1326.06 2.1477E-4
1326.18 2.15255E-4
1326.3 1.44467E-4
1326.42 1.48237E-4
1326.54 2.85957E-4
1326.66 4.49184E-4
1326.78 4.69513E-4
1326.9 3.08178E-4
1327.02 1.31201E-4
1327.14 1.66718E-4
1327.26 4.77716E-4
1327.38 9.0396E-4
1327.5 0.00124
1327.62 0.0014
1327.75 0.00144
1327.87 0.00135
1327.99 0.00109
1328.11 7.23619E-4
1328.23 3.89673E-4
1328.35 2.18779E-4
1328.47 1.96259E-4
1328.59 2.28412E-4
1328.71 2.83457E-4
1328.83 4.25566E-4
1328.95 7.05704E-4
1329.07 0.00104
1329.19 0.00121
1329.31 0.00105
1329.43 6.47351E-4
1329.55 3.27218E-4
1329.67 3.14329E-4
1329.79 4.6191E-4
1329.92 4.26978E-4
1330.04 1.54749E-4
1330.16 1.24127E-5
1330.28 2.97207E-4
1330.4 7.433E-4
1330.52 7.75356E-4
1330.64 2.54806E-4
1330.76 -2.93616E-4
1330.88 -3.19012E-4
1331 9.08524E-5
1331.12 3.89457E-4
1331.24 2.89686E-4
1331.36 2.37525E-5
1331.48 -9.62168E-5
1331.6 -8.02055E-5
1331.72 -9.94131E-5
1331.84 -1.30568E-4
1331.96 -2.33948E-6
1332.09 2.93914E-4
1332.21 5.66166E-4
1332.33 7.17532E-4
1332.45 8.62595E-4
1332.57 0.00108
1332.69 0.00121
1332.81 0.00101
1332.93 5.03853E-4
1333.05 -4.52772E-5
1333.17 -3.80132E-4
1333.29 -4.55964E-4
1333.41 -3.50248E-4
1333.53 -1.19481E-4
1333.65 2.0346E-4
1333.77 5.254E-4
1333.89 6.95482E-4
1334.01 6.03277E-4
1334.13 2.93646E-4
1334.26 -1.52364E-5
1334.38 -6.41644E-5
1334.5 2.08672E-4
1334.62 5.57568E-4
1334.74 6.37125E-4
1334.86 3.64926E-4
1334.98 3.11844E-5
1335.1 -2.27578E-5
1335.22 2.15258E-4
1335.34 4.28595E-4
1335.46 3.50323E-4
1335.58 1.41449E-5
1335.7 -3.66144E-4
1335.82 -6.38716E-4
1335.94 -7.55142E-4
1336.06 -6.50227E-4
1336.18 -2.50474E-4
1336.3 3.73673E-4
1336.43 9.57634E-4
1336.55 0.00123
1336.67 0.00112
1336.79 7.80538E-4
1336.91 4.17892E-4
1337.03 1.75972E-4
1337.15 8.73841E-5
1337.27 1.00244E-4
1337.39 1.57941E-4
1337.51 2.87414E-4
1337.63 5.69325E-4
1337.75 9.69436E-4
1337.87 0.00126
1337.99 0.00119
1338.11 7.88271E-4
1338.23 3.21843E-4
1338.35 -3.06405E-5
1338.47 -3.21362E-4
1338.6 -6.15269E-4
1338.72 -7.43512E-4
1338.84 -4.67103E-4
1338.96 1.47149E-4
1339.08 6.89E-4
1339.2 8.31805E-4
1339.32 6.79802E-4
1339.44 6.00148E-4
1339.56 7.55824E-4
1339.68 9.12402E-4
1339.8 7.27084E-4
1339.92 1.59372E-4
1340.04 -4.66317E-4
1340.16 -7.94005E-4
1340.28 -7.83034E-4
1340.4 -6.67069E-4
1340.52 -6.33344E-4
1340.64 -6.5152E-4
1340.77 -6.30304E-4
1340.89 -5.92202E-4
1341.01 -5.73236E-4
1341.13 -4.6178E-4
1341.25 -1.41121E-4
1341.37 2.31929E-4
1341.49 3.22349E-4
1341.61 8.085E-5
1341.73 -1.07531E-4
1341.85 1.16289E-4
1341.97 5.99585E-4
1342.09 8.92226E-4
1342.21 8.31798E-4
1342.33 6.73249E-4
1342.45 6.39174E-4
1342.57 6.12494E-4
1342.69 4.02283E-4
1342.81 1.17742E-4
1342.93 6.69919E-5
1343.06 3.43438E-4
1343.18 6.88765E-4
1343.3 7.81372E-4
1343.42 5.39072E-4
1343.54 1.01671E-4
1343.66 -3.80635E-4
1343.78 -8.41402E-4
1343.9 -0.00121
1344.02 -0.00131
1344.14 -9.87064E-4
1344.26 -3.46448E-4
1344.38 1.88768E-4
1344.5 1.99914E-4
1344.62 -2.98962E-4
1344.74 -8.4991E-4
1344.86 -0.00101
1344.98 -7.83969E-4
1345.1 -5.08767E-4
1345.23 -4.76938E-4
1345.35 -6.56266E-4
1345.47 -7.95633E-4
1345.59 -6.89745E-4
1345.71 -3.58377E-4
1345.83 -3.97041E-5
1345.95 1.34483E-6
1346.07 -2.70665E-4
1346.19 -5.79875E-4
1346.31 -6.14338E-4
1346.43 -3.47484E-4
1346.55 -1.66744E-5
1346.67 2.06992E-4
1346.79 3.9085E-4
1346.91 6.4886E-4
1347.03 8.93243E-4
1347.15 9.13918E-4
1347.27 6.64383E-4
1347.4 3.62717E-4
1347.52 2.9064E-4
1347.64 5.37805E-4
1347.76 9.35212E-4
1347.88 0.00119
1348 0.00113
1348.12 7.83242E-4
1348.24 4.02045E-4
1348.36 2.01881E-4
1348.48 2.08236E-4
1348.6 2.74677E-4
1348.72 2.52519E-4
1348.84 1.19295E-4
1348.96 -3.65898E-5
1349.08 -1.17943E-4
1349.2 -1.17242E-4
1349.32 -1.23248E-4
1349.44 -2.40143E-4
1349.57 -4.77925E-4
1349.69 -7.22166E-4
1349.81 -8.22484E-4
1349.93 -7.12961E-4
1350.05 -4.49777E-4
1350.17 -1.44873E-4
1350.29 1.38395E-4
1350.41 4.2592E-4
1350.53 7.58331E-4
1350.65 0.00104
1350.77 0.00102
1350.89 5.60127E-4
1351.01 -1.57431E-4
1351.13 -7.31703E-4
1351.25 -9.74763E-4
1351.37 -0.00106
1351.49 -0.00117
1351.61 -0.00117
1351.74 -8.54146E-4
1351.86 -3.06055E-4
1351.98 8.07419E-5
1352.1 1.07232E-4
1352.22 -3.4757E-5
1352.34 -1.10131E-4
1352.46 -1.33265E-4
1352.58 -1.52059E-4
1352.7 1.58697E-5
1352.82 5.55411E-4
1352.94 0.00128
1353.06 0.00173
1353.18 0.00172
1353.3 0.00146
1353.42 0.00121
1353.54 0.00101
1353.66 8.50532E-4
1353.78 7.88692E-4
1353.91 8.19895E-4
1354.03 7.16012E-4
1354.15 2.78812E-4
1354.27 -3.31212E-4
1354.39 -7.38367E-4
1354.51 -8.26009E-4
1354.63 -8.51102E-4
1354.75 -0.00106
1354.87 -0.00137
1354.99 -0.0015
1355.11 -0.00133
1355.23 -9.37402E-4
1355.35 -4.9492E-4
1355.47 -1.45577E-4
1355.59 3.97116E-6
1355.71 -6.12959E-5
1355.83 -1.97224E-4
1355.95 -2.07603E-4
1356.07 -3.38815E-5
1356.2 1.80803E-4
1356.32 2.23611E-4
1356.44 -3.82215E-6
1356.56 -4.07007E-4
1356.68 -7.47241E-4
1356.8 -7.85556E-4
1356.92 -4.74699E-4
1357.04 -1.96807E-5
1357.16 3.08629E-4
1357.28 4.20984E-4
1357.4 4.37196E-4
1357.52 4.78733E-4
1357.64 5.42488E-4
1357.76 5.86782E-4
1357.88 6.21136E-4
1358 6.35061E-4
1358.12 5.28928E-4
1358.24 2.24072E-4
1358.37 -2.0444E-4
1358.49 -6.02528E-4
1358.61 -9.28108E-4
1358.73 -0.00124
1358.85 -0.00153
1358.97 -0.00164
1359.09 -0.00142
1359.21 -9.77702E-4
1359.33 -5.57039E-4
1359.45 -3.88034E-4
1359.57 -5.40521E-4
1359.69 -9.11873E-4
1359.81 -0.00129
1359.93 -0.00149
1360.05 -0.00144
1360.17 -0.00128
1360.29 -0.0012
1360.41 -0.00127
1360.54 -0.00137
1360.66 -0.00122
1360.78 -6.66112E-4
1360.9 6.44363E-5
1361.02 4.65386E-4
1361.14 2.07592E-4
1361.26 -4.7145E-4
1361.38 -9.6944E-4
1361.5 -9.53499E-4
1361.62 -6.34231E-4
1361.74 -3.78404E-4
1361.86 -2.46566E-4
1361.98 -6.8374E-5
1362.1 1.78371E-4
1362.22 3.03797E-4
1362.34 2.00748E-4
1362.46 -2.33985E-5
1362.58 -2.17307E-4
1362.71 -3.37485E-4
1362.83 -3.83947E-4
1362.95 -3.46616E-4
1363.07 -2.56244E-4
1363.19 -1.6297E-4
1363.31 -3.5733E-5
1363.43 1.82647E-4
1363.55 4.03691E-4
1363.67 4.68526E-4
1363.79 4.15001E-4
1363.91 4.46122E-4
1364.03 5.31007E-4
1364.15 3.19589E-4
1364.27 -3.16668E-4
1364.39 -9.05238E-4
1364.51 -9.01423E-4
1364.63 -4.52295E-4
1364.75 -2.199E-4
1364.88 -4.23279E-4
1365 -5.17361E-4
1365.12 -2.95937E-5
1365.24 6.75004E-4
1365.36 8.33839E-4
1365.48 2.96999E-4
1365.6 -3.36412E-4
1365.72 -5.37228E-4
1365.84 -4.20384E-4
1365.96 -3.71661E-4
1366.08 -4.45738E-4
1366.2 -4.03956E-4
1366.32 -1.9535E-4
1366.44 -9.02712E-5
1366.56 -3.0154E-4
1366.68 -6.8241E-4
1366.8 -9.10301E-4
1366.92 -8.61451E-4
1367.05 -6.92304E-4
1367.17 -6.03117E-4
1367.29 -6.4243E-4
1367.41 -7.48798E-4
1367.53 -8.69524E-4
1367.65 -9.58726E-4
1367.77 -9.1593E-4
1367.89 -6.35423E-4
1368.01 -1.51042E-4
1368.13 3.22055E-4
1368.25 5.3278E-4
1368.37 3.97991E-4
1368.49 5.36442E-5
1368.61 -2.58122E-4
1368.73 -3.48061E-4
1368.85 -1.84696E-4
1368.97 1.15313E-4
1369.09 3.70845E-4
1369.21 4.55678E-4
1369.34 3.63134E-4
1369.46 1.95727E-4
1369.58 7.99634E-5
1369.7 5.08539E-5
1369.82 2.85357E-6
1369.94 -2.00704E-4
1370.06 -5.2895E-4
1370.18 -7.58052E-4
1370.3 -7.04098E-4
1370.42 -4.51867E-4
1370.54 -2.38072E-4
1370.66 -1.3195E-4
1370.78 9.80124E-6
1370.9 2.4166E-4
1371.02 3.98569E-4
1371.14 3.86547E-4
1371.26 4.3188E-4
1371.38 7.76567E-4
1371.51 0.00119
1371.63 0.00112
1371.75 3.57319E-4
1371.87 -5.58116E-4
1371.99 -8.92483E-4
1372.11 -4.73861E-4
1372.23 2.28621E-4
1372.35 6.54735E-4
1372.47 6.04674E-4
1372.59 2.16901E-4
1372.71 -2.18574E-4
1372.83 -3.70871E-4
1372.95 -5.07049E-5
1373.07 5.52494E-4
1373.19 9.1707E-4
1373.31 6.64689E-4
1373.43 -5.28581E-5
1373.55 -7.3101E-4
1373.68 -0.00104
1373.8 -0.00104
1373.92 -9.02213E-4
1374.04 -6.73223E-4
1374.16 -3.39951E-4
1374.28 -2.11671E-5
1374.4 8.5216E-5
1374.52 -1.1177E-4
1374.64 -5.32694E-4
1374.76 -0.00102
1374.88 -0.00137
1375 -0.00138
1375.12 -9.66676E-4
1375.24 -3.70134E-4
1375.36 1.43684E-5
1375.48 8.60542E-7
1375.6 -2.24423E-4
1375.72 -3.51224E-4
1375.85 -2.57865E-4
1375.97 -2.99923E-5
1376.09 1.95354E-4
1376.21 3.03656E-4
1376.33 2.41436E-4
1376.45 1.07892E-4
1376.57 1.39449E-4
1376.69 4.19922E-4
1376.81 6.51058E-4
1376.93 4.39238E-4
1377.05 -1.44284E-4
1377.17 -5.11289E-4
1377.29 -2.19706E-4
1377.41 4.88091E-4
1377.53 9.86226E-4
1377.65 0.001
1377.77 7.83253E-4
1377.89 6.09536E-4
1378.02 4.18093E-4
1378.14 8.56407E-5
1378.26 -1.95961E-4
1378.38 -1.08879E-4
1378.5 2.75739E-4
1378.62 4.72412E-4
1378.74 1.63559E-4
1378.86 -3.86357E-4
1378.98 -6.32323E-4
1379.1 -3.88119E-4
1379.22 1.74455E-5
1379.34 1.72753E-4
1379.46 1.40667E-5
1379.58 -2.31195E-4
1379.7 -3.60947E-4
1379.82 -3.53023E-4
1379.94 -2.60353E-4
1380.06 -9.555E-5
1380.19 1.59964E-4
1380.31 4.7686E-4
1380.43 7.34821E-4
1380.55 7.47256E-4
1380.67 4.11239E-4
1380.79 -1.09512E-4
1380.91 -4.1445E-4
1381.03 -2.24337E-4
1381.15 2.95568E-4
1381.27 6.68574E-4
1381.39 6.13268E-4
1381.51 2.89578E-4
1381.63 -7.93487E-7
1381.75 -2.04556E-4
1381.87 -4.66414E-4
1381.99 -7.67276E-4
1382.11 -8.46349E-4
1382.23 -5.30876E-4
1382.36 9.05246E-6
1382.48 4.22262E-4
1382.6 5.14839E-4
1382.72 3.36092E-4
1382.84 2.60659E-5
1382.96 -3.02605E-4
1383.08 -5.59375E-4
1383.2 -7.05391E-4
1383.32 -8.04245E-4
1383.44 -9.48239E-4
1383.56 -0.00108
1383.68 -0.00102
1383.8 -6.97434E-4
1383.92 -3.63119E-4
1384.04 -3.33518E-4
1384.16 -5.96952E-4
1384.28 -8.05043E-4
1384.4 -7.10282E-4
1384.52 -4.63504E-4
1384.65 -3.66051E-4
1384.77 -4.59187E-4
1384.89 -5.41423E-4
1385.01 -5.30466E-4
1385.13 -5.66412E-4
1385.25 -7.04892E-4
1385.37 -7.43408E-4
1385.49 -5.13587E-4
1385.61 -1.81463E-4
1385.73 -3.97526E-5
1385.85 -9.46112E-5
1385.97 -1.14013E-4
1386.09 -5.74924E-5
1386.21 -1.52312E-4
1386.33 -4.45779E-4
1386.45 -5.83623E-4
1386.57 -2.8874E-4
1386.69 1.33887E-4
1386.82 1.06879E-4
1386.94 -4.269E-4
1387.06 -8.71558E-4
1387.18 -7.42372E-4
1387.3 -2.66004E-4
1387.42 -2.59243E-5
1387.54 -2.18656E-4
1387.66 -5.57985E-4
1387.78 -8.17895E-4
1387.9 -0.00111
1388.02 -0.00154
1388.14 -0.00188
1388.26 -0.00179
1388.38 -0.0013
1388.5 -7.51246E-4
1388.62 -4.37401E-4
1388.74 -3.65078E-4
1388.86 -4.56151E-4
1388.99 -7.01293E-4
1389.11 -0.00104
1389.23 -0.00126
1389.35 -0.00113
1389.47 -6.55245E-4
1389.59 -6.27227E-5
1389.71 3.85463E-4
1389.83 5.4526E-4
1389.95 4.00446E-4
1390.07 5.36703E-5
1390.19 -2.88777E-4
1390.31 -4.47862E-4
1390.43 -4.62107E-4
1390.55 -5.76016E-4
1390.67 -9.79006E-4
1390.79 -0.00157
1390.91 -0.00202
1391.03 -0.00209
1391.16 -0.00183
1391.28 -0.0015
1391.4 -0.00128
1391.52 -0.00112
1391.64 -8.65873E-4
1391.76 -5.17454E-4
1391.88 -2.59042E-4
1392 -2.4027E-4
1392.12 -3.44437E-4
1392.24 -2.92569E-4
1392.36 1.01961E-5
1392.48 3.16564E-4
1392.6 3.07772E-4
1392.72 -3.47495E-5
1392.84 -3.98811E-4
1392.96 -4.91209E-4
1393.08 -3.20021E-4
1393.2 -1.1228E-4
1393.33 -1.53594E-5
1393.45 2.92324E-5
1393.57 1.06353E-4
1393.69 1.31197E-4
1393.81 -8.32379E-5
1393.93 -5.39478E-4
1394.05 -9.38348E-4
1394.17 -9.17703E-4
1394.29 -4.23729E-4
1394.41 2.06374E-4
1394.53 5.43468E-4
1394.65 4.36079E-4
1394.77 6.91898E-5
1394.89 -2.76458E-4
1395.01 -4.60666E-4
1395.13 -4.9847E-4
1395.25 -4.23282E-4
1395.37 -2.43951E-4
1395.5 -3.33227E-5
1395.62 4.296E-5
1395.74 -1.1659E-4
1395.86 -3.63145E-4
1395.98 -4.20522E-4
1396.1 -2.33904E-4
1396.22 -9.39295E-5
1396.34 -2.60733E-4
1396.46 -5.24104E-4
1396.58 -3.69579E-4
1396.7 3.36885E-4
1396.82 0.00103
1396.94 0.00106
1397.06 4.33117E-4
1397.18 -1.35098E-4
1397.3 -1.19407E-4
1397.42 2.64075E-4
1397.54 4.29481E-4
1397.67 1.92348E-4
1397.79 -5.95599E-5
1397.91 1.19891E-4
1398.03 7.35559E-4
1398.15 0.00141
1398.27 0.00174
1398.39 0.00157
1398.51 9.72562E-4
1398.63 2.01166E-4
1398.75 -4.60207E-4
1398.87 -8.27979E-4
1398.99 -9.08375E-4
1399.11 -8.49482E-4
1399.23 -8.25536E-4
1399.35 -9.30499E-4
1399.47 -0.00112
1399.59 -0.00124
1399.71 -0.00116
1399.83 -9.35458E-4
1399.96 -7.38606E-4
1400.08 -6.68015E-4
1400.2 -6.42397E-4
1400.32 -5.71568E-4
1400.44 -5.56204E-4
1400.56 -7.94828E-4
1400.68 -0.00128
1400.8 -0.00169
1400.92 -0.00162
1401.04 -9.658E-4
1401.16 -7.07954E-5
1401.28 5.0791E-4
1401.4 4.02987E-4
1401.52 -2.49561E-4
1401.64 -9.12871E-4
1401.76 -0.00113
1401.88 -9.24297E-4
1402 -6.17594E-4
1402.13 -3.83798E-4
1402.25 -7.64318E-5
1402.37 4.11205E-4
1402.49 8.45801E-4
1402.61 9.14093E-4
1402.73 6.64357E-4
1402.85 4.64734E-4
1402.97 5.14776E-4
1403.09 6.14401E-4
1403.21 4.99614E-4
1403.33 2.34641E-4
1403.45 1.16091E-4
1403.57 2.59679E-4
1403.69 4.33773E-4
1403.81 3.1276E-4
1403.93 -1.82103E-4
1404.05 -7.97376E-4
1404.17 -0.00117
1404.3 -0.00114
1404.42 -9.16831E-4
1404.54 -9.36706E-4
1404.66 -0.00139
1404.78 -0.00198
1404.9 -0.00214
1405.02 -0.00162
1405.14 -7.50992E-4
1405.26 -1.45931E-4
1405.38 -1.13633E-4
1405.5 -4.80097E-4
1405.62 -8.83583E-4
1405.74 -0.00113
1405.86 -0.00122
1405.98 -0.0012
1406.1 -0.00109
1406.22 -9.95204E-4
1406.34 -0.00104
1406.47 -0.00119
1406.59 -0.00119
1406.71 -8.26448E-4
1406.83 -1.84093E-4
1406.95 4.17091E-4
1407.07 7.19666E-4
1407.19 6.57257E-4
1407.31 2.46443E-4
1407.43 -4.46361E-4
1407.55 -0.00117
1407.67 -0.00154
1407.79 -0.00132
1407.91 -7.70178E-4
1408.03 -3.759E-4
1408.15 -3.97556E-4
1408.27 -6.71938E-4
1408.39 -9.02284E-4
1408.51 -0.001
1408.64 -0.00109
1408.76 -0.00126
1408.88 -0.00141
1409 -0.00138
1409.12 -0.0011
1409.24 -6.6179E-4
1409.36 -2.40311E-4
1409.48 3.64855E-5
1409.6 1.52901E-4
1409.72 1.55084E-4
1409.84 5.40875E-5
1409.96 -1.76802E-4
1410.08 -5.02773E-4
1410.2 -7.84393E-4
1410.32 -8.70779E-4
1410.44 -7.40685E-4
1410.56 -5.09158E-4
1410.68 -2.99744E-4
1410.81 -1.43833E-4
1410.93 -7.97212E-6
1411.05 1.25356E-4
1411.17 2.31713E-4
1411.29 2.83234E-4
1411.41 2.5076E-4
1411.53 8.48919E-5
1411.65 -2.48466E-4
1411.77 -6.6942E-4
1411.89 -9.76112E-4
1412.01 -9.97219E-4
1412.13 -7.78042E-4
1412.25 -5.61941E-4
1412.37 -5.51581E-4
1412.49 -7.07425E-4
1412.61 -8.07099E-4
1412.73 -6.89726E-4
1412.85 -4.21785E-4
1412.97 -2.33393E-4
1413.1 -3.07392E-4
1413.22 -6.28058E-4
1413.34 -0.00102
1413.46 -0.00134
1413.58 -0.00158
1413.7 -0.00178
1413.82 -0.0019
1413.94 -0.00182
1414.06 -0.00154
1414.18 -0.00118
1414.3 -8.86202E-4
1414.42 -5.90403E-4
1414.54 -1.94568E-4
1414.66 2.25846E-4
1414.78 4.65706E-4
1414.9 4.72419E-4
1415.02 4.21364E-4
1415.14 4.62845E-4
1415.27 5.07422E-4
1415.39 3.72466E-4
1415.51 7.29077E-5
1415.63 -1.59703E-4
1415.75 -1.44731E-4
1415.87 3.25851E-5
1415.99 9.9726E-5
1416.11 -1.51828E-4
1416.23 -6.81076E-4
1416.35 -0.0012
1416.47 -0.00138
1416.59 -0.00112
1416.71 -6.64845E-4
1416.83 -4.89105E-4
1416.95 -8.22984E-4
1417.07 -0.00141
1417.19 -0.00169
1417.31 -0.0013
1417.44 -4.23919E-4
1417.56 3.52025E-4
1417.68 5.71322E-4
1417.8 3.02415E-4
1417.92 -1.92113E-5
1418.04 -6.72005E-5
1418.16 1.27636E-4
1418.28 3.79235E-4
1418.4 6.20667E-4
1418.52 8.60017E-4
1418.64 9.85149E-4
1418.76 8.00483E-4
1418.88 2.84366E-4
1419 -3.27826E-4
1419.12 -7.70018E-4
1419.24 -9.78153E-4
1419.36 -0.00104
1419.48 -0.00102
1419.61 -9.14127E-4
1419.73 -7.71891E-4
1419.85 -6.77064E-4
1419.97 -6.96506E-4
1420.09 -8.56638E-4
1420.21 -0.00117
1420.33 -0.00157
1420.45 -0.00182
1420.57 -0.00162
1420.69 -9.37272E-4
1420.81 -1.37094E-4
1420.93 2.28811E-4
1421.05 -5.85169E-5
1421.17 -6.53978E-4
1421.29 -9.82121E-4
1421.41 -7.76745E-4
1421.53 -2.93486E-4
1421.65 -4.82425E-6
1421.78 -1.31123E-4
1421.9 -4.90081E-4
1422.02 -7.48433E-4
1422.14 -7.35726E-4
1422.26 -5.06751E-4
1422.38 -2.00644E-4
1422.5 6.10426E-5
1422.62 1.67225E-4
1422.74 5.04181E-5
1422.86 -2.26211E-4
1422.98 -4.68589E-4
1423.1 -5.36453E-4
1423.22 -4.99636E-4
1423.34 -5.57445E-4
1423.46 -7.96363E-4
1423.58 -0.00108
1423.7 -0.00122
1423.82 -0.0011
1423.95 -8.16997E-4
1424.07 -5.02683E-4
1424.19 -3.30176E-4
1424.31 -4.27924E-4
1424.43 -7.60868E-4
1424.55 -0.00108
1424.67 -0.00114
1424.79 -9.56532E-4
1424.91 -8.35411E-4
1425.03 -9.32951E-4
1425.15 -0.00101
1425.27 -7.19711E-4
1425.39 -1.91204E-4
1425.51 2.88859E-5
1425.63 -3.86883E-4
1425.75 -0.00106
1425.87 -0.00133
1425.99 -9.9095E-4
1426.11 -5.23146E-4
1426.24 -4.19002E-4
1426.36 -6.64279E-4
1426.48 -9.48448E-4
1426.6 -0.00116
1426.72 -0.00139
1426.84 -0.00153
1426.96 -0.00126
1427.08 -5.72726E-4
1427.2 -1.25617E-5
1427.32 -6.95959E-5
1427.44 -5.39318E-4
1427.56 -7.45412E-4
1427.68 -4.11417E-4
1427.8 -7.98702E-6
1427.92 -1.24063E-4
1428.04 -7.36322E-4
1428.16 -0.00131
1428.28 -0.00146
1428.41 -0.00125
1428.53 -9.29307E-4
1428.65 -6.27786E-4
1428.77 -4.20369E-4
1428.89 -3.98312E-4
1429.01 -5.3544E-4
1429.13 -6.20518E-4
1429.25 -5.01364E-4
1429.37 -3.14958E-4
1429.49 -3.06927E-4
1429.61 -4.70296E-4
1429.73 -5.50576E-4
1429.85 -4.12181E-4
1429.97 -2.16566E-4
1430.09 -1.75871E-4
1430.21 -2.80239E-4
1430.33 -3.74034E-4
1430.45 -3.89293E-4
1430.58 -3.69906E-4
1430.7 -3.30202E-4
1430.82 -2.35729E-4
1430.94 -1.19224E-4
1431.06 -9.01036E-5
1431.18 -1.89718E-4
1431.3 -3.17238E-4
1431.42 -3.39825E-4
1431.54 -2.27135E-4
1431.66 -5.81704E-5
1431.78 6.04279E-5
1431.9 6.9499E-5
1432.02 1.2625E-5
1432.14 8.06153E-6
1432.26 1.08279E-4
1432.38 1.70946E-4
1432.5 -3.4079E-5
1432.62 -5.2667E-4
1432.75 -0.00102
1432.87 -0.00117
1432.99 -9.97227E-4
1433.11 -7.54375E-4
1433.23 -6.37632E-4
1433.35 -5.44E-4
1433.47 -2.62525E-4
1433.59 2.11317E-4
1433.71 6.19788E-4
1433.83 6.93586E-4
1433.95 3.9563E-4
1434.07 -7.98851E-5
1434.19 -5.13878E-4
1434.31 -8.48308E-4
1434.43 -0.00115
1434.55 -0.00142
1434.67 -0.00151
1434.79 -0.00127
1434.92 -7.3754E-4
1435.04 -1.45681E-4
1435.16 3.05679E-4
1435.28 5.44235E-4
1435.4 5.59524E-4
1435.52 3.27464E-4
1435.64 -1.04941E-4
1435.76 -5.23578E-4
1435.88 -6.72359E-4
1436 -5.0379E-4
1436.12 -2.58271E-4
1436.24 -2.33706E-4
1436.36 -4.81047E-4
1436.48 -7.59687E-4
1436.6 -8.05311E-4
1436.72 -6.03698E-4
1436.84 -3.55665E-4
1436.96 -1.97697E-4
1437.09 -5.78053E-5
1437.21 1.6398E-4
1437.33 3.80237E-4
1437.45 4.33542E-4
1437.57 3.6275E-4
1437.69 3.76586E-4
1437.81 5.24189E-4
1437.93 5.78884E-4
1438.05 3.60478E-4
1438.17 1.76616E-5
1438.29 -1.71721E-4
1438.41 -1.65641E-4
1438.53 -1.45901E-4
1438.65 -1.93175E-4
1438.77 -2.14413E-4
1438.89 -1.97552E-4
1439.01 -2.99644E-4
1439.13 -5.81391E-4
1439.26 -8.37166E-4
1439.38 -8.3809E-4
1439.5 -6.33642E-4
1439.62 -4.75816E-4
1439.74 -5.23642E-4
1439.86 -7.45721E-4
1439.98 -0.00103
1440.1 -0.00126
1440.22 -0.00125
1440.34 -9.06341E-4
1440.46 -3.95477E-4
1440.58 -3.48464E-5
1440.7 2.0083E-5
1440.82 -8.70079E-5
1440.94 -1.42805E-4
1441.06 -1.45316E-4
1441.18 -2.29575E-4
1441.3 -3.95451E-4
1441.42 -4.4499E-4
1441.55 -2.25965E-4
1441.67 1.36096E-4
1441.79 3.02222E-4
1441.91 3.06256E-5
1442.03 -6.03475E-4
1442.15 -0.00127
1442.27 -0.00168
1442.39 -0.00178
1442.51 -0.00171
1442.63 -0.00159
1442.75 -0.00141
1442.87 -0.00106
1442.99 -5.12403E-4
1443.11 7.59624E-5
1443.23 4.17545E-4
1443.35 2.89522E-4
1443.47 -2.78775E-4
1443.59 -9.71995E-4
1443.72 -0.00139
1443.84 -0.00135
1443.96 -9.71004E-4
1444.08 -6.09644E-4
1444.2 -5.36304E-4
1444.32 -7.73769E-4
1444.44 -0.00114
1444.56 -0.00142
1444.68 -0.00151
1444.8 -0.00142
1444.92 -0.00116
1445.04 -7.88912E-4
1445.16 -4.13377E-4
1445.28 -1.41595E-4
1445.4 5.04665E-5
1445.52 2.35293E-4
1445.64 3.37914E-4
1445.76 1.62836E-4
1445.89 -2.87417E-4
1446.01 -6.93463E-4
1446.13 -8.16293E-4
1446.25 -8.72385E-4
1446.37 -0.00123
1446.49 -0.00178
1446.61 -0.00189
1446.73 -0.00119
1446.85 -1.22588E-4
1446.97 5.78444E-4
1447.09 6.4962E-4
1447.21 3.78024E-4
1447.33 5.50747E-5
1447.45 -2.78827E-4
1447.57 -5.84595E-4
1447.69 -7.12145E-4
1447.81 -6.54411E-4
1447.93 -6.54146E-4
1448.06 -8.63016E-4
1448.18 -0.00107
1448.3 -9.83898E-4
1448.42 -6.69476E-4
1448.54 -5.12537E-4
1448.66 -7.60153E-4
1448.78 -0.00126
1448.9 -0.00164
1449.02 -0.00164
1449.14 -0.00126
1449.26 -7.39593E-4
1449.38 -3.54528E-4
1449.5 -1.69378E-4
1449.62 -1.81794E-6
1449.74 2.63985E-4
1449.86 3.84424E-4
1449.98 -1.76765E-5
1450.1 -9.01166E-4
1450.23 -0.00168
1450.35 -0.00177
1450.47 -0.00124
1450.59 -6.62193E-4
1450.71 -5.09202E-4
1450.83 -6.98626E-4
1450.95 -8.56992E-4
1451.07 -8.03184E-4
1451.19 -6.96823E-4
1451.31 -7.70211E-4
1451.43 -0.00103
1451.55 -0.00125
1451.67 -0.00123
1451.79 -9.81919E-4
1451.91 -6.99934E-4
1452.03 -5.39515E-4
1452.15 -5.043E-4
1452.27 -5.02985E-4
1452.4 -4.59429E-4
1452.52 -3.50982E-4
1452.64 -2.07257E-4
1452.76 -1.23277E-4
1452.88 -2.2006E-4
1453 -5.10477E-4
1453.12 -8.08019E-4
1453.24 -8.31671E-4
1453.36 -4.2405E-4
1453.48 3.28802E-4
1453.6 0.00113
1453.72 0.0016
1453.84 0.00142
1453.96 5.70279E-4
1454.08 -5.54696E-4
1454.2 -0.00133
1454.32 -0.00143
1454.44 -0.00104
1454.56 -6.36779E-4
1454.69 -5.196E-4
1454.81 -6.3049E-4
1454.93 -7.53421E-4
1455.05 -7.78414E-4
1455.17 -7.75252E-4
1455.29 -8.7709E-4
1455.41 -0.0011
1455.53 -0.00126
1455.65 -0.00112
1455.77 -7.06263E-4
1455.89 -3.7371E-4
1456.01 -4.33981E-4
1456.13 -7.88514E-4
1456.25 -0.00104
1456.37 -9.77915E-4
1456.49 -7.48232E-4
1456.61 -5.60991E-4
1456.73 -4.21021E-4
1456.86 -2.93549E-4
1456.98 -3.09419E-4
1457.1 -5.62429E-4
1457.22 -8.2244E-4
1457.34 -7.50422E-4
1457.46 -3.89233E-4
1457.58 -1.50997E-4
1457.7 -2.51178E-4
1457.82 -4.08702E-4
1457.94 -2.57716E-4
1458.06 1.37638E-4
1458.18 3.86588E-4
1458.3 2.88934E-4
1458.42 1.95093E-5
1458.54 -1.5061E-4
1458.66 -1.19183E-4
1458.78 4.84288E-5
1458.9 2.01255E-4
1459.03 1.47987E-4
1459.15 -2.04161E-4
1459.27 -6.59365E-4
1459.39 -8.55006E-4
1459.51 -6.78435E-4
1459.63 -4.45381E-4
1459.75 -5.16459E-4
1459.87 -8.37073E-4
1459.99 -0.00102
1460.11 -8.65258E-4
1460.23 -5.36684E-4
1460.35 -3.22714E-4
1460.47 -2.79162E-4
1460.59 -2.69499E-4
1460.71 -2.08046E-4
1460.83 -1.47238E-4
1460.95 -1.7222E-4
1461.07 -3.07895E-4
1461.2 -5.09713E-4
1461.32 -6.67591E-4
1461.44 -6.30841E-4
1461.56 -3.15055E-4
1461.68 1.8169E-4
1461.8 6.05155E-4
1461.92 7.37458E-4
1462.04 5.57657E-4
1462.16 2.25786E-4
1462.28 -8.94442E-5
1462.4 -3.51649E-4
1462.52 -6.24225E-4
1462.64 -8.76956E-4
1462.76 -8.97139E-4
1462.88 -5.07165E-4
1463 9.6228E-5
1463.12 3.68424E-4
1463.24 -3.25106E-5
1463.37 -7.76868E-4
1463.49 -0.00115
1463.61 -8.22645E-4
1463.73 -2.38765E-4
1463.85 -8.15094E-6
1463.97 -1.74094E-4
1464.09 -2.43854E-4
1464.21 8.63634E-5
1464.33 5.22017E-4
1464.45 5.93141E-4
1464.57 2.50142E-4
1464.69 -1.52752E-4
1464.81 -3.67653E-4
1464.93 -5.12127E-4
1465.05 -7.79752E-4
1465.17 -0.00112
1465.29 -0.00134
1465.41 -0.00141
1465.54 -0.00148
1465.66 -0.0016
1465.78 -0.00158
1465.9 -0.00131
1466.02 -9.48571E-4
1466.14 -7.77502E-4
1466.26 -8.68052E-4
1466.38 -9.7882E-4
1466.5 -8.81739E-4
1466.62 -6.54928E-4
1466.74 -5.58469E-4
1466.86 -6.81739E-4
1466.98 -8.47768E-4
1467.1 -8.79906E-4
1467.22 -8.34104E-4
1467.34 -8.93086E-4
1467.46 -0.00111
1467.58 -0.00138
1467.7 -0.00154
1467.83 -0.00154
1467.95 -0.0013
1468.07 -7.60294E-4
1468.19 -7.84136E-5
1468.31 3.5939E-4
1468.43 2.04813E-4
1468.55 -4.78823E-4
1468.67 -0.00123
1468.79 -0.00162
1468.91 -0.00156
1469.03 -0.00126
1469.15 -9.26051E-4
1469.27 -5.75095E-4
1469.39 -1.94032E-4
1469.51 1.09941E-4
1469.63 1.38011E-4
1469.75 -1.8964E-4
1469.87 -6.88635E-4
1470 -0.00102
1470.12 -9.70755E-4
1470.24 -7.17364E-4
1470.36 -6.43861E-4
1470.48 -9.4872E-4
1470.6 -0.00141
1470.72 -0.00161
1470.84 -0.00139
1470.96 -9.60704E-4
1471.08 -6.20242E-4
1471.2 -5.00318E-4
1471.32 -5.70405E-4
1471.44 -7.53127E-4
1471.56 -9.17934E-4
1471.68 -8.87413E-4
1471.8 -6.34491E-4
1471.92 -4.36436E-4
1472.04 -6.36738E-4
1472.17 -0.0012
1472.29 -0.00162
1472.41 -0.0015
1472.53 -9.32567E-4
1472.65 -4.66838E-4
1472.77 -4.3891E-4
1472.89 -6.92241E-4
1473.01 -8.57409E-4
1473.13 -7.95286E-4
1473.25 -6.58669E-4
1473.37 -5.99023E-4
1473.49 -5.79998E-4
1473.61 -5.17249E-4
1473.73 -4.64849E-4
1473.85 -5.31573E-4
1473.97 -6.57305E-4
1474.09 -6.32785E-4
1474.21 -3.87501E-4
1474.34 -1.36688E-4
1474.46 -1.49395E-4
1474.58 -4.46483E-4
1474.7 -8.31794E-4
1474.82 -0.00115
1474.94 -0.00135
1475.06 -0.00136
1475.18 -0.00105
1475.3 -5.45654E-4
1475.42 -2.0501E-4
1475.54 -2.74602E-4
1475.66 -5.50255E-4
1475.78 -6.02558E-4
1475.9 -2.98008E-4
1476.02 6.0346E-5
1476.14 1.04319E-4
1476.26 -2.2525E-4
1476.38 -6.99349E-4
1476.51 -0.00104
1476.63 -0.00108
1476.75 -8.11957E-4
1476.87 -4.35349E-4
1476.99 -2.2712E-4
1477.11 -2.89597E-4
1477.23 -4.42766E-4
1477.35 -4.52802E-4
1477.47 -3.26581E-4
1477.59 -2.87015E-4
1477.71 -4.85908E-4
1477.83 -8.50938E-4
1477.95 -0.00121
1478.07 -0.00144
1478.19 -0.00146
1478.31 -0.00123
1478.43 -7.85969E-4
1478.55 -3.83347E-4
1478.68 -2.95494E-4
1478.8 -5.39549E-4
1478.92 -8.03716E-4
1479.04 -7.42063E-4
1479.16 -3.48642E-4
1479.28 1.58288E-5
1479.4 -4.2133E-6
1479.52 -3.69001E-4
1479.64 -6.92818E-4
1479.76 -6.64685E-4
1479.88 -3.79834E-4
1480 -2.08169E-4
1480.12 -3.75457E-4
1480.24 -7.47491E-4
1480.36 -0.00104
1480.48 -0.00114
1480.6 -0.0012
1480.72 -0.00136
1480.84 -0.00151
1480.97 -0.00138
1481.09 -8.52626E-4
1481.21 -2.14256E-4
1481.33 4.61787E-5
1481.45 -3.16411E-4
1481.57 -0.00102
1481.69 -0.00144
1481.81 -0.00119
1481.93 -3.92519E-4
1482.05 4.46446E-4
1482.17 8.7744E-4
1482.29 8.3217E-4
1482.41 5.22222E-4
1482.53 1.53016E-4
1482.65 -1.97377E-4
1482.77 -4.69331E-4
1482.89 -5.62496E-4
1483.01 -4.6457E-4
1483.14 -3.6918E-4
1483.26 -5.16344E-4
1483.38 -8.9746E-4
1483.5 -0.00123
1483.62 -0.0013
1483.74 -0.00118
1483.86 -0.00106
1483.98 -9.80604E-4
1484.1 -7.98732E-4
1484.22 -4.92986E-4
1484.34 -2.75344E-4
1484.46 -3.49797E-4
1484.58 -6.64342E-4
1484.7 -9.86282E-4
1484.82 -0.00114
1484.94 -0.00109
1485.06 -8.15604E-4
1485.18 -3.34349E-4
1485.31 2.33129E-4
1485.43 6.52332E-4
1485.55 7.64813E-4
1485.67 6.15139E-4
1485.79 3.5698E-4
1485.91 7.69235E-5
1486.03 -2.23693E-4
1486.15 -4.97978E-4
1486.27 -6.13596E-4
1486.39 -4.79128E-4
1486.51 -1.79548E-4
1486.63 8.32789E-5
1486.75 1.87553E-4
1486.87 2.027E-4
1486.99 2.67304E-4
1487.11 3.98591E-4
1487.23 4.64782E-4
1487.35 3.42663E-4
1487.48 5.36516E-5
1487.6 -2.76688E-4
1487.72 -5.42831E-4
1487.84 -7.1108E-4
1487.96 -7.70103E-4
1488.08 -7.13628E-4
1488.2 -5.73579E-4
1488.32 -4.08228E-4
1488.44 -2.34164E-4
1488.56 -2.40542E-5
1488.68 1.94326E-4
1488.8 2.94689E-4
1488.92 1.95853E-4
1489.04 7.03707E-6
1489.16 -5.68181E-5
1489.28 7.09817E-5
1489.4 1.99977E-4
1489.52 1.03582E-4
1489.65 -2.18939E-4
1489.77 -5.39202E-4
1489.89 -6.55681E-4
1490.01 -5.7951E-4
1490.13 -4.76357E-4
1490.25 -4.76193E-4
1490.37 -5.61628E-4
1490.49 -6.11763E-4
1490.61 -5.37828E-4
1490.73 -3.92698E-4
1490.85 -3.48706E-4
1490.97 -5.2911E-4
1491.09 -8.48439E-4
1491.21 -0.00107
1491.33 -0.00106
1491.45 -9.71895E-4
1491.57 -0.00104
1491.69 -0.0013
1491.82 -0.00151
1491.94 -0.00139
1492.06 -9.20828E-4
1492.18 -3.73285E-4
1492.3 -2.36258E-5
1492.42 5.02802E-5
1492.54 -5.34989E-5
1492.66 -2.08557E-4
1492.78 -3.61081E-4
1492.9 -4.96205E-4
1493.02 -5.87765E-4
1493.14 -6.0036E-4
1493.26 -5.1697E-4
1493.38 -3.48751E-4
1493.5 -1.42984E-4
1493.62 -2.19047E-6
1493.74 -5.54584E-5
1493.86 -3.44675E-4
1493.98 -7.32664E-4
1494.11 -9.88375E-4
1494.23 -0.001
1494.35 -8.6252E-4
1494.47 -7.18001E-4
1494.59 -5.81425E-4
1494.71 -3.95E-4
1494.83 -2.0327E-4
1494.95 -1.36703E-4
1495.07 -2.04567E-4
1495.19 -2.468E-4
1495.31 -1.79533E-4
1495.43 -1.76419E-4
1495.55 -4.62946E-4
1495.67 -9.78217E-4
1495.79 -0.0014
1495.91 -0.00154
1496.03 -0.0015
1496.15 -0.0015
1496.28 -0.00154
1496.4 -0.00149
1496.52 -0.00134
1496.64 -0.00115
1496.76 -9.04776E-4
1496.88 -4.72192E-4
1497 8.82596E-5
1497.12 4.69163E-4
1497.24 4.45154E-4
1497.36 1.63887E-4
1497.48 -3.51556E-5
1497.6 -1.79447E-5
1497.72 8.50223E-5
1497.84 1.74519E-4
1497.96 3.09635E-4
1498.08 4.71473E-4
1498.2 4.27037E-4
1498.32 3.1516E-6
1498.45 -6.1097E-4
1498.57 -0.00102
1498.69 -0.00106
1498.81 -9.09254E-4
1498.93 -8.0806E-4
1499.05 -8.10344E-4
1499.17 -8.50994E-4
1499.29 -8.57215E-4
1499.41 -7.18851E-4
1499.53 -3.22439E-4
1499.65 2.40229E-4
1499.77 6.14531E-4
1499.89 5.30209E-4
1500.01 1.4006E-4
1500.13 -1.56753E-4
1500.25 -2.09287E-4
1500.37 -2.49501E-4
1500.49 -4.87972E-4
1500.62 -7.91255E-4
1500.74 -8.86686E-4
1500.86 -7.58331E-4
1500.98 -6.67527E-4
1501.1 -8.11994E-4
1501.22 -0.0011
1501.34 -0.00127
1501.46 -0.00115
1501.58 -7.33595E-4
1501.7 -1.88634E-4
1501.82 2.75679E-4
1501.94 4.7816E-4
1502.06 3.67548E-4
1502.18 4.80339E-5
1502.3 -3.02773E-4
1502.42 -5.72138E-4
1502.54 -7.89016E-4
1502.66 -0.00103
1502.79 -0.00124
1502.91 -0.00122
1503.03 -8.15306E-4
1503.15 -2.26431E-4
1503.27 1.60351E-4
1503.39 1.61089E-4
1503.51 -2.19569E-5
1503.63 -1.37083E-4
1503.75 -2.57134E-4
1503.87 -6.08176E-4
1503.99 -0.00111
1504.11 -0.00136
1504.23 -0.00119
1504.35 -9.26718E-4
1504.47 -9.90588E-4
1504.59 -0.00135
1504.71 -0.00161
1504.83 -0.00155
1504.96 -0.00134
1505.08 -0.00119
1505.2 -0.00105
1505.32 -8.01653E-4
1505.44 -6.01329E-4
1505.56 -7.18646E-4
1505.68 -0.00114
1505.8 -0.00147
1505.92 -0.00138
1506.04 -9.59057E-4
1506.16 -6.5244E-4
1506.28 -7.48988E-4
1506.4 -0.00114
1506.52 -0.00148
1506.64 -0.00152
1506.76 -0.00123
1506.88 -7.52758E-4
1507 -2.11615E-4
1507.12 2.71354E-4
1507.25 6.03512E-4
1507.37 7.63733E-4
1507.49 7.92302E-4
1507.61 6.94688E-4
1507.73 3.97671E-4
1507.85 -1.22748E-4
1507.97 -6.8764E-4
1508.09 -9.94805E-4
1508.21 -8.71629E-4
1508.33 -4.20567E-4
1508.45 8.81702E-5
1508.57 4.00022E-4
1508.69 3.77815E-4
1508.81 3.44105E-5
1508.93 -4.47139E-4
1509.05 -8.00904E-4
1509.17 -8.90713E-4
1509.29 -7.96005E-4
1509.42 -6.50808E-4
1509.54 -4.66634E-4
1509.66 -2.13347E-4
1509.78 -3.39001E-6
1509.9 -1.50092E-5
1510.02 -1.96777E-4
1510.14 -2.2015E-4
1510.26 1.45379E-4
1510.38 6.84615E-4
1510.5 9.04907E-4
1510.62 5.27985E-4
1510.74 -2.57652E-4
1510.86 -0.00102
1510.98 -0.00145
1511.1 -0.00151
1511.22 -0.00131
1511.34 -0.00101
1511.46 -7.80109E-4
1511.59 -7.30928E-4
1511.71 -8.29756E-4
1511.83 -8.85103E-4
1511.95 -7.03707E-4
1512.07 -2.78626E-4
1512.19 2.04399E-4
1512.31 5.48106E-4
1512.43 7.09239E-4
1512.55 7.62388E-4
1512.67 7.67875E-4
1512.79 7.24152E-4
1512.91 6.19721E-4
1513.03 4.62506E-4
1513.15 2.61199E-4
1513.27 4.89131E-5
1513.39 -6.54869E-5
1513.51 4.97736E-5
1513.63 3.67414E-4
1513.76 6.50324E-4
1513.88 6.41201E-4
1514 3.15931E-4
1514.12 -1.06853E-4
1514.24 -3.84443E-4
1514.36 -4.36179E-4
1514.48 -3.19999E-4
1514.6 -1.32084E-4
1514.72 2.70829E-5
1514.84 5.03808E-5
1514.96 -1.02025E-4
1515.08 -3.19473E-4
1515.2 -4.00655E-4
1515.32 -2.50302E-4
1515.44 -1.38991E-5
1515.56 6.18808E-5
1515.68 -7.80188E-5
1515.8 -1.91558E-4
1515.93 -2.36109E-5
1516.05 3.53422E-4
1516.17 5.65689E-4
1516.29 3.51321E-4
1516.41 -1.55203E-4
1516.53 -5.87389E-4
1516.65 -7.17517E-4
1516.77 -5.51671E-4
1516.89 -1.66997E-4
1517.01 3.49119E-4
1517.13 7.75084E-4
1517.25 7.86617E-4
1517.37 2.54046E-4
1517.49 -5.41348E-4
1517.61 -0.0011
1517.73 -0.00115
1517.85 -7.84766E-4
1517.97 -3.06703E-4
1518.1 2.12416E-5
1518.22 6.40079E-5
1518.34 -1.97638E-4
1518.46 -6.58646E-4
1518.58 -0.0011
1518.7 -0.00129
1518.82 -0.00114
1518.94 -8.1826E-4
1519.06 -5.94448E-4
1519.18 -6.48737E-4
1519.3 -9.13162E-4
1519.42 -0.00114
1519.54 -0.00112
1519.66 -8.50093E-4
1519.78 -5.15763E-4
1519.9 -3.53552E-4
1520.02 -4.91571E-4
1520.14 -8.40195E-4
1520.27 -0.00112
1520.39 -0.00111
1520.51 -8.7291E-4
1520.63 -7.71392E-4
1520.75 -0.00104
1520.87 -0.00151
1520.99 -0.00182
1521.11 -0.00174
1521.23 -0.00132
1521.35 -7.51328E-4
1521.47 -2.54694E-4
1521.59 -9.05022E-5
1521.71 -3.36155E-4
1521.83 -6.80994E-4
1521.95 -6.68518E-4
1522.07 -2.58896E-4
1522.19 5.78575E-5
1522.31 -1.18755E-4
1522.43 -5.27218E-4
1522.56 -5.78761E-4
1522.68 -1.41095E-4
1522.8 3.01532E-4
1522.92 2.88215E-4
1523.04 -9.98676E-5
1523.16 -4.86605E-4
1523.28 -7.11191E-4
1523.4 -8.6369E-4
1523.52 -9.69898E-4
1523.64 -9.04743E-4
1523.76 -6.3898E-4
1523.88 -3.84208E-4
1524 -3.94851E-4
1524.12 -6.864E-4
1524.24 -0.00101
1524.36 -0.00111
1524.48 -9.29404E-4
1524.6 -6.68254E-4
1524.73 -5.29122E-4
1524.85 -5.26275E-4
1524.97 -5.29487E-4
1525.09 -4.93124E-4
1525.21 -5.37381E-4
1525.33 -7.45308E-4
1525.45 -9.69104E-4
1525.57 -9.59452E-4
1525.69 -6.71335E-4
1525.81 -3.32396E-4
1525.93 -1.82938E-4
1526.05 -2.35416E-4
1526.17 -3.26563E-4
1526.29 -3.25728E-4
1526.41 -2.3973E-4
1526.53 -1.71021E-4
1526.65 -2.35256E-4
1526.77 -4.85301E-4
1526.9 -8.47515E-4
1527.02 -0.00114
1527.14 -0.00121
1527.26 -0.00106
1527.38 -8.124E-4
1527.5 -5.64948E-4
1527.62 -2.90859E-4
1527.74 5.26197E-5
1527.86 4.07945E-4
1527.98 6.47459E-4
1528.1 6.9223E-4
1528.22 5.68483E-4
1528.34 3.49823E-4
1528.46 1.06473E-4
1528.58 -6.71968E-5
1528.7 -4.91031E-5
1528.82 1.77421E-4
1528.94 4.02819E-4
1529.07 3.09546E-4
1529.19 -2.2291E-4
1529.31 -9.36713E-4
1529.43 -0.00138
1529.55 -0.00129
1529.67 -7.78012E-4
1529.79 -2.33281E-4
1529.91 -3.241E-5
1530.03 -2.54292E-4
1530.15 -6.34398E-4
1530.27 -8.20197E-4
1530.39 -7.19871E-4
1530.51 -5.52114E-4
1530.63 -5.1092E-4
1530.75 -4.90818E-4
1530.87 -2.73477E-4
1530.99 9.50582E-5
1531.11 3.03999E-4
1531.24 1.60225E-4
1531.36 -2.31918E-4
1531.48 -6.85617E-4
1531.6 -0.00112
1531.72 -0.00143
1531.84 -0.00137
1531.96 -8.87156E-4
1532.08 -3.79656E-4
1532.2 -3.46202E-4
1532.32 -8.13682E-4
1532.44 -0.0013
1532.56 -0.00142
1532.68 -0.0013
1532.8 -0.00133
1532.92 -0.00167
1533.04 -0.0021
1533.16 -0.00236
1533.28 -0.0024
1533.41 -0.00234
1533.53 -0.00228
1533.65 -0.00224
1533.77 -0.00207
1533.89 -0.00167
1534.01 -0.00113
1534.13 -6.95568E-4
1534.25 -5.3449E-4
1534.37 -5.7875E-4
1534.49 -6.09484E-4
1534.61 -5.08383E-4
1534.73 -3.53415E-4
1534.85 -3.09389E-4
1534.97 -4.81822E-4
1535.09 -8.46349E-4
1535.21 -0.00125
1535.33 -0.00151
1535.45 -0.00152
1535.57 -0.00135
1535.7 -0.00109
1535.82 -8.0562E-4
1535.94 -5.37153E-4
1536.06 -3.48128E-4
1536.18 -2.35066E-4
1536.3 -5.85504E-5
1536.42 2.86248E-4
1536.54 6.34801E-4
1536.66 6.52742E-4
1536.78 2.05986E-4
1536.9 -4.66052E-4
1537.02 -0.001
1537.14 -0.00124
1537.26 -0.00126
1537.38 -0.00116
1537.5 -0.00101
1537.62 -8.31936E-4
1537.74 -6.20611E-4
1537.87 -3.62605E-4
1537.99 -1.06432E-4
1538.11 1.06245E-5
1538.23 -1.03556E-4
1538.35 -3.57393E-4
1538.47 -5.83444E-4
1538.59 -7.26793E-4
1538.71 -8.39699E-4
1538.83 -9.21246E-4
1538.95 -9.14577E-4
1539.07 -8.77522E-4
1539.19 -9.87206E-4
1539.31 -0.00128
1539.43 -0.00149
1539.55 -0.00137
1539.67 -0.001
1539.79 -7.03171E-4
1539.91 -6.18931E-4
1540.04 -5.46828E-4
1540.16 -2.52157E-4
1540.28 1.83091E-4
1540.4 4.37558E-4
1540.52 3.4612E-4
1540.64 9.25772E-5
1540.76 -1.12876E-5
1540.88 1.43275E-4
1541 3.94054E-4
1541.12 5.51015E-4
1541.24 6.15396E-4
1541.36 7.41269E-4
1541.48 9.8633E-4
1541.6 0.00116
1541.72 0.00101
1541.84 5.42521E-4
1541.96 1.03224E-4
1542.08 5.97909E-6
1542.21 1.41673E-4
1542.33 9.2566E-5
1542.45 -3.29852E-4
1542.57 -8.03687E-4
1542.69 -8.74866E-4
1542.81 -5.03369E-4
1542.93 -9.23239E-5
1543.05 -4.78327E-6
1543.17 -2.10695E-4
1543.29 -4.36123E-4
1543.41 -5.0858E-4
1543.53 -4.56806E-4
1543.65 -3.656E-4
1543.77 -2.66779E-4
1543.89 -1.65176E-4
1544.01 -8.78349E-5
1544.13 -9.02079E-5
1544.25 -2.3872E-4
1544.38 -5.5889E-4
1544.5 -9.64683E-4
1544.62 -0.00128
1544.74 -0.00141
1544.86 -0.00142
1544.98 -0.00142
1545.1 -0.00136
1545.22 -0.00113
1545.34 -7.32388E-4
1545.46 -3.85202E-4
1545.58 -3.17048E-4
1545.7 -5.23947E-4
1545.82 -8.13033E-4
1545.94 -0.001
1546.06 -0.00102
1546.18 -8.29659E-4
1546.3 -4.47549E-4
1546.42 5.27091E-5
1546.55 4.89537E-4
1546.67 6.66715E-4
1546.79 5.01052E-4
1546.91 8.54582E-5
1547.03 -3.75923E-4
1547.15 -6.98507E-4
1547.27 -8.07751E-4
1547.39 -7.09731E-4
1547.51 -4.36034E-4
1547.63 -6.60755E-5
1547.75 2.14368E-4
1547.87 1.72563E-4
1547.99 -2.6102E-4
1548.11 -8.74378E-4
1548.23 -0.00134
1548.35 -0.0015
1548.47 -0.00148
1548.59 -0.00146
1548.72 -0.00148
1548.84 -0.00139
1548.96 -0.00109
1549.08 -6.3736E-4
1549.2 -2.06869E-4
1549.32 7.25724E-5
1549.44 2.14688E-4
1549.56 2.85622E-4
1549.68 2.50358E-4
1549.8 -2.35699E-5
1549.92 -5.64925E-4
1550.04 -0.00114
1550.16 -0.00134
1550.28 -0.001
1550.4 -3.57125E-4
1550.52 1.06964E-4
1550.64 1.00508E-4
1550.76 -2.22996E-4
1550.88 -4.94033E-4
1551.01 -5.32098E-4
1551.13 -4.43768E-4
1551.25 -3.72797E-4
1551.37 -2.88606E-4
1551.49 -8.40314E-5
1551.61 2.2069E-4
1551.73 4.7918E-4
1551.85 5.87873E-4
1551.97 5.25419E-4
1552.09 2.70121E-4
1552.21 -1.66282E-4
1552.33 -5.89851E-4
1552.45 -6.97445E-4
1552.57 -4.13641E-4
1552.69 -6.43358E-5
1552.81 -5.7105E-5
1552.93 -4.11689E-4
1553.05 -7.37809E-4
1553.18 -6.82525E-4
1553.3 -2.8225E-4
1553.42 1.45648E-4
1553.54 3.29752E-4
1553.66 2.05245E-4
1553.78 -1.54555E-4
1553.9 -6.12646E-4
1554.02 -0.001
1554.14 -0.0012
1554.26 -0.00117
1554.38 -0.00106
1554.5 -9.88357E-4
1554.62 -0.00104
1554.74 -0.00117
1554.86 -0.00128
1554.98 -0.00128
1555.1 -0.00113
1555.22 -9.00436E-4
1555.35 -7.62749E-4
1555.47 -8.5412E-4
1555.59 -0.00109
1555.71 -0.00119
1555.83 -9.44555E-4
1555.95 -5.55418E-4
1556.07 -4.53278E-4
1556.19 -8.18219E-4
1556.31 -0.0013
1556.43 -0.0014
1556.55 -0.00102
1556.67 -6.06034E-4
1556.79 -5.63711E-4
1556.91 -8.50786E-4
1557.03 -0.00113
1557.15 -0.00118
1557.27 -0.00104
1557.39 -7.93502E-4
1557.52 -5.10953E-4
1557.64 -3.39955E-4
1557.76 -4.60528E-4
1557.88 -8.35594E-4
1558 -0.00113
1558.12 -0.00101
1558.24 -5.19108E-4
1558.36 -4.89652E-5
1558.48 8.14423E-5
1558.6 -9.34713E-5
1558.72 -2.73794E-4
1558.84 -2.56129E-4
1558.96 -1.40268E-4
1559.08 -1.81936E-4
1559.2 -4.65456E-4
1559.32 -7.71604E-4
1559.44 -7.98475E-4
1559.56 -5.02624E-4
1559.69 -1.72909E-4
1559.81 -1.54234E-4
1559.93 -5.41814E-4
1560.05 -0.00115
1560.17 -0.00169
1560.29 -0.00195
1560.41 -0.00179
1560.53 -0.00126
1560.65 -6.0552E-4
1560.77 -1.25241E-4
1560.89 7.32392E-6
1561.01 -1.60769E-4
1561.13 -4.62759E-4
1561.25 -7.55232E-4
1561.37 -9.33912E-4
1561.49 -9.14872E-4
1561.61 -6.89007E-4
1561.73 -3.89259E-4
1561.86 -2.19792E-4
1561.98 -2.68165E-4
1562.1 -4.09033E-4
1562.22 -4.32588E-4
1562.34 -2.6951E-4
1562.46 -6.30952E-5
1562.58 6.53788E-6
1562.7 -4.5646E-5
1562.82 1.24313E-5
1562.94 3.44235E-4
1563.06 7.9729E-4
1563.18 0.00101
1563.3 8.18055E-4
1563.42 4.75191E-4
1563.54 3.55639E-4
1563.66 4.94372E-4
1563.78 5.41531E-4
1563.9 2.14435E-4
1564.03 -3.26723E-4
1564.15 -6.43775E-4
1564.27 -4.96633E-4
1564.39 -2.43597E-5
1564.51 4.86817E-4
1564.63 8.52093E-4
1564.75 9.83648E-4
1564.87 7.90503E-4
1564.99 2.5703E-4
1565.11 -4.18067E-4
1565.23 -9.05275E-4
1565.35 -0.00103
1565.47 -8.78155E-4
1565.59 -6.42598E-4
1565.71 -4.11902E-4
1565.83 -2.11116E-4
1565.95 -1.23128E-4
1566.07 -2.46651E-4
1566.19 -5.44887E-4
1566.32 -8.58653E-4
1566.44 -0.0011
1566.56 -0.00132
1566.68 -0.00156
1566.8 -0.0017
1566.92 -0.00159
1567.04 -0.0013
1567.16 -0.00106
1567.28 -0.00103
1567.4 -0.0011
1567.52 -0.00104
1567.64 -7.78548E-4
1567.76 -4.3115E-4
1567.88 -2.42177E-4
1568 -3.77994E-4
1568.12 -7.95577E-4
1568.24 -0.00126
1568.36 -0.00155
1568.49 -0.0017
1568.61 -0.00187
1568.73 -0.00212
1568.85 -0.00215
1568.97 -0.00166
1569.09 -7.1482E-4
1569.21 1.58221E-4
1569.33 4.59448E-4
1569.45 1.26783E-4
1569.57 -4.81792E-4
1569.69 -9.62365E-4
1569.81 -0.0012
1569.93 -0.00137
1570.05 -0.00164
1570.17 -0.00193
1570.29 -0.00201
1570.41 -0.0018
1570.53 -0.00151
1570.66 -0.00139
1570.78 -0.00144
1570.9 -0.00135
1571.02 -9.88584E-4
1571.14 -5.82021E-4
1571.26 -5.088E-4
1571.38 -8.64606E-4
1571.5 -0.00134
1571.62 -0.00155
1571.74 -0.00138
1571.86 -0.00109
1571.98 -0.00104
1572.1 -0.00132
1572.22 -0.0017
1572.34 -0.00188
1572.46 -0.00183
1572.58 -0.00172
1572.7 -0.00166
1572.83 -0.00153
1572.95 -0.00125
1573.07 -0.00102
1573.19 -0.0011
1573.31 -0.00138
1573.43 -0.00151
1573.55 -0.00128
1573.67 -8.90039E-4
1573.79 -6.46904E-4
1573.91 -6.10054E-4
1574.03 -5.78176E-4
1574.15 -3.93637E-4
1574.27 -9.43318E-5
1574.39 2.00201E-4
1574.51 4.0013E-4
1574.63 4.25804E-4
1574.75 2.00193E-4
1574.87 -2.22214E-4
1575 -5.82054E-4
1575.12 -6.16353E-4
1575.24 -3.54771E-4
1575.36 -1.28008E-4
1575.48 -1.81384E-4
1575.6 -3.43159E-4
1575.72 -2.27652E-4
1575.84 2.1847E-4
1575.96 5.42093E-4
1576.08 3.02579E-4
1576.2 -3.55862E-4
1576.32 -8.26515E-4
1576.44 -7.45401E-4
1576.56 -3.5204E-4
1576.68 -7.31833E-5
1576.8 1.79894E-5
1576.92 1.17496E-4
1577.04 2.61687E-4
1577.17 2.69037E-4
1577.29 9.88543E-5
1577.41 -3.24361E-5
1577.53 1.14068E-5
1577.65 4.83543E-5
1577.77 -1.33738E-4
1577.89 -4.43242E-4
1578.01 -6.44833E-4
1578.13 -7.28156E-4
1578.25 -8.67188E-4
1578.37 -0.00104
1578.49 -9.96802E-4
1578.61 -6.3261E-4
1578.73 -2.29079E-4
1578.85 -8.29697E-5
1578.97 -1.30974E-4
1579.09 -1.3319E-4
1579.21 -1.04595E-4
1579.33 -2.91638E-4
1579.46 -7.31856E-4
1579.58 -0.0011
1579.7 -0.00108
1579.82 -7.57001E-4
1579.94 -4.3676E-4
1580.06 -2.99465E-4
1580.18 -2.96269E-4
1580.3 -3.45487E-4
1580.42 -4.50339E-4
1580.54 -6.16737E-4
1580.66 -7.70554E-4
1580.78 -8.02897E-4
1580.9 -6.63843E-4
1581.02 -4.12297E-4
1581.14 -1.9272E-4
1581.26 -1.18643E-4
1581.38 -1.3984E-4
1581.5 -9.68836E-5
1581.63 2.65948E-5
1581.75 8.64267E-7
1581.87 -3.39501E-4
1581.99 -7.50221E-4
1582.11 -7.68565E-4
1582.23 -3.01447E-4
1582.35 1.63697E-4
1582.47 7.94604E-5
1582.59 -5.42317E-4
1582.71 -0.0012
1582.83 -0.00148
1582.95 -0.00142
1583.07 -0.00125
1583.19 -0.00107
1583.31 -8.45887E-4
1583.43 -5.99943E-4
1583.55 -4.2009E-4
1583.67 -3.46217E-4
1583.8 -3.29964E-4
1583.92 -3.30597E-4
1584.04 -3.74004E-4
1584.16 -4.8678E-4
1584.28 -6.20406E-4
1584.4 -6.86575E-4
1584.52 -6.55286E-4
1584.64 -5.77129E-4
1584.76 -4.97453E-4
1584.88 -3.83683E-4
1585 -1.83098E-4
1585.12 5.42626E-5
1585.24 1.68931E-4
1585.36 6.83255E-5
1585.48 -1.38894E-4
1585.6 -2.42561E-4
1585.72 -1.87304E-4
1585.84 -1.53046E-4
1585.97 -3.52241E-4
1586.09 -7.76663E-4
1586.21 -0.00119
1586.33 -0.00138
1586.45 -0.00131
1586.57 -0.00115
1586.69 -0.00107
1586.81 -0.0011
1586.93 -0.00121
1587.05 -0.00138
1587.17 -0.00163
1587.29 -0.00186
1587.41 -0.00182
1587.53 -0.00126
1587.65 -2.9939E-4
1587.77 5.5065E-4
1587.89 8.29838E-4
1588.01 5.34337E-4
1588.14 7.011E-5
1588.26 -1.81098E-4
1588.38 -1.54458E-4
1588.5 -6.1579E-6
1588.62 1.16605E-4
1588.74 1.15249E-4
1588.86 -9.36463E-5
1588.98 -4.84165E-4
1589.1 -8.17005E-4
1589.22 -7.91542E-4
1589.34 -3.84584E-4
1589.46 5.22062E-5
1589.58 1.05452E-4
1589.7 -2.91731E-4
1589.82 -7.96214E-4
1589.94 -9.69112E-4
1590.06 -6.39968E-4
1590.18 -5.21205E-5
1590.31 3.11367E-4
1590.43 1.13696E-4
1590.55 -5.24692E-4
1590.67 -0.00112
1590.79 -0.00127
1590.91 -0.00101
1591.03 -6.72963E-4
1591.15 -4.93985E-4
1591.27 -4.41179E-4
1591.39 -3.93353E-4
1591.51 -3.349E-4
1591.63 -3.33831E-4
1591.75 -4.25879E-4
1591.87 -5.85929E-4
1591.99 -7.59363E-4
1592.11 -8.70172E-4
1592.23 -8.37646E-4
1592.35 -6.29216E-4
1592.47 -2.81099E-4
1592.6 1.28791E-4
1592.72 4.67602E-4
1592.84 5.40223E-4
1592.96 2.22553E-4
1593.08 -3.19827E-4
1593.2 -6.67449E-4
1593.32 -5.39601E-4
1593.44 -8.70861E-5
1593.56 3.13029E-4
1593.68 4.98436E-4
1593.8 6.01429E-4
1593.92 6.93109E-4
1594.04 5.83436E-4
1594.16 1.08812E-4
1594.28 -4.99222E-4
1594.4 -7.27076E-4
1594.52 -3.23538E-4
1594.64 3.56995E-4
1594.77 6.16308E-4
1594.89 6.71595E-5
1595.01 -9.82352E-4
1595.13 -0.00179
1595.25 -0.00187
1595.37 -0.00136
1595.49 -8.16919E-4
1595.61 -5.72938E-4
1595.73 -5.53843E-4
1595.85 -5.35313E-4
1595.97 -4.78711E-4
1596.09 -5.04196E-4
1596.21 -6.46833E-4
1596.33 -7.70994E-4
1596.45 -7.09917E-4
1596.57 -4.11008E-4
1596.69 3.61018E-5
1596.81 4.35535E-4
1596.94 5.81659E-4
1597.06 4.07245E-4
1597.18 8.22842E-5
1597.3 -9.96739E-5
1597.42 2.50526E-5
1597.54 3.38826E-4
1597.66 5.55981E-4
1597.78 4.39629E-4
1597.9 -3.50326E-5
1598.02 -6.41435E-4
1598.14 -0.00102
1598.26 -9.25489E-4
1598.38 -4.68533E-4
1598.5 -4.97587E-5
1598.62 1.59889E-5
1598.74 -1.96002E-4
1598.86 -3.46031E-4
1598.98 -2.60759E-4
1599.11 -1.02885E-4
1599.23 -9.91262E-5
1599.35 -2.25306E-4
1599.47 -2.86046E-4
1599.59 -2.31773E-4
1599.71 -2.06146E-4
1599.83 -2.54028E-4
1599.95 -1.84812E-4
1600.07 1.35429E-4
1600.19 4.94011E-4
1600.31 5.61949E-4
1600.43 3.48672E-4
1600.55 1.86481E-4
1600.67 2.20262E-4
1600.79 1.90601E-4
1600.91 -1.09185E-4
1601.03 -3.83597E-4
1601.15 -1.52893E-4
1601.28 5.63208E-4
1601.4 0.00118
1601.52 0.00123
1601.64 8.769E-4
1601.76 5.52479E-4
1601.88 3.95756E-4
1602 2.29564E-4
1602.12 -8.62777E-6
1602.24 -1.20249E-4
1602.36 1.19247E-5
1602.48 1.73658E-4
1602.6 6.3058E-5
1602.72 -3.25412E-4
1602.84 -6.92375E-4
1602.96 -8.03441E-4
1603.08 -7.39265E-4
1603.2 -7.53619E-4
1603.32 -9.52821E-4
1603.45 -0.00119
1603.57 -0.00125
1603.69 -0.00112
1603.81 -9.68236E-4
1603.93 -9.64131E-4
1604.05 -0.00103
1604.17 -9.3063E-4
1604.29 -5.12879E-4
1604.41 5.24968E-5
1604.53 3.77171E-4
1604.65 2.03956E-4
1604.77 -3.35701E-4
1604.89 -8.21229E-4
1605.01 -9.29289E-4
1605.13 -6.95031E-4
1605.25 -4.02052E-4
1605.37 -2.66433E-4
1605.49 -2.78E-4
1605.61 -3.01834E-4
1605.74 -2.39458E-4
1605.86 -8.4918E-5
1605.98 9.01893E-5
1606.1 1.6357E-4
1606.22 5.20274E-5
1606.34 -1.98375E-4
1606.46 -4.56542E-4
1606.58 -6.88829E-4
1606.7 -9.93367E-4
1606.82 -0.00139
1606.94 -0.00169
1607.06 -0.00165
1607.18 -0.00135
1607.3 -0.00109
1607.42 -0.00104
1607.54 -0.001
1607.66 -7.18687E-4
1607.78 -2.3463E-4
1607.91 1.30143E-4
1608.03 1.56663E-4
1608.15 -6.70291E-5
1608.27 -3.17752E-4
1608.39 -4.87156E-4
1608.51 -5.71348E-4
1608.63 -5.08904E-4
1608.75 -1.87956E-4
1608.87 3.2736E-4
1608.99 6.87581E-4
1609.11 5.47662E-4
1609.23 -1.94758E-5
1609.35 -5.04758E-4
1609.47 -4.75451E-4
1609.59 -3.76068E-5
1609.71 2.96123E-4
1609.83 1.58817E-4
1609.95 -3.52439E-4
1610.08 -8.89543E-4
1610.2 -0.00122
1610.32 -0.00129
1610.44 -0.00119
1610.56 -0.00103
1610.68 -9.93133E-4
1610.8 -0.00115
1610.92 -0.00133
1611.04 -0.00127
1611.16 -8.73644E-4
1611.28 -3.701E-4
1611.4 -7.04788E-5
1611.52 -9.78373E-5
1611.64 -3.47402E-4
1611.76 -6.65434E-4
1611.88 -9.79211E-4
1612 -0.00124
1612.12 -0.00131
1612.25 -0.00105
1612.37 -5.21589E-4
1612.49 -3.66941E-5
1612.61 1.01328E-4
1612.73 -5.16549E-5
1612.85 -1.58034E-4
1612.97 -5.02281E-5
1613.09 9.06177E-5
1613.21 7.09407E-5
1613.33 8.10623E-6
1613.45 8.19303E-5
1613.57 1.19589E-4
1613.69 -2.43675E-4
1613.81 -9.72111E-4
1613.93 -0.00154
1614.05 -0.00159
1614.17 -0.00132
1614.29 -0.00117
1614.42 -0.00113
1614.54 -8.81806E-4
1614.66 -4.10564E-4
1614.78 -1.19902E-4
1614.9 -2.45403E-4
1615.02 -5.08353E-4
1615.14 -5.35462E-4
1615.26 -3.85404E-4
1615.38 -3.92452E-4
1615.5 -5.99436E-4
1615.62 -6.52388E-4
1615.74 -3.08633E-4
1615.86 1.91856E-4
1615.98 4.06779E-4
1616.1 2.19084E-4
1616.22 -1.02375E-4
1616.34 -3.06554E-4
1616.46 -4.5241E-4
1616.59 -7.18288E-4
1616.71 -0.00108
1616.83 -0.0013
1616.95 -0.00124
1617.07 -0.001
1617.19 -7.67823E-4
1617.31 -6.15817E-4
1617.43 -5.70793E-4
1617.55 -6.62047E-4
1617.67 -8.32859E-4
1617.79 -8.81247E-4
1617.91 -6.64536E-4
1618.03 -3.31596E-4
1618.15 -1.75804E-4
1618.27 -2.44267E-4
1618.39 -2.82936E-4
1618.51 -1.45309E-4
1618.63 -5.59129E-5
1618.76 -2.82653E-4
1618.88 -6.66678E-4
1619 -7.36333E-4
1619.12 -3.14705E-4
1619.24 2.08292E-4
1619.36 3.2191E-4
1619.48 -1.34334E-5
1619.6 -3.8344E-4
1619.72 -4.58416E-4
1619.84 -3.26972E-4
1619.96 -2.86438E-4
1620.08 -4.50227E-4
1620.2 -6.64759E-4
1620.32 -7.40692E-4
1620.44 -6.45608E-4
1620.56 -4.76263E-4
1620.68 -3.45327E-4
1620.8 -3.29595E-4
1620.92 -4.51874E-4
1621.05 -6.45645E-4
1621.17 -7.76678E-4
1621.29 -7.66169E-4
1621.41 -6.81862E-4
1621.53 -6.57E-4
1621.65 -7.30436E-4
1621.77 -8.12244E-4
1621.89 -7.85217E-4
1622.01 -5.83313E-4
1622.13 -2.14756E-4
1622.25 1.8071E-4
1622.37 3.1643E-4
1622.49 -5.4054E-6
1622.61 -5.73207E-4
1622.73 -8.53788E-4
1622.85 -5.63681E-4
1622.97 -6.70105E-5
1623.09 8.87364E-6
1623.22 -4.72348E-4
1623.34 -9.96046E-4
1623.46 -0.00107
1623.58 -8.05318E-4
1623.7 -6.96264E-4
1623.82 -9.7353E-4
1623.94 -0.00139
1624.06 -0.00161
1624.18 -0.0015
1624.3 -0.00116
1624.42 -6.96816E-4
1624.54 -2.58937E-4
1624.66 -5.27725E-5
1624.78 -1.96371E-4
1624.9 -5.62925E-4
1625.02 -8.81314E-4
1625.14 -0.001
1625.26 -0.00101
1625.39 -0.00106
1625.51 -0.00116
1625.63 -0.00116
1625.75 -8.95057E-4
1625.87 -3.52588E-4
1625.99 2.3032E-4
1626.11 4.88233E-4
1626.23 2.30979E-4
1626.35 -3.26935E-4
1626.47 -6.89205E-4
1626.59 -5.31033E-4
1626.71 -4.52995E-6
1626.83 4.4851E-4
1626.95 5.5233E-4
1627.07 3.88563E-4
1627.19 1.49E-4
1627.31 -1.22059E-4
1627.43 -4.36671E-4
1627.56 -6.58263E-4
1627.68 -5.90142E-4
1627.8 -3.00303E-4
1627.92 -1.63913E-4
1628.04 -4.5589E-4
1628.16 -9.93118E-4
1628.28 -0.00132
1628.4 -0.00123
1628.52 -9.1885E-4
1628.64 -7.07109E-4
1628.76 -6.82019E-4
1628.88 -7.19763E-4
1629 -7.16705E-4
1629.12 -6.83233E-4
1629.24 -6.55353E-4
1629.36 -6.17001E-4
1629.48 -5.15357E-4
1629.6 -3.11855E-4
1629.73 -4.79221E-5
1629.85 1.0746E-4
1629.97 -5.05075E-5
1630.09 -5.03544E-4
1630.21 -9.24479E-4
1630.33 -9.84572E-4
1630.45 -7.6801E-4
1630.57 -7.04143E-4
1630.69 -0.00102
1630.81 -0.00143
1630.93 -0.00145
1631.05 -9.83316E-4
1631.17 -4.04406E-4
1631.29 -8.44598E-5
1631.41 -3.86126E-5
1631.53 -3.05697E-5
1631.65 1.02077E-4
1631.77 2.9457E-4
1631.9 3.65082E-4
1632.02 2.0561E-4
1632.14 -9.87872E-5
1632.26 -3.26715E-4
1632.38 -3.40663E-4
1632.5 -2.1955E-4
1632.62 -1.21802E-4
1632.74 -4.78365E-5
1632.86 1.30221E-4
1632.98 3.83914E-4
1633.1 4.51662E-4
1633.22 1.42008E-4
1633.34 -3.84495E-4
1633.46 -7.69462E-4
1633.58 -8.38306E-4
1633.7 -6.8317E-4
1633.82 -4.40191E-4
1633.94 -1.51806E-4
1634.06 1.37541E-4
1634.19 3.04222E-4
1634.31 2.56456E-4
1634.43 3.54834E-5
1634.55 -2.37562E-4
1634.67 -4.64592E-4
1634.79 -6.10039E-4
1634.91 -6.98064E-4
1635.03 -8.06566E-4
1635.15 -9.74521E-4
1635.27 -0.00109
1635.39 -9.75199E-4
1635.51 -6.71253E-4
1635.63 -4.87749E-4
1635.75 -6.72739E-4
1635.87 -0.00108
1635.99 -0.00129
1636.11 -0.00113
1636.23 -7.91077E-4
1636.36 -5.62675E-4
1636.48 -5.07176E-4
1636.6 -5.18881E-4
1636.72 -5.26059E-4
1636.84 -4.954E-4
1636.96 -3.24212E-4
1637.08 6.69584E-5
1637.2 4.97933E-4
1637.32 5.74481E-4
1637.44 9.45106E-5
1637.56 -6.50384E-4
1637.68 -0.00112
1637.8 -0.00109
1637.92 -8.39479E-4
1638.04 -7.23474E-4
1638.16 -7.93736E-4
1638.28 -8.54511E-4
1638.4 -8.11297E-4
1638.53 -7.38081E-4
1638.65 -6.53353E-4
1638.77 -4.78595E-4
1638.89 -2.84024E-4
1639.01 -3.42458E-4
1639.13 -7.66024E-4
1639.25 -0.00124
1639.37 -0.00134
1639.49 -0.00104
1639.61 -6.49966E-4
1639.73 -3.58511E-4
1639.85 -2.6945E-5
1639.97 4.43988E-4
1640.09 8.3987E-4
1640.21 9.00086E-4
1640.33 6.68816E-4
1640.45 3.86868E-4
1640.57 1.4988E-4
1640.7 -1.00709E-4
1640.82 -3.21105E-4
1640.94 -3.77379E-4
1641.06 -3.21075E-4
1641.18 -4.12397E-4
1641.3 -7.49774E-4
1641.42 -0.00106
1641.54 -9.96727E-4
1641.66 -5.57475E-4
1641.78 -3.21083E-5
1641.9 3.38737E-4
1642.02 5.14556E-4
1642.14 5.1919E-4
1642.26 3.36308E-4
1642.38 3.03611E-6
1642.5 -3.25277E-4
1642.62 -4.81412E-4
1642.74 -4.23346E-4
1642.87 -2.35125E-4
1642.99 -8.16211E-5
1643.11 -1.70775E-4
1643.23 -6.25707E-4
1643.35 -0.00128
1643.47 -0.0017
1643.59 -0.00152
1643.71 -8.77108E-4
1643.83 -2.92577E-4
1643.95 -1.87427E-4
1644.07 -5.03622E-4
1644.19 -8.72534E-4
1644.31 -0.00103
1644.43 -9.64444E-4
1644.55 -7.33934E-4
1644.67 -3.8822E-4
1644.79 -7.07433E-5
1644.91 -1.69389E-5
1645.04 -2.86464E-4
1645.16 -6.05419E-4
1645.28 -6.65147E-4
1645.4 -5.37582E-4
1645.52 -5.8078E-4
1645.64 -9.07186E-4
1645.76 -0.00118
1645.88 -0.00109
1646 -7.95223E-4
1646.12 -7.38524E-4
1646.24 -0.00102
1646.36 -0.00127
1646.48 -0.00119
1646.6 -8.34808E-4
1646.72 -5.07768E-4
1646.84 -3.51407E-4
1646.96 -3.47275E-4
1647.08 -4.48849E-4
1647.2 -5.54897E-4
1647.33 -4.68235E-4
1647.45 -1.074E-4
1647.57 2.78868E-4
1647.69 3.21023E-4
1647.81 1.13621E-6
1647.93 -2.81647E-4
1648.05 -1.82673E-4
1648.17 1.78389E-4
1648.29 3.88075E-4
1648.41 2.26296E-4
1648.53 -1.31935E-4
1648.65 -3.44656E-4
1648.77 -2.50522E-4
1648.89 2.64794E-5
1649.01 2.416E-4
1649.13 2.84918E-4
1649.25 2.54221E-4
1649.37 2.92249E-4
1649.5 4.06332E-4
1649.62 5.14146E-4
1649.74 6.07748E-4
1649.86 7.30552E-4
1649.98 7.93535E-4
1650.1 5.91658E-4
1650.22 9.07183E-5
1650.34 -4.39998E-4
1650.46 -6.97855E-4
1650.58 -6.6388E-4
1650.7 -5.20013E-4
1650.82 -3.70786E-4
1650.94 -2.142E-4
1651.06 -1.19109E-4
1651.18 -2.15884E-4
1651.3 -4.95292E-4
1651.42 -7.8778E-4
1651.54 -9.70624E-4
1651.67 -0.00104
1651.79 -9.59348E-4
1651.91 -6.23476E-4
1652.03 -1.036E-4
1652.15 2.71432E-4
1652.27 2.2554E-4
1652.39 -1.53933E-4
1652.51 -5.5407E-4
1652.63 -7.89065E-4
1652.75 -8.61235E-4
1652.87 -7.64512E-4
1652.99 -4.50958E-4
1653.11 -1.6056E-5
1653.23 2.82891E-4
1653.35 2.85316E-4
1653.47 1.10544E-4
1653.59 -1.74642E-5
1653.71 -3.40454E-5
1653.84 -4.34108E-5
1653.96 -1.18062E-4
1654.08 -2.19475E-4
1654.2 -3.00184E-4
1654.32 -3.90191E-4
1654.44 -5.48095E-4
1654.56 -7.68796E-4
1654.68 -9.75806E-4
1654.8 -0.0011
1654.92 -0.00118
1655.04 -0.00128
1655.16 -0.00146
1655.28 -0.00159
1655.4 -0.00155
1655.52 -0.00132
1655.64 -0.00107
1655.76 -9.58469E-4
1655.88 -9.33494E-4
1656.01 -8.1687E-4
1656.13 -5.45833E-4
1656.25 -2.89004E-4
1656.37 -2.62178E-4
1656.49 -4.73998E-4
1656.61 -7.18825E-4
1656.73 -8.05486E-4
1656.85 -7.20758E-4
1656.97 -5.59423E-4
1657.09 -3.78929E-4
1657.21 -1.87121E-4
1657.33 -1.71214E-5
1657.45 8.4497E-5
1657.57 1.33414E-4
1657.69 1.96513E-4
1657.81 2.82038E-4
1657.93 3.41192E-4
1658.05 3.94832E-4
1658.18 5.37299E-4
1658.3 7.28484E-4
1658.42 6.92159E-4
1658.54 1.87054E-4
1658.66 -6.42996E-4
1658.78 -0.00135
1658.9 -0.00166
1659.02 -0.00171
1659.14 -0.00177
1659.26 -0.0018
1659.38 -0.0015
1659.5 -7.45114E-4
1659.62 1.24231E-4
1659.74 5.91669E-4
1659.86 4.46998E-4
1659.98 -5.32977E-5
1660.1 -4.83844E-4
1660.22 -6.55912E-4
1660.34 -6.77291E-4
1660.47 -6.84917E-4
1660.59 -6.55238E-4
1660.71 -5.49007E-4
1660.83 -5.19462E-4
1660.95 -7.70532E-4
1661.07 -0.00119
1661.19 -0.00134
1661.31 -9.67722E-4
1661.43 -4.32499E-4
1661.55 -3.07672E-4
1661.67 -6.88415E-4
1661.79 -0.00108
1661.91 -0.00105
1662.03 -7.64456E-4
1662.15 -6.61477E-4
1662.27 -7.53406E-4
1662.39 -6.10512E-4
1662.51 2.47732E-6
1662.64 7.37716E-4
1662.76 0.00106
1662.88 8.14747E-4
1663 3.01737E-4
1663.12 -1.65455E-4
1663.24 -4.43142E-4
1663.36 -4.40169E-4
1663.48 -9.65334E-5
1663.6 4.00227E-4
1663.72 6.18089E-4
1663.84 3.33883E-4
1663.96 -1.27405E-4
1664.08 -2.10948E-4
1664.2 1.96062E-4
1664.32 6.07312E-4
1664.44 5.1723E-4
1664.56 -1.74083E-5
1664.68 -4.70929E-4
1664.81 -4.50037E-4
1664.93 -6.74576E-5
1665.05 2.51815E-4
1665.17 2.2975E-4
1665.29 -3.35351E-5
1665.41 -2.38042E-4
1665.53 -2.1698E-4
1665.65 -5.95637E-5
1665.77 5.67362E-5
1665.89 8.49552E-5
1666.01 1.11479E-4
1666.13 1.59413E-4
1666.25 1.11021E-4
1666.37 -1.2425E-4
1666.49 -4.3295E-4
1666.61 -6.03013E-4
1666.73 -5.86461E-4
1666.85 -5.76962E-4
1666.98 -7.75658E-4
1667.1 -0.00112
1667.22 -0.00133
1667.34 -0.00115
1667.46 -6.31891E-4
1667.58 -5.49816E-5
1667.7 2.86002E-4
1667.82 2.60629E-4
1667.94 -5.51157E-5
1668.06 -4.20999E-4
1668.18 -5.44876E-4
1668.3 -2.89775E-4
1668.42 1.46419E-4
1668.54 3.55661E-4
1668.66 1.45461E-4
1668.78 -2.35733E-4
1668.9 -3.99031E-4
1669.02 -2.85886E-4
1669.15 -1.53255E-4
1669.27 -1.45614E-4
1669.39 -1.25561E-4
1669.51 2.64496E-6
1669.63 5.14761E-5
1669.75 -1.65574E-4
1669.87 -4.99323E-4
1669.99 -6.73156E-4
1670.11 -7.13702E-4
1670.23 -9.00052E-4
1670.35 -0.00128
1670.47 -0.00154
1670.59 -0.00138
1670.71 -9.4711E-4
1670.83 -5.6918E-4
1670.95 -3.69396E-4
1671.07 -2.01598E-4
1671.19 6.37621E-5
1671.32 3.49086E-4
1671.44 4.5881E-4
1671.56 2.54251E-4
1671.68 -2.29891E-4
1671.8 -7.7758E-4
1671.92 -0.00114
1672.04 -0.00123
1672.16 -0.00113
1672.28 -9.4036E-4
1672.4 -5.92485E-4
1672.52 -8.20979E-5
1672.64 3.6861E-4
1672.76 4.48756E-4
1672.88 1.00728E-4
1673 -4.02231E-4
1673.12 -7.16355E-4
1673.24 -7.04877E-4
1673.36 -4.45604E-4
1673.48 -8.57711E-5
1673.61 2.5405E-4
1673.73 4.85756E-4
1673.85 5.5423E-4
1673.97 4.49307E-4
1674.09 2.34552E-4
1674.21 3.78229E-5
1674.33 -4.83766E-5
1674.45 -7.14995E-5
1674.57 -1.64047E-4
1674.69 -3.29655E-4
1674.81 -4.01184E-4
1674.93 -3.10771E-4
1675.05 -2.94849E-4
1675.17 -6.36287E-4
1675.29 -0.00123
1675.41 -0.0016
1675.53 -0.00146
1675.65 -0.00103
1675.78 -7.72312E-4
1675.9 -8.48401E-4
1676.02 -0.00106
1676.14 -0.00117
1676.26 -0.0011
1676.38 -9.46153E-4
1676.5 -7.80698E-4
1676.62 -6.37148E-4
1676.74 -5.24506E-4
1676.86 -4.67207E-4
1676.98 -5.11773E-4
1677.1 -6.49191E-4
1677.22 -7.28134E-4
1677.34 -5.54793E-4
1677.46 -1.50703E-4
1677.58 1.87926E-4
1677.7 1.94266E-4
1677.82 -6.93724E-5
1677.95 -3.49015E-4
1678.07 -5.60194E-4
1678.19 -8.15358E-4
1678.31 -0.00111
1678.43 -0.00121
1678.55 -9.24483E-4
1678.67 -3.80669E-4
1678.79 1.09497E-4
1678.91 3.48795E-4
1679.03 3.304E-4
1679.15 1.15473E-4
1679.27 -2.02358E-4
1679.39 -4.57942E-4
1679.51 -5.14254E-4
1679.63 -4.19095E-4
1679.75 -3.66535E-4
1679.87 -4.56709E-4
1679.99 -5.66192E-4
1680.12 -5.00347E-4
1680.24 -2.26818E-4
1680.36 8.31112E-5
1680.48 2.14592E-4
1680.6 9.64217E-5
1680.72 -1.63205E-4
1680.84 -3.82386E-4
1680.96 -4.64514E-4
1681.08 -4.54184E-4
1681.2 -4.65952E-4
1681.32 -5.80173E-4
1681.44 -8.03344E-4
1681.56 -0.00107
1681.68 -0.00123
1681.8 -0.00114
1681.92 -8.36954E-4
1682.04 -5.99377E-4
1682.16 -7.06639E-4
1682.29 -0.0011
1682.41 -0.00141
1682.53 -0.00135
1682.65 -0.00109
1682.77 -9.40397E-4
1682.89 -0.001
1683.01 -0.00105
1683.13 -8.94751E-4
1683.25 -6.62219E-4
1683.37 -5.7561E-4
1683.49 -6.66957E-4
1683.61 -7.52419E-4
1683.73 -6.59518E-4
1683.85 -3.82382E-4
1683.97 -5.2318E-5
1684.09 1.53739E-4
1684.21 1.04737E-4
1684.33 -1.6553E-4
1684.46 -4.43246E-4
1684.58 -5.44298E-4
1684.7 -5.39735E-4
1684.82 -6.65233E-4
1684.94 -9.67223E-4
1685.06 -0.00118
1685.18 -0.00109
1685.3 -8.5213E-4
1685.42 -8.40828E-4
1685.54 -0.0011
1685.66 -0.00126
1685.78 -0.00103
1685.9 -5.43721E-4
1686.02 -2.10624E-4
1686.14 -2.39484E-4
1686.26 -5.30701E-4
1686.38 -8.69725E-4
1686.5 -0.00106
1686.62 -9.20054E-4
1686.75 -4.37059E-4
1686.87 6.43134E-5
1686.99 9.11988E-5
1687.11 -4.68299E-4
1687.23 -0.00112
1687.35 -0.00126
1687.47 -8.53382E-4
1687.59 -4.15027E-4
1687.71 -3.53739E-4
1687.83 -5.81302E-4
1687.95 -7.82579E-4
1688.07 -8.48677E-4
1688.19 -8.71792E-4
1688.31 -8.57115E-4
1688.43 -6.79065E-4
1688.55 -3.32341E-4
1688.67 -5.26458E-5
1688.79 -1.0414E-4
1688.92 -5.09407E-4
1689.04 -0.00103
1689.16 -0.00134
1689.28 -0.00128
1689.4 -9.59974E-4
1689.52 -6.69476E-4
1689.64 -6.84649E-4
1689.76 -9.96694E-4
1689.88 -0.00133
1690 -0.00143
1690.12 -0.00128
1690.24 -0.00107
1690.36 -9.02671E-4
1690.48 -7.64973E-4
1690.6 -6.13283E-4
1690.72 -4.60953E-4
1690.84 -3.56793E-4
1690.96 -3.50568E-4
1691.09 -4.82008E-4
1691.21 -7.2924E-4
1691.33 -9.57225E-4
1691.45 -0.00101
1691.57 -8.82491E-4
1691.69 -7.90883E-4
1691.81 -9.04944E-4
1691.93 -0.00113
1692.05 -0.00119
1692.17 -9.4391E-4
1692.29 -5.81771E-4
1692.41 -4.37953E-4
1692.53 -6.43197E-4
1692.65 -9.84013E-4
1692.77 -0.0011
1692.89 -8.22414E-4
1693.01 -3.10279E-4
1693.13 7.57538E-5
1693.26 7.36751E-5
1693.38 -2.62234E-4
1693.5 -5.88067E-4
1693.62 -5.42115E-4
1693.74 -6.46636E-5
1693.86 5.13617E-4
1693.98 7.61226E-4
1694.1 5.81723E-4
1694.22 3.0129E-4
1694.34 2.70125E-4
1694.46 4.40802E-4
1694.58 4.73447E-4
1694.7 2.22862E-4
1694.82 -7.3038E-5
1694.94 -1.48188E-4
1695.06 -8.16137E-5
1695.18 -1.42045E-4
1695.3 -3.7872E-4
1695.43 -5.63249E-4
1695.55 -5.27743E-4
1695.67 -3.83187E-4
1695.79 -3.54972E-4
1695.91 -5.36874E-4
1696.03 -8.54664E-4
1696.15 -0.00115
1696.27 -0.00123
1696.39 -0.001
1696.51 -6.5149E-4
1696.63 -5.46884E-4
1696.75 -8.97095E-4
1696.87 -0.00146
1696.99 -0.00179
1697.11 -0.00169
1697.23 -0.00144
1697.35 -0.00137
1697.47 -0.0015
1697.6 -0.00158
1697.72 -0.00145
1697.84 -0.00112
1697.96 -7.41392E-4
1698.08 -4.24128E-4
1698.2 -2.60115E-4
1698.32 -3.10998E-4
1698.44 -5.32594E-4
1698.56 -7.43363E-4
1698.68 -7.68047E-4
1698.8 -6.31254E-4
1698.92 -5.38751E-4
1699.04 -6.30863E-4
1699.16 -8.21482E-4
1699.28 -9.51167E-4
1699.4 -0.00104
1699.52 -0.00123
1699.64 -0.0015
1699.77 -0.00159
1699.89 -0.00133
1700.01 -9.37495E-4
1700.13 -8.1569E-4
1700.25 -0.00102
1700.37 -0.00125
1700.49 -0.00129
1700.61 -0.00126
1700.73 -0.0013
1700.85 -0.00126
1700.97 -8.89715E-4
1701.09 -3.20286E-4
1701.21 -4.12799E-5
1701.33 -3.15849E-4
1701.45 -8.87156E-4
1701.57 -0.00132
1701.69 -0.00145
1701.81 -0.00138
1701.93 -0.00117
1702.06 -8.67415E-4
1702.18 -6.12441E-4
1702.3 -5.62046E-4
1702.42 -6.76487E-4
1702.54 -7.56036E-4
1702.66 -7.51317E-4
1702.78 -8.44181E-4
1702.9 -0.00113
1703.02 -0.00139
1703.14 -0.00139
1703.26 -0.00121
1703.38 -0.00111
1703.5 -0.00113
1703.62 -9.59504E-4
1703.74 -4.61146E-4
1703.86 8.45194E-5
1703.98 2.69856E-4
1704.1 2.26349E-5
1704.23 -3.95477E-4
1704.35 -7.19637E-4
1704.47 -8.48625E-4
1704.59 -7.48329E-4
1704.71 -4.40653E-4
1704.83 -1.19582E-4
1704.95 -6.83367E-5
1705.07 -3.42868E-4
1705.19 -6.60222E-4
1705.31 -7.07131E-4
1705.43 -4.69487E-4
1705.55 -1.61663E-4
1705.67 6.7573E-5
1705.79 2.06832E-4
1705.91 2.42442E-4
1706.03 1.32125E-4
1706.15 -5.58011E-5
1706.27 -1.5578E-4
1706.4 -1.41956E-4
1706.52 -2.00029E-4
1706.64 -4.67237E-4
1706.76 -7.97693E-4
1706.88 -9.33472E-4
1707 -8.5514E-4
1707.12 -7.99954E-4
1707.24 -9.27232E-4
1707.36 -0.00112
1707.48 -0.00118
1707.6 -0.00112
1707.72 -0.00115
1707.84 -0.00134
1707.96 -0.00154
1708.08 -0.00153
1708.2 -0.00125
1708.32 -8.19214E-4
1708.44 -4.2228E-4
1708.57 -1.74493E-4
1708.69 -1.18747E-4
1708.81 -2.2462E-4
1708.93 -4.0172E-4
1709.05 -5.54018E-4
1709.17 -6.41473E-4
1709.29 -6.74382E-4
1709.41 -6.55796E-4
1709.53 -5.66885E-4
1709.65 -4.13213E-4
1709.77 -2.40918E-4
1709.89 -9.09641E-5
1710.01 1.86414E-5
1710.13 3.34047E-5
1710.25 -1.39732E-4
1710.37 -5.10763E-4
1710.49 -9.17874E-4
1710.61 -0.00115
1710.74 -0.00116
1710.86 -0.0011
1710.98 -0.00103
1711.1 -8.2735E-4
1711.22 -3.80915E-4
1711.34 1.57509E-4
1711.46 4.53979E-4
1711.58 3.66174E-4
1711.7 9.66638E-5
1711.82 -7.6171E-5
1711.94 -1.34502E-4
1712.06 -3.00359E-4
1712.18 -6.90818E-4
1712.3 -0.00111
1712.42 -0.00124
1712.54 -9.74007E-4
1712.66 -5.79007E-4
1712.78 -4.01825E-4
1712.91 -5.49294E-4
1713.03 -8.21542E-4
1713.15 -9.68274E-4
1713.27 -9.40442E-4
1713.39 -8.6702E-4
1713.51 -8.63314E-4
1713.63 -9.39075E-4
1713.75 -0.00104
1713.87 -0.00103
1713.99 -7.31725E-4
1714.11 -7.5791E-5
1714.23 6.48323E-4
1714.35 9.19677E-4
1714.47 5.38241E-4
1714.59 -8.14311E-5
1714.71 -3.49231E-4
1714.83 -1.81455E-4
1714.95 -1.49794E-5
1715.08 -1.86395E-4
1715.2 -5.64303E-4
1715.32 -8.65534E-4
1715.44 -0.00105
1715.56 -0.00122
1715.68 -0.00131
1715.8 -0.00113
1715.92 -6.99461E-4
1716.04 -2.16179E-4
1716.16 1.46408E-4
1716.28 2.68757E-4
1716.4 -2.18675E-6
1716.52 -6.65188E-4
1716.64 -0.0013
1716.76 -0.00132
1716.88 -7.24487E-4
1717 -2.20146E-4
1717.12 -4.43418E-4
1717.24 -0.00121
1717.37 -0.00182
1717.49 -0.00189
1717.61 -0.00167
1717.73 -0.00153
1717.85 -0.00151
1717.97 -0.00152
1718.09 -0.00151
1718.21 -0.00139
1718.33 -0.00102
1718.45 -4.24746E-4
1718.57 -1.05537E-5
1718.69 -1.59401E-4
1718.81 -7.52162E-4
1718.93 -0.00124
1719.05 -0.00123
1719.17 -8.43171E-4
1719.29 -4.97412E-4
1719.41 -4.264E-4
1719.54 -5.59676E-4
1719.66 -7.08316E-4
1719.78 -7.76172E-4
1719.9 -8.06846E-4
1720.02 -8.9635E-4
1720.14 -0.00108
1720.26 -0.00126
1720.38 -0.00131
1720.5 -0.00115
1720.62 -8.17403E-4
1720.74 -4.21807E-4
1720.86 -9.51476E-5
1720.98 5.9817E-5
1721.1 3.73572E-5
1721.22 -4.0561E-5
1721.34 -4.04343E-5
1721.46 1.17496E-5
1721.58 -4.81643E-5
1721.71 -2.73976E-4
1721.83 -4.73939E-4
1721.95 -4.07372E-4
1722.07 -1.29074E-4
1722.19 -2.7556E-5
1722.31 -4.4601E-4
1722.43 -0.00128
1722.55 -0.00203
1722.67 -0.00223
1722.79 -0.00187
1722.91 -0.00135
1723.03 -0.00104
1723.15 -9.32142E-4
1723.27 -8.05713E-4
1723.39 -5.56245E-4
1723.51 -3.46217E-4
1723.63 -3.35131E-4
1723.75 -4.07584E-4
1723.88 -3.00072E-4
1724 2.34246E-5
1724.12 2.54266E-4
1724.24 6.93873E-5
1724.36 -5.10521E-4
1724.48 -0.00115
1724.6 -0.00153
1724.72 -0.0016
1724.84 -0.0015
1724.96 -0.00134
1725.08 -0.00121
1725.2 -0.00114
1725.32 -0.00115
1725.44 -0.00124
1725.56 -0.00134
1725.68 -0.00146
1725.8 -0.00163
1725.92 -0.00177
1726.05 -0.00174
1726.17 -0.00143
1726.29 -9.85842E-4
1726.41 -7.08278E-4
1726.53 -7.93718E-4
1726.65 -0.00111
1726.77 -0.00133
1726.89 -0.00124
1727.01 -9.68684E-4
1727.13 -7.27739E-4
1727.25 -6.16472E-4
1727.37 -5.70592E-4
1727.49 -5.33029E-4
1727.61 -5.32389E-4
1727.73 -5.94944E-4
1727.85 -6.78673E-4
1727.97 -7.2388E-4
1728.09 -6.871E-4
1728.22 -5.0208E-4
1728.34 -1.2625E-4
1728.46 2.96332E-4
1728.58 4.41305E-4
1728.7 1.49589E-4
1728.82 -2.98128E-4
1728.94 -4.2725E-4
1729.06 -1.29469E-4
1729.18 2.10397E-4
1729.3 1.93398E-4
1729.42 -1.37642E-4
1729.54 -4.39107E-4
1729.66 -5.16582E-4
1729.78 -4.57656E-4
1729.9 -4.16983E-4
1730.02 -4.67435E-4
1730.14 -6.42389E-4
1730.26 -9.18947E-4
1730.39 -0.00112
1730.51 -0.00105
1730.63 -7.70595E-4
1730.75 -6.70925E-4
1730.87 -9.75095E-4
1730.99 -0.00142
1731.11 -0.00154
1731.23 -0.00125
1731.35 -8.8397E-4
1731.47 -6.81836E-4
1731.59 -5.07593E-4
1731.71 -1.99597E-4
1731.83 5.83306E-5
1731.95 -4.52809E-5
1732.07 -4.38839E-4
1732.19 -6.84444E-4
1732.31 -5.33585E-4
1732.43 -2.63058E-4
1732.55 -3.24011E-4
1732.68 -7.86487E-4
1732.8 -0.00128
1732.92 -0.00144
1733.04 -0.00124
1733.16 -9.12037E-4
1733.28 -6.46938E-4
1733.4 -4.58963E-4
1733.52 -2.6397E-4
1733.64 -6.19106E-5
1733.76 2.41026E-6
1733.88 -2.12532E-4
1734 -6.12926E-4
1734.12 -8.84492E-4
1734.24 -7.89445E-4
1734.36 -4.34201E-4
1734.48 -1.47887E-4
1734.6 -1.24201E-4
1734.72 -2.97789E-4
1734.85 -5.48277E-4
1734.97 -8.50894E-4
1735.09 -0.00116
1735.21 -0.00131
1735.33 -0.00119
1735.45 -9.15579E-4
1735.57 -7.16526E-4
1735.69 -6.82987E-4
1735.81 -7.38829E-4
1735.93 -8.35855E-4
1736.05 -9.99726E-4
1736.17 -0.00118
1736.29 -0.00122
1736.41 -0.00109
1736.53 -9.76935E-4
1736.65 -0.00111
1736.77 -0.00151
1736.89 -0.00195
1737.02 -0.00214
1737.14 -0.00193
1737.26 -0.0014
1737.38 -8.29991E-4
1737.5 -4.70564E-4
1737.62 -3.97284E-4
1737.74 -4.89015E-4
1737.86 -6.11462E-4
1737.98 -7.32493E-4
1738.1 -8.58247E-4
1738.22 -9.67287E-4
1738.34 -0.00106
1738.46 -0.00117
1738.58 -0.00123
1738.7 -0.00109
1738.82 -7.48873E-4
1738.94 -4.4319E-4
1739.06 -4.12539E-4
1739.19 -5.60891E-4
1739.31 -6.03434E-4
1739.43 -4.9587E-4
1739.55 -4.82053E-4
1739.67 -6.77619E-4
1739.79 -8.67002E-4
1739.91 -8.56318E-4
1740.03 -8.14047E-4
1740.15 -0.00103
1740.27 -0.00142
1740.39 -0.00155
1740.51 -0.00112
1740.63 -2.79468E-4
1740.75 5.93103E-4
1740.87 0.00119
1740.99 0.00135
1741.11 0.00104
1741.23 3.96304E-4
1741.36 -2.71522E-4
1741.48 -6.53703E-4
1741.6 -6.88516E-4
1741.72 -5.28894E-4
1741.84 -3.25702E-4
1741.96 -1.45972E-4
1742.08 -8.5339E-5
1742.2 -2.93691E-4
1742.32 -7.7292E-4
1742.44 -0.00122
1742.56 -0.00126
1742.68 -8.11934E-4
1742.8 -3.10231E-4
1742.92 -2.68213E-4
1743.04 -7.87172E-4
1743.16 -0.00147
1743.28 -0.00184
1743.4 -0.00184
1743.53 -0.00175
1743.65 -0.00184
1743.77 -0.00209
1743.89 -0.00229
1744.01 -0.00236
1744.13 -0.00233
1744.25 -0.00224
1744.37 -0.00205
1744.49 -0.00173
1744.61 -0.00141
1744.73 -0.00123
1744.85 -0.00122
1744.97 -0.00115
1745.09 -8.52298E-4
1745.21 -3.82077E-4
1745.33 -2.9888E-5
1745.45 6.85081E-6
1745.57 -1.75003E-4
1745.69 -3.11721E-4
1745.82 -2.84895E-4
1745.94 -1.97444E-4
1746.06 -1.54894E-4
1746.18 -7.71023E-5
1746.3 1.77175E-4
1746.42 5.2416E-4
1746.54 6.27693E-4
1746.66 2.36407E-4
1746.78 -4.59913E-4
1746.9 -9.11482E-4
1747.02 -7.40319E-4
1747.14 -1.72731E-4
1747.26 1.39542E-4
1747.38 -1.99154E-4
1747.5 -8.65769E-4
1747.62 -0.00117
1747.74 -8.41822E-4
1747.86 -3.14876E-4
1747.99 -2.12237E-4
1748.11 -6.28445E-4
1748.23 -0.00109
1748.35 -0.00116
1748.47 -8.79232E-4
1748.59 -5.97548E-4
1748.71 -5.6722E-4
1748.83 -7.64441E-4
1748.95 -0.00104
1749.07 -0.00126
1749.19 -0.00133
1749.31 -0.00123
1749.43 -9.91337E-4
1749.55 -7.5097E-4
1749.67 -5.88674E-4
1749.79 -4.76789E-4
1749.91 -3.55255E-4
1750.03 -2.48414E-4
1750.16 -2.54821E-4
1750.28 -4.03624E-4
1750.4 -5.56711E-4
1750.52 -5.24454E-4
1750.64 -3.18792E-4
1750.76 -2.31046E-4
1750.88 -5.48691E-4
1751 -0.00118
1751.12 -0.00168
1751.24 -0.00173
1751.36 -0.0015
1751.48 -0.00137
1751.6 -0.00142
1751.72 -0.00134
1751.84 -9.4837E-4
1751.96 -5.47387E-4
1752.08 -5.66207E-4
1752.2 -9.90275E-4
1752.33 -0.00137
1752.45 -0.00139
1752.57 -0.00121
1752.69 -0.00121
1752.81 -0.00149
1752.93 -0.00177
1753.05 -0.00173
1753.17 -0.00136
1753.29 -8.85755E-4
1753.41 -5.73944E-4
1753.53 -4.94566E-4
1753.65 -5.33197E-4
1753.77 -5.31249E-4
1753.89 -4.37617E-4
1754.01 -3.10589E-4
1754.13 -1.7871E-4
1754.25 3.23541E-5
1754.37 3.52945E-4
1754.5 5.90105E-4
1754.62 4.0815E-4
1754.74 -3.17108E-4
1754.86 -0.00127
1754.98 -0.00189
1755.1 -0.00185
1755.22 -0.00131
1755.34 -7.25038E-4
1755.46 -5.03823E-4
1755.58 -7.24476E-4
1755.7 -0.00116
1755.82 -0.00153
1755.94 -0.0017
1756.06 -0.00174
1756.18 -0.00179
1756.3 -0.00185
1756.42 -0.00183
1756.54 -0.00167
1756.67 -0.00137
1756.79 -0.00104
1756.91 -7.44764E-4
1757.03 -5.33614E-4
1757.15 -4.31027E-4
1757.27 -4.27201E-4
1757.39 -5.12559E-4
1757.51 -7.33852E-4
1757.63 -0.00115
1757.75 -0.00171
1757.87 -0.00212
1757.99 -0.00214
1758.11 -0.00173
1758.23 -0.00116
1758.35 -7.22945E-4
1758.47 -5.52159E-4
1758.59 -6.35087E-4
1758.71 -8.57197E-4
1758.83 -0.00101
1758.96 -8.73849E-4
1759.08 -4.41451E-4
1759.2 -2.66023E-5
1759.32 1.57952E-6
1759.44 -3.93104E-4
1759.56 -8.73175E-4
1759.68 -0.00113
1759.8 -0.00117
1759.92 -0.00122
1760.04 -0.00133
1760.16 -0.00141
1760.28 -0.00143
1760.4 -0.0015
1760.52 -0.00172
1760.64 -0.00193
1760.76 -0.00192
1760.88 -0.00165
1761 -0.0013
1761.13 -0.00103
1761.25 -8.37505E-4
1761.37 -6.5349E-4
1761.49 -4.58892E-4
1761.61 -2.77773E-4
1761.73 -1.3439E-4
1761.85 -8.12896E-5
1761.97 -1.97761E-4
1762.09 -4.70635E-4
1762.21 -7.25832E-4
1762.33 -7.8648E-4
1762.45 -6.83181E-4
1762.57 -5.97745E-4
1762.69 -6.03076E-4
1762.81 -5.94601E-4
1762.93 -5.21112E-4
1763.05 -5.37597E-4
1763.17 -8.03851E-4
1763.3 -0.0012
1763.42 -0.00141
1763.54 -0.0012
1763.66 -7.01927E-4
1763.78 -1.96703E-4
1763.9 6.08303E-5
1764.02 -3.97079E-5
1764.14 -4.27853E-4
1764.26 -8.76535E-4
1764.38 -0.00112
1764.5 -0.00106
1764.62 -7.67134E-4
1764.74 -4.27052E-4
1764.86 -2.02172E-4
1764.98 -2.65978E-4
1765.1 -7.29207E-4
1765.22 -0.00145
1765.34 -0.00202
1765.47 -0.00213
1765.59 -0.0019
1765.71 -0.00171
1765.83 -0.00171
1765.95 -0.00164
1766.07 -0.0012
1766.19 -4.98369E-4
1766.31 5.65499E-5
1766.43 1.6227E-4
1766.55 -1.05347E-4
1766.67 -4.18801E-4
1766.79 -5.02441E-4
1766.91 -2.96995E-4
1767.03 8.42437E-5
1767.15 4.89704E-4
1767.27 8.09506E-4
1767.39 9.42264E-4
1767.51 7.80825E-4
1767.64 3.11088E-4
1767.76 -2.83856E-4
1767.88 -7.0516E-4
1768 -7.91945E-4
1768.12 -6.45254E-4
1768.24 -4.81501E-4
1768.36 -4.15888E-4
1768.48 -4.34317E-4
1768.6 -5.03302E-4
1768.72 -6.10396E-4
1768.84 -7.21738E-4
1768.96 -8.02889E-4
1769.08 -8.91175E-4
1769.2 -0.00106
1769.32 -0.00128
1769.44 -0.0014
1769.56 -0.00128
1769.68 -9.65934E-4
1769.81 -6.10035E-4
1769.93 -3.35135E-4
1770.05 -1.69083E-4
1770.17 -9.41977E-5
1770.29 -8.83527E-5
1770.41 -1.27852E-4
1770.53 -1.93413E-4
1770.65 -2.72308E-4
1770.77 -3.32706E-4
1770.89 -3.24447E-4
1771.01 -2.48764E-4
1771.13 -2.03829E-4
1771.25 -2.921E-4
1771.37 -4.78104E-4
1771.49 -6.09029E-4
1771.61 -6.06373E-4
1771.73 -5.68859E-4
1771.85 -6.23394E-4
1771.97 -7.21887E-4
1772.1 -6.83874E-4
1772.22 -4.49557E-4
1772.34 -2.03054E-4
1772.46 -1.78907E-4
1772.58 -3.92012E-4
1772.7 -6.34756E-4
1772.82 -7.20896E-4
1772.94 -6.55171E-4
1773.06 -5.53794E-4
1773.18 -4.78785E-4
1773.3 -4.10594E-4
1773.42 -3.28097E-4
1773.54 -2.30324E-4
1773.66 -9.91821E-5
1773.78 7.29561E-5
1773.9 2.05211E-4
1774.02 1.67456E-4
1774.14 -8.58195E-5
1774.27 -4.61515E-4
1774.39 -8.41942E-4
1774.51 -0.00116
1774.63 -0.00134
1774.75 -0.00126
1774.87 -9.05242E-4
1774.99 -5.53112E-4
1775.11 -5.73538E-4
1775.23 -0.00105
1775.35 -0.00162
1775.47 -0.00183
1775.59 -0.00155
1775.71 -0.00109
1775.83 -8.96037E-4
1775.95 -0.0012
1776.07 -0.00186
1776.19 -0.00249
1776.31 -0.00268
1776.44 -0.00228
1776.56 -0.00149
1776.68 -6.99654E-4
1776.8 -2.22143E-4
1776.92 -1.21467E-4
1777.04 -2.20612E-4
1777.16 -3.07202E-4
1777.28 -3.42716E-4
1777.4 -4.73186E-4
1777.52 -7.98315E-4
1777.64 -0.00115
1777.76 -0.0012
1777.88 -8.55915E-4
1778 -3.9323E-4
1778.12 -1.95362E-4
1778.24 -3.32236E-4
1778.36 -5.85206E-4
1778.48 -8.07755E-4
1778.61 -0.00107
1778.73 -0.00139
1778.85 -0.00159
1778.97 -0.00152
1779.09 -0.00129
1779.21 -0.00119
1779.33 -0.00129
1779.45 -0.00139
1779.57 -0.00138
1779.69 -0.00132
1779.81 -0.00126
1779.93 -0.00113
1780.05 -8.87003E-4
1780.17 -7.09351E-4
1780.29 -7.30813E-4
1780.41 -8.06343E-4
1780.53 -7.07027E-4
1780.65 -5.32936E-4
1780.78 -6.67617E-4
1780.9 -0.00124
1781.02 -0.00185
1781.14 -0.00201
1781.26 -0.00169
1781.38 -0.00137
1781.5 -0.00141
1781.62 -0.0017
1781.74 -0.00186
1781.86 -0.00168
1781.98 -0.00129
1782.1 -9.60272E-4
1782.22 -9.23891E-4
1782.34 -0.00116
1782.46 -0.00143
1782.58 -0.00147
1782.7 -0.00121
1782.82 -8.5894E-4
1782.95 -6.7205E-4
1783.07 -7.17096E-4
1783.19 -8.87748E-4
1783.31 -0.00107
1783.43 -0.00123
1783.55 -0.00134
1783.67 -0.0014
1783.79 -0.00142
1783.91 -0.00139
1784.03 -0.00128
1784.15 -0.00103
1784.27 -6.80819E-4
1784.39 -3.9506E-4
1784.51 -2.75537E-4
1784.63 -2.6327E-4
1784.75 -2.52228E-4
1784.87 -2.57149E-4
1784.99 -3.87587E-4
1785.11 -6.83498E-4
1785.24 -0.00105
1785.36 -0.00137
1785.48 -0.00155
1785.6 -0.00151
1785.72 -0.0012
1785.84 -6.94353E-4
1785.96 -2.27787E-4
1786.08 -5.91315E-5
1786.2 -2.39372E-4
1786.32 -5.4466E-4
1786.44 -6.66264E-4
1786.56 -4.91053E-4
1786.68 -2.02794E-4
1786.8 -9.5129E-5
1786.92 -2.71212E-4
1787.04 -5.39541E-4
1787.16 -6.21341E-4
1787.28 -4.42155E-4
1787.41 -1.92989E-4
1787.53 -1.20766E-4
1787.65 -2.93251E-4
1787.77 -5.56301E-4
1787.89 -6.80093E-4
1788.01 -5.61204E-4
1788.13 -3.34885E-4
1788.25 -2.77914E-4
1788.37 -5.28552E-4
1788.49 -9.08218E-4
1788.61 -0.00112
1788.73 -0.00117
1788.85 -0.00135
1788.97 -0.00185
1789.09 -0.00235
1789.21 -0.00234
1789.33 -0.00174
1789.45 -0.00107
1789.58 -8.00014E-4
1789.7 -9.40025E-4
1789.82 -0.00111
1789.94 -0.00105
1790.06 -7.52959E-4
1790.18 -4.05096E-4
1790.3 -1.7887E-4
1790.42 -1.99337E-4
1790.54 -4.28613E-4
1790.66 -5.94348E-4
1790.78 -4.13228E-4
1790.9 4.82723E-5
1791.02 3.7666E-4
1791.14 2.82809E-4
1791.26 -6.72117E-5
1791.38 -2.98627E-4
1791.5 -3.07165E-4
1791.62 -3.00582E-4
1791.75 -4.237E-4
1791.87 -5.5496E-4
1791.99 -5.42287E-4
1792.11 -4.67576E-4
1792.23 -5.26555E-4
1792.35 -7.17562E-4
1792.47 -8.10914E-4
1792.59 -6.51143E-4
1792.71 -3.78303E-4
1792.83 -2.84594E-4
1792.95 -5.03272E-4
1793.07 -9.00786E-4
1793.19 -0.00125
1793.31 -0.00146
1793.43 -0.00156
1793.55 -0.0016
1793.67 -0.00157
1793.79 -0.00145
1793.92 -0.00123
1794.04 -9.47572E-4
1794.16 -6.53893E-4
1794.28 -4.72665E-4
1794.4 -5.43315E-4
1794.52 -8.62598E-4
1794.64 -0.00121
1794.76 -0.0013
1794.88 -0.00109
1795 -7.71251E-4
1795.12 -5.81417E-4
1795.24 -5.76094E-4
1795.36 -7.15818E-4
1795.48 -9.73299E-4
1795.6 -0.00126
1795.72 -0.00137
1795.84 -0.00111
1795.96 -6.40918E-4
1796.09 -3.99452E-4
1796.21 -5.90935E-4
1796.33 -9.28503E-4
1796.45 -9.69917E-4
1796.57 -6.71186E-4
1796.69 -4.17273E-4
1796.81 -4.9565E-4
1796.93 -7.49264E-4
1797.05 -8.73484E-4
1797.17 -8.9227E-4
1797.29 -0.0011
1797.41 -0.00158
1797.53 -0.00195
1797.65 -0.00185
1797.77 -0.00139
1797.89 -9.83309E-4
1798.01 -8.07043E-4
1798.13 -5.99034E-4
1798.26 -1.16974E-4
1798.38 4.41227E-4
1798.5 6.58352E-4
1798.62 4.53029E-4
1798.74 1.73151E-4
1798.86 1.21947E-4
1798.98 1.91733E-4
1799.1 7.87452E-5
1799.22 -2.80004E-4
1799.34 -6.38016E-4
1799.46 -7.57866E-4
1799.58 -6.30956E-4
1799.7 -3.93793E-4
1799.82 -1.61298E-4
1799.94 -5.73695E-7
1800.06 2.37264E-5
1800.18 -1.39505E-4
1800.3 -4.62569E-4
1800.42 -8.29358E-4
1800.55 -0.00106
1800.67 -0.00102
1800.79 -7.54185E-4
1800.91 -5.67097E-4
1801.03 -7.57355E-4
1801.15 -0.00127
1801.27 -0.00166
1801.39 -0.00159
1801.51 -0.00119
1801.63 -8.89178E-4
1801.75 -8.76855E-4
1801.87 -9.4511E-4
1801.99 -8.28125E-4
1802.11 -5.74004E-4
1802.23 -4.54292E-4
1802.35 -5.93416E-4
1802.47 -7.99537E-4
1802.59 -7.58488E-4
1802.72 -3.60016E-4
1802.84 1.45145E-4
1802.96 2.96716E-4
1803.08 -1.7982E-4
1803.2 -0.00107
1803.32 -0.00179
1803.44 -0.00193
1803.56 -0.00158
1803.68 -0.00115
1803.8 -9.11161E-4
1803.92 -8.13823E-4
1804.04 -7.68691E-4
1804.16 -8.23606E-4
1804.28 -0.00102
1804.4 -0.00123
1804.52 -0.00126
1804.64 -0.00113
1804.76 -0.00104
1804.89 -0.00103
1805.01 -9.45263E-4
1805.13 -6.86459E-4
1805.25 -4.62111E-4
1805.37 -5.49499E-4
1805.49 -8.9724E-4
1805.61 -0.00112
1805.73 -9.28216E-4
1805.85 -5.00843E-4
1805.97 -2.4046E-4
1806.09 -3.19943E-4
1806.21 -5.42704E-4
1806.33 -6.54574E-4
1806.45 -6.47444E-4
1806.57 -7.03942E-4
1806.69 -9.48399E-4
1806.81 -0.00133
1806.93 -0.00168
1807.06 -0.00183
1807.18 -0.00169
1807.3 -0.00137
1807.42 -0.00111
1807.54 -0.00104
1807.66 -0.00102
1807.78 -8.19948E-4
1807.9 -4.71719E-4
1808.02 -2.58669E-4
1808.14 -3.48788E-4
1808.26 -5.88119E-4
1808.38 -7.16068E-4
1808.5 -6.46703E-4
1808.62 -4.4984E-4
1808.74 -1.93913E-4
1808.86 4.57317E-5
1808.98 1.03146E-4
1809.1 -1.69855E-4
1809.23 -7.2448E-4
1809.35 -0.00135
1809.47 -0.00187
1809.59 -0.0022
1809.71 -0.00231
1809.83 -0.0022
1809.95 -0.00203
1810.07 -0.00192
1810.19 -0.00173
1810.31 -0.00127
1810.43 -6.20671E-4
1810.55 -1.77078E-4
1810.67 -1.95682E-4
1810.79 -4.39692E-4
1810.91 -5.14362E-4
1811.03 -3.99105E-4
1811.15 -4.16443E-4
1811.27 -7.32351E-4
1811.4 -0.00114
1811.52 -0.00138
1811.64 -0.00141
1811.76 -0.00129
1811.88 -9.82832E-4
1812 -4.34071E-4
1812.12 2.08747E-4
1812.24 6.32379E-4
1812.36 6.62331E-4
1812.48 4.20786E-4
1812.6 1.70667E-4
1812.72 4.87231E-5
1812.84 -2.54363E-5
1812.96 -1.98796E-4
1813.08 -4.75332E-4
1813.2 -6.54195E-4
1813.32 -5.14053E-4
1813.44 -6.31697E-5
1813.56 4.24515E-4
1813.69 6.36112E-4
1813.81 4.58978E-4
1813.93 -2.96384E-5
1814.05 -7.09973E-4
1814.17 -0.00148
1814.29 -0.00216
1814.41 -0.00251
1814.53 -0.00234
1814.65 -0.00175
1814.77 -0.00109
1814.89 -6.94912E-4
1815.01 -6.52146E-4
1815.13 -7.96683E-4
1815.25 -9.2994E-4
1815.37 -9.91218E-4
1815.49 -9.96623E-4
1815.61 -9.01386E-4
1815.73 -6.34436E-4
1815.86 -2.57693E-4
1815.98 2.03215E-5
1816.1 2.30297E-5
1816.22 -2.59202E-4
1816.34 -7.21779E-4
1816.46 -0.00121
1816.58 -0.0015
1816.7 -0.00138
1816.82 -9.36955E-4
1816.94 -6.07453E-4
1817.06 -7.91188E-4
1817.18 -0.00139
1817.3 -0.00192
1817.42 -0.00209
1817.54 -0.00197
1817.66 -0.00171
1817.78 -0.0012
1817.9 -3.85579E-4
1818.03 4.18775E-4
1818.15 6.82399E-4
1818.27 2.52362E-4
1818.39 -4.7202E-4
1818.51 -9.92905E-4
1818.63 -0.00122
1818.75 -0.00141
1818.87 -0.00173
1818.99 -0.00204
1819.11 -0.00206
1819.23 -0.00179
1819.35 -0.00149
1819.47 -0.00141
1819.59 -0.0015
1819.71 -0.00153
1819.83 -0.00138
1819.95 -0.00119
1820.07 -0.00113
1820.2 -0.00115
1820.32 -0.0011
1820.44 -0.00101
1820.56 -0.001
1820.68 -0.00109
1820.8 -0.00105
1820.92 -7.9681E-4
1821.04 -5.05291E-4
1821.16 -4.81088E-4
1821.28 -7.91579E-4
1821.4 -0.0012
1821.52 -0.00142
1821.64 -0.00137
1821.76 -0.00118
1821.88 -9.84289E-4
1822 -8.27868E-4
1822.12 -6.80711E-4
1822.24 -5.62485E-4
1822.37 -5.83664E-4
1822.49 -8.05911E-4
1822.61 -0.00108
1822.73 -0.00115
1822.85 -9.27221E-4
1822.97 -6.43857E-4
1823.09 -5.87296E-4
1823.21 -7.73136E-4
1823.33 -9.62909E-4
1823.45 -9.65681E-4
1823.57 -8.06186E-4
1823.69 -6.05844E-4
1823.81 -4.29615E-4
1823.93 -2.89693E-4
1824.05 -2.03267E-4
1824.17 -1.92285E-4
1824.29 -2.85279E-4
1824.41 -5.37165E-4
1824.54 -9.55261E-4
1824.66 -0.00137
1824.78 -0.00151
1824.9 -0.0013
1825.02 -0.00102
1825.14 -0.00107
1825.26 -0.0015
1825.38 -0.00202
1825.5 -0.00229
1825.62 -0.00217
1825.74 -0.00178
1825.86 -0.00128
1825.98 -8.70384E-4
1826.1 -6.87554E-4
1826.22 -6.94551E-4
1826.34 -7.22688E-4
1826.46 -6.7991E-4
1826.58 -6.45075E-4
1826.7 -6.84354E-4
1826.83 -6.66559E-4
1826.95 -4.01977E-4
1827.07 5.90011E-5
1827.19 4.0042E-4
1827.31 3.60824E-4
1827.43 -2.1711E-5
1827.55 -4.97773E-4
1827.67 -8.64536E-4
1827.79 -0.00107
1827.91 -0.00116
1828.03 -0.00122
1828.15 -0.00132
1828.27 -0.00142
1828.39 -0.00138
1828.51 -0.00105
1828.63 -5.02385E-4
1828.75 -1.01104E-4
1828.87 -1.56742E-4
1829 -6.28244E-4
1829.12 -0.00113
1829.24 -0.00129
1829.36 -0.00108
1829.48 -8.11752E-4
1829.6 -7.93595E-4
1829.72 -0.00109
1829.84 -0.00149
1829.96 -0.00171
1830.08 -0.00157
1830.2 -0.00109
1830.32 -4.81978E-4
1830.44 -1.86376E-5
1830.56 1.06148E-4
1830.68 -1.31752E-4
1830.8 -6.2051E-4
1830.92 -0.0012
1831.04 -0.0017
1831.17 -0.00194
1831.29 -0.00187
1831.41 -0.00161
1831.53 -0.00135
1831.65 -0.00115
1831.77 -9.71142E-4
1831.89 -8.38906E-4
1832.01 -8.95169E-4
1832.13 -0.00118
1832.25 -0.00147
1832.37 -0.00149
1832.49 -0.00121
1832.61 -8.73189E-4
1832.73 -6.94096E-4
1832.85 -6.85841E-4
1832.97 -7.57266E-4
1833.09 -8.74363E-4
1833.21 -0.00104
1833.34 -0.00122
1833.46 -0.00131
1833.58 -0.00129
1833.7 -0.00125
1833.82 -0.00132
1833.94 -0.00157
1834.06 -0.00197
1834.18 -0.00231
1834.3 -0.00237
1834.42 -0.00209
1834.54 -0.00163
1834.66 -0.00125
1834.78 -0.00103
1834.9 -8.69486E-4
1835.02 -6.71618E-4
1835.14 -4.81181E-4
1835.26 -3.98647E-4
1835.38 -4.36753E-4
1835.51 -5.35727E-4
1835.63 -6.71655E-4
1835.75 -8.68928E-4
1835.87 -0.00111
1835.99 -0.00133
1836.11 -0.00143
1836.23 -0.0014
1836.35 -0.00127
1836.47 -0.00108
1836.59 -9.06628E-4
1836.71 -8.77425E-4
1836.83 -0.00103
1836.95 -0.00125
1837.07 -0.00139
1837.19 -0.00138
1837.31 -0.00132
1837.43 -0.0013
1837.55 -0.00135
1837.68 -0.00141
1837.8 -0.00138
1837.92 -0.00123
1838.04 -9.34757E-4
1838.16 -5.48296E-4
1838.28 -1.72634E-4
1838.4 6.52671E-5
1838.52 1.01972E-4
1838.64 1.8999E-6
1838.76 -9.03681E-5
1838.88 -7.88979E-5
1839 -3.40268E-5
1839.12 -1.40183E-4
1839.24 -4.8859E-4
1839.36 -9.25191E-4
1839.48 -0.00117
1839.6 -0.00113
1839.72 -9.57925E-4
1839.84 -8.86682E-4
1839.97 -8.97851E-4
1840.09 -8.09446E-4
1840.21 -5.68569E-4
1840.33 -3.61219E-4
1840.45 -3.95466E-4
1840.57 -6.72072E-4
1840.69 -0.00102
1840.81 -0.00128
1840.93 -0.00139
1841.05 -0.00135
1841.17 -0.00125
1841.29 -0.00126
1841.41 -0.00151
1841.53 -0.00194
1841.65 -0.0023
1841.77 -0.00237
1841.89 -0.00214
1842.01 -0.00179
1842.14 -0.00146
1842.26 -0.0012
1842.38 -9.33066E-4
1842.5 -6.56325E-4
1842.62 -4.50652E-4
1842.74 -4.0248E-4
1842.86 -4.52407E-4
1842.98 -4.06604E-4
1843.1 -1.65652E-4
1843.22 7.88644E-5
1843.34 -2.90684E-5
1843.46 -6.12352E-4
1843.58 -0.00136
1843.7 -0.0018
1843.82 -0.00173
1843.94 -0.00138
1844.06 -0.00113
1844.18 -0.00113
1844.31 -0.00118
1844.43 -0.00107
1844.55 -8.23859E-4
1844.67 -5.71441E-4
1844.79 -3.9158E-4
1844.91 -2.72028E-4
1845.03 -2.70344E-4
1845.15 -5.14682E-4
1845.27 -9.61136E-4
1845.39 -0.00128
1845.51 -0.00114
1845.63 -6.45246E-4
1845.75 -3.02717E-4
1845.87 -4.92394E-4
1845.99 -0.00109
1846.11 -0.00163
1846.23 -0.00175
1846.35 -0.00147
1846.48 -0.00102
1846.6 -6.91056E-4
1846.72 -6.30088E-4
1846.84 -8.25237E-4
1846.96 -0.00109
1847.08 -0.0012
1847.2 -0.00109
1847.32 -8.76896E-4
1847.44 -7.51201E-4
1847.56 -8.15868E-4
1847.68 -0.00107
1847.8 -0.0014
1847.92 -0.00162
1848.04 -0.00154
1848.16 -0.00123
1848.28 -9.63505E-4
1848.4 -9.77822E-4
1848.52 -0.00113
1848.65 -0.00105
1848.77 -5.60105E-4
1848.89 9.74759E-5
1849.01 4.7769E-4
1849.13 3.63972E-4
1849.25 -1.06722E-4
1849.37 -6.27045E-4
1849.49 -9.50459E-4
1849.61 -9.78138E-4
1849.73 -7.77941E-4
1849.85 -5.65547E-4
1849.97 -5.72085E-4
1850.09 -8.34346E-4
1850.21 -0.00114
1850.33 -0.00125
1850.45 -0.00113
1850.57 -9.83413E-4
1850.69 -9.45725E-4
1850.82 -0.00103
1850.94 -0.0012
1851.06 -0.0015
1851.18 -0.00187
1851.3 -0.00209
1851.42 -0.00193
1851.54 -0.00151
1851.66 -0.00126
1851.78 -0.00147
1851.9 -0.00194
1852.02 -0.00215
1852.14 -0.0019
1852.26 -0.00147
1852.38 -0.00125
1852.5 -0.00126
1852.62 -0.00128
1852.74 -0.00116
1852.86 -0.00103
1852.98 -9.77136E-4
1853.11 -9.30607E-4
1853.23 -7.94563E-4
1853.35 -6.83755E-4
1853.47 -8.02245E-4
1853.59 -0.00115
1853.71 -0.00147
1853.83 -0.00156
1853.95 -0.00145
1854.07 -0.00131
1854.19 -0.00127
1854.31 -0.00134
1854.43 -0.0014
1854.55 -0.00129
1854.67 -9.6371E-4
1854.79 -6.50145E-4
1854.91 -6.44859E-4
1855.03 -9.09247E-4
1855.15 -9.68292E-4
1855.28 -3.98986E-4
1855.4 6.31116E-4
1855.52 0.00148
1855.64 0.00168
1855.76 0.0013
1855.88 6.94912E-4
1856 3.97936E-5
1856.12 -6.27529E-4
1856.24 -0.00119
1856.36 -0.00149
1856.48 -0.00153
1856.6 -0.00152
1856.72 -0.00152
1856.84 -0.00131
1856.96 -6.77966E-4
1857.08 1.97113E-4
1857.2 7.73199E-4
1857.32 6.85282E-4
1857.45 1.29975E-4
1857.57 -3.44556E-4
1857.69 -4.22332E-4
1857.81 -3.22383E-4
1857.93 -4.83219E-4
1858.05 -0.00104
1858.17 -0.00168
1858.29 -0.00197
1858.41 -0.00177
1858.53 -0.00126
1858.65 -7.7479E-4
1858.77 -5.92507E-4
1858.89 -7.43613E-4
1859.01 -0.00101
1859.13 -0.0011
1859.25 -9.1527E-4
1859.37 -6.57946E-4
1859.49 -5.56752E-4
1859.62 -6.21643E-4
1859.74 -6.90687E-4
1859.86 -6.82496E-4
1859.98 -6.74475E-4
1860.1 -7.32958E-4
1860.22 -7.86483E-4
1860.34 -7.21041E-4
1860.46 -5.40365E-4
1860.58 -3.92649E-4
1860.7 -4.64242E-4
1860.82 -8.29194E-4
1860.94 -0.00133
1861.06 -0.00164
1861.18 -0.00152
1861.3 -0.00114
1861.42 -9.05741E-4
1861.54 -0.00101
1861.66 -0.00119
1861.79 -0.00105
1861.91 -5.35492E-4
1862.03 -1.35414E-5
1862.15 1.27148E-4
1862.27 -1.60839E-4
1862.39 -5.97913E-4
1862.51 -8.65873E-4
1862.63 -8.4522E-4
1862.75 -6.75686E-4
1862.87 -6.15925E-4
1862.99 -7.95096E-4
1863.11 -0.00108
1863.23 -0.00124
1863.35 -0.00121
1863.47 -0.00116
1863.59 -0.00127
1863.71 -0.00146
1863.83 -0.00151
1863.96 -0.00131
1864.08 -0.00101
1864.2 -8.91E-4
1864.32 -0.00107
1864.44 -0.00139
1864.56 -0.00157
1864.68 -0.00152
1864.8 -0.00143
1864.92 -0.00143
1865.04 -0.00138
1865.16 -0.00104
1865.28 -5.33853E-4
1865.4 -2.71533E-4
1865.52 -4.5738E-4
1865.64 -7.82773E-4
1865.76 -8.62382E-4
1865.88 -7.72398E-4
1866 -8.84838E-4
1866.12 -0.00125
1866.25 -0.00147
1866.37 -0.00129
1866.49 -9.67626E-4
1866.61 -8.98443E-4
1866.73 -0.0011
1866.85 -0.00122
1866.97 -0.00109
1867.09 -8.63101E-4
1867.21 -8.12531E-4
1867.33 -0.00103
1867.45 -0.00144
1867.57 -0.0019
1867.69 -0.00221
1867.81 -0.00218
1867.93 -0.00185
1868.05 -0.0015
1868.17 -0.00134
1868.29 -0.00132
1868.42 -0.00131
1868.54 -0.00141
1868.66 -0.00177
1868.78 -0.00226
1868.9 -0.00245
1869.02 -0.0021
1869.14 -0.00143
1869.26 -9.53328E-4
1869.38 -9.09828E-4
1869.5 -0.00117
1869.62 -0.00146
1869.74 -0.0016
1869.86 -0.0015
1869.98 -0.00121
1870.1 -8.47124E-4
1870.22 -6.87007E-4
1870.34 -9.02783E-4
1870.46 -0.00141
1870.59 -0.00195
1870.71 -0.00225
1870.83 -0.00224
1870.95 -0.00197
1871.07 -0.00152
1871.19 -0.00106
1871.31 -8.04707E-4
1871.43 -8.56251E-4
1871.55 -0.00106
1871.67 -0.00111
1871.79 -8.97694E-4
1871.91 -6.71506E-4
1872.03 -7.99835E-4
1872.15 -0.0013
1872.27 -0.00175
1872.39 -0.00176
1872.51 -0.00143
1872.63 -0.00124
1872.76 -0.00142
1872.88 -0.00166
1873 -0.00158
1873.12 -0.00118
1873.24 -8.49463E-4
1873.36 -8.29302E-4
1873.48 -0.00101
1873.6 -0.00117
1873.72 -0.00126
1873.84 -0.00135
1873.96 -0.00135
1874.08 -0.00113
1874.2 -6.75213E-4
1874.32 -1.34818E-4
1874.44 3.5385E-4
1874.56 7.16034E-4
1874.68 8.74717E-4
1874.8 7.64173E-4
1874.93 4.68522E-4
1875.05 2.16689E-4
1875.17 1.40887E-4
1875.29 1.01153E-4
1875.41 -1.50163E-4
1875.53 -6.36239E-4
1875.65 -0.00109
1875.77 -0.00122
1875.89 -0.00106
1876.01 -9.31993E-4
1876.13 -0.00107
1876.25 -0.00135
1876.37 -0.0014
1876.49 -0.00114
1876.61 -9.13735E-4
1876.73 -0.00111
1876.85 -0.00164
1876.97 -0.00193
1877.1 -0.00161
1877.22 -9.87213E-4
1877.34 -6.85431E-4
1877.46 -9.7131E-4
1877.58 -0.0015
1877.7 -0.0018
1877.82 -0.00179
1877.94 -0.00175
1878.06 -0.00193
1878.18 -0.00221
1878.3 -0.00233
1878.42 -0.00216
1878.54 -0.00174
1878.66 -0.00118
1878.78 -5.73389E-4
1878.9 -9.59523E-5
1879.02 -7.05421E-5
1879.14 -6.91332E-4
1879.27 -0.00169
1879.39 -0.00243
1879.51 -0.00239
1879.63 -0.00168
1879.75 -8.47165E-4
1879.87 -3.75375E-4
1879.99 -3.81246E-4
1880.11 -7.02545E-4
1880.23 -0.0011
1880.35 -0.00137
1880.47 -0.00141
1880.59 -0.00135
1880.71 -0.00146
1880.83 -0.00177
1880.95 -0.00195
1881.07 -0.00169
1881.19 -0.0011
1881.31 -6.19546E-4
1881.44 -5.12328E-4
1881.56 -6.21755E-4
1881.68 -6.92405E-4
1881.8 -7.10588E-4
1881.92 -8.12273E-4
1882.04 -9.85067E-4
1882.16 -0.00105
1882.28 -9.24982E-4
1882.4 -7.65901E-4
1882.52 -7.80143E-4
1882.64 -9.76004E-4
1882.76 -0.00115
1882.88 -0.0011
1883 -8.75205E-4
1883.12 -7.16005E-4
1883.24 -8.2187E-4
1883.36 -0.00108
1883.48 -0.00113
1883.6 -7.74857E-4
1883.73 -2.55484E-4
1883.85 -7.68639E-5
1883.97 -4.61701E-4
1884.09 -0.00109
1884.21 -0.00142
1884.33 -0.00121
1884.45 -6.67643E-4
1884.57 -2.07782E-4
1884.69 -1.06227E-4
1884.81 -3.85422E-4
1884.93 -8.83181E-4
1885.05 -0.00137
1885.17 -0.00165
1885.29 -0.00167
1885.41 -0.0015
1885.53 -0.0012
1885.65 -8.33798E-4
1885.77 -5.56946E-4
1885.9 -5.91025E-4
1886.02 -9.86576E-4
1886.14 -0.00145
1886.26 -0.00158
1886.38 -0.00122
1886.5 -6.42113E-4
1886.62 -2.08024E-4
1886.74 -8.75108E-5
1886.86 -2.5047E-4
1886.98 -6.13406E-4
1887.1 -0.00106
1887.22 -0.00143
1887.34 -0.00156
1887.46 -0.00149
1887.58 -0.00134
1887.7 -0.00121
1887.82 -0.00114
1887.94 -0.00114
1888.07 -0.00119
1888.19 -0.0011
1888.31 -6.29142E-4
1888.43 1.57852E-4
1888.55 8.28709E-4
1888.67 9.61386E-4
1888.79 5.28127E-4
1888.91 -1.62818E-4
1889.03 -8.00353E-4
1889.15 -0.00123
1889.27 -0.00137
1889.39 -0.00122
1889.51 -9.70606E-4
1889.63 -8.96834E-4
1889.75 -0.00107
1889.87 -0.00129
1889.99 -0.00132
1890.11 -0.0012
1890.24 -0.00112
1890.36 -0.00109
1890.48 -9.56286E-4
1890.6 -6.56042E-4
1890.72 -3.99377E-4
1890.84 -4.63169E-4
1890.96 -8.46673E-4
1891.08 -0.00121
1891.2 -0.00119
1891.32 -7.85995E-4
1891.44 -4.08396E-4
1891.56 -4.44353E-4
1891.68 -8.55118E-4
1891.8 -0.00121
1891.92 -0.00118
1892.04 -8.58989E-4
1892.16 -6.27019E-4
1892.28 -6.86605E-4
1892.41 -9.13378E-4
1892.53 -0.00109
1892.65 -0.00113
1892.77 -0.00105
1892.89 -8.77865E-4
1893.01 -6.61075E-4
1893.13 -5.60764E-4
1893.25 -7.00645E-4
1893.37 -0.00101
1893.49 -0.00128
1893.61 -0.00137
1893.73 -0.00128
1893.85 -0.00106
1893.97 -7.63703E-4
1894.09 -5.38956E-4
1894.21 -5.64314E-4
1894.33 -8.15663E-4
1894.45 -9.9938E-4
1894.58 -8.80521E-4
1894.7 -6.2317E-4
1894.82 -6.2998E-4
1894.94 -0.00103
1895.06 -0.00148
1895.18 -0.00159
1895.3 -0.00135
1895.42 -0.00107
1895.54 -9.87791E-4
1895.66 -0.001
1895.78 -9.43456E-4
1895.9 -8.02718E-4
1896.02 -7.2341E-4
1896.14 -7.66113E-4
1896.26 -8.11569E-4
1896.38 -6.87946E-4
1896.5 -3.7336E-4
1896.62 -6.53975E-5
1896.74 -2.63751E-5
1896.87 -3.20431E-4
1896.99 -7.24416E-4
1897.11 -9.64254E-4
1897.23 -0.00102
1897.35 -0.00112
1897.47 -0.00136
1897.59 -0.00159
1897.71 -0.00159
1897.83 -0.00135
1897.95 -0.00108
1898.07 -9.11456E-4
1898.19 -8.52264E-4
1898.31 -8.7503E-4
1898.43 -9.25481E-4
1898.55 -8.83974E-4
1898.67 -6.84485E-4
1898.79 -4.8532E-4
1898.91 -5.46079E-4
1899.04 -8.81966E-4
1899.16 -0.0012
1899.28 -0.00128
1899.4 -0.00118
1899.52 -0.0011
1899.64 -9.9412E-4
1899.76 -7.5902E-4
1899.88 -5.22394E-4
1900 -5.87042E-4
1900.12 -0.00101
1900.24 -0.00147
1900.36 -0.00162
1900.48 -0.00144
1900.6 -0.00123
1900.72 -0.00123
1900.84 -0.00146
1900.96 -0.00176
1901.08 -0.00186
1901.21 -0.00162
1901.33 -0.00109
1901.45 -5.59725E-4
1901.57 -2.2316E-4
1901.69 -4.66332E-5
1901.81 6.2E-5
1901.93 5.41769E-5
1902.05 -1.34196E-4
1902.17 -3.56998E-4
1902.29 -3.72637E-4
1902.41 -1.93596E-4
1902.53 -1.43345E-4
1902.65 -4.79016E-4
1902.77 -0.00108
1902.89 -0.00162
1903.01 -0.00187
1903.13 -0.00184
1903.25 -0.00165
1903.38 -0.00139
1903.5 -0.00112
1903.62 -8.22708E-4
1903.74 -4.43768E-4
1903.86 -5.76042E-5
1903.98 7.86334E-5
1904.1 -2.44863E-4
1904.22 -8.73055E-4
1904.34 -0.00138
1904.46 -0.0015
1904.58 -0.00141
1904.7 -0.00144
1904.82 -0.00164
1904.94 -0.00181
1905.06 -0.0018
1905.18 -0.00169
1905.3 -0.00162
1905.42 -0.00152
1905.55 -0.00124
1905.67 -8.12158E-4
1905.79 -4.23186E-4
1905.91 -2.22068E-4
1906.03 -1.65369E-4
1906.15 -1.45935E-4
1906.27 -1.89248E-4
1906.39 -4.28304E-4
1906.51 -8.86619E-4
1906.63 -0.00138
1906.75 -0.00167
1906.87 -0.00171
1906.99 -0.00166
1907.11 -0.00163
1907.23 -0.00155
1907.35 -0.00133
1907.47 -0.00104
1907.59 -8.9477E-4
1907.72 -0.00101
1907.84 -0.00124
1907.96 -0.00134
1908.08 -0.0013
1908.2 -0.00134
1908.32 -0.00159
1908.44 -0.00186
1908.56 -0.00185
1908.68 -0.00155
1908.8 -0.00129
1908.92 -0.00129
1909.04 -0.0014
1909.16 -0.00131
1909.28 -9.78325E-4
1909.4 -7.22542E-4
1909.52 -7.73862E-4
1909.64 -9.87154E-4
1909.76 -0.00104
1909.89 -7.84546E-4
1910.01 -3.79387E-4
1910.13 -4.85964E-5
1910.25 7.9453E-5
1910.37 2.02097E-5
1910.49 -9.08226E-5
1910.61 -1.15305E-4
1910.73 -9.49875E-5
1910.85 -2.47847E-4
1910.97 -6.71491E-4
1911.09 -0.0011
1911.21 -0.00114
1911.33 -7.88469E-4
1911.45 -4.60338E-4
1911.57 -5.37205E-4
1911.69 -9.31375E-4
1911.81 -0.00126
1911.93 -0.00131
1912.05 -0.00113
1912.18 -9.11422E-4
1912.3 -8.63839E-4
1912.42 -0.00114
1912.54 -0.00168
1912.66 -0.00211
1912.78 -0.00201
1912.9 -0.00138
1913.02 -6.48059E-4
1913.14 -2.59917E-4
1913.26 -1.92534E-4
1913.38 -1.70022E-4
1913.5 -1.40723E-4
1913.62 -3.7339E-4
1913.74 -0.00106
1913.86 -0.00194
1913.98 -0.00247
1914.1 -0.00231
1914.22 -0.00163
1914.35 -9.52773E-4
1914.47 -6.7516E-4
1914.59 -7.68058E-4
1914.71 -9.15974E-4
1914.83 -8.86824E-4
1914.95 -6.88069E-4
1915.07 -4.23383E-4
1915.19 -1.55821E-4
1915.31 4.39584E-5
1915.43 4.99114E-5
1915.55 -1.87915E-4
1915.67 -5.25318E-4
1915.79 -7.3301E-4
1915.91 -6.91526E-4
1916.03 -4.42442E-4
1916.15 -1.23315E-4
1916.27 5.87143E-5
1916.39 -1.1716E-4
1916.52 -6.57924E-4
1916.64 -0.00122
1916.76 -0.0014
1916.88 -0.00114
1917 -8.52205E-4
1917.12 -9.0161E-4
1917.24 -0.00117
1917.36 -0.00129
1917.48 -0.00113
1917.6 -9.24557E-4
1917.72 -9.33591E-4
1917.84 -0.0011
1917.96 -0.00115
1918.08 -9.69686E-4
1918.2 -6.58121E-4
1918.32 -4.11522E-4
1918.44 -3.0797E-4
1918.56 -3.20014E-4
1918.69 -4.4049E-4
1918.81 -6.97937E-4
1918.93 -0.00103
1919.05 -0.00124
1919.17 -0.00118
1919.29 -9.80608E-4
1919.41 -9.21275E-4
1919.53 -0.00111
1919.65 -0.00132
1919.77 -0.00122
1919.89 -8.35467E-4
1920.01 -4.98503E-4
1920.13 -5.14161E-4
1920.25 -8.69777E-4
1920.37 -0.00132
1920.49 -0.00163
1920.61 -0.00173
1920.73 -0.00164
1920.86 -0.0014
1920.98 -0.00107
1921.1 -7.89218E-4
1921.22 -7.30615E-4
1921.34 -9.26584E-4
1921.46 -0.00121
1921.58 -0.00135
1921.7 -0.00127
1921.82 -0.00113
1921.94 -0.00105
1922.06 -9.48578E-4
1922.18 -6.37621E-4
1922.3 -1.77696E-4
1922.42 8.84309E-5
1922.54 -9.77218E-5
1922.66 -5.8075E-4
1922.78 -9.66005E-4
1922.9 -0.00105
1923.03 -9.64992E-4
1923.15 -9.42834E-4
1923.27 -0.00104
1923.39 -0.0012
1923.51 -0.00141
1923.63 -0.00167
1923.75 -0.00187
1923.87 -0.00183
1923.99 -0.00149
1924.11 -0.00109
1924.23 -9.02534E-4
1924.35 -0.00104
1924.47 -0.00133
1924.59 -0.00157
1924.71 -0.00166
1924.83 -0.00161
1924.95 -0.00148
1925.07 -0.00134
1925.19 -0.00129
1925.32 -0.00139
1925.44 -0.00161
1925.56 -0.00184
1925.68 -0.00199
1925.8 -0.00201
1925.92 -0.00189
1926.04 -0.00167
1926.16 -0.00145
1926.28 -0.00133
1926.4 -0.00135
1926.52 -0.00148
1926.64 -0.00164
1926.76 -0.00171
1926.88 -0.00168
1927 -0.00168
1927.12 -0.00186
1927.24 -0.00215
1927.36 -0.00227
1927.49 -0.00196
1927.61 -0.00131
1927.73 -6.73465E-4
1927.85 -3.53239E-4
1927.97 -3.88641E-4
1928.09 -6.78748E-4
1928.21 -0.00108
1928.33 -0.00136
1928.45 -0.00124
1928.57 -7.3155E-4
1928.69 -1.71442E-4
1928.81 5.02728E-5
1928.93 -6.25513E-5
1929.05 -1.8578E-4
1929.17 -1.63671E-4
1929.29 -2.02768E-4
1929.41 -5.31871E-4
1929.53 -0.00104
1929.66 -0.00137
1929.78 -0.00138
1929.9 -0.00123
1930.02 -0.0012
1930.14 -0.00142
1930.26 -0.00179
1930.38 -0.00217
1930.5 -0.00246
1930.62 -0.00263
1930.74 -0.00261
1930.86 -0.00236
1930.98 -0.0019
1931.1 -0.00143
1931.22 -0.00122
1931.34 -0.00139
1931.46 -0.0018
1931.58 -0.00218
1931.7 -0.00234
1931.83 -0.0022
1931.95 -0.00185
1932.07 -0.00149
1932.19 -0.00131
1932.31 -0.00134
1932.43 -0.00141
1932.55 -0.00138
1932.67 -0.00136
1932.79 -0.00149
1932.91 -0.00173
1933.03 -0.00185
1933.15 -0.00179
1933.27 -0.00172
1933.39 -0.00179
1933.51 -0.00182
1933.63 -0.00157
1933.75 -0.00113
1933.87 -9.11392E-4
1934 -0.00118
1934.12 -0.0018
1934.24 -0.0023
1934.36 -0.00235
1934.48 -0.00198
1934.6 -0.00142
1934.72 -9.09615E-4
1934.84 -4.51688E-4
1934.96 5.25787E-5
1935.08 6.02596E-4
1935.2 9.85455E-4
1935.32 9.35078E-4
1935.44 4.28308E-4
1935.56 -2.23272E-4
1935.68 -6.21825E-4
1935.8 -6.47157E-4
1935.92 -5.44466E-4
1936.04 -6.51009E-4
1936.17 -0.00104
1936.29 -0.00148
1936.41 -0.00167
1936.53 -0.00157
1936.65 -0.00133
1936.77 -0.00111
1936.89 -9.43374E-4
1937.01 -8.84566E-4
1937.13 -0.00107
1937.25 -0.00147
1937.37 -0.00176
1937.49 -0.00153
1937.61 -8.40589E-4
1937.73 -2.07465E-4
1937.85 -8.67471E-5
1937.97 -3.75394E-4
1938.09 -5.91397E-4
1938.21 -4.62994E-4
1938.33 -1.96379E-4
1938.46 -1.68204E-4
1938.58 -4.93892E-4
1938.7 -9.52069E-4
1938.82 -0.00124
1938.94 -0.00126
1939.06 -0.00113
1939.18 -0.00108
1939.3 -0.0012
1939.42 -0.00136
1939.54 -0.00134
1939.66 -0.00116
1939.78 -0.00104
1939.9 -0.00117
1940.02 -0.0014
1940.14 -0.00144
1940.26 -0.00116
1940.38 -7.8791E-4
1940.5 -6.32763E-4
1940.63 -7.42149E-4
1940.75 -8.7313E-4
1940.87 -7.94142E-4
1940.99 -5.35712E-4
1941.11 -3.24856E-4
1941.23 -3.29826E-4
1941.35 -5.23545E-4
1941.47 -7.74451E-4
1941.59 -9.97275E-4
1941.71 -0.00119
1941.83 -0.00134
1941.95 -0.00143
1942.07 -0.00142
1942.19 -0.00135
1942.31 -0.00136
1942.43 -0.00156
1942.55 -0.00194
1942.67 -0.00235
1942.8 -0.00255
1942.92 -0.00249
1943.04 -0.00226
1943.16 -0.002
1943.28 -0.0017
1943.4 -0.00127
1943.52 -7.98848E-4
1943.64 -4.78532E-4
1943.76 -4.27071E-4
1943.88 -5.28261E-4
1944 -5.88614E-4
1944.12 -5.47078E-4
1944.24 -4.45385E-4
1944.36 -2.5345E-4
1944.48 1.348E-4
1944.6 6.92736E-4
1944.72 0.00116
1944.84 0.00122
1944.97 8.31384E-4
1945.09 2.56214E-4
1945.21 -1.37549E-4
1945.33 -2.33021E-4
1945.45 -2.49911E-4
1945.57 -4.59995E-4
1945.69 -8.36436E-4
1945.81 -0.00107
1945.93 -9.76205E-4
1946.05 -8.1357E-4
1946.17 -9.84721E-4
1946.29 -0.00149
1946.41 -0.00187
1946.53 -0.00174
1946.65 -0.00131
1946.77 -0.00108
1946.89 -0.00129
1947.01 -0.00164
1947.14 -0.00185
1947.26 -0.00194
1947.38 -0.00211
1947.5 -0.00234
1947.62 -0.00235
1947.74 -0.00196
1947.86 -0.00131
1947.98 -7.05503E-4
1948.1 -3.97559E-4
1948.22 -4.70016E-4
1948.34 -8.4386E-4
1948.46 -0.00128
1948.58 -0.00146
1948.7 -0.00124
1948.82 -7.6934E-4
1948.94 -3.82505E-4
1949.06 -3.10034E-4
1949.18 -5.73095E-4
1949.31 -0.00104
1949.43 -0.00151
1949.55 -0.00173
1949.67 -0.00155
1949.79 -0.00107
1949.91 -5.63938E-4
1950.03 -2.36906E-4
1950.15 -8.35918E-5
1950.27 -2.95527E-5
1950.39 -4.64879E-5
1950.51 -7.25985E-5
1950.63 3.08529E-5
1950.75 2.85923E-4
1950.87 4.73242E-4
1950.99 3.78896E-4
1951.11 1.16788E-4
1951.23 -2.90796E-5
1951.35 -6.87428E-5
1951.47 -3.48151E-4
1951.6 -9.98519E-4
1951.72 -0.0016
1951.84 -0.00165
1951.96 -0.00117
1952.08 -7.00332E-4
1952.2 -6.41435E-4
1952.32 -8.52451E-4
1952.44 -9.93833E-4
1952.56 -9.93349E-4
1952.68 -0.00105
1952.8 -0.00131
1952.92 -0.00164
1953.04 -0.00184
1953.16 -0.00181
1953.28 -0.00168
1953.4 -0.00167
1953.52 -0.00182
1953.64 -0.00202
1953.77 -0.00211
1953.89 -0.00204
1954.01 -0.00188
1954.13 -0.00169
1954.25 -0.00145
1954.37 -0.00122
1954.49 -0.0011
1954.61 -0.0011
1954.73 -0.0011
1954.85 -0.00101
1954.97 -8.62516E-4
1955.09 -7.11814E-4
1955.21 -5.82356E-4
1955.33 -5.71609E-4
1955.45 -8.87949E-4
1955.57 -0.00161
1955.69 -0.00244
1955.81 -0.00294
1955.94 -0.0029
1956.06 -0.00247
1956.18 -0.002
1956.3 -0.00173
1956.42 -0.00175
1956.54 -0.00195
1956.66 -0.00204
1956.78 -0.00178
1956.9 -0.00127
1957.02 -9.24867E-4
1957.14 -9.85019E-4
1957.26 -0.00128
1957.38 -0.00146
1957.5 -0.00137
1957.62 -0.00111
1957.74 -8.69419E-4
1957.86 -8.11238E-4
1957.98 -0.00104
1958.11 -0.00143
1958.23 -0.00166
1958.35 -0.00155
1958.47 -0.00133
1958.59 -0.00137
1958.71 -0.00166
1958.83 -0.0018
1958.95 -0.00158
1959.07 -0.00121
1959.19 -9.87817E-4
1959.31 -8.64737E-4
1959.43 -6.45321E-4
1959.55 -3.46541E-4
1959.67 -1.58083E-4
1959.79 -1.21985E-4
1959.91 -1.03328E-4
1960.03 -6.29053E-5
1960.15 -1.37877E-4
1960.28 -4.10978E-4
1960.4 -7.73612E-4
1960.52 -0.00108
1960.64 -0.00127
1960.76 -0.00135
1960.88 -0.00127
1961 -0.00109
1961.12 -9.48165E-4
1961.24 -9.60227E-4
1961.36 -0.00106
1961.48 -0.00115
1961.6 -0.00129
1961.72 -0.00153
1961.84 -0.00167
1961.96 -0.00143
1962.08 -8.0654E-4
1962.2 -2.1708E-4
1962.32 -1.51843E-5
1962.45 -1.17842E-4
1962.57 -1.66308E-4
1962.69 -2.80403E-5
1962.81 3.22685E-5
1962.93 -2.98575E-4
1963.05 -9.79446E-4
1963.17 -0.00166
1963.29 -0.00202
1963.41 -0.00197
1963.53 -0.00157
1963.65 -0.001
1963.77 -5.30243E-4
1963.89 -4.40162E-4
1964.01 -7.30902E-4
1964.13 -0.00102
1964.25 -9.33141E-4
1964.37 -6.41633E-4
1964.49 -7.18731E-4
1964.61 -0.00144
1964.74 -0.00237
1964.86 -0.00278
1964.98 -0.00238
1965.1 -0.00157
1965.22 -9.06657E-4
1965.34 -6.96223E-4
1965.46 -9.53618E-4
1965.58 -0.00152
1965.7 -0.00209
1965.82 -0.0023
1965.94 -0.00198
1966.06 -0.00131
1966.18 -6.09566E-4
1966.3 -3.79533E-5
1966.42 3.55951E-4
1966.54 5.08502E-4
1966.66 3.59956E-4
1966.78 -2.2389E-5
1966.91 -4.66347E-4
1967.03 -8.54619E-4
1967.15 -0.00115
1967.27 -0.00132
1967.39 -0.00132
1967.51 -0.00124
1967.63 -0.00121
1967.75 -0.00122
1967.87 -0.00113
1967.99 -9.31092E-4
1968.11 -8.51538E-4
1968.23 -0.00109
1968.35 -0.00154
1968.47 -0.00186
1968.59 -0.00185
1968.71 -0.00158
1968.83 -0.00125
1968.95 -0.00103
1969.08 -0.00101
1969.2 -0.00118
1969.32 -0.00144
1969.44 -0.00171
1969.56 -0.0019
1969.68 -0.00195
1969.8 -0.00177
1969.92 -0.0013
1970.04 -6.78521E-4
1970.16 -2.20627E-4
1970.28 -2.14964E-4
1970.4 -6.90002E-4
1970.52 -0.00136
1970.64 -0.00179
1970.76 -0.00168
1970.88 -0.00111
1971 -5.44071E-4
1971.12 -4.54169E-4
1971.25 -8.98637E-4
1971.37 -0.00146
1971.49 -0.00169
1971.61 -0.00157
1971.73 -0.00144
1971.85 -0.00153
1971.97 -0.0017
1972.09 -0.00167
1972.21 -0.00137
1972.33 -0.00104
1972.45 -9.25511E-4
1972.57 -0.00105
1972.69 -0.00125
1972.81 -0.00136
1972.93 -0.00132
1973.05 -0.00115
1973.17 -9.05655E-4
1973.29 -7.03186E-4
1973.42 -6.33836E-4
1973.54 -7.15349E-4
1973.66 -8.5659E-4
1973.78 -9.4609E-4
1973.9 -9.96202E-4
1974.02 -0.00115
1974.14 -0.00146
1974.26 -0.00176
1974.38 -0.00174
1974.5 -0.00135
1974.62 -8.72567E-4
1974.74 -7.05712E-4
1974.86 -9.21607E-4
1974.98 -0.00125
1975.1 -0.00138
1975.22 -0.00127
1975.34 -0.0011
1975.46 -0.00101
1975.59 -9.36426E-4
1975.71 -7.15673E-4
1975.83 -2.63173E-4
1975.95 2.52329E-4
1976.07 4.57454E-4
1976.19 9.7651E-5
1976.31 -6.46863E-4
1976.43 -0.00123
1976.55 -0.00126
1976.67 -8.86071E-4
1976.79 -6.22883E-4
1976.91 -7.66672E-4
1977.03 -0.00112
1977.15 -0.00129
1977.27 -0.0012
1977.39 -0.00102
1977.51 -9.33856E-4
1977.63 -9.19301E-4
1977.76 -9.32477E-4
1977.88 -0.00104
1978 -0.00133
1978.12 -0.00171
1978.24 -0.00197
1978.36 -0.00198
1978.48 -0.00189
1978.6 -0.00188
1978.72 -0.00202
1978.84 -0.00215
1978.96 -0.00209
1979.08 -0.00185
1979.2 -0.0016
1979.32 -0.00148
1979.44 -0.00139
1979.56 -0.00108
1979.68 -5.44634E-4
1979.8 -1.17861E-4
1979.92 -2.18842E-4
1980.05 -8.35847E-4
1980.17 -0.00145
1980.29 -0.00155
1980.41 -0.00118
1980.53 -9.01651E-4
1980.65 -0.00117
1980.77 -0.00182
1980.89 -0.00229
1981.01 -0.00229
1981.13 -0.00202
1981.25 -0.0019
1981.37 -0.00203
1981.49 -0.00208
1981.61 -0.00179
1981.73 -0.00128
1981.85 -8.83952E-4
1981.97 -7.58242E-4
1982.09 -7.76112E-4
1982.22 -7.33394E-4
1982.34 -5.96169E-4
1982.46 -4.89827E-4
1982.58 -5.29565E-4
1982.7 -7.3123E-4
1982.82 -0.00105
1982.94 -0.00139
1983.06 -0.00166
1983.18 -0.00174
1983.3 -0.00161
1983.42 -0.00136
1983.54 -0.0011
1983.66 -8.70369E-4
1983.78 -6.84079E-4
1983.9 -6.04093E-4
1984.02 -6.98291E-4
1984.14 -8.85017E-4
1984.26 -9.27128E-4
1984.39 -6.82764E-4
1984.51 -3.42768E-4
1984.63 -3.08052E-4
1984.75 -7.77967E-4
1984.87 -0.00151
1984.99 -0.00208
1985.11 -0.00226
1985.23 -0.00224
1985.35 -0.00229
1985.47 -0.00246
1985.59 -0.00256
1985.71 -0.00242
1985.83 -0.0021
1985.95 -0.0018
1986.07 -0.00167
1986.19 -0.00162
1986.31 -0.00142
1986.43 -9.92965E-4
1986.56 -4.44923E-4
1986.68 1.05947E-5
1986.8 2.55872E-4
1986.92 2.78696E-4
1987.04 5.85765E-5
1987.16 -4.09044E-4
1987.28 -9.40237E-4
1987.4 -0.00118
1987.52 -9.12774E-4
1987.64 -4.20701E-4
1987.76 -2.46417E-4
1987.88 -6.47541E-4
1988 -0.0013
1988.12 -0.00164
1988.24 -0.00144
1988.36 -0.00101
1988.48 -8.1737E-4
1988.6 -0.00107
1988.73 -0.00158
1988.85 -0.00195
1988.97 -0.00187
1989.09 -0.00134
1989.21 -7.07667E-4
1989.33 -4.20995E-4
1989.45 -6.42713E-4
1989.57 -0.0011
1989.69 -0.00134
1989.81 -0.00121
1989.93 -9.32138E-4
1990.05 -7.78347E-4
1990.17 -7.5376E-4
1990.29 -6.26959E-4
1990.41 -2.71551E-4
1990.53 1.48199E-4
1990.65 3.5388E-4
1990.77 2.47151E-4
1990.9 -4.83431E-5
1991.02 -3.77227E-4
1991.14 -7.06166E-4
1991.26 -0.00106
1991.38 -0.00138
1991.5 -0.00158
1991.62 -0.00163
1991.74 -0.00161
1991.86 -0.00162
1991.98 -0.0016
1992.1 -0.0014
1992.22 -9.19856E-4
1992.34 -3.2977E-4
1992.46 -1.885E-6
1992.58 -1.83921E-4
1992.7 -7.25139E-4
1992.82 -0.00117
1992.94 -0.0012
1993.06 -9.00593E-4
1993.19 -6.61556E-4
1993.31 -7.11236E-4
1993.43 -9.0633E-4
1993.55 -9.48973E-4
1993.67 -7.42007E-4
1993.79 -4.7496E-4
1993.91 -4.03058E-4
1994.03 -6.09361E-4
1994.15 -9.68441E-4
1994.27 -0.00128
1994.39 -0.00143
1994.51 -0.00144
1994.63 -0.00143
1994.75 -0.00143
1994.87 -0.00141
1994.99 -0.00137
1995.11 -0.00148
1995.23 -0.00183
1995.36 -0.00225
1995.48 -0.00234
1995.6 -0.00197
1995.72 -0.00149
1995.84 -0.00135
1995.96 -0.00151
1996.08 -0.00152
1996.2 -0.00113
1996.32 -6.64294E-4
1996.44 -5.7292E-4
1996.56 -8.41606E-4
1996.68 -0.00104
1996.8 -9.14406E-4
1996.92 -6.44434E-4
1997.04 -5.42495E-4
1997.16 -6.2608E-4
1997.28 -6.82253E-4
1997.4 -6.30986E-4
1997.53 -6.5285E-4
1997.65 -9.43366E-4
1997.77 -0.00145
1997.89 -0.00188
1998.01 -0.00198
1998.13 -0.00171
1998.25 -0.00123
1998.37 -7.5702E-4
1998.49 -3.99996E-4
1998.61 -2.12893E-4
1998.73 -2.81956E-4
1998.85 -6.55465E-4
1998.97 -0.00116
1999.09 -0.00144
1999.21 -0.00128
1999.33 -9.22065E-4
1999.45 -8.27782E-4
1999.57 -0.00121
1999.7 -0.00181
1999.82 -0.00222
1999.94 -0.00222
2000.06 -0.0019
2000.18 -0.00148
2000.3 -0.00113
2000.42 -9.21983E-4
2000.54 -8.29238E-4
2000.66 -7.60637E-4
2000.78 -6.73413E-4
2000.9 -6.2469E-4
2001.02 -6.74438E-4
2001.14 -7.70878E-4
2001.26 -7.95245E-4
2001.38 -7.0554E-4
2001.5 -5.79666E-4
2001.62 -5.24957E-4
2001.74 -5.94649E-4
2001.87 -7.72059E-4
2001.99 -9.65364E-4
2002.11 -0.00103
2002.23 -8.79001E-4
2002.35 -6.31135E-4
2002.47 -5.35481E-4
2002.59 -7.44626E-4
2002.71 -0.00117
2002.83 -0.00159
2002.95 -0.00184
2003.07 -0.0019
2003.19 -0.00179
2003.31 -0.00164
2003.43 -0.00159
2003.55 -0.00171
2003.67 -0.00195
2003.79 -0.00212
2003.91 -0.0021
2004.04 -0.00192
2004.16 -0.00166
2004.28 -0.00139
2004.4 -0.00119
2004.52 -0.00106
2004.64 -8.70954E-4
2004.76 -4.92521E-4
2004.88 -1.86414E-5
2005 1.68849E-4
2005.12 -2.36914E-4
2005.24 -0.00105
2005.36 -0.0017
2005.48 -0.00178
2005.6 -0.00144
2005.72 -0.0011
2005.84 -9.86326E-4
2005.96 -9.84605E-4
2006.08 -9.51953E-4
2006.2 -9.01621E-4
2006.33 -8.97344E-4
2006.45 -9.04158E-4
2006.57 -8.55591E-4
2006.69 -7.82222E-4
2006.81 -7.55101E-4
2006.93 -7.37615E-4
2007.05 -6.20771E-4
2007.17 -4.34879E-4
2007.29 -4.34674E-4
2007.41 -8.83184E-4
2007.53 -0.00173
2007.65 -0.00252
2007.77 -0.0027
2007.89 -0.00208
2008.01 -0.00107
2008.13 -3.61662E-4
2008.25 -3.19611E-4
2008.37 -6.5662E-4
2008.5 -8.15976E-4
2008.62 -6.06041E-4
2008.74 -3.53791E-4
2008.86 -4.34816E-4
2008.98 -8.23222E-4
2009.1 -0.00119
2009.22 -0.00132
2009.34 -0.00124
2009.46 -0.00108
2009.58 -9.35845E-4
2009.7 -9.56472E-4
2009.82 -0.00125
2009.94 -0.0017
2010.06 -0.00195
2010.18 -0.00176
2010.3 -0.00132
2010.42 -0.00103
2010.54 -0.00105
2010.67 -0.0011
2010.79 -8.62978E-4
2010.91 -4.23677E-4
2011.03 -1.93615E-4
2011.15 -4.35896E-4
2011.27 -9.75549E-4
2011.39 -0.00139
2011.51 -0.00141
2011.63 -0.00113
2011.75 -8.53233E-4
2011.87 -8.37795E-4
2011.99 -0.00115
2012.11 -0.00166
2012.23 -0.00216
2012.35 -0.00241
2012.47 -0.00227
2012.59 -0.00175
2012.71 -0.00108
2012.84 -5.90052E-4
2012.96 -4.91086E-4
2013.08 -6.57458E-4
2013.2 -7.75982E-4
2013.32 -6.82276E-4
2013.44 -5.17461E-4
2013.56 -5.04542E-4
2013.68 -6.52108E-4
2013.8 -7.89147E-4
2013.92 -8.49843E-4
2014.04 -9.54743E-4
2014.16 -0.00115
2014.28 -0.00125
2014.4 -0.00105
2014.52 -7.28998E-4
2014.64 -7.11367E-4
2014.76 -0.00119
2014.88 -0.00185
2015.01 -0.00224
2015.13 -0.00223
2015.25 -0.00209
2015.37 -0.00199
2015.49 -0.00183
2015.61 -0.00141
2015.73 -8.28136E-4
2015.85 -4.19695E-4
2015.97 -3.86033E-4
2016.09 -6.50719E-4
2016.21 -0.001
2016.33 -0.00127
2016.45 -0.00131
2016.57 -0.00103
2016.69 -5.11672E-4
2016.81 -1.527E-5
2016.93 2.22653E-4
2017.05 1.93592E-4
2017.18 -1.02818E-6
2017.3 -3.71028E-4
2017.42 -9.51678E-4
2017.54 -0.00152
2017.66 -0.00165
2017.78 -0.00121
2017.9 -6.23953E-4
2018.02 -4.32093E-4
2018.14 -7.02802E-4
2018.26 -0.00101
2018.38 -9.90465E-4
2018.5 -7.15472E-4
2018.62 -5.07411E-4
2018.74 -5.10395E-4
2018.86 -5.91233E-4
2018.98 -5.89978E-4
2019.1 -5.4286E-4
2019.22 -6.24299E-4
2019.34 -9.11884E-4
2019.47 -0.00125
2019.59 -0.00137
2019.71 -0.00117
2019.83 -8.01653E-4
2019.95 -5.43274E-4
2020.07 -5.0978E-4
2020.19 -6.15433E-4
2020.31 -7.30015E-4
2020.43 -8.07539E-4
2020.55 -8.66733E-4
2020.67 -9.24561E-4
2020.79 -9.60167E-4
2020.91 -8.92051E-4
2021.03 -6.15627E-4
2021.15 -1.62631E-4
2021.27 1.90023E-4
2021.39 1.15409E-4
2021.51 -3.86141E-4
2021.64 -9.3114E-4
2021.76 -0.00116
2021.88 -0.00107
2022 -9.40502E-4
2022.12 -9.05734E-4
2022.24 -9.25351E-4
2022.36 -9.32146E-4
2022.48 -8.88359E-4
2022.6 -7.00776E-4
2022.72 -3.07467E-4
2022.84 1.01428E-4
2022.96 1.4662E-4
2023.08 -3.20185E-4
2023.2 -9.84836E-4
2023.32 -0.00138
2023.44 -0.00137
2023.56 -0.00116
2023.68 -0.00103
2023.81 -0.00109
2023.93 -0.00128
2024.05 -0.00147
2024.17 -0.00154
2024.29 -0.00146
2024.41 -0.00135
2024.53 -0.00138
2024.65 -0.0015
2024.77 -0.00147
2024.89 -0.00115
2025.01 -7.17852E-4
2025.13 -4.92118E-4
2025.25 -5.34937E-4
2025.37 -6.30088E-4
2025.49 -5.86506E-4
2025.61 -4.61001E-4
2025.73 -4.44829E-4
2025.85 -6.42814E-4
2025.98 -0.00103
2026.1 -0.00153
2026.22 -0.00199
2026.34 -0.00219
2026.46 -0.00199
2026.58 -0.00151
2026.7 -0.0011
2026.82 -9.70453E-4
2026.94 -0.001
2027.06 -0.00105
2027.18 -0.00117
2027.3 -0.00152
2027.42 -0.00197
2027.54 -0.00216
2027.66 -0.00189
2027.78 -0.0014
2027.9 -9.6615E-4
2028.02 -6.43883E-4
2028.15 -3.35209E-4
2028.27 -1.30497E-4
2028.39 -2.3514E-4
2028.51 -6.06839E-4
2028.63 -9.19454E-4
2028.75 -9.73649E-4
2028.87 -9.50892E-4
2028.99 -0.00113
2029.11 -0.00147
2029.23 -0.00171
2029.35 -0.00174
2029.47 -0.0017
2029.59 -0.00176
2029.71 -0.00191
2029.83 -0.00201
2029.95 -0.00195
2030.07 -0.00169
2030.19 -0.00121
2030.32 -6.60967E-4
2030.44 -3.21075E-4
2030.56 -3.09989E-4
2030.68 -4.38135E-4
2030.8 -4.27932E-4
2030.92 -2.88021E-4
2031.04 -3.07687E-4
2031.16 -6.4132E-4
2031.28 -0.00106
2031.4 -0.00122
2031.52 -0.00113
2031.64 -0.00115
2031.76 -0.00149
2031.88 -0.00196
2032 -0.00217
2032.12 -0.00195
2032.24 -0.00152
2032.36 -0.0012
2032.48 -0.00108
2032.61 -0.0011
2032.73 -0.0012
2032.85 -0.00142
2032.97 -0.00169
2033.09 -0.00186
2033.21 -0.00184
2033.33 -0.00173
2033.45 -0.00168
2033.57 -0.00166
2033.69 -0.00156
2033.81 -0.00143
2033.93 -0.00142
2034.05 -0.00149
2034.17 -0.0014
2034.29 -0.00108
2034.41 -8.67452E-4
2034.53 -0.00111
2034.65 -0.00166
2034.78 -0.00195
2034.9 -0.00167
2035.02 -0.00109
2035.14 -7.02772E-4
2035.26 -6.5228E-4
2035.38 -7.37373E-4
2035.5 -7.69317E-4
2035.62 -7.43914E-4
2035.74 -6.9974E-4
2035.86 -6.17962E-4
2035.98 -4.97837E-4
2036.1 -3.84495E-4
2036.22 -2.76882E-4
2036.34 -1.31384E-4
2036.46 -1.02557E-5
2036.58 -9.60715E-5
2036.7 -4.55029E-4
2036.82 -8.66499E-4
2036.95 -0.00102
2037.07 -8.49176E-4
2037.19 -6.13086E-4
2037.31 -5.71806E-4
2037.43 -7.44171E-4
2037.55 -9.66072E-4
2037.67 -0.00112
2037.79 -0.00121
2037.91 -0.00125
2038.03 -0.0012
2038.15 -9.74488E-4
2038.27 -6.66238E-4
2038.39 -5.04225E-4
2038.51 -6.40132E-4
2038.63 -9.55772E-4
2038.75 -0.00116
2038.87 -0.00109
2038.99 -8.35251E-4
2039.12 -5.76518E-4
2039.24 -4.02708E-4
2039.36 -3.29893E-4
2039.48 -4.26229E-4
2039.6 -7.4755E-4
2039.72 -0.00114
2039.84 -0.00126
2039.96 -9.01967E-4
2040.08 -2.95136E-4
2040.2 9.07592E-5
2040.32 -1.3046E-5
2040.44 -4.31295E-4
2040.56 -7.94407E-4
2040.68 -9.33032E-4
2040.8 -9.86069E-4
2040.92 -0.00115
2041.04 -0.0014
2041.16 -0.00153
2041.29 -0.00136
2041.41 -9.83037E-4
2041.53 -6.9043E-4
2041.65 -7.01446E-4
2041.77 -9.88986E-4
2041.89 -0.00132
2042.01 -0.00146
2042.13 -0.00134
2042.25 -0.00104
2042.37 -7.06472E-4
2042.49 -4.76129E-4
2042.61 -5.2439E-4
2042.73 -9.40446E-4
2042.85 -0.00152
2042.97 -0.00175
2043.09 -0.00129
2043.21 -3.83273E-4
2043.33 2.0428E-4
2043.46 -8.5514E-5
2043.58 -0.00103
2043.7 -0.0019
2043.82 -0.00223
2043.94 -0.00215
2044.06 -0.00201
2044.18 -0.00189
2044.3 -0.00166
2044.42 -0.00132
2044.54 -0.00112
2044.66 -0.00128
2044.78 -0.00168
2044.9 -0.00201
2045.02 -0.00203
2045.14 -0.00168
2045.26 -0.00107
2045.38 -4.44118E-4
2045.5 -5.74626E-5
2045.63 -8.09282E-5
2045.75 -4.47318E-4
2045.87 -9.26167E-4
2045.99 -0.00134
2046.11 -0.00165
2046.23 -0.00188
2046.35 -0.00194
2046.47 -0.00174
2046.59 -0.00131
2046.71 -8.78666E-4
2046.83 -6.80976E-4
2046.95 -7.85176E-4
2047.07 -0.00107
2047.19 -0.00135
2047.31 -0.00145
2047.43 -0.00131
2047.55 -9.32004E-4
2047.67 -4.4756E-4
2047.8 -7.79368E-5
2047.92 -5.52461E-6
2048.04 -2.24091E-4
2048.16 -5.34557E-4
2048.28 -7.36691E-4
2048.4 -8.26258E-4
2048.52 -9.59929E-4
2048.64 -0.00121
2048.76 -0.00143
2048.88 -0.00135
2049 -9.5772E-4
2049.12 -4.99148E-4
2049.24 -3.39132E-4
2049.36 -6.46476E-4
2049.48 -0.0013
2049.6 -0.002
2049.72 -0.00255
2049.84 -0.00289
2049.96 -0.0031
2050.09 -0.00319
2050.21 -0.00309
2050.33 -0.00279
2050.45 -0.00245
2050.57 -0.00225
2050.69 -0.00214
2050.81 -0.00185
2050.93 -0.00125
2051.05 -6.78957E-4
2051.17 -6.14695E-4
2051.29 -0.00113
2051.41 -0.00177
2051.53 -0.00198
2051.65 -0.00171
2051.77 -0.0013
2051.89 -0.00107
2052.01 -0.00104
2052.13 -0.00105
2052.26 -0.00104
2052.38 -0.00109
2052.5 -0.00123
2052.62 -0.00138
2052.74 -0.00147
2052.86 -0.00145
2052.98 -0.00137
2053.1 -0.00128
2053.22 -0.00122
2053.34 -0.00124
2053.46 -0.0013
2053.58 -0.0013
2053.7 -0.00114
2053.82 -8.1465E-4
2053.94 -5.23008E-4
2054.06 -4.73153E-4
2054.18 -7.13751E-4
2054.3 -0.00109
2054.43 -0.00136
2054.55 -0.00138
2054.67 -0.00118
2054.79 -9.18064E-4
2054.91 -7.62932E-4
2055.03 -7.96601E-4
2055.15 -9.6209E-4
2055.27 -0.00113
2055.39 -0.00118
2055.51 -0.00108
2055.63 -8.75816E-4
2055.75 -7.17085E-4
2055.87 -7.76727E-4
2055.99 -0.00107
2056.11 -0.0014
2056.23 -0.00155
2056.35 -0.00155
2056.47 -0.00158
2056.6 -0.00174
2056.72 -0.00191
2056.84 -0.0019
2056.96 -0.0017
2057.08 -0.00137
2057.2 -0.00103
2057.32 -7.70118E-4
2057.44 -7.13054E-4
2057.56 -8.26824E-4
2057.68 -9.12111E-4
2057.8 -8.3765E-4
2057.92 -7.61349E-4
2058.04 -9.42886E-4
2058.16 -0.00135
2058.28 -0.00162
2058.4 -0.0015
2058.52 -0.00111
2058.64 -7.77222E-4
2058.77 -6.68108E-4
2058.89 -7.45587E-4
2059.01 -9.50757E-4
2059.13 -0.00127
2059.25 -0.00162
2059.37 -0.00187
2059.49 -0.0019
2059.61 -0.00172
2059.73 -0.00143
2059.85 -0.00122
2059.97 -0.00126
2060.09 -0.00156
2060.21 -0.0019
2060.33 -0.002
2060.45 -0.00177
2060.57 -0.00147
2060.69 -0.00142
2060.81 -0.00174
2060.94 -0.00227
2061.06 -0.00268
2061.18 -0.00266
2061.3 -0.00219
2061.42 -0.00155
2061.54 -0.0011
2061.66 -9.58085E-4
2061.78 -0.00106
2061.9 -0.00129
2062.02 -0.0016
2062.14 -0.00186
2062.26 -0.00187
2062.38 -0.00154
2062.5 -0.00105
2062.62 -6.98663E-4
2062.74 -6.7617E-4
2062.86 -9.43776E-4
2062.98 -0.00134
2063.1 -0.00164
2063.23 -0.00161
2063.35 -0.00121
2063.47 -6.85878E-4
2063.59 -4.34484E-4
2063.71 -5.58723E-4
2063.83 -7.85131E-4
2063.95 -8.09669E-4
2064.07 -6.58181E-4
2064.19 -6.16871E-4
2064.31 -8.77362E-4
2064.43 -0.00135
2064.55 -0.00179
2064.67 -0.00199
2064.79 -0.00191
2064.91 -0.00167
2065.03 -0.0015
2065.15 -0.00147
2065.27 -0.00143
2065.4 -0.00112
2065.52 -5.74604E-4
2065.64 -1.22648E-4
2065.76 -7.77021E-5
2065.88 -3.63667E-4
2066 -6.23297E-4
2066.12 -6.31716E-4
2066.24 -4.74483E-4
2066.36 -3.29554E-4
2066.48 -2.47434E-4
2066.6 -2.3051E-4
2066.72 -3.8654E-4
2066.84 -8.18558E-4
2066.96 -0.00138
2067.08 -0.00171
2067.2 -0.00164
2067.32 -0.00137
2067.44 -0.00124
2067.57 -0.00128
2067.69 -0.00122
2067.81 -9.06404E-4
2067.93 -5.85634E-4
2068.05 -6.58661E-4
2068.17 -0.00121
2068.29 -0.00187
2068.41 -0.00213
2068.53 -0.00182
2068.65 -0.00116
2068.77 -5.05526E-4
2068.89 -3.18028E-5
2069.01 2.40896E-4
2069.13 3.15275E-4
2069.25 1.49377E-4
2069.37 -2.89984E-4
2069.49 -9.42707E-4
2069.61 -0.00164
2069.74 -0.00212
2069.86 -0.00216
2069.98 -0.00171
2070.1 -9.69142E-4
2070.22 -3.27472E-4
2070.34 -9.159E-5
2070.46 -3.22979E-4
2070.58 -8.63362E-4
2070.7 -0.00146
2070.82 -0.00188
2070.94 -0.00199
2071.06 -0.00183
2071.18 -0.00163
2071.3 -0.00157
2071.42 -0.00155
2071.54 -0.00136
2071.66 -9.1897E-4
2071.78 -4.81617E-4
2071.91 -3.63294E-4
2072.03 -6.1243E-4
2072.15 -9.91665E-4
2072.27 -0.00125
2072.39 -0.00132
2072.51 -0.00127
2072.63 -0.00121
2072.75 -0.00126
2072.87 -0.00157
2072.99 -0.00213
2073.11 -0.00266
2073.23 -0.0028
2073.35 -0.00253
2073.47 -0.00214
2073.59 -0.00195
2073.71 -0.00195
2073.83 -0.00192
2073.95 -0.0018
2074.07 -0.00177
2074.2 -0.00201
2074.32 -0.00233
2074.44 -0.00239
2074.56 -0.002
2074.68 -0.00138
2074.8 -9.31773E-4
2074.92 -9.89147E-4
2075.04 -0.00153
2075.16 -0.00213
2075.28 -0.00226
2075.4 -0.00171
2075.52 -8.62513E-4
2075.64 -3.63592E-4
2075.76 -4.85778E-4
2075.88 -8.4573E-4
2076 -8.90829E-4
2076.12 -5.59546E-4
2076.24 -3.14381E-4
2076.37 -5.38576E-4
2076.49 -0.00108
2076.61 -0.00145
2076.73 -0.00139
2076.85 -0.00108
2076.97 -8.91581E-4
2077.09 -9.93237E-4
2077.21 -0.00128
2077.33 -0.00151
2077.45 -0.00152
2077.57 -0.0014
2077.69 -0.00135
2077.81 -0.00158
2077.93 -0.00205
2078.05 -0.00246
2078.17 -0.00245
2078.29 -0.0019
2078.41 -0.00102
2078.54 -2.35684E-4
2078.66 8.59946E-5
2078.78 -1.54804E-4
2078.9 -7.356E-4
2079.02 -0.00128
2079.14 -0.00146
2079.26 -0.00123
2079.38 -8.08891E-4
2079.5 -5.61785E-4
2079.62 -6.96909E-4
2079.74 -0.00105
2079.86 -0.00124
2079.98 -0.00107
2080.1 -7.80161E-4
2080.22 -6.85636E-4
2080.34 -7.85433E-4
2080.46 -7.76928E-4
2080.58 -5.27274E-4
2080.71 -3.18609E-4
2080.83 -5.01078E-4
2080.95 -0.00103
2081.07 -0.00155
2081.19 -0.00185
2081.31 -0.00206
2081.43 -0.00233
2081.55 -0.0025
2081.67 -0.00227
2081.79 -0.00161
2081.91 -8.83091E-4
2082.03 -4.86687E-4
2082.15 -4.95344E-4
2082.27 -6.34309E-4
2082.39 -5.92191E-4
2082.51 -3.49216E-4
2082.63 -2.06213E-4
2082.75 -4.63627E-4
2082.88 -0.00106
2083 -0.00155
2083.12 -0.00158
2083.24 -0.00124
2083.36 -0.00102
2083.48 -0.00125
2083.6 -0.00182
2083.72 -0.00231
2083.84 -0.0024
2083.96 -0.00211
2084.08 -0.00163
2084.2 -0.00115
2084.32 -8.10761E-4
2084.44 -7.36445E-4
2084.56 -9.6716E-4
2084.68 -0.00137
2084.8 -0.0017
2084.92 -0.00187
2085.05 -0.00201
2085.17 -0.0023
2085.29 -0.00263
2085.41 -0.00268
2085.53 -0.00222
2085.65 -0.00148
2085.77 -8.9078E-4
2085.89 -6.3955E-4
2086.01 -5.28663E-4
2086.13 -3.41054E-4
2086.25 -1.85017E-4
2086.37 -3.26011E-4
2086.49 -7.5677E-4
2086.61 -0.00113
2086.73 -0.00117
2086.85 -0.00101
2086.97 -0.00101
2087.09 -0.00133
2087.22 -0.00171
2087.34 -0.00179
2087.46 -0.00152
2087.58 -0.00117
2087.7 -0.00106
2087.82 -0.00125
2087.94 -0.00152
2088.06 -0.00164
2088.18 -0.0016
2088.3 -0.00152
2088.42 -0.00145
2088.54 -0.00133
2088.66 -0.00111
2088.78 -9.43169E-4
2088.9 -0.00102
2089.02 -0.00134
2089.14 -0.00165
2089.26 -0.00166
2089.39 -0.00134
2089.51 -9.64366E-4
2089.63 -8.55885E-4
2089.75 -0.00106
2089.87 -0.00133
2089.99 -0.00145
2090.11 -0.00148
2090.23 -0.00157
2090.35 -0.00169
2090.47 -0.00159
2090.59 -0.00114
2090.71 -6.31537E-4
2090.83 -5.13501E-4
2090.95 -9.25012E-4
2091.07 -0.00152
2091.19 -0.00182
2091.31 -0.00162
2091.43 -0.00113
2091.55 -7.31919E-4
2091.68 -7.29337E-4
2091.8 -0.00113
2091.92 -0.00168
2092.04 -0.00207
2092.16 -0.0022
2092.28 -0.00215
2092.4 -0.00199
2092.52 -0.00169
2092.64 -0.00122
2092.76 -7.90633E-4
2092.88 -7.40815E-4
2093 -0.00114
2093.12 -0.00162
2093.24 -0.00171
2093.36 -0.00133
2093.48 -8.80241E-4
2093.6 -7.84684E-4
2093.72 -0.00102
2093.85 -0.0012
2093.97 -0.00106
2094.09 -7.8243E-4
2094.21 -7.07317E-4
2094.33 -9.63841E-4
2094.45 -0.00131
2094.57 -0.00139
2094.69 -0.00114
2094.81 -7.18508E-4
2094.93 -3.95432E-4
2095.05 -2.95147E-4
2095.17 -4.15072E-4
2095.29 -7.04233E-4
2095.41 -0.00109
2095.53 -0.00146
2095.65 -0.00167
2095.77 -0.0016
2095.89 -0.00132
2096.02 -0.001
2096.14 -8.77574E-4
2096.26 -0.00108
2096.38 -0.0015
2096.5 -0.00182
2096.62 -0.00175
2096.74 -0.00127
2096.86 -7.18057E-4
2096.98 -5.18039E-4
2097.1 -7.61509E-4
2097.22 -0.00115
2097.34 -0.00132
2097.46 -0.00124
2097.58 -0.00112
2097.7 -0.00114
2097.82 -0.00129
2097.94 -0.00146
2098.06 -0.00159
2098.19 -0.0016
2098.31 -0.00143
2098.43 -0.00114
2098.55 -9.40483E-4
2098.67 -9.82769E-4
2098.79 -0.00117
2098.91 -0.00122
2099.03 -0.00101
2099.15 -7.10674E-4
2099.27 -6.09308E-4
2099.39 -8.13596E-4
2099.51 -0.00119
2099.63 -0.00155
2099.75 -0.00181
2099.87 -0.00197
2099.99 -0.0021
2100.11 -0.00216
2100.23 -0.00213
2100.35 -0.002
2100.48 -0.00188
2100.6 -0.00182
2100.72 -0.00181
2100.84 -0.00175
2100.96 -0.00158
2101.08 -0.00136
2101.2 -0.00122
2101.32 -0.00116
2101.44 -0.00107
2101.56 -8.57864E-4
2101.68 -6.18082E-4
2101.8 -5.40413E-4
2101.92 -6.59015E-4
2102.04 -7.56241E-4
2102.16 -5.83302E-4
2102.28 -1.74087E-4
2102.4 1.44873E-4
2102.52 1.03857E-4
2102.65 -1.94144E-4
2102.77 -3.93793E-4
2102.89 -3.09139E-4
2103.01 -1.25803E-4
2103.13 -1.66669E-4
2103.25 -5.33525E-4
2103.37 -0.00104
2103.49 -0.00142
2103.61 -0.00154
2103.73 -0.00143
2103.85 -0.00125
2103.97 -0.0012
2104.09 -0.00145
2104.21 -0.00189
2104.33 -0.00222
2104.45 -0.0022
2104.57 -0.00191
2104.69 -0.0017
2104.82 -0.00169
2104.94 -0.00173
2105.06 -0.00158
2105.18 -0.00124
2105.3 -9.49059E-4
2105.42 -8.07486E-4
2105.54 -6.86791E-4
2105.66 -4.47754E-4
2105.78 -1.53981E-4
2105.9 1.49608E-5
2106.02 -9.574E-6
2106.14 -1.20003E-4
2106.26 -2.01415E-4
2106.38 -2.74472E-4
2106.5 -4.81397E-4
2106.62 -9.48694E-4
2106.74 -0.00163
2106.86 -0.00228
2106.99 -0.00255
2107.11 -0.0023
2107.23 -0.00172
2107.35 -0.00114
2107.47 -7.38937E-4
2107.59 -5.12272E-4
2107.71 -4.98947E-4
2107.83 -8.04838E-4
2107.95 -0.00139
2108.07 -0.00197
2108.19 -0.00221
2108.31 -0.00207
2108.43 -0.00178
2108.55 -0.00155
2108.67 -0.00141
2108.79 -0.00132
2108.91 -0.00127
2109.03 -0.00129
2109.16 -0.00133
2109.28 -0.00128
2109.4 -0.00105
2109.52 -6.60431E-4
2109.64 -2.9311E-4
2109.76 -1.41311E-4
2109.88 -2.59884E-4
2110 -5.06315E-4
2110.12 -6.92256E-4
2110.24 -7.78418E-4
2110.36 -8.74821E-4
2110.48 -0.00107
2110.6 -0.00134
2110.72 -0.00161
2110.84 -0.00179
2110.96 -0.00175
2111.08 -0.00134
2111.2 -6.43104E-4
2111.33 -9.42536E-5
2111.45 -1.61044E-4
2111.57 -8.70883E-4
2111.69 -0.00168
2111.81 -0.00193
2111.93 -0.00139
2112.05 -5.1935E-4
2112.17 7.84546E-6
2112.29 -1.52271E-4
2112.41 -7.33495E-4
2112.53 -0.00118
2112.65 -0.00119
2112.77 -9.87682E-4
2112.89 -9.74096E-4
2113.01 -0.0013
2113.13 -0.00175
2113.25 -0.00201
2113.37 -0.00195
2113.5 -0.0016
2113.62 -0.00104
2113.74 -4.64108E-4
2113.86 -1.70603E-4
2113.98 -3.47421E-4
2114.1 -8.65586E-4
2114.22 -0.00136
2114.34 -0.00152
2114.46 -0.00132
2114.58 -9.21197E-4
2114.7 -6.04644E-4
2114.82 -6.08075E-4
2114.94 -0.001
2115.06 -0.00158
2115.18 -0.00197
2115.3 -0.00195
2115.42 -0.00157
2115.54 -0.0011
2115.67 -7.95446E-4
2115.79 -7.93289E-4
2115.91 -0.00104
2116.03 -0.00132
2116.15 -0.00132
2116.27 -9.06453E-4
2116.39 -3.33246E-4
2116.51 -4.13619E-5
2116.63 -2.66876E-4
2116.75 -7.8629E-4
2116.87 -0.00111
2116.99 -9.56405E-4
2117.11 -4.61921E-4
2117.23 -5.0541E-5
2117.35 -1.63242E-5
2117.47 -3.09695E-4
2117.59 -6.86955E-4
2117.71 -9.85738E-4
2117.83 -0.00117
2117.96 -0.00114
2118.08 -7.63025E-4
2118.2 -1.17905E-4
2118.32 3.40935E-4
2118.44 1.51642E-4
2118.56 -6.27678E-4
2118.68 -0.00145
2118.8 -0.00185
2118.92 -0.00188
2119.04 -0.00177
2119.16 -0.00162
2119.28 -0.00137
2119.4 -0.00117
2119.52 -0.00131
2119.64 -0.0018
2119.76 -0.00235
2119.88 -0.0027
2120 -0.00288
2120.13 -0.00294
2120.25 -0.00276
2120.37 -0.00226
2120.49 -0.00176
2120.61 -0.00164
2120.73 -0.00182
2120.85 -0.00182
2120.97 -0.00139
2121.09 -9.32854E-4
2121.21 -8.9835E-4
2121.33 -0.00121
2121.45 -0.00141
2121.57 -0.00131
2121.69 -0.00122
2121.81 -0.00145
2121.93 -0.00182
2122.05 -0.00192
2122.17 -0.00157
2122.3 -0.00104
2122.42 -7.22699E-4
2122.54 -7.9276E-4
2122.66 -0.00116
2122.78 -0.00156
2122.9 -0.00167
2123.02 -0.00136
2123.14 -8.16107E-4
2123.26 -4.92215E-4
2123.38 -6.44024E-4
2123.5 -0.00103
2123.62 -0.00113
2123.74 -7.92291E-4
2123.86 -3.66226E-4
2123.98 -3.34788E-4
2124.1 -7.26402E-4
2124.22 -0.00112
2124.34 -0.00118
2124.47 -9.79003E-4
2124.59 -7.81786E-4
2124.71 -7.07202E-4
2124.83 -6.60069E-4
2124.95 -5.59408E-4
2125.07 -4.66745E-4
2125.19 -5.09661E-4
2125.31 -7.72651E-4
2125.43 -0.00124
2125.55 -0.00174
2125.67 -0.00202
2125.79 -0.00193
2125.91 -0.00164
2126.03 -0.00143
2126.15 -0.00139
2126.27 -0.00132
2126.39 -0.00112
2126.51 -9.33018E-4
2126.64 -9.1707E-4
2126.76 -9.84527E-4
2126.88 -9.49036E-4
2127 -8.13477E-4
2127.12 -7.24401E-4
2127.24 -7.11709E-4
2127.36 -6.97069E-4
2127.48 -7.43866E-4
2127.6 -0.00105
2127.72 -0.0016
2127.84 -0.00207
2127.96 -0.00215
2128.08 -0.00189
2128.2 -0.00159
2128.32 -0.00135
2128.44 -0.00108
2128.56 -7.93122E-4
2128.68 -6.79534E-4
2128.81 -8.95198E-4
2128.93 -0.00128
2129.05 -0.00145
2129.17 -0.00112
2129.29 -4.14167E-4
2129.41 1.69426E-4
2129.53 1.96144E-4
2129.65 -2.95818E-4
2129.77 -8.27659E-4
2129.89 -9.7527E-4
2130.01 -7.55463E-4
2130.13 -4.73093E-4
2130.25 -3.09408E-4
2130.37 -2.37036E-4
2130.49 -2.75247E-4
2130.61 -5.65059E-4
2130.73 -0.00109
2130.85 -0.00153
2130.98 -0.00151
2131.1 -0.00104
2131.22 -4.4198E-4
2131.34 -1.38953E-6
2131.46 1.89167E-4
2131.58 1.38942E-4
2131.7 -1.29949E-4
2131.82 -5.24253E-4
2131.94 -8.77116E-4
2132.06 -0.0011
2132.18 -0.00126
2132.3 -0.00145
2132.42 -0.00159
2132.54 -0.00149
2132.66 -0.00117
2132.78 -9.31855E-4
2132.9 -0.0011
2133.02 -0.00164
2133.14 -0.00208
2133.27 -0.00198
2133.39 -0.00143
2133.51 -9.4771E-4
2133.63 -0.00101
2133.75 -0.00154
2133.87 -0.00206
2133.99 -0.00212
2134.11 -0.00175
2134.23 -0.0013
2134.35 -0.00109
2134.47 -0.00123
2134.59 -0.00156
2134.71 -0.00179
2134.83 -0.00165
2134.95 -0.00112
2135.07 -4.42795E-4
2135.19 -5.70342E-6
2135.31 1.2625E-5
2135.44 -2.73611E-4
2135.56 -6.34421E-4
2135.68 -9.6133E-4
2135.8 -0.00128
2135.92 -0.00161
2136.04 -0.00191
2136.16 -0.00209
2136.28 -0.00213
2136.4 -0.00209
2136.52 -0.00209
2136.64 -0.00223
2136.76 -0.00248
2136.88 -0.00262
2137 -0.00238
2137.12 -0.00176
2137.24 -0.00113
2137.36 -9.68937E-4
2137.48 -0.00136
2137.61 -0.00193
2137.73 -0.00216
2137.85 -0.00192
2137.97 -0.00147
2138.09 -0.00115
2138.21 -0.00105
2138.33 -0.00108
2138.45 -0.00115
2138.57 -0.0012
2138.69 -0.00114
2138.81 -8.44549E-4
2138.93 -4.67144E-4
2139.05 -3.79395E-4
2139.17 -7.89102E-4
2139.29 -0.00141
2139.41 -0.00173
2139.53 -0.00159
2139.65 -0.00133
2139.78 -0.00126
2139.9 -0.00125
2140.02 -0.00103
2140.14 -6.44315E-4
2140.26 -4.60211E-4
2140.38 -5.93465E-4
2140.5 -7.44518E-4
2140.62 -6.31768E-4
2140.74 -3.68744E-4
2140.86 -2.47985E-4
2140.98 -3.28746E-4
2141.1 -4.53413E-4
2141.22 -5.74209E-4
2141.34 -8.20491E-4
2141.46 -0.00124
2141.58 -0.00168
2141.7 -0.00197
2141.82 -0.00208
2141.95 -0.00209
2142.07 -0.00201
2142.19 -0.00193
2142.31 -0.00202
2142.43 -0.00227
2142.55 -0.00247
2142.67 -0.00235
2142.79 -0.00198
2142.91 -0.0017
2143.03 -0.00174
2143.15 -0.00196
2143.27 -0.00201
2143.39 -0.00175
2143.51 -0.00133
2143.63 -0.00103
2143.75 -9.77639E-4
2143.87 -0.00106
2143.99 -0.00109
2144.11 -0.00102
2144.24 -8.89249E-4
2144.36 -7.30775E-4
2144.48 -4.77985E-4
2144.6 -1.55967E-4
2144.72 1.65105E-5
2144.84 -1.68599E-4
2144.96 -5.81302E-4
2145.08 -8.00733E-4
2145.2 -5.47934E-4
2145.32 -1.19917E-5
2145.44 3.54853E-4
2145.56 3.14645E-4
2145.68 2.51345E-5
2145.8 -2.55391E-4
2145.92 -4.94644E-4
2146.04 -8.41707E-4
2146.16 -0.0013
2146.28 -0.00163
2146.41 -0.00159
2146.53 -0.00133
2146.65 -0.00121
2146.77 -0.00142
2146.89 -0.00173
2147.01 -0.00183
2147.13 -0.00167
2147.25 -0.00147
2147.37 -0.00137
2147.49 -0.0013
2147.61 -0.00122
2147.73 -0.00129
2147.85 -0.00157
2147.97 -0.00188
2148.09 -0.0019
2148.21 -0.00159
2148.33 -0.00119
2148.45 -9.27892E-4
2148.58 -7.71035E-4
2148.7 -5.89807E-4
2148.82 -3.72283E-4
2148.94 -2.48652E-4
2149.06 -3.30612E-4
2149.18 -5.84438E-4
2149.3 -8.4402E-4
2149.42 -9.3871E-4
2149.54 -8.5254E-4
2149.66 -7.69526E-4
2149.78 -9.08006E-4
2149.9 -0.00128
2150.02 -0.00163
2150.14 -0.00171
2150.26 -0.00148
2150.38 -0.00115
2150.5 -9.84434E-4
2150.62 -0.00104
2150.75 -0.00119
2150.87 -0.00127
2150.99 -0.00125
2151.11 -0.00121
2151.23 -0.0012
2151.35 -0.00117
2151.47 -0.00104
2151.59 -8.99337E-4
2151.71 -9.05063E-4
2151.83 -0.00102
2151.95 -0.00106
2152.07 -9.56442E-4
2152.19 -8.90508E-4
2152.31 -0.00107
2152.43 -0.00142
2152.55 -0.00173
2152.67 -0.00182
2152.79 -0.00172
2152.92 -0.00154
2153.04 -0.00147
2153.16 -0.0017
2153.28 -0.00228
2153.4 -0.00284
2153.52 -0.00289
2153.64 -0.00232
2153.76 -0.00163
2153.88 -0.00141
2154 -0.0017
2154.12 -0.00204
2154.24 -0.0021
2154.36 -0.00202
2154.48 -0.00217
2154.6 -0.0026
2154.72 -0.00297
2154.84 -0.00288
2154.96 -0.00231
2155.09 -0.00164
2155.21 -0.00127
2155.33 -0.00135
2155.45 -0.00167
2155.57 -0.00191
2155.69 -0.00188
2155.81 -0.00163
2155.93 -0.00139
2156.05 -0.0013
2156.17 -0.00134
2156.29 -0.00141
2156.41 -0.00153
2156.53 -0.00182
2156.65 -0.00219
2156.77 -0.00227
2156.89 -0.00183
2157.01 -0.00115
2157.13 -7.43371E-4
2157.26 -7.76067E-4
2157.38 -8.87174E-4
2157.5 -7.91173E-4
2157.62 -6.7443E-4
2157.74 -8.23244E-4
2157.86 -0.00113
2157.98 -0.00127
2158.1 -0.00125
2158.22 -0.0013
2158.34 -0.0014
2158.46 -0.00124
2158.58 -7.81707E-4
2158.7 -4.5817E-4
2158.82 -6.09383E-4
2158.94 -0.00101
2159.06 -0.00124
2159.18 -0.00125
2159.3 -0.00132
2159.43 -0.00153
2159.55 -0.00172
2159.67 -0.00186
2159.79 -0.00205
2159.91 -0.0022
2160.03 -0.00201
2160.15 -0.00144
2160.27 -8.95128E-4
2160.39 -7.26741E-4
2160.51 -8.60155E-4
2160.63 -0.00105
2160.75 -0.00128
2160.87 -0.00167
2160.99 -0.00207
2161.11 -0.00213
2161.23 -0.00181
2161.35 -0.00141
2161.47 -0.0012
2161.59 -0.00114
2161.72 -0.00113
2161.84 -0.00117
2161.96 -0.0013
2162.08 -0.0014
2162.2 -0.00145
2162.32 -0.00164
2162.44 -0.00203
2162.56 -0.00235
2162.68 -0.00226
2162.8 -0.00187
2162.92 -0.00167
2163.04 -0.00188
2163.16 -0.00221
2163.28 -0.00223
2163.4 -0.00195
2163.52 -0.00164
2163.64 -0.00139
2163.76 -9.95316E-4
2163.89 -3.70421E-4
2164.01 1.8052E-4
2164.13 2.65051E-4
2164.25 -9.56766E-5
2164.37 -4.74479E-4
2164.49 -5.70938E-4
2164.61 -5.6782E-4
2164.73 -8.42523E-4
2164.85 -0.00141
2164.97 -0.00181
2165.09 -0.00169
2165.21 -0.00115
2165.33 -6.49426E-4
2165.45 -4.62074E-4
2165.57 -4.61508E-4
2165.69 -4.55007E-4
2165.81 -4.74133E-4
2165.93 -6.40936E-4
2166.06 -8.80413E-4
2166.18 -9.70993E-4
2166.3 -8.72102E-4
2166.42 -8.09669E-4
2166.54 -9.59314E-4
2166.66 -0.00118
2166.78 -0.0012
2166.9 -0.00103
2167.02 -9.79554E-4
2167.14 -0.00124
2167.26 -0.00161
2167.38 -0.00169
2167.5 -0.00146
2167.62 -0.0012
2167.74 -0.00113
2167.86 -0.00107
2167.98 -7.5376E-4
2168.1 -2.64671E-4
2168.23 1.92486E-5
2168.35 -1.32922E-4
2168.47 -5.60503E-4
2168.59 -9.61103E-4
2168.71 -0.00119
2168.83 -0.00127
2168.95 -0.00121
2169.07 -0.00101
2169.19 -7.50635E-4
2169.31 -5.62258E-4
2169.43 -5.18341E-4
2169.55 -6.18137E-4
2169.67 -8.44758E-4
2169.79 -0.00114
2169.91 -0.00135
2170.03 -0.00131
2170.15 -0.00104
2170.27 -7.58607E-4
2170.4 -6.21703E-4
2170.52 -6.30584E-4
2170.64 -7.2993E-4
2170.76 -9.38427E-4
2170.88 -0.00126
2171 -0.00158
2171.12 -0.00175
2171.24 -0.0018
2171.36 -0.00189
2171.48 -0.00202
2171.6 -0.00197
2171.72 -0.00158
2171.84 -9.66217E-4
2171.96 -4.29064E-4
2172.08 -1.34658E-4
2172.2 -9.74871E-5
2172.32 -3.35228E-4
2172.44 -8.66815E-4
2172.56 -0.00153
2172.69 -0.00201
2172.81 -0.00211
2172.93 -0.00196
2173.05 -0.00175
2173.17 -0.00153
2173.29 -0.00126
2173.41 -0.00106
2173.53 -0.00114
2173.65 -0.00144
2173.77 -0.00161
2173.89 -0.00149
2174.01 -0.00128
2174.13 -0.00125
2174.25 -0.00133
2174.37 -0.00122
2174.49 -9.8246E-4
2174.61 -9.77606E-4
2174.73 -0.00138
2174.86 -0.00188
2174.98 -0.00206
2175.1 -0.0019
2175.22 -0.0017
2175.34 -0.00169
2175.46 -0.00186
2175.58 -0.00203
2175.7 -0.0021
2175.82 -0.00198
2175.94 -0.00166
2176.06 -0.00123
2176.18 -8.16211E-4
2176.3 -5.49488E-4
2176.42 -4.68414E-4
2176.54 -6.03132E-4
2176.66 -9.38106E-4
2176.78 -0.00132
2176.9 -0.00151
2177.03 -0.00148
2177.15 -0.00143
2177.27 -0.00159
2177.39 -0.00195
2177.51 -0.0023
2177.63 -0.00247
2177.75 -0.00243
2177.87 -0.00222
2177.99 -0.00191
2178.11 -0.00163
2178.23 -0.00149
2178.35 -0.00144
2178.47 -0.00131
2178.59 -0.00109
2178.71 -9.72725E-4
2178.83 -0.00109
2178.95 -0.0013
2179.07 -0.0013
2179.2 -9.78943E-4
2179.32 -5.71031E-4
2179.44 -3.9652E-4
2179.56 -5.46575E-4
2179.68 -8.25088E-4
2179.8 -9.72524E-4
2179.92 -9.03431E-4
2180.04 -7.4774E-4
2180.16 -7.04538E-4
2180.28 -8.61619E-4
2180.4 -0.00114
2180.52 -0.00138
2180.64 -0.00148
2180.76 -0.00148
2180.88 -0.00145
2181 -0.00144
2181.12 -0.00142
2181.24 -0.00138
2181.37 -0.00136
2181.49 -0.00146
2181.61 -0.0017
2181.73 -0.00192
2181.85 -0.00188
2181.97 -0.00143
2182.09 -7.19395E-4
2182.21 -9.17427E-5
2182.33 1.46251E-4
2182.45 -1.05862E-4
2182.57 -6.83878E-4
2182.69 -0.00125
2182.81 -0.00146
2182.93 -0.00121
2183.05 -6.91049E-4
2183.17 -2.83919E-4
2183.29 -2.46733E-4
2183.41 -6.00372E-4
2183.54 -0.0012
2183.66 -0.00183
2183.78 -0.00231
2183.9 -0.00246
2184.02 -0.00227
2184.14 -0.00186
2184.26 -0.00141
2184.38 -0.00105
2184.5 -8.6505E-4
2184.62 -8.73365E-4
2184.74 -0.00106
2184.86 -0.00132
2184.98 -0.00154
2185.1 -0.00164
2185.22 -0.00162
2185.34 -0.0015
2185.46 -0.00129
2185.58 -0.00107
2185.71 -9.52292E-4
2185.83 -0.00103
2185.95 -0.00124
2186.07 -0.00146
2186.19 -0.00154
2186.31 -0.00146
2186.43 -0.0013
2186.55 -0.00113
2186.67 -0.001
2186.79 -8.90106E-4
2186.91 -8.2504E-4
2187.03 -8.83695E-4
2187.15 -0.00109
2187.27 -0.00129
2187.39 -0.00128
2187.51 -9.98307E-4
2187.63 -6.34246E-4
2187.75 -4.26903E-4
2187.88 -3.95235E-4
2188 -3.56581E-4
2188.12 -1.88679E-4
2188.24 6.07595E-6
2188.36 3.56138E-5
2188.48 -1.24048E-4
2188.6 -3.0461E-4
2188.72 -4.01698E-4
2188.84 -5.60239E-4
2188.96 -9.9732E-4
2189.08 -0.00164
2189.2 -0.00207
2189.32 -0.002
2189.44 -0.00164
2189.56 -0.00153
2189.68 -0.00189
2189.8 -0.00239
2189.92 -0.00253
2190.04 -0.0022
2190.17 -0.00174
2190.29 -0.00143
2190.41 -0.00127
2190.53 -0.00107
2190.65 -8.38585E-4
2190.77 -7.41273E-4
2190.89 -8.9686E-4
2191.01 -0.0012
2191.13 -0.00145
2191.25 -0.00153
2191.37 -0.00156
2191.49 -0.00168
2191.61 -0.00188
2191.73 -0.00195
2191.85 -0.00174
2191.97 -0.00136
2192.09 -0.00101
2192.21 -8.26769E-4
2192.34 -8.21482E-4
2192.46 -9.84233E-4
2192.58 -0.00131
2192.7 -0.00169
2192.82 -0.00195
2192.94 -0.002
2193.06 -0.00187
2193.18 -0.00164
2193.3 -0.00131
2193.42 -8.91499E-4
2193.54 -5.37857E-4
2193.66 -4.14744E-4
2193.78 -5.34218E-4
2193.9 -7.62295E-4
2194.02 -9.81499E-4
2194.14 -0.00117
2194.26 -0.00134
2194.38 -0.00147
2194.51 -0.00153
2194.63 -0.00144
2194.75 -0.00118
2194.87 -8.1471E-4
2194.99 -5.52572E-4
2195.11 -4.90423E-4
2195.23 -4.6242E-4
2195.35 -2.60796E-4
2195.47 -4.67896E-6
2195.59 -7.8246E-5
2195.71 -6.18223E-4
2195.83 -0.00125
2195.95 -0.0015
2196.07 -0.00133
2196.19 -0.00106
2196.31 -9.06195E-4
2196.43 -7.82087E-4
2196.55 -6.2032E-4
2196.68 -5.7644E-4
2196.8 -8.03847E-4
2196.92 -0.00118
2197.04 -0.00145
2197.16 -0.0015
2197.28 -0.00143
2197.4 -0.00134
2197.52 -0.00128
2197.64 -0.00127
2197.76 -0.00136
2197.88 -0.00149
2198 -0.00152
2198.12 -0.0014
2198.24 -0.0013
2198.36 -0.00137
2198.48 -0.00155
2198.6 -0.00169
2198.72 -0.00179
2198.84 -0.00192
2198.97 -0.00208
2199.09 -0.00216
2199.21 -0.00211
2199.33 -0.002
2199.45 -0.00184
2199.57 -0.00154
2199.69 -0.00108
2199.81 -7.29628E-4
2199.93 -8.14859E-4
2200.05 -0.00132
2200.17 -0.00186
2200.29 -0.00208
2200.41 -0.00197
2200.53 -0.00172
2200.65 -0.00146
2200.77 -0.00122
2200.89 -0.00111
2201.01 -0.00125
2201.14 -0.00153
2201.26 -0.00158
2201.38 -0.00122
2201.5 -7.13807E-4
2201.62 -4.61455E-4
2201.74 -5.33637E-4
2201.86 -6.82626E-4
2201.98 -8.00677E-4
2202.1 -0.0011
2202.22 -0.00171
2202.34 -0.00234
2202.46 -0.00246
2202.58 -0.00191
2202.7 -0.00105
2202.82 -4.03639E-4
2202.94 -2.26453E-4
2203.06 -4.26807E-4
2203.18 -7.82341E-4
2203.31 -0.00111
2203.43 -0.00134
2203.55 -0.00147
2203.67 -0.00149
2203.79 -0.00135
2203.91 -0.00102
2204.03 -6.57946E-4
2204.15 -5.49085E-4
2204.27 -8.26873E-4
2204.39 -0.00124
2204.51 -0.00139
2204.63 -0.00119
2204.75 -9.68803E-4
2204.87 -0.00106
2204.99 -0.00138
2205.11 -0.00158
2205.23 -0.00151
2205.35 -0.00137
2205.48 -0.00138
2205.6 -0.00141
2205.72 -0.00112
2205.84 -4.88017E-4
2205.96 8.00379E-5
2206.08 1.32456E-4
2206.2 -3.81775E-4
2206.32 -0.00112
2206.44 -0.00173
2206.56 -0.00213
2206.68 -0.0024
2206.8 -0.00261
2206.92 -0.00274
2207.04 -0.00269
2207.16 -0.00242
2207.28 -0.00199
2207.4 -0.00159
2207.52 -0.00141
2207.65 -0.00143
2207.77 -0.00146
2207.89 -0.0013
2208.01 -0.00103
2208.13 -8.99479E-4
2208.25 -0.00106
2208.37 -0.00143
2208.49 -0.00178
2208.61 -0.00189
2208.73 -0.00172
2208.85 -0.00136
2208.97 -0.00107
2209.09 -0.00108
2209.21 -0.00147
2209.33 -0.00204
2209.45 -0.00246
2209.57 -0.00251
2209.69 -0.00224
2209.82 -0.00188
2209.94 -0.00173
2210.06 -0.00189
2210.18 -0.00217
2210.3 -0.00226
2210.42 -0.00201
2210.54 -0.00168
2210.66 -0.00169
2210.78 -0.00209
2210.9 -0.00244
2211.02 -0.00217
2211.14 -0.00123
2211.26 -2.70426E-4
2211.38 -5.96941E-5
2211.5 -7.27732E-4
2211.62 -0.00169
2211.74 -0.00226
2211.86 -0.00231
2211.99 -0.00221
2212.11 -0.00224
2212.23 -0.0023
2212.35 -0.00211
2212.47 -0.00159
2212.59 -9.01986E-4
2212.71 -2.59615E-4
2212.83 1.86466E-4
2212.95 3.02307E-4
2213.07 2.76193E-5
2213.19 -4.99196E-4
2213.31 -9.94094E-4
2213.43 -0.0013
2213.55 -0.00148
2213.67 -0.00166
2213.79 -0.00174
2213.91 -0.00152
2214.03 -9.91743E-4
2214.16 -4.40229E-4
2214.28 -2.12654E-4
2214.4 -3.98036E-4
2214.52 -7.70476E-4
2214.64 -0.00102
2214.76 -0.00103
2214.88 -9.5873E-4
2215 -0.00106
2215.12 -0.00139
2215.24 -0.00173
2215.36 -0.00181
2215.48 -0.00155
2215.6 -0.00111
2215.72 -7.05916E-4
2215.84 -5.20118E-4
2215.96 -6.51915E-4
2216.08 -0.00104
2216.2 -0.0014
2216.32 -0.0014
2216.45 -9.90257E-4
2216.57 -4.77608E-4
2216.69 -2.44442E-4
2216.81 -3.27472E-4
2216.93 -4.05118E-4
2217.05 -1.91763E-4
2217.17 2.21409E-4
2217.29 4.45329E-4
2217.41 1.88809E-4
2217.53 -4.61828E-4
2217.65 -0.00112
2217.77 -0.00144
2217.89 -0.00144
2218.01 -0.00139
2218.13 -0.0015
2218.25 -0.00164
2218.37 -0.00153
2218.49 -0.00111
2218.62 -6.28736E-4
2218.74 -3.7073E-4
2218.86 -3.17637E-4
2218.98 -2.73753E-4
2219.1 -1.9455E-4
2219.22 -2.48741E-4
2219.34 -5.35972E-4
2219.46 -9.07142E-4
2219.58 -0.00117
2219.7 -0.00135
2219.82 -0.00163
2219.94 -0.00202
2220.06 -0.00231
2220.18 -0.00228
2220.3 -0.002
2220.42 -0.00171
2220.54 -0.0015
2220.66 -0.00133
2220.79 -0.00119
2220.91 -0.00113
2221.03 -0.00116
2221.15 -0.00124
2221.27 -0.00135
2221.39 -0.00156
2221.51 -0.00177
2221.63 -0.00173
2221.75 -0.00124
2221.87 -4.81348E-4
2221.99 6.48908E-5
2222.11 5.12786E-5
2222.23 -4.31083E-4
2222.35 -0.001
2222.47 -0.00136
2222.59 -0.00143
2222.71 -0.00135
2222.83 -0.00128
2222.96 -0.00134
2223.08 -0.0015
2223.2 -0.00164
2223.32 -0.00171
2223.44 -0.00175
2223.56 -0.00187
2223.68 -0.00203
2223.8 -0.00214
2223.92 -0.0021
2224.04 -0.00195
2224.16 -0.00171
2224.28 -0.00143
2224.4 -0.00114
2224.52 -8.72374E-4
2224.64 -5.8762E-4
2224.76 -2.14394E-4
2224.88 1.7317E-4
2225 3.34576E-4
2225.12 1.15778E-4
2225.25 -3.36315E-4
2225.37 -6.90829E-4
2225.49 -7.74082E-4
2225.61 -7.13862E-4
2225.73 -7.59214E-4
2225.85 -0.001
2225.97 -0.00127
2226.09 -0.00125
2226.21 -7.96851E-4
2226.33 -1.06882E-4
2226.45 3.85046E-4
2226.57 4.24795E-4
2226.69 1.87241E-4
2226.81 -1.09337E-5
2226.93 -1.67463E-4
2227.05 -5.71284E-4
2227.17 -0.00128
2227.29 -0.00191
2227.42 -0.00203
2227.54 -0.00177
2227.66 -0.00163
2227.78 -0.00185
2227.9 -0.0022
2228.02 -0.00236
2228.14 -0.00227
2228.26 -0.00208
2228.38 -0.0019
2228.5 -0.00174
2228.62 -0.00163
2228.74 -0.00158
2228.86 -0.00148
2228.98 -0.00128
2229.1 -0.00105
2229.22 -9.3035E-4
2229.34 -9.55664E-4
2229.46 -0.00103
2229.59 -0.00111
2229.71 -0.00124
2229.83 -0.00139
2229.95 -0.0014
2230.07 -0.00118
2230.19 -9.00667E-4
2230.31 -8.09729E-4
2230.43 -9.7404E-4
2230.55 -0.00116
2230.67 -0.00105
2230.79 -6.04194E-4
2230.91 -1.13331E-4
2231.03 2.27615E-6
2231.15 -3.76303E-4
2231.27 -9.10759E-4
2231.39 -0.00116
2231.51 -0.0011
2231.63 -0.00109
2231.76 -0.00142
2231.88 -0.00183
2232 -0.00187
2232.12 -0.00146
2232.24 -0.00105
2232.36 -0.00106
2232.48 -0.00145
2232.6 -0.00188
2232.72 -0.00215
2232.84 -0.00229
2232.96 -0.00234
2233.08 -0.00228
2233.2 -0.00211
2233.32 -0.00185
2233.44 -0.00148
2233.56 -9.78392E-4
2233.68 -5.688E-4
2233.8 -6.47586E-4
2233.93 -0.00131
2234.05 -0.00207
2234.17 -0.0022
2234.29 -0.00157
2234.41 -8.14307E-4
2234.53 -7.11553E-4
2234.65 -0.00142
2234.77 -0.00237
2234.89 -0.0029
2235.01 -0.00283
2235.13 -0.00246
2235.25 -0.00215
2235.37 -0.00199
2235.49 -0.00184
2235.61 -0.00165
2235.73 -0.00155
2235.85 -0.0017
2235.97 -0.00194
2236.1 -0.00193
2236.22 -0.00152
2236.34 -0.00101
2236.46 -8.71133E-4
2236.58 -0.0013
2236.7 -0.00206
2236.82 -0.00268
2236.94 -0.00285
2237.06 -0.00253
2237.18 -0.00196
2237.3 -0.00147
2237.42 -0.00124
2237.54 -0.00121
2237.66 -0.00116
2237.78 -9.83991E-4
2237.9 -7.26886E-4
2238.02 -5.13699E-4
2238.14 -4.3669E-4
2238.27 -5.8322E-4
2238.39 -0.00105
2238.51 -0.00179
2238.63 -0.00248
2238.75 -0.00267
2238.87 -0.00217
2238.99 -0.00129
2239.11 -6.28732E-4
2239.23 -5.29401E-4
2239.35 -8.16017E-4
2239.47 -0.00104
2239.59 -0.00101
2239.71 -9.10364E-4
2239.83 -0.001
2239.95 -0.00122
2240.07 -0.00128
2240.19 -0.00107
2240.31 -7.83294E-4
2240.44 -5.83205E-4
2240.56 -3.76772E-4
2240.68 -7.85105E-5
2240.8 5.3674E-5
2240.92 -3.68424E-4
2241.04 -0.00126
2241.16 -0.00196
2241.28 -0.00188
2241.4 -0.00119
2241.52 -6.092E-4
2241.64 -5.94798E-4
2241.76 -9.21801E-4
2241.88 -0.00111
2242 -0.00107
2242.12 -0.00104
2242.24 -0.00116
2242.36 -0.00124
2242.48 -0.00105
2242.6 -7.64713E-4
2242.73 -7.76663E-4
2242.85 -0.00119
2242.97 -0.00165
2243.09 -0.00171
2243.21 -0.00127
2243.33 -6.94793E-4
2243.45 -4.21468E-4
2243.57 -6.24746E-4
2243.69 -0.00105
2243.81 -0.00122
2243.93 -9.13057E-4
2244.05 -4.37386E-4
2244.17 -3.93536E-4
2244.29 -0.001
2244.41 -0.00178
2244.53 -0.00202
2244.65 -0.00154
2244.77 -8.25882E-4
2244.9 -4.10143E-4
2245.02 -3.46072E-4
2245.14 -3.33562E-4
2245.26 -2.06705E-4
2245.38 -1.01101E-4
2245.5 -2.08803E-4
2245.62 -5.38401E-4
2245.74 -9.41161E-4
2245.86 -0.00128
2245.98 -0.00152
2246.1 -0.00178
2246.22 -0.00216
2246.34 -0.00259
2246.46 -0.00275
2246.58 -0.00239
2246.7 -0.0016
2246.82 -7.81581E-4
2246.94 -3.03417E-4
2247.07 -2.5769E-4
2247.19 -5.41281E-4
2247.31 -0.00103
2247.43 -0.0016
2247.55 -0.00205
2247.67 -0.00226
2247.79 -0.00228
2247.91 -0.00226
2248.03 -0.00227
2248.15 -0.00222
2248.27 -0.00201
2248.39 -0.00168
2248.51 -0.00134
2248.63 -0.00115
2248.75 -0.00117
2248.87 -0.0014
2248.99 -0.00168
2249.11 -0.0018
2249.24 -0.0017
2249.36 -0.00148
2249.48 -0.00131
2249.6 -0.00122
2249.72 -0.00119
2249.84 -0.00122
2249.96 -0.00136
2250.08 -0.00158
2250.2 -0.00177
2250.32 -0.00183
2250.44 -0.00185
2250.56 -0.00195
2250.68 -0.00213
2250.8 -0.0023
2250.92 -0.00234
2251.04 -0.00221
2251.16 -0.0019
2251.28 -0.00146
2251.41 -0.00111
2251.53 -0.00115
2251.65 -0.00171
2251.77 -0.00247
2251.89 -0.00288
2252.01 -0.00267
2252.13 -0.00211
2252.25 -0.00171
2252.37 -0.00165
2252.49 -0.00174
2252.61 -0.00178
2252.73 -0.00183
2252.85 -0.00206
2252.97 -0.00242
2253.09 -0.00263
2253.21 -0.00248
2253.33 -0.00202
2253.45 -0.00153
2253.57 -0.0013
2253.7 -0.00138
2253.82 -0.00152
2253.94 -0.00141
2254.06 -0.00104
2254.18 -7.33621E-4
2254.3 -7.68274E-4
2254.42 -0.00101
2254.54 -0.00109
2254.66 -9.52967E-4
2254.78 -9.15319E-4
2254.9 -0.00118
2255.02 -0.00148
2255.14 -0.00139
2255.26 -9.11932E-4
2255.38 -5.57862E-4
2255.5 -7.06092E-4
2255.62 -0.00119
2255.74 -0.00157
2255.87 -0.00161
2255.99 -0.00142
2256.11 -0.00115
2256.23 -8.40046E-4
2256.35 -5.40189E-4
2256.47 -4.09018E-4
2256.59 -5.86186E-4
2256.71 -9.9197E-4
2256.83 -0.00136
2256.95 -0.00145
2257.07 -0.00127
2257.19 -9.79058E-4
2257.31 -7.65137E-4
2257.43 -7.09374E-4
2257.55 -7.85422E-4
2257.67 -9.40043E-4
2257.79 -0.00116
2257.91 -0.00144
2258.04 -0.00175
2258.16 -0.00201
2258.28 -0.00212
2258.4 -0.00204
2258.52 -0.00179
2258.64 -0.00147
2258.76 -0.00128
2258.88 -0.0014
2259 -0.00184
2259.12 -0.00238
2259.24 -0.00273
2259.36 -0.00286
2259.48 -0.00291
2259.6 -0.00293
2259.72 -0.00276
2259.84 -0.00226
2259.96 -0.00167
2260.08 -0.00141
2260.21 -0.00163
2260.33 -0.00199
2260.45 -0.00209
2260.57 -0.0019
2260.69 -0.00172
2260.81 -0.00175
2260.93 -0.00188
2261.05 -0.00188
2261.17 -0.00171
2261.29 -0.0015
2261.41 -0.00137
2261.53 -0.00129
2261.65 -0.00122
2261.77 -0.00112
2261.89 -9.63215E-4
2262.01 -7.5417E-4
2262.13 -6.28401E-4
2262.25 -8.06525E-4
2262.38 -0.00132
2262.5 -0.00184
2262.62 -0.00191
2262.74 -0.00147
2262.86 -9.61911E-4
2262.98 -8.51691E-4
2263.1 -0.00114
2263.22 -0.00145
2263.34 -0.00154
2263.46 -0.00144
2263.58 -0.00126
2263.7 -0.00101
2263.82 -7.84773E-4
2263.94 -8.60963E-4
2264.06 -0.00134
2264.18 -0.00184
2264.3 -0.00185
2264.42 -0.00132
2264.55 -7.71347E-4
2264.67 -6.80406E-4
2264.79 -0.00101
2264.91 -0.00135
2265.03 -0.0014
2265.15 -0.00118
2265.27 -9.52393E-4
2265.39 -9.64783E-4
2265.51 -0.00126
2265.63 -0.00156
2265.75 -0.00156
2265.87 -0.00127
2265.99 -0.00112
2266.11 -0.00141
2266.23 -0.0019
2266.35 -0.00207
2266.47 -0.00185
2266.59 -0.00169
2266.72 -0.00192
2266.84 -0.00231
2266.96 -0.00248
2267.08 -0.00238
2267.2 -0.00223
2267.32 -0.00205
2267.44 -0.00171
2267.56 -0.00123
2267.68 -8.84045E-4
2267.8 -8.78863E-4
2267.92 -0.00104
2268.04 -0.0011
2268.16 -0.00107
2268.28 -0.00115
2268.4 -0.00137
2268.52 -0.00155
2268.64 -0.00154
2268.76 -0.00139
2268.89 -0.00119
2269.01 -9.65316E-4
2269.13 -7.36326E-4
2269.25 -6.58751E-4
2269.37 -8.41726E-4
2269.49 -0.00115
2269.61 -0.00132
2269.73 -0.00131
2269.85 -0.00132
2269.97 -0.00147
2270.09 -0.0016
2270.21 -0.00153
2270.33 -0.00133
2270.45 -0.00117
2270.57 -0.00103
2270.69 -7.60857E-4
2270.81 -4.4205E-4
2270.93 -4.02831E-4
2271.05 -7.48355E-4
2271.18 -0.00117
2271.3 -0.00134
2271.42 -0.00136
2271.54 -0.00148
2271.66 -0.00167
2271.78 -0.00164
2271.9 -0.0014
2272.02 -0.00132
2272.14 -0.0016
2272.26 -0.00192
2272.38 -0.00184
2272.5 -0.00141
2272.62 -0.00105
2272.74 -0.00101
2272.86 -0.00111
2272.98 -0.0011
2273.1 -0.001
2273.22 -9.87064E-4
2273.35 -0.00107
2273.47 -0.00114
2273.59 -0.00119
2273.71 -0.00125
2273.83 -0.00134
2273.95 -0.00135
2274.07 -0.00121
2274.19 -9.4597E-4
2274.31 -6.87234E-4
2274.43 -5.75282E-4
2274.55 -6.72717E-4
2274.67 -8.73096E-4
2274.79 -9.53611E-4
2274.91 -8.07848E-4
2275.03 -6.14345E-4
2275.15 -6.71316E-4
2275.27 -0.00103
2275.39 -0.00139
2275.52 -0.00138
2275.64 -9.42677E-4
2275.76 -3.70145E-4
2275.88 -5.68777E-5
2276 -2.12803E-4
2276.12 -7.63711E-4
2276.24 -0.0014
2276.36 -0.00174
2276.48 -0.00163
2276.6 -0.00124
2276.72 -9.30894E-4
2276.84 -8.34636E-4
2276.96 -7.63193E-4
2277.08 -5.48903E-4
2277.2 -3.63465E-4
2277.32 -5.21477E-4
2277.44 -9.98318E-4
2277.56 -0.00137
2277.69 -0.00135
2277.81 -0.00118
2277.93 -0.00132
2278.05 -0.00179
2278.17 -0.0021
2278.29 -0.00183
2278.41 -0.00116
2278.53 -5.49629E-4
2278.65 -2.12885E-4
2278.77 -3.56026E-5
2278.89 3.17208E-5
2279.01 -1.68018E-4
2279.13 -6.72668E-4
2279.25 -0.00122
2279.37 -0.00157
2279.49 -0.00179
2279.61 -0.00207
2279.73 -0.00236
2279.86 -0.00241
2279.98 -0.00217
2280.1 -0.00194
2280.22 -0.00192
2280.34 -0.00197
2280.46 -0.00188
2280.58 -0.00173
2280.7 -0.00173
2280.82 -0.0019
2280.94 -0.00201
2281.06 -0.0019
2281.18 -0.00167
2281.3 -0.00151
2281.42 -0.00147
2281.54 -0.00149
2281.66 -0.00154
2281.78 -0.00164
2281.9 -0.00184
2282.02 -0.00208
2282.15 -0.00222
2282.27 -0.00204
2282.39 -0.00148
2282.51 -8.27502E-4
2282.63 -4.88646E-4
2282.75 -6.57927E-4
2282.87 -0.00111
2282.99 -0.00149
2283.11 -0.00165
2283.23 -0.00166
2283.35 -0.00155
2283.47 -0.00127
2283.59 -9.22628E-4
2283.71 -7.36821E-4
2283.83 -8.70384E-4
2283.95 -0.00119
2284.07 -0.00144
2284.19 -0.00153
2284.32 -0.00161
2284.44 -0.00187
2284.56 -0.0023
2284.68 -0.00269
2284.8 -0.00277
2284.92 -0.00241
2285.04 -0.00175
2285.16 -0.00107
2285.28 -6.63899E-4
2285.4 -5.62504E-4
2285.52 -6.1176E-4
2285.64 -6.33948E-4
2285.76 -5.87828E-4
2285.88 -5.74172E-4
2286 -7.06106E-4
2286.12 -9.7445E-4
2286.24 -0.00126
2286.36 -0.00149
2286.49 -0.00176
2286.61 -0.00215
2286.73 -0.00248
2286.85 -0.00242
2286.97 -0.00184
2287.09 -0.00108
2287.21 -7.02702E-4
2287.33 -9.43433E-4
2287.45 -0.00155
2287.57 -0.00211
2287.69 -0.00235
2287.81 -0.00225
2287.93 -0.00193
2288.05 -0.00162
2288.17 -0.00151
2288.29 -0.00161
2288.41 -0.0017
2288.53 -0.00159
2288.66 -0.00134
2288.78 -0.00116
2288.9 -0.00114
2289.02 -0.00118
2289.14 -0.00128
2289.26 -0.00147
2289.38 -0.00173
2289.5 -0.00179
2289.62 -0.00155
2289.74 -0.00124
2289.86 -0.00121
2289.98 -0.0015
2290.1 -0.00176
2290.22 -0.00168
2290.34 -0.00136
2290.46 -0.00114
2290.58 -0.00118
2290.7 -0.00129
2290.83 -0.00123
2290.95 -0.00107
2291.07 -0.00105
2291.19 -0.00124
2291.31 -0.00147
2291.43 -0.00149
2291.55 -0.0012
2291.67 -6.96387E-4
2291.79 -2.29213E-4
2291.91 -1.03306E-4
2292.03 -5.10141E-4
2292.15 -0.00128
2292.27 -0.00189
2292.39 -0.00184
2292.51 -0.00121
2292.63 -5.71471E-4
2292.75 -4.72229E-4
2292.87 -9.04921E-4
2293 -0.00143
2293.12 -0.00168
2293.24 -0.0016
2293.36 -0.00138
2293.48 -0.00127
2293.6 -0.00143
2293.72 -0.00184
2293.84 -0.0023
2293.96 -0.00245
2294.08 -0.00222
2294.2 -0.00199
2294.32 -0.00222
2294.44 -0.0029
2294.56 -0.00347
2294.68 -0.0034
2294.8 -0.00272
2294.92 -0.002
2295.04 -0.00171
2295.17 -0.00183
2295.29 -0.00203
2295.41 -0.00216
2295.53 -0.00232
2295.65 -0.00263
2295.77 -0.00301
2295.89 -0.00321
2296.01 -0.00302
2296.13 -0.00238
2296.25 -0.00144
2296.37 -5.27959E-4
2296.49 6.17243E-5
2296.61 2.19006E-4
2296.73 8.79951E-5
2296.85 -1.31037E-4
2296.97 -3.74209E-4
2297.09 -6.88985E-4
2297.21 -0.00105
2297.33 -0.00129
2297.46 -0.00131
2297.58 -0.00118
2297.7 -0.00108
2297.82 -0.00104
2297.94 -9.52858E-4
2298.06 -7.30891E-4
2298.18 -5.27058E-4
2298.3 -6.06198E-4
2298.42 -0.00104
2298.54 -0.00158
2298.66 -0.00189
2298.78 -0.00184
2298.9 -0.00162
2299.02 -0.0015
2299.14 -0.00161
2299.26 -0.00191
2299.38 -0.00222
2299.5 -0.00235
2299.63 -0.00227
2299.75 -0.0022
2299.87 -0.00238
2299.99 -0.00278
2300.11 -0.0031
2300.23 -0.00314
2300.35 -0.00298
2300.47 -0.00275
2300.59 -0.0024
2300.71 -0.00185
2300.83 -0.00132
2300.95 -0.00127
2301.07 -0.00183
2301.19 -0.0026
2301.31 -0.00306
2301.43 -0.00315
2301.55 -0.0031
2301.67 -0.00301
2301.8 -0.00268
2301.92 -0.002
2302.04 -0.00123
2302.16 -8.01798E-4
2302.28 -8.0581E-4
2302.4 -9.51335E-4
2302.52 -9.21566E-4
2302.64 -7.19253E-4
2302.76 -5.90108E-4
2302.88 -6.762E-4
2303 -8.38324E-4
2303.12 -8.45782E-4
2303.24 -6.6926E-4
2303.36 -4.91697E-4
2303.48 -4.61292E-4
2303.6 -5.35596E-4
2303.72 -5.90902E-4
2303.84 -6.14345E-4
2303.97 -7.14019E-4
2304.09 -9.50597E-4
2304.21 -0.00122
2304.33 -0.00134
2304.45 -0.00122
2304.57 -9.68095E-4
2304.69 -8.27391E-4
2304.81 -9.8069E-4
2304.93 -0.00134
2305.05 -0.00158
2305.17 -0.00144
2305.29 -0.00105
2305.41 -8.06671E-4
2305.53 -9.47759E-4
2305.65 -0.00125
2305.77 -0.00131
2305.89 -0.00101
2306.01 -6.54895E-4
2306.14 -5.87806E-4
2306.26 -7.49625E-4
2306.38 -8.38276E-4
2306.5 -7.63554E-4
2306.62 -7.42476E-4
2306.74 -9.1074E-4
2306.86 -0.00108
2306.98 -0.00105
2307.1 -9.9292E-4
2307.22 -0.00121
2307.34 -0.0016
2307.46 -0.0017
2307.58 -0.00136
2307.7 -0.00108
2307.82 -0.00133
2307.94 -0.0019
2308.06 -0.00216
2308.18 -0.00191
2308.31 -0.00157
2308.43 -0.0016
2308.55 -0.00182
2308.67 -0.00181
2308.79 -0.00143
2308.91 -9.81577E-4
2309.03 -8.57424E-4
2309.15 -0.00113
2309.27 -0.00155
2309.39 -0.00175
2309.51 -0.00158
2309.63 -0.00125
2309.75 -0.00117
2309.87 -0.00145
2309.99 -0.00181
2310.11 -0.00185
2310.23 -0.00155
2310.35 -0.00123
2310.48 -0.00112
2310.6 -0.00115
2310.72 -0.00119
2310.84 -0.00124
2310.96 -0.00133
2311.08 -0.00138
2311.2 -0.00134
2311.32 -0.0013
2311.44 -0.00145
2311.56 -0.00178
2311.68 -0.00203
2311.8 -0.00201
2311.92 -0.00178
2312.04 -0.00157
2312.16 -0.00149
2312.28 -0.00148
2312.4 -0.00148
2312.52 -0.00154
2312.65 -0.00175
2312.77 -0.00207
2312.89 -0.00228
2313.01 -0.00221
2313.13 -0.00193
2313.25 -0.00165
2313.37 -0.00148
2313.49 -0.00135
2313.61 -0.00123
2313.73 -0.00125
2313.85 -0.00149
2313.97 -0.00176
2314.09 -0.0018
2314.21 -0.00165
2314.33 -0.00161
2314.45 -0.00189
2314.57 -0.0022
2314.69 -0.00216
2314.81 -0.00175
2314.94 -0.00137
2315.06 -0.00133
2315.18 -0.00153
2315.3 -0.00179
2315.42 -0.00207
2315.54 -0.00243
2315.66 -0.00267
2315.78 -0.00254
2315.9 -0.00207
2316.02 -0.00164
2316.14 -0.00151
2316.26 -0.00154
2316.38 -0.00142
2316.5 -0.00104
2316.62 -6.39588E-4
2316.74 -5.548E-4
2316.86 -9.17856E-4
2316.98 -0.00158
2317.11 -0.00221
2317.23 -0.00252
2317.35 -0.00249
2317.47 -0.00242
2317.59 -0.00257
2317.71 -0.0028
2317.83 -0.00277
2317.95 -0.0025
2318.07 -0.00236
2318.19 -0.00249
2318.31 -0.00258
2318.43 -0.00223
2318.55 -0.00164
2318.67 -0.00138
2318.79 -0.00177
2318.91 -0.00245
2319.03 -0.00287
2319.15 -0.0029
2319.28 -0.00278
2319.4 -0.00269
2319.52 -0.0025
2319.64 -0.00209
2319.76 -0.00161
2319.88 -0.00133
2320 -0.00137
2320.12 -0.00164
2320.24 -0.00201
2320.36 -0.0023
2320.48 -0.00236
2320.6 -0.00214
2320.72 -0.00171
2320.84 -0.00129
2320.96 -0.00115
2321.08 -0.0014
2321.2 -0.00199
2321.32 -0.0027
2321.45 -0.00312
2321.57 -0.003
2321.69 -0.00253
2321.81 -0.00215
2321.93 -0.00209
2322.05 -0.00219
2322.17 -0.00217
2322.29 -0.00194
2322.41 -0.00167
2322.53 -0.00151
2322.65 -0.00145
2322.77 -0.00154
2322.89 -0.00186
2323.01 -0.00241
2323.13 -0.00294
2323.25 -0.00317
2323.37 -0.00306
2323.49 -0.00289
2323.61 -0.00282
2323.74 -0.00273
2323.86 -0.00243
2323.98 -0.00204
2324.1 -0.00183
2324.22 -0.00195
2324.34 -0.00226
2324.46 -0.00251
2324.58 -0.0025
2324.7 -0.00217
2324.82 -0.00164
2324.94 -0.0012
2325.06 -0.00121
2325.18 -0.00183
2325.3 -0.00283
2325.42 -0.00356
2325.54 -0.00368
2325.66 -0.0034
2325.78 -0.00305
2325.91 -0.00271
2326.03 -0.00233
2326.15 -0.00198
2326.27 -0.00193
2326.39 -0.0023
2326.51 -0.00283
2326.63 -0.00304
2326.75 -0.00277
2326.87 -0.00241
2326.99 -0.00243
2327.11 -0.0028
2327.23 -0.0029
2327.35 -0.00231
2327.47 -0.00154
2327.59 -0.00127
2327.71 -0.00166
2327.83 -0.00237
2327.95 -0.00294
2328.08 -0.00314
2328.2 -0.00304
2328.32 -0.0028
2328.44 -0.00256
2328.56 -0.0025
2328.68 -0.00277
2328.8 -0.0034
2328.92 -0.00416
2329.04 -0.00458
2329.16 -0.00426
2329.28 -0.00339
2329.4 -0.00253
2329.52 -0.00209
2329.64 -0.00208
2329.76 -0.00226
2329.88 -0.00231
2330 -0.00206
2330.12 -0.00153
2330.25 -8.7354E-4
2330.37 -3.70871E-4
2330.49 -4.34019E-4
2330.61 -0.00131
2330.73 -0.0028
2330.85 -0.00408
2330.97 -0.00433
2331.09 -0.00374
2331.21 -0.00316
2331.33 -0.00286
2331.45 -0.00259
2331.57 -0.0021
2331.69 -0.00155
2331.81 -0.00121
2331.93 -0.0011
2332.05 -0.00104
2332.17 -9.01479E-4
2332.29 -8.50409E-4
2332.42 -0.00119
2332.54 -0.00215
2332.66 -0.00354
2332.78 -0.00448
2332.9 -0.00418
2333.02 -0.00302
2333.14 -0.0019
2333.26 -0.00139
2333.38 -0.00144
2333.5 -0.00161
2333.62 -0.00152
2333.74 -0.00123
2333.86 -9.05413E-4
2333.98 -6.6847E-4
2334.1 -6.23241E-4
2334.22 -0.00101
2334.34 -0.002
2334.46 -0.00324
2334.59 -0.0038
2334.71 -0.00343
2334.83 -0.00285
2334.95 -0.00266
2335.07 -0.00269
2335.19 -0.00238
2335.31 -0.00157
2335.43 -7.84948E-4
2335.55 -7.08029E-4
2335.67 -0.0014
2335.79 -0.00228
2335.91 -0.00289
2336.03 -0.00331
2336.15 -0.00382
2336.27 -0.0042
2336.39 -0.00389
2336.51 -0.00304
2336.63 -0.00237
2336.76 -0.00219
2336.88 -0.00223
2337 -0.00205
2337.12 -0.00164
2337.24 -0.0014
2337.36 -0.00154
2337.48 -0.00184
2337.6 -0.00211
2337.72 -0.00254
2337.84 -0.00339
2337.96 -0.00434
2338.08 -0.00447
2338.2 -0.00361
2338.32 -0.00253
2338.44 -0.00178
2338.56 -0.00134
2338.68 -9.7793E-4
2338.8 -7.42391E-4
2338.93 -9.0909E-4
2339.05 -0.00152
2339.17 -0.00219
2339.29 -0.00254
2339.41 -0.00264
2339.53 -0.00288
2339.65 -0.00344
2339.77 -0.00384
2339.89 -0.00362
2340.01 -0.00301
2340.13 -0.00255
2340.25 -0.00242
2340.37 -0.00247
2340.49 -0.00251
2340.61 -0.00247
2340.73 -0.00242
2340.85 -0.00238
2340.97 -0.00241
2341.09 -0.00256
2341.22 -0.00275
2341.34 -0.00261
2341.46 -0.00192
2341.58 -0.00113
2341.7 -9.80627E-4
2341.82 -0.00152
2341.94 -0.00216
2342.06 -0.00225
2342.18 -0.0018
2342.3 -0.00142
2342.42 -0.00163
2342.54 -0.00225
2342.66 -0.00277
2342.78 -0.00306
2342.9 -0.00347
2343.02 -0.00411
2343.14 -0.00443
2343.26 -0.00394
2343.39 -0.00306
2343.51 -0.00247
2343.63 -0.00238
2343.75 -0.00237
2343.87 -0.00201
2343.99 -0.00138
2344.11 -9.26457E-4
2344.23 -9.07872E-4
2344.35 -0.00135
2344.47 -0.00223
2344.59 -0.00339
2344.71 -0.0043
2344.83 -0.00432
2344.95 -0.00359
2345.07 -0.00284
2345.19 -0.00252
2345.31 -0.00245
2345.43 -0.0023
2345.56 -0.00204
2345.68 -0.00188
2345.8 -0.0019
2345.92 -0.002
2346.04 -0.00222
2346.16 -0.00268
2346.28 -0.0032
2346.4 -0.00322
2346.52 -0.0025
2346.64 -0.00148
2346.76 -8.16423E-4
2346.88 -7.2914E-4
2347 -0.00101
2347.12 -0.00139
2347.24 -0.0017
2347.36 -0.00194
2347.48 -0.00212
2347.6 -0.0023
2347.73 -0.00255
2347.85 -0.00277
2347.97 -0.00276
2348.09 -0.0024
2348.21 -0.00186
2348.33 -0.00139
2348.45 -0.00117
2348.57 -0.00129
2348.69 -0.00167
2348.81 -0.00211
2348.93 -0.00234
2349.05 -0.00227
2349.17 -0.00207
2349.29 -0.00202
2349.41 -0.00212
2349.53 -0.00215
2349.65 -0.00198
2349.77 -0.00181
2349.9 -0.00189
2350.02 -0.00219
2350.14 -0.00245
2350.26 -0.00252
2350.38 -0.00255
2350.5 -0.00267
2350.62 -0.00276
2350.74 -0.00266
2350.86 -0.00245
2350.98 -0.00229
2351.1 -0.00213
2351.22 -0.00176
2351.34 -0.00127
2351.46 -0.0011
2351.58 -0.00154
2351.7 -0.00232
2351.82 -0.00284
2351.94 -0.00282
2352.06 -0.00252
2352.19 -0.00223
2352.31 -0.00198
2352.43 -0.00167
2352.55 -0.00135
2352.67 -0.00114
2352.79 -0.00112
2352.91 -0.00135
2353.03 -0.00192
2353.15 -0.00274
2353.27 -0.00337
2353.39 -0.00335
2353.51 -0.00285
2353.63 -0.00251
2353.75 -0.00266
2353.87 -0.003
2353.99 -0.003
2354.11 -0.0025
2354.23 -0.00189
2354.36 -0.00174
2354.48 -0.00224
2354.6 -0.0031
2354.72 -0.00366
2354.84 -0.00338
2354.96 -0.0025
2355.08 -0.00177
2355.2 -0.00165
2355.32 -0.00202
2355.44 -0.00243
2355.56 -0.00251
2355.68 -0.00231
2355.8 -0.00218
2355.92 -0.00241
2356.04 -0.00301
2356.16 -0.00374
2356.28 -0.00417
2356.4 -0.00405
2356.53 -0.00346
2356.65 -0.0027
2356.77 -0.00198
2356.89 -0.00144
2357.01 -0.00112
2357.13 -0.00102
2357.25 -0.00113
2357.37 -0.00154
2357.49 -0.00223
2357.61 -0.00297
2357.73 -0.00333
2357.85 -0.00313
2357.97 -0.00265
2358.09 -0.00216
2358.21 -0.00178
2358.33 -0.00157
2358.45 -0.00161
2358.57 -0.00191
2358.7 -0.00242
2358.82 -0.00306
2358.94 -0.00368
2359.06 -0.00401
2359.18 -0.0038
2359.3 -0.00324
2359.42 -0.00278
2359.54 -0.00264
2359.66 -0.00275
2359.78 -0.00288
2359.9 -0.00293
2360.02 -0.00309
2360.14 -0.00362
2360.26 -0.00451
2360.38 -0.00522
2360.5 -0.00499
2360.62 -0.0038
2360.74 -0.00251
2360.87 -0.00176
2360.99 -0.00157
2361.11 -0.00166
2361.23 -0.00175
2361.35 -0.00181
2361.47 -0.00203
2361.59 -0.00259
2361.71 -0.0033
2361.83 -0.00357
2361.95 -0.00307
2362.07 -0.00225
2362.19 -0.00175
2362.31 -0.00174
2362.43 -0.00204
2362.55 -0.00236
2362.67 -0.0026
2362.79 -0.00295
2362.91 -0.00365
2363.04 -0.00462
2363.16 -0.00527
2363.28 -0.00498
2363.4 -0.004
2363.52 -0.00296
2363.64 -0.00224
2363.76 -0.00196
2363.88 -0.00213
2364 -0.00263
2364.12 -0.00329
2364.24 -0.0039
2364.36 -0.00433
2364.48 -0.00445
2364.6 -0.00417
2364.72 -0.00362
2364.84 -0.00304
2364.96 -0.00264
2365.08 -0.0025
2365.21 -0.00245
2365.33 -0.00232
2365.45 -0.00233
2365.57 -0.00295
2365.69 -0.00411
2365.81 -0.00477
2365.93 -0.00417
2366.05 -0.00301
2366.17 -0.00232
2366.29 -0.00227
2366.41 -0.00241
2366.53 -0.00246
2366.65 -0.00277
2366.77 -0.0037
2366.89 -0.00476
2367.01 -0.00482
2367.13 -0.00371
2367.25 -0.0026
2367.38 -0.00227
2367.5 -0.00242
2367.62 -0.0025
2367.74 -0.00247
2367.86 -0.00276
2367.98 -0.00359
2368.1 -0.0046
2368.22 -0.0051
2368.34 -0.00468
2368.46 -0.00374
2368.58 -0.00279
2368.7 -0.00201
2368.82 -0.00139
2368.94 -0.00103
2369.06 -0.0011
2369.18 -0.0017
2369.3 -0.00264
2369.42 -0.00328
2369.54 -0.00309
2369.67 -0.00231
2369.79 -0.00161
2369.91 -0.00126
2370.03 -0.00113
2370.15 -0.00112
2370.27 -0.00137
2370.39 -0.00207
2370.51 -0.00302
2370.63 -0.0036
2370.75 -0.00339
2370.87 -0.00279
2370.99 -0.00238
2371.11 -0.00223
2371.23 -0.00217
2371.35 -0.00215
2371.47 -0.00241
2371.59 -0.00308
2371.71 -0.00379
2371.84 -0.00387
2371.96 -0.00312
2372.08 -0.00206
2372.2 -0.00132
2372.32 -0.00114
2372.44 -0.00146
2372.56 -0.00213
2372.68 -0.00296
2372.8 -0.0037
2372.92 -0.00402
2373.04 -0.00377
2373.16 -0.00314
2373.28 -0.00243
2373.4 -0.00185
2373.52 -0.00159
2373.64 -0.00176
2373.76 -0.00227
2373.88 -0.00279
2374.01 -0.00297
2374.13 -0.00273
2374.25 -0.00234
2374.37 -0.002
2374.49 -0.00166
2374.61 -0.00133
2374.73 -0.00118
2374.85 -0.00144
2374.97 -0.00203
2375.09 -0.00253
2375.21 -0.00259
2375.33 -0.00223
2375.45 -0.00181
2375.57 -0.00161
2375.69 -0.00176
2375.81 -0.00221
2375.93 -0.00272
2376.05 -0.00298
2376.18 -0.00281
2376.3 -0.00236
2376.42 -0.00198
2376.54 -0.00187
2376.66 -0.00197
2376.78 -0.00211
2376.9 -0.00224
2377.02 -0.00238
2377.14 -0.00245
2377.26 -0.00234
2377.38 -0.00211
2377.5 -0.00196
2377.62 -0.00201
2377.74 -0.00207
2377.86 -0.00193
2377.98 -0.0016
2378.1 -0.0014
2378.22 -0.00145
2378.34 -0.00152
2378.47 -0.00132
2378.59 -9.57459E-4
2378.71 -8.64506E-4
2378.83 -0.00128
2378.95 -0.00195
2379.07 -0.00237
2379.19 -0.00235
2379.31 -0.00208
2379.43 -0.00188
2379.55 -0.00184
2379.67 -0.00181
2379.79 -0.00162
2379.91 -0.00126
2380.03 -9.54103E-4
2380.15 -9.98653E-4
2380.27 -0.0015
2380.39 -0.00217
2380.51 -0.00255
2380.64 -0.00244
2380.76 -0.00211
2380.88 -0.0019
2381 -0.00195
2381.12 -0.00208
2381.24 -0.00213
2381.36 -0.00209
2381.48 -0.002
2381.6 -0.00187
2381.72 -0.00176
2381.84 -0.00176
2381.96 -0.00186
2382.08 -0.00187
2382.2 -0.00164
2382.32 -0.00129
2382.44 -0.00112
2382.56 -0.00133
2382.68 -0.00184
2382.81 -0.00232
2382.93 -0.00238
2383.05 -0.00184
2383.17 -9.67793E-4
2383.29 -3.55251E-4
2383.41 -4.65542E-4
2383.53 -0.00119
2383.65 -0.00193
2383.77 -0.00211
2383.89 -0.00169
2384.01 -0.00109
2384.13 -6.72329E-4
2384.25 -5.12771E-4
2384.37 -4.97848E-4
2384.49 -5.97637E-4
2384.61 -9.01729E-4
2384.73 -0.00142
2384.85 -0.00194
2384.98 -0.00221
2385.1 -0.00215
2385.22 -0.00192
2385.34 -0.00173
2385.46 -0.00157
2385.58 -0.00141
2385.7 -0.00127
2385.82 -0.0013
2385.94 -0.00148
2386.06 -0.00163
2386.18 -0.00158
2386.3 -0.00145
2386.42 -0.00146
2386.54 -0.00173
2386.66 -0.00205
2386.78 -0.00208
2386.9 -0.00165
2387.02 -9.65562E-4
2387.15 -4.55949E-4
2387.27 -4.21323E-4
2387.39 -7.4967E-4
2387.51 -0.00105
2387.63 -0.00108
2387.75 -9.69801E-4
2387.87 -0.00107
2387.99 -0.00149
2388.11 -0.00197
2388.23 -0.00214
2388.35 -0.00183
2388.47 -0.00131
2388.59 -9.5965E-4
2388.71 -9.882E-4
2388.83 -0.0012
2388.95 -0.00124
2389.07 -9.48314E-4
2389.19 -5.53649E-4
2389.32 -3.79249E-4
2389.44 -5.36799E-4
2389.56 -8.69453E-4
2389.68 -0.00115
2389.8 -0.00123
2389.92 -0.00109
2390.04 -7.82713E-4
2390.16 -4.51244E-4
2390.28 -2.79509E-4
2390.4 -3.9478E-4
2390.52 -7.93852E-4
2390.64 -0.00134
2390.76 -0.00181
2390.88 -0.00196
2391 -0.00174
2391.12 -0.00135
2391.24 -0.0011
2391.36 -0.00115
2391.49 -0.00137
2391.61 -0.00153
2391.73 -0.00162
2391.85 -0.00175
2391.97 -0.00195
2392.09 -0.00211
2392.21 -0.00205
2392.33 -0.00172
2392.45 -0.00121
2392.57 -7.14522E-4
2392.69 -4.07796E-4
2392.81 -4.09305E-4
2392.93 -7.10461E-4
2393.05 -0.00116
2393.17 -0.00157
2393.29 -0.00182
2393.41 -0.00197
2393.53 -0.00209
2393.66 -0.00217
2393.78 -0.00213
2393.9 -0.00197
2394.02 -0.00187
2394.14 -0.00197
2394.26 -0.00221
2394.38 -0.00238
2394.5 -0.00241
2394.62 -0.00236
2394.74 -0.00235
2394.86 -0.00232
2394.98 -0.00224
2395.1 -0.00226
2395.22 -0.00248
2395.34 -0.00279
2395.46 -0.00285
2395.58 -0.00255
2395.7 -0.00212
2395.82 -0.00187
2395.95 -0.00178
2396.07 -0.00162
2396.19 -0.00135
2396.31 -0.00122
2396.43 -0.00147
2396.55 -0.00197
2396.67 -0.00235
2396.79 -0.00242
2396.91 -0.00232
2397.03 -0.00228
2397.15 -0.00239
2397.27 -0.00262
2397.39 -0.00286
2397.51 -0.00303
2397.63 -0.00304
2397.75 -0.00293
2397.87 -0.00291
2397.99 -0.00309
2398.12 -0.00332
2398.24 -0.00325
2398.36 -0.00272
2398.48 -0.0019
2398.6 -0.00106
2398.72 -4.36544E-4
2398.84 -2.18593E-4
2398.96 -5.13922E-4
2399.08 -0.00117
2399.2 -0.00178
2399.32 -0.00197
2399.44 -0.00185
2399.56 -0.00173
2399.68 -0.00177
2399.8 -0.00179
2399.92 -0.0016
2400.04 -0.00124
2400.16 -8.18878E-4
2400.29 -3.76508E-4
2400.41 6.55651E-7
2400.53 8.07568E-5
2400.65 -2.66101E-4
2400.77 -8.06347E-4
2400.89 -0.00114
2401.01 -0.00114
2401.13 -0.0011
2401.25 -0.00129
2401.37 -0.00162
2401.49 -0.00183
2401.61 -0.0018
2401.73 -0.00171
2401.85 -0.00178
2401.97 -0.00201
2402.09 -0.00217
2402.21 -0.00203
2402.33 -0.0016
2402.46 -0.00112
2402.58 -8.72482E-4
2402.7 -9.38408E-4
2402.82 -0.00113
2402.94 -0.00123
2403.06 -0.00124
2403.18 -0.00135
2403.3 -0.00166
2403.42 -0.00198
2403.54 -0.00206
2403.66 -0.00189
2403.78 -0.0017
2403.9 -0.00173
2404.02 -0.00196
2404.14 -0.00213
2404.26 -0.00196
2404.38 -0.00145
2404.5 -8.28944E-4
2404.62 -4.77079E-4
2404.75 -5.94504E-4
2404.87 -0.00102
2404.99 -0.00134
2405.11 -0.00131
2405.23 -0.00109
2405.35 -9.99596E-4
2405.47 -0.00112
2405.59 -0.00123
2405.71 -0.00123
2405.83 -0.00131
2405.95 -0.00166
2406.07 -0.00217
2406.19 -0.00256
2406.31 -0.0027
2406.43 -0.0027
2406.55 -0.00256
2406.67 -0.00219
2406.79 -0.00161
2406.92 -0.00112
2407.04 -9.51648E-4
2407.16 -0.00104
2407.28 -0.00118
2407.4 -0.00131
2407.52 -0.0015
2407.64 -0.0017
2407.76 -0.00171
2407.88 -0.00141
2408 -9.62891E-4
2408.12 -6.59719E-4
2408.24 -6.58907E-4
2408.36 -8.99695E-4
2408.48 -0.00121
2408.6 -0.00141
2408.72 -0.00133
2408.84 -8.98674E-4
2408.96 -2.7499E-4
2409.09 1.90906E-4
2409.21 1.8312E-4
2409.33 -2.72423E-4
2409.45 -7.88283E-4
2409.57 -9.92108E-4
2409.69 -9.27545E-4
2409.81 -0.00101
2409.93 -0.00151
2410.05 -0.00223
2410.17 -0.0027
2410.29 -0.00269
2410.41 -0.00241
2410.53 -0.00215
2410.65 -0.00199
2410.77 -0.00189
2410.89 -0.00197
2411.01 -0.00236
2411.13 -0.00285
2411.26 -0.00298
2411.38 -0.00253
2411.5 -0.00184
2411.62 -0.00142
2411.74 -0.00146
2411.86 -0.00172
2411.98 -0.00194
2412.1 -0.00212
2412.22 -0.00228
2412.34 -0.00216
2412.46 -0.00157
2412.58 -7.42704E-4
2412.7 -3.26872E-4
2412.82 -7.05257E-4
2412.94 -0.00154
2413.06 -0.0021
2413.18 -0.00199
2413.3 -0.0015
2413.43 -0.00115
2413.55 -0.00112
2413.67 -0.0012
2413.79 -0.0011
2413.91 -8.27346E-4
2414.03 -6.51628E-4
2414.15 -7.91993E-4
2414.27 -0.00123
2414.39 -0.00172
2414.51 -0.00198
2414.63 -0.00193
2414.75 -0.00175
2414.87 -0.00167
2414.99 -0.00179
2415.11 -0.00198
2415.23 -0.00207
2415.35 -0.002
2415.47 -0.00185
2415.6 -0.00172
2415.72 -0.00164
2415.84 -0.0016
2415.96 -0.00158
2416.08 -0.00162
2416.2 -0.00167
2416.32 -0.00158
2416.44 -0.00125
2416.56 -7.00433E-4
2416.68 -2.00618E-4
2416.8 1.63503E-5
2416.92 -3.89293E-5
2417.04 -1.8454E-4
2417.16 -3.74619E-4
2417.28 -7.57124E-4
2417.4 -0.00138
2417.52 -0.00196
2417.64 -0.00216
2417.77 -0.00194
2417.89 -0.00162
2418.01 -0.00144
2418.13 -0.00131
2418.25 -0.00105
2418.37 -6.60304E-4
2418.49 -4.07442E-4
2418.61 -5.45632E-4
2418.73 -0.0011
2418.85 -0.00186
2418.97 -0.00246
2419.09 -0.00263
2419.21 -0.00242
2419.33 -0.00214
2419.45 -0.00209
2419.57 -0.00227
2419.69 -0.00238
2419.81 -0.00217
2419.94 -0.00177
2420.06 -0.0015
2420.18 -0.00162
2420.3 -0.00204
2420.42 -0.00245
2420.54 -0.00264
2420.66 -0.00264
2420.78 -0.00263
2420.9 -0.00272
2421.02 -0.00272
2421.14 -0.00238
2421.26 -0.00173
2421.38 -0.0011
2421.5 -9.11482E-4
2421.62 -0.00118
2421.74 -0.00154
2421.86 -0.00162
2421.98 -0.00144
2422.1 -0.00131
2422.23 -0.0014
2422.35 -0.00157
2422.47 -0.00157
2422.59 -0.00144
2422.71 -0.00146
2422.83 -0.00181
2422.95 -0.00227
2423.07 -0.00252
2423.19 -0.00237
2423.31 -0.0019
2423.43 -0.00129
2423.55 -7.76615E-4
2423.67 -6.87685E-4
2423.79 -0.00124
2423.91 -0.00219
2424.03 -0.00284
2424.15 -0.00256
2424.27 -0.00139
2424.4 -5.60805E-5
2424.52 5.4621E-4
2424.64 2.9292E-5
2424.76 -0.00123
2424.88 -0.00236
2425 -0.00265
2425.12 -0.002
2425.24 -9.97305E-4
2425.36 -4.02551E-4
2425.48 -5.56521E-4
2425.6 -0.00123
2425.72 -0.00192
2425.84 -0.00231
2425.96 -0.00241
2426.08 -0.00245
2426.2 -0.00253
2426.32 -0.00254
2426.44 -0.00225
2426.57 -0.00158
2426.69 -7.56141E-4
2426.81 -1.73513E-4
2426.93 -5.76936E-5
2427.05 -3.24517E-4
2427.17 -7.24543E-4
2427.29 -0.00107
2427.41 -0.00129
2427.53 -0.00141
2427.65 -0.00147
2427.77 -0.0015
2427.89 -0.00151
2428.01 -0.00142
2428.13 -0.00126
2428.25 -0.00117
2428.37 -0.00132
2428.49 -0.00167
2428.61 -0.00191
2428.74 -0.00186
2428.86 -0.00165
2428.98 -0.00156
2429.1 -0.00165
2429.22 -0.00164
2429.34 -0.00141
2429.46 -0.0011
2429.58 -9.88271E-4
2429.7 -0.00107
2429.82 -0.00112
2429.94 -0.00106
2430.06 -0.00107
2430.18 -0.00125
2430.3 -0.00146
2430.42 -0.00145
2430.54 -0.00118
2430.66 -7.88573E-4
2430.78 -4.49277E-4
2430.91 -2.29597E-4
2431.03 -1.90925E-4
2431.15 -4.01475E-4
2431.27 -8.28333E-4
2431.39 -0.0013
2431.51 -0.00165
2431.63 -0.00185
2431.75 -0.00203
2431.87 -0.00227
2431.99 -0.00251
2432.11 -0.00255
2432.23 -0.00224
2432.35 -0.00171
2432.47 -0.00136
2432.59 -0.00148
2432.71 -0.00187
2432.83 -0.00206
2432.95 -0.00176
2433.07 -0.00124
2433.2 -9.45512E-4
2433.32 -0.00107
2433.44 -0.00136
2433.56 -0.00148
2433.68 -0.00126
2433.8 -8.27041E-4
2433.92 -4.60234E-4
2434.04 -3.83522E-4
2434.16 -5.88551E-4
2434.28 -8.29905E-4
2434.4 -8.7174E-4
2434.52 -7.5512E-4
2434.64 -7.58637E-4
2434.76 -0.00108
2434.88 -0.00159
2435 -0.00201
2435.12 -0.00214
2435.24 -0.00201
2435.37 -0.00176
2435.49 -0.00156
2435.61 -0.0015
2435.73 -0.00156
2435.85 -0.00164
2435.97 -0.00164
2436.09 -0.00156
2436.21 -0.00144
2436.33 -0.00124
2436.45 -8.70313E-4
2436.57 -3.7225E-4
2436.69 3.13669E-6
2436.81 -8.27052E-5
2436.93 -7.0262E-4
2437.05 -0.00151
2437.17 -0.00197
2437.29 -0.0019
2437.41 -0.0016
2437.54 -0.00157
2437.66 -0.00199
2437.78 -0.00257
2437.9 -0.00291
2438.02 -0.00285
2438.14 -0.00254
2438.26 -0.00222
2438.38 -0.00195
2438.5 -0.00165
2438.62 -0.00121
2438.74 -6.68935E-4
2438.86 -2.68664E-4
2438.98 -2.66764E-4
2439.1 -6.7421E-4
2439.22 -0.00116
2439.34 -0.00135
2439.46 -0.00123
2439.58 -0.00113
2439.71 -0.00136
2439.83 -0.00178
2439.95 -0.00198
2440.07 -0.0017
2440.19 -0.00108
2440.31 -5.45233E-4
2440.43 -4.94014E-4
2440.55 -0.00109
2440.67 -0.00213
2440.79 -0.00308
2440.91 -0.00337
2441.03 -0.00285
2441.15 -0.00197
2441.27 -0.00139
2441.39 -0.00136
2441.51 -0.00158
2441.63 -0.00167
2441.75 -0.00166
2441.88 -0.00184
2442 -0.0023
2442.12 -0.00274
2442.24 -0.00279
2442.36 -0.00243
2442.48 -0.00196
2442.6 -0.00161
2442.72 -0.00147
2442.84 -0.00157
2442.96 -0.00195
2443.08 -0.00251
2443.2 -0.0029
2443.32 -0.00283
2443.44 -0.00236
2443.56 -0.00189
2443.68 -0.00175
2443.8 -0.00198
2443.92 -0.0023
2444.05 -0.00246
2444.17 -0.00232
2444.29 -0.00194
2444.41 -0.00147
2444.53 -0.00114
2444.65 -0.00104
2444.77 -0.00112
2444.89 -0.00127
2445.01 -0.00144
2445.13 -0.00163
2445.25 -0.00187
2445.37 -0.00204
2445.49 -0.00202
2445.61 -0.00174
2445.73 -0.00125
2445.85 -7.3253E-4
2445.97 -3.47003E-4
2446.09 -1.5562E-4
2446.22 -1.09948E-4
2446.34 -1.79E-4
2446.46 -4.09693E-4
2446.58 -8.27368E-4
2446.7 -0.00133
2446.82 -0.00177
2446.94 -0.00207
2447.06 -0.00228
2447.18 -0.00239
2447.3 -0.00232
2447.42 -0.00207
2447.54 -0.00179
2447.66 -0.00164
2447.78 -0.00166
2447.9 -0.00176
2448.02 -0.0018
2448.14 -0.00175
2448.26 -0.00169
2448.39 -0.00174
2448.51 -0.00194
2448.63 -0.00216
2448.75 -0.0021
2448.87 -0.00164
2448.99 -9.86252E-4
2449.11 -5.27367E-4
2449.23 -4.62648E-4
2449.35 -6.49445E-4
2449.47 -8.4893E-4
2449.59 -0.00102
2449.71 -0.00131
2449.83 -0.00175
2449.95 -0.00216
2450.07 -0.00221
2450.19 -0.00183
2450.31 -0.00128
2450.43 -0.00102
2450.55 -0.00131
2450.68 -0.00191
2450.8 -0.00231
2450.92 -0.0022
2451.04 -0.0018
2451.16 -0.00158
2451.28 -0.00177
2451.4 -0.00209
2451.52 -0.00208
2451.64 -0.0016
2451.76 -9.21458E-4
2451.88 -5.0262E-4
2452 -6.58799E-4
2452.12 -0.00138
2452.24 -0.00234
2452.36 -0.00307
2452.48 -0.00321
2452.6 -0.00278
2452.72 -0.00217
2452.85 -0.00178
2452.97 -0.0017
2453.09 -0.00169
2453.21 -0.00158
2453.33 -0.00142
2453.45 -0.00137
2453.57 -0.00147
2453.69 -0.00154
2453.81 -0.0015
2453.93 -0.00149
2454.05 -0.00173
2454.17 -0.00227
2454.29 -0.00281
2454.41 -0.00304
2454.53 -0.00282
2454.65 -0.00225
2454.77 -0.00158
2454.89 -0.00106
2455.02 -9.07246E-4
2455.14 -0.00113
2455.26 -0.00149
2455.38 -0.00165
2455.5 -0.00157
2455.62 -0.00151
2455.74 -0.00178
2455.86 -0.00227
2455.98 -0.00259
2456.1 -0.00244
2456.22 -0.00196
2456.34 -0.00154
2456.46 -0.00142
2456.58 -0.00164
2456.7 -0.00207
2456.82 -0.00253
2456.94 -0.0028
2457.06 -0.00267
2457.19 -0.0022
2457.31 -0.00162
2457.43 -0.00117
2457.55 -9.24323E-4
2457.67 -8.32856E-4
2457.79 -8.5973E-4
2457.91 -9.55041E-4
2458.03 -0.00103
2458.15 -0.00107
2458.27 -0.00118
2458.39 -0.00148
2458.51 -0.00191
2458.63 -0.00223
2458.75 -0.00222
2458.87 -0.002
2458.99 -0.00189
2459.11 -0.00204
2459.23 -0.00224
2459.36 -0.00212
2459.48 -0.00156
2459.6 -9.41426E-4
2459.72 -7.93636E-4
2459.84 -0.00123
2459.96 -0.0018
2460.08 -0.00193
2460.2 -0.0015
2460.32 -9.42308E-4
2460.44 -7.68427E-4
2460.56 -0.00111
2460.68 -0.0017
2460.8 -0.00222
2460.92 -0.00252
2461.04 -0.00267
2461.16 -0.00276
2461.28 -0.00276
2461.4 -0.00266
2461.53 -0.00256
2461.65 -0.00264
2461.77 -0.00286
2461.89 -0.00294
2462.01 -0.00258
2462.13 -0.00184
2462.25 -0.00116
2462.37 -9.45199E-4
2462.49 -0.00124
2462.61 -0.00179
2462.73 -0.00223
2462.85 -0.00237
2462.97 -0.00222
2463.09 -0.00195
2463.21 -0.00174
2463.33 -0.00166
2463.45 -0.00165
2463.57 -0.00167
2463.7 -0.00182
2463.82 -0.00213
2463.94 -0.00242
2464.06 -0.00252
2464.18 -0.0024
2464.3 -0.00228
2464.42 -0.00228
2464.54 -0.00237
2464.66 -0.00245
2464.78 -0.00244
2464.9 -0.00233
2465.02 -0.00205
2465.14 -0.00162
2465.26 -0.00126
2465.38 -0.00122
2465.5 -0.00151
2465.62 -0.0019
2465.74 -0.00213
2465.86 -0.00211
2465.99 -0.00194
2466.11 -0.00176
2466.23 -0.00167
2466.35 -0.00173
2466.47 -0.0019
2466.59 -0.00209
2466.71 -0.00208
2466.83 -0.00173
2466.95 -0.0011
2467.07 -5.59114E-4
2467.19 -5.41661E-4
2467.31 -0.00119
2467.43 -0.00215
2467.55 -0.00279
2467.67 -0.00279
2467.79 -0.00238
2467.91 -0.00207
2468.03 -0.00209
2468.16 -0.00221
2468.28 -0.00207
2468.4 -0.00167
2468.52 -0.00132
2468.64 -0.00129
2468.76 -0.0015
2468.88 -0.00165
2469 -0.00158
2469.12 -0.00129
2469.24 -8.86843E-4
2469.36 -5.76545E-4
2469.48 -6.74479E-4
2469.6 -0.0013
2469.72 -0.00207
2469.84 -0.00237
2469.96 -0.00196
2470.08 -0.00132
2470.2 -0.00103
2470.33 -0.00119
2470.45 -0.00134
2470.57 -0.0011
2470.69 -5.29055E-4
2470.81 -4.97699E-6
2470.93 8.5827E-5
2471.05 -4.83491E-4
2471.17 -0.00159
2471.29 -0.0027
2471.41 -0.00322
2471.53 -0.00302
2471.65 -0.00252
2471.77 -0.00216
2471.89 -0.00195
2472.01 -0.00171
2472.13 -0.00156
2472.25 -0.00171
2472.37 -0.00205
2472.5 -0.00215
2472.62 -0.00182
2472.74 -0.00135
2472.86 -0.00114
2472.98 -0.0012
2473.1 -0.00129
2473.22 -0.0013
2473.34 -0.00136
2473.46 -0.00154
2473.58 -0.00177
2473.7 -0.00192
2473.82 -0.00205
2473.94 -0.00221
2474.06 -0.00237
2474.18 -0.00236
2474.3 -0.00208
2474.42 -0.00165
2474.54 -0.0013
2474.67 -0.00125
2474.79 -0.00139
2474.91 -0.00144
2475.03 -0.00119
2475.15 -7.46448E-4
2475.27 -4.68723E-4
2475.39 -6.16699E-4
2475.51 -0.00117
2475.63 -0.00186
2475.75 -0.00234
2475.87 -0.00239
2475.99 -0.00203
2476.11 -0.00155
2476.23 -0.00132
2476.35 -0.00143
2476.47 -0.00172
2476.59 -0.00193
2476.71 -0.002
2476.83 -0.00199
2476.96 -0.00188
2477.08 -0.00165
2477.2 -0.00138
2477.32 -0.00126
2477.44 -0.00137
2477.56 -0.00159
2477.68 -0.00181
2477.8 -0.00203
2477.92 -0.00226
2478.04 -0.00244
2478.16 -0.00244
2478.28 -0.00226
2478.4 -0.00206
2478.52 -0.00203
2478.64 -0.00222
2478.76 -0.00248
2478.88 -0.00258
2479 -0.00237
2479.13 -0.00195
2479.25 -0.00163
2479.37 -0.00163
2479.49 -0.00182
2479.61 -0.00187
2479.73 -0.00167
2479.85 -0.00145
2479.97 -0.00143
2480.09 -0.0015
2480.21 -0.00138
2480.33 -0.0011
2480.45 -9.97946E-4
2480.57 -0.0013
2480.69 -0.00175
2480.81 -0.00189
2480.93 -0.00162
2481.05 -0.00132
2481.17 -0.00136
2481.3 -0.00174
2481.42 -0.00209
2481.54 -0.00213
2481.66 -0.00191
2481.78 -0.00169
2481.9 -0.00164
2482.02 -0.00174
2482.14 -0.00187
2482.26 -0.00194
2482.38 -0.00191
2482.5 -0.00176
2482.62 -0.0015
2482.74 -0.00125
2482.86 -0.00122
2482.98 -0.0014
2483.1 -0.00156
2483.22 -0.00146
2483.34 -0.0011
2483.47 -7.39787E-4
2483.59 -6.74877E-4
2483.71 -9.5275E-4
2483.83 -0.00137
2483.95 -0.00166
2484.07 -0.00171
2484.19 -0.00168
2484.31 -0.00178
2484.43 -0.00204
2484.55 -0.00221
2484.67 -0.00197
2484.79 -0.00135
2484.91 -7.62105E-4
2485.03 -6.07323E-4
2485.15 -8.85986E-4
2485.27 -0.00126
2485.39 -0.00145
2485.51 -0.00147
2485.64 -0.00153
2485.76 -0.0017
2485.88 -0.00189
2486 -0.00197
2486.12 -0.00186
2486.24 -0.00167
2486.36 -0.00162
2486.48 -0.00189
2486.6 -0.00235
2486.72 -0.00264
2486.84 -0.00256
2486.96 -0.00231
2487.08 -0.00222
2487.2 -0.00224
2487.32 -0.00209
2487.44 -0.00176
2487.56 -0.00165
2487.68 -0.00207
2487.81 -0.00267
2487.93 -0.00277
2488.05 -0.00222
2488.17 -0.00158
2488.29 -0.00137
2488.41 -0.0015
2488.53 -0.00156
2488.65 -0.00142
2488.77 -0.00134
2488.89 -0.0015
2489.01 -0.00178
2489.13 -0.00195
2489.25 -0.00203
2489.37 -0.00209
2489.49 -0.00213
2489.61 -0.00209
2489.73 -0.00198
2489.85 -0.00195
2489.98 -0.00196
2490.1 -0.00183
2490.22 -0.00141
2490.34 -8.37438E-4
2490.46 -4.17657E-4
2490.58 -3.90928E-4
2490.7 -7.48768E-4
2490.82 -0.00131
2490.94 -0.00188
2491.06 -0.00226
2491.18 -0.00226
2491.3 -0.00182
2491.42 -0.00116
2491.54 -6.71398E-4
2491.66 -5.94191E-4
2491.78 -7.97842E-4
2491.9 -0.00103
2492.02 -0.00123
2492.15 -0.00152
2492.27 -0.00185
2492.39 -0.002
2492.51 -0.00184
2492.63 -0.00156
2492.75 -0.00141
2492.87 -0.00145
2492.99 -0.00153
2493.11 -0.00153
2493.23 -0.00146
2493.35 -0.00138
2493.47 -0.00137
2493.59 -0.00145
2493.71 -0.00155
2493.83 -0.00147
2493.95 -0.00118
2494.07 -9.39533E-4
2494.19 -0.00107
2494.31 -0.00153
2494.44 -0.00196
2494.56 -0.00209
2494.68 -0.00193
2494.8 -0.0016
2494.92 -0.00116
2495.04 -7.60876E-4
2495.16 -6.67702E-4
2495.28 -9.7527E-4
2495.4 -0.00137
2495.52 -0.00146
2495.64 -0.00128
2495.76 -0.00122
2495.88 -0.00155
2496 -0.00205
2496.12 -0.00238
2496.24 -0.00236
2496.36 -0.0021
2496.48 -0.00178
2496.61 -0.00161
2496.73 -0.00167
2496.85 -0.00183
2496.97 -0.00183
2497.09 -0.00159
2497.21 -0.0014
2497.33 -0.00152
2497.45 -0.0018
2497.57 -0.00181
2497.69 -0.00148
2497.81 -0.00115
2497.93 -0.0012
2498.05 -0.00154
2498.17 -0.00181
2498.29 -0.00181
2498.41 -0.00167
2498.53 -0.00156
2498.65 -0.00156
2498.78 -0.00159
2498.9 -0.00157
2499.02 -0.00145
2499.14 -0.00119
2499.26 -8.64126E-4
2499.38 -6.21691E-4
2499.5 -5.606E-4
2499.62 -6.64279E-4
2499.74 -8.74721E-4
2499.86 -0.0012
2499.98 -0.00166
2500.1 -0.00221
2500.22 -0.00267
2500.34 -0.0029
2500.46 -0.00289
2500.58 -0.00271
2500.7 -0.00245
2500.82 -0.0022
2500.95 -0.00207
2501.07 -0.00215
2501.19 -0.00238
2501.31 -0.00249
2501.43 -0.00225
2501.55 -0.0017
2501.67 -0.00111
2501.79 -8.14866E-4
2501.91 -8.67967E-4
2502.03 -0.00107
2502.15 -0.00121
2502.27 -0.0012
2502.39 -0.00111
2502.51 -9.91318E-4
2502.63 -8.87595E-4
2502.75 -9.01476E-4
2502.87 -0.00114
2502.99 -0.00158
2503.11 -0.0021
2503.24 -0.0026
2503.36 -0.00304
2503.48 -0.00333
2503.6 -0.00329
2503.72 -0.00275
2503.84 -0.0019
2503.96 -0.00118
2504.08 -9.9181E-4
2504.2 -0.00131
2504.32 -0.00175
2504.44 -0.00189
2504.56 -0.00165
2504.68 -0.00126
2504.8 -0.00105
2504.92 -0.0011
2505.04 -0.0013
2505.16 -0.00157
2505.28 -0.00191
2505.41 -0.00227
2505.53 -0.0024
2505.65 -0.00214
2505.77 -0.00165
2505.89 -0.0013
2506.01 -0.00129
2506.13 -0.00151
2506.25 -0.00179
2506.37 -0.0021
2506.49 -0.00245
2506.61 -0.00269
2506.73 -0.0026
2506.85 -0.00218
2506.97 -0.00164
2507.09 -0.00119
2507.21 -8.73815E-4
2507.33 -6.59175E-4
2507.45 -5.02493E-4
2507.58 -3.33149E-4
2507.7 -8.84533E-5
2507.82 1.78929E-4
2507.94 3.05485E-4
2508.06 1.93797E-4
2508.18 -8.83825E-5
2508.3 -4.03013E-4
2508.42 -6.77329E-4
2508.54 -8.8961E-4
2508.66 -0.00102
2508.78 -0.00112
2508.9 -0.00132
2509.02 -0.00171
2509.14 -0.00215
2509.26 -0.00239
2509.38 -0.00233
2509.5 -0.00214
2509.62 -0.00207
2509.75 -0.00218
2509.87 -0.00237
2509.99 -0.0026
2510.11 -0.00284
2510.23 -0.00298
2510.35 -0.00274
2510.47 -0.00196
2510.59 -8.86004E-4
2510.71 -1.21076E-4
2510.83 -6.95325E-5
2510.95 -6.03605E-4
2511.07 -0.00124
2511.19 -0.00163
2511.31 -0.00177
2511.43 -0.0018
2511.55 -0.00177
2511.67 -0.00167
2511.79 -0.00159
2511.92 -0.00176
2512.04 -0.00229
2512.16 -0.00296
2512.28 -0.00331
2512.4 -0.00299
2512.52 -0.00216
2512.64 -0.00143
2512.76 -0.00128
2512.88 -0.00164
2513 -0.00204
2513.12 -0.00216
2513.24 -0.00217
2513.36 -0.00225
2513.48 -0.00227
2513.6 -0.00192
2513.72 -0.00127
2513.84 -8.13071E-4
2513.96 -8.90087E-4
2514.09 -0.00127
2514.21 -0.00145
2514.33 -0.00125
2514.45 -9.53861E-4
2514.57 -8.91499E-4
2514.69 -0.00105
2514.81 -0.00123
2514.93 -0.00135
2515.05 -0.00151
2515.17 -0.00177
2515.29 -0.00206
2515.41 -0.00229
2515.53 -0.00245
2515.65 -0.00252
2515.77 -0.00249
2515.89 -0.00237
2516.01 -0.00228
2516.13 -0.00235
2516.26 -0.00251
2516.38 -0.00251
2516.5 -0.00217
2516.62 -0.00157
2516.74 -9.72446E-4
2516.86 -6.71361E-4
2516.98 -8.03087E-4
2517.1 -0.00127
2517.22 -0.00177
2517.34 -0.00195
2517.46 -0.00174
2517.58 -0.00141
2517.7 -0.00133
2517.82 -0.0015
2517.94 -0.00159
2518.06 -0.00136
2518.18 -8.96271E-4
2518.3 -4.96957E-4
2518.43 -3.19645E-4
2518.55 -3.09952E-4
2518.67 -3.90355E-4
2518.79 -5.75893E-4
2518.91 -8.8663E-4
2519.03 -0.00124
2519.15 -0.00147
2519.27 -0.00149
2519.39 -0.00133
2519.51 -0.00122
2519.63 -0.00135
2519.75 -0.00173
2519.87 -0.00211
2519.99 -0.00231
2520.11 -0.00238
2520.23 -0.00254
2520.35 -0.00283
2520.47 -0.00304
2520.59 -0.00305
2520.72 -0.00294
2520.84 -0.00286
2520.96 -0.00278
2521.08 -0.00256
2521.2 -0.00223
2521.32 -0.002
2521.44 -0.00198
2521.56 -0.00201
2521.68 -0.0019
2521.8 -0.00169
2521.92 -0.00161
2522.04 -0.0018
2522.16 -0.00218
2522.28 -0.00248
2522.4 -0.00253
2522.52 -0.00233
2522.64 -0.00206
2522.76 -0.00194
2522.89 -0.00205
2523.01 -0.00225
2523.13 -0.00228
2523.25 -0.00202
2523.37 -0.00163
2523.49 -0.00138
2523.61 -0.00134
2523.73 -0.00136
2523.85 -0.0013
2523.97 -0.00126
2524.09 -0.00149
2524.21 -0.00199
2524.33 -0.00241
2524.45 -0.00235
2524.57 -0.00194
2524.69 -0.0017
2524.81 -0.002
2524.93 -0.00257
2525.06 -0.0028
2525.18 -0.00245
2525.3 -0.00191
2525.42 -0.00167
2525.54 -0.00172
2525.66 -0.00165
2525.78 -0.0013
2525.9 -0.00101
2526.02 -0.0011
2526.14 -0.0015
2526.26 -0.00191
2526.38 -0.00224
2526.5 -0.00262
2526.62 -0.00297
2526.74 -0.00297
2526.86 -0.00254
2526.98 -0.00215
2527.1 -0.0023
2527.23 -0.00283
2527.35 -0.00307
2527.47 -0.0026
2527.59 -0.00176
2527.71 -0.00125
2527.83 -0.00142
2527.95 -0.00203
2528.07 -0.00256
2528.19 -0.00262
2528.31 -0.0022
2528.43 -0.00162
2528.55 -0.00125
2528.67 -0.00124
2528.79 -0.00135
2528.91 -0.00123
2529.03 -8.40794E-4
2529.15 -5.15699E-4
2529.27 -6.19851E-4
2529.4 -0.00113
2529.52 -0.00167
2529.64 -0.00195
2529.76 -0.00203
2529.88 -0.00212
2530 -0.00224
2530.12 -0.00221
2530.24 -0.00202
2530.36 -0.00196
2530.48 -0.00235
2530.6 -0.00302
2530.72 -0.00345
2530.84 -0.00329
2530.96 -0.00273
2531.08 -0.00225
2531.2 -0.00206
2531.32 -0.00204
2531.44 -0.00206
2531.56 -0.0021
2531.69 -0.00207
2531.81 -0.00184
2531.93 -0.00153
2532.05 -0.00151
2532.17 -0.00198
2532.29 -0.00258
2532.41 -0.00275
2532.53 -0.00238
2532.65 -0.00183
2532.77 -0.0015
2532.89 -0.00138
2533.01 -0.0013
2533.13 -0.00123
2533.25 -0.00125
2533.37 -0.00136
2533.49 -0.00144
2533.61 -0.00146
2533.73 -0.00155
2533.86 -0.00174
2533.98 -0.00191
2534.1 -0.00189
2534.22 -0.00165
2534.34 -0.00127
2534.46 -9.67402E-4
2534.58 -9.40371E-4
2534.7 -0.00124
2534.82 -0.00168
2534.94 -0.00195
2535.06 -0.00187
2535.18 -0.00152
2535.3 -0.00118
2535.42 -0.00101
2535.54 -0.00103
2535.66 -0.00119
2535.78 -0.00141
2535.9 -0.00165
2536.03 -0.00183
2536.15 -0.00187
2536.27 -0.0018
2536.39 -0.0017
2536.51 -0.00165
2536.63 -0.00156
2536.75 -0.00135
2536.87 -0.00109
2536.99 -0.00103
2537.11 -0.00127
2537.23 -0.0016
2537.35 -0.00167
2537.47 -0.00141
2537.59 -0.0011
2537.71 -0.00102
2537.83 -0.00116
2537.95 -0.00127
2538.07 -0.00118
2538.2 -9.43631E-4
2538.32 -6.9676E-4
2538.44 -5.30023E-4
2538.56 -4.72412E-4
2538.68 -5.15435E-4
2538.8 -6.27238E-4
2538.92 -7.90983E-4
2539.04 -0.00103
2539.16 -0.00134
2539.28 -0.0016
2539.4 -0.00164
2539.52 -0.00147
2539.64 -0.00132
2539.76 -0.00143
2539.88 -0.00179
2540 -0.00212
2540.12 -0.00218
2540.24 -0.00204
2540.37 -0.0019
2540.49 -0.00194
2540.61 -0.00219
2540.73 -0.00257
2540.85 -0.00299
2540.97 -0.00328
2541.09 -0.00322
2541.21 -0.00272
2541.33 -0.00194
2541.45 -0.00133
2541.57 -0.00125
2541.69 -0.00172
2541.81 -0.00235
2541.93 -0.00272
2542.05 -0.00271
2542.17 -0.00251
2542.29 -0.00238
2542.41 -0.00242
2542.54 -0.00256
2542.66 -0.00267
2542.78 -0.0026
2542.9 -0.00234
2543.02 -0.00203
2543.14 -0.00191
2543.26 -0.00207
2543.38 -0.00231
2543.5 -0.00242
2543.62 -0.00239
2543.74 -0.00249
2543.86 -0.00279
2543.98 -0.00307
2544.1 -0.00306
2544.22 -0.00274
2544.34 -0.00238
2544.46 -0.00214
2544.58 -0.00203
2544.71 -0.00198
2544.83 -0.00202
2544.95 -0.00209
2545.07 -0.00208
2545.19 -0.00192
2545.31 -0.00171
2545.43 -0.00163
2545.55 -0.0017
2545.67 -0.00178
2545.79 -0.00187
2545.91 -0.00204
2546.03 -0.0023
2546.15 -0.00249
2546.27 -0.00244
2546.39 -0.00222
2546.51 -0.00201
2546.63 -0.00184
2546.75 -0.00162
2546.88 -0.00133
2547 -0.00117
2547.12 -0.00145
2547.24 -0.00214
2547.36 -0.00288
2547.48 -0.00321
2547.6 -0.00302
2547.72 -0.00266
2547.84 -0.00249
2547.96 -0.00253
2548.08 -0.0025
2548.2 -0.00226
2548.32 -0.00211
2548.44 -0.00246
2548.56 -0.00322
2548.68 -0.0037
2548.8 -0.00332
2548.92 -0.00225
2549.04 -0.00135
2549.17 -0.00128
2549.29 -0.0019
2549.41 -0.00244
2549.53 -0.00242
2549.65 -0.00201
2549.77 -0.00171
2549.89 -0.00173
2550.01 -0.00196
2550.13 -0.00229
2550.25 -0.00277
2550.37 -0.00329
2550.49 -0.00349
2550.61 -0.00315
2550.73 -0.0025
2550.85 -0.00208
2550.97 -0.0022
2551.09 -0.00266
2551.21 -0.0031
2551.34 -0.00336
2551.46 -0.00341
2551.58 -0.00329
2551.7 -0.00302
2551.82 -0.00262
2551.94 -0.00215
2552.06 -0.00167
2552.18 -0.00129
2552.3 -0.0012
2552.42 -0.00146
2552.54 -0.00179
2552.66 -0.0018
2552.78 -0.00141
2552.9 -9.69216E-4
2553.02 -9.33323E-4
2553.14 -0.00136
2553.26 -0.00187
2553.38 -0.00204
2553.51 -0.00179
2553.63 -0.00143
2553.75 -0.00134
2553.87 -0.00154
2553.99 -0.00174
2554.11 -0.00159
2554.23 -0.00115
2554.35 -8.24012E-4
2554.47 -9.32675E-4
2554.59 -0.00138
2554.71 -0.00173
2554.83 -0.00173
2554.95 -0.0015
2555.07 -0.00139
2555.19 -0.00163
2555.31 -0.00212
2555.43 -0.0026
2555.55 -0.00285
2555.68 -0.00281
2555.8 -0.00252
2555.92 -0.00206
2556.04 -0.00154
2556.16 -0.00113
2556.28 -0.00103
2556.4 -0.00137
2556.52 -0.00202
2556.64 -0.00266
2556.76 -0.00295
2556.88 -0.00278
2557 -0.00232
2557.12 -0.00192
2557.24 -0.00178
2557.36 -0.00188
2557.48 -0.00202
2557.6 -0.00207
2557.72 -0.00204
2557.84 -0.00205
2557.97 -0.00211
2558.09 -0.00209
2558.21 -0.00192
2558.33 -0.00171
2558.45 -0.00167
2558.57 -0.00185
2558.69 -0.00201
2558.81 -0.00189
2558.93 -0.00146
2559.05 -9.77445E-4
2559.17 -8.00684E-4
2559.29 -0.0011
2559.41 -0.0017
2559.53 -0.0022
2559.65 -0.00233
2559.77 -0.00227
2559.89 -0.00247
2560.01 -0.00305
2560.14 -0.00353
2560.26 -0.00337
2560.38 -0.00262
2560.5 -0.00202
2560.62 -0.00211
2560.74 -0.00261
2560.86 -0.00283
2560.98 -0.00245
2561.1 -0.00183
2561.22 -0.00149
2561.34 -0.0016
2561.46 -0.00191
2561.58 -0.00208
2561.7 -0.00198
2561.82 -0.0018
2561.94 -0.0018
2562.06 -0.00203
2562.18 -0.00222
2562.31 -0.00205
2562.43 -0.0016
2562.55 -0.00122
2562.67 -0.00111
2562.79 -0.00114
2562.91 -0.00125
2563.03 -0.00161
2563.15 -0.00225
2563.27 -0.00276
2563.39 -0.00267
2563.51 -0.00213
2563.63 -0.00182
2563.75 -0.00212
2563.87 -0.00267
2563.99 -0.00284
2564.11 -0.00244
2564.23 -0.00176
2564.35 -0.00117
2564.48 -8.79217E-4
2564.6 -9.34709E-4
2564.72 -0.00116
2564.84 -0.00121
2564.96 -8.64472E-4
2565.08 -4.0482E-4
2565.2 -3.51284E-4
2565.32 -8.76177E-4
2565.44 -0.00156
2565.56 -0.00181
2565.68 -0.00144
2565.8 -7.42372E-4
2565.92 -1.59901E-4
2566.04 -6.05136E-5
2566.16 -5.53813E-4
2566.28 -0.00133
2566.4 -0.00177
2566.52 -0.00144
2566.65 -6.40765E-4
2566.77 -2.31188E-4
2566.89 -7.19272E-4
2567.01 -0.00172
2567.13 -0.00241
2567.25 -0.00243
2567.37 -0.00211
2567.49 -0.00192
2567.61 -0.00186
2567.73 -0.00168
2567.85 -0.00137
2567.97 -0.00126
2568.09 -0.00153
2568.21 -0.00197
2568.33 -0.0023
2568.45 -0.00245
2568.57 -0.00246
2568.69 -0.00227
2568.82 -0.00172
2568.94 -9.79412E-4
2569.06 -4.56862E-4
2569.18 -4.59202E-4
2569.3 -8.92267E-4
2569.42 -0.00146
2569.54 -0.00195
2569.66 -0.00231
2569.78 -0.00243
2569.9 -0.00226
2570.02 -0.00191
2570.14 -0.00159
2570.26 -0.00136
2570.38 -0.00116
2570.5 -0.00103
2570.62 -0.00113
2570.74 -0.00142
2570.86 -0.00166
2570.99 -0.00165
2571.11 -0.00159
2571.23 -0.00177
2571.35 -0.00209
2571.47 -0.00214
2571.59 -0.00174
2571.71 -0.00122
2571.83 -0.00107
2571.95 -0.00141
2572.07 -0.00191
2572.19 -0.00223
2572.31 -0.00228
2572.43 -0.00213
2572.55 -0.00185
2572.67 -0.00149
2572.79 -0.00119
2572.91 -0.00111
2573.03 -0.00129
2573.16 -0.00161
2573.28 -0.00185
2573.4 -0.00192
2573.52 -0.00183
2573.64 -0.00165
2573.76 -0.00143
2573.88 -0.00127
2574 -0.00135
2574.12 -0.00182
2574.24 -0.00255
2574.36 -0.00324
2574.48 -0.00358
2574.6 -0.00351
2574.72 -0.0032
2574.84 -0.00281
2574.96 -0.00242
2575.08 -0.00209
2575.2 -0.00183
2575.32 -0.00165
2575.45 -0.00154
2575.57 -0.00155
2575.69 -0.00167
2575.81 -0.00175
2575.93 -0.00163
2576.05 -0.0014
2576.17 -0.00137
2576.29 -0.00167
2576.41 -0.00204
2576.53 -0.00214
2576.65 -0.00202
2576.77 -0.00202
2576.89 -0.00231
2577.01 -0.00267
2577.13 -0.00283
2577.25 -0.00277
2577.37 -0.00268
2577.49 -0.00264
2577.62 -0.00256
2577.74 -0.00239
2577.86 -0.00218
2577.98 -0.00201
2578.1 -0.00189
2578.22 -0.00187
2578.34 -0.00188
2578.46 -0.00184
2578.58 -0.00165
2578.7 -0.0014
2578.82 -0.00128
2578.94 -0.00131
2579.06 -0.00136
2579.18 -0.00133
2579.3 -0.0013
2579.42 -0.00142
2579.54 -0.00158
2579.66 -0.00163
2579.79 -0.00158
2579.91 -0.00161
2580.03 -0.00176
2580.15 -0.00184
2580.27 -0.00173
2580.39 -0.00159
2580.51 -0.00168
2580.63 -0.0019
2580.75 -0.00197
2580.87 -0.00183
2580.99 -0.0018
2581.11 -0.0021
2581.23 -0.00248
2581.35 -0.00244
2581.47 -0.00182
2581.59 -9.6589E-4
2581.71 -4.09011E-4
2581.83 -3.7878E-4
2581.96 -7.55832E-4
2582.08 -0.00126
2582.2 -0.00163
2582.32 -0.00166
2582.44 -0.00136
2582.56 -8.84049E-4
2582.68 -5.11553E-4
2582.8 -4.22195E-4
2582.92 -6.23256E-4
2583.04 -9.98091E-4
2583.16 -0.00141
2583.28 -0.00175
2583.4 -0.00198
2583.52 -0.00204
2583.64 -0.00187
2583.76 -0.00144
2583.88 -9.48228E-4
2584 -7.40793E-4
2584.12 -0.00104
2584.25 -0.00172
2584.37 -0.00241
2584.49 -0.00282
2584.61 -0.00295
2584.73 -0.00294
2584.85 -0.00289
2584.97 -0.00281
2585.09 -0.00261
2585.21 -0.00228
2585.33 -0.00192
2585.45 -0.00173
2585.57 -0.00184
2585.69 -0.00205
2585.81 -0.00198
2585.93 -0.00145
2586.05 -7.79569E-4
2586.17 -4.82392E-4
2586.29 -7.73128E-4
2586.42 -0.00139
2586.54 -0.00188
2586.66 -0.00199
2586.78 -0.00171
2586.9 -0.00127
2587.02 -9.7977E-4
2587.14 -0.0011
2587.26 -0.0016
2587.38 -0.00209
2587.5 -0.0022
2587.62 -0.00201
2587.74 -0.00194
2587.86 -0.00224
2587.98 -0.00269
2588.1 -0.00283
2588.22 -0.00259
2588.34 -0.00224
2588.46 -0.00208
2588.59 -0.00208
2588.71 -0.00212
2588.83 -0.00218
2588.95 -0.00234
2589.07 -0.00255
2589.19 -0.00256
2589.31 -0.00219
2589.43 -0.00158
2589.55 -0.00108
2589.67 -9.79614E-4
2589.79 -0.00131
2589.91 -0.00181
2590.03 -0.00216
2590.15 -0.00224
2590.27 -0.00208
2590.39 -0.00179
2590.51 -0.00142
2590.63 -0.00115
2590.76 -0.00123
2590.88 -0.00171
2591 -0.00226
2591.12 -0.00245
2591.24 -0.00224
2591.36 -0.00199
2591.48 -0.00191
2591.6 -0.00178
2591.72 -0.00144
2591.84 -0.00117
2591.96 -0.00147
2592.08 -0.00228
2592.2 -0.00298
2592.32 -0.0031
2592.44 -0.00272
2592.56 -0.00212
2592.68 -0.00142
2592.8 -6.88601E-4
2592.93 -2.12736E-4
2593.05 -2.75131E-4
2593.17 -7.30235E-4
2593.29 -0.00112
2593.41 -0.00124
2593.53 -0.00129
2593.65 -0.00151
2593.77 -0.00178
2593.89 -0.00177
2594.01 -0.00141
2594.13 -8.94319E-4
2594.25 -5.08685E-4
2594.37 -4.04555E-4
2594.49 -6.00945E-4
2594.61 -9.86181E-4
2594.73 -0.00133
2594.85 -0.00139
2594.97 -0.00114
2595.1 -7.46865E-4
2595.22 -4.22724E-4
2595.34 -2.35423E-4
2595.46 -1.38767E-4
2595.58 -1.08536E-4
2595.7 -2.1464E-4
2595.82 -5.51213E-4
2595.94 -0.00111
2596.06 -0.00174
2596.18 -0.00226
2596.3 -0.00257
2596.42 -0.00268
2596.54 -0.00263
2596.66 -0.00238
2596.78 -0.00189
2596.9 -0.00122
2597.02 -5.54632E-4
2597.14 -1.06204E-4
2597.27 -3.58596E-5
2597.39 -3.64415E-4
2597.51 -9.09179E-4
2597.63 -0.00135
2597.75 -0.00145
2597.87 -0.00129
2597.99 -0.00119
2598.11 -0.00139
2598.23 -0.00183
2598.35 -0.00217
2598.47 -0.00213
2598.59 -0.00166
2598.71 -0.00105
2598.83 -6.81039E-4
2598.95 -7.26208E-4
2599.07 -9.92257E-4
2599.19 -0.00114
2599.31 -0.00109
2599.44 -0.00108
2599.56 -0.00138
2599.68 -0.00193
2599.8 -0.0024
2599.92 -0.00256
2600.04 -0.00238
2600.16 -0.0019
2600.28 -0.00123
2600.4 -6.81024E-4
2600.52 -6.79381E-4
2600.64 -0.00127
2600.76 -0.00191
2600.88 -0.00199
2601 -0.0016
2601.12 -0.00145
2601.24 -0.00197
2601.36 -0.00271
2601.48 -0.00289
2601.6 -0.00236
2601.73 -0.00173
2601.85 -0.00158
2601.97 -0.00175
2602.09 -0.0017
2602.21 -0.00123
2602.33 -6.90375E-4
2602.45 -4.7642E-4
2602.57 -6.13965E-4
2602.69 -8.64271E-4
2602.81 -0.00109
2602.93 -0.00133
2603.05 -0.00162
2603.17 -0.00187
2603.29 -0.00196
2603.41 -0.00187
2603.53 -0.00158
2603.65 -0.00112
2603.77 -6.54947E-4
2603.9 -4.75366E-4
2604.02 -7.73672E-4
2604.14 -0.00137
2604.26 -0.00185
2604.38 -0.00199
2604.5 -0.00195
2604.62 -0.00194
2604.74 -0.00191
2604.86 -0.00165
2604.98 -0.00125
2605.1 -0.00116
2605.22 -0.00155
2605.34 -0.00204
2605.46 -0.00208
2605.58 -0.00168
2605.7 -0.00144
2605.82 -0.00181
2605.94 -0.00254
2606.07 -0.00296
2606.19 -0.00275
2606.31 -0.00217
2606.43 -0.00166
2606.55 -0.0014
2606.67 -0.0013
2606.79 -0.00121
2606.91 -0.0011
2607.03 -0.00106
2607.15 -0.00125
2607.27 -0.00169
2607.39 -0.00211
2607.51 -0.00216
2607.63 -0.00179
2607.75 -0.00147
2607.87 -0.00165
2607.99 -0.00219
2608.11 -0.00251
2608.24 -0.00225
2608.36 -0.00169
2608.48 -0.00136
2608.6 -0.00139
2608.72 -0.00151
2608.84 -0.00148
2608.96 -0.00136
2609.08 -0.00135
2609.2 -0.0015
2609.32 -0.00181
2609.44 -0.00219
2609.56 -0.00246
2609.68 -0.00235
2609.8 -0.00188
2609.92 -0.00144
2610.04 -0.00148
2610.16 -0.00196
2610.28 -0.00236
2610.41 -0.00222
2610.53 -0.0016
2610.65 -8.94282E-4
2610.77 -5.20263E-4
2610.89 -6.32282E-4
2611.01 -0.00111
2611.13 -0.00166
2611.25 -0.00197
2611.37 -0.00195
2611.49 -0.00179
2611.61 -0.00168
2611.73 -0.00164
2611.85 -0.00156
2611.97 -0.0014
2612.09 -0.00127
2612.21 -0.00122
2612.33 -0.00118
2612.45 -0.00115
2612.58 -0.00131
2612.7 -0.00178
2612.82 -0.00244
2612.94 -0.00288
2613.06 -0.00278
2613.18 -0.00219
2613.3 -0.00151
2613.42 -0.00111
2613.54 -0.00104
2613.66 -0.00109
2613.78 -0.00111
2613.9 -0.00113
2614.02 -0.00123
2614.14 -0.00143
2614.26 -0.00165
2614.38 -0.00182
2614.5 -0.00187
2614.62 -0.00169
2614.75 -0.00127
2614.87 -8.0701E-4
2614.99 -6.53181E-4
2615.11 -9.85004E-4
2615.23 -0.00167
2615.35 -0.00238
2615.47 -0.00279
2615.59 -0.00273
2615.71 -0.00223
2615.83 -0.00156
2615.95 -0.00107
2616.07 -9.59642E-4
2616.19 -0.00118
2616.31 -0.00151
2616.43 -0.00179
2616.55 -0.00197
2616.67 -0.00207
2616.79 -0.00215
2616.91 -0.00225
2617.04 -0.00228
2617.16 -0.00206
2617.28 -0.00159
2617.4 -0.00113
2617.52 -0.00102
2617.64 -0.00127
2617.76 -0.00161
2617.88 -0.00174
2618 -0.00161
2618.12 -0.00135
2618.24 -0.00111
2618.36 -0.00102
2618.48 -0.00116
2618.6 -0.00146
2618.72 -0.00173
2618.84 -0.00176
2618.96 -0.00149
2619.08 -0.00107
2619.21 -7.35182E-4
2619.33 -7.05522E-4
2619.45 -0.00102
2619.57 -0.00149
2619.69 -0.00181
2619.81 -0.00181
2619.93 -0.00158
2620.05 -0.00135
2620.17 -0.00116
2620.29 -9.06426E-4
2620.41 -6.06336E-4
2620.53 -5.65972E-4
2620.65 -0.00111
2620.77 -0.00212
2620.89 -0.003
2621.01 -0.00318
2621.13 -0.00266
2621.25 -0.00197
2621.38 -0.00161
2621.5 -0.00162
2621.62 -0.00173
2621.74 -0.00172
2621.86 -0.00161
2621.98 -0.00152
2622.1 -0.0016
2622.22 -0.002
2622.34 -0.0027
2622.46 -0.00343
2622.58 -0.00372
2622.7 -0.00337
2622.82 -0.00261
2622.94 -0.0019
2623.06 -0.00149
2623.18 -0.00134
2623.3 -0.00135
2623.42 -0.00147
2623.55 -0.00158
2623.67 -0.00152
2623.79 -0.00125
2623.91 -9.51156E-4
2624.03 -8.04599E-4
2624.15 -7.57478E-4
2624.27 -6.19859E-4
2624.39 -3.65924E-4
2624.51 -2.26717E-4
2624.63 -4.33538E-4
2624.75 -9.3212E-4
2624.87 -0.0014
2624.99 -0.00154
2625.11 -0.00132
2625.23 -9.99007E-4
2625.35 -9.0966E-4
2625.47 -0.00126
2625.59 -0.002
2625.72 -0.00281
2625.84 -0.00335
2625.96 -0.00344
2626.08 -0.00314
2626.2 -0.00268
2626.32 -0.00228
2626.44 -0.00206
2626.56 -0.00209
2626.68 -0.00236
2626.8 -0.00277
2626.92 -0.00313
2627.04 -0.00322
2627.16 -0.00296
2627.28 -0.00244
2627.4 -0.00184
2627.52 -0.00142
2627.64 -0.00132
2627.76 -0.00145
2627.89 -0.00156
2628.01 -0.0015
2628.13 -0.00142
2628.25 -0.00156
2628.37 -0.00184
2628.49 -0.00196
2628.61 -0.00181
2628.73 -0.00175
2628.85 -0.00211
2628.97 -0.00263
2629.09 -0.00266
2629.21 -0.00201
2629.33 -0.00127
2629.45 -0.00119
2629.57 -0.00181
2629.69 -0.00259
2629.81 -0.00304
2629.93 -0.00308
2630.05 -0.00283
2630.18 -0.00239
2630.3 -0.00202
2630.42 -0.00207
2630.54 -0.00266
2630.66 -0.00337
2630.78 -0.00369
2630.9 -0.00359
2631.02 -0.00333
2631.14 -0.00298
2631.26 -0.00235
2631.38 -0.00153
2631.5 -0.00103
2631.62 -0.00123
2631.74 -0.00176
2631.86 -0.00194
2631.98 -0.00158
2632.1 -0.0012
2632.22 -0.00133
2632.35 -0.00186
2632.47 -0.00228
2632.59 -0.00229
2632.71 -0.00204
2632.83 -0.0018
2632.95 -0.00166
2633.07 -0.00159
2633.19 -0.00157
2633.31 -0.00162
2633.43 -0.00165
2633.55 -0.0015
2633.67 -0.00113
2633.79 -8.20097E-4
2633.91 -9.6209E-4
2634.03 -0.00165
2634.15 -0.00253
2634.27 -0.00305
2634.39 -0.00295
2634.52 -0.0024
2634.64 -0.00186
2634.76 -0.0016
2634.88 -0.00163
2635 -0.00168
2635.12 -0.00149
2635.24 -0.00102
2635.36 -6.16934E-4
2635.48 -7.07515E-4
2635.6 -0.00138
2635.72 -0.00215
2635.84 -0.00242
2635.96 -0.00205
2636.08 -0.00151
2636.2 -0.0013
2636.32 -0.00145
2636.44 -0.00158
2636.56 -0.00138
2636.69 -0.00102
2636.81 -8.82775E-4
2636.93 -0.00117
2637.05 -0.00173
2637.17 -0.00221
2637.29 -0.00234
2637.41 -0.00212
2637.53 -0.00183
2637.65 -0.00177
2637.77 -0.00192
2637.89 -0.00197
2638.01 -0.0017
2638.13 -0.00132
2638.25 -0.00128
2638.37 -0.00176
2638.49 -0.00245
2638.61 -0.00295
2638.73 -0.00311
2638.86 -0.00313
2638.98 -0.00318
2639.1 -0.00323
2639.22 -0.0031
2639.34 -0.00274
2639.46 -0.00227
2639.58 -0.00194
2639.7 -0.00188
2639.82 -0.00198
2639.94 -0.00198
2640.06 -0.00181
2640.18 -0.00168
2640.3 -0.00178
2640.42 -0.00192
2640.54 -0.00174
2640.66 -0.00119
2640.78 -6.77586E-4
2640.9 -6.33258E-4
2641.03 -0.00103
2641.15 -0.00147
2641.27 -0.00167
2641.39 -0.00161
2641.51 -0.00137
2641.63 -0.00107
2641.75 -9.76194E-4
2641.87 -0.00133
2641.99 -0.00198
2642.11 -0.0024
2642.23 -0.00217
2642.35 -0.00157
2642.47 -0.0013
2642.59 -0.00166
2642.71 -0.00226
2642.83 -0.00247
2642.95 -0.00214
2643.07 -0.00168
2643.2 -0.00159
2643.32 -0.00194
2643.44 -0.00242
2643.56 -0.00264
2643.68 -0.00256
2643.8 -0.00246
2643.92 -0.00257
2644.04 -0.00276
2644.16 -0.00263
2644.28 -0.00207
2644.4 -0.00154
2644.52 -0.00164
2644.64 -0.00233
2644.76 -0.00289
2644.88 -0.00275
2645 -0.00217
2645.12 -0.00187
2645.24 -0.00214
2645.36 -0.00254
2645.49 -0.00253
2645.61 -0.00215
2645.73 -0.00188
2645.85 -0.00201
2645.97 -0.00236
2646.09 -0.0027
2646.21 -0.00302
2646.33 -0.00338
2646.45 -0.00362
2646.57 -0.00348
2646.69 -0.00299
2646.81 -0.00251
2646.93 -0.00233
2647.05 -0.00247
2647.17 -0.00275
2647.29 -0.00296
2647.41 -0.00287
2647.53 -0.00231
2647.66 -0.00141
2647.78 -6.97508E-4
2647.9 -6.43261E-4
2648.02 -0.00119
2648.14 -0.00182
2648.26 -0.00208
2648.38 -0.00206
2648.5 -0.00206
2648.62 -0.00217
2648.74 -0.0022
2648.86 -0.00195
2648.98 -0.00151
2649.1 -0.00114
2649.22 -0.00101
2649.34 -0.00107
2649.46 -0.0012
2649.58 -0.00135
2649.7 -0.00161
2649.83 -0.00205
2649.95 -0.00254
2650.07 -0.00281
2650.19 -0.00268
2650.31 -0.00234
2650.43 -0.00206
2650.55 -0.00189
2650.67 -0.00166
2650.79 -0.00131
2650.91 -0.00109
2651.03 -0.00127
2651.15 -0.00178
2651.27 -0.00222
2651.39 -0.0023
2651.51 -0.00205
2651.63 -0.00177
2651.75 -0.00174
2651.87 -0.00202
2652 -0.00242
2652.12 -0.00266
2652.24 -0.00265
2652.36 -0.00257
2652.48 -0.00265
2652.6 -0.0028
2652.72 -0.00272
2652.84 -0.00233
2652.96 -0.00194
2653.08 -0.00181
2653.2 -0.0018
2653.32 -0.00153
2653.44 -9.20095E-4
2653.56 -2.98176E-4
2653.68 1.81757E-5
2653.8 -2.27764E-5
2653.92 -3.12645E-4
2654.04 -7.56539E-4
2654.17 -0.00121
2654.29 -0.00144
2654.41 -0.00138
2654.53 -0.00126
2654.65 -0.00135
2654.77 -0.00164
2654.89 -0.0018
2655.01 -0.00162
2655.13 -0.00127
2655.25 -0.00111
2655.37 -0.00135
2655.49 -0.00185
2655.61 -0.00227
2655.73 -0.00229
2655.85 -0.00184
2655.97 -0.00117
2656.09 -7.18236E-4
2656.21 -7.29781E-4
2656.33 -0.00105
2656.46 -0.0013
2656.58 -0.00129
2656.7 -0.00122
2656.82 -0.00142
2656.94 -0.00193
2657.06 -0.00235
2657.18 -0.00227
2657.3 -0.00166
2657.42 -9.29281E-4
2657.54 -4.8868E-4
2657.66 -4.33914E-4
2657.78 -6.34409E-4
2657.9 -0.001
2658.02 -0.00152
2658.14 -0.00207
2658.26 -0.00242
2658.38 -0.00243
2658.5 -0.00226
2658.63 -0.00218
2658.75 -0.00231
2658.87 -0.0026
2658.99 -0.00286
2659.11 -0.00291
2659.23 -0.00259
2659.35 -0.0019
2659.47 -0.00115
2659.59 -7.34325E-4
2659.71 -7.99578E-4
2659.83 -0.00113
2659.95 -0.00145
2660.07 -0.00177
2660.19 -0.00219
2660.31 -0.00261
2660.43 -0.00274
2660.55 -0.0024
2660.67 -0.00184
2660.8 -0.00145
2660.92 -0.00134
2661.04 -0.00129
2661.16 -0.00114
2661.28 -9.49688E-4
2661.4 -8.86627E-4
2661.52 -9.29367E-4
2661.64 -9.39839E-4
2661.76 -9.16466E-4
2661.88 -0.00104
2662 -0.00142
2662.12 -0.00194
2662.24 -0.00236
2662.36 -0.00259
2662.48 -0.00266
2662.6 -0.00258
2662.72 -0.00235
2662.84 -0.00199
2662.97 -0.00162
2663.09 -0.00136
2663.21 -0.00125
2663.33 -0.00129
2663.45 -0.00146
2663.57 -0.00172
2663.69 -0.00201
2663.81 -0.00229
2663.93 -0.0025
2664.05 -0.00253
2664.17 -0.00232
2664.29 -0.00195
2664.41 -0.00166
2664.53 -0.00159
2664.65 -0.00163
2664.77 -0.00164
2664.89 -0.00168
2665.01 -0.00196
2665.14 -0.0024
2665.26 -0.00265
2665.38 -0.00255
2665.5 -0.00239
2665.62 -0.00257
2665.74 -0.00308
2665.86 -0.00346
2665.98 -0.00337
2666.1 -0.00295
2666.22 -0.00258
2666.34 -0.00246
2666.46 -0.00252
2666.58 -0.00263
2666.7 -0.00276
2666.82 -0.0029
2666.94 -0.00299
2667.06 -0.00305
2667.18 -0.00305
2667.31 -0.00289
2667.43 -0.00242
2667.55 -0.00178
2667.67 -0.00138
2667.79 -0.00147
2667.91 -0.00172
2668.03 -0.00156
2668.15 -9.42629E-4
2668.27 -4.73861E-4
2668.39 -7.34594E-4
2668.51 -0.00157
2668.63 -0.00229
2668.75 -0.00247
2668.87 -0.00228
2668.99 -0.00205
2669.11 -0.00185
2669.23 -0.00162
2669.35 -0.00146
2669.48 -0.00159
2669.6 -0.00195
2669.72 -0.00217
2669.84 -0.002
2669.96 -0.00156
2670.08 -0.00122
2670.2 -0.00113
2670.32 -0.0012
2670.44 -0.00143
2670.56 -0.002
2670.68 -0.00294
2670.8 -0.00379
2670.92 -0.00392
2671.04 -0.00319
2671.16 -0.00224
2671.28 -0.00178
2671.4 -0.00191
2671.52 -0.00208
2671.65 -0.00193
2671.77 -0.00166
2671.89 -0.00174
2672.01 -0.00223
2672.13 -0.00272
2672.25 -0.00287
2672.37 -0.00274
2672.49 -0.00257
2672.61 -0.00241
2672.73 -0.00208
2672.85 -0.00145
2672.97 -7.37008E-4
2673.09 -3.89993E-4
2673.21 -7.56558E-4
2673.33 -0.00169
2673.45 -0.00258
2673.57 -0.00287
2673.69 -0.00262
2673.81 -0.00236
2673.94 -0.0025
2674.06 -0.00288
2674.18 -0.003
2674.3 -0.00263
2674.42 -0.00199
2674.54 -0.00146
2674.66 -0.00131
2674.78 -0.00157
2674.9 -0.00208
2675.02 -0.00246
2675.14 -0.00237
2675.26 -0.00183
2675.38 -0.00134
2675.5 -0.00145
2675.62 -0.00227
2675.74 -0.00331
2675.86 -0.00389
2675.98 -0.00366
2676.11 -0.00281
2676.23 -0.00188
2676.35 -0.00135
2676.47 -0.00134
2676.59 -0.00158
2676.71 -0.00168
2676.83 -0.00146
2676.95 -0.00112
2677.07 -0.00104
2677.19 -0.0014
2677.31 -0.00195
2677.43 -0.00226
2677.55 -0.00225
2677.67 -0.00221
2677.79 -0.00243
2677.91 -0.00276
2678.03 -0.00286
2678.15 -0.00272
2678.28 -0.0026
2678.4 -0.00263
2678.52 -0.00262
2678.64 -0.00239
2678.76 -0.00211
2678.88 -0.00203
2679 -0.00202
2679.12 -0.00174
2679.24 -0.00122
2679.36 -8.74937E-4
2679.48 -9.47271E-4
2679.6 -0.00118
2679.72 -0.00115
2679.84 -8.46636E-4
2679.96 -5.97551E-4
2680.08 -5.93096E-4
2680.2 -6.9049E-4
2680.32 -7.49238E-4
2680.45 -9.22862E-4
2680.57 -0.00144
2680.69 -0.00221
2680.81 -0.00282
2680.93 -0.00302
2681.05 -0.00293
2681.17 -0.00274
2681.29 -0.00239
2681.41 -0.00175
2681.53 -0.00101
2681.65 -7.45088E-4
2681.77 -0.00123
2681.89 -0.00204
2682.01 -0.00242
2682.13 -0.00212
2682.25 -0.00159
2682.37 -0.00136
2682.49 -0.00152
2682.61 -0.00171
2682.74 -0.00165
2682.86 -0.00144
2682.98 -0.00139
2683.1 -0.00162
2683.22 -0.00193
2683.34 -0.00194
2683.46 -0.00151
2683.58 -8.76464E-4
2683.7 -4.9074E-4
2683.82 -6.08031E-4
2683.94 -0.00115
2684.06 -0.00186
2684.18 -0.00253
2684.3 -0.00293
2684.42 -0.00287
2684.54 -0.00237
2684.66 -0.00175
2684.78 -0.00142
2684.91 -0.00158
2685.03 -0.00216
2685.15 -0.00297
2685.27 -0.0037
2685.39 -0.00405
2685.51 -0.00386
2685.63 -0.0033
2685.75 -0.0027
2685.87 -0.00225
2685.99 -0.00192
2686.11 -0.00166
2686.23 -0.00161
2686.35 -0.00188
2686.47 -0.00237
2686.59 -0.00275
2686.71 -0.00274
2686.83 -0.00234
2686.95 -0.00178
2687.08 -0.00139
2687.2 -0.0014
2687.32 -0.00176
2687.44 -0.00221
2687.56 -0.0025
2687.68 -0.00257
2687.8 -0.00254
2687.92 -0.00259
2688.04 -0.00284
2688.16 -0.00317
2688.28 -0.00329
2688.4 -0.00296
2688.52 -0.00227
2688.64 -0.00166
2688.76 -0.00147
2688.88 -0.00159
2689 -0.00162
2689.12 -0.00143
2689.25 -0.00125
2689.37 -0.00131
2689.49 -0.00143
2689.61 -0.00134
2689.73 -9.9786E-4
2689.85 -7.16869E-4
2689.97 -7.2189E-4
2690.09 -9.50683E-4
2690.21 -0.00122
2690.33 -0.00148
2690.45 -0.0017
2690.57 -0.00179
2690.69 -0.00165
2690.81 -0.00142
2690.93 -0.00146
2691.05 -0.00196
2691.17 -0.00267
2691.29 -0.00312
2691.42 -0.00304
2691.54 -0.00257
2691.66 -0.00206
2691.78 -0.00175
2691.9 -0.00163
2692.02 -0.00159
2692.14 -0.00153
2692.26 -0.00154
2692.38 -0.00182
2692.5 -0.00241
2692.62 -0.00309
2692.74 -0.00347
2692.86 -0.00347
2692.98 -0.00341
2693.1 -0.00356
2693.22 -0.00374
2693.34 -0.00361
2693.46 -0.00313
2693.59 -0.0027
2693.71 -0.00264
2693.83 -0.00275
2693.95 -0.00265
2694.07 -0.0023
2694.19 -0.00206
2694.31 -0.00218
2694.43 -0.00256
2694.55 -0.00287
2694.67 -0.00286
2694.79 -0.00258
2694.91 -0.00218
2695.03 -0.00183
2695.15 -0.00162
2695.27 -0.00155
2695.39 -0.00148
2695.51 -0.00134
2695.63 -0.00118
2695.76 -0.00109
2695.88 -0.00109
2696 -0.00113
2696.12 -0.00128
2696.24 -0.00166
2696.36 -0.00222
2696.48 -0.00265
2696.6 -0.00268
2696.72 -0.00228
2696.84 -0.00166
2696.96 -0.00103
2697.08 -5.83239E-4
2697.2 -5.65771E-4
2697.32 -0.00109
2697.44 -0.00189
2697.56 -0.00243
2697.68 -0.00242
2697.8 -0.00203
2697.93 -0.00164
2698.05 -0.00138
2698.17 -0.00127
2698.29 -0.00142
2698.41 -0.00195
2698.53 -0.00264
2698.65 -0.00301
2698.77 -0.00275
2698.89 -0.00208
2699.01 -0.00143
2699.13 -0.00102
2699.25 -8.66793E-4
2699.37 -9.69581E-4
2699.49 -0.00136
2699.61 -0.00192
2699.73 -0.00245
2699.85 -0.00282
2699.97 -0.00304
2700.09 -0.00314
2700.22 -0.00307
2700.34 -0.0028
2700.46 -0.00245
2700.58 -0.00216
2700.7 -0.00194
2700.82 -0.0017
2700.94 -0.00141
2701.06 -0.00119
2701.18 -0.00116
2701.3 -0.00135
2701.42 -0.00168
2701.54 -0.00202
2701.66 -0.0022
2701.78 -0.0021
2701.9 -0.00175
2702.02 -0.00139
2702.14 -0.00126
2702.26 -0.00137
2702.39 -0.00149
2702.51 -0.00138
2702.63 -0.00114
2702.75 -0.00107
2702.87 -0.00131
2702.99 -0.00171
2703.11 -0.00195
2703.23 -0.0019
2703.35 -0.00166
2703.47 -0.00141
2703.59 -0.00133
2703.71 -0.00147
2703.83 -0.00174
2703.95 -0.00189
2704.07 -0.00175
2704.19 -0.0014
2704.31 -0.00118
2704.43 -0.00136
2704.56 -0.00187
2704.68 -0.00238
2704.8 -0.00251
2704.92 -0.00215
2705.04 -0.00153
2705.16 -0.00112
2705.28 -0.00119
2705.4 -0.00163
2705.52 -0.00202
2705.64 -0.0021
2705.76 -0.00206
2705.88 -0.00223
2706 -0.00266
2706.12 -0.00298
2706.24 -0.00287
2706.36 -0.00236
2706.48 -0.00179
2706.6 -0.0014
2706.73 -0.00116
2706.85 -0.00101
2706.97 -0.00107
2707.09 -0.00152
2707.21 -0.00229
2707.33 -0.00305
2707.45 -0.00349
2707.57 -0.00357
2707.69 -0.00337
2707.81 -0.00293
2707.93 -0.00231
2708.05 -0.0017
2708.17 -0.00131
2708.29 -0.00111
2708.41 -9.23179E-4
2708.53 -7.68892E-4
2708.65 -9.63837E-4
2708.77 -0.00165
2708.9 -0.0024
2709.02 -0.00259
2709.14 -0.00214
2709.26 -0.00166
2709.38 -0.00174
2709.5 -0.00225
2709.62 -0.00254
2709.74 -0.00224
2709.86 -0.00177
2709.98 -0.00176
2710.1 -0.00241
2710.22 -0.00322
2710.34 -0.00353
2710.46 -0.00316
2710.58 -0.00242
2710.7 -0.00178
2710.82 -0.00141
2710.94 -0.00123
2711.06 -0.0011
2711.19 -9.92455E-4
2711.31 -9.53142E-4
2711.43 -0.00104
2711.55 -0.00132
2711.67 -0.00184
2711.79 -0.0024
2711.91 -0.00264
2712.03 -0.00244
2712.15 -0.00214
2712.27 -0.00218
2712.39 -0.00257
2712.51 -0.0029
2712.63 -0.00288
2712.75 -0.00271
2712.87 -0.00272
2712.99 -0.00285
2713.11 -0.00276
2713.23 -0.00236
2713.36 -0.00193
2713.48 -0.00175
2713.6 -0.00182
2713.72 -0.00204
2713.84 -0.00241
2713.96 -0.00275
2714.08 -0.00271
2714.2 -0.00211
2714.32 -0.00146
2714.44 -0.00143
2714.56 -0.00209
2714.68 -0.00272
2714.8 -0.00272
2714.92 -0.00225
2715.04 -0.00193
2715.16 -0.00199
2715.28 -0.00218
2715.4 -0.00224
2715.53 -0.00228
2715.65 -0.00244
2715.77 -0.00261
2715.89 -0.00249
2716.01 -0.00198
2716.13 -0.00128
2716.25 -8.13257E-4
2716.37 -8.22857E-4
2716.49 -0.00122
2716.61 -0.00162
2716.73 -0.0017
2716.85 -0.00158
2716.97 -0.00171
2717.09 -0.00232
2717.21 -0.00303
2717.33 -0.00319
2717.45 -0.00263
2717.57 -0.00188
2717.7 -0.00156
2717.82 -0.0018
2717.94 -0.00225
2718.06 -0.00249
2718.18 -0.00246
2718.3 -0.0023
2718.42 -0.00217
2718.54 -0.00213
2718.66 -0.00213
2718.78 -0.00203
2718.9 -0.00171
2719.02 -0.0012
2719.14 -7.17461E-4
2719.26 -4.96119E-4
2719.38 -6.10262E-4
2719.5 -9.90301E-4
2719.62 -0.00152
2719.74 -0.00205
2719.87 -0.00234
2719.99 -0.00225
2720.11 -0.002
2720.23 -0.00199
2720.35 -0.00242
2720.47 -0.00299
2720.59 -0.00323
2720.71 -0.00305
2720.83 -0.00269
2720.95 -0.00237
2721.07 -0.0021
2721.19 -0.00188
2721.31 -0.00188
2721.43 -0.00219
2721.55 -0.00253
2721.67 -0.00251
2721.79 -0.00209
2721.91 -0.00174
2722.04 -0.00187
2722.16 -0.00233
2722.28 -0.00259
2722.4 -0.00233
2722.52 -0.0018
2722.64 -0.00145
2722.76 -0.00144
2722.88 -0.00158
2723 -0.00175
2723.12 -0.00202
2723.24 -0.00239
2723.36 -0.00254
2723.48 -0.00217
2723.6 -0.00143
2723.72 -9.1669E-4
2723.84 -0.00102
2723.96 -0.00153
2724.08 -0.00187
2724.21 -0.00176
2724.33 -0.00147
2724.45 -0.00144
2724.57 -0.00175
2724.69 -0.00201
2724.81 -0.00186
2724.93 -0.00135
2725.05 -0.00101
2725.17 -0.00119
2725.29 -0.00169
2725.41 -0.00201
2725.53 -0.00193
2725.65 -0.00177
2725.77 -0.00189
2725.89 -0.00224
2726.01 -0.00244
2726.13 -0.0023
2726.25 -0.00196
2726.38 -0.00174
2726.5 -0.00173
2726.62 -0.00188
2726.74 -0.00214
2726.86 -0.00253
2726.98 -0.00296
2727.1 -0.00324
2727.22 -0.00322
2727.34 -0.00293
2727.46 -0.00253
2727.58 -0.00218
2727.7 -0.00195
2727.82 -0.0018
2727.94 -0.00167
2728.06 -0.00153
2728.18 -0.0014
2728.3 -0.00134
2728.42 -0.00141
2728.54 -0.00157
2728.67 -0.0017
2728.79 -0.00181
2728.91 -0.00207
2729.03 -0.00256
2729.15 -0.00309
2729.27 -0.00336
2729.39 -0.00334
2729.51 -0.00325
2729.63 -0.00317
2729.75 -0.00295
2729.87 -0.00252
2729.99 -0.00222
2730.11 -0.00237
2730.23 -0.00273
2730.35 -0.00272
2730.47 -0.00216
2730.59 -0.00156
2730.71 -0.00141
2730.84 -0.00163
2730.96 -0.00182
2731.08 -0.00185
2731.2 -0.00204
2731.32 -0.00265
2731.44 -0.00348
2731.56 -0.00406
2731.68 -0.00402
2731.8 -0.00332
2731.92 -0.00229
2732.04 -0.00138
2732.16 -8.99713E-4
2732.28 -8.55058E-4
2732.4 -0.00105
2732.52 -0.00131
2732.64 -0.00152
2732.76 -0.00148
2732.88 -0.0011
2733.01 -5.26506E-4
2733.13 -1.9658E-4
2733.25 -3.45472E-4
2733.37 -7.73054E-4
2733.49 -0.00114
2733.61 -0.00142
2733.73 -0.00185
2733.85 -0.0025
2733.97 -0.00312
2734.09 -0.00343
2734.21 -0.0034
2734.33 -0.00321
2734.45 -0.00295
2734.57 -0.00258
2734.69 -0.00209
2734.81 -0.00164
2734.93 -0.00141
2735.05 -0.00145
2735.18 -0.00165
2735.3 -0.00186
2735.42 -0.00203
2735.54 -0.00219
2735.66 -0.00239
2735.78 -0.00262
2735.9 -0.00276
2736.02 -0.00281
2736.14 -0.00284
2736.26 -0.0029
2736.38 -0.00288
2736.5 -0.00266
2736.62 -0.00228
2736.74 -0.00198
2736.86 -0.00193
2736.98 -0.00204
2737.1 -0.0021
2737.22 -0.00207
2737.34 -0.00212
2737.47 -0.00241
2737.59 -0.0028
2737.71 -0.00295
2737.83 -0.0027
2737.95 -0.00228
2738.07 -0.00207
2738.19 -0.00215
2738.31 -0.00222
2738.43 -0.00201
2738.55 -0.00159
2738.67 -0.00125
2738.79 -0.00112
2738.91 -0.00106
2739.03 -0.00105
2739.15 -0.00127
2739.27 -0.00177
2739.39 -0.0023
2739.51 -0.00262
2739.64 -0.00281
2739.76 -0.00301
2739.88 -0.00306
2740 -0.00266
2740.12 -0.00198
2740.24 -0.00166
2740.36 -0.00199
2740.48 -0.00247
2740.6 -0.00246
2740.72 -0.00206
2740.84 -0.00196
2740.96 -0.00247
2741.08 -0.00306
2741.2 -0.00311
2741.32 -0.00267
2741.44 -0.00239
2741.56 -0.00259
2741.68 -0.00295
2741.81 -0.00295
2741.93 -0.00251
2742.05 -0.00203
2742.17 -0.00187
2742.29 -0.00202
2742.41 -0.00222
2742.53 -0.00227
2742.65 -0.00223
2742.77 -0.00223
2742.89 -0.00224
2743.01 -0.00211
2743.13 -0.00181
2743.25 -0.00151
2743.37 -0.00148
2743.49 -0.00174
2743.61 -0.0021
2743.73 -0.00228
2743.85 -0.00218
2743.98 -0.00189
2744.1 -0.00161
2744.22 -0.00149
2744.34 -0.00158
2744.46 -0.00184
2744.58 -0.00222
2744.7 -0.00265
2744.82 -0.00296
2744.94 -0.00289
2745.06 -0.00234
2745.18 -0.00158
2745.3 -0.00114
2745.42 -0.00134
2745.54 -0.00196
2745.66 -0.00242
2745.78 -0.00238
2745.9 -0.002
2746.02 -0.00167
2746.15 -0.00162
2746.27 -0.00181
2746.39 -0.00203
2746.51 -0.00207
2746.63 -0.00182
2746.75 -0.00135
2746.87 -9.86066E-4
2746.99 -9.87109E-4
2747.11 -0.00133
2747.23 -0.00173
2747.35 -0.00203
2747.47 -0.00231
2747.59 -0.00269
2747.71 -0.00305
2747.83 -0.00314
2747.95 -0.00292
2748.07 -0.00256
2748.19 -0.00228
2748.32 -0.00208
2748.44 -0.00191
2748.56 -0.00169
2748.68 -0.00147
2748.8 -0.00137
2748.92 -0.00153
2749.04 -0.00188
2749.16 -0.00217
2749.28 -0.00215
2749.4 -0.00189
2749.52 -0.00176
2749.64 -0.00192
2749.76 -0.00225
2749.88 -0.00249
2750 -0.00259
2750.12 -0.00262
2750.24 -0.00259
2750.36 -0.00252
2750.49 -0.00245
2750.61 -0.00233
2750.73 -0.00199
2750.85 -0.00143
2750.97 -9.59922E-4
2751.09 -9.63911E-4
2751.21 -0.00135
2751.33 -0.00157
2751.45 -0.00126
2751.57 -6.37468E-4
2751.69 -2.6612E-4
2751.81 -4.75369E-4
2751.93 -0.00113
2752.05 -0.00182
2752.17 -0.00217
2752.29 -0.00208
2752.41 -0.00177
2752.53 -0.0016
2752.66 -0.0017
2752.78 -0.0018
2752.9 -0.00148
2753.02 -7.18027E-4
2753.14 2.58088E-5
2753.26 1.76802E-4
2753.38 -3.90515E-4
2753.5 -0.00125
2753.62 -0.00182
2753.74 -0.00187
2753.86 -0.00163
2753.98 -0.00141
2754.1 -0.0013
2754.22 -0.00114
2754.34 -8.49344E-4
2754.46 -5.75881E-4
2754.58 -4.94294E-4
2754.7 -5.62381E-4
2754.82 -5.86201E-4
2754.95 -5.23821E-4
2755.07 -6.08664E-4
2755.19 -0.0011
2755.31 -0.00193
2755.43 -0.00264
2755.55 -0.00271
2755.67 -0.00206
2755.79 -0.00112
2755.91 -5.68744E-4
2756.03 -7.04139E-4
2756.15 -0.00125
2756.27 -0.00165
2756.39 -0.00157
2756.51 -0.00112
2756.63 -6.90069E-4
2756.75 -6.37952E-4
2756.87 -0.00106
2756.99 -0.00177
2757.12 -0.00239
2757.24 -0.00259
2757.36 -0.00235
2757.48 -0.00196
2757.6 -0.00188
2757.72 -0.00233
2757.84 -0.00304
2757.96 -0.00342
2758.08 -0.00305
2758.2 -0.00219
2758.32 -0.00161
2758.44 -0.00186
2758.56 -0.00267
2758.68 -0.00325
2758.8 -0.00303
2758.92 -0.00221
2759.04 -0.00145
2759.16 -0.00114
2759.29 -0.00123
2759.41 -0.00146
2759.53 -0.00175
2759.65 -0.0022
2759.77 -0.00279
2759.89 -0.00326
2760.01 -0.00338
2760.13 -0.00325
2760.25 -0.00314
2760.37 -0.00311
2760.49 -0.00298
2760.61 -0.0027
2760.73 -0.00257
2760.85 -0.00284
2760.97 -0.00329
2761.09 -0.00345
2761.21 -0.00329
2761.33 -0.00334
2761.46 -0.00389
2761.58 -0.00447
2761.7 -0.0043
2761.82 -0.00329
2761.94 -0.00214
2762.06 -0.00161
2762.18 -0.00181
2762.3 -0.00224
2762.42 -0.0024
2762.54 -0.00213
2762.66 -0.00167
2762.78 -0.00141
2762.9 -0.00154
2763.02 -0.0019
2763.14 -0.00206
2763.26 -0.00189
2763.38 -0.00161
2763.5 -0.00157
2763.63 -0.00176
2763.75 -0.00188
2763.87 -0.00174
2763.99 -0.00144
2764.11 -0.00131
2764.23 -0.00154
2764.35 -0.00207
2764.47 -0.00263
2764.59 -0.00293
2764.71 -0.00287
2764.83 -0.00262
2764.95 -0.00241
2765.07 -0.00236
2765.19 -0.0024
2765.31 -0.00237
2765.43 -0.0022
2765.55 -0.00194
2765.67 -0.00175
2765.79 -0.00173
2765.92 -0.00189
2766.04 -0.00209
2766.16 -0.00223
2766.28 -0.00235
2766.4 -0.00254
2766.52 -0.0028
2766.64 -0.00296
2766.76 -0.00289
2766.88 -0.00262
2767 -0.00233
2767.12 -0.00223
2767.24 -0.00244
2767.36 -0.00292
2767.48 -0.00345
2767.6 -0.0038
2767.72 -0.00387
2767.84 -0.00367
2767.96 -0.00328
2768.09 -0.00278
2768.21 -0.00232
2768.33 -0.0021
2768.45 -0.00217
2768.57 -0.00242
2768.69 -0.00271
2768.81 -0.00295
2768.93 -0.00305
2769.05 -0.00287
2769.17 -0.00246
2769.29 -0.00216
2769.41 -0.00219
2769.53 -0.00235
2769.65 -0.00219
2769.77 -0.00165
2769.89 -0.00113
2770.01 -0.00104
2770.13 -0.00133
2770.26 -0.00165
2770.38 -0.00175
2770.5 -0.00162
2770.62 -0.00134
2770.74 -0.00103
2770.86 -9.13892E-4
2770.98 -0.00112
2771.1 -0.00154
2771.22 -0.00187
2771.34 -0.00207
2771.46 -0.00234
2771.58 -0.00283
2771.7 -0.00331
2771.82 -0.00337
2771.94 -0.00292
2772.06 -0.00226
2772.18 -0.00181
2772.3 -0.00175
2772.43 -0.00195
2772.55 -0.00208
2772.67 -0.00193
2772.79 -0.00156
2772.91 -0.00134
2773.03 -0.00154
2773.15 -0.0021
2773.27 -0.00266
2773.39 -0.00297
2773.51 -0.0031
2773.63 -0.00312
2773.75 -0.00293
2773.87 -0.00252
2773.99 -0.00217
2774.11 -0.00228
2774.23 -0.00286
2774.35 -0.00343
2774.47 -0.0036
2774.6 -0.00343
2774.72 -0.00326
2774.84 -0.00325
2774.96 -0.00322
2775.08 -0.00302
2775.2 -0.00273
2775.32 -0.00258
2775.44 -0.00261
2775.56 -0.00264
2775.68 -0.00244
2775.8 -0.00201
2775.92 -0.00159
2776.04 -0.00144
2776.16 -0.00162
2776.28 -0.00202
2776.4 -0.00242
2776.52 -0.00264
2776.64 -0.00249
2776.77 -0.00191
2776.89 -0.00109
2777.01 -4.56706E-4
2777.13 -3.14567E-4
2777.25 -6.64264E-4
2777.37 -0.00127
2777.49 -0.00187
2777.61 -0.00229
2777.73 -0.00241
2777.85 -0.00227
2777.97 -0.00205
2778.09 -0.00204
2778.21 -0.0023
2778.33 -0.00262
2778.45 -0.00276
2778.57 -0.00264
2778.69 -0.00229
2778.81 -0.00183
2778.94 -0.0014
2779.06 -0.00115
2779.18 -0.00119
2779.3 -0.00151
2779.42 -0.00199
2779.54 -0.00252
2779.66 -0.00292
2779.78 -0.00301
2779.9 -0.00282
2780.02 -0.00258
2780.14 -0.00255
2780.26 -0.00271
2780.38 -0.00288
2780.5 -0.00292
2780.62 -0.00282
2780.74 -0.00262
2780.86 -0.00238
2780.98 -0.00227
2781.1 -0.00237
2781.23 -0.00247
2781.35 -0.0022
2781.47 -0.00157
2781.59 -0.00115
2781.71 -0.00137
2781.83 -0.00197
2781.95 -0.0023
2782.07 -0.00207
2782.19 -0.00164
2782.31 -0.00142
2782.43 -0.00141
2782.55 -0.00141
2782.67 -0.00146
2782.79 -0.00173
2782.91 -0.00212
2783.03 -0.00234
2783.15 -0.00231
2783.27 -0.00223
2783.4 -0.00225
2783.52 -0.00219
2783.64 -0.00187
2783.76 -0.00148
2783.88 -0.00136
2784 -0.00158
2784.12 -0.00186
2784.24 -0.00195
2784.36 -0.00181
2784.48 -0.00152
2784.6 -0.00118
2784.72 -9.56651E-4
2784.84 -0.00109
2784.96 -0.00161
2785.08 -0.00224
2785.2 -0.00266
2785.32 -0.0028
2785.44 -0.00284
2785.57 -0.00283
2785.69 -0.00272
2785.81 -0.00252
2785.93 -0.00244
2786.05 -0.00261
2786.17 -0.00288
2786.29 -0.00299
2786.41 -0.00285
2786.53 -0.00255
2786.65 -0.0022
2786.77 -0.00181
2786.89 -0.0014
2787.01 -0.00108
2787.13 -9.08427E-4
2787.25 -9.21387E-4
2787.37 -0.00113
2787.49 -0.00154
2787.61 -0.00208
2787.74 -0.0025
2787.86 -0.00256
2787.98 -0.00227
2788.1 -0.00189
2788.22 -0.00164
2788.34 -0.00155
2788.46 -0.00151
2788.58 -0.00138
2788.7 -0.00119
2788.82 -9.62205E-4
2788.94 -7.45989E-4
2789.06 -5.83597E-4
2789.18 -5.78474E-4
2789.3 -8.33966E-4
2789.42 -0.00131
2789.54 -0.00174
2789.66 -0.00187
2789.78 -0.00166
2789.91 -0.00144
2790.03 -0.0016
2790.15 -0.00215
2790.27 -0.00276
2790.39 -0.00306
2790.51 -0.00311
2790.63 -0.0032
2790.75 -0.00344
2790.87 -0.0036
2790.99 -0.0034
2791.11 -0.00296
2791.23 -0.00264
2791.35 -0.00261
2791.47 -0.00263
2791.59 -0.00238
2791.71 -0.00181
2791.83 -0.00123
2791.95 -8.74247E-4
2792.08 -8.0993E-4
2792.2 -9.59083E-4
2792.32 -0.00124
2792.44 -0.00157
2792.56 -0.00187
2792.68 -0.00215
2792.8 -0.00249
2792.92 -0.00291
2793.04 -0.00326
2793.16 -0.00333
2793.28 -0.00309
2793.4 -0.00275
2793.52 -0.00261
2793.64 -0.00278
2793.76 -0.00311
2793.88 -0.00328
2794 -0.00305
2794.12 -0.00252
2794.25 -0.0021
2794.37 -0.00209
2794.49 -0.00228
2794.61 -0.00219
2794.73 -0.00172
2794.85 -0.00128
2794.97 -0.00133
2795.09 -0.00175
2795.21 -0.00211
2795.33 -0.00223
2795.45 -0.00241
2795.57 -0.00286
2795.69 -0.00332
2795.81 -0.0034
2795.93 -0.00315
2796.05 -0.00299
2796.17 -0.00318
2796.29 -0.00353
2796.42 -0.00361
2796.54 -0.00324
2796.66 -0.00253
2796.78 -0.00175
2796.9 -0.00121
2797.02 -0.00107
2797.14 -0.00129
2797.26 -0.00172
2797.38 -0.00218
2797.5 -0.00261
2797.62 -0.00296
2797.74 -0.00319
2797.86 -0.00322
2797.98 -0.00294
2798.1 -0.0023
2798.22 -0.00137
2798.34 -6.20965E-4
2798.46 -6.20063E-4
2798.58 -0.00148
2798.71 -0.00258
2798.83 -0.00316
2798.95 -0.00307
2799.07 -0.00286
2799.19 -0.00296
2799.31 -0.00319
2799.43 -0.00309
2799.55 -0.00264
2799.67 -0.00223
2799.79 -0.00213
2799.91 -0.00216
2800.03 -0.00195
2800.15 -0.00145
2800.27 -9.50735E-4
2800.39 -7.26145E-4
2800.51 -8.58892E-4
2800.63 -0.00131
2800.75 -0.00203
2800.88 -0.00283
2801 -0.00336
2801.12 -0.00331
2801.24 -0.00277
2801.36 -0.00208
2801.48 -0.0015
2801.6 -9.86915E-4
2801.72 -5.34263E-4
2801.84 -3.29625E-4
2801.96 -5.45252E-4
2802.08 -9.9786E-4
2802.2 -0.00127
2802.32 -0.00121
2802.44 -0.00113
2802.56 -0.00143
2802.68 -0.00215
2802.8 -0.00293
2802.92 -0.00335
2803.05 -0.00323
2803.17 -0.00277
2803.29 -0.00227
2803.41 -0.00197
2803.53 -0.00186
2803.65 -0.00187
2803.77 -0.00198
2803.89 -0.00225
2804.01 -0.00257
2804.13 -0.00268
2804.25 -0.00243
2804.37 -0.00197
2804.49 -0.00166
2804.61 -0.00168
2804.73 -0.00189
2804.85 -0.00202
2804.97 -0.00195
2805.09 -0.00172
2805.22 -0.00146
2805.34 -0.00127
2805.46 -0.00117
2805.58 -0.00109
2805.7 -0.00102
2805.82 -0.00106
2805.94 -0.00133
2806.06 -0.00172
2806.18 -0.0019
2806.3 -0.00168
2806.42 -0.00129
2806.54 -0.00113
2806.66 -0.00133
2806.78 -0.00165
2806.9 -0.00174
2807.02 -0.00146
2807.14 -8.775E-4
2807.26 -1.51008E-4
2807.39 5.16199E-4
2807.51 8.23051E-4
2807.63 5.06345E-4
2807.75 -3.815E-4
2807.87 -0.00138
2807.99 -0.00195
2808.11 -0.00191
2808.23 -0.00156
2808.35 -0.0013
2808.47 -0.00131
2808.59 -0.00148
2808.71 -0.00166
2808.83 -0.00176
2808.95 -0.00169
2809.07 -0.00138
2809.19 -8.91026E-4
2809.31 -4.96492E-4
2809.43 -4.82064E-4
2809.55 -8.65765E-4
2809.68 -0.00137
2809.8 -0.00169
2809.92 -0.00177
2810.04 -0.00183
2810.16 -0.00205
2810.28 -0.0024
2810.4 -0.00261
2810.52 -0.00255
2810.64 -0.00235
2810.76 -0.00226
2810.88 -0.00227
2811 -0.00203
2811.12 -0.00127
2811.24 -2.54776E-4
2811.36 3.62258E-4
2811.48 1.26705E-4
2811.6 -7.50888E-4
2811.72 -0.00158
2811.85 -0.0018
2811.97 -0.00136
2812.09 -7.04173E-4
2812.21 -4.17534E-4
2812.33 -7.77207E-4
2812.45 -0.00151
2812.57 -0.00198
2812.69 -0.0017
2812.81 -8.21888E-4
2812.93 -6.57663E-5
2813.05 -6.67945E-5
2813.17 -8.35799E-4
2813.29 -0.00179
2813.41 -0.00227
2813.53 -0.00212
2813.65 -0.00167
2813.77 -0.0014
2813.89 -0.00152
2814.02 -0.00188
2814.14 -0.00214
2814.26 -0.00204
2814.38 -0.00157
2814.5 -9.16112E-4
2814.62 -4.16301E-4
2814.74 -3.7919E-4
2814.86 -8.72612E-4
2814.98 -0.0016
2815.1 -0.00208
2815.22 -0.00205
2815.34 -0.00167
2815.46 -0.00124
2815.58 -9.71023E-4
2815.7 -8.29879E-4
2815.82 -7.17152E-4
2815.94 -5.95387E-4
2816.06 -5.36162E-4
2816.19 -6.66849E-4
2816.31 -0.00102
2816.43 -0.00141
2816.55 -0.00154
2816.67 -0.00133
2816.79 -0.00109
2816.91 -0.00108
2817.03 -0.00121
2817.15 -0.0011
2817.27 -6.17746E-4
2817.39 -4.17791E-5
2817.51 2.56147E-4
2817.63 1.23013E-4
2817.75 -4.22787E-4
2817.87 -0.00129
2817.99 -0.0022
2818.11 -0.00275
2818.23 -0.00269
2818.36 -0.00222
2818.48 -0.00172
2818.6 -0.00128
2818.72 -8.11968E-4
2818.84 -3.26544E-4
2818.96 1.04383E-5
2819.08 1.42135E-4
2819.2 1.33902E-4
2819.32 -4.43123E-5
2819.44 -4.27801E-4
2819.56 -7.54118E-4
2819.68 -6.21568E-4
2819.8 -1.1982E-4
2819.92 7.23116E-5
2820.04 -4.95095E-4
2820.16 -0.00138
2820.28 -0.00178
2820.4 -0.0016
2820.53 -0.00144
2820.65 -0.00172
2820.77 -0.00208
2820.89 -0.00207
2821.01 -0.00174
2821.13 -0.00148
2821.25 -0.00137
2821.37 -0.00116
2821.49 -7.92168E-4
2821.61 -5.82527E-4
2821.73 -7.87344E-4
2821.85 -0.00132
2821.97 -0.00192
2822.09 -0.00239
2822.21 -0.00258
2822.33 -0.0023
2822.45 -0.00164
2822.57 -0.00108
2822.7 -0.00112
2822.82 -0.0017
2822.94 -0.0022
2823.06 -0.00219
2823.18 -0.00187
2823.3 -0.00166
2823.42 -0.00163
2823.54 -0.00146
2823.66 -0.00104
2823.78 -6.59809E-4
2823.9 -5.94936E-4
2824.02 -7.107E-4
2824.14 -7.03432E-4
2824.26 -5.74864E-4
2824.38 -6.31232E-4
2824.5 -0.00105
2824.62 -0.00165
2824.74 -0.00211
2824.86 -0.00226
2824.99 -0.00213
2825.11 -0.00187
2825.23 -0.00165
2825.35 -0.00156
2825.47 -0.00159
2825.59 -0.00166
2825.71 -0.00175
2825.83 -0.0019
2825.95 -0.00207
2826.07 -0.00208
2826.19 -0.00182
2826.31 -0.00142
2826.43 -0.00111
2826.55 -0.00103
2826.67 -0.00111
2826.79 -0.00123
2826.91 -0.00139
2827.03 -0.00167
2827.16 -0.00208
2827.28 -0.00248
2827.4 -0.00267
2827.52 -0.00258
2827.64 -0.00246
2827.76 -0.00264
2827.88 -0.00315
2828 -0.00356
2828.12 -0.00349
2828.24 -0.00306
2828.36 -0.00274
2828.48 -0.00271
2828.6 -0.00261
2828.72 -0.00212
2828.84 -0.00138
2828.96 -8.64085E-4
2829.08 -8.23274E-4
2829.2 -0.00111
2829.33 -0.00152
2829.45 -0.00199
2829.57 -0.00241
2829.69 -0.00256
2829.81 -0.00228
2829.93 -0.00179
2830.05 -0.00152
2830.17 -0.00165
2830.29 -0.00193
2830.41 -0.00194
2830.53 -0.00155
2830.65 -0.00104
2830.77 -7.89337E-4
2830.89 -8.98816E-4
2831.01 -0.00115
2831.13 -0.00128
2831.25 -0.00118
2831.37 -9.69004E-4
2831.5 -7.7628E-4
2831.62 -7.10394E-4
2831.74 -8.18271E-4
2831.86 -0.00108
2831.98 -0.00139
2832.1 -0.00166
2832.22 -0.00187
2832.34 -0.00201
2832.46 -0.00199
2832.58 -0.00167
2832.7 -0.00116
2832.82 -8.49597E-4
2832.94 -0.00109
2833.06 -0.00174
2833.18 -0.00224
2833.3 -0.0022
2833.42 -0.00177
2833.54 -0.00138
2833.67 -0.00124
2833.79 -0.00121
2833.91 -0.00117
2834.03 -0.00127
2834.15 -0.00163
2834.27 -0.00202
2834.39 -0.0021
2834.51 -0.00183
2834.63 -0.00152
2834.75 -0.00143
2834.87 -0.00142
2834.99 -0.00125
2835.11 -9.46928E-4
2835.23 -8.02573E-4
2835.35 -0.00104
2835.47 -0.00156
2835.59 -0.00209
2835.71 -0.00246
2835.83 -0.0026
2835.96 -0.0025
2836.08 -0.00231
2836.2 -0.00232
2836.32 -0.00273
2836.44 -0.00341
2836.56 -0.0039
2836.68 -0.00388
2836.8 -0.00351
2836.92 -0.00323
2837.04 -0.00321
2837.16 -0.00326
2837.28 -0.00311
2837.4 -0.00284
2837.52 -0.00268
2837.64 -0.00266
2837.76 -0.00258
2837.88 -0.00228
2838 -0.00188
2838.13 -0.00164
2838.25 -0.00163
2838.37 -0.00173
2838.49 -0.00177
2838.61 -0.00177
2838.73 -0.0019
2838.85 -0.00232
2838.97 -0.00296
2839.09 -0.00348
2839.21 -0.00359
2839.33 -0.00336
2839.45 -0.00316
2839.57 -0.00319
2839.69 -0.00322
2839.81 -0.00288
2839.93 -0.00218
2840.05 -0.00155
2840.17 -0.00132
2840.3 -0.00145
2840.42 -0.00166
2840.54 -0.0018
2840.66 -0.00183
2840.78 -0.00173
2840.9 -0.00151
2841.02 -0.00128
2841.14 -0.00118
2841.26 -0.00122
2841.38 -0.00136
2841.5 -0.0016
2841.62 -0.002
2841.74 -0.00251
2841.86 -0.00301
2841.98 -0.00346
2842.1 -0.00383
2842.22 -0.00398
2842.34 -0.00374
2842.47 -0.00316
2842.59 -0.00253
2842.71 -0.00207
2842.83 -0.00174
2842.95 -0.00137
2843.07 -9.87988E-4
2843.19 -8.61466E-4
2843.31 -0.00118
2843.43 -0.00177
2843.55 -0.00224
2843.67 -0.00234
2843.79 -0.00216
2843.91 -0.00202
2844.03 -0.00204
2844.15 -0.00214
2844.27 -0.00222
2844.39 -0.00232
2844.51 -0.0025
2844.64 -0.00257
2844.76 -0.00225
2844.88 -0.00156
2845 -8.85099E-4
2845.12 -5.89445E-4
2845.24 -6.56094E-4
2845.36 -8.35527E-4
2845.48 -0.00102
2845.6 -0.00127
2845.72 -0.00161
2845.84 -0.0019
2845.96 -0.00203
2846.08 -0.00202
2846.2 -0.00192
2846.32 -0.00174
2846.44 -0.00154
2846.56 -0.00147
2846.68 -0.00162
2846.81 -0.00197
2846.93 -0.00245
2847.05 -0.00297
2847.17 -0.00333
2847.29 -0.00328
2847.41 -0.00288
2847.53 -0.0025
2847.65 -0.00247
2847.77 -0.00261
2847.89 -0.00245
2848.01 -0.00183
2848.13 -0.00109
2848.25 -6.71379E-4
2848.37 -7.02541E-4
2848.49 -9.88014E-4
2848.61 -0.00132
2848.73 -0.00165
2848.85 -0.00202
2848.98 -0.00238
2849.1 -0.0025
2849.22 -0.00221
2849.34 -0.00162
2849.46 -0.00118
2849.58 -0.00127
2849.7 -0.00176
2849.82 -0.0021
2849.94 -0.002
2850.06 -0.00167
2850.18 -0.00158
2850.3 -0.00183
2850.42 -0.00216
2850.54 -0.00233
2850.66 -0.00245
2850.78 -0.00263
2850.9 -0.00284
2851.02 -0.00295
2851.15 -0.00296
2851.27 -0.00296
2851.39 -0.00287
2851.51 -0.00254
2851.63 -0.00201
2851.75 -0.00159
2851.87 -0.00157
2851.99 -0.00185
2852.11 -0.00202
2852.23 -0.00187
2852.35 -0.00156
2852.47 -0.0015
2852.59 -0.00183
2852.71 -0.00227
2852.83 -0.00235
2852.95 -0.00197
2853.07 -0.00154
2853.19 -0.00162
2853.31 -0.00228
2853.44 -0.0029
2853.56 -0.0028
2853.68 -0.00198
2853.8 -0.00116
2853.92 -0.00102
2854.04 -0.00153
2854.16 -0.0021
2854.28 -0.00217
2854.4 -0.00169
2854.52 -0.00102
2854.64 -6.37062E-4
2854.76 -7.46831E-4
2854.88 -0.00118
2855 -0.00154
2855.12 -0.00157
2855.24 -0.0015
2855.36 -0.00168
2855.48 -0.00203
2855.61 -0.00209
2855.73 -0.00163
2855.85 -0.00107
2855.97 -9.67141E-4
2856.09 -0.00127
2856.21 -0.00144
2856.33 -0.00118
2856.45 -8.48927E-4
2856.57 -8.67993E-4
2856.69 -0.00115
2856.81 -0.00122
2856.93 -8.42907E-4
2857.05 -3.00128E-4
2857.17 -7.49752E-5
2857.29 -3.97947E-4
2857.41 -0.00108
2857.53 -0.00167
2857.65 -0.00178
2857.78 -0.00138
2857.9 -9.02489E-4
2858.02 -8.16513E-4
2858.14 -0.00125
2858.26 -0.00189
2858.38 -0.00237
2858.5 -0.00251
2858.62 -0.00229
2858.74 -0.00178
2858.86 -0.00123
2858.98 -0.00103
2859.1 -0.00146
2859.22 -0.00228
2859.34 -0.00284
2859.46 -0.00272
2859.58 -0.00212
2859.7 -0.00155
2859.82 -0.00132
2859.95 -0.00139
2860.07 -0.00158
2860.19 -0.0018
2860.31 -0.00198
2860.43 -0.00207
2860.55 -0.00208
2860.67 -0.00207
2860.79 -0.00195
2860.91 -0.00165
2861.03 -0.00134
2861.15 -0.00135
2861.27 -0.00171
2861.39 -0.00201
2861.51 -0.0019
2861.63 -0.00169
2861.75 -0.00193
2861.87 -0.0026
2861.99 -0.0031
2862.11 -0.003
2862.24 -0.00263
2862.36 -0.00253
2862.48 -0.00276
2862.6 -0.00296
2862.72 -0.00292
2862.84 -0.00272
2862.96 -0.00245
2863.08 -0.00207
2863.2 -0.00166
2863.32 -0.00144
2863.44 -0.00146
2863.56 -0.0015
2863.68 -0.00136
2863.8 -0.00121
2863.92 -0.00136
2864.04 -0.00194
2864.16 -0.0027
2864.28 -0.00333
2864.41 -0.00362
2864.53 -0.00348
2864.65 -0.00298
2864.77 -0.00233
2864.89 -0.0019
2865.01 -0.0019
2865.13 -0.00221
2865.25 -0.00244
2865.37 -0.00226
2865.49 -0.00181
2865.61 -0.00154
2865.73 -0.00173
2865.85 -0.0021
2865.97 -0.00208
2866.09 -0.00149
2866.21 -7.80195E-4
2866.33 -6.14252E-4
2866.45 -0.00116
2866.58 -0.00198
2866.7 -0.00246
2866.82 -0.00235
2866.94 -0.00182
2867.06 -0.00125
2867.18 -9.36065E-4
2867.3 -9.71362E-4
2867.42 -0.0012
2867.54 -0.00134
2867.66 -0.00122
2867.78 -9.6646E-4
2867.9 -9.00254E-4
2868.02 -0.00116
2868.14 -0.00153
2868.26 -0.00172
2868.38 -0.00173
2868.5 -0.00189
2868.62 -0.00247
2868.75 -0.00328
2868.87 -0.0038
2868.99 -0.00376
2869.11 -0.00343
2869.23 -0.00329
2869.35 -0.00343
2869.47 -0.0034
2869.59 -0.00276
2869.71 -0.00155
2869.83 -3.74347E-4
2869.95 1.92743E-4
2870.07 9.23239E-5
2870.19 -2.946E-4
2870.31 -6.50186E-4
2870.43 -0.00105
2870.55 -0.00171
2870.67 -0.00251
2870.79 -0.00297
2870.92 -0.00274
2871.04 -0.00205
2871.16 -0.00151
2871.28 -0.0015
2871.4 -0.00185
2871.52 -0.00219
2871.64 -0.00223
2871.76 -0.00197
2871.88 -0.00156
2872 -0.00128
2872.12 -0.00141
2872.24 -0.00192
2872.36 -0.00242
2872.48 -0.00255
2872.6 -0.00242
2872.72 -0.00248
2872.84 -0.00295
2872.96 -0.00345
2873.09 -0.00344
2873.21 -0.00281
2873.33 -0.00203
2873.45 -0.00162
2873.57 -0.00165
2873.69 -0.00188
2873.81 -0.00208
2873.93 -0.00225
2874.05 -0.00241
2874.17 -0.00248
2874.29 -0.00233
2874.41 -0.00203
2874.53 -0.00182
2874.65 -0.00178
2874.77 -0.00174
2874.89 -0.0014
2875.01 -6.99833E-4
2875.13 -8.73581E-6
2875.26 1.18893E-4
2875.38 -5.70737E-4
2875.5 -0.0017
2875.62 -0.00254
2875.74 -0.00263
2875.86 -0.00227
2875.98 -0.00214
2876.1 -0.00248
2876.22 -0.00277
2876.34 -0.00246
2876.46 -0.0017
2876.58 -0.00121
2876.7 -0.00138
2876.82 -0.00186
2876.94 -0.00215
2877.06 -0.00218
2877.18 -0.00223
2877.3 -0.00237
2877.43 -0.00249
2877.55 -0.00261
2877.67 -0.00291
2877.79 -0.00328
2877.91 -0.00322
2878.03 -0.0025
2878.15 -0.00164
2878.27 -0.00142
2878.39 -0.00194
2878.51 -0.00257
2878.63 -0.0027
2878.75 -0.00247
2878.87 -0.00243
2878.99 -0.00277
2879.11 -0.00318
2879.23 -0.00331
2879.35 -0.00311
2879.47 -0.00276
2879.59 -0.00235
2879.72 -0.00184
2879.84 -0.00129
2879.96 -8.75946E-4
2880.08 -7.17714E-4
2880.2 -7.51201E-4
2880.32 -8.10575E-4
2880.44 -8.24444E-4
2880.56 -8.9116E-4
2880.68 -0.00116
2880.8 -0.00165
2880.92 -0.00216
2881.04 -0.00238
2881.16 -0.00214
2881.28 -0.00159
2881.4 -0.00105
2881.52 -8.03754E-4
2881.64 -9.34254E-4
2881.76 -0.00132
2881.89 -0.00177
2882.01 -0.00212
2882.13 -0.00223
2882.25 -0.00202
2882.37 -0.00166
2882.49 -0.00151
2882.61 -0.00182
2882.73 -0.00239
2882.85 -0.00269
2882.97 -0.00235
2883.09 -0.0016
2883.21 -0.00107
2883.33 -0.00113
2883.45 -0.00157
2883.57 -0.00183
2883.69 -0.00163
2883.81 -0.00127
2883.93 -0.00127
2884.06 -0.00182
2884.18 -0.00255
2884.3 -0.00288
2884.42 -0.00254
2884.54 -0.00179
2884.66 -0.0011
2884.78 -7.29691E-4
2884.9 -6.03799E-4
2885.02 -5.79514E-4
2885.14 -7.27367E-4
2885.26 -0.00121
2885.38 -0.00202
2885.5 -0.00291
2885.62 -0.00365
2885.74 -0.00413
2885.86 -0.00426
2885.98 -0.00395
2886.1 -0.00329
2886.23 -0.00266
2886.35 -0.00242
2886.47 -0.00258
2886.59 -0.00276
2886.71 -0.00255
2886.83 -0.00185
2886.95 -9.089E-4
2887.07 -2.02037E-4
2887.19 -1.46013E-4
2887.31 -7.56063E-4
2887.43 -0.00151
2887.55 -0.00173
2887.67 -0.00128
2887.79 -6.99371E-4
2887.91 -6.45366E-4
2888.03 -0.00125
2888.15 -0.00208
2888.27 -0.00263
2888.4 -0.00272
2888.52 -0.00252
2888.64 -0.00235
2888.76 -0.00246
2888.88 -0.00276
2889 -0.00288
2889.12 -0.00254
2889.24 -0.00196
2889.36 -0.00169
2889.48 -0.00191
2889.6 -0.00224
2889.72 -0.0022
2889.84 -0.00185
2889.96 -0.00169
2890.08 -0.00202
2890.2 -0.00256
2890.32 -0.00284
2890.44 -0.00267
2890.56 -0.00226
2890.69 -0.0019
2890.81 -0.00172
2890.93 -0.00167
2891.05 -0.00162
2891.17 -0.00149
2891.29 -0.00135
2891.41 -0.00139
2891.53 -0.00178
2891.65 -0.00239
2891.77 -0.00273
2891.89 -0.00236
2892.01 -0.00138
2892.13 -5.52028E-4
2892.25 -6.22265E-4
2892.37 -0.00146
2892.49 -0.00214
2892.61 -0.00199
2892.73 -0.00134
2892.86 -0.00105
2892.98 -0.0014
2893.1 -0.00178
2893.22 -0.00166
2893.34 -0.00131
2893.46 -0.00145
2893.58 -0.00224
2893.7 -0.00308
2893.82 -0.00333
2893.94 -0.00289
2894.06 -0.00224
2894.18 -0.00188
2894.3 -0.00198
2894.42 -0.00238
2894.54 -0.00286
2894.66 -0.0033
2894.78 -0.00374
2894.9 -0.0042
2895.03 -0.0045
2895.15 -0.00438
2895.27 -0.00385
2895.39 -0.00323
2895.51 -0.00282
2895.63 -0.00255
2895.75 -0.00225
2895.87 -0.00194
2895.99 -0.00185
2896.11 -0.00206
2896.23 -0.00239
2896.35 -0.00264
2896.47 -0.00281
2896.59 -0.00292
2896.71 -0.00287
2896.83 -0.00259
2896.95 -0.00229
2897.07 -0.00229
2897.2 -0.00256
2897.32 -0.00267
2897.44 -0.00224
2897.56 -0.00148
2897.68 -0.00105
2897.8 -0.00133
2897.92 -0.002
2898.04 -0.00224
2898.16 -0.00165
2898.28 -6.51632E-4
2898.4 -1.53225E-4
2898.52 -5.68703E-4
2898.64 -0.00143
2898.76 -0.00198
2898.88 -0.00196
2899 -0.00186
2899.12 -0.00217
2899.24 -0.00282
2899.37 -0.00336
2899.49 -0.00356
2899.61 -0.00353
2899.73 -0.00345
2899.85 -0.00327
2899.97 -0.00278
2900.09 -0.00204
2900.21 -0.00136
2900.33 -0.00108
2900.45 -0.00124
2900.57 -0.00156
2900.69 -0.00178
2900.81 -0.00188
2900.93 -0.00207
2901.05 -0.00241
2901.17 -0.00265
2901.29 -0.00251
2901.41 -0.00208
2901.54 -0.00181
2901.66 -0.002
2901.78 -0.00249
2901.9 -0.00283
2902.02 -0.00274
2902.14 -0.00223
2902.26 -0.00156
2902.38 -0.00111
2902.5 -0.00128
2902.62 -0.0022
2902.74 -0.0035
2902.86 -0.00453
2902.98 -0.00484
2903.1 -0.00451
2903.22 -0.00391
2903.34 -0.00338
2903.46 -0.003
2903.58 -0.00271
2903.71 -0.00247
2903.83 -0.00233
2903.95 -0.00241
2904.07 -0.00263
2904.19 -0.00273
2904.31 -0.00252
2904.43 -0.00213
2904.55 -0.00185
2904.67 -0.00175
2904.79 -0.00155
2904.91 -0.00109
2905.03 -6.87391E-4
2905.15 -7.70155E-4
2905.27 -0.00128
2905.39 -0.00167
2905.51 -0.00154
2905.63 -0.00102
2905.75 -5.9896E-4
2905.88 -6.37785E-4
2906 -0.00115
2906.12 -0.00188
2906.24 -0.00247
2906.36 -0.00272
2906.48 -0.00272
2906.6 -0.00264
2906.72 -0.00255
2906.84 -0.0024
2906.96 -0.00224
2907.08 -0.00226
2907.2 -0.00252
2907.32 -0.0028
2907.44 -0.00289
2907.56 -0.00287
2907.68 -0.00297
2907.8 -0.00316
2907.92 -0.00313
2908.04 -0.00276
2908.17 -0.00236
2908.29 -0.00232
2908.41 -0.00264
2908.53 -0.00303
2908.65 -0.00321
2908.77 -0.00321
2908.89 -0.00316
2909.01 -0.00304
2909.13 -0.00274
2909.25 -0.00229
2909.37 -0.00186
2909.49 -0.00161
2909.61 -0.00148
2909.73 -0.00128
2909.85 -9.89754E-4
2909.97 -8.28594E-4
2910.09 -9.65096E-4
2910.21 -0.00123
2910.34 -0.00124
2910.46 -8.83419E-4
2910.58 -5.48288E-4
2910.7 -7.53194E-4
2910.82 -0.00157
2910.94 -0.00253
2911.06 -0.00313
2911.18 -0.00335
2911.3 -0.00351
2911.42 -0.00376
2911.54 -0.00384
2911.66 -0.00343
2911.78 -0.00259
2911.9 -0.00174
2912.02 -0.00121
2912.14 -0.00106
2912.26 -0.00115
2912.38 -0.00135
2912.51 -0.00145
2912.63 -0.00122
2912.75 -7.65823E-4
2912.87 -5.98371E-4
2912.99 -0.00114
2913.11 -0.00207
2913.23 -0.00258
2913.35 -0.00224
2913.47 -0.00151
2913.59 -0.00118
2913.71 -0.00147
2913.83 -0.00195
2913.95 -0.00215
2914.07 -0.00205
2914.19 -0.00188
2914.31 -0.00182
2914.43 -0.00195
2914.55 -0.00233
2914.68 -0.00289
2914.8 -0.00332
2914.92 -0.00325
2915.04 -0.00254
2915.16 -0.00144
2915.28 -4.50421E-4
2915.4 -5.9817E-5
2915.52 -4.6308E-4
2915.64 -0.00138
2915.76 -0.00219
2915.88 -0.00238
2916 -0.0019
2916.12 -0.00118
2916.24 -7.73944E-4
2916.36 -0.00104
2916.48 -0.00196
2916.6 -0.00313
2916.72 -0.00388
2916.84 -0.00373
2916.97 -0.00282
2917.09 -0.00181
2917.21 -0.0013
2917.33 -0.00131
2917.45 -0.00137
2917.57 -0.00113
2917.69 -7.08107E-4
2917.81 -4.94E-4
2917.93 -6.80082E-4
2918.05 -0.00112
2918.17 -0.00154
2918.29 -0.00175
2918.41 -0.00183
2918.53 -0.00202
2918.65 -0.00247
2918.77 -0.00313
2918.89 -0.00367
2919.01 -0.00383
2919.14 -0.00361
2919.26 -0.00329
2919.38 -0.00305
2919.5 -0.00285
2919.62 -0.00253
2919.74 -0.00216
2919.86 -0.00198
2919.98 -0.00216
2920.1 -0.00266
2920.22 -0.00331
2920.34 -0.004
2920.46 -0.00463
2920.58 -0.00493
2920.7 -0.00453
2920.82 -0.00343
2920.94 -0.00215
2921.06 -0.00147
2921.18 -0.00157
2921.31 -0.00195
2921.43 -0.00196
2921.55 -0.00166
2921.67 -0.00164
2921.79 -0.0022
2921.91 -0.00293
2922.03 -0.00316
2922.15 -0.00276
2922.27 -0.0021
2922.39 -0.00159
2922.51 -0.00134
2922.63 -0.0013
2922.75 -0.00134
2922.87 -0.00137
2922.99 -0.00138
2923.11 -0.00164
2923.23 -0.00233
2923.35 -0.00314
2923.48 -0.00344
2923.6 -0.00303
2923.72 -0.00241
2923.84 -0.00223
2923.96 -0.00254
2924.08 -0.0029
2924.2 -0.00306
2924.32 -0.00317
2924.44 -0.00326
2924.56 -0.00305
2924.68 -0.0024
2924.8 -0.00173
2924.92 -0.00157
2925.04 -0.00186
2925.16 -0.002
2925.28 -0.00162
2925.4 -0.00112
2925.52 -0.00121
2925.65 -0.00206
2925.77 -0.00299
2925.89 -0.00334
2926.01 -0.00316
2926.13 -0.00305
2926.25 -0.00324
2926.37 -0.00322
2926.49 -0.00255
2926.61 -0.0016
2926.73 -0.00129
2926.85 -0.002
2926.97 -0.00311
2927.09 -0.00372
2927.21 -0.00348
2927.33 -0.0027
2927.45 -0.00197
2927.57 -0.00173
2927.69 -0.00212
2927.82 -0.00281
2927.94 -0.00321
2928.06 -0.00299
2928.18 -0.00246
2928.3 -0.00211
2928.42 -0.00198
2928.54 -0.00168
2928.66 -0.00104
2928.78 -5.02635E-4
2928.9 -5.19406E-4
2929.02 -0.00103
2929.14 -0.00159
2929.26 -0.00194
2929.38 -0.00215
2929.5 -0.00224
2929.62 -0.00214
2929.74 -0.00193
2929.86 -0.00194
2929.99 -0.00232
2930.11 -0.00281
2930.23 -0.00299
2930.35 -0.00284
2930.47 -0.00266
2930.59 -0.00272
2930.71 -0.00294
2930.83 -0.0032
2930.95 -0.00346
2931.07 -0.00368
2931.19 -0.00366
2931.31 -0.00328
2931.43 -0.00274
2931.55 -0.00236
2931.67 -0.00225
2931.79 -0.00217
2931.91 -0.00187
2932.03 -0.00138
2932.16 -9.88003E-4
2932.28 -0.00102
2932.4 -0.00158
2932.52 -0.0024
2932.64 -0.00295
2932.76 -0.00284
2932.88 -0.00231
2933 -0.00196
2933.12 -0.00205
2933.24 -0.00213
2933.36 -0.00173
2933.48 -0.00102
2933.6 -6.14971E-4
2933.72 -7.91941E-4
2933.84 -0.00118
2933.96 -0.00132
2934.08 -0.00125
2934.2 -0.00127
2934.32 -0.00148
2934.45 -0.00176
2934.57 -0.00207
2934.69 -0.00259
2934.81 -0.00334
2934.93 -0.00397
2935.05 -0.004
2935.17 -0.00338
2935.29 -0.00265
2935.41 -0.00248
2935.53 -0.00293
2935.65 -0.00339
2935.77 -0.00321
2935.89 -0.00246
2936.01 -0.00177
2936.13 -0.00162
2936.25 -0.00185
2936.37 -0.00207
2936.49 -0.00215
2936.62 -0.00212
2936.74 -0.00198
2936.86 -0.0017
2936.98 -0.00143
2937.1 -0.00135
2937.22 -0.00145
2937.34 -0.0016
2937.46 -0.00185
2937.58 -0.00243
2937.7 -0.00328
2937.82 -0.0039
2937.94 -0.00387
2938.06 -0.0033
2938.18 -0.00272
2938.3 -0.00254
2938.42 -0.00282
2938.54 -0.00329
2938.66 -0.00357
2938.79 -0.00335
2938.91 -0.00262
2939.03 -0.00172
2939.15 -0.00113
2939.27 -0.00115
2939.39 -0.00171
2939.51 -0.00252
2939.63 -0.00315
2939.75 -0.00332
2939.87 -0.00316
2939.99 -0.00308
2940.11 -0.00331
2940.23 -0.00359
2940.35 -0.00349
2940.47 -0.00302
2940.59 -0.00261
2940.71 -0.00255
2940.83 -0.00258
2940.96 -0.00239
2941.08 -0.00218
2941.2 -0.00235
2941.32 -0.00285
2941.44 -0.00316
2941.56 -0.00299
2941.68 -0.00269
2941.8 -0.00277
2941.92 -0.00322
2942.04 -0.00363
2942.16 -0.00375
2942.28 -0.00375
2942.4 -0.00385
2942.52 -0.00394
2942.64 -0.0038
2942.76 -0.0035
2942.88 -0.00339
2943 -0.00361
2943.13 -0.00383
2943.25 -0.00359
2943.37 -0.00278
2943.49 -0.00173
2943.61 -9.8823E-4
2943.73 -8.69043E-4
2943.85 -0.00136
2943.97 -0.00214
2944.09 -0.00278
2944.21 -0.003
2944.33 -0.00293
2944.45 -0.0029
2944.57 -0.00314
2944.69 -0.00348
2944.81 -0.00351
2944.93 -0.00302
2945.05 -0.00227
2945.17 -0.00171
2945.3 -0.00159
2945.42 -0.00179
2945.54 -0.00205
2945.66 -0.00235
2945.78 -0.00284
2945.9 -0.00341
2946.02 -0.00357
2946.14 -0.00288
2946.26 -0.00166
2946.38 -7.87914E-4
2946.5 -8.18484E-4
2946.62 -0.00135
2946.74 -0.00157
2946.86 -0.00125
2946.98 -9.54472E-4
2947.1 -0.0012
2947.22 -0.00176
2947.34 -0.00203
2947.47 -0.00173
2947.59 -0.00115
2947.71 -7.09247E-4
2947.83 -5.816E-4
2947.95 -7.15863E-4
2948.07 -0.00101
2948.19 -0.00133
2948.31 -0.00156
2948.43 -0.00176
2948.55 -0.00208
2948.67 -0.00255
2948.79 -0.00292
2948.91 -0.00299
2949.03 -0.00286
2949.15 -0.00282
2949.27 -0.00298
2949.39 -0.00316
2949.51 -0.0032
2949.63 -0.00312
2949.76 -0.00292
2949.88 -0.00255
2950 -0.00206
2950.12 -0.0018
2950.24 -0.00208
2950.36 -0.00281
2950.48 -0.00343
2950.6 -0.00344
2950.72 -0.00281
2950.84 -0.00187
2950.96 -9.69805E-4
2951.08 -3.51511E-4
2951.2 -1.58854E-4
2951.32 -4.4243E-4
2951.44 -0.00103
2951.56 -0.00157
2951.68 -0.00176
2951.8 -0.0016
2951.93 -0.00137
2952.05 -0.00133
2952.17 -0.00161
2952.29 -0.00212
2952.41 -0.00261
2952.53 -0.00287
2952.65 -0.00286
2952.77 -0.00275
2952.89 -0.00273
2953.01 -0.00278
2953.13 -0.00269
2953.25 -0.00246
2953.37 -0.00233
2953.49 -0.00244
2953.61 -0.00259
2953.73 -0.00245
2953.85 -0.00207
2953.97 -0.00194
2954.1 -0.00237
2954.22 -0.00314
2954.34 -0.00367
2954.46 -0.0036
2954.58 -0.00308
2954.7 -0.00248
2954.82 -0.00209
2954.94 -0.00201
2955.06 -0.00219
2955.18 -0.00249
2955.3 -0.00262
2955.42 -0.00234
2955.54 -0.00168
2955.66 -0.0011
2955.78 -0.00101
2955.9 -0.0013
2956.02 -0.00137
2956.14 -8.0853E-4
2956.27 5.1409E-6
2956.39 2.58073E-4
2956.51 -3.74358E-4
2956.63 -0.0014
2956.75 -0.00218
2956.87 -0.00254
2956.99 -0.00267
2957.11 -0.00261
2957.23 -0.00217
2957.35 -0.00144
2957.47 -8.41182E-4
2957.59 -7.03245E-4
2957.71 -9.75989E-4
2957.83 -0.00144
2957.95 -0.0019
2958.07 -0.00211
2958.19 -0.00181
2958.31 -0.00114
2958.44 -7.20248E-4
2958.56 -9.69566E-4
2958.68 -0.00151
2958.8 -0.00156
2958.92 -0.00102
2959.04 -5.84781E-4
2959.16 -7.99209E-4
2959.28 -0.00129
2959.4 -0.00125
2959.52 -6.1097E-4
2959.64 -1.52905E-4
2959.76 -5.76667E-4
2959.88 -0.0016
2960 -0.00231
2960.12 -0.00221
2960.24 -0.00168
2960.36 -0.00137
2960.48 -0.0014
2960.6 -0.00141
2960.73 -0.00124
2960.85 -0.00119
2960.97 -0.00145
2961.09 -0.00169
2961.21 -0.00145
2961.33 -9.8579E-4
2961.45 -0.00108
2961.57 -0.00199
2961.69 -0.00289
2961.81 -0.00286
2961.93 -0.0021
2962.05 -0.00176
2962.17 -0.00253
2962.29 -0.00383
2962.41 -0.00452
2962.53 -0.00426
2962.65 -0.00367
2962.77 -0.0034
2962.9 -0.00347
2963.02 -0.00351
2963.14 -0.00337
2963.26 -0.00315
2963.38 -0.00288
2963.5 -0.00248
2963.62 -0.00213
2963.74 -0.00219
2963.86 -0.00266
2963.98 -0.003
2964.1 -0.00273
2964.22 -0.00215
2964.34 -0.00195
2964.46 -0.00226
2964.58 -0.00246
2964.7 -0.00205
2964.82 -0.00136
2964.94 -0.00109
2965.07 -0.0014
2965.19 -0.00175
2965.31 -0.00165
2965.43 -0.00129
2965.55 -0.00114
2965.67 -0.00136
2965.79 -0.00173
2965.91 -0.00194
2966.03 -0.0019
2966.15 -0.00161
2966.27 -0.00117
2966.39 -7.74346E-4
2966.51 -6.48435E-4
2966.63 -8.70872E-4
2966.75 -0.00127
2966.87 -0.00153
2966.99 -0.00144
2967.11 -0.00105
2967.24 -6.91514E-4
2967.36 -6.9626E-4
2967.48 -0.00112
2967.6 -0.00164
2967.72 -0.00182
2967.84 -0.00154
2967.96 -0.00107
2968.08 -8.24992E-4
2968.2 -9.46224E-4
2968.32 -0.00128
2968.44 -0.00158
2968.56 -0.0017
2968.68 -0.00167
2968.8 -0.00153
2968.92 -0.00135
2969.04 -0.00125
2969.16 -0.00147
2969.28 -0.00214
2969.41 -0.00299
2969.53 -0.00343
2969.65 -0.00316
2969.77 -0.0025
2969.89 -0.002
2970.01 -0.00197
2970.13 -0.00225
2970.25 -0.00261
2970.37 -0.00296
2970.49 -0.00324
2970.61 -0.00332
2970.73 -0.00314
2970.85 -0.0028
2970.97 -0.00242
2971.09 -0.00203
2971.21 -0.00166
2971.33 -0.00148
2971.45 -0.00171
2971.58 -0.00228
2971.7 -0.00291
2971.82 -0.00337
2971.94 -0.00369
2972.06 -0.00398
2972.18 -0.00424
2972.3 -0.00436
2972.42 -0.00421
2972.54 -0.00385
2972.66 -0.00345
2972.78 -0.00322
2972.9 -0.00319
2973.02 -0.00328
2973.14 -0.00342
2973.26 -0.00363
2973.38 -0.0038
2973.5 -0.00364
2973.62 -0.00301
2973.75 -0.00227
2973.87 -0.00193
2973.99 -0.00196
2974.11 -0.00192
2974.23 -0.00162
2974.35 -0.00149
2974.47 -0.00185
2974.59 -0.00238
2974.71 -0.00251
2974.83 -0.00227
2974.95 -0.00219
2975.07 -0.0025
2975.19 -0.00276
2975.31 -0.00255
2975.43 -0.00201
2975.55 -0.00161
2975.67 -0.00156
2975.79 -0.00175
2975.92 -0.0021
2976.04 -0.00257
2976.16 -0.00294
2976.28 -0.00294
2976.4 -0.00257
2976.52 -0.00217
2976.64 -0.00201
2976.76 -0.00201
2976.88 -0.00188
2977 -0.00144
2977.12 -7.79748E-4
2977.24 -2.06169E-4
2977.36 -8.51303E-5
2977.48 -5.46098E-4
2977.6 -0.0013
2977.72 -0.0018
2977.84 -0.00172
2977.96 -0.00125
2978.08 -8.63414E-4
2978.21 -8.88318E-4
2978.33 -0.00124
2978.45 -0.00159
2978.57 -0.00166
2978.69 -0.00148
2978.81 -0.00134
2978.93 -0.00151
2979.05 -0.00195
2979.17 -0.00239
2979.29 -0.00252
2979.41 -0.00233
2979.53 -0.002
2979.65 -0.00174
2979.77 -0.00172
2979.89 -0.00211
2980.01 -0.00287
2980.13 -0.00358
2980.25 -0.00367
2980.38 -0.00301
2980.5 -0.00213
2980.62 -0.0017
2980.74 -0.00181
2980.86 -0.00187
2980.98 -0.0013
2981.1 -2.35036E-4
2981.22 5.91435E-4
2981.34 5.15264E-4
2981.46 -4.16573E-4
2981.58 -0.00154
2981.7 -0.00223
2981.82 -0.00244
2981.94 -0.0025
2982.06 -0.00261
2982.18 -0.00263
2982.3 -0.00243
2982.42 -0.00222
2982.55 -0.00233
2982.67 -0.0027
2982.79 -0.00284
2982.91 -0.0025
2983.03 -0.002
2983.15 -0.00186
2983.27 -0.00222
2983.39 -0.00279
2983.51 -0.00314
2983.63 -0.00303
2983.75 -0.00249
2983.87 -0.00178
2983.99 -0.00138
2984.11 -0.00159
2984.23 -0.00216
2984.35 -0.00243
2984.47 -0.00197
2984.59 -0.00104
2984.72 -1.67433E-4
2984.84 3.2907E-4
2984.96 5.00575E-4
2985.08 4.5694E-4
2985.2 2.33866E-4
2985.32 -7.91065E-5
2985.44 -3.13472E-4
2985.56 -4.08567E-4
2985.68 -4.57402E-4
2985.8 -5.1045E-4
2985.92 -4.6885E-4
2986.04 -2.69279E-4
2986.16 -6.53043E-5
2986.28 -9.28976E-5
2986.4 -4.05639E-4
2986.52 -8.43942E-4
2986.64 -0.00122
2986.76 -0.00143
2986.89 -0.00148
2987.01 -0.00143
2987.13 -0.00149
2987.25 -0.00177
2987.37 -0.00206
2987.49 -0.00203
2987.61 -0.00165
2987.73 -0.00127
2987.85 -0.00116
2987.97 -0.00107
2988.09 -6.01105E-4
2988.21 9.14074E-5
2988.33 2.95088E-4
2988.45 -4.03754E-4
2988.57 -0.00154
2988.69 -0.00229
2988.81 -0.00232
2988.93 -0.00197
2989.05 -0.00159
2989.18 -0.00124
2989.3 -9.3282E-4
2989.42 -8.21374E-4
2989.54 -9.56479E-4
2989.66 -0.0011
2989.78 -0.00103
2989.9 -8.66979E-4
2990.02 -8.62632E-4
2990.14 -9.84233E-4
2990.26 -9.87485E-4
2990.38 -8.00859E-4
2990.5 -5.9193E-4
2990.62 -4.74285E-4
2990.74 -4.10154E-4
2990.86 -4.24299E-4
2990.98 -6.31239E-4
2991.1 -9.4682E-4
2991.22 -0.00103
2991.35 -6.84611E-4
2991.47 -2.2826E-4
2991.59 -1.37016E-4
2991.71 -4.93128E-4
2991.83 -8.96554E-4
2991.95 -9.17882E-4
2992.07 -4.96276E-4
2992.19 7.8585E-5
2992.31 4.11358E-4
2992.43 2.41198E-4
2992.55 -3.81503E-4
2992.67 -0.00105
2992.79 -0.00129
2992.91 -9.89452E-4
2993.03 -5.47871E-4
2993.15 -4.70262E-4
2993.27 -8.67736E-4
2993.39 -0.00139
2993.52 -0.00162
2993.64 -0.00143
2993.76 -9.83883E-4
2993.88 -5.44246E-4
2994 -2.72941E-4
2994.12 -2.20861E-4
2994.24 -3.17927E-4
2994.36 -3.82863E-4
2994.48 -2.72837E-4
2994.6 -1.01782E-4
2994.72 -2.01352E-4
2994.84 -7.13184E-4
2994.96 -0.00126
2995.08 -0.00122
2995.2 -4.04209E-4
2995.32 6.19747E-4
2995.44 0.00106
2995.56 6.3182E-4
2995.69 -2.13671E-4
2995.81 -7.4679E-4
2995.93 -5.37418E-4
2996.05 2.51096E-4
2996.17 9.45929E-4
2996.29 8.41301E-4
2996.41 -1.59968E-4
2996.53 -0.00132
2996.65 -0.00172
2996.77 -0.00116
2996.89 -3.27211E-4
2997.01 1.01224E-4
2997.13 2.02745E-4
2997.25 5.26287E-4
2997.37 0.00121
2997.49 0.00178
2997.61 0.00179
2997.73 0.00147
2997.86 0.00134
2997.98 0.00154
2998.1 0.00172
2998.22 0.00157
2998.34 0.00123
2998.46 0.00107
2998.58 0.00126
2998.7 0.00159
2998.82 0.00179
2998.94 0.0019
2999.06 0.00216
2999.18 0.00277
2999.3 0.0036
2999.42 0.00435
2999.54 0.00474
2999.66 0.00468
2999.78 0.00434
2999.9 0.00403
3000.03 0.00403
3000.15 0.00438
3000.27 0.00484
3000.39 0.00521
3000.51 0.00556
3000.63 0.00621
3000.75 0.00723
3000.87 0.00818
3000.99 0.00841
3001.11 0.00776
3001.23 0.00674
3001.35 0.00607
3001.47 0.00598
3001.59 0.00616
3001.71 0.00624
3001.83 0.00623
3001.95 0.0064
3002.07 0.00682
3002.2 0.00724
3002.32 0.00741
3002.44 0.00737
3002.56 0.0074
3002.68 0.00774
3002.8 0.00835
3002.92 0.00902
3003.04 0.00948
3003.16 0.00953
3003.28 0.00921
3003.4 0.00887
3003.52 0.00904
3003.64 0.00991
3003.76 0.0111
3003.88 0.01187
3004 0.01193
3004.12 0.01177
3004.24 0.01222
3004.36 0.01348
3004.49 0.01495
3004.61 0.01586
3004.73 0.01613
3004.85 0.01629
3004.97 0.01678
3005.09 0.01754
3005.21 0.01831
3005.33 0.01901
3005.45 0.01961
3005.57 0.0199
3005.69 0.01976
3005.81 0.0196
3005.93 0.02013
3006.05 0.02158
3006.17 0.02339
3006.29 0.02475
3006.41 0.02547
3006.53 0.02598
3006.66 0.02673
3006.78 0.02791
3006.9 0.02947
3007.02 0.03133
3007.14 0.03326
3007.26 0.03481
3007.38 0.03575
3007.5 0.03631
3007.62 0.03699
3007.74 0.03799
3007.86 0.03911
3007.98 0.04021
3008.1 0.04163
3008.22 0.04381
3008.34 0.04663
3008.46 0.04927
3008.58 0.0509
3008.7 0.05147
3008.83 0.0516
3008.95 0.05193
3009.07 0.05251
3009.19 0.05308
3009.31 0.05351
3009.43 0.05385
3009.55 0.05412
3009.67 0.05431
3009.79 0.05459
3009.91 0.05526
3010.03 0.05619
3010.15 0.05672
3010.27 0.05643
3010.39 0.05571
3010.51 0.05537
3010.63 0.05556
3010.75 0.05556
3010.87 0.0548
3011 0.05358
3011.12 0.05258
3011.24 0.05187
3011.36 0.05097
3011.48 0.04973
3011.6 0.04861
3011.72 0.04802
3011.84 0.04767
3011.96 0.04699
3012.08 0.04582
3012.2 0.04453
3012.32 0.04346
3012.44 0.04265
3012.56 0.04195
3012.68 0.04124
3012.8 0.04042
3012.92 0.03948
3013.04 0.0386
3013.17 0.03803
3013.29 0.03774
3013.41 0.03745
3013.53 0.03694
3013.65 0.03638
3013.77 0.03607
3013.89 0.0359
3014.01 0.03539
3014.13 0.03415
3014.25 0.03231
3014.37 0.03042
3014.49 0.02899
3014.61 0.02815
3014.73 0.0277
3014.85 0.02739
3014.97 0.02715
3015.09 0.02689
3015.21 0.02645
3015.33 0.02565
3015.46 0.02454
3015.58 0.02342
3015.7 0.02252
3015.82 0.02177
3015.94 0.02102
3016.06 0.02029
3016.18 0.01977
3016.3 0.0194
3016.42 0.01886
3016.54 0.01802
3016.66 0.01715
3016.78 0.01674
3016.9 0.01686
3017.02 0.01703
3017.14 0.01669
3017.26 0.01571
3017.38 0.01442
3017.5 0.01323
3017.63 0.01233
3017.75 0.01179
3017.87 0.0117
3017.99 0.01209
3018.11 0.01267
3018.23 0.01296
3018.35 0.01268
3018.47 0.01209
3018.59 0.0116
3018.71 0.01131
3018.83 0.01094
3018.95 0.01032
3019.07 0.00972
3019.19 0.00953
3019.31 0.00978
3019.43 0.01006
3019.55 0.00994
3019.67 0.00933
3019.8 0.0085
3019.92 0.00781
3020.04 0.00753
3020.16 0.00767
3020.28 0.00794
3020.4 0.00798
3020.52 0.00763
3020.64 0.00708
3020.76 0.00662
3020.88 0.00638
3021 0.00628
3021.12 0.00623
3021.24 0.00616
3021.36 0.00597
3021.48 0.00557
3021.6 0.00497
3021.72 0.00441
3021.84 0.00423
3021.97 0.00457
3022.09 0.00532
3022.21 0.00613
3022.33 0.0067
3022.45 0.00691
3022.57 0.00676
3022.69 0.00624
3022.81 0.00536
3022.93 0.00436
3023.05 0.00362
3023.17 0.00337
3023.29 0.00338
3023.41 0.00327
3023.53 0.003
3023.65 0.00293
3023.77 0.00332
3023.89 0.00394
3024.01 0.00429
3024.14 0.00419
3024.26 0.0038
3024.38 0.00335
3024.5 0.00301
3024.62 0.00298
3024.74 0.00346
3024.86 0.00429
3024.98 0.00485
3025.1 0.00462
3025.22 0.00377
3025.34 0.00303
3025.46 0.00299
3025.58 0.00353
3025.7 0.00397
3025.82 0.0038
3025.94 0.0031
3026.06 0.00242
3026.18 0.00229
3026.31 0.0027
3026.43 0.00317
3026.55 0.00329
3026.67 0.00314
3026.79 0.00322
3026.91 0.0038
3027.03 0.00455
3027.15 0.00479
3027.27 0.00424
3027.39 0.00324
3027.51 0.00231
3027.63 0.00161
3027.75 9.80835E-4
3027.87 4.76789E-4
3027.99 4.90796E-4
3028.11 0.0013
3028.23 0.00261
3028.35 0.0038
3028.48 0.00442
3028.6 0.0044
3028.72 0.00391
3028.84 0.00312
3028.96 0.00229
3029.08 0.00166
3029.2 0.0013
3029.32 0.00107
3029.44 8.74601E-4
3029.56 7.88093E-4
3029.68 7.99902E-4
3029.8 7.05957E-4
3029.92 4.09309E-4
3030.04 2.05159E-4
3030.16 4.50224E-4
3030.28 9.71764E-4
3030.4 0.00114
3030.52 6.72758E-4
3030.65 7.97994E-5
3030.77 1.21776E-4
3030.89 9.19666E-4
3031.01 0.00188
3031.13 0.00241
3031.25 0.00248
3031.37 0.00239
3031.49 0.00224
3031.61 0.00187
3031.73 0.00121
3031.85 6.10027E-4
3031.97 5.66959E-4
3032.09 0.0012
3032.21 0.00205
3032.33 0.00249
3032.45 0.00238
3032.57 0.00211
3032.69 0.00204
3032.81 0.00201
3032.94 0.00167
3033.06 0.00112
3033.18 0.001
3033.3 0.0016
3033.42 0.00234
3033.54 0.00229
3033.66 0.00127
3033.78 -1.15894E-5
3033.9 -6.41823E-4
3034.02 -3.67187E-4
3034.14 4.23077E-4
3034.26 0.00119
3034.38 0.00162
3034.5 0.00162
3034.62 0.00136
3034.74 0.00113
3034.86 0.00111
3034.98 0.00115
3035.11 9.11526E-4
3035.23 2.75806E-4
3035.35 -4.17143E-4
3035.47 -6.91343E-4
3035.59 -3.91565E-4
3035.71 2.19584E-4
3035.83 7.5623E-4
3035.95 0.00105
3036.07 0.0012
3036.19 0.00138
3036.31 0.00157
3036.43 0.00157
3036.55 0.0012
3036.67 5.63368E-4
3036.79 -2.18935E-5
3036.91 -2.25998E-4
3037.03 6.23427E-5
3037.15 7.23686E-4
3037.28 0.00148
3037.4 0.00195
3037.52 0.00186
3037.64 0.00129
3037.76 7.73579E-4
3037.88 8.00379E-4
3038 0.00139
3038.12 0.00209
3038.24 0.00248
3038.36 0.00257
3038.48 0.00261
3038.6 0.00272
3038.72 0.00271
3038.84 0.00236
3038.96 0.00165
3039.08 8.38403E-4
3039.2 3.16806E-4
3039.32 3.195E-4
3039.45 7.47517E-4
3039.57 0.00129
3039.69 0.00171
3039.81 0.002
3039.93 0.00215
3040.05 0.00206
3040.17 0.0017
3040.29 0.00131
3040.41 0.00116
3040.53 0.00121
3040.65 0.0012
3040.77 0.00111
3040.89 0.00115
3041.01 0.00134
3041.13 0.00132
3041.25 8.48498E-4
3041.37 2.25004E-4
3041.49 -3.43211E-5
3041.61 1.31581E-4
3041.74 2.69856E-4
3041.86 7.02739E-5
3041.98 -2.34954E-4
3042.1 -2.23752E-4
3042.22 1.43345E-4
3042.34 4.65024E-4
3042.46 3.1985E-4
3042.58 -3.63979E-4
3042.7 -0.00124
3042.82 -0.00173
3042.94 -0.00143
3043.06 -4.22962E-4
3043.18 6.39576E-4
3043.3 0.00106
3043.42 6.98369E-4
3043.54 1.00657E-4
3043.66 -1.41263E-5
3043.78 6.148E-4
3043.91 0.0016
3044.03 0.00233
3044.15 0.00246
3044.27 0.00215
3044.39 0.00172
3044.51 0.00129
3044.63 7.49316E-4
3044.75 1.10939E-4
3044.87 -4.07923E-4
3044.99 -5.69273E-4
3045.11 -3.2251E-4
3045.23 2.38109E-4
3045.35 9.45952E-4
3045.47 0.00151
3045.59 0.00156
3045.71 9.20337E-4
3045.83 -1.73744E-4
3045.95 -0.00129
3046.08 -0.00219
3046.2 -0.00277
3046.32 -0.00288
3046.44 -0.00238
3046.56 -0.00156
3046.68 -0.00107
3046.8 -0.00119
3046.92 -0.00146
3047.04 -0.0013
3047.16 -6.84619E-4
3047.28 -1.45547E-4
3047.4 5.30146E-5
3047.52 1.40157E-4
3047.64 3.09389E-4
3047.76 3.28325E-4
3047.88 -4.4249E-5
3048 -5.20799E-4
3048.12 -5.60198E-4
3048.25 -1.11938E-4
3048.37 2.63318E-4
3048.49 1.15767E-4
3048.61 -3.26365E-4
3048.73 -5.19108E-4
3048.85 -3.28355E-4
3048.97 -9.13851E-5
3049.09 -4.69387E-5
3049.21 -4.59291E-5
3049.33 6.48238E-5
3049.45 6.78524E-5
3049.57 -3.2188E-4
3049.69 -9.26185E-4
3049.81 -0.00122
3049.93 -9.92298E-4
3050.05 -6.51974E-4
3050.17 -6.3872E-4
3050.29 -8.17418E-4
3050.42 -6.74754E-4
3050.54 -5.25825E-5
3050.66 6.08955E-4
3050.78 8.11893E-4
3050.9 5.73996E-4
3051.02 3.11721E-4
3051.14 2.95021E-4
3051.26 3.96606E-4
3051.38 3.68629E-4
3051.5 2.05941E-4
3051.62 1.41386E-4
3051.74 3.28816E-4
3051.86 6.24236E-4
3051.98 7.32549E-4
3052.1 5.56309E-4
3052.22 3.25758E-4
3052.34 3.16184E-4
3052.46 4.66719E-4
3052.59 3.97593E-4
3052.71 -1.21448E-4
3052.83 -7.91568E-4
3052.95 -0.00102
3053.07 -5.67298E-4
3053.19 1.37188E-4
3053.31 3.92765E-4
3053.43 -2.42144E-5
3053.55 -6.29604E-4
3053.67 -7.81361E-4
3053.79 -3.79696E-4
3053.91 6.8102E-5
3054.03 3.82736E-5
3054.15 -4.86162E-4
3054.27 -0.0011
3054.39 -0.00141
3054.51 -0.00131
3054.63 -9.39474E-4
3054.76 -5.55627E-4
3054.88 -4.30103E-4
3055 -6.10214E-4
3055.12 -8.12579E-4
3055.24 -7.01569E-4
3055.36 -3.08208E-4
3055.48 -6.66082E-6
3055.6 -4.49382E-5
3055.72 -3.12388E-4
3055.84 -6.50521E-4
3055.96 -0.00113
3056.08 -0.00178
3056.2 -0.00231
3056.32 -0.00237
3056.44 -0.00203
3056.56 -0.00176
3056.68 -0.00178
3056.8 -0.00181
3056.93 -0.0015
3057.05 -8.25226E-4
3057.17 5.95972E-5
3057.29 0.00102
3057.41 0.00185
3057.53 0.00216
3057.65 0.00174
3057.77 9.18653E-4
3057.89 3.3471E-4
3058.01 2.80142E-4
3058.13 4.98205E-4
3058.25 5.93334E-4
3058.37 4.06303E-4
3058.49 -2.42665E-5
3058.61 -5.81618E-4
3058.73 -0.00105
3058.85 -0.00122
3058.97 -0.00109
3059.09 -9.63699E-4
3059.22 -9.94887E-4
3059.34 -9.96392E-4
3059.46 -7.77781E-4
3059.58 -5.50583E-4
3059.7 -6.99665E-4
3059.82 -0.00121
3059.94 -0.00161
3060.06 -0.00158
3060.18 -0.00133
3060.3 -0.00125
3060.42 -0.00144
3060.54 -0.00167
3060.66 -0.00176
3060.78 -0.00171
3060.9 -0.00155
3061.02 -0.00131
3061.14 -0.00103
3061.26 -7.91904E-4
3061.39 -5.34985E-4
3061.51 -1.81276E-4
3061.63 1.65459E-4
3061.75 2.44424E-4
3061.87 -1.27256E-5
3061.99 -3.2464E-4
3062.11 -3.90358E-4
3062.23 -2.60185E-4
3062.35 -2.3751E-4
3062.47 -4.81755E-4
3062.59 -8.70138E-4
3062.71 -0.0012
3062.83 -0.00135
3062.95 -0.00123
3063.07 -8.76479E-4
3063.19 -5.11143E-4
3063.31 -4.79851E-4
3063.43 -8.53971E-4
3063.56 -0.0013
3063.68 -0.00144
3063.8 -0.00127
3063.92 -0.00105
3064.04 -8.91417E-4
3064.16 -7.73426E-4
3064.28 -7.06587E-4
3064.4 -7.50855E-4
3064.52 -7.91945E-4
3064.64 -5.86797E-4
3064.76 -1.09944E-4
3064.88 3.46426E-4
3065 5.08253E-4
3065.12 4.01136E-4
3065.24 2.05144E-4
3065.36 2.42367E-5
3065.48 -1.03164E-4
3065.6 -1.61342E-4
3065.73 -2.94618E-4
3065.85 -7.67279E-4
3065.97 -0.00155
3066.09 -0.00214
3066.21 -0.00206
3066.33 -0.00152
3066.45 -0.00122
3066.57 -0.00144
3066.69 -0.00179
3066.81 -0.00186
3066.93 -0.00185
3067.05 -0.0021
3067.17 -0.00242
3067.29 -0.00225
3067.41 -0.00138
3067.53 -3.79223E-4
3067.65 8.10847E-5
3067.77 -1.64069E-4
3067.9 -7.42543E-4
3068.02 -0.00125
3068.14 -0.00157
3068.26 -0.00182
3068.38 -0.0021
3068.5 -0.00238
3068.62 -0.0025
3068.74 -0.00235
3068.86 -0.00196
3068.98 -0.00143
3069.1 -8.80569E-4
3069.22 -4.23048E-4
3069.34 -1.70626E-4
3069.46 -1.41464E-4
3069.58 -1.88291E-4
3069.7 -1.41852E-4
3069.82 -4.00618E-5
3069.94 -9.61386E-5
3070.06 -3.9731E-4
3070.19 -7.4061E-4
3070.31 -8.49631E-4
3070.43 -6.95933E-4
3070.55 -5.32553E-4
3070.67 -6.25361E-4
3070.79 -9.849E-4
3070.91 -0.00133
3071.03 -0.00133
3071.15 -8.84749E-4
3071.27 -3.1925E-4
3071.39 -9.43951E-5
3071.51 -3.502E-4
3071.63 -7.56186E-4
3071.75 -8.72597E-4
3071.87 -5.93703E-4
3071.99 -1.77637E-4
3072.11 7.51354E-5
3072.23 5.29587E-5
3072.36 -1.81831E-4
3072.48 -4.87607E-4
3072.6 -7.11795E-4
3072.72 -7.83205E-4
3072.84 -7.76391E-4
3072.96 -7.85515E-4
3073.08 -7.4099E-4
3073.2 -5.04728E-4
3073.32 -1.9253E-4
3073.44 -2.1958E-4
3073.56 -8.5143E-4
3073.68 -0.00178
3073.8 -0.00235
3073.92 -0.0022
3074.04 -0.00161
3074.16 -0.0011
3074.28 -9.14723E-4
3074.4 -8.92501E-4
3074.53 -7.87921E-4
3074.65 -5.78184E-4
3074.77 -4.05505E-4
3074.89 -3.53668E-4
3075.01 -3.86629E-4
3075.13 -4.87808E-4
3075.25 -7.4796E-4
3075.37 -0.00124
3075.49 -0.00184
3075.61 -0.00225
3075.73 -0.00225
3075.85 -0.00185
3075.97 -0.00125
3076.09 -6.30677E-4
3076.21 -1.47812E-4
3076.33 1.03891E-4
3076.45 1.74623E-4
3076.57 3.14035E-4
3076.7 7.53917E-4
3076.82 0.00138
3076.94 0.00175
3077.06 0.00154
3077.18 9.26428E-4
3077.3 4.02741E-4
3077.42 2.33352E-4
3077.54 3.03555E-4
3077.66 4.13354E-4
3077.78 4.99487E-4
3077.9 5.06364E-4
3078.02 2.8355E-4
3078.14 -1.81403E-4
3078.26 -5.54755E-4
3078.38 -4.52846E-4
3078.5 6.06179E-5
3078.62 4.6017E-4
3078.74 3.14698E-4
3078.87 -3.01372E-4
3078.99 -9.80336E-4
3079.11 -0.00141
3079.23 -0.00151
3079.35 -0.00132
3079.47 -9.44804E-4
3079.59 -6.07166E-4
3079.71 -5.31673E-4
3079.83 -7.54077E-4
3079.95 -0.00104
3080.07 -0.00108
3080.19 -7.34184E-4
3080.31 -2.43574E-4
3080.43 -3.31588E-5
3080.55 -2.84262E-4
3080.67 -6.39405E-4
3080.79 -5.39351E-4
3080.91 2.57045E-5
3081.04 2.83144E-4
3081.16 -5.1412E-4
3081.28 -0.00211
3081.4 -0.00334
3081.52 -0.00331
3081.64 -0.00216
3081.76 -7.63372E-4
3081.88 1.60661E-4
3082 4.51878E-4
3082.12 2.94957E-4
3082.24 -9.0804E-5
3082.36 -5.32977E-4
3082.48 -9.26625E-4
3082.6 -0.00124
3082.72 -0.00141
3082.84 -0.00134
3082.96 -9.48831E-4
3083.08 -3.71411E-4
3083.21 1.16095E-4
3083.33 3.01491E-4
3083.45 1.15067E-4
3083.57 -4.1531E-4
3083.69 -0.00111
3083.81 -0.00162
3083.93 -0.00164
3084.05 -0.00129
3084.17 -0.001
3084.29 -0.00103
3084.41 -0.0011
3084.53 -8.4424E-4
3084.65 -3.69329E-4
3084.77 -1.80118E-4
3084.89 -5.21377E-4
3085.01 -0.00103
3085.13 -0.0012
3085.25 -0.00102
3085.38 -9.58484E-4
3085.5 -0.00129
3085.62 -0.00171
3085.74 -0.00175
3085.86 -0.00147
3085.98 -0.00129
3086.1 -0.00143
3086.22 -0.00156
3086.34 -0.00139
3086.46 -0.00117
3086.58 -0.00134
3086.7 -0.00179
3086.82 -0.0019
3086.94 -0.00136
3087.06 -5.79771E-4
3087.18 -2.10464E-4
3087.3 -4.07308E-4
3087.42 -8.14985E-4
3087.54 -0.00107
3087.67 -0.00107
3087.79 -8.89018E-4
3087.91 -6.28538E-4
3088.03 -3.86965E-4
3088.15 -2.35647E-4
3088.27 -1.75294E-4
3088.39 -2.32503E-4
3088.51 -5.23049E-4
3088.63 -0.00105
3088.75 -0.0015
3088.87 -0.00151
3088.99 -0.00116
3089.11 -9.67916E-4
3089.23 -0.00131
3089.35 -0.00195
3089.47 -0.00228
3089.59 -0.00201
3089.71 -0.00137
3089.84 -8.90926E-4
3089.96 -9.63405E-4
3090.08 -0.00152
3090.2 -0.00203
3090.32 -0.00185
3090.44 -8.63921E-4
3090.56 3.09262E-4
3090.68 8.80025E-4
3090.8 6.42799E-4
3090.92 4.66853E-5
3091.04 -4.05472E-4
3091.16 -5.887E-4
3091.28 -6.03054E-4
3091.4 -4.9359E-4
3091.52 -3.12515E-4
3091.64 -2.45869E-4
3091.76 -4.17434E-4
3091.88 -6.40448E-4
3092.01 -6.03732E-4
3092.13 -3.1447E-4
3092.25 -1.45957E-4
3092.37 -3.71523E-4
3092.49 -7.96203E-4
3092.61 -9.4955E-4
3092.73 -5.644E-4
3092.85 2.096E-4
3092.97 9.74122E-4
3093.09 0.00137
3093.21 0.00127
3093.33 7.78556E-4
3093.45 1.1614E-4
3093.57 -5.64188E-4
3093.69 -0.00125
3093.81 -0.00196
3093.93 -0.00261
3094.05 -0.00303
3094.18 -0.00309
3094.3 -0.00275
3094.42 -0.00207
3094.54 -0.00131
3094.66 -8.59734E-4
3094.78 -8.66443E-4
3094.9 -0.00109
3095.02 -0.00113
3095.14 -9.89463E-4
3095.26 -9.92056E-4
3095.38 -0.00129
3095.5 -0.00154
3095.62 -0.00132
3095.74 -8.34499E-4
3095.86 -7.23813E-4
3095.98 -0.00134
3096.1 -0.00237
3096.22 -0.00326
3096.35 -0.00378
3096.47 -0.00391
3096.59 -0.00358
3096.71 -0.00274
3096.83 -0.00172
3096.95 -0.00108
3097.07 -0.00105
3097.19 -0.00125
3097.31 -0.00121
3097.43 -9.16775E-4
3097.55 -7.36192E-4
3097.67 -8.50353E-4
3097.79 -0.00104
3097.91 -0.00106
3098.03 -9.4033E-4
3098.15 -8.33239E-4
3098.27 -6.7994E-4
3098.39 -2.78495E-4
3098.51 3.33101E-4
3098.64 7.80381E-4
3098.76 7.72171E-4
3098.88 4.96376E-4
3099 4.41093E-4
3099.12 7.93539E-4
3099.24 0.00114
3099.36 8.94863E-4
3099.48 -4.25167E-5
3099.6 -0.00109
3099.72 -0.00158
3099.84 -0.00147
3099.96 -0.00133
3100.08 -0.00165
3100.2 -0.00233
3100.32 -0.00284
3100.44 -0.00285
3100.56 -0.00243
3100.68 -0.00175
3100.81 -9.50519E-4
3100.93 -1.9069E-4
3101.05 2.50101E-4
3101.17 3.02512E-4
3101.29 3.00713E-4
3101.41 5.88249E-4
3101.53 9.88297E-4
3101.65 9.4847E-4
3101.77 2.60174E-4
3101.89 -6.24496E-4
3102.01 -0.00111
3102.13 -0.00109
3102.25 -9.0602E-4
3102.37 -8.32368E-4
3102.49 -8.80297E-4
3102.61 -9.78377E-4
3102.73 -0.00109
3102.85 -0.00112
3102.98 -8.78774E-4
3103.1 -3.6661E-4
3103.22 1.47335E-4
3103.34 2.99897E-4
3103.46 -4.56311E-5
3103.58 -6.97028E-4
3103.7 -0.00129
3103.82 -0.00152
3103.94 -0.00141
3104.06 -0.00123
3104.18 -0.00119
3104.3 -0.0012
3104.42 -9.77382E-4
3104.54 -5.52535E-4
3104.66 -3.70637E-4
3104.78 -7.14254E-4
3104.9 -0.00122
3105.02 -0.00122
3105.15 -5.45021E-4
3105.27 2.10524E-4
3105.39 2.92975E-4
3105.51 -4.36939E-4
3105.63 -0.00141
3105.75 -0.00194
3105.87 -0.00176
3105.99 -0.00118
3106.11 -6.59961E-4
3106.23 -4.01709E-4
3106.35 -2.24553E-4
3106.47 1.1367E-4
3106.59 5.69623E-4
3106.71 8.62435E-4
3106.83 8.09547E-4
3106.95 5.10819E-4
3107.07 1.92918E-4
3107.19 -3.57628E-6
3107.32 -5.08726E-5
3107.44 -7.44313E-6
3107.56 -2.78242E-5
3107.68 -2.69677E-4
3107.8 -6.61105E-4
3107.92 -8.78494E-4
3108.04 -7.24111E-4
3108.16 -4.57201E-4
3108.28 -5.48385E-4
3108.4 -0.00111
3108.52 -0.00176
3108.64 -0.00209
3108.76 -0.00204
3108.88 -0.00174
3109 -0.00131
3109.12 -8.38716E-4
3109.24 -5.82792E-4
3109.36 -8.07077E-4
3109.49 -0.00138
3109.61 -0.00178
3109.73 -0.0016
3109.85 -9.69905E-4
3109.97 -4.21524E-4
3110.09 -3.15793E-4
3110.21 -5.36803E-4
3110.33 -7.00474E-4
3110.45 -5.93662E-4
3110.57 -3.65648E-4
3110.69 -3.11438E-4
3110.81 -5.2084E-4
3110.93 -7.96255E-4
3111.05 -9.18079E-4
3111.17 -9.20106E-4
3111.29 -0.00104
3111.41 -0.00143
3111.53 -0.00196
3111.66 -0.00234
3111.78 -0.00232
3111.9 -0.00181
3112.02 -9.59203E-4
3112.14 -1.72626E-4
3112.26 7.33398E-5
3112.38 -4.08206E-4
3112.5 -0.0013
3112.62 -0.00204
3112.74 -0.00229
3112.86 -0.0021
3112.98 -0.00167
3113.1 -0.00107
3113.22 -3.20207E-4
3113.34 3.85575E-4
3113.46 7.11814E-4
3113.58 5.63003E-4
3113.7 2.59627E-4
3113.82 2.29117E-4
3113.95 5.1567E-4
3114.07 7.15233E-4
3114.19 4.34343E-4
3114.31 -2.92566E-4
3114.43 -0.00109
3114.55 -0.00164
3114.67 -0.00189
3114.79 -0.00189
3114.91 -0.00166
3115.03 -0.00127
3115.15 -0.00101
3115.27 -0.00112
3115.39 -0.00153
3115.51 -0.00185
3115.63 -0.00174
3115.75 -0.00133
3115.87 -0.00102
3115.99 -0.00108
3116.12 -0.00135
3116.24 -0.00149
3116.36 -0.00136
3116.48 -0.0011
3116.6 -9.67048E-4
3116.72 -0.00105
3116.84 -0.00131
3116.96 -0.00162
3117.08 -0.00187
3117.2 -0.00202
3117.32 -0.0022
3117.44 -0.00253
3117.56 -0.00294
3117.68 -0.00299
3117.8 -0.00235
3117.92 -0.00123
3118.04 -3.0078E-4
3118.16 5.54174E-5
3118.29 4.60297E-5
3118.41 9.78298E-5
3118.53 2.63952E-4
3118.65 2.57745E-4
3118.77 -3.37996E-5
3118.89 -3.30303E-4
3119.01 -3.01745E-4
3119.13 5.78612E-5
3119.25 4.42337E-4
3119.37 5.05224E-4
3119.49 7.51205E-5
3119.61 -7.03815E-4
3119.73 -0.00134
3119.85 -0.00131
3119.97 -5.20181E-4
3120.09 4.86843E-4
3120.21 0.00103
3120.33 9.33908E-4
3120.46 5.14586E-4
3120.58 1.394E-4
3120.7 -1.25829E-4
3120.82 -3.62664E-4
3120.94 -5.59635E-4
3121.06 -6.36782E-4
3121.18 -6.04812E-4
3121.3 -5.64985E-4
3121.42 -5.94366E-4
3121.54 -6.97233E-4
3121.66 -8.03757E-4
3121.78 -7.54055E-4
3121.9 -3.97392E-4
3122.02 1.4754E-4
3122.14 3.99586E-4
3122.26 -8.66205E-5
3122.38 -0.00118
3122.5 -0.00216
3122.63 -0.00239
3122.75 -0.00187
3122.87 -0.00111
3122.99 -6.51073E-4
3123.11 -6.99591E-4
3123.23 -0.00115
3123.35 -0.00171
3123.47 -0.00198
3123.59 -0.00173
3123.71 -0.00111
3123.83 -5.10238E-4
3123.95 -1.80613E-4
3124.07 -1.80878E-4
3124.19 -5.83705E-4
3124.31 -0.00149
3124.43 -0.00265
3124.55 -0.00332
3124.67 -0.00287
3124.8 -0.00153
3124.92 -2.85454E-4
3125.04 1.47521E-6
3125.16 -6.32677E-4
3125.28 -0.00145
3125.4 -0.00172
3125.52 -0.00125
3125.64 -4.29031E-4
3125.76 1.50062E-4
3125.88 1.10343E-4
3126 -3.80803E-4
3126.12 -7.86208E-4
3126.24 -7.3142E-4
3126.36 -3.23351E-4
3126.48 4.30681E-5
3126.6 5.19305E-5
3126.72 -3.97969E-4
3126.84 -0.00122
3126.97 -0.00208
3127.09 -0.00248
3127.21 -0.00214
3127.33 -0.00144
3127.45 -0.00115
3127.57 -0.00166
3127.69 -0.00258
3127.81 -0.00319
3127.93 -0.00306
3128.05 -0.00237
3128.17 -0.00144
3128.29 -4.69461E-4
3128.41 4.64335E-4
3128.53 0.00115
3128.65 0.00125
3128.77 6.20607E-4
3128.89 -4.31627E-4
3129.01 -0.0013
3129.14 -0.00155
3129.26 -0.00126
3129.38 -8.53419E-4
3129.5 -6.57346E-4
3129.62 -6.83308E-4
3129.74 -7.9124E-4
3129.86 -9.05275E-4
3129.98 -0.00102
3130.1 -0.00112
3130.22 -0.00117
3130.34 -0.00121
3130.46 -0.00127
3130.58 -0.00132
3130.7 -0.00124
3130.82 -8.98361E-4
3130.94 -3.5008E-4
3131.06 1.59364E-4
3131.18 2.75169E-4
3131.3 -1.91309E-4
3131.43 -0.00105
3131.55 -0.00181
3131.67 -0.00211
3131.79 -0.00189
3131.91 -0.00139
3132.03 -8.87223E-4
3132.15 -5.86905E-4
3132.27 -5.50106E-4
3132.39 -6.45518E-4
3132.51 -6.02048E-4
3132.63 -2.68701E-4
3132.75 1.78043E-4
3132.87 3.72924E-4
3132.99 1.17041E-4
3133.11 -4.75995E-4
3133.23 -0.00111
3133.35 -0.0015
3133.47 -0.00147
3133.6 -0.00109
3133.72 -7.70744E-4
3133.84 -9.40964E-4
3133.96 -0.00154
3134.08 -0.00195
3134.2 -0.0016
3134.32 -6.418E-4
3134.44 1.72835E-4
3134.56 2.69774E-4
3134.68 -2.63352E-4
3134.8 -9.01397E-4
3134.92 -0.00122
3135.04 -0.00112
3135.16 -7.72122E-4
3135.28 -4.13261E-4
3135.4 -2.33527E-4
3135.52 -2.80257E-4
3135.64 -4.61001E-4
3135.77 -6.92379E-4
3135.89 -0.001
3136.01 -0.00141
3136.13 -0.00177
3136.25 -0.00186
3136.37 -0.00178
3136.49 -0.00183
3136.61 -0.00213
3136.73 -0.00241
3136.85 -0.00231
3136.97 -0.00193
3137.09 -0.00168
3137.21 -0.00167
3137.33 -0.00157
3137.45 -0.00108
3137.57 -3.96326E-4
3137.69 9.38512E-5
3137.81 3.46355E-4
3137.94 5.18106E-4
3138.06 4.78536E-4
3138.18 -1.1117E-4
3138.3 -0.00118
3138.42 -0.00212
3138.54 -0.00245
3138.66 -0.00233
3138.78 -0.00219
3138.9 -0.00205
3139.02 -0.00167
3139.14 -0.00113
3139.26 -8.44654E-4
3139.38 -9.69358E-4
3139.5 -0.00115
3139.62 -0.00104
3139.74 -8.30751E-4
3139.86 -9.44417E-4
3139.98 -0.00146
3140.1 -0.00196
3140.23 -0.00211
3140.35 -0.00196
3140.47 -0.00185
3140.59 -0.0019
3140.71 -0.00179
3140.83 -0.00112
3140.95 6.3885E-5
3141.07 0.00109
3141.19 0.00118
3141.31 3.18851E-4
3141.43 -6.83893E-4
3141.55 -9.09828E-4
3141.67 -2.79035E-4
3141.79 4.23141E-4
3141.91 3.86488E-4
3142.03 -4.47497E-4
3142.15 -0.00144
3142.27 -0.00191
3142.4 -0.00177
3142.52 -0.00138
3142.64 -0.00115
3142.76 -0.00116
3142.88 -0.00126
3143 -0.00143
3143.12 -0.00176
3143.24 -0.00211
3143.36 -0.00207
3143.48 -0.00141
3143.6 -5.01163E-4
3143.72 3.49469E-5
3143.84 2.37077E-5
3143.96 -1.94345E-4
3144.08 -3.58876E-4
3144.2 -6.05516E-4
3144.32 -0.00104
3144.44 -0.00137
3144.57 -0.00123
3144.69 -7.89084E-4
3144.81 -5.60801E-4
3144.93 -7.19085E-4
3145.05 -8.33176E-4
3145.17 -4.70091E-4
3145.29 2.18008E-4
3145.41 7.10994E-4
3145.53 7.84181E-4
3145.65 6.90423E-4
3145.77 6.95717E-4
3145.89 6.53517E-4
3146.01 1.94378E-4
3146.13 -7.33145E-4
3146.25 -0.00166
3146.37 -0.00198
3146.49 -0.00154
3146.61 -7.1178E-4
3146.74 -6.85379E-5
3146.86 9.69283E-5
3146.98 -1.18561E-4
3147.1 -4.18793E-4
3147.22 -5.65048E-4
3147.34 -4.95661E-4
3147.46 -3.48043E-4
3147.58 -3.97354E-4
3147.7 -8.89599E-4
3147.82 -0.00183
3147.94 -0.00288
3148.06 -0.00351
3148.18 -0.00334
3148.3 -0.0024
3148.42 -0.00122
3148.54 -3.73397E-4
3148.66 -5.72652E-5
3148.78 -3.95738E-5
3148.91 3.56138E-6
3149.03 1.59521E-4
3149.15 3.60113E-4
3149.27 6.2605E-4
3149.39 0.00105
3149.51 0.00158
3149.63 0.00193
3149.75 0.00192
3149.87 0.00165
3149.99 0.00141
3150.11 0.00136
3150.23 0.00143
3150.35 0.00144
3150.47 0.0012
3150.59 6.96108E-4
3150.71 2.21569E-4
3150.83 1.48248E-4
3150.95 4.99722E-4
3151.08 7.81924E-4
3151.2 4.61478E-4
3151.32 -4.09003E-4
3151.44 -0.00122
3151.56 -0.00151
3151.68 -0.00133
3151.8 -0.00105
3151.92 -8.47928E-4
3152.04 -7.5281E-4
3152.16 -9.00388E-4
3152.28 -0.0014
3152.4 -0.00198
3152.52 -0.00205
3152.64 -0.0014
3152.76 -4.93098E-4
3152.88 -4.76092E-6
3153 -6.85677E-5
3153.12 -3.07351E-4
3153.25 -4.38362E-4
3153.37 -5.49886E-4
3153.49 -7.44503E-4
3153.61 -8.4421E-4
3153.73 -6.75507E-4
3153.85 -4.47877E-4
3153.97 -5.60261E-4
3154.09 -0.00107
3154.21 -0.00162
3154.33 -0.00188
3154.45 -0.00185
3154.57 -0.0017
3154.69 -0.00141
3154.81 -9.90767E-4
3154.93 -6.38157E-4
3155.05 -6.33698E-4
3155.17 -9.8139E-4
3155.29 -0.00143
3155.42 -0.00186
3155.54 -0.00236
3155.66 -0.00292
3155.78 -0.00323
3155.9 -0.00301
3156.02 -0.00248
3156.14 -0.0022
3156.26 -0.00232
3156.38 -0.00234
3156.5 -0.00171
3156.62 -6.06105E-4
3156.74 2.16678E-4
3156.86 2.37364E-4
3156.98 -2.80768E-4
3157.1 -6.84164E-4
3157.22 -6.9087E-4
3157.34 -5.91218E-4
3157.46 -7.90756E-4
3157.58 -0.00134
3157.71 -0.00191
3157.83 -0.00211
3157.95 -0.00178
3158.07 -0.00117
3158.19 -8.22384E-4
3158.31 -0.0011
3158.43 -0.00179
3158.55 -0.00216
3158.67 -0.00176
3158.79 -8.61444E-4
3158.91 -1.41289E-4
3159.03 4.33475E-5
3159.15 -1.31272E-4
3159.27 -3.94847E-4
3159.39 -7.36404E-4
3159.51 -0.00118
3159.63 -0.00147
3159.75 -0.00124
3159.88 -5.19238E-4
3160 1.16758E-4
3160.12 9.06736E-6
3160.24 -9.23607E-4
3160.36 -0.00204
3160.48 -0.00253
3160.6 -0.00212
3160.72 -0.00136
3160.84 -0.00102
3160.96 -0.00133
3161.08 -0.00181
3161.2 -0.00189
3161.32 -0.00156
3161.44 -0.00131
3161.56 -0.00147
3161.68 -0.00183
3161.8 -0.00186
3161.92 -0.00128
3162.05 -3.02728E-4
3162.17 5.94445E-4
3162.29 0.00107
3162.41 0.00111
3162.53 8.98629E-4
3162.65 6.59466E-4
3162.77 4.5697E-4
3162.89 2.4927E-4
3163.01 2.94819E-5
3163.13 -7.34366E-5
3163.25 1.26399E-4
3163.37 6.32208E-4
3163.49 0.00115
3163.61 0.00131
3163.73 0.00106
3163.85 7.89315E-4
3163.97 8.57968E-4
3164.09 0.00111
3164.22 9.70911E-4
3164.34 1.35854E-4
3164.46 -9.73992E-4
3164.58 -0.00162
3164.7 -0.00149
3164.82 -8.91775E-4
3164.94 -2.80444E-4
3165.06 1.40414E-4
3165.18 4.13038E-4
3165.3 6.36701E-4
3165.42 9.09481E-4
3165.54 0.00129
3165.66 0.00166
3165.78 0.00176
3165.9 0.00149
3166.02 0.00115
3166.14 0.00106
3166.26 0.00113
3166.39 9.20668E-4
3166.51 2.55063E-4
3166.63 -4.72099E-4
3166.75 -7.48098E-4
3166.87 -5.37511E-4
3166.99 -2.09022E-4
3167.11 1.67899E-5
3167.23 2.72647E-4
3167.35 6.70642E-4
3167.47 9.81964E-4
3167.59 9.08725E-4
3167.71 5.47431E-4
3167.83 3.39355E-4
3167.95 5.35462E-4
3168.07 8.81266E-4
3168.19 9.3786E-4
3168.31 6.16793E-4
3168.43 2.53983E-4
3168.55 1.65675E-4
3168.68 2.54236E-4
3168.8 1.25889E-4
3168.92 -4.19285E-4
3169.04 -0.00108
3169.16 -0.00128
3169.28 -7.59691E-4
3169.4 1.74392E-4
3169.52 9.35007E-4
3169.64 0.00121
3169.76 0.00111
3169.88 8.34256E-4
3170 4.14707E-4
3170.12 -9.63286E-5
3170.24 -4.0739E-4
3170.36 -2.75861E-4
3170.48 4.05721E-5
3170.6 -7.29747E-5
3170.72 -8.29838E-4
3170.85 -0.00168
3170.97 -0.00188
3171.09 -0.00134
3171.21 -6.2301E-4
3171.33 -2.59969E-4
3171.45 -3.22413E-4
3171.57 -5.99038E-4
3171.69 -9.38065E-4
3171.81 -0.00124
3171.93 -0.00133
3172.05 -0.00112
3172.17 -7.91553E-4
3172.29 -7.28976E-4
3172.41 -0.00109
3172.53 -0.00166
3172.65 -0.00208
3172.77 -0.00215
3172.89 -0.00191
3173.02 -0.00149
3173.14 -0.00113
3173.26 -0.00104
3173.38 -0.00138
3173.5 -0.00196
3173.62 -0.00237
3173.74 -0.00218
3173.86 -0.00138
3173.98 -3.99657E-4
3174.1 1.20685E-4
3174.22 -1.60869E-4
3174.34 -0.00107
3174.46 -0.00209
3174.58 -0.00281
3174.7 -0.00323
3174.82 -0.00355
3174.94 -0.00382
3175.06 -0.00375
3175.19 -0.00304
3175.31 -0.00186
3175.43 -7.90864E-4
3175.55 -3.06018E-4
3175.67 -3.43978E-4
3175.79 -5.94277E-4
3175.91 -9.89392E-4
3176.03 -0.00169
3176.15 -0.00263
3176.27 -0.0033
3176.39 -0.00327
3176.51 -0.0026
3176.63 -0.00174
3176.75 -0.00101
3176.87 -4.54932E-4
3176.99 -1.00169E-4
3177.11 -6.18882E-5
3177.23 -3.64531E-4
3177.36 -7.88923E-4
3177.48 -0.00106
3177.6 -0.00109
3177.72 -9.28689E-4
3177.84 -6.23092E-4
3177.96 -1.99884E-4
3178.08 1.78549E-4
3178.2 3.00072E-4
3178.32 1.688E-4
3178.44 2.44156E-5
3178.56 1.93343E-6
3178.68 -1.37396E-4
3178.8 -7.65052E-4
3178.92 -0.00186
3179.04 -0.0028
3179.16 -0.00286
3179.28 -0.00184
3179.4 -3.88719E-4
3179.53 5.37474E-4
3179.65 3.89576E-4
3179.77 -5.36337E-4
3179.89 -0.00141
3180.01 -0.00157
3180.13 -0.00101
3180.25 -2.37402E-4
3180.37 2.37539E-4
3180.49 2.2611E-4
3180.61 -1.53992E-4
3180.73 -6.72542E-4
3180.85 -0.0011
3180.97 -0.00126
3181.09 -0.00115
3181.21 -9.75836E-4
3181.33 -9.97741E-4
3181.45 -0.00116
3181.57 -0.00112
3181.7 -6.21542E-4
3181.82 1.71289E-4
3181.94 8.31384E-4
3182.06 0.00111
3182.18 0.00108
3182.3 8.52831E-4
3182.42 5.05857E-4
3182.54 1.6553E-4
3182.66 3.317E-5
3182.78 1.24138E-4
3182.9 1.75834E-4
3183.02 2.01948E-5
3183.14 -7.85701E-5
3183.26 2.85521E-4
3183.38 0.00105
3183.5 0.00164
3183.62 0.00163
3183.74 0.00112
3183.86 5.05563E-4
3183.99 -5.57341E-5
3184.11 -5.67213E-4
3184.23 -9.37499E-4
3184.35 -0.00104
3184.47 -0.00103
3184.59 -0.00123
3184.71 -0.00172
3184.83 -0.00217
3184.95 -0.00231
3185.07 -0.00226
3185.19 -0.00233
3185.31 -0.00248
3185.43 -0.0023
3185.55 -0.00158
3185.67 -5.28019E-4
3185.79 3.56086E-4
3185.91 7.5347E-4
3186.03 6.64525E-4
3186.16 2.98563E-4
3186.28 -9.6608E-5
3186.4 -3.38215E-4
3186.52 -3.30977E-4
3186.64 -2.44752E-5
3186.76 5.67567E-4
3186.88 0.00125
3187 0.00163
3187.12 0.00139
3187.24 6.18763E-4
3187.36 -2.41008E-4
3187.48 -7.53615E-4
3187.6 -8.01854E-4
3187.72 -5.08897E-4
3187.84 -5.83492E-5
3187.96 3.39314E-4
3188.08 4.85115E-4
3188.2 3.97641E-4
3188.33 3.77659E-4
3188.45 6.75887E-4
3188.57 0.00111
3188.69 0.00122
3188.81 7.51074E-4
3188.93 -7.18608E-6
3189.05 -5.52908E-4
3189.17 -5.48411E-4
3189.29 2.10814E-5
3189.41 8.36264E-4
3189.53 0.00133
3189.65 0.00104
3189.77 1.05772E-4
3189.89 -7.38777E-4
3190.01 -8.53773E-4
3190.13 -3.49239E-4
3190.25 1.71855E-4
3190.37 3.96568E-4
3190.5 5.7653E-4
3190.62 9.99048E-4
3190.74 0.00148
3190.86 0.00152
3190.98 9.21562E-4
3191.1 -4.2852E-5
3191.22 -8.31034E-4
3191.34 -0.00111
3191.46 -9.77673E-4
3191.58 -7.95115E-4
3191.7 -7.95275E-4
3191.82 -8.54399E-4
3191.94 -7.37932E-4
3192.06 -5.05496E-4
3192.18 -4.7287E-4
3192.3 -7.26704E-4
3192.42 -9.15505E-4
3192.54 -7.03044E-4
3192.67 -2.64663E-4
3192.79 -7.34627E-5
3192.91 -2.42241E-4
3193.03 -3.49034E-4
3193.15 1.58176E-5
3193.27 7.26752E-4
3193.39 0.00127
3193.51 0.00127
3193.63 7.49901E-4
3193.75 -3.19891E-5
3193.87 -7.68192E-4
3193.99 -0.00121
3194.11 -0.00124
3194.23 -8.65437E-4
3194.35 -2.44204E-4
3194.47 4.46394E-4
3194.59 0.00103
3194.71 0.00134
3194.83 0.00129
3194.96 9.54133E-4
3195.08 5.93022E-4
3195.2 4.05416E-4
3195.32 4.00424E-4
3195.44 4.43559E-4
3195.56 3.88712E-4
3195.68 1.30106E-4
3195.8 -3.76705E-4
3195.92 -0.001
3196.04 -0.0014
3196.16 -0.00124
3196.28 -6.19281E-4
3196.4 -1.18513E-4
3196.52 -2.39719E-4
3196.64 -8.15004E-4
3196.76 -0.00113
3196.88 -6.78144E-4
3197 2.81654E-4
3197.13 0.00103
3197.25 0.00111
3197.37 6.21565E-4
3197.49 -4.98816E-5
3197.61 -5.64605E-4
3197.73 -7.20248E-4
3197.85 -4.29973E-4
3197.97 1.90344E-4
3198.09 8.15667E-4
3198.21 0.00117
3198.33 0.00127
3198.45 0.0013
3198.57 0.00131
3198.69 0.00117
3198.81 8.41573E-4
3198.93 5.22014E-4
3199.05 4.44651E-4
3199.17 5.73769E-4
3199.3 6.7972E-4
3199.42 6.39364E-4
3199.54 5.23139E-4
3199.66 3.99183E-4
3199.78 2.25067E-4
3199.9 -2.31713E-6
3200.02 -1.42213E-4
3200.14 -1.08346E-4
3200.26 -6.34119E-5
3200.38 -2.45512E-4
3200.5 -6.20954E-4
3200.62 -9.0012E-4
3200.74 -9.29575E-4
3200.86 -8.75384E-4
3200.98 -9.21603E-4
3201.1 -9.7945E-4
3201.22 -8.98756E-4
3201.34 -8.46632E-4
3201.47 -0.00119
3201.59 -0.00194
3201.71 -0.00263
3201.83 -0.00272
3201.95 -0.00215
3202.07 -0.00127
3202.19 -4.56601E-4
3202.31 8.05818E-5
3202.43 2.25943E-4
3202.55 2.57343E-5
3202.67 -2.2579E-4
3202.79 -2.06713E-4
3202.91 7.04825E-6
3203.03 -4.69349E-5
3203.15 -6.11771E-4
3203.27 -0.00128
3203.39 -0.0014
3203.51 -8.02793E-4
3203.64 -6.38142E-6
3203.76 4.5345E-4
3203.88 5.18825E-4
3204 3.98334E-4
3204.12 1.26913E-4
3204.24 -3.53169E-4
3204.36 -8.15924E-4
3204.48 -8.60766E-4
3204.6 -4.50671E-4
3204.72 -3.31961E-5
3204.84 2.91541E-5
3204.96 -1.13416E-4
3205.08 -1.15864E-4
3205.2 4.06839E-5
3205.32 1.91633E-4
3205.44 4.69197E-4
3205.56 0.00118
3205.68 0.00218
3205.81 0.00281
3205.93 0.00263
3206.05 0.0019
3206.17 0.00118
3206.29 6.7623E-4
3206.41 4.26434E-4
3206.53 5.92988E-4
3206.65 0.00126
3206.77 0.00198
3206.89 0.00205
3207.01 0.00133
3207.13 4.23975E-4
3207.25 -1.16605E-4
3207.37 -3.83753E-4
3207.49 -7.1767E-4
3207.61 -0.00108
3207.73 -0.0012
3207.85 -0.00113
3207.98 -0.00121
3208.1 -0.00149
3208.22 -0.00154
3208.34 -0.00109
3208.46 -4.24467E-4
3208.58 1.64993E-5
3208.7 1.31261E-4
3208.82 1.55542E-4
3208.94 2.03639E-4
3209.06 1.30039E-4
3209.18 -1.46363E-4
3209.3 -4.18093E-4
3209.42 -4.46748E-4
3209.54 -3.09043E-4
3209.66 -3.15271E-4
3209.78 -5.95331E-4
3209.9 -9.25377E-4
3210.02 -0.00103
3210.15 -9.42662E-4
3210.27 -8.94241E-4
3210.39 -9.56304E-4
3210.51 -9.45617E-4
3210.63 -7.49655E-4
3210.75 -5.50237E-4
3210.87 -5.74972E-4
3210.99 -7.26327E-4
3211.11 -6.46893E-4
3211.23 -1.53154E-4
3211.35 5.42153E-4
3211.47 0.00106
3211.59 0.00122
3211.71 0.00108
3211.83 7.92857E-4
3211.95 4.75273E-4
3212.07 1.32497E-4
3212.19 -2.72375E-4
3212.31 -6.6939E-4
3212.44 -7.92485E-4
3212.56 -3.69046E-4
3212.68 4.90118E-4
3212.8 0.0012
3212.92 0.00122
3213.04 6.32808E-4
3213.16 1.26164E-4
3213.28 2.86635E-4
3213.4 0.00101
3213.52 0.00166
3213.64 0.00175
3213.76 0.00139
3213.88 0.00103
3214 9.43512E-4
3214.12 0.00101
3214.24 9.09064E-4
3214.36 4.42456E-4
3214.48 -4.02573E-4
3214.61 -0.00148
3214.73 -0.00248
3214.85 -0.00289
3214.97 -0.00231
3215.09 -9.93904E-4
3215.21 1.71941E-4
3215.33 3.05958E-4
3215.45 -6.32003E-4
3215.57 -0.00182
3215.69 -0.00235
3215.81 -0.00203
3215.93 -0.00135
3216.05 -9.47874E-4
3216.17 -0.0011
3216.29 -0.00155
3216.41 -0.00167
3216.53 -9.88085E-4
3216.65 3.4564E-4
3216.78 0.00147
3216.9 0.00155
3217.02 6.53408E-4
3217.14 -2.30901E-4
3217.26 -1.93335E-4
3217.38 7.05324E-4
3217.5 0.00157
3217.62 0.0016
3217.74 7.95674E-4
3217.86 -2.68769E-4
3217.98 -0.00105
3218.1 -0.00141
3218.22 -0.00149
3218.34 -0.00147
3218.46 -0.00143
3218.58 -0.0013
3218.7 -0.00101
3218.82 -6.51278E-4
3218.95 -3.2663E-4
3219.07 -6.07967E-6
3219.19 4.46379E-4
3219.31 9.51875E-4
3219.43 0.00114
3219.55 7.69008E-4
3219.67 1.9221E-4
3219.79 1.26436E-5
3219.91 2.99957E-4
3220.03 4.13939E-4
3220.15 -1.58954E-4
3220.27 -0.00102
3220.39 -0.00125
3220.51 -4.33348E-4
3220.63 8.51933E-4
3220.75 0.00175
3220.87 0.00192
3220.99 0.00157
3221.11 9.50903E-4
3221.24 1.07281E-4
3221.36 -8.28899E-4
3221.48 -0.00149
3221.6 -0.00159
3221.72 -0.00127
3221.84 -0.00108
3221.96 -0.0014
3222.08 -0.00197
3222.2 -0.00204
3222.32 -0.0012
3222.44 1.58206E-4
3222.56 0.00119
3222.68 0.00144
3222.8 0.00105
3222.92 3.65704E-4
3223.04 -4.14066E-4
3223.16 -0.00106
3223.28 -0.00125
3223.41 -9.44465E-4
3223.53 -5.81112E-4
3223.65 -5.63208E-4
3223.77 -6.40217E-4
3223.89 -2.91999E-4
3224.01 3.59941E-4
3224.13 5.45811E-4
3224.25 -8.91089E-5
3224.37 -8.91078E-4
3224.49 -9.89735E-4
3224.61 -3.38878E-4
3224.73 4.15638E-4
3224.85 8.59626E-4
3224.97 0.00114
3225.09 0.00142
3225.21 0.00155
3225.33 0.00136
3225.45 9.26834E-4
3225.58 4.24992E-4
3225.7 -1.2834E-4
3225.82 -7.32996E-4
3225.94 -0.0012
3226.06 -0.00129
3226.18 -9.3982E-4
3226.3 -3.19328E-4
3226.42 3.58932E-4
3226.54 8.91235E-4
3226.66 0.00108
3226.78 7.95651E-4
3226.9 1.21482E-4
3227.02 -7.15423E-4
3227.14 -0.00143
3227.26 -0.00177
3227.38 -0.00156
3227.5 -9.69574E-4
3227.62 -4.3178E-4
3227.75 -3.78836E-4
3227.87 -8.46133E-4
3227.99 -0.00148
3228.11 -0.00184
3228.23 -0.00164
3228.35 -8.30043E-4
3228.47 2.49792E-4
3228.59 9.45441E-4
3228.71 7.27683E-4
3228.83 -2.76022E-4
3228.95 -0.0013
3229.07 -0.0016
3229.19 -0.00104
3229.31 -1.26995E-5
3229.43 9.27135E-4
3229.55 0.00139
3229.67 0.00124
3229.79 6.23088E-4
3229.92 3.33413E-6
3230.04 -1.87118E-4
3230.16 1.20565E-4
3230.28 5.88764E-4
3230.4 8.37035E-4
3230.52 7.83939E-4
3230.64 6.55949E-4
3230.76 7.27851E-4
3230.88 0.00106
3231 0.00142
3231.12 0.00145
3231.24 9.6707E-4
3231.36 1.47618E-4
3231.48 -5.8642E-4
3231.6 -9.36311E-4
3231.72 -9.28573E-4
3231.84 -7.75583E-4
3231.96 -6.20659E-4
3232.09 -4.68601E-4
3232.21 -3.10995E-4
3232.33 -2.16883E-4
3232.45 -2.70836E-4
3232.57 -4.72173E-4
3232.69 -7.51756E-4
3232.81 -0.00108
3232.93 -0.00152
3233.05 -0.00209
3233.17 -0.00263
3233.29 -0.00285
3233.41 -0.00255
3233.53 -0.0018
3233.65 -8.99844E-4
3233.77 -1.1779E-4
3233.89 3.89107E-4
3234.01 5.15625E-4
3234.13 2.12211E-4
3234.26 -3.64982E-4
3234.38 -7.87251E-4
3234.5 -6.2174E-4
3234.62 1.68975E-4
3234.74 0.00111
3234.86 0.00155
3234.98 0.00123
3235.1 4.47899E-4
3235.22 -1.66383E-4
3235.34 -2.67159E-4
3235.46 -4.65401E-5
3235.58 9.34936E-5
3235.7 9.06363E-5
3235.82 2.84392E-4
3235.94 8.46911E-4
3236.06 0.00137
3236.18 0.0013
3236.3 6.64975E-4
3236.43 9.67681E-5
3236.55 3.88697E-5
3236.67 2.16004E-4
3236.79 9.93088E-5
3236.91 -3.58313E-4
3237.03 -7.22874E-4
3237.15 -6.90203E-4
3237.27 -3.70547E-4
3237.39 -1.78218E-5
3237.51 2.18809E-4
3237.63 2.43727E-4
3237.75 4.14923E-5
3237.87 -1.53847E-4
3237.99 5.51715E-6
3238.11 4.87566E-4
3238.23 8.19732E-4
3238.35 7.30831E-4
3238.47 6.03609E-4
3238.59 9.20586E-4
3238.72 0.00144
3238.84 0.0014
3238.96 6.09003E-4
3239.08 -1.74634E-4
3239.2 -1.80826E-4
3239.32 4.39368E-4
3239.44 9.38185E-4
3239.56 9.89586E-4
3239.68 9.42301E-4
3239.8 0.00115
3239.92 0.0015
3240.04 0.0017
3240.16 0.00174
3240.28 0.00177
3240.4 0.00179
3240.52 0.00172
3240.64 0.00168
3240.76 0.00187
3240.89 0.00224
3241.01 0.00247
3241.13 0.00233
3241.25 0.00206
3241.37 0.002
3241.49 0.00219
3241.61 0.00234
3241.73 0.00222
3241.85 0.00192
3241.97 0.00166
3242.09 0.00153
3242.21 0.00147
3242.33 0.00137
3242.45 0.00116
3242.57 8.20443E-4
3242.69 4.06701E-4
3242.81 -1.75387E-5
3242.93 -4.42527E-4
3243.06 -8.48934E-4
3243.18 -0.00103
3243.3 -6.81486E-4
3243.42 1.68305E-4
3243.54 9.71403E-4
3243.66 0.00114
3243.78 7.00422E-4
3243.9 2.22143E-4
3244.02 1.25252E-4
3244.14 2.40054E-4
3244.26 1.79447E-4
3244.38 -1.21094E-4
3244.5 -4.3419E-4
3244.62 -6.51345E-4
3244.74 -8.72575E-4
3244.86 -0.00113
3244.98 -0.00126
3245.1 -0.00116
3245.23 -9.35219E-4
3245.35 -7.55124E-4
3245.47 -6.01519E-4
3245.59 -3.13405E-4
3245.71 1.36588E-4
3245.83 5.12358E-4
3245.95 5.3985E-4
3246.07 2.30927E-4
3246.19 -9.25995E-5
3246.31 -1.64434E-4
3246.43 -1.02635E-4
3246.55 -2.12077E-4
3246.67 -4.79989E-4
3246.79 -4.85081E-4
3246.91 5.69895E-5
3247.03 8.38395E-4
3247.15 0.00127
3247.27 0.00113
3247.4 6.23792E-4
3247.52 5.3905E-6
3247.64 -6.05937E-4
3247.76 -9.71321E-4
3247.88 -7.52054E-4
3248 1.75089E-5
3248.12 7.61561E-4
3248.24 9.70822E-4
3248.36 7.68911E-4
3248.48 6.21732E-4
3248.6 6.71275E-4
3248.72 6.93422E-4
3248.84 5.95137E-4
3248.96 5.36766E-4
3249.08 5.48862E-4
3249.2 4.38578E-4
3249.32 2.14208E-4
3249.44 2.41507E-4
3249.56 7.39474E-4
3249.69 0.00137
3249.81 0.00163
3249.93 0.00144
3250.05 0.00117
3250.17 0.00109
3250.29 0.00111
3250.41 0.00109
3250.53 0.00103
3250.65 0.00102
3250.77 0.00109
3250.89 0.00116
3251.01 0.00104
3251.13 5.52669E-4
3251.25 -1.83508E-4
3251.37 -6.60989E-4
3251.49 -5.06151E-4
3251.61 -2.58051E-5
3251.73 1.17164E-4
3251.86 -1.7434E-4
3251.98 -2.5405E-4
3252.1 2.72639E-4
3252.22 8.23874E-4
3252.34 5.79886E-4
3252.46 -2.88013E-4
3252.58 -6.83691E-4
3252.7 8.84384E-5
3252.82 0.00154
3252.94 0.00267
3253.06 0.00294
3253.18 0.00246
3253.3 0.00154
3253.42 4.77988E-4
3253.54 -3.66852E-4
3253.66 -7.30582E-4
3253.78 -7.25947E-4
3253.9 -6.84865E-4
3254.03 -7.32534E-4
3254.15 -6.91995E-4
3254.27 -4.09301E-4
3254.39 1.09449E-5
3254.51 3.27647E-4
3254.63 4.16044E-4
3254.75 3.82721E-4
3254.87 5.19738E-4
3254.99 0.00106
3255.11 0.00185
3255.23 0.0023
3255.35 0.00198
3255.47 0.00116
3255.59 5.19339E-4
3255.71 3.69821E-4
3255.83 3.68264E-4
3255.95 1.48259E-4
3256.07 -9.11281E-5
3256.2 1.16475E-4
3256.32 7.87694E-4
3256.44 0.0014
3256.56 0.00143
3256.68 8.61727E-4
3256.8 5.90235E-5
3256.92 -5.06334E-4
3257.04 -5.13244E-4
3257.16 3.29129E-5
3257.28 7.53436E-4
3257.4 0.00112
3257.52 8.18711E-4
3257.64 -3.58745E-6
3257.76 -8.79541E-4
3257.88 -0.00134
3258 -0.00122
3258.12 -8.07688E-4
3258.24 -5.9038E-4
3258.37 -7.85179E-4
3258.49 -0.00111
3258.61 -0.00113
3258.73 -7.35093E-4
3258.85 -2.78078E-4
3258.97 -1.2606E-4
3259.09 -3.71523E-4
3259.21 -8.55401E-4
3259.33 -0.00129
3259.45 -0.00132
3259.57 -6.84712E-4
3259.69 4.35282E-4
3259.81 0.00146
3259.93 0.00188
3260.05 0.00174
3260.17 0.00155
3260.29 0.00174
3260.41 0.00222
3260.54 0.00255
3260.66 0.0023
3260.78 0.00149
3260.9 6.1626E-4
3261.02 1.77938E-4
3261.14 2.44956E-4
3261.26 4.25272E-4
3261.38 3.20703E-4
3261.5 -1.14411E-4
3261.62 -6.48472E-4
3261.74 -0.00103
3261.86 -0.00107
3261.98 -6.97386E-4
3262.1 -8.10847E-5
3262.22 3.42548E-4
3262.34 2.27455E-4
3262.46 -3.3756E-4
3262.58 -9.55753E-4
3262.71 -0.00133
3262.83 -0.00138
3262.95 -0.00112
3263.07 -5.8784E-4
3263.19 -3.30955E-5
3263.31 2.4977E-4
3263.43 2.36996E-4
3263.55 2.23525E-4
3263.67 4.46986E-4
3263.79 8.50122E-4
3263.91 0.00126
3264.03 0.00158
3264.15 0.00164
3264.27 0.00117
3264.39 1.79537E-4
3264.51 -8.53121E-4
3264.63 -0.00135
3264.75 -0.00124
3264.88 -9.39865E-4
3265 -7.36903E-4
3265.12 -5.66401E-4
3265.24 -3.36997E-4
3265.36 -1.74984E-4
3265.48 -2.0222E-4
3265.6 -3.20986E-4
3265.72 -3.94389E-4
3265.84 -4.41346E-4
3265.96 -4.58613E-4
3266.08 -2.37986E-4
3266.2 3.67306E-4
3266.32 0.00109
3266.44 0.00146
3266.56 0.00141
3266.68 0.00132
3266.8 0.00151
3266.92 0.00176
3267.04 0.00171
3267.17 0.00131
3267.29 8.98506E-4
3267.41 7.51387E-4
3267.53 8.4215E-4
3267.65 9.4603E-4
3267.77 9.12055E-4
3267.89 8.03042E-4
3268.01 8.3315E-4
3268.13 0.00112
3268.25 0.00141
3268.37 0.00128
3268.49 5.94079E-4
3268.61 -1.44411E-4
3268.73 -3.14482E-4
3268.85 6.72154E-5
3268.97 3.91342E-4
3269.09 2.799E-4
3269.21 1.21109E-5
3269.34 -7.69645E-6
3269.46 1.31987E-4
3269.58 6.19479E-5
3269.7 -2.35066E-4
3269.82 -4.26173E-4
3269.94 -3.91301E-4
3270.06 -3.72224E-4
3270.18 -5.29192E-4
3270.3 -7.04288E-4
3270.42 -7.31148E-4
3270.54 -6.53934E-4
3270.66 -4.69912E-4
3270.78 1.34706E-5
3270.9 7.77364E-4
3271.02 0.00132
3271.14 0.00116
3271.26 5.09728E-4
3271.38 5.25154E-5
3271.51 1.13435E-4
3271.63 3.31193E-4
3271.75 2.61839E-4
3271.87 -7.35894E-5
3271.99 -3.71154E-4
3272.11 -4.88166E-4
3272.23 -4.8304E-4
3272.35 -4.26564E-4
3272.47 -3.90328E-4
3272.59 -4.76517E-4
3272.71 -6.42277E-4
3272.83 -6.2694E-4
3272.95 -2.95702E-4
3273.07 4.6473E-5
3273.19 -3.64669E-5
3273.31 -4.94637E-4
3273.43 -8.02729E-4
3273.55 -6.29988E-4
3273.68 -2.35107E-4
3273.8 -5.20237E-5
3273.92 -1.25457E-4
3274.04 -1.63373E-4
3274.16 -5.3905E-6
3274.28 2.08538E-4
3274.4 3.01704E-4
3274.52 3.02125E-4
3274.64 3.62061E-4
3274.76 5.53813E-4
3274.88 7.76965E-4
3275 8.30125E-4
3275.12 5.99723E-4
3275.24 2.32209E-4
3275.36 5.89751E-5
3275.48 2.61653E-4
3275.6 6.75213E-4
3275.72 0.00103
3275.85 0.00132
3275.97 0.00168
3276.09 0.00205
3276.21 0.00214
3276.33 0.00189
3276.45 0.00167
3276.57 0.00182
3276.69 0.00206
3276.81 0.00177
3276.93 8.02662E-4
3277.05 -2.2497E-4
3277.17 -5.74946E-4
3277.29 -2.24546E-4
3277.41 1.44962E-4
3277.53 -7.91773E-5
3277.65 -7.98598E-4
3277.77 -0.00139
3277.89 -0.00136
3278.02 -8.42247E-4
3278.14 -3.22025E-4
3278.26 -1.51839E-4
3278.38 -2.55089E-4
3278.5 -3.24104E-4
3278.62 -1.84324E-4
3278.74 6.25961E-5
3278.86 1.66375E-4
3278.98 -5.12451E-5
3279.1 -5.39228E-4
3279.22 -9.87556E-4
3279.34 -0.00101
3279.46 -4.90427E-4
3279.58 1.64665E-4
3279.7 3.38722E-4
3279.82 -2.0906E-4
3279.94 -0.00104
3280.06 -0.00137
3280.19 -7.55977E-4
3280.31 6.46021E-4
3280.43 0.00222
3280.55 0.00329
3280.67 0.00347
3280.79 0.0027
3280.91 0.00137
3281.03 5.28358E-5
3281.15 -7.6009E-4
3281.27 -9.54777E-4
3281.39 -7.89247E-4
3281.51 -5.71731E-4
3281.63 -3.7244E-4
3281.75 -8.68887E-5
3281.87 2.83174E-4
3281.99 5.51529E-4
3282.11 5.97648E-4
3282.23 5.36378E-4
3282.35 5.18214E-4
3282.48 4.5494E-4
3282.6 1.43539E-4
3282.72 -3.4868E-4
3282.84 -6.263E-4
3282.96 -3.99332E-4
3283.08 1.77592E-4
3283.2 6.92841E-4
3283.32 9.16123E-4
3283.44 9.24498E-4
3283.56 9.05652E-4
3283.68 9.84967E-4
3283.8 0.00119
3283.92 0.00144
3284.04 0.00148
3284.16 0.00118
3284.28 6.88311E-4
3284.4 3.83701E-4
3284.52 4.27909E-4
3284.65 5.51458E-4
3284.77 4.01858E-4
3284.89 2.4844E-5
3285.01 -1.76877E-4
3285.13 2.64607E-5
3285.25 3.47566E-4
3285.37 3.04475E-4
3285.49 -1.89427E-4
3285.61 -6.59432E-4
3285.73 -5.66896E-4
3285.85 8.85539E-5
3285.97 6.97147E-4
3286.09 5.89468E-4
3286.21 -3.43569E-4
3286.33 -0.00151
3286.45 -0.00211
3286.57 -0.00171
3286.69 -6.53554E-4
3286.82 2.87045E-4
3286.94 5.28183E-4
3287.06 1.68681E-4
3287.18 -1.7146E-4
3287.3 8.06153E-6
3287.42 5.89404E-4
3287.54 0.00102
3287.66 9.08457E-4
3287.78 4.06794E-4
3287.9 -9.98005E-6
3288.02 -2.79546E-5
3288.14 2.45247E-4
3288.26 4.6932E-4
3288.38 4.49531E-4
3288.5 2.95628E-4
3288.62 2.35934E-4
3288.74 3.25747E-4
3288.86 4.04682E-4
3288.99 3.2714E-4
3289.11 1.31674E-4
3289.23 -6.47455E-5
3289.35 -2.22329E-4
3289.47 -3.32899E-4
3289.59 -3.07634E-4
3289.71 -1.00516E-4
3289.83 1.06838E-4
3289.95 7.05048E-5
3290.07 -1.19027E-4
3290.19 -6.23725E-5
3290.31 3.8984E-4
3290.43 8.22701E-4
3290.55 7.46004E-4
3290.67 2.74539E-4
3290.79 3.36617E-5
3290.91 3.81537E-4
3291.03 0.00101
3291.16 0.00137
3291.28 0.00129
3291.4 0.001
3291.52 7.28026E-4
3291.64 5.3094E-4
3291.76 3.91886E-4
3291.88 2.29646E-4
3292 -1.44858E-4
3292.12 -8.24112E-4
3292.24 -0.0015
3292.36 -0.0016
3292.48 -8.95988E-4
3292.6 8.5298E-5
3292.72 5.61714E-4
3292.84 3.15156E-4
3292.96 -1.11554E-4
3293.08 -8.10027E-5
3293.2 4.33493E-4
3293.32 9.19942E-4
3293.45 9.51037E-4
3293.57 5.30321E-4
3293.69 -1.28441E-4
3293.81 -9.07946E-4
3293.93 -0.00172
3294.05 -0.00229
3294.17 -0.00222
3294.29 -0.00151
3294.41 -6.40344E-4
3294.53 -1.47901E-4
3294.65 -4.02555E-5
3294.77 1.51221E-4
3294.89 7.24439E-4
3295.01 0.00138
3295.13 0.00154
3295.25 0.00103
3295.37 2.55082E-4
3295.49 -2.53495E-4
3295.62 -3.37847E-4
3295.74 -2.22862E-4
3295.86 -1.40354E-4
3295.98 -1.09341E-4
3296.1 -5.12898E-5
3296.22 3.09572E-5
3296.34 6.16536E-5
3296.46 1.98819E-5
3296.58 -4.36828E-5
3296.7 -8.81478E-5
3296.82 -1.33034E-4
3296.94 -1.99236E-4
3297.06 -2.54884E-4
3297.18 -2.36377E-4
3297.3 -1.05996E-4
3297.42 1.1383E-4
3297.54 3.24067E-4
3297.66 3.75371E-4
3297.79 1.66133E-4
3297.91 -2.11596E-4
3298.03 -4.59015E-4
3298.15 -3.06245E-4
3298.27 2.33769E-4
3298.39 8.85889E-4
3298.51 0.00139
3298.63 0.00166
3298.75 0.0017
3298.87 0.00148
3298.99 0.00103
3299.11 5.85742E-4
3299.23 3.47611E-4
3299.35 3.11449E-4
3299.47 3.43543E-4
3299.59 4.50611E-4
3299.71 7.3633E-4
3299.83 0.00109
3299.96 0.00118
3300.08 9.05696E-4
3300.2 5.59866E-4
3300.32 4.32324E-4
3300.44 3.57658E-4
3300.56 1.81682E-5
3300.68 -4.33519E-4
3300.8 -4.27168E-4
3300.92 2.70549E-4
3301.04 0.00117
3301.16 0.00161
3301.28 0.00141
3301.4 8.54947E-4
3301.52 2.95982E-4
3301.64 -6.43954E-5
3301.76 -2.70642E-5
3301.88 5.05168E-4
3302 0.00125
3302.13 0.00163
3302.25 0.00139
3302.37 8.62781E-4
3302.49 5.94359E-4
3302.61 7.81476E-4
3302.73 0.00119
3302.85 0.00158
3302.97 0.00188
3303.09 0.00196
3303.21 0.00154
3303.33 5.74935E-4
3303.45 -4.13023E-4
3303.57 -7.05242E-4
3303.69 -1.88142E-4
3303.81 5.28593E-4
3303.93 9.32623E-4
3304.05 0.00129
3304.17 0.00215
3304.3 0.00334
3304.42 0.00388
3304.54 0.00319
3304.66 0.00182
3304.78 8.39114E-4
3304.9 6.35818E-4
3305.02 7.73624E-4
3305.14 8.23844E-4
3305.26 9.13803E-4
3305.38 0.00135
3305.5 0.00206
3305.62 0.00261
3305.74 0.00262
3305.86 0.002
3305.98 0.00102
3306.1 2.74267E-4
3306.22 3.15413E-4
3306.34 0.00109
3306.47 0.00188
3306.59 0.00203
3306.71 0.00161
3306.83 0.00123
3306.95 0.0012
3307.07 0.00133
3307.19 0.0014
3307.31 0.00158
3307.43 0.00199
3307.55 0.00226
3307.67 0.00185
3307.79 7.7961E-4
3307.91 -2.02231E-4
3308.03 -3.86059E-4
3308.15 2.19658E-4
3308.27 9.48463E-4
3308.39 0.00115
3308.51 7.4761E-4
3308.64 3.16855E-4
3308.76 5.1447E-4
3308.88 0.00145
3309 0.00252
3309.12 0.00293
3309.24 0.00246
3309.36 0.00158
3309.48 8.02413E-4
3309.6 2.08944E-4
3309.72 -3.29759E-4
3309.84 -6.83989E-4
3309.96 -5.85314E-4
3310.08 -1.63034E-4
3310.2 1.30571E-5
3310.32 -3.85415E-4
3310.44 -9.24319E-4
3310.56 -8.63429E-4
3310.68 -5.62631E-5
3310.8 8.18502E-4
3310.93 9.76253E-4
3311.05 3.64065E-4
3311.17 -3.11598E-4
3311.29 -3.23884E-4
3311.41 3.59155E-4
3311.53 0.00108
3311.65 0.0012
3311.77 7.51574E-4
3311.89 3.69638E-4
3312.01 5.89039E-4
3312.13 0.00126
3312.25 0.00177
3312.37 0.00165
3312.49 9.24088E-4
3312.61 -8.29101E-5
3312.73 -8.93205E-4
3312.85 -0.00105
3312.97 -4.3783E-4
3313.1 3.85579E-4
3313.22 5.97727E-4
3313.34 -1.75498E-5
3313.46 -7.8864E-4
3313.58 -9.67883E-4
3313.7 -6.01046E-4
3313.82 -3.08491E-4
3313.94 -3.74988E-4
3314.06 -5.15811E-4
3314.18 -5.34497E-4
3314.3 -7.05764E-4
3314.42 -0.00126
3314.54 -0.00187
3314.66 -0.00193
3314.78 -0.00137
3314.9 -6.45768E-4
3315.02 -1.87676E-4
3315.14 2.97986E-5
3315.27 1.99512E-4
3315.39 3.48128E-4
3315.51 4.19982E-4
3315.63 5.11944E-4
3315.75 7.75233E-4
3315.87 0.00113
3315.99 0.00127
3316.11 0.00108
3316.23 7.6605E-4
3316.35 6.46759E-4
3316.47 7.34877E-4
3316.59 7.58894E-4
3316.71 5.38617E-4
3316.83 1.92441E-4
3316.95 -6.06403E-5
3317.07 -1.32747E-4
3317.19 -4.28781E-6
3317.31 4.20835E-4
3317.44 0.00115
3317.56 0.00186
3317.68 0.0021
3317.8 0.00181
3317.92 0.00148
3318.04 0.00157
3318.16 0.00202
3318.28 0.0024
3318.4 0.00247
3318.52 0.00237
3318.64 0.00228
3318.76 0.00214
3318.88 0.00176
3319 0.00117
3319.12 5.37977E-4
3319.24 1.16844E-4
3319.36 4.29302E-5
3319.48 2.40255E-4
3319.6 4.42766E-4
3319.73 4.54545E-4
3319.85 4.03248E-4
3319.97 5.64925E-4
3320.09 8.73022E-4
3320.21 8.28099E-4
3320.33 9.78634E-5
3320.45 -9.2677E-4
3320.57 -0.00145
3320.69 -0.00119
3320.81 -6.9334E-4
3320.93 -6.79836E-4
3321.05 -0.00117
3321.17 -0.00144
3321.29 -8.49694E-4
3321.41 4.44692E-4
3321.53 0.00163
3321.65 0.00197
3321.77 0.00142
3321.9 5.89725E-4
3322.02 1.82148E-4
3322.14 4.4781E-4
3322.26 0.00106
3322.38 0.00149
3322.5 0.00147
3322.62 0.00118
3322.74 9.415E-4
3322.86 9.00608E-4
3322.98 9.45244E-4
3323.1 0.00102
3323.22 0.00123
3323.34 0.00155
3323.46 0.00166
3323.58 0.00124
3323.7 5.12026E-4
3323.82 1.44854E-4
3323.94 4.74818E-4
3324.07 0.0011
3324.19 0.00136
3324.31 0.00111
3324.43 7.43594E-4
3324.55 5.85862E-4
3324.67 4.53375E-4
3324.79 -7.43046E-5
3324.91 -0.0011
3325.03 -0.00218
3325.15 -0.00257
3325.27 -0.0019
3325.39 -5.8575E-4
3325.51 4.17341E-4
3325.63 5.5667E-4
3325.75 1.87725E-4
3325.87 -4.47407E-5
3325.99 -1.48304E-4
3326.11 -6.76788E-4
3326.24 -0.00165
3326.36 -0.00217
3326.48 -0.00143
3326.6 1.15085E-4
3326.72 0.00125
3326.84 0.00137
3326.96 0.00102
3327.08 9.58208E-4
3327.2 0.0012
3327.32 0.00123
3327.44 7.8487E-4
3327.56 2.30722E-4
3327.68 1.42306E-5
3327.8 1.56671E-4
3327.92 2.74178E-4
3328.04 2.86996E-5
3328.16 -5.19838E-4
3328.28 -9.84047E-4
3328.41 -0.00101
3328.53 -5.24595E-4
3328.65 3.65343E-4
3328.77 0.00147
3328.89 0.00249
3329.01 0.00308
3329.13 0.0031
3329.25 0.0029
3329.37 0.00296
3329.49 0.00324
3329.61 0.00314
3329.73 0.00229
3329.85 0.00109
3329.97 2.7176E-4
3330.09 3.41646E-5
3330.21 2.80514E-5
3330.33 -2.33464E-5
3330.45 2.95416E-5
3330.58 4.27932E-4
3330.7 0.00112
3330.82 0.00178
3330.94 0.00209
3331.06 0.00185
3331.18 0.00112
3331.3 2.21539E-4
3331.42 -4.80104E-4
3331.54 -9.14507E-4
3331.66 -0.00125
3331.78 -0.00146
3331.9 -0.00126
3332.02 -6.04525E-4
3332.14 1.65515E-5
3332.26 1.07244E-4
3332.38 -1.38994E-4
3332.5 -8.15578E-5
3332.62 4.69219E-4
3332.75 9.83931E-4
3332.87 9.37663E-4
3332.99 4.49441E-4
3333.11 2.10665E-5
3333.23 -8.68104E-5
3333.35 4.55864E-5
3333.47 2.9429E-4
3333.59 5.91371E-4
3333.71 7.85269E-4
3333.83 7.19506E-4
3333.95 4.58624E-4
3334.07 2.11891E-4
3334.19 2.9996E-5
3334.31 -1.80326E-4
3334.43 -3.1358E-4
3334.55 -7.02031E-5
3334.67 5.45673E-4
3334.79 9.85887E-4
3334.92 7.34542E-4
3335.04 6.31437E-6
3335.16 -4.30234E-4
3335.28 -1.38562E-4
3335.4 5.1244E-4
3335.52 8.33191E-4
3335.64 5.52975E-4
3335.76 -6.63958E-5
3335.88 -6.45097E-4
3336 -9.87951E-4
3336.12 -0.00102
3336.24 -7.15584E-4
3336.36 -2.1359E-4
3336.48 9.61758E-5
3336.6 -1.56105E-4
3336.72 -9.01759E-4
3336.84 -0.0016
3336.96 -0.00169
3337.08 -0.00108
3337.21 -1.93659E-4
3337.33 6.08563E-4
3337.45 0.0013
3337.57 0.00201
3337.69 0.00264
3337.81 0.00285
3337.93 0.00245
3338.05 0.00168
3338.17 9.92004E-4
3338.29 6.353E-4
3338.41 4.92215E-4
3338.53 3.23981E-4
3338.65 6.47716E-5
3338.77 -1.43304E-4
3338.89 -1.44284E-4
3339.01 5.56745E-5
3339.13 3.18952E-4
3339.25 5.36237E-4
3339.38 6.97263E-4
3339.5 8.15634E-4
3339.62 8.4123E-4
3339.74 6.94089E-4
3339.86 3.53765E-4
3339.98 -1.21154E-4
3340.1 -5.99571E-4
3340.22 -8.60251E-4
3340.34 -6.62722E-4
3340.46 -1.43275E-5
3340.58 6.86985E-4
3340.7 0.001
3340.82 9.90633E-4
3340.94 0.00117
3341.06 0.00175
3341.18 0.00221
3341.3 0.00189
3341.42 9.08151E-4
3341.55 7.65063E-5
3341.67 -1.06692E-5
3341.79 4.70642E-4
3341.91 0.00103
3342.03 0.00146
3342.15 0.00173
3342.27 0.00161
3342.39 8.31187E-4
3342.51 -3.3918E-4
3342.63 -0.00122
3342.75 -0.00148
3342.87 -0.00146
3342.99 -0.00161
3343.11 -0.00183
3343.23 -0.00169
3343.35 -0.00108
3343.47 -4.47705E-4
3343.59 -2.66358E-4
3343.72 -4.94115E-4
3343.84 -7.00116E-4
3343.96 -5.71042E-4
3344.08 -2.15314E-4
3344.2 -1.3724E-5
3344.32 -2.42952E-4
3344.44 -8.07162E-4
3344.56 -0.00127
3344.68 -0.00119
3344.8 -4.92729E-4
3344.92 4.47229E-4
3345.04 0.00114
3345.16 0.00139
3345.28 0.00139
3345.4 0.00141
3345.52 0.00155
3345.64 0.00171
3345.76 0.00174
3345.89 0.00152
3346.01 0.00104
3346.13 5.50304E-4
3346.25 4.60409E-4
3346.37 9.05294E-4
3346.49 0.00144
3346.61 0.00143
3346.73 8.55841E-4
3346.85 4.39301E-4
3346.97 8.21475E-4
3347.09 0.00171
3347.21 0.00208
3347.33 0.00128
3347.45 -2.93728E-4
3347.57 -0.00155
3347.69 -0.00163
3347.81 -5.32553E-4
3347.93 9.36829E-4
3348.05 0.00182
3348.18 0.00169
3348.3 9.90439E-4
3348.42 4.64264E-4
3348.54 4.20984E-4
3348.66 5.29367E-4
3348.78 4.11052E-4
3348.9 1.29908E-4
3349.02 -5.76973E-5
3349.14 -1.56101E-4
3349.26 -3.08637E-4
3349.38 -3.60828E-4
3349.5 3.63924E-5
3349.62 8.59756E-4
3349.74 0.00162
3349.86 0.00192
3349.98 0.00185
3350.1 0.00159
3350.22 0.00108
3350.35 2.80999E-4
3350.47 -4.86791E-4
3350.59 -7.81123E-4
3350.71 -6.17117E-4
3350.83 -3.7102E-4
3350.95 -1.50882E-4
3351.07 3.49723E-4
3351.19 0.00123
3351.31 0.00196
3351.43 0.00192
3351.55 0.00114
3351.67 3.06334E-4
3351.79 4.00655E-5
3351.91 3.48832E-4
3352.03 7.94776E-4
3352.15 9.6852E-4
3352.27 7.4162E-4
3352.39 2.37036E-4
3352.52 -2.8481E-4
3352.64 -5.55705E-4
3352.76 -4.66168E-4
3352.88 -1.46698E-4
3353 1.26962E-4
3353.12 1.30937E-4
3353.24 -1.71404E-4
3353.36 -6.52544E-4
3353.48 -0.00111
3353.6 -0.00132
3353.72 -0.00103
3353.84 -1.68536E-4
3353.96 9.63032E-4
3354.08 0.00178
3354.2 0.00184
3354.32 0.00126
3354.44 5.25348E-4
3354.56 -8.47392E-5
3354.69 -6.43294E-4
3354.81 -0.00126
3354.93 -0.00178
3355.05 -0.00198
3355.17 -0.00194
3355.29 -0.00193
3355.41 -0.00206
3355.53 -0.00219
3355.65 -0.00219
3355.77 -0.00205
3355.89 -0.0017
3356.01 -0.00106
3356.13 -3.32888E-4
3356.25 -3.98457E-5
3356.37 -5.33134E-4
3356.49 -0.00157
3356.61 -0.00247
3356.73 -0.0026
3356.86 -0.00176
3356.98 -2.71533E-4
3357.1 0.00117
3357.22 0.00188
3357.34 0.00172
3357.46 0.00123
3357.58 0.00109
3357.7 0.00142
3357.82 0.00192
3357.94 0.00238
3358.06 0.00281
3358.18 0.00297
3358.3 0.00241
3358.42 0.00106
3358.54 -3.19678E-4
3358.66 -9.67331E-4
3358.78 -9.69701E-4
3358.9 -0.00103
3359.03 -0.00145
3359.15 -0.00182
3359.27 -0.00175
3359.39 -0.00145
3359.51 -0.00125
3359.63 -0.00102
3359.75 -3.41367E-4
3359.87 7.72092E-4
3359.99 0.00174
3360.11 0.00198
3360.23 0.00146
3360.35 5.80519E-4
3360.47 -1.68618E-4
3360.59 -5.53757E-4
3360.71 -6.86672E-4
3360.83 -8.82521E-4
3360.95 -0.00128
3361.07 -0.00159
3361.2 -0.00143
3361.32 -8.94085E-4
3361.44 -5.01703E-4
3361.56 -5.80918E-4
3361.68 -8.29861E-4
3361.8 -7.39265E-4
3361.92 -2.45724E-4
3362.04 2.51576E-4
3362.16 3.88648E-4
3362.28 1.1728E-4
3362.4 -4.11671E-4
3362.52 -9.19178E-4
3362.64 -0.00101
3362.76 -4.68291E-4
3362.88 3.45331E-4
3363 7.09757E-4
3363.12 3.71076E-4
3363.24 -1.02665E-4
3363.36 -3.98904E-5
3363.49 4.57555E-4
3363.61 7.02761E-4
3363.73 3.84677E-4
3363.85 -5.02728E-5
3363.97 -3.75286E-5
3364.09 3.99087E-4
3364.21 7.86375E-4
3364.33 8.37222E-4
3364.45 6.88441E-4
3364.57 5.91937E-4
3364.69 5.9149E-4
3364.81 5.38401E-4
3364.93 3.02494E-4
3365.05 -9.15118E-5
3365.17 -4.96212E-4
3365.29 -8.02945E-4
3365.41 -0.00106
3365.53 -0.00137
3365.66 -0.00171
3365.78 -0.00183
3365.9 -0.00157
3366.02 -0.00109
3366.14 -7.9E-4
3366.26 -9.13449E-4
3366.38 -0.00138
3366.5 -0.00186
3366.62 -0.00197
3366.74 -0.00147
3366.86 -4.57346E-4
3366.98 5.98822E-4
3367.1 0.00115
3367.22 0.00105
3367.34 5.97667E-4
3367.46 2.05722E-4
3367.58 6.35237E-5
3367.7 1.73587E-4
3367.83 4.96626E-4
3367.95 8.8561E-4
3368.07 9.9339E-4
3368.19 4.9489E-4
3368.31 -5.31137E-4
3368.43 -0.00154
3368.55 -0.00192
3368.67 -0.00145
3368.79 -4.4252E-4
3368.91 4.94316E-4
3369.03 9.27173E-4
3369.15 9.60913E-4
3369.27 0.00107
3369.39 0.00148
3369.51 0.00176
3369.63 0.00137
3369.75 4.45779E-4
3369.87 -1.56321E-4
3370 1.28765E-4
3370.12 8.98886E-4
3370.24 0.00134
3370.36 0.00124
3370.48 0.00117
3370.6 0.00153
3370.72 0.00199
3370.84 0.00188
3370.96 0.00113
3371.08 3.59729E-4
3371.2 2.56475E-4
3371.32 8.40083E-4
3371.44 0.00151
3371.56 0.00176
3371.68 0.00176
3371.8 0.00211
3371.92 0.00294
3372.04 0.00354
3372.17 0.00304
3372.29 0.00155
3372.41 1.18367E-4
3372.53 -4.18533E-4
3372.65 -3.44548E-4
3372.77 -4.61046E-4
3372.89 -9.32254E-4
3373.01 -0.00115
3373.13 -6.77977E-4
3373.25 1.68778E-4
3373.37 7.27579E-4
3373.49 7.52795E-4
3373.61 5.31372E-4
3373.73 4.82947E-4
3373.85 8.24291E-4
3373.97 0.00147
3374.09 0.00208
3374.21 0.00222
3374.33 0.00177
3374.46 9.96608E-4
3374.58 2.90118E-4
3374.7 -2.18175E-4
3374.82 -5.90093E-4
3374.94 -8.01492E-4
3375.06 -7.20449E-4
3375.18 -3.70897E-4
3375.3 2.33389E-5
3375.42 3.60943E-4
3375.54 8.68622E-4
3375.66 0.00175
3375.78 0.00263
3375.9 0.00267
3376.02 0.00139
3376.14 -5.42171E-4
3376.26 -0.00167
3376.38 -0.00116
3376.5 2.90237E-4
3376.63 0.00114
3376.75 6.79571E-4
3376.87 -2.88971E-4
3376.99 -5.69936E-4
3377.11 4.17046E-5
3377.23 7.75713E-4
3377.35 9.85809E-4
3377.47 7.13676E-4
3377.59 2.52318E-4
3377.71 -2.66094E-4
3377.83 -6.4848E-4
3377.95 -5.16828E-4
3378.07 1.95321E-4
3378.19 8.67624E-4
3378.31 7.62053E-4
3378.43 -1.08242E-4
3378.55 -9.76015E-4
3378.67 -0.00119
3378.8 -7.69351E-4
3378.92 -1.69549E-4
3379.04 2.92514E-4
3379.16 5.07407E-4
3379.28 4.25424E-4
3379.4 5.66654E-5
3379.52 -4.41499E-4
3379.64 -8.67769E-4
3379.76 -0.00118
3379.88 -0.00148
3380 -0.00177
3380.12 -0.00185
3380.24 -0.00142
3380.36 -5.01674E-4
3380.48 4.77135E-4
3380.6 9.479E-4
3380.72 8.29205E-4
3380.84 7.21663E-4
3380.97 0.00129
3381.09 0.00238
3381.21 0.00303
3381.33 0.00245
3381.45 9.48321E-4
3381.57 -3.62761E-4
3381.69 -6.54683E-4
3381.81 -1.21385E-4
3381.93 3.82449E-4
3382.05 2.49341E-4
3382.17 -3.97708E-4
3382.29 -0.00102
3382.41 -0.00127
3382.53 -0.00121
3382.65 -0.00101
3382.77 -6.46494E-4
3382.89 -1.31652E-4
3383.01 1.92601E-4
3383.14 -1.75953E-4
3383.26 -0.00123
3383.38 -0.00224
3383.5 -0.00247
3383.62 -0.00187
3383.74 -9.50333E-4
3383.86 -1.07639E-4
3383.98 5.7805E-4
3384.1 9.5411E-4
3384.22 7.33279E-4
3384.34 -9.87574E-6
3384.46 -6.42318E-4
3384.58 -6.27737E-4
3384.7 -1.82532E-4
3384.82 3.25292E-5
3384.94 -2.33945E-4
3385.06 -5.98863E-4
3385.18 -6.79672E-4
3385.31 -5.83727E-4
3385.43 -6.49374E-4
3385.55 -9.27158E-4
3385.67 -0.00111
3385.79 -8.78032E-4
3385.91 -2.25481E-4
3386.03 5.6868E-4
3386.15 0.00114
3386.27 0.00131
3386.39 0.00122
3386.51 0.00115
3386.63 0.00121
3386.75 0.00119
3386.87 8.33526E-4
3386.99 1.91666E-4
3387.11 -4.81352E-4
3387.23 -0.001
3387.35 -0.00136
3387.48 -0.00148
3387.6 -0.00111
3387.72 3.57032E-5
3387.84 0.00168
3387.96 0.00297
3388.08 0.00301
3388.2 0.0018
3388.32 4.17531E-4
3388.44 1.40481E-5
3388.56 6.58691E-4
3388.68 0.00128
3388.8 9.17125E-4
3388.92 -2.58073E-4
3389.04 -0.00126
3389.16 -0.00151
3389.28 -0.00138
3389.4 -0.00141
3389.52 -0.00159
3389.65 -0.00147
3389.77 -9.43404E-4
3389.89 -3.74887E-4
3390.01 -1.46974E-4
3390.13 -2.29813E-4
3390.25 -3.43807E-4
3390.37 -3.96736E-4
3390.49 -6.01497E-4
3390.61 -0.00114
3390.73 -0.00177
3390.85 -0.00191
3390.97 -0.00121
3391.09 -7.1425E-5
3391.21 6.72076E-4
3391.33 6.38839E-4
3391.45 3.70406E-4
3391.57 6.39904E-4
3391.69 0.00145
3391.81 0.00202
3391.94 0.00179
3392.06 9.96698E-4
3392.18 2.23983E-4
3392.3 -3.44843E-4
3392.42 -8.40623E-4
3392.54 -0.00118
3392.66 -0.00106
3392.78 -5.05202E-4
3392.9 9.73977E-5
3393.02 5.54282E-4
3393.14 0.00116
3393.26 0.00209
3393.38 0.00283
3393.5 0.00258
3393.62 0.0012
3393.74 -5.48776E-4
3393.86 -0.00175
3393.98 -0.00215
3394.11 -0.00205
3394.23 -0.0017
3394.35 -0.00109
3394.47 -3.11617E-4
3394.59 2.12483E-4
3394.71 5.50635E-5
3394.83 -6.91563E-4
3394.95 -0.00143
3395.07 -0.00166
3395.19 -0.00149
3395.31 -0.00143
3395.43 -0.0017
3395.55 -0.00196
3395.67 -0.00169
3395.79 -7.80646E-4
3395.91 3.43233E-4
3396.03 0.00108
3396.15 0.00116
3396.28 7.4932E-4
3396.4 2.9185E-4
3396.52 1.566E-4
3396.64 3.96043E-4
3396.76 7.94996E-4
3396.88 0.00112
3397 0.00127
3397.12 0.00115
3397.24 7.27866E-4
3397.36 1.63354E-4
3397.48 -9.53339E-5
3397.6 2.67588E-4
3397.72 9.91695E-4
3397.84 0.00149
3397.96 0.00152
3398.08 0.0014
3398.2 0.00138
3398.32 0.00126
3398.45 7.39295E-4
3398.57 3.17991E-5
3398.69 -3.82055E-4
3398.81 -4.40352E-4
3398.93 -6.07062E-4
3399.05 -0.00121
3399.17 -0.00196
3399.29 -0.00232
3399.41 -0.00205
3399.53 -0.00137
3399.65 -7.22568E-4
3399.77 -5.03499E-4
3399.89 -8.64081E-4
3400.01 -0.00153
3400.13 -0.00192
3400.25 -0.00167
3400.37 -9.82706E-4
3400.49 -3.67813E-4
3400.61 -2.22549E-5
3400.74 2.68117E-4
3400.86 6.61906E-4
3400.98 9.20527E-4
3401.1 6.79981E-4
3401.22 -1.90623E-5
3401.34 -6.64219E-4
3401.46 -8.19646E-4
3401.58 -6.32606E-4
3401.7 -6.73003E-4
3401.82 -0.00124
3401.94 -0.00191
3402.06 -0.00203
3402.18 -0.00143
3402.3 -6.87491E-4
3402.42 -3.25665E-4
3402.54 -1.76866E-4
3402.66 2.73343E-4
3402.78 9.9805E-4
3402.91 0.0013
3403.03 7.1419E-4
3403.15 -3.44638E-4
3403.27 -9.72677E-4
3403.39 -7.77919E-4
3403.51 -1.30109E-4
3403.63 4.5244E-4
3403.75 7.99503E-4
3403.87 9.12998E-4
3403.99 6.60431E-4
3404.11 -3.59602E-5
3404.23 -8.37058E-4
3404.35 -0.00114
3404.47 -6.40716E-4
3404.59 3.49686E-4
3404.71 0.0012
3404.83 0.00147
3404.95 0.00111
3405.08 4.51397E-4
3405.2 -4.06206E-5
3405.32 -4.24236E-5
3405.44 3.38539E-4
3405.56 6.57018E-4
3405.68 5.84461E-4
3405.8 2.04377E-4
3405.92 -1.98554E-4
3406.04 -5.24446E-4
3406.16 -8.82979E-4
3406.28 -0.00129
3406.4 -0.00156
3406.52 -0.00152
3406.64 -0.00114
3406.76 -5.00336E-4
3406.88 1.9341E-4
3407 5.18937E-4
3407.12 9.33334E-5
3407.25 -9.24453E-4
3407.37 -0.00178
3407.49 -0.00184
3407.61 -0.00126
3407.73 -6.84269E-4
3407.85 -5.06252E-4
3407.97 -6.2659E-4
3408.09 -8.74169E-4
3408.21 -0.00125
3408.33 -0.00168
3408.45 -0.00199
3408.57 -0.00214
3408.69 -0.00231
3408.81 -0.00248
3408.93 -0.00216
3409.05 -0.00106
3409.17 2.75441E-4
3409.29 8.571E-4
3409.42 3.13517E-4
3409.54 -8.05594E-4
3409.66 -0.00175
3409.78 -0.00223
3409.9 -0.00227
3410.02 -0.00185
3410.14 -0.00104
3410.26 -3.15756E-4
3410.38 -2.64276E-4
3410.5 -9.90134E-4
3410.62 -0.002
3410.74 -0.00268
3410.86 -0.00266
3410.98 -0.00189
3411.1 -5.93659E-4
3411.22 7.00776E-4
3411.34 0.00138
3411.46 0.00122
3411.59 6.11082E-4
3411.71 1.02498E-4
3411.83 -1.14512E-4
3411.95 -2.09663E-4
3412.07 -3.52934E-4
3412.19 -5.12138E-4
3412.31 -5.71631E-4
3412.43 -4.94529E-4
3412.55 -3.87613E-4
3412.67 -5.08618E-4
3412.79 -0.00111
3412.91 -0.00209
3413.03 -0.0028
3413.15 -0.00255
3413.27 -0.00142
3413.39 -3.56957E-4
3413.51 -1.89427E-4
3413.63 -7.95592E-4
3413.76 -0.00136
3413.88 -0.0014
3414 -0.00125
3414.12 -0.00141
3414.24 -0.00181
3414.36 -0.00182
3414.48 -0.00108
3414.6 9.6336E-5
3414.72 8.95239E-4
3414.84 7.03484E-4
3414.96 -4.44341E-4
3415.08 -0.00187
3415.2 -0.00269
3415.32 -0.00243
3415.44 -0.00136
3415.56 -3.1719E-4
3415.68 -2.04667E-5
3415.8 -5.01212E-4
3415.93 -0.00117
3416.05 -0.00141
3416.17 -0.00113
3416.29 -7.06393E-4
3416.41 -4.93933E-4
3416.53 -5.55467E-4
3416.65 -6.89059E-4
3416.77 -6.74509E-4
3416.89 -4.42054E-4
3417.01 -9.95807E-5
3417.13 1.47637E-4
3417.25 1.47294E-4
3417.37 -9.517E-5
3417.49 -5.1979E-4
3417.61 -0.00118
3417.73 -0.00212
3417.85 -0.00299
3417.97 -0.00308
3418.09 -0.00202
3418.22 -3.74634E-4
3418.34 6.28065E-4
3418.46 2.97654E-4
3418.58 -8.3724E-4
3418.7 -0.00163
3418.82 -0.00151
3418.94 -8.63835E-4
3419.06 -4.41313E-4
3419.18 -5.66594E-4
3419.3 -9.73459E-4
3419.42 -0.00117
3419.54 -8.76166E-4
3419.66 -2.17322E-4
3419.78 3.88391E-4
3419.9 5.98047E-4
3420.02 4.52217E-4
3420.14 2.76398E-4
3420.26 2.95818E-4
3420.39 4.4458E-4
3420.51 5.7802E-4
3420.63 7.26376E-4
3420.75 0.00101
3420.87 0.00137
3420.99 0.00153
3421.11 0.00126
3421.23 6.10176E-4
3421.35 -1.00717E-4
3421.47 -5.42212E-4
3421.59 -6.08481E-4
3421.71 -4.59559E-4
3421.83 -2.95032E-4
3421.95 -8.28654E-5
3422.07 3.64181E-4
3422.19 9.6371E-4
3422.31 0.00122
3422.43 7.4482E-4
3422.56 -1.25159E-4
3422.68 -5.77144E-4
3422.8 -2.75377E-4
3422.92 2.09309E-4
3423.04 1.28224E-4
3423.16 -4.9147E-4
3423.28 -9.39064E-4
3423.4 -7.5312E-4
3423.52 -2.16745E-4
3423.64 1.05321E-4
3423.76 4.52548E-5
3423.88 -8.33869E-5
3424 9.07034E-5
3424.12 6.23964E-4
3424.24 0.00122
3424.36 0.00146
3424.48 0.00115
3424.6 5.84953E-4
3424.73 2.71041E-4
3424.85 3.95104E-4
3424.97 6.72828E-4
3425.09 7.89315E-4
3425.21 7.9276E-4
3425.33 8.89763E-4
3425.45 0.00103
3425.57 9.29665E-4
3425.69 4.81419E-4
3425.81 -1.89871E-4
3425.93 -9.09518E-4
3426.05 -0.00151
3426.17 -0.00174
3426.29 -0.00143
3426.41 -8.69118E-4
3426.53 -5.61487E-4
3426.65 -5.99753E-4
3426.77 -5.47506E-4
3426.9 -1.65172E-4
3427.02 1.19098E-4
3427.14 -1.60716E-4
3427.26 -6.66231E-4
3427.38 -5.97011E-4
3427.5 1.81917E-4
3427.62 8.42772E-4
3427.74 6.46748E-4
3427.86 -1.14337E-4
3427.98 -5.39444E-4
3428.1 -2.6248E-4
3428.22 2.19602E-4
3428.34 3.0547E-4
3428.46 1.29379E-5
3428.58 -2.36645E-4
3428.7 -2.96481E-4
3428.82 -4.62532E-4
3428.94 -9.40654E-4
3429.07 -0.00142
3429.19 -0.00139
3429.31 -8.1576E-4
3429.43 -2.10561E-4
3429.55 6.43358E-6
3429.67 2.72207E-5
3429.79 3.08856E-4
3429.91 8.58206E-4
3430.03 0.00121
3430.15 0.0011
3430.27 8.87003E-4
3430.39 9.84244E-4
3430.51 0.00129
3430.63 0.0014
3430.75 0.00128
3430.87 0.00134
3430.99 0.0018
3431.11 0.00228
3431.23 0.00227
3431.36 0.00184
3431.48 0.00152
3431.6 0.00159
3431.72 0.00172
3431.84 0.00146
3431.96 8.59559E-4
3432.08 4.15571E-4
3432.2 3.80285E-4
3432.32 4.11205E-4
3432.44 2.11485E-5
3432.56 -8.0448E-4
3432.68 -0.00164
3432.8 -0.00215
3432.92 -0.00241
3433.04 -0.00257
3433.16 -0.00262
3433.28 -0.00252
3433.4 -0.00243
3433.53 -0.00245
3433.65 -0.00235
3433.77 -0.00187
3433.89 -0.00123
3434.01 -9.18571E-4
3434.13 -9.96947E-4
3434.25 -8.45093E-4
3434.37 4.64097E-5
3434.49 0.0013
3434.61 0.00201
3434.73 0.00179
3434.85 0.00108
3434.97 4.08966E-4
3435.09 -1.9357E-4
3435.21 -9.56215E-4
3435.33 -0.00177
3435.45 -0.00224
3435.57 -0.00215
3435.7 -0.00172
3435.82 -0.00124
3435.94 -8.43942E-4
3436.06 -6.10542E-4
3436.18 -6.16066E-4
3436.3 -7.85232E-4
3436.42 -8.44553E-4
3436.54 -5.96453E-4
3436.66 -1.52439E-4
3436.78 2.26296E-4
3436.9 4.17601E-4
3437.02 4.27902E-4
3437.14 1.76467E-4
3437.26 -4.61455E-4
3437.38 -0.00135
3437.5 -0.00201
3437.62 -0.00199
3437.74 -0.00128
3437.87 -3.54655E-4
3437.99 1.62613E-4
3438.11 9.44734E-6
3438.23 -4.91984E-4
3438.35 -6.99807E-4
3438.47 -2.74919E-4
3438.59 4.76897E-4
3438.71 9.87798E-4
3438.83 0.0011
3438.95 0.00112
3439.07 0.00116
3439.19 8.99397E-4
3439.31 1.10012E-4
3439.43 -7.56305E-4
3439.55 -9.63401E-4
3439.67 -4.16227E-4
3439.79 2.18991E-4
3439.91 3.54189E-4
3440.04 8.65012E-5
3440.16 -1.8435E-4
3440.28 -3.42511E-4
3440.4 -4.38128E-4
3440.52 -2.32369E-4
3440.64 6.18868E-4
3440.76 0.00187
3440.88 0.00263
3441 0.0022
3441.12 8.60687E-4
3441.24 -4.72151E-4
3441.36 -0.00124
3441.48 -0.00162
3441.6 -0.00196
3441.72 -0.00218
3441.84 -0.00196
3441.96 -0.00141
3442.08 -0.00111
3442.21 -0.00149
3442.33 -0.00233
3442.45 -0.00299
3442.57 -0.00309
3442.69 -0.00271
3442.81 -0.00209
3442.93 -0.00134
3443.05 -5.15882E-4
3443.17 1.25688E-4
3443.29 3.20241E-4
3443.41 3.96222E-5
3443.53 -4.87939E-4
3443.65 -9.61345E-4
3443.77 -0.00113
3443.89 -8.28709E-4
3444.01 -1.74589E-4
3444.13 3.88149E-4
3444.25 4.13928E-4
3444.38 -1.51098E-5
3444.5 -2.88017E-4
3444.62 5.77047E-5
3444.74 7.62403E-4
3444.86 0.00111
3444.98 7.26033E-4
3445.1 -7.23749E-5
3445.22 -6.2171E-4
3445.34 -5.54711E-4
3445.46 -4.46253E-5
3445.58 4.12684E-4
3445.7 3.92657E-4
3445.82 -1.68987E-4
3445.94 -9.55701E-4
3446.06 -0.00152
3446.18 -0.00161
3446.3 -0.00125
3446.42 -6.63616E-4
3446.54 -1.83087E-4
3446.67 -2.05096E-4
3446.79 -9.96012E-4
3446.91 -0.0023
3447.03 -0.00328
3447.15 -0.00316
3447.27 -0.00202
3447.39 -7.24543E-4
3447.51 -7.19763E-5
3447.63 -1.35861E-5
3447.75 1.70097E-5
3447.87 2.26505E-4
3447.99 2.01259E-4
3448.11 -4.63534E-4
3448.23 -0.00154
3448.35 -0.00238
3448.47 -0.00263
3448.59 -0.00249
3448.71 -0.00237
3448.84 -0.0024
3448.96 -0.00235
3449.08 -0.00197
3449.2 -0.00121
3449.32 -2.50705E-4
3449.44 5.7156E-4
3449.56 9.65312E-4
3449.68 9.04005E-4
3449.8 6.86362E-4
3449.92 6.47377E-4
3450.04 7.46869E-4
3450.16 5.5261E-4
3450.28 -2.64011E-4
3450.4 -0.00146
3450.52 -0.0024
3450.64 -0.00263
3450.76 -0.00223
3450.88 -0.00155
3451.01 -8.57785E-4
3451.13 -3.43047E-4
3451.25 -2.08821E-4
3451.37 -5.26007E-4
3451.49 -0.00101
3451.61 -0.00126
3451.73 -0.00125
3451.85 -0.00131
3451.97 -0.00152
3452.09 -0.00147
3452.21 -8.2241E-4
3452.33 7.36117E-6
3452.45 3.11743E-4
3452.57 4.52995E-6
3452.69 -2.92197E-4
3452.81 -1.42384E-4
3452.93 1.65336E-4
3453.05 1.7672E-4
3453.18 -2.90982E-5
3453.3 -8.24519E-5
3453.42 -1.77734E-5
3453.54 -2.39588E-4
3453.66 -8.68943E-4
3453.78 -0.00156
3453.9 -0.002
3454.02 -0.00226
3454.14 -0.00236
3454.26 -0.00204
3454.38 -0.00116
3454.5 -2.32093E-4
3454.62 3.33153E-5
3454.74 -5.09106E-4
3454.86 -0.00127
3454.98 -0.0016
3455.1 -0.00137
3455.22 -9.00831E-4
3455.35 -5.84908E-4
3455.47 -6.92405E-4
3455.59 -0.00124
3455.71 -0.00188
3455.83 -0.00202
3455.95 -0.00144
3456.07 -6.07602E-4
3456.19 -2.82429E-4
3456.31 -7.26193E-4
3456.43 -0.0015
3456.55 -0.00204
3456.67 -0.00221
3456.79 -0.00222
3456.91 -0.00224
3457.03 -0.00215
3457.15 -0.0019
3457.27 -0.00164
3457.39 -0.00161
3457.52 -0.00177
3457.64 -0.00178
3457.76 -0.0014
3457.88 -8.90542E-4
3458 -7.32131E-4
3458.12 -0.00109
3458.24 -0.00149
3458.36 -0.00124
3458.48 -2.1518E-4
3458.6 8.54783E-4
3458.72 0.0011
3458.84 4.01039E-4
3458.96 -4.94901E-4
3459.08 -7.7448E-4
3459.2 -3.68904E-4
3459.32 1.23393E-4
3459.44 1.86119E-4
3459.56 -1.10865E-4
3459.69 -3.40376E-4
3459.81 -2.41328E-4
3459.93 8.37222E-5
3460.05 3.39251E-4
3460.17 2.85011E-4
3460.29 -1.31868E-4
3460.41 -7.4257E-4
3460.53 -0.00127
3460.65 -0.00155
3460.77 -0.0016
3460.89 -0.00153
3461.01 -0.00148
3461.13 -0.00167
3461.25 -0.00231
3461.37 -0.00325
3461.49 -0.00372
3461.61 -0.00309
3461.73 -0.00163
3461.85 -4.32722E-4
3461.98 -2.3235E-4
3462.1 -7.35369E-4
3462.22 -0.00123
3462.34 -0.00155
3462.46 -0.002
3462.58 -0.00267
3462.7 -0.00318
3462.82 -0.00327
3462.94 -0.003
3463.06 -0.00251
3463.18 -0.00187
3463.3 -0.00128
3463.42 -0.00104
3463.54 -0.00107
3463.66 -9.30935E-4
3463.78 -5.00288E-4
3463.9 -3.54622E-4
3464.02 -0.00105
3464.15 -0.00229
3464.27 -0.00319
3464.39 -0.00326
3464.51 -0.00272
3464.63 -0.00185
3464.75 -6.89901E-4
3464.87 5.96866E-4
3464.99 0.0014
3465.11 0.00124
3465.23 3.40059E-4
3465.35 -5.19499E-4
3465.47 -7.57225E-4
3465.59 -3.65291E-4
3465.71 3.00761E-4
3465.83 8.41163E-4
3465.95 0.00102
3466.07 8.73312E-4
3466.19 7.11739E-4
3466.32 7.19991E-4
3466.44 7.0959E-4
3466.56 3.73892E-4
3466.68 -2.24929E-4
3466.8 -6.73495E-4
3466.92 -7.49592E-4
3467.04 -6.7126E-4
3467.16 -7.21499E-4
3467.28 -8.71278E-4
3467.4 -9.51484E-4
3467.52 -9.89024E-4
3467.64 -0.00111
3467.76 -0.00122
3467.88 -0.00107
3468 -6.70459E-4
3468.12 -3.13811E-4
3468.24 -2.40896E-4
3468.36 -4.11633E-4
3468.49 -7.39653E-4
3468.61 -0.00127
3468.73 -0.00191
3468.85 -0.00229
3468.97 -0.00205
3469.09 -0.0014
3469.21 -8.99993E-4
3469.33 -7.85742E-4
3469.45 -7.62224E-4
3469.57 -5.84047E-4
3469.69 -4.97077E-4
3469.81 -8.47738E-4
3469.93 -0.00149
3470.05 -0.00195
3470.17 -0.00204
3470.29 -0.00202
3470.41 -0.002
3470.53 -0.00174
3470.66 -0.0011
3470.78 -5.54018E-4
3470.9 -7.60894E-4
3471.02 -0.00179
3471.14 -0.00302
3471.26 -0.0038
3471.38 -0.00381
3471.5 -0.00314
3471.62 -0.00211
3471.74 -0.00133
3471.86 -0.00132
3471.98 -0.00198
3472.1 -0.00251
3472.22 -0.00231
3472.34 -0.00172
3472.46 -0.00162
3472.58 -0.00229
3472.7 -0.00299
3472.82 -0.00298
3472.95 -0.00242
3473.07 -0.00206
3473.19 -0.00217
3473.31 -0.00216
3473.43 -0.00152
3473.55 -6.51535E-4
3473.67 -4.70079E-4
3473.79 -0.0012
3473.91 -0.00204
3474.03 -0.00214
3474.15 -0.00157
3474.27 -0.00115
3474.39 -0.00141
3474.51 -0.00211
3474.63 -0.00267
3474.75 -0.00288
3474.87 -0.00285
3474.99 -0.00256
3475.12 -0.00192
3475.24 -0.00108
3475.36 -4.7927E-4
3475.48 -4.33899E-4
3475.6 -7.69626E-4
3475.72 -0.00109
3475.84 -0.00119
3475.96 -0.00117
3476.08 -0.00114
3476.2 -0.0011
3476.32 -0.00104
3476.44 -0.0011
3476.56 -0.00132
3476.68 -0.00152
3476.8 -0.00148
3476.92 -0.00122
3477.04 -0.0011
3477.16 -0.00138
3477.29 -0.00185
3477.41 -0.002
3477.53 -0.00166
3477.65 -0.00116
3477.77 -9.5927E-4
3477.89 -0.00114
3478.01 -0.00151
3478.13 -0.00192
3478.25 -0.00228
3478.37 -0.00236
3478.49 -0.00201
3478.61 -0.00148
3478.73 -0.00122
3478.85 -0.0013
3478.97 -0.00132
3479.09 -0.00107
3479.21 -0.00101
3479.33 -0.0016
3479.46 -0.00248
3479.58 -0.00277
3479.7 -0.00214
3479.82 -0.00122
3479.94 -7.93226E-4
3480.06 -9.73601E-4
3480.18 -0.00128
3480.3 -0.00128
3480.42 -8.20301E-4
3480.54 4.03598E-5
3480.66 0.00114
3480.78 0.00208
3480.9 0.00234
3481.02 0.00166
3481.14 2.65181E-4
3481.26 -0.00117
3481.38 -0.00198
3481.5 -0.00197
3481.63 -0.00153
3481.75 -0.00124
3481.87 -0.00129
3481.99 -0.00129
3482.11 -9.3291E-4
3482.23 -4.84776E-4
3482.35 -5.64095E-4
3482.47 -0.00146
3482.59 -0.00281
3482.71 -0.00394
3482.83 -0.00435
3482.95 -0.00386
3483.07 -0.00264
3483.19 -0.00126
3483.31 -4.87637E-4
3483.43 -7.06803E-4
3483.55 -0.00152
3483.67 -0.0021
3483.8 -0.00198
3483.92 -0.00147
3484.04 -0.00116
3484.16 -0.00126
3484.28 -0.00152
3484.4 -0.00178
3484.52 -0.00223
3484.64 -0.00298
3484.76 -0.00354
3484.88 -0.00327
3485 -0.00217
3485.12 -0.00106
3485.24 -8.06153E-4
3485.36 -0.00141
3485.48 -0.00215
3485.6 -0.00248
3485.72 -0.00249
3485.84 -0.00261
3485.97 -0.00299
3486.09 -0.00335
3486.21 -0.00332
3486.33 -0.00283
3486.45 -0.00223
3486.57 -0.00197
3486.69 -0.00221
3486.81 -0.00273
3486.93 -0.00313
3487.05 -0.0032
3487.17 -0.00303
3487.29 -0.00275
3487.41 -0.0024
3487.53 -0.00199
3487.65 -0.00159
3487.77 -0.00129
3487.89 -0.00114
3488.01 -0.00115
3488.14 -0.00134
3488.26 -0.00162
3488.38 -0.00184
3488.5 -0.00181
3488.62 -0.00156
3488.74 -0.00131
3488.86 -0.00137
3488.98 -0.00185
3489.1 -0.00249
3489.22 -0.00289
3489.34 -0.00277
3489.46 -0.00223
3489.58 -0.0016
3489.7 -0.00119
3489.82 -0.00123
3489.94 -0.00175
3490.06 -0.00249
3490.18 -0.00304
3490.3 -0.0032
3490.43 -0.00322
3490.55 -0.00333
3490.67 -0.00336
3490.79 -0.00299
3490.91 -0.00239
3491.03 -0.0022
3491.15 -0.00266
3491.27 -0.00318
3491.39 -0.00296
3491.51 -0.00202
3491.63 -0.00123
3491.75 -0.00137
3491.87 -0.00242
3491.99 -0.00368
3492.11 -0.00435
3492.23 -0.00398
3492.35 -0.00273
3492.47 -0.00124
3492.6 -2.27965E-4
3492.72 1.34718E-4
3492.84 2.24929E-4
3492.96 4.71938E-4
3493.08 8.55114E-4
3493.2 9.83179E-4
3493.32 5.66855E-4
3493.44 -2.64518E-4
3493.56 -0.00105
3493.68 -0.00133
3493.8 -0.00101
3493.92 -3.9595E-4
3494.04 6.95512E-6
3494.16 -2.35997E-5
3494.28 -2.82016E-4
3494.4 -4.55108E-4
3494.52 -5.26555E-4
3494.64 -7.92347E-4
3494.77 -0.00146
3494.89 -0.0023
3495.01 -0.00277
3495.13 -0.00255
3495.25 -0.00194
3495.37 -0.00162
3495.49 -0.00199
3495.61 -0.00274
3495.73 -0.00325
3495.85 -0.00318
3495.97 -0.00273
3496.09 -0.00221
3496.21 -0.00178
3496.33 -0.00147
3496.45 -0.00127
3496.57 -0.00105
3496.69 -5.86249E-4
3496.81 8.54172E-5
3496.94 5.2793E-4
3497.06 3.83906E-4
3497.18 -1.5986E-4
3497.3 -6.26303E-4
3497.42 -8.99937E-4
3497.54 -0.00126
3497.66 -0.00177
3497.78 -0.00205
3497.9 -0.00184
3498.02 -0.00151
3498.14 -0.00161
3498.26 -0.00211
3498.38 -0.00245
3498.5 -0.00223
3498.62 -0.00165
3498.74 -0.00117
3498.86 -0.001
3498.98 -0.0011
3499.1 -0.0014
3499.23 -0.00178
3499.35 -0.00209
3499.47 -0.00232
3499.59 -0.00267
3499.71 -0.00327
3499.83 -0.00386
3499.95 -0.00396
3500.07 -0.00352
3500.19 -0.00291
3500.31 -0.00251
3500.43 -0.00227
3500.55 -0.00199
3500.67 -0.00177
3500.79 -0.00187
3500.91 -0.00233
3501.03 -0.00274
3501.15 -0.00262
3501.27 -0.0019
3501.4 -9.76745E-4
3501.52 -4.38523E-4
3501.64 -6.51654E-4
3501.76 -0.00146
3501.88 -0.00225
3502 -0.00239
3502.12 -0.00181
3502.24 -0.00106
3502.36 -7.54651E-4
3502.48 -0.00102
3502.6 -0.00145
3502.72 -0.00159
3502.84 -0.0014
3502.96 -0.00124
3503.08 -0.00141
3503.2 -0.0018
3503.32 -0.00196
3503.44 -0.0017
3503.57 -0.00139
3503.69 -0.00151
3503.81 -0.00205
3503.93 -0.00256
3504.05 -0.00279
3504.17 -0.00295
3504.29 -0.00328
3504.41 -0.00357
3504.53 -0.00345
3504.65 -0.00307
3504.77 -0.00302
3504.89 -0.00347
3505.01 -0.00394
3505.13 -0.0039
3505.25 -0.00346
3505.37 -0.00305
3505.49 -0.00277
3505.61 -0.00234
3505.74 -0.00157
3505.86 -7.03812E-4
3505.98 -1.23147E-4
3506.1 2.65241E-5
3506.22 -1.85162E-4
3506.34 -5.70774E-4
3506.46 -8.66398E-4
3506.58 -8.53539E-4
3506.7 -5.91617E-4
3506.82 -3.80922E-4
3506.94 -3.72004E-4
3507.06 -3.65935E-4
3507.18 -1.62315E-4
3507.3 4.42527E-5
3507.42 -1.70186E-4
3507.54 -9.45732E-4
3507.66 -0.00201
3507.78 -0.003
3507.91 -0.00365
3508.03 -0.00375
3508.15 -0.00324
3508.27 -0.00242
3508.39 -0.00195
3508.51 -0.00222
3508.63 -0.00293
3508.75 -0.00342
3508.87 -0.00339
3508.99 -0.00295
3509.11 -0.00232
3509.23 -0.00164
3509.35 -0.00104
3509.47 -7.64415E-4
3509.59 -9.64906E-4
3509.71 -0.00154
3509.83 -0.00226
3509.95 -0.00287
3510.08 -0.00309
3510.2 -0.00271
3510.32 -0.00189
3510.44 -0.00113
3510.56 -8.85881E-4
3510.68 -0.00112
3510.8 -0.00153
3510.92 -0.00187
3511.04 -0.00201
3511.16 -0.00181
3511.28 -0.00133
3511.4 -9.90812E-4
3511.52 -0.00115
3511.64 -0.00149
3511.76 -0.00135
3511.88 -6.404E-4
3512 -1.63198E-4
3512.12 -6.5925E-4
3512.25 -0.00182
3512.37 -0.00266
3512.49 -0.0027
3512.61 -0.00234
3512.73 -0.00211
3512.85 -0.00206
3512.97 -0.00193
3513.09 -0.00163
3513.21 -0.00121
3513.33 -6.97277E-4
3513.45 -3.12246E-4
3513.57 -4.14502E-4
3513.69 -0.00102
3513.81 -0.00153
3513.93 -0.00134
3514.05 -7.7536E-4
3514.17 -7.65156E-4
3514.29 -0.00162
3514.42 -0.00256
3514.54 -0.0028
3514.66 -0.00259
3514.78 -0.00279
3514.9 -0.00365
3515.02 -0.00448
3515.14 -0.00458
3515.26 -0.004
3515.38 -0.00316
3515.5 -0.0022
3515.62 -0.00109
3515.74 -8.32155E-5
3515.86 2.2855E-4
3515.98 -3.69892E-4
3516.1 -0.00127
3516.22 -0.00154
3516.34 -8.14069E-4
3516.46 2.95352E-4
3516.58 8.4218E-4
3516.71 4.18775E-4
3516.83 -6.28296E-4
3516.95 -0.00177
3517.07 -0.0028
3517.19 -0.00364
3517.31 -0.00392
3517.43 -0.00334
3517.55 -0.00235
3517.67 -0.00201
3517.79 -0.00283
3517.91 -0.0039
3518.03 -0.00393
3518.15 -0.00282
3518.27 -0.00183
3518.39 -0.00197
3518.51 -0.00286
3518.63 -0.00331
3518.75 -0.00288
3518.88 -0.00221
3519 -0.00209
3519.12 -0.00247
3519.24 -0.00274
3519.36 -0.00244
3519.48 -0.00172
3519.6 -0.00109
3519.72 -0.00103
3519.84 -0.00161
3519.96 -0.00241
3520.08 -0.00274
3520.2 -0.00224
3520.32 -0.00119
3520.44 -2.5259E-4
3520.56 1.20696E-4
3520.68 -1.25695E-4
3520.8 -8.08924E-4
3520.92 -0.00163
3521.05 -0.00214
3521.17 -0.00195
3521.29 -0.0013
3521.41 -0.00112
3521.53 -0.00206
3521.65 -0.0036
3521.77 -0.00436
3521.89 -0.00364
3522.01 -0.00215
3522.13 -0.00118
3522.25 -0.00114
3522.37 -0.0014
3522.49 -0.00135
3522.61 -0.00121
3522.73 -0.00145
3522.85 -0.00195
3522.97 -0.00218
3523.09 -0.00198
3523.22 -0.0019
3523.34 -0.00242
3523.46 -0.0033
3523.58 -0.00385
3523.7 -0.00368
3523.82 -0.00307
3523.94 -0.00258
3524.06 -0.00247
3524.18 -0.00256
3524.3 -0.00247
3524.42 -0.00197
3524.54 -0.00127
3524.66 -9.03051E-4
3524.78 -0.00125
3524.9 -0.00215
3525.02 -0.00294
3525.14 -0.00317
3525.26 -0.00299
3525.39 -0.00292
3525.51 -0.0032
3525.63 -0.00356
3525.75 -0.00356
3525.87 -0.00312
3525.99 -0.00251
3526.11 -0.00202
3526.23 -0.00174
3526.35 -0.00169
3526.47 -0.00186
3526.59 -0.00223
3526.71 -0.00267
3526.83 -0.003
3526.95 -0.00309
3527.07 -0.00295
3527.19 -0.00264
3527.31 -0.00233
3527.43 -0.00212
3527.55 -0.00206
3527.68 -0.00203
3527.8 -0.00186
3527.92 -0.0015
3528.04 -0.00109
3528.16 -7.94988E-4
3528.28 -6.21099E-4
3528.4 -4.97449E-4
3528.52 -4.72095E-4
3528.64 -7.5011E-4
3528.76 -0.00146
3528.88 -0.00244
3529 -0.00337
3529.12 -0.00398
3529.24 -0.00416
3529.36 -0.00388
3529.48 -0.00327
3529.6 -0.00264
3529.72 -0.00233
3529.85 -0.00231
3529.97 -0.00221
3530.09 -0.00189
3530.21 -0.00168
3530.33 -0.00198
3530.45 -0.0027
3530.57 -0.00328
3530.69 -0.0034
3530.81 -0.00317
3530.93 -0.00282
3531.05 -0.00231
3531.17 -0.00172
3531.29 -0.00147
3531.41 -0.00194
3531.53 -0.00283
3531.65 -0.00334
3531.77 -0.00309
3531.89 -0.00258
3532.02 -0.00255
3532.14 -0.00313
3532.26 -0.0037
3532.38 -0.00371
3532.5 -0.00328
3532.62 -0.00286
3532.74 -0.00265
3532.86 -0.00235
3532.98 -0.00163
3533.1 -6.89439E-4
3533.22 -1.1427E-4
3533.34 -2.11287E-4
3533.46 -6.97225E-4
3533.58 -0.00107
3533.7 -0.00113
3533.82 -0.00108
3533.94 -0.00105
3534.06 -0.00105
3534.19 -0.00112
3534.31 -0.00144
3534.43 -0.00207
3534.55 -0.00272
3534.67 -0.00306
3534.79 -0.00312
3534.91 -0.00322
3535.03 -0.00352
3535.15 -0.00375
3535.27 -0.00357
3535.39 -0.00298
3535.51 -0.00234
3535.63 -0.00206
3535.75 -0.00229
3535.87 -0.00281
3535.99 -0.00316
3536.11 -0.00307
3536.23 -0.00273
3536.36 -0.00254
3536.48 -0.00259
3536.6 -0.00248
3536.72 -0.00185
3536.84 -9.34366E-4
3536.96 -4.23852E-4
3537.08 -6.50235E-4
3537.2 -0.00123
3537.32 -0.0016
3537.44 -0.00163
3537.56 -0.00165
3537.68 -0.00184
3537.8 -0.00196
3537.92 -0.00183
3538.04 -0.00166
3538.16 -0.00189
3538.28 -0.00254
3538.4 -0.00303
3538.53 -0.00269
3538.65 -0.00156
3538.77 -5.10246E-4
3538.89 -5.05641E-4
3539.01 -0.00175
3539.13 -0.00351
3539.25 -0.00477
3539.37 -0.00502
3539.49 -0.00445
3539.61 -0.00358
3539.73 -0.00287
3539.85 -0.00263
3539.97 -0.00295
3540.09 -0.00356
3540.21 -0.00389
3540.33 -0.00353
3540.45 -0.00265
3540.57 -0.00195
3540.7 -0.00208
3540.82 -0.00307
3540.94 -0.00427
3541.06 -0.00482
3541.18 -0.00427
3541.3 -0.00292
3541.42 -0.00162
3541.54 -0.00106
3541.66 -0.00127
3541.78 -0.00165
3541.9 -0.00174
3542.02 -0.00161
3542.14 -0.00166
3542.26 -0.00208
3542.38 -0.00259
3542.5 -0.00286
3542.62 -0.00285
3542.74 -0.00276
3542.86 -0.00268
3542.99 -0.00244
3543.11 -0.00184
3543.23 -9.85436E-4
3543.35 -3.50419E-4
3543.47 -4.02872E-4
3543.59 -0.00111
3543.71 -0.00189
3543.83 -0.0022
3543.95 -0.00207
3544.07 -0.00194
3544.19 -0.00203
3544.31 -0.00212
3544.43 -0.00206
3544.55 -0.00215
3544.67 -0.00276
3544.79 -0.00369
3544.91 -0.00426
3545.03 -0.00422
3545.16 -0.00399
3545.28 -0.00402
3545.4 -0.00408
3545.52 -0.00367
3545.64 -0.00282
3545.76 -0.00218
3545.88 -0.00214
3546 -0.00236
3546.12 -0.00235
3546.24 -0.00208
3546.36 -0.00194
3546.48 -0.00212
3546.6 -0.00252
3546.72 -0.00298
3546.84 -0.00343
3546.96 -0.00377
3547.08 -0.00381
3547.2 -0.00346
3547.33 -0.00295
3547.45 -0.00256
3547.57 -0.00238
3547.69 -0.00223
3547.81 -0.0019
3547.93 -0.00148
3548.05 -0.00131
3548.17 -0.00167
3548.29 -0.00243
3548.41 -0.00307
3548.53 -0.00316
3548.65 -0.00281
3548.77 -0.00249
3548.89 -0.00242
3549.01 -0.00231
3549.13 -0.00183
3549.25 -0.00112
3549.37 -6.90188E-4
3549.5 -8.2691E-4
3549.62 -0.00131
3549.74 -0.0017
3549.86 -0.00168
3549.98 -0.00121
3550.1 -5.02322E-4
3550.22 5.44451E-5
3550.34 6.00629E-5
3550.46 -6.28028E-4
3550.58 -0.00178
3550.7 -0.00292
3550.82 -0.00361
3550.94 -0.00358
3551.06 -0.00299
3551.18 -0.00234
3551.3 -0.0022
3551.42 -0.00262
3551.54 -0.00316
3551.67 -0.00336
3551.79 -0.00328
3551.91 -0.00333
3552.03 -0.00356
3552.15 -0.00349
3552.27 -0.00277
3552.39 -0.00169
3552.51 -8.80111E-4
3552.63 -6.24239E-4
3552.75 -6.84042E-4
3552.87 -7.60898E-4
3552.99 -8.80454E-4
3553.11 -0.0012
3553.23 -0.00165
3553.35 -0.00195
3553.47 -0.00196
3553.59 -0.00189
3553.71 -0.00206
3553.83 -0.00264
3553.96 -0.00359
3554.08 -0.00467
3554.2 -0.0056
3554.32 -0.00614
3554.44 -0.00613
3554.56 -0.00561
3554.68 -0.00482
3554.8 -0.00403
3554.92 -0.00339
3555.04 -0.00291
3555.16 -0.00257
3555.28 -0.00251
3555.4 -0.0028
3555.52 -0.00312
3555.64 -0.00287
3555.76 -0.00183
3555.88 -6.73283E-4
3556 -4.51777E-4
3556.13 -0.00145
3556.25 -0.00273
3556.37 -0.00311
3556.49 -0.00243
3556.61 -0.00163
3556.73 -0.00158
3556.85 -0.00202
3556.97 -0.00207
3557.09 -0.0014
3557.21 -7.5059E-4
3557.33 -9.99536E-4
3557.45 -0.00201
3557.57 -0.00267
3557.69 -0.00216
3557.81 -9.22583E-4
3557.93 -2.64756E-4
3558.05 -9.12696E-4
3558.17 -0.00228
3558.3 -0.0032
3558.42 -0.00314
3558.54 -0.00256
3558.66 -0.00214
3558.78 -0.00207
3558.9 -0.00213
3559.02 -0.0022
3559.14 -0.00241
3559.26 -0.00287
3559.38 -0.00331
3559.5 -0.00333
3559.62 -0.00285
3559.74 -0.00237
3559.86 -0.00256
3559.98 -0.00364
3560.1 -0.005
3560.22 -0.00574
3560.34 -0.00545
3560.47 -0.00456
3560.59 -0.00371
3560.71 -0.00315
3560.83 -0.00275
3560.95 -0.00254
3561.07 -0.00278
3561.19 -0.00349
3561.31 -0.00412
3561.43 -0.00411
3561.55 -0.0035
3561.67 -0.00288
3561.79 -0.00269
3561.91 -0.00276
3562.03 -0.00262
3562.15 -0.00207
3562.27 -0.00141
3562.39 -0.00101
3562.51 -0.00104
3562.64 -0.00146
3562.76 -0.00218
3562.88 -0.00306
3563 -0.0038
3563.12 -0.00402
3563.24 -0.00364
3563.36 -0.00301
3563.48 -0.00263
3563.6 -0.00267
3563.72 -0.0029
3563.84 -0.00304
3563.96 -0.00301
3564.08 -0.00286
3564.2 -0.00268
3564.32 -0.00264
3564.44 -0.00287
3564.56 -0.00322
3564.68 -0.00321
3564.81 -0.00261
3564.93 -0.0018
3565.05 -0.00143
3565.17 -0.00153
3565.29 -0.00152
3565.41 -0.0011
3565.53 -8.28363E-4
3565.65 -0.00139
3565.77 -0.00258
3565.89 -0.00341
3566.01 -0.00332
3566.13 -0.00281
3566.25 -0.00268
3566.37 -0.00299
3566.49 -0.00311
3566.61 -0.0027
3566.73 -0.00218
3566.85 -0.00214
3566.98 -0.00249
3567.1 -0.00262
3567.22 -0.0022
3567.34 -0.00161
3567.46 -0.00144
3567.58 -0.00171
3567.7 -0.00195
3567.82 -0.00188
3567.94 -0.00185
3568.06 -0.00232
3568.18 -0.00315
3568.3 -0.00361
3568.42 -0.00325
3568.54 -0.00246
3568.66 -0.00212
3568.78 -0.00256
3568.9 -0.00326
3569.02 -0.00353
3569.15 -0.00331
3569.27 -0.00314
3569.39 -0.00339
3569.51 -0.00372
3569.63 -0.00349
3569.75 -0.00254
3569.87 -0.00142
3569.99 -8.54429E-4
3570.11 -0.00108
3570.23 -0.00176
3570.35 -0.00232
3570.47 -0.00238
3570.59 -0.00194
3570.71 -0.00138
3570.83 -0.00109
3570.95 -0.00124
3571.07 -0.00167
3571.19 -0.00215
3571.31 -0.00264
3571.44 -0.00317
3571.56 -0.00367
3571.68 -0.00388
3571.8 -0.00361
3571.92 -0.00294
3572.04 -0.00222
3572.16 -0.00186
3572.28 -0.0021
3572.4 -0.00275
3572.52 -0.00333
3572.64 -0.00349
3572.76 -0.00345
3572.88 -0.00369
3573 -0.00436
3573.12 -0.00504
3573.24 -0.00534
3573.36 -0.00526
3573.48 -0.00509
3573.61 -0.00492
3573.73 -0.00466
3573.85 -0.00427
3573.97 -0.00387
3574.09 -0.00354
3574.21 -0.00324
3574.33 -0.00293
3574.45 -0.00252
3574.57 -0.00199
3574.69 -0.00153
3574.81 -0.00159
3574.93 -0.0023
3575.05 -0.00303
3575.17 -0.00295
3575.29 -0.00214
3575.41 -0.00163
3575.53 -0.00209
3575.65 -0.00296
3575.78 -0.00318
3575.9 -0.00264
3576.02 -0.00217
3576.14 -0.0023
3576.26 -0.00263
3576.38 -0.00263
3576.5 -0.00238
3576.62 -0.00216
3576.74 -0.00182
3576.86 -0.00114
3576.98 -4.89473E-4
3577.1 -5.37638E-4
3577.22 -0.00131
3577.34 -0.002
3577.46 -0.00197
3577.58 -0.00149
3577.7 -0.0014
3577.82 -0.00209
3577.95 -0.0032
3578.07 -0.00415
3578.19 -0.0046
3578.31 -0.00452
3578.43 -0.00398
3578.55 -0.00317
3578.67 -0.00243
3578.79 -0.00218
3578.91 -0.00264
3579.03 -0.00368
3579.15 -0.0048
3579.27 -0.0054
3579.39 -0.00524
3579.51 -0.00459
3579.63 -0.00394
3579.75 -0.00366
3579.87 -0.00379
3579.99 -0.00405
3580.12 -0.00405
3580.24 -0.00357
3580.36 -0.00282
3580.48 -0.00243
3580.6 -0.00282
3580.72 -0.00363
3580.84 -0.00406
3580.96 -0.00381
3581.08 -0.00335
3581.2 -0.0034
3581.32 -0.00408
3581.44 -0.00492
3581.56 -0.00531
3581.68 -0.0049
3581.8 -0.00373
3581.92 -0.00238
3582.04 -0.00174
3582.16 -0.00221
3582.28 -0.00321
3582.41 -0.00364
3582.53 -0.00303
3582.65 -0.00205
3582.77 -0.00165
3582.89 -0.00214
3583.01 -0.00306
3583.13 -0.0039
3583.25 -0.00444
3583.37 -0.00464
3583.49 -0.00447
3583.61 -0.00406
3583.73 -0.00371
3583.85 -0.00357
3583.97 -0.0035
3584.09 -0.0033
3584.21 -0.003
3584.33 -0.00283
3584.45 -0.00283
3584.58 -0.00277
3584.7 -0.00253
3584.82 -0.00232
3584.94 -0.00247
3585.06 -0.00302
3585.18 -0.00363
3585.3 -0.00392
3585.42 -0.0039
3585.54 -0.00384
3585.66 -0.00391
3585.78 -0.00403
3585.9 -0.00393
3586.02 -0.00345
3586.14 -0.00265
3586.26 -0.00178
3586.38 -0.00114
3586.5 -8.41577E-4
3586.62 -7.39846E-4
3586.75 -6.52634E-4
3586.87 -6.41443E-4
3586.99 -9.72938E-4
3587.11 -0.00174
3587.23 -0.00264
3587.35 -0.00328
3587.47 -0.00353
3587.59 -0.00349
3587.71 -0.00322
3587.83 -0.00273
3587.95 -0.00224
3588.07 -0.00209
3588.19 -0.00243
3588.31 -0.00294
3588.43 -0.00316
3588.55 -0.00294
3588.67 -0.00257
3588.79 -0.00241
3588.92 -0.00261
3589.04 -0.003
3589.16 -0.00327
3589.28 -0.00319
3589.4 -0.00276
3589.52 -0.00215
3589.64 -0.0016
3589.76 -0.00131
3589.88 -0.00141
3590 -0.00195
3590.12 -0.00273
3590.24 -0.0034
3590.36 -0.0037
3590.48 -0.00368
3590.6 -0.00353
3590.72 -0.00339
3590.84 -0.00333
3590.96 -0.00347
3591.09 -0.00391
3591.21 -0.00441
3591.33 -0.0044
3591.45 -0.00345
3591.57 -0.00183
3591.69 -3.57945E-4
3591.81 2.71194E-4
3591.93 1.69799E-5
3592.05 -6.26396E-4
3592.17 -0.00117
3592.29 -0.00149
3592.41 -0.00169
3592.53 -0.00189
3592.65 -0.00216
3592.77 -0.00257
3592.89 -0.00314
3593.01 -0.00371
3593.13 -0.00388
3593.26 -0.00336
3593.38 -0.0022
3593.5 -8.20264E-4
3593.62 2.07685E-4
3593.74 4.80771E-4
3593.86 -3.2559E-6
3593.98 -8.11446E-4
3594.1 -0.00139
3594.22 -0.0015
3594.34 -0.00143
3594.46 -0.00163
3594.58 -0.00218
3594.7 -0.00278
3594.82 -0.00306
3594.94 -0.00297
3595.06 -0.00277
3595.18 -0.00267
3595.3 -0.00259
3595.43 -0.00236
3595.55 -0.00194
3595.67 -0.00146
3595.79 -9.8915E-4
3595.91 -5.48787E-4
3596.03 -3.56331E-4
3596.15 -7.52866E-4
3596.27 -0.0017
3596.39 -0.0025
3596.51 -0.00242
3596.63 -0.00164
3596.75 -0.00124
3596.87 -0.00196
3596.99 -0.00327
3597.11 -0.00402
3597.23 -0.00383
3597.35 -0.00333
3597.47 -0.00323
3597.59 -0.00351
3597.72 -0.00384
3597.84 -0.00414
3597.96 -0.00446
3598.08 -0.00451
3598.2 -0.00389
3598.32 -0.00274
3598.44 -0.0018
3598.56 -0.00163
3598.68 -0.00199
3598.8 -0.00221
3598.92 -0.00196
3599.04 -0.00157
3599.16 -0.00162
3599.28 -0.00244
3599.4 -0.0038
3599.52 -0.00505
3599.64 -0.00552
3599.76 -0.00505
3599.89 -0.00413
3600.01 -0.00339
3600.13 -0.00298
3600.25 -0.00252
3600.37 -0.00173
3600.49 -9.34746E-4
3600.61 -8.97124E-4
3600.73 -0.00193
3600.85 -0.00339
3600.97 -0.00415
3601.09 -0.0036
3601.21 -0.00218
3601.33 -9.92179E-4
3601.45 -7.85906E-4
3601.57 -0.00147
3601.69 -0.00246
3601.81 -0.00328
3601.93 -0.00378
3602.06 -0.00396
3602.18 -0.00385
3602.3 -0.0036
3602.42 -0.00348
3602.54 -0.00355
3602.66 -0.00362
3602.78 -0.00354
3602.9 -0.00342
3603.02 -0.0034
3603.14 -0.00327
3603.26 -0.00265
3603.38 -0.00165
3603.5 -0.00104
3603.62 -0.00146
3603.74 -0.0026
3603.86 -0.00344
3603.98 -0.00345
3604.1 -0.00304
3604.23 -0.00303
3604.35 -0.00364
3604.47 -0.00441
3604.59 -0.00482
3604.71 -0.00471
3604.83 -0.00428
3604.95 -0.00379
3605.07 -0.00347
3605.19 -0.00344
3605.31 -0.00364
3605.43 -0.00385
3605.55 -0.00385
3605.67 -0.00364
3605.79 -0.00351
3605.91 -0.0038
3606.03 -0.00458
3606.15 -0.0054
3606.27 -0.00549
3606.4 -0.00458
3606.52 -0.00324
3606.64 -0.00245
3606.76 -0.00265
3606.88 -0.0034
3607 -0.00401
3607.12 -0.00421
3607.24 -0.00408
3607.36 -0.00363
3607.48 -0.00283
3607.6 -0.00188
3607.72 -0.00121
3607.84 -0.00111
3607.96 -0.00145
3608.08 -0.00203
3608.2 -0.00279
3608.32 -0.00373
3608.44 -0.00449
3608.57 -0.00455
3608.69 -0.00377
3608.81 -0.00271
3608.93 -0.00216
3609.05 -0.00232
3609.17 -0.00265
3609.29 -0.00251
3609.41 -0.00194
3609.53 -0.00157
3609.65 -0.00177
3609.77 -0.00222
3609.89 -0.00234
3610.01 -0.00193
3610.13 -0.00129
3610.25 -7.76496E-4
3610.37 -6.19531E-4
3610.49 -0.00104
3610.61 -0.00213
3610.74 -0.00354
3610.86 -0.00446
3610.98 -0.00434
3611.1 -0.00351
3611.22 -0.00288
3611.34 -0.003
3611.46 -0.00368
3611.58 -0.0043
3611.7 -0.00443
3611.82 -0.00397
3611.94 -0.00302
3612.06 -0.00193
3612.18 -0.00132
3612.3 -0.00175
3612.42 -0.0031
3612.54 -0.0045
3612.66 -0.00506
3612.78 -0.00465
3612.91 -0.00396
3613.03 -0.00375
3613.15 -0.00413
3613.27 -0.00466
3613.39 -0.00488
3613.51 -0.0046
3613.63 -0.00384
3613.75 -0.00282
3613.87 -0.00199
3613.99 -0.00175
3614.11 -0.00204
3614.23 -0.00231
3614.35 -0.00219
3614.47 -0.00194
3614.59 -0.00209
3614.71 -0.00269
3614.83 -0.00327
3614.95 -0.00348
3615.07 -0.00358
3615.2 -0.00397
3615.32 -0.00449
3615.44 -0.00451
3615.56 -0.00371
3615.68 -0.00255
3615.8 -0.00192
3615.92 -0.00218
3616.04 -0.00276
3616.16 -0.00279
3616.28 -0.00202
3616.4 -0.00121
3616.52 -0.00147
3616.64 -0.00299
3616.76 -0.00472
3616.88 -0.00528
3617 -0.00436
3617.12 -0.00295
3617.24 -0.00229
3617.37 -0.00253
3617.49 -0.00278
3617.61 -0.00237
3617.73 -0.00175
3617.85 -0.00195
3617.97 -0.00322
3618.09 -0.00465
3618.21 -0.00513
3618.33 -0.00452
3618.45 -0.00365
3618.57 -0.00329
3618.69 -0.00342
3618.81 -0.00349
3618.93 -0.00312
3619.05 -0.00248
3619.17 -0.00208
3619.29 -0.00226
3619.41 -0.00293
3619.54 -0.00371
3619.66 -0.00427
3619.78 -0.00463
3619.9 -0.00488
3620.02 -0.00487
3620.14 -0.00437
3620.26 -0.00359
3620.38 -0.0032
3620.5 -0.00358
3620.62 -0.00425
3620.74 -0.00435
3620.86 -0.00372
3620.98 -0.00303
3621.1 -0.00282
3621.22 -0.00269
3621.34 -0.002
3621.46 -9.23518E-4
3621.58 -4.73198E-4
3621.71 -0.00122
3621.83 -0.00251
3621.95 -0.00324
3622.07 -0.00307
3622.19 -0.00261
3622.31 -0.00238
3622.43 -0.00216
3622.55 -0.00153
3622.67 -6.91056E-4
3622.79 -4.04928E-4
3622.91 -0.00101
3623.03 -0.00201
3623.15 -0.00268
3623.27 -0.00292
3623.39 -0.00317
3623.51 -0.00371
3623.63 -0.00427
3623.75 -0.00446
3623.88 -0.00421
3624 -0.00376
3624.12 -0.00334
3624.24 -0.00295
3624.36 -0.00267
3624.48 -0.00273
3624.6 -0.00342
3624.72 -0.00459
3624.84 -0.00566
3624.96 -0.006
3625.08 -0.00552
3625.2 -0.00468
3625.32 -0.00406
3625.44 -0.00386
3625.56 -0.00389
3625.68 -0.00379
3625.8 -0.00335
3625.92 -0.00257
3626.04 -0.00165
3626.17 -8.4262E-4
3626.29 -4.12203E-4
3626.41 -4.98079E-4
3626.53 -9.75978E-4
3626.65 -0.00135
3626.77 -0.00103
3626.89 7.06874E-5
3627.01 0.0011
3627.13 8.75413E-4
3627.25 -9.3215E-4
3627.37 -0.00336
3627.49 -0.00511
3627.61 -0.00578
3627.73 -0.00588
3627.85 -0.00588
3627.97 -0.00563
3628.09 -0.00482
3628.21 -0.00363
3628.34 -0.00264
3628.46 -0.0023
3628.58 -0.00261
3628.7 -0.00329
3628.82 -0.00388
3628.94 -0.00398
3629.06 -0.00357
3629.18 -0.00305
3629.3 -0.00286
3629.42 -0.00294
3629.54 -0.00299
3629.66 -0.00298
3629.78 -0.00316
3629.9 -0.00362
3630.02 -0.00403
3630.14 -0.004
3630.26 -0.00346
3630.38 -0.00261
3630.51 -0.00177
3630.63 -0.00132
3630.75 -0.00168
3630.87 -0.00289
3630.99 -0.00433
3631.11 -0.00513
3631.23 -0.00491
3631.35 -0.00412
3631.47 -0.00351
3631.59 -0.00347
3631.71 -0.00378
3631.83 -0.004
3631.95 -0.00384
3632.07 -0.00339
3632.19 -0.00299
3632.31 -0.00287
3632.43 -0.00296
3632.55 -0.00306
3632.68 -0.00316
3632.8 -0.0035
3632.92 -0.00412
3633.04 -0.00459
3633.16 -0.00442
3633.28 -0.00372
3633.4 -0.00315
3633.52 -0.00311
3633.64 -0.00327
3633.76 -0.00312
3633.88 -0.00276
3634 -0.00282
3634.12 -0.00366
3634.24 -0.00485
3634.36 -0.00575
3634.48 -0.00608
3634.6 -0.0059
3634.72 -0.00524
3634.85 -0.00412
3634.97 -0.00287
3635.09 -0.00194
3635.21 -0.00151
3635.33 -0.00131
3635.45 -0.00107
3635.57 -8.3987E-4
3635.69 -8.35344E-4
3635.81 -0.00117
3635.93 -0.00177
3636.05 -0.00242
3636.17 -0.00278
3636.29 -0.00265
3636.41 -0.00235
3636.53 -0.00261
3636.65 -0.00374
3636.77 -0.0051
3636.89 -0.00567
3637.02 -0.00523
3637.14 -0.00458
3637.26 -0.00451
3637.38 -0.00481
3637.5 -0.00462
3637.62 -0.00359
3637.74 -0.00235
3637.86 -0.00178
3637.98 -0.00213
3638.1 -0.00295
3638.22 -0.00369
3638.34 -0.00413
3638.46 -0.00425
3638.58 -0.004
3638.7 -0.00344
3638.82 -0.00284
3638.94 -0.00258
3639.06 -0.0027
3639.19 -0.00283
3639.31 -0.0027
3639.43 -0.00243
3639.55 -0.00226
3639.67 -0.00224
3639.79 -0.00225
3639.91 -0.00244
3640.03 -0.00309
3640.15 -0.00416
3640.27 -0.00514
3640.39 -0.00558
3640.51 -0.00553
3640.63 -0.00531
3640.75 -0.00497
3640.87 -0.00436
3640.99 -0.00361
3641.11 -0.00306
3641.23 -0.00289
3641.35 -0.00275
3641.48 -0.00226
3641.6 -0.00145
3641.72 -7.07142E-4
3641.84 -3.22942E-4
3641.96 -2.82265E-4
3642.08 -4.88922E-4
3642.2 -9.64053E-4
3642.32 -0.00173
3642.44 -0.00261
3642.56 -0.00334
3642.68 -0.00368
3642.8 -0.00358
3642.92 -0.00311
3643.04 -0.00249
3643.16 -0.00203
3643.28 -0.00197
3643.4 -0.00229
3643.52 -0.00274
3643.65 -0.00319
3643.77 -0.00377
3643.89 -0.00455
3644.01 -0.00521
3644.13 -0.00519
3644.25 -0.00427
3644.37 -0.00294
3644.49 -0.0019
3644.61 -0.00144
3644.73 -0.00127
3644.85 -0.00115
3644.97 -0.00115
3645.09 -0.00144
3645.21 -0.00184
3645.33 -0.00198
3645.45 -0.00179
3645.57 -0.00154
3645.69 -0.00138
3645.82 -0.00107
3645.94 -3.65455E-4
3646.06 4.86501E-4
3646.18 9.18515E-4
3646.3 5.52628E-4
3646.42 -5.24178E-4
3646.54 -0.00191
3646.66 -0.00313
3646.78 -0.00381
3646.9 -0.00386
3647.02 -0.00352
3647.14 -0.00314
3647.26 -0.00282
3647.38 -0.00249
3647.5 -0.00223
3647.62 -0.00248
3647.74 -0.00352
3647.86 -0.00494
3647.99 -0.00581
3648.11 -0.00541
3648.23 -0.00393
3648.35 -0.00229
3648.47 -0.00138
3648.59 -0.00138
3648.71 -0.00172
3648.83 -0.00175
3648.95 -0.00138
3649.07 -9.99425E-4
3649.19 -0.00103
3649.31 -0.0015
3649.43 -0.0021
3649.55 -0.00251
3649.67 -0.00249
3649.79 -0.00206
3649.91 -0.0016
3650.03 -0.00161
3650.16 -0.00232
3650.28 -0.00342
3650.4 -0.00449
3650.52 -0.00529
3650.64 -0.00572
3650.76 -0.00562
3650.88 -0.00501
3651 -0.00425
3651.12 -0.00375
3651.24 -0.00356
3651.36 -0.00351
3651.48 -0.00359
3651.6 -0.00383
3651.72 -0.00388
3651.84 -0.00327
3651.96 -0.00232
3652.08 -0.00211
3652.2 -0.00325
3652.32 -0.00489
3652.45 -0.0056
3652.57 -0.00491
3652.69 -0.00371
3652.81 -0.00313
3652.93 -0.00345
3653.05 -0.00421
3653.17 -0.00483
3653.29 -0.00502
3653.41 -0.00478
3653.53 -0.00427
3653.65 -0.00362
3653.77 -0.00291
3653.89 -0.00236
3654.01 -0.0024
3654.13 -0.00326
3654.25 -0.0044
3654.37 -0.00484
3654.49 -0.00421
3654.62 -0.00322
3654.74 -0.00292
3654.86 -0.00355
3654.98 -0.0044
3655.1 -0.00464
3655.22 -0.00404
3655.34 -0.00294
3655.46 -0.00192
3655.58 -0.00148
3655.7 -0.00169
3655.82 -0.00217
3655.94 -0.00234
3656.06 -0.00207
3656.18 -0.0017
3656.3 -0.00162
3656.42 -0.00187
3656.54 -0.00221
3656.66 -0.00245
3656.79 -0.00253
3656.91 -0.00234
3657.03 -0.00179
3657.15 -0.00113
3657.27 -7.55645E-4
3657.39 -8.77719E-4
3657.51 -0.00124
3657.63 -0.00146
3657.75 -0.00156
3657.87 -0.00185
3657.99 -0.00252
3658.11 -0.00334
3658.23 -0.00395
3658.35 -0.00425
3658.47 -0.00432
3658.59 -0.00409
3658.71 -0.0034
3658.83 -0.00237
3658.96 -0.00167
3659.08 -0.00194
3659.2 -0.00303
3659.32 -0.004
3659.44 -0.00403
3659.56 -0.0033
3659.68 -0.00274
3659.8 -0.00303
3659.92 -0.00387
3660.04 -0.0044
3660.16 -0.00413
3660.28 -0.00335
3660.4 -0.00262
3660.52 -0.00214
3660.64 -0.00167
3660.76 -0.00116
3660.88 -0.00105
3661 -0.00186
3661.13 -0.0035
3661.25 -0.00516
3661.37 -0.00595
3661.49 -0.00553
3661.61 -0.00424
3661.73 -0.00285
3661.85 -0.00208
3661.97 -0.00225
3662.09 -0.003
3662.21 -0.00365
3662.33 -0.0038
3662.45 -0.00358
3662.57 -0.00332
3662.69 -0.00306
3662.81 -0.00264
3662.93 -0.00218
3663.05 -0.00213
3663.17 -0.00281
3663.3 -0.00395
3663.42 -0.00486
3663.54 -0.0049
3663.66 -0.00387
3663.78 -0.00222
3663.9 -8.1585E-4
3664.02 -4.23416E-4
3664.14 -0.00107
3664.26 -0.00206
3664.38 -0.0027
3664.5 -0.00289
3664.62 -0.00305
3664.74 -0.00348
3664.86 -0.00394
3664.98 -0.00402
3665.1 -0.00359
3665.22 -0.00303
3665.34 -0.00298
3665.47 -0.0036
3665.59 -0.00433
3665.71 -0.00439
3665.83 -0.00382
3665.95 -0.00366
3666.07 -0.00466
3666.19 -0.00621
3666.31 -0.00677
3666.43 -0.00563
3666.55 -0.00361
3666.67 -0.00199
3666.79 -0.00119
3666.91 -8.09699E-4
3667.03 -7.15092E-4
3667.15 -0.00123
3667.27 -0.00242
3667.39 -0.00368
3667.51 -0.00434
3667.64 -0.00437
3667.76 -0.00423
3667.88 -0.00415
3668 -0.00395
3668.12 -0.00351
3668.24 -0.00308
3668.36 -0.00304
3668.48 -0.00338
3668.6 -0.00372
3668.72 -0.00374
3668.84 -0.00354
3668.96 -0.00341
3669.08 -0.00345
3669.2 -0.00346
3669.32 -0.00333
3669.44 -0.0032
3669.56 -0.00334
3669.68 -0.00377
3669.8 -0.00424
3669.93 -0.00435
3670.05 -0.00391
3670.17 -0.00307
3670.29 -0.00236
3670.41 -0.0024
3670.53 -0.00323
3670.65 -0.00417
3670.77 -0.00439
3670.89 -0.00373
3671.01 -0.00288
3671.13 -0.0027
3671.25 -0.00352
3671.37 -0.0049
3671.49 -0.00607
3671.61 -0.00635
3671.73 -0.00555
3671.85 -0.00413
3671.97 -0.00301
3672.1 -0.00289
3672.22 -0.00363
3672.34 -0.00438
3672.46 -0.00427
3672.58 -0.00324
3672.7 -0.00201
3672.82 -0.00136
3672.94 -0.00134
3673.06 -0.00147
3673.18 -0.00148
3673.3 -0.00166
3673.42 -0.00229
3673.54 -0.00294
3673.66 -0.00288
3673.78 -0.0021
3673.9 -0.00146
3674.02 -0.0017
3674.14 -0.00257
3674.27 -0.00326
3674.39 -0.00339
3674.51 -0.00316
3674.63 -0.0028
3674.75 -0.00239
3674.87 -0.0021
3674.99 -0.00212
3675.11 -0.0022
3675.23 -0.00189
3675.35 -0.00133
3675.47 -0.00137
3675.59 -0.00249
3675.71 -0.00398
3675.83 -0.00457
3675.95 -0.0039
3676.07 -0.00282
3676.19 -0.00227
3676.31 -0.00233
3676.44 -0.00245
3676.56 -0.00232
3676.68 -0.00213
3676.8 -0.00218
3676.92 -0.00252
3677.04 -0.00291
3677.16 -0.00315
3677.28 -0.00318
3677.4 -0.00304
3677.52 -0.00272
3677.64 -0.00218
3677.76 -0.00155
3677.88 -0.00122
3678 -0.00153
3678.12 -0.00231
3678.24 -0.00298
3678.36 -0.00319
3678.48 -0.00316
3678.6 -0.00324
3678.73 -0.00334
3678.85 -0.00322
3678.97 -0.00316
3679.09 -0.00387
3679.21 -0.00542
3679.33 -0.00674
3679.45 -0.00662
3679.57 -0.00517
3679.69 -0.00364
3679.81 -0.00287
3679.93 -0.00251
3680.05 -0.0019
3680.17 -0.00127
3680.29 -0.00138
3680.41 -0.00225
3680.53 -0.00297
3680.65 -0.00291
3680.77 -0.00261
3680.9 -0.00293
3681.02 -0.00376
3681.14 -0.0041
3681.26 -0.00345
3681.38 -0.00253
3681.5 -0.00244
3681.62 -0.00341
3681.74 -0.00465
3681.86 -0.00523
3681.98 -0.00491
3682.1 -0.00412
3682.22 -0.00346
3682.34 -0.00324
3682.46 -0.00335
3682.58 -0.00347
3682.7 -0.00339
3682.82 -0.00328
3682.94 -0.00335
3683.07 -0.00358
3683.19 -0.00371
3683.31 -0.00357
3683.43 -0.00318
3683.55 -0.00262
3683.67 -0.0019
3683.79 -0.00118
3683.91 -8.63522E-4
3684.03 -0.00112
3684.15 -0.00158
3684.27 -0.00178
3684.39 -0.00184
3684.51 -0.00237
3684.63 -0.00349
3684.75 -0.00441
3684.87 -0.00424
3684.99 -0.00302
3685.11 -0.00158
3685.24 -6.4119E-4
3685.36 -2.54825E-4
3685.48 -2.34649E-4
3685.6 -5.31211E-4
3685.72 -0.00108
3685.84 -0.00166
3685.96 -0.00211
3686.08 -0.00258
3686.2 -0.00323
3686.32 -0.00385
3686.44 -0.00404
3686.56 -0.00372
3686.68 -0.00314
3686.8 -0.00261
3686.92 -0.00232
3687.04 -0.00244
3687.16 -0.00285
3687.28 -0.00308
3687.41 -0.00257
3687.53 -0.00146
3687.65 -6.50942E-4
3687.77 -9.74745E-4
3687.89 -0.00231
3688.01 -0.00363
3688.13 -0.00381
3688.25 -0.00253
3688.37 -5.81186E-4
3688.49 7.03879E-4
3688.61 4.90461E-4
3688.73 -7.89143E-4
3688.85 -0.00192
3688.97 -0.00225
3689.09 -0.0022
3689.21 -0.00242
3689.33 -0.00269
3689.45 -0.0024
3689.58 -0.00158
3689.7 -0.00106
3689.82 -0.00131
3689.94 -0.00186
3690.06 -0.00212
3690.18 -0.00228
3690.3 -0.00289
3690.42 -0.00393
3690.54 -0.00472
3690.66 -0.00481
3690.78 -0.0045
3690.9 -0.00432
3691.02 -0.00438
3691.14 -0.00433
3691.26 -0.00384
3691.38 -0.0029
3691.5 -0.0018
3691.62 -0.00102
3691.75 -0.00103
3691.87 -0.002
3691.99 -0.00353
3692.11 -0.00479
3692.23 -0.00512
3692.35 -0.00459
3692.47 -0.00395
3692.59 -0.00382
3692.71 -0.00406
3692.83 -0.00399
3692.95 -0.00322
3693.07 -0.00209
3693.19 -0.0012
3693.31 -8.8438E-4
3693.43 -0.00118
3693.55 -0.00199
3693.67 -0.00303
3693.79 -0.00369
3693.92 -0.00355
3694.04 -0.00302
3694.16 -0.00292
3694.28 -0.00342
3694.4 -0.00378
3694.52 -0.00334
3694.64 -0.00247
3694.76 -0.00207
3694.88 -0.00234
3695 -0.00267
3695.12 -0.0025
3695.24 -0.00195
3695.36 -0.00143
3695.48 -0.00102
3695.6 -5.66036E-4
3695.72 -6.78375E-5
3695.84 2.47914E-4
3695.96 1.01287E-4
3696.08 -6.70232E-4
3696.21 -0.00196
3696.33 -0.00321
3696.45 -0.00368
3696.57 -0.00302
3696.69 -0.00186
3696.81 -0.00132
3696.93 -0.00199
3697.05 -0.00341
3697.17 -0.00461
3697.29 -0.00496
3697.41 -0.00449
3697.53 -0.00378
3697.65 -0.00348
3697.77 -0.0038
3697.89 -0.00424
3698.01 -0.00392
3698.13 -0.00252
3698.25 -7.41683E-4
3698.38 2.34544E-4
3698.5 -8.49776E-5
3698.62 -0.0011
3698.74 -0.00195
3698.86 -0.00239
3698.98 -0.00274
3699.1 -0.00313
3699.22 -0.00329
3699.34 -0.00315
3699.46 -0.00301
3699.58 -0.00306
3699.7 -0.00297
3699.82 -0.00243
3699.94 -0.0018
3700.06 -0.00173
3700.18 -0.0023
3700.3 -0.00289
3700.42 -0.003
3700.55 -0.00277
3700.67 -0.00257
3700.79 -0.00251
3700.91 -0.00259
3701.03 -0.00281
3701.15 -0.00301
3701.27 -0.00277
3701.39 -0.00209
3701.51 -0.0017
3701.63 -0.00238
3701.75 -0.0038
3701.87 -0.00483
3701.99 -0.00483
3702.11 -0.00425
3702.23 -0.00386
3702.35 -0.0038
3702.47 -0.00374
3702.59 -0.00345
3702.72 -0.00295
3702.84 -0.00233
3702.96 -0.00182
3703.08 -0.00173
3703.2 -0.00216
3703.32 -0.0027
3703.44 -0.00292
3703.56 -0.00285
3703.68 -0.00287
3703.8 -0.00305
3703.92 -0.00319
3704.04 -0.00332
3704.16 -0.00364
3704.28 -0.00398
3704.4 -0.00371
3704.52 -0.00251
3704.64 -9.58376E-4
3704.76 -7.64243E-5
3704.89 -3.27639E-4
3705.01 -0.00126
3705.13 -0.00203
3705.25 -0.00216
3705.37 -0.00188
3705.49 -0.00187
3705.61 -0.00248
3705.73 -0.00343
3705.85 -0.0041
3705.97 -0.00435
3706.09 -0.00457
3706.21 -0.00501
3706.33 -0.00527
3706.45 -0.00482
3706.57 -0.00376
3706.69 -0.00277
3706.81 -0.00237
3706.93 -0.00249
3707.05 -0.00282
3707.18 -0.00319
3707.3 -0.00349
3707.42 -0.00343
3707.54 -0.00279
3707.66 -0.00191
3707.78 -0.00157
3707.9 -0.00227
3708.02 -0.00349
3708.14 -0.00423
3708.26 -0.0041
3708.38 -0.00382
3708.5 -0.0043
3708.62 -0.00547
3708.74 -0.00632
3708.86 -0.00609
3708.98 -0.00504
3709.1 -0.00401
3709.22 -0.00347
3709.35 -0.00338
3709.47 -0.00356
3709.59 -0.00376
3709.71 -0.00358
3709.83 -0.00277
3709.95 -0.00172
3710.07 -0.00126
3710.19 -0.00176
3710.31 -0.00274
3710.43 -0.00343
3710.55 -0.00356
3710.67 -0.00337
3710.79 -0.00319
3710.91 -0.00318
3711.03 -0.00333
3711.15 -0.0035
3711.27 -0.00347
3711.39 -0.00308
3711.52 -0.00242
3711.64 -0.00165
3711.76 -9.41761E-4
3711.88 -5.39739E-4
3712 -7.85455E-4
3712.12 -0.0018
3712.24 -0.00312
3712.36 -0.00402
3712.48 -0.00417
3712.6 -0.00399
3712.72 -0.00402
3712.84 -0.00427
3712.96 -0.00436
3713.08 -0.00408
3713.2 -0.00365
3713.32 -0.00339
3713.44 -0.00334
3713.56 -0.00335
3713.69 -0.00334
3713.81 -0.00331
3713.93 -0.00322
3714.05 -0.00304
3714.17 -0.0029
3714.29 -0.003
3714.41 -0.00334
3714.53 -0.00369
3714.65 -0.00392
3714.77 -0.00411
3714.89 -0.0043
3715.01 -0.00435
3715.13 -0.00421
3715.25 -0.00408
3715.37 -0.00412
3715.49 -0.00394
3715.61 -0.00312
3715.73 -0.00198
3715.86 -0.00157
3715.98 -0.00246
3716.1 -0.0039
3716.22 -0.00455
3716.34 -0.00395
3716.46 -0.00289
3716.58 -0.00236
3716.7 -0.00257
3716.82 -0.00304
3716.94 -0.00325
3717.06 -0.00304
3717.18 -0.0026
3717.3 -0.00232
3717.42 -0.0025
3717.54 -0.00307
3717.66 -0.00364
3717.78 -0.00396
3717.9 -0.00425
3718.03 -0.00475
3718.15 -0.00533
3718.27 -0.00547
3718.39 -0.00483
3718.51 -0.00367
3718.63 -0.00256
3718.75 -0.002
3718.87 -0.00217
3718.99 -0.00278
3719.11 -0.00319
3719.23 -0.00286
3719.35 -0.0019
3719.47 -0.00112
3719.59 -0.00131
3719.71 -0.0024
3719.83 -0.00345
3719.95 -0.00356
3720.07 -0.00275
3720.2 -0.00189
3720.32 -0.00185
3720.44 -0.00268
3720.56 -0.00364
3720.68 -0.00407
3720.8 -0.00398
3720.92 -0.00388
3721.04 -0.00406
3721.16 -0.00436
3721.28 -0.00445
3721.4 -0.00422
3721.52 -0.00376
3721.64 -0.00322
3721.76 -0.00287
3721.88 -0.00301
3722 -0.00362
3722.12 -0.00414
3722.24 -0.004
3722.36 -0.00336
3722.49 -0.00303
3722.61 -0.00354
3722.73 -0.00449
3722.85 -0.00515
3722.97 -0.00529
3723.09 -0.00519
3723.21 -0.00498
3723.33 -0.00446
3723.45 -0.00368
3723.57 -0.00311
3723.69 -0.00305
3723.81 -0.00319
3723.93 -0.00313
3724.05 -0.00307
3724.17 -0.00352
3724.29 -0.00447
3724.41 -0.00535
3724.53 -0.00561
3724.66 -0.00525
3724.78 -0.00458
3724.9 -0.00387
3725.02 -0.00345
3725.14 -0.00357
3725.26 -0.00399
3725.38 -0.00406
3725.5 -0.00348
3725.62 -0.00277
3725.74 -0.00258
3725.86 -0.00276
3725.98 -0.00259
3726.1 -0.00186
3726.22 -0.00123
3726.34 -0.00141
3726.46 -0.0023
3726.58 -0.00327
3726.7 -0.00392
3726.83 -0.00421
3726.95 -0.00413
3727.07 -0.00363
3727.19 -0.0029
3727.31 -0.0024
3727.43 -0.00249
3727.55 -0.00304
3727.67 -0.00347
3727.79 -0.00315
3727.91 -0.00189
3728.03 -2.72986E-4
3728.15 6.26411E-4
3728.27 5.21541E-7
3728.39 -0.00193
3728.51 -0.00403
3728.63 -0.00518
3728.75 -0.00512
3728.87 -0.00435
3729 -0.00355
3729.12 -0.00308
3729.24 -0.00291
3729.36 -0.00279
3729.48 -0.00246
3729.6 -0.00197
3729.72 -0.00167
3729.84 -0.0019
3729.96 -0.00259
3730.08 -0.00328
3730.2 -0.00363
3730.32 -0.00366
3730.44 -0.00348
3730.56 -0.00305
3730.68 -0.00244
3730.8 -0.00219
3730.92 -0.00296
3731.04 -0.00463
3731.17 -0.00611
3731.29 -0.0063
3731.41 -0.0053
3731.53 -0.00422
3731.65 -0.0038
3731.77 -0.00372
3731.89 -0.00324
3732.01 -0.00244
3732.13 -0.00212
3732.25 -0.00267
3732.37 -0.00342
3732.49 -0.00348
3732.61 -0.00282
3732.73 -0.00221
3732.85 -0.00222
3732.97 -0.00269
3733.09 -0.00323
3733.21 -0.00384
3733.33 -0.0046
3733.46 -0.00519
3733.58 -0.00513
3733.7 -0.00446
3733.82 -0.00388
3733.94 -0.00394
3734.06 -0.00433
3734.18 -0.00438
3734.3 -0.00397
3734.42 -0.00366
3734.54 -0.0038
3734.66 -0.00402
3734.78 -0.00377
3734.9 -0.00309
3735.02 -0.00256
3735.14 -0.00262
3735.26 -0.00317
3735.38 -0.00378
3735.5 -0.00409
3735.63 -0.00392
3735.75 -0.00335
3735.87 -0.0027
3735.99 -0.0023
3736.11 -0.00213
3736.23 -0.00189
3736.35 -0.00157
3736.47 -0.00161
3736.59 -0.00236
3736.71 -0.00347
3736.83 -0.00415
3736.95 -0.00404
3737.07 -0.00352
3737.19 -0.00309
3737.31 -0.00282
3737.43 -0.00253
3737.55 -0.00231
3737.67 -0.0024
3737.8 -0.00273
3737.92 -0.00288
3738.04 -0.00262
3738.16 -0.00231
3738.28 -0.00253
3738.4 -0.00341
3738.52 -0.00453
3738.64 -0.00534
3738.76 -0.00562
3738.88 -0.0055
3739 -0.00523
3739.12 -0.00499
3739.24 -0.00477
3739.36 -0.00439
3739.48 -0.00357
3739.6 -0.00227
3739.72 -8.48882E-4
3739.84 5.58645E-5
3739.97 1.25542E-5
3740.09 -8.75089E-4
3740.21 -0.00209
3740.33 -0.00311
3740.45 -0.00373
3740.57 -0.004
3740.69 -0.00418
3740.81 -0.00455
3740.93 -0.00522
3741.05 -0.00599
3741.17 -0.00632
3741.29 -0.00573
3741.41 -0.00413
3741.53 -0.00199
3741.65 -1.03842E-4
3741.77 7.177E-4
3741.89 6.13295E-5
3742.01 -0.00176
3742.14 -0.00379
3742.26 -0.00498
3742.38 -0.00496
3742.5 -0.00408
3742.62 -0.00302
3742.74 -0.00216
3742.86 -0.00147
3742.98 -7.95331E-4
3743.1 -9.68687E-5
3743.22 3.92746E-4
3743.34 2.54806E-4
3743.46 -7.50512E-4
3743.58 -0.00226
3743.7 -0.00337
3743.82 -0.00346
3743.94 -0.00288
3744.06 -0.00263
3744.18 -0.00319
3744.31 -0.00388
3744.43 -0.00381
3744.55 -0.00301
3744.67 -0.00245
3744.79 -0.00275
3744.91 -0.00342
3745.03 -0.00361
3745.15 -0.00327
3745.27 -0.003
3745.39 -0.00302
3745.51 -0.00281
3745.63 -0.00201
3745.75 -0.00123
3745.87 -0.00146
3745.99 -0.00264
3746.11 -0.00348
3746.23 -0.00287
3746.35 -0.00128
3746.48 -3.06681E-4
3746.6 -8.9635E-4
3746.72 -0.00224
3746.84 -0.00271
3746.96 -0.0017
3747.08 -2.49207E-4
3747.2 2.0564E-4
3747.32 -6.11074E-4
3747.44 -0.00169
3747.56 -0.00206
3747.68 -0.00185
3747.8 -0.00191
3747.92 -0.00273
3748.04 -0.00389
3748.16 -0.00481
3748.28 -0.00532
3748.4 -0.00547
3748.52 -0.00493
3748.65 -0.00337
3748.77 -0.00119
3748.89 3.25806E-4
3749.01 2.21282E-4
3749.13 -0.00115
3749.25 -0.0025
3749.37 -0.00288
3749.49 -0.00244
3749.61 -0.00191
3749.73 -0.00175
3749.85 -0.00194
3749.97 -0.00218
3750.09 -0.00217
3750.21 -0.00176
3750.33 -0.00115
3750.45 -8.6816E-4
3750.57 -0.00143
3750.69 -0.00281
3750.81 -0.00429
3750.94 -0.00489
3751.06 -0.00413
3751.18 -0.00252
3751.3 -0.00128
3751.42 -0.00131
3751.54 -0.00243
3751.66 -0.00363
3751.78 -0.00419
3751.9 -0.00433
3752.02 -0.00464
3752.14 -0.00514
3752.26 -0.00532
3752.38 -0.00489
3752.5 -0.00421
3752.62 -0.00373
3752.74 -0.0035
3752.86 -0.00332
3752.98 -0.00318
3753.11 -0.00325
3753.23 -0.00358
3753.35 -0.00402
3753.47 -0.0044
3753.59 -0.0047
3753.71 -0.00498
3753.83 -0.0052
3753.95 -0.00514
3754.07 -0.0045
3754.19 -0.00325
3754.31 -0.00186
3754.43 -0.00105
3754.55 -0.00114
3754.67 -0.00179
3754.79 -0.00238
3754.91 -0.00266
3755.03 -0.00289
3755.15 -0.00329
3755.28 -0.00384
3755.4 -0.0044
3755.52 -0.00492
3755.64 -0.00525
3755.76 -0.00512
3755.88 -0.00441
3756 -0.00355
3756.12 -0.00318
3756.24 -0.00358
3756.36 -0.00433
3756.48 -0.00474
3756.6 -0.00451
3756.72 -0.00387
3756.84 -0.00327
3756.96 -0.00288
3757.08 -0.00263
3757.2 -0.00242
3757.32 -0.00246
3757.45 -0.00293
3757.57 -0.0036
3757.69 -0.00388
3757.81 -0.0035
3757.93 -0.00286
3758.05 -0.00264
3758.17 -0.00299
3758.29 -0.00342
3758.41 -0.00355
3758.53 -0.00354
3758.65 -0.00369
3758.77 -0.00387
3758.89 -0.00371
3759.01 -0.0032
3759.13 -0.00267
3759.25 -0.00225
3759.37 -0.00172
3759.49 -0.00101
3759.62 -5.16616E-4
3759.74 -6.46144E-4
3759.86 -0.00119
3759.98 -0.00165
3760.1 -0.00195
3760.22 -0.00245
3760.34 -0.00329
3760.46 -0.00412
3760.58 -0.00456
3760.7 -0.00454
3760.82 -0.00411
3760.94 -0.00323
3761.06 -0.00209
3761.18 -0.00131
3761.3 -0.00145
3761.42 -0.00229
3761.54 -0.00314
3761.66 -0.00358
3761.79 -0.00374
3761.91 -0.00373
3762.03 -0.00339
3762.15 -0.00284
3762.27 -0.00271
3762.39 -0.00349
3762.51 -0.00475
3762.63 -0.00549
3762.75 -0.00521
3762.87 -0.0043
3762.99 -0.00342
3763.11 -0.00275
3763.23 -0.00213
3763.35 -0.00168
3763.47 -0.00183
3763.59 -0.00272
3763.71 -0.00381
3763.83 -0.00424
3763.96 -0.00372
3764.08 -0.0028
3764.2 -0.00233
3764.32 -0.00271
3764.44 -0.00356
3764.56 -0.00423
3764.68 -0.00442
3764.8 -0.00436
3764.92 -0.00446
3765.04 -0.00484
3765.16 -0.0052
3765.28 -0.00497
3765.4 -0.00389
3765.52 -0.0024
3765.64 -0.00134
3765.76 -0.00117
3765.88 -0.00157
3766 -0.00188
3766.12 -0.00185
3766.25 -0.00182
3766.37 -0.00207
3766.49 -0.00238
3766.61 -0.0024
3766.73 -0.00213
3766.85 -0.00199
3766.97 -0.00225
3767.09 -0.0027
3767.21 -0.003
3767.33 -0.00308
3767.45 -0.00319
3767.57 -0.00343
3767.69 -0.00359
3767.81 -0.00346
3767.93 -0.00317
3768.05 -0.00302
3768.17 -0.00317
3768.29 -0.00348
3768.42 -0.00369
3768.54 -0.00361
3768.66 -0.00314
3768.78 -0.0024
3768.9 -0.0018
3769.02 -0.00174
3769.14 -0.00214
3769.26 -0.00253
3769.38 -0.0027
3769.5 -0.00289
3769.62 -0.00323
3769.74 -0.00333
3769.86 -0.00281
3769.98 -0.0019
3770.1 -0.00123
3770.22 -0.00108
3770.34 -0.00128
3770.46 -0.00167
3770.59 -0.00224
3770.71 -0.00272
3770.83 -0.00263
3770.95 -0.00211
3771.07 -0.00193
3771.19 -0.00253
3771.31 -0.00333
3771.43 -0.00364
3771.55 -0.00362
3771.67 -0.00387
3771.79 -0.0044
3771.91 -0.00457
3772.03 -0.00423
3772.15 -0.00395
3772.27 -0.00404
3772.39 -0.00411
3772.51 -0.00376
3772.63 -0.00329
3772.76 -0.00324
3772.88 -0.00364
3773 -0.00418
3773.12 -0.00471
3773.24 -0.00511
3773.36 -0.00484
3773.48 -0.00355
3773.6 -0.00187
3773.72 -0.0011
3773.84 -0.0017
3773.96 -0.00277
3774.08 -0.00324
3774.2 -0.00316
3774.32 -0.00336
3774.44 -0.00399
3774.56 -0.00426
3774.68 -0.00356
3774.8 -0.00253
3774.93 -0.00243
3775.05 -0.00355
3775.17 -0.00468
3775.29 -0.00446
3775.41 -0.00291
3775.53 -0.00144
3775.65 -0.00123
3775.77 -0.00205
3775.89 -0.0028
3776.01 -0.00285
3776.13 -0.00246
3776.25 -0.00212
3776.37 -0.00202
3776.49 -0.0021
3776.61 -0.0022
3776.73 -0.00207
3776.85 -0.0015
3776.97 -6.92777E-4
3777.09 -1.13346E-4
3777.22 1.668E-4
3777.34 5.586E-4
3777.46 0.0012
3777.58 0.00147
3777.7 8.15224E-4
3777.82 -4.27388E-4
3777.94 -0.00136
3778.06 -0.00177
3778.18 -0.00228
3778.3 -0.00325
3778.42 -0.00408
3778.54 -0.004
3778.66 -0.00315
3778.78 -0.00228
3778.9 -0.00178
3779.02 -0.00143
3779.14 -9.80243E-4
3779.26 -6.40873E-4
3779.39 -7.71008E-4
3779.51 -0.00143
3779.63 -0.00237
3779.75 -0.00326
3779.87 -0.00364
3779.99 -0.0031
3780.11 -0.00174
3780.23 -4.289E-4
3780.35 -2.56803E-4
3780.47 -0.00149
3780.59 -0.00323
3780.71 -0.00417
3780.83 -0.00377
3780.95 -0.0026
3781.07 -0.00174
3781.19 -0.00186
3781.31 -0.0027
3781.43 -0.00346
3781.56 -0.00353
3781.68 -0.00305
3781.8 -0.00269
3781.92 -0.0029
3782.04 -0.00356
3782.16 -0.00414
3782.28 -0.00431
3782.4 -0.00421
3782.52 -0.00407
3782.64 -0.00387
3782.76 -0.00341
3782.88 -0.00265
3783 -0.00194
3783.12 -0.00171
3783.24 -0.00204
3783.36 -0.00249
3783.48 -0.00254
3783.6 -0.00216
3783.73 -0.00181
3783.85 -0.00188
3783.97 -0.00219
3784.09 -0.00219
3784.21 -0.00172
3784.33 -0.00128
3784.45 -0.00148
3784.57 -0.0024
3784.69 -0.00354
3784.81 -0.00427
3784.93 -0.00426
3785.05 -0.00371
3785.17 -0.00314
3785.29 -0.00308
3785.41 -0.00359
3785.53 -0.00424
3785.65 -0.00453
3785.77 -0.00441
3785.9 -0.00415
3786.02 -0.00389
3786.14 -0.00356
3786.26 -0.00322
3786.38 -0.00318
3786.5 -0.00347
3786.62 -0.00361
3786.74 -0.00315
3786.86 -0.00237
3786.98 -0.00209
3787.1 -0.0027
3787.22 -0.00371
3787.34 -0.00438
3787.46 -0.00449
3787.58 -0.00437
3787.7 -0.00421
3787.82 -0.00384
3787.94 -0.00313
3788.07 -0.00236
3788.19 -0.00202
3788.31 -0.00226
3788.43 -0.00276
3788.55 -0.00309
3788.67 -0.00304
3788.79 -0.00253
3788.91 -0.00166
3789.03 -7.78485E-4
3789.15 -5.29375E-4
3789.27 -0.00132
3789.39 -0.00279
3789.51 -0.00408
3789.63 -0.00464
3789.75 -0.00473
3789.87 -0.00492
3789.99 -0.00531
3790.11 -0.00548
3790.24 -0.00516
3790.36 -0.0045
3790.48 -0.00375
3790.6 -0.00288
3790.72 -0.00179
3790.84 -8.15228E-4
3790.96 -5.41627E-4
3791.08 -0.00123
3791.2 -0.00245
3791.32 -0.00344
3791.44 -0.00382
3791.56 -0.00383
3791.68 -0.00394
3791.8 -0.00436
3791.92 -0.00496
3792.04 -0.00542
3792.16 -0.00546
3792.28 -0.00498
3792.41 -0.00412
3792.53 -0.00332
3792.65 -0.003
3792.77 -0.00324
3792.89 -0.00376
3793.01 -0.00417
3793.13 -0.00433
3793.25 -0.00423
3793.37 -0.00399
3793.49 -0.00384
3793.61 -0.00403
3793.73 -0.0045
3793.85 -0.00483
3793.97 -0.00463
3794.09 -0.00412
3794.21 -0.00386
3794.33 -0.00402
3794.45 -0.00415
3794.57 -0.00382
3794.7 -0.00323
3794.82 -0.0029
3794.94 -0.00301
3795.06 -0.00332
3795.18 -0.00368
3795.3 -0.00418
3795.42 -0.00476
3795.54 -0.00501
3795.66 -0.00464
3795.78 -0.00383
3795.9 -0.00293
3796.02 -0.00207
3796.14 -0.00132
3796.26 -0.00109
3796.38 -0.00187
3796.5 -0.0034
3796.62 -0.00459
3796.74 -0.00452
3796.87 -0.00329
3796.99 -0.00186
3797.11 -9.38859E-4
3797.23 -5.4457E-4
3797.35 -4.25048E-4
3797.47 -5.95603E-4
3797.59 -0.00118
3797.71 -0.00195
3797.83 -0.00242
3797.95 -0.00242
3798.07 -0.00233
3798.19 -0.00265
3798.31 -0.00334
3798.43 -0.00385
3798.55 -0.00378
3798.67 -0.00332
3798.79 -0.00286
3798.91 -0.00252
3799.04 -0.00202
3799.16 -0.0012
3799.28 -3.83198E-4
3799.4 -8.13119E-5
3799.52 -4.95836E-4
3799.64 -0.00141
3799.76 -0.00249
3799.88 -0.00349
3800 -0.00412
3800.12 -0.00403
3800.24 -0.00309
3800.36 -0.00181
3800.48 -0.00106
3800.6 -0.00133
3800.72 -0.0022
3800.84 -0.00279
3800.96 -0.00267
3801.08 -0.00222
3801.21 -0.00207
3801.33 -0.00237
3801.45 -0.00276
3801.57 -0.00289
3801.69 -0.00266
3801.81 -0.00204
3801.93 -0.00108
3802.05 -2.09998E-4
3802.17 -1.38253E-4
3802.29 -0.00108
3802.41 -0.00229
3802.53 -0.00277
3802.65 -0.00236
3802.77 -0.00182
3802.89 -0.00185
3803.01 -0.00241
3803.13 -0.00294
3803.25 -0.00298
3803.38 -0.00237
3803.5 -0.00133
3803.62 -4.7515E-4
3803.74 -5.57452E-4
3803.86 -0.00171
3803.98 -0.00323
3804.1 -0.00423
3804.22 -0.00446
3804.34 -0.00423
3804.46 -0.00375
3804.58 -0.00311
3804.7 -0.00267
3804.82 -0.0029
3804.94 -0.00365
3805.06 -0.00404
3805.18 -0.00339
3805.3 -0.00217
3805.42 -0.00157
3805.54 -0.00234
3805.67 -0.00404
3805.79 -0.00552
3805.91 -0.0059
3806.03 -0.00514
3806.15 -0.0039
3806.27 -0.00295
3806.39 -0.00258
3806.51 -0.0026
3806.63 -0.00271
3806.75 -0.00289
3806.87 -0.00321
3806.99 -0.00346
3807.11 -0.0032
3807.23 -0.00231
3807.35 -0.00127
3807.47 -8.47183E-4
3807.59 -0.00125
3807.71 -0.00183
3807.84 -0.00173
3807.96 -9.21905E-4
3808.08 -3.53154E-4
3808.2 -9.54367E-4
3808.32 -0.00252
3808.44 -0.0039
3808.56 -0.00424
3808.68 -0.00379
3808.8 -0.00333
3808.92 -0.00323
3809.04 -0.0032
3809.16 -0.00308
3809.28 -0.00317
3809.4 -0.00385
3809.52 -0.00494
3809.64 -0.00583
3809.76 -0.00607
3809.88 -0.00568
3810.01 -0.005
3810.13 -0.00424
3810.25 -0.0034
3810.37 -0.00255
3810.49 -0.00209
3810.61 -0.00243
3810.73 -0.00347
3810.85 -0.00452
3810.97 -0.00493
3811.09 -0.00473
3811.21 -0.00448
3811.33 -0.00449
3811.45 -0.00449
3811.57 -0.00411
3811.69 -0.00349
3811.81 -0.00311
3811.93 -0.0032
3812.05 -0.00353
3812.18 -0.00377
3812.3 -0.0038
3812.42 -0.00353
3812.54 -0.00283
3812.66 -0.00183
3812.78 -0.00103
3812.9 -8.10664E-4
3813.02 -8.7177E-4
3813.14 -5.86569E-4
3813.26 4.37573E-5
3813.38 2.22735E-4
3813.5 -6.64406E-4
3813.62 -0.00222
3813.74 -0.00349
3813.86 -0.00399
3813.98 -0.00395
3814.1 -0.00369
3814.22 -0.00319
3814.35 -0.00257
3814.47 -0.00229
3814.59 -0.00265
3814.71 -0.0032
3814.83 -0.00331
3814.95 -0.00305
3815.07 -0.00323
3815.19 -0.00432
3815.31 -0.00573
3815.43 -0.00647
3815.55 -0.00624
3815.67 -0.00554
3815.79 -0.00477
3815.91 -0.0038
3816.03 -0.00249
3816.15 -0.00125
3816.27 -8.24243E-4
3816.39 -0.00139
3816.52 -0.00234
3816.64 -0.00292
3816.76 -0.00293
3816.88 -0.00261
3817 -0.00218
3817.12 -0.0016
3817.24 -9.02086E-4
3817.36 -4.19684E-4
3817.48 -5.27017E-4
3817.6 -0.00132
3817.72 -0.00255
3817.84 -0.00384
3817.96 -0.00478
3818.08 -0.00512
3818.2 -0.0049
3818.32 -0.00444
3818.44 -0.00401
3818.56 -0.0036
3818.69 -0.00315
3818.81 -0.0029
3818.93 -0.00327
3819.05 -0.00419
3819.17 -0.00491
3819.29 -0.00456
3819.41 -0.00302
3819.53 -0.00106
3819.65 2.98779E-4
3819.77 5.60947E-4
3819.89 3.65078E-6
3820.01 -7.51242E-4
3820.13 -0.00124
3820.25 -0.00137
3820.37 -0.00135
3820.49 -0.00142
3820.61 -0.00179
3820.73 -0.00248
3820.85 -0.0033
3820.98 -0.00392
3821.1 -0.00407
3821.22 -0.00377
3821.34 -0.00338
3821.46 -0.00321
3821.58 -0.00328
3821.7 -0.00329
3821.82 -0.00311
3821.94 -0.00305
3822.06 -0.0036
3822.18 -0.00466
3822.3 -0.00537
3822.42 -0.00491
3822.54 -0.00363
3822.66 -0.00283
3822.78 -0.00335
3822.9 -0.00456
3823.02 -0.00513
3823.15 -0.00462
3823.27 -0.00381
3823.39 -0.00357
3823.51 -0.00385
3823.63 -0.00386
3823.75 -0.00313
3823.87 -0.00197
3823.99 -0.00106
3824.11 -7.9428E-4
3824.23 -0.00103
3824.35 -0.00137
3824.47 -0.00162
3824.59 -0.00209
3824.71 -0.00317
3824.83 -0.00469
3824.95 -0.00574
3825.07 -0.00553
3825.19 -0.0042
3825.32 -0.00285
3825.44 -0.00256
3825.56 -0.00338
3825.68 -0.00441
3825.8 -0.00469
3825.92 -0.00412
3826.04 -0.00343
3826.16 -0.00333
3826.28 -0.00369
3826.4 -0.00383
3826.52 -0.00347
3826.64 -0.00301
3826.76 -0.00302
3826.88 -0.0036
3827 -0.00438
3827.12 -0.00487
3827.24 -0.00477
3827.36 -0.00405
3827.49 -0.00315
3827.61 -0.00272
3827.73 -0.00293
3827.85 -0.00322
3827.97 -0.00295
3828.09 -0.00222
3828.21 -0.00161
3828.33 -0.00139
3828.45 -0.00125
3828.57 -9.92373E-4
3828.69 -8.77868E-4
3828.81 -0.00114
3828.93 -0.00159
3829.05 -0.00201
3829.17 -0.00249
3829.29 -0.00319
3829.41 -0.00391
3829.53 -0.00429
3829.66 -0.00433
3829.78 -0.00425
3829.9 -0.00412
3830.02 -0.0038
3830.14 -0.00338
3830.26 -0.00325
3830.38 -0.00351
3830.5 -0.00372
3830.62 -0.00339
3830.74 -0.00253
3830.86 -0.00166
3830.98 -0.00123
3831.1 -0.00121
3831.22 -0.00129
3831.34 -0.00123
3831.46 -0.00104
3831.58 -7.77707E-4
3831.7 -5.17558E-4
3831.82 -5.11847E-4
3831.95 -0.00108
3832.07 -0.00218
3832.19 -0.00313
3832.31 -0.00319
3832.43 -0.00247
3832.55 -0.00191
3832.67 -0.00227
3832.79 -0.00328
3832.91 -0.00413
3833.03 -0.00447
3833.15 -0.00456
3833.27 -0.00464
3833.39 -0.00448
3833.51 -0.00382
3833.63 -0.00285
3833.75 -0.002
3833.87 -0.00152
3833.99 -0.00158
3834.12 -0.00247
3834.24 -0.00418
3834.36 -0.00585
3834.48 -0.00617
3834.6 -0.00473
3834.72 -0.00268
3834.84 -0.00158
3834.96 -0.00179
3835.08 -0.00241
3835.2 -0.00271
3835.32 -0.00294
3835.44 -0.0035
3835.56 -0.00395
3835.68 -0.00352
3835.8 -0.00238
3835.92 -0.00156
3836.04 -0.0017
3836.16 -0.00227
3836.29 -0.00256
3836.41 -0.00265
3836.53 -0.00299
3836.65 -0.00343
3836.77 -0.00333
3836.89 -0.00248
3837.01 -0.0014
3837.13 -6.70802E-4
3837.25 -3.97265E-4
3837.37 -4.11566E-4
3837.49 -5.88819E-4
3837.61 -8.07293E-4
3837.73 -9.07309E-4
3837.85 -8.97404E-4
3837.97 -0.001
3838.09 -0.00141
3838.21 -0.0021
3838.33 -0.00305
3838.46 -0.00418
3838.58 -0.00501
3838.7 -0.00483
3838.82 -0.00344
3838.94 -0.00168
3839.06 -7.22803E-4
3839.18 -9.03755E-4
3839.3 -0.00156
3839.42 -0.00186
3839.54 -0.00156
3839.66 -9.71362E-4
3839.78 -6.18964E-4
3839.9 -0.00101
3840.02 -0.00241
3840.14 -0.00442
3840.26 -0.00593
3840.38 -0.00587
3840.5 -0.00417
3840.63 -0.00205
3840.75 -0.00104
3840.87 -0.00174
3840.99 -0.00342
3841.11 -0.00472
3841.23 -0.0048
3841.35 -0.00388
3841.47 -0.0028
3841.59 -0.00221
3841.71 -0.00212
3841.83 -0.00215
3841.95 -0.0021
3842.07 -0.00207
3842.19 -0.00214
3842.31 -0.00207
3842.43 -0.00164
3842.55 -0.00119
3842.67 -0.00145
3842.8 -0.00259
3842.92 -0.00371
3843.04 -0.00376
3843.16 -0.00272
3843.28 -0.00156
3843.4 -0.00102
3843.52 -9.7616E-4
3843.64 -0.00113
3843.76 -0.0017
3843.88 -0.0029
3844 -0.00421
3844.12 -0.00476
3844.24 -0.0044
3844.36 -0.00387
3844.48 -0.00391
3844.6 -0.00455
3844.72 -0.00527
3844.84 -0.00556
3844.97 -0.00508
3845.09 -0.00386
3845.21 -0.00241
3845.33 -0.00144
3845.45 -0.00117
3845.57 -0.00116
3845.69 -9.92917E-4
3845.81 -8.53393E-4
3845.93 -0.00119
3846.05 -0.00201
3846.17 -0.0029
3846.29 -0.00361
3846.41 -0.0044
3846.53 -0.00551
3846.65 -0.00661
3846.77 -0.00697
3846.89 -0.00612
3847.01 -0.00442
3847.14 -0.00286
3847.26 -0.00239
3847.38 -0.00308
3847.5 -0.00403
3847.62 -0.00426
3847.74 -0.00361
3847.86 -0.00278
3847.98 -0.00238
3848.1 -0.00223
3848.22 -0.00167
3848.34 -6.34965E-4
3848.46 4.69312E-5
3848.58 -5.76384E-4
3848.7 -0.00241
3848.82 -0.00422
3848.94 -0.00479
3849.06 -0.00414
3849.18 -0.00334
3849.3 -0.00314
3849.43 -0.00336
3849.55 -0.00346
3849.67 -0.0034
3849.79 -0.00355
3849.91 -0.00389
3850.03 -0.00399
3850.15 -0.00368
3850.27 -0.00333
3850.39 -0.00331
3850.51 -0.00341
3850.63 -0.00317
3850.75 -0.00262
3850.87 -0.00233
3850.99 -0.00282
3851.11 -0.00404
3851.23 -0.00537
3851.35 -0.0061
3851.47 -0.00589
3851.6 -0.00506
3851.72 -0.00432
3851.84 -0.00426
3851.96 -0.0047
3852.08 -0.00494
3852.2 -0.00445
3852.32 -0.00348
3852.44 -0.0029
3852.56 -0.00348
3852.68 -0.00508
3852.8 -0.0066
3852.92 -0.0068
3853.04 -0.00551
3853.16 -0.00381
3853.28 -0.00295
3853.4 -0.00312
3853.52 -0.00338
3853.64 -0.00297
3853.77 -0.00219
3853.89 -0.00172
3854.01 -0.00163
3854.13 -0.00139
3854.25 -8.33988E-4
3854.37 -4.24899E-4
3854.49 -5.60287E-4
3854.61 -9.6184E-4
3854.73 -0.0011
3854.85 -9.52825E-4
3854.97 -0.00102
3855.09 -0.00162
3855.21 -0.00251
3855.33 -0.00318
3855.45 -0.0033
3855.57 -0.00296
3855.69 -0.00256
3855.81 -0.00252
3855.94 -0.00296
3856.06 -0.00347
3856.18 -0.0036
3856.3 -0.00334
3856.42 -0.0031
3856.54 -0.00308
3856.66 -0.00294
3856.78 -0.00231
3856.9 -0.00141
3857.02 -9.30764E-4
3857.14 -0.00133
3857.26 -0.0023
3857.38 -0.00311
3857.5 -0.0032
3857.62 -0.00257
3857.74 -0.00168
3857.86 -0.00121
3857.98 -0.00153
3858.1 -0.00239
3858.23 -0.00305
3858.35 -0.00296
3858.47 -0.00233
3858.59 -0.00191
3858.71 -0.00226
3858.83 -0.00325
3858.95 -0.00433
3859.07 -0.00498
3859.19 -0.00504
3859.31 -0.00477
3859.43 -0.00458
3859.55 -0.00474
3859.67 -0.00505
3859.79 -0.00505
3859.91 -0.00464
3860.03 -0.00428
3860.15 -0.00441
3860.27 -0.0048
3860.4 -0.00479
3860.52 -0.00423
3860.64 -0.00363
3860.76 -0.00334
3860.88 -0.00311
3861 -0.00261
3861.12 -0.0022
3861.24 -0.00248
3861.36 -0.00344
3861.48 -0.0043
3861.6 -0.00446
3861.72 -0.00396
3861.84 -0.00317
3861.96 -0.00222
3862.08 -0.00132
3862.2 -9.94742E-4
3862.32 -0.00163
3862.44 -0.00279
3862.57 -0.0035
3862.69 -0.00322
3862.81 -0.0024
3862.93 -0.00174
3863.05 -0.00134
3863.17 -7.98997E-4
3863.29 -2.68146E-5
3863.41 3.24566E-4
3863.53 -3.97786E-4
3863.65 -0.00191
3863.77 -0.00318
3863.89 -0.0036
3864.01 -0.00365
3864.13 -0.00418
3864.25 -0.00515
3864.37 -0.00572
3864.49 -0.00533
3864.61 -0.00444
3864.74 -0.00381
3864.86 -0.00361
3864.98 -0.00349
3865.1 -0.00325
3865.22 -0.00297
3865.34 -0.0027
3865.46 -0.00244
3865.58 -0.00239
3865.7 -0.00279
3865.82 -0.0034
3865.94 -0.00354
3866.06 -0.00283
3866.18 -0.00173
3866.3 -0.0011
3866.42 -0.00137
3866.54 -0.00236
3866.66 -0.0036
3866.78 -0.0047
3866.91 -0.00535
3867.03 -0.00541
3867.15 -0.00502
3867.27 -0.00459
3867.39 -0.00451
3867.51 -0.00483
3867.63 -0.00513
3867.75 -0.00487
3867.87 -0.00385
3867.99 -0.00261
3868.11 -0.00191
3868.23 -0.00197
3868.35 -0.00226
3868.47 -0.0022
3868.59 -0.00188
3868.71 -0.00188
3868.83 -0.00241
3868.95 -0.00307
3869.08 -0.00335
3869.2 -0.00309
3869.32 -0.00249
3869.44 -0.00179
3869.56 -0.00119
3869.68 -0.001
3869.8 -0.00151
3869.92 -0.00259
3870.04 -0.00352
3870.16 -0.0035
3870.28 -0.00252
3870.4 -0.00157
3870.52 -0.00174
3870.64 -0.00313
3870.76 -0.00459
3870.88 -0.00498
3871 -0.00425
3871.12 -0.00315
3871.25 -0.00222
3871.37 -0.0015
3871.49 -0.00112
3871.61 -0.00145
3871.73 -0.00249
3871.85 -0.00345
3871.97 -0.0035
3872.09 -0.00267
3872.21 -0.00173
3872.33 -0.00128
3872.45 -0.00131
3872.57 -0.00166
3872.69 -0.00236
3872.81 -0.00337
3872.93 -0.00436
3873.05 -0.00497
3873.17 -0.0052
3873.29 -0.00532
3873.42 -0.00533
3873.54 -0.00492
3873.66 -0.0039
3873.78 -0.00257
3873.9 -0.00155
3874.02 -0.00123
3874.14 -0.00149
3874.26 -0.00185
3874.38 -0.00197
3874.5 -0.00196
3874.62 -0.00225
3874.74 -0.00302
3874.86 -0.00393
3874.98 -0.00433
3875.1 -0.00393
3875.22 -0.0031
3875.34 -0.00258
3875.46 -0.00271
3875.58 -0.00318
3875.71 -0.00342
3875.83 -0.00333
3875.95 -0.00336
3876.07 -0.0039
3876.19 -0.00479
3876.31 -0.00538
3876.43 -0.00538
3876.55 -0.00517
3876.67 -0.00534
3876.79 -0.00604
3876.91 -0.00683
3877.03 -0.00717
3877.15 -0.00688
3877.27 -0.00614
3877.39 -0.0052
3877.51 -0.00427
3877.63 -0.00352
3877.75 -0.00306
3877.88 -0.00307
3878 -0.00362
3878.12 -0.00458
3878.24 -0.00545
3878.36 -0.00561
3878.48 -0.00487
3878.6 -0.00374
3878.72 -0.00315
3878.84 -0.00356
3878.96 -0.00452
3879.08 -0.00501
3879.2 -0.0045
3879.32 -0.00345
3879.44 -0.00281
3879.56 -0.00288
3879.68 -0.00297
3879.8 -0.00242
3879.92 -0.00157
3880.05 -0.00131
3880.17 -0.00182
3880.29 -0.00224
3880.41 -0.00192
3880.53 -0.00144
3880.65 -0.00179
3880.77 -0.00295
3880.89 -0.00381
3881.01 -0.00358
3881.13 -0.00271
3881.25 -0.00204
3881.37 -0.00181
3881.49 -0.00177
3881.61 -0.00199
3881.73 -0.00278
3881.85 -0.00396
3881.97 -0.00471
3882.09 -0.00457
3882.22 -0.00409
3882.34 -0.00415
3882.46 -0.00487
3882.58 -0.00547
3882.7 -0.00518
3882.82 -0.00417
3882.94 -0.00343
3883.06 -0.00375
3883.18 -0.00486
3883.3 -0.00577
3883.42 -0.00569
3883.54 -0.00479
3883.66 -0.00387
3883.78 -0.00356
3883.9 -0.00393
3884.02 -0.0047
3884.14 -0.00549
3884.26 -0.00591
3884.39 -0.00573
3884.51 -0.00521
3884.63 -0.00499
3884.75 -0.00529
3884.87 -0.00564
3884.99 -0.00546
3885.11 -0.00495
3885.23 -0.00486
3885.35 -0.00544
3885.47 -0.00612
3885.59 -0.00621
3885.71 -0.00581
3885.83 -0.00554
3885.95 -0.00556
3886.07 -0.00545
3886.19 -0.00485
3886.31 -0.00397
3886.43 -0.00339
3886.55 -0.00329
3886.68 -0.00333
3886.8 -0.00304
3886.92 -0.00238
3887.04 -0.00192
3887.16 -0.00232
3887.28 -0.00371
3887.4 -0.00538
3887.52 -0.00636
3887.64 -0.00633
3887.76 -0.00581
3887.88 -0.00556
3888 -0.00573
3888.12 -0.00588
3888.24 -0.00557
3888.36 -0.00492
3888.48 -0.00447
3888.6 -0.00454
3888.72 -0.00481
3888.85 -0.00452
3888.97 -0.00328
3889.09 -0.00177
3889.21 -0.00125
3889.33 -0.0022
3889.45 -0.00364
3889.57 -0.00405
3889.69 -0.00318
3889.81 -0.00217
3889.93 -0.00191
3890.05 -0.00195
3890.17 -0.00141
3890.29 -5.01044E-4
3890.41 -3.58969E-4
3890.53 -0.0014
3890.65 -0.00263
3890.77 -0.00288
3890.89 -0.00215
3891.02 -0.00147
3891.14 -0.00165
3891.26 -0.00248
3891.38 -0.00317
3891.5 -0.00302
3891.62 -0.00198
3891.74 -7.49748E-4
3891.86 -1.72284E-4
3891.98 -4.37107E-4
3892.1 -8.50137E-4
3892.22 -7.07783E-4
3892.34 -1.89733E-4
3892.46 -4.08404E-5
3892.58 -5.3646E-4
3892.7 -0.0012
3892.82 -0.00154
3892.94 -0.00164
3893.06 -0.00179
3893.19 -0.00206
3893.31 -0.00237
3893.43 -0.00281
3893.55 -0.00349
3893.67 -0.00436
3893.79 -0.00526
3893.91 -0.00605
3894.03 -0.00641
3894.15 -0.00589
3894.27 -0.00438
3894.39 -0.00259
3894.51 -0.00141
3894.63 -8.91902E-4
3894.75 -3.64754E-4
3894.87 4.58028E-4
3894.99 9.05611E-4
3895.11 2.39905E-4
3895.23 -0.00127
3895.36 -0.00257
3895.48 -0.00297
3895.6 -0.00272
3895.72 -0.00246
3895.84 -0.00252
3895.96 -0.00282
3896.08 -0.00318
3896.2 -0.00363
3896.32 -0.00423
3896.44 -0.00478
3896.56 -0.00479
3896.68 -0.00385
3896.8 -0.00238
3896.92 -0.00155
3897.04 -0.00232
3897.16 -0.00438
3897.28 -0.00624
3897.4 -0.00654
3897.53 -0.0053
3897.65 -0.00369
3897.77 -0.00277
3897.89 -0.0026
3898.01 -0.00255
3898.13 -0.00208
3898.25 -0.00108
3898.37 1.17447E-4
3898.49 9.31397E-4
3898.61 7.99693E-4
3898.73 -3.54581E-4
3898.85 -0.00184
3898.97 -0.00275
3899.09 -0.00292
3899.21 -0.00314
3899.33 -0.00412
3899.45 -0.00545
3899.57 -0.00593
3899.7 -0.00508
3899.82 -0.00381
3899.94 -0.00338
3900.06 -0.00404
3900.18 -0.00488
3900.3 -0.00497
3900.42 -0.0043
3900.54 -0.0034
3900.66 -0.00266
3900.78 -0.00214
3900.9 -0.00187
3901.02 -0.00196
3901.14 -0.00226
3901.26 -0.00234
3901.38 -0.00188
3901.5 -0.00114
3901.62 -8.63612E-4
3901.74 -0.00145
3901.86 -0.00247
3901.99 -0.00295
3902.11 -0.00241
3902.23 -0.00137
3902.35 -8.50175E-4
3902.47 -0.00117
3902.59 -0.00162
3902.71 -0.00133
3902.83 -3.97999E-4
3902.95 7.0069E-5
3903.07 -8.41953E-4
3903.19 -0.0027
3903.31 -0.00401
3903.43 -0.00371
3903.55 -0.00232
3903.67 -0.00141
3903.79 -0.00186
3903.91 -0.00306
3904.03 -0.00377
3904.16 -0.00357
3904.28 -0.00311
3904.4 -0.00302
3904.52 -0.00328
3904.64 -0.00361
3904.76 -0.00407
3904.88 -0.00479
3905 -0.00542
3905.12 -0.00542
3905.24 -0.0048
3905.36 -0.00425
3905.48 -0.00426
3905.6 -0.00446
3905.72 -0.00415
3905.84 -0.00323
3905.96 -0.00235
3906.08 -0.00214
3906.2 -0.00253
3906.33 -0.00294
3906.45 -0.00294
3906.57 -0.00264
3906.69 -0.00236
3906.81 -0.00231
3906.93 -0.00257
3907.05 -0.00316
3907.17 -0.00405
3907.29 -0.00493
3907.41 -0.00539
3907.53 -0.00524
3907.65 -0.00471
3907.77 -0.00421
3907.89 -0.00408
3908.01 -0.00449
3908.13 -0.00535
3908.25 -0.00611
3908.37 -0.00607
3908.5 -0.00511
3908.62 -0.00396
3908.74 -0.00334
3908.86 -0.00313
3908.98 -0.0027
3909.1 -0.00208
3909.22 -0.00205
3909.34 -0.00305
3909.46 -0.00441
3909.58 -0.00523
3909.7 -0.00546
3909.82 -0.00575
3909.94 -0.00633
3910.06 -0.00663
3910.18 -0.00603
3910.3 -0.00453
3910.42 -0.00275
3910.54 -0.0014
3910.67 -9.92857E-4
3910.79 -0.0016
3910.91 -0.00278
3911.03 -0.00381
3911.15 -0.00422
3911.27 -0.00416
3911.39 -0.00417
3911.51 -0.00455
3911.63 -0.00506
3911.75 -0.00515
3911.87 -0.00456
3911.99 -0.0037
3912.11 -0.0033
3912.23 -0.00366
3912.35 -0.00434
3912.47 -0.00468
3912.59 -0.00453
3912.71 -0.0042
3912.84 -0.0038
3912.96 -0.00316
3913.08 -0.00234
3913.2 -0.00188
3913.32 -0.002
3913.44 -0.00214
3913.56 -0.00155
3913.68 -4.67192E-4
3913.8 1.19485E-4
3913.92 -3.39612E-4
3914.04 -0.00133
3914.16 -0.00213
3914.28 -0.0026
3914.4 -0.00291
3914.52 -0.0027
3914.64 -0.00153
3914.76 1.17145E-4
3914.88 9.39324E-4
3915 3.98014E-4
3915.13 -5.1963E-4
3915.25 -5.91423E-4
3915.37 -5.09135E-5
3915.49 -2.49807E-4
3915.61 -0.00174
3915.73 -0.00354
3915.85 -0.00453
3915.97 -0.00477
3916.09 -0.00493
3916.21 -0.00506
3916.33 -0.00473
3916.45 -0.00424
3916.57 -0.00438
3916.69 -0.00508
3916.81 -0.00513
3916.93 -0.00381
3917.05 -0.00216
3917.17 -0.00171
3917.3 -0.00253
3917.42 -0.00332
3917.54 -0.00328
3917.66 -0.00305
3917.78 -0.00357
3917.9 -0.00473
3918.02 -0.00561
3918.14 -0.00555
3918.26 -0.00457
3918.38 -0.00312
3918.5 -0.00192
3918.62 -0.0018
3918.74 -0.00311
3918.86 -0.00511
3918.98 -0.00647
3919.1 -0.0064
3919.22 -0.00527
3919.34 -0.00404
3919.47 -0.0034
3919.59 -0.00341
3919.71 -0.00374
3919.83 -0.00396
3919.95 -0.00387
3920.07 -0.00368
3920.19 -0.0039
3920.31 -0.00475
3920.43 -0.00588
3920.55 -0.00669
3920.67 -0.007
3920.79 -0.0071
3920.91 -0.00726
3921.03 -0.0075
3921.15 -0.00776
3921.27 -0.00812
3921.39 -0.0085
3921.51 -0.00848
3921.64 -0.00768
3921.76 -0.00634
3921.88 -0.00521
3922 -0.00471
3922.12 -0.00451
3922.24 -0.00424
3922.36 -0.00409
3922.48 -0.00455
3922.6 -0.00544
3922.72 -0.00586
3922.84 -0.00524
3922.96 -0.00414
3923.08 -0.00368
3923.2 -0.00428
3923.32 -0.00541
3923.44 -0.00628
3923.56 -0.0065
3923.68 -0.00592
3923.81 -0.00452
3923.93 -0.00268
3924.05 -0.0013
3924.17 -9.69704E-4
3924.29 -0.00125
3924.41 -0.00116
3924.53 -5.01752E-4
3924.65 -1.4044E-4
3924.77 -7.97529E-4
3924.89 -0.002
3925.01 -0.00266
3925.13 -0.00246
3925.25 -0.00211
3925.37 -0.0023
3925.49 -0.00287
3925.61 -0.00326
3925.73 -0.00329
3925.85 -0.00324
3925.98 -0.00328
3926.1 -0.00323
3926.22 -0.0029
3926.34 -0.00234
3926.46 -0.00183
3926.58 -0.00166
3926.7 -0.00201
3926.82 -0.00279
3926.94 -0.00363
3927.06 -0.00415
3927.18 -0.00434
3927.3 -0.00454
3927.42 -0.00495
3927.54 -0.00539
3927.66 -0.0055
3927.78 -0.00525
3927.9 -0.00501
3928.02 -0.00511
3928.15 -0.00536
3928.27 -0.00526
3928.39 -0.00454
3928.51 -0.00365
3928.63 -0.00335
3928.75 -0.00389
3928.87 -0.00464
3928.99 -0.00467
3929.11 -0.00372
3929.23 -0.00248
3929.35 -0.00196
3929.47 -0.00265
3929.59 -0.00417
3929.71 -0.00572
3929.83 -0.00663
3929.95 -0.0067
3930.07 -0.00616
3930.19 -0.0053
3930.31 -0.00438
3930.44 -0.0036
3930.56 -0.00305
3930.68 -0.00263
3930.8 -0.00209
3930.92 -0.00139
3931.04 -9.69466E-4
3931.16 -0.00141
3931.28 -0.00273
3931.4 -0.00428
3931.52 -0.00528
3931.64 -0.00536
3931.76 -0.00454
3931.88 -0.00311
3932 -0.00176
3932.12 -0.00138
3932.24 -0.00237
3932.36 -0.00405
3932.48 -0.00524
3932.61 -0.00548
3932.73 -0.00532
3932.85 -0.00553
3932.97 -0.00624
3933.09 -0.00697
3933.21 -0.00722
3933.33 -0.00675
3933.45 -0.00577
3933.57 -0.00484
3933.69 -0.00449
3933.81 -0.00459
3933.93 -0.00439
3934.05 -0.00342
3934.17 -0.00214
3934.29 -0.00143
3934.41 -0.00154
3934.53 -0.00198
3934.65 -0.00231
3934.78 -0.00257
3934.9 -0.00276
3935.02 -0.00249
3935.14 -0.00158
3935.26 -5.77681E-4
3935.38 -2.50958E-4
3935.5 -5.70405E-4
3935.62 -7.64802E-4
3935.74 -3.77234E-4
3935.86 1.12705E-4
3935.98 -1.17559E-4
3936.1 -0.00132
3936.22 -0.00302
3936.34 -0.00446
3936.46 -0.00496
3936.58 -0.00422
3936.7 -0.00254
3936.82 -8.41506E-4
3936.95 9.88543E-5
3937.07 3.31178E-4
3937.19 4.40065E-4
3937.31 5.2157E-4
3937.43 -8.84011E-5
3937.55 -0.00183
3937.67 -0.00401
3937.79 -0.00526
3937.91 -0.00493
3938.03 -0.0037
3938.15 -0.00278
3938.27 -0.0027
3938.39 -0.00301
3938.51 -0.00301
3938.63 -0.00256
3938.75 -0.00221
3938.87 -0.00247
3938.99 -0.00325
3939.12 -0.00414
3939.24 -0.00489
3939.36 -0.0056
3939.48 -0.00626
3939.6 -0.00659
3939.72 -0.00646
3939.84 -0.00625
3939.96 -0.00626
3940.08 -0.00612
3940.2 -0.00526
3940.32 -0.00387
3940.44 -0.00301
3940.56 -0.00332
3940.68 -0.00417
3940.8 -0.00445
3940.92 -0.00388
3941.04 -0.00315
3941.16 -0.00289
3941.29 -0.00281
3941.41 -0.00222
3941.53 -0.00107
3941.65 -1.54909E-4
3941.77 -2.81457E-4
3941.89 -0.00131
3942.01 -0.00227
3942.13 -0.00242
3942.25 -0.00197
3942.37 -0.0016
3942.49 -0.00152
3942.61 -0.00137
3942.73 -0.00101
3942.85 -9.37819E-4
3942.97 -0.00147
3943.09 -0.00222
3943.21 -0.00261
3943.33 -0.00275
3943.46 -0.00308
3943.58 -0.0034
3943.7 -0.00303
3943.82 -0.00199
3943.94 -0.00138
3944.06 -0.0021
3944.18 -0.0036
3944.3 -0.00455
3944.42 -0.00432
3944.54 -0.00351
3944.66 -0.0028
3944.78 -0.00226
3944.9 -0.00167
3945.02 -0.00122
3945.14 -0.00138
3945.26 -0.00217
3945.38 -0.00291
3945.5 -0.00297
3945.62 -0.00249
3945.75 -0.00214
3945.87 -0.00237
3945.99 -0.00283
3946.11 -0.00299
3946.23 -0.00284
3946.35 -0.00294
3946.47 -0.00347
3946.59 -0.00381
3946.71 -0.0032
3946.83 -0.00176
3946.95 -4.18387E-4
3947.07 6.58967E-5
3947.19 -1.4824E-4
3947.31 -4.5741E-4
3947.43 -7.33744E-4
3947.55 -0.00146
3947.67 -0.00291
3947.79 -0.00448
3947.92 -0.00507
3948.04 -0.00431
3948.16 -0.00315
3948.28 -0.00296
3948.4 -0.00395
3948.52 -0.00492
3948.64 -0.00471
3948.76 -0.00358
3948.88 -0.0027
3949 -0.00254
3949.12 -0.00246
3949.24 -0.00189
3949.36 -0.00135
3949.48 -0.00164
3949.6 -0.00265
3949.72 -0.00352
3949.84 -0.00387
3949.96 -0.00415
3950.09 -0.00467
3950.21 -0.00491
3950.33 -0.00416
3950.45 -0.00269
3950.57 -0.00157
3950.69 -0.00162
3950.81 -0.00263
3950.93 -0.00382
3951.05 -0.00461
3951.17 -0.0048
3951.29 -0.00443
3951.41 -0.00369
3951.53 -0.00299
3951.65 -0.00282
3951.77 -0.00328
3951.89 -0.00384
3952.01 -0.00361
3952.13 -0.00213
3952.26 2.36928E-6
3952.38 0.00148
3952.5 0.00129
3952.62 -3.29357E-4
3952.74 -0.00211
3952.86 -0.00296
3952.98 -0.00291
3953.1 -0.0028
3953.22 -0.00314
3953.34 -0.00369
3953.46 -0.00401
3953.58 -0.00416
3953.7 -0.00438
3953.82 -0.00451
3953.94 -0.00404
3954.06 -0.00292
3954.18 -0.00184
3954.3 -0.00151
3954.43 -0.00206
3954.55 -0.00315
3954.67 -0.00444
3954.79 -0.00565
3954.91 -0.00633
3955.03 -0.0061
3955.15 -0.00514
3955.27 -0.00422
3955.39 -0.00407
3955.51 -0.00473
3955.63 -0.00553
3955.75 -0.00576
3955.87 -0.00526
3955.99 -0.00457
3956.11 -0.00439
3956.23 -0.00496
3956.35 -0.0057
3956.47 -0.00587
3956.59 -0.00538
3956.72 -0.00497
3956.84 -0.0054
3956.96 -0.00669
3957.08 -0.00803
3957.2 -0.00854
3957.32 -0.00785
3957.44 -0.00634
3957.56 -0.00493
3957.68 -0.00447
3957.8 -0.00516
3957.92 -0.00619
3958.04 -0.00633
3958.16 -0.00507
3958.28 -0.00317
3958.4 -0.00187
3958.52 -0.00173
3958.64 -0.00227
3958.76 -0.00282
3958.89 -0.00339
3959.01 -0.00434
3959.13 -0.00538
3959.25 -0.00553
3959.37 -0.00421
3959.49 -0.00212
3959.61 -6.42657E-4
3959.73 -4.37286E-4
3959.85 -9.09254E-4
3959.97 -0.00106
3960.09 -5.92273E-4
3960.21 -1.38771E-4
3960.33 -5.69578E-4
3960.45 -0.00219
3960.57 -0.00443
3960.69 -0.00619
3960.81 -0.00674
3960.93 -0.00626
3961.06 -0.00556
3961.18 -0.00512
3961.3 -0.00472
3961.42 -0.00416
3961.54 -0.00376
3961.66 -0.00393
3961.78 -0.0045
3961.9 -0.00491
3962.02 -0.0051
3962.14 -0.00549
3962.26 -0.00621
3962.38 -0.00672
3962.5 -0.00653
3962.62 -0.00584
3962.74 -0.00518
3962.86 -0.00484
3962.98 -0.00476
3963.1 -0.00496
3963.23 -0.00548
3963.35 -0.00596
3963.47 -0.00569
3963.59 -0.00442
3963.71 -0.0028
3963.83 -0.00194
3963.95 -0.00232
3964.07 -0.00331
3964.19 -0.00389
3964.31 -0.0039
3964.43 -0.00421
3964.55 -0.00549
3964.67 -0.00708
3964.79 -0.00763
3964.91 -0.00669
3965.03 -0.00528
3965.15 -0.00459
3965.27 -0.00465
3965.4 -0.00466
3965.52 -0.00413
3965.64 -0.00317
3965.76 -0.00203
3965.88 -0.00102
3966 -8.06775E-4
3966.12 -0.00201
3966.24 -0.00418
3966.36 -0.00589
3966.48 -0.00615
3966.6 -0.00539
3966.72 -0.00476
3966.84 -0.0047
3966.96 -0.00474
3967.08 -0.00425
3967.2 -0.0031
3967.32 -0.00162
3967.44 -3.76947E-4
3967.57 -5.804E-6
3967.69 -7.13419E-4
3967.81 -0.00202
3967.93 -0.00326
3968.05 -0.0042
3968.17 -0.00495
3968.29 -0.00523
3968.41 -0.00445
3968.53 -0.00273
3968.65 -0.00132
3968.77 -0.00142
3968.89 -0.00279
3969.01 -0.00397
3969.13 -0.00396
3969.25 -0.0031
3969.37 -0.00238
3969.49 -0.00214
3969.61 -0.00208
3969.74 -0.0021
3969.86 -0.00263
3969.98 -0.00385
3970.1 -0.00503
3970.22 -0.00533
3970.34 -0.00486
3970.46 -0.00467
3970.58 -0.00545
3970.7 -0.00671
3970.82 -0.00745
3970.94 -0.00721
3971.06 -0.0063
3971.18 -0.00521
3971.3 -0.00428
3971.42 -0.00385
3971.54 -0.00409
3971.66 -0.00464
3971.78 -0.00481
3971.91 -0.00442
3972.03 -0.00414
3972.15 -0.00479
3972.27 -0.00622
3972.39 -0.00737
3972.51 -0.00731
3972.63 -0.00609
3972.75 -0.00456
3972.87 -0.00355
3972.99 -0.00323
3973.11 -0.00326
3973.23 -0.0033
3973.35 -0.00326
3973.47 -0.00321
3973.59 -0.0032
3973.71 -0.00329
3973.83 -0.00357
3973.95 -0.00392
3974.07 -0.00388
3974.2 -0.00323
3974.32 -0.00252
3974.44 -0.00281
3974.56 -0.0044
3974.68 -0.00612
3974.8 -0.00636
3974.92 -0.00473
3975.04 -0.00245
3975.16 -0.00105
3975.28 -0.00103
3975.4 -0.0019
3975.52 -0.00301
3975.64 -0.00403
3975.76 -0.00467
3975.88 -0.00453
3976 -0.0035
3976.12 -0.00224
3976.24 -0.00178
3976.37 -0.00246
3976.49 -0.00352
3976.61 -0.00386
3976.73 -0.00337
3976.85 -0.00289
3976.97 -0.00297
3977.09 -0.00306
3977.21 -0.00239
3977.33 -0.00125
3977.45 -9.49144E-4
3977.57 -0.00222
3977.69 -0.00428
3977.81 -0.00561
3977.93 -0.00547
3978.05 -0.00427
3978.17 -0.00292
3978.29 -0.00202
3978.41 -0.00173
3978.54 -0.00193
3978.66 -0.00229
3978.78 -0.00251
3978.9 -0.0025
3979.02 -0.00234
3979.14 -0.00208
3979.26 -0.00178
3979.38 -0.0015
3979.5 -0.00135
3979.62 -0.00135
3979.74 -0.00152
3979.86 -0.00193
3979.98 -0.00246
3980.1 -0.00267
3980.22 -0.00219
3980.34 -0.00146
3980.46 -0.00142
3980.58 -0.00236
3980.71 -0.00345
3980.83 -0.00374
3980.95 -0.00331
3981.07 -0.0031
3981.19 -0.00354
3981.31 -0.00414
3981.43 -0.00436
3981.55 -0.00421
3981.67 -0.00391
3981.79 -0.00335
3981.91 -0.0024
3982.03 -0.00146
3982.15 -0.0011
3982.27 -0.00139
3982.39 -0.00198
3982.51 -0.00282
3982.63 -0.00414
3982.75 -0.00571
3982.88 -0.00657
3983 -0.00604
3983.12 -0.00453
3983.24 -0.00314
3983.36 -0.00246
3983.48 -0.00218
3983.6 -0.00181
3983.72 -0.00151
3983.84 -0.00176
3983.96 -0.00267
3984.08 -0.00365
3984.2 -0.00401
3984.32 -0.0037
3984.44 -0.00336
3984.56 -0.00362
3984.68 -0.00452
3984.8 -0.00562
3984.92 -0.00652
3985.04 -0.00714
3985.17 -0.00742
3985.29 -0.00716
3985.41 -0.00629
3985.53 -0.00515
3985.65 -0.00422
3985.77 -0.00377
3985.89 -0.0037
3986.01 -0.00373
3986.13 -0.00363
3986.25 -0.00339
3986.37 -0.00325
3986.49 -0.00343
3986.61 -0.00377
3986.73 -0.00377
3986.85 -0.00332
3986.97 -0.00301
3987.09 -0.00342
3987.21 -0.00425
3987.34 -0.0047
3987.46 -0.00464
3987.58 -0.00483
3987.7 -0.00562
3987.82 -0.00626
3987.94 -0.00579
3988.06 -0.00444
3988.18 -0.00335
3988.3 -0.0032
3988.42 -0.00358
3988.54 -0.00382
3988.66 -0.00375
3988.78 -0.00355
3988.9 -0.00318
3989.02 -0.00261
3989.14 -0.0022
3989.26 -0.00244
3989.38 -0.00315
3989.51 -0.00339
3989.63 -0.00244
3989.75 -7.45989E-4
3989.87 3.38987E-4
3989.99 -4.97848E-5
3990.11 -0.00128
3990.23 -0.00193
3990.35 -0.00154
3990.47 -0.00115
3990.59 -0.00206
3990.71 -0.00405
3990.83 -0.0056
3990.95 -0.00565
3991.07 -0.00492
3991.19 -0.00501
3991.31 -0.00643
3991.43 -0.008
3991.55 -0.00814
3991.68 -0.0066
3991.8 -0.00471
3991.92 -0.00397
3992.04 -0.00455
3992.16 -0.00518
3992.28 -0.00445
3992.4 -0.00227
3992.52 5.32754E-5
3992.64 0.00103
3992.76 3.05209E-4
3992.88 -0.00116
3993 -0.00205
3993.12 -0.00189
3993.24 -0.0012
3993.36 -7.65234E-4
3993.48 -7.02616E-4
3993.6 -5.94318E-4
3993.72 -3.7349E-4
3993.85 -6.96737E-4
3993.97 -0.0021
3994.09 -0.00399
3994.21 -0.00508
3994.33 -0.0048
3994.45 -0.00405
3994.57 -0.004
3994.69 -0.00481
3994.81 -0.00561
3994.93 -0.00583
3995.05 -0.00568
3995.17 -0.00558
3995.29 -0.00541
3995.41 -0.00479
3995.53 -0.00381
3995.65 -0.0031
3995.77 -0.00306
3995.89 -0.00324
3996.02 -0.00276
3996.14 -0.00146
3996.26 -2.94697E-4
3996.38 -4.37949E-4
3996.5 -0.00199
3996.62 -0.00377
3996.74 -0.00457
3996.86 -0.00439
3996.98 -0.00417
3997.1 -0.00451
3997.22 -0.00504
3997.34 -0.00522
3997.46 -0.00505
3997.58 -0.00485
3997.7 -0.00461
3997.82 -0.00405
3997.94 -0.00315
3998.06 -0.00221
3998.19 -0.00156
3998.31 -0.0013
3998.43 -0.00157
3998.55 -0.00237
3998.67 -0.00328
3998.79 -0.00347
3998.91 -0.0026
3999.03 -0.0015
3999.15 -0.00154
3999.27 -0.00325
3999.39 -0.00571
3999.51 -0.00724
3999.63 -0.00687
3999.75 -0.00506
3999.87 -0.00325
3999.99 -0.00268
4000.11 -0.00356
