# {"full": "CO over CO2", "name": "CO over CO2", "ratio": "1", "url": "https://icedb.strw.leidenuniv.nl/data/59", "author": "Fraser"}
399.867 -0.00742
399.987 -0.00826
400.108 -0.01294
400.228 -0.01869
400.349 -0.02262
400.469 -0.02296
400.59 -0.01995
400.711 -0.01542
400.831 -0.01155
400.952 -0.00979
401.072 -0.01038
401.193 -0.01237
401.313 -0.01428
401.434 -0.01523
401.554 -0.01585
401.675 -0.01756
401.796 -0.02094
401.916 -0.02496
402.037 -0.02792
402.157 -0.02875
402.278 -0.02749
402.398 -0.025
402.519 -0.02232
402.639 -0.02016
402.76 -0.01849
402.88 -0.01685
403.001 -0.01521
403.122 -0.01464
403.242 -0.01651
403.363 -0.02064
403.483 -0.02431
403.604 -0.02391
403.724 -0.01844
403.845 -0.01141
403.965 -0.00838
404.086 -0.01192
404.207 -0.01909
404.327 -0.02424
404.448 -0.02461
404.568 -0.02261
404.689 -0.02235
404.809 -0.02465
404.93 -0.02628
405.05 -0.02424
405.171 -0.01953
405.292 -0.01648
405.412 -0.01801
405.533 -0.02261
405.653 -0.02615
405.774 -0.026
405.894 -0.02306
406.015 -0.02017
406.135 -0.01901
406.256 -0.0189
406.376 -0.0183
406.497 -0.0169
406.618 -0.01621
406.738 -0.01783
406.859 -0.02082
406.979 -0.02146
407.1 -0.0171
407.22 -0.01017
407.341 -0.00692
407.461 -0.01137
407.582 -0.02093
407.703 -0.02926
407.823 -0.03262
407.944 -0.0317
408.064 -0.02856
408.185 -0.02414
408.305 -0.01899
408.426 -0.01437
408.546 -0.01134
408.667 -0.00983
408.787 -0.00951
408.908 -0.01058
409.029 -0.01272
409.149 -0.01434
409.27 -0.01412
409.39 -0.01324
409.511 -0.01443
409.631 -0.01872
409.752 -0.02393
409.872 -0.02674
409.993 -0.0259
410.114 -0.02301
410.234 -0.02073
410.355 -0.02041
410.475 -0.021
410.596 -0.02008
410.716 -0.017
410.837 -0.01463
410.957 -0.01671
411.078 -0.02323
411.198 -0.02961
411.319 -0.03124
411.44 -0.02789
411.56 -0.02266
411.681 -0.01776
411.801 -0.01328
411.922 -0.00945
412.042 -0.00782
412.163 -0.00934
412.283 -0.01249
412.404 -0.01429
412.525 -0.01333
412.645 -0.0109
412.766 -0.00927
412.886 -0.00931
413.007 -0.01025
413.127 -0.01129
413.248 -0.01285
413.368 -0.01537
413.489 -0.01744
413.609 -0.01624
413.73 -0.01125
413.851 -0.00648
413.971 -0.00717
414.092 -0.014
414.212 -0.02171
414.333 -0.02455
414.453 -0.02262
414.574 -0.02037
414.694 -0.02015
414.815 -0.01986
414.936 -0.01702
415.056 -0.01286
415.177 -0.0109
415.297 -0.01249
415.418 -0.01546
415.538 -0.01707
415.659 -0.01671
415.779 -0.01526
415.9 -0.01365
416.021 -0.0128
416.141 -0.01357
416.262 -0.01567
416.382 -0.01711
416.503 -0.01584
416.623 -0.01243
416.744 -0.00974
416.864 -0.00977
416.985 -0.01173
417.105 -0.01371
417.226 -0.01515
417.347 -0.01673
417.467 -0.01808
417.588 -0.01732
417.708 -0.01342
417.829 -0.00795
417.949 -0.00364
418.07 -0.00187
418.19 -0.00239
418.311 -0.00505
418.432 -0.00981
418.552 -0.01501
418.673 -0.01739
418.793 -0.0154
418.914 -0.01151
419.034 -0.00991
419.155 -0.01183
419.275 -0.01478
419.396 -0.01586
419.516 -0.01465
419.637 -0.01239
419.758 -0.01008
419.878 -0.00841
419.999 -0.00819
420.119 -0.00943
420.24 -0.01072
420.36 -0.01096
420.481 -0.01063
420.601 -0.01008
420.722 -0.00726
420.843 4.78476E-5
420.963 0.00914
421.084 0.01207
421.204 0.0033
421.325 -0.01352
421.445 -0.02853
421.566 -0.03463
421.686 -0.03254
421.807 -0.02783
421.927 -0.02476
422.048 -0.02361
422.169 -0.02253
422.289 -0.0204
422.41 -0.01783
422.53 -0.01606
422.651 -0.01519
422.771 -0.0139
422.892 -0.01137
423.012 -0.00897
423.133 -0.00913
423.254 -0.01242
423.374 -0.01659
423.495 -0.01906
423.615 -0.01951
423.736 -0.01893
423.856 -0.01763
423.977 -0.01522
424.097 -0.01233
424.218 -0.01063
424.339 -0.01115
424.459 -0.01342
424.58 -0.01634
424.7 -0.01907
424.821 -0.02074
424.941 -0.02037
425.062 -0.01799
425.182 -0.01516
425.303 -0.01371
425.423 -0.01423
425.544 -0.01614
425.665 -0.01858
425.785 -0.02067
425.906 -0.02148
426.026 -0.02088
426.147 -0.02023
426.267 -0.02104
426.388 -0.02287
426.508 -0.02371
426.629 -0.02283
426.75 -0.02195
426.87 -0.02275
426.991 -0.02429
427.111 -0.02406
427.232 -0.02135
427.352 -0.01811
427.473 -0.01658
427.593 -0.01737
427.714 -0.01956
427.834 -0.0212
427.955 -0.01948
428.076 -0.01233
428.196 -0.00157
428.317 0.00709
428.437 0.00846
428.558 0.00243
428.678 -0.00635
428.799 -0.0129
428.919 -0.01542
429.04 -0.01485
429.161 -0.01272
429.281 -0.01058
429.402 -0.01006
429.522 -0.01148
429.643 -0.01315
429.763 -0.01323
429.884 -0.01197
430.004 -0.0112
430.125 -0.01187
430.246 -0.0132
430.366 -0.01432
430.487 -0.01522
430.607 -0.01582
430.728 -0.01545
430.848 -0.01395
430.969 -0.0125
431.089 -0.01238
431.21 -0.01318
431.33 -0.01314
431.451 -0.01121
431.572 -0.00832
431.692 -0.00655
431.813 -0.00728
431.933 -0.00999
432.054 -0.01269
432.174 -0.01376
432.295 -0.01337
432.415 -0.01281
432.536 -0.01272
432.657 -0.01259
432.777 -0.01187
432.898 -0.01086
433.018 -0.01017
433.139 -0.00992
433.259 -0.01001
433.38 -0.01053
433.5 -0.01139
433.621 -0.01208
433.741 -0.01227
433.862 -0.01221
433.983 -0.012
434.103 -0.01117
434.224 -0.00947
434.344 -0.00728
434.465 -0.00477
434.585 -0.0019
434.706 -2.4518E-4
434.826 -0.00287
434.947 -0.00989
435.068 -0.01503
435.188 -0.0106
435.309 0.00218
435.429 0.01115
435.55 0.00563
435.67 -0.01097
435.791 -0.02586
435.911 -0.03055
436.032 -0.02647
436.152 -0.02034
436.273 -0.01682
436.394 -0.01628
436.514 -0.01733
436.635 -0.01879
436.755 -0.01963
436.876 -0.01917
436.996 -0.0179
437.117 -0.017
437.237 -0.01694
437.358 -0.01671
437.479 -0.01504
437.599 -0.01207
437.72 -0.00961
437.84 -0.00946
437.961 -0.01152
438.081 -0.01374
438.202 -0.01416
438.322 -0.01313
438.443 -0.01282
438.564 -0.01444
438.684 -0.01664
438.805 -0.01725
438.925 -0.01584
439.046 -0.01404
439.166 -0.01363
439.287 -0.01467
439.407 -0.01579
439.528 -0.01581
439.648 -0.01467
439.769 -0.01318
439.89 -0.01207
440.01 -0.01155
440.131 -0.0115
440.251 -0.01165
440.372 -0.01152
440.492 -0.01065
440.613 -0.00911
440.733 -0.00772
440.854 -0.00708
440.975 -0.00688
441.095 -0.00658
441.216 -0.00628
441.336 -0.00622
441.457 -0.006
441.577 -0.00564
441.698 -0.0073
441.818 -0.01366
441.939 -0.02331
442.059 -0.02936
442.18 -0.0256
442.301 -0.01453
442.421 -0.00545
442.542 -0.00434
442.662 -0.00873
442.783 -0.01207
442.903 -0.01125
443.024 -0.00863
443.144 -0.00761
443.265 -0.00862
443.386 -0.00983
443.506 -0.00994
443.627 -0.00927
443.747 -0.00895
443.868 -0.00969
443.988 -0.01116
444.109 -0.01213
444.229 -0.01158
444.35 -0.01007
444.47 -0.00939
444.591 -0.01058
444.712 -0.01277
444.832 -0.01443
444.953 -0.01537
445.073 -0.01651
445.194 -0.0178
445.314 -0.01757
445.435 -0.01461
445.555 -0.01027
445.676 -0.00743
445.797 -0.00758
445.917 -0.00951
446.038 -0.01101
446.158 -0.01122
446.279 -0.01085
446.399 -0.01093
446.52 -0.01164
446.64 -0.01255
446.761 -0.01319
446.882 -0.01344
447.002 -0.01341
447.123 -0.01311
447.243 -0.01231
447.364 -0.01106
447.484 -0.01005
447.605 -0.01021
447.725 -0.01158
447.846 -0.01306
447.966 -0.01338
448.087 -0.01227
448.208 -0.01046
448.328 -0.00903
448.449 -0.00901
448.569 -0.01067
448.69 -0.01285
448.81 -0.01364
448.931 -0.01339
449.051 -0.01585
449.172 -0.02421
449.293 -0.03559
449.413 -0.04133
449.534 -0.03543
449.654 -0.02223
449.775 -0.01175
449.895 -0.00895
450.016 -0.01082
450.136 -0.01213
450.257 -0.01132
450.377 -0.01042
450.498 -0.01094
450.619 -0.01207
450.739 -0.01239
450.86 -0.01181
450.98 -0.01139
451.101 -0.01174
451.221 -0.01234
451.342 -0.01232
451.462 -0.01165
451.583 -0.01129
451.704 -0.01191
451.824 -0.01289
451.945 -0.01306
452.065 -0.01231
452.186 -0.0118
452.306 -0.01215
452.427 -0.01245
452.547 -0.01144
452.668 -0.00946
452.788 -0.00811
452.909 -0.00831
453.03 -0.00943
453.15 -0.01039
453.271 -0.0109
453.391 -0.01129
453.512 -0.01153
453.632 -0.01108
453.753 -0.00966
453.873 -0.0078
453.994 -0.00646
454.115 -0.00615
454.235 -0.0065
454.356 -0.00678
454.476 -0.00672
454.597 -0.00677
454.717 -0.0075
454.838 -0.00894
454.958 -0.01059
455.079 -0.01187
455.199 -0.01239
455.32 -0.0121
455.441 -0.01136
455.561 -0.01101
455.682 -0.0116
455.802 -0.01271
455.923 -0.01339
456.043 -0.01331
456.164 -0.01318
456.284 -0.01356
456.405 -0.0139
456.526 -0.0131
456.646 -0.01093
456.767 -0.00831
456.887 -0.00655
457.008 -0.00634
457.128 -0.00756
457.249 -0.00951
457.369 -0.0111
457.49 -0.01142
457.611 -0.01054
457.731 -0.00966
457.852 -0.00999
457.972 -0.01143
458.093 -0.01267
458.213 -0.01251
458.334 -0.01103
458.454 -0.00929
458.575 -0.00819
458.695 -0.00785
458.816 -0.00801
458.937 -0.00855
459.057 -0.00933
459.178 -0.00989
459.298 -0.00974
459.419 -0.00903
459.539 -0.00848
459.66 -0.0086
459.78 -0.00931
459.901 -0.01021
460.022 -0.01093
460.142 -0.01118
460.263 -0.01092
460.383 -0.01055
460.504 -0.01066
460.624 -0.01125
460.745 -0.01167
460.865 -0.01158
460.986 -0.01157
461.106 -0.01227
461.227 -0.01314
461.348 -0.01284
461.468 -0.0109
461.589 -0.00833
461.709 -0.00649
461.83 -0.00591
461.95 -0.00653
462.071 -0.00813
462.191 -0.01013
462.312 -0.01141
462.433 -0.01126
462.553 -0.01015
462.674 -0.00928
462.794 -0.00929
462.915 -0.00986
463.035 -0.01054
463.156 -0.01117
463.276 -0.01154
463.397 -0.01126
463.517 -0.01045
463.638 -0.00992
463.759 -0.01035
463.879 -0.01136
464 -0.01201
464.12 -0.01192
464.241 -0.01155
464.361 -0.01142
464.482 -0.01147
464.602 -0.0113
464.723 -0.0108
464.844 -0.01033
464.964 -0.01049
465.085 -0.01168
465.205 -0.01372
465.326 -0.01571
465.446 -0.0165
465.567 -0.01541
465.687 -0.01287
465.808 -0.01032
465.928 -0.00925
466.049 -0.00994
466.17 -0.01123
466.29 -0.01162
466.411 -0.0109
466.531 -0.0103
466.652 -0.01095
466.772 -0.01238
466.893 -0.01308
467.013 -0.01243
467.134 -0.01138
467.255 -0.01108
467.375 -0.01152
467.496 -0.01188
467.616 -0.01176
467.737 -0.01153
467.857 -0.01141
467.978 -0.01105
468.098 -0.01025
468.219 -0.00957
468.34 -0.00967
468.46 -0.01044
468.581 -0.01109
468.701 -0.0112
468.822 -0.01112
468.942 -0.01116
469.063 -0.01096
469.183 -0.01007
469.304 -0.00897
469.424 -0.0088
469.545 -0.00997
469.666 -0.01153
469.786 -0.0123
469.907 -0.01211
470.027 -0.01167
470.148 -0.01119
470.268 -0.0101
470.389 -0.00822
470.509 -0.00655
470.63 -0.00644
470.751 -0.00818
470.871 -0.01072
470.992 -0.01282
471.112 -0.01393
471.233 -0.01402
471.353 -0.01312
471.474 -0.01145
471.594 -0.00956
471.715 -0.00824
471.836 -0.00807
471.956 -0.00905
472.077 -0.01066
472.197 -0.01211
472.318 -0.01282
472.438 -0.01278
472.559 -0.01237
472.679 -0.01192
472.8 -0.01144
472.92 -0.01096
473.041 -0.01078
473.162 -0.01125
473.282 -0.01214
473.403 -0.01262
473.523 -0.01192
473.644 -0.01012
473.764 -0.00832
473.885 -0.00786
474.005 -0.00917
474.126 -0.01121
474.247 -0.0123
474.367 -0.01165
474.488 -0.01009
474.608 -0.00911
474.729 -0.00926
474.849 -0.00988
474.97 -0.01008
475.09 -0.00975
475.211 -0.00937
475.331 -0.00916
475.452 -0.00899
475.573 -0.0088
475.693 -0.00893
475.814 -0.00964
475.934 -0.01062
476.055 -0.0111
476.175 -0.01065
476.296 -0.0097
476.416 -0.00922
476.537 -0.00973
476.658 -0.01075
476.778 -0.01125
476.899 -0.01085
477.019 -0.01029
477.14 -0.01049
477.26 -0.01145
477.381 -0.01215
477.501 -0.01173
477.622 -0.01043
477.742 -0.00915
477.863 -0.00844
477.984 -0.008
478.104 -0.0072
478.225 -0.00582
478.345 -0.0044
478.466 -0.00385
478.586 -0.00464
478.707 -0.00631
478.827 -0.00795
478.948 -0.00909
479.069 -0.01004
479.189 -0.01106
479.31 -0.01168
479.43 -0.01118
479.551 -0.00979
479.671 -0.00875
479.792 -0.00899
479.912 -0.01009
480.033 -0.01089
480.154 -0.01099
480.274 -0.011
480.395 -0.01148
480.515 -0.01204
480.636 -0.01187
480.756 -0.01075
480.877 -0.00934
480.997 -0.00847
481.118 -0.00843
481.238 -0.00888
481.359 -0.00926
481.48 -0.00931
481.6 -0.00921
481.721 -0.00926
481.841 -0.00946
481.962 -0.0095
482.082 -0.00919
482.203 -0.00875
482.323 -0.00866
482.444 -0.00921
482.565 -0.01028
482.685 -0.01153
482.806 -0.0125
482.926 -0.01266
483.047 -0.01175
483.167 -0.01023
483.288 -0.00903
483.408 -0.00866
483.529 -0.00884
483.649 -0.00899
483.77 -0.00908
483.891 -0.00943
484.011 -0.00996
484.132 -0.01012
484.252 -0.00956
484.373 -0.0087
484.493 -0.00811
484.614 -0.0079
484.734 -0.00772
484.855 -0.0074
484.976 -0.00712
485.096 -0.00706
485.217 -0.00722
485.337 -0.00762
485.458 -0.00825
485.578 -0.00868
485.699 -0.00827
485.819 -0.007
485.94 -0.00588
486.06 -0.00595
486.181 -0.0071
486.302 -0.0084
486.422 -0.00937
486.543 -0.01031
486.663 -0.01132
486.784 -0.01178
486.904 -0.01133
487.025 -0.01071
487.145 -0.01095
487.266 -0.01193
487.387 -0.01247
487.507 -0.01196
487.628 -0.0111
487.748 -0.01077
487.869 -0.01089
487.989 -0.01076
488.11 -0.01022
488.23 -0.00973
488.351 -0.00956
488.471 -0.00943
488.592 -0.00914
488.713 -0.00886
488.833 -0.00878
488.954 -0.0087
489.074 -0.00842
489.195 -0.00814
489.315 -0.0082
489.436 -0.0087
489.556 -0.00957
489.677 -0.01086
489.798 -0.01242
489.918 -0.01345
490.039 -0.01292
490.159 -0.0108
490.28 -0.00839
490.4 -0.00719
490.521 -0.00752
490.641 -0.00852
490.762 -0.00935
490.883 -0.00983
491.003 -0.01002
491.124 -0.00967
491.244 -0.00864
491.365 -0.00759
491.485 -0.00761
491.606 -0.00906
491.726 -0.01102
491.847 -0.01219
491.967 -0.01205
492.088 -0.0111
492.209 -0.00996
492.329 -0.00883
492.45 -0.00771
492.57 -0.00672
492.691 -0.00607
492.811 -0.00584
492.932 -0.00591
493.052 -0.00613
493.173 -0.00642
493.294 -0.00666
493.414 -0.00671
493.535 -0.0065
493.655 -0.00616
493.776 -0.00612
493.896 -0.00687
494.017 -0.00847
494.137 -0.01015
494.258 -0.01072
494.378 -0.00959
494.499 -0.00752
494.62 -0.00599
494.74 -0.00597
494.861 -0.00721
494.981 -0.00879
495.102 -0.00989
495.222 -0.0102
495.343 -0.00975
495.463 -0.00888
495.584 -0.00803
495.705 -0.00752
495.825 -0.00741
495.946 -0.00761
496.066 -0.00802
496.187 -0.00843
496.307 -0.00844
496.428 -0.00778
496.548 -0.00675
496.669 -0.00605
496.789 -0.006
496.91 -0.00614
497.031 -0.00586
497.151 -0.0053
497.272 -0.00533
497.392 -0.00628
497.513 -0.0074
497.633 -0.00766
497.754 -0.00718
497.874 -0.00705
497.995 -0.00791
498.116 -0.00906
498.236 -0.00947
498.357 -0.00914
498.477 -0.00891
498.598 -0.00907
498.718 -0.00905
498.839 -0.00858
498.959 -0.00834
499.08 -0.00892
499.201 -0.0097
499.321 -0.00954
499.442 -0.00834
499.562 -0.00716
499.683 -0.00672
499.803 -0.00652
499.924 -0.00586
500.044 -0.0052
500.165 -0.00566
500.285 -0.00748
500.406 -0.00954
500.527 -0.01045
500.647 -0.00984
500.768 -0.00839
500.888 -0.00697
501.009 -0.00607
501.129 -0.00584
501.25 -0.00612
501.37 -0.00649
501.491 -0.00644
501.612 -0.00585
501.732 -0.00524
501.853 -0.00541
501.973 -0.00656
502.094 -0.00805
502.214 -0.00892
502.335 -0.00882
502.455 -0.00824
502.576 -0.00783
502.696 -0.00786
502.817 -0.00822
502.938 -0.00885
503.058 -0.00969
503.179 -0.01044
503.299 -0.01065
503.42 -0.01038
503.54 -0.01019
503.661 -0.01048
503.781 -0.01086
503.902 -0.01059
504.023 -0.00951
504.143 -0.0083
504.264 -0.00771
504.384 -0.00785
504.505 -0.00828
504.625 -0.00862
504.746 -0.00879
504.866 -0.00884
504.987 -0.00884
505.107 -0.00888
505.228 -0.00906
505.349 -0.00927
505.469 -0.0092
505.59 -0.00853
505.71 -0.00731
505.831 -0.00611
505.951 -0.00561
506.072 -0.00605
506.192 -0.00693
506.313 -0.00752
506.434 -0.00762
506.554 -0.00769
506.675 -0.00819
506.795 -0.00888
506.916 -0.00913
507.036 -0.00874
507.157 -0.00827
507.277 -0.00822
507.398 -0.00847
507.518 -0.00855
507.639 -0.00834
507.76 -0.00806
507.88 -0.00784
508.001 -0.00757
508.121 -0.00729
508.242 -0.00738
508.362 -0.00802
508.483 -0.0088
508.603 -0.0091
508.724 -0.00872
508.845 -0.00801
508.965 -0.00729
509.086 -0.00661
509.206 -0.00602
509.327 -0.00585
509.447 -0.0064
509.568 -0.00754
509.688 -0.00867
509.809 -0.00915
509.93 -0.00871
510.05 -0.00765
510.171 -0.00663
510.291 -0.00624
510.412 -0.00654
510.532 -0.00696
510.653 -0.00698
510.773 -0.00664
510.894 -0.00643
511.014 -0.00658
511.135 -0.00681
511.256 -0.00681
511.376 -0.00685
511.497 -0.00752
511.617 -0.00884
511.738 -0.00987
511.858 -0.00954
511.979 -0.00784
512.099 -0.006
512.22 -0.00535
512.341 -0.00615
512.461 -0.00749
512.582 -0.00835
512.702 -0.00837
512.823 -0.00772
512.943 -0.00671
513.064 -0.00562
513.184 -0.00492
513.305 -0.00505
513.425 -0.0061
513.546 -0.00759
513.667 -0.00884
513.787 -0.00937
513.908 -0.00912
514.028 -0.00837
514.149 -0.00764
514.269 -0.00747
514.39 -0.00801
514.51 -0.00884
514.631 -0.00921
514.752 -0.00877
514.872 -0.00804
514.993 -0.00796
515.113 -0.00879
515.234 -0.00977
515.354 -0.00982
515.475 -0.00873
515.595 -0.00729
515.716 -0.00651
515.836 -0.00661
515.957 -0.00714
516.078 -0.00765
516.198 -0.008
516.319 -0.00811
516.439 -0.00785
516.56 -0.00737
516.68 -0.00721
516.801 -0.00772
516.921 -0.00852
517.042 -0.00886
517.163 -0.00844
517.283 -0.00777
517.404 -0.00742
517.524 -0.00738
517.645 -0.00721
517.765 -0.00686
517.886 -0.00677
518.006 -0.0072
518.127 -0.00769
518.247 -0.00764
518.368 -0.00713
518.489 -0.00692
518.609 -0.00747
518.73 -0.00839
518.85 -0.00886
518.971 -0.00849
519.091 -0.00752
519.212 -0.00644
519.332 -0.00568
519.453 -0.00559
519.574 -0.00634
519.694 -0.00766
519.815 -0.00885
519.935 -0.0094
520.056 -0.00932
520.176 -0.00885
520.297 -0.00803
520.417 -0.00676
520.538 -0.00527
520.659 -0.00415
520.779 -0.00388
520.9 -0.0045
521.02 -0.00568
521.141 -0.00698
521.261 -0.00796
521.382 -0.00826
521.502 -0.00786
521.623 -0.00719
521.743 -0.00679
521.864 -0.00682
521.985 -0.00713
522.105 -0.00769
522.226 -0.00859
522.346 -0.0097
522.467 -0.01048
522.587 -0.01043
522.708 -0.00961
522.828 -0.00848
522.949 -0.00746
523.07 -0.00672
523.19 -0.00632
523.311 -0.00635
523.431 -0.00668
523.552 -0.00696
523.672 -0.00697
523.793 -0.00684
523.913 -0.00683
524.034 -0.00686
524.154 -0.00658
524.275 -0.00597
524.396 -0.00548
524.516 -0.00573
524.637 -0.00686
524.757 -0.00848
524.878 -0.00999
524.998 -0.01089
525.119 -0.01097
525.239 -0.01022
525.36 -0.00894
525.481 -0.00764
525.601 -0.00674
525.722 -0.00642
525.842 -0.00652
525.963 -0.00663
526.083 -0.00634
526.204 -0.00559
526.324 -0.00485
526.445 -0.00474
526.565 -0.00543
526.686 -0.0065
526.807 -0.00743
526.927 -0.00807
527.048 -0.00843
527.168 -0.00841
527.289 -0.00785
527.409 -0.00697
527.53 -0.00626
527.65 -0.00598
527.771 -0.00593
527.892 -0.00589
528.012 -0.00598
528.133 -0.00642
528.253 -0.00699
528.374 -0.00722
528.494 -0.00701
528.615 -0.00676
528.735 -0.00678
528.856 -0.00682
528.977 -0.00639
529.097 -0.00554
529.218 -0.00499
529.338 -0.00534
529.459 -0.00645
529.579 -0.00754
529.7 -0.00792
529.82 -0.00754
529.941 -0.00679
530.061 -0.00608
530.182 -0.0056
530.303 -0.00532
530.423 -0.00518
530.544 -0.00519
530.664 -0.00542
530.785 -0.00593
530.905 -0.00656
531.026 -0.00704
531.146 -0.00718
531.267 -0.00709
531.388 -0.00705
531.508 -0.00716
531.629 -0.00721
531.749 -0.00704
531.87 -0.00677
531.99 -0.0066
532.111 -0.00643
532.231 -0.00604
532.352 -0.00543
532.473 -0.00498
532.593 -0.00499
532.714 -0.00539
532.834 -0.00594
532.955 -0.00646
533.075 -0.00669
533.196 -0.00628
533.316 -0.00529
533.437 -0.00448
533.557 -0.00473
533.678 -0.006
533.799 -0.00734
533.919 -0.00785
534.04 -0.00756
534.16 -0.00712
534.281 -0.00699
534.401 -0.00719
534.522 -0.0076
534.642 -0.00809
534.763 -0.00836
534.884 -0.00809
535.004 -0.00731
535.125 -0.0064
535.245 -0.00582
535.366 -0.00578
535.486 -0.00626
535.607 -0.00699
535.727 -0.00753
535.848 -0.00753
535.969 -0.00706
536.089 -0.00654
536.21 -0.00624
536.33 -0.00604
536.451 -0.00579
536.571 -0.0056
536.692 -0.00573
536.812 -0.00619
536.933 -0.00672
537.053 -0.00707
537.174 -0.00712
537.295 -0.00683
537.415 -0.00627
537.536 -0.00572
537.656 -0.00552
537.777 -0.0057
537.897 -0.00599
538.018 -0.00614
538.138 -0.00616
538.259 -0.00628
538.38 -0.00663
538.5 -0.00711
538.621 -0.00743
538.741 -0.00736
538.862 -0.00697
538.982 -0.00657
539.103 -0.00645
539.223 -0.00655
539.344 -0.00663
539.464 -0.00668
539.585 -0.00688
539.706 -0.00729
539.826 -0.0076
539.947 -0.00755
540.067 -0.00721
540.188 -0.00685
540.308 -0.00644
540.429 -0.00578
540.549 -0.00505
540.67 -0.00489
540.791 -0.00573
540.911 -0.00716
541.032 -0.00819
541.152 -0.0081
541.273 -0.00714
541.393 -0.00624
541.514 -0.00616
541.634 -0.00684
541.755 -0.00755
541.875 -0.00768
541.996 -0.00726
542.117 -0.00682
542.237 -0.0067
542.358 -0.00679
542.478 -0.00684
542.599 -0.00683
542.719 -0.00686
542.84 -0.00679
542.96 -0.00638
543.081 -0.00568
543.202 -0.00515
543.322 -0.00515
543.443 -0.00549
543.563 -0.00558
543.684 -0.00517
543.804 -0.00461
543.925 -0.00452
544.045 -0.00503
544.166 -0.00563
544.286 -0.0057
544.407 -0.00521
544.528 -0.0048
544.648 -0.00513
544.769 -0.00616
544.889 -0.00723
545.01 -0.00777
545.13 -0.00789
545.251 -0.0081
545.371 -0.00861
545.492 -0.00906
545.613 -0.00898
545.733 -0.00831
545.854 -0.00743
545.974 -0.00674
546.095 -0.00637
546.215 -0.00626
546.336 -0.00635
546.456 -0.00658
546.577 -0.00684
546.698 -0.0069
546.818 -0.00659
546.939 -0.006
547.059 -0.00542
547.18 -0.0052
547.3 -0.00551
547.421 -0.00621
547.541 -0.00691
547.662 -0.00725
547.782 -0.00724
547.903 -0.00723
548.024 -0.00756
548.144 -0.00811
548.265 -0.00831
548.385 -0.00774
548.506 -0.00674
548.626 -0.00618
548.747 -0.00666
548.867 -0.00787
548.988 -0.00894
549.109 -0.0092
549.229 -0.00864
549.35 -0.00779
549.47 -0.00725
549.591 -0.00729
549.711 -0.00781
549.832 -0.00826
549.952 -0.0081
550.073 -0.00728
550.193 -0.00636
550.314 -0.00592
550.435 -0.00597
550.555 -0.00597
550.676 -0.0056
550.796 -0.00526
550.917 -0.00559
551.037 -0.00667
551.158 -0.00783
551.278 -0.00829
551.399 -0.00788
551.52 -0.00708
551.64 -0.00647
551.761 -0.0063
551.881 -0.00651
552.002 -0.00697
552.122 -0.00748
552.243 -0.00781
552.363 -0.00779
552.484 -0.00739
552.604 -0.00672
552.725 -0.00603
552.846 -0.00567
552.966 -0.00597
553.087 -0.00697
553.207 -0.00821
553.328 -0.00896
553.448 -0.0087
553.569 -0.00757
553.689 -0.00631
553.81 -0.00573
553.931 -0.00614
554.051 -0.00713
554.172 -0.0079
554.292 -0.00792
554.413 -0.00729
554.533 -0.00649
554.654 -0.00583
554.774 -0.00536
554.895 -0.0051
555.016 -0.00519
555.136 -0.00564
555.257 -0.00622
555.377 -0.00667
555.498 -0.00695
555.618 -0.00712
555.739 -0.00716
555.859 -0.00706
555.98 -0.00694
556.1 -0.0069
556.221 -0.00687
556.342 -0.00666
556.462 -0.00631
556.583 -0.00604
556.703 -0.00604
556.824 -0.00628
556.944 -0.00669
557.065 -0.00718
557.185 -0.00757
557.306 -0.00753
557.427 -0.00691
557.547 -0.00601
557.668 -0.00528
557.788 -0.00486
557.909 -0.00457
558.029 -0.00431
558.15 -0.0043
558.27 -0.00487
558.391 -0.00596
558.511 -0.00708
558.632 -0.0076
558.753 -0.0072
558.873 -0.00627
558.994 -0.00564
559.114 -0.00597
559.235 -0.0071
559.355 -0.00817
559.476 -0.00842
559.596 -0.00788
559.717 -0.00714
559.838 -0.00666
559.958 -0.00643
560.079 -0.00631
560.199 -0.00644
560.32 -0.00698
560.44 -0.00764
560.561 -0.00782
560.681 -0.00728
560.802 -0.00648
560.922 -0.00607
561.043 -0.00611
561.164 -0.0062
561.284 -0.00612
561.405 -0.0061
561.525 -0.00645
561.646 -0.00705
561.766 -0.00752
561.887 -0.00761
562.007 -0.00742
562.128 -0.00713
562.249 -0.00688
562.369 -0.00678
562.49 -0.00691
562.61 -0.00716
562.731 -0.00728
562.851 -0.00718
562.972 -0.00703
563.092 -0.00701
563.213 -0.00705
563.333 -0.00699
563.454 -0.00694
563.575 -0.00713
563.695 -0.00746
563.816 -0.00752
563.936 -0.00698
564.057 -0.00593
564.177 -0.00476
564.298 -0.00388
564.418 -0.00357
564.539 -0.00395
564.66 -0.00479
564.78 -0.00555
564.901 -0.00583
565.021 -0.00582
565.142 -0.00597
565.262 -0.00637
565.383 -0.00672
565.503 -0.00678
565.624 -0.00667
565.745 -0.0066
565.865 -0.00662
565.986 -0.00665
566.106 -0.00668
566.227 -0.00672
566.347 -0.00667
566.468 -0.00649
566.588 -0.00625
566.709 -0.00598
566.829 -0.00568
566.95 -0.00561
567.071 -0.00623
567.191 -0.00748
567.312 -0.00839
567.432 -0.00792
567.553 -0.00626
567.673 -0.00473
567.794 -0.00428
567.914 -0.00465
568.035 -0.00506
568.156 -0.00537
568.276 -0.00583
568.397 -0.00629
568.517 -0.00624
568.638 -0.00569
568.758 -0.0054
568.879 -0.00592
568.999 -0.00685
569.12 -0.00725
569.24 -0.00668
569.361 -0.00561
569.482 -0.0048
569.602 -0.00464
569.723 -0.00503
569.843 -0.00566
569.964 -0.00614
570.084 -0.00619
570.205 -0.00575
570.325 -0.00517
570.446 -0.00503
570.567 -0.00567
570.687 -0.00676
570.808 -0.00755
570.928 -0.00745
571.049 -0.00654
571.169 -0.00539
571.29 -0.00455
571.41 -0.00424
571.531 -0.00444
571.651 -0.00501
571.772 -0.00567
571.893 -0.006
572.013 -0.00577
572.134 -0.00525
572.254 -0.00504
572.375 -0.00545
572.495 -0.0061
572.616 -0.0063
572.736 -0.00593
572.857 -0.00565
572.978 -0.00617
573.098 -0.00744
573.219 -0.00856
573.339 -0.00881
573.46 -0.00832
573.58 -0.00777
573.701 -0.00762
573.821 -0.00774
573.942 -0.00792
574.062 -0.00815
574.183 -0.00844
574.304 -0.00857
574.424 -0.00819
574.545 -0.00733
574.665 -0.00642
574.786 -0.00598
574.906 -0.00625
575.027 -0.00703
575.147 -0.00786
575.268 -0.00828
575.389 -0.00812
575.509 -0.00754
575.63 -0.00678
575.75 -0.00607
575.871 -0.00566
575.991 -0.00581
576.112 -0.00655
576.232 -0.00744
576.353 -0.00794
576.474 -0.00789
576.594 -0.00758
576.715 -0.00729
576.835 -0.00704
576.956 -0.00679
577.076 -0.00672
577.197 -0.00698
577.317 -0.00733
577.438 -0.00741
577.558 -0.0072
577.679 -0.00708
577.8 -0.00722
577.92 -0.0072
578.041 -0.00649
578.161 -0.00522
578.282 -0.00426
578.402 -0.00438
578.523 -0.00548
578.643 -0.00672
578.764 -0.00736
578.885 -0.00732
579.005 -0.00696
579.126 -0.00664
579.246 -0.0065
579.367 -0.00654
579.487 -0.00673
579.608 -0.00699
579.728 -0.00723
579.849 -0.00735
579.969 -0.00726
580.09 -0.00688
580.211 -0.00628
580.331 -0.00581
580.452 -0.0059
580.572 -0.00664
580.693 -0.00748
580.813 -0.00767
580.934 -0.00706
581.054 -0.00628
581.175 -0.00596
581.296 -0.00608
581.416 -0.00614
581.537 -0.00595
581.657 -0.00586
581.778 -0.00619
581.898 -0.00665
582.019 -0.00674
582.139 -0.00638
582.26 -0.00594
582.38 -0.00569
582.501 -0.00555
582.622 -0.00542
582.742 -0.0055
582.863 -0.00599
582.983 -0.00674
583.104 -0.00743
583.224 -0.00792
583.345 -0.00831
583.465 -0.00853
583.586 -0.00829
583.707 -0.00755
583.827 -0.00678
583.948 -0.00659
584.068 -0.0071
584.189 -0.00774
584.309 -0.00783
584.43 -0.00725
584.55 -0.00652
584.671 -0.00626
584.792 -0.00656
584.912 -0.007
585.033 -0.00701
585.153 -0.00638
585.274 -0.00543
585.394 -0.00484
585.515 -0.00508
585.635 -0.00612
585.756 -0.00738
585.876 -0.00823
585.997 -0.00842
586.118 -0.00821
586.238 -0.00797
586.359 -0.00793
586.479 -0.00807
586.6 -0.00812
586.72 -0.00773
586.841 -0.00673
586.961 -0.0055
587.082 -0.00475
587.203 -0.00493
587.323 -0.00585
587.444 -0.00694
587.564 -0.00777
587.685 -0.00823
587.805 -0.00842
587.926 -0.00857
588.046 -0.00891
588.167 -0.0093
588.287 -0.00923
588.408 -0.00842
588.529 -0.00733
588.649 -0.00674
588.77 -0.00677
588.89 -0.00693
589.011 -0.00702
589.131 -0.0074
589.252 -0.00817
589.372 -0.00863
589.493 -0.00806
589.614 -0.0068
589.734 -0.00584
589.855 -0.00566
589.975 -0.00585
590.096 -0.00602
590.216 -0.00626
590.337 -0.00658
590.457 -0.00654
590.578 -0.00596
590.698 -0.00537
590.819 -0.00547
590.94 -0.00619
591.06 -0.00677
591.181 -0.0068
591.301 -0.00663
591.422 -0.00677
591.542 -0.0072
591.663 -0.00748
591.783 -0.00737
591.904 -0.00698
592.025 -0.00658
592.145 -0.00627
592.266 -0.00601
592.386 -0.00583
592.507 -0.00589
592.627 -0.00637
592.748 -0.00718
592.868 -0.00781
592.989 -0.00777
593.109 -0.00712
593.23 -0.00652
593.351 -0.00656
593.471 -0.00703
593.592 -0.00718
593.712 -0.0066
593.833 -0.00582
593.953 -0.00564
594.074 -0.00618
594.194 -0.00677
594.315 -0.00675
594.436 -0.00619
594.556 -0.00563
594.677 -0.00531
594.797 -0.00511
594.918 -0.00491
595.038 -0.00491
595.159 -0.00524
595.279 -0.00568
595.4 -0.0059
595.521 -0.00588
595.641 -0.00586
595.762 -0.00599
595.882 -0.00613
596.003 -0.00621
596.123 -0.00644
596.244 -0.00696
596.364 -0.00762
596.485 -0.008
596.605 -0.00798
596.726 -0.00787
596.847 -0.00797
596.967 -0.00809
597.088 -0.00776
597.208 -0.00684
597.329 -0.00581
597.449 -0.00536
597.57 -0.00565
597.69 -0.00633
597.811 -0.00696
597.932 -0.00741
598.052 -0.00762
598.173 -0.00749
598.293 -0.00708
598.414 -0.0068
598.534 -0.00697
598.655 -0.00735
598.775 -0.00743
598.896 -0.00717
599.016 -0.00713
599.137 -0.00765
599.258 -0.0083
599.378 -0.00826
599.499 -0.00737
599.619 -0.00638
599.74 -0.00599
599.86 -0.0061
599.981 -0.00606
600.101 -0.00555
600.222 -0.00493
600.343 -0.00475
600.463 -0.00513
600.584 -0.00575
600.704 -0.00617
600.825 -0.00615
600.945 -0.00565
601.066 -0.00489
601.186 -0.0044
601.307 -0.00473
601.427 -0.00591
601.548 -0.00724
601.669 -0.00789
601.789 -0.00767
601.91 -0.00707
602.03 -0.00662
602.151 -0.00638
602.271 -0.00612
602.392 -0.00581
602.512 -0.00571
602.633 -0.00593
602.754 -0.00628
602.874 -0.00654
602.995 -0.00676
603.115 -0.00717
603.236 -0.00791
603.356 -0.0088
603.477 -0.00953
603.597 -0.00976
603.718 -0.00925
603.839 -0.00803
603.959 -0.00654
604.08 -0.00547
604.2 -0.00521
604.321 -0.00549
604.441 -0.00566
604.562 -0.00546
604.682 -0.00525
604.803 -0.00551
604.923 -0.00617
605.044 -0.00678
605.165 -0.00713
605.285 -0.0075
605.406 -0.00802
605.526 -0.00826
605.647 -0.00774
605.767 -0.00667
605.888 -0.00593
606.008 -0.00603
606.129 -0.00649
606.25 -0.00645
606.37 -0.00571
606.491 -0.00497
606.611 -0.00503
606.732 -0.00596
606.852 -0.00704
606.973 -0.00755
607.093 -0.00738
607.214 -0.00689
607.334 -0.00643
607.455 -0.00603
607.576 -0.00557
607.696 -0.00513
607.817 -0.00503
607.937 -0.00539
608.058 -0.00587
608.178 -0.00605
608.299 -0.00594
608.419 -0.00597
608.54 -0.00643
608.661 -0.00709
608.781 -0.00741
608.902 -0.00712
609.022 -0.00645
609.143 -0.0059
609.263 -0.00583
609.384 -0.00622
609.504 -0.00674
609.625 -0.00688
609.745 -0.00642
609.866 -0.00564
609.987 -0.00513
610.107 -0.00526
610.228 -0.00575
610.348 -0.00607
610.469 -0.00594
610.589 -0.00555
610.71 -0.00527
610.83 -0.0053
610.951 -0.00558
611.072 -0.00598
611.192 -0.0064
611.313 -0.00677
611.433 -0.00701
611.554 -0.00707
611.674 -0.00694
611.795 -0.00676
611.915 -0.00664
612.036 -0.00666
612.157 -0.0068
612.277 -0.00704
612.398 -0.00738
612.518 -0.00774
612.639 -0.00799
612.759 -0.00805
612.88 -0.00803
613 -0.00803
613.121 -0.00799
613.241 -0.00776
613.362 -0.00741
613.483 -0.00732
613.603 -0.00771
613.724 -0.00842
613.844 -0.00894
613.965 -0.00893
614.085 -0.00837
614.206 -0.00746
614.326 -0.00657
614.447 -0.00612
614.568 -0.00648
614.688 -0.00753
614.809 -0.00861
614.929 -0.00892
615.05 -0.00817
615.17 -0.00686
615.291 -0.00592
615.411 -0.00589
615.532 -0.00655
615.653 -0.00723
615.773 -0.00742
615.894 -0.00713
616.014 -0.0066
616.135 -0.00602
616.255 -0.00548
616.376 -0.00531
616.496 -0.00589
616.617 -0.00712
616.737 -0.00821
616.858 -0.0084
616.979 -0.00778
617.099 -0.00716
617.22 -0.00711
617.34 -0.00747
617.461 -0.0077
617.581 -0.0076
617.702 -0.00733
617.822 -0.00703
617.943 -0.0067
618.064 -0.00649
618.184 -0.00667
618.305 -0.00727
618.425 -0.00783
618.546 -0.00784
618.666 -0.00729
618.787 -0.00665
618.907 -0.00644
619.028 -0.00678
619.148 -0.00747
619.269 -0.00819
619.39 -0.00858
619.51 -0.00835
619.631 -0.00755
619.751 -0.00673
619.872 -0.00659
619.992 -0.00725
620.113 -0.00811
620.233 -0.00838
620.354 -0.00785
620.475 -0.00703
620.595 -0.00655
620.716 -0.00653
620.836 -0.00661
620.957 -0.00647
621.077 -0.00615
621.198 -0.00582
621.318 -0.0055
621.439 -0.0051
621.56 -0.00471
621.68 -0.00469
621.801 -0.00529
621.921 -0.00636
622.042 -0.0073
622.162 -0.00761
622.283 -0.00736
622.403 -0.00715
622.524 -0.00747
622.644 -0.00818
622.765 -0.00873
622.886 -0.00874
623.006 -0.00829
623.127 -0.00771
623.247 -0.00718
623.368 -0.00679
623.488 -0.00667
623.609 -0.00687
623.729 -0.00708
623.85 -0.0069
623.971 -0.00637
624.091 -0.00603
624.212 -0.00625
624.332 -0.00684
624.453 -0.00732
624.573 -0.00753
624.694 -0.00759
624.814 -0.00753
624.935 -0.00728
625.055 -0.00695
625.176 -0.00685
625.297 -0.00705
625.417 -0.00723
625.538 -0.00703
625.658 -0.00646
625.779 -0.00579
625.899 -0.00528
626.02 -0.00508
626.14 -0.00533
626.261 -0.00603
626.382 -0.00695
626.502 -0.00769
626.623 -0.00804
626.743 -0.00796
626.864 -0.00745
626.984 -0.00665
627.105 -0.00602
627.225 -0.00603
627.346 -0.00662
627.466 -0.00704
627.587 -0.00664
627.708 -0.00564
627.828 -0.00491
627.949 -0.00502
628.069 -0.00566
628.19 -0.00615
628.31 -0.00611
628.431 -0.00571
628.551 -0.00532
628.672 -0.00518
628.793 -0.00538
628.913 -0.00595
629.034 -0.00685
629.154 -0.00783
629.275 -0.00844
629.395 -0.00838
629.516 -0.00791
629.636 -0.00764
629.757 -0.008
629.878 -0.00866
629.998 -0.00885
630.119 -0.0082
630.239 -0.00715
630.36 -0.00645
630.48 -0.00635
630.601 -0.00652
630.721 -0.00666
630.842 -0.00684
630.962 -0.00714
631.083 -0.00736
631.204 -0.00727
631.324 -0.00709
631.445 -0.00724
631.565 -0.00766
631.686 -0.00774
631.806 -0.00707
631.927 -0.00604
632.047 -0.00551
632.168 -0.00595
632.289 -0.00702
632.409 -0.00807
632.53 -0.00866
632.65 -0.00871
632.771 -0.00837
632.891 -0.00794
633.012 -0.00771
633.132 -0.00771
633.253 -0.00766
633.373 -0.00732
633.494 -0.00692
633.615 -0.0069
633.735 -0.00729
633.856 -0.00753
633.976 -0.00713
634.097 -0.00628
634.217 -0.00569
634.338 -0.00569
634.458 -0.00598
634.579 -0.00619
634.7 -0.0064
634.82 -0.00702
634.941 -0.00811
635.061 -0.00926
635.182 -0.01
635.302 -0.01002
635.423 -0.00923
635.543 -0.00778
635.664 -0.00625
635.784 -0.00552
635.905 -0.00597
636.026 -0.00702
636.146 -0.00766
636.267 -0.00742
636.387 -0.0067
636.508 -0.00621
636.628 -0.00619
636.749 -0.00646
636.869 -0.0068
636.99 -0.00717
637.111 -0.00754
637.231 -0.00778
637.352 -0.00785
637.472 -0.00784
637.593 -0.00781
637.713 -0.00772
637.834 -0.00754
637.954 -0.00728
638.075 -0.007
638.195 -0.00668
638.316 -0.00637
638.437 -0.00624
638.557 -0.00635
638.678 -0.00656
638.798 -0.0066
638.919 -0.00643
639.039 -0.00626
639.16 -0.00629
639.28 -0.00652
639.401 -0.00687
639.522 -0.00733
639.642 -0.00777
639.763 -0.00778
639.883 -0.00702
640.004 -0.00585
640.124 -0.00519
640.245 -0.00561
640.365 -0.00666
640.486 -0.00732
640.607 -0.00709
640.727 -0.00636
640.848 -0.00581
640.968 -0.00584
641.089 -0.00652
641.209 -0.00771
641.33 -0.00896
641.45 -0.00951
641.571 -0.00884
641.691 -0.00743
641.812 -0.00648
641.933 -0.00677
642.053 -0.00782
642.174 -0.00854
642.294 -0.00833
642.415 -0.00747
642.535 -0.00659
642.656 -0.00599
642.776 -0.00573
642.897 -0.00578
643.018 -0.00604
643.138 -0.00612
643.259 -0.00568
643.379 -0.00494
643.5 -0.00467
643.62 -0.00547
643.741 -0.00709
643.861 -0.00861
643.982 -0.00923
644.102 -0.00879
644.223 -0.00774
644.344 -0.00679
644.464 -0.00648
644.585 -0.007
644.705 -0.00804
644.826 -0.00904
644.946 -0.00962
645.067 -0.00979
645.187 -0.00972
645.308 -0.00945
645.429 -0.00898
645.549 -0.0085
645.67 -0.00833
645.79 -0.00854
645.911 -0.00885
646.031 -0.00892
646.152 -0.00874
646.272 -0.00856
646.393 -0.00858
646.513 -0.0088
646.634 -0.00906
646.755 -0.00915
646.875 -0.00889
646.996 -0.00832
647.116 -0.0078
647.237 -0.00764
647.357 -0.0078
647.478 -0.00796
647.598 -0.00794
647.719 -0.00786
647.84 -0.00786
647.96 -0.00784
648.081 -0.00775
648.201 -0.00778
648.322 -0.00818
648.442 -0.00877
648.563 -0.009
648.683 -0.0086
648.804 -0.00799
648.924 -0.00787
649.045 -0.00843
649.166 -0.00914
649.286 -0.00932
649.407 -0.00884
649.527 -0.00808
649.648 -0.00742
649.768 -0.0069
649.889 -0.00645
650.009 -0.00632
650.13 -0.00685
650.251 -0.00792
650.371 -0.00883
650.492 -0.00888
650.612 -0.00814
650.733 -0.00738
650.853 -0.00728
650.974 -0.00781
651.094 -0.00833
651.215 -0.0083
651.336 -0.00773
651.456 -0.00715
651.577 -0.00705
651.697 -0.00739
651.818 -0.00775
651.938 -0.00785
652.059 -0.00786
652.179 -0.00811
652.3 -0.00862
652.42 -0.00905
652.541 -0.00914
652.662 -0.00897
652.782 -0.00872
652.903 -0.00847
653.023 -0.00821
653.144 -0.00801
653.264 -0.00808
653.385 -0.00854
653.505 -0.00934
653.626 -0.01013
653.747 -0.01041
653.867 -0.00988
653.988 -0.0088
654.108 -0.00789
654.229 -0.00778
654.349 -0.00854
654.47 -0.00966
654.59 -0.01039
654.711 -0.01016
654.831 -0.00888
654.952 -0.00705
655.073 -0.00564
655.193 -0.00535
655.314 -0.00603
655.434 -0.00686
655.555 -0.00711
655.675 -0.00673
655.796 -0.00618
655.916 -0.00601
656.037 -0.00641
656.158 -0.00718
656.278 -0.0079
656.399 -0.00815
656.519 -0.00782
656.64 -0.0072
656.76 -0.00668
656.881 -0.00651
657.001 -0.00676
657.122 -0.00738
657.242 -0.00813
657.363 -0.00859
657.484 -0.00846
657.604 -0.00788
657.725 -0.00727
657.845 -0.00688
657.966 -0.00664
658.086 -0.00655
658.207 -0.0068
658.327 -0.00753
658.448 -0.00839
658.569 -0.00881
658.689 -0.00859
658.81 -0.00807
658.93 -0.00782
659.051 -0.00808
659.171 -0.00858
659.292 -0.00883
659.412 -0.00855
659.533 -0.00787
659.654 -0.00731
659.774 -0.00725
659.895 -0.00753
660.015 -0.00771
660.136 -0.00761
660.256 -0.00753
660.377 -0.0078
660.497 -0.00822
660.618 -0.00836
660.738 -0.0081
660.859 -0.00779
660.98 -0.00785
661.1 -0.00823
661.221 -0.00854
661.341 -0.0085
661.462 -0.00816
661.582 -0.00773
661.703 -0.00736
661.823 -0.00714
661.944 -0.00715
662.065 -0.00742
662.185 -0.00788
662.306 -0.00836
662.426 -0.00861
662.547 -0.00846
662.667 -0.0079
662.788 -0.00716
662.908 -0.00663
663.029 -0.00659
663.149 -0.00691
663.27 -0.0072
663.391 -0.0072
663.511 -0.007
663.632 -0.00686
663.752 -0.00688
663.873 -0.00696
663.993 -0.00704
664.114 -0.00723
664.234 -0.00757
664.355 -0.0078
664.476 -0.00757
664.596 -0.00679
664.717 -0.00584
664.837 -0.00527
664.958 -0.0055
665.078 -0.00647
665.199 -0.00756
665.319 -0.00796
665.44 -0.00737
665.56 -0.0064
665.681 -0.00604
665.802 -0.00663
665.922 -0.00754
666.043 -0.00798
666.163 -0.00784
666.284 -0.00764
666.404 -0.00773
666.525 -0.00799
666.645 -0.00819
666.766 -0.00837
666.887 -0.00858
667.007 -0.00868
667.128 -0.00843
667.248 -0.00801
667.369 -0.00786
667.489 -0.0083
667.61 -0.00908
667.73 -0.00964
667.851 -0.00966
667.971 -0.00922
668.092 -0.00851
668.213 -0.00775
668.333 -0.00726
668.454 -0.00736
668.574 -0.0081
668.695 -0.00901
668.815 -0.00944
668.936 -0.00908
669.056 -0.00823
669.177 -0.00746
669.298 -0.00725
669.418 -0.00774
669.539 -0.00865
669.659 -0.00942
669.78 -0.0095
669.9 -0.00882
670.021 -0.00792
670.141 -0.00746
670.262 -0.00766
670.383 -0.00822
670.503 -0.00873
670.624 -0.00889
670.744 -0.00856
670.865 -0.00783
670.985 -0.00717
671.106 -0.00718
671.226 -0.00804
671.347 -0.0092
671.467 -0.00984
671.588 -0.00967
671.709 -0.0091
671.829 -0.00877
671.95 -0.00886
672.07 -0.00906
672.191 -0.0091
672.311 -0.00902
672.432 -0.00902
672.552 -0.00906
672.673 -0.00888
672.794 -0.00848
672.914 -0.00831
673.035 -0.00879
673.155 -0.00969
673.276 -0.01024
673.396 -0.00995
673.517 -0.00912
673.637 -0.00843
673.758 -0.00824
673.878 -0.00846
673.999 -0.00878
674.12 -0.0089
674.24 -0.00856
674.361 -0.00778
674.481 -0.00695
674.602 -0.00658
674.722 -0.00685
674.843 -0.00753
674.963 -0.00826
675.084 -0.00877
675.205 -0.00894
675.325 -0.00886
675.446 -0.00886
675.566 -0.00923
675.687 -0.00983
675.807 -0.01025
675.928 -0.01034
676.048 -0.01037
676.169 -0.01055
676.289 -0.01074
676.41 -0.01085
676.531 -0.01105
676.651 -0.0114
676.772 -0.01141
676.892 -0.01052
677.013 -0.00898
677.133 -0.00774
677.254 -0.00749
677.374 -0.008
677.495 -0.00852
677.616 -0.00855
677.736 -0.00795
677.857 -0.00685
677.977 -0.00566
678.098 -0.00514
678.218 -0.00572
678.339 -0.00695
678.459 -0.00774
678.58 -0.00746
678.701 -0.00653
678.821 -0.00588
678.942 -0.00604
679.062 -0.00684
679.183 -0.00781
679.303 -0.00862
679.424 -0.00904
679.544 -0.00893
679.665 -0.00832
679.785 -0.00757
679.906 -0.00724
680.027 -0.00763
680.147 -0.00847
680.268 -0.00908
680.388 -0.00902
680.509 -0.00849
680.629 -0.00801
680.75 -0.00781
680.87 -0.00768
680.991 -0.00743
681.112 -0.00722
681.232 -0.00724
681.353 -0.00731
681.473 -0.00713
681.594 -0.00681
681.714 -0.00683
681.835 -0.0073
681.955 -0.00764
682.076 -0.00732
682.196 -0.00661
682.317 -0.00631
682.438 -0.00662
682.558 -0.00686
682.679 -0.00638
682.799 -0.00543
682.92 -0.00475
683.04 -0.00474
683.161 -0.00524
683.281 -0.00603
683.402 -0.00699
683.523 -0.0078
683.643 -0.00789
683.764 -0.00707
683.884 -0.00601
684.005 -0.00568
684.125 -0.0063
684.246 -0.00723
684.366 -0.00778
684.487 -0.00791
684.607 -0.00799
684.728 -0.00816
684.849 -0.00819
684.969 -0.00791
685.09 -0.00745
685.21 -0.00717
685.331 -0.00726
685.451 -0.00752
685.572 -0.00747
685.692 -0.00681
685.813 -0.00587
685.934 -0.00544
686.054 -0.00592
686.175 -0.00685
686.295 -0.00747
686.416 -0.00759
686.536 -0.00763
686.657 -0.00785
686.777 -0.008
686.898 -0.00779
687.018 -0.00759
687.139 -0.00797
687.26 -0.00882
687.38 -0.00935
687.501 -0.00895
687.621 -0.00791
687.742 -0.00695
687.862 -0.00642
687.983 -0.00621
688.103 -0.00615
688.224 -0.00627
688.345 -0.00657
688.465 -0.0069
688.586 -0.00707
688.706 -0.00704
688.827 -0.00682
688.947 -0.00639
689.068 -0.00588
689.188 -0.00553
689.309 -0.00557
689.43 -0.00588
689.55 -0.0062
689.671 -0.00642
689.791 -0.00662
689.912 -0.00685
690.032 -0.00693
690.153 -0.00669
690.273 -0.00631
690.394 -0.0062
690.514 -0.0066
690.635 -0.00729
690.756 -0.00782
690.876 -0.00796
690.997 -0.00773
691.117 -0.00736
691.238 -0.00703
691.358 -0.00689
691.479 -0.007
691.599 -0.0073
691.72 -0.00767
691.841 -0.00797
691.961 -0.00812
692.082 -0.00808
692.202 -0.00784
692.323 -0.00758
692.443 -0.00755
692.564 -0.00784
692.684 -0.00819
692.805 -0.00819
692.925 -0.00775
693.046 -0.00717
693.167 -0.00681
693.287 -0.00676
693.408 -0.00687
693.528 -0.00712
693.649 -0.0075
693.769 -0.00787
693.89 -0.00792
694.01 -0.0076
694.131 -0.00727
694.252 -0.00729
694.372 -0.00754
694.493 -0.00749
694.613 -0.00684
694.734 -0.00584
694.854 -0.00509
694.975 -0.00495
695.095 -0.00531
695.216 -0.00585
695.337 -0.0064
695.457 -0.00696
695.578 -0.00747
695.698 -0.00778
695.819 -0.00778
695.939 -0.00758
696.06 -0.00737
696.18 -0.00715
696.301 -0.00673
696.421 -0.00614
696.542 -0.00572
696.663 -0.00583
696.783 -0.0064
696.904 -0.00698
697.024 -0.00721
697.145 -0.00707
697.265 -0.00675
697.386 -0.00645
697.506 -0.00643
697.627 -0.00683
697.748 -0.00751
697.868 -0.00799
697.989 -0.00799
698.109 -0.00774
698.23 -0.00769
698.35 -0.00785
698.471 -0.0078
698.591 -0.00729
698.712 -0.00663
698.833 -0.00632
698.953 -0.00649
699.074 -0.00682
699.194 -0.00703
699.315 -0.00713
699.435 -0.00724
699.556 -0.00732
699.676 -0.00722
699.797 -0.00689
699.917 -0.00657
700.038 -0.00651
700.159 -0.00686
700.279 -0.00748
700.4 -0.00809
700.52 -0.00845
700.641 -0.00842
700.761 -0.00805
700.882 -0.00769
701.002 -0.00774
701.123 -0.00829
701.244 -0.00883
701.364 -0.00866
701.485 -0.00758
701.605 -0.00615
701.726 -0.00523
701.846 -0.00537
701.967 -0.00648
702.087 -0.00807
702.208 -0.00942
702.328 -0.00993
702.449 -0.00945
702.57 -0.00841
702.69 -0.00751
702.811 -0.00718
702.931 -0.00741
703.052 -0.00793
703.172 -0.00844
703.293 -0.00871
703.413 -0.0086
703.534 -0.00824
703.655 -0.00797
703.775 -0.00802
703.896 -0.00825
704.016 -0.00831
704.137 -0.0081
704.257 -0.00787
704.378 -0.00798
704.498 -0.0085
704.619 -0.00911
704.74 -0.00931
704.86 -0.00887
704.981 -0.00805
705.101 -0.00733
705.222 -0.00701
705.342 -0.00703
705.463 -0.00729
705.583 -0.00778
705.704 -0.00833
705.824 -0.00845
705.945 -0.00779
706.066 -0.00661
706.186 -0.00576
706.307 -0.00581
706.427 -0.00658
706.548 -0.00744
706.668 -0.00793
706.789 -0.00797
706.909 -0.00771
707.03 -0.00743
707.151 -0.00746
707.271 -0.00793
707.392 -0.00858
707.512 -0.00885
707.633 -0.00847
707.753 -0.00781
707.874 -0.0075
707.994 -0.00779
708.115 -0.0083
708.235 -0.00848
708.356 -0.00816
708.477 -0.00765
708.597 -0.00725
708.718 -0.00698
708.838 -0.00669
708.959 -0.0064
709.079 -0.00625
709.2 -0.00624
709.32 -0.0062
709.441 -0.00605
709.562 -0.00601
709.682 -0.00631
709.803 -0.00681
709.923 -0.00704
710.044 -0.0068
710.164 -0.00643
710.285 -0.00646
710.405 -0.00699
710.526 -0.0075
710.646 -0.00743
710.767 -0.0068
710.888 -0.00613
711.008 -0.00595
711.129 -0.00623
711.249 -0.00658
711.37 -0.00677
711.49 -0.00696
711.611 -0.00739
711.731 -0.00801
711.852 -0.00852
711.973 -0.00862
712.093 -0.00825
712.214 -0.00745
712.334 -0.00634
712.455 -0.00522
712.575 -0.00457
712.696 -0.00468
712.816 -0.00533
712.937 -0.00602
713.057 -0.00642
713.178 -0.00659
713.299 -0.00673
713.419 -0.00695
713.54 -0.00731
713.66 -0.00788
713.781 -0.00859
713.901 -0.0091
714.022 -0.00904
714.142 -0.0084
714.263 -0.00762
714.384 -0.00719
714.504 -0.00709
714.625 -0.00698
714.745 -0.00661
714.866 -0.00617
714.986 -0.00603
715.107 -0.00631
715.227 -0.0068
715.348 -0.00733
715.469 -0.00794
715.589 -0.00857
715.71 -0.00882
715.83 -0.00837
715.951 -0.0075
716.071 -0.00697
716.192 -0.0072
716.312 -0.00781
716.433 -0.00811
716.553 -0.00789
716.674 -0.0074
716.795 -0.00692
716.915 -0.00654
717.036 -0.00649
717.156 -0.00705
717.277 -0.00796
717.397 -0.00841
717.518 -0.00785
717.638 -0.00678
717.759 -0.00635
717.88 -0.00706
718 -0.00823
718.121 -0.00891
718.241 -0.00882
718.362 -0.00832
718.482 -0.00777
718.603 -0.00727
718.723 -0.00681
718.844 -0.00655
718.964 -0.00656
719.085 -0.00675
719.206 -0.00687
719.326 -0.00678
719.447 -0.00655
719.567 -0.00646
719.688 -0.00679
719.808 -0.00758
719.929 -0.00841
720.049 -0.00872
720.17 -0.00838
720.291 -0.00779
720.411 -0.00741
720.532 -0.00724
720.652 -0.00694
720.773 -0.00635
720.893 -0.00573
721.014 -0.0054
721.134 -0.0054
721.255 -0.00562
721.375 -0.00593
721.496 -0.00622
721.617 -0.00634
721.737 -0.00632
721.858 -0.00639
721.978 -0.00682
722.099 -0.00746
722.219 -0.00781
722.34 -0.00763
722.46 -0.00728
722.581 -0.00739
722.702 -0.00805
722.822 -0.00867
722.943 -0.00856
723.063 -0.00766
723.184 -0.00657
723.304 -0.00598
723.425 -0.0061
723.545 -0.00663
723.666 -0.00712
723.786 -0.0073
723.907 -0.00715
724.028 -0.00683
724.148 -0.0065
724.269 -0.00629
724.389 -0.00628
724.51 -0.00652
724.63 -0.00706
724.751 -0.00775
724.871 -0.00825
724.992 -0.00827
725.113 -0.00783
725.233 -0.00733
725.354 -0.00717
725.474 -0.00743
725.595 -0.00787
725.715 -0.00817
725.836 -0.00817
725.956 -0.00787
726.077 -0.00737
726.198 -0.00692
726.318 -0.00679
726.439 -0.00699
726.559 -0.00724
726.68 -0.00723
726.8 -0.00702
726.921 -0.00692
727.041 -0.00712
727.162 -0.00743
727.282 -0.00753
727.403 -0.00734
727.524 -0.00708
727.644 -0.00697
727.765 -0.00702
727.885 -0.00712
728.006 -0.00721
728.126 -0.00725
728.247 -0.00718
728.367 -0.00698
728.488 -0.00672
728.609 -0.00657
728.729 -0.00667
728.85 -0.00701
728.97 -0.00744
729.091 -0.00776
729.211 -0.00775
729.332 -0.0073
729.452 -0.0065
729.573 -0.00575
729.693 -0.00554
729.814 -0.00606
729.935 -0.00697
730.055 -0.00771
730.176 -0.00799
730.296 -0.00796
730.417 -0.00791
730.537 -0.00796
730.658 -0.00803
730.778 -0.00797
730.899 -0.00768
731.02 -0.00717
731.14 -0.00659
731.261 -0.00634
731.381 -0.00675
731.502 -0.00761
731.622 -0.00818
731.743 -0.00783
731.863 -0.00677
731.984 -0.00581
732.104 -0.00559
732.225 -0.00613
732.346 -0.00703
732.466 -0.00785
732.587 -0.00818
732.707 -0.00783
732.828 -0.00701
732.948 -0.00637
733.069 -0.00635
733.189 -0.00676
733.31 -0.00707
733.431 -0.00719
733.551 -0.00745
733.672 -0.00791
733.792 -0.00803
733.913 -0.00738
734.033 -0.00635
734.154 -0.00578
734.274 -0.00603
734.395 -0.00664
734.516 -0.00701
734.636 -0.00703
734.757 -0.00702
734.877 -0.00717
734.998 -0.00736
735.118 -0.00735
735.239 -0.00714
735.359 -0.00706
735.48 -0.00738
735.6 -0.00793
735.721 -0.00829
735.842 -0.00818
735.962 -0.00778
736.083 -0.00743
736.203 -0.00721
736.324 -0.00702
736.444 -0.00691
736.565 -0.00708
736.685 -0.00753
736.806 -0.00786
736.927 -0.00773
737.047 -0.00728
737.168 -0.00697
737.288 -0.00698
737.409 -0.00708
737.529 -0.00694
737.65 -0.00652
737.77 -0.00611
737.891 -0.00608
738.011 -0.00654
738.132 -0.00723
738.253 -0.00766
738.373 -0.00753
738.494 -0.00702
738.614 -0.00663
738.735 -0.0066
738.855 -0.00679
738.976 -0.00688
739.096 -0.00681
739.217 -0.00673
739.338 -0.00673
739.458 -0.00664
739.579 -0.00635
739.699 -0.006
739.82 -0.00594
739.94 -0.00628
740.061 -0.00668
740.181 -0.0067
740.302 -0.00629
740.422 -0.0059
740.543 -0.006
740.664 -0.00651
740.784 -0.00691
740.905 -0.0068
741.025 -0.00633
741.146 -0.00599
741.266 -0.00608
741.387 -0.00648
741.507 -0.00674
741.628 -0.00656
741.749 -0.00602
741.869 -0.00553
741.99 -0.00545
742.11 -0.0058
742.231 -0.00629
742.351 -0.00667
742.472 -0.00698
742.592 -0.00725
742.713 -0.00737
742.833 -0.00723
742.954 -0.00701
743.075 -0.0071
743.195 -0.00756
743.316 -0.00801
743.436 -0.00815
743.557 -0.00813
743.677 -0.00833
743.798 -0.0087
743.918 -0.00879
744.039 -0.00832
744.16 -0.00759
744.28 -0.00714
744.401 -0.00713
744.521 -0.00729
744.642 -0.00731
744.762 -0.00717
744.883 -0.007
745.003 -0.0068
745.124 -0.00653
745.245 -0.00624
745.365 -0.00609
745.486 -0.0062
745.606 -0.0065
745.727 -0.00677
745.847 -0.00684
745.968 -0.00669
746.088 -0.00648
746.209 -0.00644
746.329 -0.00667
746.45 -0.00706
746.571 -0.00731
746.691 -0.00719
746.812 -0.00674
746.932 -0.0063
747.053 -0.00626
747.173 -0.00668
747.294 -0.0072
747.414 -0.00739
747.535 -0.00717
747.656 -0.00682
747.776 -0.00664
747.897 -0.0067
748.017 -0.00689
748.138 -0.0071
748.258 -0.00728
748.379 -0.00732
748.499 -0.00712
748.62 -0.00672
748.74 -0.00638
748.861 -0.00638
748.982 -0.00673
749.102 -0.00716
749.223 -0.00731
749.343 -0.00698
749.464 -0.00639
749.584 -0.00595
749.705 -0.00593
749.825 -0.00622
749.946 -0.00651
750.067 -0.00657
750.187 -0.00637
750.308 -0.00605
750.428 -0.00579
750.549 -0.00574
750.669 -0.00589
750.79 -0.00608
750.91 -0.00614
751.031 -0.00619
751.151 -0.00652
751.272 -0.00716
751.393 -0.00775
751.513 -0.00787
751.634 -0.00764
751.754 -0.0075
751.875 -0.00762
751.995 -0.0077
752.116 -0.00742
752.236 -0.00698
752.357 -0.00694
752.478 -0.00752
752.598 -0.00822
752.719 -0.00832
752.839 -0.00763
752.96 -0.00672
753.08 -0.0063
753.201 -0.00654
753.321 -0.00698
753.442 -0.00718
753.562 -0.00709
753.683 -0.00694
753.804 -0.00684
753.924 -0.00669
754.045 -0.00644
754.165 -0.00628
754.286 -0.00636
754.406 -0.00661
754.527 -0.00677
754.647 -0.00672
754.768 -0.00658
754.889 -0.00651
755.009 -0.00657
755.13 -0.00667
755.25 -0.00679
755.371 -0.00693
755.491 -0.00703
755.612 -0.00696
755.732 -0.00664
755.853 -0.00615
755.974 -0.00572
756.094 -0.00556
756.215 -0.0057
756.335 -0.00597
756.456 -0.00619
756.576 -0.00628
756.697 -0.00632
756.817 -0.00637
756.938 -0.00635
757.058 -0.00619
757.179 -0.00593
757.3 -0.00573
757.42 -0.00566
757.541 -0.00563
757.661 -0.00555
757.782 -0.0055
757.902 -0.00563
758.023 -0.00586
758.143 -0.00586
758.264 -0.00554
758.385 -0.00519
758.505 -0.00529
758.626 -0.00585
758.746 -0.00646
758.867 -0.00667
758.987 -0.00646
759.108 -0.00603
759.228 -0.00558
759.349 -0.00521
759.469 -0.00507
759.59 -0.00519
759.711 -0.00539
759.831 -0.00543
759.952 -0.00538
760.072 -0.0055
760.193 -0.0058
760.313 -0.00599
760.434 -0.0058
760.554 -0.00542
760.675 -0.00525
760.796 -0.00539
760.916 -0.00562
761.037 -0.00575
761.157 -0.00586
761.278 -0.00615
761.398 -0.00668
761.519 -0.00726
761.639 -0.00754
761.76 -0.00735
761.88 -0.00683
762.001 -0.00648
762.122 -0.00666
762.242 -0.00726
762.363 -0.00782
762.483 -0.00797
762.604 -0.00776
762.724 -0.00738
762.845 -0.00697
762.965 -0.00653
763.086 -0.00615
763.207 -0.00595
763.327 -0.00594
763.448 -0.00596
763.568 -0.00592
763.689 -0.0059
763.809 -0.00604
763.93 -0.00634
764.05 -0.00655
764.171 -0.00642
764.292 -0.00594
764.412 -0.00554
764.533 -0.00562
764.653 -0.00609
764.774 -0.00634
764.894 -0.00597
765.015 -0.00526
765.135 -0.0049
765.256 -0.00516
765.376 -0.00569
765.497 -0.00596
765.618 -0.00593
765.738 -0.00595
765.859 -0.00628
765.979 -0.00679
766.1 -0.00711
766.22 -0.00701
766.341 -0.00658
766.461 -0.00616
766.582 -0.0061
766.703 -0.00643
766.823 -0.00678
766.944 -0.00682
767.064 -0.00656
767.185 -0.00638
767.305 -0.00653
767.426 -0.00687
767.546 -0.00705
767.667 -0.00694
767.787 -0.00676
767.908 -0.00673
768.029 -0.00682
768.149 -0.00683
768.27 -0.00669
768.39 -0.00652
768.511 -0.00637
768.631 -0.00617
768.752 -0.00588
768.872 -0.00564
768.993 -0.00565
769.114 -0.00582
769.234 -0.00587
769.355 -0.00571
769.475 -0.00554
769.596 -0.00562
769.716 -0.00586
769.837 -0.006
769.957 -0.00587
770.078 -0.00561
770.198 -0.00542
770.319 -0.00547
770.44 -0.00584
770.56 -0.00647
770.681 -0.00707
770.801 -0.00722
770.922 -0.00678
771.042 -0.00614
771.163 -0.00593
771.283 -0.00638
771.404 -0.00698
771.525 -0.00704
771.645 -0.00637
771.766 -0.00557
771.886 -0.00534
772.007 -0.00585
772.127 -0.00664
772.248 -0.00718
772.368 -0.0073
772.489 -0.00712
772.61 -0.00673
772.73 -0.00621
772.851 -0.00576
772.971 -0.00568
773.092 -0.00609
773.212 -0.0067
773.333 -0.00701
773.453 -0.00675
773.574 -0.00612
773.694 -0.00557
773.815 -0.00534
773.936 -0.00535
774.056 -0.00544
774.177 -0.00568
774.297 -0.00623
774.418 -0.00692
774.538 -0.00729
774.659 -0.00705
774.779 -0.00648
774.9 -0.00604
775.021 -0.00583
775.141 -0.00559
775.262 -0.00518
775.382 -0.00485
775.503 -0.00493
775.623 -0.00542
775.744 -0.00602
775.864 -0.00639
775.985 -0.00634
776.106 -0.00583
776.226 -0.00503
776.347 -0.00432
776.467 -0.00407
776.588 -0.00432
776.708 -0.00471
776.829 -0.00488
776.949 -0.0048
777.07 -0.0048
777.19 -0.00512
777.311 -0.00563
777.432 -0.00597
777.552 -0.00596
777.673 -0.00572
777.793 -0.00541
777.914 -0.00509
778.034 -0.00478
778.155 -0.00479
778.275 -0.00537
778.396 -0.00636
778.517 -0.00707
778.637 -0.00701
778.758 -0.00628
778.878 -0.00543
778.999 -0.00493
779.119 -0.00491
779.24 -0.00532
779.36 -0.00582
779.481 -0.00599
779.601 -0.0056
779.722 -0.00502
779.843 -0.00479
779.963 -0.005
780.084 -0.00526
780.204 -0.00536
780.325 -0.00562
780.445 -0.00633
780.566 -0.00716
780.686 -0.00749
780.807 -0.00711
780.928 -0.00643
781.048 -0.00586
781.169 -0.0055
781.289 -0.00522
781.41 -0.00506
781.53 -0.00511
781.651 -0.00539
781.771 -0.00571
781.892 -0.0059
782.013 -0.00589
782.133 -0.00576
782.254 -0.00561
782.374 -0.00543
782.495 -0.00505
782.615 -0.00442
782.736 -0.00389
782.856 -0.00394
782.977 -0.00462
783.097 -0.00538
783.218 -0.00562
783.339 -0.00532
783.459 -0.005
783.58 -0.00506
783.7 -0.00545
783.821 -0.00579
783.941 -0.00579
784.062 -0.00544
784.182 -0.00495
784.303 -0.00461
784.424 -0.00467
784.544 -0.00509
784.665 -0.00557
784.785 -0.00573
784.906 -0.00546
785.026 -0.00507
785.147 -0.005
785.267 -0.00539
785.388 -0.00587
785.508 -0.00595
785.629 -0.00566
785.75 -0.00544
785.87 -0.00557
785.991 -0.00572
786.111 -0.00542
786.232 -0.0048
786.352 -0.00449
786.473 -0.0048
786.593 -0.00539
786.714 -0.00576
786.835 -0.00586
786.955 -0.00591
787.076 -0.00595
787.196 -0.0058
787.317 -0.00549
787.437 -0.00525
787.558 -0.00526
787.678 -0.00537
787.799 -0.00532
787.919 -0.00504
788.04 -0.00468
788.161 -0.00442
788.281 -0.00438
788.402 -0.00453
788.522 -0.00463
788.643 -0.00446
788.763 -0.00415
788.884 -0.00416
789.004 -0.0047
789.125 -0.00548
789.246 -0.00602
789.366 -0.00621
789.487 -0.00627
789.607 -0.00629
789.728 -0.00605
789.848 -0.00548
789.969 -0.00487
790.089 -0.00457
790.21 -0.00457
790.331 -0.00463
790.451 -0.0048
790.572 -0.00526
790.692 -0.00588
790.813 -0.00615
790.933 -0.0058
791.054 -0.00519
791.174 -0.0049
791.295 -0.00507
791.415 -0.00534
791.536 -0.00548
791.657 -0.00565
791.777 -0.00607
791.898 -0.00649
792.018 -0.00645
792.139 -0.00586
792.259 -0.00516
792.38 -0.00485
792.5 -0.00497
792.621 -0.00515
792.742 -0.00517
792.862 -0.00508
792.983 -0.00501
793.103 -0.00488
793.224 -0.00464
793.344 -0.00447
793.465 -0.00461
793.585 -0.0049
793.706 -0.00485
793.826 -0.00435
793.947 -0.00397
794.068 -0.00426
794.188 -0.005
794.309 -0.00545
794.429 -0.00528
794.55 -0.00494
794.67 -0.0049
794.791 -0.00504
794.911 -0.00502
795.032 -0.00493
795.153 -0.00511
795.273 -0.00548
795.394 -0.00554
795.514 -0.00507
795.635 -0.00448
795.755 -0.00419
795.876 -0.00411
795.996 -0.00391
796.117 -0.0036
796.237 -0.00356
796.358 -0.00397
796.479 -0.00455
796.599 -0.00497
796.72 -0.00523
796.84 -0.00552
796.961 -0.0058
797.081 -0.00573
797.202 -0.00511
797.322 -0.00422
797.443 -0.00364
797.564 -0.00367
797.684 -0.00407
797.805 -0.0044
797.925 -0.00455
798.046 -0.00474
798.166 -0.00506
798.287 -0.00526
798.407 -0.00511
798.528 -0.00477
798.648 -0.0046
798.769 -0.00468
798.89 -0.0047
799.01 -0.00441
799.131 -0.00397
799.251 -0.00371
799.372 -0.00384
799.492 -0.0043
799.613 -0.00491
799.733 -0.0055
799.854 -0.00595
799.975 -0.00621
800.095 -0.00632
800.216 -0.0063
800.336 -0.00612
800.457 -0.00572
800.577 -0.00517
800.698 -0.00468
800.818 -0.0044
800.939 -0.00435
801.06 -0.00454
801.18 -0.00495
801.301 -0.00545
801.421 -0.00574
801.542 -0.00559
801.662 -0.00507
801.783 -0.00459
801.903 -0.00439
802.024 -0.00439
802.144 -0.00434
802.265 -0.0042
802.386 -0.00409
802.506 -0.00405
802.627 -0.004
802.747 -0.00395
802.868 -0.00405
802.988 -0.0043
803.109 -0.00447
803.229 -0.00442
803.35 -0.00438
803.471 -0.00457
803.591 -0.00482
803.712 -0.00471
803.832 -0.00422
803.953 -0.00388
804.073 -0.0041
804.194 -0.0046
804.314 -0.00479
804.435 -0.00455
804.555 -0.00429
804.676 -0.00432
804.797 -0.00443
804.917 -0.00435
805.038 -0.00418
805.158 -0.00428
805.279 -0.00466
805.399 -0.0049
805.52 -0.00468
805.64 -0.00422
805.761 -0.00396
805.882 -0.00408
806.002 -0.00437
806.123 -0.00461
806.243 -0.00485
806.364 -0.0052
806.484 -0.00555
806.605 -0.00563
806.725 -0.00532
806.846 -0.00478
806.966 -0.00426
807.087 -0.00396
807.208 -0.00397
807.328 -0.00433
807.449 -0.00494
807.569 -0.00551
807.69 -0.00582
807.81 -0.00581
807.931 -0.00565
808.051 -0.00545
808.172 -0.00523
808.293 -0.00498
808.413 -0.00477
808.534 -0.00465
808.654 -0.00447
808.775 -0.00405
808.895 -0.00344
809.016 -0.00301
809.136 -0.00305
809.257 -0.00351
809.378 -0.00405
809.498 -0.00444
809.619 -0.00476
809.739 -0.00516
809.86 -0.00561
809.98 -0.00586
810.101 -0.00571
810.221 -0.00521
810.342 -0.00462
810.462 -0.00429
810.583 -0.0044
810.704 -0.00472
810.824 -0.00478
810.945 -0.00432
811.065 -0.00363
811.186 -0.00323
811.306 -0.00336
811.427 -0.00369
811.547 -0.00383
811.668 -0.00382
811.789 -0.00392
811.909 -0.00415
812.03 -0.00421
812.15 -0.00394
812.271 -0.00359
812.391 -0.00359
812.512 -0.00404
812.632 -0.00465
812.753 -0.00504
812.873 -0.00501
812.994 -0.00463
813.115 -0.00412
813.235 -0.00376
813.356 -0.00379
813.476 -0.00419
813.597 -0.00475
813.717 -0.00519
813.838 -0.00539
813.958 -0.00544
814.079 -0.00542
814.2 -0.00534
814.32 -0.0052
814.441 -0.00513
814.561 -0.00528
814.682 -0.00564
814.802 -0.00591
814.923 -0.00577
815.043 -0.00521
815.164 -0.00456
815.284 -0.00419
815.405 -0.00428
815.526 -0.00469
815.646 -0.00513
815.767 -0.00529
815.887 -0.00504
816.008 -0.00451
816.128 -0.00405
816.249 -0.00389
816.369 -0.00399
816.49 -0.00413
816.611 -0.00423
816.731 -0.00438
816.852 -0.00462
816.972 -0.00484
817.093 -0.00492
817.213 -0.00487
817.334 -0.00475
817.454 -0.00455
817.575 -0.00426
817.695 -0.004
817.816 -0.00396
817.937 -0.00417
818.057 -0.00441
818.178 -0.00444
818.298 -0.00421
818.419 -0.00391
818.539 -0.00375
818.66 -0.00379
818.78 -0.004
818.901 -0.00427
819.022 -0.0045
819.142 -0.00453
819.263 -0.0043
819.383 -0.00396
819.504 -0.0038
819.624 -0.00398
819.745 -0.00444
819.865 -0.00497
819.986 -0.00541
820.107 -0.00574
820.227 -0.00596
820.348 -0.00601
820.468 -0.00588
820.589 -0.00562
820.709 -0.00529
820.83 -0.00503
820.95 -0.00503
821.071 -0.00537
821.191 -0.00588
821.312 -0.00608
821.433 -0.00571
821.553 -0.00508
821.674 -0.00484
821.794 -0.00524
821.915 -0.00591
822.035 -0.00624
822.156 -0.00608
822.276 -0.00572
822.397 -0.00538
822.518 -0.00503
822.638 -0.00463
822.759 -0.00444
822.879 -0.00467
823 -0.00512
823.12 -0.00533
823.241 -0.00514
823.361 -0.00482
823.482 -0.00463
823.602 -0.0045
823.723 -0.00417
823.844 -0.00367
823.964 -0.00336
824.085 -0.00355
824.205 -0.00413
824.326 -0.00475
824.446 -0.00504
824.567 -0.00494
824.687 -0.00457
824.808 -0.00421
824.929 -0.00409
825.049 -0.0043
825.17 -0.00476
825.29 -0.00523
825.411 -0.00542
825.531 -0.00517
825.652 -0.00462
825.772 -0.00418
825.893 -0.0042
826.013 -0.00466
826.134 -0.00526
826.255 -0.00571
826.375 -0.00599
826.496 -0.00615
826.616 -0.00612
826.737 -0.0058
826.857 -0.00524
826.978 -0.0048
827.098 -0.00474
827.219 -0.00491
827.34 -0.00491
827.46 -0.00458
827.581 -0.00419
827.701 -0.00411
827.822 -0.00437
827.942 -0.00454
828.063 -0.00428
828.183 -0.00376
828.304 -0.00346
828.424 -0.00363
828.545 -0.00402
828.666 -0.00419
828.786 -0.00395
828.907 -0.00348
829.027 -0.00308
829.148 -0.00296
829.268 -0.00311
829.389 -0.00345
829.509 -0.00383
829.63 -0.0042
829.751 -0.00453
829.871 -0.00478
829.992 -0.00485
830.112 -0.00467
830.233 -0.00437
830.353 -0.0042
830.474 -0.00427
830.594 -0.0044
830.715 -0.00431
830.836 -0.00394
830.956 -0.00353
831.077 -0.00342
831.197 -0.00373
831.318 -0.00427
831.438 -0.00472
831.559 -0.00488
831.679 -0.00484
831.8 -0.00486
831.92 -0.00511
832.041 -0.00545
832.162 -0.00565
832.282 -0.00566
832.403 -0.0056
832.523 -0.00554
832.644 -0.00548
832.764 -0.0055
832.885 -0.00578
833.005 -0.00627
833.126 -0.00656
833.247 -0.00632
833.367 -0.00574
833.488 -0.00536
833.608 -0.00541
833.729 -0.00557
833.849 -0.00543
833.97 -0.00496
834.09 -0.00441
834.211 -0.00397
834.331 -0.00367
834.452 -0.00351
834.573 -0.00362
834.693 -0.00398
834.814 -0.00437
834.934 -0.00453
835.055 -0.00439
835.175 -0.00408
835.296 -0.00374
835.416 -0.00345
835.537 -0.00336
835.658 -0.00366
835.778 -0.0044
835.899 -0.00522
836.019 -0.00554
836.14 -0.0051
836.26 -0.00434
836.381 -0.00398
836.501 -0.00427
836.622 -0.00476
836.742 -0.00484
836.863 -0.00446
836.984 -0.004
837.104 -0.00378
837.225 -0.0038
837.345 -0.00406
837.466 -0.00458
837.586 -0.00515
837.707 -0.00533
837.827 -0.00492
837.948 -0.00427
838.069 -0.00389
838.189 -0.00396
838.31 -0.00429
838.43 -0.00471
838.551 -0.00508
838.671 -0.00514
838.792 -0.00471
838.912 -0.00404
839.033 -0.00366
839.154 -0.0038
839.274 -0.00416
839.395 -0.00436
839.515 -0.00441
839.636 -0.00452
839.756 -0.00464
839.877 -0.00457
839.997 -0.00431
840.118 -0.00415
840.238 -0.00431
840.359 -0.00474
840.48 -0.00519
840.6 -0.00543
840.721 -0.00533
840.841 -0.00496
840.962 -0.00461
841.082 -0.00452
841.203 -0.00467
841.323 -0.00483
841.444 -0.00494
841.565 -0.00514
841.685 -0.00542
841.806 -0.00547
841.926 -0.00507
842.047 -0.00452
842.167 -0.00436
842.288 -0.00468
842.408 -0.005
842.529 -0.00489
842.649 -0.00452
842.77 -0.00442
842.891 -0.00476
843.011 -0.00521
843.132 -0.00534
843.252 -0.0051
843.373 -0.00469
843.493 -0.00428
843.614 -0.00388
843.734 -0.0036
843.855 -0.00359
843.976 -0.00385
844.096 -0.0041
844.217 -0.00411
844.337 -0.00398
844.458 -0.004
844.578 -0.00419
844.699 -0.0043
844.819 -0.00418
844.94 -0.00398
845.06 -0.00396
845.181 -0.00418
845.302 -0.00455
845.422 -0.00501
845.543 -0.00548
845.663 -0.0058
845.784 -0.00573
845.904 -0.00528
846.025 -0.00467
846.145 -0.00419
846.266 -0.00396
846.387 -0.00402
846.507 -0.00438
846.628 -0.00487
846.748 -0.00521
846.869 -0.00523
846.989 -0.005
847.11 -0.00472
847.23 -0.00453
847.351 -0.00444
847.471 -0.00449
847.592 -0.00463
847.713 -0.00468
847.833 -0.00452
847.954 -0.00432
848.074 -0.00442
848.195 -0.00481
848.315 -0.00509
848.436 -0.00497
848.556 -0.00465
848.677 -0.00453
848.798 -0.0046
848.918 -0.00456
849.039 -0.00427
849.159 -0.00398
849.28 -0.00388
849.4 -0.00384
849.521 -0.00364
849.641 -0.00344
849.762 -0.00361
849.883 -0.00417
850.003 -0.00475
850.124 -0.00491
850.244 -0.00468
850.365 -0.00437
850.485 -0.00423
850.606 -0.00427
850.726 -0.00435
850.847 -0.00441
850.967 -0.00448
851.088 -0.0046
851.209 -0.00475
851.329 -0.00482
851.45 -0.00472
851.57 -0.00453
851.691 -0.00447
851.811 -0.00466
851.932 -0.00488
852.052 -0.00476
852.173 -0.00422
852.294 -0.00366
852.414 -0.00356
852.535 -0.00398
852.655 -0.00454
852.776 -0.0048
852.896 -0.00467
853.017 -0.00441
853.137 -0.00427
853.258 -0.00428
853.378 -0.00425
853.499 -0.00417
853.62 -0.00422
853.74 -0.00457
853.861 -0.00502
853.981 -0.00517
854.102 -0.00494
854.222 -0.00469
854.343 -0.00479
854.463 -0.00513
854.584 -0.0052
854.705 -0.00476
854.825 -0.00408
854.946 -0.00359
855.066 -0.00344
855.187 -0.00349
855.307 -0.00362
855.428 -0.0038
855.548 -0.00398
855.669 -0.00398
855.79 -0.00376
855.91 -0.00351
856.031 -0.00352
856.151 -0.00392
856.272 -0.0045
856.392 -0.00485
856.513 -0.0047
856.633 -0.00418
856.754 -0.00377
856.874 -0.00377
856.995 -0.00403
857.116 -0.00418
857.236 -0.00419
857.357 -0.00438
857.477 -0.00485
857.598 -0.00528
857.718 -0.00527
857.839 -0.00493
857.959 -0.0047
858.08 -0.00483
858.201 -0.00509
858.321 -0.00517
858.442 -0.00503
858.562 -0.00484
858.683 -0.00475
858.803 -0.00482
858.924 -0.00498
859.044 -0.0051
859.165 -0.00502
859.286 -0.0048
859.406 -0.00473
859.527 -0.00499
859.647 -0.00525
859.768 -0.00501
859.888 -0.00417
860.009 -0.00323
860.129 -0.00283
860.25 -0.00306
860.37 -0.00349
860.491 -0.00377
860.612 -0.00389
860.732 -0.004
860.853 -0.00408
860.973 -0.00401
861.094 -0.00386
861.214 -0.00387
861.335 -0.00417
861.455 -0.00458
861.576 -0.00478
861.697 -0.00467
861.817 -0.00436
861.938 -0.004
862.058 -0.0036
862.179 -0.00321
862.299 -0.00295
862.42 -0.00297
862.54 -0.0033
862.661 -0.00382
862.781 -0.00441
862.902 -0.00501
863.023 -0.00565
863.143 -0.00629
863.264 -0.00678
863.384 -0.00683
863.505 -0.00632
863.625 -0.00546
863.746 -0.00473
863.866 -0.00443
863.987 -0.00445
864.108 -0.00446
864.228 -0.00432
864.349 -0.00414
864.469 -0.00403
864.59 -0.004
864.71 -0.00405
864.831 -0.00431
864.951 -0.0048
865.072 -0.00527
865.193 -0.00539
865.313 -0.00512
865.434 -0.00484
865.554 -0.00486
865.675 -0.0051
865.795 -0.00523
865.916 -0.00509
866.036 -0.00492
866.157 -0.00499
866.277 -0.00516
866.398 -0.00504
866.519 -0.00456
866.639 -0.00419
866.76 -0.00437
866.88 -0.0049
867.001 -0.00505
867.121 -0.00445
867.242 -0.00361
867.362 -0.00339
867.483 -0.00397
867.604 -0.0047
867.724 -0.00485
867.845 -0.00438
867.965 -0.00388
868.086 -0.00378
868.206 -0.00392
868.327 -0.00387
868.447 -0.00352
868.568 -0.00321
868.688 -0.00333
868.809 -0.00391
868.93 -0.00465
869.05 -0.00524
869.171 -0.00554
869.291 -0.00561
869.412 -0.00553
869.532 -0.00534
869.653 -0.00504
869.773 -0.0046
869.894 -0.00403
870.015 -0.00351
870.135 -0.00342
870.256 -0.00392
870.376 -0.00466
870.497 -0.00494
870.617 -0.00446
870.738 -0.00362
870.858 -0.00312
870.979 -0.0032
871.099 -0.00349
871.22 -0.00359
871.341 -0.00359
871.461 -0.00374
871.582 -0.00406
871.702 -0.00422
871.823 -0.00403
871.943 -0.00369
872.064 -0.00351
872.184 -0.0036
872.305 -0.00389
872.426 -0.00432
872.546 -0.00479
872.667 -0.0051
872.787 -0.00506
872.908 -0.00478
873.028 -0.00463
873.149 -0.00475
873.269 -0.00492
873.39 -0.00482
873.51 -0.00448
873.631 -0.00427
873.752 -0.00445
873.872 -0.00485
873.993 -0.0051
874.113 -0.00495
874.234 -0.00444
874.354 -0.00384
874.475 -0.00352
874.595 -0.00367
874.716 -0.00419
874.837 -0.00464
874.957 -0.00463
875.078 -0.00415
875.198 -0.00357
875.319 -0.00325
875.439 -0.0032
875.56 -0.00322
875.68 -0.00309
875.801 -0.00286
875.922 -0.00278
876.042 -0.00307
876.163 -0.00371
876.283 -0.00441
876.404 -0.00481
876.524 -0.00483
876.645 -0.00463
876.765 -0.00439
876.886 -0.00418
877.006 -0.00398
877.127 -0.00384
877.248 -0.00382
877.368 -0.00398
877.489 -0.00437
877.609 -0.00493
877.73 -0.00537
877.85 -0.00527
877.971 -0.00449
878.091 -0.00347
878.212 -0.00296
878.333 -0.00328
878.453 -0.00399
878.574 -0.00438
878.694 -0.00412
878.815 -0.0035
878.935 -0.00306
879.056 -0.0031
879.176 -0.00346
879.297 -0.00374
879.417 -0.0037
879.538 -0.00352
879.659 -0.0035
879.779 -0.00361
879.9 -0.00352
880.02 -0.00301
880.141 -0.00241
880.261 -0.00221
880.382 -0.00254
880.502 -0.00309
880.623 -0.00353
880.744 -0.00391
880.864 -0.00431
880.985 -0.00459
881.105 -0.00452
881.226 -0.00414
881.346 -0.00376
881.467 -0.00362
881.587 -0.00369
881.708 -0.0038
881.828 -0.00389
881.949 -0.00397
882.07 -0.00402
882.19 -0.00398
882.311 -0.00391
882.431 -0.0039
882.552 -0.00393
882.672 -0.00385
882.793 -0.00359
882.913 -0.00338
883.034 -0.00348
883.155 -0.00382
883.275 -0.00398
883.396 -0.00366
883.516 -0.00306
883.637 -0.00271
883.757 -0.00287
883.878 -0.00335
883.998 -0.00382
884.119 -0.00412
884.24 -0.00431
884.36 -0.00444
884.481 -0.00446
884.601 -0.00433
884.722 -0.00407
884.842 -0.00378
884.963 -0.00357
885.083 -0.00357
885.204 -0.00379
885.324 -0.00411
885.445 -0.00436
885.566 -0.00448
885.686 -0.0045
885.807 -0.00441
885.927 -0.00417
886.048 -0.00381
886.168 -0.00344
886.289 -0.00311
886.409 -0.00281
886.53 -0.00261
886.651 -0.00268
886.771 -0.0031
886.892 -0.00365
887.012 -0.00404
887.133 -0.00425
887.253 -0.00451
887.374 -0.00493
887.494 -0.00536
887.615 -0.00556
887.735 -0.00546
887.856 -0.00516
887.977 -0.00487
888.097 -0.00474
888.218 -0.00479
888.338 -0.00491
888.459 -0.00486
888.579 -0.00453
888.7 -0.00404
888.82 -0.00365
888.941 -0.0035
889.062 -0.00354
889.182 -0.00359
889.303 -0.0035
889.423 -0.00326
889.544 -0.0031
889.664 -0.00331
889.785 -0.00397
889.905 -0.00476
890.026 -0.00518
890.146 -0.00511
890.267 -0.0049
890.388 -0.00486
890.508 -0.0049
890.629 -0.00474
890.749 -0.00443
890.87 -0.00438
890.99 -0.0048
891.111 -0.00529
891.231 -0.0053
891.352 -0.0048
891.473 -0.00437
891.593 -0.00454
891.714 -0.00514
891.834 -0.00554
891.955 -0.00536
892.075 -0.00476
892.196 -0.00421
892.316 -0.00408
892.437 -0.00439
892.557 -0.00495
892.678 -0.00543
892.799 -0.00549
892.919 -0.00504
893.04 -0.00434
893.16 -0.00385
893.281 -0.00378
893.401 -0.00389
893.522 -0.00376
893.642 -0.00331
893.763 -0.00295
893.884 -0.00313
894.004 -0.00384
894.125 -0.0046
894.245 -0.00485
894.366 -0.00451
894.486 -0.00403
894.607 -0.00394
894.727 -0.00437
894.848 -0.00493
894.969 -0.00517
895.089 -0.00507
895.21 -0.0049
895.33 -0.00475
895.451 -0.00431
895.571 -0.00335
895.692 -0.00225
895.812 -0.00175
895.933 -0.00214
896.053 -0.00289
896.174 -0.00327
896.295 -0.00315
896.415 -0.00295
896.536 -0.00307
896.656 -0.00347
896.777 -0.00386
896.897 -0.00411
897.018 -0.00429
897.138 -0.00444
897.259 -0.00448
897.38 -0.00431
897.5 -0.00405
897.621 -0.00393
897.741 -0.00408
897.862 -0.0043
897.982 -0.00429
898.103 -0.004
898.223 -0.00372
898.344 -0.00364
898.464 -0.00354
898.585 -0.00309
898.706 -0.00243
898.826 -0.00209
898.947 -0.00244
899.067 -0.00328
899.188 -0.00409
899.308 -0.00457
899.429 -0.00464
899.549 -0.00438
899.67 -0.00403
899.791 -0.00396
899.911 -0.0043
900.032 -0.00465
900.152 -0.00452
900.273 -0.00392
900.393 -0.00346
900.514 -0.0036
900.634 -0.00417
900.755 -0.00458
900.875 -0.00455
900.996 -0.00432
901.117 -0.00424
901.237 -0.00442
901.358 -0.00459
901.478 -0.00443
901.599 -0.00385
901.719 -0.00313
901.84 -0.00277
901.96 -0.00304
902.081 -0.00376
902.202 -0.00446
902.322 -0.00482
902.443 -0.00493
902.563 -0.00519
902.684 -0.00582
902.804 -0.00648
902.925 -0.00657
903.045 -0.00586
903.166 -0.00491
903.286 -0.0045
903.407 -0.00486
903.528 -0.00544
903.648 -0.00559
903.769 -0.00524
903.889 -0.0048
904.01 -0.00456
904.13 -0.00444
904.251 -0.00433
904.371 -0.0042
904.492 -0.00403
904.613 -0.00371
904.733 -0.00332
904.854 -0.0032
904.974 -0.0036
905.095 -0.0043
905.215 -0.00472
905.336 -0.00451
905.456 -0.00393
905.577 -0.00349
905.698 -0.00348
905.818 -0.00371
905.939 -0.00391
906.059 -0.00396
906.18 -0.00403
906.3 -0.00423
906.421 -0.00453
906.541 -0.0048
906.662 -0.00493
906.782 -0.00486
906.903 -0.00455
907.024 -0.0041
907.144 -0.00375
907.265 -0.0037
907.385 -0.00391
907.506 -0.00417
907.626 -0.00437
907.747 -0.00452
907.867 -0.00457
907.988 -0.00441
908.109 -0.00409
908.229 -0.0039
908.35 -0.0041
908.47 -0.0045
908.591 -0.00466
908.711 -0.00447
908.832 -0.00428
908.952 -0.00439
909.073 -0.00462
909.193 -0.00456
909.314 -0.00403
909.435 -0.00335
909.555 -0.00293
909.676 -0.00293
909.796 -0.00328
909.917 -0.00388
910.037 -0.00456
910.158 -0.00502
910.278 -0.00499
910.399 -0.0046
910.52 -0.00435
910.64 -0.00461
910.761 -0.00515
910.881 -0.00543
911.002 -0.00518
911.122 -0.00465
911.243 -0.00423
911.363 -0.00404
911.484 -0.00393
911.604 -0.00381
911.725 -0.0038
911.846 -0.00393
911.966 -0.00408
912.087 -0.00403
912.207 -0.00366
912.328 -0.00307
912.448 -0.00247
912.569 -0.00216
912.689 -0.00234
912.81 -0.00297
912.931 -0.00376
913.051 -0.00436
913.172 -0.00466
913.292 -0.00485
913.413 -0.00516
913.533 -0.00563
913.654 -0.006
913.774 -0.00601
913.895 -0.00564
914.016 -0.00518
914.136 -0.00493
914.257 -0.00495
914.377 -0.00503
914.498 -0.00499
914.618 -0.00479
914.739 -0.00458
914.859 -0.00451
914.98 -0.00466
915.1 -0.00494
915.221 -0.00513
915.342 -0.00506
915.462 -0.00472
915.583 -0.00431
915.703 -0.00401
915.824 -0.00389
915.944 -0.00385
916.065 -0.0038
916.185 -0.00371
916.306 -0.00362
916.427 -0.00365
916.547 -0.00382
916.668 -0.00401
916.788 -0.00406
916.909 -0.00396
917.029 -0.00386
917.15 -0.0039
917.27 -0.00405
917.391 -0.00423
917.511 -0.00439
917.632 -0.00454
917.753 -0.00453
917.873 -0.00416
917.994 -0.00348
918.114 -0.00289
918.235 -0.00278
918.355 -0.00313
918.476 -0.0035
918.596 -0.00357
918.717 -0.00344
918.838 -0.00347
918.958 -0.0037
919.079 -0.00385
919.199 -0.00372
919.32 -0.00358
919.44 -0.00382
919.561 -0.00439
919.681 -0.00473
919.802 -0.00442
919.922 -0.00365
920.043 -0.00307
920.164 -0.00312
920.284 -0.00365
920.405 -0.00424
920.525 -0.00454
920.646 -0.00452
920.766 -0.00435
920.887 -0.00433
921.007 -0.00454
921.128 -0.00485
921.249 -0.00499
921.369 -0.00487
921.49 -0.0046
921.61 -0.0043
921.731 -0.00401
921.851 -0.00382
921.972 -0.00386
922.092 -0.00407
922.213 -0.00408
922.333 -0.00374
922.454 -0.00342
922.575 -0.00366
922.695 -0.00439
922.816 -0.00486
922.936 -0.00452
923.057 -0.00368
923.177 -0.00318
923.298 -0.00339
923.418 -0.00388
923.539 -0.00404
923.66 -0.00383
923.78 -0.0036
923.901 -0.00356
924.021 -0.0035
924.142 -0.0033
924.262 -0.0032
924.383 -0.00352
924.503 -0.00418
924.624 -0.00471
924.745 -0.0048
924.865 -0.00453
924.986 -0.00418
925.106 -0.00387
925.227 -0.00362
925.347 -0.0035
925.468 -0.00355
925.588 -0.00367
925.709 -0.00362
925.829 -0.00332
925.95 -0.00302
926.071 -0.00303
926.191 -0.00343
926.312 -0.00391
926.432 -0.00404
926.553 -0.00374
926.673 -0.00341
926.794 -0.00358
926.914 -0.00423
927.035 -0.00469
927.156 -0.00437
927.276 -0.00352
927.397 -0.00298
927.517 -0.00321
927.638 -0.00384
927.758 -0.00429
927.879 -0.0044
927.999 -0.00437
928.12 -0.00425
928.24 -0.00396
928.361 -0.0036
928.482 -0.00345
928.602 -0.00358
928.723 -0.00379
928.843 -0.00392
928.964 -0.00401
929.084 -0.00404
929.205 -0.00395
929.325 -0.00377
929.446 -0.00371
929.567 -0.00381
929.687 -0.00381
929.808 -0.00351
929.928 -0.00317
930.049 -0.00312
930.169 -0.00333
930.29 -0.00345
930.41 -0.00339
930.531 -0.0034
930.651 -0.00367
930.772 -0.00403
930.893 -0.00423
931.013 -0.00425
931.134 -0.0042
931.254 -0.00416
931.375 -0.00413
931.495 -0.00412
931.616 -0.00411
931.736 -0.00407
931.857 -0.00409
931.978 -0.00433
932.098 -0.00468
932.219 -0.00478
932.339 -0.00435
932.46 -0.00361
932.58 -0.00303
932.701 -0.00276
932.821 -0.00258
932.942 -0.00237
933.062 -0.00233
933.183 -0.00264
933.304 -0.00307
933.424 -0.00322
933.545 -0.00305
933.665 -0.00291
933.786 -0.00308
933.906 -0.00348
934.027 -0.00385
934.147 -0.00406
934.268 -0.00414
934.389 -0.00413
934.509 -0.00408
934.63 -0.00399
934.75 -0.00384
934.871 -0.00362
934.991 -0.00337
935.112 -0.00325
935.232 -0.00335
935.353 -0.00359
935.474 -0.00374
935.594 -0.0037
935.715 -0.00361
935.835 -0.00358
935.956 -0.00357
936.076 -0.00347
936.197 -0.00323
936.317 -0.00296
936.438 -0.00272
936.558 -0.00253
936.679 -0.00253
936.8 -0.00288
936.92 -0.00348
937.041 -0.00393
937.161 -0.00386
937.282 -0.00338
937.402 -0.00291
937.523 -0.00265
937.643 -0.00251
937.764 -0.00238
937.885 -0.00247
938.005 -0.00298
938.126 -0.00378
938.246 -0.00448
938.367 -0.00484
938.487 -0.00496
938.608 -0.005
938.728 -0.00497
938.849 -0.00485
938.97 -0.00467
939.09 -0.00448
939.211 -0.0043
939.331 -0.00411
939.452 -0.00399
939.572 -0.00401
939.693 -0.00405
939.813 -0.00391
939.934 -0.00364
940.054 -0.00349
940.175 -0.00359
940.296 -0.00376
940.416 -0.00383
940.537 -0.00396
940.657 -0.00437
940.778 -0.00502
940.898 -0.0055
941.019 -0.00554
941.139 -0.00525
941.26 -0.00491
941.381 -0.00455
941.501 -0.00414
941.622 -0.00379
941.742 -0.00375
941.863 -0.004
941.983 -0.00421
942.104 -0.00407
942.224 -0.00366
942.345 -0.00329
942.466 -0.00313
942.586 -0.00315
942.707 -0.00329
942.827 -0.00351
942.948 -0.00375
943.068 -0.00399
943.189 -0.0042
943.309 -0.00432
943.43 -0.00419
943.55 -0.00369
943.671 -0.00309
943.792 -0.00283
943.912 -0.00311
944.033 -0.00364
944.153 -0.00404
944.274 -0.00422
944.394 -0.00432
944.515 -0.00442
944.635 -0.00442
944.756 -0.00434
944.877 -0.00433
944.997 -0.00447
945.118 -0.00458
945.238 -0.00448
945.359 -0.00428
945.479 -0.00438
945.6 -0.00494
945.72 -0.00568
945.841 -0.00609
945.961 -0.00594
946.082 -0.00542
946.203 -0.00485
946.323 -0.00432
946.444 -0.00378
946.564 -0.00325
946.685 -0.00298
946.805 -0.00314
946.926 -0.00366
947.046 -0.00424
947.167 -0.00469
947.288 -0.00499
947.408 -0.00524
947.529 -0.00546
947.649 -0.00556
947.77 -0.00544
947.89 -0.00505
948.011 -0.0045
948.131 -0.00398
948.252 -0.00375
948.372 -0.00385
948.493 -0.00412
948.614 -0.00428
948.734 -0.00416
948.855 -0.00383
948.975 -0.0035
949.096 -0.00331
949.216 -0.00322
949.337 -0.00309
949.457 -0.00293
949.578 -0.00296
949.699 -0.00333
949.819 -0.0039
949.94 -0.00437
950.06 -0.00459
950.181 -0.00469
950.301 -0.00469
950.422 -0.00442
950.542 -0.00378
950.663 -0.00309
950.784 -0.00282
950.904 -0.00308
951.025 -0.00349
951.145 -0.00363
951.266 -0.00343
951.386 -0.00318
951.507 -0.00318
951.627 -0.00353
951.748 -0.00402
951.868 -0.00429
951.989 -0.00411
952.11 -0.00359
952.23 -0.00314
952.351 -0.00302
952.471 -0.00315
952.592 -0.00333
952.712 -0.00353
952.833 -0.00379
952.953 -0.00404
953.074 -0.00411
953.195 -0.00399
953.315 -0.0039
953.436 -0.00396
953.556 -0.00402
953.677 -0.00395
953.797 -0.00379
953.918 -0.0037
954.038 -0.00367
954.159 -0.00356
954.279 -0.00339
954.4 -0.00336
954.521 -0.00365
954.641 -0.00413
954.762 -0.00453
954.882 -0.00464
955.003 -0.00446
955.123 -0.00412
955.244 -0.00373
955.364 -0.00336
955.485 -0.00304
955.606 -0.00275
955.726 -0.00252
955.847 -0.00247
955.967 -0.00274
956.088 -0.00325
956.208 -0.00374
956.329 -0.00394
956.449 -0.00389
956.57 -0.00385
956.69 -0.00397
956.811 -0.00402
956.932 -0.00368
957.052 -0.00294
957.173 -0.00232
957.293 -0.00234
957.414 -0.00301
957.534 -0.00385
957.655 -0.00439
957.775 -0.0046
957.896 -0.0047
958.017 -0.00485
958.137 -0.00498
958.258 -0.00496
958.378 -0.00483
958.499 -0.00472
958.619 -0.00468
958.74 -0.00461
958.86 -0.00436
958.981 -0.00399
959.102 -0.00373
959.222 -0.00378
959.343 -0.00406
959.463 -0.00425
959.584 -0.00417
959.704 -0.00398
959.825 -0.00397
959.945 -0.0043
960.066 -0.00487
960.186 -0.0054
960.307 -0.00557
960.428 -0.00518
960.548 -0.00439
960.669 -0.00372
960.789 -0.00362
960.91 -0.00395
961.03 -0.00424
961.151 -0.00428
961.271 -0.00429
961.392 -0.00445
961.513 -0.00457
961.633 -0.0044
961.754 -0.00406
961.874 -0.00386
961.995 -0.0038
962.115 -0.00368
962.236 -0.00352
962.356 -0.00368
962.477 -0.00431
962.597 -0.00503
962.718 -0.00533
962.839 -0.00505
962.959 -0.0045
963.08 -0.00403
963.2 -0.00383
963.321 -0.00393
963.441 -0.00425
963.562 -0.00458
963.682 -0.00478
963.803 -0.00481
963.924 -0.0047
964.044 -0.0045
964.165 -0.00425
964.285 -0.00412
964.406 -0.00421
964.526 -0.00442
964.647 -0.00448
964.767 -0.0043
964.888 -0.00402
965.008 -0.00377
965.129 -0.00353
965.25 -0.00335
965.37 -0.00348
965.491 -0.0041
965.611 -0.00492
965.732 -0.00536
965.852 -0.00517
965.973 -0.0047
966.093 -0.00447
966.214 -0.00454
966.335 -0.00456
966.455 -0.00433
966.576 -0.00413
966.696 -0.00436
966.817 -0.00498
966.937 -0.00546
967.058 -0.00537
967.178 -0.0048
967.299 -0.00422
967.419 -0.0039
967.54 -0.00376
967.661 -0.0037
967.781 -0.00375
967.902 -0.004
968.022 -0.00429
968.143 -0.00442
968.263 -0.00433
968.384 -0.00414
968.504 -0.00396
968.625 -0.00386
968.746 -0.00392
968.866 -0.00421
968.987 -0.0046
969.107 -0.00486
969.228 -0.00484
969.348 -0.00463
969.469 -0.00441
969.589 -0.00431
969.71 -0.00437
969.831 -0.00456
969.951 -0.00472
970.072 -0.0046
970.192 -0.00412
970.313 -0.0035
970.433 -0.00306
970.554 -0.00288
970.674 -0.00287
970.795 -0.00295
970.915 -0.00319
971.036 -0.00357
971.157 -0.00394
971.277 -0.00417
971.398 -0.00427
971.518 -0.00433
971.639 -0.0043
971.759 -0.00414
971.88 -0.00387
972 -0.00363
972.121 -0.00344
972.242 -0.00329
972.362 -0.00323
972.483 -0.00332
972.603 -0.00355
972.724 -0.00376
972.844 -0.00385
972.965 -0.00384
973.085 -0.00381
973.206 -0.00377
973.326 -0.00366
973.447 -0.00361
973.568 -0.0038
973.688 -0.00425
973.809 -0.00467
973.929 -0.00471
974.05 -0.00434
974.17 -0.0039
974.291 -0.00377
974.411 -0.00401
974.532 -0.00433
974.653 -0.00439
974.773 -0.00409
974.894 -0.00364
975.014 -0.00336
975.135 -0.00332
975.255 -0.00333
975.376 -0.00321
975.496 -0.00293
975.617 -0.00267
975.737 -0.00257
975.858 -0.00269
975.979 -0.00314
976.099 -0.00389
976.22 -0.00465
976.34 -0.00496
976.461 -0.00467
976.581 -0.00419
976.702 -0.00399
976.822 -0.00404
976.943 -0.0039
977.064 -0.00347
977.184 -0.00323
977.305 -0.00361
977.425 -0.0043
977.546 -0.00462
977.666 -0.0043
977.787 -0.00388
977.907 -0.00398
978.028 -0.00465
978.148 -0.00534
978.269 -0.00549
978.39 -0.005
978.51 -0.00428
978.631 -0.00383
978.751 -0.0038
978.872 -0.00394
978.992 -0.00392
979.113 -0.00377
979.233 -0.0038
979.354 -0.00414
979.475 -0.00455
979.595 -0.00469
979.716 -0.00451
979.836 -0.00428
979.957 -0.00425
980.077 -0.00435
980.198 -0.00425
980.318 -0.00374
980.439 -0.00296
980.56 -0.00238
980.68 -0.00241
980.801 -0.00295
980.921 -0.00345
981.042 -0.00346
981.162 -0.00319
981.283 -0.00318
981.403 -0.00368
981.524 -0.00437
981.644 -0.00478
981.765 -0.00482
981.886 -0.00478
982.006 -0.00485
982.127 -0.00491
982.247 -0.00479
982.368 -0.00458
982.488 -0.00459
982.609 -0.00502
982.729 -0.00562
982.85 -0.00596
982.971 -0.00579
983.091 -0.00529
983.212 -0.00484
983.332 -0.00459
983.453 -0.00444
983.573 -0.00427
983.694 -0.00419
983.814 -0.00438
983.935 -0.00478
984.055 -0.00513
984.176 -0.00518
984.297 -0.00498
984.417 -0.00478
984.538 -0.0047
984.658 -0.00465
984.779 -0.00447
984.899 -0.00413
985.02 -0.00372
985.14 -0.00331
985.261 -0.00299
985.382 -0.00287
985.502 -0.00311
985.623 -0.00365
985.743 -0.00422
985.864 -0.00451
985.984 -0.00449
986.105 -0.00436
986.225 -0.00433
986.346 -0.00445
986.466 -0.00466
986.587 -0.00486
986.708 -0.00493
986.828 -0.00479
986.949 -0.00451
987.069 -0.00429
987.19 -0.00421
987.31 -0.00421
987.431 -0.00424
987.551 -0.00442
987.672 -0.00483
987.793 -0.00523
987.913 -0.00525
988.034 -0.00479
988.154 -0.00424
988.275 -0.00399
988.395 -0.00403
988.516 -0.00405
988.636 -0.00388
988.757 -0.00371
988.878 -0.00383
988.998 -0.00424
989.119 -0.00467
989.239 -0.00485
989.36 -0.00474
989.48 -0.0045
989.601 -0.00427
989.721 -0.00411
989.842 -0.00405
989.962 -0.0042
990.083 -0.00464
990.204 -0.00522
990.324 -0.0056
990.445 -0.00553
990.565 -0.00517
990.686 -0.00487
990.806 -0.00478
990.927 -0.00468
991.047 -0.00426
991.168 -0.00355
991.289 -0.00295
991.409 -0.00285
991.53 -0.00324
991.65 -0.00371
991.771 -0.00391
991.891 -0.00376
992.012 -0.00348
992.132 -0.00325
992.253 -0.00306
992.373 -0.00295
992.494 -0.00305
992.615 -0.0035
992.735 -0.00407
992.856 -0.00433
992.976 -0.00413
993.097 -0.00385
993.217 -0.00395
993.338 -0.00441
993.458 -0.00476
993.579 -0.00473
993.7 -0.00463
993.82 -0.00486
993.941 -0.00519
994.061 -0.00495
994.182 -0.00391
994.302 -0.00265
994.423 -0.00204
994.543 -0.00228
994.664 -0.00284
994.784 -0.00318
994.905 -0.00329
995.026 -0.00345
995.146 -0.00383
995.267 -0.00433
995.387 -0.00476
995.508 -0.00498
995.628 -0.00498
995.749 -0.00483
995.869 -0.00467
995.99 -0.00453
996.111 -0.00434
996.231 -0.00411
996.352 -0.00402
996.472 -0.00421
996.593 -0.00444
996.713 -0.00444
996.834 -0.00431
996.954 -0.00446
997.075 -0.00495
997.195 -0.00529
997.316 -0.00507
997.437 -0.00454
997.557 -0.0043
997.678 -0.00451
997.798 -0.00473
997.919 -0.00457
998.039 -0.00422
998.16 -0.00418
998.28 -0.00457
998.401 -0.00504
998.522 -0.00519
998.642 -0.005
998.763 -0.00478
998.883 -0.00475
999.004 -0.00484
999.124 -0.0048
999.245 -0.00457
999.365 -0.00435
999.486 -0.00437
999.607 -0.00453
999.727 -0.00454
999.848 -0.0043
999.968 -0.00402
1000.09 -0.00389
1000.21 -0.00378
1000.33 -0.0035
1000.45 -0.00318
1000.57 -0.00314
1000.69 -0.0035
1000.81 -0.00395
1000.93 -0.00421
1001.05 -0.00431
1001.17 -0.00442
1001.29 -0.00452
1001.41 -0.00445
1001.54 -0.0042
1001.66 -0.00398
1001.78 -0.00398
1001.9 -0.00411
1002.02 -0.00419
1002.14 -0.00418
1002.26 -0.0042
1002.38 -0.00434
1002.5 -0.00453
1002.62 -0.00469
1002.74 -0.00477
1002.86 -0.00465
1002.98 -0.00423
1003.1 -0.00359
1003.22 -0.0031
1003.34 -0.00313
1003.46 -0.00356
1003.58 -0.00386
1003.71 -0.00368
1003.83 -0.00328
1003.95 -0.00324
1004.07 -0.00372
1004.19 -0.00431
1004.31 -0.00459
1004.43 -0.00454
1004.55 -0.00446
1004.67 -0.00447
1004.79 -0.00443
1004.91 -0.00424
1005.03 -0.00404
1005.15 -0.00407
1005.27 -0.00438
1005.39 -0.00481
1005.51 -0.0051
1005.63 -0.00504
1005.75 -0.00457
1005.88 -0.00387
1006 -0.0033
1006.12 -0.00318
1006.24 -0.00349
1006.36 -0.00392
1006.48 -0.00411
1006.6 -0.004
1006.72 -0.00373
1006.84 -0.00347
1006.96 -0.00324
1007.08 -0.00307
1007.2 -0.00313
1007.32 -0.00358
1007.44 -0.0042
1007.56 -0.0044
1007.68 -0.0038
1007.8 -0.00273
1007.92 -0.00197
1008.05 -0.00203
1008.17 -0.0027
1008.29 -0.00345
1008.41 -0.004
1008.53 -0.00437
1008.65 -0.00463
1008.77 -0.00474
1008.89 -0.00472
1009.01 -0.00464
1009.13 -0.0045
1009.25 -0.00426
1009.37 -0.00397
1009.49 -0.0038
1009.61 -0.00375
1009.73 -0.00356
1009.85 -0.00312
1009.97 -0.00276
1010.09 -0.00293
1010.21 -0.00362
1010.34 -0.00433
1010.46 -0.00467
1010.58 -0.00467
1010.7 -0.00463
1010.82 -0.00469
1010.94 -0.00475
1011.06 -0.00466
1011.18 -0.0044
1011.3 -0.00395
1011.42 -0.00342
1011.54 -0.00304
1011.66 -0.00308
1011.78 -0.00357
1011.9 -0.00429
1012.02 -0.00488
1012.14 -0.00512
1012.26 -0.00503
1012.38 -0.00477
1012.51 -0.00461
1012.63 -0.00468
1012.75 -0.00494
1012.87 -0.00515
1012.99 -0.00515
1013.11 -0.0049
1013.23 -0.00449
1013.35 -0.00405
1013.47 -0.00366
1013.59 -0.0034
1013.71 -0.0033
1013.83 -0.0033
1013.95 -0.00326
1014.07 -0.00309
1014.19 -0.0029
1014.31 -0.00294
1014.43 -0.00331
1014.55 -0.00387
1014.68 -0.00429
1014.8 -0.00434
1014.92 -0.0041
1015.04 -0.00386
1015.16 -0.00385
1015.28 -0.00404
1015.4 -0.00415
1015.52 -0.00403
1015.64 -0.00384
1015.76 -0.0039
1015.88 -0.00424
1016 -0.00451
1016.12 -0.00442
1016.24 -0.0041
1016.36 -0.00398
1016.48 -0.00423
1016.6 -0.00461
1016.72 -0.00476
1016.85 -0.00464
1016.97 -0.00445
1017.09 -0.00433
1017.21 -0.00435
1017.33 -0.00458
1017.45 -0.00495
1017.57 -0.00522
1017.69 -0.00513
1017.81 -0.00481
1017.93 -0.00474
1018.05 -0.00516
1018.17 -0.00569
1018.29 -0.0057
1018.41 -0.00501
1018.53 -0.00409
1018.65 -0.00356
1018.77 -0.00359
1018.89 -0.00392
1019.02 -0.00424
1019.14 -0.00446
1019.26 -0.00456
1019.38 -0.00449
1019.5 -0.0043
1019.62 -0.00427
1019.74 -0.00463
1019.86 -0.00526
1019.98 -0.00569
1020.1 -0.00557
1020.22 -0.00508
1020.34 -0.0047
1020.46 -0.00466
1020.58 -0.00475
1020.7 -0.00464
1020.82 -0.00433
1020.94 -0.00415
1021.06 -0.00429
1021.19 -0.00461
1021.31 -0.00481
1021.43 -0.00483
1021.55 -0.00481
1021.67 -0.00483
1021.79 -0.00474
1021.91 -0.00446
1022.03 -0.00418
1022.15 -0.00419
1022.27 -0.00442
1022.39 -0.00455
1022.51 -0.00442
1022.63 -0.0043
1022.75 -0.0045
1022.87 -0.0049
1022.99 -0.00515
1023.11 -0.00512
1023.23 -0.00503
1023.36 -0.00507
1023.48 -0.00511
1023.6 -0.00488
1023.72 -0.00434
1023.84 -0.00376
1023.96 -0.00348
1024.08 -0.00365
1024.2 -0.00413
1024.32 -0.00452
1024.44 -0.00454
1024.56 -0.00429
1024.68 -0.00414
1024.8 -0.00419
1024.92 -0.00412
1025.04 -0.00376
1025.16 -0.0035
1025.28 -0.00385
1025.4 -0.0046
1025.52 -0.00495
1025.65 -0.00442
1025.77 -0.0035
1025.89 -0.00301
1026.01 -0.00321
1026.13 -0.00372
1026.25 -0.00416
1026.37 -0.00447
1026.49 -0.00467
1026.61 -0.00467
1026.73 -0.00445
1026.85 -0.00424
1026.97 -0.00435
1027.09 -0.00476
1027.21 -0.00511
1027.33 -0.00516
1027.45 -0.00503
1027.57 -0.00492
1027.69 -0.00482
1027.82 -0.00453
1027.94 -0.0041
1028.06 -0.00378
1028.18 -0.00375
1028.3 -0.00384
1028.42 -0.00375
1028.54 -0.00351
1028.66 -0.00347
1028.78 -0.00382
1028.9 -0.00427
1029.02 -0.00431
1029.14 -0.00378
1029.26 -0.00298
1029.38 -0.00243
1029.5 -0.00247
1029.62 -0.00308
1029.74 -0.00388
1029.86 -0.00447
1029.99 -0.0047
1030.11 -0.00479
1030.23 -0.00496
1030.35 -0.00509
1030.47 -0.00491
1030.59 -0.00448
1030.71 -0.00428
1030.83 -0.0046
1030.95 -0.0052
1031.07 -0.00551
1031.19 -0.00528
1031.31 -0.00476
1031.43 -0.0044
1031.55 -0.00442
1031.67 -0.00481
1031.79 -0.00536
1031.91 -0.0057
1032.03 -0.00553
1032.16 -0.00494
1032.28 -0.00437
1032.4 -0.00418
1032.52 -0.00419
1032.64 -0.00399
1032.76 -0.00352
1032.88 -0.00321
1033 -0.00334
1033.12 -0.00365
1033.24 -0.00376
1033.36 -0.0037
1033.48 -0.00389
1033.6 -0.00446
1033.72 -0.00499
1033.84 -0.00499
1033.96 -0.00445
1034.08 -0.00389
1034.2 -0.00374
1034.33 -0.00406
1034.45 -0.00452
1034.57 -0.00479
1034.69 -0.00479
1034.81 -0.00461
1034.93 -0.00448
1035.05 -0.00453
1035.17 -0.00478
1035.29 -0.00508
1035.41 -0.00528
1035.53 -0.0052
1035.65 -0.00479
1035.77 -0.00417
1035.89 -0.00366
1036.01 -0.00357
1036.13 -0.00392
1036.25 -0.00443
1036.37 -0.00476
1036.49 -0.00489
1036.62 -0.00494
1036.74 -0.00498
1036.86 -0.00488
1036.98 -0.00453
1037.1 -0.00412
1037.22 -0.00402
1037.34 -0.00439
1037.46 -0.00493
1037.58 -0.00514
1037.7 -0.00486
1037.82 -0.00442
1037.94 -0.00433
1038.06 -0.00467
1038.18 -0.00504
1038.3 -0.00498
1038.42 -0.00448
1038.54 -0.00399
1038.66 -0.00397
1038.79 -0.00444
1038.91 -0.00499
1039.03 -0.00515
1039.15 -0.00477
1039.27 -0.0041
1039.39 -0.00353
1039.51 -0.00327
1039.63 -0.00334
1039.75 -0.00365
1039.87 -0.00405
1039.99 -0.00437
1040.11 -0.0045
1040.23 -0.00456
1040.35 -0.00476
1040.47 -0.00509
1040.59 -0.00522
1040.71 -0.00488
1040.83 -0.00422
1040.96 -0.00372
1041.08 -0.00362
1041.2 -0.00374
1041.32 -0.00378
1041.44 -0.00373
1041.56 -0.00386
1041.68 -0.00437
1041.8 -0.00515
1041.92 -0.00595
1042.04 -0.00646
1042.16 -0.00645
1042.28 -0.0059
1042.4 -0.00501
1042.52 -0.00416
1042.64 -0.00353
1042.76 -0.00308
1042.88 -0.00265
1043 -0.00229
1043.13 -0.00225
1043.25 -0.00267
1043.37 -0.00333
1043.49 -0.00379
1043.61 -0.00381
1043.73 -0.00362
1043.85 -0.00369
1043.97 -0.00417
1044.09 -0.00476
1044.21 -0.00506
1044.33 -0.00496
1044.45 -0.00474
1044.57 -0.00465
1044.69 -0.00471
1044.81 -0.00474
1044.93 -0.00461
1045.05 -0.00432
1045.17 -0.00407
1045.3 -0.00405
1045.42 -0.0043
1045.54 -0.00456
1045.66 -0.00451
1045.78 -0.00414
1045.9 -0.00384
1046.02 -0.00408
1046.14 -0.00488
1046.26 -0.00577
1046.38 -0.00622
1046.5 -0.00607
1046.62 -0.00557
1046.74 -0.00505
1046.86 -0.00467
1046.98 -0.00432
1047.1 -0.00388
1047.22 -0.00348
1047.34 -0.00342
1047.47 -0.00382
1047.59 -0.00446
1047.71 -0.00486
1047.83 -0.00479
1047.95 -0.00443
1048.07 -0.00419
1048.19 -0.00431
1048.31 -0.00469
1048.43 -0.00505
1048.55 -0.00516
1048.67 -0.00501
1048.79 -0.00476
1048.91 -0.00457
1049.03 -0.00444
1049.15 -0.00428
1049.27 -0.00408
1049.39 -0.00397
1049.51 -0.00411
1049.64 -0.00449
1049.76 -0.00491
1049.88 -0.0051
1050 -0.00498
1050.12 -0.00473
1050.24 -0.0047
1050.36 -0.00509
1050.48 -0.0057
1050.6 -0.00612
1050.72 -0.00609
1050.84 -0.00575
1050.96 -0.00545
1051.08 -0.0054
1051.2 -0.0055
1051.32 -0.00558
1051.44 -0.00553
1051.56 -0.00542
1051.68 -0.0053
1051.8 -0.00511
1051.93 -0.00477
1052.05 -0.00432
1052.17 -0.00396
1052.29 -0.00389
1052.41 -0.00409
1052.53 -0.00433
1052.65 -0.00438
1052.77 -0.00415
1052.89 -0.00371
1053.01 -0.0032
1053.13 -0.00279
1053.25 -0.00265
1053.37 -0.00283
1053.49 -0.00319
1053.61 -0.00354
1053.73 -0.00383
1053.85 -0.004
1053.97 -0.00394
1054.1 -0.00351
1054.22 -0.00285
1054.34 -0.00234
1054.46 -0.00235
1054.58 -0.00287
1054.7 -0.00364
1054.82 -0.00444
1054.94 -0.00517
1055.06 -0.00566
1055.18 -0.00565
1055.3 -0.00502
1055.42 -0.00419
1055.54 -0.0039
1055.66 -0.00449
1055.78 -0.00543
1055.9 -0.00581
1056.02 -0.00534
1056.14 -0.0046
1056.27 -0.0043
1056.39 -0.00441
1056.51 -0.00438
1056.63 -0.00397
1056.75 -0.00357
1056.87 -0.00355
1056.99 -0.00376
1057.11 -0.0038
1057.23 -0.0037
1057.35 -0.00381
1057.47 -0.00438
1057.59 -0.00515
1057.71 -0.00569
1057.83 -0.00582
1057.95 -0.00573
1058.07 -0.00567
1058.19 -0.00573
1058.31 -0.00571
1058.44 -0.00535
1058.56 -0.0047
1058.68 -0.00415
1058.8 -0.00407
1058.92 -0.00438
1059.04 -0.00471
1059.16 -0.00484
1059.28 -0.00475
1059.4 -0.00444
1059.52 -0.00387
1059.64 -0.00325
1059.76 -0.00306
1059.88 -0.00353
1060 -0.00422
1060.12 -0.00445
1060.24 -0.00405
1060.36 -0.00346
1060.48 -0.00314
1060.61 -0.00311
1060.73 -0.00316
1060.85 -0.00327
1060.97 -0.00354
1061.09 -0.00394
1061.21 -0.00422
1061.33 -0.00424
1061.45 -0.00411
1061.57 -0.0041
1061.69 -0.00434
1061.81 -0.0047
1061.93 -0.0048
1062.05 -0.0044
1062.17 -0.00364
1062.29 -0.00308
1062.41 -0.00313
1062.53 -0.00369
1062.65 -0.00424
1062.78 -0.00444
1062.9 -0.00435
1063.02 -0.00417
1063.14 -0.00398
1063.26 -0.00394
1063.38 -0.00424
1063.5 -0.00488
1063.62 -0.00538
1063.74 -0.00525
1063.86 -0.00458
1063.98 -0.00396
1064.1 -0.00381
1064.22 -0.00393
1064.34 -0.00391
1064.46 -0.00373
1064.58 -0.00365
1064.7 -0.00384
1064.82 -0.00422
1064.95 -0.00462
1065.07 -0.00484
1065.19 -0.00465
1065.31 -0.00409
1065.43 -0.00359
1065.55 -0.00368
1065.67 -0.00431
1065.79 -0.00486
1065.91 -0.00485
1066.03 -0.00458
1066.15 -0.00464
1066.27 -0.0051
1066.39 -0.00542
1066.51 -0.0052
1066.63 -0.00464
1066.75 -0.0042
1066.87 -0.00407
1066.99 -0.00403
1067.11 -0.00388
1067.24 -0.00362
1067.36 -0.00341
1067.48 -0.0034
1067.6 -0.00365
1067.72 -0.00405
1067.84 -0.00433
1067.96 -0.00424
1068.08 -0.00378
1068.2 -0.00321
1068.32 -0.0028
1068.44 -0.00267
1068.56 -0.00285
1068.68 -0.00329
1068.8 -0.00391
1068.92 -0.00446
1069.04 -0.00472
1069.16 -0.00464
1069.28 -0.00434
1069.41 -0.004
1069.53 -0.0038
1069.65 -0.0038
1069.77 -0.00397
1069.89 -0.00422
1070.01 -0.00446
1070.13 -0.00468
1070.25 -0.00487
1070.37 -0.00498
1070.49 -0.00494
1070.61 -0.00474
1070.73 -0.00446
1070.85 -0.00427
1070.97 -0.00426
1071.09 -0.00442
1071.21 -0.00457
1071.33 -0.00447
1071.45 -0.00412
1071.58 -0.00386
1071.7 -0.00405
1071.82 -0.00474
1071.94 -0.00554
1072.06 -0.00604
1072.18 -0.00612
1072.3 -0.0059
1072.42 -0.00549
1072.54 -0.00489
1072.66 -0.00418
1072.78 -0.00361
1072.9 -0.00346
1073.02 -0.00374
1073.14 -0.0042
1073.26 -0.00448
1073.38 -0.00444
1073.5 -0.00422
1073.62 -0.00407
1073.75 -0.00418
1073.87 -0.00455
1073.99 -0.00501
1074.11 -0.00538
1074.23 -0.00546
1074.35 -0.00507
1074.47 -0.00425
1074.59 -0.00342
1074.71 -0.00314
1074.83 -0.00366
1074.95 -0.00463
1075.07 -0.00532
1075.19 -0.00533
1075.31 -0.00482
1075.43 -0.00435
1075.55 -0.00425
1075.67 -0.00441
1075.79 -0.0045
1075.92 -0.00436
1076.04 -0.0041
1076.16 -0.00392
1076.28 -0.00389
1076.4 -0.00397
1076.52 -0.00415
1076.64 -0.00441
1076.76 -0.00457
1076.88 -0.00443
1077 -0.00406
1077.12 -0.00375
1077.24 -0.00364
1077.36 -0.00356
1077.48 -0.00331
1077.6 -0.00306
1077.72 -0.00321
1077.84 -0.00386
1077.96 -0.00468
1078.09 -0.00524
1078.21 -0.00533
1078.33 -0.00507
1078.45 -0.00466
1078.57 -0.00432
1078.69 -0.00414
1078.81 -0.00405
1078.93 -0.00389
1079.05 -0.00369
1079.17 -0.0036
1079.29 -0.00363
1079.41 -0.00354
1079.53 -0.00314
1079.65 -0.00267
1079.77 -0.00257
1079.89 -0.00307
1080.01 -0.00394
1080.13 -0.00473
1080.26 -0.00513
1080.38 -0.00503
1080.5 -0.00454
1080.62 -0.00393
1080.74 -0.00344
1080.86 -0.00317
1080.98 -0.00303
1081.1 -0.00301
1081.22 -0.00319
1081.34 -0.00357
1081.46 -0.00396
1081.58 -0.0042
1081.7 -0.00425
1081.82 -0.00415
1081.94 -0.00393
1082.06 -0.00366
1082.18 -0.00357
1082.3 -0.00387
1082.42 -0.00441
1082.55 -0.00465
1082.67 -0.00421
1082.79 -0.00333
1082.91 -0.00272
1083.03 -0.00281
1083.15 -0.00332
1083.27 -0.0036
1083.39 -0.00343
1083.51 -0.00324
1083.63 -0.00356
1083.75 -0.00429
1083.87 -0.00476
1083.99 -0.00449
1084.11 -0.00376
1084.23 -0.00328
1084.35 -0.00344
1084.47 -0.00399
1084.59 -0.00434
1084.72 -0.00411
1084.84 -0.00342
1084.96 -0.00282
1085.08 -0.00285
1085.2 -0.0035
1085.32 -0.00406
1085.44 -0.00386
1085.56 -0.00302
1085.68 -0.00239
1085.8 -0.00259
1085.92 -0.00337
1086.04 -0.00403
1086.16 -0.00426
1086.28 -0.00433
1086.4 -0.00455
1086.52 -0.00483
1086.64 -0.00491
1086.76 -0.00471
1086.89 -0.00445
1087.01 -0.00442
1087.13 -0.00467
1087.25 -0.00495
1087.37 -0.00491
1087.49 -0.00454
1087.61 -0.00434
1087.73 -0.00477
1087.85 -0.00564
1087.97 -0.00615
1088.09 -0.00571
1088.21 -0.00454
1088.33 -0.00336
1088.45 -0.00272
1088.57 -0.00266
1088.69 -0.00305
1088.81 -0.00374
1088.93 -0.00444
1089.06 -0.00481
1089.18 -0.00473
1089.3 -0.00457
1089.42 -0.00482
1089.54 -0.0055
1089.66 -0.00603
1089.78 -0.00583
1089.9 -0.00498
1090.02 -0.00412
1090.14 -0.00373
1090.26 -0.00371
1090.38 -0.00366
1090.5 -0.00351
1090.62 -0.00362
1090.74 -0.00414
1090.86 -0.00471
1090.98 -0.00482
1091.1 -0.00437
1091.23 -0.00375
1091.35 -0.00348
1091.47 -0.0038
1091.59 -0.00462
1091.71 -0.0055
1091.83 -0.00586
1091.95 -0.00547
1092.07 -0.00461
1092.19 -0.00381
1092.31 -0.00329
1092.43 -0.00293
1092.55 -0.00264
1092.67 -0.00262
1092.79 -0.00294
1092.91 -0.00332
1093.03 -0.00342
1093.15 -0.00324
1093.27 -0.003
1093.4 -0.00278
1093.52 -0.00259
1093.64 -0.00267
1093.76 -0.00328
1093.88 -0.00419
1094 -0.00476
1094.12 -0.00462
1094.24 -0.00423
1094.36 -0.00427
1094.48 -0.0048
1094.6 -0.0051
1094.72 -0.0046
1094.84 -0.0035
1094.96 -0.00258
1095.08 -0.00242
1095.2 -0.00295
1095.32 -0.00375
1095.44 -0.00442
1095.56 -0.0047
1095.69 -0.00455
1095.81 -0.00414
1095.93 -0.00374
1096.05 -0.00349
1096.17 -0.00321
1096.29 -0.00278
1096.41 -0.00243
1096.53 -0.00259
1096.65 -0.00331
1096.77 -0.00414
1096.89 -0.00457
1097.01 -0.0046
1097.13 -0.00452
1097.25 -0.00447
1097.37 -0.00436
1097.49 -0.00421
1097.61 -0.00423
1097.73 -0.00448
1097.86 -0.00469
1097.98 -0.00455
1098.1 -0.00411
1098.22 -0.00376
1098.34 -0.00378
1098.46 -0.00411
1098.58 -0.00431
1098.7 -0.00402
1098.82 -0.00328
1098.94 -0.00256
1099.06 -0.00237
1099.18 -0.00272
1099.3 -0.00322
1099.42 -0.00361
1099.54 -0.00391
1099.66 -0.00413
1099.78 -0.00405
1099.9 -0.00362
1100.03 -0.00323
1100.15 -0.00328
1100.27 -0.0036
1100.39 -0.00367
1100.51 -0.00338
1100.63 -0.00317
1100.75 -0.00327
1100.87 -0.00331
1100.99 -0.00293
1101.11 -0.00229
1101.23 -0.00191
1101.35 -0.00197
1101.47 -0.0022
1101.59 -0.00238
1101.71 -0.00256
1101.83 -0.00275
1101.95 -0.00278
1102.07 -0.00261
1102.2 -0.00251
1102.32 -0.00276
1102.44 -0.00331
1102.56 -0.0039
1102.68 -0.00438
1102.8 -0.00483
1102.92 -0.00525
1103.04 -0.00546
1103.16 -0.00528
1103.28 -0.00477
1103.4 -0.00427
1103.52 -0.00398
1103.64 -0.00385
1103.76 -0.00365
1103.88 -0.00333
1104 -0.00316
1104.12 -0.00347
1104.24 -0.00414
1104.37 -0.00465
1104.49 -0.00459
1104.61 -0.00413
1104.73 -0.00378
1104.85 -0.00376
1104.97 -0.00385
1105.09 -0.00372
1105.21 -0.00337
1105.33 -0.00307
1105.45 -0.00295
1105.57 -0.00291
1105.69 -0.00292
1105.81 -0.00316
1105.93 -0.00373
1106.05 -0.00439
1106.17 -0.00478
1106.29 -0.00476
1106.41 -0.00447
1106.54 -0.00405
1106.66 -0.00355
1106.78 -0.00315
1106.9 -0.00324
1107.02 -0.00396
1107.14 -0.00485
1107.26 -0.0051
1107.38 -0.00444
1107.5 -0.00345
1107.62 -0.00299
1107.74 -0.00328
1107.86 -0.00379
1107.98 -0.00391
1108.1 -0.00357
1108.22 -0.00313
1108.34 -0.00288
1108.46 -0.00284
1108.58 -0.00305
1108.7 -0.00357
1108.83 -0.00429
1108.95 -0.00482
1109.07 -0.00484
1109.19 -0.00449
1109.31 -0.00413
1109.43 -0.00382
1109.55 -0.0034
1109.67 -0.00293
1109.79 -0.00285
1109.91 -0.00349
1110.03 -0.00449
1110.15 -0.00515
1110.27 -0.00516
1110.39 -0.00482
1110.51 -0.00461
1110.63 -0.00469
1110.75 -0.00493
1110.87 -0.00512
1111 -0.00509
1111.12 -0.00474
1111.24 -0.00417
1111.36 -0.00367
1111.48 -0.00347
1111.6 -0.00356
1111.72 -0.00378
1111.84 -0.00401
1111.96 -0.00419
1112.08 -0.00416
1112.2 -0.00389
1112.32 -0.00366
1112.44 -0.00388
1112.56 -0.00461
1112.68 -0.00536
1112.8 -0.00563
1112.92 -0.00532
1113.04 -0.00481
1113.17 -0.00448
1113.29 -0.00448
1113.41 -0.00466
1113.53 -0.00482
1113.65 -0.00476
1113.77 -0.00443
1113.89 -0.00403
1114.01 -0.00382
1114.13 -0.00399
1114.25 -0.00447
1114.37 -0.00492
1114.49 -0.005
1114.61 -0.00462
1114.73 -0.00403
1114.85 -0.00353
1114.97 -0.00322
1115.09 -0.00294
1115.21 -0.00266
1115.34 -0.00259
1115.46 -0.00289
1115.58 -0.00344
1115.7 -0.00391
1115.82 -0.00418
1115.94 -0.00441
1116.06 -0.00468
1116.18 -0.00481
1116.3 -0.00463
1116.42 -0.00417
1116.54 -0.00367
1116.66 -0.00323
1116.78 -0.00286
1116.9 -0.00259
1117.02 -0.00257
1117.14 -0.00284
1117.26 -0.00321
1117.38 -0.00349
1117.51 -0.00366
1117.63 -0.00379
1117.75 -0.00396
1117.87 -0.00418
1117.99 -0.00451
1118.11 -0.00499
1118.23 -0.00548
1118.35 -0.00569
1118.47 -0.00536
1118.59 -0.00449
1118.71 -0.00345
1118.83 -0.00269
1118.95 -0.00244
1119.07 -0.0026
1119.19 -0.00284
1119.31 -0.00301
1119.43 -0.0032
1119.55 -0.00351
1119.68 -0.00374
1119.8 -0.00356
1119.92 -0.00291
1120.04 -0.0022
1120.16 -0.0018
1120.28 -0.00167
1120.4 -0.00148
1120.52 -0.00116
1120.64 -0.00112
1120.76 -0.00165
1120.88 -0.00245
1121 -0.00288
1121.12 -0.00269
1121.24 -0.0023
1121.36 -0.00219
1121.48 -0.0024
1121.6 -0.00262
1121.72 -0.00277
1121.84 -0.00321
1121.97 -0.0041
1122.09 -0.00498
1122.21 -0.00504
1122.33 -0.00403
1122.45 -0.00268
1122.57 -0.00196
1122.69 -0.00209
1122.81 -0.0025
1122.93 -0.00268
1123.05 -0.0028
1123.17 -0.0032
1123.29 -0.00373
1123.41 -0.00393
1123.53 -0.00374
1123.65 -0.00371
1123.77 -0.00414
1123.89 -0.00461
1124.01 -0.00453
1124.14 -0.00398
1124.26 -0.00364
1124.38 -0.0039
1124.5 -0.00447
1124.62 -0.00483
1124.74 -0.00478
1124.86 -0.00448
1124.98 -0.00415
1125.1 -0.00393
1125.22 -0.00382
1125.34 -0.00371
1125.46 -0.00347
1125.58 -0.00309
1125.7 -0.00279
1125.82 -0.00274
1125.94 -0.00286
1126.06 -0.00299
1126.18 -0.00317
1126.31 -0.00358
1126.43 -0.00421
1126.55 -0.00476
1126.67 -0.00484
1126.79 -0.00439
1126.91 -0.00369
1127.03 -0.00323
1127.15 -0.0033
1127.27 -0.00377
1127.39 -0.00424
1127.51 -0.00439
1127.63 -0.00421
1127.75 -0.00388
1127.87 -0.00354
1127.99 -0.00321
1128.11 -0.00298
1128.23 -0.00296
1128.35 -0.00311
1128.48 -0.0032
1128.6 -0.00315
1128.72 -0.00312
1128.84 -0.00332
1128.96 -0.00371
1129.08 -0.00403
1129.2 -0.00413
1129.32 -0.00403
1129.44 -0.0038
1129.56 -0.00348
1129.68 -0.00319
1129.8 -0.00314
1129.92 -0.00339
1130.04 -0.00368
1130.16 -0.00366
1130.28 -0.00327
1130.4 -0.00292
1130.52 -0.00306
1130.65 -0.00362
1130.77 -0.00403
1130.89 -0.00371
1131.01 -0.00281
1131.13 -0.0021
1131.25 -0.00223
1131.37 -0.00311
1131.49 -0.00412
1131.61 -0.00479
1131.73 -0.00512
1131.85 -0.00532
1131.97 -0.0054
1132.09 -0.00518
1132.21 -0.00464
1132.33 -0.00403
1132.45 -0.00364
1132.57 -0.00349
1132.69 -0.0034
1132.82 -0.00323
1132.94 -0.00305
1133.06 -0.00301
1133.18 -0.00316
1133.3 -0.00345
1133.42 -0.00384
1133.54 -0.0042
1133.66 -0.00432
1133.78 -0.004
1133.9 -0.00339
1134.02 -0.00293
1134.14 -0.00298
1134.26 -0.00342
1134.38 -0.00388
1134.5 -0.00417
1134.62 -0.00438
1134.74 -0.0045
1134.86 -0.00433
1134.98 -0.00383
1135.11 -0.00337
1135.23 -0.00332
1135.35 -0.00355
1135.47 -0.00353
1135.59 -0.00304
1135.71 -0.00252
1135.83 -0.00251
1135.95 -0.003
1136.07 -0.00349
1136.19 -0.00355
1136.31 -0.00332
1136.43 -0.00321
1136.55 -0.00343
1136.67 -0.00386
1136.79 -0.0043
1136.91 -0.00469
1137.03 -0.00506
1137.15 -0.00526
1137.28 -0.00503
1137.4 -0.00433
1137.52 -0.00355
1137.64 -0.00317
1137.76 -0.00327
1137.88 -0.0034
1138 -0.00314
1138.12 -0.00259
1138.24 -0.00222
1138.36 -0.00232
1138.48 -0.00273
1138.6 -0.00312
1138.72 -0.00342
1138.84 -0.00369
1138.96 -0.0039
1139.08 -0.0039
1139.2 -0.00364
1139.32 -0.00335
1139.45 -0.00325
1139.57 -0.00325
1139.69 -0.00312
1139.81 -0.00281
1139.93 -0.00249
1140.05 -0.00236
1140.17 -0.00246
1140.29 -0.00283
1140.41 -0.00347
1140.53 -0.00425
1140.65 -0.00482
1140.77 -0.0049
1140.89 -0.00464
1141.01 -0.00442
1141.13 -0.00441
1141.25 -0.00443
1141.37 -0.0043
1141.49 -0.00408
1141.62 -0.00388
1141.74 -0.00372
1141.86 -0.00356
1141.98 -0.00346
1142.1 -0.00343
1142.22 -0.00328
1142.34 -0.00291
1142.46 -0.00263
1142.58 -0.00289
1142.7 -0.00366
1142.82 -0.00431
1142.94 -0.0043
1143.06 -0.00383
1143.18 -0.00352
1143.3 -0.00367
1143.42 -0.00397
1143.54 -0.00404
1143.66 -0.0039
1143.79 -0.00378
1143.91 -0.00373
1144.03 -0.00361
1144.15 -0.00343
1144.27 -0.00335
1144.39 -0.00339
1144.51 -0.0033
1144.63 -0.00289
1144.75 -0.00245
1144.87 -0.00253
1144.99 -0.00327
1145.11 -0.0041
1145.23 -0.00436
1145.35 -0.00399
1145.47 -0.00349
1145.59 -0.00328
1145.71 -0.00336
1145.83 -0.00354
1145.96 -0.00372
1146.08 -0.00381
1146.2 -0.00366
1146.32 -0.00327
1146.44 -0.00302
1146.56 -0.00329
1146.68 -0.00396
1146.8 -0.00441
1146.92 -0.00429
1147.04 -0.00387
1147.16 -0.00363
1147.28 -0.0037
1147.4 -0.00387
1147.52 -0.00399
1147.64 -0.00414
1147.76 -0.00437
1147.88 -0.00454
1148 -0.00443
1148.12 -0.00401
1148.25 -0.00345
1148.37 -0.00304
1148.49 -0.00299
1148.61 -0.00324
1148.73 -0.00347
1148.85 -0.0034
1148.97 -0.00312
1149.09 -0.00294
1149.21 -0.00299
1149.33 -0.00312
1149.45 -0.00314
1149.57 -0.0032
1149.69 -0.00361
1149.81 -0.0044
1149.93 -0.00516
1150.05 -0.00537
1150.17 -0.00492
1150.29 -0.00417
1150.42 -0.00359
1150.54 -0.00329
1150.66 -0.00306
1150.78 -0.00276
1150.9 -0.00257
1151.02 -0.00272
1151.14 -0.00312
1151.26 -0.00338
1151.38 -0.00326
1151.5 -0.00289
1151.62 -0.00256
1151.74 -0.00241
1151.86 -0.00242
1151.98 -0.00258
1152.1 -0.00292
1152.22 -0.00335
1152.34 -0.00363
1152.46 -0.0036
1152.59 -0.00333
1152.71 -0.00304
1152.83 -0.00297
1152.95 -0.00313
1153.07 -0.00338
1153.19 -0.00352
1153.31 -0.00354
1153.43 -0.00356
1153.55 -0.00375
1153.67 -0.00411
1153.79 -0.00447
1153.91 -0.00459
1154.03 -0.0043
1154.15 -0.00367
1154.27 -0.00301
1154.39 -0.00272
1154.51 -0.00296
1154.63 -0.00353
1154.76 -0.00401
1154.88 -0.00414
1155 -0.00399
1155.12 -0.00378
1155.24 -0.00358
1155.36 -0.0033
1155.48 -0.00285
1155.6 -0.00233
1155.72 -0.00199
1155.84 -0.00205
1155.96 -0.00242
1156.08 -0.00283
1156.2 -0.00305
1156.32 -0.0032
1156.44 -0.00348
1156.56 -0.00385
1156.68 -0.00402
1156.8 -0.00381
1156.93 -0.00348
1157.05 -0.00342
1157.17 -0.00366
1157.29 -0.00385
1157.41 -0.00371
1157.53 -0.00331
1157.65 -0.00291
1157.77 -0.00275
1157.89 -0.00292
1158.01 -0.00335
1158.13 -0.00385
1158.25 -0.00411
1158.37 -0.00393
1158.49 -0.00343
1158.61 -0.00301
1158.73 -0.00299
1158.85 -0.00341
1158.97 -0.00398
1159.1 -0.00437
1159.22 -0.0044
1159.34 -0.00417
1159.46 -0.00394
1159.58 -0.00392
1159.7 -0.00404
1159.82 -0.00411
1159.94 -0.00403
1160.06 -0.00386
1160.18 -0.00363
1160.3 -0.00328
1160.42 -0.00271
1160.54 -0.00211
1160.66 -0.00184
1160.78 -0.0021
1160.9 -0.00262
1161.02 -0.00294
1161.14 -0.00293
1161.27 -0.00293
1161.39 -0.00329
1161.51 -0.0039
1161.63 -0.00433
1161.75 -0.00436
1161.87 -0.0042
1161.99 -0.00408
1162.11 -0.00389
1162.23 -0.0034
1162.35 -0.00275
1162.47 -0.00246
1162.59 -0.00288
1162.71 -0.00372
1162.83 -0.00427
1162.95 -0.0041
1163.07 -0.00345
1163.19 -0.00294
1163.31 -0.00296
1163.43 -0.00335
1163.56 -0.00365
1163.68 -0.00359
1163.8 -0.0033
1163.92 -0.00302
1164.04 -0.0029
1164.16 -0.00301
1164.28 -0.00342
1164.4 -0.00413
1164.52 -0.00479
1164.64 -0.0049
1164.76 -0.00427
1164.88 -0.0033
1165 -0.00262
1165.12 -0.00253
1165.24 -0.00287
1165.36 -0.00333
1165.48 -0.00363
1165.6 -0.00367
1165.73 -0.00352
1165.85 -0.00343
1165.97 -0.00357
1166.09 -0.00377
1166.21 -0.00369
1166.33 -0.00322
1166.45 -0.00261
1166.57 -0.00217
1166.69 -0.00202
1166.81 -0.00216
1166.93 -0.00259
1167.05 -0.00321
1167.17 -0.00376
1167.29 -0.00401
1167.41 -0.00404
1167.53 -0.00413
1167.65 -0.00442
1167.77 -0.0047
1167.9 -0.00474
1168.02 -0.00454
1168.14 -0.00424
1168.26 -0.0039
1168.38 -0.00345
1168.5 -0.00295
1168.62 -0.00265
1168.74 -0.00278
1168.86 -0.00322
1168.98 -0.00362
1169.1 -0.00374
1169.22 -0.00366
1169.34 -0.00356
1169.46 -0.00347
1169.58 -0.00331
1169.7 -0.00312
1169.82 -0.00315
1169.94 -0.00357
1170.07 -0.00426
1170.19 -0.00486
1170.31 -0.00512
1170.43 -0.00498
1170.55 -0.00456
1170.67 -0.00407
1170.79 -0.00376
1170.91 -0.00375
1171.03 -0.00384
1171.15 -0.00371
1171.27 -0.00324
1171.39 -0.00271
1171.51 -0.00253
1171.63 -0.00275
1171.75 -0.0031
1171.87 -0.00326
1171.99 -0.00325
1172.11 -0.00327
1172.24 -0.00339
1172.36 -0.00348
1172.48 -0.00337
1172.6 -0.00311
1172.72 -0.00291
1172.84 -0.00288
1172.96 -0.00295
1173.08 -0.00295
1173.2 -0.00279
1173.32 -0.00249
1173.44 -0.00219
1173.56 -0.00212
1173.68 -0.00246
1173.8 -0.00299
1173.92 -0.00322
1174.04 -0.00294
1174.16 -0.00257
1174.28 -0.00275
1174.41 -0.00351
1174.53 -0.00413
1174.65 -0.00404
1174.77 -0.0035
1174.89 -0.00316
1175.01 -0.00316
1175.13 -0.00304
1175.25 -0.00251
1175.37 -0.00189
1175.49 -0.00176
1175.61 -0.00222
1175.73 -0.0029
1175.85 -0.0034
1175.97 -0.00359
1176.09 -0.00363
1176.21 -0.00365
1176.33 -0.00363
1176.45 -0.00345
1176.57 -0.00305
1176.7 -0.00264
1176.82 -0.00254
1176.94 -0.00285
1177.06 -0.00323
1177.18 -0.00326
1177.3 -0.00288
1177.42 -0.00248
1177.54 -0.00244
1177.66 -0.00277
1177.78 -0.00324
1177.9 -0.0037
1178.02 -0.00403
1178.14 -0.0041
1178.26 -0.0038
1178.38 -0.0033
1178.5 -0.00296
1178.62 -0.00297
1178.74 -0.00313
1178.87 -0.00312
1178.99 -0.00292
1179.11 -0.00283
1179.23 -0.00303
1179.35 -0.00325
1179.47 -0.00315
1179.59 -0.00275
1179.71 -0.00242
1179.83 -0.00243
1179.95 -0.00271
1180.07 -0.00304
1180.19 -0.00339
1180.31 -0.00375
1180.43 -0.00392
1180.55 -0.00368
1180.67 -0.00311
1180.79 -0.00268
1180.91 -0.00267
1181.04 -0.00288
1181.16 -0.00294
1181.28 -0.00281
1181.4 -0.00274
1181.52 -0.0028
1181.64 -0.00278
1181.76 -0.00248
1181.88 -0.00212
1182 -0.00203
1182.12 -0.0023
1182.24 -0.00263
1182.36 -0.00271
1182.48 -0.00254
1182.6 -0.00236
1182.72 -0.00246
1182.84 -0.00287
1182.96 -0.00332
1183.08 -0.00344
1183.21 -0.00314
1183.33 -0.0027
1183.45 -0.00254
1183.57 -0.00279
1183.69 -0.0032
1183.81 -0.00349
1183.93 -0.00356
1184.05 -0.00352
1184.17 -0.00348
1184.29 -0.00347
1184.41 -0.00344
1184.53 -0.00337
1184.65 -0.00327
1184.77 -0.00328
1184.89 -0.0035
1185.01 -0.00381
1185.13 -0.00387
1185.25 -0.00352
1185.38 -0.00303
1185.5 -0.00279
1185.62 -0.00291
1185.74 -0.00308
1185.86 -0.00302
1185.98 -0.00278
1186.1 -0.00258
1186.22 -0.00248
1186.34 -0.00243
1186.46 -0.00241
1186.58 -0.00246
1186.7 -0.00254
1186.82 -0.00252
1186.94 -0.00228
1187.06 -0.00195
1187.18 -0.00175
1187.3 -0.00184
1187.42 -0.00218
1187.55 -0.0025
1187.67 -0.00251
1187.79 -0.00219
1187.91 -0.00186
1188.03 -0.00191
1188.15 -0.00242
1188.27 -0.00304
1188.39 -0.00341
1188.51 -0.0034
1188.63 -0.00306
1188.75 -0.00249
1188.87 -0.00192
1188.99 -0.00165
1189.11 -0.00188
1189.23 -0.00236
1189.35 -0.00266
1189.47 -0.00259
1189.59 -0.00236
1189.71 -0.00221
1189.84 -0.00209
1189.96 -0.00189
1190.08 -0.00173
1190.2 -0.00185
1190.32 -0.00228
1190.44 -0.00274
1190.56 -0.00292
1190.68 -0.00279
1190.8 -0.00251
1190.92 -0.0023
1191.04 -0.00236
1191.16 -0.00266
1191.28 -0.00291
1191.4 -0.00285
1191.52 -0.00264
1191.64 -0.00271
1191.76 -0.00323
1191.88 -0.00373
1192.01 -0.00369
1192.13 -0.00325
1192.25 -0.00304
1192.37 -0.00338
1192.49 -0.00393
1192.61 -0.0041
1192.73 -0.0038
1192.85 -0.00336
1192.97 -0.00302
1193.09 -0.00271
1193.21 -0.00234
1193.33 -0.00204
1193.45 -0.00203
1193.57 -0.00233
1193.69 -0.00281
1193.81 -0.0033
1193.93 -0.00366
1194.05 -0.00387
1194.18 -0.00398
1194.3 -0.00414
1194.42 -0.0043
1194.54 -0.00415
1194.66 -0.00337
1194.78 -0.0022
1194.9 -0.00151
1195.02 -0.00195
1195.14 -0.00323
1195.26 -0.00429
1195.38 -0.00434
1195.5 -0.00357
1195.62 -0.00275
1195.74 -0.00236
1195.86 -0.00234
1195.98 -0.00253
1196.1 -0.00294
1196.22 -0.00348
1196.35 -0.00382
1196.47 -0.00367
1196.59 -0.0032
1196.71 -0.00286
1196.83 -0.00287
1196.95 -0.00309
1197.07 -0.00334
1197.19 -0.00361
1197.31 -0.00388
1197.43 -0.0039
1197.55 -0.00349
1197.67 -0.00283
1197.79 -0.00241
1197.91 -0.00248
1198.03 -0.00275
1198.15 -0.0028
1198.27 -0.00256
1198.39 -0.00235
1198.52 -0.00246
1198.64 -0.0028
1198.76 -0.00305
1198.88 -0.00312
1199 -0.00311
1199.12 -0.00308
1199.24 -0.00286
1199.36 -0.00237
1199.48 -0.0019
1199.6 -0.00192
1199.72 -0.0025
1199.84 -0.00324
1199.96 -0.00366
1200.08 -0.00364
1200.2 -0.00337
1200.32 -0.00298
1200.44 -0.00248
1200.56 -0.00208
1200.69 -0.0022
1200.81 -0.00303
1200.93 -0.00415
1201.05 -0.00469
1201.17 -0.00421
1201.29 -0.00312
1201.41 -0.00233
1201.53 -0.0024
1201.65 -0.00307
1201.77 -0.00363
1201.89 -0.00367
1202.01 -0.00329
1202.13 -0.00289
1202.25 -0.00274
1202.37 -0.0029
1202.49 -0.00328
1202.61 -0.00371
1202.73 -0.00401
1202.85 -0.00402
1202.98 -0.00375
1203.1 -0.0033
1203.22 -0.00288
1203.34 -0.00268
1203.46 -0.0029
1203.58 -0.00352
1203.7 -0.00423
1203.82 -0.00457
1203.94 -0.00428
1204.06 -0.00353
1204.18 -0.00279
1204.3 -0.00245
1204.42 -0.00244
1204.54 -0.00245
1204.66 -0.00228
1204.78 -0.00208
1204.9 -0.00224
1205.02 -0.00282
1205.15 -0.00343
1205.27 -0.00354
1205.39 -0.0031
1205.51 -0.00259
1205.63 -0.00247
1205.75 -0.00275
1205.87 -0.00307
1205.99 -0.0031
1206.11 -0.0028
1206.23 -0.00225
1206.35 -0.00159
1206.47 -0.00106
1206.59 -9.50236E-4
1206.71 -0.00139
1206.83 -0.00209
1206.95 -0.00264
1207.07 -0.00288
1207.19 -0.00298
1207.32 -0.00313
1207.44 -0.00333
1207.56 -0.00345
1207.68 -0.00343
1207.8 -0.00325
1207.92 -0.00297
1208.04 -0.00264
1208.16 -0.00241
1208.28 -0.0024
1208.4 -0.00265
1208.52 -0.00298
1208.64 -0.00314
1208.76 -0.00297
1208.88 -0.00253
1209 -0.00203
1209.12 -0.00173
1209.24 -0.0017
1209.36 -0.00187
1209.49 -0.00208
1209.61 -0.00216
1209.73 -0.00204
1209.85 -0.00179
1209.97 -0.00162
1210.09 -0.0017
1210.21 -0.00196
1210.33 -0.00214
1210.45 -0.00203
1210.57 -0.00166
1210.69 -0.00127
1210.81 -0.00104
1210.93 -0.0011
1211.05 -0.00147
1211.17 -0.00209
1211.29 -0.00271
1211.41 -0.00299
1211.53 -0.00283
1211.66 -0.0024
1211.78 -0.00204
1211.9 -0.00196
1212.02 -0.00219
1212.14 -0.0027
1212.26 -0.00337
1212.38 -0.00389
1212.5 -0.00388
1212.62 -0.00332
1212.74 -0.00267
1212.86 -0.00247
1212.98 -0.0028
1213.1 -0.00315
1213.22 -0.00303
1213.34 -0.00247
1213.46 -0.00193
1213.58 -0.00183
1213.7 -0.00216
1213.83 -0.00262
1213.95 -0.00301
1214.07 -0.00324
1214.19 -0.00321
1214.31 -0.00282
1214.43 -0.00221
1214.55 -0.00178
1214.67 -0.00184
1214.79 -0.00221
1214.91 -0.00243
1215.03 -0.00233
1215.15 -0.0022
1215.27 -0.00236
1215.39 -0.0027
1215.51 -0.00282
1215.63 -0.00264
1215.75 -0.0025
1215.87 -0.00275
1216 -0.00322
1216.12 -0.0034
1216.24 -0.00303
1216.36 -0.00239
1216.48 -0.00201
1216.6 -0.00214
1216.72 -0.00255
1216.84 -0.0029
1216.96 -0.00311
1217.08 -0.00335
1217.2 -0.00359
1217.32 -0.00354
1217.44 -0.00298
1217.56 -0.00218
1217.68 -0.00167
1217.8 -0.00164
1217.92 -0.00177
1218.04 -0.00175
1218.16 -0.00162
1218.29 -0.00167
1218.41 -0.00196
1218.53 -0.00234
1218.65 -0.0028
1218.77 -0.00341
1218.89 -0.00398
1219.01 -0.00413
1219.13 -0.0038
1219.25 -0.00354
1219.37 -0.00383
1219.49 -0.00441
1219.61 -0.00455
1219.73 -0.00391
1219.85 -0.00298
1219.97 -0.00243
1220.09 -0.00243
1220.21 -0.00257
1220.33 -0.00245
1220.46 -0.00207
1220.58 -0.00177
1220.7 -0.00181
1220.82 -0.00214
1220.94 -0.00249
1221.06 -0.0027
1221.18 -0.00283
1221.3 -0.00307
1221.42 -0.00335
1221.54 -0.00342
1221.66 -0.00313
1221.78 -0.00259
1221.9 -0.002
1222.02 -0.00146
1222.14 -0.00107
1222.26 -9.96135E-4
1222.38 -0.00136
1222.5 -0.002
1222.63 -0.00258
1222.75 -0.00288
1222.87 -0.00295
1222.99 -0.0029
1223.11 -0.00273
1223.23 -0.0025
1223.35 -0.00242
1223.47 -0.00267
1223.59 -0.00312
1223.71 -0.00345
1223.83 -0.00347
1223.95 -0.00324
1224.07 -0.00289
1224.19 -0.00242
1224.31 -0.0019
1224.43 -0.0016
1224.55 -0.00183
1224.67 -0.00253
1224.8 -0.00319
1224.92 -0.00326
1225.04 -0.00264
1225.16 -0.0018
1225.28 -0.00135
1225.4 -0.00159
1225.52 -0.0023
1225.64 -0.00294
1225.76 -0.00312
1225.88 -0.00293
1226 -0.00277
1226.12 -0.00285
1226.24 -0.00297
1226.36 -0.00283
1226.48 -0.00243
1226.6 -0.0021
1226.72 -0.00201
1226.84 -0.00206
1226.97 -0.00211
1227.09 -0.00218
1227.21 -0.00235
1227.33 -0.00257
1227.45 -0.00273
1227.57 -0.0028
1227.69 -0.00276
1227.81 -0.00254
1227.93 -0.00214
1228.05 -0.00181
1228.17 -0.00185
1228.29 -0.00224
1228.41 -0.00262
1228.53 -0.00278
1228.65 -0.00284
1228.77 -0.00296
1228.89 -0.00302
1229.01 -0.00286
1229.14 -0.00258
1229.26 -0.00237
1229.38 -0.0022
1229.5 -0.00195
1229.62 -0.00168
1229.74 -0.00172
1229.86 -0.00219
1229.98 -0.00279
1230.1 -0.00313
1230.22 -0.00308
1230.34 -0.00276
1230.46 -0.00236
1230.58 -0.00206
1230.7 -0.00203
1230.82 -0.00233
1230.94 -0.00274
1231.06 -0.00295
1231.18 -0.00289
1231.31 -0.00275
1231.43 -0.0027
1231.55 -0.00279
1231.67 -0.00297
1231.79 -0.00319
1231.91 -0.0033
1232.03 -0.00312
1232.15 -0.00271
1232.27 -0.0024
1232.39 -0.00247
1232.51 -0.00281
1232.63 -0.00314
1232.75 -0.0033
1232.87 -0.00334
1232.99 -0.00326
1233.11 -0.00304
1233.23 -0.00277
1233.35 -0.00267
1233.47 -0.00287
1233.6 -0.0033
1233.72 -0.00388
1233.84 -0.0047
1233.96 -0.00577
1234.08 -0.00678
1234.2 -0.00725
1234.32 -0.00703
1234.44 -0.0064
1234.56 -0.00577
1234.68 -0.0053
1234.8 -0.00495
1234.92 -0.00463
1235.04 -0.00429
1235.16 -0.0039
1235.28 -0.00346
1235.4 -0.00303
1235.52 -0.00259
1235.64 -0.00207
1235.77 -0.00146
1235.89 -9.34176E-4
1236.01 -7.42953E-4
1236.13 -9.4549E-4
1236.25 -0.00139
1236.37 -0.00189
1236.49 -0.00236
1236.61 -0.00274
1236.73 -0.00294
1236.85 -0.00288
1236.97 -0.00259
1237.09 -0.00217
1237.21 -0.00176
1237.33 -0.00153
1237.45 -0.00152
1237.57 -0.00158
1237.69 -0.00156
1237.81 -0.00146
1237.94 -0.00148
1238.06 -0.00171
1238.18 -0.0019
1238.3 -0.00173
1238.42 -0.00123
1238.54 -8.88303E-4
1238.66 -0.00116
1238.78 -0.00195
1238.9 -0.00267
1239.02 -0.00277
1239.14 -0.0023
1239.26 -0.00186
1239.38 -0.00199
1239.5 -0.0026
1239.62 -0.00307
1239.74 -0.00293
1239.86 -0.00236
1239.98 -0.00186
1240.11 -0.0017
1240.23 -0.00168
1240.35 -0.00163
1240.47 -0.00167
1240.59 -0.00197
1240.71 -0.00233
1240.83 -0.00236
1240.95 -0.00198
1241.07 -0.00153
1241.19 -0.00131
1241.31 -0.00128
1241.43 -0.00128
1241.55 -0.00136
1241.67 -0.00163
1241.79 -0.00198
1241.91 -0.00213
1242.03 -0.00203
1242.15 -0.00189
1242.28 -0.00193
1242.4 -0.00203
1242.52 -0.00206
1242.64 -0.00205
1242.76 -0.00215
1242.88 -0.00235
1243 -0.00252
1243.12 -0.00257
1243.24 -0.00255
1243.36 -0.00244
1243.48 -0.00222
1243.6 -0.00194
1243.72 -0.00175
1243.84 -0.00173
1243.96 -0.00178
1244.08 -0.00175
1244.2 -0.00168
1244.32 -0.00174
1244.45 -0.00196
1244.57 -0.00223
1244.69 -0.00243
1244.81 -0.00252
1244.93 -0.00247
1245.05 -0.00231
1245.17 -0.00219
1245.29 -0.00224
1245.41 -0.00239
1245.53 -0.00239
1245.65 -0.00211
1245.77 -0.00171
1245.89 -0.00144
1246.01 -0.00131
1246.13 -0.00115
1246.25 -0.00101
1246.37 -0.00112
1246.49 -0.00159
1246.61 -0.00211
1246.74 -0.0023
1246.86 -0.00219
1246.98 -0.00219
1247.1 -0.00257
1247.22 -0.0032
1247.34 -0.00371
1247.46 -0.00392
1247.58 -0.00387
1247.7 -0.00361
1247.82 -0.00315
1247.94 -0.00258
1248.06 -0.00216
1248.18 -0.00216
1248.3 -0.00259
1248.42 -0.00314
1248.54 -0.00339
1248.66 -0.00313
1248.78 -0.00249
1248.91 -0.00182
1249.03 -0.00143
1249.15 -0.00141
1249.27 -0.00166
1249.39 -0.00203
1249.51 -0.00241
1249.63 -0.00271
1249.75 -0.00294
1249.87 -0.00313
1249.99 -0.00328
1250.11 -0.00321
1250.23 -0.00278
1250.35 -0.00207
1250.47 -0.00143
1250.59 -0.00124
1250.71 -0.00165
1250.83 -0.0025
1250.95 -0.00342
1251.08 -0.00404
1251.2 -0.00413
1251.32 -0.00373
1251.44 -0.0031
1251.56 -0.00257
1251.68 -0.00238
1251.8 -0.0026
1251.92 -0.00313
1252.04 -0.00369
1252.16 -0.00401
1252.28 -0.00399
1252.4 -0.00378
1252.52 -0.00355
1252.64 -0.00328
1252.76 -0.00291
1252.88 -0.00255
1253 -0.00244
1253.12 -0.00261
1253.25 -0.00283
1253.37 -0.00287
1253.49 -0.00275
1253.61 -0.00265
1253.73 -0.00264
1253.85 -0.00271
1253.97 -0.00286
1254.09 -0.00312
1254.21 -0.00337
1254.33 -0.00343
1254.45 -0.00326
1254.57 -0.00311
1254.69 -0.00311
1254.81 -0.00307
1254.93 -0.00276
1255.05 -0.00232
1255.17 -0.0022
1255.29 -0.00257
1255.42 -0.00305
1255.54 -0.00316
1255.66 -0.0029
1255.78 -0.00271
1255.9 -0.00287
1256.02 -0.00318
1256.14 -0.00329
1256.26 -0.00316
1256.38 -0.00299
1256.5 -0.00288
1256.62 -0.00275
1256.74 -0.00257
1256.86 -0.00253
1256.98 -0.00276
1257.1 -0.00312
1257.22 -0.00332
1257.34 -0.0032
1257.46 -0.00288
1257.59 -0.0025
1257.71 -0.00208
1257.83 -0.00163
1257.95 -0.00133
1258.07 -0.0014
1258.19 -0.00175
1258.31 -0.00203
1258.43 -0.00199
1258.55 -0.00182
1258.67 -0.00195
1258.79 -0.00245
1258.91 -0.0029
1259.03 -0.00287
1259.15 -0.0024
1259.27 -0.00192
1259.39 -0.00166
1259.51 -0.00152
1259.63 -0.00139
1259.76 -0.00142
1259.88 -0.00179
1260 -0.00236
1260.12 -0.00269
1260.24 -0.00249
1260.36 -0.00192
1260.48 -0.00145
1260.6 -0.00142
1260.72 -0.0018
1260.84 -0.00234
1260.96 -0.00281
1261.08 -0.00312
1261.2 -0.00315
1261.32 -0.00277
1261.44 -0.00202
1261.56 -0.0013
1261.68 -0.0011
1261.8 -0.00151
1261.92 -0.00206
1262.05 -0.00221
1262.17 -0.00193
1262.29 -0.00161
1262.41 -0.00154
1262.53 -0.00156
1262.65 -0.00145
1262.77 -0.00119
1262.89 -9.51998E-4
1263.01 -8.76412E-4
1263.13 -9.11042E-4
1263.25 -9.54457E-4
1263.37 -9.76413E-4
1263.49 -0.00102
1263.61 -0.00113
1263.73 -0.00131
1263.85 -0.00151
1263.97 -0.00169
1264.09 -0.00185
1264.22 -0.002
1264.34 -0.00207
1264.46 -0.00202
1264.58 -0.00191
1264.7 -0.00182
1264.82 -0.00179
1264.94 -0.00176
1265.06 -0.00179
1265.18 -0.00206
1265.3 -0.00252
1265.42 -0.00286
1265.54 -0.0028
1265.66 -0.00247
1265.78 -0.00228
1265.9 -0.00239
1266.02 -0.00254
1266.14 -0.00247
1266.26 -0.00226
1266.39 -0.00213
1266.51 -0.00211
1266.63 -0.00207
1266.75 -0.00202
1266.87 -0.00218
1266.99 -0.00261
1267.11 -0.00305
1267.23 -0.00314
1267.35 -0.00279
1267.47 -0.00221
1267.59 -0.00172
1267.71 -0.00143
1267.83 -0.00133
1267.95 -0.00143
1268.07 -0.00179
1268.19 -0.00232
1268.31 -0.00273
1268.43 -0.00272
1268.56 -0.00244
1268.68 -0.00227
1268.8 -0.00236
1268.92 -0.00238
1269.04 -0.002
1269.16 -0.00145
1269.28 -0.00126
1269.4 -0.00157
1269.52 -0.0019
1269.64 -0.00182
1269.76 -0.00146
1269.88 -0.00127
1270 -0.0013
1270.12 -0.00125
1270.24 -9.72483E-4
1270.36 -7.54211E-4
1270.48 -9.57612E-4
1270.6 -0.00158
1270.73 -0.00232
1270.85 -0.0029
1270.97 -0.00318
1271.09 -0.00306
1271.21 -0.0026
1271.33 -0.00205
1271.45 -0.00174
1271.57 -0.00182
1271.69 -0.00211
1271.81 -0.00235
1271.93 -0.00239
1272.05 -0.00228
1272.17 -0.00213
1272.29 -0.00212
1272.41 -0.00238
1272.53 -0.00284
1272.65 -0.00316
1272.77 -0.00299
1272.9 -0.00231
1273.02 -0.00154
1273.14 -0.00116
1273.26 -0.00136
1273.38 -0.00195
1273.5 -0.00252
1273.62 -0.00275
1273.74 -0.00252
1273.86 -0.00203
1273.98 -0.00161
1274.1 -0.0015
1274.22 -0.00169
1274.34 -0.00201
1274.46 -0.00223
1274.58 -0.00225
1274.7 -0.0021
1274.82 -0.00194
1274.94 -0.00198
1275.06 -0.00231
1275.19 -0.00275
1275.31 -0.00295
1275.43 -0.00273
1275.55 -0.00226
1275.67 -0.00189
1275.79 -0.00181
1275.91 -0.00192
1276.03 -0.00203
1276.15 -0.0021
1276.27 -0.00223
1276.39 -0.00246
1276.51 -0.0027
1276.63 -0.00277
1276.75 -0.00264
1276.87 -0.00246
1276.99 -0.00237
1277.11 -0.0024
1277.23 -0.00243
1277.36 -0.00239
1277.48 -0.00232
1277.6 -0.00234
1277.72 -0.00241
1277.84 -0.00242
1277.96 -0.00221
1278.08 -0.00178
1278.2 -0.00123
1278.32 -8.49865E-4
1278.44 -8.90125E-4
1278.56 -0.00139
1278.68 -0.00201
1278.8 -0.00232
1278.92 -0.0022
1279.04 -0.00196
1279.16 -0.00198
1279.28 -0.00228
1279.4 -0.00256
1279.53 -0.00257
1279.65 -0.00237
1279.77 -0.00216
1279.89 -0.00207
1280.01 -0.0021
1280.13 -0.00226
1280.25 -0.00253
1280.37 -0.00281
1280.49 -0.00296
1280.61 -0.00292
1280.73 -0.00272
1280.85 -0.00243
1280.97 -0.00209
1281.09 -0.00178
1281.21 -0.0016
1281.33 -0.00157
1281.45 -0.00163
1281.57 -0.00167
1281.7 -0.00162
1281.82 -0.00151
1281.94 -0.00144
1282.06 -0.00152
1282.18 -0.00175
1282.3 -0.00202
1282.42 -0.00222
1282.54 -0.00237
1282.66 -0.00261
1282.78 -0.00303
1282.9 -0.00351
1283.02 -0.00368
1283.14 -0.0032
1283.26 -0.00211
1283.38 -0.001
1283.5 -5.82561E-4
1283.62 -0.00104
1283.74 -0.00183
1283.87 -0.00225
1283.99 -0.00222
1284.11 -0.00222
1284.23 -0.00246
1284.35 -0.00257
1284.47 -0.00208
1284.59 -0.00126
1284.71 -7.88834E-4
1284.83 -9.75888E-4
1284.95 -0.00139
1285.07 -0.0015
1285.19 -0.00134
1285.31 -0.00137
1285.43 -0.00179
1285.55 -0.00234
1285.67 -0.00262
1285.79 -0.00253
1285.91 -0.00225
1286.04 -0.00201
1286.16 -0.00193
1286.28 -0.00197
1286.4 -0.00199
1286.52 -0.00191
1286.64 -0.00177
1286.76 -0.00165
1286.88 -0.00153
1287 -0.00137
1287.12 -0.0013
1287.24 -0.00152
1287.36 -0.00204
1287.48 -0.00256
1287.6 -0.00275
1287.72 -0.00266
1287.84 -0.00254
1287.96 -0.00257
1288.08 -0.00265
1288.2 -0.00268
1288.33 -0.00276
1288.45 -0.00309
1288.57 -0.00362
1288.69 -0.004
1288.81 -0.00392
1288.93 -0.00338
1289.05 -0.0027
1289.17 -0.00226
1289.29 -0.00222
1289.41 -0.00244
1289.53 -0.00261
1289.65 -0.00249
1289.77 -0.00206
1289.89 -0.0016
1290.01 -0.0014
1290.13 -0.00149
1290.25 -0.00165
1290.37 -0.00166
1290.5 -0.00161
1290.62 -0.00171
1290.74 -0.00198
1290.86 -0.00225
1290.98 -0.00237
1291.1 -0.00241
1291.22 -0.00241
1291.34 -0.00229
1291.46 -0.00196
1291.58 -0.00161
1291.7 -0.0015
1291.82 -0.00163
1291.94 -0.00174
1292.06 -0.00161
1292.18 -0.00137
1292.3 -0.00124
1292.42 -0.00136
1292.54 -0.00173
1292.67 -0.00228
1292.79 -0.00284
1292.91 -0.00319
1293.03 -0.00318
1293.15 -0.00292
1293.27 -0.00265
1293.39 -0.0025
1293.51 -0.00243
1293.63 -0.00244
1293.75 -0.00257
1293.87 -0.00275
1293.99 -0.00282
1294.11 -0.00267
1294.23 -0.00239
1294.35 -0.00214
1294.47 -0.00201
1294.59 -0.00195
1294.71 -0.00184
1294.84 -0.00167
1294.96 -0.00154
1295.08 -0.00161
1295.2 -0.00196
1295.32 -0.00247
1295.44 -0.00285
1295.56 -0.00283
1295.68 -0.0024
1295.8 -0.00178
1295.92 -0.00128
1296.04 -0.0011
1296.16 -0.00135
1296.28 -0.00195
1296.4 -0.00268
1296.52 -0.0032
1296.64 -0.00327
1296.76 -0.00292
1296.88 -0.00242
1297.01 -0.00212
1297.13 -0.00214
1297.25 -0.00231
1297.37 -0.00243
1297.49 -0.00246
1297.61 -0.00257
1297.73 -0.00287
1297.85 -0.00321
1297.97 -0.00332
1298.09 -0.00305
1298.21 -0.00252
1298.33 -0.00189
1298.45 -0.00126
1298.57 -7.94701E-4
1298.69 -7.40021E-4
1298.81 -0.00118
1298.93 -0.00183
1299.05 -0.0023
1299.18 -0.0024
1299.3 -0.00223
1299.42 -0.00194
1299.54 -0.00158
1299.66 -0.00129
1299.78 -0.00136
1299.9 -0.00186
1300.02 -0.00237
1300.14 -0.00236
1300.26 -0.00178
1300.38 -0.00115
1300.5 -0.00104
1300.62 -0.00149
1300.74 -0.0021
1300.86 -0.00248
1300.98 -0.00246
1301.1 -0.00214
1301.22 -0.00175
1301.34 -0.00149
1301.47 -0.00149
1301.59 -0.0017
1301.71 -0.00196
1301.83 -0.00214
1301.95 -0.00214
1302.07 -0.00201
1302.19 -0.00193
1302.31 -0.00215
1302.43 -0.00264
1302.55 -0.00304
1302.67 -0.003
1302.79 -0.00256
1302.91 -0.0021
1303.03 -0.00185
1303.15 -0.00176
1303.27 -0.00168
1303.39 -0.00168
1303.51 -0.00186
1303.64 -0.00213
1303.76 -0.00225
1303.88 -0.00209
1304 -0.00176
1304.12 -0.0015
1304.24 -0.00143
1304.36 -0.00151
1304.48 -0.00161
1304.6 -0.0016
1304.72 -0.00144
1304.84 -0.00124
1304.96 -0.00115
1305.08 -0.00121
1305.2 -0.00136
1305.32 -0.00152
1305.44 -0.00158
1305.56 -0.00145
1305.68 -0.00111
1305.81 -8.18495E-4
1305.93 -9.18239E-4
1306.05 -0.00153
1306.17 -0.00236
1306.29 -0.00297
1306.41 -0.00317
1306.53 -0.00306
1306.65 -0.0028
1306.77 -0.00244
1306.89 -0.00202
1307.01 -0.00174
1307.13 -0.00177
1307.25 -0.00196
1307.37 -0.00195
1307.49 -0.0016
1307.61 -0.00125
1307.73 -0.00133
1307.85 -0.00186
1307.98 -0.00243
1308.1 -0.00267
1308.22 -0.00266
1308.34 -0.00275
1308.46 -0.00309
1308.58 -0.00345
1308.7 -0.0035
1308.82 -0.00312
1308.94 -0.00248
1309.06 -0.00192
1309.18 -0.00171
1309.3 -0.00191
1309.42 -0.00232
1309.54 -0.0026
1309.66 -0.00266
1309.78 -0.00259
1309.9 -0.0025
1310.02 -0.00236
1310.15 -0.0022
1310.27 -0.00218
1310.39 -0.00241
1310.51 -0.00271
1310.63 -0.00283
1310.75 -0.0027
1310.87 -0.00258
1310.99 -0.00263
1311.11 -0.00269
1311.23 -0.00251
1311.35 -0.00216
1311.47 -0.00192
1311.59 -0.00198
1311.71 -0.00213
1311.83 -0.00205
1311.95 -0.00162
1312.07 -0.00109
1312.19 -8.27499E-4
1312.32 -9.87772E-4
1312.44 -0.00139
1312.56 -0.00173
1312.68 -0.00188
1312.8 -0.00198
1312.92 -0.00222
1313.04 -0.00249
1313.16 -0.00256
1313.28 -0.00238
1313.4 -0.00214
1313.52 -0.00204
1313.64 -0.00207
1313.76 -0.00208
1313.88 -0.0021
1314 -0.0022
1314.12 -0.00227
1314.24 -0.00208
1314.36 -0.00157
1314.48 -0.00109
1314.61 -0.00104
1314.73 -0.00147
1314.85 -0.002
1314.97 -0.00232
1315.09 -0.00244
1315.21 -0.00248
1315.33 -0.00249
1315.45 -0.00239
1315.57 -0.00221
1315.69 -0.00209
1315.81 -0.00212
1315.93 -0.00223
1316.05 -0.00227
1316.17 -0.00213
1316.29 -0.00183
1316.41 -0.00149
1316.53 -0.00131
1316.65 -0.00149
1316.78 -0.00193
1316.9 -0.00233
1317.02 -0.00241
1317.14 -0.00219
1317.26 -0.00185
1317.38 -0.00154
1317.5 -0.00126
1317.62 -0.00104
1317.74 -9.36683E-4
1317.86 -9.43057E-4
1317.98 -9.74465E-4
1318.1 -9.86159E-4
1318.22 -0.00106
1318.34 -0.00127
1318.46 -0.00157
1318.58 -0.0018
1318.7 -0.00192
1318.82 -0.002
1318.95 -0.00219
1319.07 -0.00262
1319.19 -0.00322
1319.31 -0.00369
1319.43 -0.00358
1319.55 -0.00276
1319.67 -0.00167
1319.79 -0.00105
1319.91 -0.00117
1320.03 -0.0017
1320.15 -0.00216
1320.27 -0.00248
1320.39 -0.00285
1320.51 -0.00324
1320.63 -0.00339
1320.75 -0.00327
1320.87 -0.00315
1320.99 -0.0032
1321.12 -0.00316
1321.24 -0.00269
1321.36 -0.00191
1321.48 -0.00132
1321.6 -0.00121
1321.72 -0.00142
1321.84 -0.00164
1321.96 -0.00181
1322.08 -0.00206
1322.2 -0.00233
1322.32 -0.00241
1322.44 -0.00223
1322.56 -0.002
1322.68 -0.00193
1322.8 -0.00203
1322.92 -0.00213
1323.04 -0.00217
1323.16 -0.00214
1323.29 -0.00201
1323.41 -0.00171
1323.53 -0.00133
1323.65 -0.00114
1323.77 -0.00128
1323.89 -0.00158
1324.01 -0.00176
1324.13 -0.0017
1324.25 -0.00156
1324.37 -0.00148
1324.49 -0.00143
1324.61 -0.00138
1324.73 -0.00136
1324.85 -0.00146
1324.97 -0.00162
1325.09 -0.00168
1325.21 -0.00154
1325.33 -0.00128
1325.46 -0.00105
1325.58 -9.34824E-4
1325.7 -9.42491E-4
1325.82 -0.00102
1325.94 -0.00109
1326.06 -0.00116
1326.18 -0.00123
1326.3 -0.00128
1326.42 -0.00123
1326.54 -0.00108
1326.66 -9.68885E-4
1326.78 -0.00107
1326.9 -0.00132
1327.02 -0.00146
1327.14 -0.00137
1327.26 -0.0012
1327.38 -0.00113
1327.5 -0.00113
1327.62 -0.00106
1327.75 -9.97696E-4
1327.87 -0.00116
1327.99 -0.00158
1328.11 -0.00192
1328.23 -0.00186
1328.35 -0.00148
1328.47 -0.00111
1328.59 -9.88062E-4
1328.71 -0.00111
1328.83 -0.0014
1328.95 -0.0018
1329.07 -0.00219
1329.19 -0.00232
1329.31 -0.00211
1329.43 -0.00176
1329.55 -0.00159
1329.67 -0.00167
1329.79 -0.00177
1329.92 -0.00165
1330.04 -0.00145
1330.16 -0.00146
1330.28 -0.00172
1330.4 -0.00196
1330.52 -0.00191
1330.64 -0.00164
1330.76 -0.0014
1330.88 -0.00132
1331 -0.0014
1331.12 -0.00161
1331.24 -0.00193
1331.36 -0.00216
1331.48 -0.00207
1331.6 -0.00164
1331.72 -0.00123
1331.84 -0.00119
1331.96 -0.00147
1332.09 -0.00166
1332.21 -0.00143
1332.33 -8.75197E-4
1332.45 -4.19304E-4
1332.57 -4.17918E-4
1332.69 -9.30071E-4
1332.81 -0.00172
1332.93 -0.00243
1333.05 -0.00276
1333.17 -0.00263
1333.29 -0.00212
1333.41 -0.00147
1333.53 -9.57347E-4
1333.65 -7.94515E-4
1333.77 -9.1045E-4
1333.89 -9.77769E-4
1334.01 -7.68531E-4
1334.13 -5.18292E-4
1334.26 -7.44734E-4
1334.38 -0.00159
1334.5 -0.0025
1334.62 -0.00274
1334.74 -0.00224
1334.86 -0.00157
1334.98 -0.00129
1335.1 -0.00134
1335.22 -0.00133
1335.34 -0.00118
1335.46 -0.00119
1335.58 -0.00156
1335.7 -0.00201
1335.82 -0.00215
1335.94 -0.00196
1336.06 -0.00177
1336.18 -0.00185
1336.3 -0.00214
1336.43 -0.00236
1336.55 -0.00241
1336.67 -0.00247
1336.79 -0.00271
1336.91 -0.00312
1337.03 -0.00349
1337.15 -0.00366
1337.27 -0.00369
1337.39 -0.00376
1337.51 -0.00401
1337.63 -0.00446
1337.75 -0.00499
1337.87 -0.00536
1337.99 -0.00528
1338.11 -0.0046
1338.23 -0.0036
1338.35 -0.00288
1338.47 -0.00288
1338.6 -0.00356
1338.72 -0.00442
1338.84 -0.00504
1338.96 -0.00532
1339.08 -0.0053
1339.2 -0.00499
1339.32 -0.0045
1339.44 -0.00409
1339.56 -0.00406
1339.68 -0.0044
1339.8 -0.00474
1339.92 -0.00477
1340.04 -0.00452
1340.16 -0.00424
1340.28 -0.00412
1340.4 -0.00416
1340.52 -0.00425
1340.64 -0.0043
1340.77 -0.00425
1340.89 -0.00407
1341.01 -0.00383
1341.13 -0.00363
1341.25 -0.00356
1341.37 -0.00362
1341.49 -0.00366
1341.61 -0.00351
1341.73 -0.00302
1341.85 -0.00224
1341.97 -0.00149
1342.09 -0.00116
1342.21 -0.00133
1342.33 -0.00171
1342.45 -0.00185
1342.57 -0.00153
1342.69 -8.43409E-4
1342.81 1.7073E-5
1342.93 8.28028E-4
1343.06 0.00128
1343.18 0.00109
1343.3 4.07431E-4
1343.42 -2.05513E-4
1343.54 -3.01316E-4
1343.66 -1.40861E-4
1343.78 -4.04477E-4
1343.9 -0.00129
1344.02 -0.00214
1344.14 -0.00221
1344.26 -0.00148
1344.38 -6.23651E-4
1344.5 -1.45413E-4
1344.62 -1.32769E-5
1344.74 -5.94556E-6
1344.86 -1.42876E-4
1344.98 -5.62534E-4
1345.1 -0.00118
1345.23 -0.0017
1345.35 -0.00186
1345.47 -0.00167
1345.59 -0.00131
1345.71 -0.00109
1345.83 -0.00131
1345.95 -0.00203
1346.07 -0.00295
1346.19 -0.00362
1346.31 -0.00385
1346.43 -0.00384
1346.55 -0.004
1346.67 -0.00457
1346.79 -0.0055
1346.91 -0.00642
1347.03 -0.00694
1347.15 -0.00698
1347.27 -0.00695
1347.4 -0.00738
1347.52 -0.00827
1347.64 -0.00908
1347.76 -0.00934
1347.88 -0.00918
1348 -0.00909
1348.12 -0.00929
1348.24 -0.00959
1348.36 -0.00974
1348.48 -0.00967
1348.6 -0.0094
1348.72 -0.00901
1348.84 -0.00864
1348.96 -0.0085
1349.08 -0.00863
1349.2 -0.00881
1349.32 -0.00871
1349.44 -0.00832
1349.57 -0.00796
1349.69 -0.00792
1349.81 -0.00809
1349.93 -0.00808
1350.05 -0.00761
1350.17 -0.00684
1350.29 -0.00612
1350.41 -0.0056
1350.53 -0.00515
1350.65 -0.00463
1350.77 -0.00411
1350.89 -0.00373
1351.01 -0.0035
1351.13 -0.00333
1351.25 -0.0032
1351.37 -0.00315
1351.49 -0.00305
1351.61 -0.00272
1351.74 -0.00218
1351.86 -0.00178
1351.98 -0.00176
1352.1 -0.00194
1352.22 -0.00195
1352.34 -0.00167
1352.46 -0.00138
1352.58 -0.00133
1352.7 -0.00155
1352.82 -0.00184
1352.94 -0.00206
1353.06 -0.00221
1353.18 -0.00238
1353.3 -0.0026
1353.42 -0.00283
1353.54 -0.00301
1353.66 -0.00327
1353.78 -0.00384
1353.91 -0.00481
1354.03 -0.00585
1354.15 -0.00645
1354.27 -0.00635
1354.39 -0.00577
1354.51 -0.00509
1354.63 -0.00447
1354.75 -0.00397
1354.87 -0.00369
1354.99 -0.00365
1355.11 -0.00362
1355.23 -0.00333
1355.35 -0.00283
1355.47 -0.00252
1355.59 -0.00268
1355.71 -0.00297
1355.83 -0.00282
1355.95 -0.00206
1356.07 -0.00123
1356.2 -9.88852E-4
1356.32 -0.00146
1356.44 -0.0021
1356.56 -0.00226
1356.68 -0.00179
1356.8 -0.00107
1356.92 -6.02379E-4
1357.04 -5.64914E-4
1357.16 -7.86807E-4
1357.28 -0.00101
1357.4 -0.00109
1357.52 -0.001
1357.64 -7.48031E-4
1357.76 -3.59945E-4
1357.88 -2.14539E-5
1358 3.27453E-6
1358.12 -3.83694E-4
1358.24 -9.3912E-4
1358.37 -0.00127
1358.49 -0.00123
1358.61 -0.00105
1358.73 -0.00108
1358.85 -0.00135
1358.97 -0.0016
1359.09 -0.00159
1359.21 -0.00146
1359.33 -0.00148
1359.45 -0.00165
1359.57 -0.00168
1359.69 -0.00139
1359.81 -0.00102
1359.93 -8.95076E-4
1360.05 -0.00104
1360.17 -0.00111
1360.29 -8.8599E-4
1360.41 -5.41084E-4
1360.54 -4.54631E-4
1360.66 -7.33022E-4
1360.78 -0.0011
1360.9 -0.00124
1361.02 -0.00108
1361.14 -8.33821E-4
1361.26 -7.11937E-4
1361.38 -7.16794E-4
1361.5 -6.77429E-4
1361.62 -4.23677E-4
1361.74 5.66542E-5
1361.86 5.80996E-4
1361.98 8.80186E-4
1362.1 7.78601E-4
1362.22 3.55624E-4
1362.34 -4.98593E-5
1362.46 -4.97364E-5
1362.58 4.74125E-4
1362.71 0.00123
1362.83 0.00176
1362.95 0.00179
1363.07 0.00148
1363.19 0.0011
1363.31 7.7175E-4
1363.43 4.64294E-4
1363.55 1.90906E-4
1363.67 9.21786E-5
1363.79 2.36616E-4
1363.91 4.8219E-4
1364.03 6.24456E-4
1364.15 6.2789E-4
1364.27 6.26147E-4
1364.39 7.17666E-4
1364.51 8.41673E-4
1364.63 8.62464E-4
1364.75 7.27586E-4
1364.88 5.28518E-4
1365 4.12617E-4
1365.12 4.13638E-4
1365.24 3.69538E-4
1365.36 7.78437E-5
1365.48 -4.2231E-4
1365.6 -7.97555E-4
1365.72 -7.58536E-4
1365.84 -3.87263E-4
1365.96 -2.01166E-5
1366.08 1.57747E-4
1366.2 2.29202E-4
1366.32 2.73716E-4
1366.44 1.91472E-4
1366.56 -6.48163E-5
1366.68 -2.51021E-4
1366.8 -5.61886E-5
1366.92 4.80138E-4
1367.05 9.39414E-4
1367.17 9.64917E-4
1367.29 6.14338E-4
1367.41 2.74036E-4
1367.53 3.15573E-4
1367.65 8.34756E-4
1367.77 0.00158
1367.89 0.00208
1368.01 0.00193
1368.13 0.00112
1368.25 1.3629E-4
1368.37 -4.9445E-4
1368.49 -5.66863E-4
1368.61 -2.90073E-4
1368.73 9.55537E-6
1368.85 1.67638E-4
1368.97 2.33479E-4
1369.09 3.39407E-4
1369.21 5.5996E-4
1369.34 8.30997E-4
1369.46 9.59486E-4
1369.58 7.47014E-4
1369.7 1.69776E-4
1369.82 -5.3706E-4
1369.94 -0.00101
1370.06 -0.00108
1370.18 -9.41049E-4
1370.3 -0.00103
1370.42 -0.00155
1370.54 -0.00222
1370.66 -0.00252
1370.78 -0.0022
1370.9 -0.00154
1371.02 -0.001
1371.14 -8.7313E-4
1371.26 -0.00109
1371.38 -0.00145
1371.51 -0.00171
1371.63 -0.00166
1371.75 -0.00127
1371.87 -7.56163E-4
1371.99 -4.73592E-4
1372.11 -4.74814E-4
1372.23 -4.93612E-4
1372.35 -3.21805E-4
1372.47 -8.96677E-5
1372.59 -5.79841E-5
1372.71 -2.49501E-4
1372.83 -4.37554E-4
1372.95 -4.35941E-4
1373.07 -2.54825E-4
1373.19 -8.44523E-6
1373.31 1.78918E-4
1373.43 1.84942E-4
1373.55 -6.98492E-6
1373.68 -1.85046E-4
1373.8 -5.33871E-5
1373.92 4.20403E-4
1374.04 9.08032E-4
1374.16 0.0011
1374.28 0.00109
1374.4 0.00123
1374.52 0.00166
1374.64 0.00218
1374.76 0.0025
1374.88 0.00255
1375 0.00246
1375.12 0.00238
1375.24 0.00232
1375.36 0.0022
1375.48 0.00196
1375.6 0.00164
1375.72 0.00142
1375.85 0.00146
1375.97 0.00177
1376.09 0.00214
1376.21 0.00238
1376.33 0.00235
1376.45 0.00205
1376.57 0.00153
1376.69 9.52642E-4
1376.81 5.9228E-4
1376.93 6.64134E-4
1377.05 0.00116
1377.17 0.00182
1377.29 0.00232
1377.41 0.00241
1377.53 0.00205
1377.65 0.00148
1377.77 0.00102
1377.89 8.34055E-4
1378.02 7.88052E-4
1378.14 6.88463E-4
1378.26 5.36144E-4
1378.38 4.68284E-4
1378.5 4.70906E-4
1378.62 3.49056E-4
1378.74 3.91379E-5
1378.86 -2.2975E-4
1378.98 -2.26602E-4
1379.1 -7.57016E-5
1379.22 -1.34721E-4
1379.34 -5.56741E-4
1379.46 -0.00112
1379.58 -0.00149
1379.7 -0.00157
1379.82 -0.00152
1379.94 -0.0015
1380.06 -0.00157
1380.19 -0.00169
1380.31 -0.00181
1380.43 -0.00193
1380.55 -0.00209
1380.67 -0.00227
1380.79 -0.00241
1380.91 -0.00247
1381.03 -0.00258
1381.15 -0.00288
1381.27 -0.00329
1381.39 -0.00353
1381.51 -0.00333
1381.63 -0.00279
1381.75 -0.00226
1381.87 -0.00208
1381.99 -0.00231
1382.11 -0.00275
1382.23 -0.00319
1382.36 -0.00357
1382.48 -0.00387
1382.6 -0.004
1382.72 -0.00383
1382.84 -0.00348
1382.96 -0.00333
1383.08 -0.00367
1383.2 -0.00426
1383.32 -0.0046
1383.44 -0.00444
1383.56 -0.00412
1383.68 -0.0041
1383.8 -0.00446
1383.92 -0.0049
1384.04 -0.00509
1384.16 -0.00496
1384.28 -0.00473
1384.4 -0.00469
1384.52 -0.00503
1384.65 -0.00557
1384.77 -0.00585
1384.89 -0.00557
1385.01 -0.00487
1385.13 -0.00426
1385.25 -0.00408
1385.37 -0.00429
1385.49 -0.00471
1385.61 -0.00518
1385.73 -0.00557
1385.85 -0.00571
1385.97 -0.00556
1386.09 -0.00529
1386.21 -0.00503
1386.33 -0.00475
1386.45 -0.00437
1386.57 -0.00408
1386.69 -0.0041
1386.82 -0.0044
1386.94 -0.00458
1387.06 -0.00436
1387.18 -0.00392
1387.3 -0.00377
1387.42 -0.00422
1387.54 -0.005
1387.66 -0.00548
1387.78 -0.00523
1387.9 -0.00443
1388.02 -0.0037
1388.14 -0.0035
1388.26 -0.00375
1388.38 -0.00407
1388.5 -0.00429
1388.62 -0.00449
1388.74 -0.00481
1388.86 -0.0051
1388.99 -0.00513
1389.11 -0.00489
1389.23 -0.00456
1389.35 -0.00432
1389.47 -0.00412
1389.59 -0.00379
1389.71 -0.00332
1389.83 -0.00292
1389.95 -0.00281
1390.07 -0.003
1390.19 -0.0033
1390.31 -0.0035
1390.43 -0.00351
1390.55 -0.00334
1390.67 -0.00307
1390.79 -0.00287
1390.91 -0.00294
1391.03 -0.00331
1391.16 -0.00372
1391.28 -0.00387
1391.4 -0.0037
1391.52 -0.00337
1391.64 -0.0031
1391.76 -0.00293
1391.88 -0.00282
1392 -0.00275
1392.12 -0.00273
1392.24 -0.0028
1392.36 -0.00303
1392.48 -0.00346
1392.6 -0.00393
1392.72 -0.00414
1392.84 -0.00396
1392.96 -0.00361
1393.08 -0.00346
1393.2 -0.00361
1393.33 -0.00386
1393.45 -0.004
1393.57 -0.00404
1393.69 -0.00408
1393.81 -0.00403
1393.93 -0.00368
1394.05 -0.00301
1394.17 -0.00228
1394.29 -0.00186
1394.41 -0.00186
1394.53 -0.00204
1394.65 -0.00215
1394.77 -0.00217
1394.89 -0.00231
1395.01 -0.00269
1395.13 -0.00315
1395.25 -0.0035
1395.37 -0.0037
1395.5 -0.00385
1395.62 -0.00398
1395.74 -0.00396
1395.86 -0.00369
1395.98 -0.00317
1396.1 -0.00255
1396.22 -0.00203
1396.34 -0.00186
1396.46 -0.00213
1396.58 -0.00262
1396.7 -0.00287
1396.82 -0.00261
1396.94 -0.0021
1397.06 -0.00182
1397.18 -0.00193
1397.3 -0.0021
1397.42 -0.00192
1397.54 -0.0014
1397.67 -9.38855E-4
1397.79 -8.1249E-4
1397.91 -9.86755E-4
1398.03 -0.00132
1398.15 -0.00182
1398.27 -0.00245
1398.39 -0.00294
1398.51 -0.00293
1398.63 -0.00236
1398.75 -0.00165
1398.87 -0.00127
1398.99 -0.00129
1399.11 -0.00149
1399.23 -0.00165
1399.35 -0.00173
1399.47 -0.00176
1399.59 -0.00179
1399.71 -0.00189
1399.83 -0.00213
1399.96 -0.00237
1400.08 -0.00234
1400.2 -0.00197
1400.32 -0.00152
1400.44 -0.00129
1400.56 -0.0013
1400.68 -0.00134
1400.8 -0.00132
1400.92 -0.00129
1401.04 -0.00123
1401.16 -0.00106
1401.28 -7.7666E-4
1401.4 -5.5483E-4
1401.52 -5.24819E-4
1401.64 -6.14841E-4
1401.76 -7.20698E-4
1401.88 -9.08803E-4
1402 -0.00129
1402.13 -0.00173
1402.25 -0.00193
1402.37 -0.00182
1402.49 -0.0017
1402.61 -0.00194
1402.73 -0.00247
1402.85 -0.00278
1402.97 -0.00245
1403.09 -0.00162
1403.21 -8.68957E-4
1403.33 -7.12305E-4
1403.45 -0.0012
1403.57 -0.00196
1403.69 -0.00251
1403.81 -0.00256
1403.93 -0.00216
1404.05 -0.00162
1404.17 -0.00131
1404.3 -0.00132
1404.42 -0.00149
1404.54 -0.00156
1404.66 -0.00151
1404.78 -0.00144
1404.9 -0.00137
1405.02 -0.00117
1405.14 -8.33496E-4
1405.26 -6.13704E-4
1405.38 -7.38408E-4
1405.5 -0.00104
1405.62 -0.00112
1405.74 -7.95349E-4
1405.86 -3.61186E-4
1405.98 -1.69389E-4
1406.1 -2.59001E-4
1406.22 -4.35676E-4
1406.34 -5.98039E-4
1406.47 -7.99526E-4
1406.59 -0.00104
1406.71 -0.00116
1406.83 -0.00109
1406.95 -8.89298E-4
1407.07 -7.28797E-4
1407.19 -6.75082E-4
1407.31 -7.14257E-4
1407.43 -8.19098E-4
1407.55 -9.23578E-4
1407.67 -8.96573E-4
1407.79 -6.78677E-4
1407.91 -4.48871E-4
1408.03 -5.2543E-4
1408.15 -0.00102
1408.27 -0.00163
1408.39 -0.00192
1408.51 -0.00174
1408.64 -0.00139
1408.76 -0.00124
1408.88 -0.00137
1409 -0.00154
1409.12 -0.00149
1409.24 -0.00125
1409.36 -0.001
1409.48 -8.11584E-4
1409.6 -6.35751E-4
1409.72 -5.22975E-4
1409.84 -6.62323E-4
1409.96 -0.00116
1410.08 -0.00181
1410.2 -0.00225
1410.32 -0.00229
1410.44 -0.00212
1410.56 -0.00206
1410.68 -0.00225
1410.81 -0.00256
1410.93 -0.00273
1411.05 -0.00267
1411.17 -0.00247
1411.29 -0.00227
1411.41 -0.00214
1411.53 -0.0021
1411.65 -0.00215
1411.77 -0.00227
1411.89 -0.0023
1412.01 -0.00211
1412.13 -0.00179
1412.25 -0.00164
1412.37 -0.00188
1412.49 -0.00239
1412.61 -0.00278
1412.73 -0.00278
1412.85 -0.00244
1412.97 -0.00203
1413.1 -0.00175
1413.22 -0.00162
1413.34 -0.00156
1413.46 -0.00146
1413.58 -0.00129
1413.7 -0.00112
1413.82 -0.00111
1413.94 -0.00135
1414.06 -0.00177
1414.18 -0.00216
1414.3 -0.00224
1414.42 -0.00197
1414.54 -0.00163
1414.66 -0.00162
1414.78 -0.00204
1414.9 -0.00254
1415.02 -0.00266
1415.14 -0.00234
1415.27 -0.00201
1415.39 -0.00197
1415.51 -0.00205
1415.63 -0.0019
1415.75 -0.00154
1415.87 -0.00135
1415.99 -0.00157
1416.11 -0.00191
1416.23 -0.00195
1416.35 -0.00164
1416.47 -0.00137
1416.59 -0.00145
1416.71 -0.00174
1416.83 -0.00187
1416.95 -0.00166
1417.07 -0.00127
1417.19 -9.41183E-4
1417.31 -7.2027E-4
1417.44 -5.04337E-4
1417.56 -3.40268E-4
1417.68 -4.66533E-4
1417.8 -9.69466E-4
1417.92 -0.00153
1418.04 -0.00173
1418.16 -0.00149
1418.28 -0.00122
1418.4 -0.00131
1418.52 -0.00175
1418.64 -0.00223
1418.76 -0.00247
1418.88 -0.00242
1419 -0.00216
1419.12 -0.00187
1419.24 -0.00172
1419.36 -0.00163
1419.48 -0.00136
1419.61 -7.79774E-4
1419.73 -1.70313E-4
1419.85 -7.94977E-6
1419.97 -4.15217E-4
1420.09 -0.00102
1420.21 -0.00139
1420.33 -0.00151
1420.45 -0.00169
1420.57 -0.00215
1420.69 -0.00273
1420.81 -0.00309
1420.93 -0.00298
1421.05 -0.00249
1421.17 -0.00194
1421.29 -0.0016
1421.41 -0.00153
1421.53 -0.0016
1421.65 -0.00168
1421.78 -0.00177
1421.9 -0.00187
1422.02 -0.00199
1422.14 -0.00216
1422.26 -0.00242
1422.38 -0.00267
1422.5 -0.00263
1422.62 -0.0021
1422.74 -0.00126
1422.86 -5.90872E-4
1422.98 -4.57853E-4
1423.1 -7.48012E-4
1423.22 -0.0011
1423.34 -0.00132
1423.46 -0.00155
1423.58 -0.00188
1423.7 -0.00214
1423.82 -0.00206
1423.95 -0.00159
1424.07 -0.00108
1424.19 -8.68637E-4
1424.31 -9.69924E-4
1424.43 -0.00112
1424.55 -0.0011
1424.67 -9.20631E-4
1424.79 -6.74717E-4
1424.91 -4.23845E-4
1425.03 -2.14279E-4
1425.15 -1.41706E-4
1425.27 -2.66459E-4
1425.39 -5.03018E-4
1425.51 -6.97777E-4
1425.63 -8.16472E-4
1425.75 -9.70345E-4
1425.87 -0.00123
1425.99 -0.00151
1426.11 -0.00166
1426.24 -0.00164
1426.36 -0.00159
1426.48 -0.00162
1426.6 -0.00176
1426.72 -0.00194
1426.84 -0.00211
1426.96 -0.00227
1427.08 -0.00243
1427.2 -0.00259
1427.32 -0.00272
1427.44 -0.00273
1427.56 -0.00242
1427.68 -0.00173
1427.8 -9.46384E-4
1427.92 -5.07858E-4
1428.04 -6.15343E-4
1428.16 -0.001
1428.28 -0.00128
1428.41 -0.00136
1428.53 -0.00146
1428.65 -0.00163
1428.77 -0.00166
1428.89 -0.00144
1429.01 -0.00125
1429.13 -0.00141
1429.25 -0.00174
1429.37 -0.00179
1429.49 -0.00144
1429.61 -0.00111
1429.73 -0.00126
1429.85 -0.00182
1429.97 -0.00238
1430.09 -0.00262
1430.21 -0.00248
1430.33 -0.00205
1430.45 -0.00155
1430.58 -0.00129
1430.7 -0.00152
1430.82 -0.00208
1430.94 -0.00247
1431.06 -0.00229
1431.18 -0.00157
1431.3 -7.35246E-4
1431.42 -2.04839E-4
1431.54 -1.8606E-4
1431.66 -6.30446E-4
1431.78 -0.00131
1431.9 -0.00192
1432.02 -0.00221
1432.14 -0.0021
1432.26 -0.00175
1432.38 -0.00141
1432.5 -0.00131
1432.62 -0.00155
1432.75 -0.00196
1432.87 -0.00216
1432.99 -0.0019
1433.11 -0.00131
1433.23 -8.53539E-4
1433.35 -8.59141E-4
1433.47 -0.00117
1433.59 -0.00135
1433.71 -0.00119
1433.83 -9.41869E-4
1433.95 -9.52173E-4
1434.07 -0.00121
1434.19 -0.00139
1434.31 -0.00123
1434.43 -8.34834E-4
1434.55 -4.75843E-4
1434.67 -3.38342E-4
1434.79 -3.96341E-4
1434.92 -5.32612E-4
1435.04 -6.72348E-4
1435.16 -8.0188E-4
1435.28 -9.02031E-4
1435.4 -9.04568E-4
1435.52 -7.49022E-4
1435.64 -4.88728E-4
1435.76 -2.8282E-4
1435.88 -2.22765E-4
1436 -2.14268E-4
1436.12 -1.37351E-4
1436.24 -9.10982E-5
1436.36 -3.13871E-4
1436.48 -8.06395E-4
1436.6 -0.00121
1436.72 -0.0012
1436.84 -9.33673E-4
1436.96 -9.00637E-4
1437.09 -0.00134
1437.21 -0.00198
1437.33 -0.00242
1437.45 -0.00247
1437.57 -0.00223
1437.69 -0.00185
1437.81 -0.00148
1437.93 -0.00124
1438.05 -0.00119
1438.17 -0.00128
1438.29 -0.00137
1438.41 -0.00145
1438.53 -0.00161
1438.65 -0.00189
1438.77 -0.0022
1438.89 -0.00233
1439.01 -0.00218
1439.13 -0.0018
1439.26 -0.00139
1439.38 -0.00114
1439.5 -0.00107
1439.62 -0.00109
1439.74 -0.00111
1439.86 -0.00113
1439.98 -0.00117
1440.1 -0.00117
1440.22 -0.0011
1440.34 -0.00105
1440.46 -0.00122
1440.58 -0.00166
1440.7 -0.00216
1440.82 -0.00241
1440.94 -0.00225
1441.06 -0.00184
1441.18 -0.00155
1441.3 -0.00159
1441.42 -0.00179
1441.55 -0.00181
1441.67 -0.00151
1441.79 -0.00113
1441.91 -9.52158E-4
1442.03 -9.85578E-4
1442.15 -0.00101
1442.27 -0.00101
1442.39 -0.00121
1442.51 -0.00168
1442.63 -0.00206
1442.75 -0.00196
1442.87 -0.00142
1442.99 -9.10852E-4
1443.11 -7.65942E-4
1443.23 -9.33845E-4
1443.35 -0.00118
1443.47 -0.00135
1443.59 -0.00135
1443.72 -0.0011
1443.84 -6.79616E-4
1443.96 -4.18894E-4
1444.08 -5.7001E-4
1444.2 -9.85976E-4
1444.32 -0.00126
1444.44 -0.00123
1444.56 -0.00115
1444.68 -0.00134
1444.8 -0.00178
1444.92 -0.00207
1445.04 -0.00189
1445.16 -0.00132
1445.28 -6.7411E-4
1445.4 -2.16838E-4
1445.52 -3.74578E-5
1445.64 -1.09579E-4
1445.76 -4.09219E-4
1445.89 -8.95489E-4
1446.01 -0.00142
1446.13 -0.00177
1446.25 -0.00185
1446.37 -0.0018
1446.49 -0.00184
1446.61 -0.002
1446.73 -0.00203
1446.85 -0.00178
1446.97 -0.00135
1447.09 -0.00105
1447.21 -9.77702E-4
1447.33 -9.59728E-4
1447.45 -7.83563E-4
1447.57 -4.54366E-4
1447.69 -1.69571E-4
1447.81 -9.26405E-5
1447.93 -2.21021E-4
1448.06 -4.49464E-4
1448.18 -6.89622E-4
1448.3 -8.97713E-4
1448.42 -0.00102
1448.54 -9.99216E-4
1448.66 -8.38649E-4
1448.78 -7.12506E-4
1448.9 -8.59402E-4
1449.02 -0.00135
1449.14 -0.00195
1449.26 -0.00234
1449.38 -0.00234
1449.5 -0.00207
1449.62 -0.00173
1449.74 -0.00144
1449.86 -0.00129
1449.98 -0.00139
1450.1 -0.00168
1450.23 -0.00184
1450.35 -0.00154
1450.47 -8.51966E-4
1450.59 -2.97751E-4
1450.71 -3.31964E-4
1450.83 -8.87584E-4
1450.95 -0.00151
1451.07 -0.00188
1451.19 -0.00206
1451.31 -0.00225
1451.43 -0.00241
1451.55 -0.00231
1451.67 -0.00189
1451.79 -0.00141
1451.91 -0.0013
1452.03 -0.00176
1452.15 -0.00251
1452.27 -0.00301
1452.4 -0.00288
1452.52 -0.00216
1452.64 -0.00131
1452.76 -7.28197E-4
1452.88 -5.58987E-4
1453 -6.37483E-4
1453.12 -7.28477E-4
1453.24 -7.01655E-4
1453.36 -5.62403E-4
1453.48 -3.944E-4
1453.6 -2.92324E-4
1453.72 -3.21649E-4
1453.84 -5.20665E-4
1453.96 -9.19946E-4
1454.08 -0.00151
1454.2 -0.00213
1454.32 -0.0025
1454.44 -0.00244
1454.56 -0.00213
1454.69 -0.00207
1454.81 -0.00248
1454.93 -0.00298
1455.05 -0.00289
1455.17 -0.00207
1455.29 -0.00119
1455.41 -0.00107
1455.53 -0.00175
1455.65 -0.00246
1455.77 -0.0024
1455.89 -0.00154
1456.01 -4.73168E-4
1456.13 1.98483E-4
1456.25 2.56956E-4
1456.37 -1.87062E-4
1456.49 -8.64722E-4
1456.61 -0.00146
1456.73 -0.00175
1456.86 -0.00177
1456.98 -0.00178
1457.1 -0.00198
1457.22 -0.00226
1457.34 -0.00239
1457.46 -0.00221
1457.58 -0.00182
1457.7 -0.00147
1457.82 -0.00133
1457.94 -0.00136
1458.06 -0.00131
1458.18 -0.00102
1458.3 -6.11689E-4
1458.42 -4.68843E-4
1458.54 -7.7064E-4
1458.66 -0.00125
1458.78 -0.00147
1458.9 -0.00131
1459.03 -0.00108
1459.15 -0.00105
1459.27 -0.00115
1459.39 -0.00112
1459.51 -9.23622E-4
1459.63 -8.05289E-4
1459.75 -9.74823E-4
1459.87 -0.00136
1459.99 -0.00171
1460.11 -0.00184
1460.23 -0.00181
1460.35 -0.00181
1460.47 -0.00194
1460.59 -0.00211
1460.71 -0.00218
1460.83 -0.00202
1460.95 -0.00163
1461.07 -0.00116
1461.2 -8.23516E-4
1461.32 -7.35782E-4
1461.44 -7.77047E-4
1461.56 -6.7772E-4
1461.68 -3.38726E-4
1461.8 -2.34321E-5
1461.92 -1.0848E-4
1462.04 -6.29902E-4
1462.16 -0.00121
1462.28 -0.00146
1462.4 -0.00142
1462.52 -0.0014
1462.64 -0.00163
1462.76 -0.00204
1462.88 -0.00241
1463 -0.00248
1463.12 -0.0021
1463.24 -0.00136
1463.37 -6.58594E-4
1463.49 -4.10229E-4
1463.61 -6.92662E-4
1463.73 -0.00122
1463.85 -0.00172
1463.97 -0.00216
1464.09 -0.00256
1464.21 -0.00271
1464.33 -0.00239
1464.45 -0.00162
1464.57 -6.7972E-4
1464.69 1.62866E-4
1464.81 6.81587E-4
1464.93 6.7756E-4
1465.05 1.21791E-4
1465.17 -6.33739E-4
1465.29 -0.00105
1465.41 -9.43366E-4
1465.54 -6.51352E-4
1465.66 -5.70599E-4
1465.78 -7.153E-4
1465.9 -8.76606E-4
1466.02 -0.00102
1466.14 -0.00125
1466.26 -0.00149
1466.38 -0.00149
1466.5 -0.00124
1466.62 -0.00103
1466.74 -0.00109
1466.86 -0.00126
1466.98 -0.00126
1467.1 -0.00115
1467.22 -0.00121
1467.34 -0.00152
1467.46 -0.00184
1467.58 -0.00194
1467.7 -0.00189
1467.83 -0.00181
1467.95 -0.00161
1468.07 -0.00114
1468.19 -5.66076E-4
1468.31 -3.25538E-4
1468.43 -6.2168E-4
1468.55 -0.00112
1468.67 -0.00131
1468.79 -0.00112
1468.91 -0.00102
1469.03 -0.00146
1469.15 -0.00226
1469.27 -0.00282
1469.39 -0.00269
1469.51 -0.00211
1469.63 -0.00164
1469.75 -0.00158
1469.87 -0.00175
1470 -0.00179
1470.12 -0.00156
1470.24 -0.00121
1470.36 -9.71876E-4
1470.48 -9.71422E-4
1470.6 -0.00116
1470.72 -0.00135
1470.84 -0.00135
1470.96 -0.00108
1471.08 -6.21643E-4
1471.2 -1.85505E-4
1471.32 3.54983E-5
1471.44 -3.00109E-5
1471.56 -3.20923E-4
1471.68 -7.08003E-4
1471.8 -0.00105
1471.92 -0.00128
1472.04 -0.0014
1472.17 -0.00151
1472.29 -0.00167
1472.41 -0.00178
1472.53 -0.00168
1472.65 -0.0013
1472.77 -8.70328E-4
1472.89 -7.54867E-4
1473.01 -0.00112
1473.13 -0.00172
1473.25 -0.00211
1473.37 -0.00205
1473.49 -0.00166
1473.61 -0.00121
1473.73 -8.15284E-4
1473.85 -4.63158E-4
1473.97 -1.04714E-4
1474.09 2.26676E-4
1474.21 4.24925E-4
1474.34 3.69944E-4
1474.46 1.73338E-5
1474.58 -4.9172E-4
1474.7 -8.623E-4
1474.82 -9.06829E-4
1474.94 -7.5192E-4
1475.06 -6.90151E-4
1475.18 -8.24831E-4
1475.3 -9.82687E-4
1475.42 -0.00101
1475.54 -0.00101
1475.66 -0.00117
1475.78 -0.00146
1475.9 -0.00164
1476.02 -0.0016
1476.14 -0.00152
1476.26 -0.00162
1476.38 -0.00181
1476.51 -0.00175
1476.63 -0.00132
1476.75 -8.7462E-4
1476.87 -9.05532E-4
1476.99 -0.00143
1477.11 -0.00189
1477.23 -0.00176
1477.35 -0.00111
1477.47 -5.44868E-4
1477.59 -5.23396E-4
1477.71 -9.5496E-4
1477.83 -0.00148
1477.95 -0.00186
1478.07 -0.00202
1478.19 -0.00183
1478.31 -0.00128
1478.43 -6.61947E-4
1478.55 -4.5779E-4
1478.68 -8.40973E-4
1478.8 -0.00145
1478.92 -0.00182
1479.04 -0.00192
1479.16 -0.00202
1479.28 -0.00227
1479.4 -0.0025
1479.52 -0.00248
1479.64 -0.00223
1479.76 -0.00191
1479.88 -0.00158
1480 -0.00123
1480.12 -8.91067E-4
1480.24 -6.38716E-4
1480.36 -4.57909E-4
1480.48 -2.64835E-4
1480.6 -5.6982E-5
1480.72 4.50611E-5
1480.84 -3.90559E-5
1480.97 -2.09123E-4
1481.09 -3.10738E-4
1481.21 -3.27673E-4
1481.33 -3.74395E-4
1481.45 -5.12321E-4
1481.57 -6.80629E-4
1481.69 -8.30572E-4
1481.81 -0.00102
1481.93 -0.00132
1482.05 -0.00162
1482.17 -0.00174
1482.29 -0.00159
1482.41 -0.00123
1482.53 -8.41204E-4
1482.65 -5.64065E-4
1482.77 -4.71674E-4
1482.89 -5.76157E-4
1483.01 -8.30006E-4
1483.14 -0.00115
1483.26 -0.00143
1483.38 -0.00158
1483.5 -0.00153
1483.62 -0.00129
1483.74 -0.00104
1483.86 -9.66575E-4
1483.98 -0.00107
1484.1 -0.00114
1484.22 -0.00104
1484.34 -8.20134E-4
1484.46 -6.55662E-4
1484.58 -6.26612E-4
1484.7 -7.04136E-4
1484.82 -8.98372E-4
1484.94 -0.00126
1485.06 -0.00172
1485.18 -0.00201
1485.31 -0.00187
1485.43 -0.00136
1485.55 -7.83991E-4
1485.67 -4.11838E-4
1485.79 -2.97569E-4
1485.91 -3.66285E-4
1486.03 -5.66643E-4
1486.15 -8.48163E-4
1486.27 -0.00105
1486.39 -0.001
1486.51 -7.55191E-4
1486.63 -6.80462E-4
1486.75 -0.00111
1486.87 -0.00192
1486.99 -0.00252
1487.11 -0.00246
1487.23 -0.00181
1487.35 -0.00107
1487.48 -6.75086E-4
1487.6 -7.51801E-4
1487.72 -0.00118
1487.84 -0.00172
1487.96 -0.00207
1488.08 -0.00199
1488.2 -0.00154
1488.32 -0.00105
1488.44 -8.31664E-4
1488.56 -8.30788E-4
1488.68 -8.14982E-4
1488.8 -7.13281E-4
1488.92 -6.99002E-4
1489.04 -8.93515E-4
1489.16 -0.00113
1489.28 -0.00112
1489.4 -7.54766E-4
1489.52 -2.59601E-4
1489.65 6.22235E-5
1489.77 4.09745E-5
1489.89 -2.9394E-4
1490.01 -7.89072E-4
1490.13 -0.00126
1490.25 -0.00155
1490.37 -0.00163
1490.49 -0.00159
1490.61 -0.00154
1490.73 -0.00152
1490.85 -0.00155
1490.97 -0.00172
1491.09 -0.00208
1491.21 -0.00249
1491.33 -0.00265
1491.45 -0.00234
1491.57 -0.00169
1491.69 -0.00106
1491.82 -7.0215E-4
1491.94 -6.44214E-4
1492.06 -7.81607E-4
1492.18 -0.00104
1492.3 -0.0013
1492.42 -0.00138
1492.54 -0.0012
1492.66 -9.14473E-4
1492.78 -8.58672E-4
1492.9 -0.00117
1493.02 -0.00165
1493.14 -0.00199
1493.26 -0.00203
1493.38 -0.00182
1493.5 -0.00151
1493.62 -0.00124
1493.74 -0.00107
1493.86 -9.81323E-4
1493.98 -8.97039E-4
1494.11 -7.65417E-4
1494.23 -6.59514E-4
1494.35 -7.11117E-4
1494.47 -9.32101E-4
1494.59 -0.00113
1494.71 -0.00107
1494.83 -7.15375E-4
1494.95 -3.49667E-4
1495.07 -3.27367E-4
1495.19 -7.25847E-4
1495.31 -0.00124
1495.43 -0.00147
1495.55 -0.00135
1495.67 -0.00113
1495.79 -0.00106
1495.91 -0.00109
1496.03 -0.00107
1496.15 -0.00103
1496.28 -0.00119
1496.4 -0.00157
1496.52 -0.00186
1496.64 -0.00173
1496.76 -0.00124
1496.88 -7.84703E-4
1497 -6.69297E-4
1497.12 -8.66588E-4
1497.24 -0.00113
1497.36 -0.00128
1497.48 -0.00127
1497.6 -0.00116
1497.72 -0.00104
1497.84 -9.6396E-4
1497.96 -9.13698E-4
1498.08 -8.44426E-4
1498.2 -7.85697E-4
1498.32 -8.4608E-4
1498.45 -0.00106
1498.57 -0.00129
1498.69 -0.00135
1498.81 -0.00125
1498.93 -0.00115
1499.05 -0.00112
1499.17 -0.00104
1499.29 -8.37661E-4
1499.41 -6.37263E-4
1499.53 -6.19855E-4
1499.65 -7.55064E-4
1499.77 -8.45496E-4
1499.89 -8.15894E-4
1500.01 -8.0147E-4
1500.13 -9.1299E-4
1500.25 -0.00106
1500.37 -0.00113
1500.49 -0.00116
1500.62 -0.00124
1500.74 -0.00131
1500.86 -0.00116
1500.98 -7.83231E-4
1501.1 -4.8811E-4
1501.22 -5.74216E-4
1501.34 -0.001
1501.46 -0.00146
1501.58 -0.00173
1501.7 -0.00182
1501.82 -0.00184
1501.94 -0.00182
1502.06 -0.00172
1502.18 -0.00158
1502.3 -0.0015
1502.42 -0.00157
1502.54 -0.00178
1502.66 -0.00195
1502.79 -0.00186
1502.91 -0.00141
1503.03 -8.23427E-4
1503.15 -5.37317E-4
1503.27 -7.78344E-4
1503.39 -0.00132
1503.51 -0.00171
1503.63 -0.00175
1503.75 -0.00157
1503.87 -0.00139
1503.99 -0.0013
1504.11 -0.00125
1504.23 -0.0012
1504.35 -0.00113
1504.47 -9.42282E-4
1504.59 -6.95422E-4
1504.71 -5.72328E-4
1504.83 -7.05075E-4
1504.96 -9.60592E-4
1505.08 -0.00105
1505.2 -8.72191E-4
1505.32 -6.29406E-4
1505.44 -6.34771E-4
1505.56 -0.00102
1505.68 -0.00165
1505.8 -0.00227
1505.92 -0.00266
1506.04 -0.00273
1506.16 -0.0026
1506.28 -0.00241
1506.4 -0.0022
1506.52 -0.00193
1506.64 -0.00163
1506.76 -0.00145
1506.88 -0.00156
1507 -0.00191
1507.12 -0.00227
1507.25 -0.00238
1507.37 -0.00216
1507.49 -0.00175
1507.61 -0.00139
1507.73 -0.00126
1507.85 -0.00137
1507.97 -0.00162
1508.09 -0.00182
1508.21 -0.00183
1508.33 -0.00162
1508.45 -0.00129
1508.57 -0.00104
1508.69 -9.7933E-4
1508.81 -0.00102
1508.93 -9.76197E-4
1509.05 -7.68598E-4
1509.17 -5.4786E-4
1509.29 -4.90379E-4
1509.42 -6.29198E-4
1509.54 -9.16325E-4
1509.66 -0.00136
1509.78 -0.00193
1509.9 -0.00245
1510.02 -0.00259
1510.14 -0.00223
1510.26 -0.00159
1510.38 -0.00109
1510.5 -9.63833E-4
1510.62 -0.00118
1510.74 -0.00149
1510.86 -0.00166
1510.98 -0.00157
1511.1 -0.00135
1511.22 -0.00125
1511.34 -0.00147
1511.46 -0.00191
1511.59 -0.00224
1511.71 -0.00215
1511.83 -0.00167
1511.95 -0.00114
1512.07 -8.27238E-4
1512.19 -6.3929E-4
1512.31 -2.71633E-4
1512.43 2.99629E-4
1512.55 6.63195E-4
1512.67 4.22455E-4
1512.79 -2.89354E-4
1512.91 -9.08863E-4
1513.03 -0.00107
1513.15 -9.65919E-4
1513.27 -9.96698E-4
1513.39 -0.00127
1513.51 -0.0015
1513.63 -0.00142
1513.76 -0.00105
1513.88 -6.89588E-4
1514 -6.32908E-4
1514.12 -9.29307E-4
1514.24 -0.00135
1514.36 -0.00156
1514.48 -0.00141
1514.6 -0.00114
1514.72 -0.00104
1514.84 -0.00115
1514.96 -0.0012
1515.08 -0.00101
1515.2 -7.23984E-4
1515.32 -5.81756E-4
1515.44 -5.52088E-4
1515.56 -4.16696E-4
1515.68 -1.39445E-4
1515.8 3.30731E-5
1515.93 -1.1123E-4
1516.05 -4.65259E-4
1516.17 -7.5794E-4
1516.29 -8.73815E-4
1516.41 -9.14466E-4
1516.53 -9.88178E-4
1516.65 -0.00107
1516.77 -0.00109
1516.89 -0.00106
1517.01 -0.00104
1517.13 -0.0011
1517.25 -0.00128
1517.37 -0.00158
1517.49 -0.00187
1517.61 -0.002
1517.73 -0.00185
1517.85 -0.0015
1517.97 -0.00114
1518.1 -9.16153E-4
1518.22 -7.61874E-4
1518.34 -5.80929E-4
1518.46 -4.18011E-4
1518.58 -4.69618E-4
1518.7 -8.30311E-4
1518.82 -0.00128
1518.94 -0.00144
1519.06 -0.00127
1519.18 -0.00117
1519.3 -0.00157
1519.42 -0.00229
1519.54 -0.00263
1519.66 -0.00218
1519.78 -0.00132
1519.9 -7.85287E-4
1520.02 -7.92209E-4
1520.14 -9.69637E-4
1520.27 -9.8462E-4
1520.39 -9.61658E-4
1520.51 -0.00114
1520.63 -0.00143
1520.75 -0.00153
1520.87 -0.00144
1520.99 -0.00139
1521.11 -0.00154
1521.23 -0.00173
1521.35 -0.00178
1521.47 -0.00168
1521.59 -0.00146
1521.71 -0.00108
1521.83 -6.44267E-4
1521.95 -4.14267E-4
1522.07 -4.93251E-4
1522.19 -5.94568E-4
1522.31 -3.39586E-4
1522.43 2.25011E-4
1522.56 6.12102E-4
1522.68 4.43365E-4
1522.8 -1.72779E-4
1522.92 -8.60032E-4
1523.04 -0.00141
1523.16 -0.00182
1523.28 -0.0021
1523.4 -0.00217
1523.52 -0.00202
1523.64 -0.00183
1523.76 -0.00176
1523.88 -0.00176
1524 -0.00166
1524.12 -0.00142
1524.24 -0.00122
1524.36 -0.00129
1524.48 -0.00163
1524.6 -0.00194
1524.73 -0.00187
1524.85 -0.00126
1524.97 -3.9323E-4
1525.09 2.62812E-4
1525.21 4.19572E-4
1525.33 1.96952E-4
1525.45 -1.11979E-4
1525.57 -4.06988E-4
1525.69 -8.09722E-4
1525.81 -0.00133
1525.93 -0.00168
1526.05 -0.00163
1526.17 -0.00132
1526.29 -0.00115
1526.41 -0.00129
1526.53 -0.00155
1526.65 -0.00168
1526.77 -0.00169
1526.9 -0.00174
1527.02 -0.00177
1527.14 -0.00161
1527.26 -0.00127
1527.38 -9.96657E-4
1527.5 -9.97555E-4
1527.62 -0.00117
1527.74 -0.00122
1527.86 -0.00101
1527.98 -6.39327E-4
1528.1 -3.95142E-4
1528.22 -5.48426E-4
1528.34 -0.00115
1528.46 -0.00189
1528.58 -0.00228
1528.7 -0.00204
1528.82 -0.00144
1528.94 -0.001
1529.07 -9.96124E-4
1529.19 -0.00126
1529.31 -0.0015
1529.43 -0.00157
1529.55 -0.00146
1529.67 -0.00113
1529.79 -6.37885E-4
1529.91 -2.62279E-4
1530.03 -3.39035E-4
1530.15 -8.82372E-4
1530.27 -0.00154
1530.39 -0.00198
1530.51 -0.00214
1530.63 -0.00215
1530.75 -0.00206
1530.87 -0.00185
1530.99 -0.0016
1531.11 -0.00145
1531.24 -0.00142
1531.36 -0.00141
1531.48 -0.00139
1531.6 -0.00149
1531.72 -0.00172
1531.84 -0.00186
1531.96 -0.0017
1532.08 -0.00137
1532.2 -0.0012
1532.32 -0.00129
1532.44 -0.00143
1532.56 -0.00143
1532.68 -0.0014
1532.8 -0.00147
1532.92 -0.00155
1533.04 -0.00137
1533.16 -9.41485E-4
1533.28 -5.67198E-4
1533.41 -4.79747E-4
1533.53 -5.67354E-4
1533.65 -5.65901E-4
1533.77 -4.17959E-4
1533.89 -3.13118E-4
1534.01 -4.22224E-4
1534.13 -7.14358E-4
1534.25 -0.00103
1534.37 -0.00125
1534.49 -0.00131
1534.61 -0.00121
1534.73 -0.00106
1534.85 -0.00105
1534.97 -0.0013
1535.09 -0.00173
1535.21 -0.00206
1535.33 -0.00205
1535.45 -0.00178
1535.57 -0.00149
1535.7 -0.00141
1535.82 -0.00148
1535.94 -0.00145
1536.06 -0.00114
1536.18 -6.61265E-4
1536.3 -3.14634E-4
1536.42 -2.52839E-4
1536.54 -3.01272E-4
1536.66 -1.79242E-4
1536.78 9.51551E-5
1536.9 1.40466E-4
1537.02 -3.32695E-4
1537.14 -0.00107
1537.26 -0.00141
1537.38 -0.001
1537.5 -1.83653E-4
1537.62 3.41002E-4
1537.74 2.08452E-4
1537.87 -3.38867E-4
1537.99 -8.39535E-4
1538.11 -0.00109
1538.23 -0.00119
1538.35 -0.00127
1538.47 -0.00132
1538.59 -0.00135
1538.71 -0.00138
1538.83 -0.00142
1538.95 -0.00143
1539.07 -0.00145
1539.19 -0.00151
1539.31 -0.00155
1539.43 -0.00143
1539.55 -0.00109
1539.67 -7.4828E-4
1539.79 -6.75503E-4
1539.91 -8.36756E-4
1540.04 -8.85166E-4
1540.16 -5.746E-4
1540.28 -7.20583E-5
1540.4 2.26084E-4
1540.52 1.08249E-4
1540.64 -3.01339E-4
1540.76 -7.51089E-4
1540.88 -0.00107
1541 -0.00119
1541.12 -0.00107
1541.24 -8.61928E-4
1541.36 -8.00729E-4
1541.48 -0.00104
1541.6 -0.00145
1541.72 -0.00167
1541.84 -0.00153
1541.96 -0.00112
1542.08 -6.93414E-4
1542.21 -4.5383E-4
1542.33 -5.21459E-4
1542.45 -9.15013E-4
1542.57 -0.00149
1542.69 -0.00191
1542.81 -0.00189
1542.93 -0.00144
1543.05 -9.25556E-4
1543.17 -7.58983E-4
1543.29 -0.00105
1543.41 -0.00153
1543.53 -0.00184
1543.65 -0.00179
1543.77 -0.00151
1543.89 -0.00118
1544.01 -9.62399E-4
1544.13 -8.53635E-4
1544.25 -8.0223E-4
1544.38 -7.21063E-4
1544.5 -5.30235E-4
1544.62 -2.34332E-4
1544.74 4.1835E-5
1544.86 1.62516E-4
1544.98 1.59997E-4
1545.1 2.22765E-4
1545.22 4.68109E-4
1545.34 7.70915E-4
1545.46 8.81087E-4
1545.58 6.8428E-4
1545.7 2.86385E-4
1545.82 -1.32263E-4
1545.94 -4.52992E-4
1546.06 -6.19899E-4
1546.18 -6.00293E-4
1546.3 -4.38284E-4
1546.42 -3.06983E-4
1546.55 -4.13641E-4
1546.67 -8.02506E-4
1546.79 -0.00127
1546.91 -0.00155
1547.03 -0.00155
1547.15 -0.00148
1547.27 -0.00158
1547.39 -0.00178
1547.51 -0.00177
1547.63 -0.00133
1547.75 -7.22803E-4
1547.87 -3.56827E-4
1547.99 -3.19809E-4
1548.11 -3.46344E-4
1548.23 -2.98414E-4
1548.35 -4.22101E-4
1548.47 -9.58387E-4
1548.59 -0.00167
1548.72 -0.00201
1548.84 -0.00171
1548.96 -0.00102
1549.08 -3.24246E-4
1549.2 1.96744E-4
1549.32 5.06714E-4
1549.44 5.3921E-4
1549.56 2.56598E-4
1549.68 -2.1296E-4
1549.8 -6.53014E-4
1549.92 -9.3586E-4
1550.04 -0.00102
1550.16 -8.83501E-4
1550.28 -6.42247E-4
1550.4 -6.07111E-4
1550.52 -0.00102
1550.64 -0.00166
1550.76 -0.00194
1550.88 -0.00149
1551.01 -5.7761E-4
1551.13 1.78859E-4
1551.25 3.62143E-4
1551.37 3.20747E-5
1551.49 -4.84321E-4
1551.61 -8.92159E-4
1551.73 -0.00108
1551.85 -0.00114
1551.97 -0.00122
1552.09 -0.00139
1552.21 -0.00151
1552.33 -0.00142
1552.45 -0.00114
1552.57 -9.09958E-4
1552.69 -9.40699E-4
1552.81 -0.0012
1552.93 -0.00146
1553.05 -0.00152
1553.18 -0.00131
1553.3 -8.78468E-4
1553.42 -4.18916E-4
1553.54 -1.47674E-4
1553.66 -2.07257E-4
1553.78 -6.03043E-4
1553.9 -0.0012
1554.02 -0.00172
1554.14 -0.00187
1554.26 -0.00156
1554.38 -0.00105
1554.5 -8.15023E-4
1554.62 -0.00104
1554.74 -0.00143
1554.86 -0.00154
1554.98 -0.00125
1555.1 -7.5195E-4
1555.22 -2.96243E-4
1555.35 -5.86584E-5
1555.47 -1.60441E-4
1555.59 -5.75621E-4
1555.71 -0.00101
1555.83 -0.00111
1555.95 -8.79548E-4
1556.07 -6.58728E-4
1556.19 -6.41998E-4
1556.31 -6.21684E-4
1556.43 -3.95469E-4
1556.55 -1.90511E-4
1556.67 -3.81917E-4
1556.79 -8.96182E-4
1556.91 -0.00124
1557.03 -0.00113
1557.15 -8.6033E-4
1557.27 -7.93491E-4
1557.39 -9.22598E-4
1557.52 -9.96251E-4
1557.64 -9.6792E-4
1557.76 -0.00102
1557.88 -0.00122
1558 -0.00136
1558.12 -0.00128
1558.24 -0.0011
1558.36 -0.00107
1558.48 -0.0013
1558.6 -0.00164
1558.72 -0.00188
1558.84 -0.00192
1558.96 -0.00178
1559.08 -0.00154
1559.2 -0.00123
1559.32 -9.13788E-4
1559.44 -6.64867E-4
1559.56 -5.60649E-4
1559.69 -5.93763E-4
1559.81 -6.4506E-4
1559.93 -5.90645E-4
1560.05 -4.45507E-4
1560.17 -3.65168E-4
1560.29 -4.81039E-4
1560.41 -7.43881E-4
1560.53 -9.44633E-4
1560.65 -9.00704E-4
1560.77 -6.27946E-4
1560.89 -3.336E-4
1561.01 -2.40277E-4
1561.13 -4.04771E-4
1561.25 -6.86519E-4
1561.37 -8.80141E-4
1561.49 -8.83743E-4
1561.61 -7.73627E-4
1561.73 -7.49685E-4
1561.86 -9.73966E-4
1561.98 -0.00139
1562.1 -0.00168
1562.22 -0.00158
1562.34 -0.00113
1562.46 -8.10955E-4
1562.58 -0.00101
1562.7 -0.00165
1562.82 -0.00224
1562.94 -0.00243
1563.06 -0.00224
1563.18 -0.0019
1563.3 -0.00154
1563.42 -0.00114
1563.54 -7.25862E-4
1563.66 -5.00165E-4
1563.78 -6.31582E-4
1563.9 -0.00105
1564.03 -0.00146
1564.15 -0.00152
1564.27 -0.00117
1564.39 -6.48092E-4
1564.51 -3.13684E-4
1564.63 -3.16638E-4
1564.75 -4.78175E-4
1564.87 -4.98012E-4
1564.99 -2.74595E-4
1565.11 1.28523E-6
1565.23 4.98928E-5
1565.35 -2.26486E-4
1565.47 -6.78368E-4
1565.59 -0.00106
1565.71 -0.00123
1565.83 -0.00122
1565.95 -0.00119
1566.07 -0.00129
1566.19 -0.00153
1566.32 -0.00182
1566.44 -0.00202
1566.56 -0.00203
1566.68 -0.00186
1566.8 -0.00164
1566.92 -0.00154
1567.04 -0.00157
1567.16 -0.00156
1567.28 -0.00135
1567.4 -9.62004E-4
1567.52 -6.7443E-4
1567.64 -7.92436E-4
1567.76 -0.00133
1567.88 -0.00197
1568 -0.00231
1568.12 -0.00216
1568.24 -0.00168
1568.36 -0.00108
1568.49 -5.60809E-4
1568.61 -2.12837E-4
1568.73 -7.96765E-5
1568.85 -1.46259E-4
1568.97 -3.37943E-4
1569.09 -5.79275E-4
1569.21 -8.24615E-4
1569.33 -9.98016E-4
1569.45 -9.80493E-4
1569.57 -7.5575E-4
1569.69 -5.16307E-4
1569.81 -4.87246E-4
1569.93 -6.47537E-4
1570.05 -7.7007E-4
1570.17 -7.6551E-4
1570.29 -8.05166E-4
1570.41 -9.99041E-4
1570.53 -0.00113
1570.66 -8.96107E-4
1570.78 -3.59494E-4
1570.9 8.55103E-5
1571.02 1.49868E-4
1571.14 -9.29423E-5
1571.26 -4.22932E-4
1571.38 -7.50314E-4
1571.5 -0.00109
1571.62 -0.00142
1571.74 -0.00172
1571.86 -0.00198
1571.98 -0.00214
1572.1 -0.00206
1572.22 -0.00171
1572.34 -0.00129
1572.46 -0.00108
1572.58 -0.00114
1572.7 -0.00127
1572.83 -0.00131
1572.95 -0.00127
1573.07 -0.00116
1573.19 -9.49811E-4
1573.31 -6.60442E-4
1573.43 -5.35302E-4
1573.55 -7.79469E-4
1573.67 -0.00122
1573.79 -0.00138
1573.91 -0.00105
1574.03 -5.72555E-4
1574.15 -5.49816E-4
1574.27 -0.0012
1574.39 -0.00213
1574.51 -0.00272
1574.63 -0.00272
1574.75 -0.00228
1574.87 -0.00176
1575 -0.00143
1575.12 -0.00136
1575.24 -0.00148
1575.36 -0.0016
1575.48 -0.00152
1575.6 -0.00122
1575.72 -8.88456E-4
1575.84 -7.35477E-4
1575.96 -7.53261E-4
1576.08 -7.90961E-4
1576.2 -8.01802E-4
1576.32 -9.02202E-4
1576.44 -0.00115
1576.56 -0.00137
1576.68 -0.00133
1576.8 -0.00108
1576.92 -8.87942E-4
1577.04 -9.72025E-4
1577.17 -0.00119
1577.29 -0.00123
1577.41 -9.77345E-4
1577.53 -6.70914E-4
1577.65 -6.31746E-4
1577.77 -9.25485E-4
1577.89 -0.00132
1578.01 -0.00152
1578.13 -0.00139
1578.25 -9.76205E-4
1578.37 -4.99845E-4
1578.49 -2.06687E-4
1578.61 -2.07782E-4
1578.73 -3.66434E-4
1578.85 -4.28002E-4
1578.97 -2.89675E-4
1579.09 -7.18161E-5
1579.21 1.03552E-4
1579.33 2.68124E-4
1579.46 4.42591E-4
1579.58 4.26166E-4
1579.7 -1.43684E-5
1579.82 -7.25247E-4
1579.94 -0.00115
1580.06 -8.93231E-4
1580.18 -1.57334E-4
1580.3 3.96881E-4
1580.42 2.99253E-4
1580.54 -3.63849E-4
1580.66 -0.00115
1580.78 -0.00167
1580.9 -0.00179
1581.02 -0.00153
1581.14 -0.00101
1581.26 -3.80605E-4
1581.38 1.6892E-4
1581.5 4.95087E-4
1581.63 5.53217E-4
1581.75 3.84431E-4
1581.87 6.84969E-5
1581.99 -2.97856E-4
1582.11 -5.9969E-4
1582.23 -7.52933E-4
1582.35 -7.70215E-4
1582.47 -7.548E-4
1582.59 -7.88298E-4
1582.71 -8.45753E-4
1582.83 -8.60307E-4
1582.95 -8.46934E-4
1583.07 -8.91589E-4
1583.19 -0.00101
1583.31 -0.00112
1583.43 -0.00114
1583.55 -0.00111
1583.67 -0.00112
1583.8 -0.00113
1583.92 -0.00105
1584.04 -8.92036E-4
1584.16 -7.41865E-4
1584.28 -6.55826E-4
1584.4 -6.11108E-4
1584.52 -6.39569E-4
1584.64 -8.61771E-4
1584.76 -0.00129
1584.88 -0.00166
1585 -0.00168
1585.12 -0.00131
1585.24 -8.22209E-4
1585.36 -4.58017E-4
1585.48 -2.15773E-4
1585.6 -1.0144E-5
1585.72 1.05262E-4
1585.84 3.09572E-6
1585.97 -3.05127E-4
1586.09 -6.82227E-4
1586.21 -0.00105
1586.33 -0.00139
1586.45 -0.00159
1586.57 -0.00151
1586.69 -0.0012
1586.81 -9.14734E-4
1586.93 -8.12791E-4
1587.05 -7.10223E-4
1587.17 -4.37051E-4
1587.29 -2.32749E-4
1587.41 -5.09925E-4
1587.53 -0.00123
1587.65 -0.0018
1587.77 -0.00181
1587.89 -0.00146
1588.01 -0.00128
1588.14 -0.00141
1588.26 -0.00149
1588.38 -0.00137
1588.5 -0.00128
1588.62 -0.00149
1588.74 -0.00182
1588.86 -0.00189
1588.98 -0.00163
1589.1 -0.00135
1589.22 -0.00138
1589.34 -0.00164
1589.46 -0.00189
1589.58 -0.00203
1589.7 -0.00216
1589.82 -0.00225
1589.94 -0.00211
1590.06 -0.00162
1590.18 -0.00105
1590.31 -8.16002E-4
1590.43 -0.001
1590.55 -0.00129
1590.67 -0.00131
1590.79 -0.00108
1590.91 -8.67665E-4
1591.03 -8.33411E-4
1591.15 -9.21018E-4
1591.27 -0.00103
1591.39 -0.00119
1591.51 -0.00141
1591.63 -0.0016
1591.75 -0.00164
1591.87 -0.00149
1591.99 -0.00116
1592.11 -6.78889E-4
1592.23 -1.62143E-4
1592.35 1.22294E-4
1592.47 -9.53861E-5
1592.6 -7.82307E-4
1592.72 -0.00156
1592.84 -0.00197
1592.96 -0.00184
1593.08 -0.00135
1593.2 -8.55688E-4
1593.32 -6.28062E-4
1593.44 -7.23522E-4
1593.56 -9.75884E-4
1593.68 -0.00116
1593.8 -0.00115
1593.92 -0.001
1594.04 -8.30237E-4
1594.16 -7.84136E-4
1594.28 -9.6738E-4
1594.4 -0.00137
1594.52 -0.0018
1594.64 -0.00204
1594.77 -0.00198
1594.89 -0.00168
1595.01 -0.00127
1595.13 -7.54923E-4
1595.25 -1.34122E-4
1595.37 4.69122E-4
1595.49 8.23699E-4
1595.61 7.51939E-4
1595.73 2.65695E-4
1595.85 -4.09704E-4
1595.97 -9.46384E-4
1596.09 -0.00115
1596.21 -0.0011
1596.33 -0.00106
1596.45 -0.00112
1596.57 -0.00111
1596.69 -9.15203E-4
1596.81 -7.18471E-4
1596.94 -8.18357E-4
1597.06 -0.00117
1597.18 -0.00137
1597.3 -0.00117
1597.42 -7.83022E-4
1597.54 -5.73281E-4
1597.66 -5.9187E-4
1597.78 -5.43509E-4
1597.9 -2.12222E-4
1598.02 2.26714E-4
1598.14 3.60474E-4
1598.26 -2.49781E-5
1598.38 -6.82846E-4
1598.5 -0.00109
1598.62 -9.63848E-4
1598.74 -5.7615E-4
1598.86 -5.2046E-4
1598.98 -0.00104
1599.11 -0.00174
1599.23 -0.002
1599.35 -0.00163
1599.47 -9.68698E-4
1599.59 -4.74948E-4
1599.71 -2.96112E-4
1599.83 -2.85398E-4
1599.95 -2.25086E-4
1600.07 -4.91366E-6
1600.19 2.95065E-4
1600.31 4.46249E-4
1600.43 3.04561E-4
1600.55 6.99982E-6
1600.67 -1.77018E-4
1600.79 -2.15933E-4
1600.91 -3.8847E-4
1601.03 -8.78002E-4
1601.15 -0.00144
1601.28 -0.00164
1601.4 -0.00131
1601.52 -7.14287E-4
1601.64 -2.1873E-4
1601.76 -3.22163E-5
1601.88 -1.48866E-4
1602 -4.51017E-4
1602.12 -8.11506E-4
1602.24 -0.00119
1602.36 -0.00162
1602.48 -0.00209
1602.6 -0.00234
1602.72 -0.0021
1602.84 -0.00137
1602.96 -5.54711E-4
1603.08 -1.08823E-4
1603.2 -1.73751E-4
1603.32 -5.36378E-4
1603.45 -8.58143E-4
1603.57 -9.24513E-4
1603.69 -7.73482E-4
1603.81 -6.45053E-4
1603.93 -7.3548E-4
1604.05 -9.54442E-4
1604.17 -0.00101
1604.29 -8.04126E-4
1604.41 -5.86208E-4
1604.53 -6.43447E-4
1604.65 -8.73271E-4
1604.77 -8.95508E-4
1604.89 -5.81123E-4
1605.01 -2.72002E-4
1605.13 -3.77823E-4
1605.25 -8.87264E-4
1605.37 -0.00142
1605.49 -0.00167
1605.61 -0.00171
1605.74 -0.00175
1605.86 -0.00186
1605.98 -0.00193
1606.1 -0.00189
1606.22 -0.00177
1606.34 -0.0016
1606.46 -0.00131
1606.58 -9.23522E-4
1606.7 -6.31481E-4
1606.82 -6.29786E-4
1606.94 -8.7183E-4
1607.06 -0.00109
1607.18 -0.0011
1607.3 -9.7673E-4
1607.42 -8.5564E-4
1607.54 -7.25672E-4
1607.66 -5.40055E-4
1607.78 -4.35136E-4
1607.91 -6.09718E-4
1608.03 -9.72353E-4
1608.15 -0.00112
1608.27 -7.73758E-4
1608.39 -1.52905E-4
1608.51 2.58967E-4
1608.63 1.92702E-4
1608.75 -2.1835E-4
1608.87 -6.6781E-4
1608.99 -9.44577E-4
1609.11 -9.82463E-4
1609.23 -8.13629E-4
1609.35 -5.47744E-4
1609.47 -3.28254E-4
1609.59 -2.30372E-4
1609.71 -2.01732E-4
1609.83 -1.28794E-4
1609.95 2.69786E-5
1610.08 1.41058E-4
1610.2 -5.45382E-6
1610.32 -5.17119E-4
1610.44 -0.00121
1610.56 -0.0017
1610.68 -0.00174
1610.8 -0.00142
1610.92 -9.88867E-4
1611.04 -5.00828E-4
1611.16 8.77455E-5
1611.28 6.22816E-4
1611.4 7.51298E-4
1611.52 3.46132E-4
1611.64 -2.2018E-4
1611.76 -3.93808E-4
1611.88 9.02265E-6
1612 6.70496E-4
1612.12 0.00112
1612.25 0.00111
1612.37 6.88247E-4
1612.49 1.21795E-4
1612.61 -3.11598E-4
1612.73 -5.15629E-4
1612.85 -6.01124E-4
1612.97 -6.54336E-4
1613.09 -5.80035E-4
1613.21 -3.12187E-4
1613.33 -9.75206E-5
1613.45 -3.16482E-4
1613.57 -9.70475E-4
1613.69 -0.00157
1613.81 -0.00166
1613.93 -0.00134
1614.05 -0.00105
1614.17 -0.00101
1614.29 -0.0011
1614.42 -0.00109
1614.54 -8.97419E-4
1614.66 -5.92802E-4
1614.78 -2.98046E-4
1614.9 -1.49358E-4
1615.02 -1.83001E-4
1615.14 -2.28964E-4
1615.26 -5.84833E-5
1615.38 2.94171E-4
1615.5 4.64305E-4
1615.62 1.22271E-4
1615.74 -6.58117E-4
1615.86 -0.00145
1615.98 -0.00184
1616.1 -0.00175
1616.22 -0.00141
1616.34 -0.00111
1616.46 -9.90275E-4
1616.59 -9.80612E-4
1616.71 -9.14659E-4
1616.83 -7.41422E-4
1616.95 -5.56368E-4
1617.07 -4.39633E-4
1617.19 -3.51306E-4
1617.31 -2.47516E-4
1617.43 -2.2063E-4
1617.55 -4.1388E-4
1617.67 -8.03083E-4
1617.79 -0.00115
1617.91 -0.00119
1618.03 -8.60963E-4
1618.15 -3.22726E-4
1618.27 1.56354E-4
1618.39 3.14433E-4
1618.51 1.07326E-5
1618.63 -6.80577E-4
1618.76 -0.00143
1618.88 -0.00181
1619 -0.00157
1619.12 -8.92933E-4
1619.24 -3.63633E-4
1619.36 -4.63415E-4
1619.48 -0.00113
1619.6 -0.00176
1619.72 -0.00181
1619.84 -0.00128
1619.96 -7.03249E-4
1620.08 -5.70364E-4
1620.2 -9.39246E-4
1620.32 -0.00148
1620.44 -0.00183
1620.56 -0.00184
1620.68 -0.00157
1620.8 -0.0012
1620.92 -9.64057E-4
1621.05 -0.001
1621.17 -0.00131
1621.29 -0.00167
1621.41 -0.00176
1621.53 -0.00144
1621.65 -9.12093E-4
1621.77 -5.54297E-4
1621.89 -5.44395E-4
1622.01 -6.86042E-4
1622.13 -6.63158E-4
1622.25 -4.05379E-4
1622.37 -9.28938E-5
1622.49 1.52692E-4
1622.61 3.91606E-4
1622.73 6.36265E-4
1622.85 6.71301E-4
1622.97 3.03593E-4
1623.09 -2.84798E-4
1623.22 -6.40102E-4
1623.34 -5.52345E-4
1623.46 -2.97621E-4
1623.58 -2.82828E-4
1623.7 -5.59986E-4
1623.82 -8.27309E-4
1623.94 -8.48234E-4
1624.06 -6.99703E-4
1624.18 -5.84722E-4
1624.3 -5.58872E-4
1624.42 -5.34307E-4
1624.54 -4.53573E-4
1624.66 -3.35682E-4
1624.78 -1.97481E-4
1624.9 -6.2421E-5
1625.02 -4.76986E-5
1625.14 -3.01983E-4
1625.26 -7.91844E-4
1625.39 -0.00126
1625.51 -0.00148
1625.63 -0.00152
1625.75 -0.00157
1625.87 -0.00162
1625.99 -0.00144
1626.11 -9.40029E-4
1626.23 -4.20447E-4
1626.35 -2.80399E-4
1626.47 -5.74876E-4
1626.59 -9.60328E-4
1626.71 -0.00107
1626.83 -8.33381E-4
1626.95 -4.43224E-4
1627.07 -1.43312E-4
1627.19 -1.0721E-4
1627.31 -3.79417E-4
1627.43 -7.86968E-4
1627.56 -9.64135E-4
1627.68 -6.37982E-4
1627.8 5.36218E-5
1627.92 6.08206E-4
1628.04 6.10612E-4
1628.16 1.0363E-4
1628.28 -5.20989E-4
1628.4 -9.35204E-4
1628.52 -0.0011
1628.64 -0.00111
1628.76 -9.52844E-4
1628.88 -5.72793E-4
1629 -7.27698E-5
1629.12 2.26557E-4
1629.24 7.82721E-5
1629.36 -3.70175E-4
1629.48 -6.70917E-4
1629.6 -5.52908E-4
1629.73 -2.31706E-4
1629.85 -1.56347E-4
1629.97 -4.7785E-4
1630.09 -9.09273E-4
1630.21 -0.00111
1630.33 -0.00106
1630.45 -9.10871E-4
1630.57 -7.77595E-4
1630.69 -6.80208E-4
1630.81 -7.2683E-4
1630.93 -0.00102
1631.05 -0.00143
1631.17 -0.00162
1631.29 -0.00154
1631.41 -0.00148
1631.53 -0.0017
1631.65 -0.00199
1631.77 -0.00198
1631.9 -0.00159
1632.02 -0.00116
1632.14 -9.54419E-4
1632.26 -8.67307E-4
1632.38 -6.36537E-4
1632.5 -1.71963E-4
1632.62 3.43975E-4
1632.74 6.07181E-4
1632.86 4.35214E-4
1632.98 -4.6473E-5
1633.1 -4.3733E-4
1633.22 -4.19095E-4
1633.34 -8.65534E-5
1633.46 1.9199E-4
1633.58 2.32913E-4
1633.7 1.53974E-4
1633.82 -1.1649E-5
1633.94 -4.90855E-4
1634.06 -0.00135
1634.19 -0.00213
1634.31 -0.00226
1634.43 -0.00182
1634.55 -0.00146
1634.67 -0.00159
1634.79 -0.0019
1634.91 -0.00189
1635.03 -0.00154
1635.15 -0.00129
1635.27 -0.00132
1635.39 -0.00137
1635.51 -0.00113
1635.63 -6.23029E-4
1635.75 -1.58455E-4
1635.87 3.89181E-5
1635.99 -3.38554E-5
1636.11 -2.09E-4
1636.23 -2.79441E-4
1636.36 -1.21851E-4
1636.48 1.90556E-4
1636.6 4.17586E-4
1636.72 3.79071E-4
1636.84 1.26306E-4
1636.96 -1.47257E-4
1637.08 -3.29465E-4
1637.2 -4.68612E-4
1637.32 -6.39874E-4
1637.44 -8.28758E-4
1637.56 -9.52184E-4
1637.68 -9.26264E-4
1637.8 -6.98537E-4
1637.92 -2.92573E-4
1638.04 1.33567E-4
1638.16 3.42734E-4
1638.28 2.39551E-4
1638.4 9.13069E-6
1638.53 -3.48166E-5
1638.65 2.39637E-4
1638.77 6.48763E-4
1638.89 8.95459E-4
1639.01 8.23077E-4
1639.13 4.79102E-4
1639.25 2.22698E-5
1639.37 -3.53463E-4
1639.49 -4.60301E-4
1639.61 -2.30953E-4
1639.73 1.6892E-4
1639.85 3.99604E-4
1639.97 2.23026E-4
1640.09 -2.89671E-4
1640.21 -8.41957E-4
1640.33 -0.00121
1640.45 -0.00142
1640.57 -0.00158
1640.7 -0.00171
1640.82 -0.00164
1640.94 -0.00124
1641.06 -6.37036E-4
1641.18 -1.52249E-4
1641.3 -1.76616E-5
1641.42 -2.01005E-4
1641.54 -4.68895E-4
1641.66 -6.12427E-4
1641.78 -5.96613E-4
1641.9 -5.27471E-4
1642.02 -5.27818E-4
1642.14 -6.58169E-4
1642.26 -9.16529E-4
1642.38 -0.00125
1642.5 -0.00155
1642.62 -0.00164
1642.74 -0.00137
1642.87 -8.34458E-4
1642.99 -3.42574E-4
1643.11 -2.23126E-4
1643.23 -4.95814E-4
1643.35 -8.42929E-4
1643.47 -9.46019E-4
1643.59 -8.10254E-4
1643.71 -6.7459E-4
1643.83 -6.35341E-4
1643.95 -5.11818E-4
1644.07 -1.62967E-4
1644.19 1.79317E-4
1644.31 6.91637E-5
1644.43 -6.26177E-4
1644.55 -0.00149
1644.67 -0.00195
1644.79 -0.00185
1644.91 -0.00151
1645.04 -0.00136
1645.16 -0.00139
1645.28 -0.00132
1645.4 -9.728E-4
1645.52 -5.26834E-4
1645.64 -3.57158E-4
1645.76 -6.27909E-4
1645.88 -0.00114
1646 -0.00154
1646.12 -0.00158
1646.24 -0.00128
1646.36 -7.93304E-4
1646.48 -2.69603E-4
1646.6 1.77898E-4
1646.72 4.4363E-4
1646.84 4.51628E-4
1646.96 2.40762E-4
1647.08 -2.32235E-5
1647.2 -1.98271E-4
1647.33 -3.30228E-4
1647.45 -5.70789E-4
1647.57 -9.11012E-4
1647.69 -0.00109
1647.81 -8.67713E-4
1647.93 -3.88224E-4
1648.05 -7.20359E-5
1648.17 -1.56198E-4
1648.29 -4.18857E-4
1648.41 -4.79698E-4
1648.53 -3.02281E-4
1648.65 -2.33907E-4
1648.77 -5.24011E-4
1648.89 -9.64314E-4
1649.01 -0.00113
1649.13 -8.98298E-4
1649.25 -5.52293E-4
1649.37 -4.18138E-4
1649.5 -5.25247E-4
1649.62 -6.90915E-4
1649.74 -7.7568E-4
1649.86 -7.39228E-4
1649.98 -5.7324E-4
1650.1 -3.65756E-4
1650.22 -3.75215E-4
1650.34 -8.10016E-4
1650.46 -0.00148
1650.58 -0.00187
1650.7 -0.0017
1650.82 -0.00122
1650.94 -8.78327E-4
1651.06 -7.17949E-4
1651.18 -4.50399E-4
1651.3 2.08616E-5
1651.42 3.86063E-4
1651.54 3.38875E-4
1651.67 -4.71398E-5
1651.79 -4.80875E-4
1651.91 -8.3378E-4
1652.03 -0.00114
1652.15 -0.00136
1652.27 -0.00134
1652.39 -0.00105
1652.51 -6.7563E-4
1652.63 -3.49447E-4
1652.75 -4.09E-5
1652.87 2.94305E-4
1652.99 5.18959E-4
1653.11 4.26359E-4
1653.23 -1.64732E-5
1653.35 -6.01668E-4
1653.47 -0.00104
1653.59 -0.00116
1653.71 -9.64943E-4
1653.84 -6.41882E-4
1653.96 -4.3549E-4
1654.08 -4.2728E-4
1654.2 -4.42654E-4
1654.32 -2.35539E-4
1654.44 2.13575E-4
1654.56 6.43857E-4
1654.68 7.76891E-4
1654.8 5.53995E-4
1654.92 1.10097E-4
1655.04 -3.90675E-4
1655.16 -8.00252E-4
1655.28 -9.66836E-4
1655.4 -8.23494E-4
1655.52 -5.3326E-4
1655.64 -4.11414E-4
1655.76 -6.10188E-4
1655.88 -9.25247E-4
1656.01 -0.001
1656.13 -7.49104E-4
1656.25 -4.4233E-4
1656.37 -4.43969E-4
1656.49 -7.99526E-4
1656.61 -0.00118
1656.73 -0.00123
1656.85 -8.47783E-4
1656.97 -2.89567E-4
1657.09 1.53076E-4
1657.21 3.91867E-4
1657.33 5.42711E-4
1657.45 6.95921E-4
1657.57 7.49025E-4
1657.69 4.97404E-4
1657.81 -1.04442E-4
1657.93 -7.89262E-4
1658.05 -0.00114
1658.18 -9.53548E-4
1658.3 -4.36988E-4
1658.42 -5.29587E-5
1658.54 -7.83131E-5
1658.66 -3.43438E-4
1658.78 -4.21546E-4
1658.9 -7.08252E-5
1659.02 5.32642E-4
1659.14 9.76399E-4
1659.26 9.86945E-4
1659.38 6.17415E-4
1659.5 1.57736E-4
1659.62 -1.06663E-4
1659.74 -1.20051E-4
1659.86 -1.30065E-4
1659.98 -4.68504E-4
1660.1 -0.00117
1660.22 -0.00183
1660.34 -0.00198
1660.47 -0.0016
1660.59 -0.00118
1660.71 -0.00117
1660.83 -0.00157
1660.95 -0.00195
1661.07 -0.00195
1661.19 -0.00152
1661.31 -8.4734E-4
1661.43 -9.58182E-5
1661.55 5.64609E-4
1661.67 9.45408E-4
1661.79 9.15114E-4
1661.91 5.18315E-4
1662.03 -4.20585E-6
1662.15 -3.36323E-4
1662.27 -2.97219E-4
1662.39 3.93391E-6
1662.51 2.10069E-4
1662.64 7.43568E-6
1662.76 -5.94463E-4
1662.88 -0.00127
1663 -0.00166
1663.12 -0.00162
1663.24 -0.00127
1663.36 -8.03962E-4
1663.48 -4.74758E-4
1663.6 -4.43902E-4
1663.72 -6.53893E-4
1663.84 -8.33303E-4
1663.96 -7.52617E-4
1664.08 -4.72356E-4
1664.2 -2.61236E-4
1664.32 -2.8028E-4
1664.44 -4.35695E-4
1664.56 -5.51641E-4
1664.68 -5.86372E-4
1664.81 -6.24914E-4
1664.93 -7.23913E-4
1665.05 -8.33053E-4
1665.17 -8.51579E-4
1665.29 -7.18914E-4
1665.41 -4.61467E-4
1665.53 -1.81921E-4
1665.65 6.97374E-6
1665.77 5.63674E-5
1665.89 5.37187E-6
1666.01 -6.60568E-5
1666.13 -6.97002E-5
1666.25 5.25303E-5
1666.37 2.43794E-4
1666.49 2.88144E-4
1666.61 -2.34656E-5
1666.73 -5.83079E-4
1666.85 -9.47841E-4
1666.98 -7.72383E-4
1667.1 -2.29016E-4
1667.22 1.77413E-4
1667.34 2.03542E-4
1667.46 1.06052E-4
1667.58 2.26982E-4
1667.7 5.38912E-4
1667.82 7.42901E-4
1667.94 6.78755E-4
1668.06 4.31914E-4
1668.18 9.62466E-5
1668.3 -3.33518E-4
1668.42 -7.92347E-4
1668.54 -0.00109
1668.66 -0.00112
1668.78 -0.00103
1668.9 -0.00102
1669.02 -0.00111
1669.15 -0.00117
1669.27 -0.00119
1669.39 -0.00126
1669.51 -0.00136
1669.63 -0.00131
1669.75 -0.00103
1669.87 -6.41074E-4
1669.99 -3.85426E-4
1670.11 -3.13073E-4
1670.23 -2.87503E-4
1670.35 -1.87434E-4
1670.47 -5.2806E-5
1670.59 -1.07624E-5
1670.71 -1.05329E-4
1670.83 -2.39778E-4
1670.95 -2.85529E-4
1671.07 -2.17225E-4
1671.19 -1.06979E-4
1671.32 -7.00355E-7
1671.44 1.26984E-4
1671.56 2.5256E-4
1671.68 2.34343E-4
1671.8 -2.8085E-5
1671.92 -3.69146E-4
1672.04 -4.61381E-4
1672.16 -1.9693E-4
1672.28 1.29122E-4
1672.4 1.15443E-4
1672.52 -3.13539E-4
1672.64 -8.70448E-4
1672.76 -0.00124
1672.88 -0.0013
1673 -0.00113
1673.12 -8.6708E-4
1673.24 -6.92204E-4
1673.36 -7.42409E-4
1673.48 -9.49658E-4
1673.61 -0.00101
1673.73 -6.71513E-4
1673.85 -5.30705E-5
1673.97 3.99847E-4
1674.09 3.42999E-4
1674.21 -1.28109E-4
1674.33 -6.08042E-4
1674.45 -7.97555E-4
1674.57 -7.21235E-4
1674.69 -5.80098E-4
1674.81 -4.91705E-4
1674.93 -4.29772E-4
1675.05 -3.5252E-4
1675.17 -2.88915E-4
1675.29 -2.91459E-4
1675.41 -3.74809E-4
1675.53 -5.13885E-4
1675.65 -6.34674E-4
1675.78 -5.95871E-4
1675.9 -2.95199E-4
1676.02 1.25162E-4
1676.14 2.86568E-4
1676.26 -3.25777E-5
1676.38 -5.43993E-4
1676.5 -6.73335E-4
1676.62 -2.03956E-4
1676.74 4.40419E-4
1676.86 6.8184E-4
1676.98 4.50753E-4
1677.1 1.83616E-4
1677.22 2.32615E-4
1677.34 4.83718E-4
1677.46 6.07159E-4
1677.58 4.8608E-4
1677.7 2.48574E-4
1677.82 2.19792E-6
1677.95 -2.49937E-4
1678.07 -4.42378E-4
1678.19 -4.21811E-4
1678.31 -1.70358E-4
1678.43 7.81678E-5
1678.55 8.66614E-5
1678.67 -8.46498E-5
1678.79 -1.86469E-4
1678.91 -1.63198E-4
1679.03 -2.37484E-4
1679.15 -5.58347E-4
1679.27 -9.14134E-4
1679.39 -9.45047E-4
1679.51 -5.86793E-4
1679.63 -1.63801E-4
1679.75 -3.72045E-5
1679.87 -2.54221E-4
1679.99 -5.54487E-4
1680.12 -6.40117E-4
1680.24 -4.25562E-4
1680.36 -1.00777E-4
1680.48 2.07648E-5
1680.6 -2.2696E-4
1680.72 -6.92677E-4
1680.84 -0.00108
1680.96 -0.00124
1681.08 -0.00132
1681.2 -0.00143
1681.32 -0.0015
1681.44 -0.00143
1681.56 -0.00126
1681.68 -0.00118
1681.8 -0.00121
1681.92 -0.00117
1682.04 -9.14361E-4
1682.16 -5.75021E-4
1682.29 -4.12352E-4
1682.41 -5.79838E-4
1682.53 -0.00101
1682.65 -0.00149
1682.77 -0.00173
1682.89 -0.00157
1683.01 -0.00108
1683.13 -5.69921E-4
1683.25 -2.54758E-4
1683.37 -8.68514E-5
1683.49 1.63745E-4
1683.61 5.62545E-4
1683.73 8.88132E-4
1683.85 8.90184E-4
1683.97 5.94612E-4
1684.09 2.43291E-4
1684.21 -2.32086E-5
1684.33 -2.68482E-4
1684.46 -5.26931E-4
1684.58 -6.38921E-4
1684.7 -5.03268E-4
1684.82 -3.78639E-4
1684.94 -6.54969E-4
1685.06 -0.00126
1685.18 -0.00155
1685.3 -0.00106
1685.42 -1.59364E-4
1685.54 3.37452E-4
1685.66 8.10139E-5
1685.78 -4.80235E-4
1685.9 -7.50039E-4
1686.02 -6.52421E-4
1686.14 -4.98191E-4
1686.26 -4.64972E-4
1686.38 -4.87473E-4
1686.5 -5.2857E-4
1686.62 -6.33813E-4
1686.75 -7.10323E-4
1686.87 -5.42045E-4
1686.99 -1.35735E-4
1687.11 1.66249E-4
1687.23 8.28244E-5
1687.35 -2.17993E-4
1687.47 -3.30504E-4
1687.59 -1.52621E-4
1687.71 -2.53692E-6
1687.83 -1.64561E-4
1687.95 -4.7845E-4
1688.07 -5.14593E-4
1688.19 -1.06186E-4
1688.31 4.21915E-4
1688.43 5.89106E-4
1688.55 2.5617E-4
1688.67 -2.95117E-4
1688.79 -7.13881E-4
1688.92 -9.22978E-4
1689.04 -0.00107
1689.16 -0.00125
1689.28 -0.00134
1689.4 -0.00119
1689.52 -7.36706E-4
1689.64 -1.13048E-4
1689.76 4.7268E-4
1689.88 8.19288E-4
1690 8.3236E-4
1690.12 5.83075E-4
1690.24 2.55357E-4
1690.36 -1.73487E-5
1690.48 -2.4185E-4
1690.6 -4.77236E-4
1690.72 -6.7867E-4
1690.84 -7.02847E-4
1690.96 -4.76073E-4
1691.09 -1.21549E-4
1691.21 1.06256E-4
1691.33 1.93454E-5
1691.45 -3.43777E-4
1691.57 -7.51786E-4
1691.69 -9.78108E-4
1691.81 -9.70181E-4
1691.93 -8.40265E-4
1692.05 -7.00619E-4
1692.17 -5.54331E-4
1692.29 -3.64754E-4
1692.41 -1.6712E-4
1692.53 -3.73945E-5
1692.65 2.31192E-5
1692.77 7.04005E-5
1692.89 7.98814E-5
1693.01 -8.28579E-5
1693.13 -4.54824E-4
1693.26 -8.20454E-4
1693.38 -8.82834E-4
1693.5 -6.23371E-4
1693.62 -3.7853E-4
1693.74 -4.81624E-4
1693.86 -8.91559E-4
1693.98 -0.00127
1694.1 -0.00138
1694.22 -0.0013
1694.34 -0.00118
1694.46 -0.00102
1694.58 -7.37451E-4
1694.7 -3.78922E-4
1694.82 -1.51981E-4
1694.94 -1.48319E-4
1695.06 -2.13951E-4
1695.18 -1.31067E-4
1695.3 1.33075E-4
1695.43 3.94586E-4
1695.55 4.2535E-4
1695.67 1.17294E-4
1695.79 -4.36738E-4
1695.91 -9.58066E-4
1696.03 -0.00114
1696.15 -8.73264E-4
1696.27 -3.58921E-4
1696.39 8.37967E-5
1696.51 2.83223E-4
1696.63 2.76316E-4
1696.75 1.60776E-4
1696.87 3.29316E-6
1696.99 -1.44925E-4
1697.11 -2.61229E-4
1697.23 -4.16905E-4
1697.35 -7.12313E-4
1697.47 -0.0011
1697.6 -0.00135
1697.72 -0.00126
1697.84 -8.98026E-4
1697.96 -5.12328E-4
1698.08 -2.64388E-4
1698.2 -1.39058E-4
1698.32 -9.03159E-5
1698.44 -1.58027E-4
1698.56 -3.66427E-4
1698.68 -5.73248E-4
1698.8 -5.23683E-4
1698.92 -8.27871E-5
1699.04 6.12449E-4
1699.16 0.00124
1699.28 0.00151
1699.4 0.00138
1699.52 0.00102
1699.64 7.10916E-4
1699.77 6.18931E-4
1699.89 6.6942E-4
1700.01 6.35803E-4
1700.13 3.90157E-4
1700.25 6.71297E-5
1700.37 -8.23513E-5
1700.49 -6.77258E-6
1700.61 3.97302E-5
1700.73 -2.36966E-4
1700.85 -8.16915E-4
1700.97 -0.00134
1701.09 -0.0014
1701.21 -8.83635E-4
1701.33 7.19354E-6
1701.45 8.49348E-4
1701.57 0.00124
1701.69 0.00103
1701.81 4.15325E-4
1701.93 -1.54987E-4
1702.06 -3.19313E-4
1702.18 -6.26184E-5
1702.3 3.52304E-4
1702.42 6.38589E-4
1702.54 6.49922E-4
1702.66 3.64132E-4
1702.78 -1.37594E-4
1702.9 -6.3974E-4
1703.02 -8.73536E-4
1703.14 -7.43762E-4
1703.26 -4.73976E-4
1703.38 -4.19278E-4
1703.5 -6.94491E-4
1703.62 -0.00103
1703.74 -0.00104
1703.86 -5.91218E-4
1703.98 4.15854E-5
1704.1 4.67949E-4
1704.23 5.18512E-4
1704.35 3.26633E-4
1704.47 1.13402E-4
1704.59 -4.71845E-5
1704.71 -2.09458E-4
1704.83 -3.67425E-4
1704.95 -3.90284E-4
1705.07 -2.22787E-4
1705.19 -6.39632E-5
1705.31 -2.06247E-4
1705.43 -6.6451E-4
1705.55 -0.00106
1705.67 -9.76805E-4
1705.79 -3.6167E-4
1705.91 4.05036E-4
1706.03 8.55695E-4
1706.15 7.76816E-4
1706.27 2.9061E-4
1706.4 -2.66202E-4
1706.52 -5.50605E-4
1706.64 -4.49814E-4
1706.76 -1.71084E-4
1706.88 -4.72777E-5
1707 -2.08318E-4
1707.12 -4.87957E-4
1707.24 -6.57797E-4
1707.36 -6.59935E-4
1707.48 -5.65086E-4
1707.6 -4.19196E-4
1707.72 -2.59411E-4
1707.84 -2.19747E-4
1707.96 -4.53632E-4
1708.08 -9.06531E-4
1708.2 -0.00127
1708.32 -0.00121
1708.44 -7.08271E-4
1708.57 -5.93849E-5
1708.69 3.2822E-4
1708.81 2.36478E-4
1708.93 -1.87937E-4
1709.05 -5.56417E-4
1709.17 -5.93077E-4
1709.29 -3.73639E-4
1709.41 -1.93849E-4
1709.53 -2.42457E-4
1709.65 -4.94033E-4
1709.77 -8.67918E-4
1709.89 -0.0013
1710.01 -0.0016
1710.13 -0.00149
1710.25 -9.39425E-4
1710.37 -3.78937E-4
1710.49 -3.27453E-4
1710.61 -8.46285E-4
1710.74 -0.00151
1710.86 -0.00192
1710.98 -0.00204
1711.1 -0.00204
1711.22 -0.00192
1711.34 -0.00165
1711.46 -0.00135
1711.58 -0.00124
1711.7 -0.00141
1711.82 -0.00166
1711.94 -0.0018
1712.06 -0.00173
1712.18 -0.00145
1712.3 -9.63561E-4
1712.42 -4.14841E-4
1712.54 -8.20979E-5
1712.66 -1.17932E-4
1712.78 -3.36476E-4
1712.91 -4.14614E-4
1713.03 -3.04341E-4
1713.15 -2.9036E-4
1713.27 -5.92221E-4
1713.39 -0.00106
1713.51 -0.00138
1713.63 -0.00145
1713.75 -0.00142
1713.87 -0.00138
1713.99 -0.00126
1714.11 -9.82542E-4
1714.23 -6.50968E-4
1714.35 -4.24527E-4
1714.47 -3.28362E-4
1714.59 -2.95591E-4
1714.71 -3.11874E-4
1714.83 -4.05692E-4
1714.95 -5.47349E-4
1715.08 -6.82171E-4
1715.2 -8.33891E-4
1715.32 -0.00104
1715.44 -0.00118
1715.56 -0.00105
1715.68 -6.21352E-4
1715.8 -1.85516E-4
1715.92 -2.20798E-5
1716.04 -1.40991E-4
1716.16 -3.91722E-4
1716.28 -7.47986E-4
1716.4 -0.00128
1716.52 -0.00185
1716.64 -0.00207
1716.76 -0.00176
1716.88 -0.00122
1717 -9.77077E-4
1717.12 -0.00119
1717.24 -0.00147
1717.37 -0.00138
1717.49 -9.35718E-4
1717.61 -5.30306E-4
1717.73 -4.56881E-4
1717.85 -6.43268E-4
1717.97 -8.29771E-4
1718.09 -8.31921E-4
1718.21 -5.91464E-4
1718.33 -1.59845E-4
1718.45 2.39231E-4
1718.57 2.56971E-4
1718.69 -2.60189E-4
1718.81 -0.00101
1718.93 -0.00144
1719.05 -0.00129
1719.17 -8.0831E-4
1719.29 -4.52209E-4
1719.41 -4.7078E-4
1719.54 -8.24042E-4
1719.66 -0.00134
1719.78 -0.00179
1719.9 -0.00196
1720.02 -0.00176
1720.14 -0.00137
1720.26 -0.00103
1720.38 -8.40541E-4
1720.5 -7.1181E-4
1720.62 -6.05043E-4
1720.74 -6.1081E-4
1720.86 -7.68851E-4
1720.98 -9.39511E-4
1721.1 -9.56625E-4
1721.22 -8.14881E-4
1721.34 -6.01076E-4
1721.46 -3.31029E-4
1721.58 -3.46452E-6
1721.71 2.41563E-4
1721.83 2.11604E-4
1721.95 -4.33289E-5
1722.07 -2.12688E-4
1722.19 -1.04193E-4
1722.31 1.00147E-4
1722.43 8.3521E-5
1722.55 -1.93559E-4
1722.67 -4.89451E-4
1722.79 -6.35922E-4
1722.91 -6.94126E-4
1723.03 -7.52762E-4
1723.15 -7.69231E-4
1723.27 -7.06803E-4
1723.39 -6.61321E-4
1723.51 -7.0592E-4
1723.63 -7.28708E-4
1723.75 -6.01843E-4
1723.88 -4.34194E-4
1724 -4.47039E-4
1724.12 -6.17035E-4
1724.24 -6.67684E-4
1724.36 -4.68895E-4
1724.48 -2.37826E-4
1724.6 -2.36414E-4
1724.72 -4.52731E-4
1724.84 -7.3082E-4
1724.96 -0.00104
1725.08 -0.00141
1725.2 -0.00166
1725.32 -0.00153
1725.44 -0.00112
1725.56 -8.69609E-4
1725.68 -0.00104
1725.8 -0.00141
1725.92 -0.00159
1726.05 -0.00145
1726.17 -0.00113
1726.29 -7.5968E-4
1726.41 -3.69702E-4
1726.53 -1.26448E-4
1726.65 -2.68541E-4
1726.77 -7.60742E-4
1726.89 -0.00118
1727.01 -0.00109
1727.13 -5.17283E-4
1727.25 8.97683E-5
1727.37 3.0667E-4
1727.49 4.20883E-5
1727.61 -5.09862E-4
1727.73 -0.00108
1727.85 -0.00148
1727.97 -0.00163
1728.09 -0.00159
1728.22 -0.00147
1728.34 -0.00136
1728.46 -0.00129
1728.58 -0.00126
1728.7 -0.00126
1728.82 -0.00122
1728.94 -0.00115
1729.06 -0.00111
1729.18 -0.00124
1729.3 -0.00151
1729.42 -0.0017
1729.54 -0.00153
1729.66 -9.72204E-4
1729.78 -2.76625E-4
1729.9 2.34816E-4
1730.02 3.9617E-4
1730.14 2.56643E-4
1730.26 -3.01935E-5
1730.39 -3.15461E-4
1730.51 -5.16079E-4
1730.63 -6.15221E-4
1730.75 -6.30211E-4
1730.87 -5.71832E-4
1730.99 -4.52302E-4
1731.11 -3.21966E-4
1731.23 -2.4024E-4
1731.35 -1.85076E-4
1731.47 -5.65909E-5
1731.59 1.64781E-4
1731.71 3.125E-4
1731.83 2.00488E-4
1731.95 -1.34394E-4
1732.07 -4.53774E-4
1732.19 -6.13533E-4
1732.31 -7.09102E-4
1732.43 -8.82275E-4
1732.55 -0.0011
1732.68 -0.00122
1732.8 -0.00125
1732.92 -0.00128
1733.04 -0.00128
1733.16 -0.00115
1733.28 -8.78196E-4
1733.4 -7.11001E-4
1733.52 -8.66219E-4
1733.64 -0.00128
1733.76 -0.0017
1733.88 -0.00199
1734 -0.0022
1734.12 -0.00225
1734.24 -0.002
1734.36 -0.00138
1734.48 -7.20926E-4
1734.6 -4.55588E-4
1734.72 -7.36196E-4
1734.85 -0.00127
1734.97 -0.00161
1735.09 -0.00154
1735.21 -0.0012
1735.33 -8.52142E-4
1735.45 -6.54839E-4
1735.57 -5.78389E-4
1735.69 -4.97825E-4
1735.81 -3.49689E-4
1735.93 -2.17367E-4
1736.05 -2.60118E-4
1736.17 -5.48251E-4
1736.29 -9.80634E-4
1736.41 -0.00138
1736.53 -0.00163
1736.65 -0.00176
1736.77 -0.00178
1736.89 -0.0017
1737.02 -0.00149
1737.14 -0.00119
1737.26 -8.31544E-4
1737.38 -4.71253E-4
1737.5 -1.38994E-4
1737.62 1.53866E-4
1737.74 4.28759E-4
1737.86 7.03596E-4
1737.98 8.80737E-4
1738.1 7.33308E-4
1738.22 1.15272E-4
1738.34 -7.80076E-4
1738.46 -0.00146
1738.58 -0.00153
1738.7 -0.00106
1738.82 -5.17905E-4
1738.94 -2.81572E-4
1739.06 -3.65011E-4
1739.19 -5.35153E-4
1739.31 -6.56344E-4
1739.43 -8.21389E-4
1739.55 -0.00117
1739.67 -0.00166
1739.79 -0.00208
1739.91 -0.00227
1740.03 -0.00221
1740.15 -0.002
1740.27 -0.0017
1740.39 -0.00131
1740.51 -9.12245E-4
1740.63 -6.71543E-4
1740.75 -7.35871E-4
1740.87 -0.00103
1740.99 -0.00125
1741.11 -0.00117
1741.23 -8.63466E-4
1741.36 -6.30137E-4
1741.48 -6.40374E-4
1741.6 -7.82516E-4
1741.72 -8.85539E-4
1741.84 -9.79859E-4
1741.96 -0.0012
1742.08 -0.00149
1742.2 -0.00158
1742.32 -0.00133
1742.44 -0.00101
1742.56 -0.00103
1742.68 -0.00152
1742.8 -0.00218
1742.92 -0.00263
1743.04 -0.0027
1743.16 -0.00245
1743.28 -0.00206
1743.4 -0.00173
1743.53 -0.00162
1743.65 -0.00166
1743.77 -0.00154
1743.89 -0.00106
1744.01 -4.41931E-4
1744.13 -1.89807E-4
1744.25 -5.10812E-4
1744.37 -0.00104
1744.49 -0.00127
1744.61 -0.00114
1744.73 -0.00107
1744.85 -0.00135
1744.97 -0.00178
1745.09 -0.00185
1745.21 -0.00144
1745.33 -9.13281E-4
1745.45 -6.97732E-4
1745.57 -8.32543E-4
1745.69 -0.00108
1745.82 -0.00127
1745.94 -0.00142
1746.06 -0.00153
1746.18 -0.00155
1746.3 -0.00146
1746.42 -0.00136
1746.54 -0.00127
1746.66 -0.00108
1746.78 -8.31991E-4
1746.9 -7.83E-4
1747.02 -0.00117
1747.14 -0.0018
1747.26 -0.00218
1747.38 -0.002
1747.5 -0.0015
1747.62 -0.00114
1747.74 -0.00117
1747.86 -0.00153
1747.99 -0.00198
1748.11 -0.0023
1748.23 -0.00237
1748.35 -0.00215
1748.47 -0.00175
1748.59 -0.00137
1748.71 -0.00113
1748.83 -0.00104
1748.95 -9.73009E-4
1749.07 -7.98885E-4
1749.19 -5.005E-4
1749.31 -2.0612E-4
1749.43 -1.1513E-4
1749.55 -3.27256E-4
1749.67 -7.45717E-4
1749.79 -0.00118
1749.91 -0.00151
1750.03 -0.00173
1750.16 -0.00187
1750.28 -0.0019
1750.4 -0.00187
1750.52 -0.00187
1750.64 -0.00194
1750.76 -0.00197
1750.88 -0.00182
1751 -0.0015
1751.12 -0.00116
1751.24 -8.7836E-4
1751.36 -6.69997E-4
1751.48 -6.18249E-4
1751.6 -8.93433E-4
1751.72 -0.0015
1751.84 -0.00209
1751.96 -0.00218
1752.08 -0.00164
1752.2 -9.01066E-4
1752.33 -4.88628E-4
1752.45 -5.59717E-4
1752.57 -8.48785E-4
1752.69 -0.00108
1752.81 -0.00122
1752.93 -0.00134
1753.05 -0.00141
1753.17 -0.00135
1753.29 -0.00131
1753.41 -0.00151
1753.53 -0.00188
1753.65 -0.00204
1753.77 -0.00175
1753.89 -0.00132
1754.01 -0.00127
1754.13 -0.00172
1754.25 -0.00219
1754.37 -0.00218
1754.5 -0.00171
1754.62 -0.00123
1754.74 -0.00114
1754.86 -0.00141
1754.98 -0.00174
1755.1 -0.00199
1755.22 -0.00214
1755.34 -0.00218
1755.46 -0.00201
1755.58 -0.00156
1755.7 -0.00107
1755.82 -8.76021E-4
1755.94 -0.00116
1756.06 -0.00171
1756.18 -0.00213
1756.3 -0.00215
1756.42 -0.0018
1756.54 -0.00135
1756.67 -0.00108
1756.79 -0.0011
1756.91 -0.00121
1757.03 -0.00116
1757.15 -8.64394E-4
1757.27 -5.57639E-4
1757.39 -4.81393E-4
1757.51 -6.06447E-4
1757.63 -7.13143E-4
1757.75 -7.17323E-4
1757.87 -7.51998E-4
1757.99 -8.93202E-4
1758.11 -9.77676E-4
1758.23 -8.15742E-4
1758.35 -4.73268E-4
1758.47 -1.86361E-4
1758.59 -5.10365E-5
1758.71 3.08119E-5
1758.83 9.32254E-5
1758.96 -1.29491E-5
1759.08 -4.07409E-4
1759.2 -9.68695E-4
1759.32 -0.00144
1759.44 -0.00169
1759.56 -0.00177
1759.68 -0.00177
1759.8 -0.00165
1759.92 -0.00141
1760.04 -0.00116
1760.16 -0.00105
1760.28 -0.00114
1760.4 -0.00133
1760.52 -0.00143
1760.64 -0.00138
1760.76 -0.00127
1760.88 -0.00125
1761 -0.00136
1761.13 -0.00152
1761.25 -0.00159
1761.37 -0.00152
1761.49 -0.00138
1761.61 -0.00126
1761.73 -0.0012
1761.85 -0.00118
1761.97 -0.00112
1762.09 -0.00101
1762.21 -9.34463E-4
1762.33 -9.69198E-4
1762.45 -0.00103
1762.57 -8.95802E-4
1762.69 -4.67606E-4
1762.81 1.02669E-5
1762.93 1.59189E-4
1763.05 -1.38793E-4
1763.17 -6.47869E-4
1763.3 -0.00108
1763.42 -0.00135
1763.54 -0.00154
1763.66 -0.00161
1763.78 -0.00149
1763.9 -0.00119
1764.02 -8.83583E-4
1764.14 -7.68233E-4
1764.26 -9.32556E-4
1764.38 -0.00133
1764.5 -0.00181
1764.62 -0.00216
1764.74 -0.00219
1764.86 -0.00188
1764.98 -0.00141
1765.1 -0.00106
1765.22 -9.69704E-4
1765.34 -0.00109
1765.47 -0.00128
1765.59 -0.00143
1765.71 -0.00148
1765.83 -0.00138
1765.95 -0.0011
1766.07 -7.25016E-4
1766.19 -4.64313E-4
1766.31 -5.16701E-4
1766.43 -8.62166E-4
1766.55 -0.00126
1766.67 -0.00147
1766.79 -0.00153
1766.91 -0.00159
1767.03 -0.0017
1767.15 -0.00175
1767.27 -0.00164
1767.39 -0.00152
1767.51 -0.0016
1767.64 -0.00181
1767.76 -0.00185
1767.88 -0.00152
1768 -0.00104
1768.12 -8.74072E-4
1768.24 -0.00116
1768.36 -0.00161
1768.48 -0.00184
1768.6 -0.00176
1768.72 -0.00159
1768.84 -0.00157
1768.96 -0.00173
1769.08 -0.00198
1769.2 -0.00219
1769.32 -0.00226
1769.44 -0.00208
1769.56 -0.0017
1769.68 -0.0014
1769.81 -0.00146
1769.93 -0.00189
1770.05 -0.00239
1770.17 -0.00261
1770.29 -0.00245
1770.41 -0.00208
1770.53 -0.00172
1770.65 -0.00149
1770.77 -0.00135
1770.89 -0.00132
1771.01 -0.00146
1771.13 -0.00179
1771.25 -0.00211
1771.37 -0.00219
1771.49 -0.002
1771.61 -0.00182
1771.73 -0.00192
1771.85 -0.00224
1771.97 -0.00247
1772.1 -0.00244
1772.22 -0.00226
1772.34 -0.00209
1772.46 -0.00194
1772.58 -0.00175
1772.7 -0.00151
1772.82 -0.0013
1772.94 -0.00116
1773.06 -0.00111
1773.18 -0.00116
1773.3 -0.00129
1773.42 -0.00136
1773.54 -0.00135
1773.66 -0.00141
1773.78 -0.00165
1773.9 -0.00191
1774.02 -0.00184
1774.14 -0.00146
1774.27 -0.00127
1774.39 -0.00165
1774.51 -0.00221
1774.63 -0.00218
1774.75 -0.00135
1774.87 -3.61256E-4
1774.99 -5.27054E-5
1775.11 -5.30045E-4
1775.23 -0.00124
1775.35 -0.00168
1775.47 -0.00184
1775.59 -0.00185
1775.71 -0.00168
1775.83 -0.0013
1775.95 -8.96689E-4
1776.07 -8.33198E-4
1776.19 -0.00114
1776.31 -0.00141
1776.44 -0.00125
1776.56 -7.47476E-4
1776.68 -4.06332E-4
1776.8 -6.58907E-4
1776.92 -0.00143
1777.04 -0.00222
1777.16 -0.00252
1777.28 -0.00229
1777.4 -0.00185
1777.52 -0.00159
1777.64 -0.00163
1777.76 -0.00179
1777.88 -0.00187
1778 -0.00186
1778.12 -0.00183
1778.24 -0.0018
1778.36 -0.0017
1778.48 -0.00151
1778.61 -0.00129
1778.73 -0.00119
1778.85 -0.0013
1778.97 -0.00159
1779.09 -0.00191
1779.21 -0.00204
1779.33 -0.00187
1779.45 -0.00152
1779.57 -0.00129
1779.69 -0.0014
1779.81 -0.00173
1779.93 -0.00197
1780.05 -0.00197
1780.17 -0.00186
1780.29 -0.00189
1780.41 -0.00215
1780.53 -0.00253
1780.65 -0.00281
1780.78 -0.00285
1780.9 -0.00257
1781.02 -0.00198
1781.14 -0.0012
1781.26 -4.6191E-4
1781.38 2.81222E-5
1781.5 1.39929E-4
1781.62 -1.48728E-4
1781.74 -7.60123E-4
1781.86 -0.00149
1781.98 -0.00201
1782.1 -0.00211
1782.22 -0.00185
1782.34 -0.00155
1782.46 -0.00149
1782.58 -0.00167
1782.7 -0.00188
1782.82 -0.0019
1782.95 -0.00169
1783.07 -0.00137
1783.19 -0.00117
1783.31 -0.00122
1783.43 -0.00144
1783.55 -0.00162
1783.67 -0.00157
1783.79 -0.00133
1783.91 -0.00109
1784.03 -9.63096E-4
1784.15 -9.23872E-4
1784.27 -0.001
1784.39 -0.0013
1784.51 -0.00176
1784.63 -0.00205
1784.75 -0.00193
1784.87 -0.00157
1784.99 -0.00147
1785.11 -0.00185
1785.24 -0.00235
1785.36 -0.00246
1785.48 -0.00205
1785.6 -0.0015
1785.72 -0.00122
1785.84 -0.00128
1785.96 -0.00147
1786.08 -0.00158
1786.2 -0.00158
1786.32 -0.00157
1786.44 -0.00159
1786.56 -0.00162
1786.68 -0.00154
1786.8 -0.00128
1786.92 -9.4074E-4
1787.04 -7.73434E-4
1787.16 -9.64109E-4
1787.28 -0.00145
1787.41 -0.00196
1787.53 -0.00225
1787.65 -0.00228
1787.77 -0.00217
1787.89 -0.00203
1788.01 -0.00187
1788.13 -0.00165
1788.25 -0.00143
1788.37 -0.00138
1788.49 -0.00162
1788.61 -0.00199
1788.73 -0.00218
1788.85 -0.00199
1788.97 -0.00165
1789.09 -0.00146
1789.21 -0.00146
1789.33 -0.00138
1789.45 -0.00115
1789.58 -0.0011
1789.7 -0.00156
1789.82 -0.0023
1789.94 -0.00269
1790.06 -0.00238
1790.18 -0.00163
1790.3 -0.00101
1790.42 -8.58091E-4
1790.54 -0.00113
1790.66 -0.00165
1790.78 -0.00211
1790.9 -0.00218
1791.02 -0.00171
1791.14 -0.00104
1791.26 -7.57232E-4
1791.38 -0.00112
1791.5 -0.00172
1791.62 -0.00195
1791.75 -0.00163
1791.87 -0.00115
1791.99 -9.72342E-4
1792.11 -0.00119
1792.23 -0.00153
1792.35 -0.00172
1792.47 -0.00173
1792.59 -0.00168
1792.71 -0.0017
1792.83 -0.00179
1792.95 -0.00192
1793.07 -0.00209
1793.19 -0.00232
1793.31 -0.00252
1793.43 -0.00246
1793.55 -0.002
1793.67 -0.00137
1793.79 -0.00109
1793.92 -0.00144
1794.04 -0.00218
1794.16 -0.00267
1794.28 -0.00257
1794.4 -0.00205
1794.52 -0.00158
1794.64 -0.00142
1794.76 -0.00151
1794.88 -0.00163
1795 -0.0016
1795.12 -0.00135
1795.24 -9.24341E-4
1795.36 -5.73993E-4
1795.48 -6.44069E-4
1795.6 -0.00125
1795.72 -0.00207
1795.84 -0.00264
1795.96 -0.00279
1796.09 -0.00275
1796.21 -0.00274
1796.33 -0.00269
1796.45 -0.00238
1796.57 -0.00181
1796.69 -0.00122
1796.81 -8.17623E-4
1796.93 -6.4452E-4
1797.05 -6.80439E-4
1797.17 -9.30168E-4
1797.29 -0.00132
1797.41 -0.00169
1797.53 -0.00191
1797.65 -0.00207
1797.77 -0.00225
1797.89 -0.00235
1798.01 -0.00225
1798.13 -0.00203
1798.26 -0.00189
1798.38 -0.0019
1798.5 -0.00189
1798.62 -0.00171
1798.74 -0.00144
1798.86 -0.00126
1798.98 -0.00122
1799.1 -0.00117
1799.22 -0.00102
1799.34 -7.95707E-4
1799.46 -6.01497E-4
1799.58 -5.0319E-4
1799.7 -5.06949E-4
1799.82 -5.60213E-4
1799.94 -6.12099E-4
1800.06 -7.04922E-4
1800.18 -9.52058E-4
1800.3 -0.00136
1800.42 -0.00172
1800.55 -0.00181
1800.67 -0.00163
1800.79 -0.00142
1800.91 -0.00138
1801.03 -0.00152
1801.15 -0.00177
1801.27 -0.00201
1801.39 -0.00209
1801.51 -0.00189
1801.63 -0.00153
1801.75 -0.0013
1801.87 -0.00141
1801.99 -0.0017
1802.11 -0.00188
1802.23 -0.0019
1802.35 -0.00192
1802.47 -0.00193
1802.59 -0.00175
1802.72 -0.00145
1802.84 -0.0014
1802.96 -0.00182
1803.08 -0.00233
1803.2 -0.00233
1803.32 -0.00177
1803.44 -0.0012
1803.56 -0.00113
1803.68 -0.00144
1803.8 -0.00165
1803.92 -0.00151
1804.04 -0.0012
1804.16 -9.63695E-4
1804.28 -9.0545E-4
1804.4 -9.69477E-4
1804.52 -0.00108
1804.64 -0.00118
1804.76 -0.00121
1804.89 -0.00118
1805.01 -0.00107
1805.13 -8.63034E-4
1805.25 -5.98807E-4
1805.37 -4.89883E-4
1805.49 -7.43724E-4
1805.61 -0.00127
1805.73 -0.00166
1805.85 -0.00158
1805.97 -0.0011
1806.09 -6.06768E-4
1806.21 -4.14312E-4
1806.33 -5.36237E-4
1806.45 -7.88197E-4
1806.57 -9.78474E-4
1806.69 -0.00101
1806.81 -9.39723E-4
1806.93 -9.06821E-4
1807.06 -0.00102
1807.18 -0.00118
1807.3 -0.00123
1807.42 -0.00115
1807.54 -0.00114
1807.66 -0.00134
1807.78 -0.00156
1807.9 -0.0016
1808.02 -0.00149
1808.14 -0.00149
1808.26 -0.00168
1808.38 -0.00185
1808.5 -0.00177
1808.62 -0.00155
1808.74 -0.00149
1808.86 -0.00164
1808.98 -0.00166
1809.1 -0.00126
1809.23 -6.25458E-4
1809.35 -2.55149E-4
1809.47 -4.30882E-4
1809.59 -9.0557E-4
1809.71 -0.00122
1809.83 -0.00124
1809.95 -0.00128
1810.07 -0.00167
1810.19 -0.00226
1810.31 -0.00258
1810.43 -0.00233
1810.55 -0.00169
1810.67 -0.00103
1810.79 -6.2535E-4
1810.91 -5.60377E-4
1811.03 -8.14483E-4
1811.15 -0.00128
1811.27 -0.00171
1811.4 -0.00187
1811.52 -0.00175
1811.64 -0.00162
1811.76 -0.00164
1811.88 -0.00171
1812 -0.00157
1812.12 -0.00119
1812.24 -7.36434E-4
1812.36 -4.14278E-4
1812.48 -3.52755E-4
1812.6 -5.82665E-4
1812.72 -9.72617E-4
1812.84 -0.00121
1812.96 -0.00107
1813.08 -6.62599E-4
1813.2 -4.48249E-4
1813.32 -7.11538E-4
1813.44 -0.00128
1813.56 -0.00174
1813.69 -0.0019
1813.81 -0.00182
1813.93 -0.00164
1814.05 -0.00141
1814.17 -0.0012
1814.29 -0.00112
1814.41 -0.00125
1814.53 -0.00148
1814.65 -0.00165
1814.77 -0.00167
1814.89 -0.00163
1815.01 -0.00161
1815.13 -0.00164
1815.25 -0.00166
1815.37 -0.0017
1815.49 -0.00178
1815.61 -0.00184
1815.73 -0.0018
1815.86 -0.00165
1815.98 -0.00154
1816.1 -0.0016
1816.22 -0.00175
1816.34 -0.00179
1816.46 -0.00172
1816.58 -0.0018
1816.7 -0.00222
1816.82 -0.00273
1816.94 -0.0029
1817.06 -0.00263
1817.18 -0.00221
1817.3 -0.00197
1817.42 -0.00195
1817.54 -0.00203
1817.66 -0.00213
1817.78 -0.00221
1817.9 -0.00223
1818.03 -0.00216
1818.15 -0.0021
1818.27 -0.00206
1818.39 -0.0019
1818.51 -0.00151
1818.63 -9.85045E-4
1818.75 -5.75222E-4
1818.87 -4.37979E-4
1818.99 -5.94907E-4
1819.11 -0.00105
1819.23 -0.00175
1819.35 -0.00236
1819.47 -0.00251
1819.59 -0.00217
1819.71 -0.00177
1819.83 -0.00171
1819.95 -0.00192
1820.07 -0.00206
1820.2 -0.00199
1820.32 -0.00189
1820.44 -0.00188
1820.56 -0.00194
1820.68 -0.00201
1820.8 -0.00211
1820.92 -0.00217
1821.04 -0.00204
1821.16 -0.00172
1821.28 -0.00151
1821.4 -0.00166
1821.52 -0.00201
1821.64 -0.00219
1821.76 -0.00207
1821.88 -0.00192
1822 -0.00195
1822.12 -0.00208
1822.24 -0.00208
1822.37 -0.00198
1822.49 -0.00191
1822.61 -0.00192
1822.73 -0.00191
1822.85 -0.00185
1822.97 -0.00186
1823.09 -0.00202
1823.21 -0.00228
1823.33 -0.00251
1823.45 -0.0026
1823.57 -0.00243
1823.69 -0.00189
1823.81 -0.00105
1823.93 -2.83875E-4
1824.05 6.60121E-6
1824.17 -2.51338E-4
1824.29 -7.23749E-4
1824.41 -0.00105
1824.54 -0.00121
1824.66 -0.00149
1824.78 -0.00202
1824.9 -0.00253
1825.02 -0.00264
1825.14 -0.00233
1825.26 -0.00196
1825.38 -0.0018
1825.5 -0.00167
1825.62 -0.00133
1825.74 -9.90409E-4
1825.86 -0.00114
1825.98 -0.00183
1826.1 -0.00242
1826.22 -0.00233
1826.34 -0.00172
1826.46 -0.00128
1826.58 -0.00132
1826.7 -0.00154
1826.83 -0.00157
1826.95 -0.00141
1827.07 -0.0013
1827.19 -0.00129
1827.31 -0.00129
1827.43 -0.00124
1827.55 -0.00121
1827.67 -0.00122
1827.79 -0.00126
1827.91 -0.00133
1828.03 -0.00143
1828.15 -0.00143
1828.27 -0.00128
1828.39 -0.00112
1828.51 -0.00124
1828.63 -0.00166
1828.75 -0.00206
1828.87 -0.00212
1829 -0.00187
1829.12 -0.00165
1829.24 -0.00169
1829.36 -0.00196
1829.48 -0.00227
1829.6 -0.00249
1829.72 -0.00259
1829.84 -0.00264
1829.96 -0.00269
1830.08 -0.00275
1830.2 -0.00279
1830.32 -0.00272
1830.44 -0.0025
1830.56 -0.00217
1830.68 -0.00188
1830.8 -0.00181
1830.92 -0.00194
1831.04 -0.00207
1831.17 -0.00197
1831.29 -0.00162
1831.41 -0.00125
1831.53 -0.00112
1831.65 -0.00123
1831.77 -0.00142
1831.89 -0.00148
1832.01 -0.00136
1832.13 -0.00116
1832.25 -0.00103
1832.37 -0.00105
1832.49 -0.00124
1832.61 -0.00154
1832.73 -0.00178
1832.85 -0.00179
1832.97 -0.00149
1833.09 -0.00103
1833.21 -7.18072E-4
1833.34 -7.47785E-4
1833.46 -0.00103
1833.58 -0.00133
1833.7 -0.00153
1833.82 -0.00166
1833.94 -0.00176
1834.06 -0.00177
1834.18 -0.00165
1834.3 -0.00145
1834.42 -0.00123
1834.54 -0.00105
1834.66 -0.00101
1834.78 -0.00124
1834.9 -0.00174
1835.02 -0.00223
1835.14 -0.00243
1835.26 -0.00236
1835.38 -0.00231
1835.51 -0.0024
1835.63 -0.00246
1835.75 -0.00231
1835.87 -0.00203
1835.99 -0.00182
1836.11 -0.00171
1836.23 -0.00158
1836.35 -0.00138
1836.47 -0.0012
1836.59 -0.00119
1836.71 -0.00135
1836.83 -0.00158
1836.95 -0.00172
1837.07 -0.00172
1837.19 -0.00172
1837.31 -0.00193
1837.43 -0.00233
1837.55 -0.00255
1837.68 -0.00225
1837.8 -0.00152
1837.92 -8.24768E-4
1838.04 -5.54994E-4
1838.16 -7.19815E-4
1838.28 -0.00108
1838.4 -0.00143
1838.52 -0.00163
1838.64 -0.00158
1838.76 -0.00137
1838.88 -0.00128
1839 -0.00153
1839.12 -0.00201
1839.24 -0.00233
1839.36 -0.00224
1839.48 -0.00182
1839.6 -0.0013
1839.72 -8.97713E-4
1839.84 -7.21168E-4
1839.97 -8.11964E-4
1840.09 -0.00109
1840.21 -0.00137
1840.33 -0.0015
1840.45 -0.00153
1840.57 -0.0016
1840.69 -0.00169
1840.81 -0.00167
1840.93 -0.00151
1841.05 -0.00145
1841.17 -0.00169
1841.29 -0.00202
1841.41 -0.00199
1841.53 -0.00148
1841.65 -9.75002E-4
1841.77 -0.00109
1841.89 -0.00183
1842.01 -0.00254
1842.14 -0.00259
1842.26 -0.00203
1842.38 -0.00146
1842.5 -0.00134
1842.62 -0.00163
1842.74 -0.00197
1842.86 -0.00205
1842.98 -0.00189
1843.1 -0.00169
1843.22 -0.00163
1843.34 -0.00172
1843.46 -0.00179
1843.58 -0.00166
1843.7 -0.00135
1843.82 -0.00108
1843.94 -0.00108
1844.06 -0.00138
1844.18 -0.00182
1844.31 -0.00222
1844.43 -0.00244
1844.55 -0.00244
1844.67 -0.00223
1844.79 -0.00189
1844.91 -0.00146
1845.03 -9.75415E-4
1845.15 -5.76407E-4
1845.27 -4.9717E-4
1845.39 -8.25346E-4
1845.51 -0.00132
1845.63 -0.00158
1845.75 -0.00149
1845.87 -0.00129
1845.99 -0.00127
1846.11 -0.00139
1846.23 -0.00139
1846.35 -0.00116
1846.48 -8.87658E-4
1846.6 -8.7975E-4
1846.72 -0.0012
1846.84 -0.00166
1846.96 -0.00201
1847.08 -0.00214
1847.2 -0.00215
1847.32 -0.00216
1847.44 -0.0022
1847.56 -0.00219
1847.68 -0.00203
1847.8 -0.00181
1847.92 -0.0017
1848.04 -0.00187
1848.16 -0.00224
1848.28 -0.00256
1848.4 -0.0026
1848.52 -0.00238
1848.65 -0.00206
1848.77 -0.00183
1848.89 -0.00178
1849.01 -0.00182
1849.13 -0.00176
1849.25 -0.00149
1849.37 -0.00111
1849.49 -9.04646E-4
1849.61 -0.0011
1849.73 -0.00156
1849.85 -0.00188
1849.97 -0.00179
1850.09 -0.00147
1850.21 -0.0013
1850.33 -0.0015
1850.45 -0.00192
1850.57 -0.00224
1850.69 -0.00226
1850.82 -0.00197
1850.94 -0.00155
1851.06 -0.00128
1851.18 -0.00134
1851.3 -0.00163
1851.42 -0.00191
1851.54 -0.00201
1851.66 -0.00195
1851.78 -0.00181
1851.9 -0.00155
1852.02 -0.0012
1852.14 -9.64254E-4
1852.26 -0.00103
1852.38 -0.00133
1852.5 -0.00155
1852.62 -0.00156
1852.74 -0.00145
1852.86 -0.00138
1852.98 -0.00127
1853.11 -0.00103
1853.23 -7.62537E-4
1853.35 -7.05931E-4
1853.47 -8.412E-4
1853.59 -8.79917E-4
1853.71 -6.62051E-4
1853.83 -4.1106E-4
1853.95 -4.74479E-4
1854.07 -9.1866E-4
1854.19 -0.0015
1854.31 -0.00197
1854.43 -0.00221
1854.55 -0.00213
1854.67 -0.00168
1854.79 -9.83983E-4
1854.91 -4.1014E-4
1855.03 -2.95822E-4
1855.15 -6.38247E-4
1855.28 -0.00112
1855.4 -0.00143
1855.52 -0.00153
1855.64 -0.00157
1855.76 -0.0017
1855.88 -0.00194
1856 -0.00221
1856.12 -0.00239
1856.24 -0.00245
1856.36 -0.00251
1856.48 -0.0026
1856.6 -0.0026
1856.72 -0.00229
1856.84 -0.00174
1856.96 -0.00138
1857.08 -0.00156
1857.2 -0.00202
1857.32 -0.00216
1857.45 -0.00176
1857.57 -0.00134
1857.69 -0.00146
1857.81 -0.00203
1857.93 -0.00238
1858.05 -0.00218
1858.17 -0.00173
1858.29 -0.00153
1858.41 -0.00157
1858.53 -0.00159
1858.65 -0.00154
1858.77 -0.00168
1858.89 -0.0021
1859.01 -0.00251
1859.13 -0.00258
1859.25 -0.00234
1859.37 -0.00206
1859.49 -0.00185
1859.62 -0.00162
1859.74 -0.00135
1859.86 -0.0012
1859.98 -0.00138
1860.1 -0.00193
1860.22 -0.00262
1860.34 -0.0031
1860.46 -0.00311
1860.58 -0.0027
1860.7 -0.00218
1860.82 -0.00188
1860.94 -0.00189
1861.06 -0.00209
1861.18 -0.00221
1861.3 -0.00209
1861.42 -0.00174
1861.54 -0.00136
1861.66 -0.00123
1861.79 -0.00147
1861.91 -0.00186
1862.03 -0.00205
1862.15 -0.00187
1862.27 -0.00148
1862.39 -0.00112
1862.51 -8.71349E-4
1862.63 -7.1077E-4
1862.75 -7.17618E-4
1862.87 -0.00103
1862.99 -0.00158
1863.11 -0.00206
1863.23 -0.00217
1863.35 -0.00192
1863.47 -0.00166
1863.59 -0.00168
1863.71 -0.00197
1863.83 -0.00222
1863.96 -0.00222
1864.08 -0.00202
1864.2 -0.00185
1864.32 -0.00185
1864.44 -0.00199
1864.56 -0.00207
1864.68 -0.00194
1864.8 -0.00157
1864.92 -0.00113
1865.04 -9.0057E-4
1865.16 -0.00105
1865.28 -0.0014
1865.4 -0.00161
1865.52 -0.0015
1865.64 -0.00136
1865.76 -0.00155
1865.88 -0.0021
1866 -0.00259
1866.12 -0.00259
1866.25 -0.00212
1866.37 -0.00157
1866.49 -0.00128
1866.61 -0.00128
1866.73 -0.00135
1866.85 -0.00135
1866.97 -0.00132
1867.09 -0.00134
1867.21 -0.00143
1867.33 -0.00151
1867.45 -0.00156
1867.57 -0.00165
1867.69 -0.00185
1867.81 -0.00209
1867.93 -0.00227
1868.05 -0.00226
1868.17 -0.0021
1868.29 -0.00198
1868.42 -0.00202
1868.54 -0.00211
1868.66 -0.002
1868.78 -0.00159
1868.9 -0.0011
1869.02 -8.8099E-4
1869.14 -0.00109
1869.26 -0.00159
1869.38 -0.00216
1869.5 -0.0026
1869.62 -0.00279
1869.74 -0.00265
1869.86 -0.00226
1869.98 -0.00189
1870.1 -0.00177
1870.22 -0.00189
1870.34 -0.00209
1870.46 -0.00228
1870.59 -0.00244
1870.71 -0.00251
1870.83 -0.00233
1870.95 -0.00196
1871.07 -0.00165
1871.19 -0.00166
1871.31 -0.00194
1871.43 -0.00222
1871.55 -0.00234
1871.67 -0.00233
1871.79 -0.00231
1871.91 -0.00224
1872.03 -0.00204
1872.15 -0.00171
1872.27 -0.00137
1872.39 -0.00113
1872.51 -9.58674E-4
1872.63 -8.07576E-4
1872.76 -7.80132E-4
1872.88 -0.00107
1873 -0.00165
1873.12 -0.00214
1873.24 -0.00209
1873.36 -0.00146
1873.48 -7.24025E-4
1873.6 -4.0495E-4
1873.72 -6.31679E-4
1873.84 -0.00114
1873.96 -0.00159
1874.08 -0.0018
1874.2 -0.00176
1874.32 -0.00157
1874.44 -0.00144
1874.56 -0.00151
1874.68 -0.0017
1874.8 -0.00174
1874.93 -0.0015
1875.05 -0.00119
1875.17 -0.0011
1875.29 -0.00137
1875.41 -0.00189
1875.53 -0.00241
1875.65 -0.00261
1875.77 -0.00223
1875.89 -0.00137
1876.01 -5.14023E-4
1876.13 -2.44025E-4
1876.25 -6.18443E-4
1876.37 -0.00117
1876.49 -0.00146
1876.61 -0.00146
1876.73 -0.00139
1876.85 -0.00138
1876.97 -0.00143
1877.1 -0.0016
1877.22 -0.00192
1877.34 -0.00217
1877.46 -0.00204
1877.58 -0.00156
1877.7 -0.00117
1877.82 -0.00125
1877.94 -0.00163
1878.06 -0.00183
1878.18 -0.00166
1878.3 -0.0014
1878.42 -0.00142
1878.54 -0.00175
1878.66 -0.00204
1878.78 -0.00202
1878.9 -0.00177
1879.02 -0.0016
1879.14 -0.00163
1879.27 -0.00168
1879.39 -0.00147
1879.51 -9.9824E-4
1879.63 -6.12326E-4
1879.75 -6.4335E-4
1879.87 -0.00111
1879.99 -0.0017
1880.11 -0.00205
1880.23 -0.00197
1880.35 -0.00158
1880.47 -0.00125
1880.59 -0.00126
1880.71 -0.00157
1880.83 -0.00184
1880.95 -0.00176
1881.07 -0.00149
1881.19 -0.00139
1881.31 -0.00167
1881.44 -0.00209
1881.56 -0.0023
1881.68 -0.00214
1881.8 -0.00176
1881.92 -0.0014
1882.04 -0.00122
1882.16 -0.00119
1882.28 -0.00116
1882.4 -0.00102
1882.52 -8.06771E-4
1882.64 -7.07466E-4
1882.76 -8.08556E-4
1882.88 -9.98106E-4
1883 -0.00107
1883.12 -8.98104E-4
1883.24 -5.64963E-4
1883.36 -2.67871E-4
1883.48 -2.49222E-4
1883.6 -6.58892E-4
1883.73 -0.00139
1883.85 -0.00207
1883.97 -0.00231
1884.09 -0.00204
1884.21 -0.00157
1884.33 -0.00125
1884.45 -0.00113
1884.57 -0.00104
1884.69 -9.30507E-4
1884.81 -0.00101
1884.93 -0.00138
1885.05 -0.00184
1885.17 -0.00201
1885.29 -0.00185
1885.41 -0.00167
1885.53 -0.00171
1885.65 -0.00185
1885.77 -0.00182
1885.9 -0.00168
1886.02 -0.00175
1886.14 -0.00211
1886.26 -0.00244
1886.38 -0.00245
1886.5 -0.00227
1886.62 -0.00228
1886.74 -0.00259
1886.86 -0.00299
1886.98 -0.00321
1887.1 -0.00315
1887.22 -0.00285
1887.34 -0.00246
1887.46 -0.00215
1887.58 -0.002
1887.7 -0.00188
1887.82 -0.00165
1887.94 -0.00143
1888.07 -0.00151
1888.19 -0.00192
1888.31 -0.0023
1888.43 -0.0023
1888.55 -0.00207
1888.67 -0.00207
1888.79 -0.0025
1888.91 -0.00302
1889.03 -0.00316
1889.15 -0.00279
1889.27 -0.00229
1889.39 -0.00209
1889.51 -0.00231
1889.63 -0.00265
1889.75 -0.00272
1889.87 -0.0024
1889.99 -0.00193
1890.11 -0.00161
1890.24 -0.00149
1890.36 -0.00136
1890.48 -0.0011
1890.6 -8.14911E-4
1890.72 -7.6535E-4
1890.84 -0.0011
1890.96 -0.00171
1891.08 -0.00229
1891.2 -0.00256
1891.32 -0.00244
1891.44 -0.00207
1891.56 -0.00159
1891.68 -0.00109
1891.8 -6.69908E-4
1891.92 -5.02709E-4
1892.04 -6.53975E-4
1892.16 -9.00019E-4
1892.28 -9.39138E-4
1892.41 -8.09353E-4
1892.53 -8.83229E-4
1892.65 -0.00135
1892.77 -0.00193
1892.89 -0.0022
1893.01 -0.00221
1893.13 -0.00231
1893.25 -0.00269
1893.37 -0.00306
1893.49 -0.00309
1893.61 -0.0028
1893.73 -0.00247
1893.85 -0.00234
1893.97 -0.00245
1894.09 -0.00266
1894.21 -0.00277
1894.33 -0.00264
1894.45 -0.00231
1894.58 -0.00205
1894.7 -0.00212
1894.82 -0.00246
1894.94 -0.00279
1895.06 -0.00287
1895.18 -0.00274
1895.3 -0.0026
1895.42 -0.00258
1895.54 -0.0026
1895.66 -0.00249
1895.78 -0.00215
1895.9 -0.00172
1896.02 -0.00145
1896.14 -0.00146
1896.26 -0.00164
1896.38 -0.0018
1896.5 -0.00191
1896.62 -0.00207
1896.74 -0.00224
1896.87 -0.00234
1896.99 -0.00234
1897.11 -0.00236
1897.23 -0.00247
1897.35 -0.0025
1897.47 -0.0023
1897.59 -0.00197
1897.71 -0.00185
1897.83 -0.00213
1897.95 -0.00262
1898.07 -0.00283
1898.19 -0.00247
1898.31 -0.00168
1898.43 -9.57966E-4
1898.55 -7.126E-4
1898.67 -9.11541E-4
1898.79 -0.00122
1898.91 -0.00141
1899.04 -0.00154
1899.16 -0.00176
1899.28 -0.00202
1899.4 -0.00223
1899.52 -0.0024
1899.64 -0.0026
1899.76 -0.00271
1899.88 -0.00246
1900 -0.00188
1900.12 -0.00145
1900.24 -0.0016
1900.36 -0.0022
1900.48 -0.00272
1900.6 -0.00278
1900.72 -0.00246
1900.84 -0.00205
1900.96 -0.00165
1901.08 -0.00123
1901.21 -8.61745E-4
1901.33 -7.24014E-4
1901.45 -9.03796E-4
1901.57 -0.00127
1901.69 -0.00164
1901.81 -0.00192
1901.93 -0.00205
1902.05 -0.00192
1902.17 -0.00152
1902.29 -0.00107
1902.41 -9.06266E-4
1902.53 -0.0012
1902.65 -0.00173
1902.77 -0.00217
1902.89 -0.00239
1903.01 -0.00249
1903.13 -0.00246
1903.25 -0.00218
1903.38 -0.0017
1903.5 -0.00131
1903.62 -0.00128
1903.74 -0.00153
1903.86 -0.00173
1903.98 -0.00171
1904.1 -0.00163
1904.22 -0.00168
1904.34 -0.00179
1904.46 -0.00178
1904.58 -0.00168
1904.7 -0.00168
1904.82 -0.00188
1904.94 -0.0021
1905.06 -0.00214
1905.18 -0.00199
1905.3 -0.00184
1905.42 -0.00178
1905.55 -0.00174
1905.67 -0.00157
1905.79 -0.0013
1905.91 -0.001
1906.03 -7.58611E-4
1906.15 -5.83917E-4
1906.27 -5.17771E-4
1906.39 -5.93666E-4
1906.51 -7.57754E-4
1906.63 -8.91849E-4
1906.75 -9.61669E-4
1906.87 -0.00109
1906.99 -0.00143
1907.11 -0.00196
1907.23 -0.00252
1907.35 -0.00289
1907.47 -0.00298
1907.59 -0.00278
1907.72 -0.00233
1907.84 -0.00169
1907.96 -0.00103
1908.08 -6.26728E-4
1908.2 -7.38896E-4
1908.32 -0.00137
1908.44 -0.00218
1908.56 -0.00272
1908.68 -0.00282
1908.8 -0.0027
1908.92 -0.00271
1909.04 -0.00295
1909.16 -0.00322
1909.28 -0.00327
1909.4 -0.00303
1909.52 -0.00261
1909.64 -0.00221
1909.76 -0.00201
1909.89 -0.00211
1910.01 -0.00244
1910.13 -0.00278
1910.25 -0.00289
1910.37 -0.00275
1910.49 -0.00251
1910.61 -0.00232
1910.73 -0.00225
1910.85 -0.00234
1910.97 -0.00262
1911.09 -0.00302
1911.21 -0.0033
1911.33 -0.00329
1911.45 -0.00298
1911.57 -0.00256
1911.69 -0.00224
1911.81 -0.00207
1911.93 -0.00203
1912.05 -0.00214
1912.18 -0.00238
1912.3 -0.00258
1912.42 -0.00249
1912.54 -0.00205
1912.66 -0.00156
1912.78 -0.00139
1912.9 -0.00164
1913.02 -0.00204
1913.14 -0.00226
1913.26 -0.00226
1913.38 -0.0022
1913.5 -0.00223
1913.62 -0.00231
1913.74 -0.00234
1913.86 -0.00218
1913.98 -0.0018
1914.1 -0.00129
1914.22 -8.46434E-4
1914.35 -7.39202E-4
1914.47 -0.00101
1914.59 -0.0014
1914.71 -0.00163
1914.83 -0.00162
1914.95 -0.00154
1915.07 -0.0015
1915.19 -0.0014
1915.31 -0.00117
1915.43 -9.73836E-4
1915.55 -0.00107
1915.67 -0.00147
1915.79 -0.00187
1915.91 -0.00199
1916.03 -0.00184
1916.15 -0.00162
1916.27 -0.00149
1916.39 -0.00143
1916.52 -0.00137
1916.64 -0.00123
1916.76 -0.00103
1916.88 -8.72318E-4
1917 -9.73046E-4
1917.12 -0.0014
1917.24 -0.00192
1917.36 -0.00216
1917.48 -0.00202
1917.6 -0.00177
1917.72 -0.00177
1917.84 -0.00203
1917.96 -0.00226
1918.08 -0.00236
1918.2 -0.00245
1918.32 -0.00265
1918.44 -0.00278
1918.56 -0.00264
1918.69 -0.00226
1918.81 -0.00194
1918.93 -0.00182
1919.05 -0.00175
1919.17 -0.00149
1919.29 -0.00103
1919.41 -6.92461E-4
1919.53 -8.19467E-4
1919.65 -0.00141
1919.77 -0.00206
1919.89 -0.00228
1920.01 -0.00191
1920.13 -0.00131
1920.25 -9.83734E-4
1920.37 -0.00115
1920.49 -0.00159
1920.61 -0.00191
1920.73 -0.00192
1920.86 -0.00165
1920.98 -0.00122
1921.1 -8.57156E-4
1921.22 -7.73899E-4
1921.34 -0.00102
1921.46 -0.00135
1921.58 -0.00145
1921.7 -0.00131
1921.82 -0.00125
1921.94 -0.00152
1922.06 -0.00202
1922.18 -0.00243
1922.3 -0.00258
1922.42 -0.00247
1922.54 -0.00222
1922.66 -0.00189
1922.78 -0.00161
1922.9 -0.00148
1923.03 -0.00142
1923.15 -0.00126
1923.27 -0.00101
1923.39 -9.22427E-4
1923.51 -0.00122
1923.63 -0.00173
1923.75 -0.002
1923.87 -0.00181
1923.99 -0.00145
1924.11 -0.00134
1924.23 -0.00164
1924.35 -0.00203
1924.47 -0.00208
1924.59 -0.00173
1924.71 -0.00129
1924.83 -0.00114
1924.95 -0.00136
1925.07 -0.00169
1925.19 -0.00188
1925.32 -0.00194
1925.44 -0.00199
1925.56 -0.00199
1925.68 -0.00177
1925.8 -0.00142
1925.92 -0.00127
1926.04 -0.00158
1926.16 -0.00205
1926.28 -0.00215
1926.4 -0.00168
1926.52 -0.00104
1926.64 -8.34197E-4
1926.76 -0.00121
1926.88 -0.00181
1927 -0.00222
1927.12 -0.00228
1927.24 -0.00215
1927.36 -0.00208
1927.49 -0.00228
1927.61 -0.00275
1927.73 -0.00321
1927.85 -0.0033
1927.97 -0.00286
1928.09 -0.00221
1928.21 -0.00187
1928.33 -0.00207
1928.45 -0.00246
1928.57 -0.00262
1928.69 -0.00249
1928.81 -0.00237
1928.93 -0.00252
1929.05 -0.00282
1929.17 -0.00298
1929.29 -0.00296
1929.41 -0.00289
1929.53 -0.0028
1929.66 -0.00254
1929.78 -0.00205
1929.9 -0.0015
1930.02 -0.00118
1930.14 -0.00119
1930.26 -0.00144
1930.38 -0.00179
1930.5 -0.0021
1930.62 -0.0022
1930.74 -0.00198
1930.86 -0.0016
1930.98 -0.00136
1931.1 -0.00139
1931.22 -0.00151
1931.34 -0.00155
1931.46 -0.00158
1931.58 -0.00178
1931.7 -0.00216
1931.83 -0.00243
1931.95 -0.00246
1932.07 -0.00233
1932.19 -0.00216
1932.31 -0.00188
1932.43 -0.00138
1932.55 -8.44281E-4
1932.67 -6.26635E-4
1932.79 -8.72046E-4
1932.91 -0.00133
1933.03 -0.00164
1933.15 -0.00176
1933.27 -0.00188
1933.39 -0.00214
1933.51 -0.0024
1933.63 -0.00248
1933.75 -0.00243
1933.87 -0.00236
1934 -0.00224
1934.12 -0.00183
1934.24 -0.00113
1934.36 -5.52122E-4
1934.48 -5.65354E-4
1934.6 -0.00125
1934.72 -0.00223
1934.84 -0.00302
1934.96 -0.00335
1935.08 -0.00321
1935.2 -0.00277
1935.32 -0.00235
1935.44 -0.00231
1935.56 -0.0027
1935.68 -0.00318
1935.8 -0.00334
1935.92 -0.00302
1936.04 -0.00241
1936.17 -0.00174
1936.29 -0.0012
1936.41 -9.44752E-4
1936.53 -0.00108
1936.65 -0.00145
1936.77 -0.00173
1936.89 -0.00167
1937.01 -0.00142
1937.13 -0.0013
1937.25 -0.00151
1937.37 -0.00194
1937.49 -0.00237
1937.61 -0.00263
1937.73 -0.00264
1937.85 -0.00244
1937.97 -0.00218
1938.09 -0.00199
1938.21 -0.00188
1938.33 -0.00177
1938.46 -0.00169
1938.58 -0.00172
1938.7 -0.00187
1938.82 -0.00205
1938.94 -0.0022
1939.06 -0.00234
1939.18 -0.00249
1939.3 -0.00251
1939.42 -0.00229
1939.54 -0.00192
1939.66 -0.0017
1939.78 -0.00179
1939.9 -0.0021
1940.02 -0.00236
1940.14 -0.00233
1940.26 -0.00196
1940.38 -0.00137
1940.5 -7.58134E-4
1940.63 -3.58023E-4
1940.75 -3.41881E-4
1940.87 -7.76678E-4
1940.99 -0.00154
1941.11 -0.00231
1941.23 -0.00271
1941.35 -0.00262
1941.47 -0.00232
1941.59 -0.00221
1941.71 -0.00239
1941.83 -0.00266
1941.95 -0.00278
1942.07 -0.00276
1942.19 -0.00272
1942.31 -0.00264
1942.43 -0.00241
1942.55 -0.00208
1942.67 -0.00186
1942.8 -0.00189
1942.92 -0.00209
1943.04 -0.00227
1943.16 -0.00236
1943.28 -0.00242
1943.4 -0.00249
1943.52 -0.00253
1943.64 -0.00249
1943.76 -0.00241
1943.88 -0.00237
1944 -0.00238
1944.12 -0.0024
1944.24 -0.00243
1944.36 -0.00251
1944.48 -0.00263
1944.6 -0.00264
1944.72 -0.00238
1944.84 -0.00195
1944.97 -0.00165
1945.09 -0.0017
1945.21 -0.00203
1945.33 -0.00237
1945.45 -0.00246
1945.57 -0.00226
1945.69 -0.00184
1945.81 -0.00139
1945.93 -0.00116
1946.05 -0.0013
1946.17 -0.00173
1946.29 -0.00213
1946.41 -0.00223
1946.53 -0.002
1946.65 -0.00153
1946.77 -9.66929E-4
1946.89 -5.4317E-4
1947.01 -5.37977E-4
1947.14 -0.00107
1947.26 -0.00187
1947.38 -0.0025
1947.5 -0.00275
1947.62 -0.00277
1947.74 -0.00279
1947.86 -0.00279
1947.98 -0.00262
1948.1 -0.00224
1948.22 -0.00181
1948.34 -0.00148
1948.46 -0.00131
1948.58 -0.0013
1948.7 -0.00149
1948.82 -0.00182
1948.94 -0.00213
1949.06 -0.00222
1949.18 -0.00206
1949.31 -0.00182
1949.43 -0.00168
1949.55 -0.00169
1949.67 -0.00176
1949.79 -0.0018
1949.91 -0.00183
1950.03 -0.00195
1950.15 -0.00214
1950.27 -0.00226
1950.39 -0.00221
1950.51 -0.00209
1950.63 -0.00215
1950.75 -0.00246
1950.87 -0.00279
1950.99 -0.00289
1951.11 -0.00277
1951.23 -0.00267
1951.35 -0.00276
1951.47 -0.0029
1951.6 -0.00291
1951.72 -0.0028
1951.84 -0.00278
1951.96 -0.00289
1952.08 -0.00293
1952.2 -0.0027
1952.32 -0.00228
1952.44 -0.00199
1952.56 -0.00199
1952.68 -0.0021
1952.8 -0.00201
1952.92 -0.00164
1953.04 -0.00126
1953.16 -0.0012
1953.28 -0.00155
1953.4 -0.00206
1953.52 -0.00233
1953.64 -0.00223
1953.77 -0.00192
1953.89 -0.00162
1954.01 -0.00137
1954.13 -0.00104
1954.25 -6.35099E-4
1954.37 -4.04477E-4
1954.49 -5.61822E-4
1954.61 -0.00102
1954.73 -0.00148
1954.85 -0.00184
1954.97 -0.00219
1955.09 -0.00255
1955.21 -0.00273
1955.33 -0.00255
1955.45 -0.00213
1955.57 -0.0018
1955.69 -0.00169
1955.81 -0.00159
1955.94 -0.00128
1956.06 -8.24433E-4
1956.18 -4.83025E-4
1956.3 -4.61273E-4
1956.42 -7.63487E-4
1956.54 -0.00124
1956.66 -0.00166
1956.78 -0.0018
1956.9 -0.00161
1957.02 -0.00132
1957.14 -0.0013
1957.26 -0.00176
1957.38 -0.00255
1957.5 -0.00331
1957.62 -0.0037
1957.74 -0.00353
1957.86 -0.00287
1957.98 -0.00204
1958.11 -0.00148
1958.23 -0.00143
1958.35 -0.00171
1958.47 -0.002
1958.59 -0.00209
1958.71 -0.00201
1958.83 -0.00184
1958.95 -0.00161
1959.07 -0.0014
1959.19 -0.00135
1959.31 -0.00151
1959.43 -0.00173
1959.55 -0.00187
1959.67 -0.00193
1959.79 -0.00194
1959.91 -0.00182
1960.03 -0.00152
1960.15 -0.00123
1960.28 -0.00122
1960.4 -0.00153
1960.52 -0.00182
1960.64 -0.00178
1960.76 -0.00149
1960.88 -0.00132
1961 -0.00145
1961.12 -0.00177
1961.24 -0.00206
1961.36 -0.00226
1961.48 -0.00243
1961.6 -0.00257
1961.72 -0.0026
1961.84 -0.00245
1961.96 -0.00214
1962.08 -0.00181
1962.2 -0.00166
1962.32 -0.00177
1962.45 -0.00202
1962.57 -0.0021
1962.69 -0.00188
1962.81 -0.00155
1962.93 -0.00149
1963.05 -0.00181
1963.17 -0.00223
1963.29 -0.00238
1963.41 -0.00216
1963.53 -0.00179
1963.65 -0.00147
1963.77 -0.00128
1963.89 -0.00116
1964.01 -0.00112
1964.13 -0.00119
1964.25 -0.00125
1964.37 -0.00118
1964.49 -0.00101
1964.61 -9.57381E-4
1964.74 -0.0012
1964.86 -0.00164
1964.98 -0.00203
1965.1 -0.00221
1965.22 -0.00222
1965.34 -0.00217
1965.46 -0.00213
1965.58 -0.00209
1965.7 -0.00201
1965.82 -0.00192
1965.94 -0.00187
1966.06 -0.00191
1966.18 -0.00204
1966.3 -0.00211
1966.42 -0.00199
1966.54 -0.00178
1966.66 -0.00174
1966.78 -0.00196
1966.91 -0.00218
1967.03 -0.00207
1967.15 -0.00163
1967.27 -0.00121
1967.39 -0.0011
1967.51 -0.00125
1967.63 -0.00147
1967.75 -0.00175
1967.87 -0.00222
1967.99 -0.00279
1968.11 -0.00319
1968.23 -0.00326
1968.35 -0.00309
1968.47 -0.00289
1968.59 -0.00264
1968.71 -0.00229
1968.83 -0.00189
1968.95 -0.00171
1969.08 -0.00186
1969.2 -0.00215
1969.32 -0.00235
1969.44 -0.00238
1969.56 -0.00235
1969.68 -0.0023
1969.8 -0.00213
1969.92 -0.00183
1970.04 -0.0016
1970.16 -0.00158
1970.28 -0.00165
1970.4 -0.00151
1970.52 -0.00116
1970.64 -9.84326E-4
1970.76 -0.0013
1970.88 -0.00196
1971 -0.00241
1971.12 -0.00229
1971.25 -0.00179
1971.37 -0.00144
1971.49 -0.00148
1971.61 -0.00165
1971.73 -0.00161
1971.85 -0.00139
1971.97 -0.00136
1972.09 -0.00176
1972.21 -0.00235
1972.33 -0.00269
1972.45 -0.00262
1972.57 -0.00238
1972.69 -0.00221
1972.81 -0.00216
1972.93 -0.00219
1973.05 -0.00232
1973.17 -0.00261
1973.29 -0.0029
1973.42 -0.00296
1973.54 -0.00279
1973.66 -0.00258
1973.78 -0.00249
1973.9 -0.00246
1974.02 -0.0024
1974.14 -0.00227
1974.26 -0.00214
1974.38 -0.00204
1974.5 -0.00203
1974.62 -0.00218
1974.74 -0.00243
1974.86 -0.00254
1974.98 -0.00237
1975.1 -0.00209
1975.22 -0.0021
1975.34 -0.00256
1975.46 -0.00316
1975.59 -0.00343
1975.71 -0.00326
1975.83 -0.0029
1975.95 -0.00267
1976.07 -0.00266
1976.19 -0.0027
1976.31 -0.00261
1976.43 -0.00239
1976.55 -0.0022
1976.67 -0.00213
1976.79 -0.00211
1976.91 -0.00195
1977.03 -0.00166
1977.15 -0.00143
1977.27 -0.00146
1977.39 -0.00163
1977.51 -0.00162
1977.63 -0.00133
1977.76 -0.00104
1977.88 -0.00117
1978 -0.00172
1978.12 -0.00219
1978.24 -0.0021
1978.36 -0.00159
1978.48 -0.00124
1978.6 -0.00145
1978.72 -0.00196
1978.84 -0.00213
1978.96 -0.00177
1979.08 -0.00133
1979.2 -0.00136
1979.32 -0.00188
1979.44 -0.00238
1979.56 -0.00242
1979.68 -0.00206
1979.8 -0.00167
1979.92 -0.00141
1980.05 -0.00111
1980.17 -6.73629E-4
1980.29 -2.74476E-4
1980.41 -2.32805E-4
1980.53 -6.03378E-4
1980.65 -0.00111
1980.77 -0.00143
1980.89 -0.00152
1981.01 -0.00149
1981.13 -0.00139
1981.25 -0.00119
1981.37 -9.87861E-4
1981.49 -0.00103
1981.61 -0.00144
1981.73 -0.00199
1981.85 -0.0023
1981.97 -0.00218
1982.09 -0.00184
1982.22 -0.00163
1982.34 -0.00175
1982.46 -0.00208
1982.58 -0.00239
1982.7 -0.00261
1982.82 -0.00279
1982.94 -0.00298
1983.06 -0.00307
1983.18 -0.00292
1983.3 -0.00258
1983.42 -0.00224
1983.54 -0.00197
1983.66 -0.00171
1983.78 -0.00141
1983.9 -0.00123
1984.02 -0.00136
1984.14 -0.00168
1984.26 -0.00186
1984.39 -0.00181
1984.51 -0.00179
1984.63 -0.00198
1984.75 -0.00215
1984.87 -0.002
1984.99 -0.00153
1985.11 -0.00111
1985.23 -0.00102
1985.35 -0.00119
1985.47 -0.00141
1985.59 -0.00159
1985.71 -0.00171
1985.83 -0.00175
1985.95 -0.0017
1986.07 -0.00167
1986.19 -0.00178
1986.31 -0.00204
1986.43 -0.00229
1986.56 -0.00238
1986.68 -0.00232
1986.8 -0.00221
1986.92 -0.00215
1987.04 -0.00212
1987.16 -0.002
1987.28 -0.00178
1987.4 -0.00157
1987.52 -0.00154
1987.64 -0.0016
1987.76 -0.00145
1987.88 -9.90082E-4
1988 -5.41922E-4
1988.12 -5.2521E-4
1988.24 -9.35152E-4
1988.36 -0.00133
1988.48 -0.00136
1988.6 -0.00118
1988.73 -0.00119
1988.85 -0.00159
1988.97 -0.00219
1989.09 -0.00272
1989.21 -0.00299
1989.33 -0.00295
1989.45 -0.00266
1989.57 -0.0023
1989.69 -0.00203
1989.81 -0.00192
1989.93 -0.00186
1990.05 -0.00173
1990.17 -0.00152
1990.29 -0.00133
1990.41 -0.00128
1990.53 -0.00147
1990.65 -0.00182
1990.77 -0.00207
1990.9 -0.00196
1991.02 -0.0015
1991.14 -0.00112
1991.26 -0.00123
1991.38 -0.00181
1991.5 -0.00233
1991.62 -0.00232
1991.74 -0.00187
1991.86 -0.0015
1991.98 -0.00162
1992.1 -0.00214
1992.22 -0.00257
1992.34 -0.00257
1992.46 -0.00226
1992.58 -0.002
1992.7 -0.00193
1992.82 -0.00186
1992.94 -0.00168
1993.06 -0.00161
1993.19 -0.00205
1993.31 -0.00295
1993.43 -0.0037
1993.55 -0.00367
1993.67 -0.00289
1993.79 -0.00202
1993.91 -0.00171
1994.03 -0.002
1994.15 -0.0024
1994.27 -0.00245
1994.39 -0.00212
1994.51 -0.00174
1994.63 -0.00165
1994.75 -0.00194
1994.87 -0.00234
1994.99 -0.00242
1995.11 -0.002
1995.23 -0.00134
1995.36 -0.00102
1995.48 -0.00141
1995.6 -0.00231
1995.72 -0.00316
1995.84 -0.00364
1995.96 -0.00377
1996.08 -0.00367
1996.2 -0.00325
1996.32 -0.00244
1996.44 -0.00153
1996.56 -0.00102
1996.68 -0.00112
1996.8 -0.00147
1996.92 -0.00159
1997.04 -0.00138
1997.16 -0.00122
1997.28 -0.00147
1997.4 -0.00198
1997.53 -0.00229
1997.65 -0.00217
1997.77 -0.00178
1997.89 -0.00147
1998.01 -0.00135
1998.13 -0.00133
1998.25 -0.00139
1998.37 -0.00167
1998.49 -0.00212
1998.61 -0.00238
1998.73 -0.00211
1998.85 -0.00152
1998.97 -0.0012
1999.09 -0.0015
1999.21 -0.00207
1999.33 -0.00233
1999.45 -0.00214
1999.57 -0.00186
1999.7 -0.00177
1999.82 -0.00175
1999.94 -0.00158
2000.06 -0.00138
2000.18 -0.00143
2000.3 -0.00174
2000.42 -0.00199
2000.54 -0.00191
2000.66 -0.00167
2000.78 -0.00161
2000.9 -0.0018
2001.02 -0.00194
2001.14 -0.00181
2001.26 -0.00157
2001.38 -0.00156
2001.5 -0.00178
2001.62 -0.00184
2001.74 -0.00152
2001.87 -0.00119
2001.99 -0.00136
2002.11 -0.00199
2002.23 -0.0024
2002.35 -0.00208
2002.47 -0.00142
2002.59 -0.00123
2002.71 -0.00182
2002.83 -0.00263
2002.95 -0.00292
2003.07 -0.00251
2003.19 -0.00181
2003.31 -0.00127
2003.43 -9.70423E-4
2003.55 -8.38045E-4
2003.67 -8.9613E-4
2003.79 -0.00123
2003.91 -0.00173
2004.04 -0.0021
2004.16 -0.00208
2004.28 -0.00177
2004.4 -0.00152
2004.52 -0.00161
2004.64 -0.00201
2004.76 -0.00248
2004.88 -0.00276
2005 -0.00276
2005.12 -0.00251
2005.24 -0.00211
2005.36 -0.00172
2005.48 -0.00148
2005.6 -0.00143
2005.72 -0.00149
2005.84 -0.00154
2005.96 -0.00152
2006.08 -0.00151
2006.2 -0.00158
2006.33 -0.00178
2006.45 -0.00202
2006.57 -0.00216
2006.69 -0.00208
2006.81 -0.00183
2006.93 -0.00159
2007.05 -0.00156
2007.17 -0.00169
2007.29 -0.00177
2007.41 -0.00161
2007.53 -0.00118
2007.65 -7.10871E-4
2007.77 -4.36153E-4
2007.89 -4.4129E-4
2008.01 -5.93822E-4
2008.13 -7.09113E-4
2008.25 -7.37462E-4
2008.37 -7.58205E-4
2008.5 -8.2241E-4
2008.62 -8.97128E-4
2008.74 -9.86997E-4
2008.86 -0.0012
2008.98 -0.00158
2009.1 -0.00199
2009.22 -0.00218
2009.34 -0.00208
2009.46 -0.00181
2009.58 -0.00155
2009.7 -0.00142
2009.82 -0.00152
2009.94 -0.00193
2010.06 -0.00252
2010.18 -0.00293
2010.3 -0.00289
2010.42 -0.0025
2010.54 -0.00214
2010.67 -0.00209
2010.79 -0.00231
2010.91 -0.00257
2011.03 -0.00272
2011.15 -0.00279
2011.27 -0.00283
2011.39 -0.00281
2011.51 -0.00271
2011.63 -0.0025
2011.75 -0.00216
2011.87 -0.00172
2011.99 -0.00127
2012.11 -9.90953E-4
2012.23 -0.00103
2012.35 -0.0013
2012.47 -0.00154
2012.59 -0.00156
2012.71 -0.00144
2012.84 -0.00148
2012.96 -0.00186
2013.08 -0.00242
2013.2 -0.00285
2013.32 -0.00296
2013.44 -0.00284
2013.56 -0.00275
2013.68 -0.00287
2013.8 -0.00315
2013.92 -0.00336
2014.04 -0.00331
2014.16 -0.00299
2014.28 -0.00252
2014.4 -0.00201
2014.52 -0.0014
2014.64 -7.26931E-4
2014.76 -1.74843E-4
2014.88 3.80389E-5
2015.01 -9.06512E-5
2015.13 -3.65239E-4
2015.25 -6.84205E-4
2015.37 -0.00114
2015.49 -0.00177
2015.61 -0.00229
2015.73 -0.00234
2015.85 -0.00191
2015.97 -0.00146
2016.09 -0.00144
2016.21 -0.0018
2016.33 -0.00212
2016.45 -0.00212
2016.57 -0.00191
2016.69 -0.00178
2016.81 -0.00183
2016.93 -0.00195
2017.05 -0.00202
2017.18 -0.00202
2017.3 -0.00189
2017.42 -0.00165
2017.54 -0.00148
2017.66 -0.00167
2017.78 -0.00219
2017.9 -0.00262
2018.02 -0.00255
2018.14 -0.00209
2018.26 -0.00172
2018.38 -0.00175
2018.5 -0.00196
2018.62 -0.00191
2018.74 -0.00144
2018.86 -7.1238E-4
2018.98 -9.98378E-6
2019.1 4.7249E-4
2019.22 6.47631E-4
2019.34 5.13617E-4
2019.47 1.4298E-4
2019.59 -3.66252E-4
2019.71 -9.4172E-4
2019.83 -0.0015
2019.95 -0.00189
2020.07 -0.00194
2020.19 -0.00166
2020.31 -0.0013
2020.43 -0.00115
2020.55 -0.00132
2020.67 -0.00168
2020.79 -0.00203
2020.91 -0.0022
2021.03 -0.00219
2021.15 -0.0021
2021.27 -0.00209
2021.39 -0.00222
2021.51 -0.0024
2021.64 -0.00246
2021.76 -0.0023
2021.88 -0.00209
2022 -0.00212
2022.12 -0.00253
2022.24 -0.00318
2022.36 -0.0037
2022.48 -0.00381
2022.6 -0.00354
2022.72 -0.00309
2022.84 -0.00269
2022.96 -0.0025
2023.08 -0.00256
2023.2 -0.00277
2023.32 -0.00289
2023.44 -0.00266
2023.56 -0.00204
2023.68 -0.0013
2023.81 -8.21851E-4
2023.93 -8.03053E-4
2024.05 -0.00119
2024.17 -0.00178
2024.29 -0.0024
2024.41 -0.00291
2024.53 -0.0032
2024.65 -0.00318
2024.77 -0.00285
2024.89 -0.00233
2025.01 -0.00187
2025.13 -0.00175
2025.25 -0.00206
2025.37 -0.00257
2025.49 -0.00285
2025.61 -0.00264
2025.73 -0.0021
2025.85 -0.00159
2025.98 -0.00132
2026.1 -0.00119
2026.22 -0.00103
2026.34 -8.47019E-4
2026.46 -8.04953E-4
2026.58 -0.00101
2026.7 -0.00136
2026.82 -0.00168
2026.94 -0.00186
2027.06 -0.00193
2027.18 -0.00201
2027.3 -0.00218
2027.42 -0.00245
2027.54 -0.00266
2027.66 -0.00258
2027.78 -0.0021
2027.9 -0.00145
2028.02 -0.0011
2028.15 -0.00136
2028.27 -0.00209
2028.39 -0.00285
2028.51 -0.00324
2028.63 -0.00321
2028.75 -0.00291
2028.87 -0.00253
2028.99 -0.00223
2029.11 -0.00217
2029.23 -0.00232
2029.35 -0.00245
2029.47 -0.00225
2029.59 -0.00172
2029.71 -0.00112
2029.83 -7.33547E-4
2029.95 -5.70595E-4
2030.07 -5.48277E-4
2030.19 -7.02683E-4
2030.32 -0.00112
2030.44 -0.00164
2030.56 -0.00188
2030.68 -0.00161
2030.8 -0.00107
2030.92 -7.46086E-4
2031.04 -9.17114E-4
2031.16 -0.00141
2031.28 -0.00191
2031.4 -0.00224
2031.52 -0.00243
2031.64 -0.0025
2031.76 -0.00243
2031.88 -0.00225
2032 -0.00212
2032.12 -0.00211
2032.24 -0.00215
2032.36 -0.00211
2032.48 -0.00201
2032.61 -0.00197
2032.73 -0.002
2032.85 -0.00191
2032.97 -0.00156
2033.09 -0.00107
2033.21 -7.94854E-4
2033.33 -9.16019E-4
2033.45 -0.00128
2033.57 -0.00158
2033.69 -0.00166
2033.81 -0.00161
2033.93 -0.00157
2034.05 -0.00156
2034.17 -0.00152
2034.29 -0.0015
2034.41 -0.00157
2034.53 -0.00166
2034.65 -0.00164
2034.78 -0.00154
2034.9 -0.00159
2035.02 -0.00188
2035.14 -0.00213
2035.26 -0.00191
2035.38 -0.00126
2035.5 -7.63018E-4
2035.62 -9.42271E-4
2035.74 -0.00169
2035.86 -0.00238
2035.98 -0.00251
2036.1 -0.00211
2036.22 -0.00151
2036.34 -0.00104
2036.46 -9.14782E-4
2036.58 -0.0012
2036.7 -0.00179
2036.82 -0.00232
2036.95 -0.00243
2037.07 -0.00219
2037.19 -0.00206
2037.31 -0.00239
2037.43 -0.00302
2037.55 -0.00346
2037.67 -0.00349
2037.79 -0.00325
2037.91 -0.00297
2038.03 -0.00272
2038.15 -0.00245
2038.27 -0.00222
2038.39 -0.00211
2038.51 -0.00198
2038.63 -0.00164
2038.75 -0.00122
2038.87 -0.00104
2038.99 -0.00123
2039.12 -0.0015
2039.24 -0.00152
2039.36 -0.00145
2039.48 -0.00167
2039.6 -0.0022
2039.72 -0.00257
2039.84 -0.00236
2039.96 -0.00175
2040.08 -0.00132
2040.2 -0.00148
2040.32 -0.00206
2040.44 -0.0026
2040.56 -0.00278
2040.68 -0.00264
2040.8 -0.00245
2040.92 -0.0024
2041.04 -0.00238
2041.16 -0.00216
2041.29 -0.00174
2041.41 -0.00139
2041.53 -0.00138
2041.65 -0.00161
2041.77 -0.00177
2041.89 -0.00166
2042.01 -0.00134
2042.13 -0.001
2042.25 -8.04622E-4
2042.37 -8.20301E-4
2042.49 -0.00102
2042.61 -0.00125
2042.73 -0.00137
2042.85 -0.00142
2042.97 -0.00154
2043.09 -0.00172
2043.21 -0.00166
2043.33 -0.00118
2043.46 -6.14475E-4
2043.58 -5.12719E-4
2043.7 -0.00103
2043.82 -0.00167
2043.94 -0.00179
2044.06 -0.00126
2044.18 -5.04311E-4
2044.3 -5.83865E-5
2044.42 -1.24693E-4
2044.54 -5.72942E-4
2044.66 -0.00117
2044.78 -0.00175
2044.9 -0.00214
2045.02 -0.00224
2045.14 -0.00208
2045.26 -0.00188
2045.38 -0.00195
2045.5 -0.00231
2045.63 -0.00259
2045.75 -0.00235
2045.87 -0.00156
2045.99 -7.87552E-4
2046.11 -6.89358E-4
2046.23 -0.00132
2046.35 -0.00204
2046.47 -0.00217
2046.59 -0.00168
2046.71 -0.00117
2046.83 -0.00115
2046.95 -0.00155
2047.07 -0.00195
2047.19 -0.00221
2047.31 -0.00251
2047.43 -0.00296
2047.55 -0.0033
2047.67 -0.00323
2047.8 -0.00283
2047.92 -0.00236
2048.04 -0.00199
2048.16 -0.00167
2048.28 -0.00145
2048.4 -0.00148
2048.52 -0.00177
2048.64 -0.00209
2048.76 -0.00224
2048.88 -0.00235
2049 -0.00254
2049.12 -0.00268
2049.24 -0.00247
2049.36 -0.0019
2049.48 -0.0013
2049.6 -0.00103
2049.72 -0.00108
2049.84 -0.00118
2049.96 -0.0011
2050.09 -9.32623E-4
2050.21 -9.67532E-4
2050.33 -0.00142
2050.45 -0.00213
2050.57 -0.00264
2050.69 -0.0026
2050.81 -0.00214
2050.93 -0.00173
2051.05 -0.0017
2051.17 -0.00198
2051.29 -0.0023
2051.41 -0.00245
2051.53 -0.00241
2051.65 -0.00225
2051.77 -0.00211
2051.89 -0.00207
2052.01 -0.00213
2052.13 -0.00214
2052.26 -0.00203
2052.38 -0.00198
2052.5 -0.00213
2052.62 -0.00245
2052.74 -0.00271
2052.86 -0.00274
2052.98 -0.00256
2053.1 -0.00231
2053.22 -0.00217
2053.34 -0.00224
2053.46 -0.00245
2053.58 -0.00252
2053.7 -0.00226
2053.82 -0.00185
2053.94 -0.00178
2054.06 -0.00227
2054.18 -0.00301
2054.3 -0.00351
2054.43 -0.00357
2054.55 -0.00328
2054.67 -0.00278
2054.79 -0.00213
2054.91 -0.00154
2055.03 -0.00124
2055.15 -0.0013
2055.27 -0.00144
2055.39 -0.00142
2055.51 -0.00128
2055.63 -0.00116
2055.75 -0.0011
2055.87 -0.00102
2055.99 -0.00108
2056.11 -0.00153
2056.23 -0.00232
2056.35 -0.00295
2056.47 -0.00288
2056.6 -0.00216
2056.72 -0.00137
2056.84 -0.00109
2056.96 -0.0014
2057.08 -0.00198
2057.2 -0.0025
2057.32 -0.00282
2057.44 -0.00294
2057.56 -0.00281
2057.68 -0.00255
2057.8 -0.0024
2057.92 -0.00253
2058.04 -0.00281
2058.16 -0.00291
2058.28 -0.00264
2058.4 -0.00218
2058.52 -0.00192
2058.64 -0.00206
2058.77 -0.00247
2058.89 -0.00278
2059.01 -0.00263
2059.13 -0.00202
2059.25 -0.00126
2059.37 -7.7568E-4
2059.49 -7.07284E-4
2059.61 -8.68119E-4
2059.73 -0.00102
2059.85 -0.00111
2059.97 -0.00126
2060.09 -0.00146
2060.21 -0.0016
2060.33 -0.00162
2060.45 -0.00165
2060.57 -0.00185
2060.69 -0.00219
2060.81 -0.00243
2060.94 -0.00239
2061.06 -0.00221
2061.18 -0.00221
2061.3 -0.00254
2061.42 -0.0029
2061.54 -0.0029
2061.66 -0.00256
2061.78 -0.0023
2061.9 -0.00237
2062.02 -0.00253
2062.14 -0.00242
2062.26 -0.00208
2062.38 -0.0019
2062.5 -0.00206
2062.62 -0.00229
2062.74 -0.00229
2062.86 -0.00208
2062.98 -0.00189
2063.1 -0.00179
2063.23 -0.00166
2063.35 -0.00146
2063.47 -0.00124
2063.59 -0.00108
2063.71 -9.85947E-4
2063.83 -9.8801E-4
2063.95 -0.00111
2064.07 -0.0013
2064.19 -0.0015
2064.31 -0.00177
2064.43 -0.00216
2064.55 -0.00257
2064.67 -0.00274
2064.79 -0.00255
2064.91 -0.00221
2065.03 -0.00205
2065.15 -0.00218
2065.27 -0.00232
2065.4 -0.00217
2065.52 -0.00168
2065.64 -0.00116
2065.76 -9.80716E-4
2065.88 -0.00125
2066 -0.00173
2066.12 -0.00196
2066.24 -0.00163
2066.36 -7.63111E-4
2066.48 1.4504E-4
2066.6 2.72725E-4
2066.72 -9.31252E-4
2066.84 -0.00308
2066.96 -0.00486
2067.08 -0.00507
2067.2 -0.00375
2067.32 -0.00212
2067.44 -0.00131
2067.57 -0.00138
2067.69 -0.00163
2067.81 -0.00159
2067.93 -0.00144
2068.05 -0.00147
2068.17 -0.00163
2068.29 -0.00161
2068.41 -0.00135
2068.53 -0.00103
2068.65 -8.15045E-4
2068.77 -6.6527E-4
2068.89 -5.31118E-4
2069.01 -5.37969E-4
2069.13 -8.6423E-4
2069.25 -0.00146
2069.37 -0.002
2069.49 -0.00215
2069.61 -0.00191
2069.74 -0.00155
2069.86 -0.00138
2069.98 -0.00143
2070.1 -0.00154
2070.22 -0.0016
2070.34 -0.00164
2070.46 -0.00176
2070.58 -0.00191
2070.7 -0.00196
2070.82 -0.00188
2070.94 -0.00185
2071.06 -0.00205
2071.18 -0.00243
2071.3 -0.00266
2071.42 -0.00256
2071.54 -0.00223
2071.66 -0.00197
2071.78 -0.00191
2071.91 -0.00192
2072.03 -0.00188
2072.15 -0.00183
2072.27 -0.00182
2072.39 -0.00183
2072.51 -0.00182
2072.63 -0.00183
2072.75 -0.00193
2072.87 -0.00196
2072.99 -0.00172
2073.11 -0.00137
2073.23 -0.00131
2073.35 -0.00179
2073.47 -0.00249
2073.59 -0.00289
2073.71 -0.00281
2073.83 -0.00252
2073.95 -0.00236
2074.07 -0.00234
2074.2 -0.00229
2074.32 -0.00213
2074.44 -0.0019
2074.56 -0.00168
2074.68 -0.00153
2074.8 -0.00152
2074.92 -0.00174
2075.04 -0.00215
2075.16 -0.0026
2075.28 -0.00289
2075.4 -0.00288
2075.52 -0.00247
2075.64 -0.00169
2075.76 -8.76352E-4
2075.88 -5.59796E-4
2076 -9.84389E-4
2076.12 -0.00171
2076.24 -0.00194
2076.37 -0.0014
2076.49 -6.50708E-4
2076.61 -4.95341E-4
2076.73 -0.00111
2076.85 -0.00192
2076.97 -0.00231
2077.09 -0.00222
2077.21 -0.00202
2077.33 -0.00199
2077.45 -0.00212
2077.57 -0.00225
2077.69 -0.0022
2077.81 -0.00192
2077.93 -0.00149
2078.05 -0.00108
2078.17 -9.3966E-4
2078.29 -0.00116
2078.41 -0.0016
2078.54 -0.00201
2078.66 -0.00224
2078.78 -0.00223
2078.9 -0.00204
2079.02 -0.0017
2079.14 -0.00134
2079.26 -0.00115
2079.38 -0.00127
2079.5 -0.00162
2079.62 -0.00191
2079.74 -0.00193
2079.86 -0.00174
2079.98 -0.00157
2080.1 -0.00156
2080.22 -0.00167
2080.34 -0.00176
2080.46 -0.00176
2080.58 -0.00167
2080.71 -0.00153
2080.83 -0.00146
2080.95 -0.00163
2081.07 -0.0021
2081.19 -0.00267
2081.31 -0.00296
2081.43 -0.00279
2081.55 -0.00231
2081.67 -0.00191
2081.79 -0.00181
2081.91 -0.00192
2082.03 -0.00194
2082.15 -0.0018
2082.27 -0.0017
2082.39 -0.00189
2082.51 -0.00231
2082.63 -0.00268
2082.75 -0.0028
2082.88 -0.00271
2083 -0.00252
2083.12 -0.00219
2083.24 -0.00173
2083.36 -0.00136
2083.48 -0.00132
2083.6 -0.0016
2083.72 -0.00193
2083.84 -0.00207
2083.96 -0.00202
2084.08 -0.00188
2084.2 -0.00172
2084.32 -0.00165
2084.44 -0.00176
2084.56 -0.00197
2084.68 -0.002
2084.8 -0.00174
2084.92 -0.00144
2085.05 -0.00148
2085.17 -0.00187
2085.29 -0.00223
2085.41 -0.00222
2085.53 -0.00189
2085.65 -0.00158
2085.77 -0.00154
2085.89 -0.00179
2086.01 -0.00216
2086.13 -0.00244
2086.25 -0.00247
2086.37 -0.00225
2086.49 -0.00198
2086.61 -0.00185
2086.73 -0.00188
2086.85 -0.00191
2086.97 -0.00188
2087.09 -0.00178
2087.22 -0.00158
2087.34 -0.00119
2087.46 -6.89164E-4
2087.58 -4.28077E-4
2087.7 -7.0003E-4
2087.82 -0.00139
2087.94 -0.00206
2088.06 -0.00237
2088.18 -0.0024
2088.3 -0.00238
2088.42 -0.00242
2088.54 -0.00244
2088.66 -0.00233
2088.78 -0.00199
2088.9 -0.00141
2089.02 -7.26059E-4
2089.14 -2.90852E-4
2089.26 -4.17907E-4
2089.39 -0.00102
2089.51 -0.00165
2089.63 -0.00193
2089.75 -0.00191
2089.87 -0.00179
2089.99 -0.00159
2090.11 -0.00119
2090.23 -6.73328E-4
2090.35 -5.02415E-4
2090.47 -0.00102
2090.59 -0.00198
2090.71 -0.00272
2090.83 -0.00277
2090.95 -0.00233
2091.07 -0.002
2091.19 -0.0021
2091.31 -0.00247
2091.43 -0.0027
2091.55 -0.00262
2091.68 -0.00237
2091.8 -0.00205
2091.92 -0.00165
2092.04 -0.00124
2092.16 -0.00108
2092.28 -0.00132
2092.4 -0.00177
2092.52 -0.00203
2092.64 -0.00194
2092.76 -0.00167
2092.88 -0.00149
2093 -0.00149
2093.12 -0.00161
2093.24 -0.00181
2093.36 -0.00209
2093.48 -0.00237
2093.6 -0.00256
2093.72 -0.00268
2093.85 -0.0028
2093.97 -0.00295
2094.09 -0.00296
2094.21 -0.00268
2094.33 -0.0021
2094.45 -0.00147
2094.57 -0.00107
2094.69 -0.00108
2094.81 -0.00141
2094.93 -0.00181
2095.05 -0.00205
2095.17 -0.00209
2095.29 -0.002
2095.41 -0.00183
2095.53 -0.00166
2095.65 -0.00163
2095.77 -0.00181
2095.89 -0.00211
2096.02 -0.00224
2096.14 -0.00209
2096.26 -0.0018
2096.38 -0.00165
2096.5 -0.00163
2096.62 -0.00156
2096.74 -0.00131
2096.86 -0.00106
2096.98 -0.00106
2097.1 -0.00132
2097.22 -0.00158
2097.34 -0.00173
2097.46 -0.00192
2097.58 -0.00237
2097.7 -0.00296
2097.82 -0.00326
2097.94 -0.00291
2098.06 -0.00201
2098.19 -0.00102
2098.31 -3.98103E-4
2098.43 -3.15983E-4
2098.55 -7.17271E-4
2098.67 -0.00138
2098.79 -0.00194
2098.91 -0.00205
2099.03 -0.00171
2099.15 -0.00134
2099.27 -0.00147
2099.39 -0.00216
2099.51 -0.00289
2099.63 -0.00311
2099.75 -0.00272
2099.87 -0.00204
2099.99 -0.00145
2100.11 -0.00115
2100.23 -0.0012
2100.35 -0.00154
2100.48 -0.00189
2100.6 -0.00191
2100.72 -0.00157
2100.84 -0.00116
2100.96 -0.00104
2101.08 -0.0012
2101.2 -0.0014
2101.32 -0.00158
2101.44 -0.00188
2101.56 -0.00234
2101.68 -0.00268
2101.8 -0.00265
2101.92 -0.00235
2102.04 -0.00216
2102.16 -0.00219
2102.28 -0.00215
2102.4 -0.00177
2102.52 -0.00122
2102.65 -8.61201E-4
2102.77 -8.48878E-4
2102.89 -0.00102
2103.01 -0.00118
2103.13 -0.00133
2103.25 -0.0015
2103.37 -0.00167
2103.49 -0.00186
2103.61 -0.00214
2103.73 -0.00244
2103.85 -0.0025
2103.97 -0.00215
2104.09 -0.00164
2104.21 -0.00139
2104.33 -0.00155
2104.45 -0.00185
2104.57 -0.00198
2104.69 -0.00193
2104.82 -0.00191
2104.94 -0.00203
2105.06 -0.00222
2105.18 -0.00239
2105.3 -0.0025
2105.42 -0.0025
2105.54 -0.00239
2105.66 -0.00226
2105.78 -0.00222
2105.9 -0.0022
2106.02 -0.00201
2106.14 -0.00157
2106.26 -0.00109
2106.38 -8.57856E-4
2106.5 -0.00101
2106.62 -0.00144
2106.74 -0.0019
2106.86 -0.00218
2106.99 -0.00219
2107.11 -0.00195
2107.23 -0.00168
2107.35 -0.00166
2107.47 -0.00202
2107.59 -0.00265
2107.71 -0.00321
2107.83 -0.00334
2107.95 -0.00291
2108.07 -0.00213
2108.19 -0.00146
2108.31 -0.00126
2108.43 -0.00154
2108.55 -0.00203
2108.67 -0.00244
2108.79 -0.0027
2108.91 -0.00292
2109.03 -0.00317
2109.16 -0.00336
2109.28 -0.00334
2109.4 -0.00303
2109.52 -0.00248
2109.64 -0.00187
2109.76 -0.00135
2109.88 -9.94641E-4
2110 -8.8571E-4
2110.12 -0.00106
2110.24 -0.00144
2110.36 -0.00176
2110.48 -0.00179
2110.6 -0.00153
2110.72 -0.00128
2110.84 -0.00126
2110.96 -0.00139
2111.08 -0.0015
2111.2 -0.00162
2111.33 -0.00187
2111.45 -0.00221
2111.57 -0.00238
2111.69 -0.00225
2111.81 -0.00202
2111.93 -0.002
2112.05 -0.00219
2112.17 -0.00236
2112.29 -0.00239
2112.41 -0.00238
2112.53 -0.00244
2112.65 -0.00247
2112.77 -0.0023
2112.89 -0.00199
2113.01 -0.00172
2113.13 -0.00153
2113.25 -0.0013
2113.37 -9.63982E-4
2113.5 -6.85427E-4
2113.62 -6.87316E-4
2113.74 -0.001
2113.86 -0.00141
2113.98 -0.00165
2114.1 -0.00161
2114.22 -0.00137
2114.34 -0.00115
2114.46 -0.00109
2114.58 -0.00122
2114.7 -0.00144
2114.82 -0.00158
2114.94 -0.00155
2115.06 -0.00139
2115.18 -0.00122
2115.3 -0.00115
2115.42 -0.00121
2115.54 -0.00146
2115.67 -0.00192
2115.79 -0.00249
2115.91 -0.00295
2116.03 -0.00312
2116.15 -0.00305
2116.27 -0.0029
2116.39 -0.00276
2116.51 -0.00256
2116.63 -0.00227
2116.75 -0.00194
2116.87 -0.0017
2116.99 -0.00158
2117.11 -0.00156
2117.23 -0.00159
2117.35 -0.00163
2117.47 -0.00166
2117.59 -0.00169
2117.71 -0.00175
2117.83 -0.0019
2117.96 -0.00211
2118.08 -0.00229
2118.2 -0.00237
2118.32 -0.00227
2118.44 -0.00198
2118.56 -0.00163
2118.68 -0.00148
2118.8 -0.00168
2118.92 -0.00207
2119.04 -0.00234
2119.16 -0.00231
2119.28 -0.00212
2119.4 -0.00194
2119.52 -0.00183
2119.64 -0.0017
2119.76 -0.00159
2119.88 -0.00167
2120 -0.00204
2120.13 -0.00253
2120.25 -0.00281
2120.37 -0.00265
2120.49 -0.00214
2120.61 -0.00164
2120.73 -0.00147
2120.85 -0.00158
2120.97 -0.00169
2121.09 -0.00163
2121.21 -0.00151
2121.33 -0.00153
2121.45 -0.00165
2121.57 -0.00167
2121.69 -0.00154
2121.81 -0.00143
2121.93 -0.00157
2122.05 -0.00197
2122.17 -0.00229
2122.3 -0.00212
2122.42 -0.00136
2122.54 -4.02443E-4
2122.66 3.92981E-5
2122.78 -4.03889E-4
2122.9 -0.00135
2123.02 -0.00198
2123.14 -0.00186
2123.26 -0.00127
2123.38 -7.72696E-4
2123.5 -6.11316E-4
2123.62 -6.04965E-4
2123.74 -5.9377E-4
2123.86 -6.73093E-4
2123.98 -9.84736E-4
2124.1 -0.00146
2124.22 -0.00189
2124.34 -0.00215
2124.47 -0.0023
2124.59 -0.00239
2124.71 -0.00237
2124.83 -0.00209
2124.95 -0.00148
2125.07 -7.52628E-4
2125.19 -3.25631E-4
2125.31 -5.05824E-4
2125.43 -0.00114
2125.55 -0.00169
2125.67 -0.00171
2125.79 -0.00129
2125.91 -8.78267E-4
2126.03 -8.21784E-4
2126.15 -0.00112
2126.27 -0.00152
2126.39 -0.00175
2126.51 -0.00168
2126.64 -0.00137
2126.76 -0.00103
2126.88 -9.38654E-4
2127 -0.00117
2127.12 -0.00152
2127.24 -0.00168
2127.36 -0.00154
2127.48 -0.00125
2127.6 -0.00105
2127.72 -0.00112
2127.84 -0.00139
2127.96 -0.00162
2128.08 -0.00159
2128.2 -0.00135
2128.32 -0.00119
2128.44 -0.00129
2128.56 -0.00148
2128.68 -0.00148
2128.81 -0.00121
2128.93 -9.36247E-4
2129.05 -8.6432E-4
2129.17 -9.30753E-4
2129.29 -9.50113E-4
2129.41 -8.85271E-4
2129.53 -8.36346E-4
2129.65 -8.40824E-4
2129.77 -8.21229E-4
2129.89 -7.17394E-4
2130.01 -5.76813E-4
2130.13 -5.14448E-4
2130.25 -6.42836E-4
2130.37 -0.00101
2130.49 -0.00149
2130.61 -0.00182
2130.73 -0.00178
2130.85 -0.00137
2130.98 -8.44147E-4
2131.1 -4.33188E-4
2131.22 -2.86777E-4
2131.34 -4.92644E-4
2131.46 -0.00103
2131.58 -0.00162
2131.7 -0.00182
2131.82 -0.00145
2131.94 -7.50605E-4
2132.06 -1.65895E-4
2132.18 9.93609E-5
2132.3 1.04629E-4
2132.42 -6.54161E-5
2132.54 -3.77342E-4
2132.66 -7.32493E-4
2132.78 -9.86397E-4
2132.9 -0.00113
2133.02 -0.00127
2133.14 -0.00138
2133.27 -0.00127
2133.39 -8.95776E-4
2133.51 -4.99941E-4
2133.63 -3.59517E-4
2133.75 -4.23793E-4
2133.87 -4.51516E-4
2133.99 -4.02879E-4
2134.11 -4.68627E-4
2134.23 -7.06356E-4
2134.35 -8.7354E-4
2134.47 -7.24327E-4
2134.59 -3.30899E-4
2134.71 9.6336E-6
2134.83 9.46783E-5
2134.95 -5.03957E-5
2135.07 -2.82217E-4
2135.19 -4.5149E-4
2135.31 -4.38642E-4
2135.44 -2.36217E-4
2135.56 -2.14092E-5
2135.68 -4.6514E-5
2135.8 -3.98975E-4
2135.92 -9.06158E-4
2136.04 -0.0013
2136.16 -0.00143
2136.28 -0.00131
2136.4 -0.00102
2136.52 -6.49948E-4
2136.64 -2.83398E-4
2136.76 -1.8958E-5
2136.88 1.03567E-4
2137 1.32177E-4
2137.12 1.6449E-4
2137.24 2.41052E-4
2137.36 2.79475E-4
2137.48 1.34032E-4
2137.61 -2.40427E-4
2137.73 -6.79437E-4
2137.85 -9.26085E-4
2137.97 -8.75242E-4
2138.09 -6.75991E-4
2138.21 -5.47048E-4
2138.33 -5.25683E-4
2138.45 -4.69826E-4
2138.57 -3.06021E-4
2138.69 -1.8397E-4
2138.81 -3.12939E-4
2138.93 -6.74438E-4
2139.05 -9.84393E-4
2139.17 -9.83194E-4
2139.29 -7.26551E-4
2139.41 -5.2866E-4
2139.53 -6.10661E-4
2139.65 -8.5862E-4
2139.78 -9.66746E-4
2139.9 -7.90142E-4
2140.02 -4.99971E-4
2140.14 -3.84912E-4
2140.26 -5.59006E-4
2140.38 -8.94893E-4
2140.5 -0.00119
2140.62 -0.00137
2140.74 -0.00149
2140.86 -0.00166
2140.98 -0.00197
2141.1 -0.00234
2141.22 -0.00259
2141.34 -0.0025
2141.46 -0.00201
2141.58 -0.00126
2141.7 -5.67418E-4
2141.82 -2.96745E-4
2141.95 -5.21284E-4
2142.07 -8.6353E-4
2142.19 -7.89925E-4
2142.31 -2.77404E-4
2142.43 -5.9668E-5
2142.55 -8.88407E-4
2142.67 -0.0025
2142.79 -0.00362
2142.91 -0.00326
2143.03 -0.00177
2143.15 -4.45414E-4
2143.27 -5.1856E-5
2143.39 -3.0997E-4
2143.51 -5.88957E-4
2143.63 -7.04233E-4
2143.75 -8.61738E-4
2143.87 -0.00117
2143.99 -0.00154
2144.11 -0.00182
2144.24 -0.00193
2144.36 -0.00173
2144.48 -0.00124
2144.6 -7.52926E-4
2144.72 -5.92064E-4
2144.84 -6.71338E-4
2144.96 -6.49299E-4
2145.08 -5.08696E-4
2145.2 -6.74639E-4
2145.32 -0.00139
2145.44 -0.00223
2145.56 -0.00256
2145.68 -0.00226
2145.8 -0.00185
2145.92 -0.00175
2146.04 -0.00182
2146.16 -0.00169
2146.28 -0.00134
2146.41 -0.0011
2146.53 -0.0012
2146.65 -0.00146
2146.77 -0.00157
2146.89 -0.00153
2147.01 -0.00158
2147.13 -0.00188
2147.25 -0.00227
2147.37 -0.00244
2147.49 -0.00231
2147.61 -0.0021
2147.73 -0.00202
2147.85 -0.00205
2147.97 -0.00202
2148.09 -0.00188
2148.21 -0.0018
2148.33 -0.00192
2148.45 -0.00216
2148.58 -0.00219
2148.7 -0.0019
2148.82 -0.00148
2148.94 -0.00123
2149.06 -0.00118
2149.18 -0.0011
2149.3 -9.62824E-4
2149.42 -0.00104
2149.54 -0.0015
2149.66 -0.00209
2149.78 -0.00236
2149.9 -0.00223
2150.02 -0.00202
2150.14 -0.00195
2150.26 -0.00188
2150.38 -0.00167
2150.5 -0.00147
2150.62 -0.00154
2150.75 -0.00186
2150.87 -0.00212
2150.99 -0.00213
2151.11 -0.00195
2151.23 -0.0017
2151.35 -0.00143
2151.47 -0.00122
2151.59 -0.00119
2151.71 -0.0014
2151.83 -0.00173
2151.95 -0.00203
2152.07 -0.00217
2152.19 -0.00205
2152.31 -0.00159
2152.43 -9.25962E-4
2152.55 -3.93152E-4
2152.67 -2.92271E-4
2152.79 -5.42171E-4
2152.92 -7.57169E-4
2153.04 -6.90799E-4
2153.16 -5.38606E-4
2153.28 -7.23191E-4
2153.4 -0.00138
2153.52 -0.00212
2153.64 -0.00237
2153.76 -0.00195
2153.88 -0.00122
2154 -7.09388E-4
2154.12 -5.51004E-4
2154.24 -5.16579E-4
2154.36 -4.16871E-4
2154.48 -3.08588E-4
2154.6 -2.77933E-4
2154.72 -2.50101E-4
2154.84 -1.60411E-4
2154.96 -1.69154E-4
2155.09 -4.94402E-4
2155.21 -0.00107
2155.33 -0.00154
2155.45 -0.00167
2155.57 -0.00154
2155.69 -0.00141
2155.81 -0.00145
2155.93 -0.0016
2156.05 -0.00172
2156.17 -0.00167
2156.29 -0.00143
2156.41 -0.00111
2156.53 -9.24833E-4
2156.65 -0.00105
2156.77 -0.00149
2156.89 -0.00205
2157.01 -0.00245
2157.13 -0.00246
2157.26 -0.00203
2157.38 -0.00141
2157.5 -9.73482E-4
2157.62 -9.51812E-4
2157.74 -0.00126
2157.86 -0.00163
2157.98 -0.00186
2158.1 -0.00194
2158.22 -0.00194
2158.34 -0.00183
2158.46 -0.00158
2158.58 -0.00123
2158.7 -9.25682E-4
2158.82 -8.34275E-4
2158.94 -9.67428E-4
2159.06 -0.00117
2159.18 -0.00129
2159.3 -0.0013
2159.43 -0.00132
2159.55 -0.00141
2159.67 -0.00143
2159.79 -0.00123
2159.91 -8.60944E-4
2160.03 -5.39042E-4
2160.15 -5.1954E-4
2160.27 -8.97422E-4
2160.39 -0.00156
2160.51 -0.00224
2160.63 -0.00264
2160.75 -0.00263
2160.87 -0.00235
2160.99 -0.002
2161.11 -0.00169
2161.23 -0.00143
2161.35 -0.00131
2161.47 -0.00148
2161.59 -0.00186
2161.72 -0.00208
2161.84 -0.00182
2161.96 -0.00119
2162.08 -5.17335E-4
2162.2 -4.38876E-5
2162.32 2.72468E-4
2162.44 4.91843E-4
2162.56 5.1916E-4
2162.68 2.28088E-4
2162.8 -3.58507E-4
2162.92 -0.00109
2163.04 -0.00179
2163.16 -0.00228
2163.28 -0.00235
2163.4 -0.00196
2163.52 -0.00136
2163.64 -9.54505E-4
2163.76 -9.77959E-4
2163.89 -0.00132
2164.01 -0.00165
2164.13 -0.00173
2164.25 -0.0015
2164.37 -0.00115
2164.49 -9.47986E-4
2164.61 -9.82516E-4
2164.73 -0.0011
2164.85 -0.00111
2164.97 -0.00102
2165.09 -9.945E-4
2165.21 -0.00112
2165.33 -0.00126
2165.45 -0.00131
2165.57 -0.00134
2165.69 -0.00142
2165.81 -0.00147
2165.93 -0.00144
2166.06 -0.00144
2166.18 -0.00163
2166.3 -0.00185
2166.42 -0.00186
2166.54 -0.00169
2166.66 -0.00165
2166.78 -0.00186
2166.9 -0.00194
2167.02 -0.00153
2167.14 -8.51199E-4
2167.26 -4.97781E-4
2167.38 -7.1457E-4
2167.5 -0.00115
2167.62 -0.00139
2167.74 -0.00144
2167.86 -0.00161
2167.98 -0.00196
2168.1 -0.00223
2168.23 -0.00219
2168.35 -0.00188
2168.47 -0.00147
2168.59 -0.00112
2168.71 -8.93865E-4
2168.83 -8.04678E-4
2168.95 -7.87314E-4
2169.07 -7.20628E-4
2169.19 -5.84811E-4
2169.31 -5.18225E-4
2169.43 -6.3714E-4
2169.55 -8.57934E-4
2169.67 -0.001
2169.79 -0.00103
2169.91 -0.00105
2170.03 -0.00106
2170.15 -0.00103
2170.27 -0.001
2170.4 -0.00121
2170.52 -0.00171
2170.64 -0.00218
2170.76 -0.00224
2170.88 -0.00188
2171 -0.00149
2171.12 -0.00137
2171.24 -0.00145
2171.36 -0.00147
2171.48 -0.00139
2171.6 -0.00134
2171.72 -0.00143
2171.84 -0.00159
2171.96 -0.00171
2172.08 -0.00169
2172.2 -0.00151
2172.32 -0.00127
2172.44 -0.00111
2172.56 -0.0011
2172.69 -0.00108
2172.81 -8.59547E-4
2172.93 -4.82392E-4
2173.05 -1.84897E-4
2173.17 -8.49552E-5
2173.29 -1.16583E-4
2173.41 -3.00542E-4
2173.53 -8.18886E-4
2173.65 -0.00164
2173.77 -0.0023
2173.89 -0.00229
2174.01 -0.0017
2174.13 -0.00111
2174.25 -9.02023E-4
2174.37 -9.09045E-4
2174.49 -8.80562E-4
2174.61 -8.65597E-4
2174.73 -0.00101
2174.86 -0.00118
2174.98 -0.00117
2175.1 -0.00105
2175.22 -0.00109
2175.34 -0.00133
2175.46 -0.00148
2175.58 -0.00137
2175.7 -0.00115
2175.82 -0.00107
2175.94 -0.00109
2176.06 -0.00115
2176.18 -0.00133
2176.3 -0.00175
2176.42 -0.00226
2176.54 -0.00251
2176.66 -0.00235
2176.78 -0.00195
2176.9 -0.00149
2177.03 -0.00106
2177.15 -7.66907E-4
2177.27 -8.12504E-4
2177.39 -0.00117
2177.51 -0.00151
2177.63 -0.00152
2177.75 -0.00129
2177.87 -0.00115
2177.99 -0.00131
2178.11 -0.00166
2178.23 -0.00201
2178.35 -0.00224
2178.47 -0.00226
2178.59 -0.00197
2178.71 -0.00144
2178.83 -0.00101
2178.95 -0.00101
2179.07 -0.00141
2179.2 -0.00183
2179.32 -0.00194
2179.44 -0.00177
2179.56 -0.00157
2179.68 -0.00148
2179.8 -0.00146
2179.92 -0.00146
2180.04 -0.00151
2180.16 -0.0016
2180.28 -0.00166
2180.4 -0.00167
2180.52 -0.00172
2180.64 -0.00183
2180.76 -0.00181
2180.88 -0.0014
2181 -7.31725E-4
2181.12 -2.93858E-4
2181.24 -4.60144E-4
2181.37 -0.00109
2181.49 -0.0017
2181.61 -0.00196
2181.73 -0.00191
2181.85 -0.00177
2181.97 -0.00171
2182.09 -0.00178
2182.21 -0.00192
2182.33 -0.00206
2182.45 -0.00214
2182.57 -0.00212
2182.69 -0.00201
2182.81 -0.00183
2182.93 -0.00165
2183.05 -0.00155
2183.17 -0.00155
2183.29 -0.00156
2183.41 -0.00152
2183.54 -0.00154
2183.66 -0.00175
2183.78 -0.00196
2183.9 -0.00177
2184.02 -0.00107
2184.14 -2.81285E-4
2184.26 5.83604E-5
2184.38 -1.35049E-4
2184.5 -5.10216E-4
2184.62 -7.47632E-4
2184.74 -8.24034E-4
2184.86 -8.79593E-4
2184.98 -0.00102
2185.1 -0.00127
2185.22 -0.00156
2185.34 -0.00168
2185.46 -0.00143
2185.58 -8.47422E-4
2185.71 -3.08514E-4
2185.83 -1.73818E-4
2185.95 -4.76442E-4
2186.07 -9.36739E-4
2186.19 -0.00124
2186.31 -0.00124
2186.43 -0.00102
2186.55 -8.31943E-4
2186.67 -9.27348E-4
2186.79 -0.00135
2186.91 -0.00182
2187.03 -0.002
2187.15 -0.00187
2187.27 -0.0017
2187.39 -0.00174
2187.51 -0.00196
2187.63 -0.00214
2187.75 -0.00212
2187.88 -0.00195
2188 -0.00179
2188.12 -0.00171
2188.24 -0.00174
2188.36 -0.00178
2188.48 -0.00182
2188.6 -0.00187
2188.72 -0.00198
2188.84 -0.00216
2188.96 -0.00234
2189.08 -0.00236
2189.2 -0.00212
2189.32 -0.00165
2189.44 -0.00121
2189.56 -0.00111
2189.68 -0.00141
2189.8 -0.00179
2189.92 -0.00184
2190.04 -0.0015
2190.17 -0.00111
2190.29 -9.68352E-4
2190.41 -0.00108
2190.53 -0.00133
2190.65 -0.00165
2190.77 -0.00201
2190.89 -0.00214
2191.01 -0.00185
2191.13 -0.00134
2191.25 -0.00114
2191.37 -0.00151
2191.49 -0.00214
2191.61 -0.00248
2191.73 -0.00236
2191.85 -0.00205
2191.97 -0.0019
2192.09 -0.00194
2192.21 -0.00197
2192.34 -0.00185
2192.46 -0.00163
2192.58 -0.00146
2192.7 -0.0014
2192.82 -0.00132
2192.94 -0.00112
2193.06 -9.12845E-4
2193.18 -9.4175E-4
2193.3 -0.00128
2193.42 -0.00169
2193.54 -0.00186
2193.66 -0.00173
2193.78 -0.00159
2193.9 -0.00172
2194.02 -0.00206
2194.14 -0.00229
2194.26 -0.00208
2194.38 -0.00145
2194.51 -7.96292E-4
2194.63 -5.86919E-4
2194.75 -9.58413E-4
2194.87 -0.00155
2194.99 -0.00175
2195.11 -0.00128
2195.23 -4.32558E-4
2195.35 1.13428E-4
2195.47 -9.97633E-5
2195.59 -9.04996E-4
2195.71 -0.00172
2195.83 -0.00209
2195.95 -0.00204
2196.07 -0.00183
2196.19 -0.00166
2196.31 -0.00158
2196.43 -0.00166
2196.55 -0.00192
2196.68 -0.00219
2196.8 -0.00219
2196.92 -0.00189
2197.04 -0.00162
2197.16 -0.00167
2197.28 -0.00185
2197.4 -0.00178
2197.52 -0.00146
2197.64 -0.00124
2197.76 -0.00131
2197.88 -0.00146
2198 -0.00143
2198.12 -0.00138
2198.24 -0.0016
2198.36 -0.00207
2198.48 -0.00241
2198.6 -0.00231
2198.72 -0.00186
2198.84 -0.00136
2198.97 -0.0011
2199.09 -0.00115
2199.21 -0.00143
2199.33 -0.00176
2199.45 -0.00194
2199.57 -0.00187
2199.69 -0.00162
2199.81 -0.00134
2199.93 -0.00116
2200.05 -0.00106
2200.17 -9.84337E-4
2200.29 -9.07116E-4
2200.41 -9.17513E-4
2200.53 -0.00111
2200.65 -0.0014
2200.77 -0.00154
2200.89 -0.00139
2201.01 -0.00111
2201.14 -9.23198E-4
2201.26 -8.32837E-4
2201.38 -6.87357E-4
2201.5 -5.22308E-4
2201.62 -5.72298E-4
2201.74 -8.96864E-4
2201.86 -0.00124
2201.98 -0.00142
2202.1 -0.00161
2202.22 -0.00202
2202.34 -0.00241
2202.46 -0.00231
2202.58 -0.00163
2202.7 -8.51754E-4
2202.82 -5.29587E-4
2202.94 -7.43717E-4
2203.06 -0.00122
2203.18 -0.00169
2203.31 -0.00198
2203.43 -0.00196
2203.55 -0.00165
2203.67 -0.00134
2203.79 -0.00131
2203.91 -0.00149
2204.03 -0.00157
2204.15 -0.00147
2204.27 -0.00146
2204.39 -0.00174
2204.51 -0.00213
2204.63 -0.00231
2204.75 -0.00219
2204.87 -0.002
2204.99 -0.00189
2205.11 -0.00185
2205.23 -0.0018
2205.35 -0.00173
2205.48 -0.00162
2205.6 -0.00145
2205.72 -0.00127
2205.84 -0.0012
2205.96 -0.00129
2206.08 -0.00147
2206.2 -0.00171
2206.32 -0.00198
2206.44 -0.0022
2206.56 -0.0022
2206.68 -0.00192
2206.8 -0.00158
2206.92 -0.00145
2207.04 -0.00159
2207.16 -0.00186
2207.28 -0.00208
2207.4 -0.00226
2207.52 -0.00245
2207.65 -0.00261
2207.77 -0.00264
2207.89 -0.00255
2208.01 -0.00244
2208.13 -0.00241
2208.25 -0.00236
2208.37 -0.00205
2208.49 -0.00137
2208.61 -5.68371E-4
2208.73 -1.54193E-4
2208.85 -5.05418E-4
2208.97 -0.00146
2209.09 -0.0024
2209.21 -0.00276
2209.33 -0.0025
2209.45 -0.00202
2209.57 -0.00166
2209.69 -0.00143
2209.82 -0.0012
2209.94 -8.8555E-4
2210.06 -4.93269E-4
2210.18 -7.79815E-5
2210.3 2.33062E-4
2210.42 2.13321E-4
2210.54 -2.49717E-4
2210.66 -9.2515E-4
2210.78 -0.0014
2210.9 -0.00153
2211.02 -0.00156
2211.14 -0.00178
2211.26 -0.00204
2211.38 -0.002
2211.5 -0.00163
2211.62 -0.00123
2211.74 -0.00105
2211.86 -0.00103
2211.99 -0.00104
2212.11 -0.00109
2212.23 -0.0012
2212.35 -0.0012
2212.47 -9.0573E-4
2212.59 -4.58151E-4
2212.71 -2.18026E-4
2212.83 -3.20964E-4
2212.95 -5.54167E-4
2213.07 -7.32802E-4
2213.19 -9.68222E-4
2213.31 -0.00141
2213.43 -0.0019
2213.55 -0.0021
2213.67 -0.00197
2213.79 -0.00176
2213.91 -0.00165
2214.03 -0.00151
2214.16 -0.00117
2214.28 -8.08023E-4
2214.4 -8.33176E-4
2214.52 -0.00139
2214.64 -0.00211
2214.76 -0.00253
2214.88 -0.00251
2215 -0.00227
2215.12 -0.00204
2215.24 -0.00179
2215.36 -0.00145
2215.48 -0.00111
2215.6 -9.57895E-4
2215.72 -0.00106
2215.84 -0.00126
2215.96 -0.00131
2216.08 -0.00108
2216.2 -6.23494E-4
2216.32 -1.77737E-4
2216.45 -4.25503E-5
2216.57 -3.7561E-4
2216.69 -0.00101
2216.81 -0.00154
2216.93 -0.0017
2217.05 -0.00155
2217.17 -0.00135
2217.29 -0.00125
2217.41 -0.00124
2217.53 -0.00129
2217.65 -0.00143
2217.77 -0.00158
2217.89 -0.00155
2218.01 -0.00127
2218.13 -9.3767E-4
2218.25 -8.3996E-4
2218.37 -0.00104
2218.49 -0.00135
2218.62 -0.00155
2218.74 -0.00164
2218.86 -0.00178
2218.98 -0.0021
2219.1 -0.00255
2219.22 -0.00289
2219.34 -0.00292
2219.46 -0.00266
2219.58 -0.00234
2219.7 -0.00209
2219.82 -0.00184
2219.94 -0.00152
2220.06 -0.00121
2220.18 -0.00111
2220.3 -0.00116
2220.42 -0.00112
2220.54 -9.18888E-4
2220.66 -8.15388E-4
2220.79 -0.00107
2220.91 -0.00157
2221.03 -0.00193
2221.15 -0.00196
2221.27 -0.00179
2221.39 -0.00159
2221.51 -0.00138
2221.63 -0.00117
2221.75 -0.00111
2221.87 -0.00126
2221.99 -0.00148
2222.11 -0.00151
2222.23 -0.00131
2222.35 -0.00109
2222.47 -0.00109
2222.59 -0.00139
2222.71 -0.00189
2222.83 -0.00237
2222.96 -0.00255
2223.08 -0.00225
2223.2 -0.00157
2223.32 -9.25329E-4
2223.44 -7.19856E-4
2223.56 -9.35372E-4
2223.68 -0.00119
2223.8 -0.00119
2223.92 -9.9007E-4
2224.04 -8.90952E-4
2224.16 -0.001
2224.28 -0.00116
2224.4 -0.00116
2224.52 -0.00101
2224.64 -8.33094E-4
2224.76 -6.98056E-4
2224.88 -5.98423E-4
2225 -5.46642E-4
2225.12 -6.36607E-4
2225.25 -9.62064E-4
2225.37 -0.00149
2225.49 -0.00202
2225.61 -0.0023
2225.73 -0.00219
2225.85 -0.00186
2225.97 -0.00162
2226.09 -0.00158
2226.21 -0.0016
2226.33 -0.00147
2226.45 -0.00123
2226.57 -0.00109
2226.69 -0.00111
2226.81 -0.00114
2226.93 -0.00108
2227.05 -0.00102
2227.17 -0.00101
2227.29 -9.00663E-4
2227.42 -6.3239E-4
2227.54 -4.5554E-4
2227.66 -7.1745E-4
2227.78 -0.00137
2227.9 -0.00195
2228.02 -0.00212
2228.14 -0.00198
2228.26 -0.00185
2228.38 -0.00185
2228.5 -0.00181
2228.62 -0.0017
2228.74 -0.00169
2228.86 -0.00189
2228.98 -0.00214
2229.1 -0.00215
2229.22 -0.00186
2229.34 -0.00153
2229.46 -0.00142
2229.59 -0.00149
2229.71 -0.0015
2229.83 -0.00142
2229.95 -0.00154
2230.07 -0.00206
2230.19 -0.00269
2230.31 -0.00292
2230.43 -0.00261
2230.55 -0.00215
2230.67 -0.00195
2230.79 -0.00201
2230.91 -0.0021
2231.03 -0.00211
2231.15 -0.0021
2231.27 -0.00202
2231.39 -0.00185
2231.51 -0.00173
2231.63 -0.00186
2231.76 -0.00214
2231.88 -0.00228
2232 -0.00223
2232.12 -0.00228
2232.24 -0.00252
2232.36 -0.0026
2232.48 -0.00218
2232.6 -0.00147
2232.72 -0.00108
2232.84 -0.0012
2232.96 -0.00141
2233.08 -0.0013
2233.2 -9.49901E-4
2233.32 -7.17502E-4
2233.44 -7.20367E-4
2233.56 -8.29522E-4
2233.68 -9.99957E-4
2233.8 -0.00132
2233.93 -0.00175
2234.05 -0.00205
2234.17 -0.00205
2234.29 -0.00192
2234.41 -0.00184
2234.53 -0.00184
2234.65 -0.00179
2234.77 -0.00165
2234.89 -0.00148
2235.01 -0.00126
2235.13 -9.55988E-4
2235.25 -7.30243E-4
2235.37 -8.08612E-4
2235.49 -0.00113
2235.61 -0.00127
2235.73 -9.52132E-4
2235.85 -4.90386E-4
2235.97 -5.02616E-4
2236.1 -0.00122
2236.22 -0.00219
2236.34 -0.00273
2236.46 -0.00261
2236.58 -0.00214
2236.7 -0.00178
2236.82 -0.00174
2236.94 -0.00189
2237.06 -0.00194
2237.18 -0.00172
2237.3 -0.00129
2237.42 -8.74419E-4
2237.54 -6.9616E-4
2237.66 -8.00673E-4
2237.78 -0.00104
2237.9 -0.00118
2238.02 -0.00112
2238.14 -9.42275E-4
2238.27 -8.59942E-4
2238.39 -0.00104
2238.51 -0.00145
2238.63 -0.00187
2238.75 -0.0021
2238.87 -0.0021
2238.99 -0.00199
2239.11 -0.00191
2239.23 -0.00201
2239.35 -0.00229
2239.47 -0.00251
2239.59 -0.00241
2239.71 -0.00189
2239.83 -0.0012
2239.95 -6.76624E-4
2240.07 -4.66887E-4
2240.19 -4.87726E-4
2240.31 -6.49475E-4
2240.44 -9.34243E-4
2240.56 -0.00128
2240.68 -0.00156
2240.8 -0.00167
2240.92 -0.00166
2241.04 -0.00165
2241.16 -0.00168
2241.28 -0.00175
2241.4 -0.00186
2241.52 -0.00201
2241.64 -0.00207
2241.76 -0.00194
2241.88 -0.00162
2242 -0.00124
2242.12 -9.60615E-4
2242.24 -8.59428E-4
2242.36 -8.84108E-4
2242.48 -9.3437E-4
2242.6 -9.42081E-4
2242.73 -9.22237E-4
2242.85 -9.4828E-4
2242.97 -0.00106
2243.09 -0.00123
2243.21 -0.00138
2243.33 -0.00147
2243.45 -0.00155
2243.57 -0.00162
2243.69 -0.00163
2243.81 -0.00148
2243.93 -0.00118
2244.05 -9.44111E-4
2244.17 -9.63267E-4
2244.29 -0.00121
2244.41 -0.0014
2244.53 -0.00133
2244.65 -0.00114
2244.77 -0.00109
2244.9 -0.0012
2245.02 -0.00122
2245.14 -0.00105
2245.26 -9.6707E-4
2245.38 -0.00124
2245.5 -0.0017
2245.62 -0.0019
2245.74 -0.00167
2245.86 -0.00128
2245.98 -0.00106
2246.1 -0.00107
2246.22 -0.00123
2246.34 -0.00152
2246.46 -0.00183
2246.58 -0.00193
2246.7 -0.00165
2246.82 -0.00121
2246.94 -9.77438E-4
2247.07 -0.00107
2247.19 -0.00127
2247.31 -0.00139
2247.43 -0.00148
2247.55 -0.00163
2247.67 -0.00173
2247.79 -0.00157
2247.91 -0.00122
2248.03 -9.49726E-4
2248.15 -0.00102
2248.27 -0.00135
2248.39 -0.00164
2248.51 -0.00166
2248.63 -0.00148
2248.75 -0.0013
2248.87 -0.00122
2248.99 -0.00115
2249.11 -0.00103
2249.24 -9.52136E-4
2249.36 -0.00103
2249.48 -0.00118
2249.6 -0.00114
2249.72 -8.56772E-4
2249.84 -5.47785E-4
2249.96 -4.72009E-4
2250.08 -6.68451E-4
2250.2 -9.7644E-4
2250.32 -0.00122
2250.44 -0.00128
2250.56 -0.0011
2250.68 -7.57609E-4
2250.8 -4.82503E-4
2250.92 -5.41374E-4
2251.04 -9.58636E-4
2251.16 -0.00148
2251.28 -0.00182
2251.41 -0.00182
2251.53 -0.0015
2251.65 -0.001
2251.77 -5.75203E-4
2251.89 -4.8966E-4
2252.01 -8.19441E-4
2252.13 -0.00134
2252.25 -0.00174
2252.37 -0.00194
2252.49 -0.00204
2252.61 -0.00217
2252.73 -0.00228
2252.85 -0.00236
2252.97 -0.00244
2253.09 -0.00258
2253.21 -0.00266
2253.33 -0.00254
2253.45 -0.00228
2253.57 -0.00208
2253.7 -0.00206
2253.82 -0.00217
2253.94 -0.00224
2254.06 -0.00217
2254.18 -0.00195
2254.3 -0.00158
2254.42 -0.0011
2254.54 -6.55565E-4
2254.66 -4.57428E-4
2254.78 -5.8981E-4
2254.9 -8.99438E-4
2255.02 -0.00115
2255.14 -0.00125
2255.26 -0.00127
2255.38 -0.00123
2255.5 -0.00105
2255.62 -7.12641E-4
2255.74 -4.385E-4
2255.87 -4.94018E-4
2255.99 -9.46593E-4
2256.11 -0.00161
2256.23 -0.00219
2256.35 -0.0024
2256.47 -0.00206
2256.59 -0.00126
2256.71 -5.04538E-4
2256.83 -3.98647E-4
2256.95 -0.00106
2257.07 -0.00196
2257.19 -0.00243
2257.31 -0.00237
2257.43 -0.00209
2257.55 -0.00188
2257.67 -0.0017
2257.79 -0.00152
2257.91 -0.00142
2258.04 -0.00145
2258.16 -0.00142
2258.28 -0.00114
2258.4 -7.37969E-4
2258.52 -5.57277E-4
2258.64 -6.94916E-4
2258.76 -8.97769E-4
2258.88 -9.05812E-4
2259 -7.804E-4
2259.12 -8.22619E-4
2259.24 -0.00122
2259.36 -0.00181
2259.48 -0.00218
2259.6 -0.00201
2259.72 -0.00141
2259.84 -8.69781E-4
2259.96 -8.18029E-4
2260.08 -0.00123
2260.21 -0.0017
2260.33 -0.00197
2260.45 -0.00214
2260.57 -0.00248
2260.69 -0.00295
2260.81 -0.00325
2260.93 -0.00309
2261.05 -0.00262
2261.17 -0.00218
2261.29 -0.00198
2261.41 -0.00187
2261.53 -0.0016
2261.65 -0.00123
2261.77 -0.0011
2261.89 -0.0014
2262.01 -0.00183
2262.13 -0.00195
2262.25 -0.00168
2262.38 -0.00135
2262.5 -0.00121
2262.62 -0.0011
2262.74 -8.20927E-4
2262.86 -5.21667E-4
2262.98 -5.30154E-4
2263.1 -8.70954E-4
2263.22 -0.00117
2263.34 -0.0011
2263.46 -6.88314E-4
2263.58 -2.40844E-4
2263.7 -2.84016E-5
2263.82 -1.5584E-4
2263.94 -5.75282E-4
2264.06 -0.00108
2264.18 -0.00136
2264.3 -0.00122
2264.42 -8.11331E-4
2264.55 -5.28857E-4
2264.67 -6.6866E-4
2264.79 -0.00117
2264.91 -0.00172
2265.03 -0.00207
2265.15 -0.00222
2265.27 -0.00232
2265.39 -0.00241
2265.51 -0.00237
2265.63 -0.00215
2265.75 -0.00187
2265.87 -0.0017
2265.99 -0.00159
2266.11 -0.00139
2266.23 -0.00118
2266.35 -0.00118
2266.47 -0.00142
2266.59 -0.00157
2266.72 -0.00133
2266.84 -9.08371E-4
2266.96 -7.18936E-4
2267.08 -8.22864E-4
2267.2 -8.13805E-4
2267.32 -4.30144E-4
2267.44 -1.15335E-5
2267.56 -1.26917E-4
2267.68 -8.54131E-4
2267.8 -0.00164
2267.92 -0.00189
2268.04 -0.00155
2268.16 -0.00104
2268.28 -8.42053E-4
2268.4 -0.00109
2268.52 -0.00153
2268.64 -0.00177
2268.76 -0.00161
2268.89 -0.00114
2269.01 -6.81639E-4
2269.13 -4.65266E-4
2269.25 -4.91377E-4
2269.37 -6.18223E-4
2269.49 -7.53801E-4
2269.61 -8.94915E-4
2269.73 -0.00102
2269.85 -0.00105
2269.97 -9.52836E-4
2270.09 -8.25249E-4
2270.21 -8.4297E-4
2270.33 -0.00106
2270.45 -0.00136
2270.57 -0.00153
2270.69 -0.00153
2270.81 -0.00146
2270.93 -0.00146
2271.05 -0.00148
2271.18 -0.00142
2271.3 -0.00127
2271.42 -0.00117
2271.54 -0.00123
2271.66 -0.00136
2271.78 -0.00135
2271.9 -0.00119
2272.02 -0.00108
2272.14 -0.00124
2272.26 -0.00165
2272.38 -0.0021
2272.5 -0.00242
2272.62 -0.00258
2272.74 -0.0026
2272.86 -0.00241
2272.98 -0.002
2273.1 -0.0015
2273.22 -0.00117
2273.35 -0.00115
2273.47 -0.00129
2273.59 -0.00132
2273.71 -0.00122
2273.83 -0.0012
2273.95 -0.00149
2274.07 -0.00206
2274.19 -0.00263
2274.31 -0.00295
2274.43 -0.00294
2274.55 -0.00266
2274.67 -0.00235
2274.79 -0.0023
2274.91 -0.00259
2275.03 -0.00293
2275.15 -0.0028
2275.27 -0.00202
2275.39 -0.00106
2275.52 -5.79908E-4
2275.64 -7.94902E-4
2275.76 -0.00131
2275.88 -0.00162
2276 -0.00163
2276.12 -0.00156
2276.24 -0.00168
2276.36 -0.00203
2276.48 -0.00243
2276.6 -0.00263
2276.72 -0.0025
2276.84 -0.00221
2276.96 -0.00204
2277.08 -0.00209
2277.2 -0.00212
2277.32 -0.00189
2277.44 -0.00153
2277.56 -0.00138
2277.69 -0.0015
2277.81 -0.00156
2277.93 -0.00138
2278.05 -0.00122
2278.17 -0.00152
2278.29 -0.00224
2278.41 -0.00283
2278.53 -0.00281
2278.65 -0.00227
2278.77 -0.00165
2278.89 -0.00125
2279.01 -0.00101
2279.13 -7.86129E-4
2279.25 -6.18331E-4
2279.37 -6.62711E-4
2279.49 -9.86621E-4
2279.61 -0.00151
2279.73 -0.00204
2279.86 -0.00235
2279.98 -0.00227
2280.1 -0.00188
2280.22 -0.00157
2280.34 -0.00171
2280.46 -0.00223
2280.58 -0.00261
2280.7 -0.00247
2280.82 -0.00195
2280.94 -0.00145
2281.06 -0.00119
2281.18 -0.00113
2281.3 -0.00116
2281.42 -0.00121
2281.54 -0.00115
2281.66 -9.42245E-4
2281.78 -8.04305E-4
2281.9 -0.00104
2282.02 -0.00157
2282.15 -0.0019
2282.27 -0.00172
2282.39 -0.00134
2282.51 -0.00126
2282.63 -0.00152
2282.75 -0.00169
2282.87 -0.00147
2282.99 -0.00101
2283.11 -6.67229E-4
2283.23 -6.1392E-4
2283.35 -8.31701E-4
2283.47 -0.00123
2283.59 -0.00165
2283.71 -0.00186
2283.83 -0.0018
2283.95 -0.00165
2284.07 -0.00166
2284.19 -0.00184
2284.32 -0.00196
2284.44 -0.00183
2284.56 -0.00156
2284.68 -0.00146
2284.8 -0.00173
2284.92 -0.00221
2285.04 -0.00252
2285.16 -0.00245
2285.28 -0.00224
2285.4 -0.00229
2285.52 -0.00269
2285.64 -0.00302
2285.76 -0.00287
2285.88 -0.00225
2286 -0.00166
2286.12 -0.00146
2286.24 -0.00163
2286.36 -0.00193
2286.49 -0.00221
2286.61 -0.00245
2286.73 -0.00265
2286.85 -0.00278
2286.97 -0.00274
2287.09 -0.00253
2287.21 -0.00221
2287.33 -0.00194
2287.45 -0.00183
2287.57 -0.00181
2287.69 -0.00167
2287.81 -0.00136
2287.93 -0.00111
2288.05 -0.00121
2288.17 -0.00163
2288.29 -0.002
2288.41 -0.00204
2288.53 -0.00188
2288.66 -0.00189
2288.78 -0.00221
2288.9 -0.00259
2289.02 -0.00263
2289.14 -0.0022
2289.26 -0.00162
2289.38 -0.0013
2289.5 -0.00141
2289.62 -0.00173
2289.74 -0.00191
2289.86 -0.00179
2289.98 -0.00153
2290.1 -0.0014
2290.22 -0.00146
2290.34 -0.00154
2290.46 -0.00143
2290.58 -0.0012
2290.7 -0.00113
2290.83 -0.00143
2290.95 -0.00198
2291.07 -0.00238
2291.19 -0.00233
2291.31 -0.00191
2291.43 -0.00153
2291.55 -0.00149
2291.67 -0.00172
2291.79 -0.00189
2291.91 -0.00177
2292.03 -0.0015
2292.15 -0.00138
2292.27 -0.00147
2292.39 -0.00156
2292.51 -0.00147
2292.63 -0.00134
2292.75 -0.00139
2292.87 -0.00162
2293 -0.00176
2293.12 -0.00162
2293.24 -0.00129
2293.36 -0.00101
2293.48 -8.92375E-4
2293.6 -8.50338E-4
2293.72 -7.9339E-4
2293.84 -7.18098E-4
2293.96 -6.71122E-4
2294.08 -6.8482E-4
2294.2 -7.6846E-4
2294.32 -9.16772E-4
2294.44 -0.00111
2294.56 -0.0013
2294.68 -0.00146
2294.8 -0.00154
2294.92 -0.00154
2295.04 -0.00149
2295.17 -0.00141
2295.29 -0.0013
2295.41 -0.0012
2295.53 -0.00121
2295.65 -0.00141
2295.77 -0.00172
2295.89 -0.0019
2296.01 -0.00187
2296.13 -0.00179
2296.25 -0.00188
2296.37 -0.00214
2296.49 -0.00228
2296.61 -0.00212
2296.73 -0.00173
2296.85 -0.00142
2296.97 -0.00143
2297.09 -0.0018
2297.21 -0.00225
2297.33 -0.00236
2297.46 -0.00193
2297.58 -0.00123
2297.7 -8.61518E-4
2297.82 -0.0011
2297.94 -0.00168
2298.06 -0.00211
2298.18 -0.00214
2298.3 -0.00188
2298.42 -0.00151
2298.54 -0.00117
2298.66 -8.98942E-4
2298.78 -7.18735E-4
2298.9 -6.10158E-4
2299.02 -6.09666E-4
2299.14 -8.45801E-4
2299.26 -0.00138
2299.38 -0.00204
2299.5 -0.0025
2299.63 -0.00258
2299.75 -0.00235
2299.87 -0.00194
2299.99 -0.00143
2300.11 -9.3472E-4
2300.23 -6.28639E-4
2300.35 -6.53729E-4
2300.47 -9.53551E-4
2300.59 -0.00135
2300.71 -0.00172
2300.83 -0.00197
2300.95 -0.00205
2301.07 -0.00195
2301.19 -0.00184
2301.31 -0.00193
2301.43 -0.00219
2301.55 -0.00232
2301.67 -0.00208
2301.8 -0.00162
2301.92 -0.00137
2302.04 -0.00156
2302.16 -0.00193
2302.28 -0.00199
2302.4 -0.0016
2302.52 -0.00113
2302.64 -0.00106
2302.76 -0.00142
2302.88 -0.00179
2303 -0.00187
2303.12 -0.00176
2303.24 -0.00179
2303.36 -0.00197
2303.48 -0.00204
2303.6 -0.00177
2303.72 -0.00125
2303.84 -7.04356E-4
2303.97 -3.83269E-4
2304.09 -4.17024E-4
2304.21 -8.14233E-4
2304.33 -0.00139
2304.45 -0.0018
2304.57 -0.00184
2304.69 -0.00166
2304.81 -0.00155
2304.93 -0.0016
2305.05 -0.0016
2305.17 -0.00132
2305.29 -8.86895E-4
2305.41 -5.99459E-4
2305.53 -6.38057E-4
2305.65 -9.46298E-4
2305.77 -0.0014
2305.89 -0.00192
2306.01 -0.00237
2306.14 -0.00253
2306.26 -0.00227
2306.38 -0.00179
2306.5 -0.00149
2306.62 -0.00163
2306.74 -0.00202
2306.86 -0.00223
2306.98 -0.00204
2307.1 -0.0016
2307.22 -0.00126
2307.34 -0.00121
2307.46 -0.00139
2307.58 -0.00156
2307.7 -0.00157
2307.82 -0.00145
2307.94 -0.00132
2308.06 -0.00126
2308.18 -0.00127
2308.31 -0.00131
2308.43 -0.00137
2308.55 -0.0015
2308.67 -0.00168
2308.79 -0.00179
2308.91 -0.00174
2309.03 -0.00165
2309.15 -0.00177
2309.27 -0.00218
2309.39 -0.0026
2309.51 -0.00269
2309.63 -0.00245
2309.75 -0.0022
2309.87 -0.00218
2309.99 -0.00233
2310.11 -0.00241
2310.23 -0.00239
2310.35 -0.0024
2310.48 -0.00252
2310.6 -0.00262
2310.72 -0.00251
2310.84 -0.00214
2310.96 -0.00165
2311.08 -0.00128
2311.2 -0.00116
2311.32 -0.00125
2311.44 -0.0014
2311.56 -0.00148
2311.68 -0.00144
2311.8 -0.00128
2311.92 -0.00104
2312.04 -8.75123E-4
2312.16 -0.00109
2312.28 -0.00175
2312.4 -0.00244
2312.52 -0.00254
2312.65 -0.00194
2312.77 -0.00123
2312.89 -0.00112
2313.01 -0.00163
2313.13 -0.00219
2313.25 -0.00233
2313.37 -0.00214
2313.49 -0.00194
2313.61 -0.00181
2313.73 -0.00162
2313.85 -0.00142
2313.97 -0.00145
2314.09 -0.00182
2314.21 -0.00228
2314.33 -0.00246
2314.45 -0.0023
2314.57 -0.0021
2314.69 -0.00219
2314.81 -0.00255
2314.94 -0.00282
2315.06 -0.0027
2315.18 -0.00223
2315.3 -0.00174
2315.42 -0.00152
2315.54 -0.00159
2315.66 -0.00171
2315.78 -0.0017
2315.9 -0.00164
2316.02 -0.00178
2316.14 -0.00222
2316.26 -0.00267
2316.38 -0.00269
2316.5 -0.00211
2316.62 -0.0013
2316.74 -8.16602E-4
2316.86 -8.79861E-4
2316.98 -0.00126
2317.11 -0.00165
2317.23 -0.00196
2317.35 -0.00222
2317.47 -0.0024
2317.59 -0.0024
2317.71 -0.00224
2317.83 -0.00204
2317.95 -0.00187
2318.07 -0.00171
2318.19 -0.00166
2318.31 -0.00185
2318.43 -0.00225
2318.55 -0.00257
2318.67 -0.00255
2318.79 -0.00224
2318.91 -0.00196
2319.03 -0.00195
2319.15 -0.00214
2319.28 -0.00235
2319.4 -0.00241
2319.52 -0.00234
2319.64 -0.00225
2319.76 -0.00231
2319.88 -0.0026
2320 -0.003
2320.12 -0.00323
2320.24 -0.00304
2320.36 -0.0025
2320.48 -0.00191
2320.6 -0.00156
2320.72 -0.00152
2320.84 -0.00166
2320.96 -0.00182
2321.08 -0.00193
2321.2 -0.002
2321.32 -0.00203
2321.45 -0.00195
2321.57 -0.00167
2321.69 -0.00114
2321.81 -5.56469E-4
2321.93 -2.62737E-4
2322.05 -4.84407E-4
2322.17 -0.00105
2322.29 -0.00152
2322.41 -0.00166
2322.53 -0.00168
2322.65 -0.00181
2322.77 -0.00193
2322.89 -0.00172
2323.01 -0.00127
2323.13 -9.79856E-4
2323.25 -0.00113
2323.37 -0.00146
2323.49 -0.00157
2323.61 -0.00157
2323.74 -0.00183
2323.86 -0.00232
2323.98 -0.00253
2324.1 -0.00214
2324.22 -0.00148
2324.34 -0.00108
2324.46 -0.00109
2324.58 -0.00118
2324.7 -0.00115
2324.82 -0.00116
2324.94 -0.00144
2325.06 -0.00189
2325.18 -0.00218
2325.3 -0.00218
2325.42 -0.00211
2325.54 -0.00223
2325.66 -0.00246
2325.78 -0.00258
2325.91 -0.00245
2326.03 -0.00218
2326.15 -0.00197
2326.27 -0.00189
2326.39 -0.00182
2326.51 -0.00157
2326.63 -0.00111
2326.75 -7.59855E-4
2326.87 -8.82961E-4
2326.99 -0.00152
2327.11 -0.00223
2327.23 -0.00245
2327.35 -0.00215
2327.47 -0.00186
2327.59 -0.00193
2327.71 -0.00227
2327.83 -0.00259
2327.95 -0.00276
2328.08 -0.00288
2328.2 -0.00293
2328.32 -0.00276
2328.44 -0.00225
2328.56 -0.00159
2328.68 -0.00112
2328.8 -0.00103
2328.92 -0.00126
2329.04 -0.00157
2329.16 -0.00175
2329.28 -0.0018
2329.4 -0.00189
2329.52 -0.00209
2329.64 -0.0023
2329.76 -0.00232
2329.88 -0.0021
2330 -0.00192
2330.12 -0.00196
2330.25 -0.00205
2330.37 -0.00182
2330.49 -0.0013
2330.61 -9.53831E-4
2330.73 -0.00113
2330.85 -0.00159
2330.97 -0.00175
2331.09 -0.00152
2331.21 -0.00141
2331.33 -0.00155
2331.45 -0.0015
2331.57 -8.84477E-4
2331.69 -9.30168E-5
2331.81 2.12342E-5
2331.93 -8.11882E-4
2332.05 -0.0019
2332.17 -0.00233
2332.29 -0.00194
2332.42 -0.00132
2332.54 -9.90447E-4
2332.66 -9.88696E-4
2332.78 -0.00102
2332.9 -0.00101
2333.02 -0.00112
2333.14 -0.00135
2333.26 -0.00144
2333.38 -0.00118
2333.5 -8.04137E-4
2333.62 -7.19696E-4
2333.74 -0.00101
2333.86 -0.00128
2333.98 -0.00112
2334.1 -6.47109E-4
2334.22 -3.76299E-4
2334.34 -6.03005E-4
2334.46 -0.00106
2334.59 -0.00119
2334.71 -8.92758E-4
2334.83 -4.93411E-4
2334.95 -2.08236E-4
2335.07 -1.23866E-5
2335.19 7.82758E-5
2335.31 -8.49105E-5
2335.43 -5.09996E-4
2335.55 -8.86176E-4
2335.67 -8.19661E-4
2335.79 -2.67267E-4
2335.91 3.94344E-4
2336.03 7.23071E-4
2336.15 5.60477E-4
2336.27 1.85985E-4
2336.39 1.30888E-4
2336.51 6.08236E-4
2336.63 0.00134
2336.76 0.0019
2336.88 0.00209
2337 0.00207
2337.12 0.00215
2337.24 0.00248
2337.36 0.00293
2337.48 0.00331
2337.6 0.00359
2337.72 0.0038
2337.84 0.00383
2337.96 0.00358
2338.08 0.00327
2338.2 0.00334
2338.32 0.00394
2338.44 0.00477
2338.56 0.00546
2338.68 0.00582
2338.8 0.00586
2338.93 0.00573
2339.05 0.00556
2339.17 0.00545
2339.29 0.00544
2339.41 0.00551
2339.53 0.00557
2339.65 0.00564
2339.77 0.0058
2339.89 0.00599
2340.01 0.00607
2340.13 0.00598
2340.25 0.00588
2340.37 0.00596
2340.49 0.00623
2340.61 0.00654
2340.73 0.00673
2340.85 0.00676
2340.97 0.00664
2341.09 0.00633
2341.22 0.00585
2341.34 0.00543
2341.46 0.00541
2341.58 0.00586
2341.7 0.00637
2341.82 0.00649
2341.94 0.00607
2342.06 0.00535
2342.18 0.00478
2342.3 0.00469
2342.42 0.00502
2342.54 0.00542
2342.66 0.00561
2342.78 0.00557
2342.9 0.00547
2343.02 0.00535
2343.14 0.00512
2343.26 0.0047
2343.39 0.00423
2343.51 0.00394
2343.63 0.00398
2343.75 0.00425
2343.87 0.00448
2343.99 0.0044
2344.11 0.00398
2344.23 0.00346
2344.35 0.0031
2344.47 0.003
2344.59 0.00308
2344.71 0.00322
2344.83 0.00334
2344.95 0.00337
2345.07 0.00324
2345.19 0.00293
2345.31 0.00256
2345.43 0.00233
2345.56 0.00234
2345.68 0.00251
2345.8 0.00264
2345.92 0.00252
2346.04 0.00216
2346.16 0.00179
2346.28 0.00171
2346.4 0.00198
2346.52 0.00234
2346.64 0.00246
2346.76 0.0023
2346.88 0.00208
2347 0.00192
2347.12 0.00175
2347.24 0.00144
2347.36 0.00109
2347.48 9.15848E-4
2347.6 0.00105
2347.73 0.00137
2347.85 0.00162
2347.97 0.00164
2348.09 0.00149
2348.21 0.00133
2348.33 0.00128
2348.45 0.00127
2348.57 0.00117
2348.69 9.31434E-4
2348.81 6.61585E-4
2348.93 5.30224E-4
2349.05 5.70942E-4
2349.17 6.81084E-4
2349.29 7.62869E-4
2349.41 7.98263E-4
2349.53 7.79457E-4
2349.65 6.62114E-4
2349.77 4.49587E-4
2349.9 2.461E-4
2350.02 1.38577E-4
2350.14 6.13481E-5
2350.26 -1.26041E-4
2350.38 -4.24679E-4
2350.5 -6.77295E-4
2350.62 -7.58465E-4
2350.74 -6.91343E-4
2350.86 -5.46448E-4
2350.98 -3.34568E-4
2351.1 -7.9073E-5
2351.22 7.77505E-5
2351.34 -5.00679E-5
2351.46 -4.94983E-4
2351.58 -0.00111
2351.7 -0.00166
2351.82 -0.00195
2351.94 -0.0018
2352.06 -0.00125
2352.19 -6.11555E-4
2352.31 -2.90278E-4
2352.43 -4.90565E-4
2352.55 -0.00101
2352.67 -0.0014
2352.79 -0.00139
2352.91 -0.00111
2353.03 -8.56966E-4
2353.15 -7.88897E-4
2353.27 -8.456E-4
2353.39 -8.73074E-4
2353.51 -8.61201E-4
2353.63 -9.70203E-4
2353.75 -0.0013
2353.87 -0.00168
2353.99 -0.00177
2354.11 -0.0014
2354.23 -9.02724E-4
2354.36 -8.08403E-4
2354.48 -0.0013
2354.6 -0.00199
2354.72 -0.00223
2354.84 -0.0018
2354.96 -0.00117
2355.08 -8.90806E-4
2355.2 -0.00103
2355.32 -0.00127
2355.44 -0.00131
2355.56 -0.00114
2355.68 -9.71716E-4
2355.8 -0.00105
2355.92 -0.0014
2356.04 -0.00189
2356.16 -0.00234
2356.28 -0.00267
2356.4 -0.00285
2356.53 -0.0028
2356.65 -0.0024
2356.77 -0.00174
2356.89 -0.00112
2357.01 -7.94899E-4
2357.13 -6.83259E-4
2357.25 -5.22893E-4
2357.37 -3.21884E-4
2357.49 -4.17002E-4
2357.61 -0.00101
2357.73 -0.00171
2357.85 -0.00194
2357.97 -0.00173
2358.09 -0.00154
2358.21 -0.00162
2358.33 -0.00181
2358.45 -0.00184
2358.57 -0.00171
2358.7 -0.00164
2358.82 -0.0017
2358.94 -0.00178
2359.06 -0.00176
2359.18 -0.00164
2359.3 -0.00153
2359.42 -0.00141
2359.54 -0.00119
2359.66 -8.56847E-4
2359.78 -5.56279E-4
2359.9 -5.25523E-4
2360.02 -8.47816E-4
2360.14 -0.00135
2360.26 -0.00172
2360.38 -0.00175
2360.5 -0.00145
2360.62 -0.00109
2360.74 -8.56649E-4
2360.87 -7.89471E-4
2360.99 -9.23838E-4
2361.11 -0.00124
2361.23 -0.00156
2361.35 -0.00167
2361.47 -0.00156
2361.59 -0.0014
2361.71 -0.00126
2361.83 -0.00105
2361.95 -7.17085E-4
2362.07 -4.67174E-4
2362.19 -4.93851E-4
2362.31 -7.25351E-4
2362.43 -9.32191E-4
2362.55 -0.00101
2362.67 -0.0011
2362.79 -0.00144
2362.91 -0.00208
2363.04 -0.0028
2363.16 -0.00318
2363.28 -0.00297
2363.4 -0.00237
2363.52 -0.0018
2363.64 -0.00151
2363.76 -0.00152
2363.88 -0.00163
2364 -0.00174
2364.12 -0.00191
2364.24 -0.00222
2364.36 -0.00245
2364.48 -0.00223
2364.6 -0.00156
2364.72 -9.67406E-4
2364.84 -8.32152E-4
2364.96 -0.00107
2365.08 -0.00136
2365.21 -0.00153
2365.33 -0.00159
2365.45 -0.00156
2365.57 -0.00132
2365.69 -8.96811E-4
2365.81 -5.98408E-4
2365.93 -6.96927E-4
2366.05 -0.001
2366.17 -0.00118
2366.29 -0.00113
2366.41 -0.00107
2366.53 -0.00117
2366.65 -0.0014
2366.77 -0.00159
2366.89 -0.00169
2367.01 -0.00181
2367.13 -0.00208
2367.25 -0.00248
2367.38 -0.00289
2367.5 -0.00307
2367.62 -0.00284
2367.74 -0.00227
2367.86 -0.00173
2367.98 -0.00153
2368.1 -0.00162
2368.22 -0.0017
2368.34 -0.00155
2368.46 -0.00132
2368.58 -0.00123
2368.7 -0.00132
2368.82 -0.00156
2368.94 -0.00188
2369.06 -0.00216
2369.18 -0.00219
2369.3 -0.00192
2369.42 -0.00157
2369.54 -0.0015
2369.67 -0.00173
2369.79 -0.00197
2369.91 -0.00202
2370.03 -0.00195
2370.15 -0.00194
2370.27 -0.00204
2370.39 -0.00221
2370.51 -0.00245
2370.63 -0.00267
2370.75 -0.00269
2370.87 -0.00241
2370.99 -0.00208
2371.11 -0.00203
2371.23 -0.00232
2371.35 -0.00262
2371.47 -0.00264
2371.59 -0.00246
2371.71 -0.00234
2371.84 -0.00234
2371.96 -0.00223
2372.08 -0.00196
2372.2 -0.00177
2372.32 -0.00189
2372.44 -0.00227
2372.56 -0.00263
2372.68 -0.00275
2372.8 -0.00261
2372.92 -0.00239
2373.04 -0.00236
2373.16 -0.0027
2373.28 -0.0032
2373.4 -0.00344
2373.52 -0.00319
2373.64 -0.00265
2373.76 -0.00223
2373.88 -0.0021
2374.01 -0.00217
2374.13 -0.00237
2374.25 -0.0027
2374.37 -0.00303
2374.49 -0.00303
2374.61 -0.00262
2374.73 -0.00212
2374.85 -0.00191
2374.97 -0.00195
2375.09 -0.00188
2375.21 -0.00157
2375.33 -0.00124
2375.45 -0.00109
2375.57 -0.00107
2375.69 -0.00105
2375.81 -0.00104
2375.93 -0.00118
2376.05 -0.00154
2376.18 -0.00204
2376.3 -0.00245
2376.42 -0.00247
2376.54 -0.00206
2376.66 -0.00156
2376.78 -0.00148
2376.9 -0.00194
2377.02 -0.00255
2377.14 -0.00279
2377.26 -0.0027
2377.38 -0.00268
2377.5 -0.0029
2377.62 -0.00305
2377.74 -0.00282
2377.86 -0.00229
2377.98 -0.00184
2378.1 -0.00174
2378.22 -0.0019
2378.34 -0.00202
2378.47 -0.00184
2378.59 -0.00132
2378.71 -7.37485E-4
2378.83 -4.6755E-4
2378.95 -7.10674E-4
2379.07 -0.00127
2379.19 -0.00175
2379.31 -0.0019
2379.43 -0.00174
2379.55 -0.00141
2379.67 -0.00107
2379.79 -8.62375E-4
2379.91 -9.02779E-4
2380.03 -0.00116
2380.15 -0.00149
2380.27 -0.00179
2380.39 -0.00205
2380.51 -0.00229
2380.64 -0.00244
2380.76 -0.0025
2380.88 -0.00248
2381 -0.00241
2381.12 -0.00216
2381.24 -0.00174
2381.36 -0.00135
2381.48 -0.00133
2381.6 -0.00171
2381.72 -0.00222
2381.84 -0.00253
2381.96 -0.00255
2382.08 -0.0024
2382.2 -0.00225
2382.32 -0.00217
2382.44 -0.00214
2382.56 -0.00215
2382.68 -0.00215
2382.81 -0.00213
2382.93 -0.00204
2383.05 -0.0019
2383.17 -0.00172
2383.29 -0.00156
2383.41 -0.00148
2383.53 -0.00154
2383.65 -0.00173
2383.77 -0.002
2383.89 -0.00222
2384.01 -0.00227
2384.13 -0.00207
2384.25 -0.00177
2384.37 -0.00159
2384.49 -0.00165
2384.61 -0.00173
2384.73 -0.00158
2384.85 -0.0012
2384.98 -9.43445E-4
2385.1 -0.00112
2385.22 -0.00163
2385.34 -0.00202
2385.46 -0.00205
2385.58 -0.00191
2385.7 -0.00203
2385.82 -0.00253
2385.94 -0.00303
2386.06 -0.00307
2386.18 -0.00258
2386.3 -0.00195
2386.42 -0.00159
2386.54 -0.00151
2386.66 -0.00145
2386.78 -0.00124
2386.9 -0.00103
2387.02 -0.00102
2387.15 -0.00127
2387.27 -0.00167
2387.39 -0.00209
2387.51 -0.0024
2387.63 -0.00242
2387.75 -0.00209
2387.87 -0.00169
2387.99 -0.00161
2388.11 -0.002
2388.23 -0.00257
2388.35 -0.00293
2388.47 -0.00299
2388.59 -0.00288
2388.71 -0.00266
2388.83 -0.0023
2388.95 -0.0018
2389.07 -0.00135
2389.19 -0.00114
2389.32 -0.00125
2389.44 -0.00163
2389.56 -0.00211
2389.68 -0.00241
2389.8 -0.0023
2389.92 -0.00196
2390.04 -0.00182
2390.16 -0.00207
2390.28 -0.00244
2390.4 -0.00262
2390.52 -0.00269
2390.64 -0.00288
2390.76 -0.003
2390.88 -0.00252
2391 -0.00143
2391.12 -5.21518E-4
2391.24 -5.86927E-4
2391.36 -0.00145
2391.49 -0.00222
2391.61 -0.00237
2391.73 -0.00219
2391.85 -0.00217
2391.97 -0.00231
2392.09 -0.0023
2392.21 -0.00208
2392.33 -0.0019
2392.45 -0.00192
2392.57 -0.00202
2392.69 -0.00207
2392.81 -0.00219
2392.93 -0.00253
2393.05 -0.00297
2393.17 -0.0032
2393.29 -0.003
2393.41 -0.00247
2393.53 -0.00199
2393.66 -0.00186
2393.78 -0.00212
2393.9 -0.00248
2394.02 -0.00262
2394.14 -0.00247
2394.26 -0.00219
2394.38 -0.00189
2394.5 -0.00152
2394.62 -0.00113
2394.74 -9.75106E-4
2394.86 -0.00131
2394.98 -0.00194
2395.1 -0.00234
2395.22 -0.00221
2395.34 -0.00182
2395.46 -0.00174
2395.58 -0.00217
2395.7 -0.0028
2395.82 -0.0031
2395.95 -0.00281
2396.07 -0.00209
2396.19 -0.0014
2396.31 -0.00115
2396.43 -0.00146
2396.55 -0.00204
2396.67 -0.0024
2396.79 -0.0023
2396.91 -0.00191
2397.03 -0.00152
2397.15 -0.0013
2397.27 -0.00123
2397.39 -0.00133
2397.51 -0.00166
2397.63 -0.00215
2397.75 -0.00255
2397.87 -0.00263
2397.99 -0.00236
2398.12 -0.00186
2398.24 -0.00131
2398.36 -8.44151E-4
2398.48 -6.48797E-4
2398.6 -8.64208E-4
2398.72 -0.00142
2398.84 -0.00198
2398.96 -0.00218
2399.08 -0.00186
2399.2 -0.00123
2399.32 -6.84842E-4
2399.44 -6.29347E-4
2399.56 -0.00114
2399.68 -0.00191
2399.8 -0.00252
2399.92 -0.00274
2400.04 -0.00265
2400.16 -0.00242
2400.29 -0.00212
2400.41 -0.00176
2400.53 -0.00138
2400.65 -0.00105
2400.77 -8.60583E-4
2400.89 -8.86068E-4
2401.01 -0.00117
2401.13 -0.00163
2401.25 -0.00198
2401.37 -0.002
2401.49 -0.00183
2401.61 -0.00189
2401.73 -0.00233
2401.85 -0.00281
2401.97 -0.00284
2402.09 -0.00236
2402.21 -0.00182
2402.33 -0.00156
2402.46 -0.00157
2402.58 -0.0016
2402.7 -0.00161
2402.82 -0.00172
2402.94 -0.00195
2403.06 -0.00214
2403.18 -0.00219
2403.3 -0.00225
2403.42 -0.00253
2403.54 -0.003
2403.66 -0.0033
2403.78 -0.00308
2403.9 -0.00233
2404.02 -0.00141
2404.14 -7.53585E-4
2404.26 -5.76243E-4
2404.38 -8.0594E-4
2404.5 -0.00122
2404.62 -0.00164
2404.75 -0.00196
2404.87 -0.00219
2404.99 -0.00229
2405.11 -0.00218
2405.23 -0.00182
2405.35 -0.0014
2405.47 -0.00122
2405.59 -0.00144
2405.71 -0.00182
2405.83 -0.00197
2405.95 -0.0018
2406.07 -0.00152
2406.19 -0.00137
2406.31 -0.00124
2406.43 -8.87331E-4
2406.55 -3.64911E-4
2406.67 -3.8743E-5
2406.79 -1.69933E-4
2406.92 -6.11879E-4
2407.04 -9.89191E-4
2407.16 -0.00108
2407.28 -9.40442E-4
2407.4 -7.86994E-4
2407.52 -8.05452E-4
2407.64 -0.00109
2407.76 -0.00161
2407.88 -0.00215
2408 -0.00247
2408.12 -0.00246
2408.24 -0.00217
2408.36 -0.00174
2408.48 -0.00129
2408.6 -9.74074E-4
2408.72 -9.00667E-4
2408.84 -0.0011
2408.96 -0.00146
2409.09 -0.00188
2409.21 -0.00231
2409.33 -0.00274
2409.45 -0.0031
2409.57 -0.00324
2409.69 -0.00312
2409.81 -0.00287
2409.93 -0.00268
2410.05 -0.00266
2410.17 -0.00272
2410.29 -0.00266
2410.41 -0.00243
2410.53 -0.00217
2410.65 -0.00211
2410.77 -0.00231
2410.89 -0.00249
2411.01 -0.00232
2411.13 -0.0018
2411.26 -0.0012
2411.38 -8.25074E-4
2411.5 -7.03219E-4
2411.62 -7.20918E-4
2411.74 -7.92354E-4
2411.86 -8.83523E-4
2411.98 -9.50012E-4
2412.1 -9.89351E-4
2412.22 -0.00112
2412.34 -0.0015
2412.46 -0.00204
2412.58 -0.00246
2412.7 -0.00249
2412.82 -0.00219
2412.94 -0.00186
2413.06 -0.00181
2413.18 -0.00208
2413.3 -0.00245
2413.43 -0.00264
2413.55 -0.00253
2413.67 -0.00224
2413.79 -0.00203
2413.91 -0.00212
2414.03 -0.00253
2414.15 -0.00311
2414.27 -0.00355
2414.39 -0.00357
2414.51 -0.00311
2414.63 -0.00243
2414.75 -0.00192
2414.87 -0.00175
2414.99 -0.00181
2415.11 -0.00183
2415.23 -0.00176
2415.35 -0.00169
2415.47 -0.00171
2415.6 -0.00184
2415.72 -0.00204
2415.84 -0.0023
2415.96 -0.00255
2416.08 -0.00268
2416.2 -0.00268
2416.32 -0.00264
2416.44 -0.00267
2416.56 -0.00275
2416.68 -0.0028
2416.8 -0.00287
2416.92 -0.00301
2417.04 -0.00315
2417.16 -0.00311
2417.28 -0.00282
2417.4 -0.00243
2417.52 -0.00211
2417.64 -0.00195
2417.77 -0.0019
2417.89 -0.00195
2418.01 -0.00204
2418.13 -0.00206
2418.25 -0.00192
2418.37 -0.00178
2418.49 -0.00192
2418.61 -0.00236
2418.73 -0.00275
2418.85 -0.00274
2418.97 -0.00235
2419.09 -0.00194
2419.21 -0.00173
2419.33 -0.00163
2419.45 -0.00146
2419.57 -0.00136
2419.69 -0.00162
2419.81 -0.00234
2419.94 -0.00314
2420.06 -0.00351
2420.18 -0.00318
2420.3 -0.00241
2420.42 -0.00169
2420.54 -0.00137
2420.66 -0.00147
2420.78 -0.00181
2420.9 -0.00215
2421.02 -0.00233
2421.14 -0.00232
2421.26 -0.00218
2421.38 -0.00206
2421.5 -0.00207
2421.62 -0.00223
2421.74 -0.00238
2421.86 -0.00242
2421.98 -0.0023
2422.1 -0.00208
2422.23 -0.00186
2422.35 -0.00175
2422.47 -0.00186
2422.59 -0.00218
2422.71 -0.00251
2422.83 -0.00259
2422.95 -0.00232
2423.07 -0.00195
2423.19 -0.00185
2423.31 -0.00217
2423.43 -0.00269
2423.55 -0.00309
2423.67 -0.00318
2423.79 -0.00298
2423.91 -0.0026
2424.03 -0.00217
2424.15 -0.00182
2424.27 -0.00168
2424.4 -0.00177
2424.52 -0.00199
2424.64 -0.00222
2424.76 -0.00235
2424.88 -0.00238
2425 -0.00231
2425.12 -0.00219
2425.24 -0.00206
2425.36 -0.00194
2425.48 -0.00181
2425.6 -0.00168
2425.72 -0.00167
2425.84 -0.00186
2425.96 -0.00221
2426.08 -0.0026
2426.2 -0.0029
2426.32 -0.00306
2426.44 -0.00302
2426.57 -0.00279
2426.69 -0.00258
2426.81 -0.00271
2426.93 -0.00329
2427.05 -0.00397
2427.17 -0.00432
2427.29 -0.00422
2427.41 -0.00398
2427.53 -0.0038
2427.65 -0.00358
2427.77 -0.00315
2427.89 -0.00259
2428.01 -0.00217
2428.13 -0.00205
2428.25 -0.00219
2428.37 -0.00243
2428.49 -0.00259
2428.61 -0.00254
2428.74 -0.00221
2428.86 -0.00171
2428.98 -0.00129
2429.1 -0.00117
2429.22 -0.00138
2429.34 -0.00177
2429.46 -0.00208
2429.58 -0.00207
2429.7 -0.00175
2429.82 -0.00141
2429.94 -0.00129
2430.06 -0.00134
2430.18 -0.00136
2430.3 -0.00134
2430.42 -0.00147
2430.54 -0.00182
2430.66 -0.00212
2430.78 -0.00215
2430.91 -0.00211
2431.03 -0.0023
2431.15 -0.00268
2431.27 -0.00288
2431.39 -0.00275
2431.51 -0.00253
2431.63 -0.00247
2431.75 -0.00242
2431.87 -0.00214
2431.99 -0.00171
2432.11 -0.00158
2432.23 -0.00201
2432.35 -0.0027
2432.47 -0.00307
2432.59 -0.00282
2432.71 -0.00218
2432.83 -0.00172
2432.95 -0.00176
2433.07 -0.00209
2433.2 -0.00229
2433.32 -0.00216
2433.44 -0.00198
2433.56 -0.00213
2433.68 -0.00256
2433.8 -0.00282
2433.92 -0.00264
2434.04 -0.00221
2434.16 -0.00196
2434.28 -0.00211
2434.4 -0.00253
2434.52 -0.00294
2434.64 -0.00311
2434.76 -0.00296
2434.88 -0.00253
2435 -0.00205
2435.12 -0.00183
2435.24 -0.002
2435.37 -0.00237
2435.49 -0.00267
2435.61 -0.00273
2435.73 -0.00261
2435.85 -0.00241
2435.97 -0.00217
2436.09 -0.00184
2436.21 -0.00144
2436.33 -0.00106
2436.45 -8.84276E-4
2436.57 -0.00106
2436.69 -0.00155
2436.81 -0.00211
2436.93 -0.00246
2437.05 -0.00245
2437.17 -0.00221
2437.29 -0.002
2437.41 -0.00199
2437.54 -0.00223
2437.66 -0.00263
2437.78 -0.00303
2437.9 -0.00326
2438.02 -0.00317
2438.14 -0.00287
2438.26 -0.00266
2438.38 -0.00277
2438.5 -0.00307
2438.62 -0.00319
2438.74 -0.00296
2438.86 -0.00265
2438.98 -0.00257
2439.1 -0.00268
2439.22 -0.00264
2439.34 -0.00232
2439.46 -0.00193
2439.58 -0.0018
2439.71 -0.00198
2439.83 -0.00229
2439.95 -0.00252
2440.07 -0.00257
2440.19 -0.00239
2440.31 -0.00209
2440.43 -0.00194
2440.55 -0.00217
2440.67 -0.00264
2440.79 -0.00289
2440.91 -0.00259
2441.03 -0.00189
2441.15 -0.0013
2441.27 -0.00117
2441.39 -0.00148
2441.51 -0.00203
2441.63 -0.00264
2441.75 -0.00316
2441.88 -0.00336
2442 -0.0031
2442.12 -0.00251
2442.24 -0.00202
2442.36 -0.00188
2442.48 -0.00195
2442.6 -0.0019
2442.72 -0.00161
2442.84 -0.00136
2442.96 -0.00143
2443.08 -0.00178
2443.2 -0.0021
2443.32 -0.00216
2443.44 -0.00206
2443.56 -0.00206
2443.68 -0.00226
2443.8 -0.00253
2443.92 -0.00269
2444.05 -0.00273
2444.17 -0.00269
2444.29 -0.00258
2444.41 -0.00243
2444.53 -0.00235
2444.65 -0.00247
2444.77 -0.00283
2444.89 -0.00325
2445.01 -0.00355
2445.13 -0.00366
2445.25 -0.00361
2445.37 -0.00339
2445.49 -0.00301
2445.61 -0.00253
2445.73 -0.00211
2445.85 -0.00184
2445.97 -0.00174
2446.09 -0.00185
2446.22 -0.0022
2446.34 -0.00266
2446.46 -0.00291
2446.58 -0.00271
2446.7 -0.0022
2446.82 -0.00179
2446.94 -0.00177
2447.06 -0.00208
2447.18 -0.00241
2447.3 -0.0025
2447.42 -0.0023
2447.54 -0.00197
2447.66 -0.00184
2447.78 -0.00204
2447.9 -0.00236
2448.02 -0.0024
2448.14 -0.00199
2448.26 -0.00145
2448.39 -0.00119
2448.51 -0.00125
2448.63 -0.00129
2448.75 -0.00105
2448.87 -6.32547E-4
2448.99 -4.00096E-4
2449.11 -5.32281E-4
2449.23 -9.26405E-4
2449.35 -0.00137
2449.47 -0.00174
2449.59 -0.00196
2449.71 -0.002
2449.83 -0.00192
2449.95 -0.00187
2450.07 -0.00205
2450.19 -0.0024
2450.31 -0.00255
2450.43 -0.0022
2450.55 -0.00149
2450.68 -0.00103
2450.8 -0.0012
2450.92 -0.00178
2451.04 -0.00211
2451.16 -0.00187
2451.28 -0.00149
2451.4 -0.00158
2451.52 -0.00231
2451.64 -0.00325
2451.76 -0.00384
2451.88 -0.00389
2452 -0.00357
2452.12 -0.0032
2452.24 -0.00302
2452.36 -0.00304
2452.48 -0.00301
2452.6 -0.00272
2452.72 -0.00219
2452.85 -0.00175
2452.97 -0.00169
2453.09 -0.00197
2453.21 -0.00225
2453.33 -0.00234
2453.45 -0.00226
2453.57 -0.00214
2453.69 -0.00201
2453.81 -0.00182
2453.93 -0.0016
2454.05 -0.00147
2454.17 -0.00148
2454.29 -0.00153
2454.41 -0.00155
2454.53 -0.00157
2454.65 -0.00164
2454.77 -0.00169
2454.89 -0.00156
2455.02 -0.00127
2455.14 -0.00112
2455.26 -0.00138
2455.38 -0.0019
2455.5 -0.0022
2455.62 -0.00196
2455.74 -0.00141
2455.86 -0.00104
2455.98 -0.0011
2456.1 -0.00147
2456.22 -0.00191
2456.34 -0.00227
2456.46 -0.00252
2456.58 -0.00261
2456.7 -0.00259
2456.82 -0.00262
2456.94 -0.00279
2457.06 -0.0029
2457.19 -0.00263
2457.31 -0.00189
2457.43 -0.00106
2457.55 -7.06606E-4
2457.67 -0.00102
2457.79 -0.00162
2457.91 -0.00202
2458.03 -0.00214
2458.15 -0.00229
2458.27 -0.00268
2458.39 -0.00297
2458.51 -0.0027
2458.63 -0.00201
2458.75 -0.00151
2458.87 -0.00162
2458.99 -0.00205
2459.11 -0.00225
2459.23 -0.00218
2459.36 -0.00222
2459.48 -0.00254
2459.6 -0.00288
2459.72 -0.00294
2459.84 -0.00281
2459.96 -0.00274
2460.08 -0.00279
2460.2 -0.00282
2460.32 -0.00276
2460.44 -0.00268
2460.56 -0.00265
2460.68 -0.00264
2460.8 -0.00263
2460.92 -0.00266
2461.04 -0.0027
2461.16 -0.00265
2461.28 -0.00252
2461.4 -0.00239
2461.53 -0.00235
2461.65 -0.00233
2461.77 -0.00227
2461.89 -0.00228
2462.01 -0.00254
2462.13 -0.00306
2462.25 -0.00358
2462.37 -0.0038
2462.49 -0.0037
2462.61 -0.00345
2462.73 -0.00317
2462.85 -0.00275
2462.97 -0.00213
2463.09 -0.00153
2463.21 -0.00133
2463.33 -0.00166
2463.45 -0.00228
2463.57 -0.0028
2463.7 -0.00304
2463.82 -0.00302
2463.94 -0.00277
2464.06 -0.00238
2464.18 -0.00204
2464.3 -0.00198
2464.42 -0.00221
2464.54 -0.00251
2464.66 -0.00267
2464.78 -0.00263
2464.9 -0.00246
2465.02 -0.00221
2465.14 -0.00196
2465.26 -0.00181
2465.38 -0.00184
2465.5 -0.00199
2465.62 -0.00205
2465.74 -0.00185
2465.86 -0.00144
2465.99 -0.0011
2466.11 -0.00106
2466.23 -0.00134
2466.35 -0.00169
2466.47 -0.00194
2466.59 -0.00214
2466.71 -0.00241
2466.83 -0.00268
2466.95 -0.00274
2467.07 -0.00255
2467.19 -0.00229
2467.31 -0.00219
2467.43 -0.00227
2467.55 -0.00243
2467.67 -0.0026
2467.79 -0.00272
2467.91 -0.00266
2468.03 -0.00242
2468.16 -0.00227
2468.28 -0.0025
2468.4 -0.00301
2468.52 -0.00339
2468.64 -0.00332
2468.76 -0.00294
2468.88 -0.00262
2469 -0.00257
2469.12 -0.00276
2469.24 -0.00297
2469.36 -0.00305
2469.48 -0.00297
2469.6 -0.00286
2469.72 -0.0029
2469.84 -0.00306
2469.96 -0.00313
2470.08 -0.00294
2470.2 -0.00256
2470.33 -0.00215
2470.45 -0.00181
2470.57 -0.00164
2470.69 -0.00179
2470.81 -0.00219
2470.93 -0.00239
2471.05 -0.00197
2471.17 -0.00114
2471.29 -6.29731E-4
2471.41 -8.28337E-4
2471.53 -0.00138
2471.65 -0.00172
2471.77 -0.00179
2471.89 -0.00191
2472.01 -0.0022
2472.13 -0.0024
2472.25 -0.00238
2472.37 -0.00239
2472.5 -0.00266
2472.62 -0.003
2472.74 -0.00309
2472.86 -0.00285
2472.98 -0.00257
2473.1 -0.00247
2473.22 -0.00245
2473.34 -0.00235
2473.46 -0.00216
2473.58 -0.00199
2473.7 -0.00184
2473.82 -0.0017
2473.94 -0.00165
2474.06 -0.00193
2474.18 -0.00254
2474.3 -0.00313
2474.42 -0.00333
2474.54 -0.00318
2474.67 -0.00294
2474.79 -0.00271
2474.91 -0.00224
2475.03 -0.00144
2475.15 -7.44499E-4
2475.27 -7.6168E-4
2475.39 -0.00159
2475.51 -0.0027
2475.63 -0.00347
2475.75 -0.00377
2475.87 -0.00373
2475.99 -0.00345
2476.11 -0.0029
2476.23 -0.00219
2476.35 -0.00162
2476.47 -0.00136
2476.59 -0.00132
2476.71 -0.00136
2476.83 -0.00151
2476.96 -0.0018
2477.08 -0.00211
2477.2 -0.00221
2477.32 -0.00206
2477.44 -0.0019
2477.56 -0.00198
2477.68 -0.00231
2477.8 -0.0027
2477.92 -0.00285
2478.04 -0.00265
2478.16 -0.0022
2478.28 -0.00185
2478.4 -0.00188
2478.52 -0.00231
2478.64 -0.00285
2478.76 -0.00318
2478.88 -0.00322
2479 -0.00302
2479.13 -0.0027
2479.25 -0.00241
2479.37 -0.00235
2479.49 -0.00256
2479.61 -0.00286
2479.73 -0.00297
2479.85 -0.00281
2479.97 -0.00253
2480.09 -0.00225
2480.21 -0.00197
2480.33 -0.00174
2480.45 -0.00182
2480.57 -0.00235
2480.69 -0.00306
2480.81 -0.00337
2480.93 -0.00297
2481.05 -0.00223
2481.17 -0.00179
2481.3 -0.00202
2481.42 -0.00266
2481.54 -0.00316
2481.66 -0.00322
2481.78 -0.00292
2481.9 -0.00259
2482.02 -0.00245
2482.14 -0.00249
2482.26 -0.00266
2482.38 -0.00293
2482.5 -0.00325
2482.62 -0.00349
2482.74 -0.00357
2482.86 -0.00353
2482.98 -0.00351
2483.1 -0.0035
2483.22 -0.00338
2483.34 -0.00306
2483.47 -0.00268
2483.59 -0.00245
2483.71 -0.00246
2483.83 -0.0026
2483.95 -0.00272
2484.07 -0.0027
2484.19 -0.00255
2484.31 -0.00232
2484.43 -0.0021
2484.55 -0.00194
2484.67 -0.00187
2484.79 -0.0019
2484.91 -0.00202
2485.03 -0.00213
2485.15 -0.00208
2485.27 -0.00183
2485.39 -0.00163
2485.51 -0.00181
2485.64 -0.00242
2485.76 -0.00308
2485.88 -0.00334
2486 -0.00305
2486.12 -0.00247
2486.24 -0.00198
2486.36 -0.00172
2486.48 -0.00171
2486.6 -0.00193
2486.72 -0.00233
2486.84 -0.00267
2486.96 -0.00267
2487.08 -0.00227
2487.2 -0.00179
2487.32 -0.00156
2487.44 -0.00159
2487.56 -0.00169
2487.68 -0.00181
2487.81 -0.00202
2487.93 -0.00224
2488.05 -0.00223
2488.17 -0.00191
2488.29 -0.00164
2488.41 -0.00182
2488.53 -0.00245
2488.65 -0.00313
2488.77 -0.00352
2488.89 -0.0036
2489.01 -0.00349
2489.13 -0.00322
2489.25 -0.00289
2489.37 -0.00268
2489.49 -0.00274
2489.61 -0.0029
2489.73 -0.00282
2489.85 -0.00239
2489.98 -0.00185
2490.1 -0.0016
2490.22 -0.00175
2490.34 -0.0021
2490.46 -0.00232
2490.58 -0.00231
2490.7 -0.00223
2490.82 -0.00235
2490.94 -0.0027
2491.06 -0.00308
2491.18 -0.00324
2491.3 -0.00315
2491.42 -0.00291
2491.54 -0.00256
2491.66 -0.00212
2491.78 -0.00173
2491.9 -0.00166
2492.02 -0.00197
2492.15 -0.00231
2492.27 -0.0023
2492.39 -0.00195
2492.51 -0.00163
2492.63 -0.00165
2492.75 -0.00199
2492.87 -0.00237
2492.99 -0.00256
2493.11 -0.00247
2493.23 -0.00218
2493.35 -0.00188
2493.47 -0.00176
2493.59 -0.00189
2493.71 -0.00218
2493.83 -0.00251
2493.95 -0.00275
2494.07 -0.00282
2494.19 -0.00271
2494.31 -0.00252
2494.44 -0.0024
2494.56 -0.00231
2494.68 -0.00202
2494.8 -0.00146
2494.92 -9.56975E-4
2495.04 -9.45073E-4
2495.16 -0.00142
2495.28 -0.00196
2495.4 -0.00227
2495.52 -0.00236
2495.64 -0.00232
2495.76 -0.00214
2495.88 -0.00189
2496 -0.00185
2496.12 -0.00223
2496.24 -0.00276
2496.36 -0.00302
2496.48 -0.00295
2496.61 -0.00286
2496.73 -0.00297
2496.85 -0.00309
2496.97 -0.00303
2497.09 -0.00284
2497.21 -0.0027
2497.33 -0.00262
2497.45 -0.00245
2497.57 -0.00218
2497.69 -0.00195
2497.81 -0.00186
2497.93 -0.00186
2498.05 -0.00191
2498.17 -0.00206
2498.29 -0.00228
2498.41 -0.00237
2498.53 -0.00206
2498.65 -0.00136
2498.78 -6.53867E-4
2498.9 -4.23435E-4
2499.02 -8.27696E-4
2499.14 -0.00158
2499.26 -0.00217
2499.38 -0.0023
2499.5 -0.00207
2499.62 -0.00182
2499.74 -0.00181
2499.86 -0.00201
2499.98 -0.00218
2500.1 -0.00217
2500.22 -0.00213
2500.34 -0.00231
2500.46 -0.00269
2500.58 -0.00297
2500.7 -0.00281
2500.82 -0.00228
2500.95 -0.00175
2501.07 -0.00153
2501.19 -0.00168
2501.31 -0.00205
2501.43 -0.00249
2501.55 -0.00292
2501.67 -0.00324
2501.79 -0.00342
2501.91 -0.00346
2502.03 -0.00329
2502.15 -0.00281
2502.27 -0.00207
2502.39 -0.00145
2502.51 -0.00142
2502.63 -0.00206
2502.75 -0.00292
2502.87 -0.0034
2502.99 -0.0033
2503.11 -0.00285
2503.24 -0.00242
2503.36 -0.00223
2503.48 -0.00233
2503.6 -0.00263
2503.72 -0.00298
2503.84 -0.00319
2503.96 -0.00319
2504.08 -0.00306
2504.2 -0.003
2504.32 -0.00307
2504.44 -0.00309
2504.56 -0.00284
2504.68 -0.00232
2504.8 -0.00178
2504.92 -0.0015
2505.04 -0.00152
2505.16 -0.0017
2505.28 -0.00187
2505.41 -0.00199
2505.53 -0.0021
2505.65 -0.00223
2505.77 -0.00232
2505.89 -0.00228
2506.01 -0.00211
2506.13 -0.00199
2506.25 -0.00204
2506.37 -0.00223
2506.49 -0.00239
2506.61 -0.00246
2506.73 -0.00247
2506.85 -0.00245
2506.97 -0.00245
2507.09 -0.00255
2507.21 -0.0027
2507.33 -0.00264
2507.45 -0.00235
2507.58 -0.00252
2507.7 -0.00417
2507.82 -0.00721
2507.94 -0.00981
2508.06 -0.0099
2508.18 -0.00728
2508.3 -0.00395
2508.42 -0.00202
2508.54 -0.0018
2508.66 -0.0022
2508.78 -0.00235
2508.9 -0.00236
2509.02 -0.0026
2509.14 -0.00296
2509.26 -0.00304
2509.38 -0.00272
2509.5 -0.00226
2509.62 -0.0019
2509.75 -0.00173
2509.87 -0.00174
2509.99 -0.00181
2510.11 -0.00174
2510.23 -0.00141
2510.35 -9.78164E-4
2510.47 -7.77438E-4
2510.59 -9.67927E-4
2510.71 -0.00137
2510.83 -0.00171
2510.95 -0.00191
2511.07 -0.00208
2511.19 -0.00232
2511.31 -0.00258
2511.43 -0.0028
2511.55 -0.00294
2511.67 -0.00294
2511.79 -0.00264
2511.92 -0.00199
2512.04 -0.00126
2512.16 -9.20016E-4
2512.28 -0.00114
2512.4 -0.00162
2512.52 -0.00192
2512.64 -0.00196
2512.76 -0.00196
2512.88 -0.00206
2513 -0.00215
2513.12 -0.00215
2513.24 -0.00214
2513.36 -0.00225
2513.48 -0.00244
2513.6 -0.00258
2513.72 -0.00264
2513.84 -0.00268
2513.96 -0.00269
2514.09 -0.00265
2514.21 -0.00263
2514.33 -0.00277
2514.45 -0.00309
2514.57 -0.00348
2514.69 -0.00382
2514.81 -0.004
2514.93 -0.00394
2515.05 -0.00367
2515.17 -0.00329
2515.29 -0.00294
2515.41 -0.00265
2515.53 -0.00244
2515.65 -0.00238
2515.77 -0.00252
2515.89 -0.00268
2516.01 -0.00259
2516.13 -0.00229
2516.26 -0.00224
2516.38 -0.00271
2516.5 -0.00333
2516.62 -0.00349
2516.74 -0.00306
2516.86 -0.00255
2516.98 -0.00249
2517.1 -0.00285
2517.22 -0.00319
2517.34 -0.00322
2517.46 -0.0031
2517.58 -0.00315
2517.7 -0.00354
2517.82 -0.00415
2517.94 -0.00464
2518.06 -0.00471
2518.18 -0.00431
2518.3 -0.00368
2518.43 -0.00309
2518.55 -0.00252
2518.67 -0.00189
2518.79 -0.00133
2518.91 -0.00123
2519.03 -0.00181
2519.15 -0.00282
2519.27 -0.00374
2519.39 -0.00422
2519.51 -0.00431
2519.63 -0.00416
2519.75 -0.00387
2519.87 -0.0035
2519.99 -0.00312
2520.11 -0.00284
2520.23 -0.00277
2520.35 -0.0029
2520.47 -0.00306
2520.59 -0.00304
2520.72 -0.00275
2520.84 -0.00242
2520.96 -0.00235
2521.08 -0.0026
2521.2 -0.0029
2521.32 -0.00296
2521.44 -0.00274
2521.56 -0.0024
2521.68 -0.00211
2521.8 -0.002
2521.92 -0.00216
2522.04 -0.00255
2522.16 -0.00297
2522.28 -0.00321
2522.4 -0.0032
2522.52 -0.00292
2522.64 -0.00232
2522.76 -0.00147
2522.89 -7.3928E-4
2523.01 -6.03661E-4
2523.13 -0.00112
2523.25 -0.00176
2523.37 -0.002
2523.49 -0.00187
2523.61 -0.00189
2523.73 -0.00241
2523.85 -0.00319
2523.97 -0.00367
2524.09 -0.0035
2524.21 -0.00284
2524.33 -0.0022
2524.45 -0.00204
2524.57 -0.00234
2524.69 -0.00267
2524.81 -0.00257
2524.93 -0.00201
2525.06 -0.00146
2525.18 -0.0014
2525.3 -0.00188
2525.42 -0.00249
2525.54 -0.00279
2525.66 -0.00267
2525.78 -0.00231
2525.9 -0.00194
2526.02 -0.00169
2526.14 -0.00162
2526.26 -0.00178
2526.38 -0.00213
2526.5 -0.00251
2526.62 -0.00273
2526.74 -0.00273
2526.86 -0.00264
2526.98 -0.00265
2527.1 -0.00276
2527.23 -0.00284
2527.35 -0.00278
2527.47 -0.0026
2527.59 -0.00252
2527.71 -0.0027
2527.83 -0.00315
2527.95 -0.00361
2528.07 -0.0038
2528.19 -0.0036
2528.31 -0.00312
2528.43 -0.00263
2528.55 -0.00232
2528.67 -0.00225
2528.79 -0.00237
2528.91 -0.00257
2529.03 -0.00271
2529.15 -0.0027
2529.27 -0.00255
2529.4 -0.00231
2529.52 -0.00213
2529.64 -0.00208
2529.76 -0.00215
2529.88 -0.00217
2530 -0.00193
2530.12 -0.00142
2530.24 -9.43597E-4
2530.36 -8.52432E-4
2530.48 -0.00115
2530.6 -0.00148
2530.72 -0.00157
2530.84 -0.00152
2530.96 -0.00154
2531.08 -0.00165
2531.2 -0.00168
2531.32 -0.0016
2531.44 -0.00161
2531.56 -0.00189
2531.69 -0.0023
2531.81 -0.00258
2531.93 -0.00266
2532.05 -0.00264
2532.17 -0.0026
2532.29 -0.00255
2532.41 -0.0025
2532.53 -0.00245
2532.65 -0.00232
2532.77 -0.00207
2532.89 -0.00183
2533.01 -0.00191
2533.13 -0.00245
2533.25 -0.00321
2533.37 -0.00376
2533.49 -0.00382
2533.61 -0.00338
2533.73 -0.00263
2533.86 -0.0019
2533.98 -0.0015
2534.1 -0.00157
2534.22 -0.00194
2534.34 -0.00224
2534.46 -0.00225
2534.58 -0.00212
2534.7 -0.00214
2534.82 -0.00243
2534.94 -0.00281
2535.06 -0.00302
2535.18 -0.00295
2535.3 -0.00275
2535.42 -0.00255
2535.54 -0.00234
2535.66 -0.00202
2535.78 -0.00173
2535.9 -0.00182
2536.03 -0.00241
2536.15 -0.00314
2536.27 -0.00352
2536.39 -0.00341
2536.51 -0.00317
2536.63 -0.00317
2536.75 -0.00337
2536.87 -0.00343
2536.99 -0.00317
2537.11 -0.00277
2537.23 -0.0025
2537.35 -0.00243
2537.47 -0.00238
2537.59 -0.00214
2537.71 -0.00166
2537.83 -0.00117
2537.95 -0.00103
2538.07 -0.00136
2538.2 -0.00192
2538.32 -0.00232
2538.44 -0.00236
2538.56 -0.00216
2538.68 -0.00194
2538.8 -0.00184
2538.92 -0.00192
2539.04 -0.00222
2539.16 -0.0027
2539.28 -0.00321
2539.4 -0.00352
2539.52 -0.00349
2539.64 -0.00311
2539.76 -0.00255
2539.88 -0.00201
2540 -0.00167
2540.12 -0.0016
2540.24 -0.00176
2540.37 -0.00211
2540.49 -0.00261
2540.61 -0.00311
2540.73 -0.00342
2540.85 -0.00345
2540.97 -0.00337
2541.09 -0.00345
2541.21 -0.00368
2541.33 -0.00377
2541.45 -0.00356
2541.57 -0.0033
2541.69 -0.00335
2541.81 -0.00366
2541.93 -0.00367
2542.05 -0.00302
2542.17 -0.00201
2542.29 -0.00133
2542.41 -0.00135
2542.54 -0.00185
2542.66 -0.00243
2542.78 -0.00288
2542.9 -0.00315
2543.02 -0.00307
2543.14 -0.00256
2543.26 -0.0019
2543.38 -0.00161
2543.5 -0.00186
2543.62 -0.00234
2543.74 -0.00265
2543.86 -0.00274
2543.98 -0.00278
2544.1 -0.00283
2544.22 -0.00281
2544.34 -0.00277
2544.46 -0.00291
2544.58 -0.00322
2544.71 -0.00338
2544.83 -0.00318
2544.95 -0.00285
2545.07 -0.00287
2545.19 -0.00336
2545.31 -0.00389
2545.43 -0.00401
2545.55 -0.00372
2545.67 -0.00338
2545.79 -0.00317
2545.91 -0.00296
2546.03 -0.0026
2546.15 -0.00222
2546.27 -0.0021
2546.39 -0.00222
2546.51 -0.00231
2546.63 -0.00214
2546.75 -0.00178
2546.88 -0.00146
2547 -0.00137
2547.12 -0.00158
2547.24 -0.00213
2547.36 -0.00294
2547.48 -0.00368
2547.6 -0.00396
2547.72 -0.00368
2547.84 -0.0031
2547.96 -0.00263
2548.08 -0.00245
2548.2 -0.00243
2548.32 -0.00237
2548.44 -0.00218
2548.56 -0.00195
2548.68 -0.00183
2548.8 -0.00187
2548.92 -0.00199
2549.04 -0.00213
2549.17 -0.00235
2549.29 -0.0027
2549.41 -0.00304
2549.53 -0.00313
2549.65 -0.00288
2549.77 -0.00249
2549.89 -0.00215
2550.01 -0.00189
2550.13 -0.00159
2550.25 -0.00126
2550.37 -0.00109
2550.49 -0.00124
2550.61 -0.00174
2550.73 -0.00242
2550.85 -0.003
2550.97 -0.00322
2551.09 -0.00303
2551.21 -0.00265
2551.34 -0.00242
2551.46 -0.00244
2551.58 -0.00258
2551.7 -0.00267
2551.82 -0.00267
2551.94 -0.00265
2552.06 -0.00267
2552.18 -0.0027
2552.3 -0.00271
2552.42 -0.00261
2552.54 -0.00239
2552.66 -0.00212
2552.78 -0.00191
2552.9 -0.00177
2553.02 -0.00164
2553.14 -0.00159
2553.26 -0.00185
2553.38 -0.00251
2553.51 -0.00327
2553.63 -0.00361
2553.75 -0.00332
2553.87 -0.00268
2553.99 -0.00213
2554.11 -0.00185
2554.23 -0.00168
2554.35 -0.00149
2554.47 -0.00133
2554.59 -0.0013
2554.71 -0.00142
2554.83 -0.00163
2554.95 -0.00192
2555.07 -0.00219
2555.19 -0.00224
2555.31 -0.00195
2555.43 -0.00149
2555.55 -0.00129
2555.68 -0.00153
2555.8 -0.00201
2555.92 -0.00236
2556.04 -0.00248
2556.16 -0.00248
2556.28 -0.00245
2556.4 -0.00239
2556.52 -0.00237
2556.64 -0.00255
2556.76 -0.00286
2556.88 -0.00296
2557 -0.0026
2557.12 -0.00198
2557.24 -0.00157
2557.36 -0.00161
2557.48 -0.00192
2557.6 -0.00218
2557.72 -0.00232
2557.84 -0.00245
2557.97 -0.00265
2558.09 -0.00284
2558.21 -0.00291
2558.33 -0.00286
2558.45 -0.00281
2558.57 -0.00288
2558.69 -0.00302
2558.81 -0.00304
2558.93 -0.00281
2559.05 -0.00249
2559.17 -0.00235
2559.29 -0.00255
2559.41 -0.00287
2559.53 -0.00301
2559.65 -0.00287
2559.77 -0.00263
2559.89 -0.00249
2560.01 -0.00246
2560.14 -0.00252
2560.26 -0.00271
2560.38 -0.00301
2560.5 -0.00321
2560.62 -0.00308
2560.74 -0.00258
2560.86 -0.00197
2560.98 -0.00154
2561.1 -0.00149
2561.22 -0.00188
2561.34 -0.00266
2561.46 -0.00351
2561.58 -0.00388
2561.7 -0.00346
2561.82 -0.00261
2561.94 -0.00208
2562.06 -0.0022
2562.18 -0.00265
2562.31 -0.00286
2562.43 -0.00269
2562.55 -0.00241
2562.67 -0.00223
2562.79 -0.00212
2562.91 -0.00197
2563.03 -0.00176
2563.15 -0.00154
2563.27 -0.00136
2563.39 -0.00137
2563.51 -0.00177
2563.63 -0.00253
2563.75 -0.00322
2563.87 -0.00336
2563.99 -0.00296
2564.11 -0.00249
2564.23 -0.0024
2564.35 -0.00265
2564.48 -0.00284
2564.6 -0.00272
2564.72 -0.00244
2564.84 -0.00231
2564.96 -0.00245
2565.08 -0.00269
2565.2 -0.00276
2565.32 -0.00261
2565.44 -0.0024
2565.56 -0.00231
2565.68 -0.00236
2565.8 -0.00245
2565.92 -0.00257
2566.04 -0.00278
2566.16 -0.00308
2566.28 -0.00331
2566.4 -0.00329
2566.52 -0.00306
2566.65 -0.0028
2566.77 -0.00271
2566.89 -0.00285
2567.01 -0.00317
2567.13 -0.00361
2567.25 -0.00396
2567.37 -0.00392
2567.49 -0.0033
2567.61 -0.00239
2567.73 -0.00181
2567.85 -0.00202
2567.97 -0.0028
2568.09 -0.00347
2568.21 -0.00358
2568.33 -0.00329
2568.45 -0.00297
2568.57 -0.00267
2568.69 -0.00221
2568.82 -0.00155
2568.94 -0.00106
2569.06 -0.00106
2569.18 -0.00152
2569.3 -0.00206
2569.42 -0.00241
2569.54 -0.00258
2569.66 -0.00266
2569.78 -0.00262
2569.9 -0.00239
2570.02 -0.00205
2570.14 -0.00182
2570.26 -0.00182
2570.38 -0.00196
2570.5 -0.00208
2570.62 -0.00214
2570.74 -0.00219
2570.86 -0.00222
2570.99 -0.00215
2571.11 -0.002
2571.23 -0.00196
2571.35 -0.00217
2571.47 -0.00249
2571.59 -0.00264
2571.71 -0.0025
2571.83 -0.00228
2571.95 -0.00226
2572.07 -0.00248
2572.19 -0.00272
2572.31 -0.00276
2572.43 -0.00257
2572.55 -0.00235
2572.67 -0.00229
2572.79 -0.00247
2572.91 -0.00277
2573.03 -0.00299
2573.16 -0.00305
2573.28 -0.00299
2573.4 -0.00294
2573.52 -0.00288
2573.64 -0.00275
2573.76 -0.00251
2573.88 -0.00226
2574 -0.00213
2574.12 -0.00223
2574.24 -0.00257
2574.36 -0.00295
2574.48 -0.00302
2574.6 -0.00264
2574.72 -0.00208
2574.84 -0.00183
2574.96 -0.00201
2575.08 -0.00224
2575.2 -0.00212
2575.32 -0.00178
2575.45 -0.00171
2575.57 -0.00213
2575.69 -0.00276
2575.81 -0.00316
2575.93 -0.0031
2576.05 -0.00265
2576.17 -0.00211
2576.29 -0.00189
2576.41 -0.00226
2576.53 -0.00301
2576.65 -0.0035
2576.77 -0.00334
2576.89 -0.00285
2577.01 -0.00273
2577.13 -0.00319
2577.25 -0.00373
2577.37 -0.00384
2577.49 -0.0035
2577.62 -0.00307
2577.74 -0.00275
2577.86 -0.00248
2577.98 -0.0022
2578.1 -0.0021
2578.22 -0.00238
2578.34 -0.00305
2578.46 -0.00383
2578.58 -0.00424
2578.7 -0.00401
2578.82 -0.00332
2578.94 -0.00272
2579.06 -0.00259
2579.18 -0.00269
2579.3 -0.00253
2579.42 -0.00203
2579.54 -0.00156
2579.66 -0.00149
2579.79 -0.00171
2579.91 -0.00197
2580.03 -0.00221
2580.15 -0.00254
2580.27 -0.00294
2580.39 -0.00323
2580.51 -0.00334
2580.63 -0.0033
2580.75 -0.00315
2580.87 -0.00289
2580.99 -0.00272
2581.11 -0.00287
2581.23 -0.00325
2581.35 -0.0035
2581.47 -0.00342
2581.59 -0.00323
2581.71 -0.00319
2581.83 -0.00318
2581.96 -0.00296
2582.08 -0.00257
2582.2 -0.00233
2582.32 -0.00233
2582.44 -0.00238
2582.56 -0.00232
2582.68 -0.00231
2582.8 -0.00249
2582.92 -0.00264
2583.04 -0.00243
2583.16 -0.00199
2583.28 -0.00181
2583.4 -0.0022
2583.52 -0.00279
2583.64 -0.00295
2583.76 -0.00242
2583.88 -0.00169
2584 -0.00141
2584.12 -0.00175
2584.25 -0.00226
2584.37 -0.00243
2584.49 -0.00233
2584.61 -0.00239
2584.73 -0.00279
2584.85 -0.00323
2584.97 -0.00334
2585.09 -0.0032
2585.21 -0.00317
2585.33 -0.00331
2585.45 -0.00333
2585.57 -0.00309
2585.69 -0.00284
2585.81 -0.00292
2585.93 -0.00325
2586.05 -0.00345
2586.17 -0.00333
2586.29 -0.00301
2586.42 -0.00267
2586.54 -0.00239
2586.66 -0.00224
2586.78 -0.00233
2586.9 -0.00258
2587.02 -0.00271
2587.14 -0.00254
2587.26 -0.00221
2587.38 -0.00206
2587.5 -0.00225
2587.62 -0.00262
2587.74 -0.00295
2587.86 -0.00305
2587.98 -0.00287
2588.1 -0.00247
2588.22 -0.00208
2588.34 -0.00197
2588.46 -0.00215
2588.59 -0.00243
2588.71 -0.00264
2588.83 -0.00275
2588.95 -0.00275
2589.07 -0.00252
2589.19 -0.00212
2589.31 -0.00188
2589.43 -0.00214
2589.55 -0.00275
2589.67 -0.00313
2589.79 -0.0029
2589.91 -0.00237
2590.03 -0.00206
2590.15 -0.00212
2590.27 -0.00219
2590.39 -0.002
2590.51 -0.0017
2590.63 -0.0016
2590.76 -0.00172
2590.88 -0.00186
2591 -0.00195
2591.12 -0.00204
2591.24 -0.00208
2591.36 -0.0019
2591.48 -0.00156
2591.6 -0.00136
2591.72 -0.00149
2591.84 -0.00181
2591.96 -0.00206
2592.08 -0.00229
2592.2 -0.00279
2592.32 -0.00351
2592.44 -0.00405
2592.56 -0.00407
2592.68 -0.00375
2592.8 -0.0035
2592.93 -0.00341
2593.05 -0.00325
2593.17 -0.00286
2593.29 -0.00245
2593.41 -0.00239
2593.53 -0.00277
2593.65 -0.00332
2593.77 -0.0036
2593.89 -0.0034
2594.01 -0.00293
2594.13 -0.00262
2594.25 -0.00271
2594.37 -0.00303
2594.49 -0.00315
2594.61 -0.00291
2594.73 -0.00258
2594.85 -0.00255
2594.97 -0.00286
2595.1 -0.00317
2595.22 -0.00318
2595.34 -0.00297
2595.46 -0.00284
2595.58 -0.00302
2595.7 -0.00339
2595.82 -0.00362
2595.94 -0.0035
2596.06 -0.00309
2596.18 -0.0026
2596.3 -0.00219
2596.42 -0.00196
2596.54 -0.00194
2596.66 -0.00214
2596.78 -0.00242
2596.9 -0.00258
2597.02 -0.00252
2597.14 -0.00237
2597.27 -0.00236
2597.39 -0.00256
2597.51 -0.00285
2597.63 -0.00304
2597.75 -0.00303
2597.87 -0.00286
2597.99 -0.00265
2598.11 -0.00248
2598.23 -0.0024
2598.35 -0.00239
2598.47 -0.00242
2598.59 -0.00252
2598.71 -0.0027
2598.83 -0.00291
2598.95 -0.00303
2599.07 -0.00301
2599.19 -0.00285
2599.31 -0.00264
2599.44 -0.00244
2599.56 -0.00236
2599.68 -0.00239
2599.8 -0.00245
2599.92 -0.00247
2600.04 -0.00247
2600.16 -0.00256
2600.28 -0.00278
2600.4 -0.003
2600.52 -0.00313
2600.64 -0.00314
2600.76 -0.00301
2600.88 -0.00271
2601 -0.0023
2601.12 -0.00202
2601.24 -0.00207
2601.36 -0.00238
2601.48 -0.00267
2601.6 -0.00277
2601.73 -0.00278
2601.85 -0.00282
2601.97 -0.00286
2602.09 -0.0028
2602.21 -0.00272
2602.33 -0.00277
2602.45 -0.00294
2602.57 -0.00303
2602.69 -0.00288
2602.81 -0.00262
2602.93 -0.00252
2603.05 -0.00266
2603.17 -0.00293
2603.29 -0.00314
2603.41 -0.0033
2603.53 -0.00346
2603.65 -0.00355
2603.77 -0.00336
2603.9 -0.00278
2604.02 -0.00203
2604.14 -0.00161
2604.26 -0.00187
2604.38 -0.00267
2604.5 -0.00346
2604.62 -0.00377
2604.74 -0.00361
2604.86 -0.00332
2604.98 -0.00324
2605.1 -0.00335
2605.22 -0.0035
2605.34 -0.0036
2605.46 -0.00362
2605.58 -0.00346
2605.7 -0.00296
2605.82 -0.00225
2605.94 -0.0017
2606.07 -0.00168
2606.19 -0.00207
2606.31 -0.00238
2606.43 -0.00225
2606.55 -0.00182
2606.67 -0.0016
2606.79 -0.00191
2606.91 -0.00259
2607.03 -0.00317
2607.15 -0.00326
2607.27 -0.00282
2607.39 -0.00214
2607.51 -0.00156
2607.63 -0.00129
2607.75 -0.00135
2607.87 -0.00167
2607.99 -0.00207
2608.11 -0.00242
2608.24 -0.00265
2608.36 -0.0028
2608.48 -0.00293
2608.6 -0.00311
2608.72 -0.0033
2608.84 -0.00338
2608.96 -0.00324
2609.08 -0.00296
2609.2 -0.00279
2609.32 -0.00291
2609.44 -0.00314
2609.56 -0.0031
2609.68 -0.00267
2609.8 -0.00221
2609.92 -0.00218
2610.04 -0.00262
2610.16 -0.00309
2610.28 -0.00315
2610.41 -0.00276
2610.53 -0.0022
2610.65 -0.00179
2610.77 -0.00171
2610.89 -0.00192
2611.01 -0.00225
2611.13 -0.00247
2611.25 -0.00246
2611.37 -0.0023
2611.49 -0.00212
2611.61 -0.00205
2611.73 -0.00211
2611.85 -0.00225
2611.97 -0.00237
2612.09 -0.00239
2612.21 -0.00235
2612.33 -0.00245
2612.45 -0.00278
2612.58 -0.00318
2612.7 -0.00337
2612.82 -0.00325
2612.94 -0.00306
2613.06 -0.00309
2613.18 -0.0034
2613.3 -0.00372
2613.42 -0.00378
2613.54 -0.00352
2613.66 -0.00322
2613.78 -0.00321
2613.9 -0.00345
2614.02 -0.00359
2614.14 -0.00333
2614.26 -0.00279
2614.38 -0.0024
2614.5 -0.00243
2614.62 -0.00279
2614.75 -0.00327
2614.87 -0.00374
2614.99 -0.00416
2615.11 -0.00439
2615.23 -0.00429
2615.35 -0.0039
2615.47 -0.00342
2615.59 -0.00309
2615.71 -0.00299
2615.83 -0.00305
2615.95 -0.0032
2616.07 -0.00341
2616.19 -0.00362
2616.31 -0.00373
2616.43 -0.00355
2616.55 -0.00302
2616.67 -0.0024
2616.79 -0.00213
2616.91 -0.00243
2617.04 -0.00301
2617.16 -0.00336
2617.28 -0.00321
2617.4 -0.00279
2617.52 -0.00251
2617.64 -0.0025
2617.76 -0.00253
2617.88 -0.00234
2618 -0.00197
2618.12 -0.00182
2618.24 -0.0022
2618.36 -0.00289
2618.48 -0.00329
2618.6 -0.00305
2618.72 -0.00251
2618.84 -0.00227
2618.96 -0.00245
2619.08 -0.00271
2619.21 -0.00279
2619.33 -0.00291
2619.45 -0.00336
2619.57 -0.00395
2619.69 -0.00411
2619.81 -0.00364
2619.93 -0.00301
2620.05 -0.00274
2620.17 -0.00283
2620.29 -0.00284
2620.41 -0.0025
2620.53 -0.00199
2620.65 -0.00164
2620.77 -0.00153
2620.89 -0.00157
2621.01 -0.00171
2621.13 -0.00198
2621.25 -0.0023
2621.38 -0.00247
2621.5 -0.00238
2621.62 -0.00219
2621.74 -0.00217
2621.86 -0.00232
2621.98 -0.00243
2622.1 -0.00227
2622.22 -0.00192
2622.34 -0.00163
2622.46 -0.00156
2622.58 -0.00173
2622.7 -0.00206
2622.82 -0.00251
2622.94 -0.00288
2623.06 -0.00292
2623.18 -0.00254
2623.3 -0.00191
2623.42 -0.00136
2623.55 -0.00113
2623.67 -0.00124
2623.79 -0.0016
2623.91 -0.00211
2624.03 -0.00264
2624.15 -0.00305
2624.27 -0.00332
2624.39 -0.00359
2624.51 -0.00398
2624.63 -0.00437
2624.75 -0.00447
2624.87 -0.00409
2624.99 -0.00339
2625.11 -0.00281
2625.23 -0.00262
2625.35 -0.00268
2625.47 -0.0026
2625.59 -0.00222
2625.72 -0.0018
2625.84 -0.00181
2625.96 -0.00233
2626.08 -0.00297
2626.2 -0.00322
2626.32 -0.00294
2626.44 -0.00244
2626.56 -0.00219
2626.68 -0.00245
2626.8 -0.00305
2626.92 -0.00353
2627.04 -0.0035
2627.16 -0.00298
2627.28 -0.00238
2627.4 -0.00209
2627.52 -0.00223
2627.64 -0.00258
2627.76 -0.00293
2627.89 -0.00314
2628.01 -0.00304
2628.13 -0.00255
2628.25 -0.00183
2628.37 -0.00134
2628.49 -0.00144
2628.61 -0.00205
2628.73 -0.0027
2628.85 -0.00304
2628.97 -0.0031
2629.09 -0.00316
2629.21 -0.00339
2629.33 -0.00368
2629.45 -0.00378
2629.57 -0.00361
2629.69 -0.00322
2629.81 -0.00283
2629.93 -0.00266
2630.05 -0.00285
2630.18 -0.00324
2630.3 -0.00353
2630.42 -0.00345
2630.54 -0.00311
2630.66 -0.00285
2630.78 -0.00284
2630.9 -0.00288
2631.02 -0.00267
2631.14 -0.00223
2631.26 -0.00185
2631.38 -0.00171
2631.5 -0.00175
2631.62 -0.00186
2631.74 -0.00204
2631.86 -0.00218
2631.98 -0.00208
2632.1 -0.00173
2632.22 -0.00147
2632.35 -0.00162
2632.47 -0.00205
2632.59 -0.00232
2632.71 -0.00229
2632.83 -0.00231
2632.95 -0.00268
2633.07 -0.00324
2633.19 -0.0036
2633.31 -0.00362
2633.43 -0.0035
2633.55 -0.0034
2633.67 -0.00331
2633.79 -0.00322
2633.91 -0.00317
2634.03 -0.00317
2634.15 -0.00313
2634.27 -0.0031
2634.39 -0.00324
2634.52 -0.00359
2634.64 -0.00384
2634.76 -0.00371
2634.88 -0.00333
2635 -0.00304
2635.12 -0.00299
2635.24 -0.00297
2635.36 -0.00283
2635.48 -0.00269
2635.6 -0.0027
2635.72 -0.00283
2635.84 -0.00292
2635.96 -0.00294
2636.08 -0.00297
2636.2 -0.00298
2636.32 -0.0029
2636.44 -0.00274
2636.56 -0.00264
2636.69 -0.00277
2636.81 -0.00321
2636.93 -0.00391
2637.05 -0.00456
2637.17 -0.00473
2637.29 -0.00423
2637.41 -0.00354
2637.53 -0.00334
2637.65 -0.00376
2637.77 -0.00415
2637.89 -0.00391
2638.01 -0.00323
2638.13 -0.00284
2638.25 -0.0031
2638.37 -0.00358
2638.49 -0.00371
2638.61 -0.00332
2638.73 -0.00267
2638.86 -0.00209
2638.98 -0.0017
2639.1 -0.00158
2639.22 -0.0017
2639.34 -0.00198
2639.46 -0.00216
2639.58 -0.00204
2639.7 -0.00166
2639.82 -0.00131
2639.94 -0.00135
2640.06 -0.00185
2640.18 -0.00248
2640.3 -0.00274
2640.42 -0.00239
2640.54 -0.00166
2640.66 -0.00107
2640.78 -0.00104
2640.9 -0.00155
2641.03 -0.00231
2641.15 -0.00298
2641.27 -0.0034
2641.39 -0.00357
2641.51 -0.00357
2641.63 -0.0035
2641.75 -0.0035
2641.87 -0.0036
2641.99 -0.00365
2642.11 -0.00343
2642.23 -0.00293
2642.35 -0.00247
2642.47 -0.00239
2642.59 -0.00267
2642.71 -0.00304
2642.83 -0.00326
2642.95 -0.00326
2643.07 -0.00305
2643.2 -0.00268
2643.32 -0.00232
2643.44 -0.00214
2643.56 -0.00211
2643.68 -0.0021
2643.8 -0.00205
2643.92 -0.00212
2644.04 -0.00236
2644.16 -0.00257
2644.28 -0.0025
2644.4 -0.00223
2644.52 -0.00204
2644.64 -0.00207
2644.76 -0.00215
2644.88 -0.00213
2645 -0.00204
2645.12 -0.00204
2645.24 -0.00221
2645.36 -0.00257
2645.49 -0.00306
2645.61 -0.00345
2645.73 -0.00344
2645.85 -0.00299
2645.97 -0.0024
2646.09 -0.00211
2646.21 -0.00226
2646.33 -0.00256
2646.45 -0.00269
2646.57 -0.00262
2646.69 -0.00255
2646.81 -0.00261
2646.93 -0.00264
2647.05 -0.00242
2647.17 -0.002
2647.29 -0.0017
2647.41 -0.0018
2647.53 -0.00227
2647.66 -0.00291
2647.78 -0.0035
2647.9 -0.00381
2648.02 -0.00367
2648.14 -0.00309
2648.26 -0.00242
2648.38 -0.00206
2648.5 -0.00216
2648.62 -0.00248
2648.74 -0.00277
2648.86 -0.0029
2648.98 -0.00279
2649.1 -0.0024
2649.22 -0.00185
2649.34 -0.0015
2649.46 -0.00167
2649.58 -0.0023
2649.7 -0.00297
2649.83 -0.00334
2649.95 -0.00333
2650.07 -0.00307
2650.19 -0.00278
2650.31 -0.0026
2650.43 -0.00256
2650.55 -0.00249
2650.67 -0.00231
2650.79 -0.0022
2650.91 -0.00249
2651.03 -0.00314
2651.15 -0.00366
2651.27 -0.00367
2651.39 -0.00334
2651.51 -0.0032
2651.63 -0.00346
2651.75 -0.00379
2651.87 -0.00374
2652 -0.00329
2652.12 -0.00287
2652.24 -0.00284
2652.36 -0.0032
2652.48 -0.00368
2652.6 -0.00407
2652.72 -0.00423
2652.84 -0.00407
2652.96 -0.00348
2653.08 -0.00256
2653.2 -0.00172
2653.32 -0.00142
2653.44 -0.00178
2653.56 -0.00247
2653.68 -0.00296
2653.8 -0.00304
2653.92 -0.00291
2654.04 -0.0029
2654.17 -0.00309
2654.29 -0.00331
2654.41 -0.00337
2654.53 -0.00331
2654.65 -0.00323
2654.77 -0.00306
2654.89 -0.00272
2655.01 -0.00233
2655.13 -0.00222
2655.25 -0.00255
2655.37 -0.00304
2655.49 -0.00326
2655.61 -0.00316
2655.73 -0.00301
2655.85 -0.00303
2655.97 -0.00313
2656.09 -0.0032
2656.21 -0.00329
2656.33 -0.00343
2656.46 -0.00348
2656.58 -0.00326
2656.7 -0.00291
2656.82 -0.00274
2656.94 -0.00282
2657.06 -0.003
2657.18 -0.00316
2657.3 -0.00335
2657.42 -0.00357
2657.54 -0.00364
2657.66 -0.00343
2657.78 -0.0031
2657.9 -0.00291
2658.02 -0.00286
2658.14 -0.00278
2658.26 -0.00263
2658.38 -0.00254
2658.5 -0.00258
2658.63 -0.00268
2658.75 -0.00283
2658.87 -0.00312
2658.99 -0.00349
2659.11 -0.00367
2659.23 -0.00343
2659.35 -0.00292
2659.47 -0.00257
2659.59 -0.0026
2659.71 -0.00287
2659.83 -0.00304
2659.95 -0.00297
2660.07 -0.00282
2660.19 -0.00282
2660.31 -0.00303
2660.43 -0.0033
2660.55 -0.00344
2660.67 -0.00337
2660.8 -0.00322
2660.92 -0.00317
2661.04 -0.00331
2661.16 -0.00359
2661.28 -0.00385
2661.4 -0.00397
2661.52 -0.00388
2661.64 -0.00361
2661.76 -0.00322
2661.88 -0.00278
2662 -0.00229
2662.12 -0.00181
2662.24 -0.00149
2662.36 -0.00153
2662.48 -0.00202
2662.6 -0.00277
2662.72 -0.00343
2662.84 -0.00373
2662.97 -0.00368
2663.09 -0.00343
2663.21 -0.00316
2663.33 -0.0029
2663.45 -0.00263
2663.57 -0.00237
2663.69 -0.00222
2663.81 -0.00222
2663.93 -0.00236
2664.05 -0.0025
2664.17 -0.00259
2664.29 -0.00258
2664.41 -0.00252
2664.53 -0.00243
2664.65 -0.00245
2664.77 -0.00272
2664.89 -0.00332
2665.01 -0.00404
2665.14 -0.00443
2665.26 -0.00423
2665.38 -0.00356
2665.5 -0.00286
2665.62 -0.00246
2665.74 -0.00245
2665.86 -0.00276
2665.98 -0.0033
2666.1 -0.00388
2666.22 -0.00409
2666.34 -0.00373
2666.46 -0.00313
2666.58 -0.00292
2666.7 -0.00339
2666.82 -0.00406
2666.94 -0.00422
2667.06 -0.00369
2667.18 -0.00294
2667.31 -0.00242
2667.43 -0.00218
2667.55 -0.00204
2667.67 -0.00199
2667.79 -0.00208
2667.91 -0.00223
2668.03 -0.00223
2668.15 -0.00207
2668.27 -0.00201
2668.39 -0.00223
2668.51 -0.00257
2668.63 -0.00272
2668.75 -0.00261
2668.87 -0.00243
2668.99 -0.00233
2669.11 -0.00233
2669.23 -0.00243
2669.35 -0.00264
2669.48 -0.00291
2669.6 -0.00305
2669.72 -0.00295
2669.84 -0.0028
2669.96 -0.00284
2670.08 -0.00308
2670.2 -0.00328
2670.32 -0.00326
2670.44 -0.00309
2670.56 -0.00282
2670.68 -0.00246
2670.8 -0.00208
2670.92 -0.00189
2671.04 -0.00207
2671.16 -0.00249
2671.28 -0.00281
2671.4 -0.0029
2671.52 -0.0029
2671.65 -0.00294
2671.77 -0.00295
2671.89 -0.00276
2672.01 -0.00235
2672.13 -0.00191
2672.25 -0.00163
2672.37 -0.00165
2672.49 -0.00201
2672.61 -0.00252
2672.73 -0.00291
2672.85 -0.00299
2672.97 -0.00291
2673.09 -0.00295
2673.21 -0.00311
2673.33 -0.00311
2673.45 -0.00281
2673.57 -0.00244
2673.69 -0.00235
2673.81 -0.00261
2673.94 -0.00297
2674.06 -0.00327
2674.18 -0.0036
2674.3 -0.00405
2674.42 -0.00444
2674.54 -0.00445
2674.66 -0.00409
2674.78 -0.00374
2674.9 -0.00374
2675.02 -0.00399
2675.14 -0.00409
2675.26 -0.00379
2675.38 -0.00323
2675.5 -0.00266
2675.62 -0.00225
2675.74 -0.00208
2675.86 -0.0023
2675.98 -0.00294
2676.11 -0.00369
2676.23 -0.00408
2676.35 -0.00395
2676.47 -0.00359
2676.59 -0.00335
2676.71 -0.00322
2676.83 -0.00299
2676.95 -0.0026
2677.07 -0.00228
2677.19 -0.00226
2677.31 -0.00255
2677.43 -0.00299
2677.55 -0.00339
2677.67 -0.00353
2677.79 -0.00331
2677.91 -0.00291
2678.03 -0.00266
2678.15 -0.00265
2678.28 -0.00265
2678.4 -0.00241
2678.52 -0.00213
2678.64 -0.0022
2678.76 -0.00266
2678.88 -0.00312
2679 -0.00321
2679.12 -0.003
2679.24 -0.00279
2679.36 -0.0027
2679.48 -0.00266
2679.6 -0.00266
2679.72 -0.0029
2679.84 -0.00344
2679.96 -0.00392
2680.08 -0.00396
2680.2 -0.00354
2680.32 -0.003
2680.45 -0.00262
2680.57 -0.00243
2680.69 -0.00237
2680.81 -0.00247
2680.93 -0.00268
2681.05 -0.0028
2681.17 -0.00273
2681.29 -0.00269
2681.41 -0.00303
2681.53 -0.00362
2681.65 -0.00387
2681.77 -0.00337
2681.89 -0.00242
2682.01 -0.00175
2682.13 -0.0017
2682.25 -0.002
2682.37 -0.00221
2682.49 -0.00216
2682.61 -0.00203
2682.74 -0.00201
2682.86 -0.0022
2682.98 -0.00244
2683.1 -0.00248
2683.22 -0.00226
2683.34 -0.00205
2683.46 -0.00217
2683.58 -0.00253
2683.7 -0.00271
2683.82 -0.00253
2683.94 -0.00232
2684.06 -0.00248
2684.18 -0.00281
2684.3 -0.00273
2684.42 -0.00208
2684.54 -0.00145
2684.66 -0.00151
2684.78 -0.0023
2684.91 -0.00324
2685.03 -0.00373
2685.15 -0.00364
2685.27 -0.00318
2685.39 -0.0027
2685.51 -0.00241
2685.63 -0.00228
2685.75 -0.00212
2685.87 -0.00183
2685.99 -0.00163
2686.11 -0.00185
2686.23 -0.00262
2686.35 -0.00359
2686.47 -0.00423
2686.59 -0.0042
2686.71 -0.00366
2686.83 -0.00306
2686.95 -0.00281
2687.08 -0.00293
2687.2 -0.00315
2687.32 -0.00325
2687.44 -0.00333
2687.56 -0.00354
2687.68 -0.00377
2687.8 -0.00372
2687.92 -0.00329
2688.04 -0.00279
2688.16 -0.00265
2688.28 -0.00289
2688.4 -0.0032
2688.52 -0.00334
2688.64 -0.00336
2688.76 -0.0034
2688.88 -0.00346
2689 -0.00342
2689.12 -0.00324
2689.25 -0.00303
2689.37 -0.00288
2689.49 -0.00278
2689.61 -0.00263
2689.73 -0.00235
2689.85 -0.00197
2689.97 -0.00169
2690.09 -0.00176
2690.21 -0.00225
2690.33 -0.00293
2690.45 -0.00343
2690.57 -0.00352
2690.69 -0.00322
2690.81 -0.00275
2690.93 -0.00236
2691.05 -0.00222
2691.17 -0.00233
2691.29 -0.00252
2691.42 -0.0027
2691.54 -0.00298
2691.66 -0.00353
2691.78 -0.00424
2691.9 -0.00468
2692.02 -0.00453
2692.14 -0.004
2692.26 -0.00365
2692.38 -0.00387
2692.5 -0.00455
2692.62 -0.00523
2692.74 -0.00557
2692.86 -0.00546
2692.98 -0.00499
2693.1 -0.00438
2693.22 -0.00386
2693.34 -0.0036
2693.46 -0.00356
2693.59 -0.00358
2693.71 -0.00349
2693.83 -0.00333
2693.95 -0.00325
2694.07 -0.00326
2694.19 -0.00317
2694.31 -0.00287
2694.43 -0.00249
2694.55 -0.00235
2694.67 -0.00253
2694.79 -0.0028
2694.91 -0.00294
2695.03 -0.00303
2695.15 -0.00328
2695.27 -0.0036
2695.39 -0.00368
2695.51 -0.00343
2695.63 -0.00313
2695.76 -0.00304
2695.88 -0.00309
2696 -0.00309
2696.12 -0.00304
2696.24 -0.00313
2696.36 -0.00329
2696.48 -0.00325
2696.6 -0.00296
2696.72 -0.00268
2696.84 -0.0027
2696.96 -0.00293
2697.08 -0.0031
2697.2 -0.00314
2697.32 -0.0033
2697.44 -0.00378
2697.56 -0.00442
2697.68 -0.00486
2697.8 -0.00486
2697.93 -0.00453
2698.05 -0.0042
2698.17 -0.0041
2698.29 -0.00413
2698.41 -0.00402
2698.53 -0.00366
2698.65 -0.00318
2698.77 -0.00277
2698.89 -0.00245
2699.01 -0.00223
2699.13 -0.00225
2699.25 -0.0027
2699.37 -0.00341
2699.49 -0.00389
2699.61 -0.00379
2699.73 -0.00326
2699.85 -0.0028
2699.97 -0.00265
2700.09 -0.00261
2700.22 -0.00245
2700.34 -0.00226
2700.46 -0.00232
2700.58 -0.00258
2700.7 -0.00268
2700.82 -0.00237
2700.94 -0.00194
2701.06 -0.00198
2701.18 -0.00274
2701.3 -0.00378
2701.42 -0.00444
2701.54 -0.00436
2701.66 -0.00365
2701.78 -0.00271
2701.9 -0.0019
2702.02 -0.0015
2702.14 -0.00154
2702.26 -0.00174
2702.39 -0.00183
2702.51 -0.0018
2702.63 -0.00187
2702.75 -0.00215
2702.87 -0.00244
2702.99 -0.00267
2703.11 -0.00303
2703.23 -0.00362
2703.35 -0.00402
2703.47 -0.00371
2703.59 -0.00284
2703.71 -0.00216
2703.83 -0.00224
2703.95 -0.00279
2704.07 -0.00319
2704.19 -0.00325
2704.31 -0.00329
2704.43 -0.00352
2704.56 -0.00377
2704.68 -0.00378
2704.8 -0.00356
2704.92 -0.00326
2705.04 -0.00296
2705.16 -0.00269
2705.28 -0.00255
2705.4 -0.00266
2705.52 -0.00298
2705.64 -0.0033
2705.76 -0.00344
2705.88 -0.00336
2706 -0.00306
2706.12 -0.00265
2706.24 -0.00227
2706.36 -0.00207
2706.48 -0.00202
2706.6 -0.00206
2706.73 -0.0022
2706.85 -0.00257
2706.97 -0.00313
2707.09 -0.00358
2707.21 -0.00361
2707.33 -0.00334
2707.45 -0.00326
2707.57 -0.0037
2707.69 -0.0044
2707.81 -0.00471
2707.93 -0.00428
2708.05 -0.00341
2708.17 -0.0027
2708.29 -0.00249
2708.41 -0.00262
2708.53 -0.00275
2708.65 -0.00278
2708.77 -0.00284
2708.9 -0.00303
2709.02 -0.00328
2709.14 -0.00343
2709.26 -0.00338
2709.38 -0.00317
2709.5 -0.0029
2709.62 -0.0026
2709.74 -0.00229
2709.86 -0.00205
2709.98 -0.00198
2710.1 -0.00206
2710.22 -0.00212
2710.34 -0.00209
2710.46 -0.00211
2710.58 -0.00238
2710.7 -0.00283
2710.82 -0.00323
2710.94 -0.00342
2711.06 -0.00352
2711.19 -0.00363
2711.31 -0.0037
2711.43 -0.00361
2711.55 -0.00337
2711.67 -0.00309
2711.79 -0.00288
2711.91 -0.00289
2712.03 -0.0032
2712.15 -0.00369
2712.27 -0.00404
2712.39 -0.00403
2712.51 -0.0039
2712.63 -0.00395
2712.75 -0.00407
2712.87 -0.00382
2712.99 -0.00309
2713.11 -0.0024
2713.23 -0.00227
2713.36 -0.00253
2713.48 -0.00263
2713.6 -0.00238
2713.72 -0.00214
2713.84 -0.00223
2713.96 -0.00258
2714.08 -0.00284
2714.2 -0.00291
2714.32 -0.00297
2714.44 -0.00319
2714.56 -0.00352
2714.68 -0.00378
2714.8 -0.00378
2714.92 -0.00358
2715.04 -0.00343
2715.16 -0.00354
2715.28 -0.00382
2715.4 -0.00399
2715.53 -0.00387
2715.65 -0.00361
2715.77 -0.00352
2715.89 -0.00371
2716.01 -0.00404
2716.13 -0.00436
2716.25 -0.00457
2716.37 -0.0045
2716.49 -0.00398
2716.61 -0.00313
2716.73 -0.00247
2716.85 -0.00245
2716.97 -0.00298
2717.09 -0.00348
2717.21 -0.00357
2717.33 -0.00346
2717.45 -0.00357
2717.57 -0.00396
2717.7 -0.00425
2717.82 -0.00418
2717.94 -0.00395
2718.06 -0.00387
2718.18 -0.00399
2718.3 -0.00407
2718.42 -0.00399
2718.54 -0.0038
2718.66 -0.00356
2718.78 -0.00324
2718.9 -0.00286
2719.02 -0.00263
2719.14 -0.00266
2719.26 -0.00284
2719.38 -0.00296
2719.5 -0.00297
2719.62 -0.00301
2719.74 -0.00322
2719.87 -0.00358
2719.99 -0.0039
2720.11 -0.00397
2720.23 -0.00376
2720.35 -0.0035
2720.47 -0.00345
2720.59 -0.0036
2720.71 -0.00356
2720.83 -0.00311
2720.95 -0.00253
2721.07 -0.0024
2721.19 -0.00287
2721.31 -0.00342
2721.43 -0.00343
2721.55 -0.00285
2721.67 -0.00213
2721.79 -0.00168
2721.91 -0.00156
2722.04 -0.00166
2722.16 -0.00201
2722.28 -0.00262
2722.4 -0.00325
2722.52 -0.00345
2722.64 -0.00309
2722.76 -0.00252
2722.88 -0.00229
2723 -0.0026
2723.12 -0.00314
2723.24 -0.0035
2723.36 -0.00352
2723.48 -0.00329
2723.6 -0.0029
2723.72 -0.00243
2723.84 -0.00211
2723.96 -0.00215
2724.08 -0.00256
2724.21 -0.00303
2724.33 -0.00324
2724.45 -0.00315
2724.57 -0.0029
2724.69 -0.00263
2724.81 -0.00244
2724.93 -0.00242
2725.05 -0.00259
2725.17 -0.00281
2725.29 -0.00296
2725.41 -0.00297
2725.53 -0.0029
2725.65 -0.00275
2725.77 -0.00253
2725.89 -0.00232
2726.01 -0.00226
2726.13 -0.0024
2726.25 -0.00262
2726.38 -0.00272
2726.5 -0.00262
2726.62 -0.00231
2726.74 -0.00196
2726.86 -0.00179
2726.98 -0.00189
2727.1 -0.00205
2727.22 -0.00201
2727.34 -0.00181
2727.46 -0.00178
2727.58 -0.00215
2727.7 -0.00269
2727.82 -0.00298
2727.94 -0.00283
2728.06 -0.00245
2728.18 -0.00215
2728.3 -0.00201
2728.42 -0.00197
2728.54 -0.00197
2728.67 -0.00205
2728.79 -0.00226
2728.91 -0.00258
2729.03 -0.00287
2729.15 -0.00304
2729.27 -0.00315
2729.39 -0.0034
2729.51 -0.00379
2729.63 -0.00408
2729.75 -0.00407
2729.87 -0.00384
2729.99 -0.00371
2730.11 -0.00377
2730.23 -0.00383
2730.35 -0.00364
2730.47 -0.00319
2730.59 -0.00267
2730.71 -0.00236
2730.84 -0.00244
2730.96 -0.00291
2731.08 -0.00347
2731.2 -0.00368
2731.32 -0.00339
2731.44 -0.00289
2731.56 -0.00263
2731.68 -0.00279
2731.8 -0.00321
2731.92 -0.00365
2732.04 -0.00392
2732.16 -0.00385
2732.28 -0.00344
2732.4 -0.00288
2732.52 -0.00251
2732.64 -0.00253
2732.76 -0.00287
2732.88 -0.00332
2733.01 -0.00366
2733.13 -0.00364
2733.25 -0.00323
2733.37 -0.00266
2733.49 -0.00235
2733.61 -0.00248
2733.73 -0.00282
2733.85 -0.00307
2733.97 -0.00318
2734.09 -0.00326
2734.21 -0.00332
2734.33 -0.0032
2734.45 -0.00283
2734.57 -0.0024
2734.69 -0.00223
2734.81 -0.00241
2734.93 -0.00278
2735.05 -0.00307
2735.18 -0.00306
2735.3 -0.00277
2735.42 -0.00243
2735.54 -0.00224
2735.66 -0.00216
2735.78 -0.00197
2735.9 -0.00155
2736.02 -0.00117
2736.14 -0.00124
2736.26 -0.00188
2736.38 -0.00269
2736.5 -0.00315
2736.62 -0.00307
2736.74 -0.00275
2736.86 -0.00264
2736.98 -0.00288
2737.1 -0.00322
2737.22 -0.00326
2737.34 -0.00281
2737.47 -0.00211
2737.59 -0.00163
2737.71 -0.00169
2737.83 -0.0021
2737.95 -0.00232
2738.07 -0.00196
2738.19 -0.00125
2738.31 -8.19344E-4
2738.43 -0.00113
2738.55 -0.00207
2738.67 -0.00309
2738.79 -0.00371
2738.91 -0.00378
2739.03 -0.00347
2739.15 -0.00308
2739.27 -0.00294
2739.39 -0.00317
2739.51 -0.00357
2739.64 -0.00377
2739.76 -0.00357
2739.88 -0.00316
2740 -0.00291
2740.12 -0.003
2740.24 -0.00329
2740.36 -0.00351
2740.48 -0.00349
2740.6 -0.00323
2740.72 -0.00284
2740.84 -0.00256
2740.96 -0.00256
2741.08 -0.00286
2741.2 -0.00332
2741.32 -0.00378
2741.44 -0.00416
2741.56 -0.00441
2741.68 -0.00451
2741.81 -0.00447
2741.93 -0.00439
2742.05 -0.00435
2742.17 -0.00432
2742.29 -0.0042
2742.41 -0.00399
2742.53 -0.00377
2742.65 -0.00358
2742.77 -0.00342
2742.89 -0.00329
2743.01 -0.0032
2743.13 -0.00308
2743.25 -0.00278
2743.37 -0.00231
2743.49 -0.00204
2743.61 -0.00231
2743.73 -0.00307
2743.85 -0.00377
2743.98 -0.00394
2744.1 -0.0036
2744.22 -0.00319
2744.34 -0.00304
2744.46 -0.00308
2744.58 -0.00305
2744.7 -0.00288
2744.82 -0.00279
2744.94 -0.00298
2745.06 -0.00338
2745.18 -0.00375
2745.3 -0.00398
2745.42 -0.00408
2745.54 -0.00405
2745.66 -0.0038
2745.78 -0.0034
2745.9 -0.00319
2746.02 -0.00346
2746.15 -0.00402
2746.27 -0.00435
2746.39 -0.00413
2746.51 -0.00359
2746.63 -0.00314
2746.75 -0.00292
2746.87 -0.00277
2746.99 -0.00266
2747.11 -0.00279
2747.23 -0.0033
2747.35 -0.00399
2747.47 -0.00444
2747.59 -0.00441
2747.71 -0.00405
2747.83 -0.00375
2747.95 -0.00378
2748.07 -0.00391
2748.19 -0.00369
2748.32 -0.00295
2748.44 -0.00215
2748.56 -0.00189
2748.68 -0.00226
2748.8 -0.00274
2748.92 -0.00288
2749.04 -0.00278
2749.16 -0.00269
2749.28 -0.00255
2749.4 -0.00214
2749.52 -0.00168
2749.64 -0.00166
2749.76 -0.00223
2749.88 -0.00292
2750 -0.0032
2750.12 -0.00307
2750.24 -0.0029
2750.36 -0.00286
2750.49 -0.00275
2750.61 -0.00242
2750.73 -0.00209
2750.85 -0.0021
2750.97 -0.00253
2751.09 -0.00307
2751.21 -0.00333
2751.33 -0.00318
2751.45 -0.0028
2751.57 -0.0025
2751.69 -0.00245
2751.81 -0.00261
2751.93 -0.00287
2752.05 -0.00321
2752.17 -0.00362
2752.29 -0.00399
2752.41 -0.00413
2752.53 -0.004
2752.66 -0.0038
2752.78 -0.00377
2752.9 -0.00389
2753.02 -0.00384
2753.14 -0.00338
2753.26 -0.00267
2753.38 -0.00219
2753.5 -0.00229
2753.62 -0.00286
2753.74 -0.0033
2753.86 -0.00313
2753.98 -0.00243
2754.1 -0.00175
2754.22 -0.00163
2754.34 -0.00214
2754.46 -0.00294
2754.58 -0.00361
2754.7 -0.00386
2754.82 -0.00366
2754.95 -0.00319
2755.07 -0.00279
2755.19 -0.00268
2755.31 -0.00282
2755.43 -0.00298
2755.55 -0.00296
2755.67 -0.00278
2755.79 -0.00257
2755.91 -0.00253
2756.03 -0.00285
2756.15 -0.00352
2756.27 -0.00414
2756.39 -0.00424
2756.51 -0.00375
2756.63 -0.00315
2756.75 -0.00301
2756.87 -0.00339
2756.99 -0.00396
2757.12 -0.00433
2757.24 -0.00425
2757.36 -0.0036
2757.48 -0.00258
2757.6 -0.00177
2757.72 -0.00175
2757.84 -0.00239
2757.96 -0.00295
2758.08 -0.00296
2758.2 -0.00278
2758.32 -0.00299
2758.44 -0.00358
2758.56 -0.00398
2758.68 -0.00391
2758.8 -0.00368
2758.92 -0.00366
2759.04 -0.00373
2759.16 -0.00362
2759.29 -0.00342
2759.41 -0.0035
2759.53 -0.00392
2759.65 -0.00424
2759.77 -0.00396
2759.89 -0.00314
2760.01 -0.00233
2760.13 -0.00203
2760.25 -0.00222
2760.37 -0.0025
2760.49 -0.00252
2760.61 -0.0023
2760.73 -0.0021
2760.85 -0.00211
2760.97 -0.00235
2761.09 -0.00277
2761.21 -0.00323
2761.33 -0.00354
2761.46 -0.00356
2761.58 -0.00341
2761.7 -0.00343
2761.82 -0.00378
2761.94 -0.0043
2762.06 -0.00462
2762.18 -0.0046
2762.3 -0.00432
2762.42 -0.00396
2762.54 -0.00367
2762.66 -0.00357
2762.78 -0.00369
2762.9 -0.00379
2763.02 -0.00358
2763.14 -0.00306
2763.26 -0.00257
2763.38 -0.00251
2763.5 -0.00299
2763.63 -0.00371
2763.75 -0.00416
2763.87 -0.004
2763.99 -0.00327
2764.11 -0.00255
2764.23 -0.00254
2764.35 -0.00338
2764.47 -0.00446
2764.59 -0.00496
2764.71 -0.00464
2764.83 -0.00394
2764.95 -0.00336
2765.07 -0.00306
2765.19 -0.00296
2765.31 -0.00302
2765.43 -0.00319
2765.55 -0.00329
2765.67 -0.00309
2765.79 -0.00269
2765.92 -0.00243
2766.04 -0.00252
2766.16 -0.00271
2766.28 -0.00271
2766.4 -0.00251
2766.52 -0.00239
2766.64 -0.00252
2766.76 -0.0028
2766.88 -0.00307
2767 -0.00332
2767.12 -0.00358
2767.24 -0.00373
2767.36 -0.00365
2767.48 -0.00341
2767.6 -0.00318
2767.72 -0.003
2767.84 -0.00274
2767.96 -0.00249
2768.09 -0.00254
2768.21 -0.00305
2768.33 -0.00371
2768.45 -0.004
2768.57 -0.0037
2768.69 -0.00302
2768.81 -0.00241
2768.93 -0.00217
2769.05 -0.00237
2769.17 -0.00281
2769.29 -0.00322
2769.41 -0.00346
2769.53 -0.00369
2769.65 -0.0041
2769.77 -0.00449
2769.89 -0.00437
2770.01 -0.0036
2770.13 -0.00271
2770.26 -0.00252
2770.38 -0.00314
2770.5 -0.00381
2770.62 -0.00376
2770.74 -0.00306
2770.86 -0.0025
2770.98 -0.00267
2771.1 -0.00334
2771.22 -0.00381
2771.34 -0.00369
2771.46 -0.00321
2771.58 -0.00282
2771.7 -0.00274
2771.82 -0.00292
2771.94 -0.00321
2772.06 -0.00349
2772.18 -0.00362
2772.3 -0.00349
2772.43 -0.00318
2772.55 -0.00297
2772.67 -0.00306
2772.79 -0.00343
2772.91 -0.00384
2773.03 -0.00409
2773.15 -0.00404
2773.27 -0.00374
2773.39 -0.00335
2773.51 -0.00307
2773.63 -0.00298
2773.75 -0.00298
2773.87 -0.00293
2773.99 -0.0029
2774.11 -0.00297
2774.23 -0.00315
2774.35 -0.00324
2774.47 -0.00321
2774.6 -0.00322
2774.72 -0.0034
2774.84 -0.00362
2774.96 -0.00358
2775.08 -0.00317
2775.2 -0.00261
2775.32 -0.00224
2775.44 -0.0022
2775.56 -0.0024
2775.68 -0.00265
2775.8 -0.00282
2775.92 -0.00295
2776.04 -0.00316
2776.16 -0.00353
2776.28 -0.00399
2776.4 -0.00428
2776.52 -0.00419
2776.64 -0.00376
2776.77 -0.00328
2776.89 -0.00306
2777.01 -0.00312
2777.13 -0.00323
2777.25 -0.00314
2777.37 -0.00277
2777.49 -0.00231
2777.61 -0.00195
2777.73 -0.00182
2777.85 -0.00192
2777.97 -0.00218
2778.09 -0.00253
2778.21 -0.00288
2778.33 -0.00315
2778.45 -0.00329
2778.57 -0.00335
2778.69 -0.00338
2778.81 -0.00337
2778.94 -0.00323
2779.06 -0.00289
2779.18 -0.00249
2779.3 -0.00221
2779.42 -0.00218
2779.54 -0.0023
2779.66 -0.00239
2779.78 -0.00236
2779.9 -0.0022
2780.02 -0.00201
2780.14 -0.00187
2780.26 -0.00183
2780.38 -0.00195
2780.5 -0.00222
2780.62 -0.00259
2780.74 -0.00293
2780.86 -0.00315
2780.98 -0.00325
2781.1 -0.00329
2781.23 -0.00335
2781.35 -0.00347
2781.47 -0.00365
2781.59 -0.00379
2781.71 -0.00378
2781.83 -0.00349
2781.95 -0.003
2782.07 -0.0026
2782.19 -0.00255
2782.31 -0.00275
2782.43 -0.00288
2782.55 -0.00277
2782.67 -0.00261
2782.79 -0.0027
2782.91 -0.00296
2783.03 -0.003
2783.15 -0.00265
2783.27 -0.00222
2783.4 -0.00208
2783.52 -0.00225
2783.64 -0.00239
2783.76 -0.00235
2783.88 -0.00242
2784 -0.00291
2784.12 -0.00371
2784.24 -0.00431
2784.36 -0.00446
2784.48 -0.00436
2784.6 -0.00441
2784.72 -0.00469
2784.84 -0.005
2784.96 -0.00517
2785.08 -0.00514
2785.2 -0.00486
2785.32 -0.00423
2785.44 -0.00338
2785.57 -0.00275
2785.69 -0.00268
2785.81 -0.00303
2785.93 -0.00333
2786.05 -0.00334
2786.17 -0.00323
2786.29 -0.00328
2786.41 -0.00353
2786.53 -0.0038
2786.65 -0.00398
2786.77 -0.00409
2786.89 -0.00419
2787.01 -0.00423
2787.13 -0.00411
2787.25 -0.00378
2787.37 -0.00333
2787.49 -0.00297
2787.61 -0.0029
2787.74 -0.00309
2787.86 -0.00328
2787.98 -0.00327
2788.1 -0.00314
2788.22 -0.0032
2788.34 -0.00353
2788.46 -0.0039
2788.58 -0.00398
2788.7 -0.00382
2788.82 -0.00371
2788.94 -0.00376
2789.06 -0.00361
2789.18 -0.0029
2789.3 -0.00181
2789.42 -9.75337E-4
2789.54 -8.8482E-4
2789.66 -0.00139
2789.78 -0.00199
2789.91 -0.00241
2790.03 -0.00284
2790.15 -0.00338
2790.27 -0.0038
2790.39 -0.00381
2790.51 -0.00354
2790.63 -0.00342
2790.75 -0.00368
2790.87 -0.00402
2790.99 -0.00405
2791.11 -0.00375
2791.23 -0.0034
2791.35 -0.00316
2791.47 -0.00288
2791.59 -0.00236
2791.71 -0.00178
2791.83 -0.00155
2791.95 -0.00187
2792.08 -0.00248
2792.2 -0.00288
2792.32 -0.00292
2792.44 -0.00282
2792.56 -0.00291
2792.68 -0.00324
2792.8 -0.00367
2792.92 -0.00407
2793.04 -0.00444
2793.16 -0.00469
2793.28 -0.00468
2793.4 -0.00443
2793.52 -0.00412
2793.64 -0.00386
2793.76 -0.00359
2793.88 -0.00329
2794 -0.00312
2794.12 -0.0033
2794.25 -0.00375
2794.37 -0.00418
2794.49 -0.00436
2794.61 -0.00432
2794.73 -0.00417
2794.85 -0.00395
2794.97 -0.00364
2795.09 -0.00331
2795.21 -0.00303
2795.33 -0.00279
2795.45 -0.00246
2795.57 -0.00206
2795.69 -0.00181
2795.81 -0.0019
2795.93 -0.00225
2796.05 -0.00257
2796.17 -0.0027
2796.29 -0.00277
2796.42 -0.00298
2796.54 -0.00324
2796.66 -0.00324
2796.78 -0.00288
2796.9 -0.00251
2797.02 -0.00256
2797.14 -0.00299
2797.26 -0.00337
2797.38 -0.00342
2797.5 -0.00333
2797.62 -0.00342
2797.74 -0.00367
2797.86 -0.00376
2797.98 -0.00354
2798.1 -0.00323
2798.22 -0.00313
2798.34 -0.00326
2798.46 -0.00329
2798.58 -0.00292
2798.71 -0.00227
2798.83 -0.00176
2798.95 -0.00171
2799.07 -0.00198
2799.19 -0.00217
2799.31 -0.00205
2799.43 -0.00181
2799.55 -0.00172
2799.67 -0.00179
2799.79 -0.00185
2799.91 -0.00189
2800.03 -0.00211
2800.15 -0.0026
2800.27 -0.00316
2800.39 -0.00352
2800.51 -0.00361
2800.63 -0.00352
2800.75 -0.00332
2800.88 -0.00297
2801 -0.00256
2801.12 -0.00232
2801.24 -0.00234
2801.36 -0.00252
2801.48 -0.0027
2801.6 -0.00298
2801.72 -0.00347
2801.84 -0.00396
2801.96 -0.00397
2802.08 -0.00334
2802.2 -0.00251
2802.32 -0.00208
2802.44 -0.00211
2802.56 -0.00214
2802.68 -0.00194
2802.8 -0.00172
2802.92 -0.00166
2803.05 -0.00157
2803.17 -0.00121
2803.29 -7.5686E-4
2803.41 -6.88139E-4
2803.53 -0.00117
2803.65 -0.0019
2803.77 -0.00256
2803.89 -0.00306
2804.01 -0.00338
2804.13 -0.0034
2804.25 -0.00312
2804.37 -0.00283
2804.49 -0.00288
2804.61 -0.00326
2804.73 -0.00363
2804.85 -0.00367
2804.97 -0.00335
2805.09 -0.00292
2805.22 -0.00265
2805.34 -0.00263
2805.46 -0.00275
2805.58 -0.00288
2805.7 -0.00305
2805.82 -0.00331
2805.94 -0.00363
2806.06 -0.00388
2806.18 -0.00409
2806.3 -0.00437
2806.42 -0.00463
2806.54 -0.00456
2806.66 -0.00405
2806.78 -0.00344
2806.9 -0.00312
2807.02 -0.00306
2807.14 -0.00293
2807.26 -0.00271
2807.39 -0.00276
2807.51 -0.00327
2807.63 -0.00389
2807.75 -0.00414
2807.87 -0.00392
2807.99 -0.00354
2808.11 -0.00322
2808.23 -0.00306
2808.35 -0.00307
2808.47 -0.00334
2808.59 -0.00384
2808.71 -0.00441
2808.83 -0.00492
2808.95 -0.00532
2809.07 -0.00556
2809.19 -0.00552
2809.31 -0.00512
2809.43 -0.00453
2809.55 -0.00412
2809.68 -0.00415
2809.8 -0.00446
2809.92 -0.00458
2810.04 -0.00424
2810.16 -0.00362
2810.28 -0.00315
2810.4 -0.00305
2810.52 -0.00323
2810.64 -0.00348
2810.76 -0.00363
2810.88 -0.00357
2811 -0.00324
2811.12 -0.00284
2811.24 -0.0027
2811.36 -0.00292
2811.48 -0.00322
2811.6 -0.00331
2811.72 -0.00322
2811.85 -0.00319
2811.97 -0.00329
2812.09 -0.00329
2812.21 -0.0031
2812.33 -0.00288
2812.45 -0.00278
2812.57 -0.00271
2812.69 -0.00255
2812.81 -0.00243
2812.93 -0.00258
2813.05 -0.00297
2813.17 -0.00339
2813.29 -0.00364
2813.41 -0.00378
2813.53 -0.00387
2813.65 -0.00388
2813.77 -0.00372
2813.89 -0.00347
2814.02 -0.00331
2814.14 -0.00336
2814.26 -0.00353
2814.38 -0.00368
2814.5 -0.00378
2814.62 -0.0039
2814.74 -0.00407
2814.86 -0.00426
2814.98 -0.00443
2815.1 -0.00451
2815.22 -0.00442
2815.34 -0.00404
2815.46 -0.00341
2815.58 -0.00283
2815.7 -0.00258
2815.82 -0.00268
2815.94 -0.00294
2816.06 -0.0032
2816.19 -0.00343
2816.31 -0.00361
2816.43 -0.00357
2816.55 -0.00318
2816.67 -0.00257
2816.79 -0.00197
2816.91 -0.00157
2817.03 -0.00149
2817.15 -0.00181
2817.27 -0.0025
2817.39 -0.00325
2817.51 -0.00357
2817.63 -0.00324
2817.75 -0.00249
2817.87 -0.0019
2817.99 -0.00192
2818.11 -0.00245
2818.23 -0.00296
2818.36 -0.00296
2818.48 -0.00256
2818.6 -0.00243
2818.72 -0.00305
2818.84 -0.00408
2818.96 -0.00469
2819.08 -0.00451
2819.2 -0.00402
2819.32 -0.00395
2819.44 -0.0044
2819.56 -0.00485
2819.68 -0.00486
2819.8 -0.00451
2819.92 -0.00414
2820.04 -0.00398
2820.16 -0.00408
2820.28 -0.00445
2820.4 -0.00487
2820.53 -0.00493
2820.65 -0.00435
2820.77 -0.00337
2820.89 -0.00261
2821.01 -0.00237
2821.13 -0.00239
2821.25 -0.00221
2821.37 -0.00175
2821.49 -0.0013
2821.61 -0.00108
2821.73 -0.00112
2821.85 -0.00138
2821.97 -0.00194
2822.09 -0.00276
2822.21 -0.00351
2822.33 -0.00372
2822.45 -0.00327
2822.57 -0.00258
2822.7 -0.00228
2822.82 -0.00261
2822.94 -0.00319
2823.06 -0.00341
2823.18 -0.00319
2823.3 -0.00303
2823.42 -0.00343
2823.54 -0.00423
2823.66 -0.00476
2823.78 -0.00457
2823.9 -0.00395
2824.02 -0.00354
2824.14 -0.00366
2824.26 -0.00406
2824.38 -0.00432
2824.5 -0.00422
2824.62 -0.00383
2824.74 -0.00332
2824.86 -0.00286
2824.99 -0.00264
2825.11 -0.00274
2825.23 -0.0031
2825.35 -0.00349
2825.47 -0.00364
2825.59 -0.00339
2825.71 -0.00274
2825.83 -0.00191
2825.95 -0.00136
2826.07 -0.00143
2826.19 -0.00207
2826.31 -0.00281
2826.43 -0.0032
2826.55 -0.00324
2826.67 -0.00324
2826.79 -0.0034
2826.91 -0.00349
2827.03 -0.00314
2827.16 -0.00239
2827.28 -0.0018
2827.4 -0.00183
2827.52 -0.00238
2827.64 -0.00286
2827.76 -0.00287
2827.88 -0.00254
2828 -0.00223
2828.12 -0.00215
2828.24 -0.00225
2828.36 -0.0025
2828.48 -0.00292
2828.6 -0.00339
2828.72 -0.00355
2828.84 -0.00321
2828.96 -0.00271
2829.08 -0.00261
2829.2 -0.00311
2829.33 -0.00383
2829.45 -0.00417
2829.57 -0.00392
2829.69 -0.00335
2829.81 -0.00291
2829.93 -0.00287
2830.05 -0.00316
2830.17 -0.00349
2830.29 -0.00354
2830.41 -0.00323
2830.53 -0.00285
2830.65 -0.00272
2830.77 -0.00288
2830.89 -0.00302
2831.01 -0.00283
2831.13 -0.00238
2831.25 -0.00202
2831.37 -0.00195
2831.5 -0.00207
2831.62 -0.00214
2831.74 -0.00206
2831.86 -0.00195
2831.98 -0.00204
2832.1 -0.00245
2832.22 -0.00306
2832.34 -0.00362
2832.46 -0.00393
2832.58 -0.00401
2832.7 -0.004
2832.82 -0.00389
2832.94 -0.00351
2833.06 -0.0028
2833.18 -0.00202
2833.3 -0.00161
2833.42 -0.00172
2833.54 -0.00204
2833.67 -0.00221
2833.79 -0.0022
2833.91 -0.00226
2834.03 -0.00254
2834.15 -0.00286
2834.27 -0.00295
2834.39 -0.00278
2834.51 -0.00257
2834.63 -0.00251
2834.75 -0.00262
2834.87 -0.00286
2834.99 -0.00326
2835.11 -0.00381
2835.23 -0.00428
2835.35 -0.0044
2835.47 -0.00414
2835.59 -0.00369
2835.71 -0.00327
2835.83 -0.00295
2835.96 -0.00277
2836.08 -0.00281
2836.2 -0.00312
2836.32 -0.00355
2836.44 -0.00382
2836.56 -0.00376
2836.68 -0.00352
2836.8 -0.00339
2836.92 -0.00349
2837.04 -0.00373
2837.16 -0.00397
2837.28 -0.00419
2837.4 -0.00443
2837.52 -0.0046
2837.64 -0.0045
2837.76 -0.00411
2837.88 -0.00376
2838 -0.00383
2838.13 -0.00434
2838.25 -0.00488
2838.37 -0.00508
2838.49 -0.00498
2838.61 -0.00481
2838.73 -0.00471
2838.85 -0.00458
2838.97 -0.00442
2839.09 -0.00434
2839.21 -0.00441
2839.33 -0.00438
2839.45 -0.00396
2839.57 -0.00327
2839.69 -0.00286
2839.81 -0.00311
2839.93 -0.00375
2840.05 -0.00408
2840.17 -0.00381
2840.3 -0.00339
2840.42 -0.00346
2840.54 -0.00398
2840.66 -0.00416
2840.78 -0.00343
2840.9 -0.00228
2841.02 -0.00175
2841.14 -0.00229
2841.26 -0.00325
2841.38 -0.00367
2841.5 -0.00342
2841.62 -0.00323
2841.74 -0.00376
2841.86 -0.00483
2841.98 -0.00566
2842.1 -0.00568
2842.22 -0.00499
2842.34 -0.00415
2842.47 -0.00361
2842.59 -0.00338
2842.71 -0.00321
2842.83 -0.00289
2842.95 -0.00252
2843.07 -0.00231
2843.19 -0.0023
2843.31 -0.00232
2843.43 -0.00224
2843.55 -0.00215
2843.67 -0.00223
2843.79 -0.00246
2843.91 -0.00272
2844.03 -0.00289
2844.15 -0.00293
2844.27 -0.0028
2844.39 -0.00259
2844.51 -0.00251
2844.64 -0.00267
2844.76 -0.0029
2844.88 -0.00292
2845 -0.00279
2845.12 -0.00288
2845.24 -0.00339
2845.36 -0.004
2845.48 -0.00429
2845.6 -0.00433
2845.72 -0.00444
2845.84 -0.00464
2845.96 -0.00455
2846.08 -0.00395
2846.2 -0.00314
2846.32 -0.00267
2846.44 -0.00275
2846.56 -0.00317
2846.68 -0.00354
2846.81 -0.00367
2846.93 -0.00359
2847.05 -0.00359
2847.17 -0.00393
2847.29 -0.00451
2847.41 -0.00488
2847.53 -0.00469
2847.65 -0.00413
2847.77 -0.00376
2847.89 -0.00388
2848.01 -0.0042
2848.13 -0.0043
2848.25 -0.00406
2848.37 -0.00372
2848.49 -0.00353
2848.61 -0.00352
2848.73 -0.00354
2848.85 -0.00346
2848.98 -0.00327
2849.1 -0.00305
2849.22 -0.00293
2849.34 -0.00299
2849.46 -0.00322
2849.58 -0.00349
2849.7 -0.0036
2849.82 -0.00338
2849.94 -0.00284
2850.06 -0.00217
2850.18 -0.00168
2850.3 -0.00165
2850.42 -0.00212
2850.54 -0.0028
2850.66 -0.00327
2850.78 -0.00328
2850.9 -0.00305
2851.02 -0.00312
2851.15 -0.00371
2851.27 -0.00444
2851.39 -0.00459
2851.51 -0.00388
2851.63 -0.00272
2851.75 -0.00184
2851.87 -0.00165
2851.99 -0.0021
2852.11 -0.00284
2852.23 -0.00345
2852.35 -0.00362
2852.47 -0.00325
2852.59 -0.00258
2852.71 -0.0021
2852.83 -0.00218
2852.95 -0.00272
2853.07 -0.00323
2853.19 -0.00318
2853.31 -0.00248
2853.44 -0.00171
2853.56 -0.00161
2853.68 -0.00245
2853.8 -0.00376
2853.92 -0.00475
2854.04 -0.00499
2854.16 -0.00466
2854.28 -0.00422
2854.4 -0.00397
2854.52 -0.00388
2854.64 -0.00374
2854.76 -0.00342
2854.88 -0.00301
2855 -0.00273
2855.12 -0.0027
2855.24 -0.00285
2855.36 -0.00303
2855.48 -0.00322
2855.61 -0.00348
2855.73 -0.00379
2855.85 -0.00403
2855.97 -0.00411
2856.09 -0.00405
2856.21 -0.00381
2856.33 -0.00334
2856.45 -0.00281
2856.57 -0.00265
2856.69 -0.00314
2856.81 -0.004
2856.93 -0.00458
2857.05 -0.00453
2857.17 -0.00408
2857.29 -0.00373
2857.41 -0.00371
2857.53 -0.00386
2857.65 -0.00391
2857.78 -0.00376
2857.9 -0.00339
2858.02 -0.00285
2858.14 -0.00227
2858.26 -0.00185
2858.38 -0.00173
2858.5 -0.0019
2858.62 -0.00225
2858.74 -0.0026
2858.86 -0.00276
2858.98 -0.00267
2859.1 -0.0025
2859.22 -0.00262
2859.34 -0.00319
2859.46 -0.00387
2859.58 -0.00415
2859.7 -0.00395
2859.82 -0.00378
2859.95 -0.00412
2860.07 -0.00472
2860.19 -0.00485
2860.31 -0.00426
2860.43 -0.00348
2860.55 -0.00314
2860.67 -0.00318
2860.79 -0.00305
2860.91 -0.00254
2861.03 -0.00207
2861.15 -0.00212
2861.27 -0.00263
2861.39 -0.00316
2861.51 -0.00343
2861.63 -0.00345
2861.75 -0.0034
2861.87 -0.00335
2861.99 -0.00335
2862.11 -0.00342
2862.24 -0.0036
2862.36 -0.00388
2862.48 -0.00419
2862.6 -0.00432
2862.72 -0.00409
2862.84 -0.00357
2862.96 -0.0031
2863.08 -0.00292
2863.2 -0.0028
2863.32 -0.00241
2863.44 -0.00186
2863.56 -0.00175
2863.68 -0.00246
2863.8 -0.00363
2863.92 -0.0044
2864.04 -0.00428
2864.16 -0.00355
2864.28 -0.00286
2864.41 -0.00261
2864.53 -0.00279
2864.65 -0.00318
2864.77 -0.0036
2864.89 -0.00392
2865.01 -0.00395
2865.13 -0.00364
2865.25 -0.0032
2865.37 -0.00303
2865.49 -0.00327
2865.61 -0.00365
2865.73 -0.00379
2865.85 -0.0037
2865.97 -0.00375
2866.09 -0.00412
2866.21 -0.0044
2866.33 -0.00408
2866.45 -0.00325
2866.58 -0.00257
2866.7 -0.00251
2866.82 -0.00279
2866.94 -0.00278
2867.06 -0.0023
2867.18 -0.00183
2867.3 -0.00195
2867.42 -0.00269
2867.54 -0.00347
2867.66 -0.00365
2867.78 -0.00312
2867.9 -0.00242
2868.02 -0.00224
2868.14 -0.00272
2868.26 -0.00335
2868.38 -0.0036
2868.5 -0.00341
2868.62 -0.00303
2868.75 -0.00252
2868.87 -0.00182
2868.99 -0.00118
2869.11 -0.00117
2869.23 -0.00197
2869.35 -0.00297
2869.47 -0.00339
2869.59 -0.00315
2869.71 -0.00281
2869.83 -0.00277
2869.95 -0.0029
2870.07 -0.00304
2870.19 -0.00323
2870.31 -0.00353
2870.43 -0.00375
2870.55 -0.00389
2870.67 -0.0043
2870.79 -0.0052
2870.92 -0.00606
2871.04 -0.00613
2871.16 -0.00537
2871.28 -0.00453
2871.4 -0.00422
2871.52 -0.00422
2871.64 -0.00403
2871.76 -0.00366
2871.88 -0.00353
2872 -0.0038
2872.12 -0.00408
2872.24 -0.00399
2872.36 -0.00356
2872.48 -0.00315
2872.6 -0.003
2872.72 -0.00305
2872.84 -0.00313
2872.96 -0.00317
2873.09 -0.00324
2873.21 -0.00334
2873.33 -0.00323
2873.45 -0.0027
2873.57 -0.00202
2873.69 -0.00188
2873.81 -0.00267
2873.93 -0.0039
2874.05 -0.00467
2874.17 -0.00463
2874.29 -0.00428
2874.41 -0.0042
2874.53 -0.00435
2874.65 -0.00426
2874.77 -0.00375
2874.89 -0.0031
2875.01 -0.00256
2875.13 -0.00203
2875.26 -0.00138
2875.38 -8.91276E-4
2875.5 -0.00104
2875.62 -0.00192
2875.74 -0.00299
2875.86 -0.00359
2875.98 -0.00362
2876.1 -0.00361
2876.22 -0.00403
2876.34 -0.0047
2876.46 -0.0051
2876.58 -0.00496
2876.7 -0.00457
2876.82 -0.00426
2876.94 -0.00401
2877.06 -0.00362
2877.18 -0.00312
2877.3 -0.0028
2877.43 -0.00274
2877.55 -0.00272
2877.67 -0.00253
2877.79 -0.0023
2877.91 -0.00228
2878.03 -0.00242
2878.15 -0.00244
2878.27 -0.00227
2878.39 -0.00222
2878.51 -0.00262
2878.63 -0.00334
2878.75 -0.00391
2878.87 -0.00401
2878.99 -0.00376
2879.11 -0.00349
2879.23 -0.00336
2879.35 -0.00328
2879.47 -0.00318
2879.59 -0.00318
2879.72 -0.00341
2879.84 -0.00389
2879.96 -0.00441
2880.08 -0.0048
2880.2 -0.005
2880.32 -0.00496
2880.44 -0.0045
2880.56 -0.00359
2880.68 -0.00264
2880.8 -0.00239
2880.92 -0.00316
2881.04 -0.00443
2881.16 -0.00526
2881.28 -0.00524
2881.4 -0.00478
2881.52 -0.00446
2881.64 -0.00443
2881.76 -0.0045
2881.89 -0.00449
2882.01 -0.00435
2882.13 -0.004
2882.25 -0.00351
2882.37 -0.00324
2882.49 -0.00355
2882.61 -0.0042
2882.73 -0.00446
2882.85 -0.00391
2882.97 -0.00299
2883.09 -0.00249
2883.21 -0.00269
2883.33 -0.00317
2883.45 -0.00341
2883.57 -0.00325
2883.69 -0.00288
2883.81 -0.00263
2883.93 -0.00271
2884.06 -0.00305
2884.18 -0.00327
2884.3 -0.00309
2884.42 -0.00271
2884.54 -0.00255
2884.66 -0.00271
2884.78 -0.00283
2884.9 -0.00262
2885.02 -0.0023
2885.14 -0.00234
2885.26 -0.00274
2885.38 -0.00308
2885.5 -0.00302
2885.62 -0.00277
2885.74 -0.00276
2885.86 -0.0031
2885.98 -0.0035
2886.1 -0.00364
2886.23 -0.00353
2886.35 -0.0034
2886.47 -0.00337
2886.59 -0.00336
2886.71 -0.00327
2886.83 -0.00319
2886.95 -0.00329
2887.07 -0.00358
2887.19 -0.00396
2887.31 -0.00428
2887.43 -0.00449
2887.55 -0.00451
2887.67 -0.00411
2887.79 -0.00319
2887.91 -0.00211
2888.03 -0.00158
2888.15 -0.00203
2888.27 -0.00312
2888.4 -0.00401
2888.52 -0.00417
2888.64 -0.00383
2888.76 -0.00364
2888.88 -0.00388
2889 -0.00422
2889.12 -0.00417
2889.24 -0.00364
2889.36 -0.003
2889.48 -0.00265
2889.6 -0.00266
2889.72 -0.00289
2889.84 -0.00316
2889.96 -0.00342
2890.08 -0.00357
2890.2 -0.00342
2890.32 -0.0029
2890.44 -0.0022
2890.56 -0.00171
2890.69 -0.00171
2890.81 -0.00215
2890.93 -0.00277
2891.05 -0.00329
2891.17 -0.00361
2891.29 -0.00373
2891.41 -0.00364
2891.53 -0.00335
2891.65 -0.00295
2891.77 -0.00262
2891.89 -0.00244
2892.01 -0.00238
2892.13 -0.00234
2892.25 -0.00235
2892.37 -0.0025
2892.49 -0.00287
2892.61 -0.00342
2892.73 -0.00403
2892.86 -0.00459
2892.98 -0.00494
2893.1 -0.00499
2893.22 -0.00488
2893.34 -0.00489
2893.46 -0.00514
2893.58 -0.00535
2893.7 -0.00509
2893.82 -0.00424
2893.94 -0.00317
2894.06 -0.0023
2894.18 -0.0018
2894.3 -0.00166
2894.42 -0.00187
2894.54 -0.00241
2894.66 -0.00305
2894.78 -0.00346
2894.9 -0.00354
2895.03 -0.00349
2895.15 -0.00351
2895.27 -0.00358
2895.39 -0.00354
2895.51 -0.00326
2895.63 -0.00275
2895.75 -0.00213
2895.87 -0.00169
2895.99 -0.0018
2896.11 -0.0026
2896.23 -0.00377
2896.35 -0.00477
2896.47 -0.00531
2896.59 -0.00547
2896.71 -0.00547
2896.83 -0.00532
2896.95 -0.00497
2897.07 -0.00455
2897.2 -0.00435
2897.32 -0.00448
2897.44 -0.00471
2897.56 -0.00464
2897.68 -0.00418
2897.8 -0.00371
2897.92 -0.00372
2898.04 -0.00414
2898.16 -0.00441
2898.28 -0.00408
2898.4 -0.00339
2898.52 -0.003
2898.64 -0.00321
2898.76 -0.00367
2898.88 -0.00384
2899 -0.00363
2899.12 -0.00338
2899.24 -0.0034
2899.37 -0.00357
2899.49 -0.00345
2899.61 -0.00284
2899.73 -0.00204
2899.85 -0.00166
2899.97 -0.00198
2900.09 -0.00272
2900.21 -0.00342
2900.33 -0.00387
2900.45 -0.0041
2900.57 -0.00413
2900.69 -0.00394
2900.81 -0.00375
2900.93 -0.00389
2901.05 -0.0043
2901.17 -0.0045
2901.29 -0.00413
2901.41 -0.00349
2901.54 -0.00306
2901.66 -0.00292
2901.78 -0.0027
2901.9 -0.00231
2902.02 -0.0021
2902.14 -0.00242
2902.26 -0.00318
2902.38 -0.00401
2902.5 -0.00465
2902.62 -0.005
2902.74 -0.00501
2902.86 -0.00467
2902.98 -0.00407
2903.1 -0.00344
2903.22 -0.00304
2903.34 -0.00301
2903.46 -0.00326
2903.58 -0.00335
2903.71 -0.00278
2903.83 -0.00157
2903.95 -4.07372E-4
2904.07 -5.28321E-5
2904.19 -6.39141E-4
2904.31 -0.00168
2904.43 -0.00268
2904.55 -0.00351
2904.67 -0.00413
2904.79 -0.00437
2904.91 -0.00409
2905.03 -0.00347
2905.15 -0.00286
2905.27 -0.00248
2905.39 -0.00228
2905.51 -0.00222
2905.63 -0.00236
2905.75 -0.00278
2905.88 -0.00337
2906 -0.00388
2906.12 -0.00409
2906.24 -0.00396
2906.36 -0.00365
2906.48 -0.0034
2906.6 -0.00343
2906.72 -0.00381
2906.84 -0.0044
2906.96 -0.0049
2907.08 -0.00501
2907.2 -0.00463
2907.32 -0.00399
2907.44 -0.00351
2907.56 -0.0035
2907.68 -0.00384
2907.8 -0.00415
2907.92 -0.00414
2908.04 -0.00391
2908.17 -0.00373
2908.29 -0.0037
2908.41 -0.0037
2908.53 -0.0036
2908.65 -0.00337
2908.77 -0.00309
2908.89 -0.00281
2909.01 -0.00245
2909.13 -0.00199
2909.25 -0.00156
2909.37 -0.00144
2909.49 -0.00182
2909.61 -0.00249
2909.73 -0.00303
2909.85 -0.00326
2909.97 -0.00348
2910.09 -0.00395
2910.21 -0.00439
2910.34 -0.00419
2910.46 -0.00329
2910.58 -0.00243
2910.7 -0.00237
2910.82 -0.00293
2910.94 -0.00332
2911.06 -0.00318
2911.18 -0.00296
2911.3 -0.00316
2911.42 -0.00357
2911.54 -0.00363
2911.66 -0.00327
2911.78 -0.00297
2911.9 -0.00312
2912.02 -0.00356
2912.14 -0.00384
2912.26 -0.00382
2912.38 -0.00364
2912.51 -0.00337
2912.63 -0.00293
2912.75 -0.00225
2912.87 -0.00148
2912.99 -8.69237E-4
2913.11 -6.48726E-4
2913.23 -8.83617E-4
2913.35 -0.00146
2913.47 -0.00213
2913.59 -0.00261
2913.71 -0.00275
2913.83 -0.00261
2913.95 -0.00238
2914.07 -0.00225
2914.19 -0.00229
2914.31 -0.00244
2914.43 -0.00239
2914.55 -0.00187
2914.68 -9.91639E-4
2914.8 -4.13276E-4
2914.92 -7.87184E-4
2915.04 -0.00207
2915.16 -0.00344
2915.28 -0.00403
2915.4 -0.00373
2915.52 -0.00315
2915.64 -0.00299
2915.76 -0.00342
2915.88 -0.00413
2916 -0.00465
2916.12 -0.00466
2916.24 -0.00415
2916.36 -0.00338
2916.48 -0.00277
2916.6 -0.00254
2916.72 -0.00254
2916.84 -0.00249
2916.97 -0.00232
2917.09 -0.00217
2917.21 -0.00213
2917.33 -0.00215
2917.45 -0.00225
2917.57 -0.00261
2917.69 -0.00327
2917.81 -0.00383
2917.93 -0.00374
2918.05 -0.00302
2918.17 -0.00233
2918.29 -0.00222
2918.41 -0.00254
2918.53 -0.00269
2918.65 -0.00248
2918.77 -0.00229
2918.89 -0.00243
2919.01 -0.00269
2919.14 -0.00272
2919.26 -0.00269
2919.38 -0.00299
2919.5 -0.00348
2919.62 -0.00356
2919.74 -0.00298
2919.86 -0.00235
2919.98 -0.00238
2920.1 -0.00292
2920.22 -0.00321
2920.34 -0.00285
2920.46 -0.00228
2920.58 -0.0022
2920.7 -0.00282
2920.82 -0.00381
2920.94 -0.00472
2921.06 -0.00525
2921.18 -0.0053
2921.31 -0.00495
2921.43 -0.00447
2921.55 -0.00407
2921.67 -0.00374
2921.79 -0.00345
2921.91 -0.00333
2922.03 -0.00352
2922.15 -0.0038
2922.27 -0.0038
2922.39 -0.00344
2922.51 -0.00312
2922.63 -0.00328
2922.75 -0.00376
2922.87 -0.00399
2922.99 -0.00357
2923.11 -0.0027
2923.23 -0.00192
2923.35 -0.00167
2923.48 -0.00207
2923.6 -0.00286
2923.72 -0.00362
2923.84 -0.00398
2923.96 -0.00387
2924.08 -0.00361
2924.2 -0.00361
2924.32 -0.00407
2924.44 -0.00478
2924.56 -0.00522
2924.68 -0.005
2924.8 -0.00424
2924.92 -0.00352
2925.04 -0.00336
2925.16 -0.00368
2925.28 -0.00398
2925.4 -0.00399
2925.52 -0.00389
2925.65 -0.00403
2925.77 -0.00436
2925.89 -0.00453
2926.01 -0.00429
2926.13 -0.00386
2926.25 -0.00361
2926.37 -0.00375
2926.49 -0.00402
2926.61 -0.00402
2926.73 -0.00354
2926.85 -0.00285
2926.97 -0.00244
2927.09 -0.00266
2927.21 -0.00342
2927.33 -0.00439
2927.45 -0.00524
2927.57 -0.00578
2927.69 -0.00588
2927.82 -0.00556
2927.94 -0.00507
2928.06 -0.00466
2928.18 -0.00424
2928.3 -0.00359
2928.42 -0.0027
2928.54 -0.00183
2928.66 -0.00125
2928.78 -0.00107
2928.9 -0.00134
2929.02 -0.00209
2929.14 -0.00299
2929.26 -0.0034
2929.38 -0.00299
2929.5 -0.00217
2929.62 -0.00168
2929.74 -0.00186
2929.86 -0.00255
2929.99 -0.00347
2930.11 -0.00448
2930.23 -0.00526
2930.35 -0.00535
2930.47 -0.00461
2930.59 -0.00339
2930.71 -0.00225
2930.83 -0.00159
2930.95 -0.00151
2931.07 -0.00188
2931.19 -0.00245
2931.31 -0.00295
2931.43 -0.00338
2931.55 -0.00391
2931.67 -0.00448
2931.79 -0.00474
2931.91 -0.00452
2932.03 -0.00418
2932.16 -0.0042
2932.28 -0.00452
2932.4 -0.00466
2932.52 -0.0043
2932.64 -0.00366
2932.76 -0.00312
2932.88 -0.0028
2933 -0.00263
2933.12 -0.0025
2933.24 -0.00239
2933.36 -0.0024
2933.48 -0.00279
2933.6 -0.00361
2933.72 -0.00446
2933.84 -0.0047
2933.96 -0.00417
2934.08 -0.00345
2934.2 -0.00322
2934.32 -0.00349
2934.45 -0.00377
2934.57 -0.00379
2934.69 -0.00374
2934.81 -0.00377
2934.93 -0.00365
2935.05 -0.0031
2935.17 -0.00245
2935.29 -0.00235
2935.41 -0.00309
2935.53 -0.00412
2935.65 -0.00461
2935.77 -0.00428
2935.89 -0.00366
2936.01 -0.00345
2936.13 -0.00379
2936.25 -0.00417
2936.37 -0.00407
2936.49 -0.00342
2936.62 -0.00265
2936.74 -0.00221
2936.86 -0.00225
2936.98 -0.00263
2937.1 -0.00308
2937.22 -0.00348
2937.34 -0.00391
2937.46 -0.00447
2937.58 -0.00502
2937.7 -0.00517
2937.82 -0.00465
2937.94 -0.00373
2938.06 -0.00299
2938.18 -0.00276
2938.3 -0.00282
2938.42 -0.00277
2938.54 -0.00252
2938.66 -0.00237
2938.79 -0.00256
2938.91 -0.00303
2939.03 -0.00354
2939.15 -0.00392
2939.27 -0.00415
2939.39 -0.00427
2939.51 -0.00419
2939.63 -0.0038
2939.75 -0.00315
2939.87 -0.00258
2939.99 -0.00242
2940.11 -0.00275
2940.23 -0.00332
2940.35 -0.00382
2940.47 -0.00424
2940.59 -0.00469
2940.71 -0.00514
2940.83 -0.00533
2940.96 -0.00509
2941.08 -0.00451
2941.2 -0.00385
2941.32 -0.00334
2941.44 -0.00314
2941.56 -0.00341
2941.68 -0.00407
2941.8 -0.00464
2941.92 -0.00462
2942.04 -0.00401
2942.16 -0.0033
2942.28 -0.0029
2942.4 -0.00277
2942.52 -0.00273
2942.64 -0.00287
2942.76 -0.00335
2942.88 -0.00401
2943 -0.00437
2943.13 -0.00422
2943.25 -0.00377
2943.37 -0.00335
2943.49 -0.00306
2943.61 -0.00287
2943.73 -0.00277
2943.85 -0.00271
2943.97 -0.00248
2944.09 -0.00212
2944.21 -0.00204
2944.33 -0.00258
2944.45 -0.00339
2944.57 -0.00363
2944.69 -0.00301
2944.81 -0.00215
2944.93 -0.00187
2945.05 -0.00218
2945.17 -0.00241
2945.3 -0.0021
2945.42 -0.00155
2945.54 -0.00136
2945.66 -0.00168
2945.78 -0.00221
2945.9 -0.00262
2946.02 -0.00283
2946.14 -0.00297
2946.26 -0.00312
2946.38 -0.00335
2946.5 -0.00375
2946.62 -0.00434
2946.74 -0.0049
2946.86 -0.00506
2946.98 -0.00464
2947.1 -0.00391
2947.22 -0.00339
2947.34 -0.00335
2947.47 -0.00359
2947.59 -0.00365
2947.71 -0.00334
2947.83 -0.00286
2947.95 -0.0025
2948.07 -0.00237
2948.19 -0.00234
2948.31 -0.00233
2948.43 -0.00237
2948.55 -0.00257
2948.67 -0.00294
2948.79 -0.0033
2948.91 -0.00344
2949.03 -0.00327
2949.15 -0.00292
2949.27 -0.00265
2949.39 -0.00253
2949.51 -0.00252
2949.63 -0.00252
2949.76 -0.00257
2949.88 -0.00275
2950 -0.00312
2950.12 -0.00355
2950.24 -0.00384
2950.36 -0.00386
2950.48 -0.00365
2950.6 -0.00337
2950.72 -0.00311
2950.84 -0.00289
2950.96 -0.00272
2951.08 -0.00269
2951.2 -0.00287
2951.32 -0.00307
2951.44 -0.00302
2951.56 -0.00267
2951.68 -0.00235
2951.8 -0.00239
2951.93 -0.00269
2952.05 -0.00286
2952.17 -0.00275
2952.29 -0.00261
2952.41 -0.00285
2952.53 -0.00354
2952.65 -0.0044
2952.77 -0.00497
2952.89 -0.00493
2953.01 -0.00437
2953.13 -0.00383
2953.25 -0.00391
2953.37 -0.00461
2953.49 -0.00533
2953.61 -0.00543
2953.73 -0.00494
2953.85 -0.00427
2953.97 -0.00368
2954.1 -0.00311
2954.22 -0.00255
2954.34 -0.00229
2954.46 -0.00249
2954.58 -0.00302
2954.7 -0.0036
2954.82 -0.00418
2954.94 -0.00473
2955.06 -0.005
2955.18 -0.00464
2955.3 -0.00377
2955.42 -0.00305
2955.54 -0.00307
2955.66 -0.0038
2955.78 -0.00455
2955.9 -0.00471
2956.02 -0.00428
2956.14 -0.00376
2956.27 -0.00358
2956.39 -0.00375
2956.51 -0.00397
2956.63 -0.00407
2956.75 -0.00411
2956.87 -0.00412
2956.99 -0.004
2957.11 -0.00369
2957.23 -0.0034
2957.35 -0.00339
2957.47 -0.00358
2957.59 -0.00362
2957.71 -0.00335
2957.83 -0.00297
2957.95 -0.00273
2958.07 -0.0027
2958.19 -0.0028
2958.31 -0.00299
2958.44 -0.00322
2958.56 -0.00336
2958.68 -0.00331
2958.8 -0.00319
2958.92 -0.00318
2959.04 -0.00329
2959.16 -0.00333
2959.28 -0.00329
2959.4 -0.00334
2959.52 -0.00359
2959.64 -0.00383
2959.76 -0.00369
2959.88 -0.00314
2960 -0.00255
2960.12 -0.00241
2960.24 -0.00285
2960.36 -0.0035
2960.48 -0.00383
2960.6 -0.00366
2960.73 -0.00326
2960.85 -0.00313
2960.97 -0.00343
2961.09 -0.00392
2961.21 -0.00416
2961.33 -0.0039
2961.45 -0.00323
2961.57 -0.00251
2961.69 -0.0021
2961.81 -0.00212
2961.93 -0.00231
2962.05 -0.00236
2962.17 -0.00228
2962.29 -0.00233
2962.41 -0.00258
2962.53 -0.00267
2962.65 -0.00222
2962.77 -0.00143
2962.9 -9.58774E-4
2963.02 -0.00123
2963.14 -0.00207
2963.26 -0.00302
2963.38 -0.00377
2963.5 -0.00418
2963.62 -0.00413
2963.74 -0.0036
2963.86 -0.00285
2963.98 -0.00232
2964.1 -0.00228
2964.22 -0.00272
2964.34 -0.00349
2964.46 -0.00435
2964.58 -0.00503
2964.7 -0.00522
2964.82 -0.0049
2964.94 -0.00429
2965.07 -0.00365
2965.19 -0.00306
2965.31 -0.00259
2965.43 -0.00244
2965.55 -0.00272
2965.67 -0.0031
2965.79 -0.00309
2965.91 -0.00257
2966.03 -0.00191
2966.15 -0.00157
2966.27 -0.00166
2966.39 -0.00204
2966.51 -0.00259
2966.63 -0.00324
2966.75 -0.00379
2966.87 -0.004
2966.99 -0.00392
2967.11 -0.00394
2967.24 -0.00434
2967.36 -0.00491
2967.48 -0.00524
2967.6 -0.00513
2967.72 -0.00466
2967.84 -0.00392
2967.96 -0.00296
2968.08 -0.00204
2968.2 -0.00162
2968.32 -0.00188
2968.44 -0.00243
2968.56 -0.00269
2968.68 -0.00253
2968.8 -0.00235
2968.92 -0.00242
2969.04 -0.00255
2969.16 -0.00249
2969.28 -0.0024
2969.41 -0.00262
2969.53 -0.00312
2969.65 -0.0034
2969.77 -0.0031
2969.89 -0.00242
2970.01 -0.00188
2970.13 -0.00178
2970.25 -0.00202
2970.37 -0.00232
2970.49 -0.00251
2970.61 -0.00258
2970.73 -0.00262
2970.85 -0.00271
2970.97 -0.00286
2971.09 -0.00305
2971.21 -0.00326
2971.33 -0.00351
2971.45 -0.00367
2971.58 -0.00356
2971.7 -0.00311
2971.82 -0.00253
2971.94 -0.00215
2972.06 -0.00213
2972.18 -0.00246
2972.3 -0.00305
2972.42 -0.00374
2972.54 -0.00422
2972.66 -0.00423
2972.78 -0.00386
2972.9 -0.00349
2973.02 -0.00333
2973.14 -0.00323
2973.26 -0.00301
2973.38 -0.00291
2973.5 -0.00325
2973.62 -0.00401
2973.75 -0.00472
2973.87 -0.00494
2973.99 -0.00462
2974.11 -0.00405
2974.23 -0.0035
2974.35 -0.00309
2974.47 -0.0028
2974.59 -0.00261
2974.71 -0.00258
2974.83 -0.0028
2974.95 -0.00327
2975.07 -0.00378
2975.19 -0.00408
2975.31 -0.00404
2975.43 -0.00375
2975.55 -0.00333
2975.67 -0.00288
2975.79 -0.00245
2975.92 -0.00214
2976.04 -0.00201
2976.16 -0.00204
2976.28 -0.0022
2976.4 -0.00252
2976.52 -0.00297
2976.64 -0.00339
2976.76 -0.0036
2976.88 -0.00355
2977 -0.00337
2977.12 -0.00314
2977.24 -0.00289
2977.36 -0.0027
2977.48 -0.00263
2977.6 -0.00263
2977.72 -0.00256
2977.84 -0.00249
2977.96 -0.00274
2978.08 -0.00355
2978.21 -0.00459
2978.33 -0.00526
2978.45 -0.00532
2978.57 -0.0051
2978.69 -0.00499
2978.81 -0.00491
2978.93 -0.0046
2979.05 -0.00412
2979.17 -0.00376
2979.29 -0.00351
2979.41 -0.00305
2979.53 -0.00231
2979.65 -0.00174
2979.77 -0.00169
2979.89 -0.00202
2980.01 -0.00243
2980.13 -0.00298
2980.25 -0.00385
2980.38 -0.00475
2980.5 -0.00505
2980.62 -0.00462
2980.74 -0.00406
2980.86 -0.00391
2980.98 -0.00408
2981.1 -0.00421
2981.22 -0.00437
2981.34 -0.00476
2981.46 -0.0052
2981.58 -0.00516
2981.7 -0.00443
2981.82 -0.0034
2981.94 -0.00258
2982.06 -0.00217
2982.18 -0.00215
2982.3 -0.00252
2982.42 -0.00321
2982.55 -0.00397
2982.67 -0.00456
2982.79 -0.00492
2982.91 -0.00502
2983.03 -0.0048
2983.15 -0.00426
2983.27 -0.00364
2983.39 -0.00316
2983.51 -0.00285
2983.63 -0.00262
2983.75 -0.00248
2983.87 -0.00247
2983.99 -0.00255
2984.11 -0.00265
2984.23 -0.00282
2984.35 -0.0031
2984.47 -0.00335
2984.59 -0.00329
2984.72 -0.0029
2984.84 -0.00251
2984.96 -0.00237
2985.08 -0.00238
2985.2 -0.00225
2985.32 -0.00189
2985.44 -0.00157
2985.56 -0.00166
2985.68 -0.00221
2985.8 -0.00292
2985.92 -0.0033
2986.04 -0.00312
2986.16 -0.00261
2986.28 -0.00228
2986.4 -0.00242
2986.52 -0.00294
2986.64 -0.0035
2986.76 -0.00386
2986.89 -0.0039
2987.01 -0.00359
2987.13 -0.00305
2987.25 -0.00258
2987.37 -0.00252
2987.49 -0.00289
2987.61 -0.00337
2987.73 -0.00358
2987.85 -0.00345
2987.97 -0.0032
2988.09 -0.0031
2988.21 -0.00322
2988.33 -0.00337
2988.45 -0.00341
2988.57 -0.00347
2988.69 -0.00379
2988.81 -0.00439
2988.93 -0.00481
2989.05 -0.00449
2989.18 -0.00347
2989.3 -0.00243
2989.42 -0.00217
2989.54 -0.00273
2989.66 -0.0034
2989.78 -0.00348
2989.9 -0.00296
2990.02 -0.00237
2990.14 -0.0022
2990.26 -0.00247
2990.38 -0.00294
2990.5 -0.00345
2990.62 -0.00395
2990.74 -0.00432
2990.86 -0.00435
2990.98 -0.00396
2991.1 -0.0034
2991.22 -0.0031
2991.35 -0.00326
2991.47 -0.00366
2991.59 -0.00389
2991.71 -0.00379
2991.83 -0.00354
2991.95 -0.00346
2992.07 -0.00355
2992.19 -0.00354
2992.31 -0.00324
2992.43 -0.00284
2992.55 -0.00276
2992.67 -0.00317
2992.79 -0.00382
2992.91 -0.00433
2993.03 -0.00457
2993.15 -0.00467
2993.27 -0.00476
2993.39 -0.00485
2993.52 -0.00489
2993.64 -0.00486
2993.76 -0.00468
2993.88 -0.00424
2994 -0.00349
2994.12 -0.00269
2994.24 -0.00227
2994.36 -0.0025
2994.48 -0.00328
2994.6 -0.00415
2994.72 -0.00455
2994.84 -0.00417
2994.96 -0.00316
2995.08 -0.0021
2995.2 -0.00158
2995.32 -0.00171
2995.44 -0.00216
2995.56 -0.00256
2995.69 -0.00276
2995.81 -0.00277
2995.93 -0.00249
2996.05 -0.00186
2996.17 -0.00104
2996.29 -4.80875E-4
2996.41 -5.38412E-4
2996.53 -0.00119
2996.65 -0.00212
2996.77 -0.003
2996.89 -0.00358
2997.01 -0.00376
2997.13 -0.00352
2997.25 -0.00301
2997.37 -0.00238
2997.49 -0.00174
2997.61 -0.00121
2997.73 -9.2699E-4
2997.86 -9.6434E-4
2997.98 -0.00123
2998.1 -0.00154
2998.22 -0.00184
2998.34 -0.00206
2998.46 -0.00198
2998.58 -0.00135
2998.7 -4.61336E-4
2998.82 -1.02121E-4
2998.94 -8.31064E-4
2999.06 -0.00221
2999.18 -0.00312
2999.3 -0.00287
2999.42 -0.00194
2999.54 -0.00132
2999.66 -0.00154
2999.78 -0.00216
2999.9 -0.00245
3000.03 -0.00215
3000.15 -0.00168
3000.27 -0.00166
3000.39 -0.00226
3000.51 -0.00305
3000.63 -0.00344
3000.75 -0.00326
3000.87 -0.00287
3000.99 -0.00279
3001.11 -0.0031
3001.23 -0.00341
3001.35 -0.00327
3001.47 -0.00268
3001.59 -0.00222
3001.71 -0.00243
3001.83 -0.00319
3001.95 -0.00374
3002.07 -0.00344
3002.2 -0.00245
3002.32 -0.00162
3002.44 -0.0016
3002.56 -0.00225
3002.68 -0.00299
3002.8 -0.00358
3002.92 -0.00415
3003.04 -0.00474
3003.16 -0.00501
3003.28 -0.00464
3003.4 -0.00385
3003.52 -0.00326
3003.64 -0.00322
3003.76 -0.00356
3003.88 -0.0039
3004 -0.00412
3004.12 -0.00426
3004.24 -0.00425
3004.36 -0.00392
3004.49 -0.00332
3004.61 -0.00289
3004.73 -0.00294
3004.85 -0.00324
3004.97 -0.00328
3005.09 -0.00286
3005.21 -0.00232
3005.33 -0.00209
3005.45 -0.00224
3005.57 -0.00252
3005.69 -0.0028
3005.81 -0.00313
3005.93 -0.00355
3006.05 -0.00392
3006.17 -0.00412
3006.29 -0.00413
3006.41 -0.00399
3006.53 -0.00371
3006.66 -0.00333
3006.78 -0.00302
3006.9 -0.00293
3007.02 -0.00297
3007.14 -0.00295
3007.26 -0.00278
3007.38 -0.00257
3007.5 -0.00238
3007.62 -0.00217
3007.74 -0.0019
3007.86 -0.00178
3007.98 -0.00206
3008.1 -0.0027
3008.22 -0.0033
3008.34 -0.00339
3008.46 -0.00292
3008.58 -0.00236
3008.7 -0.00222
3008.83 -0.00251
3008.95 -0.00281
3009.07 -0.00276
3009.19 -0.00244
3009.31 -0.00223
3009.43 -0.00236
3009.55 -0.00276
3009.67 -0.00317
3009.79 -0.00336
3009.91 -0.00321
3010.03 -0.0028
3010.15 -0.00232
3010.27 -0.00195
3010.39 -0.00183
3010.51 -0.00204
3010.63 -0.00262
3010.75 -0.0034
3010.87 -0.00395
3011 -0.00393
3011.12 -0.00348
3011.24 -0.00303
3011.36 -0.00281
3011.48 -0.00265
3011.6 -0.00244
3011.72 -0.00241
3011.84 -0.00276
3011.96 -0.00316
3012.08 -0.00309
3012.2 -0.00259
3012.32 -0.00229
3012.44 -0.00267
3012.56 -0.00338
3012.68 -0.00375
3012.8 -0.0036
3012.92 -0.00331
3013.04 -0.00324
3013.17 -0.00327
3013.29 -0.00316
3013.41 -0.00296
3013.53 -0.00293
3013.65 -0.00309
3013.77 -0.00317
3013.89 -0.00285
3014.01 -0.00217
3014.13 -0.00151
3014.25 -0.0013
3014.37 -0.00176
3014.49 -0.00271
3014.61 -0.00364
3014.73 -0.00404
3014.85 -0.00372
3014.97 -0.00303
3015.09 -0.00249
3015.21 -0.00232
3015.33 -0.00232
3015.46 -0.00222
3015.58 -0.00207
3015.7 -0.00202
3015.82 -0.00195
3015.94 -0.00168
3016.06 -0.00137
3016.18 -0.00151
3016.3 -0.00218
3016.42 -0.00284
3016.54 -0.003
3016.66 -0.00302
3016.78 -0.0036
3016.9 -0.00473
3017.02 -0.00545
3017.14 -0.00493
3017.26 -0.00352
3017.38 -0.00231
3017.5 -0.00196
3017.63 -0.00222
3017.75 -0.00248
3017.87 -0.00254
3017.99 -0.00262
3018.11 -0.003
3018.23 -0.00362
3018.35 -0.00408
3018.47 -0.00401
3018.59 -0.0035
3018.71 -0.00311
3018.83 -0.00328
3018.95 -0.00376
3019.07 -0.00376
3019.19 -0.00294
3019.31 -0.00185
3019.43 -0.00128
3019.55 -0.00147
3019.67 -0.00201
3019.8 -0.00248
3019.92 -0.00283
3020.04 -0.00308
3020.16 -0.0031
3020.28 -0.00274
3020.4 -0.00213
3020.52 -0.00168
3020.64 -0.00176
3020.76 -0.00236
3020.88 -0.00312
3021 -0.00357
3021.12 -0.00352
3021.24 -0.0032
3021.36 -0.00295
3021.48 -0.00277
3021.6 -0.00243
3021.72 -0.00179
3021.84 -0.00114
3021.97 -9.49606E-4
3022.09 -0.00138
3022.21 -0.0022
3022.33 -0.00304
3022.45 -0.00367
3022.57 -0.00399
3022.69 -0.00392
3022.81 -0.00349
3022.93 -0.00294
3023.05 -0.00267
3023.17 -0.0029
3023.29 -0.00347
3023.41 -0.00397
3023.53 -0.00408
3023.65 -0.00385
3023.77 -0.00352
3023.89 -0.00322
3024.01 -0.00284
3024.14 -0.00226
3024.26 -0.0016
3024.38 -0.00118
3024.5 -0.00133
3024.62 -0.00207
3024.74 -0.00306
3024.86 -0.00376
3024.98 -0.00383
3025.1 -0.00341
3025.22 -0.00303
3025.34 -0.00308
3025.46 -0.0034
3025.58 -0.0036
3025.7 -0.00354
3025.82 -0.00347
3025.94 -0.00362
3026.06 -0.00394
3026.18 -0.00418
3026.31 -0.00413
3026.43 -0.00378
3026.55 -0.00333
3026.67 -0.00307
3026.79 -0.0032
3026.91 -0.00357
3027.03 -0.00374
3027.15 -0.00344
3027.27 -0.00289
3027.39 -0.00255
3027.51 -0.00258
3027.63 -0.00263
3027.75 -0.00242
3027.87 -0.00209
3027.99 -0.00205
3028.11 -0.00233
3028.23 -0.0025
3028.35 -0.00217
3028.48 -0.00161
3028.6 -0.00151
3028.72 -0.00212
3028.84 -0.00291
3028.96 -0.00314
3029.08 -0.00272
3029.2 -0.00227
3029.32 -0.00226
3029.44 -0.00245
3029.56 -0.0023
3029.68 -0.00166
3029.8 -9.64932E-4
3029.92 -6.3917E-4
3030.04 -6.86787E-4
3030.16 -7.9925E-4
3030.28 -7.59084E-4
3030.4 -6.46789E-4
3030.52 -7.47155E-4
3030.65 -0.00129
3030.77 -0.00217
3030.89 -0.00293
3031.01 -0.00312
3031.13 -0.00273
3031.25 -0.0022
3031.37 -0.00195
3031.49 -0.00195
3031.61 -0.00189
3031.73 -0.00162
3031.85 -0.0013
3031.97 -0.00115
3032.09 -0.00128
3032.21 -0.00165
3032.33 -0.00218
3032.45 -0.00271
3032.57 -0.00311
3032.69 -0.0033
3032.81 -0.00326
3032.94 -0.00296
3033.06 -0.00246
3033.18 -0.00197
3033.3 -0.00185
3033.42 -0.00225
3033.54 -0.00291
3033.66 -0.00339
3033.78 -0.00344
3033.9 -0.00321
3034.02 -0.00309
3034.14 -0.00325
3034.26 -0.00358
3034.38 -0.00377
3034.5 -0.00371
3034.62 -0.00357
3034.74 -0.00355
3034.86 -0.00369
3034.98 -0.00381
3035.11 -0.0038
3035.23 -0.00373
3035.35 -0.00371
3035.47 -0.0037
3035.59 -0.00355
3035.71 -0.00318
3035.83 -0.00267
3035.95 -0.00221
3036.07 -0.00196
3036.19 -0.00209
3036.31 -0.00259
3036.43 -0.00318
3036.55 -0.00342
3036.67 -0.00309
3036.79 -0.00235
3036.91 -0.00168
3037.03 -0.0014
3037.15 -0.00154
3037.28 -0.00193
3037.4 -0.00231
3037.52 -0.00252
3037.64 -0.00252
3037.76 -0.0024
3037.88 -0.0023
3038 -0.00232
3038.12 -0.00242
3038.24 -0.0025
3038.36 -0.00256
3038.48 -0.00266
3038.6 -0.00275
3038.72 -0.00269
3038.84 -0.00234
3038.96 -0.00178
3039.08 -0.00131
3039.2 -0.00123
3039.32 -0.00165
3039.45 -0.00232
3039.57 -0.0029
3039.69 -0.00318
3039.81 -0.0032
3039.93 -0.00313
3040.05 -0.0031
3040.17 -0.00317
3040.29 -0.0034
3040.41 -0.00366
3040.53 -0.00362
3040.65 -0.00305
3040.77 -0.00217
3040.89 -0.00154
3041.01 -0.00154
3041.13 -0.00199
3041.25 -0.00241
3041.37 -0.0024
3041.49 -0.00193
3041.61 -0.00123
3041.74 -8.1094E-4
3041.86 -0.00113
3041.98 -0.00212
3042.1 -0.00299
3042.22 -0.00298
3042.34 -0.00216
3042.46 -0.00136
3042.58 -0.00119
3042.7 -0.00147
3042.82 -0.00173
3042.94 -0.00195
3043.06 -0.00237
3043.18 -0.00294
3043.3 -0.00333
3043.42 -0.00346
3043.54 -0.00363
3043.66 -0.00394
3043.78 -0.00401
3043.91 -0.00357
3044.03 -0.00292
3044.15 -0.0026
3044.27 -0.00267
3044.39 -0.00274
3044.51 -0.00258
3044.63 -0.00248
3044.75 -0.00272
3044.87 -0.00307
3044.99 -0.00305
3045.11 -0.00253
3045.23 -0.00185
3045.35 -0.00138
3045.47 -0.00115
3045.59 -9.84285E-4
3045.71 -8.90587E-4
3045.83 -0.00106
3045.95 -0.00161
3046.08 -0.00243
3046.2 -0.00322
3046.32 -0.00368
3046.44 -0.00353
3046.56 -0.00273
3046.68 -0.00161
3046.8 -7.59855E-4
3046.92 -5.03778E-4
3047.04 -6.06745E-4
3047.16 -6.17251E-4
3047.28 -4.47102E-4
3047.4 -3.99753E-4
3047.52 -6.52716E-4
3047.64 -9.92905E-4
3047.76 -0.00117
3047.88 -0.00129
3048 -0.0016
3048.12 -0.00207
3048.25 -0.00241
3048.37 -0.00248
3048.49 -0.00239
3048.61 -0.00233
3048.73 -0.00232
3048.85 -0.0024
3048.97 -0.00272
3049.09 -0.00321
3049.21 -0.00344
3049.33 -0.00288
3049.45 -0.0016
3049.57 -3.85728E-4
3049.69 -9.23127E-6
3049.81 -4.61102E-4
3049.93 -9.68389E-4
3050.05 -8.66722E-4
3050.17 -3.12977E-4
3050.29 -2.20276E-5
3050.42 -3.88995E-4
3050.54 -0.00105
3050.66 -0.00135
3050.78 -0.00101
3050.9 -3.20017E-4
3051.02 2.83234E-4
3051.14 5.18933E-4
3051.26 3.02892E-4
3051.38 -2.9958E-4
3051.5 -0.00105
3051.62 -0.00162
3051.74 -0.00188
3051.86 -0.00197
3051.98 -0.00211
3052.1 -0.00231
3052.22 -0.00241
3052.34 -0.00229
3052.46 -0.00198
3052.59 -0.00162
3052.71 -0.00131
3052.83 -0.00113
3052.95 -0.00105
3053.07 -0.00103
3053.19 -0.00111
3053.31 -0.00144
3053.43 -0.00203
3053.55 -0.00265
3053.67 -0.00293
3053.79 -0.00264
3053.91 -0.00197
3054.03 -0.00132
3054.15 -0.00111
3054.27 -0.00148
3054.39 -0.00214
3054.51 -0.00252
3054.63 -0.00219
3054.76 -0.00125
3054.88 -2.86087E-4
3055 6.93314E-5
3055.12 -2.97293E-4
3055.24 -9.34731E-4
3055.36 -0.00126
3055.48 -0.00106
3055.6 -6.54168E-4
3055.72 -5.60887E-4
3055.84 -0.00107
3055.96 -0.00198
3056.08 -0.00283
3056.2 -0.00321
3056.32 -0.00302
3056.44 -0.00242
3056.56 -0.00176
3056.68 -0.00135
3056.8 -0.00128
3056.93 -0.00129
3057.05 -0.00106
3057.17 -5.15241E-4
3057.29 1.05239E-5
3057.41 1.58511E-4
3057.53 -6.5133E-5
3057.65 -3.58082E-4
3057.77 -5.21697E-4
3057.89 -6.36782E-4
3058.01 -8.44888E-4
3058.13 -0.0011
3058.25 -0.00121
3058.37 -0.00109
3058.49 -8.57856E-4
3058.61 -7.29166E-4
3058.73 -8.65769E-4
3058.85 -0.00125
3058.97 -0.00165
3059.09 -0.00183
3059.22 -0.00177
3059.34 -0.0017
3059.46 -0.00176
3059.58 -0.00168
3059.7 -0.00108
3059.82 -4.18089E-5
3059.94 9.14689E-4
3060.06 0.0013
3060.18 0.00109
3060.3 4.71789E-4
3060.42 -4.29973E-4
3060.54 -0.00141
3060.66 -0.00194
3060.78 -0.00159
3060.9 -6.1664E-4
3061.02 1.02568E-4
3061.14 2.35774E-5
3061.26 -4.91627E-4
3061.39 -7.54915E-4
3061.51 -6.60099E-4
3061.63 -6.74725E-4
3061.75 -0.00107
3061.87 -0.00157
3061.99 -0.0018
3062.11 -0.00181
3062.23 -0.00191
3062.35 -0.00216
3062.47 -0.00234
3062.59 -0.0022
3062.71 -0.00172
3062.83 -0.00105
3062.95 -3.73159E-4
3063.07 1.50975E-4
3063.19 4.26032E-4
3063.31 4.92007E-4
3063.43 4.23849E-4
3063.56 1.92922E-4
3063.68 -2.99111E-4
3063.8 -0.00103
3063.92 -0.00177
3064.04 -0.00225
3064.16 -0.00231
3064.28 -0.002
3064.4 -0.00147
3064.52 -9.68859E-4
3064.64 -6.99602E-4
3064.76 -7.56536E-4
3064.88 -0.00105
3065 -0.00135
3065.12 -0.0014
3065.24 -0.00109
3065.36 -5.70841E-4
3065.48 -2.40911E-4
3065.6 -4.05952E-4
3065.73 -8.53386E-4
3065.85 -9.95435E-4
3065.97 -6.07572E-4
3066.09 -2.68236E-4
3066.21 -7.2543E-4
3066.33 -0.00182
3066.45 -0.00242
3066.57 -0.0017
3066.69 -1.45532E-4
3066.81 0.00105
3066.93 0.00135
3067.05 0.00126
3067.17 0.00133
3067.29 0.00135
3067.41 8.789E-4
3067.53 6.91302E-5
3067.65 -4.47985E-4
3067.77 -3.59863E-4
3067.9 4.35077E-5
3068.02 3.92657E-4
3068.14 6.0128E-4
3068.26 6.11771E-4
3068.38 2.32872E-4
3068.5 -4.9486E-4
3068.62 -0.00105
3068.74 -9.08762E-4
3068.86 -1.80803E-4
3068.98 5.08439E-4
3069.1 6.94543E-4
3069.22 4.02901E-4
3069.34 -1.62713E-4
3069.46 -9.02336E-4
3069.58 -0.00169
3069.7 -0.00223
3069.82 -0.00224
3069.94 -0.00176
3070.06 -0.00105
3070.19 -2.91526E-4
3070.31 4.9524E-4
3070.43 0.00127
3070.55 0.00191
3070.67 0.0023
3070.79 0.00239
3070.91 0.00214
3071.03 0.00147
3071.15 5.09366E-4
3071.27 -3.32467E-4
3071.39 -6.47265E-4
3071.51 -4.20351E-4
3071.63 -5.67697E-5
3071.75 4.06876E-5
3071.87 -1.5603E-4
3071.99 -3.85735E-4
3072.11 -4.81267E-4
3072.23 -5.11292E-4
3072.36 -5.87955E-4
3072.48 -6.99896E-4
3072.6 -8.1319E-4
3072.72 -0.001
3072.84 -0.00134
3072.96 -0.0017
3073.08 -0.00181
3073.2 -0.00161
3073.32 -0.0013
3073.44 -0.00112
3073.56 -9.93222E-4
3073.68 -7.20214E-4
3073.8 -2.83003E-4
3073.92 2.90684E-5
3074.04 -5.19268E-5
3074.16 -3.98926E-4
3074.28 -5.7051E-4
3074.4 -2.4664E-4
3074.53 4.64983E-4
3074.65 0.00116
3074.77 0.00149
3074.89 0.00136
3075.01 8.29984E-4
3075.13 1.26868E-4
3075.25 -4.16018E-4
3075.37 -5.00888E-4
3075.49 -1.82591E-4
3075.61 9.66899E-5
3075.73 -7.85626E-5
3075.85 -6.50886E-4
3075.97 -0.00119
3076.09 -0.00138
3076.21 -0.00131
3076.33 -0.00123
3076.45 -0.00115
3076.57 -8.69367E-4
3076.7 -2.23916E-4
3076.82 6.2076E-4
3076.94 0.00118
3077.06 0.00102
3077.18 2.42166E-4
3077.3 -4.49464E-4
3077.42 -3.82543E-4
3077.54 3.09978E-4
3077.66 7.17372E-4
3077.78 1.38056E-4
3077.9 -0.00107
3078.02 -0.00184
3078.14 -0.00153
3078.26 -4.96641E-4
3078.38 4.60021E-4
3078.5 9.29825E-4
3078.62 0.00107
3078.74 0.00117
3078.87 0.0013
3078.99 0.00146
3079.11 0.00163
3079.23 0.00169
3079.35 0.00144
3079.47 9.17103E-4
3079.59 4.39908E-4
3079.71 3.27978E-4
3079.83 4.3888E-4
3079.95 3.28153E-4
3080.07 -1.1402E-4
3080.19 -4.30927E-4
3080.31 -1.88075E-4
3080.43 4.00849E-4
3080.55 6.94759E-4
3080.67 4.42125E-4
3080.79 7.63759E-5
3080.91 1.4792E-4
3081.04 7.1134E-4
3081.16 0.00142
3081.28 0.00198
3081.4 0.00228
3081.52 0.00221
3081.64 0.00166
3081.76 8.56392E-4
3081.88 2.79807E-4
3082 2.12677E-4
3082.12 4.6486E-4
3082.24 6.38682E-4
3082.36 5.52755E-4
3082.48 3.16389E-4
3082.6 1.21057E-4
3082.72 9.78746E-5
3082.84 2.9235E-4
3082.96 6.18257E-4
3083.08 8.54257E-4
3083.21 8.24124E-4
3083.33 6.09551E-4
3083.45 5.03242E-4
3083.57 7.43352E-4
3083.69 0.00134
3083.81 0.00213
3083.93 0.00284
3084.05 0.00321
3084.17 0.00309
3084.29 0.00252
3084.41 0.00172
3084.53 9.31796E-4
3084.65 3.89595E-4
3084.77 3.24868E-4
3084.89 8.25733E-4
3085.01 0.00159
3085.13 0.00203
3085.25 0.00185
3085.38 0.00139
3085.5 0.00115
3085.62 0.00118
3085.74 0.00106
3085.86 6.6708E-4
3085.98 4.36936E-4
3086.1 8.43581E-4
3086.22 0.00169
3086.34 0.00231
3086.46 0.00233
3086.58 0.00207
3086.7 0.00209
3086.82 0.00251
3086.94 0.00299
3087.06 0.00313
3087.18 0.00283
3087.3 0.00233
3087.42 0.00211
3087.54 0.00246
3087.67 0.00323
3087.79 0.00382
3087.91 0.0037
3088.03 0.00292
3088.15 0.00198
3088.27 0.00138
3088.39 0.00135
3088.51 0.00183
3088.63 0.00258
3088.75 0.00317
3088.87 0.00325
3088.99 0.00282
3089.11 0.00225
3089.23 0.00185
3089.35 0.00156
3089.47 0.00121
3089.59 8.68771E-4
3089.71 8.69505E-4
3089.84 0.00136
3089.96 0.00204
3090.08 0.00243
3090.2 0.00231
3090.32 0.00192
3090.44 0.00172
3090.56 0.00198
3090.68 0.00251
3090.8 0.00285
3090.92 0.00275
3091.04 0.00235
3091.16 0.00204
3091.28 0.00199
3091.4 0.00204
3091.52 0.002
3091.64 0.00184
3091.76 0.00171
3091.88 0.00174
3092.01 0.00193
3092.13 0.00208
3092.25 0.00196
3092.37 0.00153
3092.49 0.00113
3092.61 0.00125
3092.73 0.00195
3092.85 0.00264
3092.97 0.00269
3093.09 0.00211
3093.21 0.00168
3093.33 0.00201
3093.45 0.00288
3093.57 0.0035
3093.69 0.00346
3093.81 0.00307
3093.93 0.00278
3094.05 0.00263
3094.18 0.00232
3094.3 0.00184
3094.42 0.00158
3094.54 0.00189
3094.66 0.00264
3094.78 0.00341
3094.9 0.00401
3095.02 0.00449
3095.14 0.00481
3095.26 0.00475
3095.38 0.00434
3095.5 0.00402
3095.62 0.00423
3095.74 0.0049
3095.86 0.00549
3095.98 0.00564
3096.1 0.00547
3096.22 0.00528
3096.35 0.00508
3096.47 0.0047
3096.59 0.00412
3096.71 0.00358
3096.83 0.00328
3096.95 0.00325
3097.07 0.0035
3097.19 0.00402
3097.31 0.00471
3097.43 0.00523
3097.55 0.00531
3097.67 0.00503
3097.79 0.00473
3097.91 0.0046
3098.03 0.00451
3098.15 0.00431
3098.27 0.0041
3098.39 0.00408
3098.51 0.00431
3098.64 0.00463
3098.76 0.00475
3098.88 0.00453
3099 0.00401
3099.12 0.00345
3099.24 0.00316
3099.36 0.00316
3099.48 0.00325
3099.6 0.00323
3099.72 0.00311
3099.84 0.00303
3099.96 0.00307
3100.08 0.00333
3100.2 0.00402
3100.32 0.00515
3100.44 0.00621
3100.56 0.00645
3100.68 0.00565
3100.81 0.00435
3100.93 0.00343
3101.05 0.00334
3101.17 0.00394
3101.29 0.00476
3101.41 0.00526
3101.53 0.00517
3101.65 0.00471
3101.77 0.00449
3101.89 0.00483
3102.01 0.00533
3102.13 0.00536
3102.25 0.0049
3102.37 0.00462
3102.49 0.0049
3102.61 0.00525
3102.73 0.00504
3102.85 0.00438
3102.98 0.00399
3103.1 0.00422
3103.22 0.00473
3103.34 0.00513
3103.46 0.00539
3103.58 0.00562
3103.7 0.00565
3103.82 0.00536
3103.94 0.00514
3104.06 0.00555
3104.18 0.00661
3104.3 0.00765
3104.42 0.008
3104.54 0.00766
3104.66 0.00704
3104.78 0.00642
3104.9 0.0058
3105.02 0.0052
3105.15 0.00477
3105.27 0.00455
3105.39 0.00436
3105.51 0.0041
3105.63 0.00393
3105.75 0.00407
3105.87 0.00448
3105.99 0.00482
3106.11 0.00488
3106.23 0.00471
3106.35 0.00458
3106.47 0.00467
3106.59 0.00498
3106.71 0.0053
3106.83 0.0054
3106.95 0.00524
3107.07 0.00509
3107.19 0.00526
3107.32 0.00568
3107.44 0.00591
3107.56 0.00564
3107.68 0.00509
3107.8 0.0048
3107.92 0.00496
3108.04 0.00526
3108.16 0.00526
3108.28 0.00494
3108.4 0.00467
3108.52 0.00478
3108.64 0.00524
3108.76 0.00575
3108.88 0.00609
3109 0.00625
3109.12 0.00641
3109.24 0.00671
3109.36 0.00715
3109.49 0.00758
3109.61 0.00779
3109.73 0.00773
3109.85 0.00745
3109.97 0.00714
3110.09 0.007
3110.21 0.00718
3110.33 0.00768
3110.45 0.00818
3110.57 0.00832
3110.69 0.00805
3110.81 0.00773
3110.93 0.00765
3111.05 0.00759
3111.17 0.007
3111.29 0.00577
3111.41 0.00458
3111.53 0.00435
3111.66 0.00534
3111.78 0.00697
3111.9 0.00839
3112.02 0.00905
3112.14 0.00887
3112.26 0.00815
3112.38 0.00748
3112.5 0.00744
3112.62 0.00811
3112.74 0.00886
3112.86 0.00882
3112.98 0.0078
3113.1 0.00647
3113.22 0.00574
3113.34 0.00581
3113.46 0.00617
3113.58 0.00635
3113.7 0.00649
3113.82 0.00704
3113.95 0.008
3114.07 0.00872
3114.19 0.00862
3114.31 0.00787
3114.43 0.00725
3114.55 0.00731
3114.67 0.00795
3114.79 0.00862
3114.91 0.00885
3115.03 0.00848
3115.15 0.00768
3115.27 0.00695
3115.39 0.00687
3115.51 0.0076
3115.63 0.00859
3115.75 0.00906
3115.87 0.00866
3115.99 0.00777
3116.12 0.00704
3116.24 0.00692
3116.36 0.00742
3116.48 0.00818
3116.6 0.00865
3116.72 0.00859
3116.84 0.00829
3116.96 0.00833
3117.08 0.00882
3117.2 0.0092
3117.32 0.00891
3117.44 0.00803
3117.56 0.00719
3117.68 0.00681
3117.8 0.00686
3117.92 0.00712
3118.04 0.00746
3118.16 0.00773
3118.29 0.00778
3118.41 0.00767
3118.53 0.00773
3118.65 0.00816
3118.77 0.00869
3118.89 0.0088
3119.01 0.00832
3119.13 0.00751
3119.25 0.0068
3119.37 0.0064
3119.49 0.00634
3119.61 0.00651
3119.73 0.00678
3119.85 0.00701
3119.97 0.00717
3120.09 0.0074
3120.21 0.00774
3120.33 0.00803
3120.46 0.0081
3120.58 0.00807
3120.7 0.00831
3120.82 0.00892
3120.94 0.00952
3121.06 0.00961
3121.18 0.00919
3121.3 0.00873
3121.42 0.00861
3121.54 0.00871
3121.66 0.00872
3121.78 0.00856
3121.9 0.00841
3122.02 0.00837
3122.14 0.00833
3122.26 0.00822
3122.38 0.0082
3122.5 0.0085
3122.63 0.00908
3122.75 0.00964
3122.87 0.00996
3122.99 0.01003
3123.11 0.01007
3123.23 0.01022
3123.35 0.01049
3123.47 0.01072
3123.59 0.01073
3123.71 0.01043
3123.83 0.00993
3123.95 0.00961
3124.07 0.00979
3124.19 0.01038
3124.31 0.0108
3124.43 0.01048
3124.55 0.00943
3124.67 0.00841
3124.8 0.00822
3124.92 0.00895
3125.04 0.00988
3125.16 0.01018
3125.28 0.00953
3125.4 0.00829
3125.52 0.00709
3125.64 0.0064
3125.76 0.00631
3125.88 0.00661
3126 0.00712
3126.12 0.00791
3126.24 0.00901
3126.36 0.01008
3126.48 0.01057
3126.6 0.01037
3126.72 0.01008
3126.84 0.01033
3126.97 0.01102
3127.09 0.01145
3127.21 0.01127
3127.33 0.01082
3127.45 0.01057
3127.57 0.01044
3127.69 0.01004
3127.81 0.00928
3127.93 0.00854
3128.05 0.00821
3128.17 0.00836
3128.29 0.00882
3128.41 0.00938
3128.53 0.00983
3128.65 0.01008
3128.77 0.01018
3128.89 0.01024
3129.01 0.01025
3129.14 0.01021
3129.26 0.01031
3129.38 0.01076
3129.5 0.01133
3129.62 0.01151
3129.74 0.01108
3129.86 0.01051
3129.98 0.0104
3130.1 0.0108
3130.22 0.01128
3130.34 0.01157
3130.46 0.01178
3130.58 0.01199
3130.7 0.01206
3130.82 0.01191
3130.94 0.01171
3131.06 0.01156
3131.18 0.01136
3131.3 0.01114
3131.43 0.01125
3131.55 0.01193
3131.67 0.0127
3131.79 0.0128
3131.91 0.01205
3132.03 0.01103
3132.15 0.01039
3132.27 0.01028
3132.39 0.01056
3132.51 0.01116
3132.63 0.012
3132.75 0.01272
3132.87 0.01291
3132.99 0.01259
3133.11 0.01217
3133.23 0.01208
3133.35 0.01243
3133.47 0.01308
3133.6 0.01374
3133.72 0.01404
3133.84 0.0138
3133.96 0.01325
3134.08 0.01278
3134.2 0.01257
3134.32 0.01237
3134.44 0.01189
3134.56 0.0112
3134.68 0.01065
3134.8 0.01054
3134.92 0.01091
3135.04 0.01155
3135.16 0.01216
3135.28 0.01251
3135.4 0.0126
3135.52 0.01255
3135.64 0.01242
3135.77 0.01225
3135.89 0.01217
3136.01 0.01241
3136.13 0.01295
3136.25 0.01336
3136.37 0.01329
3136.49 0.01283
3136.61 0.01233
3136.73 0.01198
3136.85 0.01175
3136.97 0.01173
3137.09 0.01209
3137.21 0.01258
3137.33 0.01268
3137.45 0.01229
3137.57 0.01197
3137.69 0.01228
3137.81 0.0129
3137.94 0.01293
3138.06 0.012
3138.18 0.01076
3138.3 0.01019
3138.42 0.01058
3138.54 0.01153
3138.66 0.0125
3138.78 0.01322
3138.9 0.01354
3139.02 0.01328
3139.14 0.01247
3139.26 0.01153
3139.38 0.01104
3139.5 0.0113
3139.62 0.01192
3139.74 0.01223
3139.86 0.01187
3139.98 0.01126
3140.1 0.0112
3140.23 0.0121
3140.35 0.01352
3140.47 0.01449
3140.59 0.01444
3140.71 0.01372
3140.83 0.01318
3140.95 0.01327
3141.07 0.01364
3141.19 0.01364
3141.31 0.01308
3141.43 0.01239
3141.55 0.01207
3141.67 0.01226
3141.79 0.01278
3141.91 0.01337
3142.03 0.01376
3142.15 0.01377
3142.27 0.01348
3142.4 0.01337
3142.52 0.01392
3142.64 0.01506
3142.76 0.01609
3142.88 0.01636
3143 0.01585
3143.12 0.01503
3143.24 0.01426
3143.36 0.01358
3143.48 0.01291
3143.6 0.01239
3143.72 0.01232
3143.84 0.01285
3143.96 0.01369
3144.08 0.01437
3144.2 0.0146
3144.32 0.01453
3144.44 0.01443
3144.57 0.01443
3144.69 0.0144
3144.81 0.01431
3144.93 0.01435
3145.05 0.01461
3145.17 0.01487
3145.29 0.01485
3145.41 0.0146
3145.53 0.01451
3145.65 0.01475
3145.77 0.01508
3145.89 0.01518
3146.01 0.01502
3146.13 0.01473
3146.25 0.01446
3146.37 0.01427
3146.49 0.01434
3146.61 0.01483
3146.74 0.01557
3146.86 0.01609
3146.98 0.01603
3147.1 0.01547
3147.22 0.01481
3147.34 0.01436
3147.46 0.01416
3147.58 0.0141
3147.7 0.0141
3147.82 0.01409
3147.94 0.01413
3148.06 0.01441
3148.18 0.01513
3148.3 0.01615
3148.42 0.01684
3148.54 0.0165
3148.66 0.01518
3148.78 0.0138
3148.91 0.01329
3149.03 0.01364
3149.15 0.01401
3149.27 0.01386
3149.39 0.01358
3149.51 0.01394
3149.63 0.01496
3149.75 0.01586
3149.87 0.01606
3149.99 0.01582
3150.11 0.01574
3150.23 0.01591
3150.35 0.01585
3150.47 0.01536
3150.59 0.01492
3150.71 0.01515
3150.83 0.01594
3150.95 0.01653
3151.08 0.0164
3151.2 0.01588
3151.32 0.01571
3151.44 0.01615
3151.56 0.01673
3151.68 0.01689
3151.8 0.01664
3151.92 0.01632
3152.04 0.01614
3152.16 0.01601
3152.28 0.01588
3152.4 0.01595
3152.52 0.01637
3152.64 0.01689
3152.76 0.01709
3152.88 0.01681
3153 0.01638
3153.12 0.0162
3153.25 0.01627
3153.37 0.01629
3153.49 0.01608
3153.61 0.01584
3153.73 0.01591
3153.85 0.01633
3153.97 0.01673
3154.09 0.01676
3154.21 0.01655
3154.33 0.01655
3154.45 0.01703
3154.57 0.0177
3154.69 0.01806
3154.81 0.01797
3154.93 0.01766
3155.05 0.01733
3155.17 0.01688
3155.29 0.01621
3155.42 0.01555
3155.54 0.01533
3155.66 0.01576
3155.78 0.01663
3155.9 0.01766
3156.02 0.01868
3156.14 0.01948
3156.26 0.01977
3156.38 0.01943
3156.5 0.01881
3156.62 0.01842
3156.74 0.01832
3156.86 0.01807
3156.98 0.01742
3157.1 0.01678
3157.22 0.01673
3157.34 0.01725
3157.46 0.01764
3157.58 0.01734
3157.71 0.0166
3157.83 0.01616
3157.95 0.01647
3158.07 0.0173
3158.19 0.01805
3158.31 0.01829
3158.43 0.01792
3158.55 0.01717
3158.67 0.01654
3158.79 0.01651
3158.91 0.01708
3159.03 0.01775
3159.15 0.01807
3159.27 0.01819
3159.39 0.01865
3159.51 0.01956
3159.63 0.02026
3159.75 0.0201
3159.88 0.01922
3160 0.01839
3160.12 0.01817
3160.24 0.01831
3160.36 0.01827
3160.48 0.01784
3160.6 0.01736
3160.72 0.0173
3160.84 0.01784
3160.96 0.01875
3161.08 0.01962
3161.2 0.02014
3161.32 0.02037
3161.44 0.02052
3161.56 0.02063
3161.68 0.02044
3161.8 0.01987
3161.92 0.01923
3162.05 0.01889
3162.17 0.01879
3162.29 0.01863
3162.41 0.01831
3162.53 0.01817
3162.65 0.01844
3162.77 0.01886
3162.89 0.01897
3163.01 0.01862
3163.13 0.01809
3163.25 0.01775
3163.37 0.01776
3163.49 0.01805
3163.61 0.01845
3163.73 0.01873
3163.85 0.01879
3163.97 0.01868
3164.09 0.01844
3164.22 0.0181
3164.34 0.01781
3164.46 0.01791
3164.58 0.01856
3164.7 0.01934
3164.82 0.01955
3164.94 0.01889
3165.06 0.01781
3165.18 0.01709
3165.3 0.01705
3165.42 0.0175
3165.54 0.01812
3165.66 0.01867
3165.78 0.01895
3165.9 0.01877
3166.02 0.01826
3166.14 0.01785
3166.26 0.01779
3166.39 0.01791
3166.51 0.01802
3166.63 0.01832
3166.75 0.01911
3166.87 0.02009
3166.99 0.02048
3167.11 0.01998
3167.23 0.01933
3167.35 0.01947
3167.47 0.02048
3167.59 0.02154
3167.71 0.02201
3167.83 0.0219
3167.95 0.02154
3168.07 0.02109
3168.19 0.02059
3168.31 0.02022
3168.43 0.02012
3168.55 0.02017
3168.68 0.02016
3168.8 0.02011
3168.92 0.02021
3169.04 0.0205
3169.16 0.02079
3169.28 0.02087
3169.4 0.02064
3169.52 0.0202
3169.64 0.01987
3169.76 0.02001
3169.88 0.02063
3170 0.0212
3170.12 0.02104
3170.24 0.02011
3170.36 0.01907
3170.48 0.01861
3170.6 0.01875
3170.72 0.01905
3170.85 0.01911
3170.97 0.01896
3171.09 0.01884
3171.21 0.01898
3171.33 0.01934
3171.45 0.01962
3171.57 0.01947
3171.69 0.01901
3171.81 0.0187
3171.93 0.01888
3172.05 0.01933
3172.17 0.01967
3172.29 0.01986
3172.41 0.02017
3172.53 0.02063
3172.65 0.02089
3172.77 0.02076
3172.89 0.0205
3173.02 0.02044
3173.14 0.02051
3173.26 0.02045
3173.38 0.02035
3173.5 0.02054
3173.62 0.02109
3173.74 0.02162
3173.86 0.0218
3173.98 0.02171
3174.1 0.0216
3174.22 0.0216
3174.34 0.02173
3174.46 0.02204
3174.58 0.02238
3174.7 0.02231
3174.82 0.02151
3174.94 0.02038
3175.06 0.01976
3175.19 0.02007
3175.31 0.0209
3175.43 0.02148
3175.55 0.02158
3175.67 0.02145
3175.79 0.02143
3175.91 0.02162
3176.03 0.022
3176.15 0.02247
3176.27 0.02277
3176.39 0.02262
3176.51 0.02207
3176.63 0.0214
3176.75 0.02084
3176.87 0.02044
3176.99 0.02033
3177.11 0.02067
3177.23 0.02122
3177.36 0.02129
3177.48 0.02055
3177.6 0.01962
3177.72 0.01951
3177.84 0.02043
3177.96 0.02148
3178.08 0.02171
3178.2 0.0212
3178.32 0.02085
3178.44 0.02124
3178.56 0.02203
3178.68 0.02239
3178.8 0.02199
3178.92 0.02129
3179.04 0.02093
3179.16 0.02105
3179.28 0.02127
3179.4 0.02138
3179.53 0.0217
3179.65 0.02258
3179.77 0.02363
3179.89 0.02391
3180.01 0.02305
3180.13 0.02183
3180.25 0.02138
3180.37 0.02198
3180.49 0.02293
3180.61 0.02347
3180.73 0.02347
3180.85 0.02319
3180.97 0.02284
3181.09 0.02251
3181.21 0.02238
3181.33 0.0225
3181.45 0.02263
3181.57 0.0225
3181.7 0.02214
3181.82 0.02182
3181.94 0.02163
3182.06 0.02139
3182.18 0.02106
3182.3 0.02094
3182.42 0.02125
3182.54 0.02177
3182.66 0.02197
3182.78 0.02161
3182.9 0.02094
3183.02 0.0204
3183.14 0.02028
3183.26 0.02064
3183.38 0.02132
3183.5 0.02205
3183.62 0.02249
3183.74 0.02257
3183.86 0.02257
3183.99 0.02281
3184.11 0.02325
3184.23 0.02355
3184.35 0.02353
3184.47 0.02344
3184.59 0.02368
3184.71 0.02423
3184.83 0.02463
3184.95 0.02444
3185.07 0.02379
3185.19 0.02332
3185.31 0.02347
3185.43 0.02399
3185.55 0.02413
3185.67 0.02354
3185.79 0.0227
3185.91 0.02236
3186.03 0.02274
3186.16 0.02345
3186.28 0.02403
3186.4 0.02445
3186.52 0.02481
3186.64 0.02501
3186.76 0.02481
3186.88 0.02422
3187 0.02352
3187.12 0.02307
3187.24 0.02298
3187.36 0.0232
3187.48 0.0235
3187.6 0.02359
3187.72 0.02335
3187.84 0.02312
3187.96 0.02341
3188.08 0.02429
3188.2 0.02515
3188.33 0.02533
3188.45 0.02482
3188.57 0.02423
3188.69 0.02405
3188.81 0.02419
3188.93 0.02415
3189.05 0.02369
3189.17 0.02304
3189.29 0.02263
3189.41 0.02265
3189.53 0.02297
3189.65 0.02341
3189.77 0.02399
3189.89 0.02481
3190.01 0.02574
3190.13 0.02636
3190.25 0.02632
3190.37 0.02576
3190.5 0.02517
3190.62 0.02489
3190.74 0.02472
3190.86 0.02437
3190.98 0.02385
3191.1 0.02356
3191.22 0.02373
3191.34 0.02414
3191.46 0.02441
3191.58 0.02437
3191.7 0.02416
3191.82 0.02395
3191.94 0.02389
3192.06 0.02401
3192.18 0.02422
3192.3 0.02434
3192.42 0.02432
3192.54 0.02444
3192.67 0.0251
3192.79 0.02609
3192.91 0.0266
3193.03 0.02597
3193.15 0.02464
3193.27 0.02378
3193.39 0.02418
3193.51 0.0254
3193.63 0.02636
3193.75 0.02642
3193.87 0.0259
3193.99 0.02544
3194.11 0.02524
3194.23 0.02496
3194.35 0.02443
3194.47 0.02399
3194.59 0.02415
3194.71 0.02484
3194.83 0.02539
3194.96 0.02528
3195.08 0.02474
3195.2 0.0245
3195.32 0.02491
3195.44 0.02554
3195.56 0.02571
3195.68 0.02528
3195.8 0.02476
3195.92 0.0247
3196.04 0.02509
3196.16 0.02532
3196.28 0.02491
3196.4 0.02406
3196.52 0.02353
3196.64 0.02374
3196.76 0.02426
3196.88 0.02425
3197 0.02346
3197.13 0.02252
3197.25 0.0222
3197.37 0.02266
3197.49 0.02351
3197.61 0.02431
3197.73 0.02491
3197.85 0.02532
3197.97 0.0256
3198.09 0.0259
3198.21 0.02622
3198.33 0.02637
3198.45 0.02615
3198.57 0.02564
3198.69 0.02508
3198.81 0.02458
3198.93 0.02404
3199.05 0.02355
3199.17 0.02349
3199.3 0.02403
3199.42 0.02485
3199.54 0.0255
3199.66 0.02585
3199.78 0.0261
3199.9 0.02622
3200.02 0.02597
3200.14 0.02533
3200.26 0.0248
3200.38 0.02489
3200.5 0.0255
3200.62 0.02599
3200.74 0.02591
3200.86 0.02557
3200.98 0.0256
3201.1 0.02629
3201.22 0.0272
3201.34 0.02759
3201.47 0.02714
3201.59 0.02622
3201.71 0.02546
3201.83 0.02519
3201.95 0.02532
3202.07 0.02557
3202.19 0.02576
3202.31 0.02575
3202.43 0.02539
3202.55 0.02472
3202.67 0.02415
3202.79 0.02414
3202.91 0.02474
3203.03 0.02538
3203.15 0.02552
3203.27 0.02526
3203.39 0.02513
3203.51 0.02537
3203.64 0.02571
3203.76 0.02584
3203.88 0.02583
3204 0.02583
3204.12 0.02569
3204.24 0.02507
3204.36 0.02406
3204.48 0.02325
3204.6 0.02308
3204.72 0.02341
3204.84 0.02382
3204.96 0.02417
3205.08 0.02459
3205.2 0.02518
3205.32 0.02588
3205.44 0.02663
3205.56 0.02736
3205.68 0.02786
3205.81 0.02786
3205.93 0.02736
3206.05 0.02685
3206.17 0.02686
3206.29 0.0275
3206.41 0.02837
3206.53 0.029
3206.65 0.02914
3206.77 0.02874
3206.89 0.02785
3207.01 0.02677
3207.13 0.02599
3207.25 0.02593
3207.37 0.02658
3207.49 0.02746
3207.61 0.0281
3207.73 0.02834
3207.85 0.02836
3207.98 0.02832
3208.1 0.02827
3208.22 0.02815
3208.34 0.02793
3208.46 0.02761
3208.58 0.02722
3208.7 0.0268
3208.82 0.02648
3208.94 0.02637
3209.06 0.02656
3209.18 0.02708
3209.3 0.02785
3209.42 0.02855
3209.54 0.02878
3209.66 0.02837
3209.78 0.02764
3209.9 0.02709
3210.02 0.02696
3210.15 0.02718
3210.27 0.02764
3210.39 0.02834
3210.51 0.02917
3210.63 0.02975
3210.75 0.02971
3210.87 0.02918
3210.99 0.02867
3211.11 0.0285
3211.23 0.02844
3211.35 0.0281
3211.47 0.02751
3211.59 0.02717
3211.71 0.02736
3211.83 0.02774
3211.95 0.02777
3212.07 0.02734
3212.19 0.02686
3212.31 0.02675
3212.44 0.02703
3212.56 0.02744
3212.68 0.02771
3212.8 0.02773
3212.92 0.02755
3213.04 0.02742
3213.16 0.02763
3213.28 0.02822
3213.4 0.02884
3213.52 0.02903
3213.64 0.02868
3213.76 0.02808
3213.88 0.02765
3214 0.02764
3214.12 0.02794
3214.24 0.0282
3214.36 0.02811
3214.48 0.02773
3214.61 0.02749
3214.73 0.02772
3214.85 0.02819
3214.97 0.02843
3215.09 0.02839
3215.21 0.02859
3215.33 0.02927
3215.45 0.02986
3215.57 0.02959
3215.69 0.02851
3215.81 0.02758
3215.93 0.02753
3216.05 0.02809
3216.17 0.02835
3216.29 0.02795
3216.41 0.02741
3216.53 0.02739
3216.65 0.02789
3216.78 0.02834
3216.9 0.02839
3217.02 0.02828
3217.14 0.02841
3217.26 0.02873
3217.38 0.02877
3217.5 0.02834
3217.62 0.02788
3217.74 0.02799
3217.86 0.02868
3217.98 0.02931
3218.1 0.0293
3218.22 0.02879
3218.34 0.02852
3218.46 0.02901
3218.58 0.03003
3218.7 0.03085
3218.82 0.03086
3218.95 0.03005
3219.07 0.0289
3219.19 0.02797
3219.31 0.02758
3219.43 0.02772
3219.55 0.02803
3219.67 0.02809
3219.79 0.02776
3219.91 0.02736
3220.03 0.02735
3220.15 0.02772
3220.27 0.02794
3220.39 0.02766
3220.51 0.02719
3220.63 0.02713
3220.75 0.02759
3220.87 0.02813
3220.99 0.02833
3221.11 0.02832
3221.24 0.02844
3221.36 0.02874
3221.48 0.02905
3221.6 0.02922
3221.72 0.02936
3221.84 0.02957
3221.96 0.02985
3222.08 0.03002
3222.2 0.02983
3222.32 0.02914
3222.44 0.02817
3222.56 0.0274
3222.68 0.02722
3222.8 0.02752
3222.92 0.02786
3223.04 0.02798
3223.16 0.02798
3223.28 0.02809
3223.41 0.02837
3223.53 0.02866
3223.65 0.02876
3223.77 0.02854
3223.89 0.02811
3224.01 0.02778
3224.13 0.02793
3224.25 0.02862
3224.37 0.02946
3224.49 0.02999
3224.61 0.03006
3224.73 0.02982
3224.85 0.02938
3224.97 0.02876
3225.09 0.02806
3225.21 0.02761
3225.33 0.0276
3225.45 0.02787
3225.58 0.02804
3225.7 0.02801
3225.82 0.02807
3225.94 0.02857
3226.06 0.02943
3226.18 0.0301
3226.3 0.03005
3226.42 0.0293
3226.54 0.02848
3226.66 0.02834
3226.78 0.02912
3226.9 0.03029
3227.02 0.03095
3227.14 0.03059
3227.26 0.02963
3227.38 0.02896
3227.5 0.02909
3227.62 0.02964
3227.75 0.0299
3227.87 0.02959
3227.99 0.02904
3228.11 0.02863
3228.23 0.02841
3228.35 0.02827
3228.47 0.02831
3228.59 0.02867
3228.71 0.02919
3228.83 0.02952
3228.95 0.02954
3229.07 0.0295
3229.19 0.02961
3229.31 0.02969
3229.43 0.02944
3229.55 0.02886
3229.67 0.02826
3229.79 0.0279
3229.92 0.02781
3230.04 0.02793
3230.16 0.02822
3230.28 0.02854
3230.4 0.02868
3230.52 0.02854
3230.64 0.02836
3230.76 0.0285
3230.88 0.02905
3231 0.02981
3231.12 0.03041
3231.24 0.03059
3231.36 0.03017
3231.48 0.02919
3231.6 0.02805
3231.72 0.02742
3231.84 0.0277
3231.96 0.02852
3232.09 0.02911
3232.21 0.02902
3232.33 0.02868
3232.45 0.02881
3232.57 0.02955
3232.69 0.03023
3232.81 0.03015
3232.93 0.0294
3233.05 0.02888
3233.17 0.02924
3233.29 0.03017
3233.41 0.03062
3233.53 0.03005
3233.65 0.02896
3233.77 0.02831
3233.89 0.0285
3234.01 0.02908
3234.13 0.02957
3234.26 0.02998
3234.38 0.03051
3234.5 0.03108
3234.62 0.03131
3234.74 0.03109
3234.86 0.03065
3234.98 0.03024
3235.1 0.02984
3235.22 0.02933
3235.34 0.02884
3235.46 0.02863
3235.58 0.02875
3235.7 0.02899
3235.82 0.02923
3235.94 0.02963
3236.06 0.03031
3236.18 0.03101
3236.3 0.03122
3236.43 0.03071
3236.55 0.02973
3236.67 0.02874
3236.79 0.02798
3236.91 0.02752
3237.03 0.02747
3237.15 0.02799
3237.27 0.02899
3237.39 0.02999
3237.51 0.03052
3237.63 0.03056
3237.75 0.03044
3237.87 0.03034
3237.99 0.03018
3238.11 0.02981
3238.23 0.02936
3238.35 0.02914
3238.47 0.02931
3238.59 0.02979
3238.72 0.0303
3238.84 0.03056
3238.96 0.03046
3239.08 0.03012
3239.2 0.02988
3239.32 0.02999
3239.44 0.03039
3239.56 0.03072
3239.68 0.03064
3239.8 0.03019
3239.92 0.0298
3240.04 0.02987
3240.16 0.03021
3240.28 0.03018
3240.4 0.02938
3240.52 0.02815
3240.64 0.02732
3240.76 0.02732
3240.89 0.02783
3241.01 0.0283
3241.13 0.02853
3241.25 0.02873
3241.37 0.02909
3241.49 0.02954
3241.61 0.0299
3241.73 0.03005
3241.85 0.02989
3241.97 0.02941
3242.09 0.02888
3242.21 0.02868
3242.33 0.02894
3242.45 0.02939
3242.57 0.02966
3242.69 0.02976
3242.81 0.03004
3242.93 0.03067
3243.06 0.03128
3243.18 0.03118
3243.3 0.0301
3243.42 0.02865
3243.54 0.02789
3243.66 0.02838
3243.78 0.02957
3243.9 0.03037
3244.02 0.03027
3244.14 0.0297
3244.26 0.02947
3244.38 0.02991
3244.5 0.03074
3244.62 0.03139
3244.74 0.03142
3244.86 0.03077
3244.98 0.02992
3245.1 0.02955
3245.23 0.02993
3245.35 0.03049
3245.47 0.03041
3245.59 0.02962
3245.71 0.02893
3245.83 0.02906
3245.95 0.02985
3246.07 0.03054
3246.19 0.03067
3246.31 0.03038
3246.43 0.03006
3246.55 0.02984
3246.67 0.02975
3246.79 0.02988
3246.91 0.03034
3247.03 0.03101
3247.15 0.03154
3247.27 0.03164
3247.4 0.03126
3247.52 0.03058
3247.64 0.02989
3247.76 0.02945
3247.88 0.02939
3248 0.02962
3248.12 0.02985
3248.24 0.02982
3248.36 0.02952
3248.48 0.02915
3248.6 0.02899
3248.72 0.0292
3248.84 0.02968
3248.96 0.03017
3249.08 0.03041
3249.2 0.0305
3249.32 0.03085
3249.44 0.03171
3249.56 0.03265
3249.69 0.03281
3249.81 0.03182
3249.93 0.03032
3250.05 0.02946
3250.17 0.02971
3250.29 0.03047
3250.41 0.03077
3250.53 0.03025
3250.65 0.02936
3250.77 0.02875
3250.89 0.02867
3251.01 0.02888
3251.13 0.02904
3251.25 0.02899
3251.37 0.02893
3251.49 0.02914
3251.61 0.02975
3251.73 0.03056
3251.86 0.03132
3251.98 0.03198
3252.1 0.03266
3252.22 0.0332
3252.34 0.0332
3252.46 0.03247
3252.58 0.03148
3252.7 0.031
3252.82 0.03134
3252.94 0.03208
3253.06 0.03262
3253.18 0.03274
3253.3 0.03259
3253.42 0.03231
3253.54 0.0319
3253.66 0.03146
3253.78 0.03123
3253.9 0.0313
3254.03 0.03145
3254.15 0.03138
3254.27 0.0311
3254.39 0.03078
3254.51 0.0306
3254.63 0.03063
3254.75 0.03085
3254.87 0.03114
3254.99 0.03119
3255.11 0.03074
3255.23 0.02985
3255.35 0.02898
3255.47 0.02876
3255.59 0.02961
3255.71 0.03137
3255.83 0.03312
3255.95 0.03374
3256.07 0.03282
3256.2 0.03114
3256.32 0.03
3256.44 0.02998
3256.56 0.03047
3256.68 0.03058
3256.8 0.03014
3256.92 0.02962
3257.04 0.02928
3257.16 0.02896
3257.28 0.02853
3257.4 0.02829
3257.52 0.02858
3257.64 0.02924
3257.76 0.02978
3257.88 0.02983
3258 0.02942
3258.12 0.02885
3258.24 0.02841
3258.37 0.02833
3258.49 0.02868
3258.61 0.02931
3258.73 0.02987
3258.85 0.03009
3258.97 0.02999
3259.09 0.02981
3259.21 0.02984
3259.33 0.03022
3259.45 0.03076
3259.57 0.03103
3259.69 0.03071
3259.81 0.02995
3259.93 0.02929
3260.05 0.02924
3260.17 0.02969
3260.29 0.03012
3260.41 0.03013
3260.54 0.02988
3260.66 0.02982
3260.78 0.03017
3260.9 0.03063
3261.02 0.03077
3261.14 0.03047
3261.26 0.03007
3261.38 0.03006
3261.5 0.03053
3261.62 0.03106
3261.74 0.03111
3261.86 0.03061
3261.98 0.03
3262.1 0.02975
3262.22 0.02984
3262.34 0.02985
3262.46 0.02949
3262.58 0.02886
3262.71 0.02826
3262.83 0.02794
3262.95 0.02808
3263.07 0.02866
3263.19 0.02936
3263.31 0.02969
3263.43 0.0295
3263.55 0.02922
3263.67 0.02946
3263.79 0.03028
3263.91 0.03126
3264.03 0.03194
3264.15 0.03214
3264.27 0.03184
3264.39 0.0311
3264.51 0.03028
3264.63 0.02997
3264.75 0.03049
3264.88 0.03147
3265 0.03221
3265.12 0.03232
3265.24 0.03185
3265.36 0.03096
3265.48 0.02982
3265.6 0.02874
3265.72 0.02818
3265.84 0.02829
3265.96 0.02862
3266.08 0.02857
3266.2 0.02811
3266.32 0.02783
3266.44 0.02831
3266.56 0.02934
3266.68 0.03018
3266.8 0.03043
3266.92 0.03048
3267.04 0.03088
3267.17 0.03157
3267.29 0.03187
3267.41 0.03143
3267.53 0.03071
3267.65 0.03034
3267.77 0.03036
3267.89 0.03032
3268.01 0.02997
3268.13 0.02947
3268.25 0.02899
3268.37 0.0286
3268.49 0.02855
3268.61 0.02915
3268.73 0.03015
3268.85 0.03064
3268.97 0.03001
3269.09 0.02884
3269.21 0.02826
3269.34 0.02858
3269.46 0.0291
3269.58 0.02928
3269.7 0.02944
3269.82 0.03018
3269.94 0.03136
3270.06 0.03221
3270.18 0.03216
3270.3 0.03131
3270.42 0.03004
3270.54 0.02866
3270.66 0.02746
3270.78 0.02684
3270.9 0.02716
3271.02 0.02829
3271.14 0.02963
3271.26 0.03041
3271.38 0.03033
3271.51 0.02973
3271.63 0.02927
3271.75 0.02925
3271.87 0.02929
3271.99 0.02883
3272.11 0.02789
3272.23 0.02718
3272.35 0.02739
3272.47 0.02834
3272.59 0.02917
3272.71 0.02913
3272.83 0.0283
3272.95 0.02745
3273.07 0.02729
3273.19 0.02794
3273.31 0.02897
3273.43 0.0299
3273.55 0.03051
3273.68 0.03081
3273.8 0.03077
3273.92 0.03052
3274.04 0.03039
3274.16 0.03057
3274.28 0.03074
3274.4 0.03029
3274.52 0.02913
3274.64 0.02798
3274.76 0.02754
3274.88 0.02767
3275 0.02771
3275.12 0.02756
3275.24 0.02783
3275.36 0.02892
3275.48 0.03028
3275.6 0.031
3275.72 0.03074
3275.85 0.02992
3275.97 0.02912
3276.09 0.0287
3276.21 0.02876
3276.33 0.0291
3276.45 0.02925
3276.57 0.0288
3276.69 0.02792
3276.81 0.02723
3276.93 0.02711
3277.05 0.02733
3277.17 0.02752
3277.29 0.02767
3277.41 0.02801
3277.53 0.02862
3277.65 0.02934
3277.77 0.03008
3277.89 0.03076
3278.02 0.03114
3278.14 0.03095
3278.26 0.03035
3278.38 0.02977
3278.5 0.0295
3278.62 0.02941
3278.74 0.02938
3278.86 0.02959
3278.98 0.03009
3279.1 0.03048
3279.22 0.03021
3279.34 0.02931
3279.46 0.02834
3279.58 0.02777
3279.7 0.02772
3279.82 0.02812
3279.94 0.02886
3280.06 0.02954
3280.19 0.02953
3280.31 0.02879
3280.43 0.02822
3280.55 0.02868
3280.67 0.02981
3280.79 0.03036
3280.91 0.02976
3281.03 0.02889
3281.15 0.02885
3281.27 0.02949
3281.39 0.02974
3281.51 0.02911
3281.63 0.02828
3281.75 0.02804
3281.87 0.02829
3281.99 0.02846
3282.11 0.02841
3282.23 0.0284
3282.35 0.02834
3282.48 0.0278
3282.6 0.02686
3282.72 0.02631
3282.84 0.02675
3282.96 0.02779
3283.08 0.02842
3283.2 0.02825
3283.32 0.02778
3283.44 0.02768
3283.56 0.02794
3283.68 0.02815
3283.8 0.02812
3283.92 0.02816
3284.04 0.02858
3284.16 0.02915
3284.28 0.0293
3284.4 0.02885
3284.52 0.02837
3284.65 0.0286
3284.77 0.02941
3284.89 0.02977
3285.01 0.0289
3285.13 0.0273
3285.25 0.02629
3285.37 0.02647
3285.49 0.02718
3285.61 0.02741
3285.73 0.02692
3285.85 0.02619
3285.97 0.0256
3286.09 0.02515
3286.21 0.02496
3286.33 0.02535
3286.45 0.0264
3286.57 0.02751
3286.69 0.02798
3286.82 0.0277
3286.94 0.02726
3287.06 0.02722
3287.18 0.02762
3287.3 0.02806
3287.42 0.02817
3287.54 0.02791
3287.66 0.02757
3287.78 0.02747
3287.9 0.02767
3288.02 0.02793
3288.14 0.02798
3288.26 0.02774
3288.38 0.02727
3288.5 0.02664
3288.62 0.02599
3288.74 0.02559
3288.86 0.02571
3288.99 0.02627
3289.11 0.02694
3289.23 0.0274
3289.35 0.02771
3289.47 0.02795
3289.59 0.02799
3289.71 0.02754
3289.83 0.02662
3289.95 0.02572
3290.07 0.02534
3290.19 0.0256
3290.31 0.02623
3290.43 0.02693
3290.55 0.02761
3290.67 0.02815
3290.79 0.02825
3290.91 0.02768
3291.03 0.0267
3291.16 0.026
3291.28 0.02603
3291.4 0.02654
3291.52 0.02692
3291.64 0.027
3291.76 0.02721
3291.88 0.02788
3292 0.02867
3292.12 0.02878
3292.24 0.02792
3292.36 0.02665
3292.48 0.0258
3292.6 0.02568
3292.72 0.02599
3292.84 0.02629
3292.96 0.0265
3293.08 0.02674
3293.2 0.02705
3293.32 0.0273
3293.45 0.02736
3293.57 0.02724
3293.69 0.02701
3293.81 0.02687
3293.93 0.027
3294.05 0.02751
3294.17 0.02812
3294.29 0.02826
3294.41 0.02753
3294.53 0.02609
3294.65 0.02456
3294.77 0.02358
3294.89 0.02333
3295.01 0.02364
3295.13 0.02418
3295.25 0.0247
3295.37 0.02523
3295.49 0.02598
3295.62 0.02706
3295.74 0.02805
3295.86 0.02822
3295.98 0.02732
3296.1 0.02595
3296.22 0.02502
3296.34 0.02501
3296.46 0.02576
3296.58 0.02688
3296.7 0.02796
3296.82 0.02851
3296.94 0.02816
3297.06 0.02713
3297.18 0.02623
3297.3 0.02605
3297.42 0.02633
3297.54 0.02633
3297.66 0.02578
3297.79 0.0251
3297.91 0.02474
3298.03 0.02469
3298.15 0.02476
3298.27 0.02497
3298.39 0.02538
3298.51 0.02571
3298.63 0.02554
3298.75 0.02494
3298.87 0.02442
3298.99 0.02428
3299.11 0.02428
3299.23 0.02415
3299.35 0.02424
3299.47 0.02509
3299.59 0.02663
3299.71 0.02789
3299.83 0.02805
3299.96 0.02725
3300.08 0.02637
3300.2 0.02605
3300.32 0.0262
3300.44 0.02631
3300.56 0.02613
3300.68 0.02575
3300.8 0.02538
3300.92 0.02518
3301.04 0.02519
3301.16 0.02527
3301.28 0.02524
3301.4 0.02502
3301.52 0.02479
3301.64 0.0248
3301.76 0.02517
3301.88 0.02573
3302 0.02623
3302.13 0.02646
3302.25 0.02633
3302.37 0.02589
3302.49 0.02537
3302.61 0.02504
3302.73 0.02511
3302.85 0.02551
3302.97 0.02602
3303.09 0.02634
3303.21 0.02629
3303.33 0.02588
3303.45 0.02534
3303.57 0.02501
3303.69 0.02503
3303.81 0.02527
3303.93 0.02543
3304.05 0.0254
3304.17 0.02534
3304.3 0.02548
3304.42 0.02583
3304.54 0.02612
3304.66 0.02607
3304.78 0.02565
3304.9 0.0251
3305.02 0.02478
3305.14 0.02486
3305.26 0.02519
3305.38 0.02548
3305.5 0.02569
3305.62 0.02598
3305.74 0.02648
3305.86 0.02696
3305.98 0.0271
3306.1 0.02686
3306.22 0.02658
3306.34 0.02651
3306.47 0.02656
3306.59 0.02641
3306.71 0.02595
3306.83 0.02526
3306.95 0.02443
3307.07 0.02363
3307.19 0.02326
3307.31 0.02368
3307.43 0.0246
3307.55 0.0251
3307.67 0.02451
3307.79 0.02324
3307.91 0.02243
3308.03 0.02277
3308.15 0.02372
3308.27 0.02419
3308.39 0.02369
3308.51 0.0228
3308.64 0.02241
3308.76 0.02276
3308.88 0.02326
3309 0.02329
3309.12 0.02293
3309.24 0.02284
3309.36 0.02337
3309.48 0.02412
3309.6 0.02452
3309.72 0.02457
3309.84 0.02474
3309.96 0.02513
3310.08 0.02522
3310.2 0.02465
3310.32 0.02378
3310.44 0.02324
3310.56 0.02319
3310.68 0.02329
3310.8 0.0234
3310.93 0.02367
3311.05 0.02407
3311.17 0.02423
3311.29 0.02391
3311.41 0.02346
3311.53 0.02339
3311.65 0.0237
3311.77 0.02394
3311.89 0.02384
3312.01 0.02359
3312.13 0.02353
3312.25 0.02381
3312.37 0.02432
3312.49 0.02478
3312.61 0.02494
3312.73 0.02468
3312.85 0.02415
3312.97 0.0236
3313.1 0.0232
3313.22 0.02298
3313.34 0.023
3313.46 0.02318
3313.58 0.02324
3313.7 0.02296
3313.82 0.0226
3313.94 0.02274
3314.06 0.0235
3314.18 0.0242
3314.3 0.02412
3314.42 0.02339
3314.54 0.02273
3314.66 0.02258
3314.78 0.02267
3314.9 0.02265
3315.02 0.02254
3315.14 0.02247
3315.27 0.02242
3315.39 0.02241
3315.51 0.02262
3315.63 0.02298
3315.75 0.02303
3315.87 0.02234
3315.99 0.02127
3316.11 0.02066
3316.23 0.02097
3316.35 0.0219
3316.47 0.02291
3316.59 0.02378
3316.71 0.02448
3316.83 0.02483
3316.95 0.02465
3317.07 0.02406
3317.19 0.02342
3317.31 0.02291
3317.44 0.02248
3317.56 0.0222
3317.68 0.0224
3317.8 0.02323
3317.92 0.02422
3318.04 0.02453
3318.16 0.02373
3318.28 0.02225
3318.4 0.0211
3318.52 0.02101
3318.64 0.02192
3318.76 0.02308
3318.88 0.02375
3319 0.02372
3319.12 0.02337
3319.24 0.02317
3319.36 0.02333
3319.48 0.02374
3319.6 0.02419
3319.73 0.02455
3319.85 0.02464
3319.97 0.02423
3320.09 0.02327
3320.21 0.02226
3320.33 0.02202
3320.45 0.02286
3320.57 0.02413
3320.69 0.02484
3320.81 0.02466
3320.93 0.02415
3321.05 0.02394
3321.17 0.02403
3321.29 0.02414
3321.41 0.02428
3321.53 0.02473
3321.65 0.02538
3321.77 0.02562
3321.9 0.02503
3322.02 0.02395
3322.14 0.02313
3322.26 0.0229
3322.38 0.02298
3322.5 0.02289
3322.62 0.02246
3322.74 0.02183
3322.86 0.02125
3322.98 0.02086
3323.1 0.02065
3323.22 0.02054
3323.34 0.02049
3323.46 0.02051
3323.58 0.02056
3323.7 0.02051
3323.82 0.0204
3323.94 0.02057
3324.07 0.02128
3324.19 0.02226
3324.31 0.02273
3324.43 0.02219
3324.55 0.02096
3324.67 0.01989
3324.79 0.01948
3324.91 0.01956
3325.03 0.01977
3325.15 0.02008
3325.27 0.02065
3325.39 0.02142
3325.51 0.02198
3325.63 0.02192
3325.75 0.02128
3325.87 0.02053
3325.99 0.02023
3326.11 0.02058
3326.24 0.02131
3326.36 0.02201
3326.48 0.02243
3326.6 0.02253
3326.72 0.02231
3326.84 0.02181
3326.96 0.0214
3327.08 0.02145
3327.2 0.02181
3327.32 0.02167
3327.44 0.02052
3327.56 0.01898
3327.68 0.01822
3327.8 0.01858
3327.92 0.01922
3328.04 0.01925
3328.16 0.01889
3328.28 0.01891
3328.41 0.01945
3328.53 0.01982
3328.65 0.0196
3328.77 0.01922
3328.89 0.01937
3329.01 0.02006
3329.13 0.02066
3329.25 0.02067
3329.37 0.02019
3329.49 0.01976
3329.61 0.01981
3329.73 0.02041
3329.85 0.02124
3329.97 0.02191
3330.09 0.02226
3330.21 0.02239
3330.33 0.02241
3330.45 0.02238
3330.58 0.02241
3330.7 0.02267
3330.82 0.02311
3330.94 0.02336
3331.06 0.02305
3331.18 0.02228
3331.3 0.02157
3331.42 0.02133
3331.54 0.02153
3331.66 0.02178
3331.78 0.02174
3331.9 0.02131
3332.02 0.02077
3332.14 0.02064
3332.26 0.02115
3332.38 0.02187
3332.5 0.02207
3332.62 0.02148
3332.75 0.02062
3332.87 0.02027
3332.99 0.02071
3333.11 0.02163
3333.23 0.0225
3333.35 0.02302
3333.47 0.02302
3333.59 0.02244
3333.71 0.02142
3333.83 0.02046
3333.95 0.02016
3334.07 0.0207
3334.19 0.02159
3334.31 0.02205
3334.43 0.02167
3334.55 0.02075
3334.67 0.01992
3334.79 0.01954
3334.92 0.01958
3335.04 0.01983
3335.16 0.02013
3335.28 0.02025
3335.4 0.02
3335.52 0.01954
3335.64 0.01936
3335.76 0.0198
3335.88 0.02064
3336 0.02123
3336.12 0.02111
3336.24 0.02033
3336.36 0.01939
3336.48 0.01897
3336.6 0.01939
3336.72 0.02031
3336.84 0.02084
3336.96 0.02047
3337.08 0.01959
3337.21 0.01906
3337.33 0.01916
3337.45 0.01943
3337.57 0.01958
3337.69 0.01985
3337.81 0.02052
3337.93 0.02119
3338.05 0.02132
3338.17 0.02103
3338.29 0.02098
3338.41 0.02149
3338.53 0.02206
3338.65 0.02203
3338.77 0.02143
3338.89 0.0209
3339.01 0.02099
3339.13 0.02153
3339.25 0.02186
3339.38 0.02139
3339.5 0.02019
3339.62 0.01905
3339.74 0.01879
3339.86 0.01958
3339.98 0.02074
3340.1 0.02146
3340.22 0.02142
3340.34 0.0209
3340.46 0.02031
3340.58 0.01989
3340.7 0.01965
3340.82 0.01954
3340.94 0.0195
3341.06 0.01952
3341.18 0.01962
3341.3 0.01968
3341.42 0.01947
3341.55 0.01891
3341.67 0.01829
3341.79 0.01803
3341.91 0.01824
3342.03 0.0186
3342.15 0.01885
3342.27 0.01907
3342.39 0.01954
3342.51 0.02025
3342.63 0.02085
3342.75 0.02108
3342.87 0.02095
3342.99 0.02063
3343.11 0.02017
3343.23 0.01957
3343.35 0.01902
3343.47 0.01884
3343.59 0.01908
3343.72 0.01933
3343.84 0.01923
3343.96 0.01889
3344.08 0.01883
3344.2 0.01926
3344.32 0.01971
3344.44 0.01965
3344.56 0.01918
3344.68 0.01898
3344.8 0.01946
3344.92 0.0203
3345.04 0.02081
3345.16 0.02068
3345.28 0.02015
3345.4 0.01968
3345.52 0.01961
3345.64 0.02
3345.76 0.02065
3345.89 0.02118
3346.01 0.02134
3346.13 0.02129
3346.25 0.02131
3346.37 0.02132
3346.49 0.02094
3346.61 0.02012
3346.73 0.01943
3346.85 0.01948
3346.97 0.02015
3347.09 0.02076
3347.21 0.02084
3347.33 0.02048
3347.45 0.01999
3347.57 0.01952
3347.69 0.01919
3347.81 0.01915
3347.93 0.01939
3348.05 0.01964
3348.18 0.01973
3348.3 0.0198
3348.42 0.01999
3348.54 0.02004
3348.66 0.01955
3348.78 0.01867
3348.9 0.01801
3349.02 0.01788
3349.14 0.01806
3349.26 0.01834
3349.38 0.01888
3349.5 0.01987
3349.62 0.021
3349.74 0.02167
3349.86 0.02166
3349.98 0.02115
3350.1 0.02033
3350.22 0.01921
3350.35 0.01799
3350.47 0.01719
3350.59 0.01723
3350.71 0.01797
3350.83 0.01879
3350.95 0.01916
3351.07 0.01907
3351.19 0.01888
3351.31 0.01884
3351.43 0.01887
3351.55 0.01876
3351.67 0.0186
3351.79 0.01884
3351.91 0.01961
3352.03 0.02045
3352.15 0.02073
3352.27 0.02049
3352.39 0.02041
3352.52 0.02079
3352.64 0.02106
3352.76 0.02045
3352.88 0.01894
3353 0.01724
3353.12 0.01588
3353.24 0.01488
3353.36 0.01428
3353.48 0.01445
3353.6 0.01558
3353.72 0.01721
3353.84 0.01841
3353.96 0.01872
3354.08 0.0185
3354.2 0.01842
3354.32 0.01875
3354.44 0.01912
3354.56 0.01904
3354.69 0.01848
3354.81 0.01789
3354.93 0.01774
3355.05 0.01796
3355.17 0.01809
3355.29 0.01788
3355.41 0.01755
3355.53 0.01755
3355.65 0.01798
3355.77 0.01849
3355.89 0.01877
3356.01 0.01878
3356.13 0.01874
3356.25 0.01882
3356.37 0.01906
3356.49 0.01944
3356.61 0.01988
3356.73 0.02014
3356.86 0.01999
3356.98 0.01951
3357.1 0.01921
3357.22 0.01945
3357.34 0.01986
3357.46 0.01965
3357.58 0.01855
3357.7 0.01733
3357.82 0.01698
3357.94 0.01762
3358.06 0.01838
3358.18 0.01855
3358.3 0.01825
3358.42 0.01802
3358.54 0.01799
3358.66 0.01787
3358.78 0.01754
3358.9 0.0173
3359.03 0.01743
3359.15 0.01779
3359.27 0.01795
3359.39 0.01768
3359.51 0.01704
3359.63 0.01633
3359.75 0.01603
3359.87 0.01656
3359.99 0.01797
3360.11 0.01969
3360.23 0.0208
3360.35 0.02067
3360.47 0.01946
3360.59 0.01798
3360.71 0.01713
3360.83 0.01731
3360.95 0.0182
3361.07 0.01901
3361.2 0.01917
3361.32 0.01872
3361.44 0.01803
3361.56 0.01741
3361.68 0.01693
3361.8 0.01665
3361.92 0.01682
3362.04 0.01758
3362.16 0.01862
3362.28 0.01936
3362.4 0.01946
3362.52 0.01914
3362.64 0.01885
3362.76 0.01872
3362.88 0.01856
3363 0.01821
3363.12 0.01786
3363.24 0.01767
3363.36 0.01738
3363.49 0.01667
3363.61 0.01575
3363.73 0.01539
3363.85 0.01597
3363.97 0.01687
3364.09 0.01718
3364.21 0.01677
3364.33 0.0164
3364.45 0.0166
3364.57 0.01712
3364.69 0.01741
3364.81 0.01736
3364.93 0.01718
3365.05 0.01683
3365.17 0.01618
3365.29 0.01548
3365.41 0.01538
3365.53 0.0161
3365.66 0.01707
3365.78 0.01756
3365.9 0.01747
3366.02 0.01727
3366.14 0.01731
3366.26 0.01744
3366.38 0.01736
3366.5 0.01713
3366.62 0.01717
3366.74 0.01758
3366.86 0.01792
3366.98 0.01761
3367.1 0.01671
3367.22 0.01597
3367.34 0.01606
3367.46 0.0168
3367.58 0.0174
3367.7 0.0174
3367.83 0.01701
3367.95 0.01674
3368.07 0.01673
3368.19 0.01685
3368.31 0.01699
3368.43 0.01714
3368.55 0.01725
3368.67 0.01724
3368.79 0.01717
3368.91 0.0172
3369.03 0.0174
3369.15 0.01771
3369.27 0.01793
3369.39 0.01785
3369.51 0.01735
3369.63 0.01664
3369.75 0.01623
3369.87 0.01642
3370 0.0169
3370.12 0.01708
3370.24 0.01678
3370.36 0.01641
3370.48 0.01634
3370.6 0.0165
3370.72 0.01666
3370.84 0.01677
3370.96 0.0169
3371.08 0.01704
3371.2 0.01724
3371.32 0.01766
3371.44 0.01831
3371.56 0.01881
3371.68 0.01876
3371.8 0.01824
3371.92 0.0177
3372.04 0.01743
3372.17 0.01732
3372.29 0.01737
3372.41 0.01773
3372.53 0.0184
3372.65 0.01891
3372.77 0.01882
3372.89 0.01821
3373.01 0.01763
3373.13 0.01746
3373.25 0.01766
3373.37 0.01793
3373.49 0.01798
3373.61 0.01777
3373.73 0.01754
3373.85 0.01763
3373.97 0.01798
3374.09 0.01801
3374.21 0.01714
3374.33 0.01561
3374.46 0.01441
3374.58 0.01429
3374.7 0.01497
3374.82 0.0154
3374.94 0.01491
3375.06 0.01387
3375.18 0.01324
3375.3 0.01359
3375.42 0.01465
3375.54 0.01562
3375.66 0.01595
3375.78 0.01574
3375.9 0.01551
3376.02 0.01565
3376.14 0.01612
3376.26 0.01666
3376.38 0.01703
3376.5 0.01714
3376.63 0.01691
3376.75 0.01632
3376.87 0.01561
3376.99 0.01523
3377.11 0.01552
3377.23 0.01636
3377.35 0.01729
3377.47 0.01774
3377.59 0.01736
3377.71 0.01625
3377.83 0.01511
3377.95 0.01485
3378.07 0.01581
3378.19 0.01729
3378.31 0.01812
3378.43 0.01779
3378.55 0.01678
3378.67 0.0158
3378.8 0.0151
3378.92 0.01464
3379.04 0.01456
3379.16 0.01507
3379.28 0.01598
3379.4 0.01662
3379.52 0.01654
3379.64 0.01588
3379.76 0.0152
3379.88 0.01491
3380 0.01509
3380.12 0.0156
3380.24 0.01612
3380.36 0.0164
3380.48 0.01647
3380.6 0.01664
3380.72 0.01696
3380.84 0.017
3380.97 0.01631
3381.09 0.01513
3381.21 0.01433
3381.33 0.01444
3381.45 0.01511
3381.57 0.0155
3381.69 0.01517
3381.81 0.01445
3381.93 0.01396
3382.05 0.01405
3382.17 0.01461
3382.29 0.01535
3382.41 0.016
3382.53 0.01637
3382.65 0.01639
3382.77 0.01619
3382.89 0.01614
3383.01 0.01648
3383.14 0.01702
3383.26 0.0172
3383.38 0.01677
3383.5 0.01608
3383.62 0.01564
3383.74 0.01552
3383.86 0.01537
3383.98 0.01514
3384.1 0.01524
3384.22 0.01599
3384.34 0.01699
3384.46 0.01744
3384.58 0.01707
3384.7 0.01647
3384.82 0.01645
3384.94 0.01714
3385.06 0.01784
3385.18 0.01775
3385.31 0.01692
3385.43 0.01634
3385.55 0.01689
3385.67 0.01828
3385.79 0.01916
3385.91 0.01858
3386.03 0.01699
3386.15 0.01572
3386.27 0.01558
3386.39 0.01619
3386.51 0.01675
3386.63 0.01687
3386.75 0.01667
3386.87 0.01626
3386.99 0.01559
3387.11 0.01476
3387.23 0.01405
3387.35 0.01369
3387.48 0.01363
3387.6 0.01373
3387.72 0.01388
3387.84 0.01411
3387.96 0.01443
3388.08 0.01474
3388.2 0.01477
3388.32 0.01445
3388.44 0.01411
3388.56 0.01435
3388.68 0.0153
3388.8 0.01618
3388.92 0.01596
3389.04 0.01453
3389.16 0.01305
3389.28 0.01279
3389.4 0.01399
3389.52 0.01581
3389.65 0.0173
3389.77 0.01811
3389.89 0.01823
3390.01 0.01765
3390.13 0.01643
3390.25 0.01501
3390.37 0.01402
3390.49 0.01376
3390.61 0.01393
3390.73 0.01404
3390.85 0.01395
3390.97 0.01396
3391.09 0.01424
3391.21 0.0145
3391.33 0.01434
3391.45 0.01387
3391.57 0.01365
3391.69 0.01393
3391.81 0.01425
3391.94 0.01402
3392.06 0.01337
3392.18 0.01304
3392.3 0.01344
3392.42 0.01414
3392.54 0.01451
3392.66 0.0145
3392.78 0.01449
3392.9 0.01467
3393.02 0.0148
3393.14 0.01468
3393.26 0.01446
3393.38 0.01449
3393.5 0.01489
3393.62 0.01555
3393.74 0.01616
3393.86 0.01643
3393.98 0.01622
3394.11 0.01573
3394.23 0.01526
3394.35 0.01499
3394.47 0.01487
3394.59 0.01481
3394.71 0.0148
3394.83 0.01475
3394.95 0.01455
3395.07 0.01434
3395.19 0.01448
3395.31 0.01506
3395.43 0.01557
3395.55 0.01539
3395.67 0.01465
3395.79 0.01417
3395.91 0.01451
3396.03 0.01529
3396.15 0.01569
3396.28 0.01529
3396.4 0.01437
3396.52 0.01346
3396.64 0.01289
3396.76 0.01276
3396.88 0.01303
3397 0.01348
3397.12 0.0138
3397.24 0.01383
3397.36 0.01376
3397.48 0.0139
3397.6 0.01428
3397.72 0.01461
3397.84 0.01462
3397.96 0.01439
3398.08 0.01416
3398.2 0.01396
3398.32 0.01361
3398.45 0.0132
3398.57 0.01323
3398.69 0.01404
3398.81 0.01515
3398.93 0.01558
3399.05 0.01497
3399.17 0.01421
3399.29 0.01438
3399.41 0.01547
3399.53 0.01634
3399.65 0.01618
3399.77 0.0154
3399.89 0.0149
3400.01 0.01489
3400.13 0.01482
3400.25 0.01427
3400.37 0.01359
3400.49 0.01327
3400.61 0.01336
3400.74 0.01356
3400.86 0.01371
3400.98 0.01389
3401.1 0.01407
3401.22 0.01406
3401.34 0.01381
3401.46 0.01357
3401.58 0.01367
3401.7 0.01417
3401.82 0.01481
3401.94 0.01523
3402.06 0.0152
3402.18 0.01482
3402.3 0.01448
3402.42 0.01454
3402.54 0.01496
3402.66 0.0152
3402.78 0.01476
3402.91 0.01368
3403.03 0.01261
3403.15 0.01232
3403.27 0.0131
3403.39 0.01455
3403.51 0.0158
3403.63 0.0161
3403.75 0.01529
3403.87 0.01386
3403.99 0.01249
3404.11 0.01152
3404.23 0.01102
3404.35 0.01105
3404.47 0.01166
3404.59 0.01258
3404.71 0.01322
3404.83 0.0132
3404.95 0.01282
3405.08 0.01264
3405.2 0.01288
3405.32 0.01327
3405.44 0.01346
3405.56 0.01332
3405.68 0.01279
3405.8 0.01193
3405.92 0.01117
3406.04 0.01111
3406.16 0.01185
3406.28 0.01268
3406.4 0.01283
3406.52 0.01229
3406.64 0.01166
3406.76 0.01132
3406.88 0.0111
3407 0.01089
3407.12 0.0109
3407.25 0.01138
3407.37 0.01219
3407.49 0.01299
3407.61 0.01364
3407.73 0.01412
3407.85 0.01425
3407.97 0.01391
3408.09 0.01342
3408.21 0.0133
3408.33 0.01358
3408.45 0.01374
3408.57 0.01345
3408.69 0.01301
3408.81 0.01293
3408.93 0.01326
3409.05 0.01355
3409.17 0.01357
3409.29 0.01349
3409.42 0.01362
3409.54 0.01396
3409.66 0.01424
3409.78 0.0142
3409.9 0.01376
3410.02 0.01311
3410.14 0.01261
3410.26 0.01267
3410.38 0.01335
3410.5 0.01418
3410.62 0.01456
3410.74 0.01416
3410.86 0.01319
3410.98 0.01214
3411.1 0.01148
3411.22 0.0115
3411.34 0.01213
3411.46 0.01282
3411.59 0.01299
3411.71 0.0125
3411.83 0.01187
3411.95 0.01181
3412.07 0.01248
3412.19 0.01343
3412.31 0.01409
3412.43 0.01416
3412.55 0.01373
3412.67 0.01304
3412.79 0.01242
3412.91 0.01209
3413.03 0.01208
3413.15 0.01228
3413.27 0.01262
3413.39 0.01317
3413.51 0.01386
3413.63 0.01429
3413.76 0.01408
3413.88 0.0133
3414 0.01256
3414.12 0.01231
3414.24 0.01235
3414.36 0.0121
3414.48 0.01138
3414.6 0.01075
3414.72 0.01086
3414.84 0.01167
3414.96 0.01247
3415.08 0.01274
3415.2 0.01265
3415.32 0.01274
3415.44 0.01322
3415.56 0.01371
3415.68 0.01377
3415.8 0.01332
3415.93 0.01264
3416.05 0.01208
3416.17 0.01193
3416.29 0.01227
3416.41 0.0129
3416.53 0.01338
3416.65 0.01343
3416.77 0.01319
3416.89 0.01292
3417.01 0.01266
3417.13 0.01236
3417.25 0.01222
3417.37 0.01262
3417.49 0.01353
3417.61 0.01426
3417.73 0.01425
3417.85 0.01365
3417.97 0.01309
3418.09 0.01279
3418.22 0.01241
3418.34 0.0117
3418.46 0.01088
3418.58 0.01038
3418.7 0.0104
3418.82 0.01091
3418.94 0.01181
3419.06 0.01273
3419.18 0.01299
3419.3 0.01219
3419.42 0.01083
3419.54 0.01
3419.66 0.01027
3419.78 0.01112
3419.9 0.01169
3420.02 0.01174
3420.14 0.01172
3420.26 0.0119
3420.39 0.01208
3420.51 0.01203
3420.63 0.01194
3420.75 0.01214
3420.87 0.01248
3420.99 0.01249
3421.11 0.01199
3421.23 0.0114
3421.35 0.01116
3421.47 0.01119
3421.59 0.01115
3421.71 0.01101
3421.83 0.0112
3421.95 0.01196
3422.07 0.0128
3422.19 0.01284
3422.31 0.01172
3422.43 0.01006
3422.56 0.00892
3422.68 0.00883
3422.8 0.00935
3422.92 0.00968
3423.04 0.00952
3423.16 0.0092
3423.28 0.0091
3423.4 0.00916
3423.52 0.0091
3423.64 0.00888
3423.76 0.00884
3423.88 0.00918
3424 0.00975
3424.12 0.01023
3424.24 0.01052
3424.36 0.01078
3424.48 0.01126
3424.6 0.01199
3424.73 0.01262
3424.85 0.01261
3424.97 0.01182
3425.09 0.01086
3425.21 0.01071
3425.33 0.01177
3425.45 0.01329
3425.57 0.01413
3425.69 0.01382
3425.81 0.01286
3425.93 0.01198
3426.05 0.0115
3426.17 0.01138
3426.29 0.01151
3426.41 0.01182
3426.53 0.0121
3426.65 0.01227
3426.77 0.01255
3426.9 0.01313
3427.02 0.01374
3427.14 0.01379
3427.26 0.01303
3427.38 0.01187
3427.5 0.01088
3427.62 0.01021
3427.74 0.00969
3427.86 0.00931
3427.98 0.00937
3428.1 0.01008
3428.22 0.01119
3428.34 0.0121
3428.46 0.0124
3428.58 0.01215
3428.7 0.0118
3428.82 0.01177
3428.94 0.01199
3429.07 0.01201
3429.19 0.01154
3429.31 0.01088
3429.43 0.01056
3429.55 0.01063
3429.67 0.01069
3429.79 0.01054
3429.91 0.01054
3430.03 0.01093
3430.15 0.01127
3430.27 0.01099
3430.39 0.01032
3430.51 0.00999
3430.63 0.01012
3430.75 0.00997
3430.87 0.009
3430.99 0.00777
3431.11 0.00725
3431.23 0.0077
3431.36 0.00855
3431.48 0.00926
3431.6 0.00979
3431.72 0.01032
3431.84 0.01092
3431.96 0.01159
3432.08 0.01216
3432.2 0.01217
3432.32 0.01122
3432.44 0.00972
3432.56 0.00869
3432.68 0.00865
3432.8 0.00896
3432.92 0.00877
3433.04 0.00822
3433.16 0.00818
3433.28 0.00902
3433.4 0.01019
3433.53 0.01113
3433.65 0.0118
3433.77 0.01229
3433.89 0.01235
3434.01 0.01192
3434.13 0.01148
3434.25 0.0115
3434.37 0.01164
3434.49 0.01114
3434.61 0.01008
3434.73 0.00944
3434.85 0.00994
3434.97 0.011
3435.09 0.0115
3435.21 0.01101
3435.33 0.01012
3435.45 0.00959
3435.57 0.00955
3435.7 0.00972
3435.82 0.0098
3435.94 0.00981
3436.06 0.00996
3436.18 0.01042
3436.3 0.01117
3436.42 0.01184
3436.54 0.01207
3436.66 0.01188
3436.78 0.01169
3436.9 0.01172
3437.02 0.01159
3437.14 0.0108
3437.26 0.00952
3437.38 0.00866
3437.5 0.00889
3437.62 0.00992
3437.74 0.01088
3437.87 0.01118
3437.99 0.01087
3438.11 0.01023
3438.23 0.00945
3438.35 0.00882
3438.47 0.00874
3438.59 0.00937
3438.71 0.01027
3438.83 0.01079
3438.95 0.01074
3439.07 0.01042
3439.19 0.01011
3439.31 0.00977
3439.43 0.00937
3439.55 0.00908
3439.67 0.00911
3439.79 0.00934
3439.91 0.00953
3440.04 0.0096
3440.16 0.00962
3440.28 0.00965
3440.4 0.00979
3440.52 0.01024
3440.64 0.01103
3440.76 0.01176
3440.88 0.01191
3441 0.0115
3441.12 0.011
3441.24 0.01063
3441.36 0.01007
3441.48 0.00915
3441.6 0.00832
3441.72 0.0081
3441.84 0.00835
3441.96 0.00849
3442.08 0.00834
3442.21 0.00823
3442.33 0.00829
3442.45 0.0082
3442.57 0.00793
3442.69 0.00804
3442.81 0.00887
3442.93 0.00977
3443.05 0.00969
3443.17 0.00856
3443.29 0.00748
3443.41 0.00734
3443.53 0.0079
3443.65 0.00824
3443.77 0.00797
3443.89 0.00744
3444.01 0.00715
3444.13 0.00726
3444.25 0.00774
3444.38 0.00843
3444.5 0.009
3444.62 0.00905
3444.74 0.00854
3444.86 0.0078
3444.98 0.00717
3445.1 0.00667
3445.22 0.0064
3445.34 0.00677
3445.46 0.00809
3445.58 0.00988
3445.7 0.0111
3445.82 0.01114
3445.94 0.01042
3446.06 0.00988
3446.18 0.00987
3446.3 0.00996
3446.42 0.00965
3446.54 0.00905
3446.67 0.00858
3446.79 0.00838
3446.91 0.00813
3447.03 0.00758
3447.15 0.00712
3447.27 0.00736
3447.39 0.00835
3447.51 0.00945
3447.63 0.00998
3447.75 0.00988
3447.87 0.00956
3447.99 0.0093
3448.11 0.00917
3448.23 0.00932
3448.35 0.0098
3448.47 0.01021
3448.59 0.00979
3448.71 0.0084
3448.84 0.0069
3448.96 0.00636
3449.08 0.00683
3449.2 0.00746
3449.32 0.00766
3449.44 0.00774
3449.56 0.00823
3449.68 0.00893
3449.8 0.00912
3449.92 0.00848
3450.04 0.0075
3450.16 0.00695
3450.28 0.00709
3450.4 0.00747
3450.52 0.00744
3450.64 0.00689
3450.76 0.00645
3450.88 0.00677
3451.01 0.00774
3451.13 0.00845
3451.25 0.00825
3451.37 0.00751
3451.49 0.00722
3451.61 0.00785
3451.73 0.00889
3451.85 0.00958
3451.97 0.00961
3452.09 0.00916
3452.21 0.00846
3452.33 0.00764
3452.45 0.00694
3452.57 0.00673
3452.69 0.00717
3452.81 0.00809
3452.93 0.00902
3453.05 0.00948
3453.18 0.00917
3453.3 0.00816
3453.42 0.00701
3453.54 0.00648
3453.66 0.00694
3453.78 0.00806
3453.9 0.00911
3454.02 0.00969
3454.14 0.00993
3454.26 0.01006
3454.38 0.00996
3454.5 0.0093
3454.62 0.00809
3454.74 0.00685
3454.86 0.00613
3454.98 0.00602
3455.1 0.00622
3455.22 0.00637
3455.35 0.00641
3455.47 0.00653
3455.59 0.00696
3455.71 0.00781
3455.83 0.00894
3455.95 0.00988
3456.07 0.01018
3456.19 0.00974
3456.31 0.00897
3456.43 0.00837
3456.55 0.00812
3456.67 0.00806
3456.79 0.00805
3456.91 0.00803
3457.03 0.00793
3457.15 0.00762
3457.27 0.00708
3457.39 0.00651
3457.52 0.00627
3457.64 0.00658
3457.76 0.00735
3457.88 0.00827
3458 0.00889
3458.12 0.0088
3458.24 0.00789
3458.36 0.00661
3458.48 0.00579
3458.6 0.006
3458.72 0.00702
3458.84 0.00802
3458.96 0.00833
3459.08 0.00805
3459.2 0.00778
3459.32 0.00788
3459.44 0.0081
3459.56 0.00802
3459.69 0.00764
3459.81 0.00735
3459.93 0.00748
3460.05 0.00788
3460.17 0.00818
3460.29 0.00824
3460.41 0.00823
3460.53 0.00829
3460.65 0.00828
3460.77 0.00798
3460.89 0.00746
3461.01 0.00705
3461.13 0.00698
3461.25 0.00704
3461.37 0.00696
3461.49 0.00675
3461.61 0.0067
3461.73 0.00686
3461.85 0.00696
3461.98 0.0068
3462.1 0.00657
3462.22 0.00654
3462.34 0.00672
3462.46 0.00686
3462.58 0.00692
3462.7 0.00703
3462.82 0.0072
3462.94 0.00723
3463.06 0.00695
3463.18 0.00653
3463.3 0.00623
3463.42 0.00609
3463.54 0.00591
3463.66 0.00549
3463.78 0.00483
3463.9 0.00425
3464.02 0.00424
3464.15 0.00503
3464.27 0.0062
3464.39 0.00689
3464.51 0.0066
3464.63 0.00577
3464.75 0.00535
3464.87 0.00569
3464.99 0.00616
3465.11 0.00584
3465.23 0.00463
3465.35 0.0034
3465.47 0.0032
3465.59 0.00434
3465.71 0.00617
3465.83 0.0075
3465.95 0.00751
3466.07 0.00635
3466.19 0.005
3466.32 0.00441
3466.44 0.00469
3466.56 0.00515
3466.68 0.00522
3466.8 0.0051
3466.92 0.00538
3467.04 0.00601
3467.16 0.00621
3467.28 0.00546
3467.4 0.00427
3467.52 0.00367
3467.64 0.00399
3467.76 0.00454
3467.88 0.00456
3468 0.00415
3468.12 0.00398
3468.24 0.0045
3468.36 0.00549
3468.49 0.00652
3468.61 0.00737
3468.73 0.00795
3468.85 0.00802
3468.97 0.00742
3469.09 0.00641
3469.21 0.00563
3469.33 0.0055
3469.45 0.00583
3469.57 0.00603
3469.69 0.00582
3469.81 0.0055
3469.93 0.00551
3470.05 0.00578
3470.17 0.00588
3470.29 0.00567
3470.41 0.00547
3470.53 0.0056
3470.66 0.00593
3470.78 0.00615
3470.9 0.00622
3471.02 0.00631
3471.14 0.00639
3471.26 0.0063
3471.38 0.00618
3471.5 0.00634
3471.62 0.00669
3471.74 0.00658
3471.86 0.00562
3471.98 0.00434
3472.1 0.00368
3472.22 0.00391
3472.34 0.00448
3472.46 0.00486
3472.58 0.00518
3472.7 0.00579
3472.82 0.0065
3472.95 0.0067
3473.07 0.00613
3473.19 0.00522
3473.31 0.00464
3473.43 0.0046
3473.55 0.00483
3473.67 0.00509
3473.79 0.00547
3473.91 0.00614
3474.03 0.00693
3474.15 0.00746
3474.27 0.00758
3474.39 0.00752
3474.51 0.00754
3474.63 0.00759
3474.75 0.00745
3474.87 0.00706
3474.99 0.00661
3475.12 0.00623
3475.24 0.006
3475.36 0.006
3475.48 0.00632
3475.6 0.00672
3475.72 0.00675
3475.84 0.00616
3475.96 0.0053
3476.08 0.00481
3476.2 0.005
3476.32 0.00552
3476.44 0.00571
3476.56 0.0052
3476.68 0.00431
3476.8 0.00385
3476.92 0.0044
3477.04 0.00558
3477.16 0.00631
3477.29 0.00582
3477.41 0.00455
3477.53 0.00354
3477.65 0.00338
3477.77 0.00369
3477.89 0.00386
3478.01 0.00378
3478.13 0.00363
3478.25 0.00336
3478.37 0.00282
3478.49 0.00223
3478.61 0.00209
3478.73 0.00249
3478.85 0.00292
3478.97 0.00296
3479.09 0.00292
3479.21 0.00333
3479.33 0.00407
3479.46 0.00444
3479.58 0.00418
3479.7 0.00392
3479.82 0.00428
3479.94 0.00497
3480.06 0.00522
3480.18 0.00492
3480.3 0.00476
3480.42 0.00514
3480.54 0.00555
3480.66 0.00534
3480.78 0.00472
3480.9 0.00451
3481.02 0.00495
3481.14 0.00536
3481.26 0.00508
3481.38 0.00441
3481.5 0.00426
3481.63 0.00516
3481.75 0.0068
3481.87 0.0084
3481.99 0.0093
3482.11 0.00924
3482.23 0.00837
3482.35 0.00721
3482.47 0.00632
3482.59 0.00595
3482.71 0.00588
3482.83 0.00565
3482.95 0.00509
3483.07 0.00442
3483.19 0.0039
3483.31 0.00357
3483.43 0.0033
3483.55 0.00307
3483.67 0.00305
3483.8 0.00333
3483.92 0.00374
3484.04 0.00398
3484.16 0.00396
3484.28 0.00388
3484.4 0.00392
3484.52 0.00407
3484.64 0.00424
3484.76 0.00436
3484.88 0.00448
3485 0.00455
3485.12 0.00444
3485.24 0.00413
3485.36 0.00388
3485.48 0.00409
3485.6 0.00484
3485.72 0.00569
3485.84 0.00605
3485.97 0.00579
3486.09 0.00539
3486.21 0.00534
3486.33 0.00546
3486.45 0.00517
3486.57 0.00429
3486.69 0.00345
3486.81 0.00337
3486.93 0.00405
3487.05 0.00481
3487.17 0.0051
3487.29 0.00503
3487.41 0.00502
3487.53 0.00521
3487.65 0.00534
3487.77 0.00515
3487.89 0.0047
3488.01 0.00432
3488.14 0.00421
3488.26 0.00433
3488.38 0.00453
3488.5 0.00471
3488.62 0.0048
3488.74 0.00465
3488.86 0.00408
3488.98 0.00332
3489.1 0.00289
3489.22 0.00308
3489.34 0.00349
3489.46 0.00352
3489.58 0.00312
3489.7 0.0028
3489.82 0.0029
3489.94 0.0033
3490.06 0.0037
3490.18 0.00402
3490.3 0.00427
3490.43 0.00433
3490.55 0.00429
3490.67 0.00445
3490.79 0.00493
3490.91 0.00521
3491.03 0.00468
3491.15 0.0036
3491.27 0.00286
3491.39 0.00292
3491.51 0.00324
3491.63 0.00313
3491.75 0.00274
3491.87 0.00276
3491.99 0.00346
3492.11 0.00441
3492.23 0.005
3492.35 0.0049
3492.47 0.0041
3492.6 0.00293
3492.72 0.00215
3492.84 0.00247
3492.96 0.00375
3493.08 0.00497
3493.2 0.00517
3493.32 0.00442
3493.44 0.00359
3493.56 0.00325
3493.68 0.00321
3493.8 0.00307
3493.92 0.00286
3494.04 0.00292
3494.16 0.00337
3494.28 0.00389
3494.4 0.00405
3494.52 0.00371
3494.64 0.00316
3494.77 0.00285
3494.89 0.00295
3495.01 0.00323
3495.13 0.00338
3495.25 0.00336
3495.37 0.0034
3495.49 0.00346
3495.61 0.00319
3495.73 0.00244
3495.85 0.00169
3495.97 0.00158
3496.09 0.00212
3496.21 0.00267
3496.33 0.00274
3496.45 0.00253
3496.57 0.00255
3496.69 0.00292
3496.81 0.00328
3496.94 0.00324
3497.06 0.00283
3497.18 0.00252
3497.3 0.00278
3497.42 0.00363
3497.54 0.00449
3497.66 0.00474
3497.78 0.00426
3497.9 0.00358
3498.02 0.00323
3498.14 0.00332
3498.26 0.0036
3498.38 0.00388
3498.5 0.00401
3498.62 0.00381
3498.74 0.00319
3498.86 0.00248
3498.98 0.00224
3499.1 0.00267
3499.23 0.00335
3499.35 0.0036
3499.47 0.00315
3499.59 0.00245
3499.71 0.00227
3499.83 0.00299
3499.95 0.00413
3500.07 0.0048
3500.19 0.00465
3500.31 0.0042
3500.43 0.00409
3500.55 0.00426
3500.67 0.00416
3500.79 0.00365
3500.91 0.00316
3501.03 0.00285
3501.15 0.00238
3501.27 0.00158
3501.4 9.75639E-4
3501.52 0.0011
3501.64 0.00167
3501.76 0.00197
3501.88 0.00188
3502 0.00184
3502.12 0.00208
3502.24 0.0022
3502.36 0.0019
3502.48 0.00158
3502.6 0.00179
3502.72 0.00247
3502.84 0.00306
3502.96 0.00317
3503.08 0.00294
3503.2 0.0028
3503.32 0.00308
3503.44 0.00375
3503.57 0.00437
3503.69 0.00432
3503.81 0.00342
3503.93 0.00226
3504.05 0.00174
3504.17 0.0021
3504.29 0.00259
3504.41 0.00228
3504.53 0.00108
3504.65 -7.67596E-5
3504.77 -1.34863E-4
3504.89 0.00109
3505.01 0.00279
3505.13 0.00402
3505.25 0.00449
3505.37 0.00455
3505.49 0.00446
3505.61 0.00411
3505.74 0.00339
3505.86 0.0027
3505.98 0.00255
3506.1 0.00293
3506.22 0.00318
3506.34 0.00281
3506.46 0.00215
3506.58 0.00197
3506.7 0.00254
3506.82 0.00325
3506.94 0.00333
3507.06 0.00269
3507.18 0.00203
3507.3 0.00209
3507.42 0.00289
3507.54 0.0038
3507.66 0.00413
3507.78 0.00378
3507.91 0.00314
3508.03 0.00267
3508.15 0.00246
3508.27 0.00237
3508.39 0.00236
3508.51 0.0026
3508.63 0.00315
3508.75 0.00365
3508.87 0.00361
3508.99 0.00299
3509.11 0.00244
3509.23 0.00267
3509.35 0.00368
3509.47 0.00478
3509.59 0.0052
3509.71 0.00478
3509.83 0.00387
3509.95 0.00285
3510.08 0.00191
3510.2 0.00118
3510.32 7.69816E-4
3510.44 6.78197E-4
3510.56 7.64251E-4
3510.68 9.14756E-4
3510.8 0.00118
3510.92 0.00163
3511.04 0.00217
3511.16 0.00256
3511.28 0.00268
3511.4 0.00261
3511.52 0.00254
3511.64 0.00259
3511.76 0.00281
3511.88 0.00327
3512 0.00389
3512.12 0.00441
3512.25 0.0045
3512.37 0.00413
3512.49 0.00362
3512.61 0.00322
3512.73 0.00293
3512.85 0.00265
3512.97 0.00246
3513.09 0.00248
3513.21 0.00254
3513.33 0.00225
3513.45 0.00149
3513.57 7.13732E-4
3513.69 4.49911E-4
3513.81 7.58722E-4
3513.93 0.00119
3514.05 0.00133
3514.17 0.00117
3514.29 0.00115
3514.42 0.00161
3514.54 0.00248
3514.66 0.00324
3514.78 0.00339
3514.9 0.00306
3515.02 0.00296
3515.14 0.00353
3515.26 0.00436
3515.38 0.00462
3515.5 0.00392
3515.62 0.00273
3515.74 0.00172
3515.86 0.00125
3515.98 0.00129
3516.1 0.00171
3516.22 0.00223
3516.34 0.00255
3516.46 0.0026
3516.58 0.00266
3516.71 0.00291
3516.83 0.00306
3516.95 0.00277
3517.07 0.00227
3517.19 0.00219
3517.31 0.00278
3517.43 0.0036
3517.55 0.00417
3517.67 0.00445
3517.79 0.00455
3517.91 0.00432
3518.03 0.00364
3518.15 0.00281
3518.27 0.0023
3518.39 0.0022
3518.51 0.00224
3518.63 0.00229
3518.75 0.00251
3518.88 0.00287
3519 0.00306
3519.12 0.00287
3519.24 0.00257
3519.36 0.00257
3519.48 0.00283
3519.6 0.00299
3519.72 0.00282
3519.84 0.00237
3519.96 0.00173
3520.08 9.36866E-4
3520.2 1.74634E-4
3520.32 -1.8641E-4
3520.44 5.83902E-5
3520.56 7.04985E-4
3520.68 0.00136
3520.8 0.00176
3520.92 0.00183
3521.05 0.00154
3521.17 0.00104
3521.29 6.50737E-4
3521.41 7.35015E-4
3521.53 0.00123
3521.65 0.00166
3521.77 0.00158
3521.89 0.00114
3522.01 8.88437E-4
3522.13 0.0012
3522.25 0.00179
3522.37 0.00205
3522.49 0.00178
3522.61 0.00148
3522.73 0.00168
3522.85 0.00223
3522.97 0.00236
3523.09 0.00162
3523.22 3.3953E-4
3523.34 -7.72413E-4
3523.46 -0.00145
3523.58 -0.00193
3523.7 -0.00245
3523.82 -0.00287
3523.94 -0.00289
3524.06 -0.00236
3524.18 -0.0014
3524.3 -4.49836E-4
3524.42 -1.04334E-4
3524.54 -5.01536E-4
3524.66 -8.81936E-4
3524.78 -1.76128E-4
3524.9 0.0017
3525.02 0.00349
3525.14 0.00397
3525.26 0.00322
3525.39 0.00239
3525.51 0.00214
3525.63 0.00212
3525.75 0.00181
3525.87 0.0014
3525.99 0.00145
3526.11 0.00205
3526.23 0.0027
3526.35 0.00297
3526.47 0.00292
3526.59 0.00286
3526.71 0.00293
3526.83 0.00295
3526.95 0.0026
3527.07 0.00184
3527.19 0.00107
3527.31 7.65663E-4
3527.43 9.68486E-4
3527.55 0.00114
3527.68 8.84656E-4
3527.8 5.07616E-4
3527.92 6.92319E-4
3528.04 0.00158
3528.16 0.00257
3528.28 0.00304
3528.4 0.0029
3528.52 0.0024
3528.64 0.0016
3528.76 6.0454E-4
3528.88 -1.43986E-4
3529 -1.50409E-4
3529.12 4.3099E-4
3529.24 7.70632E-4
3529.36 2.76159E-4
3529.48 -7.07693E-4
3529.6 -0.00135
3529.72 -0.00131
3529.85 -0.00103
3529.97 -9.04191E-4
3530.09 -6.99569E-4
3530.21 6.32741E-5
3530.33 0.0013
3530.45 0.00234
3530.57 0.00271
3530.69 0.00259
3530.81 0.00242
3530.93 0.00217
3531.05 0.00153
3531.17 5.72693E-4
3531.29 -1.17701E-4
3531.41 -1.31387E-4
3531.53 3.56209E-4
3531.65 9.26126E-4
3531.77 0.00138
3531.89 0.00166
3532.02 0.00158
3532.14 0.00108
3532.26 4.69677E-4
3532.38 1.8828E-4
3532.5 2.49222E-4
3532.62 2.67245E-4
3532.74 3.35649E-5
3532.86 -2.84266E-4
3532.98 -5.38185E-4
3533.1 -7.86398E-4
3533.22 -9.06318E-4
3533.34 -4.66891E-4
3533.46 6.37364E-4
3533.58 0.0017
3533.7 0.00186
3533.82 0.00113
3533.94 4.05058E-4
3534.06 2.80257E-4
3534.19 4.29414E-4
3534.31 2.91001E-4
3534.43 -3.58857E-5
3534.55 4.38131E-5
3534.67 7.69239E-4
3534.79 0.00177
3534.91 0.00254
3535.03 0.00288
3535.15 0.00275
3535.27 0.00222
3535.39 0.00169
3535.51 0.00168
3535.63 0.00226
3535.75 0.00271
3535.87 0.00227
3535.99 0.0012
3536.11 5.82181E-4
3536.23 0.00108
3536.36 0.00211
3536.48 0.00257
3536.6 0.00208
3536.72 0.00113
3536.84 3.48691E-4
3536.96 -8.91276E-5
3537.08 -1.7456E-4
3537.2 2.46827E-4
3537.32 0.00123
3537.44 0.00238
3537.56 0.00306
3537.68 0.00301
3537.8 0.0025
3537.92 0.00205
3538.04 0.00194
3538.16 0.00213
3538.28 0.00242
3538.4 0.00263
3538.53 0.00267
3538.65 0.00251
3538.77 0.00201
3538.89 9.96195E-4
3539.01 -4.66757E-4
3539.13 -0.00181
3539.25 -0.00229
3539.37 -0.00161
3539.49 -2.41771E-4
3539.61 0.00103
3539.73 0.00167
3539.85 0.00163
3539.97 0.00114
3540.09 5.21552E-4
3540.21 7.93412E-5
3540.33 3.17916E-5
3540.45 3.93752E-4
3540.57 9.73459E-4
3540.7 0.00155
3540.82 0.00205
3540.94 0.00252
3541.06 0.00287
3541.18 0.00276
3541.3 0.00191
3541.42 5.11464E-4
3541.54 -7.23954E-4
3541.66 -0.00114
3541.78 -7.53086E-4
3541.9 -1.0233E-4
3542.02 3.38476E-4
3542.14 4.95657E-4
3542.26 4.78193E-4
3542.38 3.41248E-4
3542.5 1.63078E-4
3542.62 9.73456E-5
3542.74 1.98133E-4
3542.86 3.82282E-4
3542.99 6.72448E-4
3543.11 0.00122
3543.23 0.00194
3543.35 0.00236
3543.47 0.00217
3543.59 0.00162
3543.71 0.00104
3543.83 2.98988E-4
3543.95 -8.07844E-4
3544.07 -0.00173
3544.19 -0.00154
3544.31 -2.14111E-4
3544.43 0.00106
3544.55 0.00127
3544.67 6.69528E-4
3544.79 1.04636E-4
3544.91 -3.03343E-4
3545.03 -0.00105
3545.16 -0.00213
3545.28 -0.00287
3545.4 -0.00275
3545.52 -0.00203
3545.64 -0.00118
3545.76 -3.47499E-4
3545.88 3.89058E-4
3546 7.64307E-4
3546.12 7.72156E-4
3546.24 9.77285E-4
3546.36 0.00189
3546.48 0.00309
3546.6 0.00344
3546.72 0.00228
3546.84 2.2554E-4
3546.96 -0.00136
3547.08 -0.00166
3547.2 -0.00106
3547.33 -7.49223E-4
3547.45 -0.00143
3547.57 -0.0026
3547.69 -0.00307
3547.81 -0.00228
3547.93 -8.46859E-4
3548.05 2.45702E-4
3548.17 6.96477E-4
3548.29 8.78949E-4
3548.41 0.00103
3548.53 9.78701E-4
3548.65 6.88896E-4
3548.77 5.88696E-4
3548.89 0.00102
3549.01 0.00165
3549.13 0.00183
3549.25 0.00138
3549.37 6.78115E-4
3549.5 8.06376E-5
3549.62 -5.19283E-4
3549.74 -0.00123
3549.86 -0.00169
3549.98 -0.00137
3550.1 -3.41255E-4
3550.22 5.70223E-4
3550.34 7.2436E-4
3550.46 3.64203E-4
3550.58 1.86201E-4
3550.7 3.52882E-4
3550.82 3.30396E-4
3550.94 -2.25767E-4
3551.06 -8.1668E-4
3551.18 -6.79243E-4
3551.3 1.75726E-4
3551.42 8.96867E-4
3551.54 8.26046E-4
3551.67 2.6447E-4
3551.79 5.61699E-5
3551.91 5.81075E-4
3552.03 0.00134
3552.15 0.00147
3552.27 6.13265E-4
3552.39 -7.82669E-4
3552.51 -0.00185
3552.63 -0.00207
3552.75 -0.00166
3552.87 -0.0012
3552.99 -9.45501E-4
3553.11 -6.43786E-4
3553.23 -2.97129E-5
3553.35 7.12086E-4
3553.47 0.0012
3553.59 0.00141
3553.71 0.00169
3553.83 0.00225
3553.96 0.00281
3554.08 0.00289
3554.2 0.00234
3554.32 0.00143
3554.44 5.67935E-4
3554.56 2.71276E-5
3554.68 -1.42206E-4
3554.8 -5.02616E-5
3554.92 1.36126E-4
3555.04 3.27762E-4
3555.16 5.40923E-4
3555.28 7.44168E-4
3555.4 7.69481E-4
3555.52 5.16165E-4
3555.64 2.08385E-4
3555.76 2.38579E-4
3555.88 6.60866E-4
3556 0.00101
3556.13 8.24444E-4
3556.25 2.42673E-4
3556.37 -1.316E-4
3556.49 3.93763E-5
3556.61 4.78886E-4
3556.73 7.50829E-4
3556.85 7.69608E-4
3556.97 6.70496E-4
3557.09 3.86178E-4
3557.21 -2.87801E-4
3557.33 -0.00122
3557.45 -0.0019
3557.57 -0.00197
3557.69 -0.00165
3557.81 -0.00136
3557.93 -0.00113
3558.05 -6.28747E-4
3558.17 2.92204E-4
3558.3 0.00127
3558.42 0.00174
3558.54 0.00136
3558.66 2.89772E-4
3558.78 -9.85403E-4
3558.9 -0.00194
3559.02 -0.00223
3559.14 -0.00186
3559.26 -0.00115
3559.38 -5.42589E-4
3559.5 -3.80207E-4
3559.62 -6.62304E-4
3559.74 -9.96694E-4
3559.86 -9.04873E-4
3559.98 -3.3455E-4
3560.1 1.93901E-4
3560.22 1.43129E-4
3560.34 -3.31715E-4
3560.47 -4.67278E-4
3560.59 2.41417E-4
3560.71 0.00147
3560.83 0.00246
3560.95 0.00285
3561.07 0.00277
3561.19 0.00238
3561.31 0.00164
3561.43 7.1352E-4
3561.55 1.56969E-4
3561.67 4.74274E-4
3561.79 0.00139
3561.91 0.00194
3562.03 0.00144
3562.15 3.08171E-4
3562.27 -2.71264E-4
3562.39 3.90444E-4
3562.51 0.0017
3562.64 0.00236
3562.76 0.00178
3562.88 7.06162E-4
3563 2.9679E-4
3563.12 7.45945E-4
3563.24 0.00106
3563.36 3.23918E-4
3563.48 -0.00115
3563.6 -0.00209
3563.72 -0.00171
3563.84 -5.18739E-4
3563.96 3.75967E-4
3564.08 4.47195E-4
3564.2 6.96182E-5
3564.32 -2.27463E-4
3564.44 -3.86875E-4
3564.56 -5.88287E-4
3564.68 -7.15215E-4
3564.81 -4.77862E-4
3564.93 1.20327E-6
3565.05 1.52744E-4
3565.17 -3.01544E-4
3565.29 -8.96409E-4
3565.41 -0.001
3565.53 -6.49706E-4
3565.65 -3.94829E-4
3565.77 -4.41663E-4
3565.89 -4.21043E-4
3566.01 -1.39814E-4
3566.13 -9.42126E-6
3566.25 -3.32102E-4
3566.37 -5.62727E-4
3566.49 9.2566E-5
3566.61 0.00143
3566.73 0.00228
3566.85 0.00192
3566.98 9.3098E-4
3567.1 2.60688E-4
3567.22 -1.02542E-4
3567.34 -8.552E-4
3567.46 -0.00208
3567.58 -0.00289
3567.7 -0.00261
3567.82 -0.00166
3567.94 -9.54743E-4
3568.06 -7.68647E-4
3568.18 -7.18269E-4
3568.3 -6.13563E-4
3568.42 -7.73974E-4
3568.54 -0.00138
3568.66 -0.002
3568.78 -0.00207
3568.9 -0.00159
3569.02 -9.98657E-4
3569.15 -4.72784E-4
3569.27 2.61087E-4
3569.39 0.00129
3569.51 0.00216
3569.63 0.00242
3569.75 0.0022
3569.87 0.00195
3569.99 0.00167
3570.11 8.33355E-4
3570.23 -7.43926E-4
3570.35 -0.00238
3570.47 -0.00317
3570.59 -0.00295
3570.71 -0.00228
3570.83 -0.00163
3570.95 -9.39794E-4
3571.07 -5.32977E-5
3571.19 8.53047E-4
3571.31 0.00144
3571.44 0.00163
3571.56 0.00164
3571.68 0.00152
3571.8 0.00111
3571.92 3.15394E-4
3572.04 -5.85563E-4
3572.16 -0.00109
3572.28 -9.15192E-4
3572.4 -3.1345E-4
3572.52 1.31395E-4
3572.64 8.06153E-6
3572.76 -5.31629E-4
3572.88 -9.54267E-4
3573 -9.29762E-4
3573.12 -6.51147E-4
3573.24 -5.35998E-4
3573.36 -7.10551E-4
3573.48 -9.1571E-4
3573.61 -8.7171E-4
3573.73 -5.96918E-4
3573.85 -3.50583E-4
3573.97 -3.73054E-4
3574.09 -7.17558E-4
3574.21 -0.00126
3574.33 -0.0018
3574.45 -0.00221
3574.57 -0.00245
3574.69 -0.00252
3574.81 -0.00245
3574.93 -0.0023
3575.05 -0.00217
3575.17 -0.00213
3575.29 -0.00209
3575.41 -0.00194
3575.53 -0.00169
3575.65 -0.00142
3575.78 -0.00122
3575.9 -0.00112
3576.02 -0.0011
3576.14 -0.00114
3576.26 -0.00112
3576.38 -9.3884E-4
3576.5 -6.75555E-4
3576.62 -5.16888E-4
3576.74 -5.28764E-4
3576.86 -6.39252E-4
3576.98 -7.88543E-4
3577.1 -8.9629E-4
3577.22 -7.14634E-4
3577.34 -3.7197E-5
3577.46 8.31634E-4
3577.58 0.00115
3577.7 5.85109E-4
3577.82 -2.23771E-4
3577.95 -3.41713E-4
3578.07 3.57844E-4
3578.19 0.00112
3578.31 0.0013
3578.43 9.85909E-4
3578.55 5.78724E-4
3578.67 1.24384E-4
3578.79 -5.2793E-4
3578.91 -0.00124
3579.03 -0.00166
3579.15 -0.00173
3579.27 -0.00163
3579.39 -0.00134
3579.51 -5.54632E-4
3579.63 7.25854E-4
3579.75 0.00171
3579.87 0.00143
3579.99 -1.83385E-4
3580.12 -0.00203
3580.24 -0.00281
3580.36 -0.00219
3580.48 -9.61926E-4
3580.6 -2.29809E-4
3580.72 -4.02573E-4
3580.84 -0.001
3580.96 -0.00127
3581.08 -8.78382E-4
3581.2 -1.14385E-4
3581.32 5.26287E-4
3581.44 7.47271E-4
3581.56 5.53448E-4
3581.68 1.14627E-4
3581.8 -3.22215E-4
3581.92 -4.7309E-4
3582.04 -1.88868E-4
3582.16 3.39217E-4
3582.28 6.33191E-4
3582.41 3.32121E-4
3582.53 -4.51002E-4
3582.65 -0.0012
3582.77 -0.00149
3582.89 -0.00133
3583.01 -0.00117
3583.13 -0.0014
3583.25 -0.00193
3583.37 -0.00227
3583.49 -0.00204
3583.61 -0.00146
3583.73 -0.00118
3583.85 -0.00153
3583.97 -0.00218
3584.09 -0.0025
3584.21 -0.00237
3584.33 -0.00219
3584.45 -0.00219
3584.58 -0.00205
3584.7 -0.00133
3584.82 -2.38921E-4
3584.94 4.88054E-4
3585.06 3.21958E-4
3585.18 -4.80682E-4
3585.3 -0.00119
3585.42 -0.00138
3585.54 -0.00125
3585.66 -0.00121
3585.78 -0.00133
3585.9 -0.00118
3586.02 -4.53319E-4
3586.14 5.39511E-4
3586.26 0.00105
3586.38 7.4023E-4
3586.5 2.91616E-5
3586.62 -4.37003E-4
3586.75 -6.13201E-4
3586.87 -0.00101
3586.99 -0.00188
3587.11 -0.00275
3587.23 -0.00301
3587.35 -0.00269
3587.47 -0.0023
3587.59 -0.00215
3587.71 -0.00201
3587.83 -0.00155
3587.95 -7.95592E-4
3588.07 -2.81967E-5
3588.19 5.52535E-4
3588.31 9.33595E-4
3588.43 0.00114
3588.55 0.00114
3588.67 8.78043E-4
3588.79 4.00607E-4
3588.92 -1.29316E-4
3589.04 -4.39674E-4
3589.16 -3.63354E-4
3589.28 -1.2463E-4
3589.4 -2.87779E-4
3589.52 -0.00116
3589.64 -0.00228
3589.76 -0.00272
3589.88 -0.00216
3590 -0.00129
3590.12 -0.00101
3590.24 -0.0014
3590.36 -0.00164
3590.48 -0.00113
3590.6 -1.02624E-4
3590.72 7.12961E-4
3590.84 8.7389E-4
3590.96 4.12151E-4
3591.09 -4.29545E-4
3591.21 -0.0013
3591.33 -0.00174
3591.45 -0.00143
3591.57 -6.25432E-4
3591.69 -2.57418E-5
3591.81 -1.11528E-4
3591.93 -7.01867E-4
3592.05 -0.00126
3592.17 -0.00149
3592.29 -0.00146
3592.41 -0.00135
3592.53 -0.00121
3592.65 -0.00106
3592.77 -0.00105
3592.89 -0.00139
3593.01 -0.002
3593.13 -0.00242
3593.26 -0.00212
3593.38 -0.00103
3593.5 1.04319E-4
3593.62 3.72592E-4
3593.74 -4.14848E-4
3593.86 -0.00144
3593.98 -0.00173
3594.1 -0.00126
3594.22 -9.04683E-4
3594.34 -0.00125
3594.46 -0.00178
3594.58 -0.00153
3594.7 -3.29539E-4
3594.82 9.57943E-4
3594.94 0.00147
3595.06 0.00134
3595.18 0.00128
3595.3 0.00147
3595.43 0.00132
3595.55 3.89192E-4
3595.67 -8.59421E-4
3595.79 -0.00159
3595.91 -0.00163
3596.03 -0.00154
3596.15 -0.00173
3596.27 -0.00196
3596.39 -0.00197
3596.51 -0.00206
3596.63 -0.00271
3596.75 -0.00376
3596.87 -0.00445
3596.99 -0.00427
3597.11 -0.00343
3597.23 -0.00252
3597.35 -0.00189
3597.47 -0.00157
3597.59 -0.00144
3597.72 -0.00133
3597.84 -0.00107
3597.96 -7.49227E-4
3598.08 -7.46001E-4
3598.2 -0.00133
3598.32 -0.00224
3598.44 -0.00291
3598.56 -0.0031
3598.68 -0.00303
3598.8 -0.00288
3598.92 -0.00248
3599.04 -0.00168
3599.16 -8.18558E-4
3599.28 -5.43263E-4
3599.4 -0.00103
3599.52 -0.00173
3599.64 -0.00202
3599.76 -0.00183
3599.89 -0.00144
3600.01 -8.56202E-4
3600.13 1.72138E-4
3600.25 0.00153
3600.37 0.00249
3600.49 0.00245
3600.61 0.00158
3600.73 5.51078E-4
3600.85 -3.04304E-4
3600.97 -0.00114
3601.09 -0.00196
3601.21 -0.00233
3601.33 -0.00186
3601.45 -8.58001E-4
3601.57 -5.52014E-5
3601.69 1.83247E-5
3601.81 -6.62308E-4
3601.93 -0.00179
3602.06 -0.00289
3602.18 -0.00349
3602.3 -0.00337
3602.42 -0.00279
3602.54 -0.00221
3602.66 -0.00178
3602.78 -0.00131
3602.9 -7.68635E-4
3603.02 -4.86989E-4
3603.14 -7.24014E-4
3603.26 -0.00129
3603.38 -0.00182
3603.5 -0.00219
3603.62 -0.00245
3603.74 -0.00254
3603.86 -0.0024
3603.98 -0.00224
3604.1 -0.00229
3604.23 -0.00242
3604.35 -0.00211
3604.47 -0.0011
3604.59 2.66641E-4
3604.71 0.00133
3604.83 0.00156
3604.95 7.06367E-4
3605.07 -0.00105
3605.19 -0.00297
3605.31 -0.00417
3605.43 -0.00437
3605.55 -0.00398
3605.67 -0.00337
3605.79 -0.00226
3605.91 -4.64961E-4
3606.03 0.00124
3606.15 0.00163
3606.27 5.35101E-4
3606.4 -7.683E-4
3606.52 -9.94757E-4
3606.64 -2.56546E-4
3606.76 3.66092E-4
3606.88 2.93348E-4
3607 -6.46971E-5
3607.12 -2.10263E-4
3607.24 -3.32721E-4
3607.36 -8.85721E-4
3607.48 -0.00176
3607.6 -0.00231
3607.72 -0.00217
3607.84 -0.00177
3607.96 -0.00178
3608.08 -0.00225
3608.2 -0.00249
3608.32 -0.00189
3608.44 -7.29959E-4
3608.57 7.6361E-5
3608.69 3.50028E-5
3608.81 -4.37889E-4
3608.93 -6.66741E-4
3609.05 -6.01053E-4
3609.17 -7.39053E-4
3609.29 -0.00131
3609.41 -0.00189
3609.53 -0.00193
3609.65 -0.00138
3609.77 -5.68684E-4
3609.89 1.59562E-4
3610.01 6.7275E-4
3610.13 8.68507E-4
3610.25 6.33199E-4
3610.37 4.78402E-5
3610.49 -5.30731E-4
3610.61 -7.40655E-4
3610.74 -5.86573E-4
3610.86 -4.65974E-4
3610.98 -7.87728E-4
3611.1 -0.00156
3611.22 -0.0024
3611.34 -0.00294
3611.46 -0.00316
3611.58 -0.00324
3611.7 -0.00327
3611.82 -0.00318
3611.94 -0.00301
3612.06 -0.00289
3612.18 -0.00281
3612.3 -0.00258
3612.42 -0.00214
3612.54 -0.00173
3612.66 -0.00156
3612.78 -0.00143
3612.91 -9.63446E-4
3613.03 -1.06506E-4
3613.15 7.03737E-4
3613.27 9.64299E-4
3613.39 5.16105E-4
3613.51 -4.46834E-4
3613.63 -0.0016
3613.75 -0.00272
3613.87 -0.00379
3613.99 -0.00487
3614.11 -0.00579
3614.23 -0.00604
3614.35 -0.00524
3614.47 -0.00377
3614.59 -0.00263
3614.71 -0.00241
3614.83 -0.00267
3614.95 -0.00258
3615.07 -0.00188
3615.2 -0.00108
3615.32 -6.43108E-4
3615.44 -5.60399E-4
3615.56 -5.96218E-4
3615.68 -6.81952E-4
3615.8 -8.44318E-4
3615.92 -9.83987E-4
3616.04 -9.66821E-4
3616.16 -8.60382E-4
3616.28 -9.20705E-4
3616.4 -0.00137
3616.52 -0.00227
3616.64 -0.0034
3616.76 -0.00429
3616.88 -0.0044
3617 -0.00374
3617.12 -0.00301
3617.24 -0.00293
3617.37 -0.00339
3617.49 -0.00359
3617.61 -0.00311
3617.73 -0.00254
3617.85 -0.00263
3617.97 -0.0033
3618.09 -0.00372
3618.21 -0.00345
3618.33 -0.00293
3618.45 -0.00274
3618.57 -0.00288
3618.69 -0.00301
3618.81 -0.00311
3618.93 -0.00343
3619.05 -0.00392
3619.17 -0.00418
3619.29 -0.00398
3619.41 -0.00348
3619.54 -0.00292
3619.66 -0.00227
3619.78 -0.00148
3619.9 -7.76052E-4
3620.02 -4.56728E-4
3620.14 -5.08938E-4
3620.26 -6.48029E-4
3620.38 -7.00541E-4
3620.5 -7.44306E-4
3620.62 -8.8083E-4
3620.74 -0.00109
3620.86 -0.00136
3620.98 -0.00177
3621.1 -0.00231
3621.22 -0.00282
3621.34 -0.00315
3621.46 -0.00331
3621.58 -0.00345
3621.71 -0.00355
3621.83 -0.00346
3621.95 -0.0031
3622.07 -0.00252
3622.19 -0.0018
3622.31 -9.55243E-4
3622.43 -1.06677E-4
3622.55 3.86655E-4
3622.67 1.81951E-4
3622.79 -6.2041E-4
3622.91 -0.00148
3623.03 -0.00195
3623.15 -0.00219
3623.27 -0.00261
3623.39 -0.00325
3623.51 -0.00357
3623.63 -0.00313
3623.75 -0.0022
3623.88 -0.00155
3624 -0.00157
3624.12 -0.00181
3624.24 -0.00166
3624.36 -0.00127
3624.48 -0.00148
3624.6 -0.00285
3624.72 -0.00467
3624.84 -0.00537
3624.96 -0.004
3625.08 -0.00135
3625.2 6.0118E-4
3625.32 5.2727E-4
3625.44 -0.00117
3625.56 -0.003
3625.68 -0.00398
3625.8 -0.00422
3625.92 -0.00427
3626.04 -0.00417
3626.17 -0.00362
3626.29 -0.00266
3626.41 -0.00179
3626.53 -0.00144
3626.65 -0.00152
3626.77 -0.00169
3626.89 -0.00177
3627.01 -0.00178
3627.13 -0.00168
3627.25 -0.00135
3627.37 -8.61958E-4
3627.49 -6.36898E-4
3627.61 -9.90573E-4
3627.73 -0.00166
3627.85 -0.00195
3627.97 -0.00155
3628.09 -9.6551E-4
3628.21 -8.93496E-4
3628.34 -0.00127
3628.46 -0.00126
3628.58 -3.90347E-4
3628.7 6.90017E-4
3628.82 8.54947E-4
3628.94 -1.95667E-4
3629.06 -0.00171
3629.18 -0.00288
3629.3 -0.00352
3629.42 -0.00383
3629.54 -0.00371
3629.66 -0.00285
3629.78 -0.00133
3629.9 2.4163E-4
3630.02 0.00118
3630.14 0.00119
3630.26 4.62875E-4
3630.38 -5.32009E-4
3630.51 -0.00128
3630.63 -0.00148
3630.75 -0.00115
3630.87 -4.90729E-4
3630.99 2.29333E-4
3631.11 6.22291E-4
3631.23 2.50831E-4
3631.35 -9.80403E-4
3631.47 -0.0025
3631.59 -0.0034
3631.71 -0.00326
3631.83 -0.00238
3631.95 -0.00134
3632.07 -3.93923E-4
3632.19 3.37467E-4
3632.31 5.09016E-4
3632.43 -2.58025E-4
3632.55 -0.00176
3632.68 -0.00312
3632.8 -0.00356
3632.92 -0.00311
3633.04 -0.0024
3633.16 -0.00183
3633.28 -0.00123
3633.4 -4.71875E-4
3633.52 6.88732E-5
3633.64 -1.2619E-4
3633.76 -9.18582E-4
3633.88 -0.00151
3634 -0.0014
3634.12 -0.00102
3634.24 -0.00114
3634.36 -0.00184
3634.48 -0.00239
3634.6 -0.00227
3634.72 -0.00173
3634.85 -0.00146
3634.97 -0.00173
3635.09 -0.00234
3635.21 -0.00296
3635.33 -0.00335
3635.45 -0.0034
3635.57 -0.00326
3635.69 -0.00329
3635.81 -0.00377
3635.93 -0.00445
3636.05 -0.00481
3636.17 -0.00468
3636.29 -0.00432
3636.41 -0.00396
3636.53 -0.00359
3636.65 -0.00335
3636.77 -0.00358
3636.89 -0.00437
3637.02 -0.00511
3637.14 -0.00511
3637.26 -0.00436
3637.38 -0.00344
3637.5 -0.0027
3637.62 -0.00199
3637.74 -0.00124
3637.86 -7.70237E-4
3637.98 -8.27949E-4
3638.1 -0.00111
3638.22 -0.00123
3638.34 -0.00132
3638.46 -0.00185
3638.58 -0.00285
3638.7 -0.00368
3638.82 -0.00387
3638.94 -0.00357
3639.06 -0.00327
3639.19 -0.0031
3639.31 -0.003
3639.43 -0.00297
3639.55 -0.00312
3639.67 -0.00326
3639.79 -0.00305
3639.91 -0.00249
3640.03 -0.00198
3640.15 -0.00182
3640.27 -0.00181
3640.39 -0.00169
3640.51 -0.00161
3640.63 -0.00184
3640.75 -0.00219
3640.87 -0.00205
3640.99 -0.00112
3641.11 1.0819E-4
3641.23 8.08753E-4
3641.35 5.79506E-4
3641.48 -3.02646E-4
3641.6 -0.0012
3641.72 -0.0015
3641.84 -9.49476E-4
3641.96 2.37513E-4
3642.08 0.0014
3642.2 0.00187
3642.32 0.00153
3642.44 7.58607E-4
3642.56 8.49366E-6
3642.68 -5.58365E-4
3642.8 -0.00102
3642.92 -0.00146
3643.04 -0.00188
3643.16 -0.0022
3643.28 -0.00231
3643.4 -0.00214
3643.52 -0.00189
3643.65 -0.00207
3643.77 -0.003
3643.89 -0.00428
3644.01 -0.00495
3644.13 -0.00433
3644.25 -0.00283
3644.37 -0.00158
3644.49 -0.00137
3644.61 -0.00197
3644.73 -0.00259
3644.85 -0.00278
3644.97 -0.00264
3645.09 -0.00234
3645.21 -0.0018
3645.33 -0.00116
3645.45 -0.00112
3645.57 -0.00229
3645.69 -0.00425
3645.82 -0.00568
3645.94 -0.00558
3646.06 -0.00434
3646.18 -0.00323
3646.3 -0.003
3646.42 -0.00327
3646.54 -0.0033
3646.66 -0.00286
3646.78 -0.00232
3646.9 -0.00197
3647.02 -0.00174
3647.14 -0.00158
3647.26 -0.00173
3647.38 -0.0025
3647.5 -0.0037
3647.62 -0.00468
3647.74 -0.00492
3647.86 -0.00452
3647.99 -0.00402
3648.11 -0.00379
3648.23 -0.00369
3648.35 -0.00334
3648.47 -0.00269
3648.59 -0.00211
3648.71 -0.00199
3648.83 -0.00227
3648.95 -0.00246
3649.07 -0.00218
3649.19 -0.00163
3649.31 -0.00153
3649.43 -0.00237
3649.55 -0.00389
3649.67 -0.00511
3649.79 -0.00519
3649.91 -0.00425
3650.03 -0.00318
3650.16 -0.00277
3650.28 -0.00299
3650.4 -0.00325
3650.52 -0.0031
3650.64 -0.00263
3650.76 -0.00221
3650.88 -0.0021
3651 -0.00225
3651.12 -0.00243
3651.24 -0.00235
3651.36 -0.00199
3651.48 -0.00162
3651.6 -0.00164
3651.72 -0.00205
3651.84 -0.00241
3651.96 -0.00232
3652.08 -0.00181
3652.2 -0.00128
3652.32 -0.0011
3652.45 -0.00134
3652.57 -0.00183
3652.69 -0.0022
3652.81 -0.00217
3652.93 -0.0018
3653.05 -0.0016
3653.17 -0.00207
3653.29 -0.00309
3653.41 -0.00397
3653.53 -0.00414
3653.65 -0.00376
3653.77 -0.00341
3653.89 -0.0034
3654.01 -0.00349
3654.13 -0.00337
3654.25 -0.00302
3654.37 -0.0026
3654.49 -0.00209
3654.62 -0.00144
3654.74 -8.79064E-4
3654.86 -7.69492E-4
3654.98 -0.00109
3655.1 -0.00127
3655.22 -7.85779E-4
3655.34 5.64642E-5
3655.46 3.07366E-4
3655.58 -5.64646E-4
3655.7 -0.00199
3655.82 -0.00286
3655.94 -0.00256
3656.06 -0.00146
3656.18 -3.64427E-4
3656.3 2.34716E-4
3656.42 3.42134E-4
3656.54 2.45441E-4
3656.66 1.9123E-4
3656.79 1.05798E-4
3656.91 -4.25328E-4
3657.03 -0.00166
3657.15 -0.00307
3657.27 -0.00363
3657.39 -0.00286
3657.51 -0.00159
3657.63 -0.00112
3657.75 -0.00184
3657.87 -0.00286
3657.99 -0.00314
3658.11 -0.0026
3658.23 -0.00193
3658.35 -0.00162
3658.47 -0.00159
3658.59 -0.00155
3658.71 -0.00153
3658.83 -0.00174
3658.96 -0.00222
3659.08 -0.00268
3659.2 -0.00277
3659.32 -0.00245
3659.44 -0.00202
3659.56 -0.00175
3659.68 -0.00159
3659.8 -0.00135
3659.92 -0.00111
3660.04 -0.00118
3660.16 -0.00155
3660.28 -0.00172
3660.4 -0.00137
3660.52 -0.00101
3660.64 -0.00144
3660.76 -0.00274
3660.88 -0.00402
3661 -0.00433
3661.13 -0.0037
3661.25 -0.00296
3661.37 -0.00282
3661.49 -0.00313
3661.61 -0.00322
3661.73 -0.00271
3661.85 -0.00192
3661.97 -0.00155
3662.09 -0.00183
3662.21 -0.00223
3662.33 -0.00203
3662.45 -0.0012
3662.57 -5.28112E-4
3662.69 -7.30664E-4
3662.81 -0.00163
3662.93 -0.00236
3663.05 -0.00232
3663.17 -0.00178
3663.3 -0.0015
3663.42 -0.0019
3663.54 -0.00274
3663.66 -0.00345
3663.78 -0.00358
3663.9 -0.00313
3664.02 -0.0025
3664.14 -0.00217
3664.26 -0.00225
3664.38 -0.00233
3664.5 -0.00191
3664.62 -0.00101
3664.74 -2.16052E-4
3664.86 -6.94506E-5
3664.98 -5.91692E-4
3665.1 -0.00141
3665.22 -0.00226
3665.34 -0.00312
3665.47 -0.00393
3665.59 -0.00445
3665.71 -0.00455
3665.83 -0.00445
3665.95 -0.00438
3666.07 -0.0042
3666.19 -0.00357
3666.31 -0.0025
3666.43 -0.00158
3666.55 -0.00141
3666.67 -0.00197
3666.79 -0.00277
3666.91 -0.00336
3667.03 -0.00365
3667.15 -0.00368
3667.27 -0.00346
3667.39 -0.00312
3667.51 -0.00302
3667.64 -0.00331
3667.76 -0.00362
3667.88 -0.00335
3668 -0.00244
3668.12 -0.00153
3668.24 -0.00121
3668.36 -0.00135
3668.48 -0.00137
3668.6 -0.00112
3668.72 -0.0011
3668.84 -0.00167
3668.96 -0.00238
3669.08 -0.0025
3669.2 -0.00197
3669.32 -0.00147
3669.44 -0.00155
3669.56 -0.00209
3669.68 -0.00265
3669.8 -0.00306
3669.93 -0.00327
3670.05 -0.00316
3670.17 -0.00273
3670.29 -0.00237
3670.41 -0.00256
3670.53 -0.00306
3670.65 -0.00309
3670.77 -0.00242
3670.89 -0.00178
3671.01 -0.00205
3671.13 -0.00319
3671.25 -0.00436
3671.37 -0.00487
3671.49 -0.00464
3671.61 -0.00383
3671.73 -0.00268
3671.85 -0.0017
3671.97 -0.00161
3672.1 -0.00262
3672.22 -0.00398
3672.34 -0.00467
3672.46 -0.00445
3672.58 -0.00386
3672.7 -0.00346
3672.82 -0.00329
3672.94 -0.00318
3673.06 -0.00301
3673.18 -0.00274
3673.3 -0.0023
3673.42 -0.00179
3673.54 -0.00146
3673.66 -0.00146
3673.78 -0.00162
3673.9 -0.00174
3674.02 -0.00186
3674.14 -0.00217
3674.27 -0.0027
3674.39 -0.00332
3674.51 -0.00394
3674.63 -0.00436
3674.75 -0.00412
3674.87 -0.00296
3674.99 -0.00136
3675.11 -3.7647E-4
3675.23 -5.69545E-4
3675.35 -0.00135
3675.47 -0.00161
3675.59 -9.83689E-4
3675.71 -2.01702E-4
3675.83 -1.8087E-4
3675.95 -0.00103
3676.07 -0.00205
3676.19 -0.0026
3676.31 -0.00265
3676.44 -0.00249
3676.56 -0.00229
3676.68 -0.00187
3676.8 -0.00119
3676.92 -5.89591E-4
3677.04 -5.40465E-4
3677.16 -0.00118
3677.28 -0.00218
3677.4 -0.00301
3677.52 -0.00344
3677.64 -0.00362
3677.76 -0.00392
3677.88 -0.00442
3678 -0.0048
3678.12 -0.00458
3678.24 -0.00369
3678.36 -0.00269
3678.48 -0.00214
3678.6 -0.00204
3678.73 -0.00189
3678.85 -0.00148
3678.97 -0.00122
3679.09 -0.0016
3679.21 -0.00253
3679.33 -0.00336
3679.45 -0.00366
3679.57 -0.00359
3679.69 -0.00365
3679.81 -0.00403
3679.93 -0.00438
3680.05 -0.00418
3680.17 -0.00332
3680.29 -0.00232
3680.41 -0.00198
3680.53 -0.00264
3680.65 -0.0039
3680.77 -0.00499
3680.9 -0.00531
3681.02 -0.00479
3681.14 -0.00369
3681.26 -0.00251
3681.38 -0.00171
3681.5 -0.00139
3681.62 -0.00126
3681.74 -9.01792E-4
3681.86 -3.13189E-4
3681.98 -2.69935E-5
3682.1 -5.6513E-4
3682.22 -0.00188
3682.34 -0.00336
3682.46 -0.00437
3682.58 -0.00468
3682.7 -0.00448
3682.82 -0.00413
3682.94 -0.00394
3683.07 -0.00408
3683.19 -0.0044
3683.31 -0.0044
3683.43 -0.0035
3683.55 -0.00169
3683.67 1.76657E-4
3683.79 9.77475E-4
3683.91 4.05252E-4
3684.03 -6.90773E-4
3684.15 -0.00126
3684.27 -0.00114
3684.39 -9.50217E-4
3684.51 -0.00103
3684.63 -0.0011
3684.75 -8.84272E-4
3684.87 -7.04013E-4
3684.99 -0.00103
3685.11 -0.00177
3685.24 -0.00236
3685.36 -0.00251
3685.48 -0.0025
3685.6 -0.00266
3685.72 -0.00292
3685.84 -0.00287
3685.96 -0.00238
3686.08 -0.00171
3686.2 -0.00136
3686.32 -0.00167
3686.44 -0.00249
3686.56 -0.00333
3686.68 -0.00363
3686.8 -0.00333
3686.92 -0.00287
3687.04 -0.00278
3687.16 -0.00299
3687.28 -0.00291
3687.41 -0.00212
3687.53 -0.00106
3687.65 -6.17798E-4
3687.77 -0.00112
3687.89 -0.00187
3688.01 -0.00195
3688.13 -0.00131
3688.25 -7.18903E-4
3688.37 -7.73944E-4
3688.49 -0.00116
3688.61 -0.0012
3688.73 -7.6548E-4
3688.85 -3.21012E-4
3688.97 -2.58073E-4
3689.09 -5.21049E-4
3689.21 -8.84581E-4
3689.33 -0.00126
3689.45 -0.00165
3689.58 -0.002
3689.7 -0.00241
3689.82 -0.00309
3689.94 -0.00405
3690.06 -0.00483
3690.18 -0.0049
3690.3 -0.00419
3690.42 -0.00319
3690.54 -0.00243
3690.66 -0.00206
3690.78 -0.00203
3690.9 -0.00237
3691.02 -0.00305
3691.14 -0.00368
3691.26 -0.00365
3691.38 -0.0028
3691.5 -0.0017
3691.62 -0.00108
3691.75 -0.0011
3691.87 -0.00147
3691.99 -0.00208
3692.11 -0.00305
3692.23 -0.00406
3692.35 -0.00411
3692.47 -0.00265
3692.59 -5.01551E-4
3692.71 7.59181E-4
3692.83 4.71625E-4
3692.95 -6.41756E-4
3693.07 -0.00167
3693.19 -0.00247
3693.31 -0.00313
3693.43 -0.00319
3693.55 -0.00224
3693.67 -9.66951E-4
3693.79 -7.32832E-4
3693.92 -0.00197
3694.04 -0.00356
3694.16 -0.00406
3694.28 -0.00319
3694.4 -0.00176
3694.52 -7.05723E-4
3694.64 -4.79087E-4
3694.76 -0.00114
3694.88 -0.00242
3695 -0.00371
3695.12 -0.00451
3695.24 -0.00482
3695.36 -0.00497
3695.48 -0.00504
3695.6 -0.00474
3695.72 -0.00393
3695.84 -0.00297
3695.96 -0.00239
3696.08 -0.00234
3696.21 -0.0026
3696.33 -0.00293
3696.45 -0.00324
3696.57 -0.0033
3696.69 -0.00271
3696.81 -0.00131
3696.93 2.7417E-4
3697.05 9.58949E-4
3697.17 9.52296E-5
3697.29 -0.00183
3697.41 -0.00352
3697.53 -0.00393
3697.65 -0.00306
3697.77 -0.00167
3697.89 -5.52148E-4
3698.01 -1.03675E-5
3698.13 2.02842E-5
3698.25 -2.93221E-4
3698.38 -8.0771E-4
3698.5 -0.00146
3698.62 -0.00227
3698.74 -0.00316
3698.86 -0.00383
3698.98 -0.00393
3699.1 -0.00353
3699.22 -0.00316
3699.34 -0.00318
3699.46 -0.0033
3699.58 -0.00292
3699.7 -0.002
3699.82 -0.00123
3699.94 -0.00115
3700.06 -0.00152
3700.18 -0.00166
3700.3 -0.00135
3700.42 -0.00114
3700.55 -0.00166
3700.67 -0.00286
3700.79 -0.00393
3700.91 -0.00405
3701.03 -0.00306
3701.15 -0.00158
3701.27 -5.64713E-4
3701.39 -5.4536E-4
3701.51 -0.00134
3701.63 -0.00228
3701.75 -0.00283
3701.87 -0.00285
3701.99 -0.0025
3702.11 -0.00199
3702.23 -0.00157
3702.35 -0.00154
3702.47 -0.00201
3702.59 -0.00264
3702.72 -0.0028
3702.84 -0.0022
3702.96 -0.00125
3703.08 -6.68459E-4
3703.2 -7.92317E-4
3703.32 -0.00142
3703.44 -0.00208
3703.56 -0.00245
3703.68 -0.00242
3703.8 -0.00221
3703.92 -0.00224
3704.04 -0.00269
3704.16 -0.00326
3704.28 -0.0035
3704.4 -0.00345
3704.52 -0.00356
3704.64 -0.00401
3704.76 -0.00437
3704.89 -0.00414
3705.01 -0.0035
3705.13 -0.00311
3705.25 -0.00327
3705.37 -0.00367
3705.49 -0.00384
3705.61 -0.00355
3705.73 -0.00293
3705.85 -0.00227
3705.97 -0.00208
3706.09 -0.00265
3706.21 -0.00378
3706.33 -0.00478
3706.45 -0.00519
3706.57 -0.00502
3706.69 -0.00451
3706.81 -0.00381
3706.93 -0.00311
3707.05 -0.00276
3707.18 -0.00292
3707.3 -0.00329
3707.42 -0.0034
3707.54 -0.00311
3707.66 -0.00265
3707.78 -0.00219
3707.9 -0.00182
3708.02 -0.0017
3708.14 -0.00196
3708.26 -0.00243
3708.38 -0.0028
3708.5 -0.00301
3708.62 -0.00322
3708.74 -0.00353
3708.86 -0.00384
3708.98 -0.00422
3709.1 -0.00479
3709.22 -0.00537
3709.35 -0.00552
3709.47 -0.00521
3709.59 -0.00505
3709.71 -0.00542
3709.83 -0.00589
3709.95 -0.00579
3710.07 -0.00516
3710.19 -0.00459
3710.31 -0.00429
3710.43 -0.00381
3710.55 -0.00296
3710.67 -0.00221
3710.79 -0.00209
3710.91 -0.00235
3711.03 -0.00232
3711.15 -0.00181
3711.27 -0.00144
3711.39 -0.00189
3711.52 -0.00313
3711.64 -0.00444
3711.76 -0.00506
3711.88 -0.0047
3712 -0.00366
3712.12 -0.00264
3712.24 -0.00225
3712.36 -0.00256
3712.48 -0.00302
3712.6 -0.00293
3712.72 -0.00217
3712.84 -0.0014
3712.96 -0.00136
3713.08 -0.00206
3713.2 -0.00281
3713.32 -0.00302
3713.44 -0.00275
3713.56 -0.00231
3713.69 -0.00174
3713.81 -0.00104
3713.93 -5.75967E-4
3714.05 -9.44048E-4
3714.17 -0.00211
3714.29 -0.00312
3714.41 -0.00307
3714.53 -0.00206
3714.65 -0.00111
3714.77 -0.00106
3714.89 -0.00181
3715.01 -0.00249
3715.13 -0.00235
3715.25 -0.00142
3715.37 -5.33585E-4
3715.49 -6.315E-4
3715.61 -0.00191
3715.73 -0.00356
3715.86 -0.00451
3715.98 -0.0043
3716.1 -0.00335
3716.22 -0.00234
3716.34 -0.00175
3716.46 -0.00171
3716.58 -0.00203
3716.7 -0.00226
3716.82 -0.00185
3716.94 -6.75771E-4
3717.06 7.43009E-4
3717.18 0.0016
3717.3 0.00141
3717.42 3.16646E-4
3717.54 -0.00101
3717.66 -0.00183
3717.78 -0.00183
3717.9 -0.00139
3718.03 -0.00128
3718.15 -0.00196
3718.27 -0.00312
3718.39 -0.00393
3718.51 -0.00377
3718.63 -0.00266
3718.75 -0.00118
3718.87 -1.01101E-4
3718.99 1.44642E-4
3719.11 -3.02643E-4
3719.23 -9.06195E-4
3719.35 -0.00131
3719.47 -0.00162
3719.59 -0.00195
3719.71 -0.00204
3719.83 -0.00156
3719.95 -8.26016E-4
3720.07 -6.96849E-4
3720.2 -0.00153
3720.32 -0.00263
3720.44 -0.00297
3720.56 -0.00236
3720.68 -0.00144
3720.8 -7.62906E-4
3720.92 -2.80641E-4
3721.04 2.58759E-4
3721.16 7.16504E-4
3721.28 6.22489E-4
3721.4 -3.37414E-4
3721.52 -0.00198
3721.64 -0.0036
3721.76 -0.00432
3721.88 -0.00364
3722 -0.0021
3722.12 -9.9086E-4
3722.24 -0.00137
3722.36 -0.00305
3722.49 -0.00473
3722.61 -0.00521
3722.73 -0.00437
3722.85 -0.00301
3722.97 -0.00188
3723.09 -0.00118
3723.21 -7.7549E-4
3723.33 -6.82827E-4
3723.45 -0.00114
3723.57 -0.00212
3723.69 -0.00308
3723.81 -0.00334
3723.93 -0.00271
3724.05 -0.00162
3724.17 -6.52976E-4
3724.29 -1.19597E-4
3724.41 -1.93715E-5
3724.53 -2.83953E-4
3724.66 -8.61138E-4
3724.78 -0.00165
3724.9 -0.00249
3725.02 -0.0032
3725.14 -0.0036
3725.26 -0.00366
3725.38 -0.00353
3725.5 -0.00355
3725.62 -0.00379
3725.74 -0.00395
3725.86 -0.00375
3725.98 -0.00341
3726.1 -0.00333
3726.22 -0.00353
3726.34 -0.00357
3726.46 -0.00328
3726.58 -0.00312
3726.7 -0.00358
3726.83 -0.00451
3726.95 -0.00526
3727.07 -0.00541
3727.19 -0.00497
3727.31 -0.00411
3727.43 -0.00316
3727.55 -0.00265
3727.67 -0.00302
3727.79 -0.00397
3727.91 -0.00454
3728.03 -0.00407
3728.15 -0.00289
3728.27 -0.00187
3728.39 -0.00148
3728.51 -0.0015
3728.63 -0.00154
3728.75 -0.00149
3728.87 -0.00155
3729 -0.00193
3729.12 -0.00248
3729.24 -0.00281
3729.36 -0.00251
3729.48 -0.00168
3729.6 -9.12216E-4
3729.72 -7.16545E-4
3729.84 -9.68926E-4
3729.96 -0.0011
3730.08 -8.61607E-4
3730.2 -6.25156E-4
3730.32 -9.55347E-4
3730.44 -0.00189
3730.56 -0.00279
3730.68 -0.00289
3730.8 -0.00192
3730.92 -3.75632E-4
3731.04 8.03515E-4
3731.17 9.79092E-4
3731.29 2.66064E-4
3731.41 -7.30339E-4
3731.53 -0.0015
3731.65 -0.00185
3731.77 -0.0018
3731.89 -0.00152
3732.01 -0.00148
3732.13 -0.00226
3732.25 -0.00379
3732.37 -0.0052
3732.49 -0.00553
3732.61 -0.00478
3732.73 -0.00384
3732.85 -0.00348
3732.97 -0.00368
3733.09 -0.00399
3733.21 -0.00419
3733.33 -0.00432
3733.46 -0.00431
3733.58 -0.00385
3733.7 -0.00283
3733.82 -0.0017
3733.94 -0.00128
3734.06 -0.00206
3734.18 -0.00363
3734.3 -0.00487
3734.42 -0.00486
3734.54 -0.0036
3734.66 -0.00205
3734.78 -0.00119
3734.9 -0.00133
3735.02 -0.0021
3735.14 -0.00298
3735.26 -0.00369
3735.38 -0.00405
3735.5 -0.00388
3735.63 -0.00307
3735.75 -0.00182
3735.87 -6.6657E-4
3735.99 -2.02399E-4
3736.11 -5.15822E-4
3736.23 -0.00115
3736.35 -0.00161
3736.47 -0.00187
3736.59 -0.00216
3736.71 -0.0023
3736.83 -0.00181
3736.95 -8.13723E-4
3737.07 -4.06917E-4
3737.19 -0.00167
3737.31 -0.00422
3737.43 -0.00634
3737.55 -0.0066
3737.67 -0.00521
3737.8 -0.00357
3737.92 -0.0027
3738.04 -0.00256
3738.16 -0.00251
3738.28 -0.00217
3738.4 -0.0017
3738.52 -0.00142
3738.64 -0.00142
3738.76 -0.00152
3738.88 -0.00153
3739 -0.00162
3739.12 -0.0021
3739.24 -0.00288
3739.36 -0.00333
3739.48 -0.00292
3739.6 -0.00193
3739.72 -0.00124
3739.84 -0.00134
3739.97 -0.00189
3740.09 -0.00232
3740.21 -0.00259
3740.33 -0.00303
3740.45 -0.00355
3740.57 -0.00375
3740.69 -0.00351
3740.81 -0.00333
3740.93 -0.00359
3741.05 -0.00388
3741.17 -0.00345
3741.29 -0.00227
3741.41 -0.00111
3741.53 -6.74535E-4
3741.65 -8.78241E-4
3741.77 -0.0013
3741.89 -0.00188
3742.01 -0.00285
3742.14 -0.0041
3742.26 -0.005
3742.38 -0.00498
3742.5 -0.00404
3742.62 -0.00274
3742.74 -0.00172
3742.86 -0.00129
3742.98 -0.0013
3743.1 -0.00127
3743.22 -7.86707E-4
3743.34 8.69222E-5
3743.46 9.27847E-4
3743.58 0.00135
3743.7 0.00122
3743.82 5.90004E-4
3743.94 -4.3745E-4
3744.06 -0.00157
3744.18 -0.00238
3744.31 -0.00263
3744.43 -0.00254
3744.55 -0.0025
3744.67 -0.00263
3744.79 -0.00285
3744.91 -0.00321
3745.03 -0.00383
3745.15 -0.0044
3745.27 -0.00433
3745.39 -0.00345
3745.51 -0.0024
3745.63 -0.00209
3745.75 -0.00274
3745.87 -0.00388
3745.99 -0.00491
3746.11 -0.00549
3746.23 -0.00543
3746.35 -0.00459
3746.48 -0.00327
3746.6 -0.00219
3746.72 -0.002
3746.84 -0.00259
3746.96 -0.00331
3747.08 -0.00362
3747.2 -0.00355
3747.32 -0.00333
3747.44 -0.00299
3747.56 -0.0025
3747.68 -0.00209
3747.8 -0.00219
3747.92 -0.00288
3748.04 -0.00369
3748.16 -0.00408
3748.28 -0.00384
3748.4 -0.00316
3748.52 -0.00235
3748.65 -0.00166
3748.77 -0.00129
3748.89 -0.00128
3749.01 -0.00148
3749.13 -0.00168
3749.25 -0.00191
3749.37 -0.00233
3749.49 -0.00284
3749.61 -0.003
3749.73 -0.00248
3749.85 -0.00168
3749.97 -0.00143
3750.09 -0.00217
3750.21 -0.00342
3750.33 -0.0042
3750.45 -0.00406
3750.57 -0.00346
3750.69 -0.00317
3750.81 -0.00343
3750.94 -0.00385
3751.06 -0.00392
3751.18 -0.00366
3751.3 -0.0035
3751.42 -0.00371
3751.54 -0.00415
3751.66 -0.00447
3751.78 -0.00443
3751.9 -0.00403
3752.02 -0.00347
3752.14 -0.00301
3752.26 -0.00283
3752.38 -0.00285
3752.5 -0.0028
3752.62 -0.00252
3752.74 -0.00219
3752.86 -0.00216
3752.98 -0.00249
3753.11 -0.00281
3753.23 -0.00273
3753.35 -0.00216
3753.47 -0.00135
3753.59 -6.38407E-4
3753.71 -3.32691E-4
3753.83 -6.41346E-4
3753.95 -0.0015
3754.07 -0.00246
3754.19 -0.00299
3754.31 -0.00297
3754.43 -0.00288
3754.55 -0.00324
3754.67 -0.00398
3754.79 -0.0045
3754.91 -0.0043
3755.03 -0.00346
3755.15 -0.00251
3755.28 -0.00189
3755.4 -0.00163
3755.52 -0.00147
3755.64 -0.00115
3755.76 -6.769E-4
3755.88 -3.24506E-4
3756 -4.74516E-4
3756.12 -0.00125
3756.24 -0.00225
3756.36 -0.00275
3756.48 -0.00227
3756.6 -0.00102
3756.72 1.27122E-4
3756.84 2.66135E-4
3756.96 -8.24999E-4
3757.08 -0.00253
3757.2 -0.00391
3757.32 -0.00449
3757.45 -0.00448
3757.57 -0.00433
3757.69 -0.00417
3757.81 -0.00373
3757.93 -0.00296
3758.05 -0.00226
3758.17 -0.00212
3758.29 -0.00257
3758.41 -0.00311
3758.53 -0.00332
3758.65 -0.00328
3758.77 -0.00341
3758.89 -0.00387
3759.01 -0.00431
3759.13 -0.00412
3759.25 -0.00306
3759.37 -0.00156
3759.49 -4.76748E-4
3759.62 -4.32853E-4
3759.74 -0.00132
3759.86 -0.00246
3759.98 -0.00323
3760.1 -0.00354
3760.22 -0.00375
3760.34 -0.00419
3760.46 -0.00473
3760.58 -0.0049
3760.7 -0.00449
3760.82 -0.00384
3760.94 -0.00355
3761.06 -0.00382
3761.18 -0.00422
3761.3 -0.00424
3761.42 -0.00397
3761.54 -0.00387
3761.66 -0.00412
3761.79 -0.00428
3761.91 -0.00388
3762.03 -0.00303
3762.15 -0.00225
3762.27 -0.00185
3762.39 -0.00178
3762.51 -0.00184
3762.63 -0.00181
3762.75 -0.00148
3762.87 -8.83937E-4
3762.99 -5.57441E-4
3763.11 -0.0012
3763.23 -0.00277
3763.35 -0.00418
3763.47 -0.00424
3763.59 -0.00282
3763.71 -0.00103
3763.83 -1.15488E-4
3763.96 -4.82272E-4
3764.08 -0.00157
3764.2 -0.00251
3764.32 -0.00281
3764.44 -0.00257
3764.56 -0.00213
3764.68 -0.00169
3764.8 -0.00113
3764.92 -3.96147E-4
3765.04 1.55751E-4
3765.16 3.0905E-5
3765.28 -7.77066E-4
3765.4 -0.00165
3765.52 -0.002
3765.64 -0.00199
3765.76 -0.00226
3765.88 -0.00318
3766 -0.00434
3766.12 -0.005
3766.25 -0.0048
3766.37 -0.00399
3766.49 -0.00302
3766.61 -0.00227
3766.73 -0.00196
3766.85 -0.00221
3766.97 -0.00288
3767.09 -0.00346
3767.21 -0.00343
3767.33 -0.00287
3767.45 -0.00241
3767.57 -0.0026
3767.69 -0.00326
3767.81 -0.0038
3767.93 -0.00385
3768.05 -0.0035
3768.17 -0.00298
3768.29 -0.00255
3768.42 -0.00249
3768.54 -0.00296
3768.66 -0.0036
3768.78 -0.00371
3768.9 -0.0031
3769.02 -0.00242
3769.14 -0.00249
3769.26 -0.00319
3769.38 -0.00366
3769.5 -0.00334
3769.62 -0.00259
3769.74 -0.00212
3769.86 -0.00211
3769.98 -0.00218
3770.1 -0.00198
3770.22 -0.00162
3770.34 -0.00145
3770.46 -0.00162
3770.59 -0.00188
3770.71 -0.00188
3770.83 -0.00158
3770.95 -0.00141
3771.07 -0.0018
3771.19 -0.0027
3771.31 -0.0037
3771.43 -0.00447
3771.55 -0.00498
3771.67 -0.00511
3771.79 -0.00459
3771.91 -0.0036
3772.03 -0.00294
3772.15 -0.00323
3772.27 -0.004
3772.39 -0.00418
3772.51 -0.00347
3772.63 -0.00267
3772.76 -0.00254
3772.88 -0.00272
3773 -0.00241
3773.12 -0.00166
3773.24 -0.00138
3773.36 -0.00209
3773.48 -0.00313
3773.6 -0.00341
3773.72 -0.00255
3773.84 -0.00107
3773.96 3.06584E-4
3774.08 0.00113
3774.2 0.00133
3774.32 0.00109
3774.44 7.43244E-4
3774.56 4.64592E-4
3774.68 1.13621E-4
3774.8 -6.04637E-4
3774.93 -0.00165
3775.05 -0.0025
3775.17 -0.00259
3775.29 -0.00195
3775.41 -0.00127
3775.53 -0.00124
3775.65 -0.00194
3775.77 -0.00286
3775.89 -0.00333
3776.01 -0.00312
3776.13 -0.00237
3776.25 -0.00135
3776.37 -2.74997E-4
3776.49 6.14382E-4
3776.61 0.00108
3776.73 0.00101
3776.85 5.1197E-4
3776.97 -2.45631E-4
3777.09 -0.0012
3777.22 -0.00226
3777.34 -0.00321
3777.46 -0.00386
3777.58 -0.0043
3777.7 -0.00476
3777.82 -0.00511
3777.94 -0.00487
3778.06 -0.00382
3778.18 -0.00248
3778.3 -0.00176
3778.42 -0.00208
3778.54 -0.00315
3778.66 -0.00439
3778.78 -0.00529
3778.9 -0.00533
3779.02 -0.00411
3779.14 -0.00187
3779.26 2.04518E-4
3779.39 8.33359E-4
3779.51 -1.80971E-4
3779.63 -0.00175
3779.75 -0.00263
3779.87 -0.00258
3779.99 -0.0022
3780.11 -0.00187
3780.23 -0.00129
3780.35 -1.19366E-4
3780.47 0.00129
3780.59 0.00211
3780.71 0.00186
3780.83 7.76943E-4
3780.95 -6.19188E-4
3781.07 -0.00207
3781.19 -0.00347
3781.31 -0.00457
3781.43 -0.0051
3781.56 -0.00514
3781.68 -0.005
3781.8 -0.00472
3781.92 -0.00409
3782.04 -0.00324
3782.16 -0.0028
3782.28 -0.00326
3782.4 -0.00426
3782.52 -0.00498
3782.64 -0.00498
3782.76 -0.00452
3782.88 -0.00401
3783 -0.00361
3783.12 -0.00332
3783.24 -0.00324
3783.36 -0.00339
3783.48 -0.00348
3783.6 -0.0032
3783.73 -0.00265
3783.85 -0.00231
3783.97 -0.00249
3784.09 -0.00305
3784.21 -0.00354
3784.33 -0.00367
3784.45 -0.00343
3784.57 -0.00307
3784.69 -0.00293
3784.81 -0.00326
3784.93 -0.004
3785.05 -0.00485
3785.17 -0.00541
3785.29 -0.00535
3785.41 -0.00455
3785.53 -0.00314
3785.65 -0.00164
3785.77 -7.82397E-4
3785.9 -9.36788E-4
3786.02 -0.00172
3786.14 -0.00238
3786.26 -0.00266
3786.38 -0.00295
3786.5 -0.00357
3786.62 -0.00417
3786.74 -0.0041
3786.86 -0.00331
3786.98 -0.00247
3787.1 -0.00206
3787.22 -0.00189
3787.34 -0.00152
3787.46 -0.00104
3787.58 -9.3881E-4
3787.7 -0.00132
3787.82 -0.00165
3787.94 -0.00143
3788.07 -8.60054E-4
3788.19 -6.67486E-4
3788.31 -0.00114
3788.43 -0.00175
3788.55 -0.00184
3788.67 -0.00141
3788.79 -0.00116
3788.91 -0.00159
3789.03 -0.00248
3789.15 -0.00325
3789.27 -0.00374
3789.39 -0.0043
3789.51 -0.00498
3789.63 -0.00516
3789.75 -0.00426
3789.87 -0.00266
3789.99 -0.00141
3790.11 -0.0012
3790.24 -0.00171
3790.36 -0.00219
3790.48 -0.00239
3790.6 -0.00263
3790.72 -0.00314
3790.84 -0.00361
3790.96 -0.0035
3791.08 -0.00268
3791.2 -0.00175
3791.32 -0.00162
3791.44 -0.00254
3791.56 -0.00372
3791.68 -0.00412
3791.8 -0.00359
3791.92 -0.00298
3792.04 -0.00294
3792.16 -0.00313
3792.28 -0.00287
3792.41 -0.00232
3792.53 -0.00235
3792.65 -0.00336
3792.77 -0.00465
3792.89 -0.00515
3793.01 -0.00451
3793.13 -0.00319
3793.25 -0.00198
3793.37 -0.00145
3793.49 -0.00181
3793.61 -0.00281
3793.73 -0.00383
3793.85 -0.00434
3793.97 -0.0042
3794.09 -0.00358
3794.21 -0.00267
3794.33 -0.00171
3794.45 -0.00122
3794.57 -0.00176
3794.7 -0.00334
3794.82 -0.00513
3794.94 -0.00598
3795.06 -0.00544
3795.18 -0.00411
3795.3 -0.00309
3795.42 -0.00292
3795.54 -0.00314
3795.66 -0.00296
3795.78 -0.00217
3795.9 -0.00128
3796.02 -9.15207E-4
3796.14 -0.00124
3796.26 -0.00215
3796.38 -0.00348
3796.5 -0.00486
3796.62 -0.00568
3796.74 -0.00553
3796.87 -0.00474
3796.99 -0.0041
3797.11 -0.00404
3797.23 -0.00437
3797.35 -0.00465
3797.47 -0.00466
3797.59 -0.00444
3797.71 -0.00418
3797.83 -0.00404
3797.95 -0.00397
3798.07 -0.00364
3798.19 -0.00279
3798.31 -0.00175
3798.43 -0.00122
3798.55 -0.00152
3798.67 -0.0022
3798.79 -0.00256
3798.91 -0.00238
3799.04 -0.00187
3799.16 -0.00128
3799.28 -8.31753E-4
3799.4 -8.70321E-4
3799.52 -0.00157
3799.64 -0.00255
3799.76 -0.00309
3799.88 -0.00292
3800 -0.0025
3800.12 -0.00245
3800.24 -0.00283
3800.36 -0.00323
3800.48 -0.00329
3800.6 -0.00314
3800.72 -0.00313
3800.84 -0.00344
3800.96 -0.00402
3801.08 -0.00469
3801.21 -0.0052
3801.33 -0.00517
3801.45 -0.00432
3801.57 -0.00293
3801.69 -0.00191
3801.81 -0.00203
3801.93 -0.00291
3802.05 -0.00328
3802.17 -0.00244
3802.29 -0.00127
3802.41 -0.00117
3802.53 -0.00233
3802.65 -0.00362
3802.77 -0.00419
3802.89 -0.00438
3803.01 -0.00475
3803.13 -0.00491
3803.25 -0.00405
3803.38 -0.00241
3803.5 -0.00139
3803.62 -0.00185
3803.74 -0.00294
3803.86 -0.00319
3803.98 -0.00229
3804.1 -0.00145
3804.22 -0.00189
3804.34 -0.0034
3804.46 -0.00459
3804.58 -0.00436
3804.7 -0.00291
3804.82 -0.00147
3804.94 -0.0011
3805.06 -0.00173
3805.18 -0.00247
3805.3 -0.00258
3805.42 -0.00221
3805.54 -0.00203
3805.67 -0.00247
3805.79 -0.00321
3805.91 -0.00365
3806.03 -0.00357
3806.15 -0.00323
3806.27 -0.00305
3806.39 -0.00312
3806.51 -0.00316
3806.63 -0.00292
3806.75 -0.00253
3806.87 -0.0025
3806.99 -0.00316
3807.11 -0.00416
3807.23 -0.00452
3807.35 -0.00365
3807.47 -0.00208
3807.59 -0.00102
3807.71 -0.00113
3807.84 -0.00195
3807.96 -0.00269
3808.08 -0.00311
3808.2 -0.00345
3808.32 -0.00364
3808.44 -0.00327
3808.56 -0.00223
3808.68 -0.00102
3808.8 -3.14213E-4
3808.92 -2.84553E-4
3809.04 -6.29723E-4
3809.16 -0.00107
3809.28 -0.0016
3809.4 -0.00232
3809.52 -0.00312
3809.64 -0.00364
3809.76 -0.00355
3809.88 -0.003
3810.01 -0.00262
3810.13 -0.00288
3810.25 -0.00336
3810.37 -0.00307
3810.49 -0.00161
3810.61 2.6704E-4
3810.73 0.00151
3810.85 0.00189
3810.97 0.0017
3811.09 8.58933E-4
3811.21 -0.00108
3811.33 -0.00372
3811.45 -0.00549
3811.57 -0.00522
3811.69 -0.00346
3811.81 -0.00196
3811.93 -0.00175
3812.05 -0.00237
3812.18 -0.00292
3812.3 -0.00322
3812.42 -0.00358
3812.54 -0.00412
3812.66 -0.00454
3812.78 -0.00458
3812.9 -0.00434
3813.02 -0.00409
3813.14 -0.00396
3813.26 -0.00383
3813.38 -0.0034
3813.5 -0.0025
3813.62 -0.00139
3813.74 -6.3619E-4
3813.86 -6.1968E-4
3813.98 -0.00121
3814.1 -0.002
3814.22 -0.00276
3814.35 -0.00348
3814.47 -0.0041
3814.59 -0.00439
3814.71 -0.00423
3814.83 -0.00371
3814.95 -0.00309
3815.07 -0.00281
3815.19 -0.00327
3815.31 -0.00439
3815.43 -0.00535
3815.55 -0.00519
3815.67 -0.00395
3815.79 -0.00283
3815.91 -0.00291
3816.03 -0.00393
3816.15 -0.00466
3816.27 -0.00442
3816.39 -0.00372
3816.52 -0.00337
3816.64 -0.00342
3816.76 -0.00335
3816.88 -0.00282
3817 -0.00204
3817.12 -0.00142
3817.24 -0.00132
3817.36 -0.00189
3817.48 -0.0029
3817.6 -0.00374
3817.72 -0.00381
3817.84 -0.00311
3817.96 -0.00233
3818.08 -0.00218
3818.2 -0.00279
3818.32 -0.00377
3818.44 -0.00466
3818.56 -0.00522
3818.69 -0.00533
3818.81 -0.00478
3818.93 -0.00348
3819.05 -0.0018
3819.17 -5.40476E-4
3819.29 -3.23094E-4
3819.41 -0.00109
3819.53 -0.00218
3819.65 -0.00286
3819.77 -0.00288
3819.89 -0.00249
3820.01 -0.0022
3820.13 -0.00242
3820.25 -0.00311
3820.37 -0.00371
3820.49 -0.00367
3820.61 -0.00296
3820.73 -0.00206
3820.85 -0.00128
3820.98 -5.16787E-4
3821.1 2.74416E-4
3821.22 6.86701E-4
3821.34 2.94127E-4
3821.46 -7.19562E-4
3821.58 -0.00174
3821.7 -0.00248
3821.82 -0.00311
3821.94 -0.00367
3822.06 -0.00379
3822.18 -0.00318
3822.3 -0.00225
3822.42 -0.00174
3822.54 -0.00203
3822.66 -0.00277
3822.78 -0.00319
3822.9 -0.00277
3823.02 -0.00175
3823.15 -0.00102
3823.27 -0.0013
3823.39 -0.00219
3823.51 -0.00258
3823.63 -0.00209
3823.75 -0.00162
3823.87 -0.00215
3823.99 -0.00325
3824.11 -0.00371
3824.23 -0.00329
3824.35 -0.00308
3824.47 -0.00381
3824.59 -0.00477
3824.71 -0.0047
3824.83 -0.00341
3824.95 -0.00187
3825.07 -9.83171E-4
3825.19 -9.80657E-4
3825.32 -0.00179
3825.44 -0.00326
3825.56 -0.00484
3825.68 -0.00562
3825.8 -0.00518
3825.92 -0.00411
3826.04 -0.00341
3826.16 -0.00352
3826.28 -0.00405
3826.4 -0.0044
3826.52 -0.00434
3826.64 -0.00404
3826.76 -0.00376
3826.88 -0.00363
3827 -0.00363
3827.12 -0.00353
3827.24 -0.00302
3827.36 -0.00206
3827.49 -0.00108
3827.61 -7.00824E-4
3827.73 -0.00117
3827.85 -0.002
3827.97 -0.00242
3828.09 -0.00201
3828.21 -0.00115
3828.33 -5.08223E-4
3828.45 -4.17564E-4
3828.57 -6.87763E-4
3828.69 -0.00103
3828.81 -0.00141
3828.93 -0.00188
3829.05 -0.00228
3829.17 -0.00234
3829.29 -0.00216
3829.41 -0.00221
3829.53 -0.00283
3829.66 -0.00379
3829.78 -0.00443
3829.9 -0.00441
3830.02 -0.00393
3830.14 -0.00342
3830.26 -0.00302
3830.38 -0.00245
3830.5 -0.00149
3830.62 -3.53765E-4
3830.74 3.29249E-4
3830.86 5.36293E-5
3830.98 -0.00113
3831.1 -0.00261
3831.22 -0.00365
3831.34 -0.00388
3831.46 -0.00354
3831.58 -0.00325
3831.7 -0.00349
3831.82 -0.00415
3831.95 -0.00462
3832.07 -0.0044
3832.19 -0.00351
3832.31 -0.00245
3832.43 -0.00173
3832.55 -0.0017
3832.67 -0.00258
3832.79 -0.0042
3832.91 -0.00562
3833.03 -0.00553
3833.15 -0.00347
3833.27 -6.47914E-4
3833.39 0.00102
3833.51 6.50343E-4
3833.63 -8.97452E-4
3833.75 -0.00232
3833.87 -0.00323
3833.99 -0.00402
3834.12 -0.0047
3834.24 -0.00465
3834.36 -0.00361
3834.48 -0.00224
3834.6 -0.00152
3834.72 -0.00177
3834.84 -0.00261
3834.96 -0.00351
3835.08 -0.00401
3835.2 -0.00381
3835.32 -0.00299
3835.44 -0.00217
3835.56 -0.00205
3835.68 -0.00259
3835.8 -0.00313
3835.92 -0.00319
3836.04 -0.00302
3836.16 -0.00306
3836.29 -0.00331
3836.41 -0.00346
3836.53 -0.00331
3836.65 -0.00282
3836.77 -0.00208
3836.89 -0.00138
3837.01 -0.00121
3837.13 -0.00163
3837.25 -0.00199
3837.37 -0.00156
3837.49 -5.09512E-4
3837.61 2.85119E-4
3837.73 4.54493E-4
3837.85 4.50525E-4
3837.97 5.38081E-4
3838.09 1.68227E-4
3838.21 -0.00115
3838.33 -0.00283
3838.46 -0.00377
3838.58 -0.00366
3838.7 -0.00313
3838.82 -0.00272
3838.94 -0.00239
3839.06 -0.0022
3839.18 -0.00265
3839.3 -0.00379
3839.42 -0.00463
3839.54 -0.00406
3839.66 -0.00236
3839.78 -0.00103
3839.9 -0.00114
3840.02 -0.00216
3840.14 -0.00267
3840.26 -0.00199
3840.38 -8.05307E-4
3840.5 -3.03388E-4
3840.63 -9.59326E-4
3840.75 -0.00217
3840.87 -0.00305
3840.99 -0.00332
3841.11 -0.00347
3841.23 -0.00396
3841.35 -0.00468
3841.47 -0.00515
3841.59 -0.00518
3841.71 -0.00487
3841.83 -0.00429
3841.95 -0.00345
3842.07 -0.00254
3842.19 -0.00202
3842.31 -0.00204
3842.43 -0.00227
3842.55 -0.00234
3842.67 -0.00237
3842.8 -0.00273
3842.92 -0.00337
3843.04 -0.00372
3843.16 -0.00341
3843.28 -0.00273
3843.4 -0.00235
3843.52 -0.00255
3843.64 -0.00299
3843.76 -0.00319
3843.88 -0.0031
3844 -0.00306
3844.12 -0.00333
3844.24 -0.00376
3844.36 -0.00395
3844.48 -0.00373
3844.6 -0.00331
3844.72 -0.00308
3844.84 -0.00316
3844.97 -0.00329
3845.09 -0.00323
3845.21 -0.003
3845.33 -0.00293
3845.45 -0.0033
3845.57 -0.00394
3845.69 -0.00438
3845.81 -0.00441
3845.93 -0.00438
3846.05 -0.00482
3846.17 -0.0056
3846.29 -0.00592
3846.41 -0.00522
3846.53 -0.00401
3846.65 -0.00341
3846.77 -0.00384
3846.89 -0.0045
3847.01 -0.00435
3847.14 -0.00333
3847.26 -0.00225
3847.38 -0.00172
3847.5 -0.00166
3847.62 -0.00173
3847.74 -0.00179
3847.86 -0.00181
3847.98 -0.00156
3848.1 -8.86634E-4
3848.22 -1.81492E-4
3848.34 -1.11315E-4
3848.46 -8.83445E-4
3848.58 -0.00192
3848.7 -0.00238
3848.82 -0.00197
3848.94 -0.00109
3849.06 -4.4857E-4
3849.18 -5.18721E-4
3849.3 -0.00136
3849.43 -0.00266
3849.55 -0.00393
3849.67 -0.00474
3849.79 -0.00485
3849.91 -0.00427
3850.03 -0.00328
3850.15 -0.00244
3850.27 -0.00237
3850.39 -0.00327
3850.51 -0.00467
3850.63 -0.00575
3850.75 -0.00607
3850.87 -0.00591
3850.99 -0.00575
3851.11 -0.00554
3851.23 -0.00475
3851.35 -0.00323
3851.47 -0.00169
3851.6 -0.00111
3851.72 -0.00168
3851.84 -0.0025
3851.96 -0.00259
3852.08 -0.00188
3852.2 -0.00115
3852.32 -0.001
3852.44 -0.0014
3852.56 -0.00205
3852.68 -0.00291
3852.8 -0.00395
3852.92 -0.00462
3853.04 -0.00414
3853.16 -0.00252
3853.28 -9.03323E-4
3853.4 -6.34667E-4
3853.52 -0.00211
3853.64 -0.00446
3853.77 -0.00634
3853.89 -0.00696
3854.01 -0.00638
3854.13 -0.00519
3854.25 -0.004
3854.37 -0.00301
3854.49 -0.00212
3854.61 -0.00132
3854.73 -7.24077E-4
3854.85 -3.5378E-4
3854.97 -1.07549E-5
3855.09 2.51912E-4
3855.21 -1.01987E-4
3855.33 -0.0014
3855.45 -0.00301
3855.57 -0.00373
3855.69 -0.00327
3855.81 -0.00255
3855.94 -0.00246
3856.06 -0.00262
3856.18 -0.00209
3856.3 -9.23052E-4
3856.42 -3.24734E-4
3856.54 -0.00111
3856.66 -0.00267
3856.78 -0.00376
3856.9 -0.00385
3857.02 -0.00349
3857.14 -0.00338
3857.26 -0.00372
3857.38 -0.00424
3857.5 -0.00459
3857.62 -0.00446
3857.74 -0.00373
3857.86 -0.00259
3857.98 -0.00144
3858.1 -6.24903E-4
3858.23 -2.06176E-4
3858.35 -9.93311E-5
3858.47 -2.68042E-4
3858.59 -7.50788E-4
3858.71 -0.00149
3858.83 -0.00219
3858.95 -0.00236
3859.07 -0.00177
3859.19 -8.01001E-4
3859.31 -3.056E-4
3859.43 -7.61561E-4
3859.55 -0.00168
3859.67 -0.00198
3859.79 -0.00118
3859.91 1.1611E-4
3860.03 7.70818E-4
3860.15 2.49591E-4
3860.27 -0.00105
3860.4 -0.0024
3860.52 -0.00339
3860.64 -0.00395
3860.76 -0.00409
3860.88 -0.0038
3861 -0.00332
3861.12 -0.00292
3861.24 -0.0026
3861.36 -0.00206
3861.48 -0.00124
3861.6 -6.98578E-4
3861.72 -0.00106
3861.84 -0.00211
3861.96 -0.00287
3862.08 -0.00279
3862.2 -0.00242
3862.32 -0.00262
3862.44 -0.00347
3862.57 -0.00423
3862.69 -0.00433
3862.81 -0.00387
3862.93 -0.00324
3863.05 -0.0027
3863.17 -0.0025
3863.29 -0.00297
3863.41 -0.00402
3863.53 -0.005
3863.65 -0.00517
3863.77 -0.00447
3863.89 -0.00348
3864.01 -0.00284
3864.13 -0.003
3864.25 -0.00409
3864.37 -0.00561
3864.49 -0.00641
3864.61 -0.00556
3864.74 -0.00356
3864.86 -0.00214
3864.98 -0.00245
3865.1 -0.00383
3865.22 -0.00459
3865.34 -0.00385
3865.46 -0.00227
3865.58 -0.00113
3865.7 -0.00107
3865.82 -0.00171
3865.94 -0.0023
3866.06 -0.00242
3866.18 -0.00221
3866.3 -0.00202
3866.42 -0.00203
3866.54 -0.00203
3866.66 -0.00188
3866.78 -0.00177
3866.91 -0.00196
3867.03 -0.00233
3867.15 -0.00254
3867.27 -0.0026
3867.39 -0.00292
3867.51 -0.00358
3867.63 -0.00397
3867.75 -0.00355
3867.87 -0.0026
3867.99 -0.00187
3868.11 -0.00159
3868.23 -0.00133
3868.35 -9.42554E-4
3868.47 -9.13095E-4
3868.59 -0.00168
3868.71 -0.00288
3868.83 -0.0038
3868.95 -0.00419
3869.08 -0.0043
3869.2 -0.0042
3869.32 -0.00375
3869.44 -0.00307
3869.56 -0.00266
3869.68 -0.0028
3869.8 -0.00311
3869.92 -0.00311
3870.04 -0.00284
3870.16 -0.00273
3870.28 -0.00299
3870.4 -0.0034
3870.52 -0.00369
3870.64 -0.00376
3870.76 -0.00363
3870.88 -0.00331
3871 -0.00288
3871.12 -0.00244
3871.25 -0.00215
3871.37 -0.00227
3871.49 -0.00304
3871.61 -0.00431
3871.73 -0.00525
3871.85 -0.00499
3871.97 -0.00362
3872.09 -0.00223
3872.21 -0.00186
3872.33 -0.00249
3872.45 -0.00332
3872.57 -0.00368
3872.69 -0.00346
3872.81 -0.00295
3872.93 -0.00255
3873.05 -0.00255
3873.17 -0.00279
3873.29 -0.00268
3873.42 -0.0019
3873.54 -0.00112
3873.66 -0.00143
3873.78 -0.00295
3873.9 -0.00441
3874.02 -0.00455
3874.14 -0.00352
3874.26 -0.0025
3874.38 -0.00213
3874.5 -0.00206
3874.62 -0.00187
3874.74 -0.00177
3874.86 -0.00209
3874.98 -0.00259
3875.1 -0.00283
3875.22 -0.0028
3875.34 -0.00276
3875.46 -0.00266
3875.58 -0.00232
3875.71 -0.00201
3875.83 -0.00227
3875.95 -0.00309
3876.07 -0.00384
3876.19 -0.00418
3876.31 -0.00456
3876.43 -0.0053
3876.55 -0.00584
3876.67 -0.00531
3876.79 -0.00384
3876.91 -0.00255
3877.03 -0.00222
3877.15 -0.00245
3877.27 -0.00247
3877.39 -0.00219
3877.51 -0.00217
3877.63 -0.0027
3877.75 -0.00336
3877.88 -0.00363
3878 -0.0035
3878.12 -0.00347
3878.24 -0.00385
3878.36 -0.00443
3878.48 -0.00468
3878.6 -0.00433
3878.72 -0.00368
3878.84 -0.00326
3878.96 -0.00328
3879.08 -0.00348
3879.2 -0.00359
3879.32 -0.0037
3879.44 -0.00399
3879.56 -0.00423
3879.68 -0.00393
3879.8 -0.00297
3879.92 -0.0018
3880.05 -9.82713E-4
3880.17 -7.34448E-4
3880.29 -0.00104
3880.41 -0.00189
3880.53 -0.00302
3880.65 -0.0038
3880.77 -0.00365
3880.89 -0.00286
3881.01 -0.00247
3881.13 -0.00314
3881.25 -0.00429
3881.37 -0.00468
3881.49 -0.00372
3881.61 -0.00207
3881.73 -9.05778E-4
3881.85 -8.29056E-4
3881.97 -0.00146
3882.09 -0.00203
3882.22 -0.00223
3882.34 -0.0025
3882.46 -0.00346
3882.58 -0.00508
3882.7 -0.00653
3882.82 -0.00686
3882.94 -0.00586
3883.06 -0.00428
3883.18 -0.00314
3883.3 -0.00291
3883.42 -0.00332
3883.54 -0.00375
3883.66 -0.0037
3883.78 -0.00317
3883.9 -0.00257
3884.02 -0.00234
3884.14 -0.00261
3884.26 -0.00315
3884.39 -0.00366
3884.51 -0.00394
3884.63 -0.00382
3884.75 -0.0032
3884.87 -0.00221
3884.99 -0.00128
3885.11 -8.3828E-4
3885.23 -0.00105
3885.35 -0.00182
3885.47 -0.00296
3885.59 -0.00417
3885.71 -0.00493
3885.83 -0.0048
3885.95 -0.00387
3886.07 -0.00273
3886.19 -0.00191
3886.31 -0.00148
3886.43 -0.00123
3886.55 -0.001
3886.68 -8.23826E-4
3886.8 -6.35616E-4
3886.92 -3.1976E-4
3887.04 9.86606E-5
3887.16 3.80915E-4
3887.28 3.21388E-4
3887.4 -1.67824E-5
3887.52 -3.55367E-4
3887.64 -4.95523E-4
3887.76 -5.32232E-4
3887.88 -7.89508E-4
3888 -0.00151
3888.12 -0.0026
3888.24 -0.00361
3888.36 -0.00415
3888.48 -0.00412
3888.6 -0.00374
3888.72 -0.00326
3888.85 -0.00274
3888.97 -0.00213
3889.09 -0.00141
3889.21 -9.4128E-4
3889.33 -0.00129
3889.45 -0.00278
3889.57 -0.00496
3889.69 -0.0067
3889.81 -0.00713
3889.93 -0.0064
3890.05 -0.00539
3890.17 -0.00468
3890.29 -0.00407
3890.41 -0.00314
3890.53 -0.00199
3890.65 -0.00111
3890.77 -7.3377E-4
3890.89 -6.77232E-4
3891.02 -6.85774E-4
3891.14 -8.09979E-4
3891.26 -0.00123
3891.38 -0.00189
3891.5 -0.00253
3891.62 -0.00292
3891.74 -0.00305
3891.86 -0.00302
3891.98 -0.00284
3892.1 -0.00247
3892.22 -0.00192
3892.34 -0.00145
3892.46 -0.00145
3892.58 -0.0021
3892.7 -0.00309
3892.82 -0.00378
3892.94 -0.00376
3893.06 -0.0032
3893.19 -0.00262
3893.31 -0.00246
3893.43 -0.00269
3893.55 -0.00299
3893.67 -0.00295
3893.79 -0.00242
3893.91 -0.00162
3894.03 -0.00102
3894.15 -8.47328E-4
3894.27 -8.92192E-4
3894.39 -8.46386E-4
3894.51 -8.4544E-4
3894.63 -0.00131
3894.75 -0.0022
3894.87 -0.00282
3894.99 -0.00262
3895.11 -0.002
3895.23 -0.00193
3895.36 -0.00281
3895.48 -0.00392
3895.6 -0.00418
3895.72 -0.00333
3895.84 -0.00211
3895.96 -0.00158
3896.08 -0.00215
3896.2 -0.0033
3896.32 -0.00406
3896.44 -0.00382
3896.56 -0.00288
3896.68 -0.00212
3896.8 -0.00228
3896.92 -0.00338
3897.04 -0.00478
3897.16 -0.00577
3897.28 -0.00593
3897.4 -0.00536
3897.53 -0.00449
3897.65 -0.00378
3897.77 -0.00338
3897.89 -0.0032
3898.01 -0.00315
3898.13 -0.00335
3898.25 -0.00379
3898.37 -0.00415
3898.49 -0.00404
3898.61 -0.00351
3898.73 -0.00297
3898.85 -0.0027
3898.97 -0.00261
3899.09 -0.00247
3899.21 -0.00229
3899.33 -0.00229
3899.45 -0.00257
3899.57 -0.0031
3899.7 -0.0038
3899.82 -0.00452
3899.94 -0.00497
3900.06 -0.00467
3900.18 -0.00342
3900.3 -0.00168
3900.42 -4.57849E-4
3900.54 -6.16852E-4
3900.66 -0.00211
3900.78 -0.00405
3900.9 -0.00549
3901.02 -0.00614
3901.14 -0.00624
3901.26 -0.00588
3901.38 -0.00492
3901.5 -0.00347
3901.62 -0.00228
3901.74 -0.0021
3901.86 -0.00281
3901.99 -0.00356
3902.11 -0.00366
3902.23 -0.00319
3902.35 -0.00269
3902.47 -0.00237
3902.59 -0.00206
3902.71 -0.00159
3902.83 -0.00107
3902.95 -7.62012E-4
3903.07 -8.21404E-4
3903.19 -0.00125
3903.31 -0.00188
3903.43 -0.00242
3903.55 -0.0027
3903.67 -0.00284
3903.79 -0.00309
3903.91 -0.00335
3904.03 -0.00312
3904.16 -0.00221
3904.28 -0.00133
3904.4 -0.00149
3904.52 -0.00283
3904.64 -0.00425
3904.76 -0.00451
3904.88 -0.0035
3905 -0.00225
3905.12 -0.00184
3905.24 -0.00241
3905.36 -0.00311
3905.48 -0.00297
3905.6 -0.00174
3905.72 -2.79337E-4
3905.84 1.02665E-4
3905.96 -0.00111
3906.08 -0.00305
3906.2 -0.00423
3906.33 -0.00399
3906.45 -0.00291
3906.57 -0.00199
3906.69 -0.00168
3906.81 -0.0018
3906.93 -0.00209
3907.05 -0.00244
3907.17 -0.00288
3907.29 -0.00331
3907.41 -0.00338
3907.53 -0.0025
3907.65 -5.68938E-4
3907.77 0.00144
3907.89 0.00195
3908.01 3.46988E-4
3908.13 -0.00213
3908.25 -0.0036
3908.37 -0.00348
3908.5 -0.00265
3908.62 -0.00204
3908.74 -0.00168
3908.86 -0.00129
3908.98 -0.00115
3909.1 -0.00167
3909.22 -0.00249
3909.34 -0.00273
3909.46 -0.00205
3909.58 -0.00109
3909.7 -6.21036E-4
3909.82 -7.23694E-4
3909.94 -7.57154E-4
3910.06 -1.95138E-4
3910.18 7.27829E-4
3910.3 0.00117
3910.42 5.49093E-4
3910.54 -7.10588E-4
3910.67 -0.0015
3910.79 -0.00119
3910.91 -2.9036E-4
3911.03 2.63389E-4
3911.15 2.55678E-4
3911.27 1.95861E-4
3911.39 3.24521E-4
3911.51 2.09264E-4
3911.63 -4.93314E-4
3911.75 -0.00137
3911.87 -0.00173
3911.99 -0.00156
3912.11 -0.00148
3912.23 -0.0021
3912.35 -0.00339
3912.47 -0.00486
3912.59 -0.00574
3912.71 -0.00547
3912.84 -0.00424
3912.96 -0.00313
3913.08 -0.00323
3913.2 -0.00447
3913.32 -0.00555
3913.44 -0.00527
3913.56 -0.00375
3913.68 -0.00222
3913.8 -0.00173
3913.92 -0.0023
3914.04 -0.00312
3914.16 -0.00335
3914.28 -0.00277
3914.4 -0.00187
3914.52 -0.00142
3914.64 -0.00179
3914.76 -0.00264
3914.88 -0.00323
3915 -0.00305
3915.13 -0.0022
3915.25 -0.00117
3915.37 -5.20136E-4
3915.49 -5.72901E-4
3915.61 -0.00121
3915.73 -0.00192
3915.85 -0.00222
3915.97 -0.00207
3916.09 -0.00177
3916.21 -0.00154
3916.33 -0.00128
3916.45 -8.74422E-4
3916.57 -5.25951E-4
3916.69 -6.23278E-4
3916.81 -0.0013
3916.93 -0.00228
3917.05 -0.00313
3917.17 -0.00364
3917.3 -0.00387
3917.42 -0.00393
3917.54 -0.0037
3917.66 -0.00301
3917.78 -0.00199
3917.9 -0.00136
3918.02 -0.00192
3918.14 -0.00362
3918.26 -0.0053
3918.38 -0.00574
3918.5 -0.00482
3918.62 -0.00359
3918.74 -0.00303
3918.86 -0.00316
3918.98 -0.00334
3919.1 -0.00315
3919.22 -0.00274
3919.34 -0.00243
3919.47 -0.00235
3919.59 -0.00246
3919.71 -0.00256
3919.83 -0.00237
3919.95 -0.00177
3920.07 -0.00107
3920.19 -7.63733E-4
3920.31 -8.69226E-4
3920.43 -8.78677E-4
3920.55 -4.83874E-4
3920.67 -1.35947E-4
3920.79 -5.00351E-4
3920.91 -0.00146
3921.03 -0.00213
3921.15 -0.00193
3921.27 -0.00138
3921.39 -0.00152
3921.51 -0.00262
3921.64 -0.00393
3921.76 -0.00453
3921.88 -0.00432
3922 -0.0039
3922.12 -0.00374
3922.24 -0.00366
3922.36 -0.00321
3922.48 -0.00243
3922.6 -0.00199
3922.72 -0.00244
3922.84 -0.00351
3922.96 -0.00436
3923.08 -0.00448
3923.2 -0.00412
3923.32 -0.00383
3923.44 -0.00372
3923.56 -0.00344
3923.68 -0.00279
3923.81 -0.00195
3923.93 -0.00114
3924.05 -4.53945E-4
3924.17 -9.20296E-5
3924.29 -4.62253E-4
3924.41 -0.00163
3924.53 -0.0029
3924.65 -0.00337
3924.77 -0.00304
3924.89 -0.00281
3925.01 -0.00326
3925.13 -0.0038
3925.25 -0.00339
3925.37 -0.00205
3925.49 -9.82925E-4
3925.61 -0.00125
3925.73 -0.00261
3925.85 -0.00392
3925.98 -0.0044
3926.1 -0.00417
3926.22 -0.00374
3926.34 -0.00341
3926.46 -0.00314
3926.58 -0.00287
3926.7 -0.0026
3926.82 -0.00246
3926.94 -0.00269
3927.06 -0.00356
3927.18 -0.00497
3927.3 -0.00627
3927.42 -0.00665
3927.54 -0.0059
3927.66 -0.00461
3927.78 -0.00365
3927.9 -0.00333
3928.02 -0.0033
3928.15 -0.00315
3928.27 -0.00298
3928.39 -0.00313
3928.51 -0.0036
3928.63 -0.00397
3928.75 -0.00398
3928.87 -0.00388
3928.99 -0.00398
3929.11 -0.00403
3929.23 -0.00336
3929.35 -0.00176
3929.47 -3.69102E-5
3929.59 8.01433E-4
3929.71 5.21932E-4
3929.83 -2.24527E-4
3929.95 -8.05154E-4
3930.07 -0.00127
3930.19 -0.00199
3930.31 -0.00289
3930.44 -0.00335
3930.56 -0.00297
3930.68 -0.00201
3930.8 -0.00111
3930.92 -5.78187E-4
3931.04 -3.09259E-4
3931.16 -3.26551E-4
3931.28 -9.99212E-4
3931.4 -0.00241
3931.52 -0.00378
3931.64 -0.00399
3931.76 -0.00287
3931.88 -0.00144
3932 -8.57636E-4
3932.12 -0.00121
3932.24 -0.00176
3932.36 -0.00204
3932.48 -0.00238
3932.61 -0.0033
3932.73 -0.0047
3932.85 -0.00585
3932.97 -0.006
3933.09 -0.00504
3933.21 -0.00362
3933.33 -0.00264
3933.45 -0.00239
3933.57 -0.00237
3933.69 -0.00208
3933.81 -0.00183
3933.93 -0.00241
3934.05 -0.00396
3934.17 -0.00561
3934.29 -0.00635
3934.41 -0.00587
3934.53 -0.00443
3934.65 -0.00256
3934.78 -0.00121
3934.9 -0.00137
3935.02 -0.00309
3935.14 -0.00503
3935.26 -0.00578
3935.38 -0.00549
3935.5 -0.00538
3935.62 -0.00585
3935.74 -0.00603
3935.86 -0.0052
3935.98 -0.00381
3936.1 -0.00262
3936.22 -0.00161
3936.34 -6.39368E-4
3936.46 -2.41973E-4
3936.58 -0.001
3936.7 -0.00227
3936.82 -0.00267
3936.95 -0.00197
3937.07 -0.0014
3937.19 -0.0019
3937.31 -0.00267
3937.43 -0.00229
3937.55 -6.77358E-4
3937.67 7.40014E-4
3937.79 6.96961E-4
3937.91 -6.58989E-4
3938.03 -0.00222
3938.15 -0.00315
3938.27 -0.00349
3938.39 -0.00369
3938.51 -0.00395
3938.63 -0.00395
3938.75 -0.00335
3938.87 -0.00243
3938.99 -0.00211
3939.12 -0.00291
3939.24 -0.00417
3939.36 -0.00458
3939.48 -0.00361
3939.6 -0.00207
3939.72 -0.00128
3939.84 -0.00173
3939.96 -0.00291
3940.08 -0.00393
3940.2 -0.00422
3940.32 -0.00372
3940.44 -0.00282
3940.56 -0.00225
3940.68 -0.00262
3940.8 -0.00381
3940.92 -0.00479
3941.04 -0.0046
3941.16 -0.0034
3941.29 -0.00252
3941.41 -0.00289
3941.53 -0.00385
3941.65 -0.00379
3941.77 -0.00214
3941.89 -1.65086E-4
3942.01 4.62711E-4
3942.13 -4.59958E-4
3942.25 -0.00169
3942.37 -0.00219
3942.49 -0.0021
3942.61 -0.00206
3942.73 -0.00212
3942.85 -0.00194
3942.97 -0.00164
3943.09 -0.00176
3943.21 -0.00251
3943.33 -0.00339
3943.46 -0.00391
3943.58 -0.00419
3943.7 -0.00474
3943.82 -0.00568
3943.94 -0.00645
3944.06 -0.00625
3944.18 -0.00476
3944.3 -0.00244
3944.42 -2.68407E-4
3944.54 9.03383E-4
3944.66 8.97501E-4
3944.78 2.39745E-4
3944.9 -4.33661E-4
3945.02 -0.00103
3945.14 -0.00208
3945.26 -0.004
3945.38 -0.00642
3945.5 -0.00815
3945.62 -0.00815
3945.75 -0.00653
3945.87 -0.00446
3945.99 -0.00314
3946.11 -0.00289
3946.23 -0.00332
3946.35 -0.00395
3946.47 -0.00447
3946.59 -0.00442
3946.71 -0.00351
3946.83 -0.00216
3946.95 -0.00147
3947.07 -0.00209
3947.19 -0.00346
3947.31 -0.00447
3947.43 -0.00477
3947.55 -0.00492
3947.67 -0.0053
3947.79 -0.00549
3947.92 -0.00497
3948.04 -0.00399
3948.16 -0.0034
3948.28 -0.00357
3948.4 -0.00394
3948.52 -0.0037
3948.64 -0.00271
3948.76 -0.00172
3948.88 -0.00148
3949 -0.00204
3949.12 -0.00267
3949.24 -0.00275
3949.36 -0.0024
3949.48 -0.00215
3949.6 -0.00227
3949.72 -0.00249
3949.84 -0.00248
3949.96 -0.00219
3950.09 -0.00172
3950.21 -0.00121
3950.33 -9.89038E-4
3950.45 -0.00153
3950.57 -0.00295
3950.69 -0.00466
3950.81 -0.00584
3950.93 -0.00624
3951.05 -0.00614
3951.17 -0.00568
3951.29 -0.00476
3951.41 -0.00359
3951.53 -0.00293
3951.65 -0.00325
3951.77 -0.00408
3951.89 -0.00447
3952.01 -0.00401
3952.13 -0.00308
3952.26 -0.00228
3952.38 -0.00186
3952.5 -0.00178
3952.62 -0.00194
3952.74 -0.0022
3952.86 -0.00229
3952.98 -0.00208
3953.1 -0.00168
3953.22 -0.00137
3953.34 -0.00124
3953.46 -0.00115
3953.58 -9.79688E-4
3953.7 -9.1739E-4
3953.82 -0.00131
3953.94 -0.00217
3954.06 -0.00292
3954.18 -0.00296
3954.3 -0.00245
3954.43 -0.00224
3954.55 -0.00296
3954.67 -0.00414
3954.79 -0.00466
3954.91 -0.004
3955.03 -0.00275
3955.15 -0.00189
3955.27 -0.00189
3955.39 -0.00249
3955.51 -0.00314
3955.63 -0.00346
3955.75 -0.00343
3955.87 -0.00328
3955.99 -0.00318
3956.11 -0.00302
3956.23 -0.00265
3956.35 -0.00236
3956.47 -0.00279
3956.59 -0.00403
3956.72 -0.00512
3956.84 -0.00503
3956.96 -0.00401
3957.08 -0.00335
3957.2 -0.00385
3957.32 -0.00493
3957.44 -0.00557
3957.56 -0.0056
3957.68 -0.00545
3957.8 -0.00506
3957.92 -0.00387
3958.04 -0.00203
3958.16 -8.39978E-4
3958.28 -0.00149
3958.4 -0.00362
3958.52 -0.00558
3958.64 -0.00609
3958.76 -0.00528
3958.89 -0.00417
3959.01 -0.00361
3959.13 -0.0038
3959.25 -0.00444
3959.37 -0.00499
3959.49 -0.00483
3959.61 -0.00377
3959.73 -0.00226
3959.85 -0.0011
3959.97 -6.24817E-4
3960.09 -5.53675E-4
3960.21 -5.27665E-4
3960.33 -6.27764E-4
3960.45 -0.00108
3960.57 -0.0017
3960.69 -0.00199
3960.81 -0.00182
3960.93 -0.00164
3961.06 -0.00186
3961.18 -0.0023
3961.3 -0.00248
3961.42 -0.00233
3961.54 -0.00242
3961.66 -0.00334
3961.78 -0.00499
3961.9 -0.00664
3962.02 -0.00747
3962.14 -0.00718
3962.26 -0.006
3962.38 -0.00447
3962.5 -0.00307
3962.62 -0.00212
3962.74 -0.00177
3962.86 -0.00196
3962.98 -0.00229
3963.1 -0.00214
3963.23 -0.00134
3963.35 -5.20978E-4
3963.47 -6.2371E-4
3963.59 -0.0018
3963.71 -0.00311
3963.83 -0.0036
3963.95 -0.00338
3964.07 -0.0034
3964.19 -0.00414
3964.31 -0.00499
3964.43 -0.00513
3964.55 -0.00456
3964.67 -0.00399
3964.79 -0.00384
3964.91 -0.00373
3965.03 -0.00315
3965.15 -0.00219
3965.27 -0.00138
3965.4 -9.25191E-4
3965.52 -6.09566E-4
3965.64 -4.73861E-4
3965.76 -0.00116
3965.88 -0.00312
3966 -0.00557
3966.12 -0.00688
3966.24 -0.00616
3966.36 -0.00423
3966.48 -0.00265
3966.6 -0.00217
3966.72 -0.00232
3966.84 -0.00249
3966.96 -0.0026
3967.08 -0.0029
3967.2 -0.00356
3967.32 -0.00473
3967.44 -0.00631
3967.57 -0.00749
3967.69 -0.00707
3967.81 -0.00487
3967.93 -0.00248
3968.05 -0.00181
3968.17 -0.00301
3968.29 -0.00444
3968.41 -0.00471
3968.53 -0.00402
3968.65 -0.00327
3968.77 -0.00262
3968.89 -0.00182
3969.01 -0.00118
3969.13 -0.00149
3969.25 -0.00272
3969.37 -0.00371
3969.49 -0.00345
3969.61 -0.00207
3969.74 -4.8307E-4
3969.86 6.86832E-4
3969.98 0.00131
3970.1 0.00132
3970.22 6.54299E-4
3970.34 -4.44055E-4
3970.46 -0.00144
3970.58 -0.00213
3970.7 -0.00291
3970.82 -0.00401
3970.94 -0.00487
3971.06 -0.00457
3971.18 -0.00308
3971.3 -0.00168
3971.42 -0.00167
3971.54 -0.00293
3971.66 -0.00394
3971.78 -0.00348
3971.91 -0.00185
3972.03 -3.91476E-4
3972.15 6.36205E-5
3972.27 -2.09462E-4
3972.39 -5.10138E-4
3972.51 -6.40389E-4
3972.63 -0.001
3972.75 -0.00198
3972.87 -0.00338
3972.99 -0.00447
3973.11 -0.0046
3973.23 -0.00379
3973.35 -0.00278
3973.47 -0.00212
3973.59 -0.00163
3973.71 -8.64942E-4
3973.83 1.91778E-5
3973.95 3.91211E-4
3974.07 4.07659E-5
3974.2 -5.92887E-4
3974.32 -0.00123
3974.44 -0.00218
3974.56 -0.00344
3974.68 -0.00413
3974.8 -0.00337
3974.92 -0.00178
3975.04 -0.00104
3975.16 -0.00193
3975.28 -0.00348
3975.4 -0.00433
3975.52 -0.00425
3975.64 -0.00399
3975.76 -0.00402
3975.88 -0.00425
3976 -0.00465
3976.12 -0.00544
3976.24 -0.00633
3976.37 -0.00634
3976.49 -0.00476
3976.61 -0.00213
3976.73 5.09843E-5
3976.85 6.35769E-4
3976.97 -2.87827E-4
3977.09 -0.00162
3977.21 -0.0023
3977.33 -0.00215
3977.45 -0.00193
3977.57 -0.00234
3977.69 -0.0031
3977.81 -0.00318
3977.93 -0.00208
3978.05 -7.19812E-4
3978.17 -5.60757E-4
3978.29 -0.00189
3978.41 -0.0035
3978.54 -0.00412
3978.66 -0.00384
3978.78 -0.00361
3978.9 -0.00368
3979.02 -0.00327
3979.14 -0.00198
3979.26 -6.74665E-4
3979.38 -5.84498E-4
3979.5 -0.00168
3979.62 -0.00269
3979.74 -0.00266
3979.86 -0.00195
3979.98 -0.00159
3980.1 -0.00194
3980.22 -0.00246
3980.34 -0.00245
3980.46 -0.00183
3980.58 -0.00115
3980.71 -0.00121
3980.83 -0.00237
3980.95 -0.00411
3981.07 -0.00541
3981.19 -0.00559
3981.31 -0.00496
3981.43 -0.00422
3981.55 -0.00361
3981.67 -0.00297
3981.79 -0.00244
3981.91 -0.00252
3982.03 -0.00322
3982.15 -0.00373
3982.27 -0.00332
3982.39 -0.00232
3982.51 -0.00156
3982.63 -0.00132
3982.75 -0.00124
3982.88 -0.00125
3983 -0.00181
3983.12 -0.00288
3983.24 -0.00339
3983.36 -0.00243
3983.48 -6.27715E-4
3983.6 2.91362E-4
3983.72 -4.91638E-4
3983.84 -0.00201
3983.96 -0.00292
3984.08 -0.00323
3984.2 -0.00414
3984.32 -0.0061
3984.44 -0.00786
3984.56 -0.00764
3984.68 -0.00512
3984.8 -0.00187
3984.92 1.83295E-4
3985.04 3.48467E-4
3985.17 -6.74456E-4
3985.29 -0.00187
3985.41 -0.00281
3985.53 -0.00354
3985.65 -0.00403
3985.77 -0.00403
3985.89 -0.00352
3986.01 -0.0029
3986.13 -0.00257
3986.25 -0.00241
3986.37 -0.00196
3986.49 -0.00123
3986.61 -7.98736E-4
3986.73 -0.00108
3986.85 -0.00156
3986.97 -0.00139
3987.09 -6.01541E-4
3987.21 -2.63106E-4
3987.34 -0.00118
3987.46 -0.00275
3987.58 -0.00359
3987.7 -0.00308
3987.82 -0.00193
3987.94 -0.00123
3988.06 -0.00116
3988.18 -0.001
3988.3 -2.34921E-4
3988.42 7.47386E-4
3988.54 0.00104
3988.66 2.58006E-4
3988.78 -0.00112
3988.9 -0.00238
3989.02 -0.00332
3989.14 -0.00416
3989.26 -0.00493
3989.38 -0.00522
3989.51 -0.00472
3989.63 -0.00367
3989.75 -0.00248
3989.87 -0.00132
3989.99 -2.86072E-4
3990.11 3.07277E-4
3990.23 1.38331E-4
3990.35 -5.46459E-4
3990.47 -0.00103
3990.59 -8.83181E-4
3990.71 -4.01564E-4
3990.83 -1.79343E-4
3990.95 -5.91375E-4
3991.07 -0.0017
3991.19 -0.00327
3991.31 -0.00462
3991.43 -0.00505
3991.55 -0.00468
3991.68 -0.0045
3991.8 -0.00513
3991.92 -0.00579
3992.04 -0.00528
3992.16 -0.00377
3992.28 -0.0029
3992.4 -0.00377
3992.52 -0.00543
3992.64 -0.00605
3992.76 -0.00509
3992.88 -0.00369
3993 -0.003
3993.12 -0.00293
3993.24 -0.00271
3993.36 -0.00219
3993.48 -0.00202
3993.6 -0.00259
3993.72 -0.00345
3993.85 -0.00379
3993.97 -0.00337
3994.09 -0.00265
3994.21 -0.00221
3994.33 -0.00208
3994.45 -0.00198
3994.57 -0.0018
3994.69 -0.0018
3994.81 -0.00216
3994.93 -0.00257
3995.05 -0.00245
3995.17 -0.00162
3995.29 -6.28617E-4
3995.41 -3.09996E-4
3995.53 -8.57458E-4
3995.65 -0.00159
3995.77 -0.00177
3995.89 -0.00161
3996.02 -0.00211
3996.14 -0.00378
3996.26 -0.00575
3996.38 -0.00653
3996.5 -0.00554
3996.62 -0.00358
3996.74 -0.00172
3996.86 -3.27237E-4
3996.98 6.68142E-4
3997.1 9.51651E-4
3997.22 7.87899E-5
3997.34 -0.00157
3997.46 -0.00271
3997.58 -0.00236
3997.7 -9.53093E-4
3997.82 1.07188E-4
3997.94 -8.80025E-5
3998.06 -0.00117
3998.19 -0.00217
3998.31 -0.00273
3998.43 -0.00339
3998.55 -0.00459
3998.67 -0.00573
3998.79 -0.00552
3998.91 -0.00354
3999.03 -0.00117
3999.15 -3.51846E-4
3999.27 -0.00163
3999.39 -0.00361
3999.51 -0.00456
3999.63 -0.00407
3999.75 -0.00287
3999.87 -0.00173
3999.99 -9.49055E-4
4000.11 -7.94709E-4
