# {"full": "CO under CO2", "name": "CO under CO2", "ratio": "1", "url": "https://icedb.strw.leidenuniv.nl/data/62", "author": "Fraser", "latex_molname": "$\\ce{CO}$ under $\\ce{CO2}$", "temperature": 18.0, "index": 557}
399.867 -0.01605
399.987 -0.01416
400.108 -0.0032
400.228 0.01058
400.349 0.01763
400.469 0.01413
400.59 0.00456
400.711 -0.00397
400.831 -0.0079
400.952 -0.00825
401.072 -0.00765
401.193 -0.00767
401.313 -0.00784
401.434 -0.00632
401.554 -0.002
401.675 0.00379
401.796 0.00752
401.916 0.00607
402.037 -8.40653E-4
402.157 -0.01056
402.278 -0.01931
402.398 -0.02441
402.519 -0.02561
402.639 -0.02431
402.76 -0.02209
402.88 -0.02014
403.001 -0.01931
403.122 -0.01972
403.242 -0.02028
403.363 -0.01939
403.483 -0.01666
403.604 -0.0134
403.724 -0.01115
403.845 -0.01002
403.965 -0.00899
404.086 -0.00738
404.207 -0.00536
404.327 -0.00341
404.448 -0.00196
404.568 -0.00161
404.689 -0.0028
404.809 -0.00486
404.93 -0.00636
405.05 -0.00675
405.171 -0.00692
405.292 -0.00759
405.412 -0.00806
405.533 -0.0072
405.653 -0.00529
405.774 -0.00368
405.894 -0.00304
406.015 -0.0028
406.135 -0.0025
406.256 -0.00267
406.376 -0.0039
406.497 -0.00553
406.618 -0.00609
406.738 -0.00506
406.859 -0.00383
406.979 -0.00442
407.1 -0.00754
407.22 -0.01204
407.341 -0.01606
407.461 -0.01837
407.582 -0.01852
407.703 -0.01629
407.823 -0.01183
407.944 -0.00629
408.064 -0.00172
408.185 1.80751E-4
408.305 -9.29207E-4
408.426 -0.0041
408.546 -0.00768
408.667 -0.00975
408.787 -0.00918
408.908 -0.00675
409.029 -0.00454
409.149 -0.00377
409.27 -0.00376
409.39 -0.00363
409.511 -0.00425
409.631 -0.007
409.752 -0.01099
409.872 -0.01331
409.993 -0.01243
410.114 -0.00995
410.234 -0.00844
410.355 -0.00846
410.475 -0.0087
410.596 -0.00829
410.716 -0.00754
410.837 -0.007
410.957 -0.00683
411.078 -0.00717
411.198 -0.00804
411.319 -0.00874
411.44 -0.00832
411.56 -0.00681
411.681 -0.00533
411.801 -0.00473
411.922 -0.0048
412.042 -0.00508
412.163 -0.00552
412.283 -0.0059
412.404 -0.00535
412.525 -0.00362
412.645 -0.00218
412.766 -0.00277
412.886 -0.00476
413.007 -0.00534
413.127 -0.00294
413.248 3.85296E-4
413.368 0.00112
413.489 -0.00139
413.609 -0.00415
413.73 -0.00414
413.851 -0.00194
413.971 -0.00113
414.092 -0.00415
414.212 -0.00938
414.333 -0.01269
414.453 -0.0115
414.574 -0.00695
414.694 -0.00269
414.815 -0.0016
414.936 -0.00367
415.056 -0.00679
415.177 -0.00887
415.297 -0.0091
415.418 -0.00798
415.538 -0.00672
415.659 -0.00648
415.779 -0.00752
415.9 -0.00873
416.021 -0.00842
416.141 -0.00598
416.262 -0.00263
416.382 -4.71897E-4
416.503 -7.95145E-4
416.623 -0.0031
416.744 -0.00557
416.864 -0.0067
416.985 -0.00652
417.105 -0.00649
417.226 -0.00783
417.347 -0.00999
417.467 -0.01106
417.588 -0.00985
417.708 -0.00731
417.829 -0.0055
417.949 -0.00541
418.07 -0.00612
418.19 -0.00612
418.311 -0.00496
418.432 -0.00354
418.552 -0.00293
418.673 -0.00326
418.793 -0.00367
418.914 -0.00341
419.034 -0.00262
419.155 -0.00189
419.275 -0.0013
419.396 -2.82645E-4
419.516 0.0013
419.637 0.00251
419.758 0.0022
419.878 5.93826E-4
419.999 -5.75129E-4
420.119 3.24216E-4
420.24 0.0032
420.36 0.00641
420.481 0.00822
420.601 0.00813
420.722 0.00704
420.843 0.00587
420.963 0.00425
421.084 5.66885E-4
421.204 -0.00597
421.325 -0.01359
421.445 -0.01847
421.566 -0.01804
421.686 -0.01403
421.807 -0.01059
421.927 -0.00979
422.048 -0.01045
422.169 -0.01078
422.289 -0.01083
422.41 -0.01183
422.53 -0.01353
422.651 -0.01381
422.771 -0.01136
422.892 -0.00802
423.012 -0.00715
423.133 -0.00958
423.254 -0.01242
423.374 -0.01248
423.495 -0.01016
423.615 -0.00896
423.736 -0.01097
423.856 -0.01416
423.977 -0.01499
424.097 -0.01275
424.218 -0.01016
424.339 -0.0098
424.459 -0.01103
424.58 -0.01118
424.7 -0.00897
424.821 -0.0055
424.941 -0.00257
425.062 -9.79826E-4
425.182 -7.39269E-4
425.303 -0.0017
425.423 -0.00329
425.544 -0.00443
425.665 -0.00463
425.785 -0.00477
425.906 -0.00591
426.026 -0.0075
426.147 -0.00795
426.267 -0.00691
426.388 -0.00572
426.508 -0.00524
426.629 -0.0047
426.75 -0.00344
426.87 -0.00241
426.991 -0.00238
427.111 -0.00197
427.232 4.08929E-4
427.352 0.00335
427.473 0.00381
427.593 0.00191
427.714 0.0012
427.834 0.00268
427.955 0.00138
428.076 -0.00773
428.196 -0.02098
428.317 -0.02869
428.437 -0.02595
428.558 -0.01628
428.678 -0.00677
428.799 -0.00209
428.919 -0.00223
429.04 -0.00475
429.161 -0.00723
429.281 -0.00798
429.402 -0.00657
429.522 -0.00426
429.643 -0.00289
429.763 -0.00298
429.884 -0.00374
430.004 -0.00476
430.125 -0.00652
430.246 -0.00916
430.366 -0.01152
430.487 -0.01212
430.607 -0.01079
430.728 -0.00879
430.848 -0.00756
430.969 -0.00739
431.089 -0.00747
431.21 -0.00691
431.33 -0.00588
431.451 -0.00557
431.572 -0.00686
431.692 -0.00913
431.813 -0.01064
431.933 -0.01032
432.054 -0.00888
432.174 -0.00803
432.295 -0.00842
432.415 -0.00873
432.536 -0.00706
432.657 -0.00338
432.777 -2.32E-4
432.898 -5.7824E-4
433.018 -0.00463
433.139 -0.00919
433.259 -0.01064
433.38 -0.00846
433.5 -0.00556
433.621 -0.00498
433.741 -0.00662
433.862 -0.00774
433.983 -0.00684
434.103 -0.00592
434.224 -0.00787
434.344 -0.01184
434.465 -0.0134
434.585 -0.01089
434.706 -0.0098
434.826 -0.01735
434.947 -0.03209
435.068 -0.0429
435.188 -0.04
435.309 -0.02455
435.429 -0.00742
435.55 0.00148
435.67 0.00171
435.791 -9.72316E-4
435.911 -0.00288
436.032 -0.00419
436.152 -0.00556
436.273 -0.0062
436.394 -0.00523
436.514 -0.00299
436.635 -4.54642E-4
436.755 0.00157
436.876 0.00238
436.996 0.00142
437.117 -0.00109
437.237 -0.00394
437.358 -0.00576
437.479 -0.00584
437.599 -0.00442
437.72 -0.0026
437.84 -0.00174
437.961 -0.00247
438.081 -0.00415
438.202 -0.00542
438.322 -0.00555
438.443 -0.00486
438.564 -0.00414
438.684 -0.00382
438.805 -0.00384
438.925 -0.00391
439.046 -0.00396
439.166 -0.00421
439.287 -0.00493
439.407 -0.00584
439.528 -0.00611
439.648 -0.00538
439.769 -0.0042
439.89 -0.00338
440.01 -0.00309
440.131 -0.0031
440.251 -0.00345
440.372 -0.00418
440.492 -0.00484
440.613 -0.00494
440.733 -0.00481
440.854 -0.0052
440.975 -0.00627
441.095 -0.00762
441.216 -0.0091
441.336 -0.01034
441.457 -0.00985
441.577 -0.0065
441.698 -0.00211
441.818 -3.68617E-4
441.939 -0.00183
442.059 -0.00209
442.18 0.00286
442.301 0.01015
442.421 0.0124
442.542 0.00609
442.662 -0.00451
442.783 -0.01186
442.903 -0.01294
443.024 -0.01085
443.144 -0.00944
443.265 -0.00944
443.386 -0.00951
443.506 -0.00871
443.627 -0.00712
443.747 -0.00521
443.868 -0.00354
443.988 -0.00271
444.109 -0.00302
444.229 -0.00425
444.35 -0.00601
444.47 -0.00803
444.591 -0.00973
444.712 -0.01024
444.832 -0.00917
444.953 -0.00744
445.073 -0.00662
445.194 -0.00739
445.314 -0.00905
445.435 -0.01018
445.555 -0.00974
445.676 -0.00766
445.797 -0.00491
445.917 -0.00315
446.038 -0.00359
446.158 -0.00584
446.279 -0.0081
446.399 -0.00885
446.52 -0.0083
446.64 -0.00772
446.761 -0.00787
446.882 -0.00842
447.002 -0.00885
447.123 -0.00923
447.243 -0.00981
447.364 -0.01026
447.484 -0.00982
447.605 -0.00827
447.725 -0.00645
447.846 -0.00576
447.966 -0.00685
448.087 -0.00894
448.208 -0.01041
448.328 -0.01021
448.449 -0.00868
448.569 -0.00702
448.69 -0.00634
448.81 -0.00759
448.931 -0.01172
449.051 -0.01878
449.172 -0.02638
449.293 -0.02983
449.413 -0.02616
449.534 -0.01808
449.654 -0.01126
449.775 -0.00859
449.895 -0.00845
450.016 -0.00782
450.136 -0.0062
450.257 -0.00549
450.377 -0.00664
450.498 -0.00797
450.619 -0.00734
450.739 -0.00497
450.86 -0.00314
450.98 -0.0033
451.101 -0.00449
451.221 -0.00482
451.342 -0.00383
451.462 -0.00275
451.583 -0.00271
451.704 -0.00334
451.824 -0.00353
451.945 -0.00298
452.065 -0.00242
452.186 -0.00232
452.306 -0.00223
452.427 -0.00175
452.547 -0.00156
452.668 -0.00262
452.788 -0.00468
452.909 -0.00619
453.03 -0.00623
453.15 -0.00556
453.271 -0.00558
453.391 -0.00647
453.512 -0.00729
453.632 -0.00748
453.753 -0.0075
453.873 -0.00787
453.994 -0.0083
454.115 -0.00824
454.235 -0.0077
454.356 -0.00704
454.476 -0.00621
454.597 -0.00485
454.717 -0.00322
454.838 -0.00235
454.958 -0.00284
455.079 -0.00379
455.199 -0.00368
455.32 -0.00221
455.441 -7.75874E-4
455.561 -9.27839E-4
455.682 -0.00281
455.802 -0.00536
455.923 -0.00769
456.043 -0.0096
456.164 -0.01089
456.284 -0.01102
456.405 -0.0099
456.526 -0.0086
456.646 -0.00829
456.767 -0.00874
456.887 -0.00852
457.008 -0.00674
457.128 -0.00443
457.249 -0.00343
457.369 -0.00446
457.49 -0.00641
457.611 -0.00773
457.731 -0.00794
457.852 -0.0076
457.972 -0.00721
458.093 -0.00664
458.213 -0.00572
458.334 -0.00479
458.454 -0.00428
458.575 -0.004
458.695 -0.00354
458.816 -0.00299
458.937 -0.00301
459.057 -0.00369
459.178 -0.00415
459.298 -0.00364
459.419 -0.00254
459.539 -0.002
459.66 -0.00259
459.78 -0.00396
459.901 -0.00567
460.022 -0.00755
460.142 -0.00923
460.263 -0.01
460.383 -0.0095
460.504 -0.0081
460.624 -0.00649
460.745 -0.00501
460.865 -0.00391
460.986 -0.00372
461.106 -0.00494
461.227 -0.00719
461.348 -0.00938
461.468 -0.01074
461.589 -0.01127
461.709 -0.01135
461.83 -0.01113
461.95 -0.01052
462.071 -0.00965
462.191 -0.00903
462.312 -0.00909
462.433 -0.00957
462.553 -0.00945
462.674 -0.00811
462.794 -0.00665
462.915 -0.00745
463.035 -0.01127
463.156 -0.01541
463.276 -0.01596
463.397 -0.01209
463.517 -0.00719
463.638 -0.00527
463.759 -0.00666
463.879 -0.00837
464 -0.00818
464.12 -0.00687
464.241 -0.00611
464.361 -0.00602
464.482 -0.00564
464.602 -0.00488
464.723 -0.0047
464.844 -0.00539
464.964 -0.00602
465.085 -0.00573
465.205 -0.00501
465.326 -0.00494
465.446 -0.00579
465.567 -0.00686
465.687 -0.00748
465.808 -0.00765
465.928 -0.00763
466.049 -0.00735
466.17 -0.00643
466.29 -0.00483
466.411 -0.00316
466.531 -0.00239
466.652 -0.00317
466.772 -0.00513
466.893 -0.00708
467.013 -0.00803
467.134 -0.00813
467.255 -0.00835
467.375 -0.00915
467.496 -0.00978
467.616 -0.00919
467.737 -0.00752
467.857 -0.00598
467.978 -0.00543
468.098 -0.00557
468.219 -0.00569
468.34 -0.00567
468.46 -0.00585
468.581 -0.00629
468.701 -0.00665
468.822 -0.00679
468.942 -0.00716
469.063 -0.00823
469.183 -0.00988
469.304 -0.01136
469.424 -0.01184
469.545 -0.01104
469.666 -0.00951
469.786 -0.00835
469.907 -0.00841
470.027 -0.00956
470.148 -0.01078
470.268 -0.01113
470.389 -0.01039
470.509 -0.00905
470.63 -0.00776
470.751 -0.00703
470.871 -0.00704
470.992 -0.00749
471.112 -0.00769
471.233 -0.0072
471.353 -0.00632
471.474 -0.00582
471.594 -0.00611
471.715 -0.00684
471.836 -0.00725
471.956 -0.00691
472.077 -0.00594
472.197 -0.00485
472.318 -0.00419
472.438 -0.00419
472.559 -0.00449
472.679 -0.00433
472.8 -0.00338
472.92 -0.00234
473.041 -0.00243
473.162 -0.00411
473.282 -0.00646
473.403 -0.00806
473.523 -0.00843
473.644 -0.00817
473.764 -0.00797
473.885 -0.00788
474.005 -0.00776
474.126 -0.00774
474.247 -0.0079
474.367 -0.0078
474.488 -0.0069
474.608 -0.00542
474.729 -0.00429
474.849 -0.00415
474.97 -0.00478
475.09 -0.00544
475.211 -0.00576
475.331 -0.00587
475.452 -0.00588
475.573 -0.00571
475.693 -0.00534
475.814 -0.00499
475.934 -0.00495
476.055 -0.00527
476.175 -0.00581
476.296 -0.00642
476.416 -0.00692
476.537 -0.00692
476.658 -0.00606
476.778 -0.00466
476.899 -0.00383
477.019 -0.00438
477.14 -0.00568
477.26 -0.00622
477.381 -0.00532
477.501 -0.00388
477.622 -0.00317
477.742 -0.00337
477.863 -0.00375
477.984 -0.0041
478.104 -0.0049
478.225 -0.00616
478.345 -0.00697
478.466 -0.0067
478.586 -0.00608
478.707 -0.00621
478.827 -0.00697
478.948 -0.00718
479.069 -0.00629
479.189 -0.00526
479.31 -0.00543
479.43 -0.00699
479.551 -0.00874
479.671 -0.00936
479.792 -0.00861
479.912 -0.00736
480.033 -0.00673
480.154 -0.00714
480.274 -0.008
480.395 -0.00846
480.515 -0.00825
480.636 -0.0077
480.756 -0.00715
480.877 -0.0066
480.997 -0.00607
481.118 -0.00592
481.238 -0.00648
481.359 -0.00762
481.48 -0.00877
481.6 -0.00943
481.721 -0.00948
481.841 -0.00918
481.962 -0.00907
482.082 -0.00962
482.203 -0.01068
482.323 -0.01129
482.444 -0.01053
482.565 -0.00863
482.685 -0.00693
482.806 -0.0066
482.926 -0.00747
483.047 -0.00839
483.167 -0.00848
483.288 -0.00783
483.408 -0.00722
483.529 -0.00723
483.649 -0.00775
483.77 -0.00809
483.891 -0.0076
484.011 -0.00639
484.132 -0.00552
484.252 -0.00603
484.373 -0.00759
484.493 -0.00866
484.614 -0.00817
484.734 -0.00678
484.855 -0.00616
484.976 -0.00694
485.096 -0.00809
485.217 -0.00838
485.337 -0.00792
485.458 -0.00779
485.578 -0.00848
485.699 -0.00927
485.819 -0.00915
485.94 -0.00795
486.06 -0.00631
486.181 -0.00506
486.302 -0.00471
486.422 -0.00527
486.543 -0.00622
486.663 -0.00678
486.784 -0.00643
486.904 -0.00532
487.025 -0.004
487.145 -0.00287
487.266 -0.00216
487.387 -0.00215
487.507 -0.00304
487.628 -0.00458
487.748 -0.00599
487.869 -0.00656
487.989 -0.00621
488.11 -0.00558
488.23 -0.00539
488.351 -0.00577
488.471 -0.00629
488.592 -0.00647
488.713 -0.00631
488.833 -0.00614
488.954 -0.00602
489.074 -0.00564
489.195 -0.00482
489.315 -0.00404
489.436 -0.004
489.556 -0.00485
489.677 -0.00605
489.798 -0.00712
489.918 -0.00816
490.039 -0.00942
490.159 -0.01053
490.28 -0.01061
490.4 -0.00928
490.521 -0.00726
490.641 -0.00575
490.762 -0.00542
490.883 -0.00594
491.003 -0.0066
491.124 -0.00716
491.244 -0.00784
491.365 -0.00864
491.485 -0.00901
491.606 -0.00836
491.726 -0.0069
491.847 -0.00565
491.967 -0.0055
492.088 -0.00627
492.209 -0.00701
492.329 -0.00715
492.45 -0.00697
492.57 -0.00701
492.691 -0.0072
492.811 -0.0071
492.932 -0.00666
493.052 -0.00645
493.173 -0.00686
493.294 -0.0075
493.414 -0.00763
493.535 -0.00721
493.655 -0.00702
493.776 -0.00761
493.896 -0.00845
494.017 -0.00856
494.137 -0.00773
494.258 -0.00685
494.378 -0.00685
494.499 -0.00772
494.62 -0.00864
494.74 -0.00899
494.861 -0.00878
494.981 -0.00824
495.102 -0.00757
495.222 -0.0071
495.343 -0.00732
495.463 -0.00822
495.584 -0.0089
495.705 -0.00838
495.825 -0.00686
495.946 -0.00569
496.066 -0.00594
496.187 -0.00725
496.307 -0.00853
496.428 -0.00924
496.548 -0.00958
496.669 -0.00965
496.789 -0.00916
496.91 -0.00825
497.031 -0.00774
497.151 -0.00823
497.272 -0.0092
497.392 -0.00961
497.513 -0.00912
497.633 -0.00826
497.754 -0.00746
497.874 -0.0067
497.995 -0.00616
498.116 -0.00638
498.236 -0.0075
498.357 -0.00871
498.477 -0.00913
498.598 -0.00887
498.718 -0.00863
498.839 -0.00865
498.959 -0.00841
499.08 -0.00766
499.201 -0.00688
499.321 -0.00661
499.442 -0.00675
499.562 -0.00693
499.683 -0.00708
499.803 -0.00729
499.924 -0.00736
500.044 -0.00698
500.165 -0.00638
500.285 -0.0062
500.406 -0.00672
500.527 -0.00755
500.647 -0.0082
500.768 -0.00857
500.888 -0.00881
501.009 -0.00881
501.129 -0.00837
501.25 -0.00751
501.37 -0.00661
501.491 -0.00611
501.612 -0.00615
501.732 -0.00646
501.853 -0.00653
501.973 -0.00624
502.094 -0.00618
502.214 -0.00711
502.335 -0.00871
502.455 -0.00954
502.576 -0.00856
502.696 -0.00666
502.817 -0.00575
502.938 -0.00652
503.058 -0.00773
503.179 -0.0079
503.299 -0.00719
503.42 -0.00683
503.54 -0.00735
503.661 -0.00806
503.781 -0.00835
503.902 -0.00849
504.023 -0.00891
504.143 -0.00918
504.264 -0.00851
504.384 -0.00684
504.505 -0.00516
504.625 -0.00449
504.746 -0.00496
504.866 -0.00608
504.987 -0.00738
505.107 -0.00862
505.228 -0.00957
505.349 -0.00986
505.469 -0.00941
505.59 -0.00867
505.71 -0.00832
505.831 -0.0086
505.951 -0.00898
506.072 -0.00878
506.192 -0.008
506.313 -0.00741
506.434 -0.00775
506.554 -0.0089
506.675 -0.01001
506.795 -0.01037
506.916 -0.01
507.036 -0.00925
507.157 -0.00835
507.277 -0.00729
507.398 -0.00631
507.518 -0.00594
507.639 -0.00652
507.76 -0.0077
507.88 -0.00868
508.001 -0.00889
508.121 -0.00838
508.242 -0.00754
508.362 -0.00671
508.483 -0.00608
508.603 -0.00578
508.724 -0.00592
508.845 -0.0064
508.965 -0.00694
509.086 -0.00732
509.206 -0.00748
509.327 -0.00739
509.447 -0.00706
509.568 -0.0066
509.688 -0.0063
509.809 -0.00644
509.93 -0.00706
510.05 -0.00793
510.171 -0.00875
510.291 -0.00927
510.412 -0.00926
510.532 -0.00864
510.653 -0.00755
510.773 -0.00635
510.894 -0.00549
511.014 -0.00526
511.135 -0.00564
511.256 -0.00621
511.376 -0.00637
511.497 -0.00587
511.617 -0.00512
511.738 -0.00495
511.858 -0.00587
511.979 -0.00762
512.099 -0.00937
512.22 -0.01028
512.341 -0.01001
512.461 -0.00879
512.582 -0.0073
512.702 -0.00641
512.823 -0.00663
512.943 -0.00764
513.064 -0.00859
513.184 -0.00881
513.305 -0.00852
513.425 -0.00851
513.546 -0.00931
513.667 -0.0105
513.787 -0.01102
513.908 -0.01027
514.028 -0.00883
514.149 -0.00794
514.269 -0.00809
514.39 -0.00855
514.51 -0.00833
514.631 -0.00743
514.752 -0.00673
514.872 -0.00685
514.993 -0.00733
515.113 -0.00741
515.234 -0.00698
515.354 -0.00664
515.475 -0.00686
515.595 -0.00747
515.716 -0.00798
515.836 -0.00809
515.957 -0.00781
516.078 -0.00729
516.198 -0.00684
516.319 -0.00676
516.439 -0.00704
516.56 -0.0073
516.68 -0.00715
516.801 -0.00666
516.921 -0.00619
517.042 -0.00598
517.163 -0.00592
517.283 -0.00597
517.404 -0.00631
517.524 -0.00694
517.645 -0.00729
517.765 -0.00669
517.886 -0.00532
518.006 -0.0042
518.127 -0.00418
518.247 -0.00495
518.368 -0.00559
518.489 -0.00582
518.609 -0.00632
518.73 -0.00761
518.85 -0.00917
518.971 -0.01012
519.091 -0.01039
519.212 -0.01073
519.332 -0.01146
519.453 -0.01188
519.574 -0.01117
519.694 -0.00958
519.815 -0.00817
519.935 -0.00765
520.056 -0.0077
520.176 -0.00763
520.297 -0.00722
520.417 -0.00682
520.538 -0.00679
520.659 -0.00718
520.779 -0.00776
520.9 -0.00813
521.02 -0.00801
521.141 -0.00746
521.261 -0.00691
521.382 -0.00675
521.502 -0.00697
521.623 -0.00719
521.743 -0.00713
521.864 -0.00691
521.985 -0.00678
522.105 -0.00686
522.226 -0.00699
522.346 -0.00705
522.467 -0.00709
522.587 -0.0073
522.708 -0.00774
522.828 -0.00819
522.949 -0.0083
523.07 -0.00796
523.19 -0.00748
523.311 -0.00733
523.431 -0.00768
523.552 -0.00814
523.672 -0.00819
523.793 -0.0077
523.913 -0.00705
524.034 -0.00675
524.154 -0.00688
524.275 -0.00707
524.396 -0.00695
524.516 -0.00659
524.637 -0.00633
524.757 -0.00643
524.878 -0.00679
524.998 -0.00704
525.119 -0.00691
525.239 -0.0065
525.36 -0.00612
525.481 -0.00605
525.601 -0.00625
525.722 -0.00641
525.842 -0.0064
525.963 -0.00646
526.083 -0.0069
526.204 -0.00764
526.324 -0.00819
526.445 -0.00822
526.565 -0.00782
526.686 -0.00728
526.807 -0.00672
526.927 -0.0062
527.048 -0.00595
527.168 -0.00623
527.289 -0.00679
527.409 -0.00695
527.53 -0.0064
527.65 -0.00563
527.771 -0.00546
527.892 -0.0061
528.012 -0.00703
528.133 -0.00754
528.253 -0.00739
528.374 -0.00682
528.494 -0.00628
528.615 -0.00607
528.735 -0.00626
528.856 -0.00671
528.977 -0.0072
529.097 -0.00743
529.218 -0.007
529.338 -0.00568
529.459 -0.00397
529.579 -0.00309
529.7 -0.00392
529.82 -0.00582
529.941 -0.00705
530.061 -0.00661
530.182 -0.0054
530.303 -0.00512
530.423 -0.00641
530.544 -0.00836
530.664 -0.0098
530.785 -0.01047
530.905 -0.01063
531.026 -0.01017
531.146 -0.00874
531.267 -0.00674
531.388 -0.0054
531.508 -0.00554
531.629 -0.00657
531.749 -0.00701
531.87 -0.00614
531.99 -0.00475
532.111 -0.00422
532.231 -0.00506
532.352 -0.00652
532.473 -0.00754
532.593 -0.0077
532.714 -0.00725
532.834 -0.00649
532.955 -0.00562
533.075 -0.00498
533.196 -0.00525
533.316 -0.00678
533.437 -0.00903
533.557 -0.01074
533.678 -0.01095
533.799 -0.00987
533.919 -0.00855
534.04 -0.00803
534.16 -0.00847
534.281 -0.00915
534.401 -0.00914
534.522 -0.00812
534.642 -0.00661
534.763 -0.00558
534.884 -0.00561
535.004 -0.00652
535.125 -0.00759
535.245 -0.00822
535.366 -0.00834
535.486 -0.00831
535.607 -0.00854
535.727 -0.00912
535.848 -0.00972
535.969 -0.00988
536.089 -0.00941
536.21 -0.00856
536.33 -0.00773
536.451 -0.00711
536.571 -0.00669
536.692 -0.00642
536.812 -0.00635
536.933 -0.00641
537.053 -0.00639
537.174 -0.00626
537.295 -0.00636
537.415 -0.00702
537.536 -0.00818
537.656 -0.00937
537.777 -0.01012
537.897 -0.0103
538.018 -0.01004
538.138 -0.00969
538.259 -0.00957
538.38 -0.00972
538.5 -0.00973
538.621 -0.00909
538.741 -0.0079
538.862 -0.00683
538.982 -0.00643
539.103 -0.00656
539.223 -0.00679
539.344 -0.00697
539.464 -0.00728
539.585 -0.00773
539.706 -0.00811
539.826 -0.00825
539.947 -0.00816
540.067 -0.00774
540.188 -0.00682
540.308 -0.00561
540.429 -0.00485
540.549 -0.00518
540.67 -0.00644
540.791 -0.00779
540.911 -0.00857
541.032 -0.00873
541.152 -0.00852
541.273 -0.00805
541.393 -0.00727
541.514 -0.00637
541.634 -0.00579
541.755 -0.00593
541.875 -0.00672
541.996 -0.00773
542.117 -0.0086
542.237 -0.00915
542.358 -0.00929
542.478 -0.00886
542.599 -0.00791
542.719 -0.0069
542.84 -0.00652
542.96 -0.00691
543.081 -0.00746
543.202 -0.00741
543.322 -0.00668
543.443 -0.00581
543.563 -0.0053
543.684 -0.0052
543.804 -0.0053
543.925 -0.00537
544.045 -0.00526
544.166 -0.0049
544.286 -0.00451
544.407 -0.00459
544.528 -0.00546
544.648 -0.00682
544.769 -0.00797
544.889 -0.00834
545.01 -0.00781
545.13 -0.00673
545.251 -0.00577
545.371 -0.00569
545.492 -0.00675
545.613 -0.00822
545.733 -0.00896
545.854 -0.00851
545.974 -0.00762
546.095 -0.00727
546.215 -0.00758
546.336 -0.00778
546.456 -0.0074
546.577 -0.00684
546.698 -0.00671
546.818 -0.00699
546.939 -0.00713
547.059 -0.00689
547.18 -0.00667
547.3 -0.00693
547.421 -0.0076
547.541 -0.00827
547.662 -0.00864
547.782 -0.00858
547.903 -0.00799
548.024 -0.00693
548.144 -0.0058
548.265 -0.00524
548.385 -0.00553
548.506 -0.00627
548.626 -0.00681
548.747 -0.00691
548.867 -0.00685
548.988 -0.00702
549.109 -0.00743
549.229 -0.00773
549.35 -0.00765
549.47 -0.00724
549.591 -0.00679
549.711 -0.00661
549.832 -0.00683
549.952 -0.00739
550.073 -0.00803
550.193 -0.00837
550.314 -0.00814
550.435 -0.00741
550.555 -0.00664
550.676 -0.00634
550.796 -0.00664
550.917 -0.00731
551.037 -0.0081
551.158 -0.0089
551.278 -0.00959
551.399 -0.00995
551.52 -0.00992
551.64 -0.00984
551.761 -0.00998
551.881 -0.01004
552.002 -0.00946
552.122 -0.0083
552.243 -0.00752
552.363 -0.00793
552.484 -0.00916
552.604 -0.00991
552.725 -0.00936
552.846 -0.00792
552.966 -0.00666
553.087 -0.00621
553.207 -0.0066
553.328 -0.00759
553.448 -0.00894
553.569 -0.01017
553.689 -0.01056
553.81 -0.00982
553.931 -0.00853
554.051 -0.00767
554.172 -0.00774
554.292 -0.00832
554.413 -0.00867
554.533 -0.00845
554.654 -0.00791
554.774 -0.00754
554.895 -0.00762
555.016 -0.00812
555.136 -0.00872
555.257 -0.00891
555.377 -0.00842
555.498 -0.00753
555.618 -0.00694
555.739 -0.00704
555.859 -0.00751
555.98 -0.00768
556.1 -0.00734
556.221 -0.00702
556.342 -0.00724
556.462 -0.00798
556.583 -0.00876
556.703 -0.00924
556.824 -0.00945
556.944 -0.00942
557.065 -0.00909
557.185 -0.00848
557.306 -0.0079
557.427 -0.00763
557.547 -0.00751
557.668 -0.0072
557.788 -0.00671
557.909 -0.00649
558.029 -0.00681
558.15 -0.00738
558.27 -0.00774
558.391 -0.00791
558.511 -0.0083
558.632 -0.00912
558.753 -0.00996
558.873 -0.01026
558.994 -0.00978
559.114 -0.00879
559.235 -0.00783
559.355 -0.00738
559.476 -0.00765
559.596 -0.00833
559.717 -0.00878
559.838 -0.00858
559.958 -0.00788
560.079 -0.00714
560.199 -0.00669
560.32 -0.00657
560.44 -0.00679
560.561 -0.00735
560.681 -0.00809
560.802 -0.00874
560.922 -0.00913
561.043 -0.00927
561.164 -0.00922
561.284 -0.00904
561.405 -0.00889
561.525 -0.00894
561.646 -0.00897
561.766 -0.00855
561.887 -0.00768
562.007 -0.00704
562.128 -0.00728
562.249 -0.00814
562.369 -0.0087
562.49 -0.00848
562.61 -0.00789
562.731 -0.0076
562.851 -0.00774
562.972 -0.00796
563.092 -0.00794
563.213 -0.00768
563.333 -0.00733
563.454 -0.00714
563.575 -0.00734
563.695 -0.00798
563.816 -0.00882
563.936 -0.00952
564.057 -0.01
564.177 -0.01026
564.298 -0.01009
564.418 -0.00925
564.539 -0.00805
564.66 -0.00722
564.78 -0.00712
564.901 -0.00734
565.021 -0.00735
565.142 -0.00721
565.262 -0.00732
565.383 -0.00765
565.503 -0.00778
565.624 -0.00767
565.745 -0.00783
565.865 -0.00854
565.986 -0.00915
566.106 -0.00881
566.227 -0.00766
566.347 -0.00681
566.468 -0.00701
566.588 -0.00788
566.709 -0.00846
566.829 -0.00829
566.95 -0.00777
567.071 -0.00742
567.191 -0.00731
567.312 -0.00724
567.432 -0.00711
567.553 -0.00701
567.673 -0.00701
567.794 -0.00693
567.914 -0.00655
568.035 -0.00599
568.156 -0.00579
568.276 -0.00654
568.397 -0.00812
568.517 -0.0096
568.638 -0.01005
568.758 -0.00936
568.879 -0.00825
568.999 -0.00742
569.12 -0.00712
569.24 -0.00723
569.361 -0.00766
569.482 -0.00831
569.602 -0.00893
569.723 -0.00921
569.843 -0.00912
569.964 -0.00888
570.084 -0.00864
570.205 -0.00837
570.325 -0.00802
570.446 -0.00767
570.567 -0.00745
570.687 -0.00741
570.808 -0.00746
570.928 -0.00744
571.049 -0.00725
571.169 -0.00696
571.29 -0.00684
571.41 -0.00708
571.531 -0.00752
571.651 -0.00787
571.772 -0.00806
571.893 -0.00826
572.013 -0.00853
572.134 -0.00859
572.254 -0.0082
572.375 -0.00747
572.495 -0.00676
572.616 -0.00632
572.736 -0.00621
572.857 -0.00635
572.978 -0.00657
573.098 -0.00667
573.219 -0.00666
573.339 -0.00682
573.46 -0.00745
573.58 -0.0084
573.701 -0.0091
573.821 -0.00914
573.942 -0.00864
574.062 -0.00818
574.183 -0.0083
574.304 -0.00912
574.424 -0.01019
574.545 -0.01079
574.665 -0.01046
574.786 -0.00954
574.906 -0.00883
575.027 -0.00888
575.147 -0.00949
575.268 -0.00993
575.389 -0.00972
575.509 -0.00899
575.63 -0.00823
575.75 -0.00779
575.871 -0.00755
575.991 -0.00722
576.112 -0.00684
576.232 -0.00686
576.353 -0.00755
576.474 -0.00842
576.594 -0.00853
576.715 -0.00754
576.835 -0.00621
576.956 -0.00567
577.076 -0.00628
577.197 -0.00742
577.317 -0.00817
577.438 -0.00819
577.558 -0.00776
577.679 -0.00739
577.8 -0.00745
577.92 -0.00793
578.041 -0.00863
578.161 -0.0093
578.282 -0.00982
578.402 -0.01013
578.523 -0.0101
578.643 -0.00966
578.764 -0.00897
578.885 -0.00838
579.005 -0.00807
579.126 -0.008
579.246 -0.00811
579.367 -0.00842
579.487 -0.00878
579.608 -0.00884
579.728 -0.00851
579.849 -0.00818
579.969 -0.00825
580.09 -0.00854
580.211 -0.00855
580.331 -0.0082
580.452 -0.00791
580.572 -0.008
580.693 -0.00821
580.813 -0.00816
580.934 -0.00784
581.054 -0.00758
581.175 -0.00752
581.296 -0.00757
581.416 -0.00772
581.537 -0.00808
581.657 -0.00859
581.778 -0.00894
581.898 -0.00889
582.019 -0.00856
582.139 -0.00823
582.26 -0.00808
582.38 -0.00819
582.501 -0.00859
582.622 -0.00927
582.742 -0.00999
582.863 -0.01036
582.983 -0.01017
583.104 -0.00962
583.224 -0.00912
583.345 -0.00893
583.465 -0.00897
583.586 -0.009
583.707 -0.0089
583.827 -0.00865
583.948 -0.00828
584.068 -0.0078
584.189 -0.00733
584.309 -0.00704
584.43 -0.00698
584.55 -0.00695
584.671 -0.00688
584.792 -0.00706
584.912 -0.00795
585.033 -0.00942
585.153 -0.01071
585.274 -0.01103
585.394 -0.01033
585.515 -0.00925
585.635 -0.00834
585.756 -0.00776
585.876 -0.00753
585.997 -0.00769
586.118 -0.0081
586.238 -0.00835
586.359 -0.00822
586.479 -0.00797
586.6 -0.00806
586.72 -0.00851
586.841 -0.00894
586.961 -0.00907
587.082 -0.00899
587.203 -0.00884
587.323 -0.00858
587.444 -0.0083
587.564 -0.00835
587.685 -0.00888
587.805 -0.00944
587.926 -0.00935
588.046 -0.00847
588.167 -0.00737
588.287 -0.00669
588.408 -0.00656
588.529 -0.00681
588.649 -0.0073
588.77 -0.00791
588.89 -0.0083
589.011 -0.00808
589.131 -0.00732
589.252 -0.00666
589.372 -0.00672
589.493 -0.00755
589.614 -0.00862
589.734 -0.00938
589.855 -0.00971
589.975 -0.00973
590.096 -0.0095
590.216 -0.00912
590.337 -0.0089
590.457 -0.00919
590.578 -0.00989
590.698 -0.01037
590.819 -0.01014
590.94 -0.00942
591.06 -0.00892
591.181 -0.00902
591.301 -0.00941
591.422 -0.00954
591.542 -0.00929
591.663 -0.00896
591.783 -0.0088
591.904 -0.00873
592.025 -0.00855
592.145 -0.00832
592.266 -0.00817
592.386 -0.00805
592.507 -0.00768
592.627 -0.00708
592.748 -0.0067
592.868 -0.00706
592.989 -0.00807
593.109 -0.00902
593.23 -0.00931
593.351 -0.00899
593.471 -0.00855
593.592 -0.00831
593.712 -0.00832
593.833 -0.00858
593.953 -0.00903
594.074 -0.00938
594.194 -0.00926
594.315 -0.00871
594.436 -0.00824
594.556 -0.00815
594.677 -0.0082
594.797 -0.00801
594.918 -0.00774
595.038 -0.00781
595.159 -0.00825
595.279 -0.00864
595.4 -0.0088
595.521 -0.00904
595.641 -0.00962
595.762 -0.01018
595.882 -0.01011
596.003 -0.00927
596.123 -0.00822
596.244 -0.00766
596.364 -0.0079
596.485 -0.00877
596.605 -0.00985
596.726 -0.01069
596.847 -0.01096
596.967 -0.0106
597.088 -0.00984
597.208 -0.00909
597.329 -0.00875
597.449 -0.00906
597.57 -0.00992
597.69 -0.0109
597.811 -0.01145
597.932 -0.01126
598.052 -0.01052
598.173 -0.00973
598.293 -0.00935
598.414 -0.00947
598.534 -0.00983
598.655 -0.01009
598.775 -0.01012
598.896 -0.01012
599.016 -0.01029
599.137 -0.0106
599.258 -0.01079
599.378 -0.01067
599.499 -0.01031
599.619 -0.00997
599.74 -0.00977
599.86 -0.00955
599.981 -0.00915
600.101 -0.00866
600.222 -0.00841
600.343 -0.0086
600.463 -0.00901
600.584 -0.00923
600.704 -0.0091
600.825 -0.00885
600.945 -0.0088
601.066 -0.00894
601.186 -0.00899
601.307 -0.00874
601.427 -0.00838
601.548 -0.00818
601.669 -0.00826
601.789 -0.0085
601.91 -0.00875
602.03 -0.00899
602.151 -0.00917
602.271 -0.0092
602.392 -0.00895
602.512 -0.00852
602.633 -0.00818
602.754 -0.00805
602.874 -0.00795
602.995 -0.00755
603.115 -0.00693
603.236 -0.00665
603.356 -0.00721
603.477 -0.00852
603.597 -0.0099
603.718 -0.01069
603.839 -0.01073
603.959 -0.0103
604.08 -0.00971
604.2 -0.00927
604.321 -0.00924
604.441 -0.00971
604.562 -0.0104
604.682 -0.01079
604.803 -0.01059
604.923 -0.00989
605.044 -0.00899
605.165 -0.00815
605.285 -0.00762
605.406 -0.00758
605.526 -0.00804
605.647 -0.00863
605.767 -0.00888
605.888 -0.00857
606.008 -0.008
606.129 -0.00776
606.25 -0.00829
606.37 -0.00942
606.491 -0.01042
606.611 -0.01054
606.732 -0.00977
606.852 -0.00891
606.973 -0.00873
607.093 -0.00914
607.214 -0.00938
607.334 -0.00898
607.455 -0.00827
607.576 -0.00782
607.696 -0.00777
607.817 -0.00787
607.937 -0.00805
608.058 -0.00845
608.178 -0.009
608.299 -0.00928
608.419 -0.00901
608.54 -0.00843
608.661 -0.00807
608.781 -0.00821
608.902 -0.00882
609.022 -0.00968
609.143 -0.01048
609.263 -0.01096
609.384 -0.01104
609.504 -0.01099
609.625 -0.01112
609.745 -0.01128
609.866 -0.01109
609.987 -0.01049
610.107 -0.00995
610.228 -0.00981
610.348 -0.00972
610.469 -0.00912
610.589 -0.00804
610.71 -0.00719
610.83 -0.00708
610.951 -0.00747
611.072 -0.00777
611.192 -0.0079
611.313 -0.00825
611.433 -0.00907
611.554 -0.00999
611.674 -0.01049
611.795 -0.01043
611.915 -0.01009
612.036 -0.00971
612.157 -0.00943
612.277 -0.00954
612.398 -0.01037
612.518 -0.01166
612.639 -0.01246
612.759 -0.01188
612.88 -0.01016
613 -0.00855
613.121 -0.00825
613.241 -0.00928
613.362 -0.01064
613.483 -0.01133
613.603 -0.01109
613.724 -0.01035
613.844 -0.00971
613.965 -0.00954
614.085 -0.00989
614.206 -0.01049
614.326 -0.01084
614.447 -0.01055
614.568 -0.00966
614.688 -0.00887
614.809 -0.00897
614.929 -0.01013
615.05 -0.01159
615.17 -0.01237
615.291 -0.01219
615.411 -0.01166
615.532 -0.01141
615.653 -0.01147
615.773 -0.01151
615.894 -0.01147
616.014 -0.01155
616.135 -0.01168
616.255 -0.01139
616.376 -0.01045
616.496 -0.00934
616.617 -0.0089
616.737 -0.00944
616.858 -0.01045
616.979 -0.01117
617.099 -0.01129
617.22 -0.01101
617.34 -0.0107
617.461 -0.01054
617.581 -0.01059
617.702 -0.01089
617.822 -0.01134
617.943 -0.01159
618.064 -0.01121
618.184 -0.01009
618.305 -0.00876
618.425 -0.00804
618.546 -0.00841
618.666 -0.00958
618.787 -0.01079
618.907 -0.01141
619.028 -0.01135
619.148 -0.01088
619.269 -0.01038
619.39 -0.01006
619.51 -0.01
619.631 -0.01015
619.751 -0.01032
619.872 -0.0103
619.992 -0.00995
620.113 -0.00946
620.233 -0.00924
620.354 -0.00961
620.475 -0.01044
620.595 -0.01113
620.716 -0.01113
620.836 -0.01048
620.957 -0.00975
621.077 -0.00955
621.198 -0.00997
621.318 -0.01061
621.439 -0.01098
621.56 -0.01093
621.68 -0.01066
621.801 -0.01042
621.921 -0.01024
622.042 -0.00998
622.162 -0.00963
622.283 -0.00947
622.403 -0.0097
622.524 -0.01016
622.644 -0.01042
622.765 -0.01035
622.886 -0.01031
623.006 -0.01073
623.127 -0.01155
623.247 -0.01226
623.368 -0.01237
623.488 -0.01174
623.609 -0.01069
623.729 -0.00976
623.85 -0.00942
623.971 -0.0098
624.091 -0.0104
624.212 -0.01052
624.332 -0.00999
624.453 -0.00932
624.573 -0.00915
624.694 -0.0096
624.814 -0.01029
624.935 -0.01089
625.055 -0.01129
625.176 -0.01142
625.297 -0.01121
625.417 -0.01088
625.538 -0.01094
625.658 -0.01169
625.779 -0.01277
625.899 -0.01348
626.02 -0.01342
626.14 -0.01273
626.261 -0.01181
626.382 -0.01102
626.502 -0.01059
626.623 -0.01059
626.743 -0.01078
626.864 -0.01079
626.984 -0.01048
627.105 -0.01023
627.225 -0.01047
627.346 -0.01123
627.466 -0.01204
627.587 -0.01236
627.708 -0.01202
627.828 -0.01122
627.949 -0.01047
628.069 -0.0102
628.19 -0.01052
628.31 -0.01113
628.431 -0.01159
628.551 -0.01177
628.672 -0.01181
628.793 -0.01182
628.913 -0.01178
629.034 -0.01175
629.154 -0.01191
629.275 -0.0123
629.395 -0.01259
629.516 -0.01239
629.636 -0.01176
629.757 -0.0112
629.878 -0.01112
629.998 -0.01138
630.119 -0.01152
630.239 -0.0112
630.36 -0.01055
630.48 -0.00998
630.601 -0.00981
630.721 -0.01006
630.842 -0.01064
630.962 -0.01139
631.083 -0.01208
631.204 -0.01227
631.324 -0.0117
631.445 -0.01076
631.565 -0.01028
631.686 -0.01072
631.806 -0.01163
631.927 -0.01213
632.047 -0.0119
632.168 -0.01137
632.289 -0.01104
632.409 -0.01104
632.53 -0.0113
632.65 -0.0118
632.771 -0.0124
632.891 -0.01266
633.012 -0.01225
633.132 -0.01141
633.253 -0.0108
633.373 -0.01087
633.494 -0.01143
633.615 -0.01195
633.735 -0.01199
633.856 -0.01149
633.976 -0.01071
634.097 -0.01014
634.217 -0.01014
634.338 -0.01068
634.458 -0.01132
634.579 -0.0116
634.7 -0.01145
634.82 -0.01111
634.941 -0.01076
635.061 -0.01039
635.182 -0.00996
635.302 -0.00956
635.423 -0.00936
635.543 -0.00952
635.664 -0.01011
635.784 -0.01114
635.905 -0.01238
636.026 -0.01337
636.146 -0.01374
636.267 -0.01359
636.387 -0.01332
636.508 -0.01305
636.628 -0.01247
636.749 -0.01141
636.869 -0.01044
636.99 -0.01043
637.111 -0.01159
637.231 -0.01314
637.352 -0.01414
637.472 -0.01433
637.593 -0.0142
637.713 -0.01431
637.834 -0.01488
637.954 -0.01573
638.075 -0.01635
638.195 -0.01616
638.316 -0.01501
638.437 -0.01352
638.557 -0.01258
638.678 -0.01253
638.798 -0.01293
638.919 -0.01322
639.039 -0.01316
639.16 -0.01268
639.28 -0.01175
639.401 -0.01052
639.522 -0.00959
639.642 -0.00949
639.763 -0.01006
639.883 -0.01063
640.004 -0.01076
640.124 -0.01065
640.245 -0.01076
640.365 -0.01117
640.486 -0.01161
640.607 -0.01183
640.727 -0.01189
640.848 -0.01202
640.968 -0.01235
641.089 -0.0127
641.209 -0.01277
641.33 -0.01247
641.45 -0.01205
641.571 -0.01177
641.691 -0.01145
641.812 -0.01073
641.933 -0.00971
642.053 -0.00914
642.174 -0.00963
642.294 -0.01094
642.415 -0.0122
642.535 -0.01288
642.656 -0.01311
642.776 -0.01317
642.897 -0.01298
643.018 -0.01238
643.138 -0.01168
643.259 -0.01142
643.379 -0.01177
643.5 -0.0123
643.62 -0.01245
643.741 -0.0122
643.861 -0.01194
643.982 -0.012
644.102 -0.01232
644.223 -0.01265
644.344 -0.01272
644.464 -0.01236
644.585 -0.01145
644.705 -0.01015
644.826 -0.00899
644.946 -0.00866
645.067 -0.00932
645.187 -0.0104
645.308 -0.01104
645.429 -0.011
645.549 -0.01084
645.67 -0.01124
645.79 -0.01227
645.911 -0.01344
646.031 -0.01424
646.152 -0.0146
646.272 -0.01465
646.393 -0.01444
646.513 -0.01409
646.634 -0.0139
646.755 -0.01424
646.875 -0.01502
646.996 -0.01566
647.116 -0.01556
647.237 -0.01475
647.357 -0.01383
647.478 -0.0135
647.598 -0.01396
647.719 -0.01484
647.84 -0.0156
647.96 -0.0159
648.081 -0.01571
648.201 -0.01518
648.322 -0.01448
648.442 -0.01395
648.563 -0.01397
648.683 -0.01462
648.804 -0.0154
648.924 -0.01558
649.045 -0.015
649.166 -0.01435
649.286 -0.01449
649.407 -0.01552
649.527 -0.01676
649.648 -0.01743
649.768 -0.01746
649.889 -0.01731
650.009 -0.01751
650.13 -0.01817
650.251 -0.01905
650.371 -0.01981
650.492 -0.02026
650.612 -0.02044
650.733 -0.02048
650.853 -0.02047
650.974 -0.02051
651.094 -0.02084
651.215 -0.02163
651.336 -0.02274
651.456 -0.02366
651.577 -0.02411
651.697 -0.02436
651.818 -0.02504
651.938 -0.0264
652.059 -0.02817
652.179 -0.02974
652.3 -0.03067
652.42 -0.03076
652.541 -0.03004
652.662 -0.02864
652.782 -0.0267
652.903 -0.02426
653.023 -0.02125
653.144 -0.01771
653.264 -0.01377
653.385 -0.00955
653.505 -0.00498
653.626 1.24648E-4
653.747 0.006
653.867 0.01306
653.988 0.02184
654.108 0.03245
654.229 0.04387
654.349 0.05404
654.47 0.06098
654.59 0.06402
654.711 0.06382
654.831 0.06152
654.952 0.05783
655.073 0.05292
655.193 0.04685
655.314 0.03989
655.434 0.03256
655.555 0.02542
655.675 0.01898
655.796 0.01359
655.916 0.00932
656.037 0.00569
656.158 0.00183
656.278 -0.00277
656.399 -0.00771
656.519 -0.01184
656.64 -0.01442
656.76 -0.01572
656.881 -0.01655
657.001 -0.01749
657.122 -0.01859
657.242 -0.01981
657.363 -0.02102
657.484 -0.02181
657.604 -0.0216
657.725 -0.02027
657.845 -0.01836
657.966 -0.0165
658.086 -0.01472
658.207 -0.01253
658.327 -0.00945
658.448 -0.00527
658.569 2.2332E-4
658.689 0.00719
658.81 0.01539
658.93 0.02398
659.051 0.03193
659.171 0.03866
659.292 0.04433
659.412 0.04937
659.533 0.05383
659.654 0.05738
659.774 0.05969
659.895 0.06084
660.015 0.06115
660.136 0.06079
660.256 0.05982
660.377 0.05842
660.497 0.05689
660.618 0.05535
660.738 0.05345
660.859 0.05077
660.98 0.04741
661.1 0.04409
661.221 0.0415
661.341 0.03962
661.462 0.0379
661.582 0.036
661.703 0.03417
661.823 0.03282
661.944 0.03194
662.065 0.03101
662.185 0.02948
662.306 0.02727
662.426 0.02476
662.547 0.02246
662.667 0.02068
662.788 0.01959
662.908 0.0191
663.029 0.01884
663.149 0.01829
663.27 0.0172
663.391 0.01594
663.511 0.01504
663.632 0.01467
663.752 0.01437
663.873 0.01365
663.993 0.01257
664.114 0.01153
664.234 0.01072
664.355 0.00991
664.476 0.00894
664.596 0.00808
664.717 0.0077
664.837 0.00771
664.958 0.00765
665.078 0.00716
665.199 0.00634
665.319 0.00548
665.44 0.00472
665.56 0.00402
665.681 0.00337
665.802 0.0028
665.922 0.00235
666.043 0.00202
666.163 0.0019
666.284 0.00213
666.404 0.00254
666.525 0.00268
666.645 0.00211
666.766 9.3139E-4
666.887 -1.66748E-4
667.007 -4.66779E-4
667.128 2.65986E-5
667.248 4.37334E-4
667.369 -2.62123E-4
667.489 -0.00232
667.61 -0.00484
667.73 -0.00656
667.851 -0.00699
667.971 -0.00666
668.092 -0.00618
668.213 -0.00564
668.333 -0.00494
668.454 -0.00428
668.574 -0.00411
668.695 -0.00462
668.815 -0.00552
668.936 -0.00626
669.056 -0.00647
669.177 -0.00618
669.298 -0.00575
669.418 -0.00566
669.539 -0.00621
669.659 -0.00726
669.78 -0.00824
669.9 -0.00852
670.021 -0.00791
670.141 -0.00677
670.262 -0.00568
670.383 -0.0051
670.503 -0.0052
670.624 -0.00583
670.744 -0.00659
670.865 -0.00713
670.985 -0.00747
671.106 -0.00795
671.226 -0.00883
671.347 -0.00981
671.467 -0.01027
671.588 -0.0099
671.709 -0.00913
671.829 -0.00869
671.95 -0.0089
672.07 -0.00935
672.191 -0.00946
672.311 -0.00918
672.432 -0.00902
672.552 -0.00941
672.673 -0.01018
672.794 -0.01077
672.914 -0.01093
673.035 -0.01101
673.155 -0.01137
673.276 -0.01184
673.396 -0.01194
673.517 -0.01167
673.637 -0.01163
673.758 -0.01228
673.878 -0.01328
673.999 -0.01388
674.12 -0.01377
674.24 -0.01331
674.361 -0.01295
674.481 -0.01283
674.602 -0.01296
674.722 -0.0134
674.843 -0.01406
674.963 -0.01457
675.084 -0.01469
675.205 -0.01464
675.325 -0.01481
675.446 -0.01521
675.566 -0.01545
675.687 -0.01533
675.807 -0.01498
675.928 -0.01456
676.048 -0.01403
676.169 -0.01338
676.289 -0.0128
676.41 -0.01236
676.531 -0.01188
676.651 -0.01128
676.772 -0.01076
676.892 -0.0104
677.013 -0.00974
677.133 -0.00815
677.254 -0.00578
677.374 -0.0036
677.495 -0.00252
677.616 -0.00255
677.736 -0.00296
677.857 -0.00307
677.977 -0.00274
678.098 -0.00226
678.218 -0.00201
678.339 -0.00213
678.459 -0.0025
678.58 -0.00273
678.701 -0.0026
678.821 -0.00228
678.942 -0.0022
679.062 -0.00249
679.183 -0.00292
679.303 -0.00318
679.424 -0.00327
679.544 -0.00335
679.665 -0.00346
679.785 -0.0034
679.906 -0.00306
680.027 -0.00259
680.147 -0.00231
680.268 -0.0025
680.388 -0.00319
680.509 -0.0042
680.629 -0.00515
680.75 -0.0056
680.87 -0.00537
680.991 -0.00473
681.112 -0.00422
681.232 -0.0042
681.353 -0.0046
681.473 -0.00511
681.594 -0.0055
681.714 -0.00574
681.835 -0.0058
681.955 -0.00569
682.076 -0.00557
682.196 -0.0057
682.317 -0.00609
682.438 -0.00637
682.558 -0.00617
682.679 -0.00555
682.799 -0.00499
682.92 -0.00495
683.04 -0.00543
683.161 -0.00603
683.281 -0.00628
683.402 -0.00602
683.523 -0.00544
683.643 -0.00492
683.764 -0.00475
683.884 -0.0049
684.005 -0.0051
684.125 -0.00511
684.246 -0.00488
684.366 -0.00463
684.487 -0.00462
684.607 -0.00497
684.728 -0.00557
684.849 -0.00613
684.969 -0.00646
685.09 -0.00656
685.21 -0.00657
685.331 -0.00656
685.451 -0.00656
685.572 -0.00663
685.692 -0.00678
685.813 -0.00694
685.934 -0.00701
686.054 -0.0071
686.175 -0.00736
686.295 -0.00772
686.416 -0.00778
686.536 -0.00728
686.657 -0.00641
686.777 -0.00566
686.898 -0.0054
687.018 -0.00559
687.139 -0.00595
687.26 -0.00617
687.38 -0.0061
687.501 -0.00587
687.621 -0.00588
687.742 -0.00637
687.862 -0.00701
687.983 -0.00711
688.103 -0.00641
688.224 -0.00544
688.345 -0.00499
688.465 -0.00529
688.586 -0.00586
688.706 -0.00616
688.827 -0.00608
688.947 -0.00584
689.068 -0.00564
689.188 -0.00546
689.309 -0.00529
689.43 -0.00516
689.55 -0.00511
689.671 -0.00517
689.791 -0.00541
689.912 -0.00583
690.032 -0.00633
690.153 -0.00673
690.273 -0.0069
690.394 -0.00683
690.514 -0.00661
690.635 -0.00644
690.756 -0.0065
690.876 -0.00683
690.997 -0.0071
691.117 -0.0069
691.238 -0.00625
691.358 -0.00567
691.479 -0.00563
691.599 -0.00601
691.72 -0.00628
691.841 -0.00617
691.961 -0.0059
692.082 -0.00584
692.202 -0.00603
692.323 -0.00629
692.443 -0.00659
692.564 -0.00706
692.684 -0.00763
692.805 -0.00783
692.925 -0.00728
693.046 -0.00622
693.167 -0.00543
693.287 -0.0055
693.408 -0.00631
693.528 -0.00717
693.649 -0.00754
693.769 -0.00735
693.89 -0.00695
694.01 -0.00664
694.131 -0.00655
694.252 -0.00673
694.372 -0.00714
694.493 -0.00762
694.613 -0.00789
694.734 -0.00776
694.854 -0.00741
694.975 -0.00728
695.095 -0.00764
695.216 -0.00835
695.337 -0.00892
695.457 -0.00896
695.578 -0.00845
695.698 -0.00774
695.819 -0.00722
695.939 -0.00698
696.06 -0.00687
696.18 -0.00672
696.301 -0.0065
696.421 -0.00624
696.542 -0.00594
696.663 -0.00568
696.783 -0.00574
696.904 -0.00634
697.024 -0.00725
697.145 -0.00783
697.265 -0.00768
697.386 -0.00707
697.506 -0.00674
697.627 -0.00707
697.748 -0.00774
697.868 -0.00813
697.989 -0.00801
698.109 -0.00769
698.23 -0.00768
698.35 -0.00808
698.471 -0.00852
698.591 -0.00855
698.712 -0.00808
698.833 -0.00751
698.953 -0.00723
699.074 -0.00728
699.194 -0.00733
699.315 -0.0071
699.435 -0.00664
699.556 -0.00625
699.676 -0.0062
699.797 -0.00657
699.917 -0.00711
700.038 -0.00737
700.159 -0.00702
700.279 -0.00633
700.4 -0.00585
700.52 -0.00586
700.641 -0.00604
700.761 -0.00609
700.882 -0.00615
701.002 -0.00652
701.123 -0.00704
701.244 -0.00727
701.364 -0.00713
701.485 -0.00681
701.605 -0.0059
701.726 -0.00361
701.846 -2.87216E-4
701.967 0.00188
702.087 7.46127E-4
702.208 -0.00321
702.328 -0.00715
702.449 -0.00878
702.57 -0.0084
702.69 -0.00785
702.811 -0.00813
702.931 -0.00871
703.052 -0.00888
703.172 -0.0087
703.293 -0.00863
703.413 -0.00872
703.534 -0.0087
703.655 -0.00853
703.775 -0.00838
703.896 -0.0084
704.016 -0.00858
704.137 -0.00885
704.257 -0.00909
704.378 -0.00907
704.498 -0.00874
704.619 -0.00838
704.74 -0.00832
704.86 -0.00847
704.981 -0.00844
705.101 -0.00814
705.222 -0.00789
705.342 -0.00799
705.463 -0.00826
705.583 -0.00838
705.704 -0.00839
705.824 -0.00855
705.945 -0.00889
706.066 -0.00912
706.186 -0.00906
706.307 -0.00879
706.427 -0.00857
706.548 -0.00851
706.668 -0.00861
706.789 -0.00876
706.909 -0.00886
707.03 -0.00881
707.151 -0.0087
707.271 -0.00876
707.392 -0.00904
707.512 -0.00933
707.633 -0.0094
707.753 -0.00924
707.874 -0.00895
707.994 -0.00848
708.115 -0.00784
708.235 -0.00734
708.356 -0.00745
708.477 -0.00811
708.597 -0.0087
708.718 -0.00867
708.838 -0.00814
708.959 -0.00774
709.079 -0.00777
709.2 -0.00803
709.32 -0.00818
709.441 -0.00819
709.562 -0.0083
709.682 -0.0086
709.803 -0.00892
709.923 -0.00901
710.044 -0.00878
710.164 -0.00844
710.285 -0.00828
710.405 -0.00836
710.526 -0.00844
710.646 -0.00828
710.767 -0.00802
710.888 -0.00799
711.008 -0.00826
711.129 -0.00846
711.249 -0.0082
711.37 -0.00762
711.49 -0.00725
711.611 -0.00744
711.731 -0.00811
711.852 -0.00893
711.973 -0.00963
712.093 -0.01006
712.214 -0.01012
712.334 -0.00978
712.455 -0.00921
712.575 -0.00865
712.696 -0.00828
712.816 -0.00815
712.937 -0.00828
713.057 -0.00864
713.178 -0.00907
713.299 -0.00924
713.419 -0.00896
713.54 -0.00842
713.66 -0.00807
713.781 -0.00822
713.901 -0.00877
714.022 -0.00931
714.142 -0.00945
714.263 -0.00909
714.384 -0.00842
714.504 -0.00776
714.625 -0.0074
714.745 -0.00751
714.866 -0.00809
714.986 -0.00888
715.107 -0.00948
715.227 -0.00956
715.348 -0.00921
715.469 -0.00885
715.589 -0.00886
715.71 -0.00914
715.83 -0.0092
715.951 -0.00874
716.071 -0.00804
716.192 -0.00771
716.312 -0.00803
716.433 -0.00872
716.553 -0.00922
716.674 -0.00925
716.795 -0.00902
716.915 -0.00893
717.036 -0.00919
717.156 -0.00958
717.277 -0.00966
717.397 -0.0093
717.518 -0.00888
717.638 -0.00895
717.759 -0.00966
717.88 -0.01047
718 -0.01078
718.121 -0.01047
718.241 -0.00995
718.362 -0.00961
718.482 -0.00947
718.603 -0.00932
718.723 -0.00907
718.844 -0.00885
718.964 -0.00879
719.085 -0.00887
719.206 -0.009
719.326 -0.00915
719.447 -0.00939
719.567 -0.00979
719.688 -0.01021
719.808 -0.01036
719.929 -0.01012
720.049 -0.00971
720.17 -0.00948
720.291 -0.00948
720.411 -0.00946
720.532 -0.00924
720.652 -0.00898
720.773 -0.00892
720.893 -0.00904
721.014 -0.00908
721.134 -0.00889
721.255 -0.00857
721.375 -0.00827
721.496 -0.00803
721.617 -0.00787
721.737 -0.00791
721.858 -0.00821
721.978 -0.00858
722.099 -0.00872
722.219 -0.0085
722.34 -0.00819
722.46 -0.00813
722.581 -0.0084
722.702 -0.00872
722.822 -0.00887
722.943 -0.00898
723.063 -0.00938
723.184 -0.01004
723.304 -0.01044
723.425 -0.01012
723.545 -0.00925
723.666 -0.00853
723.786 -0.00837
723.907 -0.0085
724.028 -0.00849
724.148 -0.00832
724.269 -0.00835
724.389 -0.00873
724.51 -0.00929
724.63 -0.00985
724.751 -0.01034
724.871 -0.01061
724.992 -0.01042
725.113 -0.00978
725.233 -0.00913
725.354 -0.00887
725.474 -0.00896
725.595 -0.00901
725.715 -0.00884
725.836 -0.00859
725.956 -0.00843
726.077 -0.00824
726.198 -0.00796
726.318 -0.00785
726.439 -0.00828
726.559 -0.00918
726.68 -0.01002
726.8 -0.01032
726.921 -0.01019
727.041 -0.01006
727.162 -0.01013
727.282 -0.01016
727.403 -0.00988
727.524 -0.00943
727.644 -0.00915
727.765 -0.00918
727.885 -0.00927
728.006 -0.00917
728.126 -0.00892
728.247 -0.00872
728.367 -0.00863
728.488 -0.00856
728.609 -0.00848
728.729 -0.00855
728.85 -0.00895
728.97 -0.00959
729.091 -0.01016
729.211 -0.01032
729.332 -0.00998
729.452 -0.00931
729.573 -0.00869
729.693 -0.00841
729.814 -0.00855
729.935 -0.00897
730.055 -0.00941
730.176 -0.00967
730.296 -0.00973
730.417 -0.00973
730.537 -0.00983
730.658 -0.01002
730.778 -0.01013
730.899 -0.01003
731.02 -0.00979
731.14 -0.00959
731.261 -0.0095
731.381 -0.00941
731.502 -0.00922
731.622 -0.00895
731.743 -0.00867
731.863 -0.00843
731.984 -0.00834
732.104 -0.00851
732.225 -0.00895
732.346 -0.00941
732.466 -0.00957
732.587 -0.00939
732.707 -0.00914
732.828 -0.00907
732.948 -0.00916
733.069 -0.0093
733.189 -0.00952
733.31 -0.00993
733.431 -0.01042
733.551 -0.01068
733.672 -0.01045
733.792 -0.00983
733.913 -0.00911
734.033 -0.00855
734.154 -0.00831
734.274 -0.00841
734.395 -0.00874
734.516 -0.00908
734.636 -0.00919
734.757 -0.0091
734.877 -0.00904
734.998 -0.00915
735.118 -0.00928
735.239 -0.0092
735.359 -0.00899
735.48 -0.00897
735.6 -0.00925
735.721 -0.0096
735.842 -0.0097
735.962 -0.00949
736.083 -0.00915
736.203 -0.00882
736.324 -0.00855
736.444 -0.00838
736.565 -0.0083
736.685 -0.00822
736.806 -0.00801
736.927 -0.00778
737.047 -0.00782
737.168 -0.00823
737.288 -0.00874
737.409 -0.00903
737.529 -0.00911
737.65 -0.00921
737.77 -0.00947
737.891 -0.00978
738.011 -0.01004
738.132 -0.01029
738.253 -0.01049
738.373 -0.01045
738.494 -0.01005
738.614 -0.00943
738.735 -0.00898
738.855 -0.00893
738.976 -0.00913
739.096 -0.00921
739.217 -0.00905
739.338 -0.00893
739.458 -0.00922
739.579 -0.00987
739.699 -0.01033
739.82 -0.01013
739.94 -0.00948
740.061 -0.00901
740.181 -0.00907
740.302 -0.00936
740.422 -0.00942
740.543 -0.00924
740.664 -0.00926
740.784 -0.00972
740.905 -0.01035
741.025 -0.01074
741.146 -0.01076
741.266 -0.01065
741.387 -0.01065
741.507 -0.01079
741.628 -0.01103
741.749 -0.01127
741.869 -0.0114
741.99 -0.01131
742.11 -0.01098
742.231 -0.01048
742.351 -0.00996
742.472 -0.00949
742.592 -0.00914
742.713 -0.00901
742.833 -0.00917
742.954 -0.0096
743.075 -0.01008
743.195 -0.01031
743.316 -0.01018
743.436 -0.00988
743.557 -0.00976
743.677 -0.00995
743.798 -0.01029
743.918 -0.01046
744.039 -0.0103
744.16 -0.00989
744.28 -0.00941
744.401 -0.00902
744.521 -0.0088
744.642 -0.00876
744.762 -0.00886
744.883 -0.00902
745.003 -0.00925
745.124 -0.00958
745.245 -0.00994
745.365 -0.01016
745.486 -0.0102
745.606 -0.01012
745.727 -0.01002
745.847 -0.00987
745.968 -0.00971
746.088 -0.00968
746.209 -0.00986
746.329 -0.01004
746.45 -0.00986
746.571 -0.00928
746.691 -0.00865
746.812 -0.00839
746.932 -0.00852
747.053 -0.00878
747.173 -0.00892
747.294 -0.00887
747.414 -0.00871
747.535 -0.0086
747.656 -0.00875
747.776 -0.00925
747.897 -0.00984
748.017 -0.01011
748.138 -0.00998
748.258 -0.00976
748.379 -0.00975
748.499 -0.00988
748.62 -0.00985
748.74 -0.00961
748.861 -0.00941
748.982 -0.00945
749.102 -0.00963
749.223 -0.00972
749.343 -0.00962
749.464 -0.00945
749.584 -0.00934
749.705 -0.00935
749.825 -0.00953
749.946 -0.00988
750.067 -0.01035
750.187 -0.01075
750.308 -0.0109
750.428 -0.0108
750.549 -0.01057
750.669 -0.01034
750.79 -0.01014
750.91 -0.00994
751.031 -0.00985
751.151 -0.00992
751.272 -0.01003
751.393 -0.00994
751.513 -0.00962
751.634 -0.00937
751.754 -0.00947
751.875 -0.0098
751.995 -0.00992
752.116 -0.00966
752.236 -0.00927
752.357 -0.00909
752.478 -0.00921
752.598 -0.00949
752.719 -0.00974
752.839 -0.00989
752.96 -0.00988
753.08 -0.00975
753.201 -0.00963
753.321 -0.00956
753.442 -0.00941
753.562 -0.00909
753.683 -0.00879
753.804 -0.00874
753.924 -0.00889
754.045 -0.00897
754.165 -0.00896
754.286 -0.00911
754.406 -0.00947
754.527 -0.0098
754.647 -0.00994
754.768 -0.0101
754.889 -0.01049
755.009 -0.01079
755.13 -0.01044
755.25 -0.00944
755.371 -0.00853
755.491 -0.00837
755.612 -0.00883
755.732 -0.00925
755.853 -0.00919
755.974 -0.00873
756.094 -0.00823
756.215 -0.00793
756.335 -0.00799
756.456 -0.0085
756.576 -0.00941
756.697 -0.01041
756.817 -0.01105
756.938 -0.01106
757.058 -0.01058
757.179 -0.00993
757.3 -0.00945
757.42 -0.00927
757.541 -0.00939
757.661 -0.0097
757.782 -0.01002
757.902 -0.01019
758.023 -0.01017
758.143 -0.01012
758.264 -0.01022
758.385 -0.01047
758.505 -0.01072
758.626 -0.01087
758.746 -0.01097
758.867 -0.01101
758.987 -0.01087
759.108 -0.01043
759.228 -0.0099
759.349 -0.00963
759.469 -0.00979
759.59 -0.01023
759.711 -0.01067
759.831 -0.01089
759.952 -0.01081
760.072 -0.01046
760.193 -0.01
760.313 -0.00971
760.434 -0.00965
760.554 -0.00962
760.675 -0.0094
760.796 -0.00904
760.916 -0.00889
761.037 -0.00912
761.157 -0.00953
761.278 -0.00976
761.398 -0.00971
761.519 -0.00956
761.639 -0.00954
761.76 -0.00964
761.88 -0.00971
762.001 -0.00968
762.122 -0.0097
762.242 -0.00995
762.363 -0.01042
762.483 -0.01085
762.604 -0.01099
762.724 -0.01086
762.845 -0.01071
762.965 -0.01061
763.086 -0.01042
763.207 -0.01005
763.327 -0.00969
763.448 -0.00964
763.568 -0.00994
763.689 -0.01036
763.809 -0.01059
763.93 -0.01052
764.05 -0.01024
764.171 -0.00992
764.292 -0.00972
764.412 -0.00964
764.533 -0.00957
764.653 -0.00942
764.774 -0.00926
764.894 -0.00922
765.015 -0.00921
765.135 -0.00896
765.256 -0.00847
765.376 -0.00816
765.497 -0.00849
765.618 -0.00938
765.738 -0.01026
765.859 -0.01067
765.979 -0.01063
766.1 -0.01041
766.22 -0.01022
766.341 -0.01016
766.461 -0.01023
766.582 -0.01029
766.703 -0.01014
766.823 -0.00982
766.944 -0.00964
767.064 -0.00984
767.185 -0.01029
767.305 -0.01065
767.426 -0.01078
767.546 -0.01073
767.667 -0.01045
767.787 -0.00989
767.908 -0.00928
768.029 -0.00912
768.149 -0.00965
768.27 -0.01054
768.39 -0.01117
768.511 -0.01121
768.631 -0.01088
768.752 -0.01052
768.872 -0.0103
768.993 -0.01012
769.114 -0.00984
769.234 -0.00944
769.355 -0.00914
769.475 -0.00922
769.596 -0.00967
769.716 -0.01005
769.837 -0.00986
769.957 -0.00914
770.078 -0.00842
770.198 -0.00818
770.319 -0.0085
770.44 -0.00912
770.56 -0.00985
770.681 -0.01054
770.801 -0.01103
770.922 -0.01119
771.042 -0.01104
771.163 -0.01084
771.283 -0.01076
771.404 -0.0108
771.525 -0.01077
771.645 -0.01056
771.766 -0.01021
771.886 -0.00994
772.007 -0.00995
772.127 -0.01022
772.248 -0.01042
772.368 -0.01021
772.489 -0.00963
772.61 -0.00906
772.73 -0.00884
772.851 -0.00892
772.971 -0.00906
773.092 -0.00922
773.212 -0.00963
773.333 -0.01041
773.453 -0.01126
773.574 -0.01161
773.694 -0.01121
773.815 -0.01041
773.936 -0.00982
774.056 -0.00967
774.177 -0.00972
774.297 -0.00973
774.418 -0.00977
774.538 -0.01001
774.659 -0.01042
774.779 -0.0108
774.9 -0.01119
775.021 -0.0117
775.141 -0.01214
775.262 -0.012
775.382 -0.0112
775.503 -0.0103
775.623 -0.00995
775.744 -0.01019
775.864 -0.01053
775.985 -0.01061
776.106 -0.0104
776.226 -0.00993
776.347 -0.00915
776.467 -0.00838
776.588 -0.00818
776.708 -0.00885
776.829 -0.00998
776.949 -0.01084
777.07 -0.0111
777.19 -0.01087
777.311 -0.01039
777.432 -0.00987
777.552 -0.00956
777.673 -0.0096
777.793 -0.00976
777.914 -0.00963
778.034 -0.00921
778.155 -0.00891
778.275 -0.00905
778.396 -0.00943
778.517 -0.00965
778.637 -0.00962
778.758 -0.0096
778.878 -0.00974
778.999 -0.00991
779.119 -0.01005
779.24 -0.01022
779.36 -0.01052
779.481 -0.01083
779.601 -0.01093
779.722 -0.01073
779.843 -0.01035
779.963 -0.00998
780.084 -0.00974
780.204 -0.00969
780.325 -0.00983
780.445 -0.01005
780.566 -0.01018
780.686 -0.01009
780.807 -0.00986
780.928 -0.00977
781.048 -0.01002
781.169 -0.01046
781.289 -0.0107
781.41 -0.01044
781.53 -0.00977
781.651 -0.00911
781.771 -0.00893
781.892 -0.00942
782.013 -0.01038
782.133 -0.01128
782.254 -0.01161
782.374 -0.01131
782.495 -0.0108
782.615 -0.01053
782.736 -0.01053
782.856 -0.01047
782.977 -0.01013
783.097 -0.00967
783.218 -0.00944
783.339 -0.00955
783.459 -0.00983
783.58 -0.01008
783.7 -0.0103
783.821 -0.01059
783.941 -0.01103
784.062 -0.01147
784.182 -0.01164
784.303 -0.01131
784.424 -0.01059
784.544 -0.00992
784.665 -0.00973
784.785 -0.01002
784.906 -0.01032
785.026 -0.01012
785.147 -0.00941
785.267 -0.00867
785.388 -0.00839
785.508 -0.00859
785.629 -0.00897
785.75 -0.00927
785.87 -0.00952
785.991 -0.00981
786.111 -0.01001
786.232 -0.00988
786.352 -0.00945
786.473 -0.00911
786.593 -0.00927
786.714 -0.00985
786.835 -0.01042
786.955 -0.0106
787.076 -0.01047
787.196 -0.01032
787.317 -0.01033
787.437 -0.01044
787.558 -0.01053
787.678 -0.01056
787.799 -0.01055
787.919 -0.01052
788.04 -0.01043
788.161 -0.01036
788.281 -0.01038
788.402 -0.01056
788.522 -0.01078
788.643 -0.01084
788.763 -0.01069
788.884 -0.01048
789.004 -0.01044
789.125 -0.01063
789.246 -0.01087
789.366 -0.01091
789.487 -0.01068
789.607 -0.01032
789.728 -0.01011
789.848 -0.01022
789.969 -0.01064
790.089 -0.01121
790.21 -0.01162
790.331 -0.01159
790.451 -0.01105
790.572 -0.01019
790.692 -0.00935
790.813 -0.00877
790.933 -0.00849
791.054 -0.00849
791.174 -0.00876
791.295 -0.00924
791.415 -0.0097
791.536 -0.00992
791.657 -0.00982
791.777 -0.00956
791.898 -0.00929
792.018 -0.00913
792.139 -0.00924
792.259 -0.00975
792.38 -0.01055
792.5 -0.01119
792.621 -0.01125
792.742 -0.01076
792.862 -0.01014
792.983 -0.00977
793.103 -0.0097
793.224 -0.00982
793.344 -0.00999
793.465 -0.01019
793.585 -0.01037
793.706 -0.0105
793.826 -0.01061
793.947 -0.01076
794.068 -0.01093
794.188 -0.01108
794.309 -0.0111
794.429 -0.011
794.55 -0.01089
794.67 -0.01091
794.791 -0.01103
794.911 -0.01101
795.032 -0.01071
795.153 -0.01038
795.273 -0.01043
795.394 -0.01087
795.514 -0.01121
795.635 -0.01109
795.755 -0.0107
795.876 -0.01051
795.996 -0.01063
796.117 -0.01074
796.237 -0.01062
796.358 -0.01044
796.479 -0.01041
796.599 -0.01052
796.72 -0.01063
796.84 -0.01068
796.961 -0.01066
797.081 -0.01044
797.202 -0.00996
797.322 -0.00943
797.443 -0.00924
797.564 -0.00952
797.684 -0.01005
797.805 -0.01054
797.925 -0.01091
798.046 -0.01113
798.166 -0.01113
798.287 -0.01085
798.407 -0.01041
798.528 -0.01008
798.648 -0.00999
798.769 -0.01014
798.89 -0.01054
799.01 -0.01113
799.131 -0.01169
799.251 -0.01186
799.372 -0.01154
799.492 -0.01103
799.613 -0.01073
799.733 -0.01077
799.854 -0.01097
799.975 -0.01113
800.095 -0.01115
800.216 -0.01101
800.336 -0.01074
800.457 -0.01054
800.577 -0.0107
800.698 -0.0112
800.818 -0.01162
800.939 -0.01158
801.06 -0.01118
801.18 -0.01087
801.301 -0.01086
801.421 -0.01094
801.542 -0.01081
801.662 -0.01047
801.783 -0.01015
801.903 -0.01004
802.024 -0.01018
802.144 -0.01055
802.265 -0.01105
802.386 -0.0114
802.506 -0.01131
802.627 -0.01069
802.747 -0.00985
802.868 -0.00922
802.988 -0.00901
803.109 -0.00913
803.229 -0.00932
803.35 -0.00942
803.471 -0.00944
803.591 -0.00949
803.712 -0.0096
803.832 -0.00968
803.953 -0.00967
804.073 -0.00964
804.194 -0.00985
804.314 -0.01047
804.435 -0.01134
804.555 -0.01206
804.676 -0.01227
804.797 -0.01195
804.917 -0.01135
805.038 -0.01074
805.158 -0.01017
805.279 -0.00966
805.399 -0.00938
805.52 -0.0096
805.64 -0.01038
805.761 -0.01139
805.882 -0.01209
806.002 -0.01218
806.123 -0.01178
806.243 -0.01125
806.364 -0.01084
806.484 -0.01055
806.605 -0.01029
806.725 -0.01015
806.846 -0.01024
806.966 -0.0105
807.087 -0.01062
807.208 -0.01046
807.328 -0.01018
807.449 -0.01014
807.569 -0.01041
807.69 -0.01078
807.81 -0.01106
807.931 -0.01125
808.051 -0.01133
808.172 -0.01117
808.293 -0.01078
808.413 -0.01044
808.534 -0.0104
808.654 -0.01053
808.775 -0.01046
808.895 -0.01012
809.016 -0.00985
809.136 -0.00993
809.257 -0.0103
809.378 -0.01076
809.498 -0.0112
809.619 -0.0115
809.739 -0.01147
809.86 -0.01101
809.98 -0.01038
810.101 -0.01005
810.221 -0.0103
810.342 -0.01097
810.462 -0.01161
810.583 -0.01178
810.704 -0.01134
810.824 -0.01056
810.945 -0.0099
811.065 -0.00962
811.186 -0.00962
811.306 -0.00975
811.427 -0.01008
811.547 -0.0107
811.668 -0.01135
811.789 -0.01157
811.909 -0.01121
812.03 -0.01065
812.15 -0.01033
812.271 -0.01022
812.391 -0.01014
812.512 -0.01011
812.632 -0.0104
812.753 -0.011
812.873 -0.01157
812.994 -0.01174
813.115 -0.0115
813.235 -0.01114
813.356 -0.01097
813.476 -0.01105
813.597 -0.0112
813.717 -0.01115
813.838 -0.01079
813.958 -0.01032
814.079 -0.01013
814.2 -0.01036
814.32 -0.0108
814.441 -0.01106
814.561 -0.01095
814.682 -0.01056
814.802 -0.01018
814.923 -0.01001
815.043 -0.01008
815.164 -0.01025
815.284 -0.01031
815.405 -0.01025
815.526 -0.01023
815.646 -0.01032
815.767 -0.01033
815.887 -0.01006
816.008 -0.00967
816.128 -0.00961
816.249 -0.00998
816.369 -0.0104
816.49 -0.01042
816.611 -0.01014
816.731 -0.01007
816.852 -0.01042
816.972 -0.0108
817.093 -0.01077
817.213 -0.01039
817.334 -0.01011
817.454 -0.01024
817.575 -0.01064
817.695 -0.01103
817.816 -0.01119
817.937 -0.01104
818.057 -0.01062
818.178 -0.01015
818.298 -0.00993
818.419 -0.01013
818.539 -0.01056
818.66 -0.01096
818.78 -0.0112
818.901 -0.01134
819.022 -0.01143
819.142 -0.01141
819.263 -0.01125
819.383 -0.01106
819.504 -0.01101
819.624 -0.01113
819.745 -0.01132
819.865 -0.01144
819.986 -0.01141
820.107 -0.01121
820.227 -0.01087
820.348 -0.01046
820.468 -0.01014
820.589 -0.01012
820.709 -0.01046
820.83 -0.01097
820.95 -0.01137
821.071 -0.01146
821.191 -0.0113
821.312 -0.01108
821.433 -0.01097
821.553 -0.01107
821.674 -0.01144
821.794 -0.01202
821.915 -0.01242
822.035 -0.01219
822.156 -0.01125
822.276 -0.01019
822.397 -0.00983
822.518 -0.0104
822.638 -0.01128
822.759 -0.0116
822.879 -0.0111
823 -0.01032
823.12 -0.00999
823.241 -0.01023
823.361 -0.0106
823.482 -0.01068
823.602 -0.01055
823.723 -0.01055
823.844 -0.01072
823.964 -0.01078
824.085 -0.01054
824.205 -0.01023
824.326 -0.01017
824.446 -0.01043
824.567 -0.01075
824.687 -0.01086
824.808 -0.01068
824.929 -0.01029
825.049 -0.00986
825.17 -0.00962
825.29 -0.00966
825.411 -0.0099
825.531 -0.01018
825.652 -0.01051
825.772 -0.01092
825.893 -0.01121
826.013 -0.01098
826.134 -0.01017
826.255 -0.00939
826.375 -0.00941
826.496 -0.01032
826.616 -0.0114
826.737 -0.0119
826.857 -0.01171
826.978 -0.01132
827.098 -0.0112
827.219 -0.01141
827.34 -0.01165
827.46 -0.01166
827.581 -0.01144
827.701 -0.01119
827.822 -0.01108
827.942 -0.01105
828.063 -0.01087
828.183 -0.0104
828.304 -0.00979
828.424 -0.00925
828.545 -0.00898
828.666 -0.00905
828.786 -0.0095
828.907 -0.01022
829.027 -0.01082
829.148 -0.01102
829.268 -0.01094
829.389 -0.01099
829.509 -0.01136
829.63 -0.01184
829.751 -0.01219
829.871 -0.01247
829.992 -0.01279
830.112 -0.01299
830.233 -0.01273
830.353 -0.01202
830.474 -0.01124
830.594 -0.01076
830.715 -0.01067
830.836 -0.01084
830.956 -0.01114
831.077 -0.01139
831.197 -0.01138
831.318 -0.011
831.438 -0.01045
831.559 -0.01007
831.679 -0.01005
831.8 -0.01031
831.92 -0.01059
832.041 -0.01068
832.162 -0.01068
832.282 -0.01092
832.403 -0.01161
832.523 -0.01257
832.644 -0.01325
832.764 -0.01332
832.885 -0.0129
833.005 -0.01241
833.126 -0.0121
833.247 -0.01192
833.367 -0.01175
833.488 -0.01158
833.608 -0.01142
833.729 -0.01126
833.849 -0.01115
833.97 -0.01115
834.09 -0.01129
834.211 -0.01145
834.331 -0.01157
834.452 -0.01161
834.573 -0.01157
834.693 -0.0114
834.814 -0.0111
834.934 -0.01076
835.055 -0.01049
835.175 -0.01037
835.296 -0.01049
835.416 -0.01089
835.537 -0.01142
835.658 -0.01174
835.778 -0.01165
835.899 -0.01132
836.019 -0.01105
836.14 -0.01092
836.26 -0.01084
836.381 -0.01082
836.501 -0.011
836.622 -0.01129
836.742 -0.01137
836.863 -0.011
836.984 -0.01048
837.104 -0.01036
837.225 -0.01083
837.345 -0.01156
837.466 -0.01202
837.586 -0.01199
837.707 -0.01164
837.827 -0.0113
837.948 -0.01117
838.069 -0.0112
838.189 -0.01118
838.31 -0.01098
838.43 -0.01072
838.551 -0.01057
838.671 -0.01062
838.792 -0.01071
838.912 -0.01064
839.033 -0.01037
839.154 -0.01006
839.274 -0.00999
839.395 -0.01036
839.515 -0.01109
839.636 -0.01172
839.756 -0.01184
839.877 -0.01152
839.997 -0.01133
840.118 -0.01165
840.238 -0.01224
840.359 -0.0125
840.48 -0.01225
840.6 -0.01191
840.721 -0.01185
840.841 -0.01193
840.962 -0.01176
841.082 -0.01132
841.203 -0.01101
841.323 -0.01113
841.444 -0.01152
841.565 -0.01173
841.685 -0.01154
841.806 -0.01114
841.926 -0.0109
842.047 -0.01098
842.167 -0.0112
842.288 -0.01135
842.408 -0.01148
842.529 -0.01184
842.649 -0.0124
842.77 -0.01272
842.891 -0.01239
843.011 -0.01154
843.132 -0.01079
843.252 -0.01062
843.373 -0.011
843.493 -0.01156
843.614 -0.01192
843.734 -0.01185
843.855 -0.01131
843.976 -0.01062
844.096 -0.01028
844.217 -0.01051
844.337 -0.01094
844.458 -0.01099
844.578 -0.01056
844.699 -0.01013
844.819 -0.01017
844.94 -0.01067
845.06 -0.01121
845.181 -0.01146
845.302 -0.01136
845.422 -0.01111
845.543 -0.01106
845.663 -0.01144
845.784 -0.01217
845.904 -0.01279
846.025 -0.01287
846.145 -0.01244
846.266 -0.01196
846.387 -0.0118
846.507 -0.01192
846.628 -0.01195
846.748 -0.01164
846.869 -0.01113
846.989 -0.01085
847.11 -0.01114
847.23 -0.01185
847.351 -0.01245
847.471 -0.01258
847.592 -0.01242
847.713 -0.01236
847.833 -0.01247
847.954 -0.0124
848.074 -0.01195
848.195 -0.01147
848.315 -0.01145
848.436 -0.01191
848.556 -0.0124
848.677 -0.0125
848.798 -0.01226
848.918 -0.01183
849.039 -0.01127
849.159 -0.01062
849.28 -0.01018
849.4 -0.0103
849.521 -0.01095
849.641 -0.01163
849.762 -0.0119
849.883 -0.01179
850.003 -0.01165
850.124 -0.01173
850.244 -0.01185
850.365 -0.01173
850.485 -0.01142
850.606 -0.01125
850.726 -0.01146
850.847 -0.01191
850.967 -0.01227
851.088 -0.01248
851.209 -0.01276
851.329 -0.0132
851.45 -0.01349
851.57 -0.01336
851.691 -0.01293
851.811 -0.01261
851.932 -0.0126
852.052 -0.01263
852.173 -0.01239
852.294 -0.01192
852.414 -0.01155
852.535 -0.01145
852.655 -0.01154
852.776 -0.01169
852.896 -0.01189
853.017 -0.01216
853.137 -0.01241
853.258 -0.0125
853.378 -0.0124
853.499 -0.01219
853.62 -0.01203
853.74 -0.01199
853.861 -0.01197
853.981 -0.01181
854.102 -0.01146
854.222 -0.01114
854.343 -0.01114
854.463 -0.01147
854.584 -0.01178
854.705 -0.01182
854.825 -0.01177
854.946 -0.012
855.066 -0.01248
855.187 -0.0128
855.307 -0.01269
855.428 -0.01237
855.548 -0.01221
855.669 -0.0122
855.79 -0.01206
855.91 -0.01176
856.031 -0.0116
856.151 -0.01179
856.272 -0.0121
856.392 -0.01224
856.513 -0.01224
856.633 -0.01231
856.754 -0.01245
856.874 -0.01236
856.995 -0.01191
857.116 -0.01136
857.236 -0.01112
857.357 -0.01134
857.477 -0.01181
857.598 -0.01215
857.718 -0.01212
857.839 -0.01175
857.959 -0.01137
858.08 -0.01139
858.201 -0.01189
858.321 -0.01246
858.442 -0.01262
858.562 -0.01234
858.683 -0.01203
858.803 -0.012
858.924 -0.01206
859.044 -0.01191
859.165 -0.01149
859.286 -0.01102
859.406 -0.0107
859.527 -0.01051
859.647 -0.01042
859.768 -0.01047
859.888 -0.01071
860.009 -0.01104
860.129 -0.01126
860.25 -0.01117
860.37 -0.01078
860.491 -0.01032
860.612 -0.0102
860.732 -0.0107
860.853 -0.01166
860.973 -0.01243
861.094 -0.01251
861.214 -0.01198
861.335 -0.01141
861.455 -0.01125
861.576 -0.01147
861.697 -0.01174
861.817 -0.01179
861.938 -0.0116
862.058 -0.0113
862.179 -0.01102
862.299 -0.01089
862.42 -0.01097
862.54 -0.01115
862.661 -0.01126
862.781 -0.01131
862.902 -0.01142
863.023 -0.01166
863.143 -0.01189
863.264 -0.01192
863.384 -0.01182
863.505 -0.01175
863.625 -0.01174
863.746 -0.01162
863.866 -0.01129
863.987 -0.01088
864.108 -0.01064
864.228 -0.01068
864.349 -0.01099
864.469 -0.01146
864.59 -0.01191
864.71 -0.01219
864.831 -0.01223
864.951 -0.01222
865.072 -0.01234
865.193 -0.01253
865.313 -0.01249
865.434 -0.01212
865.554 -0.01163
865.675 -0.0114
865.795 -0.0116
865.916 -0.01206
866.036 -0.01247
866.157 -0.01259
866.277 -0.0124
866.398 -0.01202
866.519 -0.01168
866.639 -0.01147
866.76 -0.01138
866.88 -0.01139
867.001 -0.01156
867.121 -0.01191
867.242 -0.01233
867.362 -0.01261
867.483 -0.01258
867.604 -0.01229
867.724 -0.01198
867.845 -0.01192
867.965 -0.01217
868.086 -0.01247
868.206 -0.0124
868.327 -0.01185
868.447 -0.01125
868.568 -0.01112
868.688 -0.01147
868.809 -0.01188
868.93 -0.01197
869.05 -0.01182
869.171 -0.0117
869.291 -0.01169
869.412 -0.01169
869.532 -0.01172
869.653 -0.01192
869.773 -0.01232
869.894 -0.01273
870.015 -0.013
870.135 -0.01314
870.256 -0.01315
870.376 -0.01295
870.497 -0.01254
870.617 -0.01213
870.738 -0.01207
870.858 -0.01238
870.979 -0.01273
871.099 -0.01288
871.22 -0.01293
871.341 -0.0132
871.461 -0.01368
871.582 -0.01399
871.702 -0.01377
871.823 -0.01312
871.943 -0.01242
872.064 -0.012
872.184 -0.01189
872.305 -0.01193
872.426 -0.01197
872.546 -0.0119
872.667 -0.01164
872.787 -0.01128
872.908 -0.01107
873.028 -0.01113
873.149 -0.0113
873.269 -0.0113
873.39 -0.01107
873.51 -0.01086
873.631 -0.01097
873.752 -0.01137
873.872 -0.01176
873.993 -0.01191
874.113 -0.0119
874.234 -0.012
874.354 -0.01235
874.475 -0.01287
874.595 -0.01333
874.716 -0.01355
874.837 -0.01344
874.957 -0.01304
875.078 -0.01255
875.198 -0.01226
875.319 -0.01226
875.439 -0.01229
875.56 -0.01196
875.68 -0.01134
875.801 -0.01105
875.922 -0.01162
876.042 -0.01274
876.163 -0.01345
876.283 -0.01313
876.404 -0.01202
876.524 -0.01096
876.645 -0.01051
876.765 -0.01071
876.886 -0.01129
877.006 -0.01192
877.127 -0.01232
877.248 -0.01226
877.368 -0.0118
877.489 -0.01129
877.609 -0.01115
877.73 -0.01146
877.85 -0.01194
877.971 -0.01222
878.091 -0.01215
878.212 -0.01196
878.333 -0.01197
878.453 -0.01226
878.574 -0.01263
878.694 -0.01283
878.815 -0.01281
878.935 -0.01272
879.056 -0.0126
879.176 -0.01243
879.297 -0.01232
879.417 -0.01244
879.538 -0.01278
879.659 -0.01298
879.779 -0.01282
879.9 -0.01249
880.02 -0.01237
880.141 -0.01252
880.261 -0.01263
880.382 -0.01244
880.502 -0.01208
880.623 -0.01187
880.744 -0.01196
880.864 -0.01224
880.985 -0.01247
881.105 -0.01251
881.226 -0.01239
881.346 -0.01226
881.467 -0.01229
881.587 -0.01242
881.708 -0.01241
881.828 -0.01211
881.949 -0.01171
882.07 -0.01159
882.19 -0.01192
882.311 -0.01242
882.431 -0.01268
882.552 -0.01259
882.672 -0.01234
882.793 -0.01219
882.913 -0.01222
883.034 -0.01229
883.155 -0.01227
883.275 -0.01203
883.396 -0.01159
883.516 -0.01108
883.637 -0.01085
883.757 -0.01122
883.878 -0.01207
883.998 -0.01274
884.119 -0.01253
884.24 -0.01149
884.36 -0.01046
884.481 -0.01033
884.601 -0.01113
884.722 -0.0121
884.842 -0.0126
884.963 -0.01269
885.083 -0.01281
885.204 -0.0131
885.324 -0.01331
885.445 -0.01318
885.566 -0.01281
885.686 -0.0124
885.807 -0.01201
885.927 -0.01161
886.048 -0.01127
886.168 -0.01119
886.289 -0.01146
886.409 -0.01191
886.53 -0.01229
886.651 -0.01246
886.771 -0.01244
886.892 -0.01236
887.012 -0.01234
887.133 -0.0124
887.253 -0.01248
887.374 -0.0125
887.494 -0.01237
887.615 -0.01204
887.735 -0.01161
887.856 -0.01131
887.977 -0.01135
888.097 -0.01169
888.218 -0.01208
888.338 -0.01224
888.459 -0.01217
888.579 -0.01209
888.7 -0.01222
888.82 -0.01248
888.941 -0.01261
889.062 -0.0125
889.182 -0.0123
889.303 -0.01224
889.423 -0.01238
889.544 -0.01257
889.664 -0.01266
889.785 -0.0126
889.905 -0.0125
890.026 -0.01246
890.146 -0.01243
890.267 -0.01225
890.388 -0.01177
890.508 -0.01113
890.629 -0.01074
890.749 -0.01093
890.87 -0.01156
890.99 -0.01213
891.111 -0.01221
891.231 -0.01186
891.352 -0.01144
891.473 -0.01127
891.593 -0.0114
891.714 -0.01164
891.834 -0.01174
891.955 -0.01159
892.075 -0.01133
892.196 -0.01127
892.316 -0.01162
892.437 -0.01219
892.557 -0.01257
892.678 -0.01262
892.799 -0.01253
892.919 -0.01253
893.04 -0.01251
893.16 -0.01223
893.281 -0.01172
893.401 -0.01138
893.522 -0.01152
893.642 -0.01201
893.763 -0.01242
893.884 -0.01245
894.004 -0.01224
894.125 -0.01217
894.245 -0.01245
894.366 -0.01284
894.486 -0.01291
894.607 -0.01253
894.727 -0.01208
894.848 -0.01205
894.969 -0.01256
895.089 -0.01325
895.21 -0.0137
895.33 -0.01372
895.451 -0.01334
895.571 -0.01272
895.692 -0.01215
895.812 -0.01201
895.933 -0.01241
896.053 -0.01299
896.174 -0.01319
896.295 -0.01292
896.415 -0.01258
896.536 -0.01256
896.656 -0.01281
896.777 -0.01306
896.897 -0.0133
897.018 -0.01365
897.138 -0.01389
897.259 -0.01361
897.38 -0.01279
897.5 -0.01204
897.621 -0.0119
897.741 -0.01225
897.862 -0.01251
897.982 -0.01242
898.103 -0.01215
898.223 -0.01196
898.344 -0.0118
898.464 -0.01167
898.585 -0.01171
898.706 -0.01204
898.826 -0.01245
898.947 -0.01272
899.067 -0.01285
899.188 -0.01299
899.308 -0.01312
899.429 -0.0131
899.549 -0.01295
899.67 -0.01284
899.791 -0.01288
899.911 -0.01295
900.032 -0.01296
900.152 -0.01298
900.273 -0.0131
900.393 -0.01322
900.514 -0.01311
900.634 -0.0127
900.755 -0.01211
900.875 -0.01163
900.996 -0.01154
901.117 -0.01193
901.237 -0.01257
901.358 -0.01312
901.478 -0.01335
901.599 -0.0134
901.719 -0.01347
901.84 -0.0136
901.96 -0.01365
902.081 -0.01352
902.202 -0.0133
902.322 -0.01314
902.443 -0.01313
902.563 -0.0132
902.684 -0.01319
902.804 -0.01299
902.925 -0.01272
903.045 -0.0127
903.166 -0.013
903.286 -0.01329
903.407 -0.01323
903.528 -0.01285
903.648 -0.01256
903.769 -0.01256
903.889 -0.01265
904.01 -0.01259
904.13 -0.01251
904.251 -0.01268
904.371 -0.01306
904.492 -0.01329
904.613 -0.01311
904.733 -0.01267
904.854 -0.0123
904.974 -0.01222
905.095 -0.01238
905.215 -0.01264
905.336 -0.0128
905.456 -0.01277
905.577 -0.01259
905.698 -0.01236
905.818 -0.01215
905.939 -0.01195
906.059 -0.01182
906.18 -0.01195
906.3 -0.01238
906.421 -0.01281
906.541 -0.01278
906.662 -0.01225
906.782 -0.01169
906.903 -0.01163
907.024 -0.01207
907.144 -0.01255
907.265 -0.01276
907.385 -0.01277
907.506 -0.01286
907.626 -0.01308
907.747 -0.01322
907.867 -0.0131
907.988 -0.01276
908.109 -0.01238
908.229 -0.01215
908.35 -0.01213
908.47 -0.01218
908.591 -0.01212
908.711 -0.0119
908.832 -0.01171
908.952 -0.01171
909.073 -0.01179
909.193 -0.01171
909.314 -0.01149
909.435 -0.01143
909.555 -0.01163
909.676 -0.01183
909.796 -0.01178
909.917 -0.01163
910.037 -0.01169
910.158 -0.01193
910.278 -0.01215
910.399 -0.01237
910.52 -0.01289
910.64 -0.01368
910.761 -0.01423
910.881 -0.01408
911.002 -0.01338
911.122 -0.01277
911.243 -0.01266
911.363 -0.01293
911.484 -0.01317
911.604 -0.01308
911.725 -0.0126
911.846 -0.01199
911.966 -0.01152
912.087 -0.01131
912.207 -0.01124
912.328 -0.01123
912.448 -0.01136
912.569 -0.01171
912.689 -0.01205
912.81 -0.01212
912.931 -0.01203
913.051 -0.01218
913.172 -0.01263
913.292 -0.01296
913.413 -0.01283
913.533 -0.01249
913.654 -0.01243
913.774 -0.01268
913.895 -0.01272
914.016 -0.01227
914.136 -0.01168
914.257 -0.01157
914.377 -0.0121
914.498 -0.01288
914.618 -0.01343
914.739 -0.01348
914.859 -0.01304
914.98 -0.01235
915.1 -0.01181
915.221 -0.01175
915.342 -0.01211
915.462 -0.01246
915.583 -0.0124
915.703 -0.01195
915.824 -0.0115
915.944 -0.01141
916.065 -0.01167
916.185 -0.01205
916.306 -0.01241
916.427 -0.01276
916.547 -0.0131
916.668 -0.01331
916.788 -0.01325
916.909 -0.01301
917.029 -0.01284
917.15 -0.01293
917.27 -0.01313
917.391 -0.01325
917.511 -0.01331
917.632 -0.01359
917.753 -0.01419
917.873 -0.01479
917.994 -0.01492
918.114 -0.01441
918.235 -0.01357
918.355 -0.01282
918.476 -0.01239
918.596 -0.01235
918.717 -0.01264
918.838 -0.01305
918.958 -0.01319
919.079 -0.01285
919.199 -0.0123
919.32 -0.01209
919.44 -0.01248
919.561 -0.01319
919.681 -0.01374
919.802 -0.01393
919.922 -0.0139
920.043 -0.0138
920.164 -0.01361
920.284 -0.01339
920.405 -0.01328
920.525 -0.01342
920.646 -0.01362
920.766 -0.01357
920.887 -0.01319
921.007 -0.01279
921.128 -0.01268
921.249 -0.01282
921.369 -0.01285
921.49 -0.01256
921.61 -0.01219
921.731 -0.01218
921.851 -0.01261
921.972 -0.01303
922.092 -0.01293
922.213 -0.01232
922.333 -0.01171
922.454 -0.01154
922.575 -0.01174
922.695 -0.01197
922.816 -0.01215
922.936 -0.01248
923.057 -0.01301
923.177 -0.01344
923.298 -0.01349
923.418 -0.01331
923.539 -0.01332
923.66 -0.01367
923.78 -0.01404
923.901 -0.01401
924.021 -0.01352
924.142 -0.01284
924.262 -0.01234
924.383 -0.01231
924.503 -0.01283
924.624 -0.01361
924.745 -0.01407
924.865 -0.01387
924.986 -0.01322
925.106 -0.01268
925.227 -0.01251
925.347 -0.01246
925.468 -0.01228
925.588 -0.01211
925.709 -0.01216
925.829 -0.01233
925.95 -0.01233
926.071 -0.01219
926.191 -0.01215
926.312 -0.01225
926.432 -0.01226
926.553 -0.01215
926.673 -0.01228
926.794 -0.01285
926.914 -0.01352
927.035 -0.01379
927.156 -0.01362
927.276 -0.01342
927.397 -0.01339
927.517 -0.01339
927.638 -0.01335
927.758 -0.01343
927.879 -0.01366
927.999 -0.01374
928.12 -0.01344
928.24 -0.01296
928.361 -0.01265
928.482 -0.01251
928.602 -0.01238
928.723 -0.01232
928.843 -0.01262
928.964 -0.01323
929.084 -0.01366
929.205 -0.01354
929.325 -0.01304
929.446 -0.01262
929.567 -0.01248
929.687 -0.01249
929.808 -0.01247
929.928 -0.01246
930.049 -0.01249
930.169 -0.01254
930.29 -0.01267
930.41 -0.01294
930.531 -0.01334
930.651 -0.0137
930.772 -0.0139
930.893 -0.014
931.013 -0.01404
931.134 -0.01394
931.254 -0.01368
931.375 -0.01344
931.495 -0.0134
931.616 -0.01351
931.736 -0.01357
931.857 -0.0135
931.978 -0.01339
932.098 -0.01329
932.219 -0.01305
932.339 -0.01261
932.46 -0.01222
932.58 -0.01219
932.701 -0.01251
932.821 -0.01289
932.942 -0.01315
933.062 -0.01336
933.183 -0.01359
933.304 -0.0137
933.424 -0.01353
933.545 -0.01315
933.665 -0.01288
933.786 -0.01284
933.906 -0.01292
934.027 -0.01305
934.147 -0.01338
934.268 -0.01407
934.389 -0.01486
934.509 -0.0152
934.63 -0.01474
934.75 -0.01372
934.871 -0.01277
934.991 -0.01237
935.112 -0.01256
935.232 -0.01302
935.353 -0.01337
935.474 -0.01348
935.594 -0.01341
935.715 -0.01333
935.835 -0.01333
935.956 -0.01343
936.076 -0.0136
936.197 -0.01378
936.317 -0.01385
936.438 -0.01372
936.558 -0.01346
936.679 -0.01326
936.8 -0.01316
936.92 -0.013
937.041 -0.01267
937.161 -0.01238
937.282 -0.01249
937.402 -0.01306
937.523 -0.01371
937.643 -0.01397
937.764 -0.01367
937.885 -0.01303
938.005 -0.01239
938.126 -0.01203
938.246 -0.01203
938.367 -0.01234
938.487 -0.01274
938.608 -0.01309
938.728 -0.01338
938.849 -0.01365
938.97 -0.01385
939.09 -0.01396
939.211 -0.01405
939.331 -0.01424
939.452 -0.01448
939.572 -0.01464
939.693 -0.01464
939.813 -0.01446
939.934 -0.01411
940.054 -0.01371
940.175 -0.01354
940.296 -0.01386
940.416 -0.01447
940.537 -0.01477
940.657 -0.0144
940.778 -0.01358
940.898 -0.01288
941.019 -0.01269
941.139 -0.01301
941.26 -0.01363
941.381 -0.01432
941.501 -0.01477
941.622 -0.01474
941.742 -0.01428
941.863 -0.01379
941.983 -0.01356
942.104 -0.01353
942.224 -0.01348
942.345 -0.01336
942.466 -0.0133
942.586 -0.01338
942.707 -0.01351
942.827 -0.01359
942.948 -0.01368
943.068 -0.01376
943.189 -0.01376
943.309 -0.01362
943.43 -0.01347
943.55 -0.0135
943.671 -0.01369
943.792 -0.01381
943.912 -0.01372
944.033 -0.01354
944.153 -0.01349
944.274 -0.01361
944.394 -0.01368
944.515 -0.01351
944.635 -0.01314
944.756 -0.01284
944.877 -0.01279
944.997 -0.01296
945.118 -0.01316
945.238 -0.01323
945.359 -0.01314
945.479 -0.01303
945.6 -0.01304
945.72 -0.01327
945.841 -0.01368
945.961 -0.0141
946.082 -0.01439
946.203 -0.01453
946.323 -0.01457
946.444 -0.01445
946.564 -0.01405
946.685 -0.01342
946.805 -0.01288
946.926 -0.01278
947.046 -0.01312
947.167 -0.01358
947.288 -0.01379
947.408 -0.01377
947.529 -0.01382
947.649 -0.01417
947.77 -0.01473
947.89 -0.01509
948.011 -0.01492
948.131 -0.01423
948.252 -0.01339
948.372 -0.01287
948.493 -0.01286
948.614 -0.01313
948.734 -0.01336
948.855 -0.01341
948.975 -0.01349
949.096 -0.01374
949.216 -0.01406
949.337 -0.01416
949.457 -0.01393
949.578 -0.0135
949.699 -0.01315
949.819 -0.013
949.94 -0.01303
950.06 -0.01317
950.181 -0.01345
950.301 -0.0138
950.422 -0.0141
950.542 -0.01423
950.663 -0.01426
950.784 -0.01433
950.904 -0.01447
951.025 -0.0145
951.145 -0.01434
951.266 -0.01416
951.386 -0.01429
951.507 -0.01472
951.627 -0.01508
951.748 -0.01497
951.868 -0.01444
951.989 -0.01387
952.11 -0.01358
952.23 -0.01357
952.351 -0.01362
952.471 -0.01356
952.592 -0.01333
952.712 -0.01293
952.833 -0.01243
952.953 -0.01197
953.074 -0.01175
953.195 -0.01188
953.315 -0.01227
953.436 -0.01274
953.556 -0.0132
953.677 -0.01367
953.797 -0.01413
953.918 -0.01439
954.038 -0.01433
954.159 -0.01408
954.279 -0.01399
954.4 -0.01422
954.521 -0.0146
954.641 -0.01483
954.762 -0.0148
954.882 -0.01464
955.003 -0.01447
955.123 -0.01429
955.244 -0.01399
955.364 -0.01353
955.485 -0.01302
955.606 -0.01272
955.726 -0.01284
955.847 -0.01333
955.967 -0.01375
956.088 -0.01362
956.208 -0.01297
956.329 -0.01235
956.449 -0.01221
956.57 -0.01251
956.69 -0.01281
956.811 -0.01295
956.932 -0.0131
957.052 -0.01345
957.173 -0.01377
957.293 -0.01373
957.414 -0.01333
957.534 -0.01291
957.655 -0.01274
957.775 -0.01273
957.896 -0.0126
958.017 -0.01238
958.137 -0.01243
958.258 -0.01298
958.378 -0.01371
958.499 -0.014
958.619 -0.01369
958.74 -0.01328
958.86 -0.01347
958.981 -0.01435
959.102 -0.01525
959.222 -0.01537
959.343 -0.01452
959.463 -0.01329
959.584 -0.01253
959.704 -0.01261
959.825 -0.01319
959.945 -0.01362
960.066 -0.01359
960.186 -0.01335
960.307 -0.01331
960.428 -0.01355
960.548 -0.01385
960.669 -0.01401
960.789 -0.014
960.91 -0.01382
961.03 -0.01345
961.151 -0.013
961.271 -0.0128
961.392 -0.01306
961.513 -0.01355
961.633 -0.01382
961.754 -0.0137
961.874 -0.01351
961.995 -0.01374
962.115 -0.01445
962.236 -0.01517
962.356 -0.01533
962.477 -0.01492
962.597 -0.01448
962.718 -0.01459
962.839 -0.01519
962.959 -0.01568
963.08 -0.01559
963.2 -0.01508
963.321 -0.01466
963.441 -0.01451
963.562 -0.01443
963.682 -0.0142
963.803 -0.01391
963.924 -0.01376
964.044 -0.01377
964.165 -0.01376
964.285 -0.01367
964.406 -0.01365
964.526 -0.01382
964.647 -0.0141
964.767 -0.01428
964.888 -0.01428
965.008 -0.01431
965.129 -0.01465
965.25 -0.01525
965.37 -0.01568
965.491 -0.01563
965.611 -0.01527
965.732 -0.01506
965.852 -0.01515
965.973 -0.01519
966.093 -0.01486
966.214 -0.01443
966.335 -0.01433
966.455 -0.01455
966.576 -0.01458
966.696 -0.01413
966.817 -0.01353
966.937 -0.01328
967.058 -0.01348
967.178 -0.01376
967.299 -0.01389
967.419 -0.01395
967.54 -0.01413
967.661 -0.0145
967.781 -0.01493
967.902 -0.0153
968.022 -0.01548
968.143 -0.01531
968.263 -0.01478
968.384 -0.01417
968.504 -0.01392
968.625 -0.01414
968.746 -0.01453
968.866 -0.01462
968.987 -0.01429
969.107 -0.01382
969.228 -0.01358
969.348 -0.01359
969.469 -0.01365
969.589 -0.01359
969.71 -0.01351
969.831 -0.01349
969.951 -0.01354
970.072 -0.01358
970.192 -0.01362
970.313 -0.0137
970.433 -0.01382
970.554 -0.01399
970.674 -0.01425
970.795 -0.0147
970.915 -0.01517
971.036 -0.01532
971.157 -0.01497
971.277 -0.01432
971.398 -0.0138
971.518 -0.01363
971.639 -0.0137
971.759 -0.01384
971.88 -0.01407
972 -0.01445
972.121 -0.0149
972.242 -0.01517
972.362 -0.01505
972.483 -0.01463
972.603 -0.01421
972.724 -0.01398
972.844 -0.01395
972.965 -0.01403
973.085 -0.01421
973.206 -0.01455
973.326 -0.01501
973.447 -0.01533
973.568 -0.01526
973.688 -0.01477
973.809 -0.01416
973.929 -0.01381
974.05 -0.01385
974.17 -0.0141
974.291 -0.01426
974.411 -0.01418
974.532 -0.01395
974.653 -0.01379
974.773 -0.01388
974.894 -0.01422
975.014 -0.01467
975.135 -0.01502
975.255 -0.01517
975.376 -0.01512
975.496 -0.01497
975.617 -0.01472
975.737 -0.01435
975.858 -0.01391
975.979 -0.01359
976.099 -0.01354
976.22 -0.01362
976.34 -0.01361
976.461 -0.01346
976.581 -0.01344
976.702 -0.01379
976.822 -0.0144
976.943 -0.01488
977.064 -0.01488
977.184 -0.01439
977.305 -0.01369
977.425 -0.01313
977.546 -0.01298
977.666 -0.0133
977.787 -0.01385
977.907 -0.01427
978.028 -0.01432
978.148 -0.01413
978.269 -0.01406
978.39 -0.01436
978.51 -0.01484
978.631 -0.01504
978.751 -0.01472
978.872 -0.01409
978.992 -0.01359
979.113 -0.01346
979.233 -0.01357
979.354 -0.01372
979.475 -0.01395
979.595 -0.0144
979.716 -0.01506
979.836 -0.01563
979.957 -0.01581
980.077 -0.01558
980.198 -0.01521
980.318 -0.01496
980.439 -0.01488
980.56 -0.01485
980.68 -0.01475
980.801 -0.01461
980.921 -0.01445
981.042 -0.01427
981.162 -0.01407
981.283 -0.01395
981.403 -0.01401
981.524 -0.01417
981.644 -0.01424
981.765 -0.01421
981.886 -0.01424
982.006 -0.01444
982.127 -0.01457
982.247 -0.01435
982.368 -0.01389
982.488 -0.01367
982.609 -0.01402
982.729 -0.01469
982.85 -0.01521
982.971 -0.01539
983.091 -0.01539
983.212 -0.01538
983.332 -0.01537
983.453 -0.01537
983.573 -0.01546
983.694 -0.01563
983.814 -0.01569
983.935 -0.01543
984.055 -0.01496
984.176 -0.01468
984.297 -0.01492
984.417 -0.01554
984.538 -0.01604
984.658 -0.01605
984.779 -0.01563
984.899 -0.01514
985.02 -0.01483
985.14 -0.01466
985.261 -0.01456
985.382 -0.01462
985.502 -0.01492
985.623 -0.01535
985.743 -0.01561
985.864 -0.01562
985.984 -0.01546
986.105 -0.01526
986.225 -0.01499
986.346 -0.01473
986.466 -0.0147
986.587 -0.01499
986.708 -0.01534
986.828 -0.01536
986.949 -0.01498
987.069 -0.01447
987.19 -0.01412
987.31 -0.01394
987.431 -0.01383
987.551 -0.01371
987.672 -0.01362
987.793 -0.01361
987.913 -0.01375
988.034 -0.01407
988.154 -0.01456
988.275 -0.01507
988.395 -0.0155
988.516 -0.01579
988.636 -0.0159
988.757 -0.01572
988.878 -0.01516
988.998 -0.01432
989.119 -0.01358
989.239 -0.01336
989.36 -0.0138
989.48 -0.0146
989.601 -0.01522
989.721 -0.01533
989.842 -0.01511
989.962 -0.015
990.083 -0.0152
990.204 -0.01543
990.324 -0.01527
990.445 -0.0147
990.565 -0.01419
990.686 -0.01411
990.806 -0.01435
990.927 -0.01449
991.047 -0.01439
991.168 -0.01432
991.289 -0.01455
991.409 -0.01491
991.53 -0.01496
991.65 -0.01457
991.771 -0.01407
991.891 -0.01385
992.012 -0.01399
992.132 -0.01416
992.253 -0.01412
992.373 -0.01389
992.494 -0.01369
992.615 -0.01367
992.735 -0.01383
992.856 -0.01407
992.976 -0.01428
993.097 -0.01441
993.217 -0.01438
993.338 -0.01425
993.458 -0.01415
993.579 -0.01425
993.7 -0.01449
993.82 -0.01466
993.941 -0.01463
994.061 -0.01454
994.182 -0.01468
994.302 -0.01505
994.423 -0.01531
994.543 -0.01519
994.664 -0.01489
994.784 -0.01484
994.905 -0.01512
995.026 -0.0153
995.146 -0.01503
995.267 -0.01448
995.387 -0.01414
995.508 -0.01428
995.628 -0.01466
995.749 -0.01486
995.869 -0.01479
995.99 -0.01467
996.111 -0.01478
996.231 -0.01511
996.352 -0.01536
996.472 -0.01524
996.593 -0.01481
996.713 -0.01445
996.834 -0.01449
996.954 -0.01483
997.075 -0.01502
997.195 -0.01484
997.316 -0.01454
997.437 -0.01448
997.557 -0.01466
997.678 -0.01474
997.798 -0.01452
997.919 -0.01428
998.039 -0.01445
998.16 -0.0151
998.28 -0.01573
998.401 -0.01578
998.522 -0.01519
998.642 -0.01446
998.763 -0.01418
998.883 -0.01442
999.004 -0.01472
999.124 -0.01473
999.245 -0.01463
999.365 -0.01489
999.486 -0.0156
999.607 -0.01629
999.727 -0.01647
999.848 -0.01615
999.968 -0.01568
1000.09 -0.01538
1000.21 -0.01525
1000.33 -0.01516
1000.45 -0.01502
1000.57 -0.01481
1000.69 -0.01456
1000.81 -0.01441
1000.93 -0.01457
1001.05 -0.01506
1001.17 -0.01564
1001.29 -0.01595
1001.41 -0.01587
1001.54 -0.01556
1001.66 -0.0152
1001.78 -0.01491
1001.9 -0.0147
1002.02 -0.01452
1002.14 -0.01426
1002.26 -0.01395
1002.38 -0.0138
1002.5 -0.01408
1002.62 -0.01479
1002.74 -0.01556
1002.86 -0.01599
1002.98 -0.01597
1003.1 -0.01567
1003.22 -0.01535
1003.34 -0.01517
1003.46 -0.01517
1003.58 -0.01529
1003.71 -0.01538
1003.83 -0.01541
1003.95 -0.0155
1004.07 -0.01583
1004.19 -0.01628
1004.31 -0.01649
1004.43 -0.01625
1004.55 -0.01578
1004.67 -0.01554
1004.79 -0.01565
1004.91 -0.01578
1005.03 -0.01551
1005.15 -0.01489
1005.27 -0.01435
1005.39 -0.01424
1005.51 -0.01444
1005.63 -0.01455
1005.75 -0.01436
1005.88 -0.01399
1006 -0.0137
1006.12 -0.01368
1006.24 -0.01394
1006.36 -0.01435
1006.48 -0.01474
1006.6 -0.01498
1006.72 -0.01511
1006.84 -0.01528
1006.96 -0.01551
1007.08 -0.01563
1007.2 -0.01545
1007.32 -0.0151
1007.44 -0.0149
1007.56 -0.01496
1007.68 -0.01504
1007.8 -0.01491
1007.92 -0.01466
1008.05 -0.01458
1008.17 -0.01477
1008.29 -0.01498
1008.41 -0.01486
1008.53 -0.01435
1008.65 -0.01371
1008.77 -0.01339
1008.89 -0.01362
1009.01 -0.01421
1009.13 -0.01472
1009.25 -0.01485
1009.37 -0.01473
1009.49 -0.01474
1009.61 -0.01508
1009.73 -0.01557
1009.85 -0.01588
1009.97 -0.01587
1010.09 -0.01565
1010.21 -0.0154
1010.34 -0.01521
1010.46 -0.01506
1010.58 -0.01486
1010.7 -0.01456
1010.82 -0.01419
1010.94 -0.01389
1011.06 -0.01381
1011.18 -0.01397
1011.3 -0.01429
1011.42 -0.01468
1011.54 -0.01512
1011.66 -0.01552
1011.78 -0.01573
1011.9 -0.01565
1012.02 -0.01539
1012.14 -0.01516
1012.26 -0.01499
1012.38 -0.01478
1012.51 -0.0145
1012.63 -0.01438
1012.75 -0.01463
1012.87 -0.01511
1012.99 -0.01542
1013.11 -0.01539
1013.23 -0.01524
1013.35 -0.01529
1013.47 -0.01554
1013.59 -0.01566
1013.71 -0.01547
1013.83 -0.01514
1013.95 -0.01501
1014.07 -0.01516
1014.19 -0.01535
1014.31 -0.01534
1014.43 -0.0151
1014.55 -0.01484
1014.68 -0.01473
1014.8 -0.01485
1014.92 -0.01514
1015.04 -0.01546
1015.16 -0.01561
1015.28 -0.01549
1015.4 -0.01522
1015.52 -0.01503
1015.64 -0.01502
1015.76 -0.01512
1015.88 -0.01522
1016 -0.01537
1016.12 -0.01569
1016.24 -0.01607
1016.36 -0.01619
1016.48 -0.01588
1016.6 -0.01529
1016.72 -0.01472
1016.85 -0.01434
1016.97 -0.01416
1017.09 -0.01419
1017.21 -0.01431
1017.33 -0.01428
1017.45 -0.01391
1017.57 -0.01343
1017.69 -0.01328
1017.81 -0.01359
1017.93 -0.01402
1018.05 -0.01424
1018.17 -0.01434
1018.29 -0.01456
1018.41 -0.01486
1018.53 -0.01502
1018.65 -0.0151
1018.77 -0.01534
1018.89 -0.01572
1019.02 -0.01584
1019.14 -0.01553
1019.26 -0.0151
1019.38 -0.01499
1019.5 -0.01512
1019.62 -0.01504
1019.74 -0.01452
1019.86 -0.01388
1019.98 -0.01357
1020.1 -0.01375
1020.22 -0.0142
1020.34 -0.01461
1020.46 -0.01483
1020.58 -0.01492
1020.7 -0.01503
1020.82 -0.01514
1020.94 -0.01504
1021.06 -0.01463
1021.19 -0.01419
1021.31 -0.01415
1021.43 -0.01466
1021.55 -0.0154
1021.67 -0.01595
1021.79 -0.01624
1021.91 -0.01645
1022.03 -0.01664
1022.15 -0.01667
1022.27 -0.01649
1022.39 -0.01625
1022.51 -0.01605
1022.63 -0.01574
1022.75 -0.01517
1022.87 -0.01455
1022.99 -0.01432
1023.11 -0.01468
1023.23 -0.01524
1023.36 -0.01543
1023.48 -0.01505
1023.6 -0.01436
1023.72 -0.01376
1023.84 -0.01349
1023.96 -0.01365
1024.08 -0.01414
1024.2 -0.01461
1024.32 -0.01462
1024.44 -0.01412
1024.56 -0.01368
1024.68 -0.01391
1024.8 -0.01475
1024.92 -0.01553
1025.04 -0.01577
1025.16 -0.01571
1025.28 -0.01588
1025.4 -0.01633
1025.52 -0.01663
1025.65 -0.01651
1025.77 -0.01616
1025.89 -0.01586
1026.01 -0.01559
1026.13 -0.01516
1026.25 -0.01468
1026.37 -0.01453
1026.49 -0.01482
1026.61 -0.01521
1026.73 -0.01528
1026.85 -0.01507
1026.97 -0.01492
1027.09 -0.01502
1027.21 -0.01515
1027.33 -0.01513
1027.45 -0.01507
1027.57 -0.01515
1027.69 -0.01528
1027.82 -0.01526
1027.94 -0.01514
1028.06 -0.01519
1028.18 -0.01546
1028.3 -0.01565
1028.42 -0.01553
1028.54 -0.01531
1028.66 -0.01536
1028.78 -0.01574
1028.9 -0.01608
1029.02 -0.01615
1029.14 -0.01608
1029.26 -0.01614
1029.38 -0.01626
1029.5 -0.01608
1029.62 -0.01549
1029.74 -0.01481
1029.86 -0.01447
1029.99 -0.01449
1030.11 -0.0146
1030.23 -0.01468
1030.35 -0.01492
1030.47 -0.01533
1030.59 -0.01559
1030.71 -0.01535
1030.83 -0.01479
1030.95 -0.01441
1031.07 -0.01439
1031.19 -0.01441
1031.31 -0.01424
1031.43 -0.01426
1031.55 -0.01498
1031.67 -0.01629
1031.79 -0.0174
1031.91 -0.01766
1032.03 -0.01715
1032.16 -0.01639
1032.28 -0.01577
1032.4 -0.01537
1032.52 -0.01519
1032.64 -0.01529
1032.76 -0.0156
1032.88 -0.01583
1033 -0.01573
1033.12 -0.01539
1033.24 -0.01502
1033.36 -0.01477
1033.48 -0.01461
1033.6 -0.01453
1033.72 -0.01462
1033.84 -0.01492
1033.96 -0.01527
1034.08 -0.01547
1034.2 -0.01544
1034.33 -0.01531
1034.45 -0.01518
1034.57 -0.01499
1034.69 -0.01465
1034.81 -0.01429
1034.93 -0.01417
1035.05 -0.0144
1035.17 -0.01476
1035.29 -0.01498
1035.41 -0.01509
1035.53 -0.01538
1035.65 -0.01596
1035.77 -0.01656
1035.89 -0.01678
1036.01 -0.01661
1036.13 -0.0164
1036.25 -0.01648
1036.37 -0.01676
1036.49 -0.01703
1036.62 -0.01723
1036.74 -0.01748
1036.86 -0.01769
1036.98 -0.01754
1037.1 -0.01684
1037.22 -0.01588
1037.34 -0.0152
1037.46 -0.01502
1037.58 -0.01507
1037.7 -0.01498
1037.82 -0.01475
1037.94 -0.01464
1038.06 -0.01479
1038.18 -0.01503
1038.3 -0.01517
1038.42 -0.01528
1038.54 -0.01552
1038.66 -0.01583
1038.79 -0.01598
1038.91 -0.01587
1039.03 -0.01574
1039.15 -0.01585
1039.27 -0.01606
1039.39 -0.01597
1039.51 -0.01541
1039.63 -0.01468
1039.75 -0.01429
1039.87 -0.0145
1039.99 -0.01513
1040.11 -0.01583
1040.23 -0.0163
1040.35 -0.01646
1040.47 -0.01638
1040.59 -0.01619
1040.71 -0.016
1040.83 -0.01578
1040.96 -0.01542
1041.08 -0.01484
1041.2 -0.01414
1041.32 -0.0136
1041.44 -0.01344
1041.56 -0.01374
1041.68 -0.01431
1041.8 -0.01487
1041.92 -0.01516
1042.04 -0.01505
1042.16 -0.01456
1042.28 -0.01399
1042.4 -0.01375
1042.52 -0.01412
1042.64 -0.01489
1042.76 -0.0156
1042.88 -0.01597
1043 -0.01613
1043.13 -0.01633
1043.25 -0.01653
1043.37 -0.01652
1043.49 -0.0163
1043.61 -0.01615
1043.73 -0.01629
1043.85 -0.01655
1043.97 -0.01658
1044.09 -0.01622
1044.21 -0.01562
1044.33 -0.01513
1044.45 -0.01496
1044.57 -0.01509
1044.69 -0.01527
1044.81 -0.01522
1044.93 -0.01486
1045.05 -0.01436
1045.17 -0.01412
1045.3 -0.01436
1045.42 -0.01496
1045.54 -0.0155
1045.66 -0.01567
1045.78 -0.01565
1045.9 -0.01587
1046.02 -0.01647
1046.14 -0.01695
1046.26 -0.01666
1046.38 -0.0156
1046.5 -0.01461
1046.62 -0.01455
1046.74 -0.01541
1046.86 -0.01639
1046.98 -0.01673
1047.1 -0.01638
1047.22 -0.0158
1047.34 -0.01532
1047.47 -0.01498
1047.59 -0.01474
1047.71 -0.01473
1047.83 -0.01514
1047.95 -0.01584
1048.07 -0.01637
1048.19 -0.01639
1048.31 -0.01606
1048.43 -0.01581
1048.55 -0.01585
1048.67 -0.01602
1048.79 -0.01609
1048.91 -0.01606
1049.03 -0.01603
1049.15 -0.01592
1049.27 -0.01562
1049.39 -0.01515
1049.51 -0.01474
1049.64 -0.01449
1049.76 -0.01423
1049.88 -0.01386
1050 -0.01358
1050.12 -0.01378
1050.24 -0.01458
1050.36 -0.01565
1050.48 -0.01645
1050.6 -0.01668
1050.72 -0.01645
1050.84 -0.01612
1050.96 -0.01599
1051.08 -0.01612
1051.2 -0.01641
1051.32 -0.01669
1051.44 -0.01679
1051.56 -0.01661
1051.68 -0.01623
1051.8 -0.01583
1051.93 -0.01555
1052.05 -0.01538
1052.17 -0.0153
1052.29 -0.01549
1052.41 -0.01605
1052.53 -0.01671
1052.65 -0.01692
1052.77 -0.01646
1052.89 -0.01572
1053.01 -0.01524
1053.13 -0.01511
1053.25 -0.015
1053.37 -0.01486
1053.49 -0.015
1053.61 -0.01557
1053.73 -0.01618
1053.85 -0.01629
1053.97 -0.0159
1054.1 -0.01554
1054.22 -0.0156
1054.34 -0.01596
1054.46 -0.01627
1054.58 -0.01641
1054.7 -0.01647
1054.82 -0.01646
1054.94 -0.01634
1055.06 -0.01617
1055.18 -0.01611
1055.3 -0.01617
1055.42 -0.01622
1055.54 -0.01611
1055.66 -0.0159
1055.78 -0.0157
1055.9 -0.0156
1056.02 -0.0156
1056.14 -0.01565
1056.27 -0.0156
1056.39 -0.0153
1056.51 -0.01484
1056.63 -0.01464
1056.75 -0.01502
1056.87 -0.01581
1056.99 -0.01644
1057.11 -0.01666
1057.23 -0.01666
1057.35 -0.01666
1057.47 -0.01651
1057.59 -0.01604
1057.71 -0.01542
1057.83 -0.01508
1057.95 -0.0152
1058.07 -0.01559
1058.19 -0.01592
1058.31 -0.01602
1058.44 -0.01586
1058.56 -0.01547
1058.68 -0.015
1058.8 -0.01468
1058.92 -0.0146
1059.04 -0.01471
1059.16 -0.01496
1059.28 -0.01528
1059.4 -0.01559
1059.52 -0.01579
1059.64 -0.01585
1059.76 -0.01593
1059.88 -0.01606
1060 -0.01611
1060.12 -0.016
1060.24 -0.01588
1060.36 -0.01595
1060.48 -0.01617
1060.61 -0.01636
1060.73 -0.01649
1060.85 -0.01673
1060.97 -0.01714
1061.09 -0.01753
1061.21 -0.01767
1061.33 -0.0176
1061.45 -0.01755
1061.57 -0.01758
1061.69 -0.01751
1061.81 -0.01714
1061.93 -0.01654
1062.05 -0.01599
1062.17 -0.01576
1062.29 -0.0159
1062.41 -0.01631
1062.53 -0.01674
1062.65 -0.01691
1062.78 -0.01668
1062.9 -0.01627
1063.02 -0.01617
1063.14 -0.01659
1063.26 -0.01709
1063.38 -0.01706
1063.5 -0.01643
1063.62 -0.01583
1063.74 -0.01577
1063.86 -0.01601
1063.98 -0.01596
1064.1 -0.01552
1064.22 -0.01513
1064.34 -0.01516
1064.46 -0.01544
1064.58 -0.01576
1064.7 -0.01619
1064.82 -0.01681
1064.95 -0.01728
1065.07 -0.01709
1065.19 -0.01621
1065.31 -0.01526
1065.43 -0.01493
1065.55 -0.01536
1065.67 -0.01617
1065.79 -0.01686
1065.91 -0.01708
1066.03 -0.01675
1066.15 -0.01608
1066.27 -0.0155
1066.39 -0.01529
1066.51 -0.01535
1066.63 -0.01531
1066.75 -0.01504
1066.87 -0.01486
1066.99 -0.01515
1067.11 -0.01585
1067.24 -0.01651
1067.36 -0.01678
1067.48 -0.01682
1067.6 -0.01706
1067.72 -0.01766
1067.84 -0.01824
1067.96 -0.01827
1068.08 -0.01763
1068.2 -0.01677
1068.32 -0.01623
1068.44 -0.01617
1068.56 -0.01629
1068.68 -0.01631
1068.8 -0.01626
1068.92 -0.01635
1069.04 -0.01661
1069.16 -0.01688
1069.28 -0.01703
1069.41 -0.01708
1069.53 -0.01716
1069.65 -0.01725
1069.77 -0.01728
1069.89 -0.01721
1070.01 -0.01705
1070.13 -0.01679
1070.25 -0.01644
1070.37 -0.01611
1070.49 -0.01587
1070.61 -0.01575
1070.73 -0.01577
1070.85 -0.01597
1070.97 -0.01633
1071.09 -0.01662
1071.21 -0.01664
1071.33 -0.01644
1071.45 -0.01621
1071.58 -0.01601
1071.7 -0.01569
1071.82 -0.0153
1071.94 -0.01509
1072.06 -0.0152
1072.18 -0.01539
1072.3 -0.01536
1072.42 -0.01524
1072.54 -0.01547
1072.66 -0.0162
1072.78 -0.01709
1072.9 -0.01761
1073.02 -0.01758
1073.14 -0.01718
1073.26 -0.01671
1073.38 -0.01633
1073.5 -0.01609
1073.62 -0.01593
1073.75 -0.01582
1073.87 -0.01581
1073.99 -0.01596
1074.11 -0.0162
1074.23 -0.0163
1074.35 -0.01618
1074.47 -0.01596
1074.59 -0.01582
1074.71 -0.01574
1074.83 -0.01565
1074.95 -0.01565
1075.07 -0.01591
1075.19 -0.01639
1075.31 -0.01674
1075.43 -0.01675
1075.55 -0.01661
1075.67 -0.01668
1075.79 -0.01703
1075.92 -0.01737
1076.04 -0.01745
1076.16 -0.01734
1076.28 -0.01725
1076.4 -0.01713
1076.52 -0.01673
1076.64 -0.01609
1076.76 -0.01561
1076.88 -0.01552
1077 -0.0156
1077.12 -0.01547
1077.24 -0.01528
1077.36 -0.01556
1077.48 -0.01648
1077.6 -0.01753
1077.72 -0.01797
1077.84 -0.01769
1077.96 -0.01712
1078.09 -0.01667
1078.21 -0.01646
1078.33 -0.01652
1078.45 -0.01688
1078.57 -0.01733
1078.69 -0.0173
1078.81 -0.01653
1078.93 -0.01554
1079.05 -0.01518
1079.17 -0.01565
1079.29 -0.01632
1079.41 -0.01656
1079.53 -0.01645
1079.65 -0.01646
1079.77 -0.01664
1079.89 -0.01665
1080.01 -0.0163
1080.13 -0.01591
1080.26 -0.01584
1080.38 -0.01592
1080.5 -0.01578
1080.62 -0.01537
1080.74 -0.01511
1080.86 -0.01539
1080.98 -0.01611
1081.1 -0.01679
1081.22 -0.01702
1081.34 -0.01679
1081.46 -0.0164
1081.58 -0.01614
1081.7 -0.0161
1081.82 -0.01613
1081.94 -0.01605
1082.06 -0.01587
1082.18 -0.01579
1082.3 -0.01597
1082.42 -0.01636
1082.55 -0.01668
1082.67 -0.01671
1082.79 -0.01645
1082.91 -0.01609
1083.03 -0.01591
1083.15 -0.016
1083.27 -0.01632
1083.39 -0.0167
1083.51 -0.01694
1083.63 -0.01689
1083.75 -0.01661
1083.87 -0.01641
1083.99 -0.0166
1084.11 -0.01712
1084.23 -0.01753
1084.35 -0.01747
1084.47 -0.01704
1084.59 -0.0167
1084.72 -0.0167
1084.84 -0.01692
1084.96 -0.01705
1085.08 -0.01697
1085.2 -0.01678
1085.32 -0.01669
1085.44 -0.01678
1085.56 -0.01699
1085.68 -0.0171
1085.8 -0.01696
1085.92 -0.01664
1086.04 -0.01638
1086.16 -0.01634
1086.28 -0.01651
1086.4 -0.01678
1086.52 -0.01705
1086.64 -0.01715
1086.76 -0.0169
1086.89 -0.01628
1087.01 -0.01561
1087.13 -0.0153
1087.25 -0.01545
1087.37 -0.01583
1087.49 -0.01612
1087.61 -0.01623
1087.73 -0.01624
1087.85 -0.01623
1087.97 -0.01615
1088.09 -0.01596
1088.21 -0.01577
1088.33 -0.01579
1088.45 -0.01611
1088.57 -0.01646
1088.69 -0.01644
1088.81 -0.01602
1088.93 -0.01563
1089.06 -0.01571
1089.18 -0.01616
1089.3 -0.01653
1089.42 -0.01652
1089.54 -0.01626
1089.66 -0.016
1089.78 -0.01578
1089.9 -0.01568
1090.02 -0.01588
1090.14 -0.01642
1090.26 -0.017
1090.38 -0.01721
1090.5 -0.01699
1090.62 -0.01671
1090.74 -0.0167
1090.86 -0.01684
1090.98 -0.01682
1091.1 -0.01663
1091.23 -0.01655
1091.35 -0.0168
1091.47 -0.01726
1091.59 -0.01749
1091.71 -0.01722
1091.83 -0.01661
1091.95 -0.01604
1092.07 -0.01577
1092.19 -0.01569
1092.31 -0.01566
1092.43 -0.01576
1092.55 -0.01629
1092.67 -0.01719
1092.79 -0.01795
1092.91 -0.01804
1093.03 -0.01749
1093.15 -0.01687
1093.27 -0.01674
1093.4 -0.01704
1093.52 -0.0173
1093.64 -0.01719
1093.76 -0.01685
1093.88 -0.0167
1094 -0.01688
1094.12 -0.01714
1094.24 -0.01714
1094.36 -0.01687
1094.48 -0.01662
1094.6 -0.0166
1094.72 -0.01672
1094.84 -0.01678
1094.96 -0.01672
1095.08 -0.01666
1095.2 -0.01665
1095.32 -0.01668
1095.44 -0.01677
1095.56 -0.01698
1095.69 -0.01732
1095.81 -0.01759
1095.93 -0.01763
1096.05 -0.01739
1096.17 -0.01711
1096.29 -0.01707
1096.41 -0.01737
1096.53 -0.01772
1096.65 -0.01766
1096.77 -0.01712
1096.89 -0.01662
1097.01 -0.01683
1097.13 -0.01772
1097.25 -0.01859
1097.37 -0.01881
1097.49 -0.01851
1097.61 -0.01816
1097.73 -0.01791
1097.86 -0.01754
1097.98 -0.01711
1098.1 -0.01702
1098.22 -0.01744
1098.34 -0.01795
1098.46 -0.01812
1098.58 -0.01802
1098.7 -0.01803
1098.82 -0.01813
1098.94 -0.01796
1099.06 -0.01738
1099.18 -0.01679
1099.3 -0.01657
1099.42 -0.01664
1099.54 -0.01663
1099.66 -0.0165
1099.78 -0.01654
1099.9 -0.01687
1100.03 -0.0172
1100.15 -0.01714
1100.27 -0.01668
1100.39 -0.01617
1100.51 -0.01596
1100.63 -0.0161
1100.75 -0.01638
1100.87 -0.01667
1100.99 -0.01689
1101.11 -0.01699
1101.23 -0.01688
1101.35 -0.01655
1101.47 -0.01613
1101.59 -0.01586
1101.71 -0.01598
1101.83 -0.0166
1101.95 -0.01758
1102.07 -0.01846
1102.2 -0.01858
1102.32 -0.01768
1102.44 -0.01625
1102.56 -0.01524
1102.68 -0.01524
1102.8 -0.01596
1102.92 -0.01669
1103.04 -0.01705
1103.16 -0.01723
1103.28 -0.01745
1103.4 -0.01768
1103.52 -0.01774
1103.64 -0.01765
1103.76 -0.01755
1103.88 -0.0174
1104 -0.01706
1104.12 -0.01661
1104.24 -0.01632
1104.37 -0.01629
1104.49 -0.0163
1104.61 -0.01606
1104.73 -0.01556
1104.85 -0.01501
1104.97 -0.01455
1105.09 -0.01428
1105.21 -0.01443
1105.33 -0.01515
1105.45 -0.01621
1105.57 -0.01707
1105.69 -0.01734
1105.81 -0.01715
1105.93 -0.01689
1106.05 -0.01679
1106.17 -0.01689
1106.29 -0.01718
1106.41 -0.01762
1106.54 -0.01799
1106.66 -0.01807
1106.78 -0.01793
1106.9 -0.01785
1107.02 -0.01789
1107.14 -0.0178
1107.26 -0.01746
1107.38 -0.01716
1107.5 -0.01727
1107.62 -0.01765
1107.74 -0.01782
1107.86 -0.01767
1107.98 -0.01764
1108.1 -0.01806
1108.22 -0.01857
1108.34 -0.01862
1108.46 -0.01817
1108.58 -0.01775
1108.7 -0.01761
1108.83 -0.01735
1108.95 -0.01657
1109.07 -0.01562
1109.19 -0.01531
1109.31 -0.01589
1109.43 -0.01668
1109.55 -0.01688
1109.67 -0.01645
1109.79 -0.01603
1109.91 -0.01607
1110.03 -0.01641
1110.15 -0.01659
1110.27 -0.01643
1110.39 -0.01609
1110.51 -0.01579
1110.63 -0.01561
1110.75 -0.01555
1110.87 -0.01564
1111 -0.0159
1111.12 -0.01633
1111.24 -0.01681
1111.36 -0.01712
1111.48 -0.01713
1111.6 -0.01697
1111.72 -0.0169
1111.84 -0.01697
1111.96 -0.01701
1112.08 -0.01696
1112.2 -0.01712
1112.32 -0.01772
1112.44 -0.01853
1112.56 -0.01894
1112.68 -0.01861
1112.8 -0.01785
1112.92 -0.01724
1113.04 -0.01705
1113.17 -0.01717
1113.29 -0.01733
1113.41 -0.01736
1113.53 -0.01719
1113.65 -0.01688
1113.77 -0.0166
1113.89 -0.0165
1114.01 -0.01652
1114.13 -0.01651
1114.25 -0.01645
1114.37 -0.0165
1114.49 -0.01669
1114.61 -0.01686
1114.73 -0.01687
1114.85 -0.01685
1114.97 -0.01705
1115.09 -0.01749
1115.21 -0.01788
1115.34 -0.01785
1115.46 -0.01734
1115.58 -0.01658
1115.7 -0.01594
1115.82 -0.01572
1115.94 -0.01599
1116.06 -0.01655
1116.18 -0.01711
1116.3 -0.01749
1116.42 -0.01764
1116.54 -0.01761
1116.66 -0.01748
1116.78 -0.0174
1116.9 -0.01754
1117.02 -0.01792
1117.14 -0.01828
1117.26 -0.01823
1117.38 -0.01774
1117.51 -0.01724
1117.63 -0.0172
1117.75 -0.01763
1117.87 -0.01807
1117.99 -0.01803
1118.11 -0.01748
1118.23 -0.01681
1118.35 -0.0164
1118.47 -0.01635
1118.59 -0.01656
1118.71 -0.01688
1118.83 -0.01716
1118.95 -0.01725
1119.07 -0.01711
1119.19 -0.0169
1119.31 -0.01685
1119.43 -0.01706
1119.55 -0.01741
1119.68 -0.01766
1119.8 -0.0177
1119.92 -0.01756
1120.04 -0.01733
1120.16 -0.01708
1120.28 -0.01695
1120.4 -0.01706
1120.52 -0.01737
1120.64 -0.01761
1120.76 -0.01754
1120.88 -0.01719
1121 -0.017
1121.12 -0.0174
1121.24 -0.01828
1121.36 -0.01897
1121.48 -0.01883
1121.6 -0.01794
1121.72 -0.01699
1121.84 -0.01664
1121.97 -0.01683
1122.09 -0.017
1122.21 -0.01681
1122.33 -0.01646
1122.45 -0.01637
1122.57 -0.01664
1122.69 -0.01707
1122.81 -0.01739
1122.93 -0.01752
1123.05 -0.01752
1123.17 -0.0175
1123.29 -0.01754
1123.41 -0.01761
1123.53 -0.01757
1123.65 -0.01728
1123.77 -0.01681
1123.89 -0.0164
1124.01 -0.01625
1124.14 -0.01628
1124.26 -0.01631
1124.38 -0.01626
1124.5 -0.01631
1124.62 -0.01664
1124.74 -0.01714
1124.86 -0.01744
1124.98 -0.01731
1125.1 -0.01694
1125.22 -0.01686
1125.34 -0.01736
1125.46 -0.01817
1125.58 -0.01872
1125.7 -0.01873
1125.82 -0.01834
1125.94 -0.01786
1126.06 -0.01744
1126.18 -0.01712
1126.31 -0.01702
1126.43 -0.01726
1126.55 -0.01769
1126.67 -0.01796
1126.79 -0.01788
1126.91 -0.01758
1127.03 -0.01741
1127.15 -0.01755
1127.27 -0.01789
1127.39 -0.01814
1127.51 -0.01817
1127.63 -0.0181
1127.75 -0.01816
1127.87 -0.01841
1127.99 -0.01858
1128.11 -0.01842
1128.23 -0.018
1128.35 -0.01759
1128.48 -0.01737
1128.6 -0.01725
1128.72 -0.01714
1128.84 -0.01714
1128.96 -0.01742
1129.08 -0.01786
1129.2 -0.01811
1129.32 -0.01795
1129.44 -0.01749
1129.56 -0.01695
1129.68 -0.01651
1129.8 -0.01627
1129.92 -0.01625
1130.04 -0.01633
1130.16 -0.01627
1130.28 -0.01602
1130.4 -0.01585
1130.52 -0.01608
1130.65 -0.01663
1130.77 -0.01709
1130.89 -0.01719
1131.01 -0.01715
1131.13 -0.01731
1131.25 -0.0177
1131.37 -0.01799
1131.49 -0.01796
1131.61 -0.01769
1131.73 -0.01741
1131.85 -0.01719
1131.97 -0.01695
1132.09 -0.01669
1132.21 -0.01657
1132.33 -0.01673
1132.45 -0.01714
1132.57 -0.01764
1132.69 -0.01799
1132.82 -0.01799
1132.94 -0.01768
1133.06 -0.01734
1133.18 -0.01724
1133.3 -0.01742
1133.42 -0.01761
1133.54 -0.01759
1133.66 -0.01744
1133.78 -0.01737
1133.9 -0.01739
1134.02 -0.01736
1134.14 -0.01723
1134.26 -0.01716
1134.38 -0.01728
1134.5 -0.01743
1134.62 -0.01732
1134.74 -0.01691
1134.86 -0.01651
1134.98 -0.01644
1135.11 -0.01678
1135.23 -0.01736
1135.35 -0.01791
1135.47 -0.01823
1135.59 -0.01821
1135.71 -0.01788
1135.83 -0.01746
1135.95 -0.01727
1136.07 -0.01758
1136.19 -0.01827
1136.31 -0.01893
1136.43 -0.01913
1136.55 -0.01886
1136.67 -0.01851
1136.79 -0.01843
1136.91 -0.01851
1137.03 -0.01841
1137.15 -0.01806
1137.28 -0.01776
1137.4 -0.01776
1137.52 -0.0179
1137.64 -0.0179
1137.76 -0.01783
1137.88 -0.01797
1138 -0.01827
1138.12 -0.01828
1138.24 -0.01772
1138.36 -0.01696
1138.48 -0.01659
1138.6 -0.01673
1138.72 -0.01694
1138.84 -0.01684
1138.96 -0.01662
1139.08 -0.01672
1139.2 -0.01721
1139.32 -0.01768
1139.45 -0.01775
1139.57 -0.01748
1139.69 -0.01725
1139.81 -0.01728
1139.93 -0.01742
1140.05 -0.01746
1140.17 -0.01735
1140.29 -0.01724
1140.41 -0.01722
1140.53 -0.01722
1140.65 -0.01722
1140.77 -0.01728
1140.89 -0.01745
1141.01 -0.01763
1141.13 -0.01773
1141.25 -0.01785
1141.37 -0.01818
1141.49 -0.01862
1141.62 -0.01879
1141.74 -0.01844
1141.86 -0.01782
1141.98 -0.01738
1142.1 -0.01722
1142.22 -0.01714
1142.34 -0.01704
1142.46 -0.01712
1142.58 -0.01751
1142.7 -0.01797
1142.82 -0.01815
1142.94 -0.01805
1143.06 -0.01796
1143.18 -0.01809
1143.3 -0.0183
1143.42 -0.01838
1143.54 -0.01827
1143.66 -0.01803
1143.79 -0.01775
1143.91 -0.01754
1144.03 -0.01749
1144.15 -0.01749
1144.27 -0.01729
1144.39 -0.01682
1144.51 -0.0164
1144.63 -0.01646
1144.75 -0.0171
1144.87 -0.0179
1144.99 -0.01838
1145.11 -0.01839
1145.23 -0.01819
1145.35 -0.01812
1145.47 -0.01829
1145.59 -0.0185
1145.71 -0.01852
1145.83 -0.01828
1145.96 -0.01797
1146.08 -0.01781
1146.2 -0.01781
1146.32 -0.01786
1146.44 -0.01791
1146.56 -0.01801
1146.68 -0.01815
1146.8 -0.01819
1146.92 -0.01805
1147.04 -0.01785
1147.16 -0.01773
1147.28 -0.01771
1147.4 -0.01779
1147.52 -0.01804
1147.64 -0.01847
1147.76 -0.01883
1147.88 -0.01877
1148 -0.0183
1148.12 -0.01782
1148.25 -0.01774
1148.37 -0.01802
1148.49 -0.01834
1148.61 -0.01852
1148.73 -0.01867
1148.85 -0.01887
1148.97 -0.01893
1149.09 -0.01861
1149.21 -0.01797
1149.33 -0.0174
1149.45 -0.01728
1149.57 -0.01751
1149.69 -0.01764
1149.81 -0.01729
1149.93 -0.01666
1150.05 -0.01629
1150.17 -0.01656
1150.29 -0.0173
1150.42 -0.01805
1150.54 -0.0185
1150.66 -0.01855
1150.78 -0.01824
1150.9 -0.01761
1151.02 -0.01687
1151.14 -0.01639
1151.26 -0.01649
1151.38 -0.01707
1151.5 -0.01774
1151.62 -0.01814
1151.74 -0.01822
1151.86 -0.01818
1151.98 -0.01827
1152.1 -0.01857
1152.22 -0.01895
1152.34 -0.01908
1152.46 -0.01879
1152.59 -0.01821
1152.71 -0.01768
1152.83 -0.01746
1152.95 -0.01756
1153.07 -0.01783
1153.19 -0.01821
1153.31 -0.01866
1153.43 -0.01906
1153.55 -0.01927
1153.67 -0.01921
1153.79 -0.01896
1153.91 -0.01865
1154.03 -0.01837
1154.15 -0.01818
1154.27 -0.01809
1154.39 -0.01804
1154.51 -0.01792
1154.63 -0.0177
1154.76 -0.01747
1154.88 -0.01737
1155 -0.01745
1155.12 -0.01771
1155.24 -0.01809
1155.36 -0.0185
1155.48 -0.01882
1155.6 -0.01891
1155.72 -0.0188
1155.84 -0.01858
1155.96 -0.0184
1156.08 -0.01834
1156.2 -0.01852
1156.32 -0.01897
1156.44 -0.01946
1156.56 -0.01956
1156.68 -0.01904
1156.8 -0.01812
1156.93 -0.0173
1157.05 -0.01691
1157.17 -0.01688
1157.29 -0.01699
1157.41 -0.01711
1157.53 -0.01732
1157.65 -0.01769
1157.77 -0.01812
1157.89 -0.01841
1158.01 -0.0185
1158.13 -0.01849
1158.25 -0.01852
1158.37 -0.01854
1158.49 -0.0184
1158.61 -0.01813
1158.73 -0.01804
1158.85 -0.01835
1158.97 -0.0188
1159.1 -0.01887
1159.22 -0.01841
1159.34 -0.01785
1159.46 -0.01773
1159.58 -0.01808
1159.7 -0.01848
1159.82 -0.01863
1159.94 -0.0186
1160.06 -0.01859
1160.18 -0.01857
1160.3 -0.01846
1160.42 -0.01834
1160.54 -0.01849
1160.66 -0.01895
1160.78 -0.01945
1160.9 -0.01966
1161.02 -0.01959
1161.14 -0.0195
1161.27 -0.01956
1161.39 -0.01963
1161.51 -0.01941
1161.63 -0.01876
1161.75 -0.01788
1161.87 -0.01723
1161.99 -0.0172
1162.11 -0.01782
1162.23 -0.01869
1162.35 -0.0192
1162.47 -0.01905
1162.59 -0.01852
1162.71 -0.01817
1162.83 -0.01829
1162.95 -0.01867
1163.07 -0.01886
1163.19 -0.01873
1163.31 -0.01849
1163.43 -0.01842
1163.56 -0.01857
1163.68 -0.01879
1163.8 -0.0189
1163.92 -0.01881
1164.04 -0.01848
1164.16 -0.01802
1164.28 -0.01767
1164.4 -0.01764
1164.52 -0.01793
1164.64 -0.01833
1164.76 -0.01863
1164.88 -0.01877
1165 -0.01874
1165.12 -0.01863
1165.24 -0.01858
1165.36 -0.01874
1165.48 -0.01902
1165.6 -0.01914
1165.73 -0.01893
1165.85 -0.01858
1165.97 -0.01849
1166.09 -0.01878
1166.21 -0.01907
1166.33 -0.0189
1166.45 -0.01824
1166.57 -0.01751
1166.69 -0.0172
1166.81 -0.01735
1166.93 -0.01764
1167.05 -0.01777
1167.17 -0.01775
1167.29 -0.01792
1167.41 -0.01844
1167.53 -0.01903
1167.65 -0.01919
1167.77 -0.01877
1167.9 -0.0182
1168.02 -0.018
1168.14 -0.01814
1168.26 -0.01819
1168.38 -0.01793
1168.5 -0.01772
1168.62 -0.01799
1168.74 -0.01856
1168.86 -0.01892
1168.98 -0.01885
1169.1 -0.01867
1169.22 -0.0187
1169.34 -0.01887
1169.46 -0.0188
1169.58 -0.01837
1169.7 -0.01781
1169.82 -0.01752
1169.94 -0.01779
1170.07 -0.01856
1170.19 -0.01946
1170.31 -0.01995
1170.43 -0.01973
1170.55 -0.019
1170.67 -0.0183
1170.79 -0.01808
1170.91 -0.01836
1171.03 -0.0188
1171.15 -0.01901
1171.27 -0.01876
1171.39 -0.01827
1171.51 -0.01795
1171.63 -0.018
1171.75 -0.01821
1171.87 -0.01825
1171.99 -0.01816
1172.11 -0.01824
1172.24 -0.01853
1172.36 -0.01863
1172.48 -0.01832
1172.6 -0.01791
1172.72 -0.01783
1172.84 -0.01803
1172.96 -0.01811
1173.08 -0.01797
1173.2 -0.01798
1173.32 -0.01841
1173.44 -0.01908
1173.56 -0.01965
1173.68 -0.0199
1173.8 -0.01983
1173.92 -0.01934
1174.04 -0.01846
1174.16 -0.01758
1174.28 -0.01723
1174.41 -0.01759
1174.53 -0.0183
1174.65 -0.01881
1174.77 -0.01888
1174.89 -0.01861
1175.01 -0.01822
1175.13 -0.01791
1175.25 -0.01783
1175.37 -0.0181
1175.49 -0.01864
1175.61 -0.01917
1175.73 -0.01938
1175.85 -0.01915
1175.97 -0.01871
1176.09 -0.01842
1176.21 -0.01853
1176.33 -0.01895
1176.45 -0.01939
1176.57 -0.01955
1176.7 -0.01934
1176.82 -0.01889
1176.94 -0.01849
1177.06 -0.01843
1177.18 -0.01867
1177.3 -0.01891
1177.42 -0.01886
1177.54 -0.01863
1177.66 -0.01853
1177.78 -0.01861
1177.9 -0.01861
1178.02 -0.01829
1178.14 -0.01785
1178.26 -0.01774
1178.38 -0.01813
1178.5 -0.01864
1178.62 -0.01875
1178.74 -0.01836
1178.87 -0.01786
1178.99 -0.01776
1179.11 -0.01819
1179.23 -0.01877
1179.35 -0.019
1179.47 -0.01879
1179.59 -0.01847
1179.71 -0.01843
1179.83 -0.01871
1179.95 -0.01909
1180.07 -0.01939
1180.19 -0.01971
1180.31 -0.02007
1180.43 -0.02029
1180.55 -0.02009
1180.67 -0.01955
1180.79 -0.01904
1180.91 -0.01886
1181.04 -0.01897
1181.16 -0.01907
1181.28 -0.01901
1181.4 -0.01888
1181.52 -0.01884
1181.64 -0.01892
1181.76 -0.01898
1181.88 -0.01895
1182 -0.01883
1182.12 -0.01866
1182.24 -0.01846
1182.36 -0.01824
1182.48 -0.01809
1182.6 -0.01818
1182.72 -0.01853
1182.84 -0.01899
1182.96 -0.01931
1183.08 -0.01933
1183.21 -0.01908
1183.33 -0.01863
1183.45 -0.01813
1183.57 -0.01779
1183.69 -0.01781
1183.81 -0.01821
1183.93 -0.01874
1184.05 -0.01908
1184.17 -0.01905
1184.29 -0.01876
1184.41 -0.0184
1184.53 -0.01815
1184.65 -0.01811
1184.77 -0.01829
1184.89 -0.01857
1185.01 -0.01881
1185.13 -0.0189
1185.25 -0.01881
1185.38 -0.01863
1185.5 -0.01849
1185.62 -0.01858
1185.74 -0.01896
1185.86 -0.01942
1185.98 -0.01958
1186.1 -0.01928
1186.22 -0.0188
1186.34 -0.01862
1186.46 -0.01885
1186.58 -0.01914
1186.7 -0.01904
1186.82 -0.01847
1186.94 -0.01783
1187.06 -0.0176
1187.18 -0.01792
1187.3 -0.01844
1187.42 -0.01871
1187.55 -0.01854
1187.67 -0.01824
1187.79 -0.01816
1187.91 -0.01828
1188.03 -0.01833
1188.15 -0.01818
1188.27 -0.01803
1188.39 -0.01802
1188.51 -0.01802
1188.63 -0.0179
1188.75 -0.01788
1188.87 -0.01826
1188.99 -0.01898
1189.11 -0.01961
1189.23 -0.01989
1189.35 -0.01995
1189.47 -0.01995
1189.59 -0.0198
1189.71 -0.01947
1189.84 -0.01924
1189.96 -0.01942
1190.08 -0.01988
1190.2 -0.02012
1190.32 -0.01986
1190.44 -0.01929
1190.56 -0.01882
1190.68 -0.01866
1190.8 -0.01877
1190.92 -0.01901
1191.04 -0.01917
1191.16 -0.01914
1191.28 -0.01901
1191.4 -0.019
1191.52 -0.01911
1191.64 -0.01911
1191.76 -0.01879
1191.88 -0.01833
1192.01 -0.01806
1192.13 -0.01804
1192.25 -0.01801
1192.37 -0.01778
1192.49 -0.01748
1192.61 -0.01734
1192.73 -0.01743
1192.85 -0.01777
1192.97 -0.01842
1193.09 -0.01928
1193.21 -0.01991
1193.33 -0.01982
1193.45 -0.01913
1193.57 -0.01864
1193.69 -0.01897
1193.81 -0.01984
1193.93 -0.02036
1194.05 -0.02001
1194.18 -0.01917
1194.3 -0.0186
1194.42 -0.01859
1194.54 -0.01887
1194.66 -0.01905
1194.78 -0.01901
1194.9 -0.01891
1195.02 -0.01892
1195.14 -0.01916
1195.26 -0.01959
1195.38 -0.01999
1195.5 -0.02016
1195.62 -0.02011
1195.74 -0.01998
1195.86 -0.01986
1195.98 -0.01969
1196.1 -0.01943
1196.22 -0.01921
1196.35 -0.0191
1196.47 -0.01896
1196.59 -0.01866
1196.71 -0.01836
1196.83 -0.01831
1196.95 -0.01855
1197.07 -0.01878
1197.19 -0.01882
1197.31 -0.01879
1197.43 -0.0189
1197.55 -0.01906
1197.67 -0.01907
1197.79 -0.01891
1197.91 -0.01875
1198.03 -0.01871
1198.15 -0.01866
1198.27 -0.01849
1198.39 -0.01828
1198.52 -0.01811
1198.64 -0.01796
1198.76 -0.0178
1198.88 -0.01777
1199 -0.01808
1199.12 -0.01866
1199.24 -0.01919
1199.36 -0.0194
1199.48 -0.01929
1199.6 -0.01911
1199.72 -0.01902
1199.84 -0.019
1199.96 -0.01902
1200.08 -0.01909
1200.2 -0.01921
1200.32 -0.01928
1200.44 -0.01918
1200.56 -0.01898
1200.69 -0.01889
1200.81 -0.01903
1200.93 -0.01931
1201.05 -0.01943
1201.17 -0.01915
1201.29 -0.01854
1201.41 -0.01799
1201.53 -0.01792
1201.65 -0.01841
1201.77 -0.01902
1201.89 -0.01924
1202.01 -0.01895
1202.13 -0.01851
1202.25 -0.01837
1202.37 -0.01863
1202.49 -0.01907
1202.61 -0.01946
1202.73 -0.0197
1202.85 -0.01971
1202.98 -0.01945
1203.1 -0.01912
1203.22 -0.01907
1203.34 -0.01939
1203.46 -0.01978
1203.58 -0.01988
1203.7 -0.01971
1203.82 -0.01956
1203.94 -0.01957
1204.06 -0.01957
1204.18 -0.01941
1204.3 -0.01917
1204.42 -0.01894
1204.54 -0.0187
1204.66 -0.01844
1204.78 -0.01835
1204.9 -0.01869
1205.02 -0.01933
1205.15 -0.01988
1205.27 -0.02006
1205.39 -0.02003
1205.51 -0.02009
1205.63 -0.02021
1205.75 -0.0201
1205.87 -0.01962
1205.99 -0.01904
1206.11 -0.01879
1206.23 -0.01899
1206.35 -0.01934
1206.47 -0.01951
1206.59 -0.01945
1206.71 -0.01936
1206.83 -0.0194
1206.95 -0.01953
1207.07 -0.01961
1207.19 -0.01961
1207.32 -0.01957
1207.44 -0.0195
1207.56 -0.01936
1207.68 -0.01913
1207.8 -0.01893
1207.92 -0.01897
1208.04 -0.01926
1208.16 -0.01954
1208.28 -0.01944
1208.4 -0.01901
1208.52 -0.01869
1208.64 -0.01888
1208.76 -0.01949
1208.88 -0.02005
1209 -0.02023
1209.12 -0.02013
1209.24 -0.01997
1209.36 -0.01979
1209.49 -0.01948
1209.61 -0.01906
1209.73 -0.01872
1209.85 -0.0186
1209.97 -0.01874
1210.09 -0.01906
1210.21 -0.01941
1210.33 -0.01958
1210.45 -0.01937
1210.57 -0.01887
1210.69 -0.01844
1210.81 -0.01836
1210.93 -0.0186
1211.05 -0.01892
1211.17 -0.01912
1211.29 -0.0192
1211.41 -0.01917
1211.53 -0.01902
1211.66 -0.01879
1211.78 -0.01862
1211.9 -0.01875
1212.02 -0.01931
1212.14 -0.02016
1212.26 -0.02093
1212.38 -0.02121
1212.5 -0.02084
1212.62 -0.02002
1212.74 -0.01915
1212.86 -0.01856
1212.98 -0.01842
1213.1 -0.01867
1213.22 -0.01905
1213.34 -0.01924
1213.46 -0.01909
1213.58 -0.01877
1213.7 -0.01864
1213.83 -0.01888
1213.95 -0.01919
1214.07 -0.0192
1214.19 -0.01881
1214.31 -0.01836
1214.43 -0.0182
1214.55 -0.01834
1214.67 -0.01854
1214.79 -0.01867
1214.91 -0.01883
1215.03 -0.01916
1215.15 -0.01953
1215.27 -0.01965
1215.39 -0.01942
1215.51 -0.01899
1215.63 -0.0186
1215.75 -0.01834
1215.87 -0.0182
1216 -0.01822
1216.12 -0.01845
1216.24 -0.01881
1216.36 -0.01912
1216.48 -0.01927
1216.6 -0.0193
1216.72 -0.01929
1216.84 -0.01926
1216.96 -0.01918
1217.08 -0.01918
1217.2 -0.01942
1217.32 -0.01982
1217.44 -0.02014
1217.56 -0.02024
1217.68 -0.02017
1217.8 -0.02012
1217.92 -0.02014
1218.04 -0.02019
1218.16 -0.02024
1218.29 -0.02023
1218.41 -0.02014
1218.53 -0.01997
1218.65 -0.01993
1218.77 -0.02013
1218.89 -0.02037
1219.01 -0.02015
1219.13 -0.0193
1219.25 -0.01829
1219.37 -0.01783
1219.49 -0.01816
1219.61 -0.01889
1219.73 -0.01953
1219.85 -0.01998
1219.97 -0.02035
1220.09 -0.02065
1220.21 -0.02074
1220.33 -0.02058
1220.46 -0.02032
1220.58 -0.02009
1220.7 -0.01986
1220.82 -0.01965
1220.94 -0.0195
1221.06 -0.01938
1221.18 -0.01914
1221.3 -0.01875
1221.42 -0.01847
1221.54 -0.01862
1221.66 -0.01922
1221.78 -0.01988
1221.9 -0.02026
1222.02 -0.02033
1222.14 -0.02034
1222.26 -0.02037
1222.38 -0.02026
1222.5 -0.01977
1222.63 -0.01905
1222.75 -0.01853
1222.87 -0.01857
1222.99 -0.01901
1223.11 -0.01935
1223.23 -0.01931
1223.35 -0.01908
1223.47 -0.01906
1223.59 -0.01934
1223.71 -0.01971
1223.83 -0.02002
1223.95 -0.02032
1224.07 -0.02065
1224.19 -0.02085
1224.31 -0.02078
1224.43 -0.02051
1224.55 -0.02024
1224.67 -0.02011
1224.8 -0.0201
1224.92 -0.02017
1225.04 -0.02028
1225.16 -0.02031
1225.28 -0.02012
1225.4 -0.01982
1225.52 -0.01971
1225.64 -0.01997
1225.76 -0.02029
1225.88 -0.02019
1226 -0.01959
1226.12 -0.01893
1226.24 -0.0187
1226.36 -0.01885
1226.48 -0.01899
1226.6 -0.0189
1226.72 -0.01882
1226.84 -0.01906
1226.97 -0.01959
1227.09 -0.02005
1227.21 -0.02021
1227.33 -0.02019
1227.45 -0.02026
1227.57 -0.02055
1227.69 -0.021
1227.81 -0.0214
1227.93 -0.02149
1228.05 -0.02116
1228.17 -0.02065
1228.29 -0.02035
1228.41 -0.02045
1228.53 -0.02063
1228.65 -0.02048
1228.77 -0.02001
1228.89 -0.0196
1229.01 -0.01948
1229.14 -0.01943
1229.26 -0.01917
1229.38 -0.01877
1229.5 -0.01849
1229.62 -0.01842
1229.74 -0.01845
1229.86 -0.01852
1229.98 -0.01873
1230.1 -0.01908
1230.22 -0.01939
1230.34 -0.01952
1230.46 -0.01953
1230.58 -0.01956
1230.7 -0.01964
1230.82 -0.01972
1230.94 -0.01983
1231.06 -0.01996
1231.18 -0.02001
1231.31 -0.01988
1231.43 -0.01968
1231.55 -0.01969
1231.67 -0.02003
1231.79 -0.02051
1231.91 -0.0209
1232.03 -0.02109
1232.15 -0.02105
1232.27 -0.0207
1232.39 -0.02004
1232.51 -0.01929
1232.63 -0.01884
1232.75 -0.01883
1232.87 -0.01909
1232.99 -0.01933
1233.11 -0.01945
1233.23 -0.01956
1233.35 -0.01977
1233.47 -0.02008
1233.6 -0.02042
1233.72 -0.02067
1233.84 -0.02076
1233.96 -0.02068
1234.08 -0.02052
1234.2 -0.02035
1234.32 -0.02019
1234.44 -0.02001
1234.56 -0.01988
1234.68 -0.0199
1234.8 -0.02006
1234.92 -0.02021
1235.04 -0.02025
1235.16 -0.0202
1235.28 -0.02022
1235.4 -0.02038
1235.52 -0.0206
1235.64 -0.02076
1235.77 -0.02088
1235.89 -0.02096
1236.01 -0.02094
1236.13 -0.02069
1236.25 -0.02022
1236.37 -0.01979
1236.49 -0.01968
1236.61 -0.01984
1236.73 -0.01994
1236.85 -0.01973
1236.97 -0.01937
1237.09 -0.01917
1237.21 -0.01926
1237.33 -0.01941
1237.45 -0.01936
1237.57 -0.01912
1237.69 -0.01897
1237.81 -0.01905
1237.94 -0.01922
1238.06 -0.01927
1238.18 -0.01916
1238.3 -0.01905
1238.42 -0.01899
1238.54 -0.01889
1238.66 -0.01862
1238.78 -0.01833
1238.9 -0.01829
1239.02 -0.01863
1239.14 -0.01923
1239.26 -0.01987
1239.38 -0.02038
1239.5 -0.02059
1239.62 -0.02039
1239.74 -0.01983
1239.86 -0.01926
1239.98 -0.01905
1240.11 -0.01931
1240.23 -0.01975
1240.35 -0.02003
1240.47 -0.01998
1240.59 -0.01973
1240.71 -0.01946
1240.83 -0.01933
1240.95 -0.01943
1241.07 -0.0197
1241.19 -0.02002
1241.31 -0.02026
1241.43 -0.02039
1241.55 -0.02048
1241.67 -0.0206
1241.79 -0.02076
1241.91 -0.02095
1242.03 -0.02107
1242.15 -0.02099
1242.28 -0.02064
1242.4 -0.02013
1242.52 -0.01968
1242.64 -0.01949
1242.76 -0.0196
1242.88 -0.0199
1243 -0.02025
1243.12 -0.02054
1243.24 -0.02078
1243.36 -0.02101
1243.48 -0.02124
1243.6 -0.02135
1243.72 -0.02121
1243.84 -0.02075
1243.96 -0.02012
1244.08 -0.0196
1244.2 -0.01945
1244.32 -0.0197
1244.45 -0.02009
1244.57 -0.02024
1244.69 -0.02004
1244.81 -0.01974
1244.93 -0.01961
1245.05 -0.01963
1245.17 -0.01954
1245.29 -0.01928
1245.41 -0.01906
1245.53 -0.01907
1245.65 -0.01925
1245.77 -0.01939
1245.89 -0.01943
1246.01 -0.0194
1246.13 -0.01934
1246.25 -0.0193
1246.37 -0.01943
1246.49 -0.01987
1246.61 -0.02049
1246.74 -0.02095
1246.86 -0.02106
1246.98 -0.02097
1247.1 -0.02088
1247.22 -0.02073
1247.34 -0.02038
1247.46 -0.02
1247.58 -0.01996
1247.7 -0.02033
1247.82 -0.02069
1247.94 -0.02065
1248.06 -0.0203
1248.18 -0.02008
1248.3 -0.02016
1248.42 -0.02032
1248.54 -0.0202
1248.66 -0.01974
1248.78 -0.01917
1248.91 -0.0187
1249.03 -0.01852
1249.15 -0.01873
1249.27 -0.01926
1249.39 -0.01986
1249.51 -0.02023
1249.63 -0.02033
1249.75 -0.02034
1249.87 -0.02036
1249.99 -0.02031
1250.11 -0.02016
1250.23 -0.02006
1250.35 -0.02009
1250.47 -0.02015
1250.59 -0.02011
1250.71 -0.02007
1250.83 -0.0202
1250.95 -0.02045
1251.08 -0.02056
1251.2 -0.02045
1251.32 -0.02029
1251.44 -0.02016
1251.56 -0.01993
1251.68 -0.01959
1251.8 -0.01937
1251.92 -0.01954
1252.04 -0.01993
1252.16 -0.0201
1252.28 -0.0199
1252.4 -0.0196
1252.52 -0.01951
1252.64 -0.01973
1252.76 -0.02011
1252.88 -0.02052
1253 -0.02085
1253.12 -0.02103
1253.25 -0.02102
1253.37 -0.02087
1253.49 -0.02071
1253.61 -0.02058
1253.73 -0.02052
1253.85 -0.02057
1253.97 -0.02076
1254.09 -0.02095
1254.21 -0.02096
1254.33 -0.02072
1254.45 -0.02044
1254.57 -0.02037
1254.69 -0.02058
1254.81 -0.02084
1254.93 -0.02083
1255.05 -0.02051
1255.17 -0.02019
1255.29 -0.02021
1255.42 -0.0206
1255.54 -0.02108
1255.66 -0.02134
1255.78 -0.02131
1255.9 -0.02109
1256.02 -0.0208
1256.14 -0.02059
1256.26 -0.02059
1256.38 -0.02081
1256.5 -0.02105
1256.62 -0.02106
1256.74 -0.02079
1256.86 -0.02041
1256.98 -0.02014
1257.1 -0.02003
1257.22 -0.02008
1257.34 -0.02027
1257.46 -0.02057
1257.59 -0.02082
1257.71 -0.02086
1257.83 -0.02061
1257.95 -0.02023
1258.07 -0.02
1258.19 -0.02012
1258.31 -0.02047
1258.43 -0.02075
1258.55 -0.02071
1258.67 -0.02038
1258.79 -0.01994
1258.91 -0.01951
1259.03 -0.01915
1259.15 -0.019
1259.27 -0.01932
1259.39 -0.02012
1259.51 -0.02104
1259.63 -0.02165
1259.76 -0.0218
1259.88 -0.02161
1260 -0.02127
1260.12 -0.0209
1260.24 -0.02061
1260.36 -0.0205
1260.48 -0.02056
1260.6 -0.02063
1260.72 -0.02058
1260.84 -0.02049
1260.96 -0.02053
1261.08 -0.0208
1261.2 -0.0212
1261.32 -0.02146
1261.44 -0.02139
1261.56 -0.02111
1261.68 -0.02102
1261.8 -0.02133
1261.92 -0.02172
1262.05 -0.02161
1262.17 -0.02087
1262.29 -0.02007
1262.41 -0.01982
1262.53 -0.02013
1262.65 -0.02047
1262.77 -0.02046
1262.89 -0.02019
1263.01 -0.01997
1263.13 -0.01993
1263.25 -0.01993
1263.37 -0.01979
1263.49 -0.01952
1263.61 -0.0193
1263.73 -0.01932
1263.85 -0.01954
1263.97 -0.01966
1264.09 -0.01942
1264.22 -0.01896
1264.34 -0.01878
1264.46 -0.01918
1264.58 -0.01997
1264.7 -0.02067
1264.82 -0.021
1264.94 -0.021
1265.06 -0.02079
1265.18 -0.02049
1265.3 -0.02029
1265.42 -0.02035
1265.54 -0.02058
1265.66 -0.02068
1265.78 -0.02051
1265.9 -0.02022
1266.02 -0.02006
1266.14 -0.02001
1266.26 -0.01994
1266.39 -0.01992
1266.51 -0.02014
1266.63 -0.02052
1266.75 -0.02068
1266.87 -0.02042
1266.99 -0.02003
1267.11 -0.01999
1267.23 -0.02032
1267.35 -0.02068
1267.47 -0.02075
1267.59 -0.02055
1267.71 -0.02027
1267.83 -0.01997
1267.95 -0.0197
1268.07 -0.01961
1268.19 -0.01981
1268.31 -0.02019
1268.43 -0.0205
1268.56 -0.02058
1268.68 -0.02045
1268.8 -0.02014
1268.92 -0.01967
1269.04 -0.01917
1269.16 -0.01891
1269.28 -0.01909
1269.4 -0.01962
1269.52 -0.02021
1269.64 -0.02058
1269.76 -0.02063
1269.88 -0.02042
1270 -0.02015
1270.12 -0.02008
1270.24 -0.02031
1270.36 -0.02071
1270.48 -0.02108
1270.6 -0.02133
1270.73 -0.02149
1270.85 -0.02155
1270.97 -0.02136
1271.09 -0.02092
1271.21 -0.02051
1271.33 -0.0205
1271.45 -0.02085
1271.57 -0.02113
1271.69 -0.02097
1271.81 -0.02044
1271.93 -0.02001
1272.05 -0.01995
1272.17 -0.02015
1272.29 -0.02032
1272.41 -0.02034
1272.53 -0.02037
1272.65 -0.02057
1272.77 -0.02095
1272.9 -0.02129
1273.02 -0.02138
1273.14 -0.02109
1273.26 -0.02058
1273.38 -0.02022
1273.5 -0.02028
1273.62 -0.02062
1273.74 -0.02084
1273.86 -0.0207
1273.98 -0.0204
1274.1 -0.02029
1274.22 -0.02052
1274.34 -0.02094
1274.46 -0.02132
1274.58 -0.02144
1274.7 -0.02112
1274.82 -0.02043
1274.94 -0.01976
1275.06 -0.01955
1275.19 -0.0198
1275.31 -0.02008
1275.43 -0.02006
1275.55 -0.01985
1275.67 -0.01975
1275.79 -0.01984
1275.91 -0.02003
1276.03 -0.02035
1276.15 -0.0208
1276.27 -0.02112
1276.39 -0.02097
1276.51 -0.02039
1276.63 -0.0199
1276.75 -0.01992
1276.87 -0.02029
1276.99 -0.0205
1277.11 -0.02032
1277.23 -0.02004
1277.36 -0.02004
1277.48 -0.0204
1277.6 -0.02095
1277.72 -0.02143
1277.84 -0.02161
1277.96 -0.02142
1278.08 -0.02096
1278.2 -0.02048
1278.32 -0.02022
1278.44 -0.02022
1278.56 -0.02033
1278.68 -0.0204
1278.8 -0.02043
1278.92 -0.02054
1279.04 -0.02077
1279.16 -0.02098
1279.28 -0.02102
1279.4 -0.02095
1279.53 -0.02096
1279.65 -0.02114
1279.77 -0.02131
1279.89 -0.02122
1280.01 -0.02088
1280.13 -0.02055
1280.25 -0.02043
1280.37 -0.02056
1280.49 -0.02083
1280.61 -0.02117
1280.73 -0.02149
1280.85 -0.02161
1280.97 -0.0214
1281.09 -0.02093
1281.21 -0.02056
1281.33 -0.0206
1281.45 -0.02105
1281.57 -0.02156
1281.7 -0.02174
1281.82 -0.02155
1281.94 -0.02131
1282.06 -0.02124
1282.18 -0.02122
1282.3 -0.02101
1282.42 -0.02062
1282.54 -0.02036
1282.66 -0.0204
1282.78 -0.02057
1282.9 -0.02063
1283.02 -0.02059
1283.14 -0.02066
1283.26 -0.0209
1283.38 -0.02114
1283.5 -0.02128
1283.62 -0.02136
1283.74 -0.02145
1283.87 -0.0215
1283.99 -0.02138
1284.11 -0.02109
1284.23 -0.02076
1284.35 -0.02054
1284.47 -0.0205
1284.59 -0.02053
1284.71 -0.02043
1284.83 -0.0202
1284.95 -0.02004
1285.07 -0.02017
1285.19 -0.02041
1285.31 -0.02032
1285.43 -0.01977
1285.55 -0.01919
1285.67 -0.01911
1285.79 -0.01956
1285.91 -0.0201
1286.04 -0.02032
1286.16 -0.02021
1286.28 -0.01998
1286.4 -0.01977
1286.52 -0.01974
1286.64 -0.02002
1286.76 -0.02058
1286.88 -0.02112
1287 -0.02127
1287.12 -0.02097
1287.24 -0.0205
1287.36 -0.0202
1287.48 -0.02021
1287.6 -0.02038
1287.72 -0.02045
1287.84 -0.0203
1287.96 -0.02006
1288.08 -0.02001
1288.2 -0.02027
1288.33 -0.0206
1288.45 -0.02069
1288.57 -0.02047
1288.69 -0.02024
1288.81 -0.02035
1288.93 -0.02088
1289.05 -0.02147
1289.17 -0.02166
1289.29 -0.02127
1289.41 -0.02063
1289.53 -0.02031
1289.65 -0.02054
1289.77 -0.02102
1289.89 -0.02127
1290.01 -0.02109
1290.13 -0.0207
1290.25 -0.02036
1290.37 -0.0202
1290.5 -0.02022
1290.62 -0.02034
1290.74 -0.02032
1290.86 -0.01994
1290.98 -0.01939
1291.1 -0.01922
1291.22 -0.01963
1291.34 -0.02019
1291.46 -0.02032
1291.58 -0.02001
1291.7 -0.01981
1291.82 -0.02008
1291.94 -0.02053
1292.06 -0.02073
1292.18 -0.02058
1292.3 -0.02035
1292.42 -0.0202
1292.54 -0.02011
1292.67 -0.02007
1292.79 -0.02015
1292.91 -0.02045
1293.03 -0.0209
1293.15 -0.02127
1293.27 -0.02131
1293.39 -0.02093
1293.51 -0.02036
1293.63 -0.02001
1293.75 -0.02011
1293.87 -0.02046
1293.99 -0.02071
1294.11 -0.02073
1294.23 -0.02071
1294.35 -0.02089
1294.47 -0.0212
1294.59 -0.02145
1294.71 -0.02153
1294.84 -0.02151
1294.96 -0.02138
1295.08 -0.02109
1295.2 -0.02064
1295.32 -0.02026
1295.44 -0.02019
1295.56 -0.02036
1295.68 -0.02042
1295.8 -0.02016
1295.92 -0.01982
1296.04 -0.01983
1296.16 -0.02039
1296.28 -0.02128
1296.4 -0.02207
1296.52 -0.02245
1296.64 -0.02228
1296.76 -0.02163
1296.88 -0.02078
1297.01 -0.02015
1297.13 -0.02004
1297.25 -0.02042
1297.37 -0.02098
1297.49 -0.0213
1297.61 -0.02115
1297.73 -0.02065
1297.85 -0.02023
1297.97 -0.02031
1298.09 -0.02082
1298.21 -0.02122
1298.33 -0.02104
1298.45 -0.02046
1298.57 -0.02007
1298.69 -0.0201
1298.81 -0.02024
1298.93 -0.02012
1299.05 -0.01986
1299.18 -0.0198
1299.3 -0.02003
1299.42 -0.02034
1299.54 -0.02062
1299.66 -0.02096
1299.78 -0.02138
1299.9 -0.02174
1300.02 -0.02186
1300.14 -0.02172
1300.26 -0.02151
1300.38 -0.02135
1300.5 -0.02123
1300.62 -0.02112
1300.74 -0.02101
1300.86 -0.02095
1300.98 -0.02101
1301.1 -0.02113
1301.22 -0.0212
1301.34 -0.02113
1301.47 -0.02096
1301.59 -0.02081
1301.71 -0.02066
1301.83 -0.02048
1301.95 -0.02034
1302.07 -0.02041
1302.19 -0.02068
1302.31 -0.02093
1302.43 -0.02098
1302.55 -0.02093
1302.67 -0.02105
1302.79 -0.02143
1302.91 -0.0218
1303.03 -0.02178
1303.15 -0.02133
1303.27 -0.02073
1303.39 -0.02042
1303.51 -0.02062
1303.64 -0.02121
1303.76 -0.02182
1303.88 -0.02208
1304 -0.02186
1304.12 -0.0213
1304.24 -0.02074
1304.36 -0.0205
1304.48 -0.02068
1304.6 -0.02114
1304.72 -0.02161
1304.84 -0.02187
1304.96 -0.02192
1305.08 -0.02182
1305.2 -0.02166
1305.32 -0.02151
1305.44 -0.02151
1305.56 -0.02172
1305.68 -0.02198
1305.81 -0.02199
1305.93 -0.02167
1306.05 -0.02128
1306.17 -0.02112
1306.29 -0.02117
1306.41 -0.02122
1306.53 -0.0212
1306.65 -0.02123
1306.77 -0.0214
1306.89 -0.02159
1307.01 -0.02164
1307.13 -0.02159
1307.25 -0.02164
1307.37 -0.02196
1307.49 -0.02237
1307.61 -0.02253
1307.73 -0.02227
1307.85 -0.02182
1307.98 -0.0216
1308.1 -0.02182
1308.22 -0.02223
1308.34 -0.02239
1308.46 -0.02215
1308.58 -0.02172
1308.7 -0.02139
1308.82 -0.02129
1308.94 -0.02138
1309.06 -0.02158
1309.18 -0.02181
1309.3 -0.02187
1309.42 -0.02169
1309.54 -0.02142
1309.66 -0.02131
1309.78 -0.0214
1309.9 -0.02141
1310.02 -0.02111
1310.15 -0.02063
1310.27 -0.02034
1310.39 -0.02045
1310.51 -0.02085
1310.63 -0.02125
1310.75 -0.02147
1310.87 -0.02148
1310.99 -0.02138
1311.11 -0.0213
1311.23 -0.02132
1311.35 -0.02142
1311.47 -0.02152
1311.59 -0.02154
1311.71 -0.02144
1311.83 -0.02127
1311.95 -0.02102
1312.07 -0.02069
1312.19 -0.02039
1312.32 -0.0203
1312.44 -0.02055
1312.56 -0.02099
1312.68 -0.02128
1312.8 -0.02132
1312.92 -0.0213
1313.04 -0.02151
1313.16 -0.02191
1313.28 -0.02224
1313.4 -0.02229
1313.52 -0.02208
1313.64 -0.02177
1313.76 -0.02149
1313.88 -0.02135
1314 -0.02138
1314.12 -0.02147
1314.24 -0.02145
1314.36 -0.0213
1314.48 -0.02122
1314.61 -0.0213
1314.73 -0.02139
1314.85 -0.02126
1314.97 -0.02099
1315.09 -0.02087
1315.21 -0.02105
1315.33 -0.02139
1315.45 -0.02159
1315.57 -0.02157
1315.69 -0.02145
1315.81 -0.02143
1315.93 -0.02154
1316.05 -0.02169
1316.17 -0.02176
1316.29 -0.0218
1316.41 -0.02189
1316.53 -0.02198
1316.65 -0.02186
1316.78 -0.02144
1316.9 -0.02101
1317.02 -0.021
1317.14 -0.02152
1317.26 -0.02216
1317.38 -0.02244
1317.5 -0.02221
1317.62 -0.02173
1317.74 -0.02138
1317.86 -0.02134
1317.98 -0.02158
1318.1 -0.0219
1318.22 -0.02208
1318.34 -0.02207
1318.46 -0.02199
1318.58 -0.02192
1318.7 -0.02178
1318.82 -0.02147
1318.95 -0.02108
1319.07 -0.02087
1319.19 -0.02094
1319.31 -0.0211
1319.43 -0.02117
1319.55 -0.02127
1319.67 -0.02162
1319.79 -0.02213
1319.91 -0.02237
1320.03 -0.02197
1320.15 -0.0211
1320.27 -0.02035
1320.39 -0.02024
1320.51 -0.02079
1320.63 -0.02159
1320.75 -0.02212
1320.87 -0.02215
1320.99 -0.02179
1321.12 -0.02135
1321.24 -0.02111
1321.36 -0.02116
1321.48 -0.02138
1321.6 -0.02159
1321.72 -0.02174
1321.84 -0.02189
1321.96 -0.02212
1322.08 -0.02239
1322.2 -0.0225
1322.32 -0.02228
1322.44 -0.02174
1322.56 -0.02115
1322.68 -0.02087
1322.8 -0.02104
1322.92 -0.02148
1323.04 -0.02188
1323.16 -0.02214
1323.29 -0.02231
1323.41 -0.02244
1323.53 -0.02242
1323.65 -0.02216
1323.77 -0.02179
1323.89 -0.02147
1324.01 -0.02126
1324.13 -0.02114
1324.25 -0.02115
1324.37 -0.02137
1324.49 -0.02174
1324.61 -0.02208
1324.73 -0.02227
1324.85 -0.02237
1324.97 -0.02244
1325.09 -0.02241
1325.21 -0.02215
1325.33 -0.02169
1325.46 -0.02122
1325.58 -0.02099
1325.7 -0.02112
1325.82 -0.02156
1325.94 -0.02208
1326.06 -0.02246
1326.18 -0.02257
1326.3 -0.02242
1326.42 -0.02209
1326.54 -0.02171
1326.66 -0.0214
1326.78 -0.02132
1326.9 -0.02145
1327.02 -0.0216
1327.14 -0.0216
1327.26 -0.02151
1327.38 -0.02164
1327.5 -0.02215
1327.62 -0.02284
1327.75 -0.02332
1327.87 -0.02339
1327.99 -0.02322
1328.11 -0.0231
1328.23 -0.0231
1328.35 -0.02309
1328.47 -0.02289
1328.59 -0.02254
1328.71 -0.02223
1328.83 -0.02213
1328.95 -0.02224
1329.07 -0.02241
1329.19 -0.02245
1329.31 -0.0223
1329.43 -0.02207
1329.55 -0.02194
1329.67 -0.02193
1329.79 -0.02191
1329.92 -0.0218
1330.04 -0.02172
1330.16 -0.02189
1330.28 -0.02228
1330.4 -0.02258
1330.52 -0.0225
1330.64 -0.02213
1330.76 -0.02187
1330.88 -0.02201
1331 -0.02243
1331.12 -0.02276
1331.24 -0.02274
1331.36 -0.02241
1331.48 -0.02209
1331.6 -0.02205
1331.72 -0.02233
1331.84 -0.02278
1331.96 -0.02312
1332.09 -0.02318
1332.21 -0.02302
1332.33 -0.02281
1332.45 -0.02268
1332.57 -0.02261
1332.69 -0.02252
1332.81 -0.02244
1332.93 -0.02242
1333.05 -0.02244
1333.17 -0.02235
1333.29 -0.02213
1333.41 -0.022
1333.53 -0.02223
1333.65 -0.02272
1333.77 -0.02302
1333.89 -0.0228
1334.01 -0.02226
1334.13 -0.02188
1334.26 -0.02188
1334.38 -0.02204
1334.5 -0.02215
1334.62 -0.02234
1334.74 -0.02279
1334.86 -0.02332
1334.98 -0.02348
1335.1 -0.02316
1335.22 -0.02282
1335.34 -0.02291
1335.46 -0.02329
1335.58 -0.02345
1335.7 -0.0232
1335.82 -0.02289
1335.94 -0.02287
1336.06 -0.0231
1336.18 -0.02343
1336.3 -0.02391
1336.43 -0.02453
1336.55 -0.02494
1336.67 -0.02472
1336.79 -0.02396
1336.91 -0.02331
1337.03 -0.02327
1337.15 -0.02369
1337.27 -0.02407
1337.39 -0.02414
1337.51 -0.02395
1337.63 -0.02368
1337.75 -0.02352
1337.87 -0.02355
1337.99 -0.0237
1338.11 -0.02365
1338.23 -0.02326
1338.35 -0.02281
1338.47 -0.02273
1338.6 -0.02311
1338.72 -0.02359
1338.84 -0.02384
1338.96 -0.02391
1339.08 -0.02395
1339.2 -0.02393
1339.32 -0.02371
1339.44 -0.02337
1339.56 -0.02319
1339.68 -0.02329
1339.8 -0.0235
1339.92 -0.02357
1340.04 -0.02347
1340.16 -0.02335
1340.28 -0.02338
1340.4 -0.02355
1340.52 -0.02372
1340.64 -0.02371
1340.77 -0.02352
1340.89 -0.02335
1341.01 -0.0234
1341.13 -0.02365
1341.25 -0.02382
1341.37 -0.02374
1341.49 -0.02354
1341.61 -0.02353
1341.73 -0.02379
1341.85 -0.02397
1341.97 -0.02371
1342.09 -0.02303
1342.21 -0.02238
1342.33 -0.02214
1342.45 -0.02233
1342.57 -0.02269
1342.69 -0.023
1342.81 -0.02322
1342.93 -0.02344
1343.06 -0.02369
1343.18 -0.02393
1343.3 -0.02401
1343.42 -0.02376
1343.54 -0.02317
1343.66 -0.02254
1343.78 -0.02221
1343.9 -0.02228
1344.02 -0.02256
1344.14 -0.02278
1344.26 -0.02286
1344.38 -0.02279
1344.5 -0.02268
1344.62 -0.02263
1344.74 -0.02276
1344.86 -0.02303
1344.98 -0.02321
1345.1 -0.02313
1345.23 -0.0228
1345.35 -0.02242
1345.47 -0.02211
1345.59 -0.022
1345.71 -0.02213
1345.83 -0.02252
1345.95 -0.02301
1346.07 -0.02343
1346.19 -0.02366
1346.31 -0.02367
1346.43 -0.02342
1346.55 -0.02297
1346.67 -0.02263
1346.79 -0.02277
1346.91 -0.02347
1347.03 -0.02439
1347.15 -0.02503
1347.27 -0.02508
1347.4 -0.02462
1347.52 -0.02401
1347.64 -0.02375
1347.76 -0.02407
1347.88 -0.02476
1348 -0.0253
1348.12 -0.0254
1348.24 -0.02522
1348.36 -0.02511
1348.48 -0.02516
1348.6 -0.02529
1348.72 -0.02536
1348.84 -0.02533
1348.96 -0.02514
1349.08 -0.02478
1349.2 -0.02443
1349.32 -0.02436
1349.44 -0.02461
1349.57 -0.02496
1349.69 -0.02515
1349.81 -0.02514
1349.93 -0.025
1350.05 -0.02481
1350.17 -0.02459
1350.29 -0.02439
1350.41 -0.02426
1350.53 -0.02419
1350.65 -0.02417
1350.77 -0.02419
1350.89 -0.02419
1351.01 -0.02402
1351.13 -0.02369
1351.25 -0.02348
1351.37 -0.02364
1351.49 -0.02405
1351.61 -0.02429
1351.74 -0.02419
1351.86 -0.02405
1351.98 -0.02425
1352.1 -0.02469
1352.22 -0.02494
1352.34 -0.02485
1352.46 -0.02478
1352.58 -0.02505
1352.7 -0.02548
1352.82 -0.02553
1352.94 -0.02501
1353.06 -0.02431
1353.18 -0.02399
1353.3 -0.02416
1353.42 -0.02439
1353.54 -0.02433
1353.66 -0.02414
1353.78 -0.02426
1353.91 -0.02479
1354.03 -0.02529
1354.15 -0.02532
1354.27 -0.02492
1354.39 -0.02452
1354.51 -0.02433
1354.63 -0.02406
1354.75 -0.02353
1354.87 -0.02309
1354.99 -0.02318
1355.11 -0.0237
1355.23 -0.02397
1355.35 -0.02365
1355.47 -0.02314
1355.59 -0.02303
1355.71 -0.02333
1355.83 -0.02354
1355.95 -0.02336
1356.07 -0.02305
1356.2 -0.02305
1356.32 -0.02348
1356.44 -0.02412
1356.56 -0.02471
1356.68 -0.02508
1356.8 -0.02514
1356.92 -0.02489
1357.04 -0.02452
1357.16 -0.02419
1357.28 -0.02393
1357.4 -0.02368
1357.52 -0.02346
1357.64 -0.02338
1357.76 -0.0234
1357.88 -0.02335
1358 -0.02311
1358.12 -0.02272
1358.24 -0.02237
1358.37 -0.02223
1358.49 -0.02237
1358.61 -0.02278
1358.73 -0.0233
1358.85 -0.02369
1358.97 -0.02378
1359.09 -0.02365
1359.21 -0.02349
1359.33 -0.02345
1359.45 -0.02355
1359.57 -0.02366
1359.69 -0.02365
1359.81 -0.02349
1359.93 -0.02328
1360.05 -0.0232
1360.17 -0.02327
1360.29 -0.02335
1360.41 -0.0233
1360.54 -0.02314
1360.66 -0.02303
1360.78 -0.02305
1360.9 -0.02315
1361.02 -0.02332
1361.14 -0.02355
1361.26 -0.02372
1361.38 -0.02361
1361.5 -0.02313
1361.62 -0.02251
1361.74 -0.02219
1361.86 -0.02243
1361.98 -0.02309
1362.1 -0.02373
1362.22 -0.02397
1362.34 -0.02381
1362.46 -0.02355
1362.58 -0.02344
1362.71 -0.02348
1362.83 -0.0235
1362.95 -0.02347
1363.07 -0.02346
1363.19 -0.02346
1363.31 -0.02335
1363.43 -0.0231
1363.55 -0.02303
1363.67 -0.02338
1363.79 -0.02396
1363.91 -0.02423
1364.03 -0.02379
1364.15 -0.02284
1364.27 -0.02195
1364.39 -0.02157
1364.51 -0.02167
1364.63 -0.0219
1364.75 -0.02202
1364.88 -0.02217
1365 -0.02265
1365.12 -0.02341
1365.24 -0.02395
1365.36 -0.02384
1365.48 -0.02318
1365.6 -0.02257
1365.72 -0.0224
1365.84 -0.02252
1365.96 -0.02256
1366.08 -0.02249
1366.2 -0.02253
1366.32 -0.0228
1366.44 -0.02316
1366.56 -0.0234
1366.68 -0.02346
1366.8 -0.02345
1366.92 -0.02353
1367.05 -0.02381
1367.17 -0.02422
1367.29 -0.02452
1367.41 -0.02446
1367.53 -0.02398
1367.65 -0.02332
1367.77 -0.02285
1367.89 -0.02283
1368.01 -0.02326
1368.13 -0.02381
1368.25 -0.024
1368.37 -0.02359
1368.49 -0.02282
1368.61 -0.02226
1368.73 -0.02223
1368.85 -0.02265
1368.97 -0.02319
1369.09 -0.02368
1369.21 -0.02409
1369.34 -0.02431
1369.46 -0.02416
1369.58 -0.02367
1369.7 -0.02314
1369.82 -0.02299
1369.94 -0.02336
1370.06 -0.02405
1370.18 -0.02467
1370.3 -0.0249
1370.42 -0.02471
1370.54 -0.02428
1370.66 -0.02385
1370.78 -0.02353
1370.9 -0.02331
1371.02 -0.02311
1371.14 -0.02292
1371.26 -0.02273
1371.38 -0.02258
1371.51 -0.02253
1371.63 -0.02267
1371.75 -0.02296
1371.87 -0.0232
1371.99 -0.02324
1372.11 -0.02318
1372.23 -0.0232
1372.35 -0.02332
1372.47 -0.02337
1372.59 -0.02322
1372.71 -0.02295
1372.83 -0.02272
1372.95 -0.02254
1373.07 -0.02236
1373.19 -0.0222
1373.31 -0.02219
1373.43 -0.02237
1373.55 -0.0226
1373.68 -0.02274
1373.8 -0.02276
1373.92 -0.02278
1374.04 -0.0229
1374.16 -0.02306
1374.28 -0.02319
1374.4 -0.02324
1374.52 -0.02324
1374.64 -0.02323
1374.76 -0.02323
1374.88 -0.02327
1375 -0.02339
1375.12 -0.02352
1375.24 -0.02351
1375.36 -0.02322
1375.48 -0.02273
1375.6 -0.02234
1375.72 -0.02231
1375.85 -0.02259
1375.97 -0.02298
1376.09 -0.02337
1376.21 -0.02383
1376.33 -0.02436
1376.45 -0.02465
1376.57 -0.02439
1376.69 -0.02353
1376.81 -0.02246
1376.93 -0.02177
1377.05 -0.02189
1377.17 -0.02277
1377.29 -0.02381
1377.41 -0.02432
1377.53 -0.02403
1377.65 -0.02336
1377.77 -0.0229
1377.89 -0.02282
1378.02 -0.02288
1378.14 -0.0229
1378.26 -0.02299
1378.38 -0.02324
1378.5 -0.02349
1378.62 -0.02356
1378.74 -0.0235
1378.86 -0.02348
1378.98 -0.02354
1379.1 -0.02358
1379.22 -0.02361
1379.34 -0.02365
1379.46 -0.0236
1379.58 -0.02335
1379.7 -0.02304
1379.82 -0.02295
1379.94 -0.02312
1380.06 -0.02328
1380.19 -0.02325
1380.31 -0.02325
1380.43 -0.02354
1380.55 -0.024
1380.67 -0.02422
1380.79 -0.02406
1380.91 -0.02384
1381.03 -0.02393
1381.15 -0.02427
1381.27 -0.02459
1381.39 -0.02481
1381.51 -0.025
1381.63 -0.02512
1381.75 -0.02494
1381.87 -0.0244
1381.99 -0.02391
1382.11 -0.02394
1382.23 -0.02446
1382.36 -0.02493
1382.48 -0.02499
1382.6 -0.02483
1382.72 -0.0248
1382.84 -0.02487
1382.96 -0.02461
1383.08 -0.02393
1383.2 -0.02328
1383.32 -0.02309
1383.44 -0.02325
1383.56 -0.0233
1383.68 -0.02308
1383.8 -0.02289
1383.92 -0.02295
1384.04 -0.02317
1384.16 -0.02333
1384.28 -0.02344
1384.4 -0.02361
1384.52 -0.02381
1384.65 -0.02397
1384.77 -0.02413
1384.89 -0.02437
1385.01 -0.02457
1385.13 -0.02446
1385.25 -0.02401
1385.37 -0.02369
1385.49 -0.02389
1385.61 -0.02447
1385.73 -0.02481
1385.85 -0.02462
1385.97 -0.02422
1386.09 -0.02409
1386.21 -0.02428
1386.33 -0.02444
1386.45 -0.02438
1386.57 -0.02434
1386.69 -0.02452
1386.82 -0.0247
1386.94 -0.02456
1387.06 -0.02416
1387.18 -0.02398
1387.3 -0.02427
1387.42 -0.02474
1387.54 -0.02492
1387.66 -0.02473
1387.78 -0.02447
1387.9 -0.02441
1388.02 -0.02455
1388.14 -0.02471
1388.26 -0.02478
1388.38 -0.02473
1388.5 -0.02459
1388.62 -0.02445
1388.74 -0.02435
1388.86 -0.02427
1388.99 -0.02413
1389.11 -0.02395
1389.23 -0.02388
1389.35 -0.02397
1389.47 -0.0241
1389.59 -0.02406
1389.71 -0.02387
1389.83 -0.02371
1389.95 -0.02373
1390.07 -0.02384
1390.19 -0.0239
1390.31 -0.02392
1390.43 -0.02403
1390.55 -0.02429
1390.67 -0.02457
1390.79 -0.02473
1390.91 -0.02471
1391.03 -0.02458
1391.16 -0.02448
1391.28 -0.02452
1391.4 -0.02475
1391.52 -0.02504
1391.64 -0.02513
1391.76 -0.02486
1391.88 -0.02442
1392 -0.02415
1392.12 -0.02419
1392.24 -0.02433
1392.36 -0.02425
1392.48 -0.02394
1392.6 -0.02372
1392.72 -0.02388
1392.84 -0.02436
1392.96 -0.0248
1393.08 -0.02487
1393.2 -0.02451
1393.33 -0.02395
1393.45 -0.02349
1393.57 -0.02333
1393.69 -0.02351
1393.81 -0.02389
1393.93 -0.02423
1394.05 -0.0243
1394.17 -0.02406
1394.29 -0.02369
1394.41 -0.02352
1394.53 -0.02373
1394.65 -0.02426
1394.77 -0.0248
1394.89 -0.02504
1395.01 -0.02483
1395.13 -0.02432
1395.25 -0.02385
1395.37 -0.02379
1395.5 -0.02422
1395.62 -0.02486
1395.74 -0.02537
1395.86 -0.02559
1395.98 -0.02561
1396.1 -0.02556
1396.22 -0.02544
1396.34 -0.02519
1396.46 -0.02484
1396.58 -0.02452
1396.7 -0.02436
1396.82 -0.02434
1396.94 -0.02432
1397.06 -0.02418
1397.18 -0.02389
1397.3 -0.02364
1397.42 -0.02361
1397.54 -0.02382
1397.67 -0.02418
1397.79 -0.02457
1397.91 -0.02498
1398.03 -0.02532
1398.15 -0.02545
1398.27 -0.0253
1398.39 -0.02507
1398.51 -0.02501
1398.63 -0.02509
1398.75 -0.025
1398.87 -0.02459
1398.99 -0.02408
1399.11 -0.02384
1399.23 -0.02389
1399.35 -0.02398
1399.47 -0.0239
1399.59 -0.02366
1399.71 -0.02342
1399.83 -0.02329
1399.96 -0.02341
1400.08 -0.02385
1400.2 -0.02441
1400.32 -0.02466
1400.44 -0.02439
1400.56 -0.02382
1400.68 -0.02342
1400.8 -0.02342
1400.92 -0.02363
1401.04 -0.02379
1401.16 -0.02379
1401.28 -0.02369
1401.4 -0.02364
1401.52 -0.02383
1401.64 -0.02432
1401.76 -0.02494
1401.88 -0.02526
1402 -0.02503
1402.13 -0.02452
1402.25 -0.02418
1402.37 -0.02421
1402.49 -0.0243
1402.61 -0.02417
1402.73 -0.02392
1402.85 -0.02385
1402.97 -0.024
1403.09 -0.02407
1403.21 -0.02389
1403.33 -0.02363
1403.45 -0.02361
1403.57 -0.0239
1403.69 -0.02421
1403.81 -0.02433
1403.93 -0.02429
1404.05 -0.02428
1404.17 -0.02441
1404.3 -0.02461
1404.42 -0.0248
1404.54 -0.02494
1404.66 -0.02497
1404.78 -0.02478
1404.9 -0.02444
1405.02 -0.02415
1405.14 -0.02402
1405.26 -0.02396
1405.38 -0.02375
1405.5 -0.02341
1405.62 -0.02317
1405.74 -0.02327
1405.86 -0.02371
1405.98 -0.02425
1406.1 -0.02464
1406.22 -0.02464
1406.34 -0.02426
1406.47 -0.0238
1406.59 -0.02366
1406.71 -0.02393
1406.83 -0.02427
1406.95 -0.02434
1407.07 -0.02422
1407.19 -0.02424
1407.31 -0.02447
1407.43 -0.02461
1407.55 -0.02445
1407.67 -0.02422
1407.79 -0.02426
1407.91 -0.02454
1408.03 -0.02467
1408.15 -0.0244
1408.27 -0.02389
1408.39 -0.02348
1408.51 -0.02338
1408.64 -0.02358
1408.76 -0.02397
1408.88 -0.02434
1409 -0.02444
1409.12 -0.02412
1409.24 -0.02352
1409.36 -0.02293
1409.48 -0.02257
1409.6 -0.02251
1409.72 -0.02272
1409.84 -0.02313
1409.96 -0.02357
1410.08 -0.02384
1410.2 -0.02385
1410.32 -0.02371
1410.44 -0.02359
1410.56 -0.02354
1410.68 -0.02356
1410.81 -0.02373
1410.93 -0.02407
1411.05 -0.02443
1411.17 -0.02459
1411.29 -0.02452
1411.41 -0.0244
1411.53 -0.0244
1411.65 -0.02437
1411.77 -0.02408
1411.89 -0.02357
1412.01 -0.02318
1412.13 -0.02318
1412.25 -0.02348
1412.37 -0.02375
1412.49 -0.02379
1412.61 -0.02364
1412.73 -0.02349
1412.85 -0.02345
1412.97 -0.0235
1413.1 -0.02363
1413.22 -0.02386
1413.34 -0.02415
1413.46 -0.02439
1413.58 -0.02437
1413.7 -0.02405
1413.82 -0.02361
1413.94 -0.02335
1414.06 -0.02345
1414.18 -0.02382
1414.3 -0.02428
1414.42 -0.02466
1414.54 -0.02483
1414.66 -0.02475
1414.78 -0.02448
1414.9 -0.02427
1415.02 -0.0244
1415.14 -0.02489
1415.27 -0.02544
1415.39 -0.02567
1415.51 -0.02551
1415.63 -0.02514
1415.75 -0.02479
1415.87 -0.02453
1415.99 -0.02437
1416.11 -0.02426
1416.23 -0.0242
1416.35 -0.02417
1416.47 -0.02418
1416.59 -0.0242
1416.71 -0.02418
1416.83 -0.0241
1416.95 -0.02398
1417.07 -0.0239
1417.19 -0.02386
1417.31 -0.02386
1417.44 -0.02397
1417.56 -0.02426
1417.68 -0.02464
1417.8 -0.02479
1417.92 -0.02454
1418.04 -0.02406
1418.16 -0.02372
1418.28 -0.02376
1418.4 -0.02408
1418.52 -0.02451
1418.64 -0.02492
1418.76 -0.02527
1418.88 -0.02541
1419 -0.02521
1419.12 -0.02476
1419.24 -0.02434
1419.36 -0.02418
1419.48 -0.02424
1419.61 -0.02424
1419.73 -0.02401
1419.85 -0.02371
1419.97 -0.02366
1420.09 -0.02401
1420.21 -0.02453
1420.33 -0.02493
1420.45 -0.02513
1420.57 -0.0252
1420.69 -0.02505
1420.81 -0.02457
1420.93 -0.02393
1421.05 -0.02361
1421.17 -0.02384
1421.29 -0.02432
1421.41 -0.02459
1421.53 -0.02465
1421.65 -0.02484
1421.78 -0.02515
1421.9 -0.0252
1422.02 -0.02477
1422.14 -0.02424
1422.26 -0.02412
1422.38 -0.02442
1422.5 -0.02467
1422.62 -0.02457
1422.74 -0.02426
1422.86 -0.02395
1422.98 -0.0237
1423.1 -0.02346
1423.22 -0.02336
1423.34 -0.02356
1423.46 -0.02402
1423.58 -0.02446
1423.7 -0.02464
1423.82 -0.02458
1423.95 -0.02445
1424.07 -0.0243
1424.19 -0.02406
1424.31 -0.0237
1424.43 -0.0234
1424.55 -0.02342
1424.67 -0.02383
1424.79 -0.02433
1424.91 -0.02458
1425.03 -0.02454
1425.15 -0.02451
1425.27 -0.02471
1425.39 -0.02503
1425.51 -0.02513
1425.63 -0.02481
1425.75 -0.02422
1425.87 -0.02366
1425.99 -0.02337
1426.11 -0.02338
1426.24 -0.02352
1426.36 -0.02358
1426.48 -0.02348
1426.6 -0.02334
1426.72 -0.0233
1426.84 -0.02334
1426.96 -0.02323
1427.08 -0.02291
1427.2 -0.02262
1427.32 -0.02264
1427.44 -0.02303
1427.56 -0.02351
1427.68 -0.02375
1427.8 -0.02364
1427.92 -0.02323
1428.04 -0.02271
1428.16 -0.02236
1428.28 -0.02246
1428.41 -0.02302
1428.53 -0.02366
1428.65 -0.02399
1428.77 -0.02393
1428.89 -0.02376
1429.01 -0.02372
1429.13 -0.0237
1429.25 -0.02352
1429.37 -0.0232
1429.49 -0.023
1429.61 -0.02308
1429.73 -0.02332
1429.85 -0.02346
1429.97 -0.02341
1430.09 -0.02331
1430.21 -0.02332
1430.33 -0.02346
1430.45 -0.02358
1430.58 -0.02358
1430.7 -0.02353
1430.82 -0.02361
1430.94 -0.02389
1431.06 -0.02417
1431.18 -0.02412
1431.3 -0.0237
1431.42 -0.02326
1431.54 -0.02324
1431.66 -0.02368
1431.78 -0.02419
1431.9 -0.02429
1432.02 -0.02387
1432.14 -0.02325
1432.26 -0.0228
1432.38 -0.0227
1432.5 -0.02291
1432.62 -0.02327
1432.75 -0.02367
1432.87 -0.02397
1432.99 -0.02409
1433.11 -0.02397
1433.23 -0.02366
1433.35 -0.02334
1433.47 -0.02322
1433.59 -0.02343
1433.71 -0.02396
1433.83 -0.02453
1433.95 -0.02482
1434.07 -0.02471
1434.19 -0.02436
1434.31 -0.02401
1434.43 -0.02378
1434.55 -0.02367
1434.67 -0.02369
1434.79 -0.02386
1434.92 -0.02409
1435.04 -0.02425
1435.16 -0.02438
1435.28 -0.02459
1435.4 -0.02488
1435.52 -0.02501
1435.64 -0.02479
1435.76 -0.02436
1435.88 -0.02411
1436 -0.02424
1436.12 -0.02459
1436.24 -0.02488
1436.36 -0.0249
1436.48 -0.02468
1436.6 -0.02437
1436.72 -0.02411
1436.84 -0.02392
1436.96 -0.02368
1437.09 -0.02328
1437.21 -0.02289
1437.33 -0.02281
1437.45 -0.02315
1437.57 -0.02366
1437.69 -0.02401
1437.81 -0.02411
1437.93 -0.02411
1438.05 -0.02409
1438.17 -0.024
1438.29 -0.0238
1438.41 -0.02359
1438.53 -0.02353
1438.65 -0.02373
1438.77 -0.02411
1438.89 -0.02441
1439.01 -0.0244
1439.13 -0.02405
1439.26 -0.02359
1439.38 -0.02332
1439.5 -0.02336
1439.62 -0.02363
1439.74 -0.02394
1439.86 -0.02413
1439.98 -0.02413
1440.1 -0.02396
1440.22 -0.02369
1440.34 -0.02345
1440.46 -0.0234
1440.58 -0.02355
1440.7 -0.02377
1440.82 -0.02378
1440.94 -0.02341
1441.06 -0.02279
1441.18 -0.02227
1441.3 -0.02218
1441.42 -0.02254
1441.55 -0.02314
1441.67 -0.02369
1441.79 -0.02396
1441.91 -0.0239
1442.03 -0.02362
1442.15 -0.0234
1442.27 -0.02349
1442.39 -0.02388
1442.51 -0.0243
1442.63 -0.02435
1442.75 -0.02392
1442.87 -0.02324
1442.99 -0.02282
1443.11 -0.02293
1443.23 -0.0234
1443.35 -0.02375
1443.47 -0.02377
1443.59 -0.02364
1443.72 -0.02368
1443.84 -0.02389
1443.96 -0.02409
1444.08 -0.02426
1444.2 -0.0246
1444.32 -0.02517
1444.44 -0.02563
1444.56 -0.02568
1444.68 -0.02538
1444.8 -0.0251
1444.92 -0.02505
1445.04 -0.02515
1445.16 -0.02519
1445.28 -0.02512
1445.4 -0.02497
1445.52 -0.02474
1445.64 -0.02444
1445.76 -0.02415
1445.89 -0.02406
1446.01 -0.02422
1446.13 -0.02446
1446.25 -0.02451
1446.37 -0.02431
1446.49 -0.02405
1446.61 -0.02401
1446.73 -0.02423
1446.85 -0.02449
1446.97 -0.02457
1447.09 -0.0245
1447.21 -0.02447
1447.33 -0.02462
1447.45 -0.02489
1447.57 -0.02508
1447.69 -0.02503
1447.81 -0.02479
1447.93 -0.0245
1448.06 -0.02429
1448.18 -0.02416
1448.3 -0.02408
1448.42 -0.02398
1448.54 -0.02389
1448.66 -0.02387
1448.78 -0.02404
1448.9 -0.0244
1449.02 -0.02475
1449.14 -0.0248
1449.26 -0.02446
1449.38 -0.02397
1449.5 -0.02371
1449.62 -0.02378
1449.74 -0.02398
1449.86 -0.02408
1449.98 -0.02406
1450.1 -0.02404
1450.23 -0.02407
1450.35 -0.02404
1450.47 -0.02381
1450.59 -0.02339
1450.71 -0.02296
1450.83 -0.02278
1450.95 -0.02289
1451.07 -0.0231
1451.19 -0.02319
1451.31 -0.02314
1451.43 -0.02312
1451.55 -0.02325
1451.67 -0.02346
1451.79 -0.02367
1451.91 -0.02382
1452.03 -0.02382
1452.15 -0.02363
1452.27 -0.02338
1452.4 -0.02334
1452.52 -0.02358
1452.64 -0.02381
1452.76 -0.02377
1452.88 -0.02366
1453 -0.02385
1453.12 -0.02432
1453.24 -0.0246
1453.36 -0.02439
1453.48 -0.02399
1453.6 -0.02388
1453.72 -0.02415
1453.84 -0.02441
1453.96 -0.02431
1454.08 -0.02389
1454.2 -0.02347
1454.32 -0.02334
1454.44 -0.02356
1454.56 -0.02398
1454.69 -0.02439
1454.81 -0.0247
1454.93 -0.02493
1455.05 -0.02505
1455.17 -0.02498
1455.29 -0.02471
1455.41 -0.02445
1455.53 -0.02436
1455.65 -0.02436
1455.77 -0.02429
1455.89 -0.02419
1456.01 -0.02429
1456.13 -0.02461
1456.25 -0.02487
1456.37 -0.02475
1456.49 -0.02428
1456.61 -0.02374
1456.73 -0.02333
1456.86 -0.02305
1456.98 -0.02279
1457.1 -0.02261
1457.22 -0.02269
1457.34 -0.02313
1457.46 -0.02376
1457.58 -0.02418
1457.7 -0.02419
1457.82 -0.02401
1457.94 -0.02403
1458.06 -0.02432
1458.18 -0.02462
1458.3 -0.02471
1458.42 -0.0247
1458.54 -0.02481
1458.66 -0.02497
1458.78 -0.02487
1458.9 -0.02441
1459.03 -0.02391
1459.15 -0.02376
1459.27 -0.024
1459.39 -0.02431
1459.51 -0.02441
1459.63 -0.02419
1459.75 -0.02373
1459.87 -0.02317
1459.99 -0.02265
1460.11 -0.02235
1460.23 -0.02241
1460.35 -0.02278
1460.47 -0.02324
1460.59 -0.02352
1460.71 -0.02352
1460.83 -0.02337
1460.95 -0.02335
1461.07 -0.02359
1461.2 -0.02402
1461.32 -0.02445
1461.44 -0.02475
1461.56 -0.02488
1461.68 -0.02486
1461.8 -0.02475
1461.92 -0.02467
1462.04 -0.02476
1462.16 -0.02506
1462.28 -0.02545
1462.4 -0.02569
1462.52 -0.02561
1462.64 -0.02516
1462.76 -0.02453
1462.88 -0.02402
1463 -0.02393
1463.12 -0.02423
1463.24 -0.02463
1463.37 -0.02482
1463.49 -0.02474
1463.61 -0.0246
1463.73 -0.02455
1463.85 -0.02454
1463.97 -0.02441
1464.09 -0.02414
1464.21 -0.02388
1464.33 -0.02379
1464.45 -0.0239
1464.57 -0.02404
1464.69 -0.02397
1464.81 -0.02366
1464.93 -0.0234
1465.05 -0.02353
1465.17 -0.024
1465.29 -0.02439
1465.41 -0.02437
1465.54 -0.02417
1465.66 -0.02421
1465.78 -0.02454
1465.9 -0.02472
1466.02 -0.02443
1466.14 -0.02388
1466.26 -0.02349
1466.38 -0.02336
1466.5 -0.02329
1466.62 -0.02319
1466.74 -0.02325
1466.86 -0.02367
1466.98 -0.02426
1467.1 -0.02461
1467.22 -0.02449
1467.34 -0.02405
1467.46 -0.02366
1467.58 -0.02352
1467.7 -0.02354
1467.83 -0.02351
1467.95 -0.02337
1468.07 -0.0233
1468.19 -0.02346
1468.31 -0.02381
1468.43 -0.02413
1468.55 -0.02422
1468.67 -0.02411
1468.79 -0.02392
1468.91 -0.02379
1469.03 -0.0238
1469.15 -0.02398
1469.27 -0.02423
1469.39 -0.02433
1469.51 -0.02418
1469.63 -0.02392
1469.75 -0.02392
1469.87 -0.02435
1470 -0.02505
1470.12 -0.02564
1470.24 -0.02587
1470.36 -0.02572
1470.48 -0.02534
1470.6 -0.02487
1470.72 -0.02444
1470.84 -0.02417
1470.96 -0.02412
1471.08 -0.02423
1471.2 -0.0244
1471.32 -0.02451
1471.44 -0.02457
1471.56 -0.02453
1471.68 -0.02433
1471.8 -0.02396
1471.92 -0.02362
1472.04 -0.02355
1472.17 -0.02381
1472.29 -0.02421
1472.41 -0.02453
1472.53 -0.02474
1472.65 -0.02494
1472.77 -0.02507
1472.89 -0.02504
1473.01 -0.02482
1473.13 -0.02445
1473.25 -0.02398
1473.37 -0.0235
1473.49 -0.02324
1473.61 -0.02341
1473.73 -0.02385
1473.85 -0.02413
1473.97 -0.02401
1474.09 -0.02377
1474.21 -0.02382
1474.34 -0.02425
1474.46 -0.02481
1474.58 -0.02529
1474.7 -0.0256
1474.82 -0.02561
1474.94 -0.02522
1475.06 -0.02467
1475.18 -0.02444
1475.3 -0.02475
1475.42 -0.02525
1475.54 -0.02542
1475.66 -0.02516
1475.78 -0.02479
1475.9 -0.02457
1476.02 -0.02446
1476.14 -0.02419
1476.26 -0.02361
1476.38 -0.02285
1476.51 -0.02228
1476.63 -0.02223
1476.75 -0.02268
1476.87 -0.02326
1476.99 -0.02367
1477.11 -0.02398
1477.23 -0.02438
1477.35 -0.02468
1477.47 -0.02449
1477.59 -0.02386
1477.71 -0.02343
1477.83 -0.02372
1477.95 -0.02434
1478.07 -0.02445
1478.19 -0.02378
1478.31 -0.023
1478.43 -0.02287
1478.55 -0.02342
1478.68 -0.02412
1478.8 -0.02457
1478.92 -0.02478
1479.04 -0.02486
1479.16 -0.02477
1479.28 -0.02448
1479.4 -0.02417
1479.52 -0.02418
1479.64 -0.02464
1479.76 -0.02525
1479.88 -0.02564
1480 -0.02563
1480.12 -0.02533
1480.24 -0.02498
1480.36 -0.02476
1480.48 -0.02477
1480.6 -0.02496
1480.72 -0.02513
1480.84 -0.025
1480.97 -0.02449
1481.09 -0.02395
1481.21 -0.02383
1481.33 -0.02421
1481.45 -0.02467
1481.57 -0.02479
1481.69 -0.02462
1481.81 -0.02455
1481.93 -0.02475
1482.05 -0.02503
1482.17 -0.02508
1482.29 -0.02488
1482.41 -0.02456
1482.53 -0.0242
1482.65 -0.02384
1482.77 -0.02365
1482.89 -0.02384
1483.01 -0.02438
1483.14 -0.02493
1483.26 -0.02517
1483.38 -0.02512
1483.5 -0.02498
1483.62 -0.02485
1483.74 -0.02467
1483.86 -0.02451
1483.98 -0.02451
1484.1 -0.02468
1484.22 -0.0248
1484.34 -0.02465
1484.46 -0.02438
1484.58 -0.02429
1484.7 -0.02446
1484.82 -0.0247
1484.94 -0.02479
1485.06 -0.02471
1485.18 -0.02462
1485.31 -0.0246
1485.43 -0.02466
1485.55 -0.02472
1485.67 -0.02464
1485.79 -0.02433
1485.91 -0.02389
1486.03 -0.02361
1486.15 -0.02369
1486.27 -0.02402
1486.39 -0.02427
1486.51 -0.02429
1486.63 -0.02424
1486.75 -0.0243
1486.87 -0.02448
1486.99 -0.02463
1487.11 -0.02472
1487.23 -0.02484
1487.35 -0.0251
1487.48 -0.0254
1487.6 -0.02556
1487.72 -0.02546
1487.84 -0.02523
1487.96 -0.02505
1488.08 -0.02503
1488.2 -0.02507
1488.32 -0.02502
1488.44 -0.02485
1488.56 -0.02462
1488.68 -0.02441
1488.8 -0.0242
1488.92 -0.02399
1489.04 -0.02382
1489.16 -0.02375
1489.28 -0.02378
1489.4 -0.02391
1489.52 -0.0241
1489.65 -0.02434
1489.77 -0.02453
1489.89 -0.02458
1490.01 -0.02449
1490.13 -0.02436
1490.25 -0.02431
1490.37 -0.02439
1490.49 -0.02455
1490.61 -0.0247
1490.73 -0.02476
1490.85 -0.0247
1490.97 -0.02457
1491.09 -0.02442
1491.21 -0.02424
1491.33 -0.02397
1491.45 -0.02367
1491.57 -0.02346
1491.69 -0.02352
1491.82 -0.02388
1491.94 -0.02438
1492.06 -0.02478
1492.18 -0.02498
1492.3 -0.02499
1492.42 -0.02491
1492.54 -0.02488
1492.66 -0.02495
1492.78 -0.02509
1492.9 -0.0252
1493.02 -0.02518
1493.14 -0.02508
1493.26 -0.02505
1493.38 -0.02516
1493.5 -0.02532
1493.62 -0.02535
1493.74 -0.02517
1493.86 -0.02496
1493.98 -0.02493
1494.11 -0.02506
1494.23 -0.0251
1494.35 -0.02483
1494.47 -0.02435
1494.59 -0.02404
1494.71 -0.02413
1494.83 -0.02443
1494.95 -0.02458
1495.07 -0.02449
1495.19 -0.0244
1495.31 -0.02455
1495.43 -0.02483
1495.55 -0.02497
1495.67 -0.02493
1495.79 -0.02496
1495.91 -0.0252
1496.03 -0.02549
1496.15 -0.0255
1496.28 -0.02519
1496.4 -0.02485
1496.52 -0.02478
1496.64 -0.025
1496.76 -0.02527
1496.88 -0.02535
1497 -0.0252
1497.12 -0.02492
1497.24 -0.02465
1497.36 -0.02445
1497.48 -0.02439
1497.6 -0.02456
1497.72 -0.02492
1497.84 -0.02526
1497.96 -0.02532
1498.08 -0.02508
1498.2 -0.02475
1498.32 -0.02455
1498.45 -0.02446
1498.57 -0.02434
1498.69 -0.02414
1498.81 -0.02402
1498.93 -0.02408
1499.05 -0.02423
1499.17 -0.02435
1499.29 -0.02449
1499.41 -0.0248
1499.53 -0.02518
1499.65 -0.02531
1499.77 -0.02504
1499.89 -0.02469
1500.01 -0.02472
1500.13 -0.02517
1500.25 -0.02552
1500.37 -0.02529
1500.49 -0.02464
1500.62 -0.02418
1500.74 -0.02423
1500.86 -0.0245
1500.98 -0.02449
1501.1 -0.02418
1501.22 -0.02397
1501.34 -0.02415
1501.46 -0.02448
1501.58 -0.02455
1501.7 -0.02425
1501.82 -0.02388
1501.94 -0.02381
1502.06 -0.02415
1502.18 -0.02469
1502.3 -0.02512
1502.42 -0.02524
1502.54 -0.02506
1502.66 -0.02478
1502.79 -0.02468
1502.91 -0.02498
1503.03 -0.0256
1503.15 -0.02624
1503.27 -0.0265
1503.39 -0.02625
1503.51 -0.02571
1503.63 -0.02523
1503.75 -0.02502
1503.87 -0.02499
1503.99 -0.02488
1504.11 -0.0246
1504.23 -0.02424
1504.35 -0.02398
1504.47 -0.02386
1504.59 -0.02381
1504.71 -0.02385
1504.83 -0.02407
1504.96 -0.02454
1505.08 -0.02507
1505.2 -0.02546
1505.32 -0.02569
1505.44 -0.02596
1505.56 -0.02637
1505.68 -0.0267
1505.8 -0.02659
1505.92 -0.02601
1506.04 -0.0253
1506.16 -0.02479
1506.28 -0.02453
1506.4 -0.02443
1506.52 -0.02455
1506.64 -0.02499
1506.76 -0.02556
1506.88 -0.02579
1507 -0.02539
1507.12 -0.02465
1507.25 -0.02417
1507.37 -0.02422
1507.49 -0.02451
1507.61 -0.02461
1507.73 -0.02442
1507.85 -0.02422
1507.97 -0.02425
1508.09 -0.02447
1508.21 -0.02467
1508.33 -0.02471
1508.45 -0.02455
1508.57 -0.0243
1508.69 -0.02418
1508.81 -0.02441
1508.93 -0.02492
1509.05 -0.02533
1509.17 -0.02536
1509.29 -0.02511
1509.42 -0.02503
1509.54 -0.02531
1509.66 -0.02563
1509.78 -0.02559
1509.9 -0.02518
1510.02 -0.02479
1510.14 -0.02476
1510.26 -0.02504
1510.38 -0.02532
1510.5 -0.02546
1510.62 -0.0256
1510.74 -0.02588
1510.86 -0.02611
1510.98 -0.02593
1511.1 -0.0253
1511.22 -0.02469
1511.34 -0.0247
1511.46 -0.02533
1511.59 -0.02599
1511.71 -0.02615
1511.83 -0.02586
1511.95 -0.02551
1512.07 -0.02523
1512.19 -0.02485
1512.31 -0.02436
1512.43 -0.0241
1512.55 -0.0244
1512.67 -0.02507
1512.79 -0.02561
1512.91 -0.02571
1513.03 -0.02543
1513.15 -0.02503
1513.27 -0.02471
1513.39 -0.02454
1513.51 -0.02456
1513.63 -0.02477
1513.76 -0.02506
1513.88 -0.02526
1514 -0.0253
1514.12 -0.0252
1514.24 -0.02507
1514.36 -0.02492
1514.48 -0.02465
1514.6 -0.02428
1514.72 -0.02409
1514.84 -0.02441
1514.96 -0.02514
1515.08 -0.02572
1515.2 -0.02573
1515.32 -0.02545
1515.44 -0.02548
1515.56 -0.02595
1515.68 -0.02638
1515.8 -0.02632
1515.93 -0.02592
1516.05 -0.02559
1516.17 -0.02546
1516.29 -0.02535
1516.41 -0.02516
1516.53 -0.025
1516.65 -0.02493
1516.77 -0.02492
1516.89 -0.02496
1517.01 -0.02515
1517.13 -0.0254
1517.25 -0.02546
1517.37 -0.02523
1517.49 -0.02495
1517.61 -0.02493
1517.73 -0.02518
1517.85 -0.02545
1517.97 -0.02561
1518.1 -0.02569
1518.22 -0.0257
1518.34 -0.02554
1518.46 -0.02528
1518.58 -0.02513
1518.7 -0.02523
1518.82 -0.02539
1518.94 -0.02536
1519.06 -0.0251
1519.18 -0.02478
1519.3 -0.02454
1519.42 -0.02439
1519.54 -0.02436
1519.66 -0.0245
1519.78 -0.02474
1519.9 -0.0248
1520.02 -0.02447
1520.14 -0.02393
1520.27 -0.02362
1520.39 -0.02382
1520.51 -0.02439
1520.63 -0.02493
1520.75 -0.0252
1520.87 -0.02514
1520.99 -0.0248
1521.11 -0.02428
1521.23 -0.02376
1521.35 -0.02358
1521.47 -0.02397
1521.59 -0.02477
1521.71 -0.02547
1521.83 -0.02563
1521.95 -0.02532
1522.07 -0.02504
1522.19 -0.02518
1522.31 -0.02563
1522.43 -0.02593
1522.56 -0.0258
1522.68 -0.02539
1522.8 -0.02508
1522.92 -0.02505
1523.04 -0.0252
1523.16 -0.02531
1523.28 -0.02528
1523.4 -0.02514
1523.52 -0.02498
1523.64 -0.02484
1523.76 -0.02476
1523.88 -0.02478
1524 -0.02494
1524.12 -0.02521
1524.24 -0.02546
1524.36 -0.02554
1524.48 -0.02539
1524.6 -0.02506
1524.73 -0.02476
1524.85 -0.0247
1524.97 -0.0249
1525.09 -0.02518
1525.21 -0.02533
1525.33 -0.02537
1525.45 -0.02552
1525.57 -0.02584
1525.69 -0.02607
1525.81 -0.02593
1525.93 -0.02551
1526.05 -0.02518
1526.17 -0.02523
1526.29 -0.02548
1526.41 -0.02554
1526.53 -0.0253
1526.65 -0.02493
1526.77 -0.02463
1526.9 -0.02442
1527.02 -0.02427
1527.14 -0.02427
1527.26 -0.02447
1527.38 -0.02472
1527.5 -0.02477
1527.62 -0.02458
1527.74 -0.02435
1527.86 -0.02423
1527.98 -0.02417
1528.1 -0.02404
1528.22 -0.02391
1528.34 -0.02402
1528.46 -0.02446
1528.58 -0.02504
1528.7 -0.02548
1528.82 -0.02567
1528.94 -0.02568
1529.07 -0.02555
1529.19 -0.02524
1529.31 -0.02476
1529.43 -0.02429
1529.55 -0.02413
1529.67 -0.02439
1529.79 -0.02493
1529.91 -0.02542
1530.03 -0.02561
1530.15 -0.02544
1530.27 -0.02503
1530.39 -0.02463
1530.51 -0.02443
1530.63 -0.02448
1530.75 -0.02456
1530.87 -0.02445
1530.99 -0.02422
1531.11 -0.02421
1531.24 -0.02462
1531.36 -0.02518
1531.48 -0.02547
1531.6 -0.02537
1531.72 -0.02518
1531.84 -0.02518
1531.96 -0.0253
1532.08 -0.02538
1532.2 -0.02552
1532.32 -0.02586
1532.44 -0.02626
1532.56 -0.02629
1532.68 -0.02577
1532.8 -0.02505
1532.92 -0.02464
1533.04 -0.02473
1533.16 -0.02507
1533.28 -0.02531
1533.41 -0.02536
1533.53 -0.02531
1533.65 -0.02526
1533.77 -0.02524
1533.89 -0.0252
1534.01 -0.02505
1534.13 -0.02479
1534.25 -0.0246
1534.37 -0.02467
1534.49 -0.02499
1534.61 -0.0253
1534.73 -0.02538
1534.85 -0.02527
1534.97 -0.02518
1535.09 -0.02516
1535.21 -0.02505
1535.33 -0.02469
1535.45 -0.02422
1535.57 -0.02391
1535.7 -0.02386
1535.82 -0.02398
1535.94 -0.0241
1536.06 -0.02414
1536.18 -0.02419
1536.3 -0.02429
1536.42 -0.02446
1536.54 -0.02465
1536.66 -0.02474
1536.78 -0.02467
1536.9 -0.02456
1537.02 -0.02464
1537.14 -0.02499
1537.26 -0.02536
1537.38 -0.0254
1537.5 -0.02505
1537.62 -0.02469
1537.74 -0.02469
1537.87 -0.02507
1537.99 -0.02552
1538.11 -0.02583
1538.23 -0.026
1538.35 -0.02606
1538.47 -0.02594
1538.59 -0.02573
1538.71 -0.02566
1538.83 -0.02594
1538.95 -0.02644
1539.07 -0.02677
1539.19 -0.02671
1539.31 -0.02637
1539.43 -0.02601
1539.55 -0.0258
1539.67 -0.02577
1539.79 -0.02587
1539.91 -0.02599
1540.04 -0.02593
1540.16 -0.02564
1540.28 -0.0253
1540.4 -0.02517
1540.52 -0.02529
1540.64 -0.02547
1540.76 -0.02556
1540.88 -0.02557
1541 -0.02556
1541.12 -0.02552
1541.24 -0.02539
1541.36 -0.02526
1541.48 -0.02525
1541.6 -0.02533
1541.72 -0.02536
1541.84 -0.02527
1541.96 -0.02517
1542.08 -0.02522
1542.21 -0.02538
1542.33 -0.02553
1542.45 -0.02557
1542.57 -0.02549
1542.69 -0.02532
1542.81 -0.02513
1542.93 -0.02505
1543.05 -0.02524
1543.17 -0.02569
1543.29 -0.02607
1543.41 -0.02606
1543.53 -0.02568
1543.65 -0.02532
1543.77 -0.02529
1543.89 -0.0255
1544.01 -0.0256
1544.13 -0.02551
1544.25 -0.02543
1544.38 -0.02552
1544.5 -0.02561
1544.62 -0.02542
1544.74 -0.02492
1544.86 -0.02436
1544.98 -0.02403
1545.1 -0.02401
1545.22 -0.02427
1545.34 -0.02465
1545.46 -0.02491
1545.58 -0.02492
1545.7 -0.02482
1545.82 -0.02488
1545.94 -0.0252
1546.06 -0.02556
1546.18 -0.02572
1546.3 -0.02571
1546.42 -0.02569
1546.55 -0.02573
1546.67 -0.02576
1546.79 -0.02574
1546.91 -0.02577
1547.03 -0.02586
1547.15 -0.02586
1547.27 -0.02565
1547.39 -0.02528
1547.51 -0.02503
1547.63 -0.02512
1547.75 -0.02563
1547.87 -0.02635
1547.99 -0.02692
1548.11 -0.02694
1548.23 -0.02634
1548.35 -0.02546
1548.47 -0.0248
1548.59 -0.02464
1548.72 -0.02485
1548.84 -0.02507
1548.96 -0.02511
1549.08 -0.02502
1549.2 -0.02498
1549.32 -0.02502
1549.44 -0.02505
1549.56 -0.02502
1549.68 -0.02495
1549.8 -0.0249
1549.92 -0.02491
1550.04 -0.02498
1550.16 -0.02518
1550.28 -0.02551
1550.4 -0.0258
1550.52 -0.02579
1550.64 -0.02543
1550.76 -0.02492
1550.88 -0.02454
1551.01 -0.02437
1551.13 -0.02432
1551.25 -0.02434
1551.37 -0.02447
1551.49 -0.02472
1551.61 -0.02502
1551.73 -0.02533
1551.85 -0.0256
1551.97 -0.02576
1552.09 -0.02573
1552.21 -0.02554
1552.33 -0.02538
1552.45 -0.02543
1552.57 -0.02564
1552.69 -0.02571
1552.81 -0.02544
1552.93 -0.02493
1553.05 -0.02454
1553.18 -0.02457
1553.3 -0.02499
1553.42 -0.02542
1553.54 -0.02553
1553.66 -0.02531
1553.78 -0.02507
1553.9 -0.02504
1554.02 -0.02519
1554.14 -0.02539
1554.26 -0.0256
1554.38 -0.02586
1554.5 -0.02608
1554.62 -0.02605
1554.74 -0.02573
1554.86 -0.02535
1554.98 -0.02522
1555.1 -0.02537
1555.22 -0.02557
1555.35 -0.02559
1555.47 -0.02539
1555.59 -0.02517
1555.71 -0.02515
1555.83 -0.02549
1555.95 -0.02607
1556.07 -0.02661
1556.19 -0.02682
1556.31 -0.02667
1556.43 -0.02639
1556.55 -0.02618
1556.67 -0.02607
1556.79 -0.02599
1556.91 -0.02594
1557.03 -0.02603
1557.15 -0.02621
1557.27 -0.02631
1557.39 -0.02616
1557.52 -0.02577
1557.64 -0.02538
1557.76 -0.02519
1557.88 -0.02527
1558 -0.02541
1558.12 -0.02538
1558.24 -0.02514
1558.36 -0.02489
1558.48 -0.02492
1558.6 -0.02525
1558.72 -0.0256
1558.84 -0.02567
1558.96 -0.02543
1559.08 -0.02507
1559.2 -0.02483
1559.32 -0.02479
1559.44 -0.02492
1559.56 -0.02507
1559.69 -0.02509
1559.81 -0.02495
1559.93 -0.02474
1560.05 -0.02467
1560.17 -0.0248
1560.29 -0.0251
1560.41 -0.02544
1560.53 -0.02565
1560.65 -0.0256
1560.77 -0.02527
1560.89 -0.02483
1561.01 -0.02455
1561.13 -0.02451
1561.25 -0.02454
1561.37 -0.02443
1561.49 -0.02423
1561.61 -0.02424
1561.73 -0.02464
1561.86 -0.02526
1561.98 -0.02574
1562.1 -0.02587
1562.22 -0.02576
1562.34 -0.02571
1562.46 -0.02586
1562.58 -0.02603
1562.7 -0.02599
1562.82 -0.02571
1562.94 -0.02542
1563.06 -0.02534
1563.18 -0.02552
1563.3 -0.02581
1563.42 -0.02606
1563.54 -0.02616
1563.66 -0.02606
1563.78 -0.0258
1563.9 -0.02551
1564.03 -0.0253
1564.15 -0.02522
1564.27 -0.02522
1564.39 -0.02526
1564.51 -0.02528
1564.63 -0.02527
1564.75 -0.0253
1564.87 -0.02539
1564.99 -0.02546
1565.11 -0.02534
1565.23 -0.02501
1565.35 -0.02476
1565.47 -0.02491
1565.59 -0.02537
1565.71 -0.02574
1565.83 -0.02576
1565.95 -0.02561
1566.07 -0.0256
1566.19 -0.02572
1566.32 -0.02574
1566.44 -0.02557
1566.56 -0.0254
1566.68 -0.02544
1566.8 -0.02563
1566.92 -0.02574
1567.04 -0.02565
1567.16 -0.02543
1567.28 -0.02534
1567.4 -0.02553
1567.52 -0.02593
1567.64 -0.02623
1567.76 -0.02616
1567.88 -0.02572
1568 -0.02522
1568.12 -0.02496
1568.24 -0.02505
1568.36 -0.02547
1568.49 -0.02601
1568.61 -0.02636
1568.73 -0.02622
1568.85 -0.02565
1568.97 -0.0251
1569.09 -0.02507
1569.21 -0.02555
1569.33 -0.02608
1569.45 -0.02627
1569.57 -0.02614
1569.69 -0.026
1569.81 -0.026
1569.93 -0.02602
1570.05 -0.02598
1570.17 -0.02597
1570.29 -0.02615
1570.41 -0.0265
1570.53 -0.02673
1570.66 -0.02661
1570.78 -0.02616
1570.9 -0.02565
1571.02 -0.02539
1571.14 -0.02549
1571.26 -0.02577
1571.38 -0.02594
1571.5 -0.0259
1571.62 -0.02579
1571.74 -0.02578
1571.86 -0.02583
1571.98 -0.02571
1572.1 -0.02534
1572.22 -0.02491
1572.34 -0.02471
1572.46 -0.02482
1572.58 -0.02508
1572.7 -0.0253
1572.83 -0.02538
1572.95 -0.02533
1573.07 -0.02518
1573.19 -0.02503
1573.31 -0.0249
1573.43 -0.02479
1573.55 -0.0247
1573.67 -0.02477
1573.79 -0.02518
1573.91 -0.02581
1574.03 -0.02629
1574.15 -0.0263
1574.27 -0.02596
1574.39 -0.02566
1574.51 -0.02563
1574.63 -0.02572
1574.75 -0.02575
1574.87 -0.02573
1575 -0.02585
1575.12 -0.0262
1575.24 -0.02662
1575.36 -0.0269
1575.48 -0.02691
1575.6 -0.02665
1575.72 -0.02619
1575.84 -0.02571
1575.96 -0.02544
1576.08 -0.02554
1576.2 -0.02588
1576.32 -0.02613
1576.44 -0.02612
1576.56 -0.02599
1576.68 -0.02607
1576.8 -0.02638
1576.92 -0.02667
1577.04 -0.02669
1577.17 -0.02652
1577.29 -0.02641
1577.41 -0.02643
1577.53 -0.02642
1577.65 -0.02623
1577.77 -0.0259
1577.89 -0.02568
1578.01 -0.0258
1578.13 -0.02625
1578.25 -0.02676
1578.37 -0.02691
1578.49 -0.0265
1578.61 -0.02581
1578.73 -0.02538
1578.85 -0.02551
1578.97 -0.02605
1579.09 -0.02662
1579.21 -0.027
1579.33 -0.02709
1579.46 -0.02686
1579.58 -0.02636
1579.7 -0.0258
1579.82 -0.02543
1579.94 -0.02526
1580.06 -0.02509
1580.18 -0.02481
1580.3 -0.02459
1580.42 -0.02465
1580.54 -0.02504
1580.66 -0.02561
1580.78 -0.02621
1580.9 -0.02666
1581.02 -0.02679
1581.14 -0.02648
1581.26 -0.02592
1581.38 -0.02544
1581.5 -0.02527
1581.63 -0.02535
1581.75 -0.02552
1581.87 -0.0257
1581.99 -0.02589
1582.11 -0.02604
1582.23 -0.02611
1582.35 -0.0261
1582.47 -0.02607
1582.59 -0.02599
1582.71 -0.02582
1582.83 -0.02565
1582.95 -0.02569
1583.07 -0.02603
1583.19 -0.02649
1583.31 -0.02674
1583.43 -0.02669
1583.55 -0.02649
1583.67 -0.02631
1583.8 -0.02612
1583.92 -0.0258
1584.04 -0.02536
1584.16 -0.02504
1584.28 -0.02502
1584.4 -0.02526
1584.52 -0.02556
1584.64 -0.02577
1584.76 -0.02588
1584.88 -0.02596
1585 -0.02599
1585.12 -0.02598
1585.24 -0.02601
1585.36 -0.02609
1585.48 -0.02612
1585.6 -0.02588
1585.72 -0.02541
1585.84 -0.02503
1585.97 -0.02512
1586.09 -0.02572
1586.21 -0.02643
1586.33 -0.02686
1586.45 -0.02694
1586.57 -0.02687
1586.69 -0.02683
1586.81 -0.02671
1586.93 -0.02642
1587.05 -0.02606
1587.17 -0.0259
1587.29 -0.026
1587.41 -0.0261
1587.53 -0.02597
1587.65 -0.0257
1587.77 -0.02559
1587.89 -0.02572
1588.01 -0.02583
1588.14 -0.02569
1588.26 -0.02541
1588.38 -0.02524
1588.5 -0.02524
1588.62 -0.02526
1588.74 -0.02524
1588.86 -0.02533
1588.98 -0.0256
1589.1 -0.02595
1589.22 -0.0262
1589.34 -0.02631
1589.46 -0.02627
1589.58 -0.02612
1589.7 -0.02594
1589.82 -0.02588
1589.94 -0.02598
1590.06 -0.02612
1590.18 -0.02613
1590.31 -0.0261
1590.43 -0.0262
1590.55 -0.02639
1590.67 -0.02643
1590.79 -0.02618
1590.91 -0.02585
1591.03 -0.02578
1591.15 -0.02607
1591.27 -0.02651
1591.39 -0.02683
1591.51 -0.02691
1591.63 -0.02682
1591.75 -0.0267
1591.87 -0.02663
1591.99 -0.02659
1592.11 -0.02652
1592.23 -0.0264
1592.35 -0.02625
1592.47 -0.02604
1592.6 -0.02571
1592.72 -0.02537
1592.84 -0.02519
1592.96 -0.0252
1593.08 -0.02523
1593.2 -0.02518
1593.32 -0.0252
1593.44 -0.0255
1593.56 -0.02598
1593.68 -0.02634
1593.8 -0.02647
1593.92 -0.02652
1594.04 -0.02662
1594.16 -0.0266
1594.28 -0.02634
1594.4 -0.026
1594.52 -0.02588
1594.64 -0.02599
1594.77 -0.02607
1594.89 -0.026
1595.01 -0.02595
1595.13 -0.02605
1595.25 -0.02616
1595.37 -0.02602
1595.49 -0.02569
1595.61 -0.0255
1595.73 -0.02564
1595.85 -0.02596
1595.97 -0.0262
1596.09 -0.02626
1596.21 -0.02624
1596.33 -0.02617
1596.45 -0.02605
1596.57 -0.02593
1596.69 -0.0259
1596.81 -0.02594
1596.94 -0.02583
1597.06 -0.02545
1597.18 -0.025
1597.3 -0.02484
1597.42 -0.0251
1597.54 -0.02551
1597.66 -0.0257
1597.78 -0.02556
1597.9 -0.02531
1598.02 -0.02518
1598.14 -0.0252
1598.26 -0.02521
1598.38 -0.02505
1598.5 -0.02473
1598.62 -0.02434
1598.74 -0.02404
1598.86 -0.02394
1598.98 -0.02407
1599.11 -0.02439
1599.23 -0.02475
1599.35 -0.02501
1599.47 -0.02511
1599.59 -0.02507
1599.71 -0.02495
1599.83 -0.02482
1599.95 -0.02476
1600.07 -0.02486
1600.19 -0.02507
1600.31 -0.02519
1600.43 -0.02499
1600.55 -0.0245
1600.67 -0.02399
1600.79 -0.02371
1600.91 -0.02363
1601.03 -0.02355
1601.15 -0.02339
1601.28 -0.02327
1601.4 -0.02324
1601.52 -0.02318
1601.64 -0.02301
1601.76 -0.02286
1601.88 -0.02292
1602 -0.0232
1602.12 -0.02348
1602.24 -0.02356
1602.36 -0.0234
1602.48 -0.02308
1602.6 -0.02273
1602.72 -0.02256
1602.84 -0.02276
1602.96 -0.02324
1603.08 -0.02369
1603.2 -0.02381
1603.32 -0.02358
1603.45 -0.02333
1603.57 -0.02335
1603.69 -0.02374
1603.81 -0.02436
1603.93 -0.02501
1604.05 -0.02547
1604.17 -0.02563
1604.29 -0.02555
1604.41 -0.02546
1604.53 -0.02546
1604.65 -0.02543
1604.77 -0.02515
1604.89 -0.0246
1605.01 -0.02407
1605.13 -0.02393
1605.25 -0.02423
1605.37 -0.02465
1605.49 -0.02483
1605.61 -0.0247
1605.74 -0.02452
1605.86 -0.02457
1605.98 -0.02481
1606.1 -0.02498
1606.22 -0.0249
1606.34 -0.02467
1606.46 -0.02454
1606.58 -0.0246
1606.7 -0.02477
1606.82 -0.02493
1606.94 -0.02511
1607.06 -0.02531
1607.18 -0.02544
1607.3 -0.02535
1607.42 -0.02508
1607.54 -0.02487
1607.66 -0.0249
1607.78 -0.02513
1607.91 -0.02534
1608.03 -0.02537
1608.15 -0.02523
1608.27 -0.02505
1608.39 -0.0249
1608.51 -0.02467
1608.63 -0.0243
1608.75 -0.02392
1608.87 -0.02376
1608.99 -0.0239
1609.11 -0.02412
1609.23 -0.02411
1609.35 -0.02387
1609.47 -0.02378
1609.59 -0.02417
1609.71 -0.02493
1609.83 -0.02557
1609.95 -0.02563
1610.08 -0.02518
1610.2 -0.02476
1610.32 -0.02484
1610.44 -0.0254
1610.56 -0.026
1610.68 -0.02626
1610.8 -0.02623
1610.92 -0.02616
1611.04 -0.02609
1611.16 -0.0258
1611.28 -0.02523
1611.4 -0.02475
1611.52 -0.02476
1611.64 -0.02513
1611.76 -0.0253
1611.88 -0.02492
1612 -0.02431
1612.12 -0.02401
1612.25 -0.02423
1612.37 -0.02465
1612.49 -0.02478
1612.61 -0.02444
1612.73 -0.02385
1612.85 -0.02341
1612.97 -0.02334
1613.09 -0.0234
1613.21 -0.0232
1613.33 -0.02268
1613.45 -0.02225
1613.57 -0.02235
1613.69 -0.02286
1613.81 -0.0232
1613.93 -0.02302
1614.05 -0.02258
1614.17 -0.02235
1614.29 -0.02247
1614.42 -0.02273
1614.54 -0.02292
1614.66 -0.02306
1614.78 -0.0232
1614.9 -0.02337
1615.02 -0.02353
1615.14 -0.02367
1615.26 -0.02376
1615.38 -0.0237
1615.5 -0.02349
1615.62 -0.02332
1615.74 -0.02341
1615.86 -0.0238
1615.98 -0.02425
1616.1 -0.0245
1616.22 -0.02448
1616.34 -0.02441
1616.46 -0.02458
1616.59 -0.02503
1616.71 -0.0255
1616.83 -0.02568
1616.95 -0.02556
1617.07 -0.02541
1617.19 -0.02542
1617.31 -0.02549
1617.43 -0.02545
1617.55 -0.02538
1617.67 -0.02543
1617.79 -0.02556
1617.91 -0.02554
1618.03 -0.02528
1618.15 -0.02493
1618.27 -0.02467
1618.39 -0.02454
1618.51 -0.02449
1618.63 -0.02453
1618.76 -0.02467
1618.88 -0.02482
1619 -0.02493
1619.12 -0.02507
1619.24 -0.02535
1619.36 -0.02565
1619.48 -0.02569
1619.6 -0.02541
1619.72 -0.02504
1619.84 -0.02486
1619.96 -0.02498
1620.08 -0.02525
1620.2 -0.02556
1620.32 -0.02588
1620.44 -0.02617
1620.56 -0.02636
1620.68 -0.02633
1620.8 -0.02608
1620.92 -0.02566
1621.05 -0.0252
1621.17 -0.02487
1621.29 -0.02476
1621.41 -0.0249
1621.53 -0.0252
1621.65 -0.02556
1621.77 -0.02587
1621.89 -0.02607
1622.01 -0.02611
1622.13 -0.02594
1622.25 -0.02563
1622.37 -0.02532
1622.49 -0.02521
1622.61 -0.0253
1622.73 -0.02543
1622.85 -0.02539
1622.97 -0.02519
1623.09 -0.02503
1623.22 -0.02514
1623.34 -0.02548
1623.46 -0.02586
1623.58 -0.02609
1623.7 -0.02604
1623.82 -0.02577
1623.94 -0.02543
1624.06 -0.02522
1624.18 -0.02519
1624.3 -0.02521
1624.42 -0.02511
1624.54 -0.02498
1624.66 -0.02501
1624.78 -0.02533
1624.9 -0.02582
1625.02 -0.02628
1625.14 -0.02662
1625.26 -0.02677
1625.39 -0.02668
1625.51 -0.0264
1625.63 -0.02613
1625.75 -0.02613
1625.87 -0.02647
1625.99 -0.02694
1626.11 -0.02729
1626.23 -0.02735
1626.35 -0.02715
1626.47 -0.02683
1626.59 -0.0266
1626.71 -0.02663
1626.83 -0.02689
1626.95 -0.02715
1627.07 -0.02703
1627.19 -0.02635
1627.31 -0.02533
1627.43 -0.02448
1627.56 -0.02427
1627.68 -0.0247
1627.8 -0.02534
1627.92 -0.02573
1628.04 -0.02577
1628.16 -0.02567
1628.28 -0.02561
1628.4 -0.02556
1628.52 -0.02544
1628.64 -0.02539
1628.76 -0.0256
1628.88 -0.02602
1629 -0.02633
1629.12 -0.02626
1629.24 -0.02581
1629.36 -0.02525
1629.48 -0.02478
1629.6 -0.02446
1629.73 -0.02432
1629.85 -0.02441
1629.97 -0.02478
1630.09 -0.02532
1630.21 -0.02578
1630.33 -0.02596
1630.45 -0.02576
1630.57 -0.02525
1630.69 -0.02464
1630.81 -0.02427
1630.93 -0.02442
1631.05 -0.02512
1631.17 -0.02595
1631.29 -0.02639
1631.41 -0.02622
1631.53 -0.02571
1631.65 -0.02535
1631.77 -0.02534
1631.9 -0.02546
1632.02 -0.02545
1632.14 -0.02534
1632.26 -0.02542
1632.38 -0.02584
1632.5 -0.02636
1632.62 -0.02655
1632.74 -0.02616
1632.86 -0.02543
1632.98 -0.02482
1633.1 -0.02466
1633.22 -0.02478
1633.34 -0.02485
1633.46 -0.0248
1633.58 -0.02489
1633.7 -0.02525
1633.82 -0.02562
1633.94 -0.02558
1634.06 -0.02516
1634.19 -0.02481
1634.31 -0.02485
1634.43 -0.02519
1634.55 -0.02558
1634.67 -0.02595
1634.79 -0.02635
1634.91 -0.02662
1635.03 -0.02649
1635.15 -0.02603
1635.27 -0.0256
1635.39 -0.02543
1635.51 -0.02543
1635.63 -0.02545
1635.75 -0.02557
1635.87 -0.02583
1635.99 -0.02599
1636.11 -0.02581
1636.23 -0.02555
1636.36 -0.02573
1636.48 -0.02642
1636.6 -0.02699
1636.72 -0.02673
1636.84 -0.02573
1636.96 -0.02481
1637.08 -0.02474
1637.2 -0.02554
1637.32 -0.0265
1637.44 -0.02684
1637.56 -0.02636
1637.68 -0.02549
1637.8 -0.02495
1637.92 -0.02512
1638.04 -0.02572
1638.16 -0.02613
1638.28 -0.02595
1638.4 -0.02539
1638.53 -0.02493
1638.65 -0.02481
1638.77 -0.02488
1638.89 -0.02485
1639.01 -0.02463
1639.13 -0.0244
1639.25 -0.0244
1639.37 -0.02465
1639.49 -0.025
1639.61 -0.02527
1639.73 -0.02543
1639.85 -0.02564
1639.97 -0.026
1640.09 -0.02641
1640.21 -0.02657
1640.33 -0.02632
1640.45 -0.02583
1640.57 -0.02556
1640.7 -0.02573
1640.82 -0.02611
1640.94 -0.02624
1641.06 -0.02598
1641.18 -0.02571
1641.3 -0.02583
1641.42 -0.0263
1641.54 -0.02663
1641.66 -0.02652
1641.78 -0.02628
1641.9 -0.02638
1642.02 -0.02681
1642.14 -0.02708
1642.26 -0.02676
1642.38 -0.02602
1642.5 -0.02536
1642.62 -0.02508
1642.74 -0.02504
1642.87 -0.02496
1642.99 -0.02474
1643.11 -0.02453
1643.23 -0.02455
1643.35 -0.02485
1643.47 -0.02528
1643.59 -0.02557
1643.71 -0.02559
1643.83 -0.02547
1643.95 -0.02542
1644.07 -0.02548
1644.19 -0.02556
1644.31 -0.02559
1644.43 -0.02568
1644.55 -0.02591
1644.67 -0.02613
1644.79 -0.0261
1644.91 -0.02579
1645.04 -0.02545
1645.16 -0.02534
1645.28 -0.02544
1645.4 -0.02556
1645.52 -0.02557
1645.64 -0.02554
1645.76 -0.02559
1645.88 -0.02584
1646 -0.02624
1646.12 -0.02664
1646.24 -0.02677
1646.36 -0.02652
1646.48 -0.02598
1646.6 -0.02541
1646.72 -0.02505
1646.84 -0.02496
1646.96 -0.02504
1647.08 -0.02517
1647.2 -0.0253
1647.33 -0.02542
1647.45 -0.02553
1647.57 -0.02551
1647.69 -0.0253
1647.81 -0.02506
1647.93 -0.02506
1648.05 -0.0254
1648.17 -0.02584
1648.29 -0.02605
1648.41 -0.02601
1648.53 -0.02605
1648.65 -0.02645
1648.77 -0.02708
1648.89 -0.02758
1649.01 -0.02774
1649.13 -0.02765
1649.25 -0.02749
1649.37 -0.02726
1649.5 -0.02691
1649.62 -0.02654
1649.74 -0.02637
1649.86 -0.02644
1649.98 -0.02653
1650.1 -0.02639
1650.22 -0.02607
1650.34 -0.02585
1650.46 -0.02591
1650.58 -0.02611
1650.7 -0.02623
1650.82 -0.02621
1650.94 -0.02614
1651.06 -0.0261
1651.18 -0.0261
1651.3 -0.0262
1651.42 -0.02641
1651.54 -0.02656
1651.67 -0.02644
1651.79 -0.02608
1651.91 -0.02583
1652.03 -0.02592
1652.15 -0.02623
1652.27 -0.02644
1652.39 -0.02646
1652.51 -0.02645
1652.63 -0.02652
1652.75 -0.02656
1652.87 -0.02642
1652.99 -0.02621
1653.11 -0.02612
1653.23 -0.02624
1653.35 -0.02645
1653.47 -0.0266
1653.59 -0.02664
1653.71 -0.0266
1653.84 -0.02654
1653.96 -0.02645
1654.08 -0.02629
1654.2 -0.02604
1654.32 -0.02584
1654.44 -0.02581
1654.56 -0.02599
1654.68 -0.02617
1654.8 -0.02614
1654.92 -0.02592
1655.04 -0.02572
1655.16 -0.02579
1655.28 -0.02619
1655.4 -0.02678
1655.52 -0.02726
1655.64 -0.02741
1655.76 -0.02725
1655.88 -0.02701
1656.01 -0.02693
1656.13 -0.02701
1656.25 -0.02701
1656.37 -0.02674
1656.49 -0.02626
1656.61 -0.02578
1656.73 -0.02546
1656.85 -0.02535
1656.97 -0.02548
1657.09 -0.02587
1657.21 -0.02646
1657.33 -0.02702
1657.45 -0.02725
1657.57 -0.02698
1657.69 -0.0264
1657.81 -0.02594
1657.93 -0.02598
1658.05 -0.02654
1658.18 -0.02723
1658.3 -0.02756
1658.42 -0.02735
1658.54 -0.02678
1658.66 -0.02626
1658.78 -0.02602
1658.9 -0.02603
1659.02 -0.02614
1659.14 -0.02628
1659.26 -0.02646
1659.38 -0.02661
1659.5 -0.02652
1659.62 -0.02607
1659.74 -0.02552
1659.86 -0.0253
1659.98 -0.02564
1660.1 -0.02622
1660.22 -0.02653
1660.34 -0.02641
1660.47 -0.02611
1660.59 -0.02596
1660.71 -0.02601
1660.83 -0.02612
1660.95 -0.02624
1661.07 -0.02643
1661.19 -0.02667
1661.31 -0.02676
1661.43 -0.02657
1661.55 -0.02621
1661.67 -0.02594
1661.79 -0.02586
1661.91 -0.02587
1662.03 -0.02586
1662.15 -0.02588
1662.27 -0.026
1662.39 -0.0262
1662.51 -0.02634
1662.64 -0.02631
1662.76 -0.02622
1662.88 -0.02625
1663 -0.02656
1663.12 -0.02709
1663.24 -0.02766
1663.36 -0.02801
1663.48 -0.028
1663.6 -0.02773
1663.72 -0.02741
1663.84 -0.02718
1663.96 -0.02702
1664.08 -0.02687
1664.2 -0.02676
1664.32 -0.02677
1664.44 -0.02686
1664.56 -0.02689
1664.68 -0.0268
1664.81 -0.02671
1664.93 -0.02676
1665.05 -0.02687
1665.17 -0.02683
1665.29 -0.02652
1665.41 -0.02612
1665.53 -0.026
1665.65 -0.02632
1665.77 -0.02686
1665.89 -0.02716
1666.01 -0.02696
1666.13 -0.02648
1666.25 -0.02627
1666.37 -0.02661
1666.49 -0.02721
1666.61 -0.02745
1666.73 -0.02704
1666.85 -0.02637
1666.98 -0.0261
1667.1 -0.02653
1667.22 -0.0273
1667.34 -0.0278
1667.46 -0.0278
1667.58 -0.02755
1667.7 -0.02744
1667.82 -0.0276
1667.94 -0.02783
1668.06 -0.02789
1668.18 -0.02771
1668.3 -0.02735
1668.42 -0.02698
1668.54 -0.02672
1668.66 -0.02658
1668.78 -0.02648
1668.9 -0.02635
1669.02 -0.0262
1669.15 -0.02617
1669.27 -0.02634
1669.39 -0.02664
1669.51 -0.02694
1669.63 -0.02713
1669.75 -0.02722
1669.87 -0.02717
1669.99 -0.02693
1670.11 -0.02656
1670.23 -0.02625
1670.35 -0.02613
1670.47 -0.02618
1670.59 -0.02624
1670.71 -0.02622
1670.83 -0.02619
1670.95 -0.02621
1671.07 -0.02629
1671.19 -0.02634
1671.32 -0.0263
1671.44 -0.02617
1671.56 -0.02601
1671.68 -0.02596
1671.8 -0.02615
1671.92 -0.02658
1672.04 -0.02708
1672.16 -0.02737
1672.28 -0.0273
1672.4 -0.02701
1672.52 -0.02678
1672.64 -0.02683
1672.76 -0.02709
1672.88 -0.02735
1673 -0.02745
1673.12 -0.02742
1673.24 -0.02733
1673.36 -0.0272
1673.48 -0.02697
1673.61 -0.02666
1673.73 -0.02636
1673.85 -0.02622
1673.97 -0.0263
1674.09 -0.02651
1674.21 -0.02668
1674.33 -0.02669
1674.45 -0.0266
1674.57 -0.02654
1674.69 -0.02657
1674.81 -0.02661
1674.93 -0.02657
1675.05 -0.02651
1675.17 -0.02663
1675.29 -0.02693
1675.41 -0.02714
1675.53 -0.02696
1675.65 -0.0265
1675.78 -0.02615
1675.9 -0.02617
1676.02 -0.02636
1676.14 -0.02631
1676.26 -0.02591
1676.38 -0.02549
1676.5 -0.02538
1676.62 -0.02557
1676.74 -0.02578
1676.86 -0.02591
1676.98 -0.02608
1677.1 -0.02643
1677.22 -0.02688
1677.34 -0.02719
1677.46 -0.02722
1677.58 -0.02702
1677.7 -0.02672
1677.82 -0.02646
1677.95 -0.02639
1678.07 -0.02659
1678.19 -0.02699
1678.31 -0.02729
1678.43 -0.02727
1678.55 -0.027
1678.67 -0.02673
1678.79 -0.0266
1678.91 -0.02647
1679.03 -0.02626
1679.15 -0.02611
1679.27 -0.02623
1679.39 -0.02655
1679.51 -0.02675
1679.63 -0.02668
1679.75 -0.02653
1679.87 -0.02652
1679.99 -0.0266
1680.12 -0.02658
1680.24 -0.02643
1680.36 -0.02627
1680.48 -0.02613
1680.6 -0.02596
1680.72 -0.02591
1680.84 -0.02623
1680.96 -0.02696
1681.08 -0.02768
1681.2 -0.02795
1681.32 -0.02771
1681.44 -0.02733
1681.56 -0.02712
1681.68 -0.02701
1681.8 -0.02683
1681.92 -0.02663
1682.04 -0.02664
1682.16 -0.02687
1682.29 -0.02704
1682.41 -0.02688
1682.53 -0.02655
1682.65 -0.02642
1682.77 -0.02669
1682.89 -0.02712
1683.01 -0.02736
1683.13 -0.02728
1683.25 -0.02702
1683.37 -0.02675
1683.49 -0.02657
1683.61 -0.02659
1683.73 -0.02684
1683.85 -0.0272
1683.97 -0.02743
1684.09 -0.02736
1684.21 -0.02713
1684.33 -0.02693
1684.46 -0.02678
1684.58 -0.0266
1684.7 -0.02641
1684.82 -0.02642
1684.94 -0.02671
1685.06 -0.02718
1685.18 -0.02761
1685.3 -0.02791
1685.42 -0.02809
1685.54 -0.0281
1685.66 -0.02785
1685.78 -0.02742
1685.9 -0.02703
1686.02 -0.02683
1686.14 -0.02681
1686.26 -0.02682
1686.38 -0.02684
1686.5 -0.02694
1686.62 -0.02707
1686.75 -0.02705
1686.87 -0.02678
1686.99 -0.02649
1687.11 -0.02658
1687.23 -0.02719
1687.35 -0.02795
1687.47 -0.0283
1687.59 -0.02804
1687.71 -0.02742
1687.83 -0.02689
1687.95 -0.02666
1688.07 -0.02663
1688.19 -0.02659
1688.31 -0.02655
1688.43 -0.02666
1688.55 -0.02696
1688.67 -0.0272
1688.79 -0.02705
1688.92 -0.02651
1689.04 -0.02599
1689.16 -0.02596
1689.28 -0.02649
1689.4 -0.02718
1689.52 -0.02756
1689.64 -0.02755
1689.76 -0.02733
1689.88 -0.02706
1690 -0.02673
1690.12 -0.02637
1690.24 -0.02612
1690.36 -0.02612
1690.48 -0.02631
1690.6 -0.02644
1690.72 -0.02635
1690.84 -0.02617
1690.96 -0.02617
1691.09 -0.02638
1691.21 -0.02653
1691.33 -0.02642
1691.45 -0.02622
1691.57 -0.02632
1691.69 -0.02682
1691.81 -0.02737
1691.93 -0.02762
1692.05 -0.02758
1692.17 -0.02757
1692.29 -0.02768
1692.41 -0.02764
1692.53 -0.02719
1692.65 -0.0265
1692.77 -0.02603
1692.89 -0.02609
1693.01 -0.02653
1693.13 -0.02695
1693.26 -0.02706
1693.38 -0.02693
1693.5 -0.02684
1693.62 -0.027
1693.74 -0.02727
1693.86 -0.02745
1693.98 -0.02745
1694.1 -0.02747
1694.22 -0.02767
1694.34 -0.02796
1694.46 -0.02802
1694.58 -0.02768
1694.7 -0.02703
1694.82 -0.02642
1694.94 -0.02609
1695.06 -0.02604
1695.18 -0.02608
1695.3 -0.02603
1695.43 -0.0259
1695.55 -0.02581
1695.67 -0.02587
1695.79 -0.02607
1695.91 -0.02634
1696.03 -0.02661
1696.15 -0.02683
1696.27 -0.02695
1696.39 -0.0269
1696.51 -0.02671
1696.63 -0.02656
1696.75 -0.0266
1696.87 -0.02678
1696.99 -0.0269
1697.11 -0.02681
1697.23 -0.02658
1697.35 -0.02643
1697.47 -0.02646
1697.6 -0.02662
1697.72 -0.0268
1697.84 -0.0269
1697.96 -0.02689
1698.08 -0.02679
1698.2 -0.02672
1698.32 -0.02684
1698.44 -0.02721
1698.56 -0.02766
1698.68 -0.02795
1698.8 -0.02789
1698.92 -0.02757
1699.04 -0.02719
1699.16 -0.02698
1699.28 -0.02701
1699.4 -0.02717
1699.52 -0.02729
1699.64 -0.02723
1699.77 -0.027
1699.89 -0.02683
1700.01 -0.02694
1700.13 -0.02732
1700.25 -0.02774
1700.37 -0.02793
1700.49 -0.02786
1700.61 -0.02769
1700.73 -0.02757
1700.85 -0.02749
1700.97 -0.02743
1701.09 -0.02739
1701.21 -0.02746
1701.33 -0.02755
1701.45 -0.02749
1701.57 -0.02721
1701.69 -0.02688
1701.81 -0.02678
1701.93 -0.02697
1702.06 -0.02724
1702.18 -0.02731
1702.3 -0.02709
1702.42 -0.0267
1702.54 -0.02639
1702.66 -0.02633
1702.78 -0.0266
1702.9 -0.02706
1703.02 -0.0274
1703.14 -0.02742
1703.26 -0.02716
1703.38 -0.02692
1703.5 -0.02697
1703.62 -0.02729
1703.74 -0.02762
1703.86 -0.02768
1703.98 -0.02741
1704.1 -0.027
1704.23 -0.02668
1704.35 -0.02661
1704.47 -0.02677
1704.59 -0.02705
1704.71 -0.02729
1704.83 -0.02735
1704.95 -0.02718
1705.07 -0.0269
1705.19 -0.02669
1705.31 -0.02668
1705.43 -0.02682
1705.55 -0.02698
1705.67 -0.02712
1705.79 -0.02724
1705.91 -0.02738
1706.03 -0.02755
1706.15 -0.02777
1706.27 -0.02802
1706.4 -0.02812
1706.52 -0.02794
1706.64 -0.02754
1706.76 -0.02722
1706.88 -0.02718
1707 -0.02737
1707.12 -0.02755
1707.24 -0.02765
1707.36 -0.02772
1707.48 -0.0278
1707.6 -0.02776
1707.72 -0.02754
1707.84 -0.02729
1707.96 -0.02722
1708.08 -0.02741
1708.2 -0.02767
1708.32 -0.02775
1708.44 -0.02752
1708.57 -0.02704
1708.69 -0.02651
1708.81 -0.02616
1708.93 -0.02613
1709.05 -0.02639
1709.17 -0.02674
1709.29 -0.02698
1709.41 -0.02706
1709.53 -0.02704
1709.65 -0.02705
1709.77 -0.02711
1709.89 -0.0272
1710.01 -0.02726
1710.13 -0.0272
1710.25 -0.02692
1710.37 -0.02641
1710.49 -0.02588
1710.61 -0.02568
1710.74 -0.02598
1710.86 -0.02658
1710.98 -0.02704
1711.1 -0.02717
1711.22 -0.02717
1711.34 -0.02741
1711.46 -0.028
1711.58 -0.02867
1711.7 -0.02902
1711.82 -0.02883
1711.94 -0.02828
1712.06 -0.02775
1712.18 -0.02752
1712.3 -0.0275
1712.42 -0.02744
1712.54 -0.02719
1712.66 -0.02689
1712.78 -0.02673
1712.91 -0.02671
1713.03 -0.02669
1713.15 -0.0266
1713.27 -0.02651
1713.39 -0.02646
1713.51 -0.02638
1713.63 -0.02621
1713.75 -0.02605
1713.87 -0.02606
1713.99 -0.02624
1714.11 -0.02648
1714.23 -0.02669
1714.35 -0.02693
1714.47 -0.02723
1714.59 -0.02743
1714.71 -0.02736
1714.83 -0.02697
1714.95 -0.02643
1715.08 -0.02597
1715.2 -0.02576
1715.32 -0.02585
1715.44 -0.02619
1715.56 -0.02656
1715.68 -0.0267
1715.8 -0.02657
1715.92 -0.02642
1716.04 -0.02658
1716.16 -0.02709
1716.28 -0.02764
1716.4 -0.02788
1716.52 -0.02784
1716.64 -0.02787
1716.76 -0.02816
1716.88 -0.0285
1717 -0.02846
1717.12 -0.0279
1717.24 -0.02712
1717.37 -0.02656
1717.49 -0.02634
1717.61 -0.02628
1717.73 -0.02614
1717.85 -0.02595
1717.97 -0.02587
1718.09 -0.02591
1718.21 -0.02597
1718.33 -0.02602
1718.45 -0.02626
1718.57 -0.02687
1718.69 -0.02776
1718.81 -0.02845
1718.93 -0.02851
1719.05 -0.0279
1719.17 -0.02706
1719.29 -0.02651
1719.41 -0.02646
1719.54 -0.02676
1719.66 -0.02714
1719.78 -0.02744
1719.9 -0.02759
1720.02 -0.02748
1720.14 -0.02703
1720.26 -0.02645
1720.38 -0.02622
1720.5 -0.02668
1720.62 -0.0276
1720.74 -0.02834
1720.86 -0.02847
1720.98 -0.0282
1721.1 -0.02798
1721.22 -0.02795
1721.34 -0.0279
1721.46 -0.02768
1721.58 -0.02738
1721.71 -0.02716
1721.83 -0.02701
1721.95 -0.02688
1722.07 -0.02692
1722.19 -0.02717
1722.31 -0.02741
1722.43 -0.02727
1722.55 -0.02674
1722.67 -0.02622
1722.79 -0.02609
1722.91 -0.02632
1723.03 -0.02668
1723.15 -0.02706
1723.27 -0.02753
1723.39 -0.028
1723.51 -0.02824
1723.63 -0.02816
1723.75 -0.02788
1723.88 -0.02757
1724 -0.0273
1724.12 -0.02706
1724.24 -0.0269
1724.36 -0.02687
1724.48 -0.02693
1724.6 -0.02701
1724.72 -0.02706
1724.84 -0.02708
1724.96 -0.02707
1725.08 -0.02704
1725.2 -0.02709
1725.32 -0.02728
1725.44 -0.02752
1725.56 -0.02765
1725.68 -0.0277
1725.8 -0.02778
1725.92 -0.02794
1726.05 -0.02791
1726.17 -0.02749
1726.29 -0.02678
1726.41 -0.02621
1726.53 -0.02613
1726.65 -0.0265
1726.77 -0.02701
1726.89 -0.02737
1727.01 -0.02754
1727.13 -0.02753
1727.25 -0.02734
1727.37 -0.02695
1727.49 -0.02642
1727.61 -0.02601
1727.73 -0.02598
1727.85 -0.02634
1727.97 -0.0268
1728.09 -0.027
1728.22 -0.02679
1728.34 -0.02638
1728.46 -0.02613
1728.58 -0.02624
1728.7 -0.02665
1728.82 -0.02712
1728.94 -0.0274
1729.06 -0.02738
1729.18 -0.02712
1729.3 -0.02684
1729.42 -0.02672
1729.54 -0.02685
1729.66 -0.02718
1729.78 -0.02757
1729.9 -0.02787
1730.02 -0.02794
1730.14 -0.02776
1730.26 -0.02747
1730.39 -0.02729
1730.51 -0.02733
1730.63 -0.02746
1730.75 -0.02748
1730.87 -0.02737
1730.99 -0.02725
1731.11 -0.02731
1731.23 -0.02755
1731.35 -0.02778
1731.47 -0.02775
1731.59 -0.02743
1731.71 -0.02704
1731.83 -0.02688
1731.95 -0.02699
1732.07 -0.02722
1732.19 -0.02743
1732.31 -0.02769
1732.43 -0.02807
1732.55 -0.02836
1732.68 -0.0283
1732.8 -0.02793
1732.92 -0.02765
1733.04 -0.02772
1733.16 -0.02798
1733.28 -0.02803
1733.4 -0.02782
1733.52 -0.02767
1733.64 -0.02786
1733.76 -0.02828
1733.88 -0.02851
1734 -0.02823
1734.12 -0.02762
1734.24 -0.02714
1734.36 -0.02717
1734.48 -0.02761
1734.6 -0.02803
1734.72 -0.02807
1734.85 -0.02781
1734.97 -0.02753
1735.09 -0.02734
1735.21 -0.02715
1735.33 -0.02695
1735.45 -0.02686
1735.57 -0.02696
1735.69 -0.02719
1735.81 -0.02749
1735.93 -0.02783
1736.05 -0.02807
1736.17 -0.02794
1736.29 -0.02736
1736.41 -0.02673
1736.53 -0.02653
1736.65 -0.02686
1736.77 -0.02733
1736.89 -0.02758
1737.02 -0.02759
1737.14 -0.02759
1737.26 -0.0277
1737.38 -0.02784
1737.5 -0.02792
1737.62 -0.02796
1737.74 -0.028
1737.86 -0.02803
1737.98 -0.02799
1738.1 -0.02786
1738.22 -0.0277
1738.34 -0.02754
1738.46 -0.02732
1738.58 -0.02696
1738.7 -0.02649
1738.82 -0.02617
1738.94 -0.02621
1739.06 -0.0265
1739.19 -0.02667
1739.31 -0.02656
1739.43 -0.02639
1739.55 -0.02643
1739.67 -0.02667
1739.79 -0.02685
1739.91 -0.02687
1740.03 -0.02688
1740.15 -0.02703
1740.27 -0.02726
1740.39 -0.0274
1740.51 -0.02737
1740.63 -0.02723
1740.75 -0.02718
1740.87 -0.02732
1740.99 -0.02754
1741.11 -0.02751
1741.23 -0.02706
1741.36 -0.02646
1741.48 -0.02628
1741.6 -0.02675
1741.72 -0.02748
1741.84 -0.0279
1741.96 -0.02787
1742.08 -0.02767
1742.2 -0.0275
1742.32 -0.02737
1742.44 -0.02726
1742.56 -0.0273
1742.68 -0.02755
1742.8 -0.02782
1742.92 -0.02792
1743.04 -0.02792
1743.16 -0.028
1743.28 -0.02814
1743.4 -0.02819
1743.53 -0.02808
1743.65 -0.02795
1743.77 -0.02792
1743.89 -0.028
1744.01 -0.02814
1744.13 -0.0283
1744.25 -0.02843
1744.37 -0.02842
1744.49 -0.02818
1744.61 -0.02775
1744.73 -0.02727
1744.85 -0.02687
1744.97 -0.02663
1745.09 -0.02657
1745.21 -0.02664
1745.33 -0.02679
1745.45 -0.02705
1745.57 -0.02745
1745.69 -0.02791
1745.82 -0.02819
1745.94 -0.02807
1746.06 -0.02757
1746.18 -0.02702
1746.3 -0.02673
1746.42 -0.02675
1746.54 -0.02684
1746.66 -0.02677
1746.78 -0.02658
1746.9 -0.02649
1747.02 -0.02664
1747.14 -0.02689
1747.26 -0.02706
1747.38 -0.02718
1747.5 -0.02738
1747.62 -0.0276
1747.74 -0.02758
1747.86 -0.02717
1747.99 -0.02667
1748.11 -0.0265
1748.23 -0.02684
1748.35 -0.02744
1748.47 -0.02793
1748.59 -0.02803
1748.71 -0.02776
1748.83 -0.0274
1748.95 -0.02735
1749.07 -0.02778
1749.19 -0.02838
1749.31 -0.02861
1749.43 -0.0282
1749.55 -0.02742
1749.67 -0.02679
1749.79 -0.02667
1749.91 -0.02706
1750.03 -0.02768
1750.16 -0.0282
1750.28 -0.02835
1750.4 -0.02813
1750.52 -0.02778
1750.64 -0.0276
1750.76 -0.02781
1750.88 -0.02837
1751 -0.029
1751.12 -0.02931
1751.24 -0.029
1751.36 -0.02814
1751.48 -0.02719
1751.6 -0.02667
1751.72 -0.02668
1751.84 -0.02695
1751.96 -0.02718
1752.08 -0.02733
1752.2 -0.02749
1752.33 -0.02768
1752.45 -0.02782
1752.57 -0.02786
1752.69 -0.02775
1752.81 -0.02751
1752.93 -0.02727
1753.05 -0.0272
1753.17 -0.02743
1753.29 -0.02785
1753.41 -0.02818
1753.53 -0.02822
1753.65 -0.02798
1753.77 -0.02769
1753.89 -0.02756
1754.01 -0.02763
1754.13 -0.02773
1754.25 -0.0277
1754.37 -0.02753
1754.5 -0.02731
1754.62 -0.02711
1754.74 -0.02692
1754.86 -0.02678
1754.98 -0.02685
1755.1 -0.0272
1755.22 -0.0276
1755.34 -0.02773
1755.46 -0.02751
1755.58 -0.02714
1755.7 -0.0268
1755.82 -0.02647
1755.94 -0.02616
1756.06 -0.02606
1756.18 -0.02635
1756.3 -0.02689
1756.42 -0.02737
1756.54 -0.02768
1756.67 -0.02799
1756.79 -0.02839
1756.91 -0.02866
1757.03 -0.02855
1757.15 -0.02814
1757.27 -0.02777
1757.39 -0.02757
1757.51 -0.02736
1757.63 -0.02697
1757.75 -0.02656
1757.87 -0.02654
1757.99 -0.02704
1758.11 -0.02766
1758.23 -0.02783
1758.35 -0.02742
1758.47 -0.02688
1758.59 -0.02671
1758.71 -0.02697
1758.83 -0.02727
1758.96 -0.02733
1759.08 -0.02722
1759.2 -0.02723
1759.32 -0.02744
1759.44 -0.02772
1759.56 -0.02797
1759.68 -0.02817
1759.8 -0.0283
1759.92 -0.02825
1760.04 -0.02801
1760.16 -0.02773
1760.28 -0.02768
1760.4 -0.02799
1760.52 -0.02847
1760.64 -0.02872
1760.76 -0.02847
1760.88 -0.02778
1761 -0.027
1761.13 -0.02651
1761.25 -0.02649
1761.37 -0.0268
1761.49 -0.02718
1761.61 -0.02743
1761.73 -0.0275
1761.85 -0.02746
1761.97 -0.02753
1762.09 -0.0278
1762.21 -0.02817
1762.33 -0.02836
1762.45 -0.02817
1762.57 -0.02767
1762.69 -0.0271
1762.81 -0.0267
1762.93 -0.0266
1763.05 -0.02691
1763.17 -0.02757
1763.3 -0.02836
1763.42 -0.02892
1763.54 -0.02903
1763.66 -0.02875
1763.78 -0.02831
1763.9 -0.02792
1764.02 -0.02777
1764.14 -0.02793
1764.26 -0.02822
1764.38 -0.02829
1764.5 -0.02792
1764.62 -0.02728
1764.74 -0.02679
1764.86 -0.02667
1764.98 -0.02682
1765.1 -0.02706
1765.22 -0.02738
1765.34 -0.0278
1765.47 -0.0282
1765.59 -0.02838
1765.71 -0.02827
1765.83 -0.02806
1765.95 -0.02792
1766.07 -0.02787
1766.19 -0.02781
1766.31 -0.02768
1766.43 -0.02753
1766.55 -0.02746
1766.67 -0.02754
1766.79 -0.02776
1766.91 -0.02801
1767.03 -0.02818
1767.15 -0.02826
1767.27 -0.02831
1767.39 -0.02841
1767.51 -0.02855
1767.64 -0.02865
1767.76 -0.02857
1767.88 -0.02823
1768 -0.02768
1768.12 -0.02716
1768.24 -0.02699
1768.36 -0.02724
1768.48 -0.02774
1768.6 -0.02812
1768.72 -0.02813
1768.84 -0.02776
1768.96 -0.0272
1769.08 -0.02678
1769.2 -0.02676
1769.32 -0.02711
1769.44 -0.02749
1769.56 -0.02759
1769.68 -0.02747
1769.81 -0.02751
1769.93 -0.028
1770.05 -0.02872
1770.17 -0.02915
1770.29 -0.02891
1770.41 -0.02813
1770.53 -0.02733
1770.65 -0.02693
1770.77 -0.02696
1770.89 -0.02712
1771.01 -0.02721
1771.13 -0.02728
1771.25 -0.02748
1771.37 -0.02777
1771.49 -0.028
1771.61 -0.02811
1771.73 -0.02826
1771.85 -0.02852
1771.97 -0.02871
1772.1 -0.02863
1772.22 -0.02841
1772.34 -0.02842
1772.46 -0.02874
1772.58 -0.02901
1772.7 -0.02886
1772.82 -0.02838
1772.94 -0.02798
1773.06 -0.02789
1773.18 -0.02791
1773.3 -0.02773
1773.42 -0.02736
1773.54 -0.02699
1773.66 -0.02674
1773.78 -0.02658
1773.9 -0.02651
1774.02 -0.02666
1774.14 -0.02707
1774.27 -0.02754
1774.39 -0.02785
1774.51 -0.02793
1774.63 -0.02795
1774.75 -0.02804
1774.87 -0.0281
1774.99 -0.02805
1775.11 -0.02789
1775.23 -0.0277
1775.35 -0.02748
1775.47 -0.02718
1775.59 -0.02689
1775.71 -0.02685
1775.83 -0.02708
1775.95 -0.02739
1776.07 -0.02758
1776.19 -0.02772
1776.31 -0.02796
1776.44 -0.0282
1776.56 -0.0282
1776.68 -0.02786
1776.8 -0.0274
1776.92 -0.02709
1777.04 -0.02699
1777.16 -0.02703
1777.28 -0.02716
1777.4 -0.02734
1777.52 -0.02745
1777.64 -0.02737
1777.76 -0.0271
1777.88 -0.02677
1778 -0.02654
1778.12 -0.02649
1778.24 -0.02668
1778.36 -0.02704
1778.48 -0.02733
1778.61 -0.02729
1778.73 -0.02693
1778.85 -0.02663
1778.97 -0.02671
1779.09 -0.0271
1779.21 -0.02748
1779.33 -0.02761
1779.45 -0.02754
1779.57 -0.02748
1779.69 -0.02755
1779.81 -0.02772
1779.93 -0.02786
1780.05 -0.02791
1780.17 -0.02792
1780.29 -0.02798
1780.41 -0.02806
1780.53 -0.02794
1780.65 -0.02754
1780.78 -0.02702
1780.9 -0.02667
1781.02 -0.0266
1781.14 -0.02667
1781.26 -0.02677
1781.38 -0.02693
1781.5 -0.02718
1781.62 -0.0274
1781.74 -0.02745
1781.86 -0.02732
1781.98 -0.02713
1782.1 -0.0269
1782.22 -0.02671
1782.34 -0.0267
1782.46 -0.02701
1782.58 -0.02748
1782.7 -0.0278
1782.82 -0.02785
1782.95 -0.02787
1783.07 -0.02813
1783.19 -0.02852
1783.31 -0.02874
1783.43 -0.0287
1783.55 -0.02858
1783.67 -0.02856
1783.79 -0.02858
1783.91 -0.02848
1784.03 -0.02825
1784.15 -0.02797
1784.27 -0.02776
1784.39 -0.02768
1784.51 -0.02777
1784.63 -0.02798
1784.75 -0.02817
1784.87 -0.02823
1784.99 -0.02814
1785.11 -0.02794
1785.24 -0.02769
1785.36 -0.0275
1785.48 -0.02751
1785.6 -0.02772
1785.72 -0.02798
1785.84 -0.02816
1785.96 -0.02832
1786.08 -0.02859
1786.2 -0.0289
1786.32 -0.02901
1786.44 -0.02882
1786.56 -0.02854
1786.68 -0.02833
1786.8 -0.02815
1786.92 -0.02793
1787.04 -0.02777
1787.16 -0.0278
1787.28 -0.02788
1787.41 -0.02772
1787.53 -0.02733
1787.65 -0.02711
1787.77 -0.02742
1787.89 -0.0281
1788.01 -0.02869
1788.13 -0.02884
1788.25 -0.02857
1788.37 -0.02811
1788.49 -0.02768
1788.61 -0.02739
1788.73 -0.02732
1788.85 -0.02749
1788.97 -0.0278
1789.09 -0.02813
1789.21 -0.02838
1789.33 -0.02849
1789.45 -0.0284
1789.58 -0.02818
1789.7 -0.02806
1789.82 -0.02824
1789.94 -0.02865
1790.06 -0.02894
1790.18 -0.02888
1790.3 -0.02862
1790.42 -0.02854
1790.54 -0.02886
1790.66 -0.02939
1790.78 -0.02963
1790.9 -0.02921
1791.02 -0.02828
1791.14 -0.02737
1791.26 -0.02707
1791.38 -0.02747
1791.5 -0.02808
1791.62 -0.02835
1791.75 -0.02811
1791.87 -0.02774
1791.99 -0.02758
1792.11 -0.02765
1792.23 -0.02776
1792.35 -0.02785
1792.47 -0.02802
1792.59 -0.02826
1792.71 -0.02838
1792.83 -0.02828
1792.95 -0.02809
1793.07 -0.028
1793.19 -0.02804
1793.31 -0.02816
1793.43 -0.02832
1793.55 -0.02848
1793.67 -0.02849
1793.79 -0.02824
1793.92 -0.02784
1794.04 -0.02761
1794.16 -0.02771
1794.28 -0.02799
1794.4 -0.02817
1794.52 -0.02815
1794.64 -0.028
1794.76 -0.02784
1794.88 -0.02769
1795 -0.02765
1795.12 -0.02778
1795.24 -0.02797
1795.36 -0.02792
1795.48 -0.02744
1795.6 -0.02676
1795.72 -0.02639
1795.84 -0.0267
1795.96 -0.02758
1796.09 -0.0285
1796.21 -0.02898
1796.33 -0.02898
1796.45 -0.02874
1796.57 -0.02853
1796.69 -0.02837
1796.81 -0.02815
1796.93 -0.02789
1797.05 -0.02774
1797.17 -0.0278
1797.29 -0.02798
1797.41 -0.02813
1797.53 -0.02819
1797.65 -0.02822
1797.77 -0.02825
1797.89 -0.02821
1798.01 -0.02804
1798.13 -0.02781
1798.26 -0.02763
1798.38 -0.02761
1798.5 -0.02774
1798.62 -0.02799
1798.74 -0.02826
1798.86 -0.02845
1798.98 -0.02849
1799.1 -0.02834
1799.22 -0.02805
1799.34 -0.0277
1799.46 -0.02743
1799.58 -0.0274
1799.7 -0.02764
1799.82 -0.02796
1799.94 -0.02811
1800.06 -0.02801
1800.18 -0.02786
1800.3 -0.02786
1800.42 -0.02799
1800.55 -0.02816
1800.67 -0.0283
1800.79 -0.02834
1800.91 -0.0282
1801.03 -0.02783
1801.15 -0.0274
1801.27 -0.02718
1801.39 -0.02719
1801.51 -0.02718
1801.63 -0.02696
1801.75 -0.02675
1801.87 -0.02684
1801.99 -0.02724
1802.11 -0.02763
1802.23 -0.02778
1802.35 -0.02777
1802.47 -0.02777
1802.59 -0.0278
1802.72 -0.02774
1802.84 -0.02759
1802.96 -0.02747
1803.08 -0.02748
1803.2 -0.02765
1803.32 -0.02788
1803.44 -0.02809
1803.56 -0.02819
1803.68 -0.02814
1803.8 -0.02802
1803.92 -0.02798
1804.04 -0.02811
1804.16 -0.02837
1804.28 -0.02856
1804.4 -0.02845
1804.52 -0.028
1804.64 -0.02751
1804.76 -0.02741
1804.89 -0.02777
1805.01 -0.02822
1805.13 -0.02834
1805.25 -0.02816
1805.37 -0.02804
1805.49 -0.02815
1805.61 -0.02821
1805.73 -0.02801
1805.85 -0.02774
1805.97 -0.02779
1806.09 -0.02815
1806.21 -0.02841
1806.33 -0.02828
1806.45 -0.02798
1806.57 -0.02786
1806.69 -0.02801
1806.81 -0.02822
1806.93 -0.02831
1807.06 -0.02829
1807.18 -0.02819
1807.3 -0.02796
1807.42 -0.02759
1807.54 -0.02724
1807.66 -0.02712
1807.78 -0.02727
1807.9 -0.02749
1808.02 -0.02759
1808.14 -0.02756
1808.26 -0.02759
1808.38 -0.02785
1808.5 -0.02825
1808.62 -0.02853
1808.74 -0.0285
1808.86 -0.02824
1808.98 -0.02794
1809.1 -0.02774
1809.23 -0.02761
1809.35 -0.02751
1809.47 -0.02748
1809.59 -0.02759
1809.71 -0.02786
1809.83 -0.02818
1809.95 -0.02846
1810.07 -0.02862
1810.19 -0.02868
1810.31 -0.02868
1810.43 -0.02867
1810.55 -0.02864
1810.67 -0.02852
1810.79 -0.02829
1810.91 -0.02807
1811.03 -0.02798
1811.15 -0.02796
1811.27 -0.02777
1811.4 -0.0273
1811.52 -0.02678
1811.64 -0.02657
1811.76 -0.02677
1811.88 -0.02713
1812 -0.02739
1812.12 -0.02757
1812.24 -0.02781
1812.36 -0.02807
1812.48 -0.02814
1812.6 -0.02785
1812.72 -0.02738
1812.84 -0.02707
1812.96 -0.02714
1813.08 -0.02746
1813.2 -0.02773
1813.32 -0.02776
1813.44 -0.02769
1813.56 -0.02776
1813.69 -0.02793
1813.81 -0.02798
1813.93 -0.02783
1814.05 -0.02777
1814.17 -0.02805
1814.29 -0.02848
1814.41 -0.02863
1814.53 -0.02839
1814.65 -0.02808
1814.77 -0.02803
1814.89 -0.02817
1815.01 -0.0282
1815.13 -0.02806
1815.25 -0.02798
1815.37 -0.02814
1815.49 -0.02845
1815.61 -0.02862
1815.73 -0.02849
1815.86 -0.02821
1815.98 -0.02813
1816.1 -0.02838
1816.22 -0.02877
1816.34 -0.02887
1816.46 -0.02857
1816.58 -0.02812
1816.7 -0.02781
1816.82 -0.0277
1816.94 -0.02771
1817.06 -0.02785
1817.18 -0.02812
1817.3 -0.02827
1817.42 -0.02804
1817.54 -0.02759
1817.66 -0.02735
1817.78 -0.02752
1817.9 -0.02777
1818.03 -0.02776
1818.15 -0.02755
1818.27 -0.02743
1818.39 -0.02745
1818.51 -0.02749
1818.63 -0.02755
1818.75 -0.0278
1818.87 -0.02823
1818.99 -0.02854
1819.11 -0.02849
1819.23 -0.02816
1819.35 -0.02781
1819.47 -0.0276
1819.59 -0.02758
1819.71 -0.02775
1819.83 -0.02806
1819.95 -0.02831
1820.07 -0.02832
1820.2 -0.02806
1820.32 -0.0277
1820.44 -0.02747
1820.56 -0.02753
1820.68 -0.02786
1820.8 -0.02829
1820.92 -0.02857
1821.04 -0.02856
1821.16 -0.02832
1821.28 -0.0281
1821.4 -0.02804
1821.52 -0.02808
1821.64 -0.02806
1821.76 -0.02794
1821.88 -0.02789
1822 -0.02805
1822.12 -0.02831
1822.24 -0.02845
1822.37 -0.02838
1822.49 -0.02834
1822.61 -0.02848
1822.73 -0.02861
1822.85 -0.02844
1822.97 -0.02797
1823.09 -0.02759
1823.21 -0.02758
1823.33 -0.02781
1823.45 -0.02796
1823.57 -0.02783
1823.69 -0.02753
1823.81 -0.02724
1823.93 -0.02718
1824.05 -0.0275
1824.17 -0.02811
1824.29 -0.02862
1824.41 -0.02867
1824.54 -0.02832
1824.66 -0.02805
1824.78 -0.02818
1824.9 -0.02854
1825.02 -0.02874
1825.14 -0.02861
1825.26 -0.02836
1825.38 -0.02823
1825.5 -0.02822
1825.62 -0.02814
1825.74 -0.02783
1825.86 -0.02735
1825.98 -0.02698
1826.1 -0.02695
1826.22 -0.02724
1826.34 -0.02761
1826.46 -0.02786
1826.58 -0.028
1826.7 -0.02811
1826.83 -0.02813
1826.95 -0.02793
1827.07 -0.02763
1827.19 -0.02752
1827.31 -0.02773
1827.43 -0.02803
1827.55 -0.02815
1827.67 -0.0281
1827.79 -0.02804
1827.91 -0.02803
1828.03 -0.02793
1828.15 -0.02767
1828.27 -0.02741
1828.39 -0.02736
1828.51 -0.02753
1828.63 -0.02777
1828.75 -0.02796
1828.87 -0.02806
1829 -0.02806
1829.12 -0.02789
1829.24 -0.02759
1829.36 -0.02735
1829.48 -0.02741
1829.6 -0.02785
1829.72 -0.02843
1829.84 -0.02879
1829.96 -0.02869
1830.08 -0.02822
1830.2 -0.02773
1830.32 -0.02748
1830.44 -0.0275
1830.56 -0.02765
1830.68 -0.02781
1830.8 -0.02796
1830.92 -0.02813
1831.04 -0.0283
1831.17 -0.02841
1831.29 -0.02844
1831.41 -0.02841
1831.53 -0.02834
1831.65 -0.02826
1831.77 -0.02822
1831.89 -0.02823
1832.01 -0.02823
1832.13 -0.02809
1832.25 -0.02778
1832.37 -0.02748
1832.49 -0.02738
1832.61 -0.02744
1832.73 -0.02747
1832.85 -0.02742
1832.97 -0.0274
1833.09 -0.0275
1833.21 -0.02763
1833.34 -0.02761
1833.46 -0.0275
1833.58 -0.02749
1833.7 -0.02771
1833.82 -0.02802
1833.94 -0.02818
1834.06 -0.02806
1834.18 -0.02768
1834.3 -0.02719
1834.42 -0.02692
1834.54 -0.02714
1834.66 -0.02783
1834.78 -0.02859
1834.9 -0.029
1835.02 -0.02896
1835.14 -0.0287
1835.26 -0.02841
1835.38 -0.02816
1835.51 -0.02796
1835.63 -0.02784
1835.75 -0.02785
1835.87 -0.02796
1835.99 -0.02809
1836.11 -0.02822
1836.23 -0.0283
1836.35 -0.02827
1836.47 -0.02816
1836.59 -0.02809
1836.71 -0.02816
1836.83 -0.02831
1836.95 -0.02838
1837.07 -0.02828
1837.19 -0.02813
1837.31 -0.02811
1837.43 -0.02835
1837.55 -0.02876
1837.68 -0.02907
1837.8 -0.02897
1837.92 -0.02847
1838.04 -0.02796
1838.16 -0.0278
1838.28 -0.028
1838.4 -0.02831
1838.52 -0.02857
1838.64 -0.02883
1838.76 -0.02914
1838.88 -0.0294
1839 -0.02951
1839.12 -0.02957
1839.24 -0.02971
1839.36 -0.02986
1839.48 -0.02982
1839.6 -0.02949
1839.72 -0.02898
1839.84 -0.02848
1839.97 -0.02812
1840.09 -0.02793
1840.21 -0.02797
1840.33 -0.02822
1840.45 -0.0286
1840.57 -0.02894
1840.69 -0.02911
1840.81 -0.02912
1840.93 -0.02913
1841.05 -0.02924
1841.17 -0.02936
1841.29 -0.02922
1841.41 -0.02869
1841.53 -0.02806
1841.65 -0.02781
1841.77 -0.02812
1841.89 -0.02866
1842.01 -0.02894
1842.14 -0.0288
1842.26 -0.02852
1842.38 -0.0284
1842.5 -0.02845
1842.62 -0.02842
1842.74 -0.02823
1842.86 -0.02799
1842.98 -0.02784
1843.1 -0.02775
1843.22 -0.02758
1843.34 -0.02734
1843.46 -0.02723
1843.58 -0.02733
1843.7 -0.02748
1843.82 -0.02747
1843.94 -0.02734
1844.06 -0.02737
1844.18 -0.02766
1844.31 -0.02798
1844.43 -0.02804
1844.55 -0.0279
1844.67 -0.02786
1844.79 -0.02805
1844.91 -0.02827
1845.03 -0.02825
1845.15 -0.02802
1845.27 -0.02781
1845.39 -0.02777
1845.51 -0.02776
1845.63 -0.02757
1845.75 -0.02717
1845.87 -0.0268
1845.99 -0.02674
1846.11 -0.02709
1846.23 -0.0276
1846.35 -0.02794
1846.48 -0.02796
1846.6 -0.02779
1846.72 -0.02764
1846.84 -0.02753
1846.96 -0.02738
1847.08 -0.0272
1847.2 -0.02714
1847.32 -0.02731
1847.44 -0.02763
1847.56 -0.0279
1847.68 -0.02804
1847.8 -0.02805
1847.92 -0.02793
1848.04 -0.02769
1848.16 -0.02745
1848.28 -0.0274
1848.4 -0.02758
1848.52 -0.02779
1848.65 -0.02776
1848.77 -0.02753
1848.89 -0.0274
1849.01 -0.02767
1849.13 -0.02831
1849.25 -0.02897
1849.37 -0.02919
1849.49 -0.02882
1849.61 -0.02811
1849.73 -0.0275
1849.85 -0.02723
1849.97 -0.02726
1850.09 -0.02741
1850.21 -0.02762
1850.33 -0.02792
1850.45 -0.02819
1850.57 -0.02826
1850.69 -0.02812
1850.82 -0.02802
1850.94 -0.0282
1851.06 -0.02855
1851.18 -0.02872
1851.3 -0.02855
1851.42 -0.02821
1851.54 -0.02805
1851.66 -0.02819
1851.78 -0.02853
1851.9 -0.02879
1852.02 -0.02878
1852.14 -0.02843
1852.26 -0.02792
1852.38 -0.02751
1852.5 -0.0274
1852.62 -0.02756
1852.74 -0.02777
1852.86 -0.02785
1852.98 -0.02782
1853.11 -0.02782
1853.23 -0.02797
1853.35 -0.02815
1853.47 -0.02813
1853.59 -0.02779
1853.71 -0.02737
1853.83 -0.02723
1853.95 -0.02745
1854.07 -0.02773
1854.19 -0.0278
1854.31 -0.02775
1854.43 -0.02793
1854.55 -0.02836
1854.67 -0.02865
1854.79 -0.02846
1854.91 -0.02797
1855.03 -0.02762
1855.15 -0.02762
1855.28 -0.02771
1855.4 -0.0276
1855.52 -0.02735
1855.64 -0.02728
1855.76 -0.02755
1855.88 -0.02799
1856 -0.02834
1856.12 -0.0285
1856.24 -0.02861
1856.36 -0.02883
1856.48 -0.02916
1856.6 -0.02941
1856.72 -0.02932
1856.84 -0.02888
1856.96 -0.02837
1857.08 -0.02808
1857.2 -0.02804
1857.32 -0.02793
1857.45 -0.02761
1857.57 -0.02734
1857.69 -0.02752
1857.81 -0.02812
1857.93 -0.02862
1858.05 -0.02854
1858.17 -0.02801
1858.29 -0.02747
1858.41 -0.0272
1858.53 -0.02706
1858.65 -0.02691
1858.77 -0.02685
1858.89 -0.027
1859.01 -0.02723
1859.13 -0.02735
1859.25 -0.02735
1859.37 -0.02743
1859.49 -0.02764
1859.62 -0.02774
1859.74 -0.02758
1859.86 -0.02739
1859.98 -0.02761
1860.1 -0.02833
1860.22 -0.02914
1860.34 -0.02954
1860.46 -0.02944
1860.58 -0.02915
1860.7 -0.02893
1860.82 -0.02873
1860.94 -0.02835
1861.06 -0.02788
1861.18 -0.02767
1861.3 -0.02791
1861.42 -0.02835
1861.54 -0.02853
1861.66 -0.02829
1861.79 -0.02785
1861.91 -0.02758
1862.03 -0.0276
1862.15 -0.02781
1862.27 -0.02806
1862.39 -0.02827
1862.51 -0.0284
1862.63 -0.02849
1862.75 -0.02863
1862.87 -0.02885
1862.99 -0.02905
1863.11 -0.02904
1863.23 -0.02874
1863.35 -0.02826
1863.47 -0.02786
1863.59 -0.02775
1863.71 -0.02793
1863.83 -0.02821
1863.96 -0.02833
1864.08 -0.02812
1864.2 -0.02767
1864.32 -0.02726
1864.44 -0.02713
1864.56 -0.02726
1864.68 -0.02751
1864.8 -0.02777
1864.92 -0.02816
1865.04 -0.02872
1865.16 -0.0293
1865.28 -0.02958
1865.4 -0.02937
1865.52 -0.02883
1865.64 -0.02832
1865.76 -0.02807
1865.88 -0.02809
1866 -0.02821
1866.12 -0.02835
1866.25 -0.02853
1866.37 -0.02871
1866.49 -0.02881
1866.61 -0.02874
1866.73 -0.02853
1866.85 -0.02822
1866.97 -0.02782
1867.09 -0.02741
1867.21 -0.02722
1867.33 -0.02746
1867.45 -0.02797
1867.57 -0.02835
1867.69 -0.02835
1867.81 -0.02816
1867.93 -0.0281
1868.05 -0.0282
1868.17 -0.02827
1868.29 -0.02829
1868.42 -0.02837
1868.54 -0.02853
1868.66 -0.02853
1868.78 -0.02831
1868.9 -0.02813
1869.02 -0.02827
1869.14 -0.02858
1869.26 -0.02868
1869.38 -0.02849
1869.5 -0.02829
1869.62 -0.02828
1869.74 -0.02839
1869.86 -0.0284
1869.98 -0.02824
1870.1 -0.02799
1870.22 -0.02776
1870.34 -0.02776
1870.46 -0.02814
1870.59 -0.02874
1870.71 -0.02905
1870.83 -0.02881
1870.95 -0.02838
1871.07 -0.02838
1871.19 -0.02888
1871.31 -0.02937
1871.43 -0.02935
1871.55 -0.02887
1871.67 -0.02827
1871.79 -0.02779
1871.91 -0.02746
1872.03 -0.02734
1872.15 -0.02752
1872.27 -0.02789
1872.39 -0.0282
1872.51 -0.02833
1872.63 -0.02835
1872.76 -0.02836
1872.88 -0.02828
1873 -0.02802
1873.12 -0.0277
1873.24 -0.02762
1873.36 -0.02796
1873.48 -0.02852
1873.6 -0.02884
1873.72 -0.02862
1873.84 -0.02803
1873.96 -0.02755
1874.08 -0.02746
1874.2 -0.02767
1874.32 -0.02791
1874.44 -0.02806
1874.56 -0.02819
1874.68 -0.02837
1874.8 -0.02855
1874.93 -0.02865
1875.05 -0.02868
1875.17 -0.02868
1875.29 -0.02872
1875.41 -0.0288
1875.53 -0.0289
1875.65 -0.02895
1875.77 -0.02885
1875.89 -0.02858
1876.01 -0.02824
1876.13 -0.02801
1876.25 -0.02802
1876.37 -0.02828
1876.49 -0.02863
1876.61 -0.02881
1876.73 -0.02863
1876.85 -0.02819
1876.97 -0.02792
1877.1 -0.02811
1877.22 -0.02863
1877.34 -0.02897
1877.46 -0.02883
1877.58 -0.02844
1877.7 -0.02826
1877.82 -0.02842
1877.94 -0.02854
1878.06 -0.0283
1878.18 -0.0278
1878.3 -0.02743
1878.42 -0.02746
1878.54 -0.0278
1878.66 -0.02817
1878.78 -0.02834
1878.9 -0.02816
1879.02 -0.02772
1879.14 -0.0274
1879.27 -0.02754
1879.39 -0.02814
1879.51 -0.02868
1879.63 -0.02875
1879.75 -0.02849
1879.87 -0.02841
1879.99 -0.02871
1880.11 -0.02908
1880.23 -0.02906
1880.35 -0.02863
1880.47 -0.02815
1880.59 -0.02796
1880.71 -0.02814
1880.83 -0.02851
1880.95 -0.02879
1881.07 -0.02878
1881.19 -0.02844
1881.31 -0.02799
1881.44 -0.02774
1881.56 -0.02792
1881.68 -0.02844
1881.8 -0.02901
1881.92 -0.02924
1882.04 -0.029
1882.16 -0.0285
1882.28 -0.02818
1882.4 -0.02833
1882.52 -0.02879
1882.64 -0.02916
1882.76 -0.02916
1882.88 -0.02883
1883 -0.02846
1883.12 -0.02831
1883.24 -0.02847
1883.36 -0.0288
1883.48 -0.02909
1883.6 -0.0292
1883.73 -0.0292
1883.85 -0.02913
1883.97 -0.02893
1884.09 -0.02849
1884.21 -0.02799
1884.33 -0.02776
1884.45 -0.02796
1884.57 -0.02835
1884.69 -0.02853
1884.81 -0.02837
1884.93 -0.02805
1885.05 -0.02774
1885.17 -0.0275
1885.29 -0.02735
1885.41 -0.02737
1885.53 -0.0276
1885.65 -0.02789
1885.77 -0.02809
1885.9 -0.02822
1886.02 -0.02849
1886.14 -0.02893
1886.26 -0.02931
1886.38 -0.02931
1886.5 -0.0289
1886.62 -0.0284
1886.74 -0.02811
1886.86 -0.028
1886.98 -0.02792
1887.1 -0.02781
1887.22 -0.02782
1887.34 -0.02798
1887.46 -0.02805
1887.58 -0.02789
1887.7 -0.02774
1887.82 -0.02805
1887.94 -0.02887
1888.07 -0.02966
1888.19 -0.02985
1888.31 -0.02943
1888.43 -0.02887
1888.55 -0.02856
1888.67 -0.02849
1888.79 -0.0285
1888.91 -0.02853
1889.03 -0.02864
1889.15 -0.02873
1889.27 -0.02861
1889.39 -0.02824
1889.51 -0.0279
1889.63 -0.02789
1889.75 -0.02824
1889.87 -0.02876
1889.99 -0.02923
1890.11 -0.02959
1890.24 -0.02985
1890.36 -0.02996
1890.48 -0.02987
1890.6 -0.02964
1890.72 -0.02938
1890.84 -0.02914
1890.96 -0.02886
1891.08 -0.0285
1891.2 -0.02819
1891.32 -0.02812
1891.44 -0.02828
1891.56 -0.02841
1891.68 -0.02829
1891.8 -0.02798
1891.92 -0.02783
1892.04 -0.02803
1892.16 -0.02841
1892.28 -0.02863
1892.41 -0.02859
1892.53 -0.02849
1892.65 -0.02849
1892.77 -0.02848
1892.89 -0.02819
1893.01 -0.02766
1893.13 -0.02726
1893.25 -0.02742
1893.37 -0.0282
1893.49 -0.02924
1893.61 -0.03004
1893.73 -0.03029
1893.85 -0.02999
1893.97 -0.02943
1894.09 -0.02892
1894.21 -0.02867
1894.33 -0.0286
1894.45 -0.02855
1894.58 -0.02841
1894.7 -0.02826
1894.82 -0.0282
1894.94 -0.02819
1895.06 -0.0281
1895.18 -0.02789
1895.3 -0.02776
1895.42 -0.02794
1895.54 -0.02844
1895.66 -0.02894
1895.78 -0.02915
1895.9 -0.02909
1896.02 -0.02908
1896.14 -0.02932
1896.26 -0.02966
1896.38 -0.02975
1896.5 -0.02938
1896.62 -0.02878
1896.74 -0.02835
1896.87 -0.02832
1896.99 -0.02852
1897.11 -0.02859
1897.23 -0.02824
1897.35 -0.0276
1897.47 -0.02705
1897.59 -0.02695
1897.71 -0.02727
1897.83 -0.0277
1897.95 -0.02791
1898.07 -0.02792
1898.19 -0.02788
1898.31 -0.02787
1898.43 -0.02779
1898.55 -0.0276
1898.67 -0.02749
1898.79 -0.02768
1898.91 -0.02812
1899.04 -0.02851
1899.16 -0.02867
1899.28 -0.02867
1899.4 -0.02872
1899.52 -0.02889
1899.64 -0.02903
1899.76 -0.029
1899.88 -0.0288
1900 -0.02862
1900.12 -0.02862
1900.24 -0.02886
1900.36 -0.02919
1900.48 -0.02937
1900.6 -0.02923
1900.72 -0.02883
1900.84 -0.02838
1900.96 -0.02806
1901.08 -0.02793
1901.21 -0.02803
1901.33 -0.02838
1901.45 -0.0289
1901.57 -0.02933
1901.69 -0.02938
1901.81 -0.02898
1901.93 -0.0284
1902.05 -0.02802
1902.17 -0.028
1902.29 -0.02815
1902.41 -0.02819
1902.53 -0.02807
1902.65 -0.02807
1902.77 -0.02845
1902.89 -0.02907
1903.01 -0.02949
1903.13 -0.02944
1903.25 -0.02913
1903.38 -0.02895
1903.5 -0.02896
1903.62 -0.02893
1903.74 -0.02877
1903.86 -0.02867
1903.98 -0.02881
1904.1 -0.02906
1904.22 -0.02908
1904.34 -0.0288
1904.46 -0.02846
1904.58 -0.02828
1904.7 -0.02827
1904.82 -0.02822
1904.94 -0.02805
1905.06 -0.02781
1905.18 -0.02767
1905.3 -0.02774
1905.42 -0.02804
1905.55 -0.02846
1905.67 -0.02877
1905.79 -0.02882
1905.91 -0.02867
1906.03 -0.02846
1906.15 -0.02822
1906.27 -0.02785
1906.39 -0.02736
1906.51 -0.02703
1906.63 -0.02715
1906.75 -0.02765
1906.87 -0.02813
1906.99 -0.02823
1907.11 -0.02794
1907.23 -0.02756
1907.35 -0.02739
1907.47 -0.02751
1907.59 -0.02778
1907.72 -0.02803
1907.84 -0.02817
1907.96 -0.02816
1908.08 -0.02807
1908.2 -0.02798
1908.32 -0.02798
1908.44 -0.02813
1908.56 -0.0284
1908.68 -0.02865
1908.8 -0.02879
1908.92 -0.02884
1909.04 -0.02898
1909.16 -0.02928
1909.28 -0.02958
1909.4 -0.02964
1909.52 -0.02941
1909.64 -0.02911
1909.76 -0.02897
1909.89 -0.02897
1910.01 -0.02892
1910.13 -0.02876
1910.25 -0.0286
1910.37 -0.02861
1910.49 -0.02879
1910.61 -0.02898
1910.73 -0.02902
1910.85 -0.02885
1910.97 -0.02857
1911.09 -0.02833
1911.21 -0.02828
1911.33 -0.02834
1911.45 -0.02828
1911.57 -0.02798
1911.69 -0.02761
1911.81 -0.02752
1911.93 -0.02781
1912.05 -0.02822
1912.18 -0.02842
1912.3 -0.02839
1912.42 -0.02836
1912.54 -0.02839
1912.66 -0.02833
1912.78 -0.02808
1912.9 -0.02785
1913.02 -0.02787
1913.14 -0.02803
1913.26 -0.02804
1913.38 -0.02778
1913.5 -0.02755
1913.62 -0.02767
1913.74 -0.02815
1913.86 -0.02866
1913.98 -0.02891
1914.1 -0.02894
1914.22 -0.02896
1914.35 -0.02909
1914.47 -0.02928
1914.59 -0.02942
1914.71 -0.02945
1914.83 -0.0294
1914.95 -0.0293
1915.07 -0.02913
1915.19 -0.02893
1915.31 -0.02883
1915.43 -0.02898
1915.55 -0.0293
1915.67 -0.0295
1915.79 -0.02929
1915.91 -0.02865
1916.03 -0.02786
1916.15 -0.02733
1916.27 -0.02727
1916.39 -0.02754
1916.52 -0.02783
1916.64 -0.02791
1916.76 -0.02791
1916.88 -0.02813
1917 -0.02867
1917.12 -0.02924
1917.24 -0.0294
1917.36 -0.02908
1917.48 -0.02854
1917.6 -0.02811
1917.72 -0.0279
1917.84 -0.02787
1917.96 -0.02803
1918.08 -0.02845
1918.2 -0.02904
1918.32 -0.02954
1918.44 -0.02964
1918.56 -0.02928
1918.69 -0.02867
1918.81 -0.02812
1918.93 -0.0278
1919.05 -0.02769
1919.17 -0.0277
1919.29 -0.02784
1919.41 -0.02813
1919.53 -0.02847
1919.65 -0.02867
1919.77 -0.02867
1919.89 -0.02857
1920.01 -0.02849
1920.13 -0.02844
1920.25 -0.02838
1920.37 -0.02842
1920.49 -0.0286
1920.61 -0.02867
1920.73 -0.02833
1920.86 -0.02766
1920.98 -0.02719
1921.1 -0.02735
1921.22 -0.02803
1921.34 -0.02873
1921.46 -0.02906
1921.58 -0.02901
1921.7 -0.02874
1921.82 -0.02841
1921.94 -0.02812
1922.06 -0.02799
1922.18 -0.028
1922.3 -0.02808
1922.42 -0.02825
1922.54 -0.02861
1922.66 -0.0291
1922.78 -0.02935
1922.9 -0.02905
1923.03 -0.02834
1923.15 -0.02772
1923.27 -0.0276
1923.39 -0.02793
1923.51 -0.02843
1923.63 -0.02886
1923.75 -0.02922
1923.87 -0.02954
1923.99 -0.02974
1924.11 -0.02973
1924.23 -0.0295
1924.35 -0.02924
1924.47 -0.02914
1924.59 -0.02922
1924.71 -0.02927
1924.83 -0.02907
1924.95 -0.02864
1925.07 -0.02825
1925.19 -0.02815
1925.32 -0.02837
1925.44 -0.02878
1925.56 -0.02925
1925.68 -0.02966
1925.8 -0.02979
1925.92 -0.02952
1926.04 -0.02904
1926.16 -0.02873
1926.28 -0.02879
1926.4 -0.029
1926.52 -0.02906
1926.64 -0.02883
1926.76 -0.02841
1926.88 -0.02791
1927 -0.02746
1927.12 -0.02724
1927.24 -0.02739
1927.36 -0.02779
1927.49 -0.02816
1927.61 -0.02827
1927.73 -0.02813
1927.85 -0.02789
1927.97 -0.02774
1928.09 -0.02776
1928.21 -0.02798
1928.33 -0.02827
1928.45 -0.02842
1928.57 -0.02836
1928.69 -0.0283
1928.81 -0.02853
1928.93 -0.02904
1929.05 -0.02951
1929.17 -0.02957
1929.29 -0.02913
1929.41 -0.02849
1929.53 -0.02801
1929.66 -0.02789
1929.78 -0.02804
1929.9 -0.02815
1930.02 -0.028
1930.14 -0.02768
1930.26 -0.0275
1930.38 -0.02762
1930.5 -0.0279
1930.62 -0.02805
1930.74 -0.02796
1930.86 -0.02782
1930.98 -0.02782
1931.1 -0.02802
1931.22 -0.02833
1931.34 -0.02866
1931.46 -0.02895
1931.58 -0.02916
1931.7 -0.02926
1931.83 -0.02933
1931.95 -0.02947
1932.07 -0.02967
1932.19 -0.02977
1932.31 -0.02962
1932.43 -0.02926
1932.55 -0.02897
1932.67 -0.02902
1932.79 -0.02939
1932.91 -0.0298
1933.03 -0.02989
1933.15 -0.02959
1933.27 -0.02918
1933.39 -0.02893
1933.51 -0.02885
1933.63 -0.02869
1933.75 -0.02834
1933.87 -0.02803
1934 -0.02806
1934.12 -0.02845
1934.24 -0.02883
1934.36 -0.02878
1934.48 -0.02829
1934.6 -0.02772
1934.72 -0.02746
1934.84 -0.02759
1934.96 -0.02794
1935.08 -0.02832
1935.2 -0.0286
1935.32 -0.02869
1935.44 -0.02861
1935.56 -0.02849
1935.68 -0.02857
1935.8 -0.02891
1935.92 -0.02932
1936.04 -0.02955
1936.17 -0.02956
1936.29 -0.0295
1936.41 -0.02947
1936.53 -0.02945
1936.65 -0.02933
1936.77 -0.02908
1936.89 -0.02871
1937.01 -0.02832
1937.13 -0.02806
1937.25 -0.02817
1937.37 -0.02869
1937.49 -0.02942
1937.61 -0.02998
1937.73 -0.03009
1937.85 -0.02972
1937.97 -0.02913
1938.09 -0.02869
1938.21 -0.02862
1938.33 -0.02879
1938.46 -0.02888
1938.58 -0.02877
1938.7 -0.02872
1938.82 -0.029
1938.94 -0.02942
1939.06 -0.02954
1939.18 -0.0292
1939.3 -0.02876
1939.42 -0.0286
1939.54 -0.02868
1939.66 -0.02868
1939.78 -0.0285
1939.9 -0.02832
1940.02 -0.02834
1940.14 -0.02854
1940.26 -0.02877
1940.38 -0.02893
1940.5 -0.02896
1940.63 -0.02884
1940.75 -0.02876
1940.87 -0.02899
1940.99 -0.02958
1941.11 -0.0302
1941.23 -0.03038
1941.35 -0.03004
1941.47 -0.02953
1941.59 -0.02923
1941.71 -0.02915
1941.83 -0.02903
1941.95 -0.02871
1942.07 -0.02826
1942.19 -0.02792
1942.31 -0.02785
1942.43 -0.02809
1942.55 -0.02851
1942.67 -0.02892
1942.8 -0.02915
1942.92 -0.02912
1943.04 -0.02894
1943.16 -0.02875
1943.28 -0.02869
1943.4 -0.02877
1943.52 -0.02896
1943.64 -0.02927
1943.76 -0.02963
1943.88 -0.02989
1944 -0.02986
1944.12 -0.02949
1944.24 -0.02906
1944.36 -0.02895
1944.48 -0.02927
1944.6 -0.02973
1944.72 -0.02993
1944.84 -0.02978
1944.97 -0.02956
1945.09 -0.0295
1945.21 -0.02957
1945.33 -0.02953
1945.45 -0.02925
1945.57 -0.02884
1945.69 -0.02849
1945.81 -0.0283
1945.93 -0.02827
1946.05 -0.02832
1946.17 -0.02842
1946.29 -0.02856
1946.41 -0.02875
1946.53 -0.02895
1946.65 -0.02905
1946.77 -0.02901
1946.89 -0.02888
1947.01 -0.0288
1947.14 -0.02883
1947.26 -0.02888
1947.38 -0.02889
1947.5 -0.02899
1947.62 -0.02929
1947.74 -0.02969
1947.86 -0.0298
1947.98 -0.02942
1948.1 -0.0288
1948.22 -0.02846
1948.34 -0.02862
1948.46 -0.02896
1948.58 -0.02904
1948.7 -0.02878
1948.82 -0.02853
1948.94 -0.02864
1949.06 -0.02907
1949.18 -0.02946
1949.31 -0.02945
1949.43 -0.02898
1949.55 -0.02827
1949.67 -0.02775
1949.79 -0.0277
1949.91 -0.02807
1950.03 -0.02847
1950.15 -0.02856
1950.27 -0.02836
1950.39 -0.02824
1950.51 -0.02851
1950.63 -0.02915
1950.75 -0.02984
1950.87 -0.03022
1950.99 -0.0301
1951.11 -0.02957
1951.23 -0.02892
1951.35 -0.02848
1951.47 -0.02843
1951.6 -0.02871
1951.72 -0.02905
1951.84 -0.0292
1951.96 -0.02912
1952.08 -0.02895
1952.2 -0.02896
1952.32 -0.02919
1952.44 -0.02946
1952.56 -0.02949
1952.68 -0.02923
1952.8 -0.02883
1952.92 -0.02852
1953.04 -0.02842
1953.16 -0.02849
1953.28 -0.02867
1953.4 -0.02886
1953.52 -0.02894
1953.64 -0.02881
1953.77 -0.02857
1953.89 -0.02846
1954.01 -0.02867
1954.13 -0.0291
1954.25 -0.02942
1954.37 -0.02941
1954.49 -0.02912
1954.61 -0.02884
1954.73 -0.02873
1954.85 -0.02872
1954.97 -0.02868
1955.09 -0.02856
1955.21 -0.02845
1955.33 -0.02836
1955.45 -0.02825
1955.57 -0.02814
1955.69 -0.02821
1955.81 -0.02861
1955.94 -0.02928
1956.06 -0.02996
1956.18 -0.03034
1956.3 -0.03031
1956.42 -0.02991
1956.54 -0.02925
1956.66 -0.02858
1956.78 -0.02819
1956.9 -0.02829
1957.02 -0.02876
1957.14 -0.02917
1957.26 -0.02906
1957.38 -0.02836
1957.5 -0.02745
1957.62 -0.02694
1957.74 -0.02711
1957.86 -0.02772
1957.98 -0.02828
1958.11 -0.0285
1958.23 -0.02846
1958.35 -0.02838
1958.47 -0.02837
1958.59 -0.02841
1958.71 -0.02848
1958.83 -0.02861
1958.95 -0.02882
1959.07 -0.02905
1959.19 -0.02925
1959.31 -0.02944
1959.43 -0.02966
1959.55 -0.02991
1959.67 -0.03003
1959.79 -0.02979
1959.91 -0.02916
1960.03 -0.02836
1960.15 -0.02776
1960.28 -0.02751
1960.4 -0.02745
1960.52 -0.02736
1960.64 -0.02727
1960.76 -0.02738
1960.88 -0.02772
1961 -0.02812
1961.12 -0.02838
1961.24 -0.02853
1961.36 -0.02871
1961.48 -0.02893
1961.6 -0.02903
1961.72 -0.02883
1961.84 -0.02834
1961.96 -0.02771
1962.08 -0.02722
1962.2 -0.02709
1962.32 -0.02736
1962.45 -0.02783
1962.57 -0.02817
1962.69 -0.02819
1962.81 -0.02801
1962.93 -0.02788
1963.05 -0.02802
1963.17 -0.0284
1963.29 -0.02885
1963.41 -0.02909
1963.53 -0.02899
1963.65 -0.0286
1963.77 -0.02816
1963.89 -0.02797
1964.01 -0.02819
1964.13 -0.02879
1964.25 -0.02948
1964.37 -0.02989
1964.49 -0.02982
1964.61 -0.02945
1964.74 -0.02918
1964.86 -0.02922
1964.98 -0.02933
1965.1 -0.02912
1965.22 -0.02857
1965.34 -0.02808
1965.46 -0.02803
1965.58 -0.02835
1965.7 -0.02859
1965.82 -0.02847
1965.94 -0.0282
1966.06 -0.02819
1966.18 -0.02856
1966.3 -0.029
1966.42 -0.02917
1966.54 -0.02906
1966.66 -0.02892
1966.78 -0.02891
1966.91 -0.02898
1967.03 -0.02894
1967.15 -0.0287
1967.27 -0.02831
1967.39 -0.02796
1967.51 -0.02788
1967.63 -0.02819
1967.75 -0.02871
1967.87 -0.02906
1967.99 -0.02894
1968.11 -0.02849
1968.23 -0.02809
1968.35 -0.02804
1968.47 -0.02826
1968.59 -0.0285
1968.71 -0.02859
1968.83 -0.02851
1968.95 -0.02833
1969.08 -0.02819
1969.2 -0.02828
1969.32 -0.02871
1969.44 -0.02928
1969.56 -0.02959
1969.68 -0.02945
1969.8 -0.02915
1969.92 -0.02914
1970.04 -0.02949
1970.16 -0.02983
1970.28 -0.02981
1970.4 -0.02945
1970.52 -0.02907
1970.64 -0.02888
1970.76 -0.02884
1970.88 -0.0288
1971 -0.02876
1971.12 -0.02877
1971.25 -0.02883
1971.37 -0.02893
1971.49 -0.02906
1971.61 -0.0292
1971.73 -0.02918
1971.85 -0.02889
1971.97 -0.02849
1972.09 -0.02833
1972.21 -0.02855
1972.33 -0.02883
1972.45 -0.02881
1972.57 -0.02856
1972.69 -0.02848
1972.81 -0.02871
1972.93 -0.02893
1973.05 -0.02881
1973.17 -0.02843
1973.29 -0.02817
1973.42 -0.02817
1973.54 -0.0283
1973.66 -0.0285
1973.78 -0.02889
1973.9 -0.02951
1974.02 -0.03009
1974.14 -0.03024
1974.26 -0.02983
1974.38 -0.0291
1974.5 -0.02846
1974.62 -0.02822
1974.74 -0.02839
1974.86 -0.02873
1974.98 -0.02894
1975.1 -0.02893
1975.22 -0.02881
1975.34 -0.02883
1975.46 -0.02903
1975.59 -0.02928
1975.71 -0.02938
1975.83 -0.02916
1975.95 -0.02871
1976.07 -0.02829
1976.19 -0.02821
1976.31 -0.02858
1976.43 -0.02915
1976.55 -0.02962
1976.67 -0.02975
1976.79 -0.02947
1976.91 -0.02885
1977.03 -0.02811
1977.15 -0.02765
1977.27 -0.0277
1977.39 -0.02813
1977.51 -0.02857
1977.63 -0.02876
1977.76 -0.02868
1977.88 -0.02844
1978 -0.02823
1978.12 -0.02832
1978.24 -0.02884
1978.36 -0.02956
1978.48 -0.03
1978.6 -0.02991
1978.72 -0.02962
1978.84 -0.02959
1978.96 -0.02992
1979.08 -0.03032
1979.2 -0.03047
1979.32 -0.03029
1979.44 -0.02986
1979.56 -0.02935
1979.68 -0.02901
1979.8 -0.02894
1979.92 -0.02904
1980.05 -0.02909
1980.17 -0.02909
1980.29 -0.0292
1980.41 -0.02945
1980.53 -0.02955
1980.65 -0.02938
1980.77 -0.02916
1980.89 -0.02916
1981.01 -0.02929
1981.13 -0.02917
1981.25 -0.02876
1981.37 -0.0284
1981.49 -0.02839
1981.61 -0.02857
1981.73 -0.02856
1981.85 -0.02828
1981.97 -0.02808
1982.09 -0.02832
1982.22 -0.02903
1982.34 -0.02988
1982.46 -0.0305
1982.58 -0.03068
1982.7 -0.03042
1982.82 -0.02987
1982.94 -0.02927
1983.06 -0.02879
1983.18 -0.02852
1983.3 -0.02855
1983.42 -0.02888
1983.54 -0.02937
1983.66 -0.02973
1983.78 -0.0297
1983.9 -0.02936
1984.02 -0.02903
1984.14 -0.02893
1984.26 -0.0289
1984.39 -0.02869
1984.51 -0.02829
1984.63 -0.02805
1984.75 -0.02822
1984.87 -0.02864
1984.99 -0.02894
1985.11 -0.02895
1985.23 -0.02888
1985.35 -0.02906
1985.47 -0.0295
1985.59 -0.02987
1985.71 -0.02984
1985.83 -0.0294
1985.95 -0.02885
1986.07 -0.02847
1986.19 -0.0283
1986.31 -0.0282
1986.43 -0.0281
1986.56 -0.02805
1986.68 -0.02817
1986.8 -0.02846
1986.92 -0.0289
1987.04 -0.02944
1987.16 -0.03001
1987.28 -0.03038
1987.4 -0.03024
1987.52 -0.02951
1987.64 -0.02854
1987.76 -0.02791
1987.88 -0.028
1988 -0.0286
1988.12 -0.02912
1988.24 -0.02919
1988.36 -0.02895
1988.48 -0.02882
1988.6 -0.029
1988.73 -0.02926
1988.85 -0.02929
1988.97 -0.02903
1989.09 -0.02868
1989.21 -0.02842
1989.33 -0.0283
1989.45 -0.02836
1989.57 -0.0286
1989.69 -0.02889
1989.81 -0.02904
1989.93 -0.029
1990.05 -0.0289
1990.17 -0.0289
1990.29 -0.02899
1990.41 -0.02905
1990.53 -0.02901
1990.65 -0.02894
1990.77 -0.02885
1990.9 -0.02873
1991.02 -0.02859
1991.14 -0.02849
1991.26 -0.02849
1991.38 -0.02848
1991.5 -0.02839
1991.62 -0.0283
1991.74 -0.02834
1991.86 -0.02851
1991.98 -0.02866
1992.1 -0.02874
1992.22 -0.02887
1992.34 -0.02917
1992.46 -0.0295
1992.58 -0.02957
1992.7 -0.02932
1992.82 -0.02902
1992.94 -0.02892
1993.06 -0.02901
1993.19 -0.02903
1993.31 -0.02889
1993.43 -0.02871
1993.55 -0.02871
1993.67 -0.02893
1993.79 -0.0292
1993.91 -0.02926
1994.03 -0.02898
1994.15 -0.02845
1994.27 -0.02796
1994.39 -0.02779
1994.51 -0.02796
1994.63 -0.02824
1994.75 -0.02837
1994.87 -0.02829
1994.99 -0.02814
1995.11 -0.02808
1995.23 -0.02815
1995.36 -0.02828
1995.48 -0.02838
1995.6 -0.02845
1995.72 -0.02859
1995.84 -0.02891
1995.96 -0.02934
1996.08 -0.02963
1996.2 -0.02961
1996.32 -0.02936
1996.44 -0.02919
1996.56 -0.02923
1996.68 -0.02935
1996.8 -0.02933
1996.92 -0.0291
1997.04 -0.0288
1997.16 -0.02858
1997.28 -0.02856
1997.4 -0.02872
1997.53 -0.02897
1997.65 -0.02912
1997.77 -0.02897
1997.89 -0.02847
1998.01 -0.0279
1998.13 -0.02766
1998.25 -0.02799
1998.37 -0.02875
1998.49 -0.02953
1998.61 -0.02999
1998.73 -0.03005
1998.85 -0.02988
1998.97 -0.02968
1999.09 -0.02955
1999.21 -0.02954
1999.33 -0.02968
1999.45 -0.02994
1999.57 -0.0301
1999.7 -0.02991
1999.82 -0.02939
1999.94 -0.02893
2000.06 -0.02893
2000.18 -0.02935
2000.3 -0.02967
2000.42 -0.02947
2000.54 -0.02891
2000.66 -0.02849
2000.78 -0.02852
2000.9 -0.02884
2001.02 -0.02917
2001.14 -0.02944
2001.26 -0.02978
2001.38 -0.03012
2001.5 -0.03014
2001.62 -0.02963
2001.74 -0.02873
2001.87 -0.02789
2001.99 -0.02752
2002.11 -0.02769
2002.23 -0.02811
2002.35 -0.02838
2002.47 -0.02834
2002.59 -0.02811
2002.71 -0.028
2002.83 -0.02817
2002.95 -0.02851
2003.07 -0.02887
2003.19 -0.02915
2003.31 -0.02932
2003.43 -0.02938
2003.55 -0.02933
2003.67 -0.02924
2003.79 -0.02923
2003.91 -0.02925
2004.04 -0.02912
2004.16 -0.02873
2004.28 -0.02824
2004.4 -0.02799
2004.52 -0.02816
2004.64 -0.02849
2004.76 -0.02856
2004.88 -0.02827
2005 -0.02803
2005.12 -0.02825
2005.24 -0.02889
2005.36 -0.02936
2005.48 -0.0292
2005.6 -0.0286
2005.72 -0.02815
2005.84 -0.02824
2005.96 -0.02871
2006.08 -0.02909
2006.2 -0.0292
2006.33 -0.02922
2006.45 -0.02934
2006.57 -0.02952
2006.69 -0.02959
2006.81 -0.02952
2006.93 -0.02943
2007.05 -0.02939
2007.17 -0.02935
2007.29 -0.02924
2007.41 -0.02908
2007.53 -0.02893
2007.65 -0.02881
2007.77 -0.02869
2007.89 -0.02864
2008.01 -0.02873
2008.13 -0.02894
2008.25 -0.02918
2008.37 -0.0294
2008.5 -0.0296
2008.62 -0.02969
2008.74 -0.02959
2008.86 -0.0293
2008.98 -0.029
2009.1 -0.02883
2009.22 -0.0288
2009.34 -0.02878
2009.46 -0.02874
2009.58 -0.02868
2009.7 -0.02859
2009.82 -0.02845
2009.94 -0.02836
2010.06 -0.02845
2010.18 -0.0286
2010.3 -0.02853
2010.42 -0.02817
2010.54 -0.02784
2010.67 -0.02793
2010.79 -0.02841
2010.91 -0.02893
2011.03 -0.02918
2011.15 -0.02912
2011.27 -0.02886
2011.39 -0.02851
2011.51 -0.02823
2011.63 -0.02825
2011.75 -0.02862
2011.87 -0.0291
2011.99 -0.02935
2012.11 -0.02933
2012.23 -0.02925
2012.35 -0.02933
2012.47 -0.02947
2012.59 -0.0294
2012.71 -0.02904
2012.84 -0.0286
2012.96 -0.02835
2013.08 -0.02832
2013.2 -0.02832
2013.32 -0.02825
2013.44 -0.0283
2013.56 -0.02874
2013.68 -0.02948
2013.8 -0.03004
2013.92 -0.03005
2014.04 -0.02972
2014.16 -0.02958
2014.28 -0.02983
2014.4 -0.03011
2014.52 -0.03002
2014.64 -0.0296
2014.76 -0.02927
2014.88 -0.02924
2015.01 -0.02937
2015.13 -0.02944
2015.25 -0.02936
2015.37 -0.02924
2015.49 -0.02923
2015.61 -0.02939
2015.73 -0.02962
2015.85 -0.02972
2015.97 -0.02948
2016.09 -0.02891
2016.21 -0.02831
2016.33 -0.02792
2016.45 -0.02777
2016.57 -0.0277
2016.69 -0.02768
2016.81 -0.02776
2016.93 -0.02796
2017.05 -0.02817
2017.18 -0.02834
2017.3 -0.02853
2017.42 -0.02874
2017.54 -0.02886
2017.66 -0.02881
2017.78 -0.0287
2017.9 -0.02872
2018.02 -0.02886
2018.14 -0.0289
2018.26 -0.02869
2018.38 -0.02836
2018.5 -0.02814
2018.62 -0.02813
2018.74 -0.02822
2018.86 -0.02834
2018.98 -0.02851
2019.1 -0.02874
2019.22 -0.02892
2019.34 -0.02892
2019.47 -0.02877
2019.59 -0.02864
2019.71 -0.02865
2019.83 -0.02871
2019.95 -0.02874
2020.07 -0.02877
2020.19 -0.02884
2020.31 -0.02895
2020.43 -0.0291
2020.55 -0.02927
2020.67 -0.02942
2020.79 -0.02946
2020.91 -0.02938
2021.03 -0.02934
2021.15 -0.02949
2021.27 -0.02965
2021.39 -0.02948
2021.51 -0.02888
2021.64 -0.0282
2021.76 -0.02793
2021.88 -0.02815
2022 -0.02857
2022.12 -0.02884
2022.24 -0.02893
2022.36 -0.02906
2022.48 -0.02935
2022.6 -0.02974
2022.72 -0.03009
2022.84 -0.03028
2022.96 -0.03027
2023.08 -0.03005
2023.2 -0.02968
2023.32 -0.02931
2023.44 -0.02909
2023.56 -0.02899
2023.68 -0.02883
2023.81 -0.02848
2023.93 -0.02805
2024.05 -0.02777
2024.17 -0.02775
2024.29 -0.02793
2024.41 -0.02828
2024.53 -0.02872
2024.65 -0.02902
2024.77 -0.02891
2024.89 -0.02835
2025.01 -0.02777
2025.13 -0.02768
2025.25 -0.02808
2025.37 -0.02857
2025.49 -0.02886
2025.61 -0.02908
2025.73 -0.02945
2025.85 -0.02987
2025.98 -0.02998
2026.1 -0.02966
2026.22 -0.02921
2026.34 -0.02899
2026.46 -0.02905
2026.58 -0.0292
2026.7 -0.02934
2026.82 -0.02944
2026.94 -0.0294
2027.06 -0.02897
2027.18 -0.0281
2027.3 -0.02723
2027.42 -0.02691
2027.54 -0.0273
2027.66 -0.02795
2027.78 -0.02833
2027.9 -0.02837
2028.02 -0.02844
2028.15 -0.0288
2028.27 -0.02929
2028.39 -0.02951
2028.51 -0.02928
2028.63 -0.02881
2028.75 -0.02843
2028.87 -0.02832
2028.99 -0.02839
2029.11 -0.02844
2029.23 -0.02842
2029.35 -0.02839
2029.47 -0.02846
2029.59 -0.02862
2029.71 -0.02881
2029.83 -0.02894
2029.95 -0.02895
2030.07 -0.02885
2030.19 -0.02869
2030.32 -0.02856
2030.44 -0.02845
2030.56 -0.02831
2030.68 -0.02817
2030.8 -0.0282
2030.92 -0.02851
2031.04 -0.0289
2031.16 -0.02899
2031.28 -0.02867
2031.4 -0.02833
2031.52 -0.02852
2031.64 -0.02922
2031.76 -0.02982
2031.88 -0.02976
2032 -0.02913
2032.12 -0.02856
2032.24 -0.02846
2032.36 -0.02861
2032.48 -0.02855
2032.61 -0.02823
2032.73 -0.02809
2032.85 -0.0285
2032.97 -0.02933
2033.09 -0.03007
2033.21 -0.03036
2033.33 -0.03028
2033.45 -0.03008
2033.57 -0.02997
2033.69 -0.02995
2033.81 -0.03005
2033.93 -0.03027
2034.05 -0.0305
2034.17 -0.03053
2034.29 -0.03022
2034.41 -0.02969
2034.53 -0.02923
2034.65 -0.0291
2034.78 -0.02924
2034.9 -0.02938
2035.02 -0.02926
2035.14 -0.02892
2035.26 -0.02862
2035.38 -0.02867
2035.5 -0.0291
2035.62 -0.02961
2035.74 -0.02984
2035.86 -0.02966
2035.98 -0.0293
2036.1 -0.02906
2036.22 -0.02899
2036.34 -0.02889
2036.46 -0.02863
2036.58 -0.02838
2036.7 -0.0285
2036.82 -0.02906
2036.95 -0.0297
2037.07 -0.02994
2037.19 -0.02956
2037.31 -0.02886
2037.43 -0.02831
2037.55 -0.02815
2037.67 -0.02821
2037.79 -0.02819
2037.91 -0.02803
2038.03 -0.02795
2038.15 -0.02811
2038.27 -0.02836
2038.39 -0.02836
2038.51 -0.0281
2038.63 -0.02786
2038.75 -0.02783
2038.87 -0.02782
2038.99 -0.02759
2039.12 -0.02719
2039.24 -0.02695
2039.36 -0.02707
2039.48 -0.02743
2039.6 -0.02782
2039.72 -0.02815
2039.84 -0.0284
2039.96 -0.02853
2040.08 -0.02849
2040.2 -0.02842
2040.32 -0.02851
2040.44 -0.02881
2040.56 -0.0292
2040.68 -0.0295
2040.8 -0.02964
2040.92 -0.0296
2041.04 -0.02939
2041.16 -0.02909
2041.29 -0.02881
2041.41 -0.02866
2041.53 -0.02861
2041.65 -0.02854
2041.77 -0.02848
2041.89 -0.02855
2042.01 -0.02881
2042.13 -0.02911
2042.25 -0.02919
2042.37 -0.02898
2042.49 -0.02865
2042.61 -0.02842
2042.73 -0.02834
2042.85 -0.02834
2042.97 -0.0284
2043.09 -0.02852
2043.21 -0.02866
2043.33 -0.02871
2043.46 -0.02872
2043.58 -0.02886
2043.7 -0.02917
2043.82 -0.02949
2043.94 -0.02958
2044.06 -0.02934
2044.18 -0.02888
2044.3 -0.02837
2044.42 -0.02799
2044.54 -0.02783
2044.66 -0.02789
2044.78 -0.02812
2044.9 -0.02846
2045.02 -0.02887
2045.14 -0.02922
2045.26 -0.02929
2045.38 -0.02906
2045.5 -0.02875
2045.63 -0.02862
2045.75 -0.02865
2045.87 -0.02859
2045.99 -0.02838
2046.11 -0.02828
2046.23 -0.02839
2046.35 -0.02849
2046.47 -0.02829
2046.59 -0.02791
2046.71 -0.02783
2046.83 -0.02826
2046.95 -0.0289
2047.07 -0.02929
2047.19 -0.02927
2047.31 -0.02901
2047.43 -0.02872
2047.55 -0.02855
2047.67 -0.02865
2047.8 -0.02904
2047.92 -0.0295
2048.04 -0.02963
2048.16 -0.02927
2048.28 -0.02871
2048.4 -0.02841
2048.52 -0.02853
2048.64 -0.02881
2048.76 -0.02889
2048.88 -0.02876
2049 -0.02865
2049.12 -0.0287
2049.24 -0.02879
2049.36 -0.02881
2049.48 -0.02879
2049.6 -0.0288
2049.72 -0.02882
2049.84 -0.02871
2049.96 -0.02846
2050.09 -0.02828
2050.21 -0.02836
2050.33 -0.02868
2050.45 -0.02901
2050.57 -0.0291
2050.69 -0.02888
2050.81 -0.02854
2050.93 -0.02844
2051.05 -0.02877
2051.17 -0.02931
2051.29 -0.02962
2051.41 -0.02939
2051.53 -0.02882
2051.65 -0.02836
2051.77 -0.02828
2051.89 -0.02845
2052.01 -0.02861
2052.13 -0.02867
2052.26 -0.02871
2052.38 -0.02878
2052.5 -0.02885
2052.62 -0.02882
2052.74 -0.02864
2052.86 -0.02831
2052.98 -0.02793
2053.1 -0.02767
2053.22 -0.02762
2053.34 -0.02772
2053.46 -0.02782
2053.58 -0.02793
2053.7 -0.02816
2053.82 -0.02844
2053.94 -0.02856
2054.06 -0.02846
2054.18 -0.02845
2054.3 -0.02877
2054.43 -0.02921
2054.55 -0.02932
2054.67 -0.02903
2054.79 -0.02874
2054.91 -0.02881
2055.03 -0.02905
2055.15 -0.02904
2055.27 -0.02873
2055.39 -0.02856
2055.51 -0.02882
2055.63 -0.02926
2055.75 -0.02943
2055.87 -0.02921
2055.99 -0.0289
2056.11 -0.02877
2056.23 -0.0288
2056.35 -0.02878
2056.47 -0.0287
2056.6 -0.02869
2056.72 -0.02885
2056.84 -0.02911
2056.96 -0.0294
2057.08 -0.02975
2057.2 -0.03019
2057.32 -0.03057
2057.44 -0.03065
2057.56 -0.03038
2057.68 -0.02993
2057.8 -0.02945
2057.92 -0.02902
2058.04 -0.02872
2058.16 -0.02868
2058.28 -0.02886
2058.4 -0.02897
2058.52 -0.02883
2058.64 -0.02872
2058.77 -0.02904
2058.89 -0.02968
2059.01 -0.03005
2059.13 -0.02975
2059.25 -0.02912
2059.37 -0.02877
2059.49 -0.02892
2059.61 -0.02931
2059.73 -0.02965
2059.85 -0.02982
2059.97 -0.0298
2060.09 -0.02955
2060.21 -0.02916
2060.33 -0.0289
2060.45 -0.02891
2060.57 -0.02906
2060.69 -0.02914
2060.81 -0.02914
2060.94 -0.0291
2061.06 -0.02894
2061.18 -0.02864
2061.3 -0.0284
2061.42 -0.02848
2061.54 -0.02876
2061.66 -0.02886
2061.78 -0.02862
2061.9 -0.02838
2062.02 -0.02848
2062.14 -0.02886
2062.26 -0.02917
2062.38 -0.02932
2062.5 -0.02954
2062.62 -0.02992
2062.74 -0.03016
2062.86 -0.02996
2062.98 -0.02945
2063.1 -0.02908
2063.23 -0.0291
2063.35 -0.02937
2063.47 -0.02954
2063.59 -0.02937
2063.71 -0.02891
2063.83 -0.02842
2063.95 -0.02825
2064.07 -0.02859
2064.19 -0.02921
2064.31 -0.02954
2064.43 -0.02922
2064.55 -0.02851
2064.67 -0.02808
2064.79 -0.0283
2064.91 -0.02888
2065.03 -0.02928
2065.15 -0.02923
2065.27 -0.02888
2065.4 -0.02852
2065.52 -0.02833
2065.64 -0.0284
2065.76 -0.0287
2065.88 -0.02903
2066 -0.0291
2066.12 -0.02884
2066.24 -0.02845
2066.36 -0.0282
2066.48 -0.02811
2066.6 -0.02805
2066.72 -0.02803
2066.84 -0.02827
2066.96 -0.02887
2067.08 -0.02957
2067.2 -0.03
2067.32 -0.03003
2067.44 -0.02982
2067.57 -0.02961
2067.69 -0.02941
2067.81 -0.02917
2067.93 -0.02888
2068.05 -0.02865
2068.17 -0.02858
2068.29 -0.0287
2068.41 -0.02891
2068.53 -0.02907
2068.65 -0.02912
2068.77 -0.02915
2068.89 -0.02924
2069.01 -0.02936
2069.13 -0.02933
2069.25 -0.02906
2069.37 -0.02864
2069.49 -0.02828
2069.61 -0.02816
2069.74 -0.02834
2069.86 -0.02875
2069.98 -0.02919
2070.1 -0.02942
2070.22 -0.02927
2070.34 -0.02883
2070.46 -0.02846
2070.58 -0.02838
2070.7 -0.02847
2070.82 -0.02848
2070.94 -0.02836
2071.06 -0.0284
2071.18 -0.02877
2071.3 -0.02928
2071.42 -0.02957
2071.54 -0.02943
2071.66 -0.02906
2071.78 -0.02878
2071.91 -0.02876
2072.03 -0.02892
2072.15 -0.02909
2072.27 -0.02916
2072.39 -0.02918
2072.51 -0.02926
2072.63 -0.02941
2072.75 -0.02947
2072.87 -0.02922
2072.99 -0.02873
2073.11 -0.02841
2073.23 -0.02861
2073.35 -0.02917
2073.47 -0.02954
2073.59 -0.02939
2073.71 -0.02903
2073.83 -0.02893
2073.95 -0.02916
2074.07 -0.02929
2074.2 -0.02896
2074.32 -0.02831
2074.44 -0.0278
2074.56 -0.02772
2074.68 -0.02807
2074.8 -0.02864
2074.92 -0.02917
2075.04 -0.02948
2075.16 -0.02957
2075.28 -0.02955
2075.4 -0.02954
2075.52 -0.02953
2075.64 -0.0295
2075.76 -0.02954
2075.88 -0.02969
2076 -0.02984
2076.12 -0.02982
2076.24 -0.02965
2076.37 -0.02957
2076.49 -0.02964
2076.61 -0.02959
2076.73 -0.02915
2076.85 -0.02838
2076.97 -0.02769
2077.09 -0.02742
2077.21 -0.0276
2077.33 -0.02804
2077.45 -0.02855
2077.57 -0.02898
2077.69 -0.02921
2077.81 -0.02922
2077.93 -0.02912
2078.05 -0.02912
2078.17 -0.02929
2078.29 -0.02953
2078.41 -0.02967
2078.54 -0.02965
2078.66 -0.02949
2078.78 -0.02927
2078.9 -0.0291
2079.02 -0.02902
2079.14 -0.02903
2079.26 -0.02913
2079.38 -0.02926
2079.5 -0.02931
2079.62 -0.02913
2079.74 -0.02869
2079.86 -0.02818
2079.98 -0.02791
2080.1 -0.02803
2080.22 -0.02837
2080.34 -0.02864
2080.46 -0.02874
2080.58 -0.02886
2080.71 -0.02916
2080.83 -0.02957
2080.95 -0.02986
2081.07 -0.02988
2081.19 -0.02966
2081.31 -0.02936
2081.43 -0.02911
2081.55 -0.02901
2081.67 -0.02908
2081.79 -0.02931
2081.91 -0.02958
2082.03 -0.02972
2082.15 -0.02965
2082.27 -0.02943
2082.39 -0.02923
2082.51 -0.02906
2082.63 -0.02879
2082.75 -0.02832
2082.88 -0.02779
2083 -0.02757
2083.12 -0.02788
2083.24 -0.02858
2083.36 -0.02925
2083.48 -0.0295
2083.6 -0.02922
2083.72 -0.02861
2083.84 -0.02802
2083.96 -0.02775
2084.08 -0.02786
2084.2 -0.02813
2084.32 -0.02834
2084.44 -0.02845
2084.56 -0.02859
2084.68 -0.02876
2084.8 -0.02879
2084.92 -0.02861
2085.05 -0.02848
2085.17 -0.02872
2085.29 -0.02921
2085.41 -0.02951
2085.53 -0.02943
2085.65 -0.02924
2085.77 -0.02929
2085.89 -0.02949
2086.01 -0.02943
2086.13 -0.02895
2086.25 -0.02833
2086.37 -0.02794
2086.49 -0.02782
2086.61 -0.02783
2086.73 -0.02795
2086.85 -0.02826
2086.97 -0.02864
2087.09 -0.02878
2087.22 -0.02864
2087.34 -0.02845
2087.46 -0.02843
2087.58 -0.02838
2087.7 -0.02798
2087.82 -0.02734
2087.94 -0.0269
2088.06 -0.02693
2088.18 -0.02718
2088.3 -0.02713
2088.42 -0.02659
2088.54 -0.02583
2088.66 -0.0254
2088.78 -0.02562
2088.9 -0.02627
2089.02 -0.02678
2089.14 -0.02673
2089.26 -0.02626
2089.39 -0.02595
2089.51 -0.02625
2089.63 -0.02704
2089.75 -0.02788
2089.87 -0.02845
2089.99 -0.02869
2090.11 -0.02867
2090.23 -0.02842
2090.35 -0.02807
2090.47 -0.02783
2090.59 -0.0278
2090.71 -0.02784
2090.83 -0.02779
2090.95 -0.02755
2091.07 -0.02715
2091.19 -0.02657
2091.31 -0.02578
2091.43 -0.02478
2091.55 -0.02358
2091.68 -0.02209
2091.8 -0.02013
2091.92 -0.01768
2092.04 -0.01506
2092.16 -0.01276
2092.28 -0.01126
2092.4 -0.01073
2092.52 -0.01103
2092.64 -0.01187
2092.76 -0.01298
2092.88 -0.01425
2093 -0.01574
2093.12 -0.01751
2093.24 -0.01948
2093.36 -0.02139
2093.48 -0.02295
2093.6 -0.02403
2093.72 -0.02481
2093.85 -0.02557
2093.97 -0.02642
2094.09 -0.02724
2094.21 -0.02786
2094.33 -0.02828
2094.45 -0.02856
2094.57 -0.02867
2094.69 -0.02858
2094.81 -0.02839
2094.93 -0.02834
2095.05 -0.02852
2095.17 -0.02875
2095.29 -0.02887
2095.41 -0.02888
2095.53 -0.02888
2095.65 -0.0288
2095.77 -0.02854
2095.89 -0.02823
2096.02 -0.02822
2096.14 -0.02866
2096.26 -0.02929
2096.38 -0.02966
2096.5 -0.02961
2096.62 -0.02935
2096.74 -0.02912
2096.86 -0.02891
2096.98 -0.02862
2097.1 -0.02835
2097.22 -0.02835
2097.34 -0.02865
2097.46 -0.02895
2097.58 -0.02893
2097.7 -0.02871
2097.82 -0.02872
2097.94 -0.02911
2098.06 -0.02943
2098.19 -0.02913
2098.31 -0.02829
2098.43 -0.02758
2098.55 -0.02762
2098.67 -0.02835
2098.79 -0.02915
2098.91 -0.02955
2099.03 -0.02954
2099.15 -0.02943
2099.27 -0.02948
2099.39 -0.02969
2099.51 -0.0299
2099.63 -0.02993
2099.75 -0.02971
2099.87 -0.02936
2099.99 -0.02907
2100.11 -0.0289
2100.23 -0.02876
2100.35 -0.02852
2100.48 -0.02817
2100.6 -0.02783
2100.72 -0.02769
2100.84 -0.02793
2100.96 -0.02857
2101.08 -0.02929
2101.2 -0.0296
2101.32 -0.02926
2101.44 -0.02854
2101.56 -0.02802
2101.68 -0.02803
2101.8 -0.02843
2101.92 -0.02885
2102.04 -0.02909
2102.16 -0.0291
2102.28 -0.02896
2102.4 -0.02883
2102.52 -0.02891
2102.65 -0.0292
2102.77 -0.02946
2102.89 -0.02937
2103.01 -0.02892
2103.13 -0.02846
2103.25 -0.02826
2103.37 -0.0283
2103.49 -0.02835
2103.61 -0.0283
2103.73 -0.02821
2103.85 -0.02819
2103.97 -0.02829
2104.09 -0.02852
2104.21 -0.02881
2104.33 -0.02904
2104.45 -0.02906
2104.57 -0.02893
2104.69 -0.02887
2104.82 -0.02907
2104.94 -0.02938
2105.06 -0.02949
2105.18 -0.02922
2105.3 -0.02881
2105.42 -0.02867
2105.54 -0.02901
2105.66 -0.0297
2105.78 -0.03037
2105.9 -0.0307
2106.02 -0.03058
2106.14 -0.03009
2106.26 -0.02945
2106.38 -0.02895
2106.5 -0.02877
2106.62 -0.02891
2106.74 -0.02918
2106.86 -0.02929
2106.99 -0.02912
2107.11 -0.02882
2107.23 -0.02874
2107.35 -0.02904
2107.47 -0.02954
2107.59 -0.0298
2107.71 -0.02956
2107.83 -0.02903
2107.95 -0.02873
2108.07 -0.02901
2108.19 -0.02973
2108.31 -0.03036
2108.43 -0.03044
2108.55 -0.02996
2108.67 -0.02929
2108.79 -0.02884
2108.91 -0.0287
2109.03 -0.02874
2109.16 -0.0288
2109.28 -0.02885
2109.4 -0.02888
2109.52 -0.02886
2109.64 -0.02876
2109.76 -0.02862
2109.88 -0.02852
2110 -0.02848
2110.12 -0.02844
2110.24 -0.02831
2110.36 -0.02805
2110.48 -0.02775
2110.6 -0.02759
2110.72 -0.02771
2110.84 -0.02808
2110.96 -0.02851
2111.08 -0.02881
2111.2 -0.02887
2111.33 -0.02874
2111.45 -0.02849
2111.57 -0.02826
2111.69 -0.02819
2111.81 -0.02834
2111.93 -0.02854
2112.05 -0.02849
2112.17 -0.02809
2112.29 -0.02755
2112.41 -0.02719
2112.53 -0.02717
2112.65 -0.02747
2112.77 -0.02798
2112.89 -0.02856
2113.01 -0.02895
2113.13 -0.0289
2113.25 -0.02837
2113.37 -0.02774
2113.5 -0.02743
2113.62 -0.02754
2113.74 -0.02787
2113.86 -0.02814
2113.98 -0.02823
2114.1 -0.02817
2114.22 -0.02801
2114.34 -0.02784
2114.46 -0.02777
2114.58 -0.02788
2114.7 -0.02806
2114.82 -0.0282
2114.94 -0.0283
2115.06 -0.02849
2115.18 -0.02885
2115.3 -0.02923
2115.42 -0.02935
2115.54 -0.02907
2115.67 -0.02849
2115.79 -0.02794
2115.91 -0.02769
2116.03 -0.02776
2116.15 -0.02794
2116.27 -0.02803
2116.39 -0.02803
2116.51 -0.02806
2116.63 -0.02817
2116.75 -0.02836
2116.87 -0.02859
2116.99 -0.02888
2117.11 -0.02918
2117.23 -0.0294
2117.35 -0.02942
2117.47 -0.02921
2117.59 -0.02884
2117.71 -0.02841
2117.83 -0.02807
2117.96 -0.0279
2118.08 -0.02796
2118.2 -0.02817
2118.32 -0.02842
2118.44 -0.02858
2118.56 -0.02856
2118.68 -0.02838
2118.8 -0.02821
2118.92 -0.02816
2119.04 -0.02826
2119.16 -0.0284
2119.28 -0.02855
2119.4 -0.02872
2119.52 -0.02895
2119.64 -0.02916
2119.76 -0.02926
2119.88 -0.02926
2120 -0.02924
2120.13 -0.02924
2120.25 -0.02916
2120.37 -0.02884
2120.49 -0.02826
2120.61 -0.02771
2120.73 -0.0276
2120.85 -0.02802
2120.97 -0.02857
2121.09 -0.02875
2121.21 -0.02842
2121.33 -0.02792
2121.45 -0.02757
2121.57 -0.02738
2121.69 -0.02717
2121.81 -0.02694
2121.93 -0.02683
2122.05 -0.02687
2122.17 -0.02695
2122.3 -0.02701
2122.42 -0.02717
2122.54 -0.02749
2122.66 -0.0278
2122.78 -0.0279
2122.9 -0.02773
2123.02 -0.02756
2123.14 -0.02768
2123.26 -0.02816
2123.38 -0.02873
2123.5 -0.02898
2123.62 -0.02878
2123.74 -0.02835
2123.86 -0.02805
2123.98 -0.02798
2124.1 -0.02796
2124.22 -0.02783
2124.34 -0.02771
2124.47 -0.02777
2124.59 -0.02793
2124.71 -0.02789
2124.83 -0.02755
2124.95 -0.02719
2125.07 -0.02711
2125.19 -0.02729
2125.31 -0.0274
2125.43 -0.02721
2125.55 -0.02693
2125.67 -0.02692
2125.79 -0.02724
2125.91 -0.02756
2126.03 -0.02752
2126.15 -0.02723
2126.27 -0.02709
2126.39 -0.0273
2126.51 -0.02758
2126.64 -0.02751
2126.76 -0.027
2126.88 -0.02643
2127 -0.02627
2127.12 -0.02666
2127.24 -0.02733
2127.36 -0.02786
2127.48 -0.02794
2127.6 -0.0276
2127.72 -0.02719
2127.84 -0.02704
2127.96 -0.02717
2128.08 -0.02736
2128.2 -0.02736
2128.32 -0.02719
2128.44 -0.027
2128.56 -0.02691
2128.68 -0.02691
2128.81 -0.02696
2128.93 -0.02695
2129.05 -0.02677
2129.17 -0.02644
2129.29 -0.02614
2129.41 -0.0261
2129.53 -0.0263
2129.65 -0.02648
2129.77 -0.02634
2129.89 -0.02587
2130.01 -0.02531
2130.13 -0.02488
2130.25 -0.02463
2130.37 -0.0244
2130.49 -0.02402
2130.61 -0.02346
2130.73 -0.02286
2130.85 -0.02246
2130.98 -0.02237
2131.1 -0.02249
2131.22 -0.02261
2131.34 -0.02264
2131.46 -0.02265
2131.58 -0.02267
2131.7 -0.02259
2131.82 -0.02228
2131.94 -0.02184
2132.06 -0.02158
2132.18 -0.02162
2132.3 -0.02179
2132.42 -0.02172
2132.54 -0.02127
2132.66 -0.02056
2132.78 -0.01981
2132.9 -0.01918
2133.02 -0.01868
2133.14 -0.01825
2133.27 -0.01776
2133.39 -0.01706
2133.51 -0.01613
2133.63 -0.01506
2133.75 -0.01405
2133.87 -0.01315
2133.99 -0.01231
2134.11 -0.0114
2134.23 -0.01026
2134.35 -0.00872
2134.47 -0.00674
2134.59 -0.00442
2134.71 -0.00194
2134.83 6.09454E-4
2134.95 0.00336
2135.07 0.00653
2135.19 0.01021
2135.31 0.01436
2135.44 0.01885
2135.56 0.02339
2135.68 0.02765
2135.8 0.03146
2135.92 0.03505
2136.04 0.03893
2136.16 0.04352
2136.28 0.04895
2136.4 0.05522
2136.52 0.06243
2136.64 0.07082
2136.76 0.08055
2136.88 0.09177
2137 0.10482
2137.12 0.12034
2137.24 0.13911
2137.36 0.16203
2137.48 0.19028
2137.61 0.22537
2137.73 0.2688
2137.85 0.32169
2137.97 0.38468
2138.09 0.45778
2138.21 0.53945
2138.33 0.62491
2138.45 0.7052
2138.57 0.76977
2138.69 0.81182
2138.81 0.83101
2138.93 0.83015
2139.05 0.8113
2139.17 0.77635
2139.29 0.72936
2139.41 0.67629
2139.53 0.62227
2139.65 0.57
2139.78 0.52048
2139.9 0.47443
2140.02 0.43265
2140.14 0.3954
2140.26 0.36223
2140.38 0.33239
2140.5 0.30539
2140.62 0.28102
2140.74 0.2591
2140.86 0.23944
2140.98 0.2218
2141.1 0.20571
2141.22 0.19051
2141.34 0.17559
2141.46 0.16075
2141.58 0.14612
2141.7 0.132
2141.82 0.11866
2141.95 0.10635
2142.07 0.09509
2142.19 0.08469
2142.31 0.075
2142.43 0.0661
2142.55 0.05824
2142.67 0.05157
2142.79 0.04594
2142.91 0.04092
2143.03 0.0359
2143.15 0.03031
2143.27 0.02404
2143.39 0.01763
2143.51 0.01192
2143.63 0.00749
2143.75 0.00427
2143.87 0.0019
2143.99 1.14456E-4
2144.11 -0.00119
2144.24 -0.00222
2144.36 -0.00335
2144.48 -0.00483
2144.6 -0.00659
2144.72 -0.00829
2144.84 -0.00964
2144.96 -0.01057
2145.08 -0.01127
2145.2 -0.01195
2145.32 -0.01259
2145.44 -0.01295
2145.56 -0.01288
2145.68 -0.01254
2145.8 -0.01231
2145.92 -0.01239
2146.04 -0.01268
2146.16 -0.01297
2146.28 -0.01326
2146.41 -0.01372
2146.53 -0.01441
2146.65 -0.01518
2146.77 -0.01578
2146.89 -0.01613
2147.01 -0.01637
2147.13 -0.01669
2147.25 -0.01716
2147.37 -0.01771
2147.49 -0.01822
2147.61 -0.01867
2147.73 -0.01905
2147.85 -0.01941
2147.97 -0.01981
2148.09 -0.02024
2148.21 -0.02065
2148.33 -0.02097
2148.45 -0.02115
2148.58 -0.02125
2148.7 -0.02136
2148.82 -0.02157
2148.94 -0.0219
2149.06 -0.02235
2149.18 -0.02286
2149.3 -0.02325
2149.42 -0.0233
2149.54 -0.02296
2149.66 -0.02244
2149.78 -0.02212
2149.9 -0.02227
2150.02 -0.02283
2150.14 -0.02343
2150.26 -0.02372
2150.38 -0.02362
2150.5 -0.02338
2150.62 -0.02335
2150.75 -0.02362
2150.87 -0.02404
2150.99 -0.02439
2151.11 -0.02455
2151.23 -0.02452
2151.35 -0.02436
2151.47 -0.02417
2151.59 -0.02401
2151.71 -0.02392
2151.83 -0.02383
2151.95 -0.02373
2152.07 -0.0237
2152.19 -0.02384
2152.31 -0.02409
2152.43 -0.02427
2152.55 -0.02436
2152.67 -0.02448
2152.79 -0.02477
2152.92 -0.02515
2153.04 -0.02548
2153.16 -0.02571
2153.28 -0.02589
2153.4 -0.02604
2153.52 -0.02615
2153.64 -0.02625
2153.76 -0.02636
2153.88 -0.02641
2154 -0.02633
2154.12 -0.02613
2154.24 -0.02596
2154.36 -0.02586
2154.48 -0.0258
2154.6 -0.02579
2154.72 -0.02598
2154.84 -0.02637
2154.96 -0.02673
2155.09 -0.02678
2155.21 -0.02652
2155.33 -0.02622
2155.45 -0.02596
2155.57 -0.02566
2155.69 -0.02529
2155.81 -0.02505
2155.93 -0.0251
2156.05 -0.0253
2156.17 -0.02541
2156.29 -0.02545
2156.41 -0.02563
2156.53 -0.02601
2156.65 -0.02633
2156.77 -0.02632
2156.89 -0.02601
2157.01 -0.02568
2157.13 -0.02563
2157.26 -0.02601
2157.38 -0.02666
2157.5 -0.02717
2157.62 -0.02718
2157.74 -0.02675
2157.86 -0.02637
2157.98 -0.02645
2158.1 -0.02686
2158.22 -0.02708
2158.34 -0.02689
2158.46 -0.02657
2158.58 -0.02657
2158.7 -0.02689
2158.82 -0.02721
2158.94 -0.02727
2159.06 -0.02712
2159.18 -0.02693
2159.3 -0.02682
2159.43 -0.02684
2159.55 -0.02702
2159.67 -0.02725
2159.79 -0.02726
2159.91 -0.02694
2160.03 -0.0265
2160.15 -0.02626
2160.27 -0.02621
2160.39 -0.02598
2160.51 -0.02546
2160.63 -0.02505
2160.75 -0.0252
2160.87 -0.02583
2160.99 -0.02635
2161.11 -0.02639
2161.23 -0.02619
2161.35 -0.02623
2161.47 -0.02666
2161.59 -0.02711
2161.72 -0.02714
2161.84 -0.02669
2161.96 -0.02602
2162.08 -0.02556
2162.2 -0.02562
2162.32 -0.02614
2162.44 -0.02672
2162.56 -0.02689
2162.68 -0.02658
2162.8 -0.02612
2162.92 -0.02597
2163.04 -0.02629
2163.16 -0.02685
2163.28 -0.02731
2163.4 -0.02746
2163.52 -0.02732
2163.64 -0.027
2163.76 -0.02664
2163.89 -0.02635
2164.01 -0.02624
2164.13 -0.02639
2164.25 -0.02683
2164.37 -0.02738
2164.49 -0.02773
2164.61 -0.02762
2164.73 -0.02703
2164.85 -0.02625
2164.97 -0.02567
2165.09 -0.0255
2165.21 -0.02567
2165.33 -0.02594
2165.45 -0.026
2165.57 -0.02577
2165.69 -0.02543
2165.81 -0.02532
2165.93 -0.02564
2166.06 -0.02618
2166.18 -0.02651
2166.3 -0.02644
2166.42 -0.02613
2166.54 -0.0259
2166.66 -0.02589
2166.78 -0.02607
2166.9 -0.02642
2167.02 -0.02693
2167.14 -0.02744
2167.26 -0.02757
2167.38 -0.02712
2167.5 -0.02641
2167.62 -0.02604
2167.74 -0.02632
2167.86 -0.02696
2167.98 -0.02743
2168.1 -0.02752
2168.23 -0.02741
2168.35 -0.0273
2168.47 -0.02723
2168.59 -0.02715
2168.71 -0.02704
2168.83 -0.02692
2168.95 -0.02674
2169.07 -0.02653
2169.19 -0.02644
2169.31 -0.02659
2169.43 -0.02683
2169.55 -0.02687
2169.67 -0.02664
2169.79 -0.02629
2169.91 -0.02604
2170.03 -0.02591
2170.15 -0.02582
2170.27 -0.02575
2170.4 -0.02579
2170.52 -0.026
2170.64 -0.02635
2170.76 -0.02674
2170.88 -0.02694
2171 -0.02681
2171.12 -0.02638
2171.24 -0.02592
2171.36 -0.02568
2171.48 -0.02566
2171.6 -0.02571
2171.72 -0.02575
2171.84 -0.02587
2171.96 -0.0261
2172.08 -0.02631
2172.2 -0.02636
2172.32 -0.02625
2172.44 -0.02609
2172.56 -0.02594
2172.69 -0.02587
2172.81 -0.02593
2172.93 -0.02608
2173.05 -0.0262
2173.17 -0.0262
2173.29 -0.02615
2173.41 -0.02611
2173.53 -0.02606
2173.65 -0.02595
2173.77 -0.02592
2173.89 -0.02614
2174.01 -0.02654
2174.13 -0.02678
2174.25 -0.02665
2174.37 -0.02634
2174.49 -0.02617
2174.61 -0.02618
2174.73 -0.0262
2174.86 -0.02622
2174.98 -0.02644
2175.1 -0.02693
2175.22 -0.02739
2175.34 -0.02747
2175.46 -0.02716
2175.58 -0.02667
2175.7 -0.02622
2175.82 -0.0259
2175.94 -0.02577
2176.06 -0.02577
2176.18 -0.02573
2176.3 -0.02552
2176.42 -0.02531
2176.54 -0.02546
2176.66 -0.02603
2176.78 -0.02659
2176.9 -0.02667
2177.03 -0.02626
2177.15 -0.02576
2177.27 -0.02554
2177.39 -0.02563
2177.51 -0.02587
2177.63 -0.02613
2177.75 -0.02633
2177.87 -0.02645
2177.99 -0.02651
2178.11 -0.02665
2178.23 -0.02688
2178.35 -0.02711
2178.47 -0.02717
2178.59 -0.02697
2178.71 -0.02653
2178.83 -0.02592
2178.95 -0.02529
2179.07 -0.02482
2179.2 -0.02464
2179.32 -0.02475
2179.44 -0.02505
2179.56 -0.02544
2179.68 -0.02591
2179.8 -0.0264
2179.92 -0.02681
2180.04 -0.02702
2180.16 -0.02697
2180.28 -0.02675
2180.4 -0.02656
2180.52 -0.02657
2180.64 -0.02669
2180.76 -0.02666
2180.88 -0.02629
2181 -0.02575
2181.12 -0.02544
2181.24 -0.02554
2181.37 -0.02589
2181.49 -0.02622
2181.61 -0.02638
2181.73 -0.02631
2181.85 -0.02593
2181.97 -0.02534
2182.09 -0.02496
2182.21 -0.02516
2182.33 -0.02579
2182.45 -0.02621
2182.57 -0.02593
2182.69 -0.02514
2182.81 -0.02447
2182.93 -0.02436
2183.05 -0.02469
2183.17 -0.02506
2183.29 -0.02525
2183.41 -0.0253
2183.54 -0.02543
2183.66 -0.02567
2183.78 -0.02588
2183.9 -0.02588
2184.02 -0.02569
2184.14 -0.02554
2184.26 -0.02562
2184.38 -0.02584
2184.5 -0.02595
2184.62 -0.02579
2184.74 -0.02549
2184.86 -0.02527
2184.98 -0.02518
2185.1 -0.02511
2185.22 -0.0249
2185.34 -0.02463
2185.46 -0.02456
2185.58 -0.02482
2185.71 -0.02526
2185.83 -0.02552
2185.95 -0.02545
2186.07 -0.02523
2186.19 -0.02516
2186.31 -0.0252
2186.43 -0.02512
2186.55 -0.02483
2186.67 -0.02455
2186.79 -0.02457
2186.91 -0.02486
2187.03 -0.02519
2187.15 -0.02544
2187.27 -0.02568
2187.39 -0.02589
2187.51 -0.02587
2187.63 -0.02556
2187.75 -0.0252
2187.88 -0.02507
2188 -0.02513
2188.12 -0.02514
2188.24 -0.02506
2188.36 -0.02509
2188.48 -0.02532
2188.6 -0.02551
2188.72 -0.02545
2188.84 -0.0252
2188.96 -0.02495
2189.08 -0.02477
2189.2 -0.0246
2189.32 -0.02452
2189.44 -0.02462
2189.56 -0.02478
2189.68 -0.02479
2189.8 -0.02463
2189.92 -0.02457
2190.04 -0.02482
2190.17 -0.02525
2190.29 -0.02555
2190.41 -0.02558
2190.53 -0.02542
2190.65 -0.02531
2190.77 -0.02545
2190.89 -0.0259
2191.01 -0.0264
2191.13 -0.02648
2191.25 -0.02596
2191.37 -0.02523
2191.49 -0.02483
2191.61 -0.02483
2191.73 -0.0248
2191.85 -0.02444
2191.97 -0.02395
2192.09 -0.02373
2192.21 -0.02381
2192.34 -0.02393
2192.46 -0.02395
2192.58 -0.02399
2192.7 -0.02423
2192.82 -0.0246
2192.94 -0.02481
2193.06 -0.02467
2193.18 -0.0242
2193.3 -0.02361
2193.42 -0.02319
2193.54 -0.0231
2193.66 -0.02331
2193.78 -0.02363
2193.9 -0.02385
2194.02 -0.02382
2194.14 -0.02355
2194.26 -0.02317
2194.38 -0.02287
2194.51 -0.02281
2194.63 -0.02303
2194.75 -0.0234
2194.87 -0.02371
2194.99 -0.02381
2195.11 -0.02372
2195.23 -0.02358
2195.35 -0.02349
2195.47 -0.02343
2195.59 -0.02339
2195.71 -0.02346
2195.83 -0.02377
2195.95 -0.0242
2196.07 -0.02441
2196.19 -0.02418
2196.31 -0.02365
2196.43 -0.02321
2196.55 -0.02311
2196.68 -0.02333
2196.8 -0.02358
2196.92 -0.02363
2197.04 -0.02339
2197.16 -0.02299
2197.28 -0.02268
2197.4 -0.02262
2197.52 -0.02281
2197.64 -0.0231
2197.76 -0.02339
2197.88 -0.02366
2198 -0.02389
2198.12 -0.02398
2198.24 -0.02384
2198.36 -0.02345
2198.48 -0.02292
2198.6 -0.02252
2198.72 -0.02245
2198.84 -0.02275
2198.97 -0.02323
2199.09 -0.02358
2199.21 -0.02363
2199.33 -0.02344
2199.45 -0.02325
2199.57 -0.02322
2199.69 -0.02329
2199.81 -0.02333
2199.93 -0.02336
2200.05 -0.02358
2200.17 -0.02407
2200.29 -0.02464
2200.41 -0.02496
2200.53 -0.02493
2200.65 -0.02475
2200.77 -0.02465
2200.89 -0.02463
2201.01 -0.02455
2201.14 -0.0244
2201.26 -0.02426
2201.38 -0.02413
2201.5 -0.02394
2201.62 -0.02372
2201.74 -0.02369
2201.86 -0.02392
2201.98 -0.02421
2202.1 -0.02424
2202.22 -0.02395
2202.34 -0.02362
2202.46 -0.02357
2202.58 -0.0238
2202.7 -0.02402
2202.82 -0.024
2202.94 -0.02373
2203.06 -0.0234
2203.18 -0.0232
2203.31 -0.02315
2203.43 -0.02321
2203.55 -0.02336
2203.67 -0.02359
2203.79 -0.02384
2203.91 -0.02396
2204.03 -0.02386
2204.15 -0.02357
2204.27 -0.02324
2204.39 -0.02305
2204.51 -0.02305
2204.63 -0.02318
2204.75 -0.02334
2204.87 -0.02351
2204.99 -0.02373
2205.11 -0.02398
2205.23 -0.0241
2205.35 -0.02402
2205.48 -0.02391
2205.6 -0.02399
2205.72 -0.02418
2205.84 -0.02413
2205.96 -0.02362
2206.08 -0.02295
2206.2 -0.02261
2206.32 -0.02279
2206.44 -0.02321
2206.56 -0.02352
2206.68 -0.0236
2206.8 -0.02352
2206.92 -0.02335
2207.04 -0.02315
2207.16 -0.02298
2207.28 -0.02287
2207.4 -0.02284
2207.52 -0.02297
2207.65 -0.02331
2207.77 -0.02368
2207.89 -0.02381
2208.01 -0.02364
2208.13 -0.02343
2208.25 -0.02338
2208.37 -0.02337
2208.49 -0.02323
2208.61 -0.02305
2208.73 -0.02303
2208.85 -0.02306
2208.97 -0.02289
2209.09 -0.02253
2209.21 -0.02242
2209.33 -0.02277
2209.45 -0.02325
2209.57 -0.02335
2209.69 -0.02301
2209.82 -0.02262
2209.94 -0.02254
2210.06 -0.02283
2210.18 -0.02327
2210.3 -0.02363
2210.42 -0.02369
2210.54 -0.0234
2210.66 -0.02291
2210.78 -0.02243
2210.9 -0.02208
2211.02 -0.02196
2211.14 -0.02218
2211.26 -0.02273
2211.38 -0.02327
2211.5 -0.02342
2211.62 -0.02317
2211.74 -0.02292
2211.86 -0.02293
2211.99 -0.02307
2212.11 -0.02309
2212.23 -0.02299
2212.35 -0.0229
2212.47 -0.0228
2212.59 -0.02267
2212.71 -0.02265
2212.83 -0.02295
2212.95 -0.02345
2213.07 -0.0238
2213.19 -0.02379
2213.31 -0.02351
2213.43 -0.02315
2213.55 -0.02281
2213.67 -0.02263
2213.79 -0.02286
2213.91 -0.02355
2214.03 -0.02437
2214.16 -0.02481
2214.28 -0.02467
2214.4 -0.02418
2214.52 -0.02371
2214.64 -0.02346
2214.76 -0.02345
2214.88 -0.02359
2215 -0.0238
2215.12 -0.02401
2215.24 -0.02416
2215.36 -0.02419
2215.48 -0.02411
2215.6 -0.02396
2215.72 -0.02382
2215.84 -0.0237
2215.96 -0.0236
2216.08 -0.02358
2216.2 -0.02377
2216.32 -0.02409
2216.45 -0.02423
2216.57 -0.02396
2216.69 -0.0235
2216.81 -0.02333
2216.93 -0.02358
2217.05 -0.0239
2217.17 -0.02392
2217.29 -0.02369
2217.41 -0.0235
2217.53 -0.02339
2217.65 -0.0232
2217.77 -0.02297
2217.89 -0.02297
2218.01 -0.02338
2218.13 -0.02391
2218.25 -0.02421
2218.37 -0.0242
2218.49 -0.02408
2218.62 -0.02398
2218.74 -0.02384
2218.86 -0.02357
2218.98 -0.02322
2219.1 -0.02293
2219.22 -0.02282
2219.34 -0.023
2219.46 -0.02343
2219.58 -0.02379
2219.7 -0.02368
2219.82 -0.02311
2219.94 -0.02261
2220.06 -0.02265
2220.18 -0.02311
2220.3 -0.02347
2220.42 -0.02345
2220.54 -0.02325
2220.66 -0.02323
2220.79 -0.0235
2220.91 -0.02389
2221.03 -0.02424
2221.15 -0.02449
2221.27 -0.02462
2221.39 -0.02465
2221.51 -0.02464
2221.63 -0.02469
2221.75 -0.0248
2221.87 -0.02479
2221.99 -0.02448
2222.11 -0.02391
2222.23 -0.02345
2222.35 -0.02349
2222.47 -0.02401
2222.59 -0.02449
2222.71 -0.02442
2222.83 -0.02385
2222.96 -0.02342
2223.08 -0.02371
2223.2 -0.02459
2223.32 -0.02537
2223.44 -0.02539
2223.56 -0.02464
2223.68 -0.02366
2223.8 -0.02312
2223.92 -0.02326
2224.04 -0.02373
2224.16 -0.02404
2224.28 -0.02402
2224.4 -0.02389
2224.52 -0.02387
2224.64 -0.02388
2224.76 -0.02378
2224.88 -0.02373
2225 -0.02403
2225.12 -0.02466
2225.25 -0.0252
2225.37 -0.02527
2225.49 -0.02495
2225.61 -0.02457
2225.73 -0.02433
2225.85 -0.0242
2225.97 -0.02414
2226.09 -0.02423
2226.21 -0.02447
2226.33 -0.02469
2226.45 -0.02475
2226.57 -0.02464
2226.69 -0.02454
2226.81 -0.02462
2226.93 -0.02487
2227.05 -0.02521
2227.17 -0.02554
2227.29 -0.02579
2227.42 -0.02593
2227.54 -0.02584
2227.66 -0.02546
2227.78 -0.02496
2227.9 -0.02469
2228.02 -0.0249
2228.14 -0.02542
2228.26 -0.02582
2228.38 -0.02583
2228.5 -0.02556
2228.62 -0.02537
2228.74 -0.02542
2228.86 -0.02559
2228.98 -0.02564
2229.1 -0.02546
2229.22 -0.02512
2229.34 -0.0248
2229.46 -0.02458
2229.59 -0.02449
2229.71 -0.02448
2229.83 -0.02451
2229.95 -0.02456
2230.07 -0.02459
2230.19 -0.02458
2230.31 -0.02456
2230.43 -0.02456
2230.55 -0.02463
2230.67 -0.02481
2230.79 -0.02509
2230.91 -0.02538
2231.03 -0.02555
2231.15 -0.02555
2231.27 -0.02552
2231.39 -0.02569
2231.51 -0.02605
2231.63 -0.02629
2231.76 -0.02613
2231.88 -0.02567
2232 -0.02533
2232.12 -0.02536
2232.24 -0.02557
2232.36 -0.02549
2232.48 -0.02496
2232.6 -0.0243
2232.72 -0.02404
2232.84 -0.02436
2232.96 -0.02491
2233.08 -0.02525
2233.2 -0.02534
2233.32 -0.02552
2233.44 -0.02601
2233.56 -0.02653
2233.68 -0.02662
2233.8 -0.0262
2233.93 -0.02568
2234.05 -0.02547
2234.17 -0.02558
2234.29 -0.02577
2234.41 -0.02582
2234.53 -0.02571
2234.65 -0.02541
2234.77 -0.02494
2234.89 -0.02451
2235.01 -0.02442
2235.13 -0.02471
2235.25 -0.02511
2235.37 -0.0253
2235.49 -0.02525
2235.61 -0.02518
2235.73 -0.02524
2235.85 -0.02544
2235.97 -0.02565
2236.1 -0.02573
2236.22 -0.02568
2236.34 -0.02562
2236.46 -0.02567
2236.58 -0.0258
2236.7 -0.02585
2236.82 -0.02568
2236.94 -0.02536
2237.06 -0.02502
2237.18 -0.02473
2237.3 -0.02458
2237.42 -0.02462
2237.54 -0.02486
2237.66 -0.02509
2237.78 -0.02519
2237.9 -0.02523
2238.02 -0.02537
2238.14 -0.02558
2238.27 -0.02575
2238.39 -0.02591
2238.51 -0.02618
2238.63 -0.02646
2238.75 -0.02642
2238.87 -0.02601
2238.99 -0.02562
2239.11 -0.02561
2239.23 -0.02585
2239.35 -0.02593
2239.47 -0.02577
2239.59 -0.02565
2239.71 -0.02568
2239.83 -0.02564
2239.95 -0.02541
2240.07 -0.02513
2240.19 -0.02506
2240.31 -0.02518
2240.44 -0.0253
2240.56 -0.02531
2240.68 -0.02523
2240.8 -0.02514
2240.92 -0.02513
2241.04 -0.02528
2241.16 -0.02558
2241.28 -0.02582
2241.4 -0.02579
2241.52 -0.02556
2241.64 -0.02538
2241.76 -0.02539
2241.88 -0.02542
2242 -0.02529
2242.12 -0.02504
2242.24 -0.02487
2242.36 -0.02487
2242.48 -0.02492
2242.6 -0.02489
2242.73 -0.02484
2242.85 -0.02488
2242.97 -0.02503
2243.09 -0.0251
2243.21 -0.02494
2243.33 -0.02468
2243.45 -0.02462
2243.57 -0.02498
2243.69 -0.02561
2243.81 -0.02614
2243.93 -0.02626
2244.05 -0.02593
2244.17 -0.02533
2244.29 -0.02476
2244.41 -0.02451
2244.53 -0.02475
2244.65 -0.02527
2244.77 -0.02566
2244.9 -0.02562
2245.02 -0.02523
2245.14 -0.02482
2245.26 -0.02461
2245.38 -0.02464
2245.5 -0.02483
2245.62 -0.0251
2245.74 -0.02535
2245.86 -0.02543
2245.98 -0.02531
2246.1 -0.02511
2246.22 -0.02489
2246.34 -0.02464
2246.46 -0.02439
2246.58 -0.02431
2246.7 -0.02456
2246.82 -0.02491
2246.94 -0.02496
2247.07 -0.02461
2247.19 -0.02424
2247.31 -0.0243
2247.43 -0.0247
2247.55 -0.02493
2247.67 -0.02468
2247.79 -0.02421
2247.91 -0.02399
2248.03 -0.02416
2248.15 -0.02444
2248.27 -0.02455
2248.39 -0.02452
2248.51 -0.02452
2248.63 -0.02461
2248.75 -0.02476
2248.87 -0.02491
2248.99 -0.02508
2249.11 -0.02525
2249.24 -0.02537
2249.36 -0.02541
2249.48 -0.02542
2249.6 -0.02542
2249.72 -0.02537
2249.84 -0.02524
2249.96 -0.02501
2250.08 -0.02473
2250.2 -0.02452
2250.32 -0.02455
2250.44 -0.02487
2250.56 -0.02526
2250.68 -0.02541
2250.8 -0.02517
2250.92 -0.02475
2251.04 -0.02441
2251.16 -0.02425
2251.28 -0.02424
2251.41 -0.02433
2251.53 -0.02449
2251.65 -0.02459
2251.77 -0.02455
2251.89 -0.02452
2252.01 -0.02476
2252.13 -0.0252
2252.25 -0.02545
2252.37 -0.02519
2252.49 -0.02464
2252.61 -0.02435
2252.73 -0.0246
2252.85 -0.0252
2252.97 -0.02572
2253.09 -0.02587
2253.21 -0.02559
2253.33 -0.02509
2253.45 -0.02471
2253.57 -0.02465
2253.7 -0.02481
2253.82 -0.02482
2253.94 -0.02447
2254.06 -0.0239
2254.18 -0.02342
2254.3 -0.0232
2254.42 -0.02319
2254.54 -0.02328
2254.66 -0.02343
2254.78 -0.02358
2254.9 -0.02363
2255.02 -0.02355
2255.14 -0.02343
2255.26 -0.02349
2255.38 -0.02385
2255.5 -0.02437
2255.62 -0.0247
2255.74 -0.02467
2255.87 -0.02447
2255.99 -0.02448
2256.11 -0.02476
2256.23 -0.02498
2256.35 -0.02478
2256.47 -0.02421
2256.59 -0.02364
2256.71 -0.02332
2256.83 -0.02322
2256.95 -0.02324
2257.07 -0.02332
2257.19 -0.02352
2257.31 -0.02388
2257.43 -0.02434
2257.55 -0.02472
2257.67 -0.02484
2257.79 -0.0247
2257.91 -0.02448
2258.04 -0.02439
2258.16 -0.02437
2258.28 -0.02424
2258.4 -0.02402
2258.52 -0.02398
2258.64 -0.0243
2258.76 -0.02473
2258.88 -0.02492
2259 -0.02479
2259.12 -0.02462
2259.24 -0.02467
2259.36 -0.02487
2259.48 -0.02503
2259.6 -0.02502
2259.72 -0.02484
2259.84 -0.02452
2259.96 -0.0241
2260.08 -0.02371
2260.21 -0.02353
2260.33 -0.02359
2260.45 -0.02376
2260.57 -0.02385
2260.69 -0.02379
2260.81 -0.02361
2260.93 -0.02339
2261.05 -0.0232
2261.17 -0.0231
2261.29 -0.02316
2261.41 -0.02342
2261.53 -0.02387
2261.65 -0.02439
2261.77 -0.02475
2261.89 -0.02482
2262.01 -0.02462
2262.13 -0.02436
2262.25 -0.02424
2262.38 -0.02427
2262.5 -0.02429
2262.62 -0.02414
2262.74 -0.02383
2262.86 -0.02356
2262.98 -0.02347
2263.1 -0.02357
2263.22 -0.02375
2263.34 -0.02394
2263.46 -0.02414
2263.58 -0.02437
2263.7 -0.02454
2263.82 -0.02454
2263.94 -0.02436
2264.06 -0.02404
2264.18 -0.02365
2264.3 -0.02331
2264.42 -0.02319
2264.55 -0.02343
2264.67 -0.02387
2264.79 -0.02412
2264.91 -0.02389
2265.03 -0.0233
2265.15 -0.0227
2265.27 -0.02231
2265.39 -0.02214
2265.51 -0.02213
2265.63 -0.0223
2265.75 -0.02266
2265.87 -0.02308
2265.99 -0.02334
2266.11 -0.02329
2266.23 -0.02298
2266.35 -0.02264
2266.47 -0.02248
2266.59 -0.02257
2266.72 -0.02279
2266.84 -0.02301
2266.96 -0.02319
2267.08 -0.02338
2267.2 -0.02354
2267.32 -0.02359
2267.44 -0.02353
2267.56 -0.02346
2267.68 -0.02349
2267.8 -0.02353
2267.92 -0.02342
2268.04 -0.02307
2268.16 -0.02261
2268.28 -0.02229
2268.4 -0.02228
2268.52 -0.02247
2268.64 -0.02262
2268.76 -0.02256
2268.89 -0.02237
2269.01 -0.02233
2269.13 -0.02256
2269.25 -0.02294
2269.37 -0.02324
2269.49 -0.02335
2269.61 -0.02335
2269.73 -0.02334
2269.85 -0.02336
2269.97 -0.02334
2270.09 -0.02315
2270.21 -0.02274
2270.33 -0.02234
2270.45 -0.02229
2270.57 -0.02266
2270.69 -0.02307
2270.81 -0.02307
2270.93 -0.02269
2271.05 -0.02237
2271.18 -0.02232
2271.3 -0.02233
2271.42 -0.02207
2271.54 -0.02159
2271.66 -0.02124
2271.78 -0.02121
2271.9 -0.0214
2272.02 -0.02164
2272.14 -0.02179
2272.26 -0.02175
2272.38 -0.02144
2272.5 -0.02091
2272.62 -0.02042
2272.74 -0.02029
2272.86 -0.02061
2272.98 -0.02124
2273.1 -0.02186
2273.22 -0.02215
2273.35 -0.02205
2273.47 -0.02176
2273.59 -0.02154
2273.71 -0.02151
2273.83 -0.02164
2273.95 -0.0219
2274.07 -0.02219
2274.19 -0.02221
2274.31 -0.02164
2274.43 -0.02064
2274.55 -0.01984
2274.67 -0.01974
2274.79 -0.02021
2274.91 -0.02062
2275.03 -0.02062
2275.15 -0.02032
2275.27 -0.02008
2275.39 -0.01998
2275.52 -0.01992
2275.64 -0.0198
2275.76 -0.01967
2275.88 -0.01961
2276 -0.01967
2276.12 -0.01974
2276.24 -0.01966
2276.36 -0.01927
2276.48 -0.0187
2276.6 -0.01821
2276.72 -0.01797
2276.84 -0.01783
2276.96 -0.01757
2277.08 -0.01723
2277.2 -0.01709
2277.32 -0.01727
2277.44 -0.01752
2277.56 -0.01747
2277.69 -0.01697
2277.81 -0.01623
2277.93 -0.01558
2278.05 -0.01523
2278.17 -0.01511
2278.29 -0.01502
2278.41 -0.01491
2278.53 -0.01488
2278.65 -0.015
2278.77 -0.01503
2278.89 -0.01459
2279.01 -0.01359
2279.13 -0.01241
2279.25 -0.01154
2279.37 -0.01111
2279.49 -0.01083
2279.61 -0.01032
2279.73 -0.0094
2279.86 -0.00816
2279.98 -0.00691
2280.1 -0.00597
2280.22 -0.00537
2280.34 -0.00476
2280.46 -0.00373
2280.58 -0.00224
2280.7 -6.57402E-4
2280.82 7.5224E-4
2280.94 0.00206
2281.06 0.00348
2281.18 0.00504
2281.3 0.00663
2281.42 0.00825
2281.54 0.01018
2281.66 0.01273
2281.78 0.01602
2281.9 0.01991
2282.02 0.02417
2282.15 0.02857
2282.27 0.033
2282.39 0.03754
2282.51 0.04229
2282.63 0.0472
2282.75 0.05192
2282.87 0.05596
2282.99 0.05881
2283.11 0.06002
2283.23 0.05932
2283.35 0.05674
2283.47 0.05263
2283.59 0.04759
2283.71 0.04207
2283.83 0.03631
2283.95 0.03048
2284.07 0.02486
2284.19 0.01975
2284.32 0.01521
2284.44 0.01101
2284.56 0.00695
2284.68 0.00316
2284.8 5.1368E-5
2284.92 -0.00221
2285.04 -0.00385
2285.16 -0.0053
2285.28 -0.00671
2285.4 -0.00798
2285.52 -0.00896
2285.64 -0.00969
2285.76 -0.01031
2285.88 -0.011
2286 -0.01189
2286.12 -0.01296
2286.24 -0.01404
2286.36 -0.01493
2286.49 -0.01566
2286.61 -0.01644
2286.73 -0.01736
2286.85 -0.01823
2286.97 -0.01881
2287.09 -0.0191
2287.21 -0.01935
2287.33 -0.01972
2287.45 -0.02016
2287.57 -0.02055
2287.69 -0.02083
2287.81 -0.02097
2287.93 -0.02099
2288.05 -0.02101
2288.17 -0.02116
2288.29 -0.02149
2288.41 -0.02187
2288.53 -0.02209
2288.66 -0.02202
2288.78 -0.02174
2288.9 -0.02145
2289.02 -0.02133
2289.14 -0.02137
2289.26 -0.02143
2289.38 -0.02137
2289.5 -0.02114
2289.62 -0.0208
2289.74 -0.02041
2289.86 -0.02011
2289.98 -0.02007
2290.1 -0.02031
2290.22 -0.02057
2290.34 -0.02048
2290.46 -0.02001
2290.58 -0.01958
2290.7 -0.01958
2290.83 -0.01998
2290.95 -0.02039
2291.07 -0.02058
2291.19 -0.02059
2291.31 -0.02058
2291.43 -0.02057
2291.55 -0.0205
2291.67 -0.02041
2291.79 -0.02029
2291.91 -0.02007
2292.03 -0.01968
2292.15 -0.01927
2292.27 -0.01912
2292.39 -0.01932
2292.51 -0.01957
2292.63 -0.0195
2292.75 -0.01906
2292.87 -0.01864
2293 -0.01861
2293.12 -0.01888
2293.24 -0.01904
2293.36 -0.01892
2293.48 -0.0188
2293.6 -0.01908
2293.72 -0.01966
2293.84 -0.02003
2293.96 -0.01982
2294.08 -0.01924
2294.2 -0.01879
2294.32 -0.01869
2294.44 -0.01873
2294.56 -0.01856
2294.68 -0.01817
2294.8 -0.01781
2294.92 -0.0177
2295.04 -0.01777
2295.17 -0.01772
2295.29 -0.01745
2295.41 -0.01712
2295.53 -0.01698
2295.65 -0.01704
2295.77 -0.0171
2295.89 -0.01701
2296.01 -0.01686
2296.13 -0.0168
2296.25 -0.01681
2296.37 -0.01678
2296.49 -0.01661
2296.61 -0.01637
2296.73 -0.01618
2296.85 -0.01614
2296.97 -0.01628
2297.09 -0.01649
2297.21 -0.0166
2297.33 -0.0165
2297.46 -0.01626
2297.58 -0.01604
2297.7 -0.01595
2297.82 -0.01592
2297.94 -0.01589
2298.06 -0.01588
2298.18 -0.01588
2298.3 -0.01586
2298.42 -0.01589
2298.54 -0.01614
2298.66 -0.0167
2298.78 -0.01719
2298.9 -0.01714
2299.02 -0.01649
2299.14 -0.01571
2299.26 -0.01533
2299.38 -0.01532
2299.5 -0.01529
2299.63 -0.01513
2299.75 -0.01512
2299.87 -0.01547
2299.99 -0.01586
2300.11 -0.01578
2300.23 -0.01514
2300.35 -0.01449
2300.47 -0.01445
2300.59 -0.01503
2300.71 -0.01566
2300.83 -0.0157
2300.95 -0.01505
2301.07 -0.0141
2301.19 -0.01336
2301.31 -0.01308
2301.43 -0.01322
2301.55 -0.01351
2301.67 -0.01368
2301.8 -0.01357
2301.92 -0.01329
2302.04 -0.01306
2302.16 -0.01305
2302.28 -0.01317
2302.4 -0.01319
2302.52 -0.01291
2302.64 -0.01243
2302.76 -0.01215
2302.88 -0.01239
2303 -0.01301
2303.12 -0.01348
2303.24 -0.01341
2303.36 -0.01295
2303.48 -0.01256
2303.6 -0.01242
2303.72 -0.0123
2303.84 -0.01201
2303.97 -0.01167
2304.09 -0.01149
2304.21 -0.01132
2304.33 -0.01091
2304.45 -0.01037
2304.57 -0.0102
2304.69 -0.01069
2304.81 -0.01148
2304.93 -0.01192
2305.05 -0.01173
2305.17 -0.01117
2305.29 -0.01066
2305.41 -0.01041
2305.53 -0.01032
2305.65 -0.01017
2305.77 -0.00985
2305.89 -0.00949
2306.01 -0.00939
2306.14 -0.00976
2306.26 -0.01036
2306.38 -0.0108
2306.5 -0.01091
2306.62 -0.01089
2306.74 -0.01091
2306.86 -0.0108
2306.98 -0.01037
2307.1 -0.00972
2307.22 -0.00926
2307.34 -0.00917
2307.46 -0.00923
2307.58 -0.0091
2307.7 -0.00878
2307.82 -0.00848
2307.94 -0.00831
2308.06 -0.00818
2308.18 -0.00795
2308.31 -0.0077
2308.43 -0.00761
2308.55 -0.00771
2308.67 -0.00785
2308.79 -0.00791
2308.91 -0.00792
2309.03 -0.00801
2309.15 -0.00819
2309.27 -0.00823
2309.39 -0.0078
2309.51 -0.00683
2309.63 -0.00563
2309.75 -0.00469
2309.87 -0.00427
2309.99 -0.00429
2310.11 -0.00451
2310.23 -0.00477
2310.35 -0.00497
2310.48 -0.00508
2310.6 -0.00515
2310.72 -0.00521
2310.84 -0.00522
2310.96 -0.00501
2311.08 -0.00456
2311.2 -0.00409
2311.32 -0.00387
2311.44 -0.00382
2311.56 -0.00358
2311.68 -0.00304
2311.8 -0.00255
2311.92 -0.00248
2312.04 -0.00273
2312.16 -0.00285
2312.28 -0.00268
2312.4 -0.0024
2312.52 -0.00223
2312.65 -0.00208
2312.77 -0.0018
2312.89 -0.00148
2313.01 -0.00144
2313.13 -0.00179
2313.25 -0.00226
2313.37 -0.00244
2313.49 -0.00214
2313.61 -0.00148
2313.73 -8.31563E-4
2313.85 -4.74248E-4
2313.97 -3.53776E-4
2314.09 -1.66915E-4
2314.21 3.4789E-4
2314.33 0.00114
2314.45 0.00189
2314.57 0.00234
2314.69 0.00256
2314.81 0.0028
2314.94 0.0031
2315.06 0.00325
2315.18 0.003
2315.3 0.00249
2315.42 0.00221
2315.54 0.00257
2315.66 0.00339
2315.78 0.00408
2315.9 0.00428
2316.02 0.00422
2316.14 0.00437
2316.26 0.00492
2316.38 0.00564
2316.5 0.00611
2316.62 0.00627
2316.74 0.0064
2316.86 0.00678
2316.98 0.00734
2317.11 0.00767
2317.23 0.00747
2317.35 0.00695
2317.47 0.00673
2317.59 0.00728
2317.71 0.0085
2317.83 0.00978
2317.95 0.0106
2318.07 0.01085
2318.19 0.01076
2318.31 0.01068
2318.43 0.01095
2318.55 0.01163
2318.67 0.01254
2318.79 0.01337
2318.91 0.01382
2319.03 0.01377
2319.15 0.01325
2319.28 0.01252
2319.4 0.01205
2319.52 0.0123
2319.64 0.01327
2319.76 0.01455
2319.88 0.01571
2320 0.0167
2320.12 0.01765
2320.24 0.01855
2320.36 0.01924
2320.48 0.01959
2320.6 0.01973
2320.72 0.01989
2320.84 0.02017
2320.96 0.02047
2321.08 0.02068
2321.2 0.02088
2321.32 0.02129
2321.45 0.02212
2321.57 0.02324
2321.69 0.02436
2321.81 0.02529
2321.93 0.0261
2322.05 0.02694
2322.17 0.02793
2322.29 0.02905
2322.41 0.03018
2322.53 0.03113
2322.65 0.03176
2322.77 0.03213
2322.89 0.03254
2323.01 0.0333
2323.13 0.03446
2323.25 0.03584
2323.37 0.03727
2323.49 0.03868
2323.61 0.04002
2323.74 0.04121
2323.86 0.04237
2323.98 0.04377
2324.1 0.04563
2324.22 0.04778
2324.34 0.04975
2324.46 0.05124
2324.58 0.05241
2324.7 0.05362
2324.82 0.05506
2324.94 0.05663
2325.06 0.05823
2325.18 0.05997
2325.3 0.06206
2325.42 0.06457
2325.54 0.06726
2325.66 0.06981
2325.78 0.07205
2325.91 0.07398
2326.03 0.07573
2326.15 0.07752
2326.27 0.07956
2326.39 0.08196
2326.51 0.08462
2326.63 0.08729
2326.75 0.08973
2326.87 0.09198
2326.99 0.0944
2327.11 0.09741
2327.23 0.10096
2327.35 0.10444
2327.47 0.10726
2327.59 0.10936
2327.71 0.11097
2327.83 0.11238
2327.95 0.11379
2328.08 0.11535
2328.2 0.11708
2328.32 0.11899
2328.44 0.12108
2328.56 0.12322
2328.68 0.12503
2328.8 0.12614
2328.92 0.12662
2329.04 0.12721
2329.16 0.12886
2329.28 0.13163
2329.4 0.1347
2329.52 0.1373
2329.64 0.13919
2329.76 0.14059
2329.88 0.14201
2330 0.14386
2330.12 0.14613
2330.25 0.14844
2330.37 0.15045
2330.49 0.15216
2330.61 0.15394
2330.73 0.15607
2330.85 0.15852
2330.97 0.16102
2331.09 0.16353
2331.21 0.16629
2331.33 0.16938
2331.45 0.17249
2331.57 0.17513
2331.69 0.17723
2331.81 0.17923
2331.93 0.18157
2332.05 0.18431
2332.17 0.18721
2332.29 0.19006
2332.42 0.1929
2332.54 0.19584
2332.66 0.19897
2332.78 0.20232
2332.9 0.20578
2333.02 0.20915
2333.14 0.21237
2333.26 0.21568
2333.38 0.21938
2333.5 0.22342
2333.62 0.22729
2333.74 0.23064
2333.86 0.23373
2333.98 0.23717
2334.1 0.24123
2334.22 0.24566
2334.34 0.25017
2334.46 0.25478
2334.59 0.25965
2334.71 0.26469
2334.83 0.2696
2334.95 0.27421
2335.07 0.27854
2335.19 0.28288
2335.31 0.28767
2335.43 0.29308
2335.55 0.29884
2335.67 0.30446
2335.79 0.30968
2335.91 0.31476
2336.03 0.32021
2336.15 0.32645
2336.27 0.33348
2336.39 0.34066
2336.51 0.34741
2336.63 0.35375
2336.76 0.36006
2336.88 0.36651
2337 0.373
2337.12 0.37948
2337.24 0.38626
2337.36 0.39377
2337.48 0.40189
2337.6 0.41014
2337.72 0.4185
2337.84 0.42766
2337.96 0.4382
2338.08 0.44931
2338.2 0.45937
2338.32 0.46804
2338.44 0.47618
2338.56 0.48452
2338.68 0.4933
2338.8 0.50264
2338.93 0.51276
2339.05 0.52372
2339.17 0.53505
2339.29 0.54621
2339.41 0.55729
2339.53 0.56918
2339.65 0.58259
2339.77 0.59688
2339.89 0.61026
2340.01 0.62204
2340.13 0.63322
2340.25 0.64496
2340.37 0.65758
2340.49 0.67073
2340.61 0.68441
2340.73 0.69905
2340.85 0.71428
2340.97 0.72844
2341.09 0.7405
2341.22 0.75193
2341.34 0.76594
2341.46 0.7837
2341.58 0.80193
2341.7 0.81688
2341.82 0.82875
2341.94 0.84007
2342.06 0.85235
2342.18 0.86516
2342.3 0.87778
2342.42 0.89046
2342.54 0.90347
2342.66 0.91607
2342.78 0.92776
2342.9 0.94017
2343.02 0.95575
2343.14 0.97351
2343.26 0.98821
2343.39 0.99677
2343.51 1.00182
2343.63 1.00738
2343.75 1.014
2343.87 1.01915
2343.99 1.02193
2344.11 1.02491
2344.23 1.03004
2344.35 1.0353
2344.47 1.03714
2344.59 1.03509
2344.71 1.03181
2344.83 1.02893
2344.95 1.02571
2345.07 1.02254
2345.19 1.02195
2345.31 1.02501
2345.43 1.02847
2345.56 1.0274
2345.68 1.02035
2345.8 1.01021
2345.92 1.0005
2346.04 0.99238
2346.16 0.98502
2346.28 0.97753
2346.4 0.96996
2346.52 0.96305
2346.64 0.95719
2346.76 0.95171
2346.88 0.94537
2347 0.93736
2347.12 0.92793
2347.24 0.91787
2347.36 0.90744
2347.48 0.89636
2347.6 0.8847
2347.73 0.87333
2347.85 0.86328
2347.97 0.85465
2348.09 0.84611
2348.21 0.83615
2348.33 0.82466
2348.45 0.81303
2348.57 0.80265
2348.69 0.7934
2348.81 0.78403
2348.93 0.77388
2349.05 0.76379
2349.17 0.75481
2349.29 0.74683
2349.41 0.73889
2349.53 0.73063
2349.65 0.72259
2349.77 0.71496
2349.9 0.70674
2350.02 0.69698
2350.14 0.68631
2350.26 0.67673
2350.38 0.66929
2350.5 0.6628
2350.62 0.65501
2350.74 0.64504
2350.86 0.63406
2350.98 0.62382
2351.1 0.61514
2351.22 0.60775
2351.34 0.60093
2351.46 0.59388
2351.58 0.58608
2351.7 0.57779
2351.82 0.57019
2351.94 0.56425
2352.06 0.55957
2352.19 0.55482
2352.31 0.54921
2352.43 0.54295
2352.55 0.5365
2352.67 0.52997
2352.79 0.52339
2352.91 0.51702
2353.03 0.51097
2353.15 0.50495
2353.27 0.49859
2353.39 0.49208
2353.51 0.48597
2353.63 0.48036
2353.75 0.47496
2353.87 0.46952
2353.99 0.4641
2354.11 0.45876
2354.23 0.45346
2354.36 0.44807
2354.48 0.44245
2354.6 0.43668
2354.72 0.43124
2354.84 0.42684
2354.96 0.4235
2355.08 0.42031
2355.2 0.41639
2355.32 0.41182
2355.44 0.40728
2355.56 0.40311
2355.68 0.39893
2355.8 0.3942
2355.92 0.38901
2356.04 0.38384
2356.16 0.37907
2356.28 0.37494
2356.4 0.37166
2356.53 0.3693
2356.65 0.36744
2356.77 0.36523
2356.89 0.36202
2357.01 0.35802
2357.13 0.35416
2357.25 0.35103
2357.37 0.34821
2357.49 0.3448
2357.61 0.34057
2357.73 0.33655
2357.85 0.3338
2357.97 0.33202
2358.09 0.33011
2358.21 0.32736
2358.33 0.32385
2358.45 0.32007
2358.57 0.31639
2358.7 0.31284
2358.82 0.30938
2358.94 0.30618
2359.06 0.30366
2359.18 0.30196
2359.3 0.30062
2359.42 0.29903
2359.54 0.29696
2359.66 0.29447
2359.78 0.29172
2359.9 0.28882
2360.02 0.28593
2360.14 0.28325
2360.26 0.28086
2360.38 0.27858
2360.5 0.2761
2360.62 0.2735
2360.74 0.27129
2360.87 0.26976
2360.99 0.26866
2361.11 0.26731
2361.23 0.26515
2361.35 0.2623
2361.47 0.2594
2361.59 0.25688
2361.71 0.2547
2361.83 0.25261
2361.95 0.25077
2362.07 0.24964
2362.19 0.24912
2362.31 0.24845
2362.43 0.24683
2362.55 0.24431
2362.67 0.24173
2362.79 0.23959
2362.91 0.23759
2363.04 0.23524
2363.16 0.23285
2363.28 0.23122
2363.4 0.23036
2363.52 0.22942
2363.64 0.22801
2363.76 0.22643
2363.88 0.2252
2364 0.2242
2364.12 0.22273
2364.24 0.22022
2364.36 0.21695
2364.48 0.21413
2364.6 0.21285
2364.72 0.21268
2364.84 0.21243
2364.96 0.21139
2365.08 0.20965
2365.21 0.20775
2365.33 0.20598
2365.45 0.20416
2365.57 0.20204
2365.69 0.19985
2365.81 0.19817
2365.93 0.19719
2366.05 0.19648
2366.17 0.19561
2366.29 0.1945
2366.41 0.19325
2366.53 0.19198
2366.65 0.19059
2366.77 0.18889
2366.89 0.18683
2367.01 0.18487
2367.13 0.18368
2367.25 0.18322
2367.38 0.18273
2367.5 0.1816
2367.62 0.17988
2367.74 0.17817
2367.86 0.17681
2367.98 0.17547
2368.1 0.17359
2368.22 0.17112
2368.34 0.16872
2368.46 0.16692
2368.58 0.16561
2368.7 0.16448
2368.82 0.16336
2368.94 0.16206
2369.06 0.16025
2369.18 0.15778
2369.3 0.15505
2369.42 0.1529
2369.54 0.15176
2369.67 0.15104
2369.79 0.14987
2369.91 0.14809
2370.03 0.14618
2370.15 0.1446
2370.27 0.14327
2370.39 0.14179
2370.51 0.13999
2370.63 0.13822
2370.75 0.13679
2370.87 0.13561
2370.99 0.13433
2371.11 0.13291
2371.23 0.13149
2371.35 0.1301
2371.47 0.12851
2371.59 0.1266
2371.71 0.1246
2371.84 0.12297
2371.96 0.12175
2372.08 0.12057
2372.2 0.11916
2372.32 0.11765
2372.44 0.11635
2372.56 0.11537
2372.68 0.11447
2372.8 0.11337
2372.92 0.11192
2373.04 0.11026
2373.16 0.10863
2373.28 0.1072
2373.4 0.10603
2373.52 0.10503
2373.64 0.10396
2373.76 0.10258
2373.88 0.10089
2374.01 0.09919
2374.13 0.09788
2374.25 0.09707
2374.37 0.09657
2374.49 0.09608
2374.61 0.09534
2374.73 0.09411
2374.85 0.09233
2374.97 0.09026
2375.09 0.08846
2375.21 0.08723
2375.33 0.08639
2375.45 0.08552
2375.57 0.08452
2375.69 0.08357
2375.81 0.08273
2375.93 0.08185
2376.05 0.08084
2376.18 0.07985
2376.3 0.07901
2376.42 0.07819
2376.54 0.07718
2376.66 0.07594
2376.78 0.07464
2376.9 0.07346
2377.02 0.07252
2377.14 0.07192
2377.26 0.07158
2377.38 0.07111
2377.5 0.07013
2377.62 0.06865
2377.74 0.06707
2377.86 0.06576
2377.98 0.06474
2378.1 0.06385
2378.22 0.06298
2378.34 0.0621
2378.47 0.06113
2378.59 0.06001
2378.71 0.0588
2378.83 0.05758
2378.95 0.0563
2379.07 0.05488
2379.19 0.05343
2379.31 0.05225
2379.43 0.05146
2379.55 0.0507
2379.67 0.04944
2379.79 0.04751
2379.91 0.04525
2380.03 0.04332
2380.15 0.04212
2380.27 0.04151
2380.39 0.04101
2380.51 0.04016
2380.64 0.03888
2380.76 0.03736
2380.88 0.03576
2381 0.03417
2381.12 0.03263
2381.24 0.03121
2381.36 0.02991
2381.48 0.02864
2381.6 0.0273
2381.72 0.02589
2381.84 0.02444
2381.96 0.02296
2382.08 0.02145
2382.2 0.02005
2382.32 0.01884
2382.44 0.01779
2382.56 0.0167
2382.68 0.01544
2382.81 0.01404
2382.93 0.01271
2383.05 0.01164
2383.17 0.0109
2383.29 0.0103
2383.41 0.00952
2383.53 0.00837
2383.65 0.00708
2383.77 0.00606
2383.89 0.00555
2384.01 0.00539
2384.13 0.00536
2384.25 0.00539
2384.37 0.00548
2384.49 0.0055
2384.61 0.00524
2384.73 0.00466
2384.85 0.00388
2384.98 0.00301
2385.1 0.00209
2385.22 0.00127
2385.34 7.45177E-4
2385.46 5.07142E-4
2385.58 3.3525E-4
2385.7 1.33988E-4
2385.82 9.1549E-5
2385.94 3.19798E-4
2386.06 5.09519E-4
2386.18 2.2722E-4
2386.3 -4.84582E-4
2386.42 -0.00109
2386.54 -0.00123
2386.66 -0.00116
2386.78 -0.00137
2386.9 -0.00193
2387.02 -0.00249
2387.15 -0.00273
2387.27 -0.00271
2387.39 -0.00262
2387.51 -0.00255
2387.63 -0.00247
2387.75 -0.00249
2387.87 -0.00277
2387.99 -0.00337
2388.11 -0.00406
2388.23 -0.0045
2388.35 -0.00453
2388.47 -0.00426
2388.59 -0.00396
2388.71 -0.00385
2388.83 -0.00402
2388.95 -0.00444
2389.07 -0.005
2389.19 -0.00553
2389.32 -0.00585
2389.44 -0.00585
2389.56 -0.00563
2389.68 -0.00546
2389.8 -0.00547
2389.92 -0.00554
2390.04 -0.00543
2390.16 -0.0052
2390.28 -0.00527
2390.4 -0.00593
2390.52 -0.00686
2390.64 -0.00738
2390.76 -0.00724
2390.88 -0.00687
2391 -0.00685
2391.12 -0.00719
2391.24 -0.00745
2391.36 -0.00737
2391.49 -0.00719
2391.61 -0.00729
2391.73 -0.00769
2391.85 -0.00806
2391.97 -0.00814
2392.09 -0.00803
2392.21 -0.00798
2392.33 -0.00809
2392.45 -0.00824
2392.57 -0.00834
2392.69 -0.00842
2392.81 -0.00855
2392.93 -0.00879
2393.05 -0.00907
2393.17 -0.00929
2393.29 -0.00939
2393.41 -0.00937
2393.53 -0.00936
2393.66 -0.00948
2393.78 -0.0098
2393.9 -0.0102
2394.02 -0.01051
2394.14 -0.01061
2394.26 -0.01056
2394.38 -0.01052
2394.5 -0.0105
2394.62 -0.01043
2394.74 -0.01023
2394.86 -0.01004
2394.98 -0.0101
2395.1 -0.01048
2395.22 -0.01097
2395.34 -0.01127
2395.46 -0.01121
2395.58 -0.01089
2395.7 -0.01052
2395.82 -0.01033
2395.95 -0.01049
2396.07 -0.01099
2396.19 -0.01162
2396.31 -0.01204
2396.43 -0.01209
2396.55 -0.01194
2396.67 -0.01189
2396.79 -0.0121
2396.91 -0.01242
2397.03 -0.01267
2397.15 -0.01282
2397.27 -0.01297
2397.39 -0.01309
2397.51 -0.01304
2397.63 -0.01273
2397.75 -0.0123
2397.87 -0.012
2397.99 -0.01202
2398.12 -0.01238
2398.24 -0.01283
2398.36 -0.01299
2398.48 -0.0127
2398.6 -0.01222
2398.72 -0.01208
2398.84 -0.01251
2398.96 -0.0132
2399.08 -0.01367
2399.2 -0.01378
2399.32 -0.01371
2399.44 -0.01357
2399.56 -0.0133
2399.68 -0.01295
2399.8 -0.01286
2399.92 -0.01323
2400.04 -0.01385
2400.16 -0.01429
2400.29 -0.01437
2400.41 -0.0143
2400.53 -0.01429
2400.65 -0.01434
2400.77 -0.01436
2400.89 -0.01439
2401.01 -0.01454
2401.13 -0.01485
2401.25 -0.01515
2401.37 -0.01527
2401.49 -0.01514
2401.61 -0.01486
2401.73 -0.01462
2401.85 -0.01454
2401.97 -0.01465
2402.09 -0.01487
2402.21 -0.01506
2402.33 -0.01513
2402.46 -0.01516
2402.58 -0.01529
2402.7 -0.01562
2402.82 -0.01598
2402.94 -0.01616
2403.06 -0.01611
2403.18 -0.01606
2403.3 -0.01618
2403.42 -0.01638
2403.54 -0.01647
2403.66 -0.01644
2403.78 -0.01647
2403.9 -0.01665
2404.02 -0.01688
2404.14 -0.01703
2404.26 -0.01712
2404.38 -0.01718
2404.5 -0.01716
2404.62 -0.01699
2404.75 -0.0167
2404.87 -0.01631
2404.99 -0.01577
2405.11 -0.01511
2405.23 -0.01468
2405.35 -0.01493
2405.47 -0.01589
2405.59 -0.01702
2405.71 -0.0177
2405.83 -0.0177
2405.95 -0.01735
2406.07 -0.01702
2406.19 -0.01688
2406.31 -0.01679
2406.43 -0.0166
2406.55 -0.0163
2406.67 -0.01606
2406.79 -0.01611
2406.92 -0.01647
2407.04 -0.01687
2407.16 -0.01695
2407.28 -0.01664
2407.4 -0.01623
2407.52 -0.01605
2407.64 -0.01623
2407.76 -0.01667
2407.88 -0.01715
2408 -0.01755
2408.12 -0.0178
2408.24 -0.01788
2408.36 -0.01778
2408.48 -0.01758
2408.6 -0.01738
2408.72 -0.01725
2408.84 -0.01723
2408.96 -0.01732
2409.09 -0.01745
2409.21 -0.01753
2409.33 -0.01751
2409.45 -0.01745
2409.57 -0.01752
2409.69 -0.01778
2409.81 -0.01809
2409.93 -0.01821
2410.05 -0.01798
2410.17 -0.01757
2410.29 -0.01729
2410.41 -0.01741
2410.53 -0.01793
2410.65 -0.0186
2410.77 -0.0191
2410.89 -0.01927
2411.01 -0.01904
2411.13 -0.0185
2411.26 -0.01791
2411.38 -0.01761
2411.5 -0.01777
2411.62 -0.01815
2411.74 -0.01833
2411.86 -0.01814
2411.98 -0.01791
2412.1 -0.01801
2412.22 -0.0184
2412.34 -0.01867
2412.46 -0.0186
2412.58 -0.01842
2412.7 -0.0184
2412.82 -0.01845
2412.94 -0.01827
2413.06 -0.01785
2413.18 -0.01754
2413.3 -0.01756
2413.43 -0.01767
2413.55 -0.01756
2413.67 -0.01733
2413.79 -0.01735
2413.91 -0.01773
2414.03 -0.01816
2414.15 -0.01829
2414.27 -0.01822
2414.39 -0.01824
2414.51 -0.01839
2414.63 -0.01846
2414.75 -0.01838
2414.87 -0.0184
2414.99 -0.01866
2415.11 -0.0189
2415.23 -0.01877
2415.35 -0.01833
2415.47 -0.01805
2415.6 -0.0183
2415.72 -0.01892
2415.84 -0.01946
2415.96 -0.0197
2416.08 -0.01969
2416.2 -0.01961
2416.32 -0.0196
2416.44 -0.0197
2416.56 -0.0199
2416.68 -0.02007
2416.8 -0.02005
2416.92 -0.01982
2417.04 -0.01954
2417.16 -0.01939
2417.28 -0.0194
2417.4 -0.01941
2417.52 -0.01927
2417.64 -0.01897
2417.77 -0.01876
2417.89 -0.01895
2418.01 -0.01961
2418.13 -0.02038
2418.25 -0.02072
2418.37 -0.02043
2418.49 -0.01984
2418.61 -0.01939
2418.73 -0.01922
2418.85 -0.01915
2418.97 -0.019
2419.09 -0.01881
2419.21 -0.01872
2419.33 -0.01878
2419.45 -0.01899
2419.57 -0.01925
2419.69 -0.01945
2419.81 -0.01949
2419.94 -0.01949
2420.06 -0.01959
2420.18 -0.0198
2420.3 -0.01994
2420.42 -0.01991
2420.54 -0.01981
2420.66 -0.01977
2420.78 -0.01975
2420.9 -0.01975
2421.02 -0.01993
2421.14 -0.02032
2421.26 -0.02068
2421.38 -0.02073
2421.5 -0.02058
2421.62 -0.02066
2421.74 -0.02118
2421.86 -0.02174
2421.98 -0.0218
2422.1 -0.02124
2422.23 -0.02047
2422.35 -0.01996
2422.47 -0.01987
2422.59 -0.02005
2422.71 -0.02034
2422.83 -0.0206
2422.95 -0.02075
2423.07 -0.02076
2423.19 -0.0206
2423.31 -0.02037
2423.43 -0.02023
2423.55 -0.02036
2423.67 -0.02072
2423.79 -0.02109
2423.91 -0.02123
2424.03 -0.02109
2424.15 -0.02076
2424.27 -0.02031
2424.4 -0.01988
2424.52 -0.01977
2424.64 -0.02022
2424.76 -0.02101
2424.88 -0.02152
2425 -0.02139
2425.12 -0.02093
2425.24 -0.02072
2425.36 -0.02085
2425.48 -0.02098
2425.6 -0.02094
2425.72 -0.02095
2425.84 -0.02123
2425.96 -0.02152
2426.08 -0.02147
2426.2 -0.02114
2426.32 -0.02095
2426.44 -0.02112
2426.57 -0.02139
2426.69 -0.02142
2426.81 -0.02121
2426.93 -0.02099
2427.05 -0.02092
2427.17 -0.021
2427.29 -0.02122
2427.41 -0.0216
2427.53 -0.02203
2427.65 -0.02231
2427.77 -0.02235
2427.89 -0.02223
2428.01 -0.02209
2428.13 -0.02196
2428.25 -0.02181
2428.37 -0.0216
2428.49 -0.02138
2428.61 -0.02125
2428.74 -0.02122
2428.86 -0.02118
2428.98 -0.02098
2429.1 -0.02056
2429.22 -0.02015
2429.34 -0.02006
2429.46 -0.02042
2429.58 -0.02096
2429.7 -0.02131
2429.82 -0.02138
2429.94 -0.02138
2430.06 -0.02158
2430.18 -0.02196
2430.3 -0.02233
2430.42 -0.02247
2430.54 -0.02239
2430.66 -0.02219
2430.78 -0.02201
2430.91 -0.02186
2431.03 -0.02171
2431.15 -0.02148
2431.27 -0.02115
2431.39 -0.02078
2431.51 -0.02049
2431.63 -0.02043
2431.75 -0.02071
2431.87 -0.02124
2431.99 -0.02181
2432.11 -0.02225
2432.23 -0.02254
2432.35 -0.02277
2432.47 -0.02299
2432.59 -0.02318
2432.71 -0.02324
2432.83 -0.02307
2432.95 -0.02262
2433.07 -0.02206
2433.2 -0.02171
2433.32 -0.02179
2433.44 -0.02209
2433.56 -0.02215
2433.68 -0.02172
2433.8 -0.02109
2433.92 -0.02067
2434.04 -0.02053
2434.16 -0.02047
2434.28 -0.02043
2434.4 -0.0206
2434.52 -0.02105
2434.64 -0.02157
2434.76 -0.02191
2434.88 -0.02207
2435 -0.02211
2435.12 -0.02202
2435.24 -0.02173
2435.37 -0.02144
2435.49 -0.02141
2435.61 -0.02158
2435.73 -0.0216
2435.85 -0.02125
2435.97 -0.02075
2436.09 -0.02051
2436.21 -0.0207
2436.33 -0.02111
2436.45 -0.02141
2436.57 -0.02144
2436.69 -0.02127
2436.81 -0.02117
2436.93 -0.02138
2437.05 -0.02189
2437.17 -0.02233
2437.29 -0.02239
2437.41 -0.02205
2437.54 -0.02164
2437.66 -0.02145
2437.78 -0.02155
2437.9 -0.02184
2438.02 -0.0222
2438.14 -0.02244
2438.26 -0.02243
2438.38 -0.02227
2438.5 -0.02231
2438.62 -0.02276
2438.74 -0.02336
2438.86 -0.02357
2438.98 -0.02306
2439.1 -0.02217
2439.22 -0.02152
2439.34 -0.02149
2439.46 -0.02196
2439.58 -0.0225
2439.71 -0.02279
2439.83 -0.02274
2439.95 -0.02255
2440.07 -0.02253
2440.19 -0.02275
2440.31 -0.02294
2440.43 -0.02268
2440.55 -0.02196
2440.67 -0.02133
2440.79 -0.02127
2440.91 -0.02167
2441.03 -0.02199
2441.15 -0.022
2441.27 -0.02203
2441.39 -0.02236
2441.51 -0.02279
2441.63 -0.02289
2441.75 -0.0227
2441.88 -0.02264
2442 -0.02284
2442.12 -0.02298
2442.24 -0.02275
2442.36 -0.02233
2442.48 -0.02211
2442.6 -0.02216
2442.72 -0.02218
2442.84 -0.02201
2442.96 -0.02181
2443.08 -0.02176
2443.2 -0.02182
2443.32 -0.02185
2443.44 -0.02195
2443.56 -0.02233
2443.68 -0.02299
2443.8 -0.02358
2443.92 -0.02372
2444.05 -0.02337
2444.17 -0.02293
2444.29 -0.02279
2444.41 -0.02303
2444.53 -0.02332
2444.65 -0.02329
2444.77 -0.02285
2444.89 -0.0222
2445.01 -0.02162
2445.13 -0.02136
2445.25 -0.02158
2445.37 -0.02219
2445.49 -0.02287
2445.61 -0.0232
2445.73 -0.02306
2445.85 -0.02264
2445.97 -0.02228
2446.09 -0.02212
2446.22 -0.02214
2446.34 -0.02222
2446.46 -0.02232
2446.58 -0.02241
2446.7 -0.02247
2446.82 -0.02245
2446.94 -0.02233
2447.06 -0.02207
2447.18 -0.0217
2447.3 -0.02129
2447.42 -0.02094
2447.54 -0.02073
2447.66 -0.02067
2447.78 -0.02076
2447.9 -0.02096
2448.02 -0.02118
2448.14 -0.02138
2448.26 -0.02161
2448.39 -0.02183
2448.51 -0.02192
2448.63 -0.02178
2448.75 -0.02153
2448.87 -0.02144
2448.99 -0.02161
2449.11 -0.02197
2449.23 -0.0224
2449.35 -0.02283
2449.47 -0.02313
2449.59 -0.02305
2449.71 -0.02243
2449.83 -0.02152
2449.95 -0.02089
2450.07 -0.02097
2450.19 -0.02168
2450.31 -0.02247
2450.43 -0.02273
2450.55 -0.02228
2450.68 -0.02152
2450.8 -0.0211
2450.92 -0.0213
2451.04 -0.02183
2451.16 -0.02223
2451.28 -0.02234
2451.4 -0.0223
2451.52 -0.02223
2451.64 -0.02209
2451.76 -0.02189
2451.88 -0.02176
2452 -0.02185
2452.12 -0.02204
2452.24 -0.02212
2452.36 -0.02202
2452.48 -0.02186
2452.6 -0.0218
2452.72 -0.02192
2452.85 -0.02223
2452.97 -0.02265
2453.09 -0.02298
2453.21 -0.02298
2453.33 -0.0226
2453.45 -0.02216
2453.57 -0.02208
2453.69 -0.02242
2453.81 -0.0228
2453.93 -0.02274
2454.05 -0.02217
2454.17 -0.02149
2454.29 -0.02108
2454.41 -0.02098
2454.53 -0.02098
2454.65 -0.02102
2454.77 -0.02121
2454.89 -0.0216
2455.02 -0.02196
2455.14 -0.0221
2455.26 -0.02208
2455.38 -0.02217
2455.5 -0.02243
2455.62 -0.02272
2455.74 -0.02289
2455.86 -0.02296
2455.98 -0.02293
2456.1 -0.02272
2456.22 -0.02232
2456.34 -0.02198
2456.46 -0.02199
2456.58 -0.02231
2456.7 -0.02253
2456.82 -0.02233
2456.94 -0.02182
2457.06 -0.02136
2457.19 -0.02116
2457.31 -0.02117
2457.43 -0.02127
2457.55 -0.02146
2457.67 -0.02177
2457.79 -0.02211
2457.91 -0.02228
2458.03 -0.02222
2458.15 -0.02204
2458.27 -0.02193
2458.39 -0.02197
2458.51 -0.02216
2458.63 -0.02244
2458.75 -0.02274
2458.87 -0.02291
2458.99 -0.02287
2459.11 -0.02264
2459.23 -0.02228
2459.36 -0.02187
2459.48 -0.02144
2459.6 -0.02106
2459.72 -0.02086
2459.84 -0.02089
2459.96 -0.02105
2460.08 -0.02115
2460.2 -0.02107
2460.32 -0.02084
2460.44 -0.0207
2460.56 -0.02085
2460.68 -0.02129
2460.8 -0.02172
2460.92 -0.02192
2461.04 -0.02185
2461.16 -0.0217
2461.28 -0.02162
2461.4 -0.0217
2461.53 -0.02206
2461.65 -0.02269
2461.77 -0.02335
2461.89 -0.02366
2462.01 -0.02351
2462.13 -0.02313
2462.25 -0.02281
2462.37 -0.02253
2462.49 -0.02217
2462.61 -0.02181
2462.73 -0.02176
2462.85 -0.02213
2462.97 -0.02269
2463.09 -0.02311
2463.21 -0.02323
2463.33 -0.02311
2463.45 -0.02286
2463.57 -0.02267
2463.7 -0.02267
2463.82 -0.02285
2463.94 -0.02297
2464.06 -0.02283
2464.18 -0.02251
2464.3 -0.02238
2464.42 -0.02267
2464.54 -0.02317
2464.66 -0.02342
2464.78 -0.02315
2464.9 -0.02254
2465.02 -0.02213
2465.14 -0.02224
2465.26 -0.02267
2465.38 -0.02293
2465.5 -0.02276
2465.62 -0.02232
2465.74 -0.02199
2465.86 -0.02197
2465.99 -0.02216
2466.11 -0.02238
2466.23 -0.02252
2466.35 -0.02255
2466.47 -0.02251
2466.59 -0.02239
2466.71 -0.02219
2466.83 -0.02194
2466.95 -0.02181
2467.07 -0.02199
2467.19 -0.02246
2467.31 -0.02297
2467.43 -0.02326
2467.55 -0.02325
2467.67 -0.02308
2467.79 -0.02283
2467.91 -0.02256
2468.03 -0.02235
2468.16 -0.02234
2468.28 -0.02248
2468.4 -0.02264
2468.52 -0.02286
2468.64 -0.02325
2468.76 -0.0237
2468.88 -0.0239
2469 -0.02369
2469.12 -0.02333
2469.24 -0.02319
2469.36 -0.02329
2469.48 -0.02342
2469.6 -0.02342
2469.72 -0.02333
2469.84 -0.02315
2469.96 -0.02291
2470.08 -0.02278
2470.2 -0.02289
2470.33 -0.0231
2470.45 -0.02311
2470.57 -0.02295
2470.69 -0.02293
2470.81 -0.02318
2470.93 -0.02343
2471.05 -0.0234
2471.17 -0.0232
2471.29 -0.02311
2471.41 -0.02309
2471.53 -0.02294
2471.65 -0.02268
2471.77 -0.02264
2471.89 -0.023
2472.01 -0.02358
2472.13 -0.02414
2472.25 -0.02462
2472.37 -0.02502
2472.5 -0.02517
2472.62 -0.02493
2472.74 -0.02448
2472.86 -0.02412
2472.98 -0.02401
2473.1 -0.02397
2473.22 -0.02382
2473.34 -0.02367
2473.46 -0.02378
2473.58 -0.02416
2473.7 -0.02456
2473.82 -0.02467
2473.94 -0.0245
2474.06 -0.02425
2474.18 -0.02405
2474.3 -0.02379
2474.42 -0.02334
2474.54 -0.02287
2474.67 -0.02273
2474.79 -0.02308
2474.91 -0.0237
2475.03 -0.02421
2475.15 -0.02444
2475.27 -0.0245
2475.39 -0.02447
2475.51 -0.02433
2475.63 -0.02405
2475.75 -0.02374
2475.87 -0.02358
2475.99 -0.0236
2476.11 -0.02363
2476.23 -0.02348
2476.35 -0.02314
2476.47 -0.02285
2476.59 -0.02285
2476.71 -0.02313
2476.83 -0.02351
2476.96 -0.02383
2477.08 -0.02401
2477.2 -0.02398
2477.32 -0.02375
2477.44 -0.02355
2477.56 -0.02364
2477.68 -0.02398
2477.8 -0.02418
2477.92 -0.02392
2478.04 -0.02335
2478.16 -0.02294
2478.28 -0.02291
2478.4 -0.02312
2478.52 -0.02341
2478.64 -0.02377
2478.76 -0.02419
2478.88 -0.02448
2479 -0.02443
2479.13 -0.02414
2479.25 -0.02382
2479.37 -0.02352
2479.49 -0.02324
2479.61 -0.02317
2479.73 -0.02352
2479.85 -0.02425
2479.97 -0.02495
2480.09 -0.02528
2480.21 -0.02531
2480.33 -0.02532
2480.45 -0.02537
2480.57 -0.02533
2480.69 -0.02513
2480.81 -0.0249
2480.93 -0.02472
2481.05 -0.02456
2481.17 -0.02432
2481.3 -0.02407
2481.42 -0.02395
2481.54 -0.02401
2481.66 -0.02417
2481.78 -0.02434
2481.9 -0.02446
2482.02 -0.02452
2482.14 -0.02447
2482.26 -0.02435
2482.38 -0.02428
2482.5 -0.02436
2482.62 -0.0245
2482.74 -0.02453
2482.86 -0.02442
2482.98 -0.02446
2483.1 -0.02487
2483.22 -0.02553
2483.34 -0.02604
2483.47 -0.02611
2483.59 -0.02582
2483.71 -0.02534
2483.83 -0.02476
2483.95 -0.02415
2484.07 -0.02376
2484.19 -0.02384
2484.31 -0.02433
2484.43 -0.02487
2484.55 -0.02512
2484.67 -0.02508
2484.79 -0.02504
2484.91 -0.0252
2485.03 -0.02548
2485.15 -0.02565
2485.27 -0.02556
2485.39 -0.02522
2485.51 -0.02481
2485.64 -0.02451
2485.76 -0.02442
2485.88 -0.02449
2486 -0.02456
2486.12 -0.02455
2486.24 -0.02449
2486.36 -0.02449
2486.48 -0.02467
2486.6 -0.02508
2486.72 -0.02557
2486.84 -0.02581
2486.96 -0.02555
2487.08 -0.0249
2487.2 -0.02437
2487.32 -0.02436
2487.44 -0.02478
2487.56 -0.02516
2487.68 -0.02516
2487.81 -0.02494
2487.93 -0.02485
2488.05 -0.02494
2488.17 -0.02496
2488.29 -0.02476
2488.41 -0.02449
2488.53 -0.02438
2488.65 -0.02449
2488.77 -0.02471
2488.89 -0.02496
2489.01 -0.02524
2489.13 -0.02543
2489.25 -0.02541
2489.37 -0.02514
2489.49 -0.02477
2489.61 -0.02449
2489.73 -0.02436
2489.85 -0.02435
2489.98 -0.02437
2490.1 -0.02434
2490.22 -0.02424
2490.34 -0.02419
2490.46 -0.02433
2490.58 -0.02464
2490.7 -0.02496
2490.82 -0.02517
2490.94 -0.0253
2491.06 -0.0254
2491.18 -0.02549
2491.3 -0.02554
2491.42 -0.02558
2491.54 -0.02564
2491.66 -0.02566
2491.78 -0.02562
2491.9 -0.02561
2492.02 -0.02576
2492.15 -0.02604
2492.27 -0.0263
2492.39 -0.02646
2492.51 -0.02654
2492.63 -0.02649
2492.75 -0.02627
2492.87 -0.02602
2492.99 -0.026
2493.11 -0.02623
2493.23 -0.02635
2493.35 -0.02605
2493.47 -0.02544
2493.59 -0.02501
2493.71 -0.02503
2493.83 -0.02537
2493.95 -0.02574
2494.07 -0.02594
2494.19 -0.02592
2494.31 -0.02571
2494.44 -0.02545
2494.56 -0.02531
2494.68 -0.02532
2494.8 -0.02528
2494.92 -0.025
2495.04 -0.02461
2495.16 -0.02447
2495.28 -0.02482
2495.4 -0.0255
2495.52 -0.02609
2495.64 -0.02628
2495.76 -0.02606
2495.88 -0.02573
2496 -0.02562
2496.12 -0.02589
2496.24 -0.02643
2496.36 -0.02701
2496.48 -0.02738
2496.61 -0.02737
2496.73 -0.02691
2496.85 -0.02614
2496.97 -0.02546
2497.09 -0.02528
2497.21 -0.02566
2497.33 -0.02623
2497.45 -0.02652
2497.57 -0.02639
2497.69 -0.02603
2497.81 -0.02572
2497.93 -0.02557
2498.05 -0.02556
2498.17 -0.02565
2498.29 -0.02578
2498.41 -0.02593
2498.53 -0.02611
2498.65 -0.02629
2498.78 -0.0264
2498.9 -0.02642
2499.02 -0.02645
2499.14 -0.02658
2499.26 -0.02668
2499.38 -0.02648
2499.5 -0.02594
2499.62 -0.02544
2499.74 -0.02542
2499.86 -0.02587
2499.98 -0.02639
2500.1 -0.02661
2500.22 -0.02656
2500.34 -0.02641
2500.46 -0.02623
2500.58 -0.02598
2500.7 -0.02571
2500.82 -0.02559
2500.95 -0.02569
2501.07 -0.02594
2501.19 -0.0262
2501.31 -0.02643
2501.43 -0.02659
2501.55 -0.02666
2501.67 -0.02662
2501.79 -0.02653
2501.91 -0.02647
2502.03 -0.0265
2502.15 -0.0266
2502.27 -0.02672
2502.39 -0.02673
2502.51 -0.02649
2502.63 -0.02597
2502.75 -0.02546
2502.87 -0.02535
2502.99 -0.02572
2503.11 -0.02618
2503.24 -0.02626
2503.36 -0.02593
2503.48 -0.02561
2503.6 -0.02557
2503.72 -0.02561
2503.84 -0.02542
2503.96 -0.02514
2504.08 -0.02531
2504.2 -0.02602
2504.32 -0.0267
2504.44 -0.0267
2504.56 -0.02606
2504.68 -0.02535
2504.8 -0.02503
2504.92 -0.02503
2505.04 -0.02517
2505.16 -0.02537
2505.28 -0.02563
2505.41 -0.02582
2505.53 -0.02582
2505.65 -0.02573
2505.77 -0.02567
2505.89 -0.02564
2506.01 -0.02554
2506.13 -0.02538
2506.25 -0.02531
2506.37 -0.02545
2506.49 -0.02575
2506.61 -0.02608
2506.73 -0.02629
2506.85 -0.0263
2506.97 -0.02607
2507.09 -0.02566
2507.21 -0.02525
2507.33 -0.02501
2507.45 -0.02498
2507.58 -0.02504
2507.7 -0.02497
2507.82 -0.02481
2507.94 -0.02507
2508.06 -0.02624
2508.18 -0.02801
2508.3 -0.02902
2508.42 -0.02806
2508.54 -0.02549
2508.66 -0.0232
2508.78 -0.02282
2508.9 -0.02417
2509.02 -0.02567
2509.14 -0.02607
2509.26 -0.02553
2509.38 -0.025
2509.5 -0.02514
2509.62 -0.02576
2509.75 -0.02624
2509.87 -0.02614
2509.99 -0.02551
2510.11 -0.02479
2510.23 -0.0245
2510.35 -0.02478
2510.47 -0.02542
2510.59 -0.02611
2510.71 -0.02664
2510.83 -0.02687
2510.95 -0.02669
2511.07 -0.02611
2511.19 -0.0254
2511.31 -0.02483
2511.43 -0.02451
2511.55 -0.0244
2511.67 -0.0245
2511.79 -0.02483
2511.92 -0.02531
2512.04 -0.02572
2512.16 -0.0259
2512.28 -0.02587
2512.4 -0.0257
2512.52 -0.02546
2512.64 -0.02529
2512.76 -0.02535
2512.88 -0.02561
2513 -0.02578
2513.12 -0.02562
2513.24 -0.0253
2513.36 -0.02522
2513.48 -0.02555
2513.6 -0.02597
2513.72 -0.02612
2513.84 -0.02598
2513.96 -0.02588
2514.09 -0.02603
2514.21 -0.02629
2514.33 -0.02642
2514.45 -0.02634
2514.57 -0.02614
2514.69 -0.02596
2514.81 -0.02586
2514.93 -0.0259
2515.05 -0.02615
2515.17 -0.02648
2515.29 -0.02662
2515.41 -0.02638
2515.53 -0.02587
2515.65 -0.02531
2515.77 -0.02489
2515.89 -0.02468
2516.01 -0.02479
2516.13 -0.02524
2516.26 -0.02583
2516.38 -0.02615
2516.5 -0.02602
2516.62 -0.02571
2516.74 -0.0256
2516.86 -0.02576
2516.98 -0.02593
2517.1 -0.02596
2517.22 -0.02599
2517.34 -0.02616
2517.46 -0.02631
2517.58 -0.0262
2517.7 -0.02583
2517.82 -0.02545
2517.94 -0.02527
2518.06 -0.02523
2518.18 -0.02515
2518.3 -0.02501
2518.43 -0.02496
2518.55 -0.02507
2518.67 -0.02525
2518.79 -0.02537
2518.91 -0.02544
2519.03 -0.02561
2519.15 -0.02598
2519.27 -0.02641
2519.39 -0.02665
2519.51 -0.02662
2519.63 -0.02645
2519.75 -0.02632
2519.87 -0.02623
2519.99 -0.02608
2520.11 -0.0259
2520.23 -0.02582
2520.35 -0.02588
2520.47 -0.02592
2520.59 -0.02583
2520.72 -0.02566
2520.84 -0.02565
2520.96 -0.02586
2521.08 -0.02609
2521.2 -0.02611
2521.32 -0.02589
2521.44 -0.02567
2521.56 -0.02572
2521.68 -0.02608
2521.8 -0.02652
2521.92 -0.02681
2522.04 -0.02689
2522.16 -0.02689
2522.28 -0.02692
2522.4 -0.02697
2522.52 -0.02697
2522.64 -0.02684
2522.76 -0.02658
2522.89 -0.0263
2523.01 -0.02624
2523.13 -0.02655
2523.25 -0.02705
2523.37 -0.0273
2523.49 -0.02709
2523.61 -0.02667
2523.73 -0.0264
2523.85 -0.02631
2523.97 -0.02614
2524.09 -0.02583
2524.21 -0.02568
2524.33 -0.02597
2524.45 -0.02655
2524.57 -0.02706
2524.69 -0.02725
2524.81 -0.02711
2524.93 -0.02664
2525.06 -0.02594
2525.18 -0.02539
2525.3 -0.02541
2525.42 -0.02591
2525.54 -0.02642
2525.66 -0.02659
2525.78 -0.02664
2525.9 -0.02684
2526.02 -0.02709
2526.14 -0.02702
2526.26 -0.02659
2526.38 -0.02615
2526.5 -0.02596
2526.62 -0.02586
2526.74 -0.02565
2526.86 -0.02545
2526.98 -0.02551
2527.1 -0.02579
2527.23 -0.02596
2527.35 -0.0258
2527.47 -0.02551
2527.59 -0.02545
2527.71 -0.02573
2527.83 -0.02615
2527.95 -0.02651
2528.07 -0.02672
2528.19 -0.02677
2528.31 -0.02663
2528.43 -0.02636
2528.55 -0.02615
2528.67 -0.02624
2528.79 -0.0266
2528.91 -0.02695
2529.03 -0.02693
2529.15 -0.02645
2529.27 -0.02579
2529.4 -0.02535
2529.52 -0.02532
2529.64 -0.02553
2529.76 -0.02559
2529.88 -0.02535
2530 -0.02513
2530.12 -0.02537
2530.24 -0.02605
2530.36 -0.02663
2530.48 -0.02662
2530.6 -0.02618
2530.72 -0.02594
2530.84 -0.02614
2530.96 -0.02635
2531.08 -0.02602
2531.2 -0.02524
2531.32 -0.02461
2531.44 -0.02448
2531.56 -0.02473
2531.69 -0.02508
2531.81 -0.02545
2531.93 -0.02591
2532.05 -0.02638
2532.17 -0.02668
2532.29 -0.02671
2532.41 -0.02653
2532.53 -0.02627
2532.65 -0.02608
2532.77 -0.02606
2532.89 -0.02614
2533.01 -0.02605
2533.13 -0.0257
2533.25 -0.02528
2533.37 -0.02513
2533.49 -0.02526
2533.61 -0.0254
2533.73 -0.02542
2533.86 -0.02545
2533.98 -0.02561
2534.1 -0.02576
2534.22 -0.02569
2534.34 -0.02554
2534.46 -0.02566
2534.58 -0.02617
2534.7 -0.02664
2534.82 -0.02658
2534.94 -0.026
2535.06 -0.02549
2535.18 -0.02565
2535.3 -0.02641
2535.42 -0.02713
2535.54 -0.02722
2535.66 -0.02665
2535.78 -0.02591
2535.9 -0.02553
2536.03 -0.02562
2536.15 -0.02593
2536.27 -0.02612
2536.39 -0.02604
2536.51 -0.0258
2536.63 -0.02571
2536.75 -0.026
2536.87 -0.02659
2536.99 -0.0271
2537.11 -0.02726
2537.23 -0.0271
2537.35 -0.02687
2537.47 -0.02676
2537.59 -0.02675
2537.71 -0.02673
2537.83 -0.02655
2537.95 -0.0261
2538.07 -0.02552
2538.2 -0.02521
2538.32 -0.02547
2538.44 -0.02612
2538.56 -0.02659
2538.68 -0.0265
2538.8 -0.02604
2538.92 -0.02565
2539.04 -0.02548
2539.16 -0.02546
2539.28 -0.02549
2539.4 -0.02564
2539.52 -0.02583
2539.64 -0.02584
2539.76 -0.02559
2539.88 -0.02529
2540 -0.0253
2540.12 -0.02575
2540.24 -0.02635
2540.37 -0.02669
2540.49 -0.02652
2540.61 -0.02604
2540.73 -0.02571
2540.85 -0.02578
2540.97 -0.02601
2541.09 -0.02598
2541.21 -0.02554
2541.33 -0.02502
2541.45 -0.02476
2541.57 -0.02478
2541.69 -0.02489
2541.81 -0.02505
2541.93 -0.0254
2542.05 -0.02594
2542.17 -0.02637
2542.29 -0.02637
2542.41 -0.02594
2542.54 -0.02544
2542.66 -0.02525
2542.78 -0.02542
2542.9 -0.02575
2543.02 -0.02595
2543.14 -0.026
2543.26 -0.026
2543.38 -0.02599
2543.5 -0.02581
2543.62 -0.02539
2543.74 -0.02496
2543.86 -0.0249
2543.98 -0.02536
2544.1 -0.02602
2544.22 -0.02645
2544.34 -0.02655
2544.46 -0.02658
2544.58 -0.02677
2544.71 -0.02707
2544.83 -0.02723
2544.95 -0.0271
2545.07 -0.02679
2545.19 -0.02652
2545.31 -0.02638
2545.43 -0.0263
2545.55 -0.02618
2545.67 -0.02603
2545.79 -0.02593
2545.91 -0.02593
2546.03 -0.02603
2546.15 -0.02616
2546.27 -0.02617
2546.39 -0.02596
2546.51 -0.02558
2546.63 -0.02532
2546.75 -0.0254
2546.88 -0.02575
2547 -0.02607
2547.12 -0.02629
2547.24 -0.02657
2547.36 -0.02702
2547.48 -0.02738
2547.6 -0.02733
2547.72 -0.02692
2547.84 -0.0266
2547.96 -0.02677
2548.08 -0.02735
2548.2 -0.02786
2548.32 -0.02788
2548.44 -0.0273
2548.56 -0.02644
2548.68 -0.02575
2548.8 -0.02561
2548.92 -0.02599
2549.04 -0.02648
2549.17 -0.02655
2549.29 -0.02604
2549.41 -0.02524
2549.53 -0.02472
2549.65 -0.02484
2549.77 -0.02539
2549.89 -0.0258
2550.01 -0.02575
2550.13 -0.02543
2550.25 -0.02522
2550.37 -0.02527
2550.49 -0.02538
2550.61 -0.02543
2550.73 -0.02554
2550.85 -0.02581
2550.97 -0.02616
2551.09 -0.02642
2551.21 -0.0266
2551.34 -0.02671
2551.46 -0.02666
2551.58 -0.02638
2551.7 -0.02602
2551.82 -0.0258
2551.94 -0.02567
2552.06 -0.0254
2552.18 -0.02497
2552.3 -0.02471
2552.42 -0.02476
2552.54 -0.02486
2552.66 -0.02466
2552.78 -0.02432
2552.9 -0.02431
2553.02 -0.02482
2553.14 -0.02544
2553.26 -0.02568
2553.38 -0.02553
2553.51 -0.02549
2553.63 -0.0259
2553.75 -0.02655
2553.87 -0.02695
2553.99 -0.02683
2554.11 -0.02638
2554.23 -0.02599
2554.35 -0.02578
2554.47 -0.02561
2554.59 -0.02528
2554.71 -0.02488
2554.83 -0.02477
2554.95 -0.02513
2555.07 -0.02579
2555.19 -0.02629
2555.31 -0.02638
2555.43 -0.02622
2555.55 -0.02621
2555.68 -0.02653
2555.8 -0.02697
2555.92 -0.02716
2556.04 -0.02693
2556.16 -0.02645
2556.28 -0.02598
2556.4 -0.02569
2556.52 -0.0256
2556.64 -0.02564
2556.76 -0.02569
2556.88 -0.02564
2557 -0.02556
2557.12 -0.02564
2557.24 -0.02596
2557.36 -0.02631
2557.48 -0.02637
2557.6 -0.02615
2557.72 -0.02595
2557.84 -0.02599
2557.97 -0.02614
2558.09 -0.02608
2558.21 -0.0258
2558.33 -0.02554
2558.45 -0.02554
2558.57 -0.02574
2558.69 -0.02599
2558.81 -0.02618
2558.93 -0.02621
2559.05 -0.02596
2559.17 -0.02548
2559.29 -0.02509
2559.41 -0.02519
2559.53 -0.02573
2559.65 -0.02626
2559.77 -0.02644
2559.89 -0.02632
2560.01 -0.02621
2560.14 -0.02623
2560.26 -0.02621
2560.38 -0.02606
2560.5 -0.02592
2560.62 -0.02595
2560.74 -0.02604
2560.86 -0.02599
2560.98 -0.02584
2561.1 -0.02581
2561.22 -0.02597
2561.34 -0.0261
2561.46 -0.02594
2561.58 -0.02559
2561.7 -0.02537
2561.82 -0.02543
2561.94 -0.02552
2562.06 -0.02534
2562.18 -0.02498
2562.31 -0.02479
2562.43 -0.02501
2562.55 -0.02553
2562.67 -0.02608
2562.79 -0.02649
2562.91 -0.02671
2563.03 -0.02672
2563.15 -0.02656
2563.27 -0.0264
2563.39 -0.02637
2563.51 -0.02636
2563.63 -0.02614
2563.75 -0.02564
2563.87 -0.02519
2563.99 -0.02511
2564.11 -0.02534
2564.23 -0.02549
2564.35 -0.02534
2564.48 -0.02506
2564.6 -0.02499
2564.72 -0.02524
2564.84 -0.02565
2564.96 -0.02592
2565.08 -0.02585
2565.2 -0.02543
2565.32 -0.02485
2565.44 -0.02454
2565.56 -0.02483
2565.68 -0.0256
2565.8 -0.02636
2565.92 -0.02661
2566.04 -0.02632
2566.16 -0.02588
2566.28 -0.02568
2566.4 -0.02576
2566.52 -0.02593
2566.65 -0.02608
2566.77 -0.02626
2566.89 -0.02656
2567.01 -0.02687
2567.13 -0.02697
2567.25 -0.02674
2567.37 -0.02641
2567.49 -0.02635
2567.61 -0.0267
2567.73 -0.02717
2567.85 -0.02734
2567.97 -0.02714
2568.09 -0.02679
2568.21 -0.02652
2568.33 -0.02631
2568.45 -0.02612
2568.57 -0.02616
2568.69 -0.02658
2568.82 -0.0271
2568.94 -0.02722
2569.06 -0.02673
2569.18 -0.02599
2569.3 -0.02544
2569.42 -0.02522
2569.54 -0.02514
2569.66 -0.02513
2569.78 -0.02521
2569.9 -0.02531
2570.02 -0.02521
2570.14 -0.0249
2570.26 -0.02462
2570.38 -0.02465
2570.5 -0.02502
2570.62 -0.02555
2570.74 -0.02603
2570.86 -0.02633
2570.99 -0.02642
2571.11 -0.02644
2571.23 -0.02655
2571.35 -0.02674
2571.47 -0.02676
2571.59 -0.02646
2571.71 -0.02603
2571.83 -0.02575
2571.95 -0.02564
2572.07 -0.02556
2572.19 -0.02555
2572.31 -0.02582
2572.43 -0.02633
2572.55 -0.02666
2572.67 -0.02648
2572.79 -0.02599
2572.91 -0.02569
2573.03 -0.02573
2573.16 -0.02578
2573.28 -0.02553
2573.4 -0.02508
2573.52 -0.0248
2573.64 -0.0249
2573.76 -0.02524
2573.88 -0.02559
2574 -0.02585
2574.12 -0.02604
2574.24 -0.02615
2574.36 -0.02614
2574.48 -0.02597
2574.6 -0.02569
2574.72 -0.0254
2574.84 -0.02523
2574.96 -0.0252
2575.08 -0.02527
2575.2 -0.02539
2575.32 -0.0256
2575.45 -0.02594
2575.57 -0.02625
2575.69 -0.02635
2575.81 -0.02626
2575.93 -0.02621
2576.05 -0.02634
2576.17 -0.02643
2576.29 -0.0261
2576.41 -0.02536
2576.53 -0.02469
2576.65 -0.02457
2576.77 -0.025
2576.89 -0.02558
2577.01 -0.02599
2577.13 -0.02614
2577.25 -0.02601
2577.37 -0.02556
2577.49 -0.02491
2577.62 -0.02435
2577.74 -0.02415
2577.86 -0.02432
2577.98 -0.02474
2578.1 -0.0253
2578.22 -0.02586
2578.34 -0.02626
2578.46 -0.02644
2578.58 -0.02653
2578.7 -0.02665
2578.82 -0.02669
2578.94 -0.02645
2579.06 -0.02607
2579.18 -0.02595
2579.3 -0.02617
2579.42 -0.02629
2579.54 -0.02589
2579.66 -0.02521
2579.79 -0.02484
2579.91 -0.025
2580.03 -0.02524
2580.15 -0.02507
2580.27 -0.02455
2580.39 -0.02426
2580.51 -0.02455
2580.63 -0.02522
2580.75 -0.02576
2580.87 -0.02586
2580.99 -0.02558
2581.11 -0.02519
2581.23 -0.02487
2581.35 -0.02465
2581.47 -0.02449
2581.59 -0.02447
2581.71 -0.02473
2581.83 -0.02524
2581.96 -0.02576
2582.08 -0.02597
2582.2 -0.02586
2582.32 -0.02572
2582.44 -0.02578
2582.56 -0.0259
2582.68 -0.02583
2582.8 -0.02559
2582.92 -0.02556
2583.04 -0.02601
2583.16 -0.0267
2583.28 -0.02717
2583.4 -0.02727
2583.52 -0.02718
2583.64 -0.02708
2583.76 -0.02689
2583.88 -0.02657
2584 -0.02632
2584.12 -0.02633
2584.25 -0.02638
2584.37 -0.02614
2584.49 -0.02571
2584.61 -0.02549
2584.73 -0.02564
2584.85 -0.02587
2584.97 -0.02593
2585.09 -0.02605
2585.21 -0.02648
2585.33 -0.02703
2585.45 -0.02723
2585.57 -0.02699
2585.69 -0.02658
2585.81 -0.02619
2585.93 -0.02575
2586.05 -0.02533
2586.17 -0.02522
2586.29 -0.02553
2586.42 -0.02586
2586.54 -0.02582
2586.66 -0.02552
2586.78 -0.02535
2586.9 -0.02544
2587.02 -0.02557
2587.14 -0.02562
2587.26 -0.02561
2587.38 -0.02545
2587.5 -0.02499
2587.62 -0.0244
2587.74 -0.02416
2587.86 -0.0245
2587.98 -0.02507
2588.1 -0.0254
2588.22 -0.02546
2588.34 -0.02556
2588.46 -0.0258
2588.59 -0.02593
2588.71 -0.02589
2588.83 -0.02589
2588.95 -0.02611
2589.07 -0.02637
2589.19 -0.02638
2589.31 -0.02614
2589.43 -0.02588
2589.55 -0.02576
2589.67 -0.02569
2589.79 -0.02554
2589.91 -0.02541
2590.03 -0.0255
2590.15 -0.02578
2590.27 -0.02597
2590.39 -0.02581
2590.51 -0.02543
2590.63 -0.02529
2590.76 -0.02565
2590.88 -0.02629
2591 -0.02678
2591.12 -0.02697
2591.24 -0.027
2591.36 -0.02698
2591.48 -0.02676
2591.6 -0.02623
2591.72 -0.02564
2591.84 -0.02539
2591.96 -0.02559
2592.08 -0.026
2592.2 -0.0263
2592.32 -0.02638
2592.44 -0.02635
2592.56 -0.0263
2592.68 -0.02625
2592.8 -0.02618
2592.93 -0.02602
2593.05 -0.02572
2593.17 -0.0254
2593.29 -0.02526
2593.41 -0.02545
2593.53 -0.0258
2593.65 -0.02598
2593.77 -0.02589
2593.89 -0.02583
2594.01 -0.0261
2594.13 -0.0266
2594.25 -0.02692
2594.37 -0.0268
2594.49 -0.02641
2594.61 -0.02608
2594.73 -0.02593
2594.85 -0.02585
2594.97 -0.02577
2595.1 -0.02574
2595.22 -0.02576
2595.34 -0.02568
2595.46 -0.02545
2595.58 -0.02523
2595.7 -0.02516
2595.82 -0.0252
2595.94 -0.02517
2596.06 -0.02509
2596.18 -0.02516
2596.3 -0.02551
2596.42 -0.026
2596.54 -0.02637
2596.66 -0.0265
2596.78 -0.02641
2596.9 -0.0261
2597.02 -0.02558
2597.14 -0.025
2597.27 -0.02461
2597.39 -0.02453
2597.51 -0.02458
2597.63 -0.02452
2597.75 -0.02435
2597.87 -0.02432
2597.99 -0.02454
2598.11 -0.02487
2598.23 -0.02511
2598.35 -0.02536
2598.47 -0.02583
2598.59 -0.02647
2598.71 -0.02689
2598.83 -0.02681
2598.95 -0.02646
2599.07 -0.02636
2599.19 -0.0267
2599.31 -0.02719
2599.44 -0.02745
2599.56 -0.0274
2599.68 -0.02723
2599.8 -0.02711
2599.92 -0.02705
2600.04 -0.02703
2600.16 -0.027
2600.28 -0.02688
2600.4 -0.02664
2600.52 -0.02635
2600.64 -0.02619
2600.76 -0.02613
2600.88 -0.02601
2601 -0.02581
2601.12 -0.02581
2601.24 -0.02623
2601.36 -0.02684
2601.48 -0.02708
2601.6 -0.02672
2601.73 -0.02613
2601.85 -0.02585
2601.97 -0.02598
2602.09 -0.02619
2602.21 -0.02616
2602.33 -0.02599
2602.45 -0.02595
2602.57 -0.02614
2602.69 -0.02639
2602.81 -0.02653
2602.93 -0.02659
2603.05 -0.02674
2603.17 -0.02699
2603.29 -0.02709
2603.41 -0.02681
2603.53 -0.02623
2603.65 -0.02581
2603.77 -0.02592
2603.9 -0.02644
2604.02 -0.02681
2604.14 -0.02663
2604.26 -0.02596
2604.38 -0.02516
2604.5 -0.02454
2604.62 -0.02414
2604.74 -0.02398
2604.86 -0.02408
2604.98 -0.02449
2605.1 -0.02512
2605.22 -0.02578
2605.34 -0.02627
2605.46 -0.0265
2605.58 -0.02648
2605.7 -0.02631
2605.82 -0.02605
2605.94 -0.02573
2606.07 -0.02538
2606.19 -0.02504
2606.31 -0.02472
2606.43 -0.02438
2606.55 -0.02403
2606.67 -0.02386
2606.79 -0.02408
2606.91 -0.02463
2607.03 -0.0252
2607.15 -0.02543
2607.27 -0.02529
2607.39 -0.02502
2607.51 -0.02497
2607.63 -0.02525
2607.75 -0.02573
2607.87 -0.02616
2607.99 -0.02632
2608.11 -0.0262
2608.24 -0.02593
2608.36 -0.02567
2608.48 -0.02551
2608.6 -0.02557
2608.72 -0.0259
2608.84 -0.02636
2608.96 -0.02668
2609.08 -0.02668
2609.2 -0.02645
2609.32 -0.0262
2609.44 -0.02594
2609.56 -0.02558
2609.68 -0.02516
2609.8 -0.0249
2609.92 -0.02492
2610.04 -0.02508
2610.16 -0.02509
2610.28 -0.02485
2610.41 -0.02456
2610.53 -0.02448
2610.65 -0.02468
2610.77 -0.025
2610.89 -0.02518
2611.01 -0.02513
2611.13 -0.02499
2611.25 -0.02496
2611.37 -0.02501
2611.49 -0.025
2611.61 -0.02487
2611.73 -0.02481
2611.85 -0.02499
2611.97 -0.02537
2612.09 -0.02578
2612.21 -0.02611
2612.33 -0.02636
2612.45 -0.02649
2612.58 -0.02646
2612.7 -0.02636
2612.82 -0.02631
2612.94 -0.02631
2613.06 -0.02623
2613.18 -0.02607
2613.3 -0.02602
2613.42 -0.02618
2613.54 -0.02637
2613.66 -0.02634
2613.78 -0.02617
2613.9 -0.02614
2614.02 -0.02634
2614.14 -0.02648
2614.26 -0.02628
2614.38 -0.02584
2614.5 -0.02554
2614.62 -0.02563
2614.75 -0.02598
2614.87 -0.02629
2614.99 -0.02638
2615.11 -0.0263
2615.23 -0.0262
2615.35 -0.02618
2615.47 -0.02624
2615.59 -0.0263
2615.71 -0.02637
2615.83 -0.0265
2615.95 -0.02664
2616.07 -0.02659
2616.19 -0.0262
2616.31 -0.02569
2616.43 -0.02547
2616.55 -0.02567
2616.67 -0.02589
2616.79 -0.02567
2616.91 -0.0251
2617.04 -0.02476
2617.16 -0.02495
2617.28 -0.02535
2617.4 -0.0255
2617.52 -0.02547
2617.64 -0.02565
2617.76 -0.02611
2617.88 -0.02646
2618 -0.02649
2618.12 -0.02648
2618.24 -0.02679
2618.36 -0.02723
2618.48 -0.02729
2618.6 -0.02681
2618.72 -0.02615
2618.84 -0.02573
2618.96 -0.02554
2619.08 -0.02535
2619.21 -0.02509
2619.33 -0.02489
2619.45 -0.02484
2619.57 -0.02491
2619.69 -0.025
2619.81 -0.02503
2619.93 -0.02504
2620.05 -0.02512
2620.17 -0.0254
2620.29 -0.02579
2620.41 -0.02603
2620.53 -0.02588
2620.65 -0.02545
2620.77 -0.02506
2620.89 -0.02487
2621.01 -0.02475
2621.13 -0.0246
2621.25 -0.02456
2621.38 -0.02475
2621.5 -0.02504
2621.62 -0.02513
2621.74 -0.02499
2621.86 -0.02484
2621.98 -0.0248
2622.1 -0.02473
2622.22 -0.02454
2622.34 -0.02449
2622.46 -0.02495
2622.58 -0.02586
2622.7 -0.0267
2622.82 -0.02701
2622.94 -0.02675
2623.06 -0.02632
2623.18 -0.02603
2623.3 -0.02597
2623.42 -0.026
2623.55 -0.02598
2623.67 -0.02582
2623.79 -0.0255
2623.91 -0.0252
2624.03 -0.02504
2624.15 -0.02502
2624.27 -0.02498
2624.39 -0.02487
2624.51 -0.02482
2624.63 -0.02497
2624.75 -0.02518
2624.87 -0.02526
2624.99 -0.02524
2625.11 -0.02536
2625.23 -0.02569
2625.35 -0.02596
2625.47 -0.02579
2625.59 -0.02517
2625.72 -0.02452
2625.84 -0.02426
2625.96 -0.02446
2626.08 -0.02494
2626.2 -0.02559
2626.32 -0.02636
2626.44 -0.02707
2626.56 -0.02734
2626.68 -0.02702
2626.8 -0.02636
2626.92 -0.02586
2627.04 -0.02575
2627.16 -0.02581
2627.28 -0.02567
2627.4 -0.02525
2627.52 -0.02478
2627.64 -0.02454
2627.76 -0.02461
2627.89 -0.0249
2628.01 -0.02525
2628.13 -0.02552
2628.25 -0.02566
2628.37 -0.02578
2628.49 -0.026
2628.61 -0.02634
2628.73 -0.02667
2628.85 -0.0269
2628.97 -0.02705
2629.09 -0.02704
2629.21 -0.02669
2629.33 -0.02591
2629.45 -0.02501
2629.57 -0.02451
2629.69 -0.02466
2629.81 -0.02519
2629.93 -0.02562
2630.05 -0.02573
2630.18 -0.02562
2630.3 -0.02543
2630.42 -0.0252
2630.54 -0.02495
2630.66 -0.02482
2630.78 -0.0249
2630.9 -0.02518
2631.02 -0.02552
2631.14 -0.0257
2631.26 -0.02558
2631.38 -0.02514
2631.5 -0.0246
2631.62 -0.02429
2631.74 -0.02439
2631.86 -0.02478
2631.98 -0.02521
2632.1 -0.02548
2632.22 -0.02551
2632.35 -0.02532
2632.47 -0.02499
2632.59 -0.02474
2632.71 -0.02469
2632.83 -0.02475
2632.95 -0.02467
2633.07 -0.02436
2633.19 -0.02403
2633.31 -0.02391
2633.43 -0.02401
2633.55 -0.02421
2633.67 -0.02452
2633.79 -0.02502
2633.91 -0.02564
2634.03 -0.02606
2634.15 -0.02604
2634.27 -0.02573
2634.39 -0.02556
2634.52 -0.02575
2634.64 -0.0261
2634.76 -0.02626
2634.88 -0.02619
2635 -0.02617
2635.12 -0.0264
2635.24 -0.02672
2635.36 -0.02678
2635.48 -0.02644
2635.6 -0.02596
2635.72 -0.02566
2635.84 -0.02553
2635.96 -0.02535
2636.08 -0.02499
2636.2 -0.0246
2636.32 -0.02444
2636.44 -0.02462
2636.56 -0.02504
2636.69 -0.0255
2636.81 -0.02588
2636.93 -0.02611
2637.05 -0.02616
2637.17 -0.02599
2637.29 -0.02562
2637.41 -0.02525
2637.53 -0.02509
2637.65 -0.02519
2637.77 -0.02532
2637.89 -0.02518
2638.01 -0.02475
2638.13 -0.02429
2638.25 -0.02416
2638.37 -0.02446
2638.49 -0.02503
2638.61 -0.02562
2638.73 -0.02595
2638.86 -0.02591
2638.98 -0.02558
2639.1 -0.02521
2639.22 -0.02506
2639.34 -0.02516
2639.46 -0.02535
2639.58 -0.02547
2639.7 -0.02546
2639.82 -0.02535
2639.94 -0.02526
2640.06 -0.02532
2640.18 -0.02554
2640.3 -0.02574
2640.42 -0.02568
2640.54 -0.02533
2640.66 -0.02491
2640.78 -0.02468
2640.9 -0.02481
2641.03 -0.02533
2641.15 -0.0261
2641.27 -0.02676
2641.39 -0.02696
2641.51 -0.02672
2641.63 -0.0264
2641.75 -0.02638
2641.87 -0.02658
2641.99 -0.02668
2642.11 -0.0265
2642.23 -0.02616
2642.35 -0.02581
2642.47 -0.02549
2642.59 -0.0253
2642.71 -0.02529
2642.83 -0.02542
2642.95 -0.02542
2643.07 -0.02514
2643.2 -0.02479
2643.32 -0.02473
2643.44 -0.02506
2643.56 -0.02557
2643.68 -0.02595
2643.8 -0.02605
2643.92 -0.02588
2644.04 -0.02564
2644.16 -0.0256
2644.28 -0.02587
2644.4 -0.02621
2644.52 -0.02626
2644.64 -0.02591
2644.76 -0.02553
2644.88 -0.02547
2645 -0.02571
2645.12 -0.02591
2645.24 -0.0259
2645.36 -0.02578
2645.49 -0.02565
2645.61 -0.02539
2645.73 -0.0249
2645.85 -0.02433
2645.97 -0.02399
2646.09 -0.02404
2646.21 -0.02438
2646.33 -0.02481
2646.45 -0.02519
2646.57 -0.02541
2646.69 -0.0254
2646.81 -0.02518
2646.93 -0.02496
2647.05 -0.02498
2647.17 -0.02527
2647.29 -0.02567
2647.41 -0.02595
2647.53 -0.02601
2647.66 -0.02587
2647.78 -0.02566
2647.9 -0.02564
2648.02 -0.02594
2648.14 -0.02638
2648.26 -0.02654
2648.38 -0.02624
2648.5 -0.02576
2648.62 -0.02557
2648.74 -0.02574
2648.86 -0.02591
2648.98 -0.02584
2649.1 -0.02572
2649.22 -0.02587
2649.34 -0.02615
2649.46 -0.02608
2649.58 -0.02549
2649.7 -0.02482
2649.83 -0.0245
2649.95 -0.02446
2650.07 -0.02436
2650.19 -0.0242
2650.31 -0.02433
2650.43 -0.02489
2650.55 -0.0255
2650.67 -0.02566
2650.79 -0.02532
2650.91 -0.02483
2651.03 -0.02451
2651.15 -0.02444
2651.27 -0.02457
2651.39 -0.02492
2651.51 -0.02539
2651.63 -0.02571
2651.75 -0.02566
2651.87 -0.0253
2652 -0.02493
2652.12 -0.02474
2652.24 -0.02471
2652.36 -0.02476
2652.48 -0.02483
2652.6 -0.02477
2652.72 -0.02448
2652.84 -0.02411
2652.96 -0.024
2653.08 -0.0243
2653.2 -0.02466
2653.32 -0.02461
2653.44 -0.02406
2653.56 -0.02348
2653.68 -0.02338
2653.8 -0.02381
2653.92 -0.02444
2654.04 -0.02488
2654.17 -0.02499
2654.29 -0.02489
2654.41 -0.0248
2654.53 -0.02488
2654.65 -0.02504
2654.77 -0.02503
2654.89 -0.02478
2655.01 -0.02458
2655.13 -0.02474
2655.25 -0.02524
2655.37 -0.0257
2655.49 -0.02585
2655.61 -0.0258
2655.73 -0.02578
2655.85 -0.02582
2655.97 -0.02582
2656.09 -0.0257
2656.21 -0.02548
2656.33 -0.02523
2656.46 -0.02505
2656.58 -0.02505
2656.7 -0.02519
2656.82 -0.02524
2656.94 -0.02498
2657.06 -0.02447
2657.18 -0.02398
2657.3 -0.02379
2657.42 -0.024
2657.54 -0.02455
2657.66 -0.02524
2657.78 -0.02579
2657.9 -0.02599
2658.02 -0.02588
2658.14 -0.02568
2658.26 -0.02544
2658.38 -0.02504
2658.5 -0.02448
2658.63 -0.024
2658.75 -0.02387
2658.87 -0.02415
2658.99 -0.02465
2659.11 -0.02514
2659.23 -0.02543
2659.35 -0.02537
2659.47 -0.02507
2659.59 -0.02483
2659.71 -0.02489
2659.83 -0.02515
2659.95 -0.02529
2660.07 -0.02526
2660.19 -0.02525
2660.31 -0.02534
2660.43 -0.02528
2660.55 -0.02495
2660.67 -0.02469
2660.8 -0.02489
2660.92 -0.0254
2661.04 -0.02568
2661.16 -0.02543
2661.28 -0.02501
2661.4 -0.0249
2661.52 -0.02508
2661.64 -0.02517
2661.76 -0.02497
2661.88 -0.02473
2662 -0.02472
2662.12 -0.02493
2662.24 -0.02518
2662.36 -0.02534
2662.48 -0.02537
2662.6 -0.02523
2662.72 -0.02489
2662.84 -0.02449
2662.97 -0.02425
2663.09 -0.0242
2663.21 -0.0242
2663.33 -0.02423
2663.45 -0.02448
2663.57 -0.02501
2663.69 -0.02553
2663.81 -0.0257
2663.93 -0.02559
2664.05 -0.02558
2664.17 -0.02589
2664.29 -0.02622
2664.41 -0.02619
2664.53 -0.02585
2664.65 -0.02564
2664.77 -0.02575
2664.89 -0.02592
2665.01 -0.02578
2665.14 -0.02543
2665.26 -0.02527
2665.38 -0.02553
2665.5 -0.02599
2665.62 -0.02633
2665.74 -0.02646
2665.86 -0.02651
2665.98 -0.02655
2666.1 -0.02643
2666.22 -0.02609
2666.34 -0.02572
2666.46 -0.02564
2666.58 -0.02588
2666.7 -0.02615
2666.82 -0.02615
2666.94 -0.02584
2667.06 -0.02543
2667.18 -0.02509
2667.31 -0.02487
2667.43 -0.02473
2667.55 -0.02458
2667.67 -0.02435
2667.79 -0.02407
2667.91 -0.02394
2668.03 -0.02418
2668.15 -0.02473
2668.27 -0.02526
2668.39 -0.02546
2668.51 -0.02542
2668.63 -0.02544
2668.75 -0.02565
2668.87 -0.02575
2668.99 -0.02547
2669.11 -0.02494
2669.23 -0.02462
2669.35 -0.02472
2669.48 -0.02494
2669.6 -0.02484
2669.72 -0.02441
2669.84 -0.02414
2669.96 -0.02441
2670.08 -0.02507
2670.2 -0.02554
2670.32 -0.02546
2670.44 -0.02499
2670.56 -0.02459
2670.68 -0.02447
2670.8 -0.02449
2670.92 -0.0244
2671.04 -0.02421
2671.16 -0.02419
2671.28 -0.02446
2671.4 -0.0248
2671.52 -0.02485
2671.65 -0.02463
2671.77 -0.02457
2671.89 -0.02509
2672.01 -0.02608
2672.13 -0.02692
2672.25 -0.02711
2672.37 -0.02671
2672.49 -0.0262
2672.61 -0.0259
2672.73 -0.02577
2672.85 -0.02564
2672.97 -0.02543
2673.09 -0.02513
2673.21 -0.02468
2673.33 -0.02413
2673.45 -0.02378
2673.57 -0.02395
2673.69 -0.02454
2673.81 -0.02499
2673.94 -0.02486
2674.06 -0.02438
2674.18 -0.02417
2674.3 -0.02446
2674.42 -0.02484
2674.54 -0.02483
2674.66 -0.02452
2674.78 -0.02442
2674.9 -0.02473
2675.02 -0.02511
2675.14 -0.02516
2675.26 -0.0249
2675.38 -0.02465
2675.5 -0.02457
2675.62 -0.0245
2675.74 -0.02431
2675.86 -0.02408
2675.98 -0.02404
2676.11 -0.02429
2676.23 -0.0247
2676.35 -0.02505
2676.47 -0.02513
2676.59 -0.02487
2676.71 -0.02439
2676.83 -0.024
2676.95 -0.02395
2677.07 -0.02422
2677.19 -0.02452
2677.31 -0.02461
2677.43 -0.02459
2677.55 -0.02469
2677.67 -0.02494
2677.79 -0.0251
2677.91 -0.02491
2678.03 -0.02445
2678.15 -0.02413
2678.28 -0.02429
2678.4 -0.02481
2678.52 -0.02526
2678.64 -0.02524
2678.76 -0.02482
2678.88 -0.0244
2679 -0.02428
2679.12 -0.02439
2679.24 -0.02448
2679.36 -0.02446
2679.48 -0.02445
2679.6 -0.02455
2679.72 -0.0247
2679.84 -0.02483
2679.96 -0.02494
2680.08 -0.02508
2680.2 -0.02515
2680.32 -0.02503
2680.45 -0.0248
2680.57 -0.02467
2680.69 -0.02474
2680.81 -0.02491
2680.93 -0.02496
2681.05 -0.02482
2681.17 -0.0246
2681.29 -0.02445
2681.41 -0.02443
2681.53 -0.02443
2681.65 -0.02438
2681.77 -0.02429
2681.89 -0.02426
2682.01 -0.02433
2682.13 -0.02442
2682.25 -0.02444
2682.37 -0.02445
2682.49 -0.02456
2682.61 -0.02476
2682.74 -0.02489
2682.86 -0.02485
2682.98 -0.02471
2683.1 -0.02464
2683.22 -0.02466
2683.34 -0.02463
2683.46 -0.02448
2683.58 -0.02433
2683.7 -0.02438
2683.82 -0.02474
2683.94 -0.0253
2684.06 -0.02582
2684.18 -0.02609
2684.3 -0.02598
2684.42 -0.02547
2684.54 -0.0247
2684.66 -0.02393
2684.78 -0.02351
2684.91 -0.02367
2685.03 -0.02432
2685.15 -0.02512
2685.27 -0.02564
2685.39 -0.02563
2685.51 -0.02514
2685.63 -0.02458
2685.75 -0.02445
2685.87 -0.0249
2685.99 -0.02553
2686.11 -0.02569
2686.23 -0.02525
2686.35 -0.02476
2686.47 -0.02482
2686.59 -0.02534
2686.71 -0.02566
2686.83 -0.0254
2686.95 -0.02491
2687.08 -0.02475
2687.2 -0.02492
2687.32 -0.02496
2687.44 -0.02464
2687.56 -0.02425
2687.68 -0.02416
2687.8 -0.0244
2687.92 -0.02471
2688.04 -0.02491
2688.16 -0.02493
2688.28 -0.02474
2688.4 -0.0244
2688.52 -0.02407
2688.64 -0.02394
2688.76 -0.024
2688.88 -0.02409
2689 -0.02413
2689.12 -0.02429
2689.25 -0.02473
2689.37 -0.02526
2689.49 -0.02548
2689.61 -0.02519
2689.73 -0.02467
2689.85 -0.02441
2689.97 -0.02463
2690.09 -0.02514
2690.21 -0.02559
2690.33 -0.02576
2690.45 -0.02571
2690.57 -0.02557
2690.69 -0.02546
2690.81 -0.02543
2690.93 -0.02548
2691.05 -0.02553
2691.17 -0.02547
2691.29 -0.02528
2691.42 -0.02509
2691.54 -0.0251
2691.66 -0.02536
2691.78 -0.02573
2691.9 -0.02595
2692.02 -0.02579
2692.14 -0.02526
2692.26 -0.02454
2692.38 -0.02394
2692.5 -0.02365
2692.62 -0.02367
2692.74 -0.02387
2692.86 -0.02405
2692.98 -0.02405
2693.1 -0.02393
2693.22 -0.02393
2693.34 -0.02425
2693.46 -0.02476
2693.59 -0.0251
2693.71 -0.02503
2693.83 -0.02464
2693.95 -0.02413
2694.07 -0.02353
2694.19 -0.02283
2694.31 -0.02224
2694.43 -0.02211
2694.55 -0.02254
2694.67 -0.02317
2694.79 -0.02363
2694.91 -0.0238
2695.03 -0.02381
2695.15 -0.02373
2695.27 -0.02359
2695.39 -0.02348
2695.51 -0.02351
2695.63 -0.02365
2695.76 -0.02384
2695.88 -0.02408
2696 -0.02439
2696.12 -0.02473
2696.24 -0.02496
2696.36 -0.02512
2696.48 -0.02528
2696.6 -0.02535
2696.72 -0.02506
2696.84 -0.02437
2696.96 -0.02366
2697.08 -0.0234
2697.2 -0.02367
2697.32 -0.02417
2697.44 -0.02468
2697.56 -0.02521
2697.68 -0.02575
2697.8 -0.02598
2697.93 -0.02556
2698.05 -0.02458
2698.17 -0.02362
2698.29 -0.02333
2698.41 -0.02387
2698.53 -0.02479
2698.65 -0.02543
2698.77 -0.02547
2698.89 -0.0251
2699.01 -0.02475
2699.13 -0.02468
2699.25 -0.02486
2699.37 -0.02517
2699.49 -0.02551
2699.61 -0.02578
2699.73 -0.0259
2699.85 -0.02593
2699.97 -0.02595
2700.09 -0.02599
2700.22 -0.02596
2700.34 -0.02586
2700.46 -0.02583
2700.58 -0.02599
2700.7 -0.02623
2700.82 -0.02643
2700.94 -0.02655
2701.06 -0.02666
2701.18 -0.02669
2701.3 -0.02648
2701.42 -0.02603
2701.54 -0.02554
2701.66 -0.02518
2701.78 -0.02495
2701.9 -0.02477
2702.02 -0.02462
2702.14 -0.02444
2702.26 -0.02413
2702.39 -0.02361
2702.51 -0.0231
2702.63 -0.02299
2702.75 -0.02348
2702.87 -0.02438
2702.99 -0.02521
2703.11 -0.02556
2703.23 -0.02541
2703.35 -0.02512
2703.47 -0.02502
2703.59 -0.02509
2703.71 -0.02505
2703.83 -0.02485
2703.95 -0.0248
2704.07 -0.02512
2704.19 -0.0255
2704.31 -0.02541
2704.43 -0.02472
2704.56 -0.02394
2704.68 -0.02356
2704.8 -0.0236
2704.92 -0.02379
2705.04 -0.02396
2705.16 -0.02415
2705.28 -0.02442
2705.4 -0.02476
2705.52 -0.0251
2705.64 -0.02532
2705.76 -0.02524
2705.88 -0.02486
2706 -0.02445
2706.12 -0.02436
2706.24 -0.02453
2706.36 -0.02462
2706.48 -0.02444
2706.6 -0.02419
2706.73 -0.0242
2706.85 -0.02451
2706.97 -0.02483
2707.09 -0.02484
2707.21 -0.02444
2707.33 -0.02385
2707.45 -0.0235
2707.57 -0.02366
2707.69 -0.02417
2707.81 -0.02447
2707.93 -0.02422
2708.05 -0.02368
2708.17 -0.02348
2708.29 -0.02392
2708.41 -0.02476
2708.53 -0.02547
2708.65 -0.02566
2708.77 -0.0253
2708.9 -0.02463
2709.02 -0.02411
2709.14 -0.02415
2709.26 -0.02476
2709.38 -0.02551
2709.5 -0.02582
2709.62 -0.02546
2709.74 -0.02468
2709.86 -0.02395
2709.98 -0.02362
2710.1 -0.02373
2710.22 -0.02414
2710.34 -0.02469
2710.46 -0.02525
2710.58 -0.02571
2710.7 -0.02591
2710.82 -0.02575
2710.94 -0.02533
2711.06 -0.02492
2711.19 -0.0247
2711.31 -0.02463
2711.43 -0.02454
2711.55 -0.02434
2711.67 -0.02406
2711.79 -0.02376
2711.91 -0.02348
2712.03 -0.02322
2712.15 -0.02298
2712.27 -0.02282
2712.39 -0.02285
2712.51 -0.02318
2712.63 -0.02378
2712.75 -0.02445
2712.87 -0.02502
2712.99 -0.02538
2713.11 -0.02549
2713.23 -0.02522
2713.36 -0.02462
2713.48 -0.02401
2713.6 -0.02377
2713.72 -0.02394
2713.84 -0.02414
2713.96 -0.02409
2714.08 -0.02388
2714.2 -0.02378
2714.32 -0.02386
2714.44 -0.02404
2714.56 -0.02436
2714.68 -0.02491
2714.8 -0.02546
2714.92 -0.02558
2715.04 -0.02514
2715.16 -0.0246
2715.28 -0.02455
2715.4 -0.02502
2715.53 -0.0255
2715.65 -0.02562
2715.77 -0.02549
2715.89 -0.02547
2716.01 -0.02555
2716.13 -0.02542
2716.25 -0.02491
2716.37 -0.02427
2716.49 -0.0239
2716.61 -0.02388
2716.73 -0.02392
2716.85 -0.02375
2716.97 -0.02351
2717.09 -0.02353
2717.21 -0.02396
2717.33 -0.02459
2717.45 -0.0251
2717.57 -0.02536
2717.7 -0.02537
2717.82 -0.02518
2717.94 -0.02491
2718.06 -0.02479
2718.18 -0.02501
2718.3 -0.02546
2718.42 -0.0258
2718.54 -0.02584
2718.66 -0.02567
2718.78 -0.02552
2718.9 -0.02535
2719.02 -0.02504
2719.14 -0.02458
2719.26 -0.02416
2719.38 -0.02385
2719.5 -0.02361
2719.62 -0.02343
2719.74 -0.02348
2719.87 -0.02387
2719.99 -0.02441
2720.11 -0.02475
2720.23 -0.0247
2720.35 -0.02439
2720.47 -0.02402
2720.59 -0.02372
2720.71 -0.02363
2720.83 -0.02387
2720.95 -0.02433
2721.07 -0.0247
2721.19 -0.02473
2721.31 -0.02457
2721.43 -0.0245
2721.55 -0.0245
2721.67 -0.02432
2721.79 -0.02387
2721.91 -0.02349
2722.04 -0.02361
2722.16 -0.02418
2722.28 -0.02469
2722.4 -0.02468
2722.52 -0.0242
2722.64 -0.02369
2722.76 -0.02353
2722.88 -0.02372
2723 -0.02401
2723.12 -0.02423
2723.24 -0.02451
2723.36 -0.02496
2723.48 -0.02537
2723.6 -0.0253
2723.72 -0.02464
2723.84 -0.02382
2723.96 -0.02347
2724.08 -0.02375
2724.21 -0.02426
2724.33 -0.02452
2724.45 -0.02446
2724.57 -0.0243
2724.69 -0.02422
2724.81 -0.02415
2724.93 -0.02393
2725.05 -0.0236
2725.17 -0.0234
2725.29 -0.02354
2725.41 -0.02402
2725.53 -0.02455
2725.65 -0.02479
2725.77 -0.02467
2725.89 -0.02443
2726.01 -0.0244
2726.13 -0.02463
2726.25 -0.02487
2726.38 -0.02481
2726.5 -0.02438
2726.62 -0.02373
2726.74 -0.02317
2726.86 -0.02295
2726.98 -0.02318
2727.1 -0.02368
2727.22 -0.02411
2727.34 -0.02424
2727.46 -0.02415
2727.58 -0.02414
2727.7 -0.02441
2727.82 -0.0249
2727.94 -0.02534
2728.06 -0.02549
2728.18 -0.02531
2728.3 -0.025
2728.42 -0.02482
2728.54 -0.02485
2728.67 -0.02492
2728.79 -0.02484
2728.91 -0.02462
2729.03 -0.0245
2729.15 -0.0246
2729.27 -0.02475
2729.39 -0.02474
2729.51 -0.02459
2729.63 -0.02447
2729.75 -0.02447
2729.87 -0.02451
2729.99 -0.02452
2730.11 -0.02452
2730.23 -0.02458
2730.35 -0.0246
2730.47 -0.02446
2730.59 -0.02415
2730.71 -0.02377
2730.84 -0.02345
2730.96 -0.02334
2731.08 -0.02357
2731.2 -0.02413
2731.32 -0.02474
2731.44 -0.02501
2731.56 -0.02482
2731.68 -0.02448
2731.8 -0.02437
2731.92 -0.02455
2732.04 -0.02476
2732.16 -0.02476
2732.28 -0.02452
2732.4 -0.02425
2732.52 -0.02417
2732.64 -0.02437
2732.76 -0.02478
2732.88 -0.02516
2733.01 -0.02529
2733.13 -0.02511
2733.25 -0.02476
2733.37 -0.02441
2733.49 -0.02422
2733.61 -0.02432
2733.73 -0.02473
2733.85 -0.0253
2733.97 -0.02577
2734.09 -0.02596
2734.21 -0.02587
2734.33 -0.02563
2734.45 -0.02536
2734.57 -0.02512
2734.69 -0.02495
2734.81 -0.02485
2734.93 -0.02483
2735.05 -0.02486
2735.18 -0.02482
2735.3 -0.02454
2735.42 -0.02404
2735.54 -0.02361
2735.66 -0.02366
2735.78 -0.02424
2735.9 -0.02488
2736.02 -0.02509
2736.14 -0.02484
2736.26 -0.02458
2736.38 -0.0246
2736.5 -0.0247
2736.62 -0.02454
2736.74 -0.02417
2736.86 -0.02395
2736.98 -0.02398
2737.1 -0.02395
2737.22 -0.02361
2737.34 -0.02328
2737.47 -0.02348
2737.59 -0.02426
2737.71 -0.02505
2737.83 -0.02534
2737.95 -0.02517
2738.07 -0.02493
2738.19 -0.02481
2738.31 -0.02466
2738.43 -0.02439
2738.55 -0.02414
2738.67 -0.02412
2738.79 -0.02432
2738.91 -0.02451
2739.03 -0.02453
2739.15 -0.02435
2739.27 -0.02407
2739.39 -0.02383
2739.51 -0.02377
2739.64 -0.02394
2739.76 -0.0242
2739.88 -0.02438
2740 -0.02435
2740.12 -0.02416
2740.24 -0.02391
2740.36 -0.02374
2740.48 -0.02374
2740.6 -0.02391
2740.72 -0.02415
2740.84 -0.02434
2740.96 -0.02442
2741.08 -0.02433
2741.2 -0.02402
2741.32 -0.02352
2741.44 -0.02309
2741.56 -0.02305
2741.68 -0.02349
2741.81 -0.02411
2741.93 -0.02447
2742.05 -0.02437
2742.17 -0.02403
2742.29 -0.0239
2742.41 -0.02424
2742.53 -0.0248
2742.65 -0.025
2742.77 -0.02456
2742.89 -0.02384
2743.01 -0.02353
2743.13 -0.0238
2743.25 -0.02404
2743.37 -0.02367
2743.49 -0.02301
2743.61 -0.02289
2743.73 -0.02361
2743.85 -0.02448
2743.98 -0.02468
2744.1 -0.02416
2744.22 -0.02357
2744.34 -0.02345
2744.46 -0.02374
2744.58 -0.02414
2744.7 -0.02448
2744.82 -0.02472
2744.94 -0.02482
2745.06 -0.02475
2745.18 -0.02459
2745.3 -0.02442
2745.42 -0.02425
2745.54 -0.02407
2745.66 -0.02399
2745.78 -0.02413
2745.9 -0.0244
2746.02 -0.02452
2746.15 -0.02441
2746.27 -0.02425
2746.39 -0.0243
2746.51 -0.02447
2746.63 -0.02449
2746.75 -0.02423
2746.87 -0.02387
2746.99 -0.02369
2747.11 -0.0238
2747.23 -0.0241
2747.35 -0.02441
2747.47 -0.02459
2747.59 -0.0246
2747.71 -0.02452
2747.83 -0.02446
2747.95 -0.02445
2748.07 -0.02437
2748.19 -0.02409
2748.32 -0.02365
2748.44 -0.02326
2748.56 -0.0231
2748.68 -0.02321
2748.8 -0.02353
2748.92 -0.02396
2749.04 -0.02438
2749.16 -0.02463
2749.28 -0.02454
2749.4 -0.02415
2749.52 -0.02377
2749.64 -0.02376
2749.76 -0.02422
2749.88 -0.02487
2750 -0.02527
2750.12 -0.02519
2750.24 -0.02473
2750.36 -0.02417
2750.49 -0.02375
2750.61 -0.02357
2750.73 -0.02353
2750.85 -0.02347
2750.97 -0.02335
2751.09 -0.02332
2751.21 -0.02352
2751.33 -0.0239
2751.45 -0.02422
2751.57 -0.02432
2751.69 -0.02429
2751.81 -0.02432
2751.93 -0.02449
2752.05 -0.02474
2752.17 -0.02496
2752.29 -0.02501
2752.41 -0.02478
2752.53 -0.02424
2752.66 -0.02356
2752.78 -0.02303
2752.9 -0.02293
2753.02 -0.02332
2753.14 -0.02406
2753.26 -0.02482
2753.38 -0.02514
2753.5 -0.02476
2753.62 -0.02389
2753.74 -0.02316
2753.86 -0.02308
2753.98 -0.0236
2754.1 -0.02417
2754.22 -0.02432
2754.34 -0.02406
2754.46 -0.0238
2754.58 -0.02396
2754.7 -0.0246
2754.82 -0.02541
2754.95 -0.02593
2755.07 -0.02588
2755.19 -0.02535
2755.31 -0.02463
2755.43 -0.02393
2755.55 -0.02334
2755.67 -0.02291
2755.79 -0.02278
2755.91 -0.02312
2756.03 -0.02374
2756.15 -0.02418
2756.27 -0.02405
2756.39 -0.02349
2756.51 -0.02303
2756.63 -0.02317
2756.75 -0.0239
2756.87 -0.02479
2756.99 -0.02534
2757.12 -0.02531
2757.24 -0.02485
2757.36 -0.02429
2757.48 -0.02388
2757.6 -0.0236
2757.72 -0.02324
2757.84 -0.02277
2757.96 -0.02237
2758.08 -0.02223
2758.2 -0.02229
2758.32 -0.02249
2758.44 -0.02293
2758.56 -0.02376
2758.68 -0.02476
2758.8 -0.02534
2758.92 -0.02508
2759.04 -0.02417
2759.16 -0.02324
2759.29 -0.02268
2759.41 -0.02252
2759.53 -0.02268
2759.65 -0.02315
2759.77 -0.02376
2759.89 -0.02414
2760.01 -0.02399
2760.13 -0.02343
2760.25 -0.02302
2760.37 -0.0232
2760.49 -0.02393
2760.61 -0.02473
2760.73 -0.02513
2760.85 -0.02504
2760.97 -0.02476
2761.09 -0.02461
2761.21 -0.02465
2761.33 -0.02463
2761.46 -0.02439
2761.58 -0.024
2761.7 -0.02367
2761.82 -0.02348
2761.94 -0.02339
2762.06 -0.02333
2762.18 -0.0233
2762.3 -0.02329
2762.42 -0.02321
2762.54 -0.02302
2762.66 -0.02283
2762.78 -0.02288
2762.9 -0.02332
2763.02 -0.02404
2763.14 -0.02458
2763.26 -0.02448
2763.38 -0.02371
2763.5 -0.02288
2763.63 -0.02266
2763.75 -0.02318
2763.87 -0.02383
2763.99 -0.02406
2764.11 -0.02392
2764.23 -0.02392
2764.35 -0.02422
2764.47 -0.02444
2764.59 -0.02421
2764.71 -0.02376
2764.83 -0.02357
2764.95 -0.02382
2765.07 -0.02419
2765.19 -0.02442
2765.31 -0.02457
2765.43 -0.02474
2765.55 -0.02477
2765.67 -0.0244
2765.79 -0.02371
2765.92 -0.02306
2766.04 -0.02272
2766.16 -0.02266
2766.28 -0.0228
2766.4 -0.02321
2766.52 -0.02384
2766.64 -0.02434
2766.76 -0.02426
2766.88 -0.02357
2767 -0.02266
2767.12 -0.02205
2767.24 -0.02196
2767.36 -0.02227
2767.48 -0.02271
2767.6 -0.02305
2767.72 -0.02315
2767.84 -0.02296
2767.96 -0.0226
2768.09 -0.02235
2768.21 -0.02241
2768.33 -0.02274
2768.45 -0.02308
2768.57 -0.02325
2768.69 -0.02329
2768.81 -0.02339
2768.93 -0.0236
2769.05 -0.02371
2769.17 -0.0235
2769.29 -0.02299
2769.41 -0.02241
2769.53 -0.02192
2769.65 -0.02152
2769.77 -0.02122
2769.89 -0.02122
2770.01 -0.0217
2770.13 -0.02258
2770.26 -0.02347
2770.38 -0.02398
2770.5 -0.0241
2770.62 -0.02406
2770.74 -0.02399
2770.86 -0.02383
2770.98 -0.02362
2771.1 -0.02353
2771.22 -0.02365
2771.34 -0.0238
2771.46 -0.02377
2771.58 -0.02369
2771.7 -0.02384
2771.82 -0.02408
2771.94 -0.024
2772.06 -0.02348
2772.18 -0.02308
2772.3 -0.02334
2772.43 -0.024
2772.55 -0.02433
2772.67 -0.02398
2772.79 -0.02341
2772.91 -0.02324
2773.03 -0.02357
2773.15 -0.02411
2773.27 -0.02463
2773.39 -0.02508
2773.51 -0.0253
2773.63 -0.02497
2773.75 -0.02402
2773.87 -0.02291
2773.99 -0.0223
2774.11 -0.02249
2774.23 -0.02318
2774.35 -0.02376
2774.47 -0.02389
2774.6 -0.02363
2774.72 -0.02336
2774.84 -0.0234
2774.96 -0.02376
2775.08 -0.02416
2775.2 -0.0243
2775.32 -0.02409
2775.44 -0.02371
2775.56 -0.02335
2775.68 -0.0231
2775.8 -0.02296
2775.92 -0.02298
2776.04 -0.0233
2776.16 -0.0239
2776.28 -0.02455
2776.4 -0.02488
2776.52 -0.02472
2776.64 -0.0242
2776.77 -0.02365
2776.89 -0.02333
2777.01 -0.02322
2777.13 -0.02316
2777.25 -0.02302
2777.37 -0.02285
2777.49 -0.02275
2777.61 -0.02272
2777.73 -0.02269
2777.85 -0.02261
2777.97 -0.02247
2778.09 -0.0223
2778.21 -0.02216
2778.33 -0.02221
2778.45 -0.02256
2778.57 -0.02307
2778.69 -0.0234
2778.81 -0.02338
2778.94 -0.02326
2779.06 -0.02342
2779.18 -0.02388
2779.3 -0.02428
2779.42 -0.02428
2779.54 -0.02396
2779.66 -0.02369
2779.78 -0.02372
2779.9 -0.02392
2780.02 -0.02387
2780.14 -0.02334
2780.26 -0.02262
2780.38 -0.02225
2780.5 -0.02245
2780.62 -0.02287
2780.74 -0.02309
2780.86 -0.0231
2780.98 -0.02319
2781.1 -0.02338
2781.23 -0.02346
2781.35 -0.02333
2781.47 -0.02322
2781.59 -0.0232
2781.71 -0.02309
2781.83 -0.02279
2781.95 -0.0226
2782.07 -0.0228
2782.19 -0.02313
2782.31 -0.02318
2782.43 -0.02297
2782.55 -0.02295
2782.67 -0.02329
2782.79 -0.02368
2782.91 -0.02376
2783.03 -0.02353
2783.15 -0.02317
2783.27 -0.02286
2783.4 -0.02276
2783.52 -0.02301
2783.64 -0.02344
2783.76 -0.02358
2783.88 -0.0232
2784 -0.02262
2784.12 -0.02236
2784.24 -0.02249
2784.36 -0.02269
2784.48 -0.02276
2784.6 -0.02297
2784.72 -0.02352
2784.84 -0.02419
2784.96 -0.02449
2785.08 -0.0242
2785.2 -0.02365
2785.32 -0.02335
2785.44 -0.02345
2785.57 -0.02368
2785.69 -0.02362
2785.81 -0.02321
2785.93 -0.02276
2786.05 -0.02256
2786.17 -0.02255
2786.29 -0.02251
2786.41 -0.02245
2786.53 -0.0226
2786.65 -0.02302
2786.77 -0.02347
2786.89 -0.02365
2787.01 -0.02355
2787.13 -0.0234
2787.25 -0.02341
2787.37 -0.02354
2787.49 -0.02367
2787.61 -0.02369
2787.74 -0.02361
2787.86 -0.02355
2787.98 -0.02369
2788.1 -0.02411
2788.22 -0.02469
2788.34 -0.02503
2788.46 -0.02474
2788.58 -0.02377
2788.7 -0.0226
2788.82 -0.02192
2788.94 -0.02207
2789.06 -0.02277
2789.18 -0.02343
2789.3 -0.02371
2789.42 -0.02378
2789.54 -0.02395
2789.66 -0.02428
2789.78 -0.02449
2789.91 -0.02431
2790.03 -0.02379
2790.15 -0.02325
2790.27 -0.02307
2790.39 -0.02345
2790.51 -0.02418
2790.63 -0.02478
2790.75 -0.02485
2790.87 -0.02438
2790.99 -0.02372
2791.11 -0.02325
2791.23 -0.02314
2791.35 -0.02338
2791.47 -0.02381
2791.59 -0.02415
2791.71 -0.02412
2791.83 -0.02372
2791.95 -0.02328
2792.08 -0.0232
2792.2 -0.02354
2792.32 -0.02401
2792.44 -0.02433
2792.56 -0.02448
2792.68 -0.02456
2792.8 -0.02462
2792.92 -0.02464
2793.04 -0.02467
2793.16 -0.02474
2793.28 -0.02478
2793.4 -0.02463
2793.52 -0.02421
2793.64 -0.02367
2793.76 -0.02324
2793.88 -0.02307
2794 -0.02315
2794.12 -0.0233
2794.25 -0.02325
2794.37 -0.02288
2794.49 -0.02235
2794.61 -0.02198
2794.73 -0.02195
2794.85 -0.02213
2794.97 -0.02232
2795.09 -0.02244
2795.21 -0.02254
2795.33 -0.02266
2795.45 -0.02281
2795.57 -0.02306
2795.69 -0.0234
2795.81 -0.02367
2795.93 -0.02366
2796.05 -0.02339
2796.17 -0.02316
2796.29 -0.02322
2796.42 -0.02348
2796.54 -0.02362
2796.66 -0.02348
2796.78 -0.0232
2796.9 -0.02304
2797.02 -0.02303
2797.14 -0.02305
2797.26 -0.02303
2797.38 -0.02317
2797.5 -0.02367
2797.62 -0.02442
2797.74 -0.02507
2797.86 -0.02542
2797.98 -0.02551
2798.1 -0.02543
2798.22 -0.02511
2798.34 -0.02449
2798.46 -0.02387
2798.58 -0.02358
2798.71 -0.02356
2798.83 -0.02346
2798.95 -0.02321
2799.07 -0.0231
2799.19 -0.02334
2799.31 -0.02367
2799.43 -0.02384
2799.55 -0.02393
2799.67 -0.02418
2799.79 -0.02444
2799.91 -0.0244
2800.03 -0.02406
2800.15 -0.02375
2800.27 -0.02356
2800.39 -0.02332
2800.51 -0.02308
2800.63 -0.02324
2800.75 -0.02393
2800.88 -0.02459
2801 -0.02452
2801.12 -0.02373
2801.24 -0.02288
2801.36 -0.02249
2801.48 -0.02253
2801.6 -0.02274
2801.72 -0.02294
2801.84 -0.02303
2801.96 -0.02284
2802.08 -0.02231
2802.2 -0.0217
2802.32 -0.02144
2802.44 -0.0217
2802.56 -0.02222
2802.68 -0.02263
2802.8 -0.02283
2802.92 -0.02295
2803.05 -0.0231
2803.17 -0.02313
2803.29 -0.02286
2803.41 -0.02241
2803.53 -0.02221
2803.65 -0.02255
2803.77 -0.02319
2803.89 -0.02354
2804.01 -0.02327
2804.13 -0.0227
2804.25 -0.02238
2804.37 -0.02248
2804.49 -0.02269
2804.61 -0.02271
2804.73 -0.02263
2804.85 -0.02275
2804.97 -0.02318
2805.09 -0.02364
2805.22 -0.02379
2805.34 -0.02352
2805.46 -0.02292
2805.58 -0.0222
2805.7 -0.02158
2805.82 -0.02133
2805.94 -0.02164
2806.06 -0.02241
2806.18 -0.02326
2806.3 -0.02384
2806.42 -0.02405
2806.54 -0.024
2806.66 -0.02378
2806.78 -0.02342
2806.9 -0.023
2807.02 -0.02271
2807.14 -0.02276
2807.26 -0.02313
2807.39 -0.02355
2807.51 -0.02371
2807.63 -0.02351
2807.75 -0.02317
2807.87 -0.02299
2807.99 -0.02307
2808.11 -0.02323
2808.23 -0.02328
2808.35 -0.02324
2808.47 -0.02319
2808.59 -0.02309
2808.71 -0.02285
2808.83 -0.0226
2808.95 -0.02265
2809.07 -0.02309
2809.19 -0.02355
2809.31 -0.02351
2809.43 -0.02287
2809.55 -0.02214
2809.68 -0.02197
2809.8 -0.02252
2809.92 -0.02331
2810.04 -0.02369
2810.16 -0.02345
2810.28 -0.02291
2810.4 -0.02259
2810.52 -0.02269
2810.64 -0.02314
2810.76 -0.02379
2810.88 -0.02452
2811 -0.02516
2811.12 -0.02542
2811.24 -0.02511
2811.36 -0.02448
2811.48 -0.02394
2811.6 -0.02373
2811.72 -0.02376
2811.85 -0.02383
2811.97 -0.02385
2812.09 -0.02392
2812.21 -0.02409
2812.33 -0.02435
2812.45 -0.02458
2812.57 -0.02459
2812.69 -0.02416
2812.81 -0.02338
2812.93 -0.02265
2813.05 -0.02249
2813.17 -0.0231
2813.29 -0.02412
2813.41 -0.02489
2813.53 -0.02494
2813.65 -0.0243
2813.77 -0.02343
2813.89 -0.02282
2814.02 -0.02268
2814.14 -0.02289
2814.26 -0.02311
2814.38 -0.02307
2814.5 -0.0227
2814.62 -0.02219
2814.74 -0.02182
2814.86 -0.02174
2814.98 -0.02191
2815.1 -0.02213
2815.22 -0.02222
2815.34 -0.02209
2815.46 -0.02184
2815.58 -0.02176
2815.7 -0.02216
2815.82 -0.02305
2815.94 -0.02404
2816.06 -0.02454
2816.19 -0.02429
2816.31 -0.02356
2816.43 -0.02293
2816.55 -0.02273
2816.67 -0.02294
2816.79 -0.02327
2816.91 -0.02356
2817.03 -0.02387
2817.15 -0.02432
2817.27 -0.02487
2817.39 -0.02526
2817.51 -0.02527
2817.63 -0.02493
2817.75 -0.02449
2817.87 -0.02418
2817.99 -0.02398
2818.11 -0.0238
2818.23 -0.02357
2818.36 -0.02325
2818.48 -0.0228
2818.6 -0.02217
2818.72 -0.02147
2818.84 -0.02098
2818.96 -0.02099
2819.08 -0.02154
2819.2 -0.02241
2819.32 -0.02314
2819.44 -0.02337
2819.56 -0.02303
2819.68 -0.02244
2819.8 -0.02197
2819.92 -0.02181
2820.04 -0.02193
2820.16 -0.0222
2820.28 -0.02253
2820.4 -0.02283
2820.53 -0.02302
2820.65 -0.02306
2820.77 -0.02305
2820.89 -0.02317
2821.01 -0.02353
2821.13 -0.02402
2821.25 -0.02431
2821.37 -0.02413
2821.49 -0.02361
2821.61 -0.02324
2821.73 -0.02336
2821.85 -0.02378
2821.97 -0.02407
2822.09 -0.02411
2822.21 -0.02417
2822.33 -0.02441
2822.45 -0.02456
2822.57 -0.0243
2822.7 -0.02372
2822.82 -0.02319
2822.94 -0.02286
2823.06 -0.02264
2823.18 -0.02259
2823.3 -0.02301
2823.42 -0.02386
2823.54 -0.02455
2823.66 -0.02454
2823.78 -0.024
2823.9 -0.02355
2824.02 -0.02348
2824.14 -0.02342
2824.26 -0.02307
2824.38 -0.02265
2824.5 -0.02265
2824.62 -0.02309
2824.74 -0.02352
2824.86 -0.02357
2824.99 -0.02335
2825.11 -0.02326
2825.23 -0.0234
2825.35 -0.02362
2825.47 -0.02375
2825.59 -0.02381
2825.71 -0.02382
2825.83 -0.02372
2825.95 -0.02344
2826.07 -0.0231
2826.19 -0.02283
2826.31 -0.02265
2826.43 -0.02253
2826.55 -0.02253
2826.67 -0.02274
2826.79 -0.02308
2826.91 -0.02328
2827.03 -0.0232
2827.16 -0.02298
2827.28 -0.02291
2827.4 -0.02312
2827.52 -0.02353
2827.64 -0.02393
2827.76 -0.02403
2827.88 -0.02359
2828 -0.02259
2828.12 -0.02142
2828.24 -0.02064
2828.36 -0.02054
2828.48 -0.02096
2828.6 -0.02156
2828.72 -0.02206
2828.84 -0.02237
2828.96 -0.02245
2829.08 -0.02233
2829.2 -0.02218
2829.33 -0.0222
2829.45 -0.02249
2829.57 -0.02293
2829.69 -0.02327
2829.81 -0.02331
2829.93 -0.02306
2830.05 -0.02271
2830.17 -0.02251
2830.29 -0.02256
2830.41 -0.02278
2830.53 -0.02299
2830.65 -0.02301
2830.77 -0.02276
2830.89 -0.02231
2831.01 -0.02191
2831.13 -0.02181
2831.25 -0.02198
2831.37 -0.02211
2831.5 -0.02201
2831.62 -0.02185
2831.74 -0.02195
2831.86 -0.02233
2831.98 -0.0228
2832.1 -0.02329
2832.22 -0.02391
2832.34 -0.02454
2832.46 -0.02477
2832.58 -0.02435
2832.7 -0.02368
2832.82 -0.02339
2832.94 -0.02359
2833.06 -0.02374
2833.18 -0.02333
2833.3 -0.02256
2833.42 -0.02214
2833.54 -0.02253
2833.67 -0.02348
2833.79 -0.02432
2833.91 -0.02453
2834.03 -0.02414
2834.15 -0.02359
2834.27 -0.02322
2834.39 -0.02301
2834.51 -0.02273
2834.63 -0.02234
2834.75 -0.02212
2834.87 -0.02223
2834.99 -0.02258
2835.11 -0.02291
2835.23 -0.02309
2835.35 -0.02316
2835.47 -0.02309
2835.59 -0.02274
2835.71 -0.02208
2835.83 -0.02133
2835.96 -0.02086
2836.08 -0.02094
2836.2 -0.02152
2836.32 -0.02224
2836.44 -0.02261
2836.56 -0.02247
2836.68 -0.02214
2836.8 -0.02221
2836.92 -0.02286
2837.04 -0.02363
2837.16 -0.02388
2837.28 -0.02348
2837.4 -0.02296
2837.52 -0.02291
2837.64 -0.02326
2837.76 -0.02344
2837.88 -0.02309
2838 -0.02248
2838.13 -0.02212
2838.25 -0.02215
2838.37 -0.0223
2838.49 -0.02242
2838.61 -0.02271
2838.73 -0.02333
2838.85 -0.02401
2838.97 -0.02434
2839.09 -0.02428
2839.21 -0.02405
2839.33 -0.02377
2839.45 -0.02335
2839.57 -0.02296
2839.69 -0.02293
2839.81 -0.02329
2839.93 -0.02347
2840.05 -0.02305
2840.17 -0.0224
2840.3 -0.02231
2840.42 -0.02287
2840.54 -0.02326
2840.66 -0.02281
2840.78 -0.02183
2840.9 -0.02123
2841.02 -0.02143
2841.14 -0.022
2841.26 -0.02229
2841.38 -0.02216
2841.5 -0.02193
2841.62 -0.02184
2841.74 -0.02187
2841.86 -0.02192
2841.98 -0.02195
2842.1 -0.02199
2842.22 -0.02194
2842.34 -0.02175
2842.47 -0.02147
2842.59 -0.0213
2842.71 -0.0214
2842.83 -0.02181
2842.95 -0.02239
2843.07 -0.02291
2843.19 -0.02318
2843.31 -0.02315
2843.43 -0.02302
2843.55 -0.02299
2843.67 -0.0231
2843.79 -0.02316
2843.91 -0.02307
2844.03 -0.02292
2844.15 -0.02288
2844.27 -0.02303
2844.39 -0.02329
2844.51 -0.02356
2844.64 -0.02369
2844.76 -0.02357
2844.88 -0.02314
2845 -0.02257
2845.12 -0.02215
2845.24 -0.02197
2845.36 -0.02196
2845.48 -0.02198
2845.6 -0.02198
2845.72 -0.02202
2845.84 -0.02217
2845.96 -0.02248
2846.08 -0.02292
2846.2 -0.0233
2846.32 -0.02338
2846.44 -0.02312
2846.56 -0.02279
2846.68 -0.02265
2846.81 -0.0227
2846.93 -0.02283
2847.05 -0.02303
2847.17 -0.02331
2847.29 -0.02348
2847.41 -0.02331
2847.53 -0.02291
2847.65 -0.02266
2847.77 -0.02272
2847.89 -0.02279
2848.01 -0.02261
2848.13 -0.0224
2848.25 -0.02257
2848.37 -0.02309
2848.49 -0.02349
2848.61 -0.02343
2848.73 -0.02306
2848.85 -0.02267
2848.98 -0.02233
2849.1 -0.02199
2849.22 -0.02174
2849.34 -0.02169
2849.46 -0.02181
2849.58 -0.02202
2849.7 -0.0224
2849.82 -0.02307
2849.94 -0.02383
2850.06 -0.02426
2850.18 -0.02413
2850.3 -0.02369
2850.42 -0.02331
2850.54 -0.02315
2850.66 -0.02313
2850.78 -0.02322
2850.9 -0.02343
2851.02 -0.02365
2851.15 -0.02366
2851.27 -0.02343
2851.39 -0.02316
2851.51 -0.02306
2851.63 -0.02312
2851.75 -0.02311
2851.87 -0.02289
2851.99 -0.02253
2852.11 -0.0222
2852.23 -0.02198
2852.35 -0.02184
2852.47 -0.02177
2852.59 -0.0218
2852.71 -0.02204
2852.83 -0.0225
2852.95 -0.02297
2853.07 -0.0231
2853.19 -0.02272
2853.31 -0.02213
2853.44 -0.02187
2853.56 -0.02223
2853.68 -0.02295
2853.8 -0.02343
2853.92 -0.02338
2854.04 -0.02301
2854.16 -0.02278
2854.28 -0.02285
2854.4 -0.02304
2854.52 -0.02309
2854.64 -0.02305
2854.76 -0.02317
2854.88 -0.02349
2855 -0.02371
2855.12 -0.02355
2855.24 -0.02307
2855.36 -0.02264
2855.48 -0.02243
2855.61 -0.02225
2855.73 -0.02198
2855.85 -0.02182
2855.97 -0.02202
2856.09 -0.02243
2856.21 -0.0226
2856.33 -0.02238
2856.45 -0.02215
2856.57 -0.02228
2856.69 -0.02272
2856.81 -0.02312
2856.93 -0.02332
2857.05 -0.02339
2857.17 -0.02327
2857.29 -0.02284
2857.41 -0.02217
2857.53 -0.02154
2857.65 -0.02119
2857.78 -0.02109
2857.9 -0.02112
2858.02 -0.02129
2858.14 -0.02156
2858.26 -0.02176
2858.38 -0.02182
2858.5 -0.02202
2858.62 -0.0226
2858.74 -0.02339
2858.86 -0.02378
2858.98 -0.02341
2859.1 -0.02263
2859.22 -0.02206
2859.34 -0.02197
2859.46 -0.0221
2859.58 -0.02222
2859.7 -0.02245
2859.82 -0.02295
2859.95 -0.02353
2860.07 -0.02374
2860.19 -0.02346
2860.31 -0.02312
2860.43 -0.02312
2860.55 -0.02338
2860.67 -0.02347
2860.79 -0.02323
2860.91 -0.02291
2861.03 -0.02281
2861.15 -0.02286
2861.27 -0.02282
2861.39 -0.02258
2861.51 -0.02226
2861.63 -0.02201
2861.75 -0.02194
2861.87 -0.0221
2861.99 -0.02239
2862.11 -0.02257
2862.24 -0.02248
2862.36 -0.02225
2862.48 -0.02216
2862.6 -0.02227
2862.72 -0.02234
2862.84 -0.02223
2862.96 -0.02203
2863.08 -0.0219
2863.2 -0.02172
2863.32 -0.0213
2863.44 -0.02071
2863.56 -0.02035
2863.68 -0.02041
2863.8 -0.02066
2863.92 -0.02075
2864.04 -0.02072
2864.16 -0.02096
2864.28 -0.02167
2864.41 -0.02251
2864.53 -0.02294
2864.65 -0.02279
2864.77 -0.02236
2864.89 -0.02196
2865.01 -0.02162
2865.13 -0.02132
2865.25 -0.02123
2865.37 -0.02158
2865.49 -0.02229
2865.61 -0.02294
2865.73 -0.02315
2865.85 -0.02293
2865.97 -0.02258
2866.09 -0.02233
2866.21 -0.02227
2866.33 -0.02235
2866.45 -0.0225
2866.58 -0.02265
2866.7 -0.02276
2866.82 -0.02274
2866.94 -0.02256
2867.06 -0.02231
2867.18 -0.02221
2867.3 -0.02242
2867.42 -0.0228
2867.54 -0.02294
2867.66 -0.0227
2867.78 -0.02237
2867.9 -0.02236
2868.02 -0.02265
2868.14 -0.02289
2868.26 -0.02291
2868.38 -0.02295
2868.5 -0.02333
2868.62 -0.02393
2868.75 -0.02424
2868.87 -0.02385
2868.99 -0.02281
2869.11 -0.0216
2869.23 -0.02086
2869.35 -0.02099
2869.47 -0.02191
2869.59 -0.02311
2869.71 -0.02392
2869.83 -0.02405
2869.95 -0.02373
2870.07 -0.02348
2870.19 -0.02363
2870.31 -0.02401
2870.43 -0.02417
2870.55 -0.0239
2870.67 -0.02349
2870.79 -0.02337
2870.92 -0.02351
2871.04 -0.0235
2871.16 -0.02315
2871.28 -0.02285
2871.4 -0.02306
2871.52 -0.02354
2871.64 -0.02355
2871.76 -0.02282
2871.88 -0.02192
2872 -0.02161
2872.12 -0.02205
2872.24 -0.02274
2872.36 -0.02312
2872.48 -0.02308
2872.6 -0.02277
2872.72 -0.02242
2872.84 -0.02217
2872.96 -0.02211
2873.09 -0.02222
2873.21 -0.02235
2873.33 -0.02235
2873.45 -0.02217
2873.57 -0.02197
2873.69 -0.02203
2873.81 -0.02246
2873.93 -0.02307
2874.05 -0.02346
2874.17 -0.02344
2874.29 -0.02327
2874.41 -0.02331
2874.53 -0.02361
2874.65 -0.02384
2874.77 -0.0237
2874.89 -0.02316
2875.01 -0.02242
2875.13 -0.02172
2875.26 -0.0213
2875.38 -0.02129
2875.5 -0.0216
2875.62 -0.02199
2875.74 -0.02228
2875.86 -0.02243
2875.98 -0.02238
2876.1 -0.02204
2876.22 -0.0215
2876.34 -0.02111
2876.46 -0.02108
2876.58 -0.0213
2876.7 -0.02156
2876.82 -0.02187
2876.94 -0.02228
2877.06 -0.02257
2877.18 -0.02245
2877.3 -0.02201
2877.43 -0.0217
2877.55 -0.02179
2877.67 -0.02201
2877.79 -0.02202
2877.91 -0.02179
2878.03 -0.0216
2878.15 -0.0216
2878.27 -0.02174
2878.39 -0.02195
2878.51 -0.0222
2878.63 -0.02242
2878.75 -0.02253
2878.87 -0.0225
2878.99 -0.02244
2879.11 -0.0225
2879.23 -0.02275
2879.35 -0.02307
2879.47 -0.02319
2879.59 -0.02293
2879.72 -0.02237
2879.84 -0.02189
2879.96 -0.02177
2880.08 -0.02196
2880.2 -0.02221
2880.32 -0.02241
2880.44 -0.02261
2880.56 -0.02274
2880.68 -0.02256
2880.8 -0.02203
2880.92 -0.02147
2881.04 -0.02132
2881.16 -0.02164
2881.28 -0.02207
2881.4 -0.02222
2881.52 -0.02205
2881.64 -0.02172
2881.76 -0.02141
2881.89 -0.02127
2882.01 -0.02137
2882.13 -0.02172
2882.25 -0.02208
2882.37 -0.02219
2882.49 -0.02203
2882.61 -0.0219
2882.73 -0.022
2882.85 -0.02212
2882.97 -0.02188
2883.09 -0.0213
2883.21 -0.02091
2883.33 -0.02113
2883.45 -0.02177
2883.57 -0.02219
2883.69 -0.02205
2883.81 -0.02175
2883.93 -0.02194
2884.06 -0.02264
2884.18 -0.02312
2884.3 -0.02275
2884.42 -0.02173
2884.54 -0.02094
2884.66 -0.02095
2884.78 -0.02147
2884.9 -0.02187
2885.02 -0.02199
2885.14 -0.02215
2885.26 -0.02253
2885.38 -0.0228
2885.5 -0.02261
2885.62 -0.02201
2885.74 -0.02139
2885.86 -0.02102
2885.98 -0.02097
2886.1 -0.0212
2886.23 -0.02159
2886.35 -0.02189
2886.47 -0.02189
2886.59 -0.02173
2886.71 -0.02174
2886.83 -0.02194
2886.95 -0.02204
2887.07 -0.02189
2887.19 -0.02184
2887.31 -0.02225
2887.43 -0.02294
2887.55 -0.02334
2887.67 -0.02319
2887.79 -0.02282
2887.91 -0.02264
2888.03 -0.02269
2888.15 -0.02275
2888.27 -0.02267
2888.4 -0.02248
2888.52 -0.02221
2888.64 -0.02189
2888.76 -0.02163
2888.88 -0.02159
2889 -0.02173
2889.12 -0.02184
2889.24 -0.02185
2889.36 -0.0219
2889.48 -0.02212
2889.6 -0.0224
2889.72 -0.02247
2889.84 -0.02224
2889.96 -0.02189
2890.08 -0.0217
2890.2 -0.02175
2890.32 -0.02195
2890.44 -0.02212
2890.56 -0.02214
2890.69 -0.02201
2890.81 -0.02184
2890.93 -0.02178
2891.05 -0.02188
2891.17 -0.02202
2891.29 -0.02206
2891.41 -0.02207
2891.53 -0.02232
2891.65 -0.02289
2891.77 -0.02347
2891.89 -0.02358
2892.01 -0.02316
2892.13 -0.02271
2892.25 -0.02277
2892.37 -0.02323
2892.49 -0.02348
2892.61 -0.02315
2892.73 -0.02252
2892.86 -0.02211
2892.98 -0.02203
2893.1 -0.02195
2893.22 -0.02167
2893.34 -0.02138
2893.46 -0.02137
2893.58 -0.02165
2893.7 -0.02202
2893.82 -0.02235
2893.94 -0.02263
2894.06 -0.02291
2894.18 -0.02314
2894.3 -0.02331
2894.42 -0.02336
2894.54 -0.02327
2894.66 -0.02302
2894.78 -0.02261
2894.9 -0.02209
2895.03 -0.02151
2895.15 -0.02108
2895.27 -0.02106
2895.39 -0.02153
2895.51 -0.0222
2895.63 -0.02262
2895.75 -0.02263
2895.87 -0.02246
2895.99 -0.02243
2896.11 -0.02254
2896.23 -0.02256
2896.35 -0.02244
2896.47 -0.02241
2896.59 -0.02266
2896.71 -0.02312
2896.83 -0.02346
2896.95 -0.02346
2897.07 -0.02325
2897.2 -0.02306
2897.32 -0.02291
2897.44 -0.02265
2897.56 -0.02217
2897.68 -0.02161
2897.8 -0.02121
2897.92 -0.02104
2898.04 -0.02098
2898.16 -0.02095
2898.28 -0.02108
2898.4 -0.02156
2898.52 -0.02235
2898.64 -0.02306
2898.76 -0.02316
2898.88 -0.02241
2899 -0.02113
2899.12 -0.01995
2899.24 -0.01944
2899.37 -0.01968
2899.49 -0.02038
2899.61 -0.02104
2899.73 -0.02131
2899.85 -0.02114
2899.97 -0.02082
2900.09 -0.02071
2900.21 -0.0209
2900.33 -0.02117
2900.45 -0.02128
2900.57 -0.02122
2900.69 -0.02115
2900.81 -0.02118
2900.93 -0.02137
2901.05 -0.02175
2901.17 -0.02222
2901.29 -0.02242
2901.41 -0.022
2901.54 -0.02109
2901.66 -0.02037
2901.78 -0.02045
2901.9 -0.02138
2902.02 -0.02254
2902.14 -0.02322
2902.26 -0.02317
2902.38 -0.02272
2902.5 -0.02242
2902.62 -0.02256
2902.74 -0.02288
2902.86 -0.02296
2902.98 -0.02271
2903.1 -0.02244
2903.22 -0.02242
2903.34 -0.02262
2903.46 -0.02291
2903.58 -0.02329
2903.71 -0.02373
2903.83 -0.02394
2903.95 -0.02361
2904.07 -0.02291
2904.19 -0.02237
2904.31 -0.02232
2904.43 -0.0226
2904.55 -0.02286
2904.67 -0.02305
2904.79 -0.02335
2904.91 -0.02378
2905.03 -0.0241
2905.15 -0.02401
2905.27 -0.02343
2905.39 -0.02252
2905.51 -0.02154
2905.63 -0.02075
2905.75 -0.02038
2905.88 -0.0205
2906 -0.02109
2906.12 -0.02197
2906.24 -0.02284
2906.36 -0.02341
2906.48 -0.02361
2906.6 -0.02359
2906.72 -0.02348
2906.84 -0.0232
2906.96 -0.02268
2907.08 -0.02206
2907.2 -0.0216
2907.32 -0.02134
2907.44 -0.02116
2907.56 -0.0211
2907.68 -0.0213
2907.8 -0.02168
2907.92 -0.02178
2908.04 -0.0213
2908.17 -0.02059
2908.29 -0.02033
2908.41 -0.02069
2908.53 -0.02107
2908.65 -0.02089
2908.77 -0.02033
2908.89 -0.02017
2909.01 -0.0208
2909.13 -0.02176
2909.25 -0.0221
2909.37 -0.02142
2909.49 -0.02032
2909.61 -0.01984
2909.73 -0.0204
2909.85 -0.02139
2909.97 -0.02188
2910.09 -0.0216
2910.21 -0.02115
2910.34 -0.02114
2910.46 -0.02151
2910.58 -0.02179
2910.7 -0.02177
2910.82 -0.02169
2910.94 -0.02179
2911.06 -0.02203
2911.18 -0.02227
2911.3 -0.02245
2911.42 -0.02246
2911.54 -0.02213
2911.66 -0.02144
2911.78 -0.02072
2911.9 -0.02036
2912.02 -0.02041
2912.14 -0.0206
2912.26 -0.02066
2912.38 -0.0206
2912.51 -0.02055
2912.63 -0.02058
2912.75 -0.02071
2912.87 -0.02089
2912.99 -0.02108
2913.11 -0.02122
2913.23 -0.02131
2913.35 -0.02137
2913.47 -0.0214
2913.59 -0.0214
2913.71 -0.02144
2913.83 -0.02167
2913.95 -0.02209
2914.07 -0.02246
2914.19 -0.02249
2914.31 -0.02208
2914.43 -0.02141
2914.55 -0.0208
2914.68 -0.02052
2914.8 -0.02059
2914.92 -0.02078
2915.04 -0.02077
2915.16 -0.02046
2915.28 -0.02008
2915.4 -0.01996
2915.52 -0.02021
2915.64 -0.02072
2915.76 -0.02129
2915.88 -0.0218
2916 -0.02213
2916.12 -0.02219
2916.24 -0.02207
2916.36 -0.02203
2916.48 -0.02226
2916.6 -0.02261
2916.72 -0.02266
2916.84 -0.02215
2916.97 -0.02124
2917.09 -0.02039
2917.21 -0.01995
2917.33 -0.01988
2917.45 -0.0199
2917.57 -0.01983
2917.69 -0.01968
2917.81 -0.01963
2917.93 -0.01982
2918.05 -0.0202
2918.17 -0.02062
2918.29 -0.0209
2918.41 -0.02103
2918.53 -0.02111
2918.65 -0.02133
2918.77 -0.02169
2918.89 -0.022
2919.01 -0.02199
2919.14 -0.02168
2919.26 -0.02133
2919.38 -0.02122
2919.5 -0.02127
2919.62 -0.0212
2919.74 -0.0209
2919.86 -0.02054
2919.98 -0.02041
2920.1 -0.02053
2920.22 -0.02075
2920.34 -0.02104
2920.46 -0.02148
2920.58 -0.02191
2920.7 -0.02193
2920.82 -0.02135
2920.94 -0.02064
2921.06 -0.02053
2921.18 -0.02118
2921.31 -0.02194
2921.43 -0.02212
2921.55 -0.02171
2921.67 -0.02118
2921.79 -0.02091
2921.91 -0.02088
2922.03 -0.02098
2922.15 -0.02113
2922.27 -0.02129
2922.39 -0.02141
2922.51 -0.02156
2922.63 -0.02187
2922.75 -0.0222
2922.87 -0.02216
2922.99 -0.02157
2923.11 -0.02083
2923.23 -0.0205
2923.35 -0.02062
2923.48 -0.02073
2923.6 -0.0205
2923.72 -0.02022
2923.84 -0.02048
2923.96 -0.02146
2924.08 -0.02268
2924.2 -0.02344
2924.32 -0.02346
2924.44 -0.02301
2924.56 -0.02256
2924.68 -0.02234
2924.8 -0.02231
2924.92 -0.02239
2925.04 -0.02256
2925.16 -0.02269
2925.28 -0.02249
2925.4 -0.02166
2925.52 -0.02043
2925.65 -0.01947
2925.77 -0.01937
2925.89 -0.02011
2926.01 -0.02106
2926.13 -0.02159
2926.25 -0.02154
2926.37 -0.02117
2926.49 -0.02091
2926.61 -0.02095
2926.73 -0.02115
2926.85 -0.0212
2926.97 -0.02104
2927.09 -0.0209
2927.21 -0.02105
2927.33 -0.0214
2927.45 -0.02161
2927.57 -0.02146
2927.69 -0.02113
2927.82 -0.02094
2927.94 -0.02096
2928.06 -0.02099
2928.18 -0.02086
2928.3 -0.02065
2928.42 -0.0205
2928.54 -0.02046
2928.66 -0.02047
2928.78 -0.02059
2928.9 -0.02095
2929.02 -0.02151
2929.14 -0.02189
2929.26 -0.0217
2929.38 -0.02103
2929.5 -0.02051
2929.62 -0.02066
2929.74 -0.02129
2929.86 -0.02171
2929.99 -0.02147
2930.11 -0.02079
2930.23 -0.0202
2930.35 -0.01999
2930.47 -0.02011
2930.59 -0.02047
2930.71 -0.021
2930.83 -0.02151
2930.95 -0.02176
2931.07 -0.02166
2931.19 -0.02142
2931.31 -0.02128
2931.43 -0.02129
2931.55 -0.02141
2931.67 -0.02161
2931.79 -0.0218
2931.91 -0.02178
2932.03 -0.02147
2932.16 -0.02111
2932.28 -0.0211
2932.4 -0.02151
2932.52 -0.02206
2932.64 -0.02245
2932.76 -0.02266
2932.88 -0.02269
2933 -0.02237
2933.12 -0.02157
2933.24 -0.02047
2933.36 -0.01953
2933.48 -0.01909
2933.6 -0.01912
2933.72 -0.01946
2933.84 -0.01997
2933.96 -0.0205
2934.08 -0.02095
2934.2 -0.02125
2934.32 -0.02149
2934.45 -0.0217
2934.57 -0.02179
2934.69 -0.02173
2934.81 -0.02162
2934.93 -0.0216
2935.05 -0.02153
2935.17 -0.02112
2935.29 -0.02035
2935.41 -0.01962
2935.53 -0.01939
2935.65 -0.01974
2935.77 -0.02036
2935.89 -0.02087
2936.01 -0.02111
2936.13 -0.02114
2936.25 -0.02111
2936.37 -0.02116
2936.49 -0.02128
2936.62 -0.02136
2936.74 -0.02127
2936.86 -0.02108
2936.98 -0.02091
2937.1 -0.0208
2937.22 -0.02071
2937.34 -0.02064
2937.46 -0.02067
2937.58 -0.02073
2937.7 -0.02063
2937.82 -0.02031
2937.94 -0.02
2938.06 -0.02
2938.18 -0.02028
2938.3 -0.02055
2938.42 -0.02056
2938.54 -0.02042
2938.66 -0.02034
2938.79 -0.02032
2938.91 -0.0203
2939.03 -0.02039
2939.15 -0.02084
2939.27 -0.0216
2939.39 -0.02221
2939.51 -0.02222
2939.63 -0.02181
2939.75 -0.0216
2939.87 -0.02182
2939.99 -0.02205
2940.11 -0.02179
2940.23 -0.02125
2940.35 -0.02109
2940.47 -0.02154
2940.59 -0.02211
2940.71 -0.02215
2940.83 -0.02158
2940.96 -0.02086
2941.08 -0.02043
2941.2 -0.02035
2941.32 -0.02049
2941.44 -0.02072
2941.56 -0.02097
2941.68 -0.02122
2941.8 -0.02148
2941.92 -0.0216
2942.04 -0.02131
2942.16 -0.02057
2942.28 -0.01995
2942.4 -0.02014
2942.52 -0.02102
2942.64 -0.0217
2942.76 -0.0215
2942.88 -0.02072
2943 -0.02018
2943.13 -0.02012
2943.25 -0.02012
2943.37 -0.01983
2943.49 -0.01947
2943.61 -0.01934
2943.73 -0.01938
2943.85 -0.01944
2943.97 -0.01965
2944.09 -0.02017
2944.21 -0.02083
2944.33 -0.02122
2944.45 -0.02128
2944.57 -0.02131
2944.69 -0.02144
2944.81 -0.0215
2944.93 -0.02133
2945.05 -0.02108
2945.17 -0.02101
2945.3 -0.0211
2945.42 -0.02119
2945.54 -0.02117
2945.66 -0.0211
2945.78 -0.021
2945.9 -0.02084
2946.02 -0.02064
2946.14 -0.02043
2946.26 -0.02027
2946.38 -0.02028
2946.5 -0.02062
2946.62 -0.02117
2946.74 -0.02143
2946.86 -0.02091
2946.98 -0.01989
2947.1 -0.01921
2947.22 -0.0194
2947.34 -0.02002
2947.47 -0.02032
2947.59 -0.0201
2947.71 -0.01989
2947.83 -0.02012
2947.95 -0.02053
2948.07 -0.02055
2948.19 -0.02005
2948.31 -0.01957
2948.43 -0.01973
2948.55 -0.02063
2948.67 -0.02162
2948.79 -0.02197
2948.91 -0.02162
2949.03 -0.02118
2949.15 -0.0212
2949.27 -0.02154
2949.39 -0.02165
2949.51 -0.02137
2949.63 -0.02112
2949.76 -0.02115
2949.88 -0.02116
2950 -0.02078
2950.12 -0.02024
2950.24 -0.0202
2950.36 -0.02081
2950.48 -0.02145
2950.6 -0.02143
2950.72 -0.0207
2950.84 -0.01981
2950.96 -0.01931
2951.08 -0.01949
2951.2 -0.02029
2951.32 -0.02132
2951.44 -0.02197
2951.56 -0.02183
2951.68 -0.02115
2951.8 -0.02065
2951.93 -0.02074
2952.05 -0.02111
2952.17 -0.02112
2952.29 -0.02059
2952.41 -0.01985
2952.53 -0.01929
2952.65 -0.01899
2952.77 -0.01894
2952.89 -0.01917
2953.01 -0.01965
2953.13 -0.02015
2953.25 -0.02039
2953.37 -0.02044
2953.49 -0.02058
2953.61 -0.02088
2953.73 -0.02103
2953.85 -0.02077
2953.97 -0.02033
2954.1 -0.02019
2954.22 -0.02044
2954.34 -0.02067
2954.46 -0.02055
2954.58 -0.0203
2954.7 -0.02036
2954.82 -0.02074
2954.94 -0.02098
2955.06 -0.02082
2955.18 -0.02061
2955.3 -0.02081
2955.42 -0.02135
2955.54 -0.02164
2955.66 -0.02124
2955.78 -0.02033
2955.9 -0.01948
2956.02 -0.01908
2956.14 -0.01912
2956.27 -0.01945
2956.39 -0.01992
2956.51 -0.02044
2956.63 -0.02091
2956.75 -0.0212
2956.87 -0.02119
2956.99 -0.0209
2957.11 -0.02062
2957.23 -0.02074
2957.35 -0.02138
2957.47 -0.02211
2957.59 -0.02228
2957.71 -0.02173
2957.83 -0.02096
2957.95 -0.02065
2958.07 -0.02096
2958.19 -0.02147
2958.31 -0.02165
2958.44 -0.02137
2958.56 -0.02087
2958.68 -0.02046
2958.8 -0.02037
2958.92 -0.02059
2959.04 -0.02103
2959.16 -0.02151
2959.28 -0.02187
2959.4 -0.022
2959.52 -0.02188
2959.64 -0.02168
2959.76 -0.02164
2959.88 -0.02184
2960 -0.0221
2960.12 -0.02211
2960.24 -0.02179
2960.36 -0.02131
2960.48 -0.02089
2960.6 -0.02063
2960.73 -0.02049
2960.85 -0.02041
2960.97 -0.02032
2961.09 -0.02022
2961.21 -0.02018
2961.33 -0.02029
2961.45 -0.02052
2961.57 -0.02074
2961.69 -0.02089
2961.81 -0.02101
2961.93 -0.02112
2962.05 -0.02113
2962.17 -0.02097
2962.29 -0.02071
2962.41 -0.0205
2962.53 -0.02041
2962.65 -0.02039
2962.77 -0.02041
2962.9 -0.02049
2963.02 -0.02058
2963.14 -0.02061
2963.26 -0.02063
2963.38 -0.02075
2963.5 -0.02099
2963.62 -0.02124
2963.74 -0.02135
2963.86 -0.02126
2963.98 -0.02099
2964.1 -0.02062
2964.22 -0.02024
2964.34 -0.01993
2964.46 -0.01976
2964.58 -0.01978
2964.7 -0.02005
2964.82 -0.02057
2964.94 -0.02118
2965.07 -0.02152
2965.19 -0.02141
2965.31 -0.02105
2965.43 -0.02087
2965.55 -0.02112
2965.67 -0.0216
2965.79 -0.0219
2965.91 -0.02183
2966.03 -0.02153
2966.15 -0.02124
2966.27 -0.02098
2966.39 -0.02063
2966.51 -0.02024
2966.63 -0.02008
2966.75 -0.02029
2966.87 -0.02064
2966.99 -0.02077
2967.11 -0.02061
2967.24 -0.02052
2967.36 -0.02072
2967.48 -0.021
2967.6 -0.0211
2967.72 -0.0211
2967.84 -0.02135
2967.96 -0.02185
2968.08 -0.02221
2968.2 -0.02217
2968.32 -0.02187
2968.44 -0.02151
2968.56 -0.02097
2968.68 -0.02011
2968.8 -0.01919
2968.92 -0.01874
2969.04 -0.01888
2969.16 -0.01919
2969.28 -0.01926
2969.41 -0.01911
2969.53 -0.019
2969.65 -0.01905
2969.77 -0.01922
2969.89 -0.01946
2970.01 -0.01971
2970.13 -0.01983
2970.25 -0.01979
2970.37 -0.01983
2970.49 -0.02026
2970.61 -0.02113
2970.73 -0.0221
2970.85 -0.02276
2970.97 -0.02284
2971.09 -0.02229
2971.21 -0.02137
2971.33 -0.02052
2971.45 -0.02007
2971.58 -0.01982
2971.7 -0.01938
2971.82 -0.01876
2971.94 -0.01848
2972.06 -0.01896
2972.18 -0.01982
2972.3 -0.02031
2972.42 -0.02008
2972.54 -0.0195
2972.66 -0.01916
2972.78 -0.01926
2972.9 -0.01952
2973.02 -0.0195
2973.14 -0.01905
2973.26 -0.01857
2973.38 -0.01864
2973.5 -0.01939
2973.62 -0.0202
2973.75 -0.02032
2973.87 -0.01969
2973.99 -0.019
2974.11 -0.01891
2974.23 -0.01941
2974.35 -0.02006
2974.47 -0.02055
2974.59 -0.02084
2974.71 -0.02095
2974.83 -0.02092
2974.95 -0.02094
2975.07 -0.02127
2975.19 -0.02194
2975.31 -0.0225
2975.43 -0.02246
2975.55 -0.02177
2975.67 -0.02101
2975.79 -0.0209
2975.92 -0.02155
2976.04 -0.02229
2976.16 -0.02233
2976.28 -0.0215
2976.4 -0.02041
2976.52 -0.0198
2976.64 -0.01987
2976.76 -0.02034
2976.88 -0.02087
2977 -0.02114
2977.12 -0.02092
2977.24 -0.02018
2977.36 -0.01934
2977.48 -0.01901
2977.6 -0.01946
2977.72 -0.02036
2977.84 -0.02112
2977.96 -0.02148
2978.08 -0.02156
2978.21 -0.02151
2978.33 -0.02127
2978.45 -0.02075
2978.57 -0.0201
2978.69 -0.01974
2978.81 -0.01999
2978.93 -0.02067
2979.05 -0.02122
2979.17 -0.02116
2979.29 -0.0206
2979.41 -0.01998
2979.53 -0.01965
2979.65 -0.01961
2979.77 -0.01971
2979.89 -0.01984
2980.01 -0.01994
2980.13 -0.02004
2980.25 -0.0203
2980.38 -0.02079
2980.5 -0.02131
2980.62 -0.02149
2980.74 -0.02123
2980.86 -0.02077
2980.98 -0.02043
2981.1 -0.02031
2981.22 -0.02048
2981.34 -0.02096
2981.46 -0.02147
2981.58 -0.02151
2981.7 -0.0209
2981.82 -0.02015
2981.94 -0.01993
2982.06 -0.02032
2982.18 -0.02087
2982.3 -0.02131
2982.42 -0.0217
2982.55 -0.02194
2982.67 -0.02169
2982.79 -0.02097
2982.91 -0.0204
2983.03 -0.02047
2983.15 -0.02082
2983.27 -0.0206
2983.39 -0.01958
2983.51 -0.01841
2983.63 -0.01781
2983.75 -0.01792
2983.87 -0.01837
2983.99 -0.01888
2984.11 -0.01934
2984.23 -0.01966
2984.35 -0.01975
2984.47 -0.01961
2984.59 -0.01938
2984.72 -0.01933
2984.84 -0.01966
2984.96 -0.02035
2985.08 -0.02101
2985.2 -0.02109
2985.32 -0.02041
2985.44 -0.01947
2985.56 -0.01905
2985.68 -0.0195
2985.8 -0.0204
2985.92 -0.02105
2986.04 -0.0211
2986.16 -0.02082
2986.28 -0.02076
2986.4 -0.02108
2986.52 -0.02148
2986.64 -0.02153
2986.76 -0.02125
2986.89 -0.02107
2987.01 -0.02128
2987.13 -0.02161
2987.25 -0.02146
2987.37 -0.02062
2987.49 -0.01956
2987.61 -0.0189
2987.73 -0.01888
2987.85 -0.01927
2987.97 -0.01975
2988.09 -0.02016
2988.21 -0.02037
2988.33 -0.02023
2988.45 -0.0197
2988.57 -0.01909
2988.69 -0.01879
2988.81 -0.01889
2988.93 -0.01906
2989.05 -0.01892
2989.18 -0.01848
2989.3 -0.01811
2989.42 -0.01812
2989.54 -0.0185
2989.66 -0.01908
2989.78 -0.01977
2989.9 -0.02049
2990.02 -0.02099
2990.14 -0.02091
2990.26 -0.02018
2990.38 -0.01914
2990.5 -0.01833
2990.62 -0.01809
2990.74 -0.01846
2990.86 -0.01921
2990.98 -0.01982
2991.1 -0.01972
2991.22 -0.01887
2991.35 -0.01799
2991.47 -0.01802
2991.59 -0.01917
2991.71 -0.02052
2991.83 -0.02095
2991.95 -0.02026
2992.07 -0.01933
2992.19 -0.01905
2992.31 -0.01951
2992.43 -0.0201
2992.55 -0.02037
2992.67 -0.02039
2992.79 -0.02052
2992.91 -0.02087
2993.03 -0.02122
2993.15 -0.02135
2993.27 -0.02123
2993.39 -0.02101
2993.52 -0.02078
2993.64 -0.02059
2993.76 -0.02047
2993.88 -0.02046
2994 -0.02053
2994.12 -0.02063
2994.24 -0.02073
2994.36 -0.0208
2994.48 -0.02078
2994.6 -0.0206
2994.72 -0.0203
2994.84 -0.02013
2994.96 -0.02027
2995.08 -0.02054
2995.2 -0.02048
2995.32 -0.01982
2995.44 -0.01891
2995.56 -0.01842
2995.69 -0.01871
2995.81 -0.01946
2995.93 -0.02008
2996.05 -0.02031
2996.17 -0.02032
2996.29 -0.02037
2996.41 -0.02052
2996.53 -0.02074
2996.65 -0.02105
2996.77 -0.02143
2996.89 -0.02168
2997.01 -0.02155
2997.13 -0.02106
2997.25 -0.02054
2997.37 -0.02028
2997.49 -0.02025
2997.61 -0.02015
2997.73 -0.01973
2997.86 -0.01904
2997.98 -0.01844
2998.1 -0.01842
2998.22 -0.01919
2998.34 -0.02041
2998.46 -0.02139
2998.58 -0.02165
2998.7 -0.02127
2998.82 -0.02072
2998.94 -0.02038
2999.06 -0.02043
2999.18 -0.02088
2999.3 -0.0216
2999.42 -0.02215
2999.54 -0.02205
2999.66 -0.02123
2999.78 -0.02026
2999.9 -0.01978
3000.03 -0.01988
3000.15 -0.02009
3000.27 -0.02006
3000.39 -0.01993
3000.51 -0.02003
3000.63 -0.02033
3000.75 -0.02051
3000.87 -0.02036
3000.99 -0.01995
3001.11 -0.01947
3001.23 -0.0191
3001.35 -0.019
3001.47 -0.0193
3001.59 -0.01985
3001.71 -0.0203
3001.83 -0.02037
3001.95 -0.02019
3002.07 -0.02002
3002.2 -0.01999
3002.32 -0.01995
3002.44 -0.01984
3002.56 -0.01967
3002.68 -0.0195
3002.8 -0.01928
3002.92 -0.01906
3003.04 -0.01891
3003.16 -0.01884
3003.28 -0.01875
3003.4 -0.01872
3003.52 -0.01902
3003.64 -0.0197
3003.76 -0.0204
3003.88 -0.0206
3004 -0.02021
3004.12 -0.01962
3004.24 -0.01928
3004.36 -0.01927
3004.49 -0.01941
3004.61 -0.01952
3004.73 -0.0196
3004.85 -0.01972
3004.97 -0.01992
3005.09 -0.02015
3005.21 -0.02023
3005.33 -0.02003
3005.45 -0.01972
3005.57 -0.01971
3005.69 -0.02025
3005.81 -0.02102
3005.93 -0.02144
3006.05 -0.02118
3006.17 -0.02056
3006.29 -0.02017
3006.41 -0.02019
3006.53 -0.02027
3006.66 -0.01997
3006.78 -0.01936
3006.9 -0.01901
3007.02 -0.01928
3007.14 -0.01995
3007.26 -0.02041
3007.38 -0.02043
3007.5 -0.02031
3007.62 -0.02035
3007.74 -0.02047
3007.86 -0.02039
3007.98 -0.02019
3008.1 -0.02025
3008.22 -0.02071
3008.34 -0.02115
3008.46 -0.02105
3008.58 -0.02027
3008.7 -0.01917
3008.83 -0.0182
3008.95 -0.01769
3009.07 -0.01782
3009.19 -0.01853
3009.31 -0.01942
3009.43 -0.01985
3009.55 -0.01954
3009.67 -0.01884
3009.79 -0.01842
3009.91 -0.0186
3010.03 -0.01914
3010.15 -0.01957
3010.27 -0.01973
3010.39 -0.01984
3010.51 -0.02015
3010.63 -0.02068
3010.75 -0.02116
3010.87 -0.02128
3011 -0.021
3011.12 -0.02048
3011.24 -0.01999
3011.36 -0.01973
3011.48 -0.01966
3011.6 -0.01964
3011.72 -0.01952
3011.84 -0.01934
3011.96 -0.01928
3012.08 -0.01946
3012.2 -0.01974
3012.32 -0.01981
3012.44 -0.01957
3012.56 -0.01927
3012.68 -0.01924
3012.8 -0.0195
3012.92 -0.01977
3013.04 -0.01982
3013.17 -0.01974
3013.29 -0.0197
3013.41 -0.01977
3013.53 -0.01985
3013.65 -0.01982
3013.77 -0.01963
3013.89 -0.01927
3014.01 -0.01892
3014.13 -0.01889
3014.25 -0.01927
3014.37 -0.01974
3014.49 -0.0198
3014.61 -0.01939
3014.73 -0.01903
3014.85 -0.01918
3014.97 -0.01973
3015.09 -0.02014
3015.21 -0.02013
3015.33 -0.01989
3015.46 -0.0198
3015.58 -0.02001
3015.7 -0.02044
3015.82 -0.02098
3015.94 -0.02144
3016.06 -0.02149
3016.18 -0.02095
3016.3 -0.02008
3016.42 -0.01944
3016.54 -0.01931
3016.66 -0.01943
3016.78 -0.01936
3016.9 -0.01905
3017.02 -0.01894
3017.14 -0.01937
3017.26 -0.02017
3017.38 -0.02083
3017.5 -0.02102
3017.63 -0.0209
3017.75 -0.02077
3017.87 -0.02076
3017.99 -0.02074
3018.11 -0.0206
3018.23 -0.02045
3018.35 -0.02044
3018.47 -0.0205
3018.59 -0.02048
3018.71 -0.02036
3018.83 -0.02029
3018.95 -0.02028
3019.07 -0.02014
3019.19 -0.01974
3019.31 -0.01934
3019.43 -0.0193
3019.55 -0.01967
3019.67 -0.02003
3019.8 -0.02006
3019.92 -0.01988
3020.04 -0.01979
3020.16 -0.01981
3020.28 -0.01968
3020.4 -0.01926
3020.52 -0.01881
3020.64 -0.01868
3020.76 -0.01892
3020.88 -0.01928
3021 -0.01959
3021.12 -0.01991
3021.24 -0.0203
3021.36 -0.02068
3021.48 -0.02084
3021.6 -0.02064
3021.72 -0.02016
3021.84 -0.0197
3021.97 -0.01964
3022.09 -0.02017
3022.21 -0.02099
3022.33 -0.02145
3022.45 -0.02113
3022.57 -0.02033
3022.69 -0.01976
3022.81 -0.01979
3022.93 -0.02015
3023.05 -0.02046
3023.17 -0.02069
3023.29 -0.02102
3023.41 -0.02134
3023.53 -0.02122
3023.65 -0.02057
3023.77 -0.01979
3023.89 -0.01934
3024.01 -0.01927
3024.14 -0.01937
3024.26 -0.01955
3024.38 -0.01975
3024.5 -0.01971
3024.62 -0.01915
3024.74 -0.01824
3024.86 -0.01757
3024.98 -0.01757
3025.1 -0.01815
3025.22 -0.01884
3025.34 -0.01928
3025.46 -0.01933
3025.58 -0.01906
3025.7 -0.0187
3025.82 -0.01856
3025.94 -0.01876
3026.06 -0.01915
3026.18 -0.01947
3026.31 -0.01969
3026.43 -0.01984
3026.55 -0.01987
3026.67 -0.01969
3026.79 -0.01938
3026.91 -0.01913
3027.03 -0.01899
3027.15 -0.01889
3027.27 -0.01877
3027.39 -0.01871
3027.51 -0.01884
3027.63 -0.0191
3027.75 -0.01929
3027.87 -0.01923
3027.99 -0.01896
3028.11 -0.01877
3028.23 -0.01903
3028.35 -0.01972
3028.48 -0.02035
3028.6 -0.02035
3028.72 -0.01971
3028.84 -0.01906
3028.96 -0.01892
3029.08 -0.01914
3029.2 -0.01911
3029.32 -0.0185
3029.44 -0.01762
3029.56 -0.01708
3029.68 -0.01721
3029.8 -0.01784
3029.92 -0.01857
3030.04 -0.01906
3030.16 -0.01927
3030.28 -0.01938
3030.4 -0.01962
3030.52 -0.02001
3030.65 -0.02037
3030.77 -0.02044
3030.89 -0.02017
3031.01 -0.01972
3031.13 -0.01929
3031.25 -0.01894
3031.37 -0.01868
3031.49 -0.01854
3031.61 -0.0186
3031.73 -0.01885
3031.85 -0.01914
3031.97 -0.01931
3032.09 -0.01925
3032.21 -0.01898
3032.33 -0.0187
3032.45 -0.01873
3032.57 -0.01929
3032.69 -0.0201
3032.81 -0.02064
3032.94 -0.02062
3033.06 -0.02037
3033.18 -0.02033
3033.3 -0.02038
3033.42 -0.02005
3033.54 -0.01932
3033.66 -0.01889
3033.78 -0.01922
3033.9 -0.01987
3034.02 -0.01992
3034.14 -0.01923
3034.26 -0.01864
3034.38 -0.01885
3034.5 -0.01951
3034.62 -0.01968
3034.74 -0.01902
3034.86 -0.01818
3034.98 -0.01792
3035.11 -0.01822
3035.23 -0.01854
3035.35 -0.01856
3035.47 -0.0186
3035.59 -0.019
3035.71 -0.01952
3035.83 -0.01957
3035.95 -0.01895
3036.07 -0.01816
3036.19 -0.01784
3036.31 -0.01807
3036.43 -0.01835
3036.55 -0.01816
3036.67 -0.01754
3036.79 -0.01697
3036.91 -0.017
3037.03 -0.01777
3037.15 -0.01891
3037.28 -0.0197
3037.4 -0.01965
3037.52 -0.01898
3037.64 -0.01842
3037.76 -0.01854
3037.88 -0.01914
3038 -0.01945
3038.12 -0.01905
3038.24 -0.01825
3038.36 -0.01778
3038.48 -0.01805
3038.6 -0.0189
3038.72 -0.01986
3038.84 -0.02052
3038.96 -0.02061
3039.08 -0.02016
3039.2 -0.01961
3039.32 -0.01958
3039.45 -0.02027
3039.57 -0.02107
3039.69 -0.02123
3039.81 -0.02069
3039.93 -0.02013
3040.05 -0.02013
3040.17 -0.02048
3040.29 -0.02061
3040.41 -0.02036
3040.53 -0.02002
3040.65 -0.01976
3040.77 -0.0194
3040.89 -0.0188
3041.01 -0.01824
3041.13 -0.01812
3041.25 -0.01853
3041.37 -0.01921
3041.49 -0.01983
3041.61 -0.02014
3041.74 -0.02004
3041.86 -0.01959
3041.98 -0.01902
3042.1 -0.01859
3042.22 -0.01841
3042.34 -0.0184
3042.46 -0.01851
3042.58 -0.01874
3042.7 -0.019
3042.82 -0.01911
3042.94 -0.01901
3043.06 -0.01892
3043.18 -0.01913
3043.3 -0.01968
3043.42 -0.02015
3043.54 -0.01999
3043.66 -0.01909
3043.78 -0.01793
3043.91 -0.01721
3044.03 -0.01714
3044.15 -0.01741
3044.27 -0.01755
3044.39 -0.01747
3044.51 -0.01738
3044.63 -0.01744
3044.75 -0.01766
3044.87 -0.01795
3044.99 -0.0183
3045.11 -0.01877
3045.23 -0.01937
3045.35 -0.01998
3045.47 -0.02031
3045.59 -0.02006
3045.71 -0.01923
3045.83 -0.01829
3045.95 -0.01773
3046.08 -0.01772
3046.2 -0.01807
3046.32 -0.01858
3046.44 -0.01916
3046.56 -0.01965
3046.68 -0.01978
3046.8 -0.01945
3046.92 -0.01889
3047.04 -0.01836
3047.16 -0.01792
3047.28 -0.0175
3047.4 -0.01719
3047.52 -0.01714
3047.64 -0.01742
3047.76 -0.01794
3047.88 -0.01857
3048 -0.01911
3048.12 -0.01931
3048.25 -0.01911
3048.37 -0.01889
3048.49 -0.01917
3048.61 -0.0199
3048.73 -0.02039
3048.85 -0.02014
3048.97 -0.01948
3049.09 -0.01919
3049.21 -0.01952
3049.33 -0.01996
3049.45 -0.01992
3049.57 -0.0193
3049.69 -0.01846
3049.81 -0.01774
3049.93 -0.01737
3050.05 -0.01743
3050.17 -0.01786
3050.29 -0.0184
3050.42 -0.01871
3050.54 -0.01872
3050.66 -0.01859
3050.78 -0.01849
3050.9 -0.01843
3051.02 -0.01835
3051.14 -0.01836
3051.26 -0.01875
3051.38 -0.01952
3051.5 -0.02021
3051.62 -0.02024
3051.74 -0.01945
3051.86 -0.01844
3051.98 -0.01797
3052.1 -0.01831
3052.22 -0.01908
3052.34 -0.01971
3052.46 -0.02002
3052.59 -0.02014
3052.71 -0.02015
3052.83 -0.01989
3052.95 -0.01928
3053.07 -0.01854
3053.19 -0.01824
3053.31 -0.01866
3053.43 -0.01946
3053.55 -0.01992
3053.67 -0.0197
3053.79 -0.0192
3053.91 -0.01907
3054.03 -0.01943
3054.15 -0.01971
3054.27 -0.01944
3054.39 -0.01881
3054.51 -0.01846
3054.63 -0.01879
3054.76 -0.01968
3054.88 -0.02055
3055 -0.0208
3055.12 -0.02013
3055.24 -0.01892
3055.36 -0.01801
3055.48 -0.01799
3055.6 -0.01858
3055.72 -0.01899
3055.84 -0.01892
3055.96 -0.01897
3056.08 -0.01972
3056.2 -0.02088
3056.32 -0.02153
3056.44 -0.02122
3056.56 -0.02043
3056.68 -0.01997
3056.8 -0.02015
3056.93 -0.02053
3057.05 -0.02047
3057.17 -0.01972
3057.29 -0.0187
3057.41 -0.01813
3057.53 -0.01838
3057.65 -0.01912
3057.77 -0.01961
3057.89 -0.01952
3058.01 -0.0191
3058.13 -0.01883
3058.25 -0.01886
3058.37 -0.01909
3058.49 -0.01946
3058.61 -0.01996
3058.73 -0.02036
3058.85 -0.02031
3058.97 -0.01975
3059.09 -0.01907
3059.22 -0.01873
3059.34 -0.01879
3059.46 -0.01892
3059.58 -0.01875
3059.7 -0.01818
3059.82 -0.01742
3059.94 -0.01686
3060.06 -0.01688
3060.18 -0.01756
3060.3 -0.01851
3060.42 -0.01911
3060.54 -0.01903
3060.66 -0.01851
3060.78 -0.01808
3060.9 -0.0181
3061.02 -0.01846
3061.14 -0.01874
3061.26 -0.01862
3061.39 -0.01817
3061.51 -0.01779
3061.63 -0.01782
3061.75 -0.01811
3061.87 -0.01814
3061.99 -0.01763
3062.11 -0.01685
3062.23 -0.01626
3062.35 -0.01604
3062.47 -0.01602
3062.59 -0.01609
3062.71 -0.01638
3062.83 -0.01701
3062.95 -0.01781
3063.07 -0.01855
3063.19 -0.01924
3063.31 -0.01992
3063.43 -0.02043
3063.56 -0.0204
3063.68 -0.01974
3063.8 -0.01881
3063.92 -0.01809
3064.04 -0.0178
3064.16 -0.01784
3064.28 -0.01797
3064.4 -0.01806
3064.52 -0.01818
3064.64 -0.01844
3064.76 -0.0188
3064.88 -0.01898
3065 -0.01872
3065.12 -0.01817
3065.24 -0.01786
3065.36 -0.01816
3065.48 -0.01885
3065.6 -0.01936
3065.73 -0.01941
3065.85 -0.01919
3065.97 -0.01906
3066.09 -0.0191
3066.21 -0.01907
3066.33 -0.01875
3066.45 -0.01821
3066.57 -0.01781
3066.69 -0.01773
3066.81 -0.01782
3066.93 -0.01772
3067.05 -0.0174
3067.17 -0.01721
3067.29 -0.01745
3067.41 -0.01801
3067.53 -0.01852
3067.65 -0.01881
3067.77 -0.01904
3067.9 -0.01935
3068.02 -0.01957
3068.14 -0.01941
3068.26 -0.01884
3068.38 -0.01812
3068.5 -0.01765
3068.62 -0.01765
3068.74 -0.01801
3068.86 -0.0184
3068.98 -0.01854
3069.1 -0.01842
3069.22 -0.01818
3069.34 -0.01785
3069.46 -0.01744
3069.58 -0.01713
3069.7 -0.01717
3069.82 -0.01756
3069.94 -0.01803
3070.06 -0.01839
3070.19 -0.01885
3070.31 -0.01961
3070.43 -0.02049
3070.55 -0.02103
3070.67 -0.0211
3070.79 -0.02084
3070.91 -0.02029
3071.03 -0.01936
3071.15 -0.0183
3071.27 -0.01784
3071.39 -0.0184
3071.51 -0.01945
3071.63 -0.01989
3071.75 -0.01926
3071.87 -0.01812
3071.99 -0.01744
3072.11 -0.01762
3072.23 -0.0183
3072.36 -0.01886
3072.48 -0.01892
3072.6 -0.01852
3072.72 -0.01793
3072.84 -0.01745
3072.96 -0.01723
3073.08 -0.01729
3073.2 -0.01752
3073.32 -0.01774
3073.44 -0.01778
3073.56 -0.01762
3073.68 -0.01742
3073.8 -0.01741
3073.92 -0.01761
3074.04 -0.01778
3074.16 -0.01767
3074.28 -0.01732
3074.4 -0.01701
3074.53 -0.01696
3074.65 -0.01716
3074.77 -0.01744
3074.89 -0.01765
3075.01 -0.01781
3075.13 -0.01799
3075.25 -0.0182
3075.37 -0.01835
3075.49 -0.01832
3075.61 -0.01805
3075.73 -0.01762
3075.85 -0.01719
3075.97 -0.01701
3076.09 -0.01723
3076.21 -0.01781
3076.33 -0.01837
3076.45 -0.01846
3076.57 -0.018
3076.7 -0.01752
3076.82 -0.01767
3076.94 -0.01852
3077.06 -0.01941
3077.18 -0.01962
3077.3 -0.01912
3077.42 -0.01853
3077.54 -0.01831
3077.66 -0.01828
3077.78 -0.01803
3077.9 -0.01748
3078.02 -0.01698
3078.14 -0.01692
3078.26 -0.0173
3078.38 -0.01783
3078.5 -0.01817
3078.62 -0.01813
3078.74 -0.01773
3078.87 -0.01728
3078.99 -0.01713
3079.11 -0.01728
3079.23 -0.01737
3079.35 -0.01705
3079.47 -0.01648
3079.59 -0.01613
3079.71 -0.01621
3079.83 -0.01649
3079.95 -0.01665
3080.07 -0.01665
3080.19 -0.01666
3080.31 -0.01674
3080.43 -0.01683
3080.55 -0.01694
3080.67 -0.01718
3080.79 -0.01762
3080.91 -0.01819
3081.04 -0.01873
3081.16 -0.01906
3081.28 -0.01906
3081.4 -0.01877
3081.52 -0.01843
3081.64 -0.01822
3081.76 -0.01814
3081.88 -0.01803
3082 -0.01785
3082.12 -0.01773
3082.24 -0.01778
3082.36 -0.0179
3082.48 -0.01794
3082.6 -0.0179
3082.72 -0.01808
3082.84 -0.01869
3082.96 -0.0195
3083.08 -0.01997
3083.21 -0.01972
3083.33 -0.01903
3083.45 -0.0185
3083.57 -0.01845
3083.69 -0.01855
3083.81 -0.01829
3083.93 -0.01761
3084.05 -0.01691
3084.17 -0.01667
3084.29 -0.01698
3084.41 -0.01766
3084.53 -0.01842
3084.65 -0.01899
3084.77 -0.0192
3084.89 -0.01918
3085.01 -0.01918
3085.13 -0.01921
3085.25 -0.01895
3085.38 -0.01819
3085.5 -0.01729
3085.62 -0.01689
3085.74 -0.0172
3085.86 -0.01777
3085.98 -0.01797
3086.1 -0.01775
3086.22 -0.01753
3086.34 -0.01774
3086.46 -0.01834
3086.58 -0.0189
3086.7 -0.01896
3086.82 -0.01848
3086.94 -0.01784
3087.06 -0.01753
3087.18 -0.01758
3087.3 -0.01758
3087.42 -0.01727
3087.54 -0.01695
3087.67 -0.01722
3087.79 -0.0181
3087.91 -0.01894
3088.03 -0.01912
3088.15 -0.01881
3088.27 -0.01865
3088.39 -0.01888
3088.51 -0.01908
3088.63 -0.01881
3088.75 -0.01822
3088.87 -0.0178
3088.99 -0.01772
3089.11 -0.01772
3089.23 -0.01758
3089.35 -0.01737
3089.47 -0.01718
3089.59 -0.0169
3089.71 -0.0165
3089.84 -0.01634
3089.96 -0.0168
3090.08 -0.01775
3090.2 -0.0185
3090.32 -0.01849
3090.44 -0.01778
3090.56 -0.01693
3090.68 -0.01636
3090.8 -0.01612
3090.92 -0.01614
3091.04 -0.01641
3091.16 -0.01689
3091.28 -0.01746
3091.4 -0.01803
3091.52 -0.01862
3091.64 -0.01918
3091.76 -0.01947
3091.88 -0.01917
3092.01 -0.0183
3092.13 -0.01736
3092.25 -0.01697
3092.37 -0.01731
3092.49 -0.01792
3092.61 -0.01806
3092.73 -0.01735
3092.85 -0.01613
3092.97 -0.01527
3093.09 -0.01544
3093.21 -0.01647
3093.33 -0.0175
3093.45 -0.01783
3093.57 -0.01747
3093.69 -0.01707
3093.81 -0.0172
3093.93 -0.0178
3094.05 -0.01842
3094.18 -0.01867
3094.3 -0.01853
3094.42 -0.01824
3094.54 -0.01796
3094.66 -0.01768
3094.78 -0.01739
3094.9 -0.01727
3095.02 -0.01758
3095.14 -0.01825
3095.26 -0.0188
3095.38 -0.0187
3095.5 -0.01788
3095.62 -0.01681
3095.74 -0.016
3095.86 -0.01562
3095.98 -0.01563
3096.1 -0.01595
3096.22 -0.01643
3096.35 -0.01684
3096.47 -0.01695
3096.59 -0.0168
3096.71 -0.01661
3096.83 -0.01642
3096.95 -0.01616
3097.07 -0.01597
3097.19 -0.01619
3097.31 -0.01687
3097.43 -0.01753
3097.55 -0.01763
3097.67 -0.01719
3097.79 -0.01678
3097.91 -0.0168
3098.03 -0.01711
3098.15 -0.01737
3098.27 -0.01745
3098.39 -0.01751
3098.51 -0.01767
3098.64 -0.01781
3098.76 -0.01782
3098.88 -0.01767
3099 -0.01754
3099.12 -0.01761
3099.24 -0.01793
3099.36 -0.01826
3099.48 -0.01818
3099.6 -0.01755
3099.72 -0.0167
3099.84 -0.01611
3099.96 -0.01594
3100.08 -0.01597
3100.2 -0.01604
3100.32 -0.01625
3100.44 -0.01666
3100.56 -0.01702
3100.68 -0.01712
3100.81 -0.01718
3100.93 -0.01759
3101.05 -0.01824
3101.17 -0.01848
3101.29 -0.01799
3101.41 -0.01737
3101.53 -0.01751
3101.65 -0.01858
3101.77 -0.01984
3101.89 -0.02045
3102.01 -0.02016
3102.13 -0.01927
3102.25 -0.01821
3102.37 -0.01737
3102.49 -0.01697
3102.61 -0.01691
3102.73 -0.01675
3102.85 -0.01624
3102.98 -0.01573
3103.1 -0.01582
3103.22 -0.01655
3103.34 -0.01723
3103.46 -0.01722
3103.58 -0.01666
3103.7 -0.01632
3103.82 -0.01673
3103.94 -0.01767
3104.06 -0.01844
3104.18 -0.01856
3104.3 -0.0181
3104.42 -0.01751
3104.54 -0.01719
3104.66 -0.01726
3104.78 -0.01761
3104.9 -0.01806
3105.02 -0.01838
3105.15 -0.01835
3105.27 -0.01796
3105.39 -0.01748
3105.51 -0.01726
3105.63 -0.01743
3105.75 -0.01774
3105.87 -0.01797
3105.99 -0.01813
3106.11 -0.01837
3106.23 -0.01859
3106.35 -0.01852
3106.47 -0.0181
3106.59 -0.01757
3106.71 -0.01718
3106.83 -0.01702
3106.95 -0.01699
3107.07 -0.01704
3107.19 -0.01716
3107.32 -0.01737
3107.44 -0.01775
3107.56 -0.01846
3107.68 -0.01936
3107.8 -0.01986
3107.92 -0.01944
3108.04 -0.01827
3108.16 -0.01718
3108.28 -0.01678
3108.4 -0.01689
3108.52 -0.01697
3108.64 -0.01686
3108.76 -0.0169
3108.88 -0.01724
3109 -0.01754
3109.12 -0.01742
3109.24 -0.01701
3109.36 -0.01675
3109.49 -0.01686
3109.61 -0.01717
3109.73 -0.01748
3109.85 -0.01768
3109.97 -0.0177
3110.09 -0.01746
3110.21 -0.01711
3110.33 -0.01698
3110.45 -0.01723
3110.57 -0.01763
3110.69 -0.01774
3110.81 -0.01745
3110.93 -0.01695
3111.05 -0.01657
3111.17 -0.01653
3111.29 -0.01682
3111.41 -0.0172
3111.53 -0.01725
3111.66 -0.01677
3111.78 -0.01603
3111.9 -0.01561
3112.02 -0.01584
3112.14 -0.0166
3112.26 -0.01747
3112.38 -0.01804
3112.5 -0.01793
3112.62 -0.01708
3112.74 -0.01595
3112.86 -0.01543
3112.98 -0.016
3113.1 -0.01724
3113.22 -0.01811
3113.34 -0.01808
3113.46 -0.0175
3113.58 -0.01709
3113.7 -0.01722
3113.82 -0.01771
3113.95 -0.01811
3114.07 -0.01805
3114.19 -0.01751
3114.31 -0.01681
3114.43 -0.0164
3114.55 -0.01645
3114.67 -0.01673
3114.79 -0.01694
3114.91 -0.01716
3115.03 -0.01765
3115.15 -0.01831
3115.27 -0.01858
3115.39 -0.01808
3115.51 -0.01713
3115.63 -0.01649
3115.75 -0.01656
3115.87 -0.01708
3115.99 -0.0175
3116.12 -0.01755
3116.24 -0.01724
3116.36 -0.01671
3116.48 -0.01612
3116.6 -0.01574
3116.72 -0.01583
3116.84 -0.01644
3116.96 -0.01725
3117.08 -0.01776
3117.2 -0.0177
3117.32 -0.01722
3117.44 -0.01674
3117.56 -0.01655
3117.68 -0.01666
3117.8 -0.0169
3117.92 -0.01721
3118.04 -0.01763
3118.16 -0.01809
3118.29 -0.01833
3118.41 -0.01818
3118.53 -0.01778
3118.65 -0.01736
3118.77 -0.01702
3118.89 -0.01671
3119.01 -0.01648
3119.13 -0.01649
3119.25 -0.01666
3119.37 -0.01666
3119.49 -0.0164
3119.61 -0.01627
3119.73 -0.01659
3119.85 -0.01702
3119.97 -0.0169
3120.09 -0.01621
3120.21 -0.01581
3120.33 -0.0164
3120.46 -0.01757
3120.58 -0.01833
3120.7 -0.01818
3120.82 -0.01755
3120.94 -0.01703
3121.06 -0.01671
3121.18 -0.01647
3121.3 -0.01639
3121.42 -0.0166
3121.54 -0.01685
3121.66 -0.01668
3121.78 -0.01601
3121.9 -0.01533
3122.02 -0.0151
3122.14 -0.01533
3122.26 -0.01569
3122.38 -0.01597
3122.5 -0.01608
3122.63 -0.01596
3122.75 -0.01561
3122.87 -0.01524
3122.99 -0.0151
3123.11 -0.01523
3123.23 -0.01543
3123.35 -0.01557
3123.47 -0.01568
3123.59 -0.01587
3123.71 -0.01616
3123.83 -0.01654
3123.95 -0.01696
3124.07 -0.01723
3124.19 -0.01719
3124.31 -0.01699
3124.43 -0.01701
3124.55 -0.01739
3124.67 -0.01781
3124.8 -0.01785
3124.92 -0.0175
3125.04 -0.01711
3125.16 -0.01689
3125.28 -0.01675
3125.4 -0.01655
3125.52 -0.01628
3125.64 -0.01588
3125.76 -0.01518
3125.88 -0.01428
3126 -0.01369
3126.12 -0.01386
3126.24 -0.01465
3126.36 -0.01541
3126.48 -0.0157
3126.6 -0.01567
3126.72 -0.01577
3126.84 -0.01615
3126.97 -0.01646
3127.09 -0.01625
3127.21 -0.01556
3127.33 -0.015
3127.45 -0.01509
3127.57 -0.01569
3127.69 -0.01614
3127.81 -0.01607
3127.93 -0.01589
3128.05 -0.01619
3128.17 -0.01689
3128.29 -0.01736
3128.41 -0.01718
3128.53 -0.01661
3128.65 -0.01608
3128.77 -0.01576
3128.89 -0.01556
3129.01 -0.01554
3129.14 -0.0158
3129.26 -0.01624
3129.38 -0.01658
3129.5 -0.0167
3129.62 -0.01674
3129.74 -0.01687
3129.86 -0.01704
3129.98 -0.01719
3130.1 -0.01735
3130.22 -0.01759
3130.34 -0.01783
3130.46 -0.01786
3130.58 -0.01755
3130.7 -0.01694
3130.82 -0.01623
3130.94 -0.01565
3131.06 -0.01535
3131.18 -0.01535
3131.3 -0.01558
3131.43 -0.01591
3131.55 -0.01616
3131.67 -0.01623
3131.79 -0.01617
3131.91 -0.01618
3132.03 -0.01645
3132.15 -0.01684
3132.27 -0.01698
3132.39 -0.01658
3132.51 -0.01575
3132.63 -0.01492
3132.75 -0.01443
3132.87 -0.01429
3132.99 -0.01425
3133.11 -0.01413
3133.23 -0.01401
3133.35 -0.01418
3133.47 -0.01481
3133.6 -0.01572
3133.72 -0.01643
3133.84 -0.01657
3133.96 -0.01623
3134.08 -0.01578
3134.2 -0.0155
3134.32 -0.01534
3134.44 -0.0152
3134.56 -0.01512
3134.68 -0.01528
3134.8 -0.01573
3134.92 -0.01631
3135.04 -0.01681
3135.16 -0.01717
3135.28 -0.01738
3135.4 -0.01741
3135.52 -0.01727
3135.64 -0.01706
3135.77 -0.01697
3135.89 -0.01709
3136.01 -0.01731
3136.13 -0.01737
3136.25 -0.01706
3136.37 -0.01634
3136.49 -0.0154
3136.61 -0.01464
3136.73 -0.01439
3136.85 -0.01467
3136.97 -0.01513
3137.09 -0.01547
3137.21 -0.01572
3137.33 -0.0161
3137.45 -0.01661
3137.57 -0.01691
3137.69 -0.01676
3137.81 -0.01636
3137.94 -0.01618
3138.06 -0.01639
3138.18 -0.01668
3138.3 -0.01657
3138.42 -0.01593
3138.54 -0.01508
3138.66 -0.01446
3138.78 -0.01427
3138.9 -0.01436
3139.02 -0.01451
3139.14 -0.01474
3139.26 -0.0152
3139.38 -0.01587
3139.5 -0.01642
3139.62 -0.0165
3139.74 -0.01612
3139.86 -0.01565
3139.98 -0.01549
3140.1 -0.01572
3140.23 -0.01618
3140.35 -0.01665
3140.47 -0.01703
3140.59 -0.01732
3140.71 -0.01749
3140.83 -0.0174
3140.95 -0.01696
3141.07 -0.01628
3141.19 -0.0158
3141.31 -0.0159
3141.43 -0.0164
3141.55 -0.01662
3141.67 -0.01623
3141.79 -0.01568
3141.91 -0.01568
3142.03 -0.01628
3142.15 -0.01676
3142.27 -0.0165
3142.4 -0.01568
3142.52 -0.01491
3142.64 -0.01456
3142.76 -0.01465
3142.88 -0.01508
3143 -0.01573
3143.12 -0.01616
3143.24 -0.01594
3143.36 -0.0152
3143.48 -0.01467
3143.6 -0.01482
3143.72 -0.01528
3143.84 -0.01536
3143.96 -0.01501
3144.08 -0.01486
3144.2 -0.01536
3144.32 -0.01617
3144.44 -0.01658
3144.57 -0.01632
3144.69 -0.01571
3144.81 -0.01525
3144.93 -0.01514
3145.05 -0.01533
3145.17 -0.01571
3145.29 -0.01612
3145.41 -0.01636
3145.53 -0.01636
3145.65 -0.01624
3145.77 -0.01618
3145.89 -0.01614
3146.01 -0.01586
3146.13 -0.01515
3146.25 -0.01422
3146.37 -0.01364
3146.49 -0.01381
3146.61 -0.01449
3146.74 -0.01502
3146.86 -0.01498
3146.98 -0.01466
3147.1 -0.0147
3147.22 -0.01532
3147.34 -0.01622
3147.46 -0.01687
3147.58 -0.01694
3147.7 -0.01641
3147.82 -0.01545
3147.94 -0.01448
3148.06 -0.01394
3148.18 -0.01397
3148.3 -0.01427
3148.42 -0.01449
3148.54 -0.01474
3148.66 -0.01533
3148.78 -0.01616
3148.91 -0.01663
3149.03 -0.01631
3149.15 -0.0155
3149.27 -0.01495
3149.39 -0.01501
3149.51 -0.01532
3149.63 -0.01526
3149.75 -0.01463
3149.87 -0.01383
3149.99 -0.01355
3150.11 -0.01417
3150.23 -0.01547
3150.35 -0.01666
3150.47 -0.01695
3150.59 -0.01624
3150.71 -0.01529
3150.83 -0.015
3150.95 -0.01553
3151.08 -0.01624
3151.2 -0.01651
3151.32 -0.01645
3151.44 -0.01669
3151.56 -0.01744
3151.68 -0.01809
3151.8 -0.01793
3151.92 -0.01691
3152.04 -0.01569
3152.16 -0.0149
3152.28 -0.01471
3152.4 -0.01493
3152.52 -0.01533
3152.64 -0.01564
3152.76 -0.01564
3152.88 -0.0153
3153 -0.01498
3153.12 -0.01507
3153.25 -0.01568
3153.37 -0.01652
3153.49 -0.01718
3153.61 -0.01731
3153.73 -0.01672
3153.85 -0.01555
3153.97 -0.01434
3154.09 -0.01373
3154.21 -0.01387
3154.33 -0.01436
3154.45 -0.01484
3154.57 -0.0153
3154.69 -0.01588
3154.81 -0.01636
3154.93 -0.01638
3155.05 -0.0159
3155.17 -0.01532
3155.29 -0.015
3155.42 -0.01503
3155.54 -0.01531
3155.66 -0.01574
3155.78 -0.01613
3155.9 -0.01615
3156.02 -0.01572
3156.14 -0.01515
3156.26 -0.01487
3156.38 -0.01498
3156.5 -0.01523
3156.62 -0.01543
3156.74 -0.01561
3156.86 -0.01577
3156.98 -0.01582
3157.1 -0.01569
3157.22 -0.01552
3157.34 -0.01544
3157.46 -0.0154
3157.58 -0.01536
3157.71 -0.01543
3157.83 -0.01576
3157.95 -0.01625
3158.07 -0.01661
3158.19 -0.01666
3158.31 -0.0165
3158.43 -0.01631
3158.55 -0.01619
3158.67 -0.01615
3158.79 -0.01611
3158.91 -0.01595
3159.03 -0.01562
3159.15 -0.01531
3159.27 -0.01524
3159.39 -0.01535
3159.51 -0.01531
3159.63 -0.0149
3159.75 -0.01435
3159.88 -0.01407
3160 -0.01428
3160.12 -0.01493
3160.24 -0.01583
3160.36 -0.01668
3160.48 -0.01712
3160.6 -0.01697
3160.72 -0.0165
3160.84 -0.01615
3160.96 -0.01594
3161.08 -0.01562
3161.2 -0.01518
3161.32 -0.015
3161.44 -0.01525
3161.56 -0.01565
3161.68 -0.01585
3161.8 -0.01589
3161.92 -0.01594
3162.05 -0.01584
3162.17 -0.01526
3162.29 -0.01446
3162.41 -0.01416
3162.53 -0.01479
3162.65 -0.01591
3162.77 -0.0167
3162.89 -0.01671
3163.01 -0.01608
3163.13 -0.01524
3163.25 -0.01453
3163.37 -0.01413
3163.49 -0.01408
3163.61 -0.01419
3163.73 -0.01418
3163.85 -0.0139
3163.97 -0.01344
3164.09 -0.01306
3164.22 -0.01302
3164.34 -0.0134
3164.46 -0.01396
3164.58 -0.01441
3164.7 -0.01473
3164.82 -0.01525
3164.94 -0.01616
3165.06 -0.01708
3165.18 -0.01731
3165.3 -0.01664
3165.42 -0.01561
3165.54 -0.01499
3165.66 -0.01498
3165.78 -0.01513
3165.9 -0.01497
3166.02 -0.01459
3166.14 -0.01447
3166.26 -0.01495
3166.39 -0.01584
3166.51 -0.01665
3166.63 -0.01701
3166.75 -0.0169
3166.87 -0.01644
3166.99 -0.01567
3167.11 -0.0147
3167.23 -0.01388
3167.35 -0.0137
3167.47 -0.01431
3167.59 -0.01534
3167.71 -0.01621
3167.83 -0.01657
3167.95 -0.01644
3168.07 -0.01593
3168.19 -0.01518
3168.31 -0.01447
3168.43 -0.01422
3168.55 -0.01463
3168.68 -0.01543
3168.8 -0.01604
3168.92 -0.01609
3169.04 -0.01571
3169.16 -0.01522
3169.28 -0.01481
3169.4 -0.01453
3169.52 -0.01446
3169.64 -0.01466
3169.76 -0.015
3169.88 -0.01524
3170 -0.0153
3170.12 -0.01536
3170.24 -0.01566
3170.36 -0.01616
3170.48 -0.01653
3170.6 -0.01644
3170.72 -0.0158
3170.85 -0.01485
3170.97 -0.014
3171.09 -0.01356
3171.21 -0.01354
3171.33 -0.01372
3171.45 -0.01386
3171.57 -0.014
3171.69 -0.01432
3171.81 -0.01485
3171.93 -0.01544
3172.05 -0.01589
3172.17 -0.01601
3172.29 -0.01576
3172.41 -0.01523
3172.53 -0.01465
3172.65 -0.01428
3172.77 -0.01419
3172.89 -0.01425
3173.02 -0.01439
3173.14 -0.0147
3173.26 -0.0151
3173.38 -0.01522
3173.5 -0.01477
3173.62 -0.01387
3173.74 -0.01298
3173.86 -0.01245
3173.98 -0.01227
3174.1 -0.01227
3174.22 -0.01247
3174.34 -0.01298
3174.46 -0.01376
3174.58 -0.01455
3174.7 -0.01497
3174.82 -0.01481
3174.94 -0.01428
3175.06 -0.01394
3175.19 -0.01425
3175.31 -0.01508
3175.43 -0.01576
3175.55 -0.01581
3175.67 -0.01552
3175.79 -0.01555
3175.91 -0.01608
3176.03 -0.01661
3176.15 -0.01669
3176.27 -0.01646
3176.39 -0.01632
3176.51 -0.0162
3176.63 -0.01566
3176.75 -0.01466
3176.87 -0.01381
3176.99 -0.01367
3177.11 -0.01405
3177.23 -0.01436
3177.36 -0.01444
3177.48 -0.01465
3177.6 -0.01512
3177.72 -0.0154
3177.84 -0.01513
3177.96 -0.01467
3178.08 -0.01465
3178.2 -0.01505
3178.32 -0.01521
3178.44 -0.0148
3178.56 -0.01431
3178.68 -0.01439
3178.8 -0.01492
3178.92 -0.01509
3179.04 -0.01445
3179.16 -0.01333
3179.28 -0.01242
3179.4 -0.01209
3179.53 -0.01232
3179.65 -0.01294
3179.77 -0.01374
3179.89 -0.01439
3180.01 -0.01467
3180.13 -0.01469
3180.25 -0.01474
3180.37 -0.0149
3180.49 -0.01499
3180.61 -0.01494
3180.73 -0.01493
3180.85 -0.01514
3180.97 -0.01537
3181.09 -0.01528
3181.21 -0.01481
3181.33 -0.01427
3181.45 -0.01402
3181.57 -0.01417
3181.7 -0.0146
3181.82 -0.01509
3181.94 -0.01538
3182.06 -0.01521
3182.18 -0.01455
3182.3 -0.01372
3182.42 -0.01322
3182.54 -0.01325
3182.66 -0.01365
3182.78 -0.01414
3182.9 -0.01452
3183.02 -0.01479
3183.14 -0.01501
3183.26 -0.01522
3183.38 -0.01542
3183.5 -0.01554
3183.62 -0.01542
3183.74 -0.01499
3183.86 -0.01438
3183.99 -0.01388
3184.11 -0.01366
3184.23 -0.01372
3184.35 -0.01389
3184.47 -0.01404
3184.59 -0.01414
3184.71 -0.01424
3184.83 -0.0143
3184.95 -0.01415
3185.07 -0.0137
3185.19 -0.0131
3185.31 -0.01279
3185.43 -0.01308
3185.55 -0.01391
3185.67 -0.01485
3185.79 -0.01543
3185.91 -0.01536
3186.03 -0.01468
3186.16 -0.01381
3186.28 -0.01332
3186.4 -0.0135
3186.52 -0.01398
3186.64 -0.01404
3186.76 -0.01335
3186.88 -0.01239
3187 -0.01199
3187.12 -0.01247
3187.24 -0.01342
3187.36 -0.01426
3187.48 -0.01473
3187.6 -0.01487
3187.72 -0.0147
3187.84 -0.01419
3187.96 -0.01344
3188.08 -0.01287
3188.2 -0.01287
3188.33 -0.01347
3188.45 -0.01427
3188.57 -0.01478
3188.69 -0.01481
3188.81 -0.01463
3188.93 -0.01465
3189.05 -0.01506
3189.17 -0.01561
3189.29 -0.01586
3189.41 -0.01546
3189.53 -0.01448
3189.65 -0.01343
3189.77 -0.01294
3189.89 -0.01329
3190.01 -0.01417
3190.13 -0.015
3190.25 -0.0154
3190.37 -0.01531
3190.5 -0.01475
3190.62 -0.01373
3190.74 -0.01257
3190.86 -0.01188
3190.98 -0.01205
3191.1 -0.01272
3191.22 -0.01318
3191.34 -0.01317
3191.46 -0.01318
3191.58 -0.01372
3191.7 -0.01454
3191.82 -0.01497
3191.94 -0.01475
3192.06 -0.01439
3192.18 -0.01448
3192.3 -0.01498
3192.42 -0.01534
3192.54 -0.01522
3192.67 -0.01481
3192.79 -0.01444
3192.91 -0.01417
3193.03 -0.01384
3193.15 -0.01349
3193.27 -0.01338
3193.39 -0.0137
3193.51 -0.0143
3193.63 -0.01486
3193.75 -0.01514
3193.87 -0.01513
3193.99 -0.01492
3194.11 -0.01465
3194.23 -0.01441
3194.35 -0.01424
3194.47 -0.01405
3194.59 -0.01375
3194.71 -0.01337
3194.83 -0.01314
3194.96 -0.01335
3195.08 -0.01399
3195.2 -0.01467
3195.32 -0.01488
3195.44 -0.01448
3195.56 -0.01389
3195.68 -0.01362
3195.8 -0.01375
3195.92 -0.01385
3196.04 -0.01356
3196.16 -0.01304
3196.28 -0.01268
3196.4 -0.0126
3196.52 -0.01259
3196.64 -0.01261
3196.76 -0.01283
3196.88 -0.01335
3197 -0.01392
3197.13 -0.01428
3197.25 -0.01451
3197.37 -0.01485
3197.49 -0.01533
3197.61 -0.01568
3197.73 -0.01564
3197.85 -0.0152
3197.97 -0.0145
3198.09 -0.01376
3198.21 -0.01335
3198.33 -0.01351
3198.45 -0.0141
3198.57 -0.01464
3198.69 -0.01471
3198.81 -0.01432
3198.93 -0.01379
3199.05 -0.01336
3199.17 -0.01303
3199.3 -0.01275
3199.42 -0.01251
3199.54 -0.01241
3199.66 -0.01254
3199.78 -0.01294
3199.9 -0.01349
3200.02 -0.01397
3200.14 -0.01427
3200.26 -0.01446
3200.38 -0.01466
3200.5 -0.01479
3200.62 -0.01471
3200.74 -0.01446
3200.86 -0.01426
3200.98 -0.01413
3201.1 -0.01384
3201.22 -0.01329
3201.34 -0.01287
3201.47 -0.01296
3201.59 -0.01335
3201.71 -0.01344
3201.83 -0.01298
3201.95 -0.01249
3202.07 -0.01257
3202.19 -0.01315
3202.31 -0.0137
3202.43 -0.01396
3202.55 -0.01416
3202.67 -0.01438
3202.79 -0.01431
3202.91 -0.01372
3203.03 -0.01295
3203.15 -0.01268
3203.27 -0.01314
3203.39 -0.01394
3203.51 -0.01459
3203.64 -0.0149
3203.76 -0.0149
3203.88 -0.0146
3204 -0.01397
3204.12 -0.01326
3204.24 -0.01299
3204.36 -0.01353
3204.48 -0.0147
3204.6 -0.01575
3204.72 -0.01583
3204.84 -0.01479
3204.96 -0.01348
3205.08 -0.0131
3205.2 -0.01406
3205.32 -0.01549
3205.44 -0.01606
3205.56 -0.01533
3205.68 -0.01412
3205.81 -0.01354
3205.93 -0.01384
3206.05 -0.0143
3206.17 -0.01423
3206.29 -0.01364
3206.41 -0.01302
3206.53 -0.0126
3206.65 -0.01216
3206.77 -0.01153
3206.89 -0.01095
3207.01 -0.0109
3207.13 -0.01153
3207.25 -0.01248
3207.37 -0.01308
3207.49 -0.01293
3207.61 -0.01222
3207.73 -0.01168
3207.85 -0.01194
3207.98 -0.01294
3208.1 -0.01384
3208.22 -0.01384
3208.34 -0.01299
3208.46 -0.01209
3208.58 -0.01177
3208.7 -0.01193
3208.82 -0.01206
3208.94 -0.01192
3209.06 -0.01164
3209.18 -0.01142
3209.3 -0.01136
3209.42 -0.01159
3209.54 -0.01221
3209.66 -0.01299
3209.78 -0.01345
3209.9 -0.0133
3210.02 -0.01274
3210.15 -0.01224
3210.27 -0.01211
3210.39 -0.01236
3210.51 -0.01284
3210.63 -0.01341
3210.75 -0.01382
3210.87 -0.01377
3210.99 -0.01318
3211.11 -0.01239
3211.23 -0.01193
3211.35 -0.01208
3211.47 -0.01261
3211.59 -0.01309
3211.71 -0.01336
3211.83 -0.01351
3211.95 -0.01353
3212.07 -0.01324
3212.19 -0.0125
3212.31 -0.01168
3212.44 -0.01137
3212.56 -0.01181
3212.68 -0.01268
3212.8 -0.01345
3212.92 -0.0139
3213.04 -0.01417
3213.16 -0.0144
3213.28 -0.01456
3213.4 -0.01453
3213.52 -0.01427
3213.64 -0.01394
3213.76 -0.01376
3213.88 -0.01393
3214 -0.01439
3214.12 -0.0149
3214.24 -0.01515
3214.36 -0.01505
3214.48 -0.01464
3214.61 -0.014
3214.73 -0.01321
3214.85 -0.01245
3214.97 -0.012
3215.09 -0.01194
3215.21 -0.01201
3215.33 -0.01193
3215.45 -0.01169
3215.57 -0.01158
3215.69 -0.01179
3215.81 -0.01219
3215.93 -0.01256
3216.05 -0.01285
3216.17 -0.01315
3216.29 -0.01337
3216.41 -0.01326
3216.53 -0.0128
3216.65 -0.01227
3216.78 -0.01191
3216.9 -0.01159
3217.02 -0.01097
3217.14 -0.01013
3217.26 -0.00969
3217.38 -0.01025
3217.5 -0.01165
3217.62 -0.01303
3217.74 -0.01364
3217.86 -0.01351
3217.98 -0.0132
3218.1 -0.01311
3218.22 -0.01305
3218.34 -0.01263
3218.46 -0.0119
3218.58 -0.01142
3218.7 -0.01163
3218.82 -0.01226
3218.95 -0.01262
3219.07 -0.01233
3219.19 -0.01173
3219.31 -0.01146
3219.43 -0.01184
3219.55 -0.01263
3219.67 -0.01336
3219.79 -0.01368
3219.91 -0.01347
3220.03 -0.01287
3220.15 -0.01217
3220.27 -0.01165
3220.39 -0.01138
3220.51 -0.0113
3220.63 -0.01142
3220.75 -0.01179
3220.87 -0.01227
3220.99 -0.01257
3221.11 -0.01249
3221.24 -0.01221
3221.36 -0.012
3221.48 -0.01196
3221.6 -0.01196
3221.72 -0.01193
3221.84 -0.0121
3221.96 -0.01271
3222.08 -0.01373
3222.2 -0.0147
3222.32 -0.01511
3222.44 -0.01481
3222.56 -0.01425
3222.68 -0.01404
3222.8 -0.01424
3222.92 -0.01431
3223.04 -0.0137
3223.16 -0.01258
3223.28 -0.01171
3223.41 -0.01162
3223.53 -0.01216
3223.65 -0.01268
3223.77 -0.01271
3223.89 -0.01232
3224.01 -0.01199
3224.13 -0.01212
3224.25 -0.01273
3224.37 -0.01343
3224.49 -0.01388
3224.61 -0.01404
3224.73 -0.01406
3224.85 -0.01395
3224.97 -0.01366
3225.09 -0.01328
3225.21 -0.0131
3225.33 -0.01323
3225.45 -0.01348
3225.58 -0.01364
3225.7 -0.01372
3225.82 -0.0138
3225.94 -0.01378
3226.06 -0.01359
3226.18 -0.01336
3226.3 -0.01324
3226.42 -0.013
3226.54 -0.01229
3226.66 -0.01132
3226.78 -0.01084
3226.9 -0.01129
3227.02 -0.01219
3227.14 -0.01274
3227.26 -0.01275
3227.38 -0.01267
3227.5 -0.01279
3227.62 -0.01278
3227.75 -0.01223
3227.87 -0.0114
3227.99 -0.01092
3228.11 -0.01105
3228.23 -0.01136
3228.35 -0.01138
3228.47 -0.01116
3228.59 -0.01116
3228.71 -0.01166
3228.83 -0.01246
3228.95 -0.01312
3229.07 -0.01335
3229.19 -0.01319
3229.31 -0.01278
3229.43 -0.01235
3229.55 -0.01223
3229.67 -0.01275
3229.79 -0.01387
3229.92 -0.01497
3230.04 -0.0152
3230.16 -0.0143
3230.28 -0.01301
3230.4 -0.0125
3230.52 -0.0132
3230.64 -0.01439
3230.76 -0.015
3230.88 -0.01468
3231 -0.01392
3231.12 -0.0133
3231.24 -0.0129
3231.36 -0.01252
3231.48 -0.01207
3231.6 -0.01158
3231.72 -0.01109
3231.84 -0.01071
3231.96 -0.0107
3232.09 -0.01124
3232.21 -0.01205
3232.33 -0.01259
3232.45 -0.01264
3232.57 -0.0124
3232.69 -0.01217
3232.81 -0.01201
3232.93 -0.01191
3233.05 -0.0119
3233.17 -0.01194
3233.29 -0.01197
3233.41 -0.01211
3233.53 -0.01269
3233.65 -0.01367
3233.77 -0.01444
3233.89 -0.01444
3234.01 -0.01382
3234.13 -0.01317
3234.26 -0.01269
3234.38 -0.01206
3234.5 -0.01117
3234.62 -0.01052
3234.74 -0.01059
3234.86 -0.01118
3234.98 -0.01172
3235.1 -0.01196
3235.22 -0.01202
3235.34 -0.0119
3235.46 -0.01147
3235.58 -0.01096
3235.7 -0.01097
3235.82 -0.01168
3235.94 -0.01249
3236.06 -0.01267
3236.18 -0.01227
3236.3 -0.01211
3236.43 -0.01285
3236.55 -0.01423
3236.67 -0.01539
3236.79 -0.01569
3236.91 -0.01511
3237.03 -0.01406
3237.15 -0.01305
3237.27 -0.01242
3237.39 -0.01229
3237.51 -0.01245
3237.63 -0.01252
3237.75 -0.0123
3237.87 -0.01191
3237.99 -0.01167
3238.11 -0.01177
3238.23 -0.01211
3238.35 -0.01249
3238.47 -0.01278
3238.59 -0.01289
3238.72 -0.0128
3238.84 -0.01264
3238.96 -0.01254
3239.08 -0.01255
3239.2 -0.01255
3239.32 -0.01257
3239.44 -0.01281
3239.56 -0.01338
3239.68 -0.01399
3239.8 -0.01425
3239.92 -0.01406
3240.04 -0.01375
3240.16 -0.0136
3240.28 -0.01343
3240.4 -0.01297
3240.52 -0.01229
3240.64 -0.0118
3240.76 -0.0117
3240.89 -0.01172
3241.01 -0.01156
3241.13 -0.01128
3241.25 -0.01133
3241.37 -0.01197
3241.49 -0.013
3241.61 -0.01399
3241.73 -0.01466
3241.85 -0.01489
3241.97 -0.01472
3242.09 -0.01425
3242.21 -0.01373
3242.33 -0.01346
3242.45 -0.01346
3242.57 -0.01351
3242.69 -0.0134
3242.81 -0.01323
3242.93 -0.01323
3243.06 -0.01341
3243.18 -0.01358
3243.3 -0.0136
3243.42 -0.01344
3243.54 -0.01316
3243.66 -0.01275
3243.78 -0.01228
3243.9 -0.01191
3244.02 -0.01175
3244.14 -0.0119
3244.26 -0.0124
3244.38 -0.01318
3244.5 -0.01393
3244.62 -0.01417
3244.74 -0.01371
3244.86 -0.01299
3244.98 -0.01263
3245.1 -0.01275
3245.23 -0.01291
3245.35 -0.01278
3245.47 -0.01264
3245.59 -0.01298
3245.71 -0.01376
3245.83 -0.01433
3245.95 -0.01425
3246.07 -0.0138
3246.19 -0.01352
3246.31 -0.01341
3246.43 -0.01298
3246.55 -0.01202
3246.67 -0.0111
3246.79 -0.01093
3246.91 -0.01152
3247.03 -0.01214
3247.15 -0.0121
3247.27 -0.01146
3247.4 -0.01085
3247.52 -0.01095
3247.64 -0.012
3247.76 -0.01352
3247.88 -0.01461
3248 -0.01462
3248.12 -0.01388
3248.24 -0.0133
3248.36 -0.01332
3248.48 -0.0134
3248.6 -0.01297
3248.72 -0.01231
3248.84 -0.01224
3248.96 -0.01293
3249.08 -0.01365
3249.2 -0.01382
3249.32 -0.01364
3249.44 -0.01356
3249.56 -0.0134
3249.69 -0.01265
3249.81 -0.01141
3249.93 -0.01047
3250.05 -0.01042
3250.17 -0.01099
3250.29 -0.01146
3250.41 -0.01147
3250.53 -0.01123
3250.65 -0.0111
3250.77 -0.01123
3250.89 -0.01149
3251.01 -0.01167
3251.13 -0.01176
3251.25 -0.01195
3251.37 -0.01236
3251.49 -0.01274
3251.61 -0.01266
3251.73 -0.01207
3251.86 -0.01163
3251.98 -0.01207
3252.1 -0.01331
3252.22 -0.01437
3252.34 -0.01449
3252.46 -0.01383
3252.58 -0.01316
3252.7 -0.01292
3252.82 -0.01304
3252.94 -0.01339
3253.06 -0.01408
3253.18 -0.01501
3253.3 -0.01562
3253.42 -0.01533
3253.54 -0.01425
3253.66 -0.01297
3253.78 -0.01196
3253.9 -0.01129
3254.03 -0.01096
3254.15 -0.01101
3254.27 -0.0113
3254.39 -0.0114
3254.51 -0.01104
3254.63 -0.01048
3254.75 -0.01023
3254.87 -0.01053
3254.99 -0.01113
3255.11 -0.01165
3255.23 -0.01187
3255.35 -0.01166
3255.47 -0.01106
3255.59 -0.01036
3255.71 -0.01005
3255.83 -0.01037
3255.95 -0.01101
3256.07 -0.01138
3256.2 -0.01123
3256.32 -0.01085
3256.44 -0.01066
3256.56 -0.01078
3256.68 -0.01096
3256.8 -0.01095
3256.92 -0.01072
3257.04 -0.01047
3257.16 -0.01039
3257.28 -0.01052
3257.4 -0.01082
3257.52 -0.01115
3257.64 -0.01142
3257.76 -0.01161
3257.88 -0.01188
3258 -0.01234
3258.12 -0.01289
3258.24 -0.01315
3258.37 -0.01278
3258.49 -0.01194
3258.61 -0.01123
3258.73 -0.01115
3258.85 -0.01158
3258.97 -0.01203
3259.09 -0.0122
3259.21 -0.01224
3259.33 -0.01238
3259.45 -0.01253
3259.57 -0.01244
3259.69 -0.01219
3259.81 -0.01208
3259.93 -0.01222
3260.05 -0.01229
3260.17 -0.01206
3260.29 -0.01171
3260.41 -0.01162
3260.54 -0.0119
3260.66 -0.01237
3260.78 -0.0129
3260.9 -0.01342
3261.02 -0.01376
3261.14 -0.01372
3261.26 -0.01337
3261.38 -0.01313
3261.5 -0.01333
3261.62 -0.01387
3261.74 -0.01436
3261.86 -0.01459
3261.98 -0.01458
3262.1 -0.01445
3262.22 -0.01435
3262.34 -0.01436
3262.46 -0.01442
3262.58 -0.01432
3262.71 -0.01395
3262.83 -0.0135
3262.95 -0.01319
3263.07 -0.01296
3263.19 -0.01262
3263.31 -0.01223
3263.43 -0.01202
3263.55 -0.01203
3263.67 -0.01202
3263.79 -0.01194
3263.91 -0.01208
3264.03 -0.01265
3264.15 -0.01331
3264.27 -0.01347
3264.39 -0.013
3264.51 -0.01233
3264.63 -0.01194
3264.75 -0.01191
3264.88 -0.01199
3265 -0.01201
3265.12 -0.01204
3265.24 -0.0122
3265.36 -0.01256
3265.48 -0.01299
3265.6 -0.01325
3265.72 -0.01321
3265.84 -0.01301
3265.96 -0.01299
3266.08 -0.01332
3266.2 -0.01377
3266.32 -0.01395
3266.44 -0.01371
3266.56 -0.01321
3266.68 -0.01275
3266.8 -0.01247
3266.92 -0.01229
3267.04 -0.01203
3267.17 -0.0116
3267.29 -0.01115
3267.41 -0.01095
3267.53 -0.01113
3267.65 -0.01153
3267.77 -0.01176
3267.89 -0.01162
3268.01 -0.01127
3268.13 -0.011
3268.25 -0.01096
3268.37 -0.01122
3268.49 -0.01188
3268.61 -0.01297
3268.73 -0.01407
3268.85 -0.0145
3268.97 -0.014
3269.09 -0.01303
3269.21 -0.01227
3269.34 -0.01188
3269.46 -0.01165
3269.58 -0.01159
3269.7 -0.012
3269.82 -0.01282
3269.94 -0.01346
3270.06 -0.01352
3270.18 -0.01328
3270.3 -0.01312
3270.42 -0.01283
3270.54 -0.01201
3270.66 -0.01098
3270.78 -0.01062
3270.9 -0.01123
3271.02 -0.01205
3271.14 -0.01211
3271.26 -0.0114
3271.38 -0.01071
3271.51 -0.01066
3271.63 -0.01114
3271.75 -0.01161
3271.87 -0.01165
3271.99 -0.01127
3272.11 -0.01087
3272.23 -0.01102
3272.35 -0.01187
3272.47 -0.01284
3272.59 -0.01304
3272.71 -0.01224
3272.83 -0.01112
3272.95 -0.01047
3273.07 -0.0104
3273.19 -0.01045
3273.31 -0.0103
3273.43 -0.01011
3273.55 -0.01019
3273.68 -0.01057
3273.8 -0.01101
3273.92 -0.01131
3274.04 -0.01147
3274.16 -0.01164
3274.28 -0.01191
3274.4 -0.01216
3274.52 -0.01217
3274.64 -0.01188
3274.76 -0.01155
3274.88 -0.01157
3275 -0.01212
3275.12 -0.01298
3275.24 -0.01362
3275.36 -0.01361
3275.48 -0.01296
3275.6 -0.01202
3275.72 -0.01124
3275.85 -0.01081
3275.97 -0.01066
3276.09 -0.01063
3276.21 -0.0106
3276.33 -0.01055
3276.45 -0.01045
3276.57 -0.01032
3276.69 -0.01026
3276.81 -0.01034
3276.93 -0.0105
3277.05 -0.01063
3277.17 -0.01074
3277.29 -0.01094
3277.41 -0.01122
3277.53 -0.01139
3277.65 -0.01125
3277.77 -0.01078
3277.89 -0.01017
3278.02 -0.00973
3278.14 -0.00984
3278.26 -0.01068
3278.38 -0.01197
3278.5 -0.01305
3278.62 -0.01342
3278.74 -0.01313
3278.86 -0.01254
3278.98 -0.01178
3279.1 -0.0108
3279.22 -0.00982
3279.34 -0.00934
3279.46 -0.0096
3279.58 -0.01027
3279.7 -0.0109
3279.82 -0.01142
3279.94 -0.01198
3280.06 -0.01245
3280.19 -0.01243
3280.31 -0.01187
3280.43 -0.01134
3280.55 -0.01137
3280.67 -0.01181
3280.79 -0.01205
3280.91 -0.01176
3281.03 -0.0112
3281.15 -0.01081
3281.27 -0.01077
3281.39 -0.01105
3281.51 -0.01158
3281.63 -0.01219
3281.75 -0.01254
3281.87 -0.01229
3281.99 -0.01158
3282.11 -0.01095
3282.23 -0.01077
3282.35 -0.01091
3282.48 -0.01094
3282.6 -0.01066
3282.72 -0.01023
3282.84 -0.00995
3282.96 -0.00994
3283.08 -0.01008
3283.2 -0.01014
3283.32 -0.0101
3283.44 -0.01019
3283.56 -0.01065
3283.68 -0.01133
3283.8 -0.01162
3283.92 -0.01109
3284.04 -0.01022
3284.16 -0.01008
3284.28 -0.01115
3284.4 -0.01271
3284.52 -0.01359
3284.65 -0.01343
3284.77 -0.01282
3284.89 -0.01239
3285.01 -0.01205
3285.13 -0.01133
3285.25 -0.01025
3285.37 -0.00938
3285.49 -0.00926
3285.61 -0.0098
3285.73 -0.01034
3285.85 -0.01035
3285.97 -0.00993
3286.09 -0.00969
3286.21 -0.01004
3286.33 -0.01073
3286.45 -0.01107
3286.57 -0.01074
3286.69 -0.01015
3286.82 -0.00994
3286.94 -0.01016
3287.06 -0.01034
3287.18 -0.01018
3287.3 -0.00994
3287.42 -0.00999
3287.54 -0.01024
3287.66 -0.01029
3287.78 -0.01003
3287.9 -0.00981
3288.02 -0.01001
3288.14 -0.01059
3288.26 -0.01118
3288.38 -0.0115
3288.5 -0.01156
3288.62 -0.01152
3288.74 -0.01145
3288.86 -0.01134
3288.99 -0.01117
3289.11 -0.01102
3289.23 -0.01098
3289.35 -0.01106
3289.47 -0.01115
3289.59 -0.01106
3289.71 -0.01076
3289.83 -0.01046
3289.95 -0.01043
3290.07 -0.01068
3290.19 -0.01097
3290.31 -0.011
3290.43 -0.01065
3290.55 -0.01009
3290.67 -0.00957
3290.79 -0.00925
3290.91 -0.00915
3291.03 -0.00928
3291.16 -0.00968
3291.28 -0.01032
3291.4 -0.01097
3291.52 -0.0114
3291.64 -0.01153
3291.76 -0.0114
3291.88 -0.011
3292 -0.01031
3292.12 -0.00965
3292.24 -0.00955
3292.36 -0.01017
3292.48 -0.01095
3292.6 -0.01119
3292.72 -0.01084
3292.84 -0.01044
3292.96 -0.01033
3293.08 -0.01023
3293.2 -0.00986
3293.32 -0.00944
3293.45 -0.00936
3293.57 -0.0096
3293.69 -0.00978
3293.81 -0.00979
3293.93 -0.00994
3294.05 -0.0105
3294.17 -0.01131
3294.29 -0.01203
3294.41 -0.01245
3294.53 -0.01248
3294.65 -0.01209
3294.77 -0.01144
3294.89 -0.01087
3295.01 -0.01052
3295.13 -0.01016
3295.25 -0.00953
3295.37 -0.00878
3295.49 -0.00837
3295.62 -0.00848
3295.74 -0.00884
3295.86 -0.00914
3295.98 -0.00943
3296.1 -0.0099
3296.22 -0.01039
3296.34 -0.01056
3296.46 -0.01031
3296.58 -0.00998
3296.7 -0.00993
3296.82 -0.01009
3296.94 -0.01022
3297.06 -0.01037
3297.18 -0.01086
3297.3 -0.01167
3297.42 -0.01209
3297.54 -0.01153
3297.66 -0.01033
3297.79 -0.0096
3297.91 -0.01002
3298.03 -0.0111
3298.15 -0.01189
3298.27 -0.01212
3298.39 -0.01228
3298.51 -0.01258
3298.63 -0.01259
3298.75 -0.01195
3298.87 -0.01113
3298.99 -0.01093
3299.11 -0.01139
3299.23 -0.01176
3299.35 -0.01152
3299.47 -0.01094
3299.59 -0.01052
3299.71 -0.01029
3299.83 -0.00994
3299.96 -0.00945
3300.08 -0.00919
3300.2 -0.00926
3300.32 -0.00932
3300.44 -0.00908
3300.56 -0.00872
3300.68 -0.00863
3300.8 -0.00903
3300.92 -0.00991
3301.04 -0.0111
3301.16 -0.01225
3301.28 -0.01281
3301.4 -0.01253
3301.52 -0.01182
3301.64 -0.01131
3301.76 -0.01114
3301.88 -0.011
3302 -0.01074
3302.13 -0.01056
3302.25 -0.0105
3302.37 -0.01017
3302.49 -0.00937
3302.61 -0.00864
3302.73 -0.00872
3302.85 -0.00965
3302.97 -0.01066
3303.09 -0.01112
3303.21 -0.01113
3303.33 -0.01111
3303.45 -0.01122
3303.57 -0.01132
3303.69 -0.01126
3303.81 -0.01101
3303.93 -0.01065
3304.05 -0.01035
3304.17 -0.01025
3304.3 -0.01039
3304.42 -0.01064
3304.54 -0.01096
3304.66 -0.01149
3304.78 -0.01221
3304.9 -0.01271
3305.02 -0.01249
3305.14 -0.01167
3305.26 -0.01087
3305.38 -0.01061
3305.5 -0.01069
3305.62 -0.01052
3305.74 -0.00988
3305.86 -0.00916
3305.98 -0.00893
3306.1 -0.00932
3306.22 -0.00994
3306.34 -0.01039
3306.47 -0.01065
3306.59 -0.01099
3306.71 -0.01149
3306.83 -0.01185
3306.95 -0.01168
3307.07 -0.01084
3307.19 -0.0097
3307.31 -0.00892
3307.43 -0.0091
3307.55 -0.01035
3307.67 -0.01195
3307.79 -0.01276
3307.91 -0.01205
3308.03 -0.0103
3308.15 -0.00878
3308.27 -0.0083
3308.39 -0.00852
3308.51 -0.00854
3308.64 -0.00801
3308.76 -0.00756
3308.88 -0.00793
3309 -0.00911
3309.12 -0.01028
3309.24 -0.0106
3309.36 -0.00999
3309.48 -0.00905
3309.6 -0.00845
3309.72 -0.00835
3309.84 -0.00855
3309.96 -0.00886
3310.08 -0.00928
3310.2 -0.00978
3310.32 -0.01012
3310.44 -0.01017
3310.56 -0.01015
3310.68 -0.01043
3310.8 -0.01099
3310.93 -0.01136
3311.05 -0.01124
3311.17 -0.01095
3311.29 -0.01106
3311.41 -0.01155
3311.53 -0.01171
3311.65 -0.01107
3311.77 -0.01008
3311.89 -0.00962
3312.01 -0.00998
3312.13 -0.01062
3312.25 -0.01091
3312.37 -0.01086
3312.49 -0.01082
3312.61 -0.01088
3312.73 -0.01081
3312.85 -0.0105
3312.97 -0.01013
3313.1 -0.00991
3313.22 -0.00988
3313.34 -0.00998
3313.46 -0.01026
3313.58 -0.01065
3313.7 -0.01086
3313.82 -0.0106
3313.94 -0.00997
3314.06 -0.00947
3314.18 -0.00951
3314.3 -0.01002
3314.42 -0.01054
3314.54 -0.01065
3314.66 -0.01037
3314.78 -0.01002
3314.9 -0.00983
3315.02 -0.00974
3315.14 -0.00956
3315.27 -0.00924
3315.39 -0.00892
3315.51 -0.00866
3315.63 -0.0084
3315.75 -0.00817
3315.87 -0.0083
3315.99 -0.00909
3316.11 -0.01033
3316.23 -0.01119
3316.35 -0.01095
3316.47 -0.00979
3316.59 -0.00871
3316.71 -0.00859
3316.83 -0.00933
3316.95 -0.01007
3317.07 -0.01025
3317.19 -0.01012
3317.31 -0.0102
3317.44 -0.01046
3317.56 -0.01045
3317.68 -0.01006
3317.8 -0.00978
3317.92 -0.01004
3318.04 -0.01065
3318.16 -0.01105
3318.28 -0.01102
3318.4 -0.01079
3318.52 -0.01049
3318.64 -0.01007
3318.76 -0.00957
3318.88 -0.00937
3319 -0.00967
3319.12 -0.01018
3319.24 -0.01032
3319.36 -0.00985
3319.48 -0.00913
3319.6 -0.00878
3319.73 -0.0091
3319.85 -0.00989
3319.97 -0.01056
3320.09 -0.01067
3320.21 -0.01024
3320.33 -0.00968
3320.45 -0.0093
3320.57 -0.00912
3320.69 -0.00918
3320.81 -0.00967
3320.93 -0.01062
3321.05 -0.01153
3321.17 -0.01172
3321.29 -0.01114
3321.41 -0.0105
3321.53 -0.01037
3321.65 -0.01053
3321.77 -0.0103
3321.9 -0.00952
3322.02 -0.00873
3322.14 -0.00861
3322.26 -0.00919
3322.38 -0.00998
3322.5 -0.0104
3322.62 -0.01032
3322.74 -0.01008
3322.86 -0.0102
3322.98 -0.01084
3323.1 -0.01167
3323.22 -0.01219
3323.34 -0.01225
3323.46 -0.01207
3323.58 -0.01176
3323.7 -0.01123
3323.82 -0.0106
3323.94 -0.01034
3324.07 -0.01069
3324.19 -0.01121
3324.31 -0.01118
3324.43 -0.01059
3324.55 -0.01006
3324.67 -0.00997
3324.79 -0.00991
3324.91 -0.00944
3325.03 -0.00886
3325.15 -0.00892
3325.27 -0.0098
3325.39 -0.01086
3325.51 -0.01133
3325.63 -0.01103
3325.75 -0.01036
3325.87 -0.00985
3325.99 -0.00971
3326.11 -0.0098
3326.24 -0.00983
3326.36 -0.00979
3326.48 -0.00994
3326.6 -0.01044
3326.72 -0.01087
3326.84 -0.01062
3326.96 -0.00963
3327.08 -0.00853
3327.2 -0.0079
3327.32 -0.00767
3327.44 -0.00752
3327.56 -0.00754
3327.68 -0.00812
3327.8 -0.00924
3327.92 -0.0103
3328.04 -0.01062
3328.16 -0.01008
3328.28 -0.00917
3328.41 -0.00853
3328.53 -0.00858
3328.65 -0.00926
3328.77 -0.01008
3328.89 -0.01053
3329.01 -0.01052
3329.13 -0.01032
3329.25 -0.01019
3329.37 -0.01004
3329.49 -0.00973
3329.61 -0.00933
3329.73 -0.00907
3329.85 -0.00912
3329.97 -0.00948
3330.09 -0.00995
3330.21 -0.0102
3330.33 -0.00994
3330.45 -0.00927
3330.58 -0.00868
3330.7 -0.00858
3330.82 -0.0088
3330.94 -0.00893
3331.06 -0.00895
3331.18 -0.00919
3331.3 -0.00975
3331.42 -0.01023
3331.54 -0.01034
3331.66 -0.0104
3331.78 -0.01086
3331.9 -0.01153
3332.02 -0.01175
3332.14 -0.01129
3332.26 -0.01071
3332.38 -0.01064
3332.5 -0.01098
3332.62 -0.01109
3332.75 -0.01066
3332.87 -0.01005
3332.99 -0.00972
3333.11 -0.00973
3333.23 -0.00975
3333.35 -0.00951
3333.47 -0.00916
3333.59 -0.00911
3333.71 -0.00956
3333.83 -0.01012
3333.95 -0.01013
3334.07 -0.00945
3334.19 -0.00881
3334.31 -0.00891
3334.43 -0.00954
3334.55 -0.00982
3334.67 -0.00945
3334.79 -0.00918
3334.92 -0.00977
3335.04 -0.01091
3335.16 -0.01166
3335.28 -0.01173
3335.4 -0.0117
3335.52 -0.01195
3335.64 -0.01206
3335.76 -0.01157
3335.88 -0.01074
3336 -0.01026
3336.12 -0.01033
3336.24 -0.01055
3336.36 -0.01044
3336.48 -0.00988
3336.6 -0.00901
3336.72 -0.00811
3336.84 -0.00761
3336.96 -0.00791
3337.08 -0.00884
3337.21 -0.00967
3337.33 -0.00984
3337.45 -0.00944
3337.57 -0.00902
3337.69 -0.00893
3337.81 -0.00913
3337.93 -0.00946
3338.05 -0.00994
3338.17 -0.01046
3338.29 -0.01067
3338.41 -0.01016
3338.53 -0.00902
3338.65 -0.00799
3338.77 -0.00797
3338.89 -0.00915
3339.01 -0.01072
3339.13 -0.01144
3339.25 -0.0108
3339.38 -0.00938
3339.5 -0.00828
3339.62 -0.0081
3339.74 -0.00857
3339.86 -0.00902
3339.98 -0.0091
3340.1 -0.00893
3340.22 -0.00887
3340.34 -0.00913
3340.46 -0.00964
3340.58 -0.01015
3340.7 -0.01043
3340.82 -0.01045
3340.94 -0.01036
3341.06 -0.0103
3341.18 -0.01022
3341.3 -0.01001
3341.42 -0.00981
3341.55 -0.00989
3341.67 -0.01027
3341.79 -0.01056
3341.91 -0.01039
3342.03 -0.0099
3342.15 -0.00963
3342.27 -0.00982
3342.39 -0.01011
3342.51 -0.01
3342.63 -0.0094
3342.75 -0.00874
3342.87 -0.00855
3342.99 -0.00908
3343.11 -0.01015
3343.23 -0.01125
3343.35 -0.0119
3343.47 -0.01204
3343.59 -0.01202
3343.72 -0.0121
3343.84 -0.01208
3343.96 -0.01156
3344.08 -0.01053
3344.2 -0.00943
3344.32 -0.00876
3344.44 -0.00865
3344.56 -0.009
3344.68 -0.00962
3344.8 -0.01022
3344.92 -0.01041
3345.04 -0.01005
3345.16 -0.00952
3345.28 -0.00944
3345.4 -0.00998
3345.52 -0.01064
3345.64 -0.01072
3345.76 -0.01006
3345.89 -0.00921
3346.01 -0.00892
3346.13 -0.00948
3346.25 -0.0105
3346.37 -0.0113
3346.49 -0.01152
3346.61 -0.01134
3346.73 -0.01117
3346.85 -0.01121
3346.97 -0.01135
3347.09 -0.01138
3347.21 -0.01116
3347.33 -0.01071
3347.45 -0.01021
3347.57 -0.00993
3347.69 -0.01007
3347.81 -0.01051
3347.93 -0.01086
3348.05 -0.01083
3348.18 -0.01043
3348.3 -0.00986
3348.42 -0.00927
3348.54 -0.00869
3348.66 -0.00824
3348.78 -0.00813
3348.9 -0.00837
3349.02 -0.00872
3349.14 -0.00892
3349.26 -0.00906
3349.38 -0.00939
3349.5 -0.00997
3349.62 -0.01048
3349.74 -0.01061
3349.86 -0.01047
3349.98 -0.01035
3350.1 -0.01028
3350.22 -0.01009
3350.35 -0.00976
3350.47 -0.00957
3350.59 -0.00962
3350.71 -0.00956
3350.83 -0.00906
3350.95 -0.00845
3351.07 -0.0084
3351.19 -0.00908
3351.31 -0.00979
3351.43 -0.00984
3351.55 -0.00929
3351.67 -0.00879
3351.79 -0.00884
3351.91 -0.00939
3352.03 -0.0101
3352.15 -0.01069
3352.27 -0.011
3352.39 -0.01098
3352.52 -0.01074
3352.64 -0.0104
3352.76 -0.00996
3352.88 -0.00936
3353 -0.0088
3353.12 -0.00875
3353.24 -0.00935
3353.36 -0.01017
3353.48 -0.01051
3353.6 -0.01013
3353.72 -0.00937
3353.84 -0.0088
3353.96 -0.00882
3354.08 -0.00946
3354.2 -0.0103
3354.32 -0.0107
3354.44 -0.01035
3354.56 -0.00968
3354.69 -0.00943
3354.81 -0.00979
3354.93 -0.01024
3355.05 -0.0103
3355.17 -0.01009
3355.29 -0.01
3355.41 -0.01005
3355.53 -0.00999
3355.65 -0.00985
3355.77 -0.00992
3355.89 -0.01024
3356.01 -0.01046
3356.13 -0.01034
3356.25 -0.01017
3356.37 -0.01036
3356.49 -0.01085
3356.61 -0.01113
3356.73 -0.01076
3356.86 -0.00984
3356.98 -0.00886
3357.1 -0.00828
3357.22 -0.00824
3357.34 -0.00843
3357.46 -0.00846
3357.58 -0.00825
3357.7 -0.00805
3357.82 -0.00806
3357.94 -0.00816
3358.06 -0.00826
3358.18 -0.00855
3358.3 -0.00925
3358.42 -0.01013
3358.54 -0.0106
3358.66 -0.0104
3358.78 -0.00987
3358.9 -0.00956
3359.03 -0.00964
3359.15 -0.00989
3359.27 -0.01003
3359.39 -0.01001
3359.51 -0.01002
3359.63 -0.01022
3359.75 -0.01058
3359.87 -0.01082
3359.99 -0.01072
3360.11 -0.01034
3360.23 -0.01
3360.35 -0.00984
3360.47 -0.00972
3360.59 -0.00966
3360.71 -0.01004
3360.83 -0.01102
3360.95 -0.01208
3361.07 -0.01232
3361.2 -0.01147
3361.32 -0.01022
3361.44 -0.00952
3361.56 -0.00967
3361.68 -0.01023
3361.8 -0.01061
3361.92 -0.01056
3362.04 -0.01019
3362.16 -0.00979
3362.28 -0.00964
3362.4 -0.00995
3362.52 -0.01068
3362.64 -0.01145
3362.76 -0.01174
3362.88 -0.0113
3363 -0.0105
3363.12 -0.01008
3363.24 -0.01047
3363.36 -0.01129
3363.49 -0.01171
3363.61 -0.01122
3363.73 -0.0102
3363.85 -0.00943
3363.97 -0.0094
3364.09 -0.00997
3364.21 -0.01059
3364.33 -0.01078
3364.45 -0.01039
3364.57 -0.00956
3364.69 -0.00857
3364.81 -0.00769
3364.93 -0.00715
3365.05 -0.00714
3365.17 -0.00776
3365.29 -0.00878
3365.41 -0.00964
3365.53 -0.00995
3365.66 -0.00981
3365.78 -0.00971
3365.9 -0.00983
3366.02 -0.00982
3366.14 -0.00927
3366.26 -0.00835
3366.38 -0.00772
3366.5 -0.0078
3366.62 -0.00829
3366.74 -0.00858
3366.86 -0.00848
3366.98 -0.00839
3367.1 -0.00884
3367.22 -0.0098
3367.34 -0.01071
3367.46 -0.01098
3367.58 -0.01044
3367.7 -0.00951
3367.83 -0.00884
3367.95 -0.00886
3368.07 -0.00946
3368.19 -0.01008
3368.31 -0.01028
3368.43 -0.01012
3368.55 -0.01001
3368.67 -0.0102
3368.79 -0.01049
3368.91 -0.01045
3369.03 -0.00991
3369.15 -0.00906
3369.27 -0.00824
3369.39 -0.00785
3369.51 -0.00822
3369.63 -0.00931
3369.75 -0.01042
3369.87 -0.01059
3370 -0.00961
3370.12 -0.00838
3370.24 -0.00805
3370.36 -0.00875
3370.48 -0.00952
3370.6 -0.0095
3370.72 -0.00889
3370.84 -0.00854
3370.96 -0.0088
3371.08 -0.00922
3371.2 -0.0093
3371.32 -0.00923
3371.44 -0.00954
3371.56 -0.01027
3371.68 -0.01082
3371.8 -0.01059
3371.92 -0.00967
3372.04 -0.00883
3372.17 -0.00876
3372.29 -0.00939
3372.41 -0.01006
3372.53 -0.01022
3372.65 -0.01004
3372.77 -0.01011
3372.89 -0.01068
3373.01 -0.0113
3373.13 -0.01129
3373.25 -0.01043
3373.37 -0.00915
3373.49 -0.0081
3373.61 -0.00766
3373.73 -0.00779
3373.85 -0.00814
3373.97 -0.00826
3374.09 -0.00794
3374.21 -0.00752
3374.33 -0.00766
3374.46 -0.00867
3374.58 -0.01016
3374.7 -0.01132
3374.82 -0.01167
3374.94 -0.0113
3375.06 -0.01066
3375.18 -0.01011
3375.3 -0.00982
3375.42 -0.0098
3375.54 -0.00984
3375.66 -0.00972
3375.78 -0.00938
3375.9 -0.00905
3376.02 -0.00896
3376.14 -0.00907
3376.26 -0.00912
3376.38 -0.00908
3376.5 -0.00916
3376.63 -0.00953
3376.75 -0.00997
3376.87 -0.01006
3376.99 -0.00979
3377.11 -0.00959
3377.23 -0.00976
3377.35 -0.00995
3377.47 -0.00961
3377.59 -0.00879
3377.71 -0.00829
3377.83 -0.00866
3377.95 -0.00948
3378.07 -0.00975
3378.19 -0.00909
3378.31 -0.00816
3378.43 -0.00783
3378.55 -0.00832
3378.67 -0.00919
3378.8 -0.00996
3378.92 -0.01047
3379.04 -0.01069
3379.16 -0.01064
3379.28 -0.01049
3379.4 -0.01044
3379.52 -0.01055
3379.64 -0.01057
3379.76 -0.01031
3379.88 -0.00991
3380 -0.00974
3380.12 -0.00996
3380.24 -0.01032
3380.36 -0.01051
3380.48 -0.01045
3380.6 -0.01034
3380.72 -0.01037
3380.84 -0.01045
3380.97 -0.01038
3381.09 -0.01014
3381.21 -0.00989
3381.33 -0.00975
3381.45 -0.00965
3381.57 -0.00953
3381.69 -0.00948
3381.81 -0.00953
3381.93 -0.00953
3382.05 -0.00937
3382.17 -0.00926
3382.29 -0.00949
3382.41 -0.01002
3382.53 -0.01034
3382.65 -0.01006
3382.77 -0.0095
3382.89 -0.00938
3383.01 -0.01003
3383.14 -0.01093
3383.26 -0.01127
3383.38 -0.01065
3383.5 -0.00946
3383.62 -0.00845
3383.74 -0.00813
3383.86 -0.0085
3383.98 -0.00918
3384.1 -0.0097
3384.22 -0.00971
3384.34 -0.00922
3384.46 -0.00867
3384.58 -0.00868
3384.7 -0.0095
3384.82 -0.01059
3384.94 -0.01102
3385.06 -0.01044
3385.18 -0.00942
3385.31 -0.0088
3385.43 -0.00879
3385.55 -0.00889
3385.67 -0.00864
3385.79 -0.00814
3385.91 -0.00782
3386.03 -0.00794
3386.15 -0.0083
3386.27 -0.00857
3386.39 -0.00863
3386.51 -0.00859
3386.63 -0.00857
3386.75 -0.0085
3386.87 -0.00825
3386.99 -0.00791
3387.11 -0.00783
3387.23 -0.00827
3387.35 -0.00904
3387.48 -0.0096
3387.6 -0.00962
3387.72 -0.00933
3387.84 -0.00914
3387.96 -0.00923
3388.08 -0.00954
3388.2 -0.00998
3388.32 -0.01041
3388.44 -0.01059
3388.56 -0.01029
3388.68 -0.00968
3388.8 -0.00933
3388.92 -0.00971
3389.04 -0.01064
3389.16 -0.01147
3389.28 -0.01172
3389.4 -0.01149
3389.52 -0.0111
3389.65 -0.01068
3389.77 -0.01021
3389.89 -0.00982
3390.01 -0.00989
3390.13 -0.01053
3390.25 -0.01123
3390.37 -0.01127
3390.49 -0.01047
3390.61 -0.00936
3390.73 -0.00859
3390.85 -0.00836
3390.97 -0.00852
3391.09 -0.00891
3391.21 -0.00936
3391.33 -0.00958
3391.45 -0.00923
3391.57 -0.0084
3391.69 -0.00761
3391.81 -0.00732
3391.94 -0.00753
3392.06 -0.00796
3392.18 -0.00831
3392.3 -0.00842
3392.42 -0.00821
3392.54 -0.00787
3392.66 -0.00788
3392.78 -0.00865
3392.9 -0.01002
3393.02 -0.01124
3393.14 -0.01155
3393.26 -0.01077
3393.38 -0.0094
3393.5 -0.00818
3393.62 -0.00762
3393.74 -0.00773
3393.86 -0.00813
3393.98 -0.0084
3394.11 -0.00844
3394.23 -0.0084
3394.35 -0.00856
3394.47 -0.0091
3394.59 -0.00998
3394.71 -0.01085
3394.83 -0.01113
3394.95 -0.01048
3395.07 -0.00927
3395.19 -0.00833
3395.31 -0.00816
3395.43 -0.0085
3395.55 -0.00873
3395.67 -0.00864
3395.79 -0.00858
3395.91 -0.00886
3396.03 -0.00935
3396.15 -0.00965
3396.28 -0.00968
3396.4 -0.00964
3396.52 -0.00972
3396.64 -0.00976
3396.76 -0.00951
3396.88 -0.00897
3397 -0.00847
3397.12 -0.00837
3397.24 -0.0087
3397.36 -0.00919
3397.48 -0.0095
3397.6 -0.00951
3397.72 -0.00931
3397.84 -0.00904
3397.96 -0.00876
3398.08 -0.00848
3398.2 -0.00824
3398.32 -0.00817
3398.45 -0.00836
3398.57 -0.00875
3398.69 -0.00906
3398.81 -0.00907
3398.93 -0.00887
3399.05 -0.00878
3399.17 -0.00892
3399.29 -0.009
3399.41 -0.00866
3399.53 -0.00807
3399.65 -0.00785
3399.77 -0.0083
3399.89 -0.00893
3400.01 -0.00905
3400.13 -0.00861
3400.25 -0.0083
3400.37 -0.00872
3400.49 -0.00967
3400.61 -0.01053
3400.74 -0.0109
3400.86 -0.01089
3400.98 -0.01076
3401.1 -0.01062
3401.22 -0.01049
3401.34 -0.01047
3401.46 -0.01055
3401.58 -0.01059
3401.7 -0.01041
3401.82 -0.01
3401.94 -0.00961
3402.06 -0.00944
3402.18 -0.00945
3402.3 -0.00947
3402.42 -0.0094
3402.54 -0.00935
3402.66 -0.00944
3402.78 -0.00952
3402.91 -0.00924
3403.03 -0.00852
3403.15 -0.00777
3403.27 -0.0076
3403.39 -0.0081
3403.51 -0.00871
3403.63 -0.00895
3403.75 -0.00898
3403.87 -0.00927
3403.99 -0.00979
3404.11 -0.00998
3404.23 -0.00958
3404.35 -0.00907
3404.47 -0.00893
3404.59 -0.00888
3404.71 -0.00827
3404.83 -0.00718
3404.95 -0.00655
3405.08 -0.00708
3405.2 -0.00831
3405.32 -0.00925
3405.44 -0.00953
3405.56 -0.00964
3405.68 -0.01013
3405.8 -0.01093
3405.92 -0.01144
3406.04 -0.01124
3406.16 -0.01037
3406.28 -0.00932
3406.4 -0.00873
3406.52 -0.00889
3406.64 -0.00951
3406.76 -0.00993
3406.88 -0.00979
3407 -0.0092
3407.12 -0.00845
3407.25 -0.00772
3407.37 -0.00724
3407.49 -0.00727
3407.61 -0.00786
3407.73 -0.00864
3407.85 -0.00926
3407.97 -0.00973
3408.09 -0.01012
3408.21 -0.01015
3408.33 -0.00958
3408.45 -0.00876
3408.57 -0.00835
3408.69 -0.00854
3408.81 -0.00893
3408.93 -0.00931
3409.05 -0.00985
3409.17 -0.01054
3409.29 -0.01083
3409.42 -0.01043
3409.54 -0.00987
3409.66 -0.00977
3409.78 -0.00987
3409.9 -0.00949
3410.02 -0.00871
3410.14 -0.00839
3410.26 -0.0089
3410.38 -0.0096
3410.5 -0.00979
3410.62 -0.00967
3410.74 -0.00983
3410.86 -0.01041
3410.98 -0.01107
3411.1 -0.01159
3411.22 -0.01196
3411.34 -0.01195
3411.46 -0.01117
3411.59 -0.00968
3411.71 -0.00827
3411.83 -0.00781
3411.95 -0.00859
3412.07 -0.01009
3412.19 -0.01134
3412.31 -0.01144
3412.43 -0.01032
3412.55 -0.00897
3412.67 -0.00859
3412.79 -0.00942
3412.91 -0.01048
3413.03 -0.01066
3413.15 -0.00988
3413.27 -0.00899
3413.39 -0.0087
3413.51 -0.00896
3413.63 -0.00934
3413.76 -0.00963
3413.88 -0.00997
3414 -0.01052
3414.12 -0.01115
3414.24 -0.01144
3414.36 -0.011
3414.48 -0.00992
3414.6 -0.00884
3414.72 -0.00851
3414.84 -0.00901
3414.96 -0.00976
3415.08 -0.01021
3415.2 -0.01038
3415.32 -0.01065
3415.44 -0.01099
3415.56 -0.01095
3415.68 -0.01024
3415.8 -0.00923
3415.93 -0.00856
3416.05 -0.00845
3416.17 -0.00862
3416.29 -0.00884
3416.41 -0.00929
3416.53 -0.01017
3416.65 -0.01121
3416.77 -0.01181
3416.89 -0.01167
3417.01 -0.0111
3417.13 -0.01071
3417.25 -0.01072
3417.37 -0.01069
3417.49 -0.00999
3417.61 -0.0086
3417.73 -0.00731
3417.85 -0.00697
3417.97 -0.00755
3418.09 -0.00808
3418.22 -0.00779
3418.34 -0.007
3418.46 -0.00678
3418.58 -0.00754
3418.7 -0.00853
3418.82 -0.00879
3418.94 -0.0082
3419.06 -0.00748
3419.18 -0.00716
3419.3 -0.00719
3419.42 -0.00732
3419.54 -0.00761
3419.66 -0.0082
3419.78 -0.00893
3419.9 -0.00941
3420.02 -0.00951
3420.14 -0.00939
3420.26 -0.00932
3420.39 -0.00938
3420.51 -0.00955
3420.63 -0.00985
3420.75 -0.01023
3420.87 -0.01055
3420.99 -0.01078
3421.11 -0.01094
3421.23 -0.01092
3421.35 -0.01043
3421.47 -0.00943
3421.59 -0.00842
3421.71 -0.00814
3421.83 -0.00876
3421.95 -0.00964
3422.07 -0.01005
3422.19 -0.00985
3422.31 -0.0094
3422.43 -0.00901
3422.56 -0.00874
3422.68 -0.00866
3422.8 -0.00891
3422.92 -0.00947
3423.04 -0.01007
3423.16 -0.01058
3423.28 -0.01114
3423.4 -0.01177
3423.52 -0.012
3423.64 -0.01141
3423.76 -0.01029
3423.88 -0.00955
3424 -0.00967
3424.12 -0.01023
3424.24 -0.0105
3424.36 -0.01026
3424.48 -0.00993
3424.6 -0.00988
3424.73 -0.01014
3424.85 -0.01045
3424.97 -0.01044
3425.09 -0.00974
3425.21 -0.00839
3425.33 -0.00718
3425.45 -0.00707
3425.57 -0.00818
3425.69 -0.00943
3425.81 -0.00966
3425.93 -0.00882
3426.05 -0.00785
3426.17 -0.00764
3426.29 -0.00826
3426.41 -0.00919
3426.53 -0.00985
3426.65 -0.00989
3426.77 -0.0093
3426.9 -0.00855
3427.02 -0.00836
3427.14 -0.009
3427.26 -0.00991
3427.38 -0.0103
3427.5 -0.01007
3427.62 -0.00994
3427.74 -0.01046
3427.86 -0.01139
3427.98 -0.01194
3428.1 -0.01169
3428.22 -0.01089
3428.34 -0.01004
3428.46 -0.00945
3428.58 -0.00922
3428.7 -0.0094
3428.82 -0.00985
3428.94 -0.01027
3429.07 -0.01036
3429.19 -0.01016
3429.31 -0.01003
3429.43 -0.01007
3429.55 -0.01004
3429.67 -0.00971
3429.79 -0.00927
3429.91 -0.00905
3430.03 -0.00907
3430.15 -0.00908
3430.27 -0.009
3430.39 -0.00903
3430.51 -0.00919
3430.63 -0.00913
3430.75 -0.00866
3430.87 -0.00811
3430.99 -0.00802
3431.11 -0.00843
3431.23 -0.00896
3431.36 -0.00935
3431.48 -0.00965
3431.6 -0.00988
3431.72 -0.00987
3431.84 -0.0096
3431.96 -0.00943
3432.08 -0.00955
3432.2 -0.00969
3432.32 -0.00944
3432.44 -0.00883
3432.56 -0.00829
3432.68 -0.00801
3432.8 -0.00782
3432.92 -0.00763
3433.04 -0.00772
3433.16 -0.00827
3433.28 -0.00894
3433.4 -0.0092
3433.53 -0.00895
3433.65 -0.00857
3433.77 -0.00847
3433.89 -0.00878
3434.01 -0.00951
3434.13 -0.01061
3434.25 -0.01176
3434.37 -0.01236
3434.49 -0.01197
3434.61 -0.01088
3434.73 -0.0099
3434.85 -0.00962
3434.97 -0.00992
3435.09 -0.01034
3435.21 -0.01053
3435.33 -0.01043
3435.45 -0.01006
3435.57 -0.00963
3435.7 -0.00957
3435.82 -0.01035
3435.94 -0.01172
3436.06 -0.01261
3436.18 -0.01209
3436.3 -0.01057
3436.42 -0.00961
3436.54 -0.01033
3436.66 -0.01207
3436.78 -0.01302
3436.9 -0.01214
3437.02 -0.01017
3437.14 -0.00862
3437.26 -0.00824
3437.38 -0.00872
3437.5 -0.00951
3437.62 -0.01045
3437.74 -0.01137
3437.87 -0.01178
3437.99 -0.01132
3438.11 -0.01036
3438.23 -0.00968
3438.35 -0.00958
3438.47 -0.0097
3438.59 -0.00968
3438.71 -0.0097
3438.83 -0.01005
3438.95 -0.01061
3439.07 -0.01101
3439.19 -0.01113
3439.31 -0.01108
3439.43 -0.01089
3439.55 -0.01042
3439.67 -0.00974
3439.79 -0.00922
3439.91 -0.0091
3440.04 -0.0092
3440.16 -0.0091
3440.28 -0.00866
3440.4 -0.00814
3440.52 -0.00801
3440.64 -0.00841
3440.76 -0.00906
3440.88 -0.00943
3441 -0.00932
3441.12 -0.00903
3441.24 -0.00897
3441.36 -0.00917
3441.48 -0.00929
3441.6 -0.00923
3441.72 -0.0093
3441.84 -0.00977
3441.96 -0.01033
3442.08 -0.0104
3442.21 -0.00981
3442.33 -0.00894
3442.45 -0.00831
3442.57 -0.00817
3442.69 -0.00847
3442.81 -0.00899
3442.93 -0.00939
3443.05 -0.00936
3443.17 -0.00892
3443.29 -0.00832
3443.41 -0.00775
3443.53 -0.00732
3443.65 -0.00724
3443.77 -0.00782
3443.89 -0.00909
3444.01 -0.01047
3444.13 -0.0113
3444.25 -0.01141
3444.38 -0.0111
3444.5 -0.01063
3444.62 -0.00999
3444.74 -0.00929
3444.86 -0.0089
3444.98 -0.00908
3445.1 -0.00956
3445.22 -0.00979
3445.34 -0.00952
3445.46 -0.00892
3445.58 -0.00832
3445.7 -0.00797
3445.82 -0.00808
3445.94 -0.00871
3446.06 -0.00971
3446.18 -0.01061
3446.3 -0.011
3446.42 -0.01078
3446.54 -0.01027
3446.67 -0.00991
3446.79 -0.01001
3446.91 -0.01045
3447.03 -0.01075
3447.15 -0.01056
3447.27 -0.01003
3447.39 -0.00968
3447.51 -0.00969
3447.63 -0.00958
3447.75 -0.00891
3447.87 -0.00801
3447.99 -0.00769
3448.11 -0.00824
3448.23 -0.00905
3448.35 -0.00946
3448.47 -0.00949
3448.59 -0.00967
3448.71 -0.0102
3448.84 -0.01071
3448.96 -0.01082
3449.08 -0.01056
3449.2 -0.01022
3449.32 -0.01007
3449.44 -0.01025
3449.56 -0.01072
3449.68 -0.01125
3449.8 -0.01149
3449.92 -0.01132
3450.04 -0.01089
3450.16 -0.01034
3450.28 -0.00968
3450.4 -0.00909
3450.52 -0.00894
3450.64 -0.0093
3450.76 -0.00963
3450.88 -0.0094
3451.01 -0.00887
3451.13 -0.00884
3451.25 -0.00951
3451.37 -0.01013
3451.49 -0.01001
3451.61 -0.00952
3451.73 -0.00956
3451.85 -0.01037
3451.97 -0.0113
3452.09 -0.01166
3452.21 -0.01143
3452.33 -0.01088
3452.45 -0.01013
3452.57 -0.00929
3452.69 -0.00884
3452.81 -0.00923
3452.93 -0.01018
3453.05 -0.01072
3453.18 -0.01029
3453.3 -0.00944
3453.42 -0.00929
3453.54 -0.01022
3453.66 -0.01132
3453.78 -0.01134
3453.9 -0.01
3454.02 -0.00823
3454.14 -0.0072
3454.26 -0.00726
3454.38 -0.00797
3454.5 -0.00882
3454.62 -0.00958
3454.74 -0.01013
3454.86 -0.01024
3454.98 -0.00992
3455.1 -0.00956
3455.22 -0.0096
3455.35 -0.01004
3455.47 -0.01042
3455.59 -0.01044
3455.71 -0.01022
3455.83 -0.01004
3455.95 -0.00994
3456.07 -0.00973
3456.19 -0.00931
3456.31 -0.00884
3456.43 -0.00852
3456.55 -0.00836
3456.67 -0.00822
3456.79 -0.00805
3456.91 -0.00797
3457.03 -0.00814
3457.15 -0.00845
3457.27 -0.00852
3457.39 -0.00808
3457.52 -0.00738
3457.64 -0.00709
3457.76 -0.00762
3457.88 -0.00862
3458 -0.00933
3458.12 -0.00934
3458.24 -0.00897
3458.36 -0.00877
3458.48 -0.00885
3458.6 -0.00895
3458.72 -0.00906
3458.84 -0.00962
3458.96 -0.01067
3459.08 -0.01138
3459.2 -0.01078
3459.32 -0.00909
3459.44 -0.00769
3459.56 -0.00764
3459.69 -0.00852
3459.81 -0.00916
3459.93 -0.00909
3460.05 -0.00892
3460.17 -0.00919
3460.29 -0.00966
3460.41 -0.00977
3460.53 -0.00944
3460.65 -0.00902
3460.77 -0.00882
3460.89 -0.00885
3461.01 -0.00907
3461.13 -0.00931
3461.25 -0.0093
3461.37 -0.00903
3461.49 -0.00886
3461.61 -0.00912
3461.73 -0.00942
3461.85 -0.00902
3461.98 -0.00784
3462.1 -0.00669
3462.22 -0.0064
3462.34 -0.00691
3462.46 -0.00762
3462.58 -0.00819
3462.7 -0.00875
3462.82 -0.00938
3462.94 -0.00996
3463.06 -0.0105
3463.18 -0.01127
3463.3 -0.01236
3463.42 -0.01332
3463.54 -0.01361
3463.66 -0.01305
3463.78 -0.01195
3463.9 -0.01079
3464.02 -0.00996
3464.15 -0.0097
3464.27 -0.00992
3464.39 -0.01022
3464.51 -0.01024
3464.63 -0.00992
3464.75 -0.00947
3464.87 -0.00902
3464.99 -0.00858
3465.11 -0.00832
3465.23 -0.00852
3465.35 -0.00917
3465.47 -0.00984
3465.59 -0.01008
3465.71 -0.00989
3465.83 -0.00971
3465.95 -0.00977
3466.07 -0.00984
3466.19 -0.00961
3466.32 -0.00911
3466.44 -0.00866
3466.56 -0.00858
3466.68 -0.00901
3466.8 -0.00986
3466.92 -0.01083
3467.04 -0.0114
3467.16 -0.0112
3467.28 -0.01036
3467.4 -0.00954
3467.52 -0.00931
3467.64 -0.00965
3467.76 -0.01005
3467.88 -0.01001
3468 -0.00943
3468.12 -0.0086
3468.24 -0.00799
3468.36 -0.00804
3468.49 -0.00882
3468.61 -0.00988
3468.73 -0.01047
3468.85 -0.01017
3468.97 -0.00929
3469.09 -0.00855
3469.21 -0.00839
3469.33 -0.00876
3469.45 -0.0095
3469.57 -0.01062
3469.69 -0.01194
3469.81 -0.01276
3469.93 -0.01245
3470.05 -0.01124
3470.17 -0.01015
3470.29 -0.00994
3470.41 -0.01035
3470.53 -0.0106
3470.66 -0.01033
3470.78 -0.00978
3470.9 -0.00925
3471.02 -0.00873
3471.14 -0.00827
3471.26 -0.00811
3471.38 -0.00842
3471.5 -0.00905
3471.62 -0.0097
3471.74 -0.01016
3471.86 -0.01032
3471.98 -0.01003
3472.1 -0.00945
3472.22 -0.00913
3472.34 -0.00955
3472.46 -0.01044
3472.58 -0.01099
3472.7 -0.01076
3472.82 -0.01016
3472.95 -0.00985
3473.07 -0.00998
3473.19 -0.01011
3473.31 -0.00993
3473.43 -0.00957
3473.55 -0.00942
3473.67 -0.00958
3473.79 -0.00984
3473.91 -0.00996
3474.03 -0.0099
3474.15 -0.00974
3474.27 -0.00951
3474.39 -0.00916
3474.51 -0.00875
3474.63 -0.00857
3474.75 -0.00893
3474.87 -0.00968
3474.99 -0.01027
3475.12 -0.01013
3475.24 -0.00928
3475.36 -0.00828
3475.48 -0.00776
3475.6 -0.00796
3475.72 -0.0087
3475.84 -0.00959
3475.96 -0.01033
3476.08 -0.01063
3476.2 -0.01029
3476.32 -0.00936
3476.44 -0.00825
3476.56 -0.00755
3476.68 -0.00762
3476.8 -0.00831
3476.92 -0.00932
3477.04 -0.01041
3477.16 -0.01136
3477.29 -0.01174
3477.41 -0.01115
3477.53 -0.00982
3477.65 -0.00863
3477.77 -0.00833
3477.89 -0.00886
3478.01 -0.00948
3478.13 -0.00968
3478.25 -0.00953
3478.37 -0.00944
3478.49 -0.00951
3478.61 -0.00949
3478.73 -0.00916
3478.85 -0.00867
3478.97 -0.00843
3479.09 -0.00864
3479.21 -0.00904
3479.33 -0.00916
3479.46 -0.00891
3479.58 -0.00867
3479.7 -0.00888
3479.82 -0.00948
3479.94 -0.01005
3480.06 -0.0103
3480.18 -0.01031
3480.3 -0.01027
3480.42 -0.0102
3480.54 -0.01001
3480.66 -0.00975
3480.78 -0.00954
3480.9 -0.00943
3481.02 -0.00933
3481.14 -0.00919
3481.26 -0.00914
3481.38 -0.0094
3481.5 -0.00995
3481.63 -0.01033
3481.75 -0.00993
3481.87 -0.00882
3481.99 -0.00785
3482.11 -0.00791
3482.23 -0.00889
3482.35 -0.00985
3482.47 -0.01013
3482.59 -0.01
3482.71 -0.01008
3482.83 -0.0105
3482.95 -0.01092
3483.07 -0.01114
3483.19 -0.01121
3483.31 -0.01102
3483.43 -0.01037
3483.55 -0.00949
3483.67 -0.00905
3483.8 -0.00939
3483.92 -0.01013
3484.04 -0.01073
3484.16 -0.01106
3484.28 -0.01126
3484.4 -0.01117
3484.52 -0.01041
3484.64 -0.00906
3484.76 -0.00785
3484.88 -0.00756
3485 -0.00834
3485.12 -0.00961
3485.24 -0.01058
3485.36 -0.0108
3485.48 -0.01045
3485.6 -0.01024
3485.72 -0.01066
3485.84 -0.01141
3485.97 -0.01161
3486.09 -0.01088
3486.21 -0.00993
3486.33 -0.00978
3486.45 -0.01058
3486.57 -0.01146
3486.69 -0.01159
3486.81 -0.01097
3486.93 -0.01036
3487.05 -0.01033
3487.17 -0.01086
3487.29 -0.01141
3487.41 -0.01152
3487.53 -0.01119
3487.65 -0.01081
3487.77 -0.01066
3487.89 -0.01055
3488.01 -0.01008
3488.14 -0.00929
3488.26 -0.00878
3488.38 -0.00908
3488.5 -0.00997
3488.62 -0.0107
3488.74 -0.01075
3488.86 -0.01024
3488.98 -0.00949
3489.1 -0.00872
3489.22 -0.00806
3489.34 -0.0078
3489.46 -0.00808
3489.58 -0.00849
3489.7 -0.00831
3489.82 -0.0072
3489.94 -0.00572
3490.06 -0.00479
3490.18 -0.00492
3490.3 -0.00589
3490.43 -0.00707
3490.55 -0.00801
3490.67 -0.0087
3490.79 -0.00928
3490.91 -0.00987
3491.03 -0.01034
3491.15 -0.01043
3491.27 -0.00997
3491.39 -0.00915
3491.51 -0.0084
3491.63 -0.00806
3491.75 -0.00805
3491.87 -0.00803
3491.99 -0.00784
3492.11 -0.00783
3492.23 -0.00843
3492.35 -0.00955
3492.47 -0.01055
3492.6 -0.0109
3492.72 -0.01068
3492.84 -0.01047
3492.96 -0.01054
3493.08 -0.01062
3493.2 -0.01022
3493.32 -0.00929
3493.44 -0.00831
3493.56 -0.00785
3493.68 -0.00807
3493.8 -0.00878
3493.92 -0.00961
3494.04 -0.01015
3494.16 -0.01008
3494.28 -0.00945
3494.4 -0.00881
3494.52 -0.00883
3494.64 -0.00964
3494.77 -0.01063
3494.89 -0.01104
3495.01 -0.01063
3495.13 -0.00982
3495.25 -0.00911
3495.37 -0.00881
3495.49 -0.00893
3495.61 -0.00925
3495.73 -0.00931
3495.85 -0.00877
3495.97 -0.00804
3496.09 -0.0081
3496.21 -0.00943
3496.33 -0.01113
3496.45 -0.01162
3496.57 -0.01031
3496.69 -0.00829
3496.81 -0.00721
3496.94 -0.00758
3497.06 -0.00857
3497.18 -0.00911
3497.3 -0.00906
3497.42 -0.00897
3497.54 -0.00921
3497.66 -0.00954
3497.78 -0.00966
3497.9 -0.00962
3498.02 -0.00966
3498.14 -0.00971
3498.26 -0.0095
3498.38 -0.00911
3498.5 -0.00909
3498.62 -0.00976
3498.74 -0.01056
3498.86 -0.01059
3498.98 -0.00967
3499.1 -0.00857
3499.23 -0.00804
3499.35 -0.00798
3499.47 -0.00785
3499.59 -0.00761
3499.71 -0.00777
3499.83 -0.00849
3499.95 -0.00919
3500.07 -0.00926
3500.19 -0.00888
3500.31 -0.00869
3500.43 -0.00897
3500.55 -0.00934
3500.67 -0.00936
3500.79 -0.00912
3500.91 -0.00899
3501.03 -0.00903
3501.15 -0.00899
3501.27 -0.00875
3501.4 -0.00857
3501.52 -0.00873
3501.64 -0.00917
3501.76 -0.00954
3501.88 -0.00966
3502 -0.00978
3502.12 -0.01016
3502.24 -0.01068
3502.36 -0.01097
3502.48 -0.01077
3502.6 -0.01016
3502.72 -0.00946
3502.84 -0.00893
3502.96 -0.00882
3503.08 -0.00927
3503.2 -0.01013
3503.32 -0.01087
3503.44 -0.01104
3503.57 -0.01064
3503.69 -0.01008
3503.81 -0.00967
3503.93 -0.00952
3504.05 -0.00968
3504.17 -0.01027
3504.29 -0.01107
3504.41 -0.01136
3504.53 -0.01059
3504.65 -0.00916
3504.77 -0.00822
3504.89 -0.00862
3505.01 -0.01004
3505.13 -0.01144
3505.25 -0.012
3505.37 -0.01169
3505.49 -0.01104
3505.61 -0.01064
3505.74 -0.01066
3505.86 -0.01084
3505.98 -0.01082
3506.1 -0.0106
3506.22 -0.01053
3506.34 -0.0107
3506.46 -0.01068
3506.58 -0.01007
3506.7 -0.00926
3506.82 -0.00905
3506.94 -0.00972
3507.06 -0.01064
3507.18 -0.01109
3507.3 -0.01103
3507.42 -0.01095
3507.54 -0.01108
3507.66 -0.01129
3507.78 -0.01147
3507.91 -0.01153
3508.03 -0.01117
3508.15 -0.00999
3508.27 -0.00825
3508.39 -0.00698
3508.51 -0.00706
3508.63 -0.00823
3508.75 -0.00929
3508.87 -0.00928
3508.99 -0.0083
3509.11 -0.00721
3509.23 -0.00671
3509.35 -0.00691
3509.47 -0.00745
3509.59 -0.00808
3509.71 -0.00873
3509.83 -0.00939
3509.95 -0.00994
3510.08 -0.01028
3510.2 -0.01036
3510.32 -0.01018
3510.44 -0.0097
3510.56 -0.00909
3510.68 -0.00878
3510.8 -0.00906
3510.92 -0.00963
3511.04 -0.00988
3511.16 -0.00967
3511.28 -0.00952
3511.4 -0.00986
3511.52 -0.01039
3511.64 -0.0105
3511.76 -0.01016
3511.88 -0.0098
3512 -0.00965
3512.12 -0.00954
3512.25 -0.00935
3512.37 -0.00928
3512.49 -0.00939
3512.61 -0.00947
3512.73 -0.00926
3512.85 -0.00882
3512.97 -0.00829
3513.09 -0.00775
3513.21 -0.00742
3513.33 -0.00769
3513.45 -0.00847
3513.57 -0.009
3513.69 -0.00859
3513.81 -0.00749
3513.93 -0.00672
3514.05 -0.00689
3514.17 -0.00764
3514.29 -0.00839
3514.42 -0.00894
3514.54 -0.00942
3514.66 -0.00984
3514.78 -0.01004
3514.9 -0.00997
3515.02 -0.00976
3515.14 -0.00957
3515.26 -0.00947
3515.38 -0.00944
3515.5 -0.00945
3515.62 -0.00951
3515.74 -0.00972
3515.86 -0.01014
3515.98 -0.01045
3516.1 -0.0101
3516.22 -0.00891
3516.34 -0.00744
3516.46 -0.00652
3516.58 -0.00654
3516.71 -0.00726
3516.83 -0.00823
3516.95 -0.00922
3517.07 -0.00998
3517.19 -0.01016
3517.31 -0.00966
3517.43 -0.00882
3517.55 -0.00825
3517.67 -0.00827
3517.79 -0.00874
3517.91 -0.00937
3518.03 -0.01001
3518.15 -0.01057
3518.27 -0.01087
3518.39 -0.01082
3518.51 -0.01057
3518.63 -0.01049
3518.75 -0.0107
3518.88 -0.01099
3519 -0.01103
3519.12 -0.01075
3519.24 -0.01024
3519.36 -0.00958
3519.48 -0.00889
3519.6 -0.00853
3519.72 -0.0088
3519.84 -0.0094
3519.96 -0.00954
3520.08 -0.00883
3520.2 -0.00782
3520.32 -0.00735
3520.44 -0.0075
3520.56 -0.00775
3520.68 -0.00781
3520.8 -0.00801
3520.92 -0.00857
3521.05 -0.00911
3521.17 -0.00922
3521.29 -0.00905
3521.41 -0.00908
3521.53 -0.00943
3521.65 -0.00986
3521.77 -0.01023
3521.89 -0.01047
3522.01 -0.01032
3522.13 -0.00952
3522.25 -0.00834
3522.37 -0.00748
3522.49 -0.00731
3522.61 -0.00746
3522.73 -0.00746
3522.85 -0.00744
3522.97 -0.0079
3523.09 -0.00895
3523.22 -0.01015
3523.34 -0.01098
3523.46 -0.01129
3523.58 -0.01121
3523.7 -0.01097
3523.82 -0.01071
3523.94 -0.01043
3524.06 -0.01003
3524.18 -0.00945
3524.3 -0.00879
3524.42 -0.00817
3524.54 -0.00761
3524.66 -0.00719
3524.78 -0.00721
3524.9 -0.00785
3525.02 -0.0088
3525.14 -0.00937
3525.26 -0.00927
3525.39 -0.00897
3525.51 -0.00913
3525.63 -0.00973
3525.75 -0.01006
3525.87 -0.00964
3525.99 -0.00874
3526.11 -0.00812
3526.23 -0.00821
3526.35 -0.00873
3526.47 -0.00914
3526.59 -0.00927
3526.71 -0.00946
3526.83 -0.01011
3526.95 -0.01108
3527.07 -0.01174
3527.19 -0.01163
3527.31 -0.01094
3527.43 -0.01037
3527.55 -0.01031
3527.68 -0.01051
3527.8 -0.01041
3527.92 -0.00992
3528.04 -0.00957
3528.16 -0.00996
3528.28 -0.01106
3528.4 -0.0121
3528.52 -0.01226
3528.64 -0.01149
3528.76 -0.01046
3528.88 -0.00984
3529 -0.0096
3529.12 -0.00925
3529.24 -0.00866
3529.36 -0.00823
3529.48 -0.00827
3529.6 -0.00847
3529.72 -0.00824
3529.85 -0.00761
3529.97 -0.00737
3530.09 -0.00819
3530.21 -0.00982
3530.33 -0.01127
3530.45 -0.01176
3530.57 -0.01136
3530.69 -0.01069
3530.81 -0.01034
3530.93 -0.01052
3531.05 -0.01107
3531.17 -0.01158
3531.29 -0.0117
3531.41 -0.01141
3531.53 -0.01107
3531.65 -0.011
3531.77 -0.0112
3531.89 -0.01132
3532.02 -0.01104
3532.14 -0.01033
3532.26 -0.00946
3532.38 -0.0088
3532.5 -0.00858
3532.62 -0.00874
3532.74 -0.00897
3532.86 -0.00908
3532.98 -0.00917
3533.1 -0.00944
3533.22 -0.00985
3533.34 -0.01003
3533.46 -0.00974
3533.58 -0.00907
3533.7 -0.0084
3533.82 -0.00802
3533.94 -0.00798
3534.06 -0.00824
3534.19 -0.00867
3534.31 -0.00903
3534.43 -0.00904
3534.55 -0.00868
3534.67 -0.00829
3534.79 -0.00825
3534.91 -0.00865
3535.03 -0.00924
3535.15 -0.00978
3535.27 -0.01018
3535.39 -0.01042
3535.51 -0.01039
3535.63 -0.00999
3535.75 -0.00943
3535.87 -0.00904
3535.99 -0.00904
3536.11 -0.00927
3536.23 -0.00948
3536.36 -0.00951
3536.48 -0.00937
3536.6 -0.00906
3536.72 -0.00871
3536.84 -0.00862
3536.96 -0.00901
3537.08 -0.00965
3537.2 -0.01005
3537.32 -0.00999
3537.44 -0.0098
3537.56 -0.00985
3537.68 -0.01003
3537.8 -0.00998
3537.92 -0.00962
3538.04 -0.00944
3538.16 -0.00986
3538.28 -0.01063
3538.4 -0.01098
3538.53 -0.0103
3538.65 -0.00887
3538.77 -0.00773
3538.89 -0.00789
3539.01 -0.00939
3539.13 -0.01112
3539.25 -0.01175
3539.37 -0.01091
3539.49 -0.00952
3539.61 -0.00886
3539.73 -0.00948
3539.85 -0.01087
3539.97 -0.01207
3540.09 -0.0124
3540.21 -0.01177
3540.33 -0.01062
3540.45 -0.00952
3540.57 -0.00881
3540.7 -0.00847
3540.82 -0.00827
3540.94 -0.008
3541.06 -0.00766
3541.18 -0.00746
3541.3 -0.00774
3541.42 -0.00867
3541.54 -0.00995
3541.66 -0.01087
3541.78 -0.01086
3541.9 -0.0101
3542.02 -0.00932
3542.14 -0.00907
3542.26 -0.0092
3542.38 -0.00924
3542.5 -0.00919
3542.62 -0.00944
3542.74 -0.01006
3542.86 -0.01045
3542.99 -0.01005
3543.11 -0.00914
3543.23 -0.00862
3543.35 -0.00896
3543.47 -0.00964
3543.59 -0.0098
3543.71 -0.0093
3543.83 -0.00866
3543.95 -0.00834
3544.07 -0.00821
3544.19 -0.00806
3544.31 -0.00807
3544.43 -0.00857
3544.55 -0.00945
3544.67 -0.01012
3544.79 -0.01016
3544.91 -0.00975
3545.03 -0.00944
3545.16 -0.00965
3545.28 -0.01037
3545.4 -0.01119
3545.52 -0.01161
3545.64 -0.01129
3545.76 -0.01028
3545.88 -0.00901
3546 -0.00805
3546.12 -0.00779
3546.24 -0.00833
3546.36 -0.00938
3546.48 -0.01034
3546.6 -0.01064
3546.72 -0.01021
3546.84 -0.00952
3546.96 -0.00916
3547.08 -0.00925
3547.2 -0.00946
3547.33 -0.00954
3547.45 -0.00963
3547.57 -0.00993
3547.69 -0.01032
3547.81 -0.01038
3547.93 -0.00983
3548.05 -0.00893
3548.17 -0.00828
3548.29 -0.00824
3548.41 -0.00864
3548.53 -0.00906
3548.65 -0.00926
3548.77 -0.00921
3548.89 -0.00893
3549.01 -0.00837
3549.13 -0.00766
3549.25 -0.00727
3549.37 -0.00767
3549.5 -0.00889
3549.62 -0.01043
3549.74 -0.01159
3549.86 -0.01195
3549.98 -0.01158
3550.1 -0.01097
3550.22 -0.01062
3550.34 -0.01065
3550.46 -0.0107
3550.58 -0.01041
3550.7 -0.00984
3550.82 -0.00938
3550.94 -0.00917
3551.06 -0.00894
3551.18 -0.00854
3551.3 -0.00829
3551.42 -0.00858
3551.54 -0.00932
3551.67 -0.01
3551.79 -0.01027
3551.91 -0.01018
3552.03 -0.0099
3552.15 -0.00951
3552.27 -0.00916
3552.39 -0.00913
3552.51 -0.0095
3552.63 -0.00992
3552.75 -0.00993
3552.87 -0.00943
3552.99 -0.00875
3553.11 -0.00837
3553.23 -0.00855
3553.35 -0.0092
3553.47 -0.00992
3553.59 -0.01031
3553.71 -0.01032
3553.83 -0.01026
3553.96 -0.01032
3554.08 -0.01029
3554.2 -0.00991
3554.32 -0.00937
3554.44 -0.00918
3554.56 -0.00942
3554.68 -0.00964
3554.8 -0.00944
3554.92 -0.00903
3555.04 -0.00896
3555.16 -0.00941
3555.28 -0.01006
3555.4 -0.01056
3555.52 -0.01087
3555.64 -0.01102
3555.76 -0.01095
3555.88 -0.01057
3556 -0.01004
3556.13 -0.00968
3556.25 -0.00976
3556.37 -0.01025
3556.49 -0.01088
3556.61 -0.01132
3556.73 -0.01137
3556.85 -0.01106
3556.97 -0.0106
3557.09 -0.01023
3557.21 -0.01008
3557.33 -0.01012
3557.45 -0.01023
3557.57 -0.01039
3557.69 -0.01063
3557.81 -0.01093
3557.93 -0.01113
3558.05 -0.01101
3558.17 -0.0106
3558.3 -0.01017
3558.42 -0.00999
3558.54 -0.01006
3558.66 -0.01011
3558.78 -0.00988
3558.9 -0.00942
3559.02 -0.0091
3559.14 -0.00931
3559.26 -0.01001
3559.38 -0.01069
3559.5 -0.01088
3559.62 -0.01071
3559.74 -0.01081
3559.86 -0.01146
3559.98 -0.01217
3560.1 -0.01213
3560.22 -0.01121
3560.34 -0.01002
3560.47 -0.00918
3560.59 -0.00886
3560.71 -0.00893
3560.83 -0.00935
3560.95 -0.00995
3561.07 -0.01029
3561.19 -0.01009
3561.31 -0.00958
3561.43 -0.00935
3561.55 -0.00967
3561.67 -0.01032
3561.79 -0.01098
3561.91 -0.0115
3562.03 -0.01175
3562.15 -0.01157
3562.27 -0.01101
3562.39 -0.01041
3562.51 -0.01011
3562.64 -0.01006
3562.76 -0.00996
3562.88 -0.00956
3563 -0.00897
3563.12 -0.00853
3563.24 -0.00858
3563.36 -0.00919
3563.48 -0.01004
3563.6 -0.0106
3563.72 -0.01063
3563.84 -0.01038
3563.96 -0.01022
3564.08 -0.01011
3564.2 -0.00987
3564.32 -0.00959
3564.44 -0.00966
3564.56 -0.01016
3564.68 -0.0106
3564.81 -0.01053
3564.93 -0.01004
3565.05 -0.0096
3565.17 -0.00945
3565.29 -0.00944
3565.41 -0.00947
3565.53 -0.0097
3565.65 -0.0102
3565.77 -0.01066
3565.89 -0.01076
3566.01 -0.01067
3566.13 -0.01098
3566.25 -0.01184
3566.37 -0.0126
3566.49 -0.01236
3566.61 -0.01097
3566.73 -0.0092
3566.85 -0.00803
3566.98 -0.00787
3567.1 -0.00852
3567.22 -0.00951
3567.34 -0.01036
3567.46 -0.01059
3567.58 -0.01007
3567.7 -0.00934
3567.82 -0.00926
3567.94 -0.01012
3568.06 -0.01131
3568.18 -0.01206
3568.3 -0.01225
3568.42 -0.01222
3568.54 -0.01202
3568.66 -0.01139
3568.78 -0.01047
3568.9 -0.00998
3569.02 -0.01043
3569.15 -0.01142
3569.27 -0.01207
3569.39 -0.012
3569.51 -0.01158
3569.63 -0.01141
3569.75 -0.01167
3569.87 -0.01221
3569.99 -0.01274
3570.11 -0.013
3570.23 -0.01285
3570.35 -0.01239
3570.47 -0.01188
3570.59 -0.01144
3570.71 -0.011
3570.83 -0.01051
3570.95 -0.01013
3571.07 -0.01006
3571.19 -0.01029
3571.31 -0.01064
3571.44 -0.011
3571.56 -0.01128
3571.68 -0.01136
3571.8 -0.01107
3571.92 -0.01043
3572.04 -0.00978
3572.16 -0.0095
3572.28 -0.0097
3572.4 -0.01013
3572.52 -0.01039
3572.64 -0.01038
3572.76 -0.01031
3572.88 -0.01048
3573 -0.01093
3573.12 -0.01133
3573.24 -0.01133
3573.36 -0.01079
3573.48 -0.00984
3573.61 -0.00876
3573.73 -0.00793
3573.85 -0.00772
3573.97 -0.00825
3574.09 -0.00908
3574.21 -0.0095
3574.33 -0.00923
3574.45 -0.00881
3574.57 -0.00906
3574.69 -0.01012
3574.81 -0.01119
3574.93 -0.01132
3575.05 -0.0105
3575.17 -0.00971
3575.29 -0.00989
3575.41 -0.01093
3575.53 -0.01185
3575.65 -0.01187
3575.78 -0.01121
3575.9 -0.01064
3576.02 -0.01051
3576.14 -0.01042
3576.26 -0.00986
3576.38 -0.00892
3576.5 -0.00825
3576.62 -0.00836
3576.74 -0.00918
3576.86 -0.01014
3576.98 -0.01067
3577.1 -0.01069
3577.22 -0.01047
3577.34 -0.01024
3577.46 -0.00993
3577.58 -0.00948
3577.7 -0.00908
3577.82 -0.00914
3577.95 -0.0097
3578.07 -0.01033
3578.19 -0.01058
3578.31 -0.0105
3578.43 -0.0105
3578.55 -0.01077
3578.67 -0.01109
3578.79 -0.01113
3578.91 -0.01085
3579.03 -0.01041
3579.15 -0.00999
3579.27 -0.00961
3579.39 -0.00928
3579.51 -0.00896
3579.63 -0.00858
3579.75 -0.00815
3579.87 -0.00784
3579.99 -0.00778
3580.12 -0.00797
3580.24 -0.00823
3580.36 -0.00855
3580.48 -0.00906
3580.6 -0.00981
3580.72 -0.01051
3580.84 -0.01079
3580.96 -0.01066
3581.08 -0.01049
3581.2 -0.01042
3581.32 -0.01009
3581.44 -0.00916
3581.56 -0.00808
3581.68 -0.00784
3581.8 -0.00877
3581.92 -0.00999
3582.04 -0.01035
3582.16 -0.00969
3582.28 -0.00891
3582.41 -0.0088
3582.53 -0.00941
3582.65 -0.01033
3582.77 -0.01118
3582.89 -0.01161
3583.01 -0.01131
3583.13 -0.01049
3583.25 -0.00985
3583.37 -0.0098
3583.49 -0.00978
3583.61 -0.00907
3583.73 -0.00796
3583.85 -0.00766
3583.97 -0.00874
3584.09 -0.01038
3584.21 -0.01127
3584.33 -0.01107
3584.45 -0.01051
3584.58 -0.01037
3584.7 -0.01078
3584.82 -0.01128
3584.94 -0.01137
3585.06 -0.01079
3585.18 -0.00971
3585.3 -0.00874
3585.42 -0.00851
3585.54 -0.00907
3585.66 -0.00997
3585.78 -0.01081
3585.9 -0.01153
3586.02 -0.01201
3586.14 -0.01183
3586.26 -0.01075
3586.38 -0.00938
3586.5 -0.00881
3586.62 -0.00956
3586.75 -0.01101
3586.87 -0.01212
3586.99 -0.01239
3587.11 -0.01213
3587.23 -0.01181
3587.35 -0.01158
3587.47 -0.01134
3587.59 -0.01107
3587.71 -0.0109
3587.83 -0.01086
3587.95 -0.0109
3588.07 -0.01103
3588.19 -0.01135
3588.31 -0.01178
3588.43 -0.01203
3588.55 -0.01191
3588.67 -0.01164
3588.79 -0.01151
3588.92 -0.01142
3589.04 -0.01098
3589.16 -0.01016
3589.28 -0.0095
3589.4 -0.00949
3589.52 -0.00996
3589.64 -0.01036
3589.76 -0.01047
3589.88 -0.01058
3590 -0.01091
3590.12 -0.0113
3590.24 -0.01149
3590.36 -0.01156
3590.48 -0.01169
3590.6 -0.01172
3590.72 -0.01136
3590.84 -0.01063
3590.96 -0.01003
3591.09 -0.00997
3591.21 -0.01027
3591.33 -0.01043
3591.45 -0.01018
3591.57 -0.00966
3591.69 -0.00912
3591.81 -0.0086
3591.93 -0.00815
3592.05 -0.00798
3592.17 -0.00826
3592.29 -0.00881
3592.41 -0.00918
3592.53 -0.00913
3592.65 -0.00892
3592.77 -0.00892
3592.89 -0.00914
3593.01 -0.00931
3593.13 -0.0093
3593.26 -0.00926
3593.38 -0.0093
3593.5 -0.00931
3593.62 -0.00928
3593.74 -0.00944
3593.86 -0.00986
3593.98 -0.01014
3594.1 -0.00991
3594.22 -0.00941
3594.34 -0.00933
3594.46 -0.00985
3594.58 -0.0102
3594.7 -0.0096
3594.82 -0.00826
3594.94 -0.00727
3595.06 -0.00742
3595.18 -0.00844
3595.3 -0.00941
3595.43 -0.00961
3595.55 -0.00897
3595.67 -0.00788
3595.79 -0.00695
3595.91 -0.00657
3596.03 -0.0067
3596.15 -0.00693
3596.27 -0.00693
3596.39 -0.00682
3596.51 -0.00686
3596.63 -0.00699
3596.75 -0.00681
3596.87 -0.0062
3596.99 -0.00561
3597.11 -0.00552
3597.23 -0.00584
3597.35 -0.00601
3597.47 -0.00567
3597.59 -0.00496
3597.72 -0.00425
3597.84 -0.00372
3597.96 -0.00338
3598.08 -0.00314
3598.2 -0.00293
3598.32 -0.00264
3598.44 -0.00232
3598.56 -0.00205
3598.68 -0.00172
3598.8 -9.77829E-4
3598.92 3.25229E-4
3599.04 0.00189
3599.16 0.00341
3599.28 0.00526
3599.4 0.0084
3599.52 0.01338
3599.64 0.01962
3599.76 0.0258
3599.89 0.0308
3600.01 0.0341
3600.13 0.03553
3600.25 0.03502
3600.37 0.03286
3600.49 0.02984
3600.61 0.02677
3600.73 0.02389
3600.85 0.02095
3600.97 0.01775
3601.09 0.01452
3601.21 0.01176
3601.33 0.00972
3601.45 0.00821
3601.57 0.00682
3601.69 0.00532
3601.81 0.00379
3601.93 0.00247
3602.06 0.00146
3602.18 6.62405E-4
3602.3 -3.61353E-5
3602.42 -6.33065E-4
3602.54 -0.00103
3602.66 -0.00117
3602.78 -0.00108
3602.9 -9.03737E-4
3603.02 -7.83782E-4
3603.14 -8.59048E-4
3603.26 -0.00121
3603.38 -0.0018
3603.5 -0.0024
3603.62 -0.00273
3603.74 -0.00277
3603.86 -0.00286
3603.98 -0.00337
3604.1 -0.00424
3604.23 -0.00489
3604.35 -0.00481
3604.47 -0.00428
3604.59 -0.00418
3604.71 -0.00508
3604.83 -0.00654
3604.95 -0.00744
3605.07 -0.00702
3605.19 -0.00569
3605.31 -0.00458
3605.43 -0.00452
3605.55 -0.00525
3605.67 -0.00588
3605.79 -0.00581
3605.91 -0.00543
3606.03 -0.00557
3606.15 -0.00655
3606.27 -0.00781
3606.4 -0.00861
3606.52 -0.00876
3606.64 -0.00862
3606.76 -0.00846
3606.88 -0.00823
3607 -0.00785
3607.12 -0.00747
3607.24 -0.00723
3607.36 -0.00704
3607.48 -0.00677
3607.6 -0.00658
3607.72 -0.00676
3607.84 -0.00732
3607.96 -0.00788
3608.08 -0.00814
3608.2 -0.00814
3608.32 -0.00808
3608.44 -0.00802
3608.57 -0.00802
3608.69 -0.00828
3608.81 -0.00896
3608.93 -0.00981
3609.05 -0.01031
3609.17 -0.01024
3609.29 -0.00995
3609.41 -0.00991
3609.53 -0.01011
3609.65 -0.01015
3609.77 -0.00982
3609.89 -0.00939
3610.01 -0.00927
3610.13 -0.00947
3610.25 -0.00953
3610.37 -0.00905
3610.49 -0.00821
3610.61 -0.00758
3610.74 -0.00754
3610.86 -0.00783
3610.98 -0.00788
3611.1 -0.00748
3611.22 -0.00707
3611.34 -0.00729
3611.46 -0.00828
3611.58 -0.00946
3611.7 -0.01004
3611.82 -0.00975
3611.94 -0.00893
3612.06 -0.00816
3612.18 -0.0077
3612.3 -0.00744
3612.42 -0.00718
3612.54 -0.00697
3612.66 -0.00712
3612.78 -0.00776
3612.91 -0.00863
3613.03 -0.00927
3613.15 -0.00938
3613.27 -0.00905
3613.39 -0.00868
3613.51 -0.00869
3613.63 -0.00929
3613.75 -0.01023
3613.87 -0.01089
3613.99 -0.01066
3614.11 -0.00957
3614.23 -0.0082
3614.35 -0.00727
3614.47 -0.00708
3614.59 -0.00753
3614.71 -0.00828
3614.83 -0.00881
3614.95 -0.00859
3615.07 -0.00748
3615.2 -0.00603
3615.32 -0.00518
3615.44 -0.00543
3615.56 -0.00647
3615.68 -0.00762
3615.8 -0.00846
3615.92 -0.00909
3616.04 -0.00975
3616.16 -0.0105
3616.28 -0.01115
3616.4 -0.01137
3616.52 -0.01087
3616.64 -0.0097
3616.76 -0.00843
3616.88 -0.00782
3617 -0.00808
3617.12 -0.0086
3617.24 -0.00869
3617.37 -0.0084
3617.49 -0.00838
3617.61 -0.00885
3617.73 -0.00917
3617.85 -0.00867
3617.97 -0.00767
3618.09 -0.00721
3618.21 -0.00788
3618.33 -0.00915
3618.45 -0.01009
3618.57 -0.01032
3618.69 -0.01018
3618.81 -0.01013
3618.93 -0.01031
3619.05 -0.01057
3619.17 -0.01077
3619.29 -0.0108
3619.41 -0.01068
3619.54 -0.01054
3619.66 -0.01051
3619.78 -0.0105
3619.9 -0.01033
3620.02 -0.01004
3620.14 -0.00989
3620.26 -0.00998
3620.38 -0.00995
3620.5 -0.00931
3620.62 -0.00815
3620.74 -0.00717
3620.86 -0.00695
3620.98 -0.00722
3621.1 -0.00718
3621.22 -0.00651
3621.34 -0.00575
3621.46 -0.00562
3621.58 -0.00617
3621.71 -0.0068
3621.83 -0.007
3621.95 -0.00692
3622.07 -0.00697
3622.19 -0.00735
3622.31 -0.00794
3622.43 -0.00851
3622.55 -0.00875
3622.67 -0.00849
3622.79 -0.00801
3622.91 -0.00796
3623.03 -0.00867
3623.15 -0.00958
3623.27 -0.00976
3623.39 -0.00921
3623.51 -0.00888
3623.63 -0.00941
3623.75 -0.01016
3623.88 -0.00995
3624 -0.00852
3624.12 -0.00681
3624.24 -0.00576
3624.36 -0.00548
3624.48 -0.00569
3624.6 -0.00636
3624.72 -0.00748
3624.84 -0.00853
3624.96 -0.00883
3625.08 -0.00848
3625.2 -0.00829
3625.32 -0.00873
3625.44 -0.00923
3625.56 -0.00899
3625.68 -0.00812
3625.8 -0.00752
3625.92 -0.00771
3626.04 -0.00821
3626.17 -0.00832
3626.29 -0.00797
3626.41 -0.0076
3626.53 -0.00746
3626.65 -0.00752
3626.77 -0.00791
3626.89 -0.00878
3627.01 -0.00973
3627.13 -0.00993
3627.25 -0.00922
3627.37 -0.00858
3627.49 -0.00902
3627.61 -0.01028
3627.73 -0.01109
3627.85 -0.01076
3627.97 -0.00998
3628.09 -0.00984
3628.21 -0.01051
3628.34 -0.01121
3628.46 -0.01123
3628.58 -0.01061
3628.7 -0.0099
3628.82 -0.00945
3628.94 -0.00923
3629.06 -0.00902
3629.18 -0.00871
3629.3 -0.00837
3629.42 -0.00813
3629.54 -0.008
3629.66 -0.00787
3629.78 -0.00769
3629.9 -0.00753
3630.02 -0.00752
3630.14 -0.00764
3630.26 -0.00775
3630.38 -0.0078
3630.51 -0.00794
3630.63 -0.00826
3630.75 -0.00858
3630.87 -0.00855
3630.99 -0.00808
3631.11 -0.0076
3631.23 -0.00775
3631.35 -0.00873
3631.47 -0.00994
3631.59 -0.01054
3631.71 -0.01028
3631.83 -0.00965
3631.95 -0.00916
3632.07 -0.00867
3632.19 -0.00784
3632.31 -0.00692
3632.43 -0.00671
3632.55 -0.00755
3632.68 -0.00868
3632.8 -0.00899
3632.92 -0.00826
3633.04 -0.00728
3633.16 -0.0069
3633.28 -0.00715
3633.4 -0.00754
3633.52 -0.00771
3633.64 -0.00769
3633.76 -0.00763
3633.88 -0.00761
3634 -0.00773
3634.12 -0.00799
3634.24 -0.00816
3634.36 -0.00783
3634.48 -0.007
3634.6 -0.00628
3634.72 -0.0063
3634.85 -0.00695
3634.97 -0.00745
3635.09 -0.00724
3635.21 -0.00665
3635.33 -0.00628
3635.45 -0.00615
3635.57 -0.0057
3635.69 -0.00488
3635.81 -0.00457
3635.93 -0.00569
3636.05 -0.00787
3636.17 -0.00963
3636.29 -0.00985
3636.41 -0.00889
3636.53 -0.008
3636.65 -0.00785
3636.77 -0.00802
3636.89 -0.00785
3637.02 -0.00735
3637.14 -0.00717
3637.26 -0.00778
3637.38 -0.00887
3637.5 -0.00969
3637.62 -0.00969
3637.74 -0.009
3637.86 -0.00826
3637.98 -0.00802
3638.1 -0.00831
3638.22 -0.00854
3638.34 -0.00815
3638.46 -0.0072
3638.58 -0.00642
3638.7 -0.00638
3638.82 -0.00694
3638.94 -0.00752
3639.06 -0.00787
3639.19 -0.00827
3639.31 -0.00899
3639.43 -0.00989
3639.55 -0.01067
3639.67 -0.01134
3639.79 -0.01198
3639.91 -0.01227
3640.03 -0.01172
3640.15 -0.01045
3640.27 -0.0093
3640.39 -0.00892
3640.51 -0.00903
3640.63 -0.00893
3640.75 -0.0085
3640.87 -0.00835
3640.99 -0.00883
3641.11 -0.00946
3641.23 -0.00956
3641.35 -0.00903
3641.48 -0.00835
3641.6 -0.00798
3641.72 -0.00796
3641.84 -0.00813
3641.96 -0.00838
3642.08 -0.00857
3642.2 -0.00854
3642.32 -0.0083
3642.44 -0.00811
3642.56 -0.00824
3642.68 -0.00856
3642.8 -0.00863
3642.92 -0.00825
3643.04 -0.00767
3643.16 -0.00726
3643.28 -0.00715
3643.4 -0.00722
3643.52 -0.00725
3643.65 -0.00714
3643.77 -0.00687
3643.89 -0.00663
3644.01 -0.00681
3644.13 -0.00757
3644.25 -0.00847
3644.37 -0.00873
3644.49 -0.00813
3644.61 -0.00727
3644.73 -0.00683
3644.85 -0.0068
3644.97 -0.00668
3645.09 -0.00645
3645.21 -0.00657
3645.33 -0.00722
3645.45 -0.00799
3645.57 -0.00846
3645.69 -0.00883
3645.82 -0.00952
3645.94 -0.0104
3646.06 -0.01087
3646.18 -0.01047
3646.3 -0.00941
3646.42 -0.00832
3646.54 -0.00779
3646.66 -0.00804
3646.78 -0.00872
3646.9 -0.00908
3647.02 -0.00867
3647.14 -0.00786
3647.26 -0.00746
3647.38 -0.00779
3647.5 -0.00832
3647.62 -0.00838
3647.74 -0.008
3647.86 -0.00773
3647.99 -0.00789
3648.11 -0.00823
3648.23 -0.00832
3648.35 -0.00803
3648.47 -0.00751
3648.59 -0.0071
3648.71 -0.00709
3648.83 -0.00765
3648.95 -0.00864
3649.07 -0.00956
3649.19 -0.00995
3649.31 -0.00971
3649.43 -0.00914
3649.55 -0.00859
3649.67 -0.00825
3649.79 -0.00814
3649.91 -0.00824
3650.03 -0.00847
3650.16 -0.00856
3650.28 -0.00823
3650.4 -0.00755
3650.52 -0.00694
3650.64 -0.00676
3650.76 -0.00686
3650.88 -0.0069
3651 -0.00699
3651.12 -0.00758
3651.24 -0.00872
3651.36 -0.00975
3651.48 -0.00994
3651.6 -0.00934
3651.72 -0.00863
3651.84 -0.00841
3651.96 -0.00866
3652.08 -0.00899
3652.2 -0.00893
3652.32 -0.00826
3652.45 -0.00724
3652.57 -0.00658
3652.69 -0.00685
3652.81 -0.00786
3652.93 -0.00884
3653.05 -0.00929
3653.17 -0.0094
3653.29 -0.00953
3653.41 -0.00956
3653.53 -0.00916
3653.65 -0.00843
3653.77 -0.00791
3653.89 -0.00783
3654.01 -0.00784
3654.13 -0.00744
3654.25 -0.00667
3654.37 -0.00626
3654.49 -0.00697
3654.62 -0.00881
3654.74 -0.01079
3654.86 -0.01168
3654.98 -0.01115
3655.1 -0.01014
3655.22 -0.00973
3655.34 -0.00998
3655.46 -0.01008
3655.58 -0.00947
3655.7 -0.00848
3655.82 -0.00781
3655.94 -0.00772
3656.06 -0.00803
3656.18 -0.00839
3656.3 -0.00848
3656.42 -0.00807
3656.54 -0.00731
3656.66 -0.00682
3656.79 -0.00704
3656.91 -0.00776
3657.03 -0.00839
3657.15 -0.00866
3657.27 -0.00877
3657.39 -0.0088
3657.51 -0.0086
3657.63 -0.00809
3657.75 -0.00756
3657.87 -0.00731
3657.99 -0.00743
3658.11 -0.00788
3658.23 -0.00863
3658.35 -0.00943
3658.47 -0.00971
3658.59 -0.00921
3658.71 -0.0084
3658.83 -0.00805
3658.96 -0.00842
3659.08 -0.00897
3659.2 -0.00912
3659.32 -0.00893
3659.44 -0.00881
3659.56 -0.00898
3659.68 -0.00922
3659.8 -0.00935
3659.92 -0.00942
3660.04 -0.00958
3660.16 -0.00977
3660.28 -0.00974
3660.4 -0.00936
3660.52 -0.00883
3660.64 -0.00843
3660.76 -0.00822
3660.88 -0.00805
3661 -0.0078
3661.13 -0.00743
3661.25 -0.00695
3661.37 -0.00645
3661.49 -0.00625
3661.61 -0.00674
3661.73 -0.00782
3661.85 -0.00873
3661.97 -0.00879
3662.09 -0.00814
3662.21 -0.0076
3662.33 -0.00765
3662.45 -0.00802
3662.57 -0.00829
3662.69 -0.00847
3662.81 -0.00882
3662.93 -0.0093
3663.05 -0.00957
3663.17 -0.00939
3663.3 -0.00893
3663.42 -0.00852
3663.54 -0.00845
3663.66 -0.00896
3663.78 -0.01002
3663.9 -0.01111
3664.02 -0.01144
3664.14 -0.01068
3664.26 -0.0093
3664.38 -0.00809
3664.5 -0.00741
3664.62 -0.00713
3664.74 -0.0071
3664.86 -0.00734
3664.98 -0.00769
3665.1 -0.00778
3665.22 -0.00758
3665.34 -0.00768
3665.47 -0.00859
3665.59 -0.00983
3665.71 -0.01027
3665.83 -0.00945
3665.95 -0.00837
3666.07 -0.0083
3666.19 -0.00932
3666.31 -0.01027
3666.43 -0.01024
3666.55 -0.00962
3666.67 -0.00944
3666.79 -0.01007
3666.91 -0.011
3667.03 -0.01152
3667.15 -0.01139
3667.27 -0.01071
3667.39 -0.00962
3667.51 -0.0084
3667.64 -0.00752
3667.76 -0.00736
3667.88 -0.00774
3668 -0.00804
3668.12 -0.00785
3668.24 -0.00727
3668.36 -0.00677
3668.48 -0.00663
3668.6 -0.00687
3668.72 -0.0073
3668.84 -0.00775
3668.96 -0.00806
3669.08 -0.0082
3669.2 -0.00824
3669.32 -0.00824
3669.44 -0.00811
3669.56 -0.00773
3669.68 -0.00723
3669.8 -0.00697
3669.93 -0.00711
3670.05 -0.00735
3670.17 -0.00722
3670.29 -0.00665
3670.41 -0.00604
3670.53 -0.00576
3670.65 -0.00589
3670.77 -0.00638
3670.89 -0.00722
3671.01 -0.00817
3671.13 -0.00866
3671.25 -0.0082
3671.37 -0.007
3671.49 -0.00587
3671.61 -0.00535
3671.73 -0.00536
3671.85 -0.00558
3671.97 -0.00594
3672.1 -0.00648
3672.22 -0.00697
3672.34 -0.00695
3672.46 -0.00637
3672.58 -0.0057
3672.7 -0.00543
3672.82 -0.00545
3672.94 -0.00533
3673.06 -0.0049
3673.18 -0.00459
3673.3 -0.00504
3673.42 -0.0064
3673.54 -0.00809
3673.66 -0.0093
3673.78 -0.00964
3673.9 -0.00933
3674.02 -0.00888
3674.14 -0.00851
3674.27 -0.00817
3674.39 -0.00785
3674.51 -0.00766
3674.63 -0.00758
3674.75 -0.00731
3674.87 -0.00668
3674.99 -0.00607
3675.11 -0.00611
3675.23 -0.00691
3675.35 -0.00785
3675.47 -0.00821
3675.59 -0.00793
3675.71 -0.00759
3675.83 -0.00773
3675.95 -0.00839
3676.07 -0.00915
3676.19 -0.00958
3676.31 -0.00959
3676.44 -0.00937
3676.56 -0.00913
3676.68 -0.00887
3676.8 -0.00852
3676.92 -0.00818
3677.04 -0.00815
3677.16 -0.00846
3677.28 -0.00871
3677.4 -0.00857
3677.52 -0.00826
3677.64 -0.0082
3677.76 -0.00835
3677.88 -0.00822
3678 -0.00772
3678.12 -0.00754
3678.24 -0.00822
3678.36 -0.00937
3678.48 -0.01002
3678.6 -0.00981
3678.73 -0.00921
3678.85 -0.00869
3678.97 -0.00819
3679.09 -0.00753
3679.21 -0.00699
3679.33 -0.00696
3679.45 -0.0073
3679.57 -0.00743
3679.69 -0.00708
3679.81 -0.00659
3679.93 -0.00639
3680.05 -0.00653
3680.17 -0.00676
3680.29 -0.00694
3680.41 -0.00711
3680.53 -0.00737
3680.65 -0.00766
3680.77 -0.00783
3680.9 -0.00763
3681.02 -0.00694
3681.14 -0.00605
3681.26 -0.00566
3681.38 -0.00627
3681.5 -0.00753
3681.62 -0.00836
3681.74 -0.00789
3681.86 -0.00639
3681.98 -0.00509
3682.1 -0.00497
3682.22 -0.00589
3682.34 -0.00683
3682.46 -0.00697
3682.58 -0.00644
3682.7 -0.00598
3682.82 -0.00617
3682.94 -0.00688
3683.07 -0.00746
3683.19 -0.00742
3683.31 -0.00681
3683.43 -0.00606
3683.55 -0.00556
3683.67 -0.00547
3683.79 -0.00567
3683.91 -0.00594
3684.03 -0.00601
3684.15 -0.00574
3684.27 -0.00539
3684.39 -0.00551
3684.51 -0.00638
3684.63 -0.00751
3684.75 -0.00801
3684.87 -0.00751
3684.99 -0.0066
3685.11 -0.00606
3685.24 -0.00595
3685.36 -0.00569
3685.48 -0.00499
3685.6 -0.00431
3685.72 -0.00418
3685.84 -0.00444
3685.96 -0.0045
3686.08 -0.00432
3686.2 -0.00463
3686.32 -0.00594
3686.44 -0.00766
3686.56 -0.0085
3686.68 -0.0078
3686.8 -0.00617
3686.92 -0.00487
3687.04 -0.00456
3687.16 -0.0049
3687.28 -0.00511
3687.41 -0.00473
3687.53 -0.00395
3687.65 -0.00329
3687.77 -0.00309
3687.89 -0.0033
3688.01 -0.0036
3688.13 -0.00381
3688.25 -0.00402
3688.37 -0.00438
3688.49 -0.0047
3688.61 -0.00455
3688.73 -0.00384
3688.85 -0.00308
3688.97 -0.00304
3689.09 -0.004
3689.21 -0.00543
3689.33 -0.00644
3689.45 -0.0064
3689.58 -0.00549
3689.7 -0.0046
3689.82 -0.0047
3689.94 -0.00584
3690.06 -0.00694
3690.18 -0.00678
3690.3 -0.00537
3690.42 -0.00386
3690.54 -0.00325
3690.66 -0.00344
3690.78 -0.00384
3690.9 -0.00427
3691.02 -0.00496
3691.14 -0.00584
3691.26 -0.00651
3691.38 -0.00679
3691.5 -0.00691
3691.62 -0.00696
3691.75 -0.00675
3691.87 -0.00638
3691.99 -0.00638
3692.11 -0.00694
3692.23 -0.0074
3692.35 -0.00708
3692.47 -0.00625
3692.59 -0.00585
3692.71 -0.00611
3692.83 -0.00637
3692.95 -0.00612
3693.07 -0.00576
3693.19 -0.00581
3693.31 -0.00604
3693.43 -0.00583
3693.55 -0.00531
3693.67 -0.00527
3693.79 -0.00593
3693.92 -0.00653
3694.04 -0.00629
3694.16 -0.00544
3694.28 -0.00482
3694.4 -0.00461
3694.52 -0.00412
3694.64 -0.00294
3694.76 -0.00169
3694.88 -0.0014
3695 -0.00218
3695.12 -0.00318
3695.24 -0.00365
3695.36 -0.00375
3695.48 -0.00412
3695.6 -0.0049
3695.72 -0.00558
3695.84 -0.00564
3695.96 -0.00501
3696.08 -0.00416
3696.21 -0.0038
3696.33 -0.00433
3696.45 -0.0055
3696.57 -0.00646
3696.69 -0.00662
3696.81 -0.00626
3696.93 -0.00608
3697.05 -0.00617
3697.17 -0.006
3697.29 -0.00527
3697.41 -0.00438
3697.53 -0.00385
3697.65 -0.00364
3697.77 -0.00352
3697.89 -0.00361
3698.01 -0.00418
3698.13 -0.00498
3698.25 -0.00539
3698.38 -0.0052
3698.5 -0.0048
3698.62 -0.00463
3698.74 -0.00466
3698.86 -0.00467
3698.98 -0.00461
3699.1 -0.00458
3699.22 -0.0046
3699.34 -0.00465
3699.46 -0.00464
3699.58 -0.00437
3699.7 -0.00376
3699.82 -0.00307
3699.94 -0.00278
3700.06 -0.00302
3700.18 -0.00339
3700.3 -0.00361
3700.42 -0.00393
3700.55 -0.00471
3700.67 -0.00566
3700.79 -0.00594
3700.91 -0.00509
3701.03 -0.00348
3701.15 -0.00198
3701.27 -0.00129
3701.39 -0.00156
3701.51 -0.00236
3701.63 -0.00303
3701.75 -0.00317
3701.87 -0.00283
3701.99 -0.00237
3702.11 -0.0021
3702.23 -0.00215
3702.35 -0.00248
3702.47 -0.00272
3702.59 -0.00228
3702.72 -9.69142E-4
3702.84 5.16456E-4
3702.96 0.00117
3703.08 7.63271E-4
3703.2 1.29528E-5
3703.32 -3.46489E-4
3703.44 -3.67515E-4
3703.56 -5.13867E-4
3703.68 -8.56016E-4
3703.8 -9.9444E-4
3703.92 -6.49273E-4
3704.04 -1.12802E-5
3704.16 5.1431E-4
3704.28 7.42886E-4
3704.4 8.93265E-4
3704.52 0.0014
3704.64 0.00241
3704.76 0.0035
3704.89 0.00395
3705.01 0.00369
3705.13 0.00359
3705.25 0.00456
3705.37 0.0064
3705.49 0.00797
3705.61 0.0085
3705.73 0.00839
3705.85 0.00862
3705.97 0.00959
3706.09 0.01094
3706.21 0.01217
3706.33 0.0133
3706.45 0.01469
3706.57 0.01653
3706.69 0.01856
3706.81 0.02038
3706.93 0.02202
3707.05 0.02406
3707.18 0.02708
3707.3 0.03096
3707.42 0.03503
3707.54 0.03898
3707.66 0.04327
3707.78 0.0486
3707.9 0.05517
3708.02 0.06253
3708.14 0.07
3708.26 0.07681
3708.38 0.08201
3708.5 0.08483
3708.62 0.08531
3708.74 0.08428
3708.86 0.08245
3708.98 0.07987
3709.1 0.07629
3709.22 0.0717
3709.35 0.06637
3709.47 0.06068
3709.59 0.05513
3709.71 0.05032
3709.83 0.04648
3709.95 0.04303
3710.07 0.03917
3710.19 0.0348
3710.31 0.03075
3710.43 0.02784
3710.55 0.02596
3710.67 0.0244
3710.79 0.02269
3710.91 0.02085
3711.03 0.01901
3711.15 0.01711
3711.27 0.01512
3711.39 0.01318
3711.52 0.01148
3711.64 0.01002
3711.76 0.00879
3711.88 0.00777
3712 0.0068
3712.12 0.00559
3712.24 0.00405
3712.36 0.00258
3712.48 0.00164
3712.6 0.00109
3712.72 3.15145E-4
3712.84 -0.00104
3712.96 -0.00244
3713.08 -0.003
3713.2 -0.00245
3713.32 -0.00153
3713.44 -0.00133
3713.56 -0.00217
3713.69 -0.00327
3713.81 -0.00366
3713.93 -0.00325
3714.05 -0.0029
3714.17 -0.00326
3714.29 -0.00402
3714.41 -0.00445
3714.53 -0.00439
3714.65 -0.00437
3714.77 -0.0046
3714.89 -0.00463
3715.01 -0.00419
3715.13 -0.00389
3715.25 -0.00454
3715.37 -0.00586
3715.49 -0.00668
3715.61 -0.0063
3715.73 -0.00535
3715.86 -0.00477
3715.98 -0.00461
3716.1 -0.00429
3716.22 -0.00378
3716.34 -0.00386
3716.46 -0.00506
3716.58 -0.00674
3716.7 -0.00761
3716.82 -0.00708
3716.94 -0.00576
3717.06 -0.00471
3717.18 -0.0044
3717.3 -0.00456
3717.42 -0.00473
3717.54 -0.00477
3717.66 -0.00474
3717.78 -0.00458
3717.9 -0.00413
3718.03 -0.00356
3718.15 -0.00346
3718.27 -0.00427
3718.39 -0.00573
3718.51 -0.00708
3718.63 -0.00772
3718.75 -0.00755
3718.87 -0.00671
3718.99 -0.00543
3719.11 -0.00422
3719.23 -0.00374
3719.35 -0.00416
3719.47 -0.00475
3719.59 -0.00464
3719.71 -0.00388
3719.83 -0.00332
3719.95 -0.00346
3720.07 -0.00385
3720.2 -0.00395
3720.32 -0.0039
3720.44 -0.00425
3720.56 -0.00498
3720.68 -0.00546
3720.8 -0.00536
3720.92 -0.00501
3721.04 -0.00489
3721.16 -0.00502
3721.28 -0.00517
3721.4 -0.00532
3721.52 -0.0055
3721.64 -0.00546
3721.76 -0.00489
3721.88 -0.00403
3722 -0.00367
3722.12 -0.00419
3722.24 -0.005
3722.36 -0.00529
3722.49 -0.00507
3722.61 -0.00523
3722.73 -0.00631
3722.85 -0.00767
3722.97 -0.00821
3723.09 -0.00762
3723.21 -0.00654
3723.33 -0.00568
3723.45 -0.00512
3723.57 -0.00465
3723.69 -0.00439
3723.81 -0.00459
3723.93 -0.00526
3724.05 -0.00598
3724.17 -0.00647
3724.29 -0.00676
3724.41 -0.00697
3724.53 -0.007
3724.66 -0.0067
3724.78 -0.00614
3724.9 -0.00562
3725.02 -0.00537
3725.14 -0.00544
3725.26 -0.00576
3725.38 -0.00631
3725.5 -0.00697
3725.62 -0.00743
3725.74 -0.00737
3725.86 -0.00684
3725.98 -0.00638
3726.1 -0.0065
3726.22 -0.00708
3726.34 -0.00744
3726.46 -0.00714
3726.58 -0.00658
3726.7 -0.00637
3726.83 -0.00664
3726.95 -0.00685
3727.07 -0.00663
3727.19 -0.00617
3727.31 -0.00593
3727.43 -0.00607
3727.55 -0.00639
3727.67 -0.00657
3727.79 -0.00641
3727.91 -0.00593
3728.03 -0.00536
3728.15 -0.005
3728.27 -0.00496
3728.39 -0.00514
3728.51 -0.00548
3728.63 -0.00592
3728.75 -0.00629
3728.87 -0.00626
3729 -0.00574
3729.12 -0.00503
3729.24 -0.00449
3729.36 -0.00413
3729.48 -0.00397
3729.6 -0.00434
3729.72 -0.00559
3729.84 -0.00733
3729.96 -0.00862
3730.08 -0.00886
3730.2 -0.00833
3730.32 -0.00768
3730.44 -0.00725
3730.56 -0.00694
3730.68 -0.00669
3730.8 -0.00668
3730.92 -0.0071
3731.04 -0.00784
3731.17 -0.00852
3731.29 -0.00872
3731.41 -0.00837
3731.53 -0.0079
3731.65 -0.0077
3731.77 -0.00757
3731.89 -0.00692
3732.01 -0.0057
3732.13 -0.00473
3732.25 -0.00485
3732.37 -0.00591
3732.49 -0.00693
3732.61 -0.00721
3732.73 -0.00702
3732.85 -0.00696
3732.97 -0.00716
3733.09 -0.00735
3733.21 -0.00739
3733.33 -0.00739
3733.46 -0.00742
3733.58 -0.00725
3733.7 -0.00672
3733.82 -0.00609
3733.94 -0.006
3734.06 -0.00679
3734.18 -0.00809
3734.3 -0.00909
3734.42 -0.00926
3734.54 -0.00889
3734.66 -0.00862
3734.78 -0.00875
3734.9 -0.009
3735.02 -0.00902
3735.14 -0.00881
3735.26 -0.00864
3735.38 -0.0086
3735.5 -0.00853
3735.63 -0.00828
3735.75 -0.00785
3735.87 -0.00733
3735.99 -0.00681
3736.11 -0.00654
3736.23 -0.00686
3736.35 -0.00772
3736.47 -0.00859
3736.59 -0.00884
3736.71 -0.00845
3736.83 -0.008
3736.95 -0.008
3737.07 -0.00836
3737.19 -0.00856
3737.31 -0.00813
3737.43 -0.00706
3737.55 -0.00586
3737.67 -0.00539
3737.8 -0.00618
3737.92 -0.00779
3738.04 -0.00898
3738.16 -0.00883
3738.28 -0.00769
3738.4 -0.00679
3738.52 -0.00687
3738.64 -0.00761
3738.76 -0.00829
3738.88 -0.00861
3739 -0.00859
3739.12 -0.00826
3739.24 -0.00788
3739.36 -0.00809
3739.48 -0.00918
3739.6 -0.01044
3739.72 -0.01068
3739.84 -0.00966
3739.97 -0.00834
3740.09 -0.00773
3740.21 -0.00784
3740.33 -0.00807
3740.45 -0.00815
3740.57 -0.00827
3740.69 -0.0085
3740.81 -0.00858
3740.93 -0.00847
3741.05 -0.0085
3741.17 -0.00893
3741.29 -0.0095
3741.41 -0.00965
3741.53 -0.00908
3741.65 -0.00819
3741.77 -0.00766
3741.89 -0.00794
3742.01 -0.00874
3742.14 -0.00941
3742.26 -0.00961
3742.38 -0.00955
3742.5 -0.00943
3742.62 -0.00896
3742.74 -0.0078
3742.86 -0.00634
3742.98 -0.00556
3743.1 -0.00596
3743.22 -0.00709
3743.34 -0.00822
3743.46 -0.00901
3743.58 -0.00942
3743.7 -0.00938
3743.82 -0.00891
3743.94 -0.00835
3744.06 -0.00798
3744.18 -0.00754
3744.31 -0.00677
3744.43 -0.00617
3744.55 -0.0066
3744.67 -0.00797
3744.79 -0.00899
3744.91 -0.00867
3745.03 -0.00757
3745.15 -0.00701
3745.27 -0.00725
3745.39 -0.00723
3745.51 -0.00617
3745.63 -0.00477
3745.75 -0.00435
3745.87 -0.00535
3745.99 -0.00693
3746.11 -0.00813
3746.23 -0.00881
3746.35 -0.00931
3746.48 -0.00973
3746.6 -0.00984
3746.72 -0.00958
3746.84 -0.00928
3746.96 -0.00921
3747.08 -0.00923
3747.2 -0.00912
3747.32 -0.00909
3747.44 -0.00958
3747.56 -0.01056
3747.68 -0.01123
3747.8 -0.01081
3747.92 -0.00946
3748.04 -0.00823
3748.16 -0.00789
3748.28 -0.00809
3748.4 -0.0079
3748.52 -0.007
3748.65 -0.00613
3748.77 -0.00615
3748.89 -0.00704
3749.01 -0.008
3749.13 -0.00838
3749.25 -0.0082
3749.37 -0.00793
3749.49 -0.00785
3749.61 -0.00794
3749.73 -0.00813
3749.85 -0.00842
3749.97 -0.00877
3750.09 -0.00905
3750.21 -0.00911
3750.33 -0.00885
3750.45 -0.00834
3750.57 -0.00782
3750.69 -0.00763
3750.81 -0.00787
3750.94 -0.00832
3751.06 -0.00861
3751.18 -0.00862
3751.3 -0.00861
3751.42 -0.00889
3751.54 -0.0095
3751.66 -0.01014
3751.78 -0.01036
3751.9 -0.00992
3752.02 -0.00897
3752.14 -0.00802
3752.26 -0.00752
3752.38 -0.00754
3752.5 -0.00786
3752.62 -0.00844
3752.74 -0.00951
3752.86 -0.01106
3752.98 -0.01247
3753.11 -0.01287
3753.23 -0.01201
3753.35 -0.01057
3753.47 -0.00947
3753.59 -0.00901
3753.71 -0.00882
3753.83 -0.00853
3753.95 -0.0082
3754.07 -0.00815
3754.19 -0.00848
3754.31 -0.009
3754.43 -0.00951
3754.55 -0.00995
3754.67 -0.01022
3754.79 -0.01005
3754.91 -0.00927
3755.03 -0.00806
3755.15 -0.0069
3755.28 -0.00633
3755.4 -0.00665
3755.52 -0.00772
3755.64 -0.00888
3755.76 -0.00936
3755.88 -0.00888
3756 -0.00798
3756.12 -0.0075
3756.24 -0.00774
3756.36 -0.00846
3756.48 -0.00939
3756.6 -0.01044
3756.72 -0.01125
3756.84 -0.01119
3756.96 -0.0101
3757.08 -0.00888
3757.2 -0.00856
3757.32 -0.00899
3757.45 -0.00913
3757.57 -0.00846
3757.69 -0.00762
3757.81 -0.00741
3757.93 -0.0077
3758.05 -0.00788
3758.17 -0.00791
3758.29 -0.00819
3758.41 -0.00875
3758.53 -0.00903
3758.65 -0.00871
3758.77 -0.00815
3758.89 -0.00786
3759.01 -0.0079
3759.13 -0.00799
3759.25 -0.00796
3759.37 -0.00778
3759.49 -0.00743
3759.62 -0.00704
3759.74 -0.00699
3759.86 -0.0075
3759.98 -0.00824
3760.1 -0.00857
3760.22 -0.00828
3760.34 -0.00776
3760.46 -0.00746
3760.58 -0.00744
3760.7 -0.00756
3760.82 -0.00784
3760.94 -0.00837
3761.06 -0.009
3761.18 -0.00941
3761.3 -0.0094
3761.42 -0.00919
3761.54 -0.00908
3761.66 -0.00917
3761.79 -0.00933
3761.91 -0.00944
3762.03 -0.00945
3762.15 -0.00941
3762.27 -0.0094
3762.39 -0.00953
3762.51 -0.00978
3762.63 -0.00996
3762.75 -0.00982
3762.87 -0.0094
3762.99 -0.00902
3763.11 -0.00892
3763.23 -0.00897
3763.35 -0.00885
3763.47 -0.00844
3763.59 -0.00805
3763.71 -0.00809
3763.83 -0.00869
3763.96 -0.0095
3764.08 -0.00997
3764.2 -0.00983
3764.32 -0.00939
3764.44 -0.00924
3764.56 -0.00962
3764.68 -0.0101
3764.8 -0.01009
3764.92 -0.00955
3765.04 -0.00904
3765.16 -0.00896
3765.28 -0.00909
3765.4 -0.009
3765.52 -0.00875
3765.64 -0.00881
3765.76 -0.00935
3765.88 -0.00996
3766 -0.01021
3766.12 -0.01013
3766.25 -0.00997
3766.37 -0.00979
3766.49 -0.00945
3766.61 -0.00908
3766.73 -0.00904
3766.85 -0.00949
3766.97 -0.00996
3767.09 -0.00977
3767.21 -0.00869
3767.33 -0.00717
3767.45 -0.00595
3767.57 -0.00543
3767.69 -0.00546
3767.81 -0.00563
3767.93 -0.00579
3768.05 -0.00616
3768.17 -0.00692
3768.29 -0.00784
3768.42 -0.00849
3768.54 -0.00867
3768.66 -0.0086
3768.78 -0.00848
3768.9 -0.00824
3769.02 -0.00783
3769.14 -0.00755
3769.26 -0.00782
3769.38 -0.00861
3769.5 -0.00942
3769.62 -0.00981
3769.74 -0.00981
3769.86 -0.00963
3769.98 -0.00928
3770.1 -0.0087
3770.22 -0.00823
3770.34 -0.00847
3770.46 -0.0095
3770.59 -0.01064
3770.71 -0.01103
3770.83 -0.01058
3770.95 -0.00984
3771.07 -0.00925
3771.19 -0.00868
3771.31 -0.00794
3771.43 -0.00728
3771.55 -0.00722
3771.67 -0.00785
3771.79 -0.00865
3771.91 -0.00899
3772.03 -0.00876
3772.15 -0.00827
3772.27 -0.00783
3772.39 -0.00758
3772.51 -0.00766
3772.63 -0.0082
3772.76 -0.00907
3772.88 -0.0098
3773 -0.00998
3773.12 -0.00962
3773.24 -0.00902
3773.36 -0.00838
3773.48 -0.00771
3773.6 -0.00716
3773.72 -0.00714
3773.84 -0.00784
3773.96 -0.00882
3774.08 -0.00926
3774.2 -0.00883
3774.32 -0.00807
3774.44 -0.00774
3774.56 -0.00794
3774.68 -0.00808
3774.8 -0.0078
3774.93 -0.00739
3775.05 -0.0074
3775.17 -0.00786
3775.29 -0.00825
3775.41 -0.00823
3775.53 -0.00808
3775.65 -0.00829
3775.77 -0.00889
3775.89 -0.00937
3776.01 -0.00933
3776.13 -0.00898
3776.25 -0.00892
3776.37 -0.00941
3776.49 -0.01005
3776.61 -0.01019
3776.73 -0.00967
3776.85 -0.00901
3776.97 -0.0087
3777.09 -0.00869
3777.22 -0.00855
3777.34 -0.00813
3777.46 -0.00768
3777.58 -0.00735
3777.7 -0.00688
3777.82 -0.00623
3777.94 -0.00599
3778.06 -0.00686
3778.18 -0.00844
3778.3 -0.0094
3778.42 -0.00897
3778.54 -0.00792
3778.66 -0.00766
3778.78 -0.00849
3778.9 -0.00939
3779.02 -0.00937
3779.14 -0.00864
3779.26 -0.00812
3779.39 -0.00821
3779.51 -0.00853
3779.63 -0.00859
3779.75 -0.00846
3779.87 -0.00848
3779.99 -0.00869
3780.11 -0.00887
3780.23 -0.00899
3780.35 -0.00933
3780.47 -0.01006
3780.59 -0.01082
3780.71 -0.01097
3780.83 -0.0103
3780.95 -0.00924
3781.07 -0.00851
3781.19 -0.00832
3781.31 -0.0083
3781.43 -0.008
3781.56 -0.00738
3781.68 -0.00682
3781.8 -0.00676
3781.92 -0.0074
3782.04 -0.00853
3782.16 -0.00961
3782.28 -0.01021
3782.4 -0.01028
3782.52 -0.01012
3782.64 -0.00977
3782.76 -0.009
3782.88 -0.00777
3783 -0.00665
3783.12 -0.00644
3783.24 -0.00735
3783.36 -0.00885
3783.48 -0.01024
3783.6 -0.01104
3783.73 -0.01102
3783.85 -0.01014
3783.97 -0.00883
3784.09 -0.00782
3784.21 -0.00755
3784.33 -0.00772
3784.45 -0.00775
3784.57 -0.00759
3784.69 -0.00776
3784.81 -0.00863
3784.93 -0.00985
3785.05 -0.01064
3785.17 -0.01048
3785.29 -0.00952
3785.41 -0.00843
3785.53 -0.00798
3785.65 -0.00846
3785.77 -0.00946
3785.9 -0.01028
3786.02 -0.01052
3786.14 -0.01027
3786.26 -0.00981
3786.38 -0.00927
3786.5 -0.00886
3786.62 -0.00892
3786.74 -0.00958
3786.86 -0.01033
3786.98 -0.01047
3787.1 -0.00991
3787.22 -0.00923
3787.34 -0.00893
3787.46 -0.00883
3787.58 -0.00848
3787.7 -0.00786
3787.82 -0.0074
3787.94 -0.00745
3788.07 -0.00799
3788.19 -0.00871
3788.31 -0.00934
3788.43 -0.00965
3788.55 -0.00963
3788.67 -0.00958
3788.79 -0.00986
3788.91 -0.01041
3789.03 -0.01074
3789.15 -0.01054
3789.27 -0.01008
3789.39 -0.00984
3789.51 -0.00993
3789.63 -0.01008
3789.75 -0.01008
3789.87 -0.01007
3789.99 -0.01019
3790.11 -0.01033
3790.24 -0.01033
3790.36 -0.01007
3790.48 -0.00952
3790.6 -0.00867
3790.72 -0.00779
3790.84 -0.00733
3790.96 -0.00763
3791.08 -0.00853
3791.2 -0.00964
3791.32 -0.01073
3791.44 -0.01168
3791.56 -0.01214
3791.68 -0.01172
3791.8 -0.01053
3791.92 -0.00932
3792.04 -0.00891
3792.16 -0.00935
3792.28 -0.01002
3792.41 -0.01032
3792.53 -0.01028
3792.65 -0.01028
3792.77 -0.01054
3792.89 -0.01071
3793.01 -0.01024
3793.13 -0.00888
3793.25 -0.00703
3793.37 -0.00547
3793.49 -0.00483
3793.61 -0.00509
3793.73 -0.00574
3793.85 -0.00613
3793.97 -0.00601
3794.09 -0.00557
3794.21 -0.00536
3794.33 -0.00588
3794.45 -0.00709
3794.57 -0.00836
3794.7 -0.00894
3794.82 -0.00872
3794.94 -0.00837
3795.06 -0.00853
3795.18 -0.00905
3795.3 -0.00912
3795.42 -0.00841
3795.54 -0.00755
3795.66 -0.00742
3795.78 -0.00806
3795.9 -0.00858
3796.02 -0.00824
3796.14 -0.00724
3796.26 -0.00642
3796.38 -0.0064
3796.5 -0.00717
3796.62 -0.00835
3796.74 -0.0094
3796.87 -0.00975
3796.99 -0.00912
3797.11 -0.00787
3797.23 -0.00688
3797.35 -0.00679
3797.47 -0.00748
3797.59 -0.00833
3797.71 -0.00891
3797.83 -0.00927
3797.95 -0.00958
3798.07 -0.00972
3798.19 -0.00938
3798.31 -0.00842
3798.43 -0.00719
3798.55 -0.00635
3798.67 -0.00634
3798.79 -0.00699
3798.91 -0.00767
3799.04 -0.008
3799.16 -0.00825
3799.28 -0.00904
3799.4 -0.01038
3799.52 -0.01142
3799.64 -0.01122
3799.76 -0.00983
3799.88 -0.00833
3800 -0.0078
3800.12 -0.00832
3800.24 -0.00912
3800.36 -0.00959
3800.48 -0.00981
3800.6 -0.01008
3800.72 -0.01025
3800.84 -0.00995
3800.96 -0.00922
3801.08 -0.0087
3801.21 -0.00875
3801.33 -0.00893
3801.45 -0.0085
3801.57 -0.00747
3801.69 -0.00671
3801.81 -0.00697
3801.93 -0.008
3802.05 -0.00876
3802.17 -0.0086
3802.29 -0.0079
3802.41 -0.00767
3802.53 -0.0085
3802.65 -0.0101
3802.77 -0.0116
3802.89 -0.0124
3803.01 -0.0125
3803.13 -0.0122
3803.25 -0.01172
3803.38 -0.01111
3803.5 -0.01056
3803.62 -0.01037
3803.74 -0.01062
3803.86 -0.01095
3803.98 -0.01091
3804.1 -0.01042
3804.22 -0.00992
3804.34 -0.00997
3804.46 -0.01079
3804.58 -0.01194
3804.7 -0.01255
3804.82 -0.01185
3804.94 -0.00991
3805.06 -0.00769
3805.18 -0.0064
3805.3 -0.00654
3805.42 -0.0077
3805.54 -0.009
3805.67 -0.00973
3805.79 -0.00961
3805.91 -0.00885
3806.03 -0.00799
3806.15 -0.00764
3806.27 -0.00809
3806.39 -0.00903
3806.51 -0.00979
3806.63 -0.00989
3806.75 -0.00938
3806.87 -0.00874
3806.99 -0.00846
3807.11 -0.00868
3807.23 -0.00904
3807.35 -0.00902
3807.47 -0.00843
3807.59 -0.00768
3807.71 -0.00733
3807.84 -0.0074
3807.96 -0.00735
3808.08 -0.00679
3808.2 -0.0061
3808.32 -0.00607
3808.44 -0.007
3808.56 -0.00836
3808.68 -0.00937
3808.8 -0.00977
3808.92 -0.00973
3809.04 -0.00945
3809.16 -0.00899
3809.28 -0.00857
3809.4 -0.00862
3809.52 -0.00932
3809.64 -0.01027
3809.76 -0.01077
3809.88 -0.01046
3810.01 -0.00952
3810.13 -0.00845
3810.25 -0.00779
3810.37 -0.00795
3810.49 -0.00896
3810.61 -0.01025
3810.73 -0.01104
3810.85 -0.01091
3810.97 -0.01009
3811.09 -0.00909
3811.21 -0.00826
3811.33 -0.00779
3811.45 -0.00787
3811.57 -0.0085
3811.69 -0.00924
3811.81 -0.00959
3811.93 -0.00948
3812.05 -0.00937
3812.18 -0.00958
3812.3 -0.00991
3812.42 -0.01003
3812.54 -0.00999
3812.66 -0.01014
3812.78 -0.01044
3812.9 -0.01048
3813.02 -0.01006
3813.14 -0.0096
3813.26 -0.00949
3813.38 -0.00941
3813.5 -0.00856
3813.62 -0.00682
3813.74 -0.00527
3813.86 -0.0053
3813.98 -0.00711
3814.1 -0.00949
3814.22 -0.01094
3814.35 -0.01105
3814.47 -0.01055
3814.59 -0.01032
3814.71 -0.01056
3814.83 -0.01085
3814.95 -0.01077
3815.07 -0.01039
3815.19 -0.01019
3815.31 -0.01061
3815.43 -0.01151
3815.55 -0.0121
3815.67 -0.01145
3815.79 -0.00939
3815.91 -0.00686
3816.03 -0.00531
3816.15 -0.00552
3816.27 -0.00695
3816.39 -0.00833
3816.52 -0.00884
3816.64 -0.00872
3816.76 -0.00867
3816.88 -0.00895
3817 -0.00918
3817.12 -0.00905
3817.24 -0.00872
3817.36 -0.00847
3817.48 -0.00814
3817.6 -0.00739
3817.72 -0.00636
3817.84 -0.00571
3817.96 -0.00588
3818.08 -0.00662
3818.2 -0.00742
3818.32 -0.00812
3818.44 -0.0089
3818.56 -0.00971
3818.69 -0.01013
3818.81 -0.0099
3818.93 -0.0093
3819.05 -0.00886
3819.17 -0.00878
3819.29 -0.00876
3819.41 -0.00832
3819.53 -0.00731
3819.65 -0.00613
3819.77 -0.00559
3819.89 -0.00616
3820.01 -0.00752
3820.13 -0.00874
3820.25 -0.00916
3820.37 -0.00895
3820.49 -0.00875
3820.61 -0.0089
3820.73 -0.00916
3820.85 -0.00924
3820.98 -0.00916
3821.1 -0.0091
3821.22 -0.00899
3821.34 -0.00861
3821.46 -0.00792
3821.58 -0.00729
3821.7 -0.00729
3821.82 -0.00829
3821.94 -0.01016
3822.06 -0.01222
3822.18 -0.0134
3822.3 -0.01302
3822.42 -0.01141
3822.54 -0.00979
3822.66 -0.00914
3822.78 -0.00927
3822.9 -0.00911
3823.02 -0.00809
3823.15 -0.00692
3823.27 -0.00672
3823.39 -0.00772
3823.51 -0.00899
3823.63 -0.0096
3823.75 -0.00967
3823.87 -0.00984
3823.99 -0.01015
3824.11 -0.00992
3824.23 -0.00879
3824.35 -0.00737
3824.47 -0.00661
3824.59 -0.00665
3824.71 -0.00684
3824.83 -0.00671
3824.95 -0.00646
3825.07 -0.00649
3825.19 -0.00679
3825.32 -0.0072
3825.44 -0.0079
3825.56 -0.00903
3825.68 -0.01005
3825.8 -0.01002
3825.92 -0.00877
3826.04 -0.00738
3826.16 -0.00713
3826.28 -0.00821
3826.4 -0.0096
3826.52 -0.01024
3826.64 -0.00992
3826.76 -0.00934
3826.88 -0.00943
3827 -0.01049
3827.12 -0.0117
3827.24 -0.01149
3827.36 -0.00914
3827.49 -0.00587
3827.61 -0.00394
3827.73 -0.00441
3827.85 -0.00614
3827.97 -0.00732
3828.09 -0.00754
3828.21 -0.00774
3828.33 -0.00848
3828.45 -0.00922
3828.57 -0.00921
3828.69 -0.00859
3828.81 -0.00805
3828.93 -0.00781
3829.05 -0.00761
3829.17 -0.00736
3829.29 -0.00731
3829.41 -0.00754
3829.53 -0.00773
3829.66 -0.0077
3829.78 -0.00768
3829.9 -0.00802
3830.02 -0.00861
3830.14 -0.00901
3830.26 -0.00888
3830.38 -0.00823
3830.5 -0.00735
3830.62 -0.00666
3830.74 -0.00658
3830.86 -0.00707
3830.98 -0.00752
3831.1 -0.00727
3831.22 -0.00656
3831.34 -0.00638
3831.46 -0.00726
3831.58 -0.00849
3831.7 -0.00896
3831.82 -0.00861
3831.95 -0.0084
3832.07 -0.00893
3832.19 -0.00963
3832.31 -0.00971
3832.43 -0.0093
3832.55 -0.00919
3832.67 -0.00962
3832.79 -0.00992
3832.91 -0.0094
3833.03 -0.00822
3833.15 -0.00704
3833.27 -0.00633
3833.39 -0.00607
3833.51 -0.0062
3833.63 -0.00682
3833.75 -0.00793
3833.87 -0.00917
3833.99 -0.01011
3834.12 -0.01065
3834.24 -0.01109
3834.36 -0.01163
3834.48 -0.01196
3834.6 -0.01152
3834.72 -0.01024
3834.84 -0.00883
3834.96 -0.00805
3835.08 -0.00798
3835.2 -0.00808
3835.32 -0.0079
3835.44 -0.00752
3835.56 -0.00719
3835.68 -0.00702
3835.8 -0.00707
3835.92 -0.00746
3836.04 -0.00815
3836.16 -0.00867
3836.29 -0.0084
3836.41 -0.00733
3836.53 -0.00615
3836.65 -0.00577
3836.77 -0.00648
3836.89 -0.00791
3837.01 -0.00932
3837.13 -0.01009
3837.25 -0.00991
3837.37 -0.00888
3837.49 -0.00753
3837.61 -0.00662
3837.73 -0.0066
3837.85 -0.00713
3837.97 -0.00732
3838.09 -0.00677
3838.21 -0.00616
3838.33 -0.00665
3838.46 -0.00833
3838.58 -0.00988
3838.7 -0.00992
3838.82 -0.00866
3838.94 -0.00756
3839.06 -0.00759
3839.18 -0.00836
3839.3 -0.00891
3839.42 -0.00885
3839.54 -0.00838
3839.66 -0.00774
3839.78 -0.00705
3839.9 -0.00665
3840.02 -0.00693
3840.14 -0.00777
3840.26 -0.00846
3840.38 -0.00838
3840.5 -0.00769
3840.63 -0.0069
3840.75 -0.00623
3840.87 -0.00557
3840.99 -0.00503
3841.11 -0.00506
3841.23 -0.0059
3841.35 -0.00717
3841.47 -0.00813
3841.59 -0.00835
3841.71 -0.00799
3841.83 -0.00751
3841.95 -0.00738
3842.07 -0.0079
3842.19 -0.00898
3842.31 -0.00997
3842.43 -0.00996
3842.55 -0.0086
3842.67 -0.00669
3842.8 -0.0055
3842.92 -0.00558
3843.04 -0.00629
3843.16 -0.00671
3843.28 -0.00677
3843.4 -0.00708
3843.52 -0.00774
3843.64 -0.00793
3843.76 -0.00689
3843.88 -0.0051
3844 -0.00392
3844.12 -0.0042
3844.24 -0.0055
3844.36 -0.00697
3844.48 -0.00832
3844.6 -0.00972
3844.72 -0.01095
3844.84 -0.0112
3844.97 -0.01008
3845.09 -0.00824
3845.21 -0.00693
3845.33 -0.00679
3845.45 -0.0074
3845.57 -0.00804
3845.69 -0.00846
3845.81 -0.00892
3845.93 -0.00956
3846.05 -0.00995
3846.17 -0.00958
3846.29 -0.00854
3846.41 -0.00755
3846.53 -0.00726
3846.65 -0.00755
3846.77 -0.0079
3846.89 -0.00829
3847.01 -0.00922
3847.14 -0.01079
3847.26 -0.01194
3847.38 -0.01141
3847.5 -0.00928
3847.62 -0.00728
3847.74 -0.00707
3847.86 -0.00846
3847.98 -0.00971
3848.1 -0.00951
3848.22 -0.00834
3848.34 -0.00772
3848.46 -0.00841
3848.58 -0.00966
3848.7 -0.01028
3848.82 -0.00985
3848.94 -0.00891
3849.06 -0.00808
3849.18 -0.00763
3849.3 -0.00762
3849.43 -0.00798
3849.55 -0.00824
3849.67 -0.00777
3849.79 -0.00655
3849.91 -0.00557
3850.03 -0.00599
3850.15 -0.0077
3850.27 -0.00939
3850.39 -0.00989
3850.51 -0.00914
3850.63 -0.00775
3850.75 -0.00617
3850.87 -0.00463
3850.99 -0.00362
3851.11 -0.00365
3851.23 -0.00455
3851.35 -0.00556
3851.47 -0.00607
3851.6 -0.00623
3851.72 -0.00655
3851.84 -0.00725
3851.96 -0.00819
3852.08 -0.00912
3852.2 -0.00974
3852.32 -0.00972
3852.44 -0.00907
3852.56 -0.00833
3852.68 -0.00826
3852.8 -0.00909
3852.92 -0.01023
3853.04 -0.01074
3853.16 -0.01013
3853.28 -0.00872
3853.4 -0.00749
3853.52 -0.00747
3853.64 -0.00884
3853.77 -0.01074
3853.89 -0.0118
3854.01 -0.01133
3854.13 -0.00981
3854.25 -0.00842
3854.37 -0.00791
3854.49 -0.00811
3854.61 -0.00835
3854.73 -0.0081
3854.85 -0.00745
3854.97 -0.00702
3855.09 -0.00749
3855.21 -0.00902
3855.33 -0.01103
3855.45 -0.01238
3855.57 -0.01217
3855.69 -0.01041
3855.81 -0.00804
3855.94 -0.00623
3856.06 -0.00558
3856.18 -0.0059
3856.3 -0.00659
3856.42 -0.00727
3856.54 -0.00776
3856.66 -0.00787
3856.78 -0.00742
3856.9 -0.00661
3857.02 -0.00611
3857.14 -0.00649
3857.26 -0.0075
3857.38 -0.00843
3857.5 -0.00892
3857.62 -0.00924
3857.74 -0.0094
3857.86 -0.00881
3857.98 -0.00714
3858.1 -0.00536
3858.23 -0.00499
3858.35 -0.00618
3858.47 -0.00735
3858.59 -0.00708
3858.71 -0.00596
3858.83 -0.00577
3858.95 -0.00721
3859.07 -0.00905
3859.19 -0.00973
3859.31 -0.00908
3859.43 -0.00815
3859.55 -0.00786
3859.67 -0.00818
3859.79 -0.00852
3859.91 -0.00828
3860.03 -0.00722
3860.15 -0.00575
3860.27 -0.00493
3860.4 -0.00557
3860.52 -0.00726
3860.64 -0.00855
3860.76 -0.00841
3860.88 -0.00732
3861 -0.00661
3861.12 -0.00701
3861.24 -0.00817
3861.36 -0.00929
3861.48 -0.00991
3861.6 -0.00988
3861.72 -0.00919
3861.84 -0.00799
3861.96 -0.00688
3862.08 -0.00648
3862.2 -0.00694
3862.32 -0.00772
3862.44 -0.00812
3862.57 -0.00791
3862.69 -0.00751
3862.81 -0.00744
3862.93 -0.00779
3863.05 -0.00822
3863.17 -0.00844
3863.29 -0.00859
3863.41 -0.00895
3863.53 -0.00941
3863.65 -0.00954
3863.77 -0.00916
3863.89 -0.0087
3864.01 -0.00881
3864.13 -0.00959
3864.25 -0.01035
3864.37 -0.01032
3864.49 -0.00941
3864.61 -0.00825
3864.74 -0.00754
3864.86 -0.00737
3864.98 -0.00733
3865.1 -0.00717
3865.22 -0.00707
3865.34 -0.00721
3865.46 -0.00743
3865.58 -0.00739
3865.7 -0.0071
3865.82 -0.00694
3865.94 -0.00713
3866.06 -0.0075
3866.18 -0.00787
3866.3 -0.00835
3866.42 -0.00901
3866.54 -0.00942
3866.66 -0.00903
3866.78 -0.008
3866.91 -0.00722
3867.03 -0.00744
3867.15 -0.00837
3867.27 -0.00902
3867.39 -0.00882
3867.51 -0.00818
3867.63 -0.00787
3867.75 -0.00812
3867.87 -0.00838
3867.99 -0.00813
3868.11 -0.00745
3868.23 -0.00691
3868.35 -0.00684
3868.47 -0.00711
3868.59 -0.00755
3868.71 -0.00833
3868.83 -0.00973
3868.95 -0.01157
3869.08 -0.01308
3869.2 -0.01342
3869.32 -0.01234
3869.44 -0.01041
3869.56 -0.00871
3869.68 -0.00805
3869.8 -0.00843
3869.92 -0.00912
3870.04 -0.00936
3870.16 -0.00901
3870.28 -0.00843
3870.4 -0.00802
3870.52 -0.00784
3870.64 -0.00771
3870.76 -0.00743
3870.88 -0.007
3871 -0.00662
3871.12 -0.00654
3871.25 -0.00675
3871.37 -0.00708
3871.49 -0.00748
3871.61 -0.00816
3871.73 -0.00909
3871.85 -0.00964
3871.97 -0.00917
3872.09 -0.00794
3872.21 -0.00701
3872.33 -0.00704
3872.45 -0.0076
3872.57 -0.00795
3872.69 -0.00803
3872.81 -0.00823
3872.93 -0.00855
3873.05 -0.00842
3873.17 -0.00745
3873.29 -0.00605
3873.42 -0.00508
3873.54 -0.00508
3873.66 -0.00577
3873.78 -0.00623
3873.9 -0.00565
3874.02 -0.00425
3874.14 -0.0032
3874.26 -0.0034
3874.38 -0.00443
3874.5 -0.00517
3874.62 -0.00528
3874.74 -0.00552
3874.86 -0.00644
3874.98 -0.00743
3875.1 -0.00761
3875.22 -0.00718
3875.34 -0.00705
3875.46 -0.00741
3875.58 -0.00737
3875.71 -0.00631
3875.83 -0.00489
3875.95 -0.00436
3876.07 -0.00511
3876.19 -0.00641
3876.31 -0.00729
3876.43 -0.00743
3876.55 -0.00707
3876.67 -0.00659
3876.79 -0.00626
3876.91 -0.00638
3877.03 -0.00718
3877.15 -0.00846
3877.27 -0.00957
3877.39 -0.00993
3877.51 -0.00966
3877.63 -0.00943
3877.75 -0.00973
3877.88 -0.01043
3878 -0.01102
3878.12 -0.01113
3878.24 -0.01056
3878.36 -0.00932
3878.48 -0.0077
3878.6 -0.00642
3878.72 -0.00611
3878.84 -0.00676
3878.96 -0.00763
3879.08 -0.00804
3879.2 -0.00792
3879.32 -0.00772
3879.44 -0.00779
3879.56 -0.00813
3879.68 -0.00848
3879.8 -0.00867
3879.92 -0.00882
3880.05 -0.00926
3880.17 -0.00998
3880.29 -0.01037
3880.41 -0.00974
3880.53 -0.00826
3880.65 -0.0069
3880.77 -0.00642
3880.89 -0.00658
3881.01 -0.00675
3881.13 -0.00685
3881.25 -0.00708
3881.37 -0.00708
3881.49 -0.00619
3881.61 -0.00461
3881.73 -0.00366
3881.85 -0.00418
3881.97 -0.0053
3882.09 -0.00537
3882.22 -0.00394
3882.34 -0.00232
3882.46 -0.00209
3882.58 -0.00356
3882.7 -0.00576
3882.82 -0.00761
3882.94 -0.00852
3883.06 -0.00839
3883.18 -0.0075
3883.3 -0.0064
3883.42 -0.0057
3883.54 -0.0057
3883.66 -0.00621
3883.78 -0.00674
3883.9 -0.00692
3884.02 -0.00677
3884.14 -0.00659
3884.26 -0.00663
3884.39 -0.00684
3884.51 -0.00698
3884.63 -0.00689
3884.75 -0.00661
3884.87 -0.0062
3884.99 -0.00574
3885.11 -0.00539
3885.23 -0.00532
3885.35 -0.00559
3885.47 -0.00608
3885.59 -0.00667
3885.71 -0.00732
3885.83 -0.00789
3885.95 -0.00815
3886.07 -0.00817
3886.19 -0.00842
3886.31 -0.00927
3886.43 -0.01036
3886.55 -0.01094
3886.68 -0.01065
3886.8 -0.00984
3886.92 -0.00905
3887.04 -0.00855
3887.16 -0.00837
3887.28 -0.00839
3887.4 -0.00812
3887.52 -0.00704
3887.64 -0.00534
3887.76 -0.00422
3887.88 -0.00466
3888 -0.0061
3888.12 -0.00698
3888.24 -0.00661
3888.36 -0.006
3888.48 -0.00645
3888.6 -0.0078
3888.72 -0.00872
3888.85 -0.00837
3888.97 -0.00726
3889.09 -0.00645
3889.21 -0.00641
3889.33 -0.00688
3889.45 -0.00756
3889.57 -0.00846
3889.69 -0.00952
3889.81 -0.01033
3889.93 -0.01031
3890.05 -0.00924
3890.17 -0.00759
3890.29 -0.0063
3890.41 -0.00616
3890.53 -0.00713
3890.65 -0.00838
3890.77 -0.00896
3890.89 -0.00867
3891.02 -0.00822
3891.14 -0.00847
3891.26 -0.00954
3891.38 -0.01065
3891.5 -0.01086
3891.62 -0.00989
3891.74 -0.0083
3891.86 -0.00699
3891.98 -0.00656
3892.1 -0.00707
3892.22 -0.00812
3892.34 -0.00906
3892.46 -0.00931
3892.58 -0.00877
3892.7 -0.00796
3892.82 -0.00752
3892.94 -0.00756
3893.06 -0.00756
3893.19 -0.00705
3893.31 -0.00623
3893.43 -0.0057
3893.55 -0.00573
3893.67 -0.00601
3893.79 -0.0061
3893.91 -0.00596
3894.03 -0.00583
3894.15 -0.00581
3894.27 -0.00572
3894.39 -0.00556
3894.51 -0.0057
3894.63 -0.00646
3894.75 -0.00763
3894.87 -0.00855
3894.99 -0.00889
3895.11 -0.00898
3895.23 -0.00932
3895.36 -0.00983
3895.48 -0.00989
3895.6 -0.00925
3895.72 -0.00836
3895.84 -0.0078
3895.96 -0.00752
3896.08 -0.00712
3896.2 -0.0067
3896.32 -0.00695
3896.44 -0.00813
3896.56 -0.00939
3896.68 -0.00945
3896.8 -0.00809
3896.92 -0.00654
3897.04 -0.00634
3897.16 -0.00781
3897.28 -0.00984
3897.4 -0.01093
3897.53 -0.01055
3897.65 -0.00936
3897.77 -0.00838
3897.89 -0.008
3898.01 -0.00784
3898.13 -0.00745
3898.25 -0.00687
3898.37 -0.00651
3898.49 -0.00646
3898.61 -0.00641
3898.73 -0.00612
3898.85 -0.00585
3898.97 -0.00603
3899.09 -0.00673
3899.21 -0.00757
3899.33 -0.00818
3899.45 -0.00853
3899.57 -0.00867
3899.7 -0.00842
3899.82 -0.00766
3899.94 -0.00659
3900.06 -0.00558
3900.18 -0.00481
3900.3 -0.00434
3900.42 -0.00449
3900.54 -0.0057
3900.66 -0.00781
3900.78 -0.00983
3900.9 -0.01089
3901.02 -0.01121
3901.14 -0.0116
3901.26 -0.0121
3901.38 -0.01179
3901.5 -0.01012
3901.62 -0.00785
3901.74 -0.00637
3901.86 -0.0062
3901.99 -0.00663
3902.11 -0.00676
3902.23 -0.00639
3902.35 -0.00591
3902.47 -0.00568
3902.59 -0.0057
3902.71 -0.00579
3902.83 -0.00581
3902.95 -0.00587
3903.07 -0.00617
3903.19 -0.00661
3903.31 -0.00674
3903.43 -0.00641
3903.55 -0.00637
3903.67 -0.00751
3903.79 -0.00953
3903.91 -0.01087
3904.03 -0.01045
3904.16 -0.00893
3904.28 -0.00786
3904.4 -0.00787
3904.52 -0.00841
3904.64 -0.00894
3904.76 -0.00947
3904.88 -0.00995
3905 -0.00992
3905.12 -0.00936
3905.24 -0.00915
3905.36 -0.00994
3905.48 -0.01101
3905.6 -0.01095
3905.72 -0.0094
3905.84 -0.00755
3905.96 -0.00679
3906.08 -0.00739
3906.2 -0.00856
3906.33 -0.00942
3906.45 -0.00961
3906.57 -0.00926
3906.69 -0.00876
3906.81 -0.00843
3906.93 -0.00815
3907.05 -0.0076
3907.17 -0.0068
3907.29 -0.00619
3907.41 -0.00602
3907.53 -0.00589
3907.65 -0.00542
3907.77 -0.005
3907.89 -0.0054
3908.01 -0.00653
3908.13 -0.00733
3908.25 -0.00711
3908.37 -0.00647
3908.5 -0.00657
3908.62 -0.00758
3908.74 -0.00857
3908.86 -0.00868
3908.98 -0.00796
3909.1 -0.00694
3909.22 -0.00597
3909.34 -0.00513
3909.46 -0.00449
3909.58 -0.00412
3909.7 -0.00394
3909.82 -0.00387
3909.94 -0.00405
3910.06 -0.00472
3910.18 -0.00581
3910.3 -0.00685
3910.42 -0.00739
3910.54 -0.00729
3910.67 -0.00662
3910.79 -0.00561
3910.91 -0.00479
3911.03 -0.00494
3911.15 -0.00651
3911.27 -0.00898
3911.39 -0.01093
3911.51 -0.0111
3911.63 -0.00965
3911.75 -0.00814
3911.87 -0.00803
3911.99 -0.00932
3912.11 -0.01053
3912.23 -0.0104
3912.35 -0.00914
3912.47 -0.00797
3912.59 -0.00765
3912.71 -0.00783
3912.84 -0.00791
3912.96 -0.00791
3913.08 -0.00813
3913.2 -0.00854
3913.32 -0.00877
3913.44 -0.00869
3913.56 -0.00847
3913.68 -0.00823
3913.8 -0.00793
3913.92 -0.00784
3914.04 -0.00845
3914.16 -0.00969
3914.28 -0.01066
3914.4 -0.01045
3914.52 -0.00913
3914.64 -0.00772
3914.76 -0.007
3914.88 -0.00699
3915 -0.00721
3915.13 -0.00738
3915.25 -0.00749
3915.37 -0.00755
3915.49 -0.00755
3915.61 -0.00751
3915.73 -0.00748
3915.85 -0.00757
3915.97 -0.00801
3916.09 -0.00896
3916.21 -0.01001
3916.33 -0.01022
3916.45 -0.00899
3916.57 -0.00684
3916.69 -0.00522
3916.81 -0.00514
3916.93 -0.00633
3917.05 -0.00761
3917.17 -0.00811
3917.3 -0.00789
3917.42 -0.00755
3917.54 -0.00746
3917.66 -0.00744
3917.78 -0.00708
3917.9 -0.00637
3918.02 -0.00581
3918.14 -0.00584
3918.26 -0.00625
3918.38 -0.00627
3918.5 -0.00549
3918.62 -0.00458
3918.74 -0.00476
3918.86 -0.00646
3918.98 -0.00878
3919.1 -0.01025
3919.22 -0.01001
3919.34 -0.0083
3919.47 -0.00607
3919.59 -0.00451
3919.71 -0.00446
3919.83 -0.00576
3919.95 -0.00733
3920.07 -0.00802
3920.19 -0.00767
3920.31 -0.00708
3920.43 -0.00696
3920.55 -0.00728
3920.67 -0.00759
3920.79 -0.00774
3920.91 -0.00783
3921.03 -0.00773
3921.15 -0.00722
3921.27 -0.00644
3921.39 -0.00595
3921.51 -0.00606
3921.64 -0.00649
3921.76 -0.00674
3921.88 -0.00667
3922 -0.00656
3922.12 -0.00668
3922.24 -0.00703
3922.36 -0.00736
3922.48 -0.00758
3922.6 -0.00783
3922.72 -0.00837
3922.84 -0.00918
3922.96 -0.00975
3923.08 -0.00956
3923.2 -0.00879
3923.32 -0.00834
3923.44 -0.00883
3923.56 -0.00984
3923.68 -0.01035
3923.81 -0.00996
3923.93 -0.00917
3924.05 -0.00856
3924.17 -0.00805
3924.29 -0.00724
3924.41 -0.00623
3924.53 -0.00564
3924.65 -0.0058
3924.77 -0.00636
3924.89 -0.00678
3925.01 -0.00701
3925.13 -0.00735
3925.25 -0.00772
3925.37 -0.00757
3925.49 -0.0066
3925.61 -0.00536
3925.73 -0.0048
3925.85 -0.0053
3925.98 -0.00626
3926.1 -0.00675
3926.22 -0.00642
3926.34 -0.00554
3926.46 -0.00458
3926.58 -0.00394
3926.7 -0.00397
3926.82 -0.00489
3926.94 -0.0065
3927.06 -0.00809
3927.18 -0.00897
3927.3 -0.00886
3927.42 -0.00801
3927.54 -0.00694
3927.66 -0.00627
3927.78 -0.00638
3927.9 -0.00715
3928.02 -0.00804
3928.15 -0.00851
3928.27 -0.00839
3928.39 -0.00768
3928.51 -0.00634
3928.63 -0.00454
3928.75 -0.00298
3928.87 -0.00251
3928.99 -0.00334
3929.11 -0.00478
3929.23 -0.00592
3929.35 -0.00639
3929.47 -0.00643
3929.59 -0.00638
3929.71 -0.00644
3929.83 -0.00671
3929.95 -0.00724
3930.07 -0.00798
3930.19 -0.00867
3930.31 -0.00894
3930.44 -0.00851
3930.56 -0.00747
3930.68 -0.00625
3930.8 -0.00526
3930.92 -0.00462
3931.04 -0.00446
3931.16 -0.00524
3931.28 -0.00737
3931.4 -0.01038
3931.52 -0.01276
3931.64 -0.01319
3931.76 -0.01187
3931.88 -0.01006
3932 -0.00867
3932.12 -0.00773
3932.24 -0.00712
3932.36 -0.00722
3932.48 -0.0083
3932.61 -0.00984
3932.73 -0.0108
3932.85 -0.01068
3932.97 -0.00978
3933.09 -0.00871
3933.21 -0.00784
3933.33 -0.00743
3933.45 -0.0077
3933.57 -0.00852
3933.69 -0.00933
3933.81 -0.0095
3933.93 -0.00899
3934.05 -0.0083
3934.17 -0.00799
3934.29 -0.00817
3934.41 -0.00858
3934.53 -0.00885
3934.65 -0.00891
3934.78 -0.0089
3934.9 -0.00899
3935.02 -0.00903
3935.14 -0.00878
3935.26 -0.00828
3935.38 -0.00803
3935.5 -0.00845
3935.62 -0.00934
3935.74 -0.01004
3935.86 -0.01013
3935.98 -0.00976
3936.1 -0.00925
3936.22 -0.00872
3936.34 -0.00817
3936.46 -0.00772
3936.58 -0.00739
3936.7 -0.007
3936.82 -0.00645
3936.95 -0.00622
3937.07 -0.00696
3937.19 -0.00859
3937.31 -0.00997
3937.43 -0.00993
3937.55 -0.00839
3937.67 -0.00641
3937.79 -0.00501
3937.91 -0.00439
3938.03 -0.00419
3938.15 -0.00423
3938.27 -0.00461
3938.39 -0.00525
3938.51 -0.00574
3938.63 -0.00589
3938.75 -0.00612
3938.87 -0.00692
3938.99 -0.00811
3939.12 -0.00894
3939.24 -0.00907
3939.36 -0.009
3939.48 -0.00925
3939.6 -0.00934
3939.72 -0.00819
3939.84 -0.00567
3939.96 -0.00322
3940.08 -0.0026
3940.2 -0.00419
3940.32 -0.0067
3940.44 -0.00851
3940.56 -0.00904
3940.68 -0.00876
3940.8 -0.00833
3940.92 -0.00808
3941.04 -0.00801
3941.16 -0.00806
3941.29 -0.00808
3941.41 -0.00789
3941.53 -0.00733
3941.65 -0.00643
3941.77 -0.00543
3941.89 -0.00452
3942.01 -0.00373
3942.13 -0.0031
3942.25 -0.003
3942.37 -0.0039
3942.49 -0.00563
3942.61 -0.00708
3942.73 -0.00698
3942.85 -0.00526
3942.97 -0.00319
3943.09 -0.00216
3943.21 -0.00251
3943.33 -0.0036
3943.46 -0.00473
3943.58 -0.00561
3943.7 -0.00616
3943.82 -0.00647
3943.94 -0.00687
3944.06 -0.00763
3944.18 -0.00852
3944.3 -0.00884
3944.42 -0.00824
3944.54 -0.00725
3944.66 -0.00675
3944.78 -0.00704
3944.9 -0.00778
3945.02 -0.00866
3945.14 -0.00967
3945.26 -0.01069
3945.38 -0.01114
3945.5 -0.0104
3945.62 -0.00858
3945.75 -0.00669
3945.87 -0.00582
3945.99 -0.00628
3946.11 -0.00741
3946.23 -0.00819
3946.35 -0.00818
3946.47 -0.00777
3946.59 -0.00764
3946.71 -0.00807
3946.83 -0.00884
3946.95 -0.00948
3947.07 -0.00954
3947.19 -0.00881
3947.31 -0.00757
3947.43 -0.00655
3947.55 -0.00645
3947.67 -0.0072
3947.79 -0.00805
3947.92 -0.00835
3948.04 -0.00817
3948.16 -0.00799
3948.28 -0.00804
3948.4 -0.0082
3948.52 -0.00839
3948.64 -0.00858
3948.76 -0.00858
3948.88 -0.00814
3949 -0.00734
3949.12 -0.00664
3949.24 -0.00645
3949.36 -0.00682
3949.48 -0.00743
3949.6 -0.00791
3949.72 -0.00794
3949.84 -0.0075
3949.96 -0.00702
3950.09 -0.007
3950.21 -0.00734
3950.33 -0.00732
3950.45 -0.00659
3950.57 -0.00578
3950.69 -0.00578
3950.81 -0.00652
3950.93 -0.00705
3951.05 -0.00675
3951.17 -0.00606
3951.29 -0.00581
3951.41 -0.0062
3951.53 -0.00686
3951.65 -0.00732
3951.77 -0.00729
3951.89 -0.00668
3952.01 -0.00575
3952.13 -0.00515
3952.26 -0.00541
3952.38 -0.00628
3952.5 -0.00699
3952.62 -0.00703
3952.74 -0.00659
3952.86 -0.00623
3952.98 -0.00645
3953.1 -0.0074
3953.22 -0.00873
3953.34 -0.00962
3953.46 -0.00942
3953.58 -0.00835
3953.7 -0.00741
3953.82 -0.00735
3953.94 -0.00794
3954.06 -0.00853
3954.18 -0.00884
3954.3 -0.00889
3954.43 -0.00846
3954.55 -0.00726
3954.67 -0.00576
3954.79 -0.00517
3954.91 -0.00615
3955.03 -0.0077
3955.15 -0.00804
3955.27 -0.00648
3955.39 -0.00419
3955.51 -0.00302
3955.63 -0.00357
3955.75 -0.00499
3955.87 -0.0061
3955.99 -0.00656
3956.11 -0.0067
3956.23 -0.00683
3956.35 -0.00704
3956.47 -0.0074
3956.59 -0.00803
3956.72 -0.00871
3956.84 -0.00889
3956.96 -0.0083
3957.08 -0.00732
3957.2 -0.0066
3957.32 -0.00649
3957.44 -0.00689
3957.56 -0.00752
3957.68 -0.00801
3957.8 -0.00801
3957.92 -0.00747
3958.04 -0.00685
3958.16 -0.00681
3958.28 -0.00751
3958.4 -0.00851
3958.52 -0.00916
3958.64 -0.00916
3958.76 -0.00857
3958.89 -0.00787
3959.01 -0.00763
3959.13 -0.00804
3959.25 -0.00857
3959.37 -0.00845
3959.49 -0.00768
3959.61 -0.00714
3959.73 -0.00738
3959.85 -0.00765
3959.97 -0.00678
3960.09 -0.0049
3960.21 -0.00368
3960.33 -0.0045
3960.45 -0.00676
3960.57 -0.00836
3960.69 -0.00795
3960.81 -0.00619
3960.93 -0.00477
3961.06 -0.00463
3961.18 -0.00541
3961.3 -0.00623
3961.42 -0.00666
3961.54 -0.00672
3961.66 -0.00653
3961.78 -0.00622
3961.9 -0.00594
3962.02 -0.0057
3962.14 -0.00528
3962.26 -0.0046
3962.38 -0.00421
3962.5 -0.00487
3962.62 -0.00653
3962.74 -0.00818
3962.86 -0.00889
3962.98 -0.00874
3963.1 -0.00841
3963.23 -0.00823
3963.35 -0.00799
3963.47 -0.00765
3963.59 -0.00751
3963.71 -0.0076
3963.83 -0.00749
3963.95 -0.00689
3964.07 -0.00625
3964.19 -0.0063
3964.31 -0.00705
3964.43 -0.00768
3964.55 -0.00746
3964.67 -0.00656
3964.79 -0.00579
3964.91 -0.0058
3965.03 -0.00667
3965.15 -0.008
3965.27 -0.00914
3965.4 -0.00952
3965.52 -0.00898
3965.64 -0.00804
3965.76 -0.00753
3965.88 -0.00779
3966 -0.00825
3966.12 -0.00806
3966.24 -0.00704
3966.36 -0.00592
3966.48 -0.00543
3966.6 -0.00553
3966.72 -0.00564
3966.84 -0.00552
3966.96 -0.00552
3967.08 -0.00596
3967.2 -0.00657
3967.32 -0.00678
3967.44 -0.00637
3967.57 -0.00577
3967.69 -0.00566
3967.81 -0.00633
3967.93 -0.00739
3968.05 -0.0081
3968.17 -0.0079
3968.29 -0.00687
3968.41 -0.00579
3968.53 -0.00555
3968.65 -0.00642
3968.77 -0.00768
3968.89 -0.00825
3969.01 -0.00775
3969.13 -0.00692
3969.25 -0.00675
3969.37 -0.00728
3969.49 -0.00774
3969.61 -0.00765
3969.74 -0.00747
3969.86 -0.00763
3969.98 -0.00762
3970.1 -0.00666
3970.22 -0.00498
3970.34 -0.00389
3970.46 -0.00422
3970.58 -0.00538
3970.7 -0.00616
3970.82 -0.00613
3970.94 -0.00571
3971.06 -0.00532
3971.18 -0.005
3971.3 -0.00472
3971.42 -0.00464
3971.54 -0.00484
3971.66 -0.00508
3971.78 -0.00513
3971.91 -0.00513
3972.03 -0.00551
3972.15 -0.00662
3972.27 -0.00829
3972.39 -0.00978
3972.51 -0.0102
3972.63 -0.00933
3972.75 -0.00777
3972.87 -0.00641
3972.99 -0.00571
3973.11 -0.00564
3973.23 -0.00602
3973.35 -0.00666
3973.47 -0.00714
3973.59 -0.00709
3973.71 -0.00674
3973.83 -0.00679
3973.95 -0.00752
3974.07 -0.00833
3974.2 -0.00845
3974.32 -0.00786
3974.44 -0.00729
3974.56 -0.00729
3974.68 -0.00763
3974.8 -0.00755
3974.92 -0.00663
3975.04 -0.00538
3975.16 -0.0049
3975.28 -0.00574
3975.4 -0.00714
3975.52 -0.00762
3975.64 -0.00665
3975.76 -0.00521
3975.88 -0.00467
3976 -0.00523
3976.12 -0.00606
3976.24 -0.00644
3976.37 -0.00643
3976.49 -0.00622
3976.61 -0.00569
3976.73 -0.00484
3976.85 -0.00429
3976.97 -0.0048
3977.09 -0.00634
3977.21 -0.00791
3977.33 -0.00842
3977.45 -0.00762
3977.57 -0.0062
3977.69 -0.00524
3977.81 -0.00531
3977.93 -0.00614
3978.05 -0.00708
3978.17 -0.00769
3978.29 -0.00787
3978.41 -0.00753
3978.54 -0.00657
3978.66 -0.00534
3978.78 -0.00465
3978.9 -0.00515
3979.02 -0.00651
3979.14 -0.00772
3979.26 -0.00803
3979.38 -0.00761
3979.5 -0.00723
3979.62 -0.00754
3979.74 -0.00848
3979.86 -0.00928
3979.98 -0.00904
3980.1 -0.00773
3980.22 -0.00631
3980.34 -0.0057
3980.46 -0.0058
3980.58 -0.00569
3980.71 -0.00493
3980.83 -0.00396
3980.95 -0.00346
3981.07 -0.00366
3981.19 -0.00451
3981.31 -0.00593
3981.43 -0.00755
3981.55 -0.00857
3981.67 -0.00843
3981.79 -0.00739
3981.91 -0.00618
3982.03 -0.00526
3982.15 -0.00482
3982.27 -0.00524
3982.39 -0.0067
3982.51 -0.00854
3982.63 -0.00951
3982.75 -0.00919
3982.88 -0.00847
3983 -0.00837
3983.12 -0.00876
3983.24 -0.00877
3983.36 -0.0082
3983.48 -0.00769
3983.6 -0.00771
3983.72 -0.00785
3983.84 -0.0075
3983.96 -0.0067
3984.08 -0.00597
3984.2 -0.00561
3984.32 -0.00555
3984.44 -0.00576
3984.56 -0.00633
3984.68 -0.00708
3984.8 -0.00754
3984.92 -0.00759
3985.04 -0.00777
3985.17 -0.00864
3985.29 -0.00984
3985.41 -0.01033
3985.53 -0.00949
3985.65 -0.00794
3985.77 -0.00684
3985.89 -0.00673
3986.01 -0.00721
3986.13 -0.00755
3986.25 -0.00746
3986.37 -0.00709
3986.49 -0.00681
3986.61 -0.00704
3986.73 -0.00808
3986.85 -0.00959
3986.97 -0.0105
3987.09 -0.00983
3987.21 -0.00768
3987.34 -0.00533
3987.46 -0.00403
3987.58 -0.00397
3987.7 -0.00434
3987.82 -0.00434
3987.94 -0.00403
3988.06 -0.00407
3988.18 -0.00486
3988.3 -0.00598
3988.42 -0.00657
3988.54 -0.00635
3988.66 -0.00596
3988.78 -0.00633
3988.9 -0.00756
3989.02 -0.0088
3989.14 -0.00913
3989.26 -0.00861
3989.38 -0.0082
3989.51 -0.00863
3989.63 -0.00964
3989.75 -0.01031
3989.87 -0.01005
3989.99 -0.00915
3990.11 -0.00818
3990.23 -0.00734
3990.35 -0.00662
3990.47 -0.00624
3990.59 -0.0066
3990.71 -0.00765
3990.83 -0.00864
3990.95 -0.00885
3991.07 -0.00839
3991.19 -0.00802
3991.31 -0.00828
3991.43 -0.00903
3991.55 -0.0096
3991.68 -0.00938
3991.8 -0.00828
3991.92 -0.00686
3992.04 -0.00606
3992.16 -0.00635
3992.28 -0.00717
3992.4 -0.00747
3992.52 -0.00688
3992.64 -0.00598
3992.76 -0.00549
3992.88 -0.00551
3993 -0.00572
3993.12 -0.00597
3993.24 -0.00635
3993.36 -0.00683
3993.48 -0.00722
3993.6 -0.00739
3993.72 -0.00725
3993.85 -0.00669
3993.97 -0.00577
3994.09 -0.00506
3994.21 -0.00523
3994.33 -0.00641
3994.45 -0.00801
3994.57 -0.00934
3994.69 -0.01006
3994.81 -0.0101
3994.93 -0.00939
3995.05 -0.00807
3995.17 -0.00662
3995.29 -0.00563
3995.41 -0.00536
3995.53 -0.00569
3995.65 -0.00635
3995.77 -0.00715
3995.89 -0.00787
3996.02 -0.00828
3996.14 -0.00831
3996.26 -0.00817
3996.38 -0.00802
3996.5 -0.00774
3996.62 -0.00714
3996.74 -0.00643
3996.86 -0.00624
3996.98 -0.00687
3997.1 -0.00755
3997.22 -0.00702
3997.34 -0.0051
3997.46 -0.00336
3997.58 -0.00366
3997.7 -0.00603
3997.82 -0.00848
3997.94 -0.00901
3998.06 -0.00749
3998.19 -0.00549
3998.31 -0.00453
3998.43 -0.00492
3998.55 -0.00579
3998.67 -0.00609
3998.79 -0.00542
3998.91 -0.00431
3999.03 -0.00366
3999.15 -0.00396
3999.27 -0.00487
3999.39 -0.00571
3999.51 -0.00601
3999.63 -0.00558
3999.75 -0.00459
3999.87 -0.00371
3999.99 -0.0039
4000.11 -0.00547
