# {"full": "CO under CH4", "name": "CO under CH4", "ratio": "1", "url": "https://icedb.strw.leidenuniv.nl/data/68", "author": "Fraser", "latex_molname": "$\\ce{CO}$ under $\\ce{CH4}$", "temperature": 30.0, "index": 653}
399.746 -0.0145
399.987 -0.02274
400.228 -0.01391
400.469 -0.0096
400.711 -0.00743
400.952 -0.00803
401.193 -0.016
401.434 -0.02538
401.675 -0.03531
401.916 -0.02524
402.157 -0.01088
402.398 -0.02066
402.639 -0.02372
402.88 -0.01831
403.122 -0.01304
403.363 -0.00854
403.604 -0.00764
403.845 -0.00757
404.086 -1.84041E-4
404.327 -0.00331
404.568 -0.01677
404.809 -0.01622
405.05 -0.01999
405.292 -0.01493
405.533 -0.00657
405.774 -0.00959
406.015 -0.00784
406.256 -0.00903
406.497 -0.01564
406.738 -0.00567
406.979 -0.00115
407.22 -0.00359
407.461 -0.00226
407.703 -0.00545
407.944 7.30038E-4
408.185 -0.00403
408.426 -0.01106
408.667 -0.0142
408.908 -0.02356
409.149 -0.02876
409.39 -0.02182
409.631 -0.01827
409.872 -0.01248
410.114 -0.00274
410.355 -0.0062
410.596 -0.00762
410.837 -0.01056
411.078 -0.01299
411.319 -0.01556
411.56 -0.01852
411.801 -0.01374
412.042 -0.01086
412.283 -0.01187
412.525 -0.0183
412.766 -0.02041
413.007 -0.01612
413.248 -0.01356
413.489 -0.01639
413.73 -0.02376
413.971 -0.02963
414.212 -0.02572
414.453 0.00238
414.694 0.00269
414.936 -0.01186
415.177 -0.00634
415.418 -0.0057
415.659 -0.00673
415.9 -0.00827
416.141 -0.00754
416.382 -0.00791
416.623 -0.00654
416.864 -0.00953
417.105 -0.0099
417.347 -0.00879
417.588 -0.00834
417.829 -0.00223
418.07 -0.00667
418.311 -0.00927
418.552 -0.00318
418.793 -0.00389
419.034 -0.00436
419.275 -0.00453
419.516 -0.01347
419.758 -0.01291
419.999 -0.00962
420.24 -0.00942
420.481 -0.01494
420.722 -0.01809
420.963 -0.02499
421.204 -0.01826
421.445 3.34531E-6
421.686 -0.00525
421.927 -0.01029
422.169 -0.00465
422.41 0.00253
422.651 4.09454E-4
422.892 -0.00512
423.133 -0.0072
423.374 -0.00494
423.615 -0.00794
423.856 -0.01144
424.097 -0.00807
424.339 -0.00825
424.58 -0.00843
424.821 -0.00534
425.062 -0.00609
425.303 -0.0072
425.544 -0.00912
425.785 -0.01098
426.026 -0.01349
426.267 -0.01603
426.508 -0.01108
426.75 -0.00805
426.991 -0.01075
427.232 -0.01097
427.473 -0.01021
427.714 -0.014
427.955 -3.14042E-6
428.196 0.02853
428.437 0.01124
428.678 -0.01189
428.919 -0.00882
429.161 -0.00723
429.402 -0.00456
429.643 -0.00858
429.884 -0.01363
430.125 -0.00993
430.366 -0.00671
430.607 -0.00753
430.848 -0.0059
431.089 -0.00679
431.33 -0.00533
431.572 -0.00827
431.813 -0.01124
432.054 -0.01017
432.295 -0.00962
432.536 -0.00757
432.777 -0.0092
433.018 -0.00705
433.259 -0.00131
433.5 -0.00469
433.741 -0.00845
433.983 -0.01184
434.224 -0.01461
434.465 -0.01361
434.706 -0.01674
434.947 -0.02783
435.188 -0.02544
435.429 -0.02413
435.67 -0.01126
435.911 0.0037
436.152 -1.51116E-4
436.394 -0.00215
436.635 -0.0078
436.876 -0.00841
437.117 -0.00627
437.358 -0.00631
437.599 -0.00666
437.84 -0.00403
438.081 -0.00364
438.322 -0.00764
438.564 -0.00602
438.805 -0.00303
439.046 -0.00791
439.287 -0.00936
439.528 -0.00609
439.769 -0.00587
440.01 -0.01046
440.251 -0.00792
440.492 -0.00446
440.733 -0.00704
440.975 -0.00721
441.216 -0.00677
441.457 -0.00849
441.698 -0.00844
441.939 -0.00558
442.18 0.00927
442.421 0.03471
442.662 0.01736
442.903 -0.00754
443.144 -0.00573
443.386 -0.00598
443.627 -0.00488
443.868 -0.00806
444.109 -0.00813
444.35 -0.00712
444.591 -0.00734
444.832 -0.00646
445.073 -0.00419
445.314 -0.00317
445.555 -0.00632
445.797 -0.00768
446.038 -0.00789
446.279 -0.00987
446.52 -0.00932
446.761 -0.00601
447.002 -0.00606
447.243 -0.00816
447.484 -0.00773
447.725 -0.00406
447.966 -0.00347
448.208 -0.00831
448.449 -0.00962
448.69 -0.0135
448.931 -0.01379
449.172 -0.01322
449.413 -0.0154
449.654 -0.00779
449.895 -0.00357
450.136 -0.00278
450.377 -0.00732
450.619 -0.0102
450.86 -0.00818
451.101 -0.01062
451.342 -0.00961
451.583 -0.00741
451.824 -0.00964
452.065 -0.0121
452.306 -0.00859
452.547 -0.00798
452.788 -0.00882
453.03 -0.00666
453.271 -0.00789
453.512 -0.00832
453.753 -0.00598
453.994 -0.00538
454.235 -0.00386
454.476 -0.00322
454.717 -0.00112
454.958 -2.43545E-4
455.199 -0.00606
455.441 -0.00724
455.682 -0.00506
455.923 -0.00416
456.164 -0.005
456.405 -0.01218
456.646 -0.01131
456.887 -0.00702
457.128 -0.00381
457.369 -0.00428
457.611 -0.00942
457.852 -0.00809
458.093 -0.00741
458.334 -0.00606
458.575 -0.00663
458.816 -0.00889
459.057 -0.00832
459.298 -0.00644
459.539 -0.00642
459.78 -0.01008
460.022 -0.00961
460.263 -0.00606
460.504 -0.00505
460.745 -0.00513
460.986 -0.00548
461.227 -0.00633
461.468 -0.00675
461.709 -0.00498
461.95 -0.00599
462.191 -0.00813
462.433 -0.00682
462.674 -0.00555
462.915 -0.00695
463.156 -0.00603
463.397 -0.00625
463.638 -0.00929
463.879 -0.00938
464.12 -0.00682
464.361 -0.00689
464.602 -0.01126
464.844 -0.01242
465.085 -0.00966
465.326 -0.00752
465.567 -0.00926
465.808 -0.0088
466.049 -0.00832
466.29 -0.00884
466.531 -0.00638
466.772 -0.0035
467.013 -0.00201
467.255 -0.0038
467.496 -0.00733
467.737 -0.00935
467.978 -0.00854
468.219 -0.0068
468.46 -0.00675
468.701 -0.00618
468.942 -0.00572
469.183 -0.00459
469.424 -0.00278
469.666 -0.00709
469.907 -0.01034
470.148 -0.00928
470.389 -0.00878
470.63 -0.00737
470.871 -0.00628
471.112 -0.00567
471.353 -0.00639
471.594 -0.00714
471.836 -0.00488
472.077 -0.00326
472.318 -0.00357
472.559 -0.00597
472.8 -0.00743
473.041 -0.00451
473.282 -0.00348
473.523 -0.00627
473.764 -0.00624
474.005 -0.00745
474.247 -0.0097
474.488 -0.00675
474.729 -0.00391
474.97 -0.00404
475.211 -0.00618
475.452 -0.00816
475.693 -0.00562
475.934 -0.00371
476.175 -0.00532
476.416 -0.00691
476.658 -0.00661
476.899 -0.00898
477.14 -0.00741
477.381 -0.00198
477.622 -0.00447
477.863 -0.00644
478.104 -0.00646
478.345 -0.00802
478.586 -0.0095
478.827 -0.00895
479.069 -0.00693
479.31 -0.00601
479.551 -0.00632
479.792 -0.00545
480.033 -0.00434
480.274 -0.00634
480.515 -0.00802
480.756 -0.00695
480.997 -0.00548
481.238 -0.00503
481.48 -0.00736
481.721 -0.00769
481.962 -0.00473
482.203 -0.00592
482.444 -0.00571
482.685 -0.00363
482.926 -0.00517
483.167 -0.00678
483.408 -0.00665
483.649 -0.00434
483.891 -0.00255
484.132 -0.00398
484.373 -0.00625
484.614 -0.00407
484.855 -0.00288
485.096 -0.00414
485.337 -0.00313
485.578 -0.00427
485.819 -0.00604
486.06 -0.00651
486.302 -0.00557
486.543 -0.00452
486.784 -0.00442
487.025 -0.00335
487.266 -0.00208
487.507 -0.00302
487.748 -0.00443
487.989 -0.00458
488.23 -0.00508
488.471 -0.00489
488.713 -0.00517
488.954 -0.00583
489.195 -0.00633
489.436 -0.0076
489.677 -0.00764
489.918 -0.00609
490.159 -0.00524
490.4 -0.00486
490.641 -0.00421
490.883 -0.00414
491.124 -0.00459
491.365 -0.00558
491.606 -0.00543
491.847 -0.00428
492.088 -0.00389
492.329 -0.00481
492.57 -0.00677
492.811 -0.00684
493.052 -0.00655
493.294 -0.00605
493.535 -0.00505
493.776 -0.00558
494.017 -0.00671
494.258 -0.00475
494.499 -0.0035
494.74 -0.00541
494.981 -0.00563
495.222 -0.00449
495.463 -0.00502
495.705 -0.00668
495.946 -0.00465
496.187 -0.00306
496.428 -0.00518
496.669 -0.00508
496.91 -0.00368
497.151 -0.00397
497.392 -0.00513
497.633 -0.00551
497.874 -0.00577
498.116 -0.00601
498.357 -0.00467
498.598 -0.00357
498.839 -0.00499
499.08 -0.0071
499.321 -0.007
499.562 -0.006
499.803 -0.00572
500.044 -0.00451
500.285 -0.00318
500.527 -0.00454
500.768 -0.00651
501.009 -0.00559
501.25 -0.0022
501.491 -0.00177
501.732 -0.00446
501.973 -0.00471
502.214 -0.0041
502.455 -0.00542
502.696 -0.00616
502.938 -0.00629
503.179 -0.00574
503.42 -0.00546
503.661 -0.00503
503.902 -0.00387
504.143 -0.00477
504.384 -0.00461
504.625 -0.00308
504.866 -0.00246
505.107 -0.00388
505.349 -0.00552
505.59 -0.00415
505.831 -0.00422
506.072 -0.00438
506.313 -0.00377
506.554 -0.00417
506.795 -0.00559
507.036 -0.0073
507.277 -0.00557
507.518 -0.00416
507.76 -0.00493
508.001 -0.00558
508.242 -0.00438
508.483 -0.00464
508.724 -0.00678
508.965 -0.00684
509.206 -0.00368
509.447 -0.00428
509.688 -0.00677
509.93 -0.00522
510.171 -0.00505
510.412 -0.00536
510.653 -0.00648
510.894 -0.00635
511.135 -0.00423
511.376 -0.00355
511.617 -0.00403
511.858 -0.00404
512.099 -0.00447
512.341 -0.00538
512.582 -0.00425
512.823 -0.00438
513.064 -0.0063
513.305 -0.00674
513.546 -0.00672
513.787 -0.00602
514.028 -0.00545
514.269 -0.00377
514.51 -0.00318
514.752 -0.00445
514.993 -0.00345
515.234 -0.00319
515.475 -0.00456
515.716 -0.00513
515.957 -0.00542
516.198 -0.00449
516.439 -0.0045
516.68 -0.00313
516.921 -0.00219
517.163 -0.00452
517.404 -0.00601
517.645 -0.00571
517.886 -0.00421
518.127 -0.00337
518.368 -0.00309
518.609 -0.00421
518.85 -0.00476
519.091 -0.00487
519.332 -0.00488
519.574 -0.00505
519.815 -0.00481
520.056 -0.0038
520.297 -0.00374
520.538 -0.00454
520.779 -0.00502
521.02 -0.00572
521.261 -0.00629
521.502 -0.00534
521.743 -0.00376
521.985 -0.00385
522.226 -0.00568
522.467 -0.00514
522.708 -0.00434
522.949 -0.00467
523.19 -0.00488
523.431 -0.00328
523.672 -0.00234
523.913 -0.00338
524.154 -0.00304
524.396 -0.00233
524.637 -0.00297
524.878 -0.00524
525.119 -0.00529
525.36 -0.00312
525.601 -0.00431
525.842 -0.00557
526.083 -0.00531
526.324 -0.0073
526.565 -0.00641
526.807 -0.00503
527.048 -0.00496
527.289 -0.00577
527.53 -0.00665
527.771 -0.00614
528.012 -0.00508
528.253 -0.00388
528.494 -0.00541
528.735 -0.00608
528.977 -0.00518
529.218 -0.00434
529.459 -0.00489
529.7 -0.00557
529.941 -0.0057
530.182 -0.00622
530.423 -0.00563
530.664 -0.00606
530.905 -0.00559
531.146 -0.00451
531.388 -0.00368
531.629 -0.00292
531.87 -0.00353
532.111 -0.00442
532.352 -0.00513
532.593 -0.00478
532.834 -0.00554
533.075 -0.00574
533.316 -0.00551
533.557 -0.00475
533.799 -0.00416
534.04 -0.00489
534.281 -0.00518
534.522 -0.004
534.763 -0.00202
535.004 -0.00344
535.245 -0.0058
535.486 -0.00486
535.727 -0.00367
535.969 -0.0045
536.21 -0.0042
536.451 -0.00447
536.692 -0.00549
536.933 -0.00573
537.174 -0.00575
537.415 -0.00574
537.656 -0.00471
537.897 -0.00337
538.138 -0.00363
538.38 -0.00412
538.621 -0.00353
538.862 -0.00458
539.103 -0.00508
539.344 -0.0045
539.585 -0.00494
539.826 -0.00443
540.067 -0.0043
540.308 -0.00409
540.549 -0.00401
540.791 -0.00389
541.032 -0.00475
541.273 -0.00524
541.514 -0.00397
541.755 -0.00317
541.996 -0.00405
542.237 -0.00507
542.478 -0.00473
542.719 -0.00445
542.96 -0.00345
543.202 -0.0029
543.443 -0.00273
543.684 -0.00319
543.925 -0.00465
544.166 -0.00508
544.407 -0.00518
544.648 -0.0046
544.889 -0.00481
545.13 -0.00341
545.371 -0.00281
545.613 -0.00296
545.854 -0.00209
546.095 -0.00318
546.336 -0.00457
546.577 -0.00433
546.818 -0.0031
547.059 -0.00274
547.3 -0.00253
547.541 -0.00321
547.782 -0.00438
548.024 -0.00394
548.265 -0.00364
548.506 -0.00431
548.747 -0.00415
548.988 -0.00405
549.229 -0.00583
549.47 -0.0058
549.711 -0.0039
549.952 -0.00448
550.193 -0.00535
550.435 -0.00432
550.676 -0.0038
550.917 -0.00471
551.158 -0.00518
551.399 -0.00445
551.64 -0.00514
551.881 -0.00569
552.122 -0.00503
552.363 -0.00538
552.604 -0.0049
552.846 -0.00414
553.087 -0.00422
553.328 -0.00445
553.569 -0.00398
553.81 -0.00356
554.051 -0.00409
554.292 -0.00476
554.533 -0.00461
554.774 -0.00364
555.016 -0.00348
555.257 -0.00454
555.498 -0.00374
555.739 -0.00256
555.98 -0.00289
556.221 -0.00491
556.462 -0.00558
556.703 -0.00416
556.944 -0.00313
557.185 -0.00373
557.427 -0.00433
557.668 -0.00397
557.909 -0.00342
558.15 -0.00361
558.391 -0.00498
558.632 -0.00453
558.873 -0.00444
559.114 -0.00311
559.355 -0.00311
559.596 -0.00556
559.838 -0.00559
560.079 -0.00503
560.32 -0.00446
560.561 -0.00508
560.802 -0.00646
561.043 -0.00611
561.284 -0.00563
561.525 -0.00483
561.766 -0.0041
562.007 -0.00531
562.249 -0.00521
562.49 -0.00453
562.731 -0.00419
562.972 -0.00327
563.213 -0.00398
563.454 -0.00541
563.695 -0.00428
563.936 -0.00314
564.177 -0.00429
564.418 -0.0037
564.66 -0.00341
564.901 -0.00532
565.142 -0.00649
565.383 -0.00483
565.624 -0.00458
565.865 -0.00631
566.106 -0.00557
566.347 -0.00447
566.588 -0.00433
566.829 -0.005
567.071 -0.00445
567.312 -0.0045
567.553 -0.00564
567.794 -0.0045
568.035 -0.00346
568.276 -0.00376
568.517 -0.00487
568.758 -0.00513
568.999 -0.0049
569.24 -0.00505
569.482 -0.00463
569.723 -0.00402
569.964 -0.00399
570.205 -0.00436
570.446 -0.00336
570.687 -0.00366
570.928 -0.00536
571.169 -0.00537
571.41 -0.00525
571.651 -0.00574
571.893 -0.00601
572.134 -0.0053
572.375 -0.00426
572.616 -0.00341
572.857 -0.0031
573.098 -0.00469
573.339 -0.00515
573.58 -0.00404
573.821 -0.00388
574.062 -0.0036
574.304 -0.00358
574.545 -0.00447
574.786 -0.00482
575.027 -0.00461
575.268 -0.00461
575.509 -0.00518
575.75 -0.00567
575.991 -0.00445
576.232 -0.00512
576.474 -0.00692
576.715 -0.00521
576.956 -0.00372
577.197 -0.0046
577.438 -0.00469
577.679 -0.00386
577.92 -0.00468
578.161 -0.00441
578.402 -0.00289
578.643 -0.00386
578.885 -0.00427
579.126 -0.00514
579.367 -0.00465
579.608 -0.004
579.849 -0.0058
580.09 -0.00534
580.331 -0.00366
580.572 -0.00326
580.813 -0.00489
581.054 -0.0054
581.296 -0.00439
581.537 -0.00442
581.778 -0.0061
582.019 -0.0059
582.26 -0.00549
582.501 -0.00557
582.742 -0.00395
582.983 -0.00391
583.224 -0.00448
583.465 -0.00471
583.707 -0.00581
583.948 -0.00663
584.189 -0.00661
584.43 -0.00638
584.671 -0.00545
584.912 -0.00414
585.153 -0.00451
585.394 -0.00513
585.635 -0.00382
585.876 -0.00398
586.118 -0.00516
586.359 -0.00473
586.6 -0.0029
586.841 -0.00289
587.082 -0.00568
587.323 -0.00617
587.564 -0.00526
587.805 -0.00536
588.046 -0.00558
588.287 -0.00525
588.529 -0.00466
588.77 -0.00501
589.011 -0.00525
589.252 -0.00494
589.493 -0.0053
589.734 -0.00399
589.975 -0.00435
590.216 -0.00665
590.457 -0.00703
590.698 -0.00751
590.94 -0.00656
591.181 -0.00477
591.422 -0.00505
591.663 -0.00504
591.904 -0.00425
592.145 -0.00475
592.386 -0.00483
592.627 -0.00423
592.868 -0.00458
593.109 -0.0054
593.351 -0.00564
593.592 -0.00523
593.833 -0.00425
594.074 -0.00361
594.315 -0.00476
594.556 -0.00516
594.797 -0.00593
595.038 -0.00589
595.279 -0.0051
595.521 -0.00445
595.762 -0.00355
596.003 -0.0043
596.244 -0.00451
596.485 -0.00503
596.726 -0.00544
596.967 -0.00605
597.208 -0.00458
597.449 -0.00522
597.69 -0.00735
597.932 -0.00608
598.173 -0.00589
598.414 -0.00604
598.655 -0.00543
598.896 -0.00399
599.137 -0.00395
599.378 -0.00495
599.619 -0.00475
599.86 -0.00496
600.101 -0.00485
600.343 -0.00382
600.584 -0.00443
600.825 -0.00466
601.066 -0.0038
601.307 -0.00479
601.548 -0.00503
601.789 -0.00507
602.03 -0.00674
602.271 -0.00678
602.512 -0.00552
602.754 -0.00481
602.995 -0.00444
603.236 -0.00379
603.477 -0.00447
603.718 -0.00546
603.959 -0.00512
604.2 -0.00572
604.441 -0.0059
604.682 -0.00529
604.923 -0.00554
605.165 -0.00567
605.406 -0.00619
605.647 -0.00625
605.888 -0.00514
606.129 -0.00435
606.37 -0.00446
606.611 -0.0062
606.852 -0.00567
607.093 -0.00466
607.334 -0.00581
607.576 -0.00589
607.817 -0.00402
608.058 -0.0041
608.299 -0.00533
608.54 -0.00466
608.781 -0.00394
609.022 -0.00443
609.263 -0.00508
609.504 -0.00428
609.745 -0.00374
609.987 -0.00454
610.228 -0.00564
610.469 -0.00639
610.71 -0.00536
610.951 -0.0054
611.192 -0.00502
611.433 -0.00379
611.674 -0.00511
611.915 -0.0058
612.157 -0.00582
612.398 -0.00633
612.639 -0.00681
612.88 -0.00433
613.121 -0.003
613.362 -0.0044
613.603 -0.00584
613.844 -0.00608
614.085 -0.00517
614.326 -0.00576
614.568 -0.00508
614.809 -0.00502
615.05 -0.00574
615.291 -0.00509
615.532 -0.00524
615.773 -0.00531
616.014 -0.00439
616.255 -0.00446
616.496 -0.00406
616.737 -0.0042
616.979 -0.00498
617.22 -0.00458
617.461 -0.00477
617.702 -0.00442
617.943 -0.0045
618.184 -0.00455
618.425 -0.00566
618.666 -0.00585
618.907 -0.00498
619.148 -0.00548
619.39 -0.00634
619.631 -0.00703
619.872 -0.00565
620.113 -0.0051
620.354 -0.00569
620.595 -0.00498
620.836 -0.00442
621.077 -0.00515
621.318 -0.00526
621.56 -0.00415
621.801 -0.00347
622.042 -0.00411
622.283 -0.00583
622.524 -0.00543
622.765 -0.00422
623.006 -0.00519
623.247 -0.00645
623.488 -0.00627
623.729 -0.00507
623.971 -0.0054
624.212 -0.00582
624.453 -0.00406
624.694 -0.00301
624.935 -0.00412
625.176 -0.00518
625.417 -0.00507
625.658 -0.00607
625.899 -0.00732
626.14 -0.00748
626.382 -0.00704
626.623 -0.00507
626.864 -0.00435
627.105 -0.00591
627.346 -0.00653
627.587 -0.00722
627.828 -0.00667
628.069 -0.00464
628.31 -0.00505
628.551 -0.00615
628.793 -0.00592
629.034 -0.00573
629.275 -0.00674
629.516 -0.00657
629.757 -0.00524
629.998 -0.00503
630.239 -0.00564
630.48 -0.00725
630.721 -0.00787
630.962 -0.00731
631.204 -0.00678
631.445 -0.00633
631.686 -0.00637
631.927 -0.00722
632.168 -0.00756
632.409 -0.00617
632.65 -0.00527
632.891 -0.00491
633.132 -0.0042
633.373 -0.00457
633.615 -0.00527
633.856 -0.00647
634.097 -0.00761
634.338 -0.00706
634.579 -0.00666
634.82 -0.00574
635.061 -0.00483
635.302 -0.00514
635.543 -0.00624
635.784 -0.00634
636.026 -0.00553
636.267 -0.00481
636.508 -0.00404
636.749 -0.00452
636.99 -0.00578
637.231 -0.00554
637.472 -0.00492
637.713 -0.00521
637.954 -0.00579
638.195 -0.00598
638.437 -0.00493
638.678 -0.00575
638.919 -0.00664
639.16 -0.00556
639.401 -0.00563
639.642 -0.00574
639.883 -0.00438
640.124 -0.00548
640.365 -0.00617
640.607 -0.0049
640.848 -0.00567
641.089 -0.00565
641.33 -0.00488
641.571 -0.00578
641.812 -0.00569
642.053 -0.00531
642.294 -0.00513
642.535 -0.00459
642.776 -0.00486
643.018 -0.00464
643.259 -0.00566
643.5 -0.0052
643.741 -0.00449
643.982 -0.00649
644.223 -0.00643
644.464 -0.00631
644.705 -0.00581
644.946 -0.00521
645.187 -0.00572
645.429 -0.00559
645.67 -0.00546
645.911 -0.00588
646.152 -0.00629
646.393 -0.00513
646.634 -0.00562
646.875 -0.00585
647.116 -0.00576
647.357 -0.0067
647.598 -0.00591
647.84 -0.00671
648.081 -0.0071
648.322 -0.00546
648.563 -0.0053
648.804 -0.00667
649.045 -0.00676
649.286 -0.00521
649.527 -0.00565
649.768 -0.00672
650.009 -0.00577
650.251 -0.00566
650.492 -0.00658
650.733 -0.00579
650.974 -0.00516
651.215 -0.00673
651.456 -0.00723
651.697 -0.00563
651.938 -0.00504
652.179 -0.00512
652.42 -0.00411
652.662 -0.00353
652.903 -0.00446
653.144 -0.00535
653.385 -0.00703
653.626 -0.008
653.867 -0.0063
654.108 -0.00521
654.349 -0.00483
654.59 -0.00411
654.831 -0.0051
655.073 -0.00659
655.314 -0.00565
655.555 -0.00594
655.796 -0.00593
656.037 -0.00507
656.278 -0.00471
656.519 -0.00555
656.76 -0.00708
657.001 -0.0063
657.242 -0.00624
657.484 -0.00588
657.725 -0.00481
657.966 -0.00424
658.207 -0.00457
658.448 -0.00569
658.689 -0.00626
658.93 -0.00623
659.171 -0.00702
659.412 -0.00639
659.654 -0.00545
659.895 -0.00656
660.136 -0.00632
660.377 -0.00613
660.618 -0.00698
660.859 -0.00624
661.1 -0.00643
661.341 -0.00681
661.582 -0.00579
661.823 -0.00626
662.065 -0.00651
662.306 -0.00535
662.547 -0.00489
662.788 -0.00573
663.029 -0.0064
663.27 -0.00598
663.511 -0.00594
663.752 -0.00593
663.993 -0.00589
664.234 -0.00593
664.476 -0.00661
664.717 -0.0072
664.958 -0.00636
665.199 -0.00586
665.44 -0.00632
665.681 -0.00672
665.922 -0.00683
666.163 -0.00658
666.404 -0.00533
666.645 -0.00541
666.887 -0.005
667.128 -0.00437
667.369 -0.00376
667.61 -9.13139E-4
667.851 -0.00153
668.092 -0.0039
668.333 -0.00503
668.574 -0.00538
668.815 -0.0053
669.056 -0.00524
669.298 -0.00463
669.539 -0.00573
669.78 -0.00571
670.021 -0.00482
670.262 -0.00607
670.503 -0.00601
670.744 -0.00486
670.985 -0.00486
671.226 -0.00556
671.467 -0.00626
671.709 -0.00629
671.95 -0.0054
672.191 -0.00444
672.432 -0.00399
672.673 -0.00513
672.914 -0.00579
673.155 -0.00516
673.396 -0.00592
673.637 -0.00633
673.878 -0.00545
674.12 -0.0057
674.361 -0.0057
674.602 -0.00565
674.843 -0.006
675.084 -0.00614
675.325 -0.00701
675.566 -0.00636
675.807 -0.00504
676.048 -0.00578
676.289 -0.00621
676.531 -0.00636
676.772 -0.00719
677.013 -0.00639
677.254 -0.0053
677.495 -0.00452
677.736 -0.00448
677.977 -0.00504
678.218 -0.00496
678.459 -0.00467
678.701 -0.00527
678.942 -0.00633
679.183 -0.00668
679.424 -0.00611
679.665 -0.00618
679.906 -0.00518
680.147 -0.00567
680.388 -0.00637
680.629 -0.00439
680.87 -0.00432
681.112 -0.00484
681.353 -0.00548
681.594 -0.00581
681.835 -0.0053
682.076 -0.00468
682.317 -0.0051
682.558 -0.0055
682.799 -0.00588
683.04 -0.00678
683.281 -0.00623
683.523 -0.00554
683.764 -0.00538
684.005 -0.00522
684.246 -0.0044
684.487 -0.00346
684.728 -0.00467
684.969 -0.0057
685.21 -0.00546
685.451 -0.00621
685.692 -0.00677
685.934 -0.00635
686.175 -0.00564
686.416 -0.00663
686.657 -0.00816
686.898 -0.00703
687.139 -0.00507
687.38 -0.00538
687.621 -0.00682
687.862 -0.00688
688.103 -0.00667
688.345 -0.00632
688.586 -0.00621
688.827 -0.00606
689.068 -0.00534
689.309 -0.00608
689.55 -0.00615
689.791 -0.00437
690.032 -0.00284
690.273 -0.00304
690.514 -0.0041
690.756 -0.00587
690.997 -0.00612
691.238 -0.00496
691.479 -0.00513
691.72 -0.00546
691.961 -0.00558
692.202 -0.00543
692.443 -0.00568
692.684 -0.0066
692.925 -0.00697
693.167 -0.00632
693.408 -0.00673
693.649 -0.00606
693.89 -0.00511
694.131 -0.00438
694.372 -0.00482
694.613 -0.0059
694.854 -0.00536
695.095 -0.00598
695.337 -0.00611
695.578 -0.00536
695.819 -0.00516
696.06 -0.00624
696.301 -0.0061
696.542 -0.00569
696.783 -0.00642
697.024 -0.00622
697.265 -0.00572
697.506 -0.00639
697.748 -0.00736
697.989 -0.00651
698.23 -0.00568
698.471 -0.00534
698.712 -0.0056
698.953 -0.00594
699.194 -0.00557
699.435 -0.00456
699.676 -0.00478
699.917 -0.00599
700.159 -0.00641
700.4 -0.0045
700.641 -0.00388
700.882 -0.00558
701.123 -0.00532
701.364 -0.00384
701.605 -0.00314
701.846 -4.78074E-4
702.087 0.00245
702.328 -0.00221
702.57 -0.00705
702.811 -0.0062
703.052 -0.0058
703.293 -0.00581
703.534 -0.00534
703.775 -0.00573
704.016 -0.00687
704.257 -0.00658
704.498 -0.00593
704.74 -0.00607
704.981 -0.00557
705.222 -0.00545
705.463 -0.00582
705.704 -0.0056
705.945 -0.00544
706.186 -0.00648
706.427 -0.00579
706.668 -0.00502
706.909 -0.00525
707.151 -0.00527
707.392 -0.00576
707.633 -0.00542
707.874 -0.00552
708.115 -0.00619
708.356 -0.00453
708.597 -0.00409
708.838 -0.00582
709.079 -0.00578
709.32 -0.00516
709.562 -0.00466
709.803 -0.00445
710.044 -0.00556
710.285 -0.00587
710.526 -0.00532
710.767 -0.0057
711.008 -0.00639
711.249 -0.00609
711.49 -0.00556
711.731 -0.00473
711.973 -0.00477
712.214 -0.00716
712.455 -0.00807
712.696 -0.00638
712.937 -0.00496
713.178 -0.00437
713.419 -0.00485
713.66 -0.00532
713.901 -0.0055
714.142 -0.00593
714.384 -0.00589
714.625 -0.00502
714.866 -0.00538
715.107 -0.00554
715.348 -0.00517
715.589 -0.00564
715.83 -0.00479
716.071 -0.00503
716.312 -0.00459
716.553 -0.00343
716.795 -0.00441
717.036 -0.00484
717.277 -0.00472
717.518 -0.00628
717.759 -0.00703
718 -0.00691
718.241 -0.00668
718.482 -0.00531
718.723 -0.00519
718.964 -0.00505
719.206 -0.00501
719.447 -0.0052
719.688 -0.00553
719.929 -0.00585
720.17 -0.00667
720.411 -0.0066
720.652 -0.00461
720.893 -0.00505
721.134 -0.00615
721.375 -0.00629
721.617 -0.00605
721.858 -0.0065
722.099 -0.00655
722.34 -0.0057
722.581 -0.00488
722.822 -0.0046
723.063 -0.00522
723.304 -0.00552
723.545 -0.00571
723.786 -0.00537
724.028 -0.00492
724.269 -0.00516
724.51 -0.00601
724.751 -0.0059
724.992 -0.00538
725.233 -0.0061
725.474 -0.0061
725.715 -0.00622
725.956 -0.00607
726.198 -0.00546
726.439 -0.00591
726.68 -0.00524
726.921 -0.00482
727.162 -0.00516
727.403 -0.00578
727.644 -0.00621
727.885 -0.00498
728.126 -0.00437
728.367 -0.00537
728.609 -0.00618
728.85 -0.00651
729.091 -0.00679
729.332 -0.00573
729.573 -0.00585
729.814 -0.00675
730.055 -0.005
730.296 -0.00349
730.537 -0.00431
730.778 -0.00522
731.02 -0.00543
731.261 -0.00494
731.502 -0.00446
731.743 -0.00511
731.984 -0.0048
732.225 -0.00405
732.466 -0.00512
732.707 -0.00538
732.948 -0.00506
733.189 -0.00487
733.431 -0.00487
733.672 -0.00511
733.913 -0.00475
734.154 -0.00506
734.395 -0.00504
734.636 -0.00442
734.877 -0.00457
735.118 -0.00542
735.359 -0.0054
735.6 -0.00632
735.842 -0.00694
736.083 -0.00516
736.324 -0.00504
736.565 -0.00524
736.806 -0.00442
737.047 -0.00497
737.288 -0.00583
737.529 -0.00529
737.77 -0.00438
738.011 -0.00439
738.253 -0.00447
738.494 -0.00477
738.735 -0.00537
738.976 -0.00551
739.217 -0.00538
739.458 -0.00635
739.699 -0.00723
739.94 -0.00541
740.181 -0.00356
740.422 -0.00399
740.664 -0.00517
740.905 -0.00439
741.146 -0.00398
741.387 -0.00542
741.628 -0.00562
741.869 -0.00502
742.11 -0.00522
742.351 -0.00541
742.592 -0.00549
742.833 -0.00547
743.075 -0.00459
743.316 -0.00538
743.557 -0.0059
743.798 -0.00625
744.039 -0.00662
744.28 -0.00421
744.521 -0.00381
744.762 -0.00525
745.003 -0.00543
745.245 -0.0054
745.486 -0.00476
745.727 -0.00546
745.968 -0.00556
746.209 -0.00537
746.45 -0.00564
746.691 -0.00433
746.932 -0.00485
747.173 -0.00595
747.414 -0.00629
747.656 -0.00599
747.897 -0.00495
748.138 -0.00474
748.379 -0.005
748.62 -0.00538
748.861 -0.00543
749.102 -0.00577
749.343 -0.00556
749.584 -0.00436
749.825 -0.00532
750.067 -0.00562
750.308 -0.00516
750.549 -0.0055
750.79 -0.00512
751.031 -0.00597
751.272 -0.00635
751.513 -0.00587
751.754 -0.00479
751.995 -0.00407
752.236 -0.00519
752.478 -0.00571
752.719 -0.00459
752.96 -0.00407
753.201 -0.00563
753.442 -0.00654
753.683 -0.00617
753.924 -0.00643
754.165 -0.00541
754.406 -0.00424
754.647 -0.00501
754.889 -0.00493
755.13 -0.00519
755.371 -0.00556
755.612 -0.00576
755.853 -0.00554
756.094 -0.00461
756.335 -0.00528
756.576 -0.00582
756.817 -0.006
757.058 -0.00564
757.3 -0.00518
757.541 -0.00571
757.782 -0.00685
758.023 -0.00646
758.264 -0.00551
758.505 -0.00567
758.746 -0.00483
758.987 -0.00442
759.228 -0.00493
759.469 -0.00621
759.711 -0.00601
759.952 -0.00485
760.193 -0.00535
760.434 -0.0056
760.675 -0.00529
760.916 -0.00481
761.157 -0.005
761.398 -0.00485
761.639 -0.00357
761.88 -0.00437
762.122 -0.00528
762.363 -0.00425
762.604 -0.00507
762.845 -0.00564
763.086 -0.00452
763.327 -0.00573
763.568 -0.00653
763.809 -0.00544
764.05 -0.00458
764.292 -0.00354
764.533 -0.00461
764.774 -0.00614
765.015 -0.00589
765.256 -0.00492
765.497 -0.00566
765.738 -0.00625
765.979 -0.00504
766.22 -0.00472
766.461 -0.00572
766.703 -0.00724
766.944 -0.00677
767.185 -0.00478
767.426 -0.0047
767.667 -0.0057
767.908 -0.00568
768.149 -0.00518
768.39 -0.00469
768.631 -0.00354
768.872 -0.00357
769.114 -0.00482
769.355 -0.00493
769.596 -0.00453
769.837 -0.00427
770.078 -0.00508
770.319 -0.00495
770.56 -0.00411
770.801 -0.00411
771.042 -0.00395
771.283 -0.00439
771.525 -0.00503
771.766 -0.00578
772.007 -0.00655
772.248 -0.00645
772.489 -0.00615
772.73 -0.0055
772.971 -0.00514
773.212 -0.00481
773.453 -0.00461
773.694 -0.00492
773.936 -0.00407
774.177 -0.00409
774.418 -0.00442
774.659 -0.00492
774.9 -0.00607
775.141 -0.00558
775.382 -0.00501
775.623 -0.00435
775.864 -0.00484
776.106 -0.00616
776.347 -0.00566
776.588 -0.00504
776.829 -0.00426
777.07 -0.0039
777.311 -0.00509
777.552 -0.00516
777.793 -0.00547
778.034 -0.00604
778.275 -0.0057
778.517 -0.00575
778.758 -0.00503
778.999 -0.00466
779.24 -0.00476
779.481 -0.004
779.722 -0.00391
779.963 -0.0044
780.204 -0.00404
780.445 -0.0034
780.686 -0.00278
780.928 -0.00385
781.169 -0.00517
781.41 -0.00475
781.651 -0.00433
781.892 -0.00383
782.133 -0.00296
782.374 -0.00345
782.615 -0.00482
782.856 -0.0054
783.097 -0.0056
783.339 -0.00595
783.58 -0.00586
783.821 -0.00591
784.062 -0.00568
784.303 -0.00545
784.544 -0.00617
784.785 -0.00518
785.026 -0.00388
785.267 -0.0052
785.508 -0.00593
785.75 -0.00489
785.991 -0.00464
786.232 -0.00445
786.473 -0.00421
786.714 -0.00409
786.955 -0.00408
787.196 -0.00412
787.437 -0.00443
787.678 -0.00467
787.919 -0.00452
788.161 -0.00454
788.402 -0.00474
788.643 -0.00531
788.884 -0.00526
789.125 -0.00439
789.366 -0.00396
789.607 -0.00422
789.848 -0.00405
790.089 -0.00434
790.331 -0.00448
790.572 -0.00428
790.813 -0.00367
791.054 -0.00406
791.295 -0.00506
791.536 -0.00485
791.777 -0.00438
792.018 -0.00509
792.259 -0.00525
792.5 -0.00421
792.742 -0.00474
792.983 -0.00516
793.224 -0.00473
793.465 -0.00491
793.706 -0.00564
793.947 -0.00521
794.188 -0.00485
794.429 -0.00554
794.67 -0.0051
794.911 -0.00418
795.153 -0.00466
795.394 -0.00449
795.635 -0.00462
795.876 -0.00636
796.117 -0.00598
796.358 -0.00442
796.599 -0.00344
796.84 -0.00337
797.081 -0.00372
797.322 -0.00428
797.564 -0.00524
797.805 -0.00475
798.046 -0.00406
798.287 -0.00428
798.528 -0.0049
798.769 -0.00496
799.01 -0.0047
799.251 -0.00446
799.492 -0.00399
799.733 -0.00386
799.975 -0.00457
800.216 -0.00488
800.457 -0.00513
800.698 -0.00482
800.939 -0.00453
801.18 -0.00417
801.421 -0.00383
801.662 -0.00467
801.903 -0.00501
802.144 -0.0053
802.386 -0.00539
802.627 -0.00542
802.868 -0.00566
803.109 -0.0049
803.35 -0.0049
803.591 -0.00543
803.832 -0.00431
804.073 -0.00393
804.314 -0.0039
804.555 -0.00408
804.797 -0.00366
805.038 -0.00446
805.279 -0.00547
805.52 -0.00432
805.761 -0.00449
806.002 -0.00498
806.243 -0.00494
806.484 -0.00404
806.725 -0.00304
806.966 -0.00352
807.208 -0.00394
807.449 -0.00495
807.69 -0.00565
807.931 -0.00483
808.172 -0.00541
808.413 -0.00559
808.654 -0.00533
808.895 -0.00568
809.136 -0.00534
809.378 -0.00511
809.619 -0.0053
809.86 -0.00508
810.101 -0.00432
810.342 -0.00398
810.583 -0.00485
810.824 -0.00546
811.065 -0.00522
811.306 -0.00575
811.547 -0.00592
811.789 -0.00613
812.03 -0.00638
812.271 -0.00558
812.512 -0.00507
812.753 -0.00554
812.994 -0.00523
813.235 -0.00481
813.476 -0.00487
813.717 -0.00459
813.958 -0.00477
814.2 -0.00531
814.441 -0.00523
814.682 -0.00503
814.923 -0.00548
815.164 -0.00517
815.405 -0.00492
815.646 -0.00534
815.887 -0.00548
816.128 -0.00511
816.369 -0.00448
816.611 -0.00445
816.852 -0.00466
817.093 -0.00474
817.334 -0.0042
817.575 -0.00427
817.816 -0.00559
818.057 -0.00556
818.298 -0.0048
818.539 -0.00542
818.78 -0.00566
819.022 -0.00563
819.263 -0.00606
819.504 -0.00661
819.745 -0.00567
819.986 -0.00404
820.227 -0.00476
820.468 -0.00528
820.709 -0.00549
820.95 -0.00522
821.191 -0.00513
821.433 -0.00493
821.674 -0.00497
821.915 -0.0056
822.156 -0.00505
822.397 -0.0043
822.638 -0.00468
822.879 -0.00498
823.12 -0.00448
823.361 -0.00413
823.602 -0.00419
823.844 -0.00541
824.085 -0.00561
824.326 -0.00414
824.567 -0.00396
824.808 -0.00489
825.049 -0.00506
825.29 -0.00407
825.531 -0.00381
825.772 -0.00525
826.013 -0.00645
826.255 -0.00652
826.496 -0.00549
826.737 -0.00446
826.978 -0.00494
827.219 -0.00629
827.46 -0.00608
827.701 -0.00536
827.942 -0.00538
828.183 -0.00572
828.424 -0.0055
828.666 -0.00467
828.907 -0.00423
829.148 -0.00399
829.389 -0.00338
829.63 -0.00396
829.871 -0.00563
830.112 -0.00583
830.353 -0.00581
830.594 -0.00617
830.836 -0.00625
831.077 -0.00646
831.318 -0.00601
831.559 -0.00411
831.8 -0.0047
832.041 -0.00555
832.282 -0.00425
832.523 -0.00494
832.764 -0.00543
833.005 -0.0051
833.247 -0.00444
833.488 -0.00513
833.729 -0.00653
833.97 -0.00604
834.211 -0.00527
834.452 -0.00447
834.693 -0.00463
834.934 -0.00457
835.175 -0.00403
835.416 -0.00408
835.658 -0.0037
835.899 -0.00445
836.14 -0.0058
836.381 -0.0055
836.622 -0.00399
836.863 -0.00356
837.104 -0.00389
837.345 -0.00412
837.586 -0.00465
837.827 -0.00513
838.069 -0.00473
838.31 -0.00448
838.551 -0.00458
838.792 -0.00428
839.033 -0.00417
839.274 -0.00428
839.515 -0.00409
839.756 -0.00411
839.997 -0.00428
840.238 -0.00405
840.48 -0.00392
840.721 -0.00454
840.962 -0.00442
841.203 -0.00418
841.444 -0.00542
841.685 -0.00524
841.926 -0.00452
842.167 -0.00408
842.408 -0.00412
842.649 -0.00488
842.891 -0.00472
843.132 -0.00514
843.373 -0.00523
843.614 -0.00395
843.855 -0.00363
844.096 -0.0043
844.337 -0.00493
844.578 -0.00531
844.819 -0.00576
845.06 -0.0056
845.302 -0.00596
845.543 -0.00572
845.784 -0.00475
846.025 -0.00489
846.266 -0.00435
846.507 -0.00406
846.748 -0.00526
846.989 -0.00595
847.23 -0.00518
847.471 -0.00497
847.713 -0.00621
847.954 -0.00618
848.195 -0.00484
848.436 -0.00415
848.677 -0.00525
848.918 -0.00585
849.159 -0.00523
849.4 -0.00646
849.641 -0.0063
849.883 -0.00473
850.124 -0.00427
850.365 -0.00424
850.606 -0.00486
850.847 -0.00527
851.088 -0.00478
851.329 -0.00441
851.57 -0.00512
851.811 -0.00576
852.052 -0.00493
852.294 -0.00458
852.535 -0.00466
852.776 -0.00464
853.017 -0.00435
853.258 -0.00373
853.499 -0.00408
853.74 -0.00464
853.981 -0.00505
854.222 -0.00466
854.463 -0.00368
854.705 -0.00441
854.946 -0.00584
855.187 -0.00511
855.428 -0.0044
855.669 -0.00463
855.91 -0.00486
856.151 -0.00562
856.392 -0.0055
856.633 -0.00512
856.874 -0.00527
857.116 -0.00527
857.357 -0.00628
857.598 -0.00647
857.839 -0.00519
858.08 -0.00414
858.321 -0.00398
858.562 -0.00468
858.803 -0.00551
859.044 -0.00603
859.286 -0.00616
859.527 -0.00535
859.768 -0.00515
860.009 -0.00553
860.25 -0.00532
860.491 -0.00448
860.732 -0.0044
860.973 -0.00501
861.214 -0.00509
861.455 -0.00535
861.697 -0.00487
861.938 -0.00419
862.179 -0.00436
862.42 -0.00379
862.661 -0.00282
862.902 -0.00379
863.143 -0.00416
863.384 -0.0046
863.625 -0.00515
863.866 -0.00386
864.108 -0.00368
864.349 -0.00473
864.59 -0.00479
864.831 -0.00423
865.072 -0.00431
865.313 -0.00496
865.554 -0.00542
865.795 -0.00535
866.036 -0.00545
866.277 -0.00551
866.519 -0.00504
866.76 -0.00537
867.001 -0.00628
867.242 -0.00535
867.483 -0.00407
867.724 -0.00404
867.965 -0.00415
868.206 -0.00407
868.447 -0.00377
868.688 -0.00417
868.93 -0.005
869.171 -0.00575
869.412 -0.00591
869.653 -0.00549
869.894 -0.00506
870.135 -0.00522
870.376 -0.00558
870.617 -0.00573
870.858 -0.00584
871.099 -0.00552
871.341 -0.00509
871.582 -0.00427
871.823 -0.00374
872.064 -0.00427
872.305 -0.00534
872.546 -0.00586
872.787 -0.00579
873.028 -0.00527
873.269 -0.00482
873.51 -0.00569
873.752 -0.00592
873.993 -0.0056
874.234 -0.0058
874.475 -0.00521
874.716 -0.00458
874.957 -0.00456
875.198 -0.00512
875.439 -0.00641
875.68 -0.00641
875.922 -0.00534
876.163 -0.00461
876.404 -0.00485
876.645 -0.00496
876.886 -0.00382
877.127 -0.00405
877.368 -0.00399
877.609 -0.00366
877.85 -0.00428
878.091 -0.00421
878.333 -0.00409
878.574 -0.00449
878.815 -0.00593
879.056 -0.00632
879.297 -0.00515
879.538 -0.00465
879.779 -0.00474
880.02 -0.00488
880.261 -0.00565
880.502 -0.00575
880.744 -0.00455
880.985 -0.00439
881.226 -0.00496
881.467 -0.00549
881.708 -0.00606
881.949 -0.00595
882.19 -0.00556
882.431 -0.00504
882.672 -0.00468
882.913 -0.00425
883.155 -0.00392
883.396 -0.00436
883.637 -0.00425
883.878 -0.00312
884.119 -0.00313
884.36 -0.00463
884.601 -0.0053
884.842 -0.0044
885.083 -0.00459
885.324 -0.00567
885.566 -0.00542
885.807 -0.00466
886.048 -0.00417
886.289 -0.00442
886.53 -0.00433
886.771 -0.0052
887.012 -0.00614
887.253 -0.00503
887.494 -0.00412
887.735 -0.00416
887.977 -0.00507
888.218 -0.00491
888.459 -0.00453
888.7 -0.00552
888.941 -0.00585
889.182 -0.00606
889.423 -0.006
889.664 -0.0051
889.905 -0.00399
890.146 -0.00342
890.388 -0.0044
890.629 -0.00453
890.87 -0.00377
891.111 -0.00381
891.352 -0.00464
891.593 -0.00428
891.834 -0.00398
892.075 -0.00496
892.316 -0.00644
892.557 -0.00693
892.799 -0.00631
893.04 -0.00659
893.281 -0.00621
893.522 -0.00606
893.763 -0.00523
894.004 -0.00409
894.245 -0.00506
894.486 -0.00623
894.727 -0.00585
894.969 -0.00548
895.21 -0.00607
895.451 -0.0055
895.692 -0.00442
895.933 -0.00469
896.174 -0.00516
896.415 -0.0057
896.656 -0.00562
896.897 -0.00462
897.138 -0.00471
897.38 -0.00469
897.621 -0.00414
897.862 -0.00499
898.103 -0.00549
898.344 -0.00537
898.585 -0.00563
898.826 -0.00661
899.067 -0.00642
899.308 -0.00569
899.549 -0.00608
899.791 -0.00572
900.032 -0.00514
900.273 -0.00468
900.514 -0.0049
900.755 -0.00614
900.996 -0.00625
901.237 -0.00594
901.478 -0.00485
901.719 -0.00439
901.96 -0.00508
902.202 -0.00552
902.443 -0.00607
902.684 -0.00539
902.925 -0.00535
903.166 -0.00547
903.407 -0.00478
903.648 -0.00416
903.889 -0.0043
904.13 -0.00541
904.371 -0.00549
904.613 -0.00485
904.854 -0.0042
905.095 -0.00495
905.336 -0.00511
905.577 -0.0043
905.818 -0.00503
906.059 -0.00586
906.3 -0.00624
906.541 -0.00571
906.782 -0.00486
907.024 -0.00474
907.265 -0.0049
907.506 -0.00508
907.747 -0.00464
907.988 -0.00404
908.229 -0.00439
908.47 -0.00534
908.711 -0.00586
908.952 -0.00544
909.193 -0.00488
909.435 -0.00475
909.676 -0.00477
909.917 -0.00488
910.158 -0.00528
910.399 -0.00529
910.64 -0.00507
910.881 -0.00511
911.122 -0.00482
911.363 -0.00502
911.604 -0.00484
911.846 -0.00508
912.087 -0.00654
912.328 -0.00688
912.569 -0.0068
912.81 -0.00641
913.051 -0.00557
913.292 -0.0062
913.533 -0.00633
913.774 -0.00496
914.016 -0.004
914.257 -0.00443
914.498 -0.00541
914.739 -0.00566
914.98 -0.00676
915.221 -0.00697
915.462 -0.00624
915.703 -0.00603
915.944 -0.00549
916.185 -0.0049
916.427 -0.00537
916.668 -0.00601
916.909 -0.00555
917.15 -0.00511
917.391 -0.00565
917.632 -0.00627
917.873 -0.00578
918.114 -0.00562
918.355 -0.00587
918.596 -0.00575
918.838 -0.00541
919.079 -0.00545
919.32 -0.00563
919.561 -0.00594
919.802 -0.00736
920.043 -0.00631
920.284 -0.00499
920.525 -0.00559
920.766 -0.00505
921.007 -0.00456
921.249 -0.00402
921.49 -0.00517
921.731 -0.00692
921.972 -0.00618
922.213 -0.00562
922.454 -0.0048
922.695 -0.0046
922.936 -0.00569
923.177 -0.0063
923.418 -0.00683
923.66 -0.00664
923.901 -0.0062
924.142 -0.00551
924.383 -0.00599
924.624 -0.00648
924.865 -0.00562
925.106 -0.00561
925.347 -0.00586
925.588 -0.00608
925.829 -0.00551
926.071 -0.00465
926.312 -0.00536
926.553 -0.00593
926.794 -0.0057
927.035 -0.00556
927.276 -0.00554
927.517 -0.00533
927.758 -0.00526
927.999 -0.00544
928.24 -0.00509
928.482 -0.00471
928.723 -0.00491
928.964 -0.00518
929.205 -0.00565
929.446 -0.00553
929.687 -0.00455
929.928 -0.00501
930.169 -0.00644
930.41 -0.00662
930.651 -0.00615
930.893 -0.00557
931.134 -0.00515
931.375 -0.00559
931.616 -0.00544
931.857 -0.00604
932.098 -0.00748
932.339 -0.00722
932.58 -0.00624
932.821 -0.00655
933.062 -0.00612
933.304 -0.0057
933.545 -0.00517
933.786 -0.00339
934.027 -0.00544
934.268 -0.00742
934.509 -0.00597
934.75 -0.00523
934.991 -0.00493
935.232 -0.00502
935.474 -0.00568
935.715 -0.00568
935.956 -0.00499
936.197 -0.00479
936.438 -0.00497
936.679 -0.00494
936.92 -0.00511
937.161 -0.00513
937.402 -0.00527
937.643 -0.00547
937.885 -0.00568
938.126 -0.00625
938.367 -0.00522
938.608 -0.00431
938.849 -0.00513
939.09 -0.00509
939.331 -0.00534
939.572 -0.00633
939.813 -0.00661
940.054 -0.00685
940.296 -0.00757
940.537 -0.00711
940.778 -0.0055
941.019 -0.00459
941.26 -0.00386
941.501 -0.00335
941.742 -0.00418
941.983 -0.00523
942.224 -0.00499
942.466 -0.00532
942.707 -0.00639
942.948 -0.00634
943.189 -0.00564
943.43 -0.00577
943.671 -0.00607
943.912 -0.00624
944.153 -0.00665
944.394 -0.00651
944.635 -0.00565
944.877 -0.00537
945.118 -0.00511
945.359 -0.00502
945.6 -0.00528
945.841 -0.00483
946.082 -0.0048
946.323 -0.00624
946.564 -0.00675
946.805 -0.00613
947.046 -0.0061
947.288 -0.00636
947.529 -0.00597
947.77 -0.00522
948.011 -0.00581
948.252 -0.00652
948.493 -0.00598
948.734 -0.00516
948.975 -0.00521
949.216 -0.00582
949.457 -0.00618
949.699 -0.0053
949.94 -0.0044
950.181 -0.00477
950.422 -0.00576
950.663 -0.00557
950.904 -0.00541
951.145 -0.00522
951.386 -0.00531
951.627 -0.00592
951.868 -0.00571
952.11 -0.00558
952.351 -0.00597
952.592 -0.00582
952.833 -0.00501
953.074 -0.00465
953.315 -0.00548
953.556 -0.00555
953.797 -0.00447
954.038 -0.00457
954.279 -0.00535
954.521 -0.00605
954.762 -0.00539
955.003 -0.00493
955.244 -0.00536
955.485 -0.00605
955.726 -0.00585
955.967 -0.00497
956.208 -0.00534
956.449 -0.00585
956.69 -0.00626
956.932 -0.00569
957.173 -0.00544
957.414 -0.00623
957.655 -0.00634
957.896 -0.00655
958.137 -0.00687
958.378 -0.00664
958.619 -0.00661
958.86 -0.0063
959.102 -0.00654
959.343 -0.0069
959.584 -0.00628
959.825 -0.00567
960.066 -0.00608
960.307 -0.00663
960.548 -0.006
960.789 -0.00521
961.03 -0.00559
961.271 -0.00641
961.513 -0.00603
961.754 -0.00527
961.995 -0.0057
962.236 -0.00658
962.477 -0.00662
962.718 -0.00726
962.959 -0.0075
963.2 -0.00675
963.441 -0.00662
963.682 -0.00625
963.924 -0.00594
964.165 -0.00554
964.406 -0.00536
964.647 -0.00644
964.888 -0.00652
965.129 -0.00529
965.37 -0.00473
965.611 -0.00503
965.852 -0.00522
966.093 -0.00615
966.335 -0.00697
966.576 -0.00654
966.817 -0.00663
967.058 -0.00655
967.299 -0.00582
967.54 -0.00702
967.781 -0.00688
968.022 -0.00615
968.263 -0.00724
968.504 -0.00729
968.746 -0.00695
968.987 -0.00602
969.228 -0.00638
969.469 -0.00685
969.71 -0.00626
969.951 -0.00673
970.192 -0.00626
970.433 -0.00617
970.674 -0.00663
970.915 -0.00553
971.157 -0.00484
971.398 -0.00601
971.639 -0.00696
971.88 -0.00639
972.121 -0.006
972.362 -0.00558
972.603 -0.00519
972.844 -0.00606
973.085 -0.00616
973.326 -0.00679
973.568 -0.00804
973.809 -0.00737
974.05 -0.00647
974.291 -0.00672
974.532 -0.00635
974.773 -0.0056
975.014 -0.00567
975.255 -0.00606
975.496 -0.00684
975.737 -0.00616
975.979 -0.00535
976.22 -0.00675
976.461 -0.00622
976.702 -0.00536
976.943 -0.00601
977.184 -0.00632
977.425 -0.00593
977.666 -0.00566
977.907 -0.00671
978.148 -0.00708
978.39 -0.00666
978.631 -0.00621
978.872 -0.00598
979.113 -0.00621
979.354 -0.00594
979.595 -0.00576
979.836 -0.00653
980.077 -0.00585
980.318 -0.00614
980.56 -0.00749
980.801 -0.00698
981.042 -0.00622
981.283 -0.00559
981.524 -0.00587
981.765 -0.00634
982.006 -0.00601
982.247 -0.00507
982.488 -0.00596
982.729 -0.00649
982.971 -0.00607
983.212 -0.00706
983.453 -0.00652
983.694 -0.00558
983.935 -0.00659
984.176 -0.00635
984.417 -0.00527
984.658 -0.00603
984.899 -0.00622
985.14 -0.0065
985.382 -0.00704
985.623 -0.0059
985.864 -0.00525
986.105 -0.00618
986.346 -0.00594
986.587 -0.00511
986.828 -0.00534
987.069 -0.00636
987.31 -0.00713
987.551 -0.00615
987.793 -0.00531
988.034 -0.00583
988.275 -0.00634
988.516 -0.00637
988.757 -0.00679
988.998 -0.0076
989.239 -0.00722
989.48 -0.0068
989.721 -0.00661
989.962 -0.0059
990.204 -0.00518
990.445 -0.00537
990.686 -0.00534
990.927 -0.00427
991.168 -0.00431
991.409 -0.00585
991.65 -0.00671
991.891 -0.00605
992.132 -0.00579
992.373 -0.00621
992.615 -0.00592
992.856 -0.0056
993.097 -0.0056
993.338 -0.00575
993.579 -0.0066
993.82 -0.00725
994.061 -0.00659
994.302 -0.0058
994.543 -0.00572
994.784 -0.00554
995.026 -0.00524
995.267 -0.00523
995.508 -0.00545
995.749 -0.00581
995.99 -0.00638
996.231 -0.00698
996.472 -0.00667
996.713 -0.00606
996.954 -0.00642
997.195 -0.00687
997.437 -0.00662
997.678 -0.00619
997.919 -0.00619
998.16 -0.0066
998.401 -0.00651
998.642 -0.00685
998.883 -0.00776
999.124 -0.00767
999.365 -0.00702
999.607 -0.00724
999.848 -0.00659
1000.09 -0.00537
1000.33 -0.00593
1000.57 -0.00686
1000.81 -0.0065
1001.05 -0.00659
1001.29 -0.00669
1001.54 -0.00594
1001.78 -0.0066
1002.02 -0.0063
1002.26 -0.00514
1002.5 -0.00613
1002.74 -0.00647
1002.98 -0.00642
1003.22 -0.00614
1003.46 -0.00612
1003.71 -0.00679
1003.95 -0.00592
1004.19 -0.00677
1004.43 -0.00758
1004.67 -0.00713
1004.91 -0.00675
1005.15 -0.00658
1005.39 -0.00643
1005.63 -0.00652
1005.88 -0.00693
1006.12 -0.00645
1006.36 -0.0067
1006.6 -0.00691
1006.84 -0.00547
1007.08 -0.00554
1007.32 -0.00572
1007.56 -0.0061
1007.8 -0.00627
1008.05 -0.00573
1008.29 -0.00718
1008.53 -0.00725
1008.77 -0.00715
1009.01 -0.00703
1009.25 -0.00619
1009.49 -0.00665
1009.73 -0.00683
1009.97 -0.00668
1010.21 -0.00593
1010.46 -0.00615
1010.7 -0.00674
1010.94 -0.00548
1011.18 -0.00516
1011.42 -0.00677
1011.66 -0.00665
1011.9 -0.00665
1012.14 -0.00703
1012.38 -0.00542
1012.63 -0.00516
1012.87 -0.00564
1013.11 -0.00651
1013.35 -0.00691
1013.59 -0.00704
1013.83 -0.00643
1014.07 -0.00586
1014.31 -0.00637
1014.55 -0.00593
1014.8 -0.00602
1015.04 -0.00652
1015.28 -0.00738
1015.52 -0.00838
1015.76 -0.00891
1016 -0.00791
1016.24 -0.00663
1016.48 -0.00766
1016.72 -0.00745
1016.97 -0.00638
1017.21 -0.00686
1017.45 -0.00631
1017.69 -0.00547
1017.93 -0.00552
1018.17 -0.00642
1018.41 -0.0069
1018.65 -0.0066
1018.89 -0.00725
1019.14 -0.00801
1019.38 -0.00811
1019.62 -0.00715
1019.86 -0.00636
1020.1 -0.00733
1020.34 -0.00737
1020.58 -0.00668
1020.82 -0.00628
1021.06 -0.00602
1021.31 -0.00643
1021.55 -0.00706
1021.79 -0.00786
1022.03 -0.00794
1022.27 -0.00782
1022.51 -0.00791
1022.75 -0.00781
1022.99 -0.00736
1023.23 -0.00704
1023.48 -0.00687
1023.72 -0.00702
1023.96 -0.00769
1024.2 -0.00709
1024.44 -0.00722
1024.68 -0.00816
1024.92 -0.00775
1025.16 -0.00628
1025.4 -0.00488
1025.65 -0.00556
1025.89 -0.00541
1026.13 -0.00514
1026.37 -0.006
1026.61 -0.00682
1026.85 -0.00751
1027.09 -0.00682
1027.33 -0.00576
1027.57 -0.00561
1027.82 -0.00582
1028.06 -0.00621
1028.3 -0.00637
1028.54 -0.00675
1028.78 -0.00637
1029.02 -0.00533
1029.26 -0.00552
1029.5 -0.00645
1029.74 -0.00656
1029.99 -0.00588
1030.23 -0.00561
1030.47 -0.00549
1030.71 -0.00585
1030.95 -0.00662
1031.19 -0.00729
1031.43 -0.00687
1031.67 -0.0061
1031.91 -0.00652
1032.16 -0.00664
1032.4 -0.00712
1032.64 -0.008
1032.88 -0.00751
1033.12 -0.00755
1033.36 -0.00812
1033.6 -0.00828
1033.84 -0.00706
1034.08 -0.00615
1034.33 -0.00678
1034.57 -0.00699
1034.81 -0.00742
1035.05 -0.00735
1035.29 -0.00668
1035.53 -0.00681
1035.77 -0.00691
1036.01 -0.00656
1036.25 -0.00605
1036.49 -0.00665
1036.74 -0.00712
1036.98 -0.00654
1037.22 -0.0061
1037.46 -0.00585
1037.7 -0.00691
1037.94 -0.00719
1038.18 -0.007
1038.42 -0.00775
1038.66 -0.00704
1038.91 -0.00707
1039.15 -0.00658
1039.39 -0.00497
1039.63 -0.00551
1039.87 -0.00681
1040.11 -0.00727
1040.35 -0.00733
1040.59 -0.0072
1040.83 -0.00751
1041.08 -0.0069
1041.32 -0.00466
1041.56 -0.00516
1041.8 -0.00702
1042.04 -0.00725
1042.28 -0.0061
1042.52 -0.00639
1042.76 -0.00825
1043 -0.00796
1043.25 -0.00759
1043.49 -0.00694
1043.73 -0.00619
1043.97 -0.0066
1044.21 -0.0065
1044.45 -0.00682
1044.69 -0.00767
1044.93 -0.00714
1045.17 -0.00629
1045.42 -0.00618
1045.66 -0.00581
1045.9 -0.00591
1046.14 -0.00748
1046.38 -0.00771
1046.62 -0.00614
1046.86 -0.00645
1047.1 -0.00719
1047.34 -0.00657
1047.59 -0.00641
1047.83 -0.00598
1048.07 -0.00593
1048.31 -0.00618
1048.55 -0.0069
1048.79 -0.00787
1049.03 -0.00709
1049.27 -0.00654
1049.51 -0.00601
1049.76 -0.00643
1050 -0.00778
1050.24 -0.00745
1050.48 -0.00682
1050.72 -0.0062
1050.96 -0.00601
1051.2 -0.00632
1051.44 -0.00626
1051.68 -0.00662
1051.93 -0.00696
1052.17 -0.00748
1052.41 -0.00642
1052.65 -0.0059
1052.89 -0.00648
1053.13 -0.00664
1053.37 -0.00782
1053.61 -0.00792
1053.85 -0.00678
1054.1 -0.00611
1054.34 -0.00727
1054.58 -0.00801
1054.82 -0.00739
1055.06 -0.0071
1055.3 -0.00701
1055.54 -0.00734
1055.78 -0.00664
1056.02 -0.00592
1056.27 -0.00686
1056.51 -0.00776
1056.75 -0.00716
1056.99 -0.00661
1057.23 -0.00717
1057.47 -0.006
1057.71 -0.00523
1057.95 -0.00637
1058.19 -0.00634
1058.44 -0.00715
1058.68 -0.00807
1058.92 -0.00756
1059.16 -0.0072
1059.4 -0.0074
1059.64 -0.00814
1059.88 -0.00795
1060.12 -0.0072
1060.36 -0.00609
1060.61 -0.00609
1060.85 -0.00704
1061.09 -0.00661
1061.33 -0.00662
1061.57 -0.00735
1061.81 -0.00773
1062.05 -0.00726
1062.29 -0.00753
1062.53 -0.00813
1062.78 -0.00835
1063.02 -0.00797
1063.26 -0.0076
1063.5 -0.00689
1063.74 -0.00595
1063.98 -0.00667
1064.22 -0.00664
1064.46 -0.00699
1064.7 -0.00833
1064.95 -0.00843
1065.19 -0.00788
1065.43 -0.00822
1065.67 -0.0075
1065.91 -0.00678
1066.15 -0.00788
1066.39 -0.00731
1066.63 -0.00591
1066.87 -0.00557
1067.11 -0.0065
1067.36 -0.00832
1067.6 -0.00712
1067.84 -0.00621
1068.08 -0.00757
1068.32 -0.00823
1068.56 -0.00876
1068.8 -0.00919
1069.04 -0.0077
1069.28 -0.0057
1069.53 -0.00554
1069.77 -0.00659
1070.01 -0.00804
1070.25 -0.00766
1070.49 -0.00642
1070.73 -0.00563
1070.97 -0.00592
1071.21 -0.00746
1071.45 -0.00805
1071.7 -0.00719
1071.94 -0.00633
1072.18 -0.00695
1072.42 -0.00847
1072.66 -0.0087
1072.9 -0.00775
1073.14 -0.00717
1073.38 -0.00754
1073.62 -0.00727
1073.87 -0.00696
1074.11 -0.007
1074.35 -0.00723
1074.59 -0.00749
1074.83 -0.00796
1075.07 -0.00814
1075.31 -0.00797
1075.55 -0.0073
1075.79 -0.0068
1076.04 -0.0073
1076.28 -0.00631
1076.52 -0.00622
1076.76 -0.00657
1077 -0.00651
1077.24 -0.00617
1077.48 -0.00622
1077.72 -0.00729
1077.96 -0.00726
1078.21 -0.00628
1078.45 -0.00543
1078.69 -0.00655
1078.93 -0.00826
1079.17 -0.00856
1079.41 -0.00819
1079.65 -0.00832
1079.89 -0.0072
1080.13 -0.00558
1080.38 -0.00545
1080.62 -0.00658
1080.86 -0.00642
1081.1 -0.00632
1081.34 -0.00743
1081.58 -0.00694
1081.82 -0.00729
1082.06 -0.00688
1082.3 -0.00679
1082.55 -0.007
1082.79 -0.00662
1083.03 -0.00633
1083.27 -0.00577
1083.51 -0.00574
1083.75 -0.00523
1083.99 -0.00706
1084.23 -0.00831
1084.47 -0.00779
1084.72 -0.00676
1084.96 -0.00629
1085.2 -0.00742
1085.44 -0.00911
1085.68 -0.0093
1085.92 -0.00796
1086.16 -0.0067
1086.4 -0.0058
1086.64 -0.00722
1086.89 -0.00754
1087.13 -0.00735
1087.37 -0.00719
1087.61 -0.00717
1087.85 -0.00744
1088.09 -0.00701
1088.33 -0.0073
1088.57 -0.00795
1088.81 -0.008
1089.06 -0.00824
1089.3 -0.00773
1089.54 -0.00674
1089.78 -0.00824
1090.02 -0.00896
1090.26 -0.0075
1090.5 -0.00732
1090.74 -0.00839
1090.98 -0.00696
1091.23 -0.0063
1091.47 -0.0071
1091.71 -0.0079
1091.95 -0.00774
1092.19 -0.00668
1092.43 -0.00769
1092.67 -0.00798
1092.91 -0.00807
1093.15 -0.00692
1093.4 -0.00625
1093.64 -0.00711
1093.88 -0.00762
1094.12 -0.0081
1094.36 -0.00725
1094.6 -0.00727
1094.84 -0.00724
1095.08 -0.00733
1095.32 -0.00735
1095.56 -0.00632
1095.81 -0.00691
1096.05 -0.00713
1096.29 -0.0071
1096.53 -0.00833
1096.77 -0.00843
1097.01 -0.00762
1097.25 -0.0064
1097.49 -0.0064
1097.73 -0.00763
1097.98 -0.00742
1098.22 -0.00757
1098.46 -0.00753
1098.7 -0.0064
1098.94 -0.00634
1099.18 -0.00722
1099.42 -0.00769
1099.66 -0.00744
1099.9 -0.00685
1100.15 -0.00653
1100.39 -0.00634
1100.63 -0.00715
1100.87 -0.00782
1101.11 -0.008
1101.35 -0.00747
1101.59 -0.00647
1101.83 -0.00667
1102.07 -0.00672
1102.32 -0.00676
1102.56 -0.00688
1102.8 -0.00752
1103.04 -0.00831
1103.28 -0.00791
1103.52 -0.00757
1103.76 -0.007
1104 -0.00496
1104.24 -0.00534
1104.49 -0.00727
1104.73 -0.00821
1104.97 -0.00838
1105.21 -0.00759
1105.45 -0.00766
1105.69 -0.00791
1105.93 -0.00721
1106.17 -0.00702
1106.41 -0.00783
1106.66 -0.00777
1106.9 -0.00762
1107.14 -0.00816
1107.38 -0.0077
1107.62 -0.00685
1107.86 -0.00709
1108.1 -0.00718
1108.34 -0.00775
1108.58 -0.00846
1108.83 -0.00745
1109.07 -0.00709
1109.31 -0.00742
1109.55 -0.00794
1109.79 -0.00823
1110.03 -0.00743
1110.27 -0.00636
1110.51 -0.00643
1110.75 -0.00779
1111 -0.00735
1111.24 -0.00719
1111.48 -0.00759
1111.72 -0.00685
1111.96 -0.00683
1112.2 -0.00712
1112.44 -0.00725
1112.68 -0.00743
1112.92 -0.00737
1113.17 -0.00734
1113.41 -0.0071
1113.65 -0.00695
1113.89 -0.0066
1114.13 -0.00691
1114.37 -0.00864
1114.61 -0.00884
1114.85 -0.00725
1115.09 -0.00722
1115.34 -0.00732
1115.58 -0.00706
1115.82 -0.00775
1116.06 -0.00847
1116.3 -0.00876
1116.54 -0.00849
1116.78 -0.00747
1117.02 -0.00599
1117.26 -0.0064
1117.51 -0.00739
1117.75 -0.00793
1117.99 -0.00822
1118.23 -0.00758
1118.47 -0.00676
1118.71 -0.00733
1118.95 -0.00749
1119.19 -0.00758
1119.43 -0.00786
1119.68 -0.00802
1119.92 -0.00815
1120.16 -0.00687
1120.4 -0.00685
1120.64 -0.00759
1120.88 -0.00893
1121.12 -0.00892
1121.36 -0.00807
1121.6 -0.00846
1121.84 -0.00736
1122.09 -0.00717
1122.33 -0.00698
1122.57 -0.00675
1122.81 -0.00799
1123.05 -0.00832
1123.29 -0.0078
1123.53 -0.00805
1123.77 -0.00821
1124.01 -0.00814
1124.26 -0.00859
1124.5 -0.00818
1124.74 -0.00755
1124.98 -0.00679
1125.22 -0.0057
1125.46 -0.00633
1125.7 -0.00689
1125.94 -0.00762
1126.18 -0.00839
1126.43 -0.00759
1126.67 -0.007
1126.91 -0.00582
1127.15 -0.00624
1127.39 -0.00753
1127.63 -0.00733
1127.87 -0.00714
1128.11 -0.00614
1128.35 -0.00674
1128.6 -0.00627
1128.84 -0.00545
1129.08 -0.00699
1129.32 -0.00758
1129.56 -0.00766
1129.8 -0.00751
1130.04 -0.00756
1130.28 -0.00693
1130.52 -0.00743
1130.77 -0.00783
1131.01 -0.00802
1131.25 -0.00784
1131.49 -0.00752
1131.73 -0.00808
1131.97 -0.00819
1132.21 -0.00676
1132.45 -0.00608
1132.69 -0.00641
1132.94 -0.00546
1133.18 -0.00629
1133.42 -0.00792
1133.66 -0.00792
1133.9 -0.0074
1134.14 -0.00715
1134.38 -0.00734
1134.62 -0.00823
1134.86 -0.00813
1135.11 -0.00767
1135.35 -0.00789
1135.59 -0.00762
1135.83 -0.00721
1136.07 -0.00773
1136.31 -0.008
1136.55 -0.00806
1136.79 -0.00775
1137.03 -0.00726
1137.28 -0.00813
1137.52 -0.00867
1137.76 -0.00713
1138 -0.00686
1138.24 -0.00836
1138.48 -0.00875
1138.72 -0.00835
1138.96 -0.00799
1139.2 -0.00771
1139.45 -0.00777
1139.69 -0.00713
1139.93 -0.00625
1140.17 -0.00666
1140.41 -0.00679
1140.65 -0.00673
1140.89 -0.00685
1141.13 -0.00697
1141.37 -0.00774
1141.62 -0.00807
1141.86 -0.00774
1142.1 -0.00782
1142.34 -0.00839
1142.58 -0.00805
1142.82 -0.00678
1143.06 -0.0071
1143.3 -0.00777
1143.54 -0.00788
1143.79 -0.00802
1144.03 -0.00765
1144.27 -0.00729
1144.51 -0.00761
1144.75 -0.00759
1144.99 -0.00711
1145.23 -0.00769
1145.47 -0.0084
1145.71 -0.00797
1145.96 -0.00718
1146.2 -0.00718
1146.44 -0.00712
1146.68 -0.00742
1146.92 -0.00742
1147.16 -0.00663
1147.4 -0.00669
1147.64 -0.00696
1147.88 -0.00739
1148.12 -0.00693
1148.37 -0.00642
1148.61 -0.00692
1148.85 -0.00691
1149.09 -0.00668
1149.33 -0.00647
1149.57 -0.00675
1149.81 -0.00725
1150.05 -0.00749
1150.29 -0.00743
1150.54 -0.00826
1150.78 -0.00922
1151.02 -0.00877
1151.26 -0.00733
1151.5 -0.00614
1151.74 -0.00663
1151.98 -0.00772
1152.22 -0.00799
1152.46 -0.00832
1152.71 -0.00881
1152.95 -0.00828
1153.19 -0.00849
1153.43 -0.00859
1153.67 -0.00806
1153.91 -0.00875
1154.15 -0.00913
1154.39 -0.0089
1154.63 -0.00879
1154.88 -0.00834
1155.12 -0.0072
1155.36 -0.00697
1155.6 -0.00707
1155.84 -0.0063
1156.08 -0.00827
1156.32 -0.00906
1156.56 -0.00733
1156.8 -0.00775
1157.05 -0.00823
1157.29 -0.00796
1157.53 -0.00795
1157.77 -0.00724
1158.01 -0.007
1158.25 -0.00828
1158.49 -0.00849
1158.73 -0.00714
1158.97 -0.00684
1159.22 -0.00656
1159.46 -0.00717
1159.7 -0.00772
1159.94 -0.00804
1160.18 -0.00879
1160.42 -0.00804
1160.66 -0.00756
1160.9 -0.00688
1161.14 -0.00707
1161.39 -0.00828
1161.63 -0.00772
1161.87 -0.00706
1162.11 -0.00772
1162.35 -0.00756
1162.59 -0.00799
1162.83 -0.00855
1163.07 -0.00831
1163.31 -0.00813
1163.56 -0.00806
1163.8 -0.00852
1164.04 -0.00758
1164.28 -0.00684
1164.52 -0.0076
1164.76 -0.00793
1165 -0.00856
1165.24 -0.00836
1165.48 -0.00779
1165.73 -0.00817
1165.97 -0.00796
1166.21 -0.00819
1166.45 -0.00767
1166.69 -0.00704
1166.93 -0.00766
1167.17 -0.00775
1167.41 -0.00795
1167.65 -0.00702
1167.9 -0.00704
1168.14 -0.00744
1168.38 -0.00733
1168.62 -0.00754
1168.86 -0.0071
1169.1 -0.00767
1169.34 -0.0084
1169.58 -0.00821
1169.82 -0.00789
1170.07 -0.00807
1170.31 -0.00766
1170.55 -0.00837
1170.79 -0.00924
1171.03 -0.00875
1171.27 -0.00776
1171.51 -0.00691
1171.75 -0.00721
1171.99 -0.00755
1172.24 -0.00791
1172.48 -0.00798
1172.72 -0.00739
1172.96 -0.00712
1173.2 -0.00748
1173.44 -0.0075
1173.68 -0.00749
1173.92 -0.00776
1174.16 -0.00714
1174.41 -0.00718
1174.65 -0.00783
1174.89 -0.00763
1175.13 -0.00786
1175.37 -0.0082
1175.61 -0.00817
1175.85 -0.00789
1176.09 -0.00809
1176.33 -0.00789
1176.57 -0.00785
1176.82 -0.00777
1177.06 -0.00755
1177.3 -0.008
1177.54 -0.00766
1177.78 -0.00801
1178.02 -0.00832
1178.26 -0.00727
1178.5 -0.00782
1178.74 -0.00864
1178.99 -0.00778
1179.23 -0.00775
1179.47 -0.00783
1179.71 -0.00784
1179.95 -0.00854
1180.19 -0.00847
1180.43 -0.00773
1180.67 -0.00843
1180.91 -0.00859
1181.16 -0.00788
1181.4 -0.0085
1181.64 -0.00825
1181.88 -0.00865
1182.12 -0.00939
1182.36 -0.00767
1182.6 -0.0066
1182.84 -0.00687
1183.08 -0.00712
1183.33 -0.00803
1183.57 -0.00792
1183.81 -0.00792
1184.05 -0.00805
1184.29 -0.00771
1184.53 -0.00803
1184.77 -0.0082
1185.01 -0.00794
1185.25 -0.00776
1185.5 -0.00789
1185.74 -0.00817
1185.98 -0.00841
1186.22 -0.00808
1186.46 -0.0078
1186.7 -0.00787
1186.94 -0.00886
1187.18 -0.00878
1187.42 -0.00803
1187.67 -0.00844
1187.91 -0.00905
1188.15 -0.00829
1188.39 -0.00721
1188.63 -0.00774
1188.87 -0.00912
1189.11 -0.0088
1189.35 -0.00767
1189.59 -0.00806
1189.84 -0.00774
1190.08 -0.00731
1190.32 -0.00726
1190.56 -0.00734
1190.8 -0.00739
1191.04 -0.00739
1191.28 -0.00757
1191.52 -0.00678
1191.76 -0.00656
1192.01 -0.00796
1192.25 -0.00893
1192.49 -0.00893
1192.73 -0.0093
1192.97 -0.00913
1193.21 -0.00872
1193.45 -0.00888
1193.69 -0.0082
1193.93 -0.00747
1194.18 -0.00763
1194.42 -0.00747
1194.66 -0.00686
1194.9 -0.00683
1195.14 -0.00711
1195.38 -0.00749
1195.62 -0.0077
1195.86 -0.00818
1196.1 -0.00862
1196.35 -0.0088
1196.59 -0.00801
1196.83 -0.00702
1197.07 -0.00798
1197.31 -0.00801
1197.55 -0.00794
1197.79 -0.00814
1198.03 -0.00731
1198.27 -0.00732
1198.52 -0.0078
1198.76 -0.0078
1199 -0.00769
1199.24 -0.00892
1199.48 -0.00915
1199.72 -0.00857
1199.96 -0.00835
1200.2 -0.00791
1200.44 -0.00759
1200.69 -0.008
1200.93 -0.00852
1201.17 -0.00837
1201.41 -0.00881
1201.65 -0.00932
1201.89 -0.00854
1202.13 -0.00775
1202.37 -0.00791
1202.61 -0.00734
1202.85 -0.00743
1203.1 -0.00764
1203.34 -0.00698
1203.58 -0.00747
1203.82 -0.00797
1204.06 -0.00674
1204.3 -0.00666
1204.54 -0.00782
1204.78 -0.00822
1205.02 -0.00796
1205.27 -0.00804
1205.51 -0.00801
1205.75 -0.00668
1205.99 -0.00647
1206.23 -0.00737
1206.47 -0.00784
1206.71 -0.00761
1206.95 -0.00706
1207.19 -0.00698
1207.44 -0.00805
1207.68 -0.00834
1207.92 -0.00736
1208.16 -0.00814
1208.4 -0.00851
1208.64 -0.00789
1208.88 -0.00768
1209.12 -0.00692
1209.36 -0.00705
1209.61 -0.00741
1209.85 -0.00737
1210.09 -0.00798
1210.33 -0.00739
1210.57 -0.00743
1210.81 -0.00822
1211.05 -0.00784
1211.29 -0.00851
1211.53 -0.00905
1211.78 -0.00846
1212.02 -0.00859
1212.26 -0.00807
1212.5 -0.00844
1212.74 -0.00931
1212.98 -0.00832
1213.22 -0.00871
1213.46 -0.00917
1213.7 -0.00822
1213.95 -0.00768
1214.19 -0.00748
1214.43 -0.00837
1214.67 -0.0089
1214.91 -0.00902
1215.15 -0.0092
1215.39 -0.00781
1215.63 -0.00744
1215.87 -0.00801
1216.12 -0.00784
1216.36 -0.00784
1216.6 -0.00764
1216.84 -0.00761
1217.08 -0.00875
1217.32 -0.00867
1217.56 -0.00766
1217.8 -0.00796
1218.04 -0.00836
1218.29 -0.00794
1218.53 -0.00779
1218.77 -0.00785
1219.01 -0.0079
1219.25 -0.00794
1219.49 -0.00843
1219.73 -0.00832
1219.97 -0.00671
1220.21 -0.0074
1220.46 -0.00881
1220.7 -0.00861
1220.94 -0.00786
1221.18 -0.00769
1221.42 -0.0086
1221.66 -0.00927
1221.9 -0.00883
1222.14 -0.00853
1222.38 -0.00833
1222.63 -0.00764
1222.87 -0.0083
1223.11 -0.00906
1223.35 -0.00845
1223.59 -0.00873
1223.83 -0.00911
1224.07 -0.00828
1224.31 -0.00879
1224.55 -0.00891
1224.8 -0.00822
1225.04 -0.00888
1225.28 -0.0094
1225.52 -0.00876
1225.76 -0.00819
1226 -0.00794
1226.24 -0.00799
1226.48 -0.00809
1226.72 -0.00798
1226.97 -0.00814
1227.21 -0.00745
1227.45 -0.00779
1227.69 -0.00872
1227.93 -0.00815
1228.17 -0.00753
1228.41 -0.00743
1228.65 -0.00729
1228.89 -0.008
1229.14 -0.00834
1229.38 -0.00785
1229.62 -0.00807
1229.86 -0.00795
1230.1 -0.00781
1230.34 -0.00788
1230.58 -0.00768
1230.82 -0.00767
1231.06 -0.00815
1231.31 -0.00832
1231.55 -0.00837
1231.79 -0.00763
1232.03 -0.00747
1232.27 -0.00773
1232.51 -0.00713
1232.75 -0.00769
1232.99 -0.00822
1233.23 -0.00807
1233.47 -0.009
1233.72 -0.00968
1233.96 -0.00941
1234.2 -0.00947
1234.44 -0.00952
1234.68 -0.00818
1234.92 -0.00692
1235.16 -0.0077
1235.4 -0.00876
1235.64 -0.00882
1235.89 -0.00827
1236.13 -0.00849
1236.37 -0.00804
1236.61 -0.00751
1236.85 -0.00777
1237.09 -0.00785
1237.33 -0.00725
1237.57 -0.00777
1237.81 -0.00908
1238.06 -0.00957
1238.3 -0.01019
1238.54 -0.00991
1238.78 -0.00915
1239.02 -0.0085
1239.26 -0.00886
1239.5 -0.0093
1239.74 -0.00907
1239.98 -0.00855
1240.23 -0.00793
1240.47 -0.00791
1240.71 -0.00859
1240.95 -0.0085
1241.19 -0.00802
1241.43 -0.00834
1241.67 -0.00881
1241.91 -0.00854
1242.15 -0.00849
1242.4 -0.00846
1242.64 -0.00879
1242.88 -0.00851
1243.12 -0.00702
1243.36 -0.00715
1243.6 -0.00762
1243.84 -0.00769
1244.08 -0.00845
1244.32 -0.00884
1244.57 -0.00878
1244.81 -0.00852
1245.05 -0.00812
1245.29 -0.00813
1245.53 -0.00857
1245.77 -0.00927
1246.01 -0.00927
1246.25 -0.00834
1246.49 -0.00819
1246.74 -0.00872
1246.98 -0.00868
1247.22 -0.00806
1247.46 -0.00766
1247.7 -0.0083
1247.94 -0.00879
1248.18 -0.00909
1248.42 -0.00924
1248.66 -0.00856
1248.91 -0.00846
1249.15 -0.00824
1249.39 -0.00792
1249.63 -0.00833
1249.87 -0.00876
1250.11 -0.00856
1250.35 -0.00764
1250.59 -0.00832
1250.83 -0.00976
1251.08 -0.00966
1251.32 -0.0094
1251.56 -0.00864
1251.8 -0.00847
1252.04 -0.00951
1252.28 -0.0098
1252.52 -0.00942
1252.76 -0.00865
1253 -0.00905
1253.25 -0.00986
1253.49 -0.00962
1253.73 -0.0086
1253.97 -0.00924
1254.21 -0.0097
1254.45 -0.00872
1254.69 -0.00936
1254.93 -0.0092
1255.17 -0.00838
1255.42 -0.0082
1255.66 -0.00768
1255.9 -0.00785
1256.14 -0.00852
1256.38 -0.00906
1256.62 -0.00914
1256.86 -0.00874
1257.1 -0.00861
1257.34 -0.0086
1257.59 -0.00813
1257.83 -0.00739
1258.07 -0.00748
1258.31 -0.00803
1258.55 -0.0084
1258.79 -0.00819
1259.03 -0.00771
1259.27 -0.00844
1259.51 -0.00848
1259.76 -0.00796
1260 -0.00864
1260.24 -0.00966
1260.48 -0.00916
1260.72 -0.00746
1260.96 -0.00746
1261.2 -0.00847
1261.44 -0.00917
1261.68 -0.00908
1261.92 -0.00955
1262.17 -0.01009
1262.41 -0.00895
1262.65 -0.00902
1262.89 -0.00974
1263.13 -0.009
1263.37 -0.00828
1263.61 -0.00833
1263.85 -0.00845
1264.09 -0.00792
1264.34 -0.00847
1264.58 -0.00898
1264.82 -0.00821
1265.06 -0.00755
1265.3 -0.00784
1265.54 -0.00888
1265.78 -0.00914
1266.02 -0.0087
1266.26 -0.00835
1266.51 -0.00803
1266.75 -0.00796
1266.99 -0.00879
1267.23 -0.00917
1267.47 -0.00945
1267.71 -0.00969
1267.95 -0.0095
1268.19 -0.00917
1268.43 -0.00812
1268.68 -0.00793
1268.92 -0.00777
1269.16 -0.00763
1269.4 -0.00796
1269.64 -0.00748
1269.88 -0.00802
1270.12 -0.00888
1270.36 -0.00854
1270.6 -0.00822
1270.85 -0.0085
1271.09 -0.00852
1271.33 -0.00848
1271.57 -0.00783
1271.81 -0.00698
1272.05 -0.00709
1272.29 -0.00794
1272.53 -0.00886
1272.77 -0.00922
1273.02 -0.00902
1273.26 -0.00864
1273.5 -0.00875
1273.74 -0.00876
1273.98 -0.00813
1274.22 -0.00837
1274.46 -0.00904
1274.7 -0.00904
1274.94 -0.00829
1275.19 -0.00872
1275.43 -0.00927
1275.67 -0.00802
1275.91 -0.00693
1276.15 -0.007
1276.39 -0.00831
1276.63 -0.00866
1276.87 -0.00865
1277.11 -0.00897
1277.36 -0.00936
1277.6 -0.00902
1277.84 -0.00832
1278.08 -0.00844
1278.32 -0.0091
1278.56 -0.00944
1278.8 -0.00919
1279.04 -0.00866
1279.28 -0.00776
1279.53 -0.00817
1279.77 -0.00887
1280.01 -0.00823
1280.25 -0.00748
1280.49 -0.00896
1280.73 -0.01004
1280.97 -0.00892
1281.21 -0.0086
1281.45 -0.00879
1281.7 -0.00849
1281.94 -0.00784
1282.18 -0.00781
1282.42 -0.00854
1282.66 -0.0082
1282.9 -0.00797
1283.14 -0.00796
1283.38 -0.00825
1283.62 -0.00858
1283.87 -0.00785
1284.11 -0.0079
1284.35 -0.00816
1284.59 -0.00765
1284.83 -0.00723
1285.07 -0.00753
1285.31 -0.00702
1285.55 -0.0073
1285.79 -0.00788
1286.04 -0.00781
1286.28 -0.00824
1286.52 -0.00802
1286.76 -0.00743
1287 -0.00679
1287.24 -0.00619
1287.48 -0.00692
1287.72 -0.00729
1287.96 -0.00624
1288.2 -0.00557
1288.45 -0.00525
1288.69 -0.00578
1288.93 -0.00552
1289.17 -0.00446
1289.41 -0.0048
1289.65 -0.00546
1289.89 -0.005
1290.13 -0.00444
1290.37 -0.00456
1290.62 -0.00404
1290.86 -0.0034
1291.1 -0.00243
1291.34 -0.00112
1291.58 -5.45394E-4
1291.82 -7.73966E-5
1292.06 1.13461E-4
1292.3 7.98386E-4
1292.54 0.00177
1292.79 0.00208
1293.03 0.00281
1293.27 0.00424
1293.51 0.0054
1293.75 0.00646
1293.99 0.00702
1294.23 0.00783
1294.47 0.0106
1294.71 0.01225
1294.96 0.01247
1295.2 0.01436
1295.44 0.01731
1295.68 0.01995
1295.92 0.0236
1296.16 0.02771
1296.4 0.03114
1296.64 0.03559
1296.88 0.04071
1297.13 0.04602
1297.37 0.05074
1297.61 0.0568
1297.85 0.06377
1298.09 0.06917
1298.33 0.07304
1298.57 0.07691
1298.81 0.08092
1299.05 0.083
1299.3 0.08378
1299.54 0.08408
1299.78 0.08345
1300.02 0.08122
1300.26 0.07795
1300.5 0.07481
1300.74 0.07147
1300.98 0.06757
1301.22 0.06353
1301.47 0.0586
1301.71 0.05464
1301.95 0.05203
1302.19 0.04816
1302.43 0.04369
1302.67 0.04089
1302.91 0.03842
1303.15 0.0354
1303.39 0.03294
1303.64 0.0302
1303.88 0.02774
1304.12 0.02605
1304.36 0.0244
1304.6 0.02276
1304.84 0.02087
1305.08 0.02011
1305.32 0.01837
1305.56 0.0161
1305.81 0.01536
1306.05 0.01442
1306.29 0.01323
1306.53 0.01229
1306.77 0.01173
1307.01 0.01013
1307.25 0.0085
1307.49 0.0083
1307.73 0.00771
1307.98 0.00698
1308.22 0.0059
1308.46 0.0048
1308.7 0.00457
1308.94 0.00416
1309.18 0.0036
1309.42 0.00257
1309.66 0.00195
1309.9 0.00163
1310.15 0.0011
1310.39 8.91425E-4
1310.63 8.91093E-4
1310.87 4.36094E-4
1311.11 -2.42058E-4
1311.35 -5.40312E-4
1311.59 -9.28391E-4
1311.83 -0.00118
1312.07 -0.00112
1312.32 -7.58503E-4
1312.56 -0.00106
1312.8 -0.0023
1313.04 -0.00297
1313.28 -0.00343
1313.52 -0.00373
1313.76 -0.0033
1314 -0.00336
1314.24 -0.00411
1314.48 -0.00431
1314.73 -0.00324
1314.97 -0.00269
1315.21 -0.00317
1315.45 -0.00333
1315.69 -0.00354
1315.93 -0.00364
1316.17 -0.00386
1316.41 -0.00436
1316.65 -0.00523
1316.9 -0.00605
1317.14 -0.00514
1317.38 -0.00378
1317.62 -0.00358
1317.86 -0.00401
1318.1 -0.00455
1318.34 -0.00428
1318.58 -0.00451
1318.82 -0.0053
1319.07 -0.00597
1319.31 -0.00539
1319.55 -0.00443
1319.79 -0.00527
1320.03 -0.00495
1320.27 -0.00407
1320.51 -0.00431
1320.75 -0.00446
1320.99 -0.00392
1321.24 -0.0046
1321.48 -0.00617
1321.72 -0.00598
1321.96 -0.00554
1322.2 -0.00628
1322.44 -0.00669
1322.68 -0.006
1322.92 -0.00513
1323.16 -0.00579
1323.41 -0.00665
1323.65 -0.00678
1323.89 -0.00637
1324.13 -0.00598
1324.37 -0.00562
1324.61 -0.00431
1324.85 -0.00477
1325.09 -0.00659
1325.33 -0.00669
1325.58 -0.00607
1325.82 -0.00645
1326.06 -0.0055
1326.3 -0.00538
1326.54 -0.00623
1326.78 -0.0062
1327.02 -0.00552
1327.26 -0.00588
1327.5 -0.0073
1327.75 -0.00721
1327.99 -0.00633
1328.23 -0.00554
1328.47 -0.00552
1328.71 -0.00554
1328.95 -0.00581
1329.19 -0.00543
1329.43 -0.00489
1329.67 -0.00531
1329.92 -0.00543
1330.16 -0.00517
1330.4 -0.00623
1330.64 -0.0075
1330.88 -0.00721
1331.12 -0.00741
1331.36 -0.00692
1331.6 -0.00677
1331.84 -0.00752
1332.09 -0.00626
1332.33 -0.00614
1332.57 -0.00633
1332.81 -0.00658
1333.05 -0.00738
1333.29 -0.00682
1333.53 -0.00648
1333.77 -0.00697
1334.01 -0.00655
1334.26 -0.00596
1334.5 -0.00671
1334.74 -0.00712
1334.98 -0.00707
1335.22 -0.00642
1335.46 -0.00633
1335.7 -0.00734
1335.94 -0.00779
1336.18 -0.00759
1336.43 -0.00685
1336.67 -0.00702
1336.91 -0.00746
1337.15 -0.00747
1337.39 -0.00764
1337.63 -0.0078
1337.87 -0.00823
1338.11 -0.00842
1338.35 -0.00802
1338.6 -0.00828
1338.84 -0.00831
1339.08 -0.0077
1339.32 -0.00771
1339.56 -0.0076
1339.8 -0.00803
1340.04 -0.0085
1340.28 -0.00884
1340.52 -0.00906
1340.77 -0.00852
1341.01 -0.0079
1341.25 -0.00715
1341.49 -0.00663
1341.73 -0.00689
1341.97 -0.00758
1342.21 -0.00792
1342.45 -0.00763
1342.69 -0.00774
1342.93 -0.00837
1343.18 -0.00825
1343.42 -0.00758
1343.66 -0.00828
1343.9 -0.00863
1344.14 -0.00771
1344.38 -0.00807
1344.62 -0.00847
1344.86 -0.0077
1345.1 -0.00754
1345.35 -0.0075
1345.59 -0.0076
1345.83 -0.00791
1346.07 -0.00811
1346.31 -0.00815
1346.55 -0.00771
1346.79 -0.0083
1347.03 -0.00874
1347.27 -0.00862
1347.52 -0.00847
1347.76 -0.0088
1348 -0.00945
1348.24 -0.0094
1348.48 -0.00875
1348.72 -0.00867
1348.96 -0.00885
1349.2 -0.00831
1349.44 -0.00912
1349.69 -0.00984
1349.93 -0.01006
1350.17 -0.00889
1350.41 -0.00831
1350.65 -0.00935
1350.89 -0.00915
1351.13 -0.00867
1351.37 -0.00831
1351.61 -0.00822
1351.86 -0.00787
1352.1 -0.00767
1352.34 -0.00885
1352.58 -0.0096
1352.82 -0.00901
1353.06 -0.00874
1353.3 -0.00886
1353.54 -0.00935
1353.78 -0.00966
1354.03 -0.01012
1354.27 -0.01013
1354.51 -0.00909
1354.75 -0.00826
1354.99 -0.00865
1355.23 -0.00936
1355.47 -0.00957
1355.71 -0.00962
1355.95 -0.01001
1356.2 -0.00986
1356.44 -0.00941
1356.68 -0.00905
1356.92 -0.00931
1357.16 -0.00946
1357.4 -0.00858
1357.64 -0.00871
1357.88 -0.00799
1358.12 -0.00798
1358.37 -0.00867
1358.61 -0.00877
1358.85 -0.00904
1359.09 -0.00876
1359.33 -0.00914
1359.57 -0.00947
1359.81 -0.00906
1360.05 -0.00907
1360.29 -0.0093
1360.54 -0.00913
1360.78 -0.00944
1361.02 -0.00935
1361.26 -0.00905
1361.5 -0.00866
1361.74 -0.00847
1361.98 -0.0086
1362.22 -0.00889
1362.46 -0.00852
1362.71 -0.00751
1362.95 -0.00793
1363.19 -0.0088
1363.43 -0.00894
1363.67 -0.0077
1363.91 -0.00794
1364.15 -0.0093
1364.39 -0.0093
1364.63 -0.0086
1364.88 -0.0083
1365.12 -0.00865
1365.36 -0.00893
1365.6 -0.00831
1365.84 -0.00734
1366.08 -0.00845
1366.32 -0.009
1366.56 -0.00873
1366.8 -0.00873
1367.05 -0.00856
1367.29 -0.00911
1367.53 -0.00947
1367.77 -0.0099
1368.01 -0.00958
1368.25 -0.00815
1368.49 -0.00811
1368.73 -0.00798
1368.97 -0.00736
1369.21 -0.008
1369.46 -0.00847
1369.7 -0.00864
1369.94 -0.00958
1370.18 -0.00949
1370.42 -0.00895
1370.66 -0.00874
1370.9 -0.00836
1371.14 -0.00829
1371.38 -0.0078
1371.63 -0.00802
1371.87 -0.00857
1372.11 -0.00851
1372.35 -0.0086
1372.59 -0.00914
1372.83 -0.00892
1373.07 -0.00848
1373.31 -0.00895
1373.55 -0.00938
1373.8 -0.00946
1374.04 -0.009
1374.28 -0.00857
1374.52 -0.00889
1374.76 -0.00898
1375 -0.00854
1375.24 -0.00835
1375.48 -0.00856
1375.72 -0.00868
1375.97 -0.00865
1376.21 -0.0084
1376.45 -0.00805
1376.69 -0.00822
1376.93 -0.00787
1377.17 -0.00764
1377.41 -0.00808
1377.65 -0.00797
1377.89 -0.00783
1378.14 -0.0088
1378.38 -0.0095
1378.62 -0.00924
1378.86 -0.00867
1379.1 -0.00759
1379.34 -0.0067
1379.58 -0.00688
1379.82 -0.00852
1380.06 -0.00892
1380.31 -0.0079
1380.55 -0.00872
1380.79 -0.00872
1381.03 -0.00837
1381.27 -0.00898
1381.51 -0.0096
1381.75 -0.00986
1381.99 -0.00961
1382.23 -0.00944
1382.48 -0.00956
1382.72 -0.00947
1382.96 -0.01015
1383.2 -0.01099
1383.44 -0.0094
1383.68 -0.00861
1383.92 -0.00872
1384.16 -0.009
1384.4 -0.01002
1384.65 -0.01047
1384.89 -0.00957
1385.13 -0.00957
1385.37 -0.01086
1385.61 -0.01045
1385.85 -0.01021
1386.09 -0.01017
1386.33 -0.01002
1386.57 -0.01096
1386.82 -0.01113
1387.06 -0.01087
1387.3 -0.01138
1387.54 -0.01139
1387.78 -0.01044
1388.02 -0.00961
1388.26 -0.00959
1388.5 -0.00979
1388.74 -0.01045
1388.99 -0.01011
1389.23 -0.00957
1389.47 -0.01037
1389.71 -0.01058
1389.95 -0.01092
1390.19 -0.01027
1390.43 -0.00964
1390.67 -0.01016
1390.91 -0.00978
1391.16 -0.00968
1391.4 -0.00962
1391.64 -0.00892
1391.88 -0.00918
1392.12 -0.0099
1392.36 -0.00989
1392.6 -0.00926
1392.84 -0.0087
1393.08 -0.00895
1393.33 -0.01056
1393.57 -0.01088
1393.81 -0.01007
1394.05 -0.00951
1394.29 -0.00936
1394.53 -0.01023
1394.77 -0.00989
1395.01 -0.00962
1395.25 -0.01003
1395.5 -0.00979
1395.74 -0.00975
1395.98 -0.00981
1396.22 -0.00958
1396.46 -0.00931
1396.7 -0.0095
1396.94 -0.00941
1397.18 -0.0095
1397.42 -0.01043
1397.67 -0.01093
1397.91 -0.01073
1398.15 -0.01036
1398.39 -0.00935
1398.63 -0.00936
1398.87 -0.01076
1399.11 -0.01061
1399.35 -0.01015
1399.59 -0.00983
1399.83 -0.00929
1400.08 -0.00967
1400.32 -0.00945
1400.56 -0.00867
1400.8 -0.00822
1401.04 -0.00906
1401.28 -0.00999
1401.52 -0.00934
1401.76 -0.0094
1402 -0.0099
1402.25 -0.01004
1402.49 -0.00985
1402.73 -0.00958
1402.97 -0.00987
1403.21 -0.00925
1403.45 -0.00925
1403.69 -0.01055
1403.93 -0.01054
1404.17 -0.01082
1404.42 -0.01062
1404.66 -0.0096
1404.9 -0.00933
1405.14 -0.00938
1405.38 -0.0094
1405.62 -0.0095
1405.86 -0.00968
1406.1 -0.00959
1406.34 -0.00947
1406.59 -0.00896
1406.83 -0.00896
1407.07 -0.009
1407.31 -0.00857
1407.55 -0.00948
1407.79 -0.0103
1408.03 -0.01035
1408.27 -0.01069
1408.51 -0.01074
1408.76 -0.01006
1409 -0.00962
1409.24 -0.01014
1409.48 -0.01023
1409.72 -0.01018
1409.96 -0.00989
1410.2 -0.0099
1410.44 -0.01024
1410.68 -0.01049
1410.93 -0.01011
1411.17 -0.00919
1411.41 -0.00937
1411.65 -0.00997
1411.89 -0.01018
1412.13 -0.01022
1412.37 -0.01034
1412.61 -0.01063
1412.85 -0.01049
1413.1 -0.01067
1413.34 -0.0108
1413.58 -0.0104
1413.82 -0.01032
1414.06 -0.01025
1414.3 -0.00993
1414.54 -0.01033
1414.78 -0.01031
1415.02 -0.0094
1415.27 -0.00927
1415.51 -0.0092
1415.75 -0.00898
1415.99 -0.01027
1416.23 -0.01097
1416.47 -0.00976
1416.71 -0.00979
1416.95 -0.01044
1417.19 -0.01049
1417.44 -0.00999
1417.68 -0.00936
1417.92 -0.00976
1418.16 -0.00985
1418.4 -0.00921
1418.64 -0.0095
1418.88 -0.01055
1419.12 -0.00996
1419.36 -0.00938
1419.61 -0.01026
1419.85 -0.01041
1420.09 -0.00963
1420.33 -0.00922
1420.57 -0.00955
1420.81 -0.00965
1421.05 -0.01001
1421.29 -0.01017
1421.53 -0.0099
1421.78 -0.00944
1422.02 -0.00924
1422.26 -0.00917
1422.5 -0.00912
1422.74 -0.00958
1422.98 -0.00938
1423.22 -0.00975
1423.46 -0.01046
1423.7 -0.00977
1423.95 -0.00901
1424.19 -0.00913
1424.43 -0.00928
1424.67 -0.00924
1424.91 -0.00962
1425.15 -0.01045
1425.39 -0.01046
1425.63 -0.00988
1425.87 -0.00943
1426.11 -0.00978
1426.36 -0.00985
1426.6 -0.00957
1426.84 -0.01
1427.08 -0.01012
1427.32 -0.00968
1427.56 -0.00944
1427.8 -0.00992
1428.04 -0.0101
1428.28 -0.0104
1428.53 -0.01081
1428.77 -0.01117
1429.01 -0.01064
1429.25 -0.00969
1429.49 -0.00991
1429.73 -0.0104
1429.97 -0.01009
1430.21 -0.00962
1430.45 -0.00959
1430.7 -0.01041
1430.94 -0.01071
1431.18 -0.01066
1431.42 -0.01123
1431.66 -0.01101
1431.9 -0.00933
1432.14 -0.00798
1432.38 -0.0084
1432.62 -0.00915
1432.87 -0.00996
1433.11 -0.01079
1433.35 -0.01038
1433.59 -0.00942
1433.83 -0.00922
1434.07 -0.00932
1434.31 -0.00886
1434.55 -0.00901
1434.79 -0.00994
1435.04 -0.01013
1435.28 -0.00962
1435.52 -0.00985
1435.76 -0.0098
1436 -0.00916
1436.24 -0.00888
1436.48 -0.00888
1436.72 -0.00994
1436.96 -0.01003
1437.21 -0.00935
1437.45 -0.00913
1437.69 -0.0099
1437.93 -0.01077
1438.17 -0.01083
1438.41 -0.00961
1438.65 -0.00897
1438.89 -0.00937
1439.13 -0.00987
1439.38 -0.01057
1439.62 -0.01003
1439.86 -0.00971
1440.1 -0.00986
1440.34 -0.00964
1440.58 -0.00948
1440.82 -0.00888
1441.06 -0.00918
1441.3 -0.01013
1441.55 -0.00975
1441.79 -0.01028
1442.03 -0.01045
1442.27 -0.00983
1442.51 -0.00968
1442.75 -0.00934
1442.99 -0.00968
1443.23 -0.00975
1443.47 -0.01
1443.72 -0.00978
1443.96 -0.00904
1444.2 -0.00914
1444.44 -0.00912
1444.68 -0.0092
1444.92 -0.00962
1445.16 -0.00959
1445.4 -0.00995
1445.64 -0.00992
1445.89 -0.00987
1446.13 -0.01022
1446.37 -0.00939
1446.61 -0.0098
1446.85 -0.01001
1447.09 -0.00929
1447.33 -0.0089
1447.57 -0.00878
1447.81 -0.00983
1448.06 -0.01036
1448.3 -0.00946
1448.54 -0.00976
1448.78 -0.01069
1449.02 -0.01038
1449.26 -0.01047
1449.5 -0.01083
1449.74 -0.01051
1449.98 -0.00975
1450.23 -0.00922
1450.47 -0.01003
1450.71 -0.01095
1450.95 -0.01004
1451.19 -0.00951
1451.43 -0.01013
1451.67 -0.01038
1451.91 -0.0102
1452.15 -0.00962
1452.4 -0.00909
1452.64 -0.00933
1452.88 -0.01076
1453.12 -0.01102
1453.36 -0.00989
1453.6 -0.00943
1453.84 -0.00996
1454.08 -0.01022
1454.32 -0.01058
1454.56 -0.00985
1454.81 -0.00847
1455.05 -0.00912
1455.29 -0.01016
1455.53 -0.01061
1455.77 -0.00937
1456.01 -0.00923
1456.25 -0.00919
1456.49 -0.00914
1456.73 -0.01139
1456.98 -0.01193
1457.22 -0.01075
1457.46 -0.01056
1457.7 -0.01007
1457.94 -0.00977
1458.18 -0.01031
1458.42 -0.01111
1458.66 -0.01096
1458.9 -0.00984
1459.15 -0.00957
1459.39 -0.00975
1459.63 -0.00993
1459.87 -0.01058
1460.11 -0.01078
1460.35 -0.01045
1460.59 -0.01105
1460.83 -0.01109
1461.07 -0.0115
1461.32 -0.0112
1461.56 -0.00948
1461.8 -0.00913
1462.04 -0.01004
1462.28 -0.01056
1462.52 -0.01034
1462.76 -0.0102
1463 -0.00959
1463.24 -0.00938
1463.49 -0.01008
1463.73 -0.01019
1463.97 -0.00975
1464.21 -0.01057
1464.45 -0.0111
1464.69 -0.01094
1464.93 -0.01138
1465.17 -0.01065
1465.41 -0.00904
1465.66 -0.00909
1465.9 -0.01075
1466.14 -0.01154
1466.38 -0.01089
1466.62 -0.01038
1466.86 -0.01045
1467.1 -0.01005
1467.34 -0.01033
1467.58 -0.01088
1467.83 -0.01059
1468.07 -0.00978
1468.31 -0.00995
1468.55 -0.01053
1468.79 -0.01032
1469.03 -0.01084
1469.27 -0.01098
1469.51 -0.00949
1469.75 -0.00913
1470 -0.00996
1470.24 -0.00968
1470.48 -0.01014
1470.72 -0.01114
1470.96 -0.01054
1471.2 -0.00954
1471.44 -0.0096
1471.68 -0.01033
1471.92 -0.0108
1472.17 -0.01134
1472.41 -0.01174
1472.65 -0.01135
1472.89 -0.01002
1473.13 -0.01026
1473.37 -0.01121
1473.61 -0.01053
1473.85 -0.01004
1474.09 -0.01008
1474.34 -0.01001
1474.58 -0.00978
1474.82 -0.01028
1475.06 -0.00969
1475.3 -0.00927
1475.54 -0.01067
1475.78 -0.01175
1476.02 -0.01151
1476.26 -0.01109
1476.51 -0.01127
1476.75 -0.011
1476.99 -0.01079
1477.23 -0.01132
1477.47 -0.01159
1477.71 -0.01074
1477.95 -0.01041
1478.19 -0.01083
1478.43 -0.01111
1478.68 -0.01117
1478.92 -0.01062
1479.16 -0.01028
1479.4 -0.01079
1479.64 -0.01114
1479.88 -0.01108
1480.12 -0.01075
1480.36 -0.00991
1480.6 -0.00996
1480.84 -0.01013
1481.09 -0.01023
1481.33 -0.0107
1481.57 -0.01074
1481.81 -0.01109
1482.05 -0.0104
1482.29 -0.00993
1482.53 -0.01082
1482.77 -0.01062
1483.01 -0.00968
1483.26 -0.00973
1483.5 -0.01007
1483.74 -0.00922
1483.98 -0.0094
1484.22 -0.01069
1484.46 -0.01102
1484.7 -0.01035
1484.94 -0.00912
1485.18 -0.00905
1485.43 -0.00968
1485.67 -0.01007
1485.91 -0.00976
1486.15 -0.00951
1486.39 -0.00942
1486.63 -0.01009
1486.87 -0.01099
1487.11 -0.01078
1487.35 -0.01145
1487.6 -0.01088
1487.84 -0.01022
1488.08 -0.01048
1488.32 -0.00982
1488.56 -0.01
1488.8 -0.01038
1489.04 -0.01028
1489.28 -0.01001
1489.52 -0.00982
1489.77 -0.00985
1490.01 -0.01016
1490.25 -0.01083
1490.49 -0.0109
1490.73 -0.01087
1490.97 -0.01056
1491.21 -0.01065
1491.45 -0.01076
1491.69 -0.01001
1491.94 -0.00973
1492.18 -0.00977
1492.42 -0.00979
1492.66 -0.00995
1492.9 -0.01013
1493.14 -0.01047
1493.38 -0.01065
1493.62 -0.01
1493.86 -0.01027
1494.11 -0.01065
1494.35 -0.01029
1494.59 -0.01101
1494.83 -0.01131
1495.07 -0.01094
1495.31 -0.01026
1495.55 -0.01081
1495.79 -0.01209
1496.03 -0.01182
1496.28 -0.01164
1496.52 -0.01148
1496.76 -0.01133
1497 -0.01171
1497.24 -0.01101
1497.48 -0.01042
1497.72 -0.01059
1497.96 -0.0105
1498.2 -0.0107
1498.45 -0.01102
1498.69 -0.01111
1498.93 -0.01088
1499.17 -0.01072
1499.41 -0.01078
1499.65 -0.01106
1499.89 -0.01086
1500.13 -0.01066
1500.37 -0.01081
1500.62 -0.01003
1500.86 -0.01014
1501.1 -0.0108
1501.34 -0.01068
1501.58 -0.01105
1501.82 -0.01035
1502.06 -0.00996
1502.3 -0.00978
1502.54 -0.00916
1502.79 -0.00956
1503.03 -0.01014
1503.27 -0.01027
1503.51 -0.01073
1503.75 -0.01116
1503.99 -0.01057
1504.23 -0.01029
1504.47 -0.01027
1504.71 -0.01023
1504.96 -0.00974
1505.2 -0.00954
1505.44 -0.01018
1505.68 -0.00974
1505.92 -0.01006
1506.16 -0.01049
1506.4 -0.01011
1506.64 -0.01051
1506.88 -0.01048
1507.12 -0.01116
1507.37 -0.01124
1507.61 -0.0105
1507.85 -0.01039
1508.09 -0.0103
1508.33 -0.01011
1508.57 -0.0103
1508.81 -0.01077
1509.05 -0.01028
1509.29 -0.01031
1509.54 -0.01057
1509.78 -0.01041
1510.02 -0.00982
1510.26 -0.00945
1510.5 -0.01036
1510.74 -0.01071
1510.98 -0.01035
1511.22 -0.00987
1511.46 -0.01014
1511.71 -0.01079
1511.95 -0.01112
1512.19 -0.01071
1512.43 -0.01003
1512.67 -0.01046
1512.91 -0.0102
1513.15 -0.01052
1513.39 -0.01125
1513.63 -0.01103
1513.88 -0.01106
1514.12 -0.01073
1514.36 -0.01124
1514.6 -0.01138
1514.84 -0.01112
1515.08 -0.0113
1515.32 -0.0099
1515.56 -0.00995
1515.8 -0.01077
1516.05 -0.0101
1516.29 -0.00999
1516.53 -0.01045
1516.77 -0.01092
1517.01 -0.01117
1517.25 -0.01108
1517.49 -0.01071
1517.73 -0.01016
1517.97 -0.00992
1518.22 -0.00966
1518.46 -0.0096
1518.7 -0.01029
1518.94 -0.01082
1519.18 -0.01052
1519.42 -0.01064
1519.66 -0.01089
1519.9 -0.011
1520.14 -0.01053
1520.39 -0.01031
1520.63 -0.01103
1520.87 -0.0111
1521.11 -0.01112
1521.35 -0.01063
1521.59 -0.00989
1521.83 -0.0102
1522.07 -0.01028
1522.31 -0.01011
1522.56 -0.01044
1522.8 -0.00984
1523.04 -0.00943
1523.28 -0.00994
1523.52 -0.01005
1523.76 -0.01035
1524 -0.0112
1524.24 -0.01147
1524.48 -0.01109
1524.73 -0.01125
1524.97 -0.01164
1525.21 -0.01177
1525.45 -0.01159
1525.69 -0.01168
1525.93 -0.01179
1526.17 -0.01103
1526.41 -0.01043
1526.65 -0.01062
1526.9 -0.01091
1527.14 -0.01111
1527.38 -0.01069
1527.62 -0.01035
1527.86 -0.01139
1528.1 -0.01073
1528.34 -0.01004
1528.58 -0.0107
1528.82 -0.01025
1529.07 -0.00962
1529.31 -0.00922
1529.55 -0.01059
1529.79 -0.01171
1530.03 -0.01047
1530.27 -0.00967
1530.51 -0.00995
1530.75 -0.01053
1530.99 -0.01115
1531.24 -0.01108
1531.48 -0.01081
1531.72 -0.01066
1531.96 -0.00992
1532.2 -0.01026
1532.44 -0.0109
1532.68 -0.01105
1532.92 -0.011
1533.16 -0.01056
1533.41 -0.01057
1533.65 -0.01001
1533.89 -0.00949
1534.13 -0.0097
1534.37 -0.01018
1534.61 -0.01058
1534.85 -0.01064
1535.09 -0.01066
1535.33 -0.01093
1535.57 -0.01144
1535.82 -0.01223
1536.06 -0.01173
1536.3 -0.01022
1536.54 -0.01017
1536.78 -0.01013
1537.02 -0.00958
1537.26 -0.0102
1537.5 -0.01106
1537.74 -0.0117
1537.99 -0.01207
1538.23 -0.01127
1538.47 -0.01008
1538.71 -0.00945
1538.95 -0.0097
1539.19 -0.01038
1539.43 -0.01062
1539.67 -0.01074
1539.91 -0.01099
1540.16 -0.01039
1540.4 -0.01042
1540.64 -0.01063
1540.88 -0.00982
1541.12 -0.01023
1541.36 -0.0101
1541.6 -0.00999
1541.84 -0.01079
1542.08 -0.01072
1542.33 -0.01065
1542.57 -0.01053
1542.81 -0.01088
1543.05 -0.01049
1543.29 -0.01059
1543.53 -0.01063
1543.77 -0.00985
1544.01 -0.00997
1544.25 -0.01083
1544.5 -0.01116
1544.74 -0.01074
1544.98 -0.01048
1545.22 -0.01079
1545.46 -0.01163
1545.7 -0.01158
1545.94 -0.0114
1546.18 -0.01087
1546.42 -0.01082
1546.67 -0.01101
1546.91 -0.01069
1547.15 -0.01093
1547.39 -0.01134
1547.63 -0.01143
1547.87 -0.01154
1548.11 -0.01143
1548.35 -0.01067
1548.59 -0.01023
1548.84 -0.01055
1549.08 -0.01119
1549.32 -0.01148
1549.56 -0.01087
1549.8 -0.01076
1550.04 -0.01046
1550.28 -0.01049
1550.52 -0.01147
1550.76 -0.01112
1551.01 -0.0105
1551.25 -0.01064
1551.49 -0.01154
1551.73 -0.01092
1551.97 -0.01025
1552.21 -0.01068
1552.45 -0.01101
1552.69 -0.01101
1552.93 -0.01006
1553.18 -0.0102
1553.42 -0.01091
1553.66 -0.01093
1553.9 -0.01102
1554.14 -0.01138
1554.38 -0.01117
1554.62 -0.01138
1554.86 -0.01121
1555.1 -0.0104
1555.35 -0.01096
1555.59 -0.01085
1555.83 -0.01041
1556.07 -0.01086
1556.31 -0.01025
1556.55 -0.01079
1556.79 -0.01169
1557.03 -0.01105
1557.27 -0.0106
1557.52 -0.01149
1557.76 -0.01221
1558 -0.01124
1558.24 -0.01123
1558.48 -0.01167
1558.72 -0.01147
1558.96 -0.01112
1559.2 -0.01037
1559.44 -0.01004
1559.69 -0.01061
1559.93 -0.01062
1560.17 -0.0107
1560.41 -0.01111
1560.65 -0.01074
1560.89 -0.01065
1561.13 -0.011
1561.37 -0.01134
1561.61 -0.01093
1561.86 -0.0102
1562.1 -0.01014
1562.34 -0.01056
1562.58 -0.01088
1562.82 -0.01119
1563.06 -0.01122
1563.3 -0.01087
1563.54 -0.0107
1563.78 -0.01098
1564.03 -0.01069
1564.27 -0.01068
1564.51 -0.01139
1564.75 -0.01076
1564.99 -0.01068
1565.23 -0.01142
1565.47 -0.01157
1565.71 -0.01207
1565.95 -0.012
1566.19 -0.01194
1566.44 -0.01212
1566.68 -0.01104
1566.92 -0.01021
1567.16 -0.01008
1567.4 -0.011
1567.64 -0.01186
1567.88 -0.01167
1568.12 -0.01101
1568.36 -0.01151
1568.61 -0.01164
1568.85 -0.01058
1569.09 -0.01128
1569.33 -0.0113
1569.57 -0.01023
1569.81 -0.01068
1570.05 -0.01175
1570.29 -0.01162
1570.53 -0.01084
1570.78 -0.0109
1571.02 -0.01062
1571.26 -0.01022
1571.5 -0.01105
1571.74 -0.0115
1571.98 -0.01072
1572.22 -0.01026
1572.46 -0.01064
1572.7 -0.01095
1572.95 -0.01117
1573.19 -0.01116
1573.43 -0.01105
1573.67 -0.0112
1573.91 -0.01089
1574.15 -0.01039
1574.39 -0.01103
1574.63 -0.01122
1574.87 -0.01084
1575.12 -0.01137
1575.36 -0.01111
1575.6 -0.01093
1575.84 -0.0118
1576.08 -0.01151
1576.32 -0.01101
1576.56 -0.01123
1576.8 -0.01087
1577.04 -0.0107
1577.29 -0.01089
1577.53 -0.0111
1577.77 -0.01123
1578.01 -0.0114
1578.25 -0.01164
1578.49 -0.01097
1578.73 -0.01091
1578.97 -0.01117
1579.21 -0.01101
1579.46 -0.01126
1579.7 -0.01179
1579.94 -0.01177
1580.18 -0.0115
1580.42 -0.01174
1580.66 -0.01164
1580.9 -0.01126
1581.14 -0.01125
1581.38 -0.0112
1581.63 -0.01125
1581.87 -0.01146
1582.11 -0.01163
1582.35 -0.01117
1582.59 -0.01054
1582.83 -0.00991
1583.07 -0.00927
1583.31 -0.01019
1583.55 -0.0111
1583.8 -0.01097
1584.04 -0.01147
1584.28 -0.012
1584.52 -0.0107
1584.76 -0.01038
1585 -0.01138
1585.24 -0.01111
1585.48 -0.01187
1585.72 -0.0118
1585.97 -0.01096
1586.21 -0.01107
1586.45 -0.00997
1586.69 -0.00962
1586.93 -0.0107
1587.17 -0.0103
1587.41 -0.00944
1587.65 -0.01052
1587.89 -0.01156
1588.14 -0.01072
1588.38 -0.01059
1588.62 -0.01147
1588.86 -0.01161
1589.1 -0.01148
1589.34 -0.01149
1589.58 -0.01123
1589.82 -0.01101
1590.06 -0.01081
1590.31 -0.0106
1590.55 -0.01104
1590.79 -0.01107
1591.03 -0.01127
1591.27 -0.01117
1591.51 -0.01067
1591.75 -0.01129
1591.99 -0.01228
1592.23 -0.0125
1592.47 -0.01092
1592.72 -0.01009
1592.96 -0.0104
1593.2 -0.01017
1593.44 -0.00945
1593.68 -0.00941
1593.92 -0.01079
1594.16 -0.01147
1594.4 -0.01134
1594.64 -0.01105
1594.89 -0.01143
1595.13 -0.012
1595.37 -0.01196
1595.61 -0.01191
1595.85 -0.01198
1596.09 -0.01162
1596.33 -0.01096
1596.57 -0.01142
1596.81 -0.01112
1597.06 -0.01075
1597.3 -0.01149
1597.54 -0.01137
1597.78 -0.01194
1598.02 -0.01153
1598.26 -0.01071
1598.5 -0.01042
1598.74 -0.00989
1598.98 -0.01066
1599.23 -0.01102
1599.47 -0.01039
1599.71 -0.00937
1599.95 -0.00976
1600.19 -0.01123
1600.43 -0.01131
1600.67 -0.01047
1600.91 -0.00982
1601.15 -0.01037
1601.4 -0.01074
1601.64 -0.01058
1601.88 -0.01027
1602.12 -0.01062
1602.36 -0.01018
1602.6 -0.00962
1602.84 -0.0105
1603.08 -0.01123
1603.32 -0.01083
1603.57 -0.01046
1603.81 -0.01142
1604.05 -0.01125
1604.29 -0.01103
1604.53 -0.01157
1604.77 -0.01193
1605.01 -0.01205
1605.25 -0.01106
1605.49 -0.01074
1605.74 -0.01115
1605.98 -0.01101
1606.22 -0.0113
1606.46 -0.01117
1606.7 -0.01092
1606.94 -0.01089
1607.18 -0.01131
1607.42 -0.01175
1607.66 -0.01108
1607.91 -0.01008
1608.15 -0.01012
1608.39 -0.01099
1608.63 -0.01162
1608.87 -0.01213
1609.11 -0.01228
1609.35 -0.01188
1609.59 -0.01105
1609.83 -0.0108
1610.08 -0.01156
1610.32 -0.01197
1610.56 -0.01161
1610.8 -0.01103
1611.04 -0.01052
1611.28 -0.01032
1611.52 -0.01075
1611.76 -0.01172
1612 -0.01121
1612.25 -0.01071
1612.49 -0.0116
1612.73 -0.01175
1612.97 -0.01162
1613.21 -0.01085
1613.45 -0.01067
1613.69 -0.01098
1613.93 -0.0104
1614.17 -0.01096
1614.42 -0.01114
1614.66 -0.01102
1614.9 -0.01124
1615.14 -0.01092
1615.38 -0.01113
1615.62 -0.01167
1615.86 -0.0123
1616.1 -0.0122
1616.34 -0.01174
1616.59 -0.01168
1616.83 -0.01174
1617.07 -0.01245
1617.31 -0.01287
1617.55 -0.01258
1617.79 -0.01194
1618.03 -0.01096
1618.27 -0.01026
1618.51 -0.01048
1618.76 -0.0103
1619 -0.01053
1619.24 -0.01196
1619.48 -0.01165
1619.72 -0.01101
1619.96 -0.01103
1620.2 -0.01083
1620.44 -0.01053
1620.68 -0.01002
1620.92 -0.01044
1621.17 -0.0111
1621.41 -0.01145
1621.65 -0.01208
1621.89 -0.01174
1622.13 -0.0115
1622.37 -0.01147
1622.61 -0.01142
1622.85 -0.01153
1623.09 -0.01101
1623.34 -0.01066
1623.58 -0.01076
1623.82 -0.01057
1624.06 -0.0106
1624.3 -0.01067
1624.54 -0.01074
1624.78 -0.01144
1625.02 -0.01189
1625.26 -0.0115
1625.51 -0.01087
1625.75 -0.01025
1625.99 -0.00972
1626.23 -0.01032
1626.47 -0.01134
1626.71 -0.01165
1626.95 -0.011
1627.19 -0.01025
1627.43 -0.01048
1627.68 -0.01069
1627.92 -0.01077
1628.16 -0.01095
1628.4 -0.01039
1628.64 -0.01055
1628.88 -0.01144
1629.12 -0.01118
1629.36 -0.00986
1629.6 -0.01056
1629.85 -0.01152
1630.09 -0.01071
1630.33 -0.01067
1630.57 -0.01066
1630.81 -0.01048
1631.05 -0.0103
1631.29 -0.01052
1631.53 -0.01072
1631.77 -0.01072
1632.02 -0.01104
1632.26 -0.01104
1632.5 -0.01113
1632.74 -0.01132
1632.98 -0.01052
1633.22 -0.01
1633.46 -0.0103
1633.7 -0.00987
1633.94 -0.01007
1634.19 -0.01132
1634.43 -0.01203
1634.67 -0.01093
1634.91 -0.00991
1635.15 -0.01012
1635.39 -0.01036
1635.63 -0.01031
1635.87 -0.01001
1636.11 -0.01038
1636.36 -0.01046
1636.6 -0.01047
1636.84 -0.01063
1637.08 -0.01005
1637.32 -0.00997
1637.56 -0.01049
1637.8 -0.00996
1638.04 -0.00992
1638.28 -0.01149
1638.53 -0.01213
1638.77 -0.01165
1639.01 -0.01099
1639.25 -0.01094
1639.49 -0.01065
1639.73 -0.01066
1639.97 -0.0111
1640.21 -0.01113
1640.45 -0.01152
1640.7 -0.01149
1640.94 -0.01159
1641.18 -0.01151
1641.42 -0.01072
1641.66 -0.01029
1641.9 -0.01025
1642.14 -0.01109
1642.38 -0.01207
1642.62 -0.0113
1642.87 -0.01039
1643.11 -0.0099
1643.35 -0.00945
1643.59 -0.0101
1643.83 -0.01067
1644.07 -0.0105
1644.31 -0.01047
1644.55 -0.01038
1644.79 -0.01035
1645.04 -0.01079
1645.28 -0.01152
1645.52 -0.01217
1645.76 -0.01156
1646 -0.01052
1646.24 -0.01094
1646.48 -0.01064
1646.72 -0.00998
1646.96 -0.01017
1647.2 -0.01095
1647.45 -0.01114
1647.69 -0.01072
1647.93 -0.0109
1648.17 -0.0106
1648.41 -0.01151
1648.65 -0.01203
1648.89 -0.01186
1649.13 -0.01158
1649.37 -0.0108
1649.62 -0.01032
1649.86 -0.01027
1650.1 -0.01055
1650.34 -0.01068
1650.58 -0.01135
1650.82 -0.01172
1651.06 -0.012
1651.3 -0.0117
1651.54 -0.01115
1651.79 -0.01115
1652.03 -0.01096
1652.27 -0.01028
1652.51 -0.01013
1652.75 -0.01096
1652.99 -0.01094
1653.23 -0.0105
1653.47 -0.01077
1653.71 -0.01081
1653.96 -0.01059
1654.2 -0.01119
1654.44 -0.01105
1654.68 -0.01022
1654.92 -0.0112
1655.16 -0.01147
1655.4 -0.01056
1655.64 -0.01062
1655.88 -0.01077
1656.13 -0.01086
1656.37 -0.01161
1656.61 -0.01135
1656.85 -0.01048
1657.09 -0.01107
1657.33 -0.01119
1657.57 -0.0109
1657.81 -0.01146
1658.05 -0.01176
1658.3 -0.01051
1658.54 -0.01016
1658.78 -0.01145
1659.02 -0.01154
1659.26 -0.0111
1659.5 -0.01106
1659.74 -0.01133
1659.98 -0.01125
1660.22 -0.01105
1660.47 -0.01154
1660.71 -0.01137
1660.95 -0.01097
1661.19 -0.01112
1661.43 -0.01165
1661.67 -0.01114
1661.91 -0.01018
1662.15 -0.01042
1662.39 -0.01046
1662.64 -0.01021
1662.88 -0.01097
1663.12 -0.01125
1663.36 -0.01125
1663.6 -0.01136
1663.84 -0.01084
1664.08 -0.0108
1664.32 -0.01072
1664.56 -0.01054
1664.81 -0.01086
1665.05 -0.01056
1665.29 -0.01056
1665.53 -0.01182
1665.77 -0.01167
1666.01 -0.01136
1666.25 -0.01211
1666.49 -0.01154
1666.73 -0.01079
1666.98 -0.01113
1667.22 -0.01116
1667.46 -0.01068
1667.7 -0.01072
1667.94 -0.01137
1668.18 -0.01157
1668.42 -0.0115
1668.66 -0.01184
1668.9 -0.0114
1669.15 -0.01093
1669.39 -0.01166
1669.63 -0.01164
1669.87 -0.01085
1670.11 -0.01062
1670.35 -0.0107
1670.59 -0.01062
1670.83 -0.01073
1671.07 -0.01109
1671.32 -0.01142
1671.56 -0.01169
1671.8 -0.01131
1672.04 -0.01019
1672.28 -0.01075
1672.52 -0.0116
1672.76 -0.01129
1673 -0.01143
1673.24 -0.01171
1673.48 -0.01122
1673.73 -0.01102
1673.97 -0.01198
1674.21 -0.01197
1674.45 -0.01106
1674.69 -0.0117
1674.93 -0.01269
1675.17 -0.01187
1675.41 -0.01157
1675.65 -0.01175
1675.9 -0.01177
1676.14 -0.01206
1676.38 -0.01197
1676.62 -0.0115
1676.86 -0.01097
1677.1 -0.01177
1677.34 -0.01205
1677.58 -0.01076
1677.82 -0.0109
1678.07 -0.01106
1678.31 -0.01161
1678.55 -0.01274
1678.79 -0.01203
1679.03 -0.01109
1679.27 -0.01075
1679.51 -0.01098
1679.75 -0.01119
1679.99 -0.01079
1680.24 -0.01036
1680.48 -0.0106
1680.72 -0.01086
1680.96 -0.01066
1681.2 -0.0109
1681.44 -0.01139
1681.68 -0.01244
1681.92 -0.01251
1682.16 -0.0114
1682.41 -0.01142
1682.65 -0.01161
1682.89 -0.01195
1683.13 -0.0115
1683.37 -0.01115
1683.61 -0.01138
1683.85 -0.01109
1684.09 -0.01132
1684.33 -0.01182
1684.58 -0.01236
1684.82 -0.01223
1685.06 -0.01141
1685.3 -0.01109
1685.54 -0.01122
1685.78 -0.01136
1686.02 -0.01156
1686.26 -0.01165
1686.5 -0.01196
1686.75 -0.01142
1686.99 -0.01145
1687.23 -0.01144
1687.47 -0.01077
1687.71 -0.01029
1687.95 -0.01015
1688.19 -0.011
1688.43 -0.01079
1688.67 -0.01095
1688.92 -0.01177
1689.16 -0.01134
1689.4 -0.01215
1689.64 -0.01273
1689.88 -0.01241
1690.12 -0.01228
1690.36 -0.01183
1690.6 -0.01243
1690.84 -0.01245
1691.09 -0.01293
1691.33 -0.01319
1691.57 -0.01258
1691.81 -0.01213
1692.05 -0.01092
1692.29 -0.01093
1692.53 -0.01162
1692.77 -0.01131
1693.01 -0.01113
1693.26 -0.01104
1693.5 -0.01126
1693.74 -0.01083
1693.98 -0.01073
1694.22 -0.01196
1694.46 -0.01214
1694.7 -0.01149
1694.94 -0.01189
1695.18 -0.01247
1695.43 -0.01191
1695.67 -0.01083
1695.91 -0.01117
1696.15 -0.01187
1696.39 -0.01194
1696.63 -0.0118
1696.87 -0.01174
1697.11 -0.01205
1697.35 -0.01148
1697.6 -0.01142
1697.84 -0.01129
1698.08 -0.01163
1698.32 -0.01233
1698.56 -0.01239
1698.8 -0.01234
1699.04 -0.01244
1699.28 -0.0127
1699.52 -0.01308
1699.77 -0.01262
1700.01 -0.01169
1700.25 -0.01184
1700.49 -0.0125
1700.73 -0.01315
1700.97 -0.01374
1701.21 -0.01282
1701.45 -0.01122
1701.69 -0.0112
1701.93 -0.01239
1702.18 -0.0126
1702.42 -0.01255
1702.66 -0.01276
1702.9 -0.01215
1703.14 -0.01157
1703.38 -0.01094
1703.62 -0.01102
1703.86 -0.01183
1704.1 -0.01222
1704.35 -0.01133
1704.59 -0.01058
1704.83 -0.01184
1705.07 -0.01269
1705.31 -0.01178
1705.55 -0.01104
1705.79 -0.01153
1706.03 -0.01207
1706.27 -0.01239
1706.52 -0.01315
1706.76 -0.01237
1707 -0.01137
1707.24 -0.0114
1707.48 -0.01168
1707.72 -0.01204
1707.96 -0.01204
1708.2 -0.01154
1708.44 -0.01162
1708.69 -0.01221
1708.93 -0.01157
1709.17 -0.01118
1709.41 -0.01202
1709.65 -0.01248
1709.89 -0.01239
1710.13 -0.01213
1710.37 -0.01121
1710.61 -0.01099
1710.86 -0.01177
1711.1 -0.01217
1711.34 -0.01249
1711.58 -0.01209
1711.82 -0.01204
1712.06 -0.01217
1712.3 -0.0116
1712.54 -0.01196
1712.78 -0.01238
1713.03 -0.01248
1713.27 -0.01244
1713.51 -0.01253
1713.75 -0.01225
1713.99 -0.01182
1714.23 -0.01222
1714.47 -0.01266
1714.71 -0.01203
1714.95 -0.01124
1715.2 -0.01183
1715.44 -0.01183
1715.68 -0.01198
1715.92 -0.01281
1716.16 -0.01232
1716.4 -0.01144
1716.64 -0.01122
1716.88 -0.01116
1717.12 -0.01168
1717.37 -0.01252
1717.61 -0.01348
1717.85 -0.01329
1718.09 -0.01227
1718.33 -0.01238
1718.57 -0.01249
1718.81 -0.01284
1719.05 -0.01262
1719.29 -0.01227
1719.54 -0.01261
1719.78 -0.01248
1720.02 -0.01213
1720.26 -0.01168
1720.5 -0.0113
1720.74 -0.01081
1720.98 -0.01083
1721.22 -0.01167
1721.46 -0.01217
1721.71 -0.01199
1721.95 -0.01198
1722.19 -0.01194
1722.43 -0.01206
1722.67 -0.01179
1722.91 -0.01173
1723.15 -0.01282
1723.39 -0.0127
1723.63 -0.01258
1723.88 -0.01232
1724.12 -0.01196
1724.36 -0.01254
1724.6 -0.01266
1724.84 -0.0117
1725.08 -0.01209
1725.32 -0.01247
1725.56 -0.01187
1725.8 -0.0116
1726.05 -0.01172
1726.29 -0.01228
1726.53 -0.01209
1726.77 -0.01234
1727.01 -0.01315
1727.25 -0.01333
1727.49 -0.01289
1727.73 -0.01283
1727.97 -0.01348
1728.22 -0.01403
1728.46 -0.0133
1728.7 -0.01303
1728.94 -0.01304
1729.18 -0.01256
1729.42 -0.01252
1729.66 -0.01232
1729.9 -0.01174
1730.14 -0.01124
1730.39 -0.01165
1730.63 -0.01274
1730.87 -0.01325
1731.11 -0.01344
1731.35 -0.01369
1731.59 -0.01351
1731.83 -0.01228
1732.07 -0.01174
1732.31 -0.01211
1732.55 -0.0124
1732.8 -0.01239
1733.04 -0.0122
1733.28 -0.01265
1733.52 -0.01304
1733.76 -0.01302
1734 -0.0125
1734.24 -0.01207
1734.48 -0.01339
1734.72 -0.01406
1734.97 -0.01318
1735.21 -0.01275
1735.45 -0.01285
1735.69 -0.01306
1735.93 -0.0122
1736.17 -0.01222
1736.41 -0.01286
1736.65 -0.0127
1736.89 -0.01309
1737.14 -0.01291
1737.38 -0.01211
1737.62 -0.01214
1737.86 -0.01285
1738.1 -0.01361
1738.34 -0.01348
1738.58 -0.01333
1738.82 -0.01291
1739.06 -0.01249
1739.31 -0.01269
1739.55 -0.01283
1739.79 -0.01344
1740.03 -0.01348
1740.27 -0.01259
1740.51 -0.01208
1740.75 -0.01138
1740.99 -0.012
1741.23 -0.0128
1741.48 -0.01206
1741.72 -0.01172
1741.96 -0.01205
1742.2 -0.01231
1742.44 -0.01257
1742.68 -0.01231
1742.92 -0.01305
1743.16 -0.01372
1743.4 -0.01262
1743.65 -0.01265
1743.89 -0.01326
1744.13 -0.0136
1744.37 -0.0137
1744.61 -0.01358
1744.85 -0.01352
1745.09 -0.01314
1745.33 -0.01237
1745.57 -0.01232
1745.82 -0.01264
1746.06 -0.01307
1746.3 -0.01314
1746.54 -0.01306
1746.78 -0.0131
1747.02 -0.01271
1747.26 -0.01261
1747.5 -0.01268
1747.74 -0.0123
1747.99 -0.01259
1748.23 -0.01302
1748.47 -0.01244
1748.71 -0.01182
1748.95 -0.01236
1749.19 -0.01252
1749.43 -0.01193
1749.67 -0.01273
1749.91 -0.01301
1750.16 -0.01315
1750.4 -0.0131
1750.64 -0.01226
1750.88 -0.0123
1751.12 -0.01257
1751.36 -0.01287
1751.6 -0.01324
1751.84 -0.0135
1752.08 -0.01277
1752.33 -0.01226
1752.57 -0.01359
1752.81 -0.01407
1753.05 -0.01357
1753.29 -0.01343
1753.53 -0.01292
1753.77 -0.01239
1754.01 -0.01284
1754.25 -0.01377
1754.5 -0.01405
1754.74 -0.01331
1754.98 -0.01266
1755.22 -0.01303
1755.46 -0.01281
1755.7 -0.01268
1755.94 -0.0121
1756.18 -0.01183
1756.42 -0.01289
1756.67 -0.01341
1756.91 -0.01329
1757.15 -0.01324
1757.39 -0.01302
1757.63 -0.01281
1757.87 -0.01317
1758.11 -0.01306
1758.35 -0.01297
1758.59 -0.01296
1758.83 -0.01312
1759.08 -0.01346
1759.32 -0.01293
1759.56 -0.01274
1759.8 -0.01326
1760.04 -0.01337
1760.28 -0.01379
1760.52 -0.01412
1760.76 -0.01374
1761 -0.01331
1761.25 -0.01311
1761.49 -0.01343
1761.73 -0.01335
1761.97 -0.01267
1762.21 -0.01269
1762.45 -0.01317
1762.69 -0.01296
1762.93 -0.01273
1763.17 -0.01239
1763.42 -0.01207
1763.66 -0.01239
1763.9 -0.01235
1764.14 -0.01256
1764.38 -0.01197
1764.62 -0.01178
1764.86 -0.01315
1765.1 -0.0136
1765.34 -0.01228
1765.59 -0.01136
1765.83 -0.01203
1766.07 -0.01267
1766.31 -0.01322
1766.55 -0.01362
1766.79 -0.01339
1767.03 -0.01295
1767.27 -0.01305
1767.51 -0.01339
1767.76 -0.01401
1768 -0.0144
1768.24 -0.01356
1768.48 -0.01255
1768.72 -0.01256
1768.96 -0.01314
1769.2 -0.0135
1769.44 -0.01368
1769.68 -0.01307
1769.93 -0.0125
1770.17 -0.01287
1770.41 -0.01337
1770.65 -0.0133
1770.89 -0.01298
1771.13 -0.01306
1771.37 -0.01333
1771.61 -0.01298
1771.85 -0.01317
1772.1 -0.01341
1772.34 -0.01243
1772.58 -0.01256
1772.82 -0.01346
1773.06 -0.01325
1773.3 -0.01247
1773.54 -0.01276
1773.78 -0.01343
1774.02 -0.01304
1774.27 -0.01304
1774.51 -0.01315
1774.75 -0.01258
1774.99 -0.01304
1775.23 -0.01379
1775.47 -0.01336
1775.71 -0.01328
1775.95 -0.0132
1776.19 -0.01231
1776.44 -0.01228
1776.68 -0.01274
1776.92 -0.01248
1777.16 -0.01274
1777.4 -0.01337
1777.64 -0.01312
1777.88 -0.01324
1778.12 -0.01301
1778.36 -0.0134
1778.61 -0.01428
1778.85 -0.01459
1779.09 -0.01446
1779.33 -0.01475
1779.57 -0.01516
1779.81 -0.01355
1780.05 -0.0129
1780.29 -0.01351
1780.53 -0.01262
1780.78 -0.01242
1781.02 -0.01332
1781.26 -0.0132
1781.5 -0.01285
1781.74 -0.01364
1781.98 -0.01439
1782.22 -0.01385
1782.46 -0.01264
1782.7 -0.01213
1782.95 -0.01238
1783.19 -0.0134
1783.43 -0.01419
1783.67 -0.01347
1783.91 -0.01277
1784.15 -0.01208
1784.39 -0.0126
1784.63 -0.01361
1784.87 -0.01317
1785.11 -0.01248
1785.36 -0.01252
1785.6 -0.01266
1785.84 -0.01276
1786.08 -0.01321
1786.32 -0.01328
1786.56 -0.01286
1786.8 -0.01348
1787.04 -0.01414
1787.28 -0.01319
1787.53 -0.01329
1787.77 -0.01345
1788.01 -0.01355
1788.25 -0.01337
1788.49 -0.01313
1788.73 -0.01373
1788.97 -0.01382
1789.21 -0.0138
1789.45 -0.01371
1789.7 -0.01334
1789.94 -0.01334
1790.18 -0.01394
1790.42 -0.01391
1790.66 -0.01386
1790.9 -0.01318
1791.14 -0.01262
1791.38 -0.0128
1791.62 -0.01316
1791.87 -0.01347
1792.11 -0.0136
1792.35 -0.01342
1792.59 -0.01371
1792.83 -0.01394
1793.07 -0.01375
1793.31 -0.0143
1793.55 -0.01392
1793.79 -0.01336
1794.04 -0.01418
1794.28 -0.01426
1794.52 -0.01336
1794.76 -0.01391
1795 -0.01402
1795.24 -0.01407
1795.48 -0.01455
1795.72 -0.01382
1795.96 -0.01385
1796.21 -0.01332
1796.45 -0.01376
1796.69 -0.01431
1796.93 -0.01276
1797.17 -0.01381
1797.41 -0.01417
1797.65 -0.01302
1797.89 -0.01241
1798.13 -0.01226
1798.38 -0.0136
1798.62 -0.01338
1798.86 -0.01308
1799.1 -0.01341
1799.34 -0.01281
1799.58 -0.01307
1799.82 -0.01333
1800.06 -0.01335
1800.3 -0.01293
1800.55 -0.01246
1800.79 -0.01197
1801.03 -0.01186
1801.27 -0.0127
1801.51 -0.01314
1801.75 -0.01373
1801.99 -0.0139
1802.23 -0.01379
1802.47 -0.01361
1802.72 -0.01342
1802.96 -0.01314
1803.2 -0.01343
1803.44 -0.01318
1803.68 -0.01278
1803.92 -0.01376
1804.16 -0.01444
1804.4 -0.01412
1804.64 -0.0133
1804.89 -0.0135
1805.13 -0.01368
1805.37 -0.01373
1805.61 -0.01419
1805.85 -0.01369
1806.09 -0.01365
1806.33 -0.01414
1806.57 -0.01376
1806.81 -0.01329
1807.06 -0.01289
1807.3 -0.01241
1807.54 -0.01307
1807.78 -0.014
1808.02 -0.01426
1808.26 -0.01416
1808.5 -0.01355
1808.74 -0.01317
1808.98 -0.01298
1809.23 -0.01356
1809.47 -0.01433
1809.71 -0.01442
1809.95 -0.01384
1810.19 -0.0133
1810.43 -0.01387
1810.67 -0.01391
1810.91 -0.01328
1811.15 -0.0137
1811.4 -0.01358
1811.64 -0.01311
1811.88 -0.01389
1812.12 -0.01417
1812.36 -0.01386
1812.6 -0.01402
1812.84 -0.01365
1813.08 -0.01357
1813.32 -0.01332
1813.56 -0.01291
1813.81 -0.01339
1814.05 -0.0137
1814.29 -0.01327
1814.53 -0.01246
1814.77 -0.01316
1815.01 -0.01427
1815.25 -0.01401
1815.49 -0.01383
1815.73 -0.01435
1815.98 -0.01381
1816.22 -0.01418
1816.46 -0.01473
1816.7 -0.01377
1816.94 -0.01347
1817.18 -0.01367
1817.42 -0.01325
1817.66 -0.01275
1817.9 -0.01246
1818.15 -0.01269
1818.39 -0.01318
1818.63 -0.01295
1818.87 -0.01326
1819.11 -0.01323
1819.35 -0.01242
1819.59 -0.01189
1819.83 -0.01221
1820.07 -0.01323
1820.32 -0.01414
1820.56 -0.01441
1820.8 -0.01378
1821.04 -0.0131
1821.28 -0.01288
1821.52 -0.0138
1821.76 -0.01524
1822 -0.01541
1822.24 -0.01499
1822.49 -0.0149
1822.73 -0.01476
1822.97 -0.01428
1823.21 -0.01336
1823.45 -0.01331
1823.69 -0.01339
1823.93 -0.01315
1824.17 -0.01319
1824.41 -0.01419
1824.66 -0.01491
1824.9 -0.01411
1825.14 -0.01314
1825.38 -0.01343
1825.62 -0.01376
1825.86 -0.01294
1826.1 -0.0126
1826.34 -0.01316
1826.58 -0.01389
1826.83 -0.01412
1827.07 -0.01443
1827.31 -0.01397
1827.55 -0.01329
1827.79 -0.01327
1828.03 -0.01399
1828.27 -0.01426
1828.51 -0.01381
1828.75 -0.01365
1829 -0.01373
1829.24 -0.01353
1829.48 -0.01375
1829.72 -0.01368
1829.96 -0.01338
1830.2 -0.01381
1830.44 -0.01327
1830.68 -0.01301
1830.92 -0.01322
1831.17 -0.01318
1831.41 -0.01296
1831.65 -0.01237
1831.89 -0.01283
1832.13 -0.01372
1832.37 -0.0144
1832.61 -0.01492
1832.85 -0.01498
1833.09 -0.01485
1833.34 -0.01447
1833.58 -0.01407
1833.82 -0.01406
1834.06 -0.01431
1834.3 -0.01446
1834.54 -0.01432
1834.78 -0.01429
1835.02 -0.0142
1835.26 -0.01396
1835.51 -0.01395
1835.75 -0.01357
1835.99 -0.01393
1836.23 -0.01459
1836.47 -0.01471
1836.71 -0.01436
1836.95 -0.01395
1837.19 -0.01359
1837.43 -0.01365
1837.68 -0.01434
1837.92 -0.01441
1838.16 -0.014
1838.4 -0.01378
1838.64 -0.0138
1838.88 -0.01393
1839.12 -0.01411
1839.36 -0.01395
1839.6 -0.01372
1839.84 -0.01418
1840.09 -0.01433
1840.33 -0.01402
1840.57 -0.01431
1840.81 -0.0144
1841.05 -0.01422
1841.29 -0.01456
1841.53 -0.01458
1841.77 -0.01378
1842.01 -0.01377
1842.26 -0.01438
1842.5 -0.01435
1842.74 -0.01323
1842.98 -0.01364
1843.22 -0.01407
1843.46 -0.01347
1843.7 -0.01377
1843.94 -0.01358
1844.18 -0.01322
1844.43 -0.01391
1844.67 -0.01406
1844.91 -0.01369
1845.15 -0.01414
1845.39 -0.01432
1845.63 -0.0138
1845.87 -0.01299
1846.11 -0.01311
1846.35 -0.01368
1846.6 -0.01429
1846.84 -0.01392
1847.08 -0.01282
1847.32 -0.01345
1847.56 -0.01449
1847.8 -0.01505
1848.04 -0.01478
1848.28 -0.01399
1848.52 -0.01437
1848.77 -0.0145
1849.01 -0.01349
1849.25 -0.01385
1849.49 -0.0141
1849.73 -0.01369
1849.97 -0.01407
1850.21 -0.01427
1850.45 -0.01479
1850.69 -0.01453
1850.94 -0.01361
1851.18 -0.01377
1851.42 -0.01389
1851.66 -0.01378
1851.9 -0.01403
1852.14 -0.01368
1852.38 -0.01338
1852.62 -0.01361
1852.86 -0.01332
1853.11 -0.01364
1853.35 -0.01403
1853.59 -0.01378
1853.83 -0.01362
1854.07 -0.01305
1854.31 -0.01308
1854.55 -0.01421
1854.79 -0.01439
1855.03 -0.01426
1855.28 -0.01447
1855.52 -0.01469
1855.76 -0.01453
1856 -0.01468
1856.24 -0.01499
1856.48 -0.01416
1856.72 -0.01338
1856.96 -0.01388
1857.2 -0.01417
1857.45 -0.01433
1857.69 -0.01442
1857.93 -0.01428
1858.17 -0.0147
1858.41 -0.01427
1858.65 -0.0141
1858.89 -0.01471
1859.13 -0.01543
1859.37 -0.01479
1859.62 -0.01408
1859.86 -0.01437
1860.1 -0.01364
1860.34 -0.01328
1860.58 -0.01381
1860.82 -0.01428
1861.06 -0.01395
1861.3 -0.01312
1861.54 -0.01398
1861.79 -0.01527
1862.03 -0.01522
1862.27 -0.01486
1862.51 -0.01452
1862.75 -0.01441
1862.99 -0.01435
1863.23 -0.01394
1863.47 -0.01406
1863.71 -0.01449
1863.96 -0.01484
1864.2 -0.0149
1864.44 -0.01398
1864.68 -0.0136
1864.92 -0.01433
1865.16 -0.01466
1865.4 -0.0154
1865.64 -0.01503
1865.88 -0.01442
1866.12 -0.01427
1866.37 -0.01443
1866.61 -0.01454
1866.85 -0.0139
1867.09 -0.01426
1867.33 -0.01454
1867.57 -0.01442
1867.81 -0.01502
1868.05 -0.01524
1868.29 -0.01481
1868.54 -0.01442
1868.78 -0.01416
1869.02 -0.01403
1869.26 -0.01428
1869.5 -0.0151
1869.74 -0.01467
1869.98 -0.01326
1870.22 -0.01325
1870.46 -0.01309
1870.71 -0.01329
1870.95 -0.0144
1871.19 -0.01459
1871.43 -0.01483
1871.67 -0.01442
1871.91 -0.01394
1872.15 -0.01418
1872.39 -0.01372
1872.63 -0.01366
1872.88 -0.01486
1873.12 -0.01454
1873.36 -0.01353
1873.6 -0.014
1873.84 -0.01406
1874.08 -0.01296
1874.32 -0.01287
1874.56 -0.01342
1874.8 -0.01381
1875.05 -0.01344
1875.29 -0.01366
1875.53 -0.0143
1875.77 -0.01441
1876.01 -0.01381
1876.25 -0.0139
1876.49 -0.01438
1876.73 -0.01333
1876.97 -0.01327
1877.22 -0.01354
1877.46 -0.01376
1877.7 -0.01397
1877.94 -0.01404
1878.18 -0.01507
1878.42 -0.01509
1878.66 -0.01374
1878.9 -0.01384
1879.14 -0.01458
1879.39 -0.01442
1879.63 -0.01409
1879.87 -0.01425
1880.11 -0.01526
1880.35 -0.015
1880.59 -0.01449
1880.83 -0.0146
1881.07 -0.01341
1881.31 -0.01348
1881.56 -0.01357
1881.8 -0.01335
1882.04 -0.01458
1882.28 -0.015
1882.52 -0.0147
1882.76 -0.01497
1883 -0.015
1883.24 -0.01428
1883.48 -0.01422
1883.73 -0.01471
1883.97 -0.01489
1884.21 -0.01467
1884.45 -0.01486
1884.69 -0.01508
1884.93 -0.01452
1885.17 -0.01437
1885.41 -0.01452
1885.65 -0.01467
1885.9 -0.01445
1886.14 -0.01447
1886.38 -0.01473
1886.62 -0.01474
1886.86 -0.01466
1887.1 -0.01514
1887.34 -0.01571
1887.58 -0.01457
1887.82 -0.0139
1888.07 -0.01346
1888.31 -0.0137
1888.55 -0.01473
1888.79 -0.01468
1889.03 -0.01494
1889.27 -0.01469
1889.51 -0.01455
1889.75 -0.015
1889.99 -0.0153
1890.24 -0.01487
1890.48 -0.01369
1890.72 -0.01358
1890.96 -0.01358
1891.2 -0.01331
1891.44 -0.01376
1891.68 -0.01469
1891.92 -0.01543
1892.16 -0.01527
1892.41 -0.01542
1892.65 -0.01495
1892.89 -0.01376
1893.13 -0.01314
1893.37 -0.01366
1893.61 -0.0148
1893.85 -0.01512
1894.09 -0.01503
1894.33 -0.01463
1894.58 -0.01438
1894.82 -0.01423
1895.06 -0.01387
1895.3 -0.01506
1895.54 -0.01519
1895.78 -0.01385
1896.02 -0.01387
1896.26 -0.01395
1896.5 -0.01412
1896.74 -0.0144
1896.99 -0.01418
1897.23 -0.01351
1897.47 -0.01352
1897.71 -0.01413
1897.95 -0.01449
1898.19 -0.01459
1898.43 -0.01461
1898.67 -0.01558
1898.91 -0.01633
1899.16 -0.01516
1899.4 -0.0145
1899.64 -0.01558
1899.88 -0.0158
1900.12 -0.01542
1900.36 -0.0153
1900.6 -0.01498
1900.84 -0.01444
1901.08 -0.01441
1901.33 -0.0151
1901.57 -0.01482
1901.81 -0.01459
1902.05 -0.01438
1902.29 -0.01398
1902.53 -0.0139
1902.77 -0.01391
1903.01 -0.01401
1903.25 -0.01427
1903.5 -0.01418
1903.74 -0.01412
1903.98 -0.01387
1904.22 -0.01399
1904.46 -0.01484
1904.7 -0.01471
1904.94 -0.01496
1905.18 -0.01566
1905.42 -0.01522
1905.67 -0.0143
1905.91 -0.01401
1906.15 -0.01397
1906.39 -0.01399
1906.63 -0.01392
1906.87 -0.01385
1907.11 -0.01457
1907.35 -0.01536
1907.59 -0.01599
1907.84 -0.0149
1908.08 -0.01372
1908.32 -0.01408
1908.56 -0.01397
1908.8 -0.01383
1909.04 -0.01493
1909.28 -0.01539
1909.52 -0.01462
1909.76 -0.01408
1910.01 -0.01463
1910.25 -0.01537
1910.49 -0.01513
1910.73 -0.01422
1910.97 -0.01378
1911.21 -0.01532
1911.45 -0.01503
1911.69 -0.01438
1911.93 -0.01518
1912.18 -0.01461
1912.42 -0.01357
1912.66 -0.01349
1912.9 -0.01446
1913.14 -0.0145
1913.38 -0.01446
1913.62 -0.01559
1913.86 -0.01569
1914.1 -0.01524
1914.35 -0.01533
1914.59 -0.01435
1914.83 -0.01404
1915.07 -0.01458
1915.31 -0.01418
1915.55 -0.01466
1915.79 -0.01529
1916.03 -0.015
1916.27 -0.01503
1916.52 -0.01544
1916.76 -0.0146
1917 -0.01451
1917.24 -0.01533
1917.48 -0.01547
1917.72 -0.01542
1917.96 -0.01472
1918.2 -0.01463
1918.44 -0.01508
1918.69 -0.0149
1918.93 -0.0154
1919.17 -0.01493
1919.41 -0.01454
1919.65 -0.01456
1919.89 -0.01444
1920.13 -0.01607
1920.37 -0.01603
1920.61 -0.01477
1920.86 -0.01474
1921.1 -0.01505
1921.34 -0.01538
1921.58 -0.01508
1921.82 -0.01446
1922.06 -0.01399
1922.3 -0.01473
1922.54 -0.01514
1922.78 -0.01484
1923.03 -0.01536
1923.27 -0.01528
1923.51 -0.01516
1923.75 -0.01496
1923.99 -0.01423
1924.23 -0.01441
1924.47 -0.01504
1924.71 -0.01475
1924.95 -0.01466
1925.19 -0.01499
1925.44 -0.01494
1925.68 -0.01491
1925.92 -0.01444
1926.16 -0.01394
1926.4 -0.01428
1926.64 -0.01491
1926.88 -0.0147
1927.12 -0.01441
1927.36 -0.0146
1927.61 -0.01417
1927.85 -0.01405
1928.09 -0.01453
1928.33 -0.01465
1928.57 -0.01387
1928.81 -0.01357
1929.05 -0.01442
1929.29 -0.01522
1929.53 -0.01668
1929.78 -0.01681
1930.02 -0.015
1930.26 -0.0145
1930.5 -0.01559
1930.74 -0.01551
1930.98 -0.01452
1931.22 -0.01437
1931.46 -0.01491
1931.7 -0.01549
1931.95 -0.01496
1932.19 -0.01454
1932.43 -0.01494
1932.67 -0.01469
1932.91 -0.01426
1933.15 -0.0142
1933.39 -0.01484
1933.63 -0.01565
1933.87 -0.01547
1934.12 -0.01476
1934.36 -0.01504
1934.6 -0.01536
1934.84 -0.01542
1935.08 -0.01534
1935.32 -0.0149
1935.56 -0.01519
1935.8 -0.01547
1936.04 -0.01562
1936.29 -0.01505
1936.53 -0.01474
1936.77 -0.01583
1937.01 -0.01572
1937.25 -0.01484
1937.49 -0.0156
1937.73 -0.01606
1937.97 -0.01549
1938.21 -0.01538
1938.46 -0.01572
1938.7 -0.01582
1938.94 -0.01562
1939.18 -0.01578
1939.42 -0.01499
1939.66 -0.01409
1939.9 -0.01422
1940.14 -0.01485
1940.38 -0.01521
1940.63 -0.01501
1940.87 -0.01471
1941.11 -0.01478
1941.35 -0.01458
1941.59 -0.01459
1941.83 -0.01494
1942.07 -0.01504
1942.31 -0.01574
1942.55 -0.01537
1942.8 -0.01429
1943.04 -0.01432
1943.28 -0.01439
1943.52 -0.01477
1943.76 -0.01524
1944 -0.01515
1944.24 -0.01496
1944.48 -0.01524
1944.72 -0.01536
1944.97 -0.01496
1945.21 -0.01461
1945.45 -0.01436
1945.69 -0.01476
1945.93 -0.01502
1946.17 -0.01521
1946.41 -0.01536
1946.65 -0.01575
1946.89 -0.01482
1947.14 -0.01445
1947.38 -0.01469
1947.62 -0.01387
1947.86 -0.01384
1948.1 -0.0145
1948.34 -0.01521
1948.58 -0.01549
1948.82 -0.01492
1949.06 -0.01501
1949.31 -0.0152
1949.55 -0.01459
1949.79 -0.01515
1950.03 -0.01541
1950.27 -0.0146
1950.51 -0.01435
1950.75 -0.01457
1950.99 -0.01469
1951.23 -0.01459
1951.47 -0.01447
1951.72 -0.01482
1951.96 -0.01474
1952.2 -0.01446
1952.44 -0.01502
1952.68 -0.01505
1952.92 -0.01548
1953.16 -0.01569
1953.4 -0.01494
1953.64 -0.01546
1953.89 -0.01566
1954.13 -0.01537
1954.37 -0.01587
1954.61 -0.01561
1954.85 -0.01513
1955.09 -0.01501
1955.33 -0.01498
1955.57 -0.01547
1955.81 -0.01536
1956.06 -0.01574
1956.3 -0.01591
1956.54 -0.01581
1956.78 -0.01628
1957.02 -0.01596
1957.26 -0.01583
1957.5 -0.01547
1957.74 -0.01526
1957.98 -0.01597
1958.23 -0.01626
1958.47 -0.01619
1958.71 -0.01554
1958.95 -0.01493
1959.19 -0.01468
1959.43 -0.01519
1959.67 -0.01532
1959.91 -0.01503
1960.15 -0.01532
1960.4 -0.01584
1960.64 -0.01587
1960.88 -0.01471
1961.12 -0.01411
1961.36 -0.01506
1961.6 -0.01615
1961.84 -0.01604
1962.08 -0.01521
1962.32 -0.01513
1962.57 -0.01541
1962.81 -0.01428
1963.05 -0.01436
1963.29 -0.01564
1963.53 -0.01538
1963.77 -0.01534
1964.01 -0.01594
1964.25 -0.0156
1964.49 -0.01518
1964.74 -0.01508
1964.98 -0.01465
1965.22 -0.01508
1965.46 -0.0157
1965.7 -0.01532
1965.94 -0.01514
1966.18 -0.01536
1966.42 -0.0145
1966.66 -0.01475
1966.91 -0.01531
1967.15 -0.01449
1967.39 -0.01369
1967.63 -0.01321
1967.87 -0.01367
1968.11 -0.01426
1968.35 -0.0148
1968.59 -0.01473
1968.83 -0.0145
1969.08 -0.01489
1969.32 -0.01451
1969.56 -0.01406
1969.8 -0.01451
1970.04 -0.01572
1970.28 -0.01641
1970.52 -0.01593
1970.76 -0.01563
1971 -0.01554
1971.25 -0.0152
1971.49 -0.01487
1971.73 -0.01535
1971.97 -0.01544
1972.21 -0.01493
1972.45 -0.01444
1972.69 -0.01461
1972.93 -0.01562
1973.17 -0.01548
1973.42 -0.0148
1973.66 -0.01539
1973.9 -0.0164
1974.14 -0.01559
1974.38 -0.01485
1974.62 -0.01531
1974.86 -0.01575
1975.1 -0.01498
1975.34 -0.0151
1975.59 -0.01591
1975.83 -0.0151
1976.07 -0.01483
1976.31 -0.01422
1976.55 -0.01441
1976.79 -0.01552
1977.03 -0.0156
1977.27 -0.01548
1977.51 -0.0162
1977.76 -0.01612
1978 -0.01548
1978.24 -0.01523
1978.48 -0.01552
1978.72 -0.01606
1978.96 -0.01593
1979.2 -0.01589
1979.44 -0.01551
1979.68 -0.01535
1979.92 -0.01573
1980.17 -0.01638
1980.41 -0.01561
1980.65 -0.01447
1980.89 -0.01513
1981.13 -0.01529
1981.37 -0.01504
1981.61 -0.01436
1981.85 -0.01509
1982.09 -0.01572
1982.34 -0.01469
1982.58 -0.01485
1982.82 -0.01533
1983.06 -0.01533
1983.3 -0.01534
1983.54 -0.01611
1983.78 -0.01585
1984.02 -0.01498
1984.26 -0.01474
1984.51 -0.01427
1984.75 -0.01413
1984.99 -0.01455
1985.23 -0.01541
1985.47 -0.01594
1985.71 -0.01528
1985.95 -0.01529
1986.19 -0.0156
1986.43 -0.01566
1986.68 -0.01601
1986.92 -0.01582
1987.16 -0.01616
1987.4 -0.01612
1987.64 -0.01602
1987.88 -0.01691
1988.12 -0.0169
1988.36 -0.0164
1988.6 -0.01629
1988.85 -0.01533
1989.09 -0.01513
1989.33 -0.01579
1989.57 -0.01565
1989.81 -0.01575
1990.05 -0.01629
1990.29 -0.01584
1990.53 -0.01609
1990.77 -0.01679
1991.02 -0.01593
1991.26 -0.01526
1991.5 -0.015
1991.74 -0.01537
1991.98 -0.01499
1992.22 -0.01469
1992.46 -0.01516
1992.7 -0.01472
1992.94 -0.01497
1993.19 -0.01563
1993.43 -0.0156
1993.67 -0.01517
1993.91 -0.01534
1994.15 -0.01551
1994.39 -0.01503
1994.63 -0.0154
1994.87 -0.01595
1995.11 -0.01619
1995.36 -0.01602
1995.6 -0.01551
1995.84 -0.01562
1996.08 -0.0158
1996.32 -0.01599
1996.56 -0.01574
1996.8 -0.01452
1997.04 -0.01424
1997.28 -0.01569
1997.53 -0.01626
1997.77 -0.01568
1998.01 -0.01462
1998.25 -0.0145
1998.49 -0.01462
1998.73 -0.01376
1998.97 -0.01413
1999.21 -0.01551
1999.45 -0.01574
1999.7 -0.01499
1999.94 -0.01443
2000.18 -0.01465
2000.42 -0.01551
2000.66 -0.01564
2000.9 -0.01523
2001.14 -0.01468
2001.38 -0.01481
2001.62 -0.01503
2001.87 -0.01483
2002.11 -0.01469
2002.35 -0.01452
2002.59 -0.01449
2002.83 -0.01557
2003.07 -0.01613
2003.31 -0.01545
2003.55 -0.01553
2003.79 -0.01576
2004.04 -0.0159
2004.28 -0.01584
2004.52 -0.01497
2004.76 -0.01503
2005 -0.01537
2005.24 -0.015
2005.48 -0.01531
2005.72 -0.01586
2005.96 -0.01583
2006.2 -0.01561
2006.45 -0.01563
2006.69 -0.01585
2006.93 -0.01652
2007.17 -0.01662
2007.41 -0.01635
2007.65 -0.01676
2007.89 -0.01705
2008.13 -0.01614
2008.37 -0.0151
2008.62 -0.01534
2008.86 -0.0157
2009.1 -0.01541
2009.34 -0.01507
2009.58 -0.0153
2009.82 -0.01607
2010.06 -0.01656
2010.3 -0.01604
2010.54 -0.01559
2010.79 -0.01548
2011.03 -0.0161
2011.27 -0.01683
2011.51 -0.01599
2011.75 -0.01493
2011.99 -0.01548
2012.23 -0.01585
2012.47 -0.01554
2012.71 -0.016
2012.96 -0.01665
2013.2 -0.01611
2013.44 -0.01482
2013.68 -0.01515
2013.92 -0.01633
2014.16 -0.01664
2014.4 -0.01662
2014.64 -0.0168
2014.88 -0.0162
2015.13 -0.01579
2015.37 -0.01618
2015.61 -0.01566
2015.85 -0.01465
2016.09 -0.01442
2016.33 -0.01502
2016.57 -0.01463
2016.81 -0.01469
2017.05 -0.0156
2017.3 -0.01572
2017.54 -0.01537
2017.78 -0.01487
2018.02 -0.01494
2018.26 -0.01525
2018.5 -0.0155
2018.74 -0.01566
2018.98 -0.01542
2019.22 -0.01586
2019.47 -0.01566
2019.71 -0.01518
2019.95 -0.01554
2020.19 -0.01619
2020.43 -0.01657
2020.67 -0.01527
2020.91 -0.01488
2021.15 -0.01555
2021.39 -0.01519
2021.64 -0.01481
2021.88 -0.01526
2022.12 -0.0156
2022.36 -0.01523
2022.6 -0.01505
2022.84 -0.015
2023.08 -0.01542
2023.32 -0.016
2023.56 -0.01534
2023.81 -0.01491
2024.05 -0.01525
2024.29 -0.01593
2024.53 -0.01595
2024.77 -0.01593
2025.01 -0.01664
2025.25 -0.01604
2025.49 -0.01503
2025.73 -0.01525
2025.98 -0.01638
2026.22 -0.01595
2026.46 -0.01574
2026.7 -0.01669
2026.94 -0.01656
2027.18 -0.01596
2027.42 -0.01545
2027.66 -0.01512
2027.9 -0.01558
2028.15 -0.01572
2028.39 -0.01525
2028.63 -0.01509
2028.87 -0.01536
2029.11 -0.01642
2029.35 -0.0171
2029.59 -0.01654
2029.83 -0.01594
2030.07 -0.01646
2030.32 -0.01657
2030.56 -0.01562
2030.8 -0.01605
2031.04 -0.01623
2031.28 -0.01534
2031.52 -0.01621
2031.76 -0.01572
2032 -0.01498
2032.24 -0.01566
2032.48 -0.01623
2032.73 -0.01549
2032.97 -0.01462
2033.21 -0.0151
2033.45 -0.01569
2033.69 -0.01553
2033.93 -0.01547
2034.17 -0.01609
2034.41 -0.01603
2034.65 -0.01588
2034.9 -0.01661
2035.14 -0.01636
2035.38 -0.01573
2035.62 -0.01604
2035.86 -0.01592
2036.1 -0.01595
2036.34 -0.01588
2036.58 -0.0156
2036.82 -0.01572
2037.07 -0.0161
2037.31 -0.01597
2037.55 -0.01531
2037.79 -0.015
2038.03 -0.01541
2038.27 -0.01517
2038.51 -0.01545
2038.75 -0.01617
2038.99 -0.01612
2039.24 -0.01602
2039.48 -0.01517
2039.72 -0.01537
2039.96 -0.0159
2040.2 -0.01574
2040.44 -0.01599
2040.68 -0.01645
2040.92 -0.01634
2041.16 -0.01678
2041.41 -0.01684
2041.65 -0.01627
2041.89 -0.01683
2042.13 -0.01677
2042.37 -0.01635
2042.61 -0.0162
2042.85 -0.01618
2043.09 -0.0157
2043.33 -0.01557
2043.58 -0.01562
2043.82 -0.01527
2044.06 -0.01571
2044.3 -0.01541
2044.54 -0.0154
2044.78 -0.01575
2045.02 -0.01587
2045.26 -0.01617
2045.5 -0.0158
2045.75 -0.01526
2045.99 -0.01523
2046.23 -0.01501
2046.47 -0.01523
2046.71 -0.01572
2046.95 -0.01566
2047.19 -0.01586
2047.43 -0.01578
2047.67 -0.01595
2047.92 -0.01605
2048.16 -0.01514
2048.4 -0.015
2048.64 -0.0154
2048.88 -0.01482
2049.12 -0.01509
2049.36 -0.0149
2049.6 -0.01404
2049.84 -0.01367
2050.09 -0.0145
2050.33 -0.01577
2050.57 -0.01555
2050.81 -0.01577
2051.05 -0.01664
2051.29 -0.01738
2051.53 -0.01647
2051.77 -0.0157
2052.01 -0.01556
2052.26 -0.01494
2052.5 -0.01552
2052.74 -0.0152
2052.98 -0.01535
2053.22 -0.01674
2053.46 -0.01684
2053.7 -0.01659
2053.94 -0.01651
2054.18 -0.01554
2054.43 -0.01565
2054.67 -0.01632
2054.91 -0.01538
2055.15 -0.01566
2055.39 -0.01664
2055.63 -0.01661
2055.87 -0.01595
2056.11 -0.01602
2056.35 -0.0155
2056.6 -0.01527
2056.84 -0.01622
2057.08 -0.01571
2057.32 -0.01572
2057.56 -0.01553
2057.8 -0.01514
2058.04 -0.01521
2058.28 -0.01585
2058.52 -0.0162
2058.77 -0.01621
2059.01 -0.01657
2059.25 -0.01606
2059.49 -0.01583
2059.73 -0.01655
2059.97 -0.01776
2060.21 -0.0178
2060.45 -0.01665
2060.69 -0.01616
2060.94 -0.0161
2061.18 -0.01541
2061.42 -0.01573
2061.66 -0.01545
2061.9 -0.0149
2062.14 -0.01561
2062.38 -0.01555
2062.62 -0.01606
2062.86 -0.01607
2063.1 -0.0156
2063.35 -0.016
2063.59 -0.01599
2063.83 -0.01557
2064.07 -0.01596
2064.31 -0.01679
2064.55 -0.01633
2064.79 -0.01597
2065.03 -0.01627
2065.27 -0.01623
2065.52 -0.01589
2065.76 -0.01571
2066 -0.01541
2066.24 -0.01528
2066.48 -0.01592
2066.72 -0.01555
2066.96 -0.01629
2067.2 -0.01687
2067.44 -0.01605
2067.69 -0.01623
2067.93 -0.01574
2068.17 -0.01558
2068.41 -0.01549
2068.65 -0.01585
2068.89 -0.01596
2069.13 -0.01568
2069.37 -0.01654
2069.61 -0.01593
2069.86 -0.01538
2070.1 -0.01631
2070.34 -0.01564
2070.58 -0.016
2070.82 -0.01703
2071.06 -0.01639
2071.3 -0.01643
2071.54 -0.01648
2071.78 -0.01643
2072.03 -0.0162
2072.27 -0.01596
2072.51 -0.01597
2072.75 -0.0164
2072.99 -0.01747
2073.23 -0.01688
2073.47 -0.01568
2073.71 -0.01628
2073.95 -0.01652
2074.2 -0.01512
2074.44 -0.01559
2074.68 -0.01606
2074.92 -0.01538
2075.16 -0.01503
2075.4 -0.01546
2075.64 -0.0169
2075.88 -0.0168
2076.12 -0.01601
2076.37 -0.01621
2076.61 -0.01612
2076.85 -0.01569
2077.09 -0.01636
2077.33 -0.01672
2077.57 -0.01611
2077.81 -0.01631
2078.05 -0.01652
2078.29 -0.01659
2078.54 -0.01658
2078.78 -0.01581
2079.02 -0.01495
2079.26 -0.01523
2079.5 -0.01646
2079.74 -0.01631
2079.98 -0.0165
2080.22 -0.01699
2080.46 -0.01544
2080.71 -0.01417
2080.95 -0.01504
2081.19 -0.01634
2081.43 -0.01691
2081.67 -0.01664
2081.91 -0.01629
2082.15 -0.01568
2082.39 -0.01539
2082.63 -0.01548
2082.88 -0.01541
2083.12 -0.01518
2083.36 -0.01481
2083.6 -0.01626
2083.84 -0.01688
2084.08 -0.0159
2084.32 -0.01516
2084.56 -0.01475
2084.8 -0.01515
2085.05 -0.01588
2085.29 -0.01606
2085.53 -0.01617
2085.77 -0.01579
2086.01 -0.01568
2086.25 -0.01667
2086.49 -0.0162
2086.73 -0.01609
2086.97 -0.01633
2087.22 -0.01567
2087.46 -0.01586
2087.7 -0.01546
2087.94 -0.0146
2088.18 -0.01439
2088.42 -0.01434
2088.66 -0.01452
2088.9 -0.01487
2089.14 -0.01502
2089.39 -0.01449
2089.63 -0.01441
2089.87 -0.01542
2090.11 -0.01616
2090.35 -0.01618
2090.59 -0.01636
2090.83 -0.01568
2091.07 -0.01472
2091.31 -0.01482
2091.55 -0.01407
2091.8 -0.01194
2092.04 -0.00934
2092.28 -0.00723
2092.52 -0.00658
2092.76 -0.00719
2093 -0.00837
2093.24 -0.01047
2093.48 -0.0134
2093.72 -0.01474
2093.97 -0.01503
2094.21 -0.01518
2094.45 -0.0158
2094.69 -0.01595
2094.93 -0.01506
2095.17 -0.01531
2095.41 -0.01589
2095.65 -0.01577
2095.89 -0.01596
2096.14 -0.0166
2096.38 -0.01669
2096.62 -0.01636
2096.86 -0.01636
2097.1 -0.01573
2097.34 -0.0158
2097.58 -0.01678
2097.82 -0.01676
2098.06 -0.01637
2098.31 -0.01613
2098.55 -0.01689
2098.79 -0.01646
2099.03 -0.01588
2099.27 -0.016
2099.51 -0.01565
2099.75 -0.01582
2099.99 -0.01655
2100.23 -0.01646
2100.48 -0.01596
2100.72 -0.01617
2100.96 -0.0154
2101.2 -0.01579
2101.44 -0.01665
2101.68 -0.01649
2101.92 -0.01618
2102.16 -0.01569
2102.4 -0.01596
2102.65 -0.01611
2102.89 -0.01595
2103.13 -0.01588
2103.37 -0.01655
2103.61 -0.01697
2103.85 -0.01624
2104.09 -0.01629
2104.33 -0.01616
2104.57 -0.01614
2104.82 -0.01706
2105.06 -0.01703
2105.3 -0.01638
2105.54 -0.01677
2105.78 -0.01699
2106.02 -0.01597
2106.26 -0.01578
2106.5 -0.01559
2106.74 -0.01597
2106.99 -0.01662
2107.23 -0.01622
2107.47 -0.01563
2107.71 -0.01521
2107.95 -0.01556
2108.19 -0.01616
2108.43 -0.01637
2108.67 -0.01649
2108.91 -0.01648
2109.16 -0.01555
2109.4 -0.01537
2109.64 -0.01518
2109.88 -0.01477
2110.12 -0.01592
2110.36 -0.0167
2110.6 -0.01661
2110.84 -0.01666
2111.08 -0.01643
2111.33 -0.01652
2111.57 -0.01674
2111.81 -0.01605
2112.05 -0.01568
2112.29 -0.01602
2112.53 -0.01633
2112.77 -0.01596
2113.01 -0.01631
2113.25 -0.01645
2113.5 -0.01621
2113.74 -0.01653
2113.98 -0.01589
2114.22 -0.01549
2114.46 -0.01577
2114.7 -0.01594
2114.94 -0.01585
2115.18 -0.01593
2115.42 -0.01545
2115.67 -0.01517
2115.91 -0.01515
2116.15 -0.01481
2116.39 -0.01508
2116.63 -0.01648
2116.87 -0.017
2117.11 -0.01603
2117.35 -0.01652
2117.59 -0.01682
2117.83 -0.01565
2118.08 -0.01551
2118.32 -0.01618
2118.56 -0.01673
2118.8 -0.01691
2119.04 -0.01693
2119.28 -0.01683
2119.52 -0.01608
2119.76 -0.01557
2120 -0.01519
2120.25 -0.0159
2120.49 -0.01631
2120.73 -0.0156
2120.97 -0.01526
2121.21 -0.01518
2121.45 -0.01605
2121.69 -0.01606
2121.93 -0.01519
2122.17 -0.01549
2122.42 -0.01559
2122.66 -0.01582
2122.9 -0.01632
2123.14 -0.01578
2123.38 -0.01567
2123.62 -0.01604
2123.86 -0.01592
2124.1 -0.01535
2124.34 -0.0153
2124.59 -0.01543
2124.83 -0.01503
2125.07 -0.01534
2125.31 -0.01582
2125.55 -0.01497
2125.79 -0.01453
2126.03 -0.01513
2126.27 -0.01537
2126.51 -0.01602
2126.76 -0.01605
2127 -0.01506
2127.24 -0.01453
2127.48 -0.01499
2127.72 -0.01504
2127.96 -0.01457
2128.2 -0.0153
2128.44 -0.01581
2128.68 -0.01532
2128.93 -0.01543
2129.17 -0.01521
2129.41 -0.01446
2129.65 -0.01423
2129.89 -0.0147
2130.13 -0.01497
2130.37 -0.01379
2130.61 -0.01323
2130.85 -0.01356
2131.1 -0.01341
2131.34 -0.0134
2131.58 -0.01383
2131.82 -0.01262
2132.06 -0.01153
2132.3 -0.01164
2132.54 -0.01119
2132.78 -0.01104
2133.02 -0.01115
2133.27 -0.01089
2133.51 -0.01028
2133.75 -0.00969
2133.99 -0.00932
2134.23 -0.00764
2134.47 -0.00501
2134.71 -0.00316
2134.95 -0.00131
2135.19 6.58493E-4
2135.44 0.00436
2135.68 0.00875
2135.92 0.01143
2136.16 0.01491
2136.4 0.02121
2136.64 0.03014
2136.88 0.04233
2137.12 0.06021
2137.36 0.08678
2137.61 0.12746
2137.85 0.18954
2138.09 0.27125
2138.33 0.36556
2138.57 0.4522
2138.81 0.4955
2139.05 0.48286
2139.29 0.42749
2139.53 0.35479
2139.78 0.28519
2140.02 0.22669
2140.26 0.18176
2140.5 0.14938
2140.74 0.12443
2140.98 0.10433
2141.22 0.08858
2141.46 0.07492
2141.7 0.06227
2141.95 0.04929
2142.19 0.03708
2142.43 0.02886
2142.67 0.02223
2142.91 0.01321
2143.15 0.0051
2143.39 6.47597E-4
2143.63 -0.00132
2143.87 -0.00359
2144.11 -0.00619
2144.36 -0.00694
2144.6 -0.00734
2144.84 -0.00779
2145.08 -0.00783
2145.32 -0.00805
2145.56 -0.00902
2145.8 -0.00864
2146.04 -0.00791
2146.28 -0.00891
2146.53 -0.00957
2146.77 -0.00968
2147.01 -0.00878
2147.25 -0.00826
2147.49 -0.00921
2147.73 -0.00957
2147.97 -0.00862
2148.21 -0.00796
2148.45 -0.00914
2148.7 -0.01087
2148.94 -0.0102
2149.18 -0.00882
2149.42 -0.0093
2149.66 -0.0098
2149.9 -0.0103
2150.14 -0.01015
2150.38 -0.01022
2150.62 -0.01062
2150.87 -0.01084
2151.11 -0.01099
2151.35 -0.01049
2151.59 -0.01009
2151.83 -0.01052
2152.07 -0.0113
2152.31 -0.01143
2152.55 -0.01201
2152.79 -0.01265
2153.04 -0.01265
2153.28 -0.01295
2153.52 -0.01346
2153.76 -0.01314
2154 -0.01334
2154.24 -0.01413
2154.48 -0.01469
2154.72 -0.01458
2154.96 -0.01397
2155.21 -0.01475
2155.45 -0.01594
2155.69 -0.01552
2155.93 -0.01485
2156.17 -0.01487
2156.41 -0.01482
2156.65 -0.01484
2156.89 -0.0151
2157.13 -0.01522
2157.38 -0.01568
2157.62 -0.01594
2157.86 -0.01536
2158.1 -0.01527
2158.34 -0.01508
2158.58 -0.01481
2158.82 -0.01537
2159.06 -0.01589
2159.3 -0.01545
2159.55 -0.0147
2159.79 -0.0148
2160.03 -0.0149
2160.27 -0.01558
2160.51 -0.01663
2160.75 -0.01588
2160.99 -0.01541
2161.23 -0.01595
2161.47 -0.01632
2161.72 -0.01724
2161.96 -0.01749
2162.2 -0.01675
2162.44 -0.01659
2162.68 -0.01612
2162.92 -0.01541
2163.16 -0.01552
2163.4 -0.01595
2163.64 -0.01617
2163.89 -0.01592
2164.13 -0.01542
2164.37 -0.0156
2164.61 -0.01623
2164.85 -0.0155
2165.09 -0.01485
2165.33 -0.01519
2165.57 -0.01566
2165.81 -0.01647
2166.06 -0.01622
2166.3 -0.01605
2166.54 -0.01688
2166.78 -0.01641
2167.02 -0.01567
2167.26 -0.01635
2167.5 -0.0172
2167.74 -0.01753
2167.98 -0.01755
2168.23 -0.01733
2168.47 -0.01639
2168.71 -0.01612
2168.95 -0.01679
2169.19 -0.01687
2169.43 -0.01664
2169.67 -0.01615
2169.91 -0.01648
2170.15 -0.01642
2170.4 -0.01614
2170.64 -0.01684
2170.88 -0.01668
2171.12 -0.016
2171.36 -0.01588
2171.6 -0.01661
2171.84 -0.0178
2172.08 -0.01793
2172.32 -0.01731
2172.56 -0.0167
2172.81 -0.01662
2173.05 -0.01642
2173.29 -0.01638
2173.53 -0.01654
2173.77 -0.01616
2174.01 -0.01577
2174.25 -0.01592
2174.49 -0.01599
2174.73 -0.01548
2174.98 -0.0152
2175.22 -0.01543
2175.46 -0.01449
2175.7 -0.01391
2175.94 -0.01518
2176.18 -0.0156
2176.42 -0.01595
2176.66 -0.01608
2176.9 -0.01656
2177.15 -0.01651
2177.39 -0.01557
2177.63 -0.01539
2177.87 -0.01502
2178.11 -0.01469
2178.35 -0.01522
2178.59 -0.01564
2178.83 -0.01531
2179.07 -0.01382
2179.32 -0.01359
2179.56 -0.0152
2179.8 -0.01586
2180.04 -0.01641
2180.28 -0.01585
2180.52 -0.01516
2180.76 -0.01522
2181 -0.01521
2181.24 -0.01576
2181.49 -0.01544
2181.73 -0.01449
2181.97 -0.01555
2182.21 -0.01649
2182.45 -0.01558
2182.69 -0.01605
2182.93 -0.01622
2183.17 -0.01581
2183.41 -0.01554
2183.66 -0.0149
2183.9 -0.01454
2184.14 -0.01524
2184.38 -0.01576
2184.62 -0.015
2184.86 -0.01583
2185.1 -0.01647
2185.34 -0.01584
2185.58 -0.01567
2185.83 -0.01594
2186.07 -0.01606
2186.31 -0.01528
2186.55 -0.01488
2186.79 -0.01493
2187.03 -0.01506
2187.27 -0.01622
2187.51 -0.0163
2187.75 -0.0158
2188 -0.01591
2188.24 -0.01592
2188.48 -0.01586
2188.72 -0.01582
2188.96 -0.01532
2189.2 -0.01551
2189.44 -0.01479
2189.68 -0.01416
2189.92 -0.01503
2190.17 -0.01485
2190.41 -0.01495
2190.65 -0.01574
2190.89 -0.01602
2191.13 -0.01568
2191.37 -0.01524
2191.61 -0.01451
2191.85 -0.01471
2192.09 -0.01545
2192.34 -0.01586
2192.58 -0.0153
2192.82 -0.01476
2193.06 -0.01497
2193.3 -0.01523
2193.54 -0.01455
2193.78 -0.01415
2194.02 -0.01485
2194.26 -0.01525
2194.51 -0.01571
2194.75 -0.01584
2194.99 -0.01478
2195.23 -0.0149
2195.47 -0.01549
2195.71 -0.01453
2195.95 -0.01468
2196.19 -0.01478
2196.43 -0.0141
2196.68 -0.01425
2196.92 -0.01469
2197.16 -0.01519
2197.4 -0.01528
2197.64 -0.01549
2197.88 -0.01571
2198.12 -0.01478
2198.36 -0.01517
2198.6 -0.01547
2198.84 -0.01448
2199.09 -0.0153
2199.33 -0.01556
2199.57 -0.01404
2199.81 -0.01407
2200.05 -0.01438
2200.29 -0.01516
2200.53 -0.01625
2200.77 -0.01595
2201.01 -0.015
2201.26 -0.01501
2201.5 -0.01515
2201.74 -0.01515
2201.98 -0.01526
2202.22 -0.01553
2202.46 -0.01601
2202.7 -0.01579
2202.94 -0.01582
2203.18 -0.0155
2203.43 -0.0155
2203.67 -0.01573
2203.91 -0.01569
2204.15 -0.01551
2204.39 -0.01484
2204.63 -0.01514
2204.87 -0.01527
2205.11 -0.01501
2205.35 -0.01507
2205.6 -0.01444
2205.84 -0.01429
2206.08 -0.01469
2206.32 -0.01511
2206.56 -0.01546
2206.8 -0.01445
2207.04 -0.01404
2207.28 -0.01448
2207.52 -0.01454
2207.77 -0.01468
2208.01 -0.01438
2208.25 -0.01469
2208.49 -0.0146
2208.73 -0.01481
2208.97 -0.01537
2209.21 -0.01569
2209.45 -0.01638
2209.69 -0.01635
2209.94 -0.01597
2210.18 -0.01564
2210.42 -0.01524
2210.66 -0.01559
2210.9 -0.0153
2211.14 -0.01472
2211.38 -0.01488
2211.62 -0.01479
2211.86 -0.01485
2212.11 -0.01529
2212.35 -0.01559
2212.59 -0.01512
2212.83 -0.0158
2213.07 -0.01609
2213.31 -0.01512
2213.55 -0.01567
2213.79 -0.01683
2214.03 -0.01681
2214.28 -0.01606
2214.52 -0.01552
2214.76 -0.01491
2215 -0.01483
2215.24 -0.01525
2215.48 -0.01569
2215.72 -0.01622
2215.96 -0.01593
2216.2 -0.01588
2216.45 -0.01653
2216.69 -0.01694
2216.93 -0.01649
2217.17 -0.01563
2217.41 -0.01583
2217.65 -0.01614
2217.89 -0.01552
2218.13 -0.01545
2218.37 -0.0165
2218.62 -0.01651
2218.86 -0.016
2219.1 -0.01618
2219.34 -0.01611
2219.58 -0.01589
2219.82 -0.01532
2220.06 -0.01515
2220.3 -0.01519
2220.54 -0.01488
2220.79 -0.01458
2221.03 -0.0149
2221.27 -0.01587
2221.51 -0.01593
2221.75 -0.0155
2221.99 -0.01566
2222.23 -0.01592
2222.47 -0.01594
2222.71 -0.01615
2222.96 -0.01631
2223.2 -0.01604
2223.44 -0.01669
2223.68 -0.01671
2223.92 -0.01596
2224.16 -0.01589
2224.4 -0.0153
2224.64 -0.01616
2224.88 -0.01665
2225.12 -0.01598
2225.37 -0.01654
2225.61 -0.01703
2225.85 -0.01696
2226.09 -0.0177
2226.33 -0.01721
2226.57 -0.01652
2226.81 -0.01731
2227.05 -0.01702
2227.29 -0.01624
2227.54 -0.01571
2227.78 -0.01525
2228.02 -0.01609
2228.26 -0.01705
2228.5 -0.01641
2228.74 -0.016
2228.98 -0.01697
2229.22 -0.01734
2229.46 -0.01752
2229.71 -0.01787
2229.95 -0.01684
2230.19 -0.01659
2230.43 -0.01655
2230.67 -0.01649
2230.91 -0.0173
2231.15 -0.0168
2231.39 -0.0159
2231.63 -0.01624
2231.88 -0.01666
2232.12 -0.01694
2232.36 -0.01649
2232.6 -0.01638
2232.84 -0.01698
2233.08 -0.01701
2233.32 -0.01706
2233.56 -0.01714
2233.8 -0.01688
2234.05 -0.01692
2234.29 -0.01818
2234.53 -0.01832
2234.77 -0.01748
2235.01 -0.01721
2235.25 -0.01767
2235.49 -0.01755
2235.73 -0.01709
2235.97 -0.01689
2236.22 -0.0169
2236.46 -0.01668
2236.7 -0.01631
2236.94 -0.01667
2237.18 -0.01658
2237.42 -0.01733
2237.66 -0.01799
2237.9 -0.01791
2238.14 -0.01784
2238.39 -0.01757
2238.63 -0.0179
2238.87 -0.01792
2239.11 -0.01814
2239.35 -0.01855
2239.59 -0.01838
2239.83 -0.0174
2240.07 -0.01649
2240.31 -0.01668
2240.56 -0.01743
2240.8 -0.01795
2241.04 -0.01743
2241.28 -0.01712
2241.52 -0.01781
2241.76 -0.01768
2242 -0.01735
2242.24 -0.0172
2242.48 -0.01706
2242.73 -0.01732
2242.97 -0.01747
2243.21 -0.01812
2243.45 -0.01809
2243.69 -0.01737
2243.93 -0.01703
2244.17 -0.01753
2244.41 -0.01777
2244.65 -0.01735
2244.9 -0.01701
2245.14 -0.0175
2245.38 -0.01687
2245.62 -0.01694
2245.86 -0.01811
2246.1 -0.01735
2246.34 -0.01701
2246.58 -0.01789
2246.82 -0.01881
2247.07 -0.01788
2247.31 -0.01741
2247.55 -0.01797
2247.79 -0.0179
2248.03 -0.01736
2248.27 -0.01684
2248.51 -0.01709
2248.75 -0.01716
2248.99 -0.01695
2249.24 -0.01742
2249.48 -0.01792
2249.72 -0.01733
2249.96 -0.01672
2250.2 -0.0167
2250.44 -0.01649
2250.68 -0.01671
2250.92 -0.01693
2251.16 -0.01621
2251.41 -0.0162
2251.65 -0.01737
2251.89 -0.01756
2252.13 -0.01774
2252.37 -0.01889
2252.61 -0.01891
2252.85 -0.01807
2253.09 -0.01734
2253.33 -0.01762
2253.57 -0.0175
2253.82 -0.01759
2254.06 -0.01804
2254.3 -0.01771
2254.54 -0.01736
2254.78 -0.01734
2255.02 -0.01793
2255.26 -0.01777
2255.5 -0.01748
2255.74 -0.01787
2255.99 -0.01804
2256.23 -0.01796
2256.47 -0.01794
2256.71 -0.01777
2256.95 -0.01779
2257.19 -0.0175
2257.43 -0.01744
2257.67 -0.01744
2257.91 -0.01718
2258.16 -0.01761
2258.4 -0.01757
2258.64 -0.01721
2258.88 -0.01723
2259.12 -0.01708
2259.36 -0.01817
2259.6 -0.0189
2259.84 -0.01809
2260.08 -0.01775
2260.33 -0.01721
2260.57 -0.01765
2260.81 -0.01807
2261.05 -0.01772
2261.29 -0.01721
2261.53 -0.01662
2261.77 -0.01672
2262.01 -0.0172
2262.25 -0.018
2262.5 -0.01816
2262.74 -0.018
2262.98 -0.0186
2263.22 -0.01841
2263.46 -0.01787
2263.7 -0.01893
2263.94 -0.01947
2264.18 -0.01857
2264.42 -0.01798
2264.67 -0.0175
2264.91 -0.01701
2265.15 -0.0176
2265.39 -0.01782
2265.63 -0.01739
2265.87 -0.01781
2266.11 -0.01735
2266.35 -0.01715
2266.59 -0.01763
2266.84 -0.0174
2267.08 -0.01789
2267.32 -0.01725
2267.56 -0.0172
2267.8 -0.01803
2268.04 -0.01732
2268.28 -0.01721
2268.52 -0.0177
2268.76 -0.0172
2269.01 -0.01716
2269.25 -0.01856
2269.49 -0.01874
2269.73 -0.01814
2269.97 -0.01822
2270.21 -0.01818
2270.45 -0.01795
2270.69 -0.01783
2270.93 -0.01878
2271.18 -0.01905
2271.42 -0.01851
2271.66 -0.01782
2271.9 -0.01725
2272.14 -0.01774
2272.38 -0.01834
2272.62 -0.0182
2272.86 -0.01899
2273.1 -0.01949
2273.35 -0.01823
2273.59 -0.01852
2273.83 -0.01883
2274.07 -0.01825
2274.31 -0.01872
2274.55 -0.01849
2274.79 -0.01738
2275.03 -0.01763
2275.27 -0.01762
2275.52 -0.01753
2275.76 -0.01833
2276 -0.01828
2276.24 -0.01744
2276.48 -0.01736
2276.72 -0.0175
2276.96 -0.01763
2277.2 -0.01743
2277.44 -0.01657
2277.69 -0.01731
2277.93 -0.01798
2278.17 -0.01733
2278.41 -0.0172
2278.65 -0.01808
2278.89 -0.0187
2279.13 -0.01877
2279.37 -0.01828
2279.61 -0.01772
2279.86 -0.01871
2280.1 -0.01942
2280.34 -0.01893
2280.58 -0.01882
2280.82 -0.01887
2281.06 -0.01891
2281.3 -0.01794
2281.54 -0.01738
2281.78 -0.01851
2282.02 -0.01872
2282.27 -0.01892
2282.51 -0.01888
2282.75 -0.01868
2282.99 -0.01878
2283.23 -0.01861
2283.47 -0.01824
2283.71 -0.01782
2283.95 -0.01827
2284.19 -0.01887
2284.44 -0.01862
2284.68 -0.01795
2284.92 -0.01781
2285.16 -0.01862
2285.4 -0.0193
2285.64 -0.01919
2285.88 -0.01849
2286.12 -0.01769
2286.36 -0.01873
2286.61 -0.01953
2286.85 -0.01878
2287.09 -0.01792
2287.33 -0.01743
2287.57 -0.01835
2287.81 -0.01831
2288.05 -0.01808
2288.29 -0.01864
2288.53 -0.01824
2288.78 -0.01783
2289.02 -0.01752
2289.26 -0.0178
2289.5 -0.01854
2289.74 -0.01898
2289.98 -0.01839
2290.22 -0.01796
2290.46 -0.01821
2290.7 -0.01851
2290.95 -0.01866
2291.19 -0.01846
2291.43 -0.01794
2291.67 -0.01765
2291.91 -0.01813
2292.15 -0.0192
2292.39 -0.01885
2292.63 -0.01805
2292.87 -0.01844
2293.12 -0.01824
2293.36 -0.01817
2293.6 -0.01788
2293.84 -0.0171
2294.08 -0.01702
2294.32 -0.01788
2294.56 -0.01826
2294.8 -0.01765
2295.04 -0.01737
2295.29 -0.01766
2295.53 -0.01783
2295.77 -0.01756
2296.01 -0.01698
2296.25 -0.01732
2296.49 -0.01785
2296.73 -0.01763
2296.97 -0.01782
2297.21 -0.01778
2297.46 -0.01767
2297.7 -0.01797
2297.94 -0.0184
2298.18 -0.01873
2298.42 -0.01801
2298.66 -0.01741
2298.9 -0.01776
2299.14 -0.01763
2299.38 -0.01691
2299.63 -0.01788
2299.87 -0.01885
2300.11 -0.01864
2300.35 -0.01873
2300.59 -0.01827
2300.83 -0.01755
2301.07 -0.01784
2301.31 -0.01865
2301.55 -0.01828
2301.8 -0.01761
2302.04 -0.01757
2302.28 -0.0184
2302.52 -0.01803
2302.76 -0.01717
2303 -0.01777
2303.24 -0.01776
2303.48 -0.0177
2303.72 -0.01808
2303.97 -0.01795
2304.21 -0.01782
2304.45 -0.01775
2304.69 -0.01745
2304.93 -0.01778
2305.17 -0.01857
2305.41 -0.01819
2305.65 -0.01752
2305.89 -0.01857
2306.14 -0.0196
2306.38 -0.01956
2306.62 -0.0189
2306.86 -0.01821
2307.1 -0.0183
2307.34 -0.01849
2307.58 -0.01904
2307.82 -0.01899
2308.06 -0.01876
2308.31 -0.01894
2308.55 -0.01864
2308.79 -0.0183
2309.03 -0.01858
2309.27 -0.018
2309.51 -0.01786
2309.75 -0.01856
2309.99 -0.01833
2310.23 -0.01776
2310.48 -0.0174
2310.72 -0.01764
2310.96 -0.01781
2311.2 -0.01745
2311.44 -0.01725
2311.68 -0.01708
2311.92 -0.01731
2312.16 -0.01772
2312.4 -0.01813
2312.65 -0.01846
2312.89 -0.01849
2313.13 -0.0192
2313.37 -0.01874
2313.61 -0.01674
2313.85 -0.01626
2314.09 -0.01695
2314.33 -0.01724
2314.57 -0.01731
2314.81 -0.01796
2315.06 -0.01855
2315.3 -0.01781
2315.54 -0.01733
2315.78 -0.01747
2316.02 -0.01765
2316.26 -0.01849
2316.5 -0.0184
2316.74 -0.01835
2316.98 -0.01854
2317.23 -0.01718
2317.47 -0.01614
2317.71 -0.01652
2317.95 -0.01775
2318.19 -0.01753
2318.43 -0.0179
2318.67 -0.01828
2318.91 -0.01761
2319.15 -0.01765
2319.4 -0.01723
2319.64 -0.01724
2319.88 -0.01782
2320.12 -0.01799
2320.36 -0.01815
2320.6 -0.01832
2320.84 -0.0178
2321.08 -0.01771
2321.32 -0.0172
2321.57 -0.0161
2321.81 -0.01669
2322.05 -0.01704
2322.29 -0.01739
2322.53 -0.01862
2322.77 -0.01867
2323.01 -0.01809
2323.25 -0.01625
2323.49 -0.01575
2323.74 -0.01775
2323.98 -0.01855
2324.22 -0.01843
2324.46 -0.01874
2324.7 -0.01872
2324.94 -0.01679
2325.18 -0.01429
2325.42 -0.01441
2325.66 -0.01736
2325.91 -0.01812
2326.15 -0.01687
2326.39 -0.01681
2326.63 -0.01745
2326.87 -0.01679
2327.11 -0.01488
2327.35 -0.01549
2327.59 -0.01754
2327.83 -0.01774
2328.08 -0.01733
2328.32 -0.01727
2328.56 -0.01734
2328.8 -0.01591
2329.04 -0.01368
2329.28 -0.01576
2329.52 -0.01786
2329.76 -0.01795
2330 -0.01778
2330.25 -0.0178
2330.49 -0.01761
2330.73 -0.0148
2330.97 -0.01369
2331.21 -0.01671
2331.45 -0.01825
2331.69 -0.01814
2331.93 -0.01797
2332.17 -0.0168
2332.42 -0.01449
2332.66 -0.01272
2332.9 -0.01458
2333.14 -0.01708
2333.38 -0.01825
2333.62 -0.0187
2333.86 -0.01807
2334.1 -0.01701
2334.34 -0.01382
2334.59 -0.01317
2334.83 -0.01661
2335.07 -0.01868
2335.31 -0.01883
2335.55 -0.01766
2335.79 -0.0171
2336.03 -0.01517
2336.27 -0.01333
2336.51 -0.0165
2336.76 -0.01798
2337 -0.01772
2337.24 -0.01761
2337.48 -0.01753
2337.72 -0.01649
2337.96 -0.01359
2338.2 -0.01474
2338.44 -0.01747
2338.68 -0.01773
2338.93 -0.01698
2339.17 -0.01673
2339.41 -0.01567
2339.65 -0.01392
2339.89 -0.01539
2340.13 -0.01706
2340.37 -0.01702
2340.61 -0.01631
2340.85 -0.01631
2341.09 -0.01656
2341.34 -0.01474
2341.58 -0.01438
2341.82 -0.01576
2342.06 -0.01658
2342.3 -0.01687
2342.54 -0.01644
2342.78 -0.01455
2343.02 -0.01215
2343.26 -0.01378
2343.51 -0.01573
2343.75 -0.01604
2343.99 -0.01624
2344.23 -0.01537
2344.47 -0.01346
2344.71 -0.01314
2344.95 -0.0144
2345.19 -0.01513
2345.43 -0.01534
2345.68 -0.01564
2345.92 -0.01563
2346.16 -0.01517
2346.4 -0.01477
2346.64 -0.01482
2346.88 -0.01476
2347.12 -0.01465
2347.36 -0.01599
2347.6 -0.01655
2347.85 -0.01574
2348.09 -0.01609
2348.33 -0.0169
2348.57 -0.017
2348.81 -0.01748
2349.05 -0.01734
2349.29 -0.01748
2349.53 -0.01832
2349.77 -0.01784
2350.02 -0.01751
2350.26 -0.01717
2350.5 -0.01755
2350.74 -0.01852
2350.98 -0.01774
2351.22 -0.01792
2351.46 -0.01828
2351.7 -0.017
2351.94 -0.01614
2352.19 -0.01745
2352.43 -0.01799
2352.67 -0.01716
2352.91 -0.01711
2353.15 -0.01531
2353.39 -0.01434
2353.63 -0.01651
2353.87 -0.0185
2354.11 -0.01859
2354.36 -0.01694
2354.6 -0.01466
2354.84 -0.01406
2355.08 -0.0165
2355.32 -0.01769
2355.56 -0.01782
2355.8 -0.0166
2356.04 -0.01378
2356.28 -0.0129
2356.53 -0.01477
2356.77 -0.01657
2357.01 -0.01735
2357.25 -0.01774
2357.49 -0.01609
2357.73 -0.01522
2357.97 -0.01716
2358.21 -0.01734
2358.45 -0.01821
2358.7 -0.01832
2358.94 -0.01461
2359.18 -0.01318
2359.42 -0.01678
2359.66 -0.01723
2359.9 -0.01668
2360.14 -0.01617
2360.38 -0.01196
2360.62 -0.01278
2360.87 -0.01685
2361.11 -0.01767
2361.35 -0.01692
2361.59 -0.01471
2361.83 -0.01276
2362.07 -0.01537
2362.31 -0.01767
2362.55 -0.01702
2362.79 -0.01598
2363.04 -0.01366
2363.28 -0.01405
2363.52 -0.0165
2363.76 -0.01707
2364 -0.01636
2364.24 -0.014
2364.48 -0.01336
2364.72 -0.01628
2364.96 -0.01774
2365.21 -0.01784
2365.45 -0.01617
2365.69 -0.0133
2365.93 -0.01482
2366.17 -0.01666
2366.41 -0.01821
2366.65 -0.01798
2366.89 -0.01458
2367.13 -0.01493
2367.38 -0.01773
2367.62 -0.01841
2367.86 -0.01747
2368.1 -0.01468
2368.34 -0.01462
2368.58 -0.01756
2368.82 -0.01838
2369.06 -0.01781
2369.3 -0.01526
2369.54 -0.01429
2369.79 -0.01661
2370.03 -0.01788
2370.27 -0.01705
2370.51 -0.01521
2370.75 -0.01662
2370.99 -0.01917
2371.23 -0.01862
2371.47 -0.01758
2371.71 -0.01655
2371.96 -0.01669
2372.2 -0.01793
2372.44 -0.01739
2372.68 -0.01709
2372.92 -0.01764
2373.16 -0.01791
2373.4 -0.01852
2373.64 -0.0188
2373.88 -0.01758
2374.13 -0.01722
2374.37 -0.01817
2374.61 -0.01838
2374.85 -0.01781
2375.09 -0.01684
2375.33 -0.01809
2375.57 -0.01867
2375.81 -0.01859
2376.05 -0.01839
2376.3 -0.01775
2376.54 -0.01851
2376.78 -0.01842
2377.02 -0.01704
2377.26 -0.01716
2377.5 -0.01953
2377.74 -0.01952
2377.98 -0.019
2378.22 -0.01886
2378.47 -0.01967
2378.71 -0.02011
2378.95 -0.01849
2379.19 -0.01827
2379.43 -0.01858
2379.67 -0.01879
2379.91 -0.01879
2380.15 -0.01875
2380.39 -0.01911
2380.64 -0.01894
2380.88 -0.01907
2381.12 -0.01891
2381.36 -0.01823
2381.6 -0.01836
2381.84 -0.0182
2382.08 -0.01788
2382.32 -0.01888
2382.56 -0.01978
2382.81 -0.01862
2383.05 -0.01755
2383.29 -0.01797
2383.53 -0.01839
2383.77 -0.01865
2384.01 -0.0191
2384.25 -0.01897
2384.49 -0.01909
2384.73 -0.0195
2384.98 -0.01897
2385.22 -0.01865
2385.46 -0.01876
2385.7 -0.01811
2385.94 -0.01768
2386.18 -0.01794
2386.42 -0.01831
2386.66 -0.01792
2386.9 -0.01844
2387.15 -0.0192
2387.39 -0.01838
2387.63 -0.0172
2387.87 -0.01762
2388.11 -0.01855
2388.35 -0.01816
2388.59 -0.01859
2388.83 -0.01872
2389.07 -0.01906
2389.32 -0.0199
2389.56 -0.02028
2389.8 -0.0203
2390.04 -0.01899
2390.28 -0.01868
2390.52 -0.01903
2390.76 -0.01861
2391 -0.01917
2391.24 -0.02004
2391.49 -0.02064
2391.73 -0.0209
2391.97 -0.01977
2392.21 -0.01851
2392.45 -0.01868
2392.69 -0.01868
2392.93 -0.01891
2393.17 -0.0196
2393.41 -0.01926
2393.66 -0.0187
2393.9 -0.01827
2394.14 -0.01868
2394.38 -0.01818
2394.62 -0.01832
2394.86 -0.01903
2395.1 -0.01885
2395.34 -0.01932
2395.58 -0.0197
2395.82 -0.01979
2396.07 -0.01922
2396.31 -0.01914
2396.55 -0.01989
2396.79 -0.01976
2397.03 -0.01882
2397.27 -0.01836
2397.51 -0.01935
2397.75 -0.02012
2397.99 -0.01952
2398.24 -0.01951
2398.48 -0.01934
2398.72 -0.01959
2398.96 -0.01901
2399.2 -0.0178
2399.44 -0.01811
2399.68 -0.01868
2399.92 -0.01865
2400.16 -0.01827
2400.41 -0.01855
2400.65 -0.01906
2400.89 -0.01975
2401.13 -0.01971
2401.37 -0.01916
2401.61 -0.01857
2401.85 -0.01864
2402.09 -0.01973
2402.33 -0.01938
2402.58 -0.01916
2402.82 -0.01979
2403.06 -0.01926
2403.3 -0.01808
2403.54 -0.01851
2403.78 -0.02026
2404.02 -0.02072
2404.26 -0.0199
2404.5 -0.01938
2404.75 -0.0197
2404.99 -0.02007
2405.23 -0.01953
2405.47 -0.01899
2405.71 -0.01905
2405.95 -0.01834
2406.19 -0.01883
2406.43 -0.01959
2406.67 -0.0195
2406.92 -0.01899
2407.16 -0.01874
2407.4 -0.01917
2407.64 -0.01841
2407.88 -0.01833
2408.12 -0.01895
2408.36 -0.02006
2408.6 -0.02064
2408.84 -0.02011
2409.09 -0.02025
2409.33 -0.02045
2409.57 -0.02027
2409.81 -0.01944
2410.05 -0.01907
2410.29 -0.01957
2410.53 -0.01922
2410.77 -0.01841
2411.01 -0.01851
2411.26 -0.01882
2411.5 -0.01919
2411.74 -0.01981
2411.98 -0.01989
2412.22 -0.01923
2412.46 -0.01811
2412.7 -0.01766
2412.94 -0.01813
2413.18 -0.01846
2413.43 -0.01882
2413.67 -0.01885
2413.91 -0.01877
2414.15 -0.01963
2414.39 -0.01967
2414.63 -0.01951
2414.87 -0.01978
2415.11 -0.02022
2415.35 -0.01901
2415.6 -0.01826
2415.84 -0.01875
2416.08 -0.01833
2416.32 -0.01858
2416.56 -0.01962
2416.8 -0.01944
2417.04 -0.01849
2417.28 -0.0189
2417.52 -0.0189
2417.77 -0.0186
2418.01 -0.01857
2418.25 -0.01848
2418.49 -0.0187
2418.73 -0.01914
2418.97 -0.01936
2419.21 -0.01983
2419.45 -0.01951
2419.69 -0.01883
2419.94 -0.0194
2420.18 -0.01931
2420.42 -0.01906
2420.66 -0.01971
2420.9 -0.01991
2421.14 -0.01985
2421.38 -0.02049
2421.62 -0.0205
2421.86 -0.01981
2422.1 -0.01995
2422.35 -0.0198
2422.59 -0.0191
2422.83 -0.01963
2423.07 -0.01976
2423.31 -0.0186
2423.55 -0.01864
2423.79 -0.01909
2424.03 -0.01888
2424.27 -0.01837
2424.52 -0.01865
2424.76 -0.01973
2425 -0.02024
2425.24 -0.02021
2425.48 -0.02005
2425.72 -0.01984
2425.96 -0.01981
2426.2 -0.01946
2426.44 -0.01903
2426.69 -0.01914
2426.93 -0.01913
2427.17 -0.0187
2427.41 -0.01882
2427.65 -0.01981
2427.89 -0.01993
2428.13 -0.0195
2428.37 -0.01928
2428.61 -0.01948
2428.86 -0.01925
2429.1 -0.01939
2429.34 -0.02026
2429.58 -0.02024
2429.82 -0.01966
2430.06 -0.01978
2430.3 -0.02027
2430.54 -0.02033
2430.78 -0.02009
2431.03 -0.01914
2431.27 -0.01826
2431.51 -0.0185
2431.75 -0.01947
2431.99 -0.01953
2432.23 -0.01952
2432.47 -0.01916
2432.71 -0.01914
2432.95 -0.01958
2433.2 -0.01931
2433.44 -0.01964
2433.68 -0.01944
2433.92 -0.01877
2434.16 -0.01916
2434.4 -0.01958
2434.64 -0.0186
2434.88 -0.01779
2435.12 -0.01972
2435.37 -0.02049
2435.61 -0.01958
2435.85 -0.01988
2436.09 -0.0196
2436.33 -0.01907
2436.57 -0.01875
2436.81 -0.01837
2437.05 -0.01883
2437.29 -0.0194
2437.54 -0.01949
2437.78 -0.01981
2438.02 -0.02037
2438.26 -0.02006
2438.5 -0.0194
2438.74 -0.01947
2438.98 -0.01903
2439.22 -0.01883
2439.46 -0.01839
2439.71 -0.01826
2439.95 -0.0189
2440.19 -0.01943
2440.43 -0.0188
2440.67 -0.01852
2440.91 -0.01949
2441.15 -0.01972
2441.39 -0.0188
2441.63 -0.01833
2441.88 -0.01865
2442.12 -0.01844
2442.36 -0.01892
2442.6 -0.02041
2442.84 -0.02049
2443.08 -0.01984
2443.32 -0.01939
2443.56 -0.01923
2443.8 -0.02011
2444.05 -0.02077
2444.29 -0.0196
2444.53 -0.01855
2444.77 -0.01855
2445.01 -0.01906
2445.25 -0.01899
2445.49 -0.01893
2445.73 -0.01981
2445.97 -0.01963
2446.22 -0.01973
2446.46 -0.02039
2446.7 -0.02024
2446.94 -0.01956
2447.18 -0.0197
2447.42 -0.01954
2447.66 -0.01994
2447.9 -0.01999
2448.14 -0.01952
2448.39 -0.01996
2448.63 -0.02027
2448.87 -0.02068
2449.11 -0.02047
2449.35 -0.01972
2449.59 -0.01863
2449.83 -0.01826
2450.07 -0.01922
2450.31 -0.01984
2450.55 -0.01925
2450.8 -0.01869
2451.04 -0.01923
2451.28 -0.01905
2451.52 -0.01913
2451.76 -0.01961
2452 -0.01909
2452.24 -0.01933
2452.48 -0.02006
2452.72 -0.02008
2452.97 -0.01994
2453.21 -0.01926
2453.45 -0.01899
2453.69 -0.0201
2453.93 -0.02031
2454.17 -0.01984
2454.41 -0.01988
2454.65 -0.01975
2454.89 -0.02014
2455.14 -0.01946
2455.38 -0.01872
2455.62 -0.01861
2455.86 -0.01882
2456.1 -0.01915
2456.34 -0.01876
2456.58 -0.01901
2456.82 -0.01884
2457.06 -0.01814
2457.31 -0.01835
2457.55 -0.01854
2457.79 -0.01787
2458.03 -0.0188
2458.27 -0.02005
2458.51 -0.01966
2458.75 -0.01971
2458.99 -0.01976
2459.23 -0.01924
2459.48 -0.01997
2459.72 -0.01874
2459.96 -0.01745
2460.2 -0.01934
2460.44 -0.01935
2460.68 -0.01903
2460.92 -0.01892
2461.16 -0.01976
2461.4 -0.02063
2461.65 -0.01997
2461.89 -0.01987
2462.13 -0.02018
2462.37 -0.01981
2462.61 -0.01919
2462.85 -0.01969
2463.09 -0.02026
2463.33 -0.02115
2463.57 -0.02098
2463.82 -0.01988
2464.06 -0.01947
2464.3 -0.01963
2464.54 -0.01989
2464.78 -0.01999
2465.02 -0.01997
2465.26 -0.02027
2465.5 -0.02026
2465.74 -0.01901
2465.99 -0.01939
2466.23 -0.02042
2466.47 -0.01993
2466.71 -0.01951
2466.95 -0.01875
2467.19 -0.0188
2467.43 -0.01932
2467.67 -0.01959
2467.91 -0.01966
2468.16 -0.02002
2468.4 -0.01992
2468.64 -0.01885
2468.88 -0.01915
2469.12 -0.01947
2469.36 -0.01943
2469.6 -0.01982
2469.84 -0.0198
2470.08 -0.02024
2470.33 -0.02049
2470.57 -0.02023
2470.81 -0.01879
2471.05 -0.01842
2471.29 -0.02021
2471.53 -0.01911
2471.77 -0.01894
2472.01 -0.02089
2472.25 -0.02058
2472.5 -0.02017
2472.74 -0.01905
2472.98 -0.0188
2473.22 -0.0204
2473.46 -0.02187
2473.7 -0.02221
2473.94 -0.02031
2474.18 -0.01925
2474.42 -0.01958
2474.67 -0.0197
2474.91 -0.02015
2475.15 -0.02067
2475.39 -0.02016
2475.63 -0.02003
2475.87 -0.02005
2476.11 -0.02034
2476.35 -0.02039
2476.59 -0.01894
2476.83 -0.01806
2477.08 -0.01847
2477.32 -0.0193
2477.56 -0.01938
2477.8 -0.01989
2478.04 -0.02054
2478.28 -0.01959
2478.52 -0.01868
2478.76 -0.01873
2479 -0.01978
2479.25 -0.02046
2479.49 -0.01968
2479.73 -0.01917
2479.97 -0.01897
2480.21 -0.01918
2480.45 -0.01952
2480.69 -0.02004
2480.93 -0.0208
2481.17 -0.02046
2481.42 -0.02027
2481.66 -0.02018
2481.9 -0.0202
2482.14 -0.01952
2482.38 -0.01867
2482.62 -0.01909
2482.86 -0.01921
2483.1 -0.02011
2483.34 -0.02
2483.59 -0.01943
2483.83 -0.01974
2484.07 -0.01888
2484.31 -0.01931
2484.55 -0.02006
2484.79 -0.02027
2485.03 -0.02082
2485.27 -0.0203
2485.51 -0.01989
2485.76 -0.02048
2486 -0.02049
2486.24 -0.02031
2486.48 -0.02031
2486.72 -0.01955
2486.96 -0.01881
2487.2 -0.01854
2487.44 -0.0193
2487.68 -0.02042
2487.93 -0.02009
2488.17 -0.02014
2488.41 -0.02048
2488.65 -0.02049
2488.89 -0.02059
2489.13 -0.0203
2489.37 -0.01986
2489.61 -0.01939
2489.85 -0.01933
2490.1 -0.01926
2490.34 -0.02019
2490.58 -0.02109
2490.82 -0.02017
2491.06 -0.01994
2491.3 -0.01967
2491.54 -0.01922
2491.78 -0.01941
2492.02 -0.01987
2492.27 -0.02086
2492.51 -0.02057
2492.75 -0.0199
2492.99 -0.01966
2493.23 -0.02021
2493.47 -0.02127
2493.71 -0.02042
2493.95 -0.01938
2494.19 -0.02027
2494.44 -0.02008
2494.68 -0.01923
2494.92 -0.01924
2495.16 -0.01986
2495.4 -0.02054
2495.64 -0.01986
2495.88 -0.01913
2496.12 -0.01905
2496.36 -0.01994
2496.61 -0.02078
2496.85 -0.02075
2497.09 -0.02099
2497.33 -0.02052
2497.57 -0.01986
2497.81 -0.0202
2498.05 -0.01965
2498.29 -0.0194
2498.53 -0.02001
2498.78 -0.02013
2499.02 -0.0197
2499.26 -0.02004
2499.5 -0.02091
2499.74 -0.02016
2499.98 -0.01917
2500.22 -0.02004
2500.46 -0.01961
2500.7 -0.01865
2500.95 -0.01907
2501.19 -0.0188
2501.43 -0.01877
2501.67 -0.01947
2501.91 -0.02042
2502.15 -0.02047
2502.39 -0.01956
2502.63 -0.01927
2502.87 -0.01986
2503.11 -0.02036
2503.36 -0.01982
2503.6 -0.01904
2503.84 -0.01901
2504.08 -0.0192
2504.32 -0.0188
2504.56 -0.01931
2504.8 -0.01991
2505.04 -0.02003
2505.28 -0.02065
2505.53 -0.02128
2505.77 -0.02107
2506.01 -0.01945
2506.25 -0.01926
2506.49 -0.01951
2506.73 -0.01838
2506.97 -0.01715
2507.21 -0.01791
2507.45 -0.02006
2507.7 -0.02027
2507.94 -0.01947
2508.18 -0.01984
2508.42 -0.02019
2508.66 -0.01995
2508.9 -0.01977
2509.14 -0.01989
2509.38 -0.02028
2509.62 -0.0202
2509.87 -0.01988
2510.11 -0.01988
2510.35 -0.01956
2510.59 -0.02003
2510.83 -0.01952
2511.07 -0.01971
2511.31 -0.02001
2511.55 -0.01874
2511.79 -0.01919
2512.04 -0.01981
2512.28 -0.01992
2512.52 -0.01969
2512.76 -0.01898
2513 -0.0183
2513.24 -0.01907
2513.48 -0.02048
2513.72 -0.02049
2513.96 -0.02
2514.21 -0.01974
2514.45 -0.02007
2514.69 -0.02081
2514.93 -0.02017
2515.17 -0.01931
2515.41 -0.01972
2515.65 -0.02048
2515.89 -0.02068
2516.13 -0.02026
2516.38 -0.02061
2516.62 -0.02042
2516.86 -0.01973
2517.1 -0.01985
2517.34 -0.01928
2517.58 -0.01943
2517.82 -0.02038
2518.06 -0.02067
2518.3 -0.02085
2518.55 -0.02009
2518.79 -0.01981
2519.03 -0.02036
2519.27 -0.021
2519.51 -0.02146
2519.75 -0.02026
2519.99 -0.01887
2520.23 -0.01909
2520.47 -0.01954
2520.72 -0.01958
2520.96 -0.01939
2521.2 -0.01961
2521.44 -0.02017
2521.68 -0.02028
2521.92 -0.01984
2522.16 -0.01958
2522.4 -0.01965
2522.64 -0.0193
2522.89 -0.01906
2523.13 -0.01952
2523.37 -0.01975
2523.61 -0.02037
2523.85 -0.02049
2524.09 -0.01958
2524.33 -0.02027
2524.57 -0.02019
2524.81 -0.01947
2525.06 -0.01927
2525.3 -0.01874
2525.54 -0.0186
2525.78 -0.019
2526.02 -0.01952
2526.26 -0.01908
2526.5 -0.01857
2526.74 -0.01994
2526.98 -0.0198
2527.23 -0.01926
2527.47 -0.01992
2527.71 -0.02009
2527.95 -0.02022
2528.19 -0.01968
2528.43 -0.01895
2528.67 -0.0187
2528.91 -0.01834
2529.15 -0.01836
2529.4 -0.01888
2529.64 -0.01962
2529.88 -0.02035
2530.12 -0.02017
2530.36 -0.01902
2530.6 -0.01843
2530.84 -0.0188
2531.08 -0.01902
2531.32 -0.01977
2531.56 -0.01973
2531.81 -0.01949
2532.05 -0.01931
2532.29 -0.01876
2532.53 -0.01981
2532.77 -0.02054
2533.01 -0.01994
2533.25 -0.0193
2533.49 -0.01876
2533.73 -0.01941
2533.98 -0.02004
2534.22 -0.01998
2534.46 -0.01968
2534.7 -0.01899
2534.94 -0.01857
2535.18 -0.01929
2535.42 -0.02032
2535.66 -0.02019
2535.9 -0.01974
2536.15 -0.02063
2536.39 -0.02049
2536.63 -0.01993
2536.87 -0.02029
2537.11 -0.01977
2537.35 -0.01966
2537.59 -0.01981
2537.83 -0.01956
2538.07 -0.01993
2538.32 -0.01989
2538.56 -0.01942
2538.8 -0.02031
2539.04 -0.01975
2539.28 -0.01923
2539.52 -0.02035
2539.76 -0.02033
2540 -0.02084
2540.24 -0.02107
2540.49 -0.01933
2540.73 -0.01915
2540.97 -0.01951
2541.21 -0.01996
2541.45 -0.02028
2541.69 -0.01949
2541.93 -0.0199
2542.17 -0.01989
2542.41 -0.01924
2542.66 -0.01942
2542.9 -0.01989
2543.14 -0.01885
2543.38 -0.01939
2543.62 -0.02151
2543.86 -0.02085
2544.1 -0.02024
2544.34 -0.02103
2544.58 -0.02057
2544.83 -0.02029
2545.07 -0.0202
2545.31 -0.01992
2545.55 -0.02044
2545.79 -0.02059
2546.03 -0.02031
2546.27 -0.01933
2546.51 -0.01904
2546.75 -0.02028
2547 -0.02024
2547.24 -0.0195
2547.48 -0.01988
2547.72 -0.01937
2547.96 -0.02001
2548.2 -0.02026
2548.44 -0.01891
2548.68 -0.01928
2548.92 -0.01922
2549.17 -0.01917
2549.41 -0.02004
2549.65 -0.01953
2549.89 -0.01987
2550.13 -0.02015
2550.37 -0.01995
2550.61 -0.02089
2550.85 -0.02043
2551.09 -0.02057
2551.34 -0.02058
2551.58 -0.02003
2551.82 -0.02119
2552.06 -0.02077
2552.3 -0.01954
2552.54 -0.01952
2552.78 -0.01991
2553.02 -0.02031
2553.26 -0.02058
2553.51 -0.02079
2553.75 -0.02043
2553.99 -0.02042
2554.23 -0.02008
2554.47 -0.01992
2554.71 -0.02014
2554.95 -0.01984
2555.19 -0.01958
2555.43 -0.0194
2555.68 -0.01858
2555.92 -0.01904
2556.16 -0.0207
2556.4 -0.02128
2556.64 -0.02083
2556.88 -0.0199
2557.12 -0.01972
2557.36 -0.01961
2557.6 -0.01933
2557.84 -0.01951
2558.09 -0.0198
2558.33 -0.01979
2558.57 -0.02011
2558.81 -0.02055
2559.05 -0.02039
2559.29 -0.01916
2559.53 -0.01882
2559.77 -0.0207
2560.01 -0.02178
2560.26 -0.02103
2560.5 -0.02022
2560.74 -0.02001
2560.98 -0.01939
2561.22 -0.01885
2561.46 -0.01928
2561.7 -0.0199
2561.94 -0.02003
2562.18 -0.0212
2562.43 -0.02179
2562.67 -0.02075
2562.91 -0.0199
2563.15 -0.01997
2563.39 -0.02039
2563.63 -0.02039
2563.87 -0.02097
2564.11 -0.02087
2564.35 -0.0207
2564.6 -0.02097
2564.84 -0.02021
2565.08 -0.01987
2565.32 -0.02063
2565.56 -0.02037
2565.8 -0.01962
2566.04 -0.01957
2566.28 -0.02002
2566.52 -0.01986
2566.77 -0.01898
2567.01 -0.01947
2567.25 -0.0205
2567.49 -0.02085
2567.73 -0.02109
2567.97 -0.02077
2568.21 -0.01993
2568.45 -0.01956
2568.69 -0.02053
2568.94 -0.02054
2569.18 -0.01973
2569.42 -0.02023
2569.66 -0.02006
2569.9 -0.02015
2570.14 -0.01984
2570.38 -0.01947
2570.62 -0.02038
2570.86 -0.02061
2571.11 -0.0203
2571.35 -0.01974
2571.59 -0.01996
2571.83 -0.02006
2572.07 -0.01942
2572.31 -0.02078
2572.55 -0.02088
2572.79 -0.01986
2573.03 -0.02033
2573.28 -0.02088
2573.52 -0.02073
2573.76 -0.02042
2574 -0.02011
2574.24 -0.01942
2574.48 -0.01936
2574.72 -0.01929
2574.96 -0.0191
2575.2 -0.02009
2575.45 -0.02026
2575.69 -0.01968
2575.93 -0.0197
2576.17 -0.01999
2576.41 -0.02032
2576.65 -0.02021
2576.89 -0.0206
2577.13 -0.0207
2577.37 -0.02007
2577.62 -0.02027
2577.86 -0.02111
2578.1 -0.02125
2578.34 -0.01995
2578.58 -0.01967
2578.82 -0.02031
2579.06 -0.02028
2579.3 -0.02052
2579.54 -0.02087
2579.79 -0.0207
2580.03 -0.01978
2580.27 -0.0195
2580.51 -0.0193
2580.75 -0.01952
2580.99 -0.0198
2581.23 -0.0189
2581.47 -0.01923
2581.71 -0.02021
2581.96 -0.02085
2582.2 -0.02085
2582.44 -0.01892
2582.68 -0.01781
2582.92 -0.01881
2583.16 -0.01934
2583.4 -0.01926
2583.64 -0.0195
2583.88 -0.01911
2584.12 -0.01865
2584.37 -0.01883
2584.61 -0.01934
2584.85 -0.01954
2585.09 -0.01985
2585.33 -0.01999
2585.57 -0.01978
2585.81 -0.01999
2586.05 -0.02017
2586.29 -0.02008
2586.54 -0.01956
2586.78 -0.01971
2587.02 -0.02012
2587.26 -0.01968
2587.5 -0.01933
2587.74 -0.01994
2587.98 -0.02025
2588.22 -0.02019
2588.46 -0.02032
2588.71 -0.0198
2588.95 -0.01989
2589.19 -0.02053
2589.43 -0.02079
2589.67 -0.02105
2589.91 -0.02127
2590.15 -0.02021
2590.39 -0.01878
2590.63 -0.0191
2590.88 -0.02037
2591.12 -0.01966
2591.36 -0.01956
2591.6 -0.0206
2591.84 -0.01972
2592.08 -0.0191
2592.32 -0.02022
2592.56 -0.02054
2592.8 -0.02017
2593.05 -0.0207
2593.29 -0.02063
2593.53 -0.01966
2593.77 -0.01938
2594.01 -0.0199
2594.25 -0.01982
2594.49 -0.01991
2594.73 -0.01954
2594.97 -0.0189
2595.22 -0.0187
2595.46 -0.01872
2595.7 -0.01929
2595.94 -0.02046
2596.18 -0.0203
2596.42 -0.0191
2596.66 -0.01905
2596.9 -0.01995
2597.14 -0.02052
2597.39 -0.01984
2597.63 -0.01922
2597.87 -0.01901
2598.11 -0.01919
2598.35 -0.01969
2598.59 -0.01895
2598.83 -0.01872
2599.07 -0.02001
2599.31 -0.02018
2599.56 -0.01984
2599.8 -0.02051
2600.04 -0.02032
2600.28 -0.01988
2600.52 -0.02006
2600.76 -0.01971
2601 -0.01987
2601.24 -0.02049
2601.48 -0.02038
2601.73 -0.02003
2601.97 -0.01996
2602.21 -0.02069
2602.45 -0.02114
2602.69 -0.02041
2602.93 -0.0199
2603.17 -0.02022
2603.41 -0.02086
2603.65 -0.02124
2603.9 -0.02172
2604.14 -0.02153
2604.38 -0.0204
2604.62 -0.02027
2604.86 -0.02047
2605.1 -0.02132
2605.34 -0.02145
2605.58 -0.02093
2605.82 -0.02147
2606.07 -0.0214
2606.31 -0.02094
2606.55 -0.02011
2606.79 -0.02012
2607.03 -0.02039
2607.27 -0.02069
2607.51 -0.02167
2607.75 -0.0214
2607.99 -0.02071
2608.24 -0.02084
2608.48 -0.02032
2608.72 -0.01963
2608.96 -0.01985
2609.2 -0.01934
2609.44 -0.01995
2609.68 -0.02137
2609.92 -0.02063
2610.16 -0.02025
2610.41 -0.0202
2610.65 -0.01973
2610.89 -0.01927
2611.13 -0.01933
2611.37 -0.02041
2611.61 -0.02096
2611.85 -0.02067
2612.09 -0.0212
2612.33 -0.0216
2612.58 -0.02013
2612.82 -0.02004
2613.06 -0.02188
2613.3 -0.02133
2613.54 -0.0199
2613.78 -0.01967
2614.02 -0.01932
2614.26 -0.01928
2614.5 -0.01934
2614.75 -0.01976
2614.99 -0.01965
2615.23 -0.01875
2615.47 -0.01915
2615.71 -0.0203
2615.95 -0.02097
2616.19 -0.02157
2616.43 -0.02131
2616.67 -0.02127
2616.91 -0.0211
2617.16 -0.01978
2617.4 -0.02041
2617.64 -0.02172
2617.88 -0.02136
2618.12 -0.02085
2618.36 -0.02095
2618.6 -0.02055
2618.84 -0.01996
2619.08 -0.02038
2619.33 -0.02066
2619.57 -0.02089
2619.81 -0.0215
2620.05 -0.02131
2620.29 -0.02079
2620.53 -0.02036
2620.77 -0.02021
2621.01 -0.02022
2621.25 -0.02043
2621.5 -0.02055
2621.74 -0.01991
2621.98 -0.01991
2622.22 -0.02038
2622.46 -0.02079
2622.7 -0.02036
2622.94 -0.0204
2623.18 -0.02177
2623.42 -0.02093
2623.67 -0.02003
2623.91 -0.02032
2624.15 -0.02038
2624.39 -0.02065
2624.63 -0.02063
2624.87 -0.02054
2625.11 -0.02014
2625.35 -0.01992
2625.59 -0.02114
2625.84 -0.02126
2626.08 -0.02006
2626.32 -0.01922
2626.56 -0.01956
2626.8 -0.02017
2627.04 -0.01965
2627.28 -0.01979
2627.52 -0.01968
2627.76 -0.0203
2628.01 -0.02087
2628.25 -0.02042
2628.49 -0.02041
2628.73 -0.02023
2628.97 -0.01987
2629.21 -0.02097
2629.45 -0.022
2629.69 -0.0209
2629.93 -0.01994
2630.18 -0.02042
2630.42 -0.02128
2630.66 -0.02077
2630.9 -0.01999
2631.14 -0.01976
2631.38 -0.02035
2631.62 -0.02084
2631.86 -0.01973
2632.1 -0.01969
2632.35 -0.02028
2632.59 -0.02044
2632.83 -0.02118
2633.07 -0.02068
2633.31 -0.02043
2633.55 -0.02058
2633.79 -0.0203
2634.03 -0.02042
2634.27 -0.02016
2634.52 -0.02052
2634.76 -0.02104
2635 -0.0201
2635.24 -0.01879
2635.48 -0.01928
2635.72 -0.02062
2635.96 -0.02102
2636.2 -0.02068
2636.44 -0.01998
2636.69 -0.01933
2636.93 -0.01954
2637.17 -0.02017
2637.41 -0.02035
2637.65 -0.02146
2637.89 -0.02225
2638.13 -0.02145
2638.37 -0.02129
2638.61 -0.02103
2638.86 -0.02002
2639.1 -0.02015
2639.34 -0.02106
2639.58 -0.02083
2639.82 -0.0207
2640.06 -0.02134
2640.3 -0.02179
2640.54 -0.02163
2640.78 -0.02036
2641.03 -0.01944
2641.27 -0.02043
2641.51 -0.02005
2641.75 -0.01896
2641.99 -0.02028
2642.23 -0.02016
2642.47 -0.01969
2642.71 -0.0212
2642.95 -0.02121
2643.2 -0.0201
2643.44 -0.02053
2643.68 -0.02031
2643.92 -0.01979
2644.16 -0.0201
2644.4 -0.02076
2644.64 -0.02
2644.88 -0.01958
2645.12 -0.01982
2645.36 -0.01916
2645.61 -0.01932
2645.85 -0.01913
2646.09 -0.01923
2646.33 -0.0195
2646.57 -0.01967
2646.81 -0.0203
2647.05 -0.02058
2647.29 -0.02086
2647.53 -0.02125
2647.78 -0.02136
2648.02 -0.02193
2648.26 -0.0218
2648.5 -0.02093
2648.74 -0.02045
2648.98 -0.02044
2649.22 -0.02061
2649.46 -0.02029
2649.7 -0.01985
2649.95 -0.02003
2650.19 -0.02002
2650.43 -0.0196
2650.67 -0.02025
2650.91 -0.021
2651.15 -0.02114
2651.39 -0.02034
2651.63 -0.01996
2651.87 -0.02039
2652.12 -0.02079
2652.36 -0.0212
2652.6 -0.02114
2652.84 -0.02119
2653.08 -0.02082
2653.32 -0.02072
2653.56 -0.02132
2653.8 -0.02148
2654.04 -0.02076
2654.29 -0.02056
2654.53 -0.02072
2654.77 -0.02074
2655.01 -0.02118
2655.25 -0.02175
2655.49 -0.02162
2655.73 -0.01993
2655.97 -0.02002
2656.21 -0.02041
2656.46 -0.02015
2656.7 -0.02093
2656.94 -0.02156
2657.18 -0.02168
2657.42 -0.02089
2657.66 -0.01965
2657.9 -0.01975
2658.14 -0.02043
2658.38 -0.02082
2658.63 -0.02188
2658.87 -0.02138
2659.11 -0.0202
2659.35 -0.02051
2659.59 -0.02128
2659.83 -0.02019
2660.07 -0.01993
2660.31 -0.02161
2660.55 -0.02183
2660.8 -0.02052
2661.04 -0.01982
2661.28 -0.02089
2661.52 -0.02129
2661.76 -0.01991
2662 -0.01975
2662.24 -0.02058
2662.48 -0.02066
2662.72 -0.02017
2662.97 -0.02003
2663.21 -0.02068
2663.45 -0.0206
2663.69 -0.02018
2663.93 -0.02021
2664.17 -0.01949
2664.41 -0.01982
2664.65 -0.0201
2664.89 -0.01991
2665.14 -0.02086
2665.38 -0.02056
2665.62 -0.0203
2665.86 -0.02115
2666.1 -0.02132
2666.34 -0.02101
2666.58 -0.02079
2666.82 -0.02071
2667.06 -0.0204
2667.31 -0.02036
2667.55 -0.02095
2667.79 -0.02122
2668.03 -0.02106
2668.27 -0.02062
2668.51 -0.02046
2668.75 -0.02001
2668.99 -0.02028
2669.23 -0.02135
2669.48 -0.02101
2669.72 -0.02067
2669.96 -0.0213
2670.2 -0.02095
2670.44 -0.02063
2670.68 -0.02128
2670.92 -0.02174
2671.16 -0.02198
2671.4 -0.02143
2671.65 -0.02097
2671.89 -0.02036
2672.13 -0.02053
2672.37 -0.02048
2672.61 -0.01983
2672.85 -0.01989
2673.09 -0.02021
2673.33 -0.01971
2673.57 -0.01972
2673.81 -0.02154
2674.06 -0.0219
2674.3 -0.02141
2674.54 -0.02043
2674.78 -0.01975
2675.02 -0.02039
2675.26 -0.02111
2675.5 -0.02055
2675.74 -0.01952
2675.98 -0.01986
2676.23 -0.02049
2676.47 -0.02065
2676.71 -0.02135
2676.95 -0.02138
2677.19 -0.02016
2677.43 -0.01994
2677.67 -0.02047
2677.91 -0.01964
2678.15 -0.01966
2678.4 -0.02011
2678.64 -0.02022
2678.88 -0.02201
2679.12 -0.0223
2679.36 -0.02121
2679.6 -0.02108
2679.84 -0.02039
2680.08 -0.02033
2680.32 -0.02085
2680.57 -0.02052
2680.81 -0.0202
2681.05 -0.02036
2681.29 -0.02031
2681.53 -0.02035
2681.77 -0.02118
2682.01 -0.0214
2682.25 -0.02137
2682.49 -0.02121
2682.74 -0.02163
2682.98 -0.021
2683.22 -0.02029
2683.46 -0.02147
2683.7 -0.02179
2683.94 -0.0213
2684.18 -0.02126
2684.42 -0.02111
2684.66 -0.02099
2684.91 -0.02104
2685.15 -0.02041
2685.39 -0.02107
2685.63 -0.02134
2685.87 -0.02089
2686.11 -0.0216
2686.35 -0.02123
2686.59 -0.02151
2686.83 -0.0225
2687.08 -0.02218
2687.32 -0.02124
2687.56 -0.02054
2687.8 -0.02136
2688.04 -0.02151
2688.28 -0.0213
2688.52 -0.0214
2688.76 -0.01988
2689 -0.01994
2689.25 -0.02054
2689.49 -0.02049
2689.73 -0.02132
2689.97 -0.02075
2690.21 -0.0197
2690.45 -0.02016
2690.69 -0.02089
2690.93 -0.02064
2691.17 -0.02015
2691.42 -0.02104
2691.66 -0.02165
2691.9 -0.02157
2692.14 -0.02101
2692.38 -0.02075
2692.62 -0.02072
2692.86 -0.02019
2693.1 -0.02043
2693.34 -0.02041
2693.59 -0.02092
2693.83 -0.0212
2694.07 -0.0206
2694.31 -0.02059
2694.55 -0.02119
2694.79 -0.02195
2695.03 -0.02223
2695.27 -0.02134
2695.51 -0.02055
2695.76 -0.02063
2696 -0.02058
2696.24 -0.02097
2696.48 -0.02097
2696.72 -0.01998
2696.96 -0.0202
2697.2 -0.02093
2697.44 -0.02108
2697.68 -0.02117
2697.93 -0.02013
2698.17 -0.01943
2698.41 -0.01964
2698.65 -0.02124
2698.89 -0.02223
2699.13 -0.02095
2699.37 -0.01977
2699.61 -0.02004
2699.85 -0.02109
2700.09 -0.02106
2700.34 -0.02138
2700.58 -0.02156
2700.82 -0.02037
2701.06 -0.01993
2701.3 -0.02007
2701.54 -0.02026
2701.78 -0.02009
2702.02 -0.02063
2702.26 -0.02127
2702.51 -0.02114
2702.75 -0.02162
2702.99 -0.02154
2703.23 -0.02074
2703.47 -0.02046
2703.71 -0.02071
2703.95 -0.02089
2704.19 -0.0216
2704.43 -0.02249
2704.68 -0.02217
2704.92 -0.02128
2705.16 -0.02212
2705.4 -0.02218
2705.64 -0.02096
2705.88 -0.02066
2706.12 -0.02038
2706.36 -0.02023
2706.6 -0.02062
2706.85 -0.02185
2707.09 -0.02239
2707.33 -0.0216
2707.57 -0.02161
2707.81 -0.02233
2708.05 -0.02209
2708.29 -0.02126
2708.53 -0.02138
2708.77 -0.02159
2709.02 -0.0221
2709.26 -0.02194
2709.5 -0.02109
2709.74 -0.02116
2709.98 -0.02062
2710.22 -0.01998
2710.46 -0.02057
2710.7 -0.02071
2710.94 -0.02173
2711.19 -0.02244
2711.43 -0.0215
2711.67 -0.0212
2711.91 -0.02168
2712.15 -0.02197
2712.39 -0.02124
2712.63 -0.02027
2712.87 -0.02015
2713.11 -0.02107
2713.36 -0.02196
2713.6 -0.02193
2713.84 -0.02136
2714.08 -0.02072
2714.32 -0.02057
2714.56 -0.02089
2714.8 -0.02139
2715.04 -0.02244
2715.28 -0.0221
2715.53 -0.02035
2715.77 -0.0205
2716.01 -0.02075
2716.25 -0.02054
2716.49 -0.02031
2716.73 -0.01964
2716.97 -0.02008
2717.21 -0.0214
2717.45 -0.02164
2717.7 -0.02144
2717.94 -0.02104
2718.18 -0.01992
2718.42 -0.02109
2718.66 -0.02191
2718.9 -0.0223
2719.14 -0.02264
2719.38 -0.02155
2719.62 -0.02115
2719.87 -0.02134
2720.11 -0.0219
2720.35 -0.02062
2720.59 -0.02057
2720.83 -0.02211
2721.07 -0.02215
2721.31 -0.02208
2721.55 -0.02221
2721.79 -0.02198
2722.04 -0.0215
2722.28 -0.02157
2722.52 -0.02107
2722.76 -0.02155
2723 -0.02212
2723.24 -0.02126
2723.48 -0.02047
2723.72 -0.02099
2723.96 -0.02115
2724.21 -0.02097
2724.45 -0.02095
2724.69 -0.01988
2724.93 -0.01984
2725.17 -0.02174
2725.41 -0.02262
2725.65 -0.02143
2725.89 -0.02065
2726.13 -0.02083
2726.38 -0.02086
2726.62 -0.02115
2726.86 -0.02111
2727.1 -0.02138
2727.34 -0.02104
2727.58 -0.01977
2727.82 -0.02054
2728.06 -0.02081
2728.3 -0.02055
2728.54 -0.0209
2728.79 -0.02177
2729.03 -0.0217
2729.27 -0.02082
2729.51 -0.02071
2729.75 -0.02007
2729.99 -0.0206
2730.23 -0.02058
2730.47 -0.02043
2730.71 -0.02143
2730.96 -0.02181
2731.2 -0.02147
2731.44 -0.0219
2731.68 -0.0223
2731.92 -0.02171
2732.16 -0.02188
2732.4 -0.02114
2732.64 -0.02021
2732.88 -0.01978
2733.13 -0.01988
2733.37 -0.02053
2733.61 -0.02084
2733.85 -0.02139
2734.09 -0.02163
2734.33 -0.02077
2734.57 -0.02051
2734.81 -0.02049
2735.05 -0.01982
2735.3 -0.01952
2735.54 -0.02098
2735.78 -0.02212
2736.02 -0.0207
2736.26 -0.01956
2736.5 -0.02072
2736.74 -0.02189
2736.98 -0.02177
2737.22 -0.0219
2737.47 -0.02168
2737.71 -0.02027
2737.95 -0.02053
2738.19 -0.02235
2738.43 -0.02214
2738.67 -0.02056
2738.91 -0.02056
2739.15 -0.02077
2739.39 -0.02053
2739.64 -0.02093
2739.88 -0.02112
2740.12 -0.02053
2740.36 -0.02035
2740.6 -0.02057
2740.84 -0.02136
2741.08 -0.02254
2741.32 -0.02239
2741.56 -0.02255
2741.81 -0.0225
2742.05 -0.02081
2742.29 -0.02078
2742.53 -0.02097
2742.77 -0.02064
2743.01 -0.02208
2743.25 -0.0221
2743.49 -0.02184
2743.73 -0.02171
2743.98 -0.02074
2744.22 -0.02025
2744.46 -0.02055
2744.7 -0.02076
2744.94 -0.02071
2745.18 -0.02105
2745.42 -0.02085
2745.66 -0.02119
2745.9 -0.02166
2746.15 -0.02169
2746.39 -0.02151
2746.63 -0.02117
2746.87 -0.02071
2747.11 -0.02033
2747.35 -0.02094
2747.59 -0.02034
2747.83 -0.01958
2748.07 -0.02114
2748.32 -0.0222
2748.56 -0.02081
2748.8 -0.02054
2749.04 -0.02118
2749.28 -0.02158
2749.52 -0.02145
2749.76 -0.02081
2750 -0.02168
2750.24 -0.02302
2750.49 -0.02271
2750.73 -0.02172
2750.97 -0.02173
2751.21 -0.02214
2751.45 -0.02175
2751.69 -0.02092
2751.93 -0.02053
2752.17 -0.02118
2752.41 -0.02192
2752.66 -0.02213
2752.9 -0.02243
2753.14 -0.02212
2753.38 -0.0211
2753.62 -0.02097
2753.86 -0.02038
2754.1 -0.01988
2754.34 -0.02087
2754.58 -0.02191
2754.82 -0.02129
2755.07 -0.02065
2755.31 -0.02108
2755.55 -0.0208
2755.79 -0.02095
2756.03 -0.02124
2756.27 -0.02023
2756.51 -0.02052
2756.75 -0.02173
2756.99 -0.02136
2757.24 -0.02055
2757.48 -0.01997
2757.72 -0.02041
2757.96 -0.02055
2758.2 -0.02056
2758.44 -0.02039
2758.68 -0.021
2758.92 -0.02195
2759.16 -0.02154
2759.41 -0.02136
2759.65 -0.02135
2759.89 -0.02154
2760.13 -0.02241
2760.37 -0.02225
2760.61 -0.02085
2760.85 -0.0208
2761.09 -0.0213
2761.33 -0.02139
2761.58 -0.02123
2761.82 -0.02091
2762.06 -0.02142
2762.3 -0.02267
2762.54 -0.02224
2762.78 -0.02086
2763.02 -0.02127
2763.26 -0.02211
2763.5 -0.02251
2763.75 -0.02141
2763.99 -0.0208
2764.23 -0.02082
2764.47 -0.01974
2764.71 -0.01978
2764.95 -0.02062
2765.19 -0.0207
2765.43 -0.02016
2765.67 -0.02025
2765.92 -0.0208
2766.16 -0.02012
2766.4 -0.02075
2766.64 -0.02189
2766.88 -0.02191
2767.12 -0.02283
2767.36 -0.0224
2767.6 -0.02146
2767.84 -0.02169
2768.09 -0.02183
2768.33 -0.02114
2768.57 -0.02086
2768.81 -0.02111
2769.05 -0.0217
2769.29 -0.02177
2769.53 -0.02113
2769.77 -0.02155
2770.01 -0.02285
2770.26 -0.02186
2770.5 -0.02141
2770.74 -0.02245
2770.98 -0.02263
2771.22 -0.02164
2771.46 -0.02149
2771.7 -0.02321
2771.94 -0.02343
2772.18 -0.02246
2772.43 -0.02143
2772.67 -0.02144
2772.91 -0.02073
2773.15 -0.02024
2773.39 -0.02049
2773.63 -0.01999
2773.87 -0.02087
2774.11 -0.02122
2774.35 -0.02104
2774.6 -0.02145
2774.84 -0.0205
2775.08 -0.02037
2775.32 -0.02087
2775.56 -0.02085
2775.8 -0.02087
2776.04 -0.02086
2776.28 -0.02093
2776.52 -0.02118
2776.77 -0.02123
2777.01 -0.02149
2777.25 -0.02209
2777.49 -0.02192
2777.73 -0.02215
2777.97 -0.02326
2778.21 -0.02366
2778.45 -0.02265
2778.69 -0.02118
2778.94 -0.02031
2779.18 -0.02035
2779.42 -0.02153
2779.66 -0.02171
2779.9 -0.02074
2780.14 -0.02062
2780.38 -0.02094
2780.62 -0.02094
2780.86 -0.02106
2781.1 -0.02203
2781.35 -0.02177
2781.59 -0.02143
2781.83 -0.02183
2782.07 -0.02203
2782.31 -0.0223
2782.55 -0.02144
2782.79 -0.0214
2783.03 -0.02182
2783.27 -0.02188
2783.52 -0.02196
2783.76 -0.02163
2784 -0.02143
2784.24 -0.02111
2784.48 -0.01998
2784.72 -0.01945
2784.96 -0.02032
2785.2 -0.02164
2785.44 -0.02253
2785.69 -0.0223
2785.93 -0.02248
2786.17 -0.02273
2786.41 -0.02233
2786.65 -0.02173
2786.89 -0.02192
2787.13 -0.02223
2787.37 -0.02104
2787.61 -0.02081
2787.86 -0.02164
2788.1 -0.02272
2788.34 -0.02261
2788.58 -0.0224
2788.82 -0.02252
2789.06 -0.02213
2789.3 -0.02214
2789.54 -0.02148
2789.78 -0.02141
2790.03 -0.02104
2790.27 -0.02094
2790.51 -0.02088
2790.75 -0.021
2790.99 -0.02221
2791.23 -0.02291
2791.47 -0.02281
2791.71 -0.0221
2791.95 -0.02143
2792.2 -0.02058
2792.44 -0.02024
2792.68 -0.02023
2792.92 -0.02103
2793.16 -0.02236
2793.4 -0.02286
2793.64 -0.02273
2793.88 -0.02182
2794.12 -0.02141
2794.37 -0.02032
2794.61 -0.02003
2794.85 -0.02104
2795.09 -0.02059
2795.33 -0.02083
2795.57 -0.02061
2795.81 -0.02028
2796.05 -0.02147
2796.29 -0.02169
2796.54 -0.02117
2796.78 -0.02098
2797.02 -0.02057
2797.26 -0.02149
2797.5 -0.02212
2797.74 -0.02181
2797.98 -0.02145
2798.22 -0.02157
2798.46 -0.02193
2798.71 -0.02098
2798.95 -0.02131
2799.19 -0.02194
2799.43 -0.02098
2799.67 -0.02079
2799.91 -0.02122
2800.15 -0.02081
2800.39 -0.02106
2800.63 -0.02101
2800.88 -0.02004
2801.12 -0.02016
2801.36 -0.02138
2801.6 -0.02079
2801.84 -0.01987
2802.08 -0.02074
2802.32 -0.02036
2802.56 -0.02011
2802.8 -0.02073
2803.05 -0.02049
2803.29 -0.02005
2803.53 -0.01976
2803.77 -0.02091
2804.01 -0.02211
2804.25 -0.02186
2804.49 -0.02228
2804.73 -0.02161
2804.97 -0.02065
2805.22 -0.02148
2805.46 -0.02183
2805.7 -0.02154
2805.94 -0.02011
2806.18 -0.01949
2806.42 -0.0202
2806.66 -0.02035
2806.9 -0.02003
2807.14 -0.01999
2807.39 -0.0204
2807.63 -0.02099
2807.87 -0.02138
2808.11 -0.02146
2808.35 -0.02045
2808.59 -0.02003
2808.83 -0.02054
2809.07 -0.01973
2809.31 -0.01961
2809.55 -0.01987
2809.8 -0.02013
2810.04 -0.02025
2810.28 -0.01918
2810.52 -0.01936
2810.76 -0.02053
2811 -0.02146
2811.24 -0.02089
2811.48 -0.01975
2811.72 -0.0195
2811.97 -0.02
2812.21 -0.02068
2812.45 -0.02029
2812.69 -0.02131
2812.93 -0.02103
2813.17 -0.01971
2813.41 -0.02028
2813.65 -0.02001
2813.89 -0.01986
2814.14 -0.02133
2814.38 -0.02141
2814.62 -0.02077
2814.86 -0.02059
2815.1 -0.02022
2815.34 -0.02002
2815.58 -0.02
2815.82 -0.02004
2816.06 -0.01988
2816.31 -0.02119
2816.55 -0.02046
2816.79 -0.01919
2817.03 -0.02033
2817.27 -0.02016
2817.51 -0.01973
2817.75 -0.01973
2817.99 -0.02022
2818.23 -0.01977
2818.48 -0.02044
2818.72 -0.02162
2818.96 -0.02061
2819.2 -0.02078
2819.44 -0.02101
2819.68 -0.02016
2819.92 -0.01977
2820.16 -0.02038
2820.4 -0.02033
2820.65 -0.01998
2820.89 -0.02012
2821.13 -0.01986
2821.37 -0.02016
2821.61 -0.02019
2821.85 -0.02032
2822.09 -0.02188
2822.33 -0.02255
2822.57 -0.02205
2822.82 -0.02068
2823.06 -0.02028
2823.3 -0.02056
2823.54 -0.01972
2823.78 -0.01964
2824.02 -0.02055
2824.26 -0.02085
2824.5 -0.01974
2824.74 -0.01972
2824.99 -0.02068
2825.23 -0.02082
2825.47 -0.0204
2825.71 -0.02012
2825.95 -0.01943
2826.19 -0.01785
2826.43 -0.01845
2826.67 -0.02024
2826.91 -0.02098
2827.16 -0.01988
2827.4 -0.01884
2827.64 -0.0197
2827.88 -0.02011
2828.12 -0.02062
2828.36 -0.02085
2828.6 -0.02151
2828.84 -0.02113
2829.08 -0.01967
2829.33 -0.02033
2829.57 -0.0208
2829.81 -0.02021
2830.05 -0.02051
2830.29 -0.01971
2830.53 -0.01995
2830.77 -0.02088
2831.01 -0.01997
2831.25 -0.02002
2831.5 -0.02079
2831.74 -0.02093
2831.98 -0.02116
2832.22 -0.02169
2832.46 -0.02127
2832.7 -0.02103
2832.94 -0.02048
2833.18 -0.0205
2833.42 -0.0209
2833.67 -0.01984
2833.91 -0.02012
2834.15 -0.0216
2834.39 -0.02148
2834.63 -0.02122
2834.87 -0.02063
2835.11 -0.02114
2835.35 -0.02052
2835.59 -0.01974
2835.83 -0.02075
2836.08 -0.02031
2836.32 -0.01996
2836.56 -0.02025
2836.8 -0.02125
2837.04 -0.02127
2837.28 -0.02025
2837.52 -0.02063
2837.76 -0.02098
2838 -0.02009
2838.25 -0.02096
2838.49 -0.02247
2838.73 -0.02287
2838.97 -0.02237
2839.21 -0.02137
2839.45 -0.02112
2839.69 -0.02084
2839.93 -0.02102
2840.17 -0.02122
2840.42 -0.02096
2840.66 -0.02198
2840.9 -0.02183
2841.14 -0.02177
2841.38 -0.02268
2841.62 -0.02242
2841.86 -0.0221
2842.1 -0.02154
2842.34 -0.02117
2842.59 -0.02071
2842.83 -0.02009
2843.07 -0.02043
2843.31 -0.02088
2843.55 -0.02083
2843.79 -0.02038
2844.03 -0.02034
2844.27 -0.02093
2844.51 -0.02189
2844.76 -0.02191
2845 -0.02099
2845.24 -0.02023
2845.48 -0.02054
2845.72 -0.02167
2845.96 -0.02199
2846.2 -0.02188
2846.44 -0.02185
2846.68 -0.02211
2846.93 -0.0222
2847.17 -0.02274
2847.41 -0.02275
2847.65 -0.02193
2847.89 -0.02177
2848.13 -0.02207
2848.37 -0.02156
2848.61 -0.02066
2848.85 -0.02123
2849.1 -0.0208
2849.34 -0.0205
2849.58 -0.02148
2849.82 -0.02172
2850.06 -0.02156
2850.3 -0.02082
2850.54 -0.02002
2850.78 -0.01993
2851.02 -0.02009
2851.27 -0.0204
2851.51 -0.0216
2851.75 -0.02225
2851.99 -0.02244
2852.23 -0.02132
2852.47 -0.02107
2852.71 -0.02186
2852.95 -0.02104
2853.19 -0.02125
2853.44 -0.02215
2853.68 -0.02146
2853.92 -0.02117
2854.16 -0.0209
2854.4 -0.02019
2854.64 -0.0208
2854.88 -0.02158
2855.12 -0.02134
2855.36 -0.02123
2855.61 -0.02193
2855.85 -0.02169
2856.09 -0.02113
2856.33 -0.0213
2856.57 -0.02104
2856.81 -0.02086
2857.05 -0.02105
2857.29 -0.0212
2857.53 -0.02162
2857.78 -0.02168
2858.02 -0.02117
2858.26 -0.02073
2858.5 -0.02109
2858.74 -0.02095
2858.98 -0.02047
2859.22 -0.02079
2859.46 -0.02164
2859.7 -0.02157
2859.95 -0.02137
2860.19 -0.0216
2860.43 -0.02018
2860.67 -0.02021
2860.91 -0.02278
2861.15 -0.02293
2861.39 -0.02227
2861.63 -0.0223
2861.87 -0.02236
2862.11 -0.02284
2862.36 -0.0214
2862.6 -0.02082
2862.84 -0.02232
2863.08 -0.02211
2863.32 -0.02064
2863.56 -0.02052
2863.8 -0.02112
2864.04 -0.02109
2864.28 -0.0213
2864.53 -0.02135
2864.77 -0.02021
2865.01 -0.01933
2865.25 -0.02006
2865.49 -0.02066
2865.73 -0.02127
2865.97 -0.02241
2866.21 -0.02264
2866.45 -0.02221
2866.7 -0.02227
2866.94 -0.02195
2867.18 -0.02078
2867.42 -0.02109
2867.66 -0.02154
2867.9 -0.02154
2868.14 -0.02181
2868.38 -0.02196
2868.62 -0.02153
2868.87 -0.02098
2869.11 -0.02138
2869.35 -0.02212
2869.59 -0.02152
2869.83 -0.0203
2870.07 -0.02046
2870.31 -0.02009
2870.55 -0.02101
2870.79 -0.02158
2871.04 -0.02042
2871.28 -0.02104
2871.52 -0.02186
2871.76 -0.02046
2872 -0.01998
2872.24 -0.02081
2872.48 -0.02099
2872.72 -0.0217
2872.96 -0.02146
2873.21 -0.02049
2873.45 -0.02059
2873.69 -0.0219
2873.93 -0.02166
2874.17 -0.02024
2874.41 -0.02046
2874.65 -0.02109
2874.89 -0.02094
2875.13 -0.02186
2875.38 -0.02199
2875.62 -0.0211
2875.86 -0.0214
2876.1 -0.02114
2876.34 -0.02048
2876.58 -0.02165
2876.82 -0.02282
2877.06 -0.02092
2877.3 -0.01999
2877.55 -0.02131
2877.79 -0.02206
2878.03 -0.02269
2878.27 -0.02342
2878.51 -0.02257
2878.75 -0.02101
2878.99 -0.02144
2879.23 -0.02235
2879.47 -0.0216
2879.72 -0.0211
2879.96 -0.02167
2880.2 -0.02145
2880.44 -0.02056
2880.68 -0.02083
2880.92 -0.02217
2881.16 -0.02196
2881.4 -0.02129
2881.64 -0.02211
2881.89 -0.022
2882.13 -0.02048
2882.37 -0.021
2882.61 -0.02131
2882.85 -0.02058
2883.09 -0.02115
2883.33 -0.02166
2883.57 -0.02138
2883.81 -0.02185
2884.06 -0.02169
2884.3 -0.02186
2884.54 -0.02172
2884.78 -0.02116
2885.02 -0.02248
2885.26 -0.02243
2885.5 -0.0208
2885.74 -0.0206
2885.98 -0.02155
2886.23 -0.02184
2886.47 -0.02234
2886.71 -0.02241
2886.95 -0.02134
2887.19 -0.02134
2887.43 -0.02239
2887.67 -0.02118
2887.91 -0.02029
2888.15 -0.02049
2888.4 -0.0205
2888.64 -0.021
2888.88 -0.0212
2889.12 -0.02164
2889.36 -0.02254
2889.6 -0.02211
2889.84 -0.02115
2890.08 -0.02055
2890.32 -0.02192
2890.56 -0.02296
2890.81 -0.02205
2891.05 -0.02156
2891.29 -0.02238
2891.53 -0.02203
2891.77 -0.02142
2892.01 -0.02198
2892.25 -0.02182
2892.49 -0.02206
2892.73 -0.02199
2892.98 -0.02174
2893.22 -0.02124
2893.46 -0.02138
2893.7 -0.02318
2893.94 -0.02376
2894.18 -0.02215
2894.42 -0.02166
2894.66 -0.02169
2894.9 -0.02227
2895.15 -0.02215
2895.39 -0.02112
2895.63 -0.02158
2895.87 -0.02199
2896.11 -0.02157
2896.35 -0.02156
2896.59 -0.02173
2896.83 -0.02141
2897.07 -0.02121
2897.32 -0.02091
2897.56 -0.02082
2897.8 -0.02189
2898.04 -0.02195
2898.28 -0.02168
2898.52 -0.02183
2898.76 -0.02153
2899 -0.0209
2899.24 -0.0208
2899.49 -0.02123
2899.73 -0.02118
2899.97 -0.02131
2900.21 -0.02126
2900.45 -0.02109
2900.69 -0.02128
2900.93 -0.02155
2901.17 -0.02221
2901.41 -0.02258
2901.66 -0.02177
2901.9 -0.02102
2902.14 -0.0205
2902.38 -0.02035
2902.62 -0.0213
2902.86 -0.02199
2903.1 -0.0216
2903.34 -0.02151
2903.58 -0.02127
2903.83 -0.02103
2904.07 -0.02133
2904.31 -0.02081
2904.55 -0.02036
2904.79 -0.02066
2905.03 -0.02173
2905.27 -0.02292
2905.51 -0.02281
2905.75 -0.02183
2906 -0.0201
2906.24 -0.02012
2906.48 -0.02148
2906.72 -0.02194
2906.96 -0.02117
2907.2 -0.02122
2907.44 -0.02182
2907.68 -0.02169
2907.92 -0.02193
2908.17 -0.02133
2908.41 -0.02186
2908.65 -0.0224
2908.89 -0.02123
2909.13 -0.0207
2909.37 -0.01967
2909.61 -0.02001
2909.85 -0.02065
2910.09 -0.02183
2910.34 -0.02271
2910.58 -0.02085
2910.82 -0.02143
2911.06 -0.02285
2911.3 -0.02214
2911.54 -0.02104
2911.78 -0.02134
2912.02 -0.02151
2912.26 -0.01996
2912.51 -0.01967
2912.75 -0.02211
2912.99 -0.0233
2913.23 -0.02274
2913.47 -0.02208
2913.71 -0.02225
2913.95 -0.02258
2914.19 -0.02237
2914.43 -0.02262
2914.68 -0.0215
2914.92 -0.02091
2915.16 -0.02183
2915.4 -0.02132
2915.64 -0.02136
2915.88 -0.02231
2916.12 -0.02159
2916.36 -0.02162
2916.6 -0.02227
2916.84 -0.02169
2917.09 -0.02155
2917.33 -0.0228
2917.57 -0.02316
2917.81 -0.02147
2918.05 -0.02049
2918.29 -0.02059
2918.53 -0.01989
2918.77 -0.01988
2919.01 -0.02157
2919.26 -0.02298
2919.5 -0.02323
2919.74 -0.02373
2919.98 -0.0245
2920.22 -0.02381
2920.46 -0.02347
2920.7 -0.02313
2920.94 -0.02119
2921.18 -0.02078
2921.43 -0.02277
2921.67 -0.02205
2921.91 -0.02015
2922.15 -0.02143
2922.39 -0.02257
2922.63 -0.02175
2922.87 -0.02128
2923.11 -0.02049
2923.35 -0.02031
2923.6 -0.02218
2923.84 -0.02304
2924.08 -0.02342
2924.32 -0.02324
2924.56 -0.02284
2924.8 -0.02242
2925.04 -0.0219
2925.28 -0.0236
2925.52 -0.02416
2925.77 -0.0229
2926.01 -0.02217
2926.25 -0.02123
2926.49 -0.02153
2926.73 -0.02331
2926.97 -0.02275
2927.21 -0.02126
2927.45 -0.02143
2927.69 -0.02053
2927.94 -0.02032
2928.18 -0.0223
2928.42 -0.02264
2928.66 -0.02139
2928.9 -0.0209
2929.14 -0.02155
2929.38 -0.0231
2929.62 -0.02276
2929.86 -0.02089
2930.11 -0.02074
2930.35 -0.021
2930.59 -0.02087
2930.83 -0.02089
2931.07 -0.02141
2931.31 -0.02084
2931.55 -0.02159
2931.79 -0.02254
2932.03 -0.02211
2932.28 -0.02245
2932.52 -0.02213
2932.76 -0.02191
2933 -0.02107
2933.24 -0.02083
2933.48 -0.0219
2933.72 -0.02251
2933.96 -0.02173
2934.2 -0.02146
2934.45 -0.02274
2934.69 -0.02216
2934.93 -0.02079
2935.17 -0.0213
2935.41 -0.02146
2935.65 -0.02074
2935.89 -0.0216
2936.13 -0.02259
2936.37 -0.02241
2936.62 -0.02189
2936.86 -0.0215
2937.1 -0.02208
2937.34 -0.02254
2937.58 -0.02247
2937.82 -0.02247
2938.06 -0.0228
2938.3 -0.0215
2938.54 -0.0209
2938.79 -0.02242
2939.03 -0.02286
2939.27 -0.02298
2939.51 -0.0227
2939.75 -0.02171
2939.99 -0.02111
2940.23 -0.02083
2940.47 -0.0215
2940.71 -0.02064
2940.96 -0.02089
2941.2 -0.02232
2941.44 -0.02171
2941.68 -0.02058
2941.92 -0.02058
2942.16 -0.02103
2942.4 -0.0213
2942.64 -0.02095
2942.88 -0.02014
2943.13 -0.02131
2943.37 -0.02185
2943.61 -0.02265
2943.85 -0.02312
2944.09 -0.02179
2944.33 -0.0232
2944.57 -0.02376
2944.81 -0.02172
2945.05 -0.02073
2945.3 -0.02156
2945.54 -0.02316
2945.78 -0.02316
2946.02 -0.02326
2946.26 -0.02319
2946.5 -0.02168
2946.74 -0.02222
2946.98 -0.02269
2947.22 -0.02163
2947.47 -0.02102
2947.71 -0.02067
2947.95 -0.02064
2948.19 -0.02156
2948.43 -0.02279
2948.67 -0.02252
2948.91 -0.02222
2949.15 -0.02236
2949.39 -0.02193
2949.63 -0.02117
2949.88 -0.02114
2950.12 -0.02086
2950.36 -0.0204
2950.6 -0.0209
2950.84 -0.02157
2951.08 -0.02188
2951.32 -0.02149
2951.56 -0.02128
2951.8 -0.02206
2952.05 -0.02206
2952.29 -0.0225
2952.53 -0.02276
2952.77 -0.02146
2953.01 -0.02051
2953.25 -0.02038
2953.49 -0.02173
2953.73 -0.02194
2953.97 -0.02105
2954.22 -0.02118
2954.46 -0.02105
2954.7 -0.02063
2954.94 -0.02109
2955.18 -0.02137
2955.42 -0.02086
2955.66 -0.02103
2955.9 -0.02058
2956.14 -0.02056
2956.39 -0.0219
2956.63 -0.02143
2956.87 -0.02044
2957.11 -0.02217
2957.35 -0.02237
2957.59 -0.0213
2957.83 -0.02174
2958.07 -0.02119
2958.31 -0.02006
2958.56 -0.01952
2958.8 -0.02144
2959.04 -0.02274
2959.28 -0.0213
2959.52 -0.02083
2959.76 -0.02095
2960 -0.02124
2960.24 -0.02257
2960.48 -0.02202
2960.73 -0.02117
2960.97 -0.02092
2961.21 -0.01941
2961.45 -0.0211
2961.69 -0.02245
2961.93 -0.02079
2962.17 -0.02082
2962.41 -0.02095
2962.65 -0.02165
2962.9 -0.02355
2963.14 -0.02395
2963.38 -0.02252
2963.62 -0.02128
2963.86 -0.02206
2964.1 -0.02116
2964.34 -0.02051
2964.58 -0.0204
2964.82 -0.02055
2965.07 -0.02157
2965.31 -0.02102
2965.55 -0.02146
2965.79 -0.02083
2966.03 -0.0212
2966.27 -0.02254
2966.51 -0.02226
2966.75 -0.02108
2966.99 -0.02007
2967.24 -0.0219
2967.48 -0.02244
2967.72 -0.02176
2967.96 -0.02116
2968.2 -0.02158
2968.44 -0.02164
2968.68 -0.02039
2968.92 -0.0217
2969.16 -0.02201
2969.41 -0.0214
2969.65 -0.02215
2969.89 -0.02322
2970.13 -0.02187
2970.37 -0.02009
2970.61 -0.02145
2970.85 -0.02319
2971.09 -0.02258
2971.33 -0.02187
2971.58 -0.02174
2971.82 -0.02056
2972.06 -0.02047
2972.3 -0.02122
2972.54 -0.02246
2972.78 -0.02176
2973.02 -0.02072
2973.26 -0.02097
2973.5 -0.02071
2973.75 -0.02142
2973.99 -0.02187
2974.23 -0.02192
2974.47 -0.02102
2974.71 -0.02054
2974.95 -0.02032
2975.19 -0.01928
2975.43 -0.01957
2975.67 -0.02095
2975.92 -0.02179
2976.16 -0.02145
2976.4 -0.0207
2976.64 -0.02041
2976.88 -0.02045
2977.12 -0.02082
2977.36 -0.02027
2977.6 -0.01866
2977.84 -0.01795
2978.08 -0.01925
2978.33 -0.02084
2978.57 -0.01999
2978.81 -0.0196
2979.05 -0.02032
2979.29 -0.02031
2979.53 -0.02027
2979.77 -0.019
2980.01 -0.01854
2980.25 -0.02086
2980.5 -0.02133
2980.74 -0.01909
2980.98 -0.01894
2981.22 -0.02107
2981.46 -0.02077
2981.7 -0.01975
2981.94 -0.01939
2982.18 -0.01963
2982.42 -0.02074
2982.67 -0.02053
2982.91 -0.02041
2983.15 -0.02034
2983.39 -0.01983
2983.63 -0.01938
2983.87 -0.01862
2984.11 -0.01846
2984.35 -0.01924
2984.59 -0.01908
2984.84 -0.01755
2985.08 -0.01799
2985.32 -0.01894
2985.56 -0.01903
2985.8 -0.01851
2986.04 -0.01793
2986.28 -0.01762
2986.52 -0.01749
2986.76 -0.01815
2987.01 -0.01759
2987.25 -0.01824
2987.49 -0.01895
2987.73 -0.01802
2987.97 -0.01847
2988.21 -0.01891
2988.45 -0.01818
2988.69 -0.01822
2988.93 -0.01872
2989.18 -0.01844
2989.42 -0.01705
2989.66 -0.01559
2989.9 -0.01647
2990.14 -0.01734
2990.38 -0.0176
2990.62 -0.01834
2990.86 -0.01818
2991.1 -0.01719
2991.35 -0.01622
2991.59 -0.0169
2991.83 -0.01762
2992.07 -0.01714
2992.31 -0.01615
2992.55 -0.01627
2992.79 -0.01725
2993.03 -0.01609
2993.27 -0.01561
2993.52 -0.01639
2993.76 -0.01578
2994 -0.01489
2994.24 -0.01395
2994.48 -0.01405
2994.72 -0.01345
2994.96 -0.0122
2995.2 -0.01218
2995.44 -0.01247
2995.69 -0.013
2995.93 -0.01289
2996.17 -0.01113
2996.41 -0.01086
2996.65 -0.01167
2996.89 -0.01012
2997.13 -0.00842
2997.37 -0.00861
2997.61 -0.00945
2997.86 -0.00898
2998.1 -0.00825
2998.34 -0.0073
2998.58 -0.00641
2998.82 -0.00681
2999.06 -0.00697
2999.3 -0.00673
2999.54 -0.00608
2999.78 -0.00461
3000.03 -0.00343
3000.27 -0.00266
3000.51 -0.00114
3000.75 -3.33603E-4
3000.99 2.58312E-5
3001.23 0.00165
3001.47 0.00281
3001.71 0.00321
3001.95 0.00306
3002.2 0.00388
3002.44 0.00594
3002.68 0.00655
3002.92 0.00608
3003.16 0.00789
3003.4 0.00972
3003.64 0.01054
3003.88 0.01159
3004.12 0.01289
3004.36 0.01465
3004.61 0.01619
3004.85 0.01905
3005.09 0.02133
3005.33 0.02239
3005.57 0.02449
3005.81 0.02681
3006.05 0.02787
3006.29 0.03016
3006.53 0.03184
3006.78 0.03249
3007.02 0.03399
3007.26 0.03492
3007.5 0.03699
3007.74 0.03981
3007.98 0.04119
3008.22 0.04161
3008.46 0.04271
3008.7 0.04477
3008.95 0.04702
3009.19 0.04782
3009.43 0.04636
3009.67 0.04667
3009.91 0.04899
3010.15 0.04987
3010.39 0.05112
3010.63 0.05161
3010.87 0.05027
3011.12 0.05002
3011.36 0.05138
3011.6 0.05083
3011.84 0.05032
3012.08 0.05048
3012.32 0.04995
3012.56 0.04991
3012.8 0.04797
3013.04 0.04703
3013.29 0.04684
3013.53 0.04583
3013.77 0.04348
3014.01 0.03995
3014.25 0.03864
3014.49 0.03805
3014.73 0.03834
3014.97 0.03737
3015.21 0.03477
3015.46 0.03262
3015.7 0.03069
3015.94 0.02965
3016.18 0.02843
3016.42 0.02749
3016.66 0.02674
3016.9 0.02474
3017.14 0.02273
3017.38 0.0218
3017.63 0.01997
3017.87 0.01859
3018.11 0.01766
3018.35 0.0174
3018.59 0.01667
3018.83 0.0138
3019.07 0.01281
3019.31 0.01166
3019.55 0.01137
3019.8 0.0108
3020.04 0.00833
3020.28 0.00761
3020.52 0.00726
3020.76 0.00836
3021 0.00869
3021.24 0.00689
3021.48 0.00631
3021.72 0.00554
3021.97 0.00359
3022.21 8.08723E-4
3022.45 -6.48588E-4
3022.69 0.00132
3022.93 0.00134
3023.17 -2.77266E-4
3023.41 6.12475E-5
3023.65 -8.96379E-4
3023.89 -0.00144
3024.14 -6.96238E-4
3024.38 -0.00111
3024.62 -0.00254
3024.86 -0.00268
3025.1 -0.00283
3025.34 -0.00344
3025.58 -0.00286
3025.82 -0.00338
3026.06 -0.00409
3026.31 -0.00412
3026.55 -0.00526
3026.79 -0.0063
3027.03 -0.00616
3027.27 -0.00665
3027.51 -0.00588
3027.75 -0.00522
3027.99 -0.00658
3028.23 -0.00775
3028.48 -0.00714
3028.72 -0.00669
3028.96 -0.00778
3029.2 -0.00758
3029.44 -0.00741
3029.68 -0.00774
3029.92 -0.00825
3030.16 -0.00916
3030.4 -0.00869
3030.65 -0.00827
3030.89 -0.00941
3031.13 -0.00828
3031.37 -0.00761
3031.61 -0.01016
3031.85 -0.01054
3032.09 -0.01044
3032.33 -0.01146
3032.57 -0.01124
3032.81 -0.01012
3033.06 -0.01018
3033.3 -0.01063
3033.54 -0.01168
3033.78 -0.01295
3034.02 -0.01317
3034.26 -0.01216
3034.5 -0.01124
3034.74 -0.01248
3034.98 -0.01244
3035.23 -0.01124
3035.47 -0.01236
3035.71 -0.01311
3035.95 -0.01272
3036.19 -0.01291
3036.43 -0.01244
3036.67 -0.01227
3036.91 -0.01334
3037.15 -0.01392
3037.4 -0.01314
3037.64 -0.01307
3037.88 -0.01255
3038.12 -0.01295
3038.36 -0.01391
3038.6 -0.0129
3038.84 -0.01383
3039.08 -0.01408
3039.32 -0.01382
3039.57 -0.01332
3039.81 -0.01348
3040.05 -0.0137
3040.29 -0.01291
3040.53 -0.01275
3040.77 -0.01384
3041.01 -0.01494
3041.25 -0.01374
3041.49 -0.01286
3041.74 -0.01405
3041.98 -0.01514
3042.22 -0.01405
3042.46 -0.01419
3042.7 -0.01571
3042.94 -0.01523
3043.18 -0.01373
3043.42 -0.01403
3043.66 -0.01433
3043.91 -0.01464
3044.15 -0.01553
3044.39 -0.01652
3044.63 -0.01631
3044.87 -0.01594
3045.11 -0.01523
3045.35 -0.01563
3045.59 -0.01648
3045.83 -0.01585
3046.08 -0.01651
3046.32 -0.01707
3046.56 -0.01616
3046.8 -0.01557
3047.04 -0.01547
3047.28 -0.01487
3047.52 -0.01505
3047.76 -0.01517
3048 -0.01546
3048.25 -0.0152
3048.49 -0.01535
3048.73 -0.01648
3048.97 -0.01648
3049.21 -0.01653
3049.45 -0.01641
3049.69 -0.01504
3049.93 -0.01518
3050.17 -0.01739
3050.42 -0.01694
3050.66 -0.01523
3050.9 -0.01537
3051.14 -0.01599
3051.38 -0.01643
3051.62 -0.01639
3051.86 -0.01619
3052.1 -0.01566
3052.34 -0.01698
3052.59 -0.01768
3052.83 -0.01492
3053.07 -0.01482
3053.31 -0.01585
3053.55 -0.01571
3053.79 -0.01589
3054.03 -0.0156
3054.27 -0.01626
3054.51 -0.01681
3054.76 -0.0175
3055 -0.01796
3055.24 -0.01723
3055.48 -0.01684
3055.72 -0.01722
3055.96 -0.01784
3056.2 -0.01699
3056.44 -0.01647
3056.68 -0.01677
3056.93 -0.01677
3057.17 -0.01622
3057.41 -0.01581
3057.65 -0.01633
3057.89 -0.01663
3058.13 -0.01648
3058.37 -0.01644
3058.61 -0.01667
3058.85 -0.01551
3059.09 -0.01524
3059.34 -0.01732
3059.58 -0.01754
3059.82 -0.01722
3060.06 -0.01765
3060.3 -0.01683
3060.54 -0.0161
3060.78 -0.01675
3061.02 -0.01656
3061.26 -0.01829
3061.51 -0.01824
3061.75 -0.01602
3061.99 -0.01574
3062.23 -0.01588
3062.47 -0.0166
3062.71 -0.01723
3062.95 -0.01799
3063.19 -0.01774
3063.43 -0.01825
3063.68 -0.01767
3063.92 -0.01662
3064.16 -0.01707
3064.4 -0.01791
3064.64 -0.01818
3064.88 -0.01768
3065.12 -0.0167
3065.36 -0.01578
3065.6 -0.01691
3065.85 -0.01756
3066.09 -0.01778
3066.33 -0.0184
3066.57 -0.01862
3066.81 -0.01814
3067.05 -0.01679
3067.29 -0.0156
3067.53 -0.01589
3067.77 -0.01773
3068.02 -0.0169
3068.26 -0.01563
3068.5 -0.01682
3068.74 -0.01699
3068.98 -0.01708
3069.22 -0.017
3069.46 -0.01668
3069.7 -0.01666
3069.94 -0.01764
3070.19 -0.01887
3070.43 -0.01842
3070.67 -0.01955
3070.91 -0.01987
3071.15 -0.01836
3071.39 -0.01768
3071.63 -0.01803
3071.87 -0.01771
3072.11 -0.01707
3072.36 -0.01791
3072.6 -0.01804
3072.84 -0.01768
3073.08 -0.01784
3073.32 -0.01867
3073.56 -0.01722
3073.8 -0.01709
3074.04 -0.01856
3074.28 -0.01928
3074.53 -0.0207
3074.77 -0.0191
3075.01 -0.0176
3075.25 -0.01802
3075.49 -0.01846
3075.73 -0.01926
3075.97 -0.01903
3076.21 -0.01807
3076.45 -0.01798
3076.7 -0.01786
3076.94 -0.01731
3077.18 -0.01721
3077.42 -0.01725
3077.66 -0.01761
3077.9 -0.01803
3078.14 -0.01707
3078.38 -0.01575
3078.62 -0.01555
3078.87 -0.01659
3079.11 -0.01812
3079.35 -0.01839
3079.59 -0.01831
3079.83 -0.0182
3080.07 -0.0165
3080.31 -0.0156
3080.55 -0.01821
3080.79 -0.01984
3081.04 -0.01857
3081.28 -0.01741
3081.52 -0.01682
3081.76 -0.01591
3082 -0.01676
3082.24 -0.018
3082.48 -0.01734
3082.72 -0.01786
3082.96 -0.019
3083.21 -0.01896
3083.45 -0.01898
3083.69 -0.01828
3083.93 -0.01681
3084.17 -0.01693
3084.41 -0.01799
3084.65 -0.01774
3084.89 -0.01822
3085.13 -0.01829
3085.38 -0.0172
3085.62 -0.01803
3085.86 -0.01889
3086.1 -0.01912
3086.34 -0.0191
3086.58 -0.0189
3086.82 -0.0177
3087.06 -0.01703
3087.3 -0.01825
3087.54 -0.01877
3087.79 -0.01751
3088.03 -0.01711
3088.27 -0.01822
3088.51 -0.01926
3088.75 -0.01852
3088.99 -0.0174
3089.23 -0.01781
3089.47 -0.01729
3089.71 -0.01756
3089.96 -0.01832
3090.2 -0.01846
3090.44 -0.01788
3090.68 -0.01751
3090.92 -0.01755
3091.16 -0.01725
3091.4 -0.01721
3091.64 -0.01622
3091.88 -0.01707
3092.13 -0.01837
3092.37 -0.01732
3092.61 -0.01708
3092.85 -0.0173
3093.09 -0.01734
3093.33 -0.01794
3093.57 -0.01679
3093.81 -0.01586
3094.05 -0.01783
3094.3 -0.0187
3094.54 -0.01835
3094.78 -0.01862
3095.02 -0.0199
3095.26 -0.0205
3095.5 -0.01977
3095.74 -0.02024
3095.98 -0.01917
3096.22 -0.01677
3096.47 -0.01619
3096.71 -0.01735
3096.95 -0.01804
3097.19 -0.01778
3097.43 -0.01727
3097.67 -0.01759
3097.91 -0.01803
3098.15 -0.01822
3098.39 -0.01811
3098.64 -0.01805
3098.88 -0.01863
3099.12 -0.01854
3099.36 -0.01855
3099.6 -0.01907
3099.84 -0.01904
3100.08 -0.01881
3100.32 -0.01875
3100.56 -0.01911
3100.81 -0.01984
3101.05 -0.01834
3101.29 -0.01763
3101.53 -0.01731
3101.77 -0.01714
3102.01 -0.01809
3102.25 -0.01893
3102.49 -0.01993
3102.73 -0.01948
3102.98 -0.01743
3103.22 -0.01697
3103.46 -0.01772
3103.7 -0.01615
3103.94 -0.01466
3104.18 -0.01582
3104.42 -0.0169
3104.66 -0.01843
3104.9 -0.01847
3105.15 -0.01646
3105.39 -0.01811
3105.63 -0.0197
3105.87 -0.01875
3106.11 -0.01875
3106.35 -0.01914
3106.59 -0.01795
3106.83 -0.01786
3107.07 -0.01856
3107.32 -0.01943
3107.56 -0.01935
3107.8 -0.01908
3108.04 -0.01857
3108.28 -0.01773
3108.52 -0.01756
3108.76 -0.01857
3109 -0.01998
3109.24 -0.01895
3109.49 -0.01832
3109.73 -0.01832
3109.97 -0.01744
3110.21 -0.01619
3110.45 -0.01642
3110.69 -0.01688
3110.93 -0.01678
3111.17 -0.01798
3111.41 -0.01863
3111.66 -0.01808
3111.9 -0.01762
3112.14 -0.0177
3112.38 -0.01851
3112.62 -0.01875
3112.86 -0.01848
3113.1 -0.01845
3113.34 -0.01845
3113.58 -0.01783
3113.82 -0.01626
3114.07 -0.01568
3114.31 -0.01694
3114.55 -0.01834
3114.79 -0.01789
3115.03 -0.01747
3115.27 -0.01775
3115.51 -0.01755
3115.75 -0.01766
3115.99 -0.01758
3116.24 -0.0169
3116.48 -0.01728
3116.72 -0.01766
3116.96 -0.01694
3117.2 -0.0167
3117.44 -0.0177
3117.68 -0.01786
3117.92 -0.01835
3118.16 -0.01962
3118.41 -0.02037
3118.65 -0.02006
3118.89 -0.01907
3119.13 -0.019
3119.37 -0.01824
3119.61 -0.0169
3119.85 -0.01721
3120.09 -0.0178
3120.33 -0.01631
3120.58 -0.01524
3120.82 -0.01667
3121.06 -0.01894
3121.3 -0.01895
3121.54 -0.0189
3121.78 -0.01877
3122.02 -0.01681
3122.26 -0.01791
3122.5 -0.01887
3122.75 -0.01845
3122.99 -0.01916
3123.23 -0.01925
3123.47 -0.01864
3123.71 -0.01722
3123.95 -0.01662
3124.19 -0.01767
3124.43 -0.01827
3124.67 -0.01733
3124.92 -0.01656
3125.16 -0.01814
3125.4 -0.01873
3125.64 -0.01814
3125.88 -0.01845
3126.12 -0.01826
3126.36 -0.01834
3126.6 -0.01781
3126.84 -0.01689
3127.09 -0.01719
3127.33 -0.01666
3127.57 -0.0161
3127.81 -0.01735
3128.05 -0.01679
3128.29 -0.01668
3128.53 -0.01794
3128.77 -0.01728
3129.01 -0.01623
3129.26 -0.01653
3129.5 -0.01685
3129.74 -0.01724
3129.98 -0.01704
3130.22 -0.0166
3130.46 -0.01674
3130.7 -0.01636
3130.94 -0.01592
3131.18 -0.01687
3131.43 -0.01814
3131.67 -0.01784
3131.91 -0.01872
3132.15 -0.0201
3132.39 -0.01883
3132.63 -0.01967
3132.87 -0.01828
3133.11 -0.01587
3133.35 -0.01745
3133.6 -0.01739
3133.84 -0.01662
3134.08 -0.01623
3134.32 -0.01595
3134.56 -0.01636
3134.8 -0.01701
3135.04 -0.01623
3135.28 -0.01644
3135.52 -0.01786
3135.77 -0.01867
3136.01 -0.01878
3136.25 -0.01858
3136.49 -0.01793
3136.73 -0.01742
3136.97 -0.0178
3137.21 -0.01806
3137.45 -0.01836
3137.69 -0.01717
3137.94 -0.0166
3138.18 -0.01949
3138.42 -0.01824
3138.66 -0.01554
3138.9 -0.01654
3139.14 -0.01647
3139.38 -0.01676
3139.62 -0.01731
3139.86 -0.01729
3140.1 -0.01778
3140.35 -0.01743
3140.59 -0.01649
3140.83 -0.01718
3141.07 -0.01751
3141.31 -0.01735
3141.55 -0.01837
3141.79 -0.01814
3142.03 -0.01861
3142.27 -0.01924
3142.52 -0.01731
3142.76 -0.01623
3143 -0.01637
3143.24 -0.01532
3143.48 -0.01563
3143.72 -0.01749
3143.96 -0.01837
3144.2 -0.01926
3144.44 -0.01842
3144.69 -0.01631
3144.93 -0.01589
3145.17 -0.01694
3145.41 -0.01762
3145.65 -0.01732
3145.89 -0.01756
3146.13 -0.01821
3146.37 -0.01716
3146.61 -0.01687
3146.86 -0.01707
3147.1 -0.01593
3147.34 -0.01704
3147.58 -0.01855
3147.82 -0.01857
3148.06 -0.01854
3148.3 -0.01806
3148.54 -0.01753
3148.78 -0.0177
3149.03 -0.01795
3149.27 -0.0171
3149.51 -0.0167
3149.75 -0.01738
3149.99 -0.01592
3150.23 -0.016
3150.47 -0.01694
3150.71 -0.01658
3150.95 -0.0167
3151.2 -0.01598
3151.44 -0.01658
3151.68 -0.01808
3151.92 -0.01796
3152.16 -0.01814
3152.4 -0.01886
3152.64 -0.01655
3152.88 -0.01611
3153.12 -0.01644
3153.37 -0.01565
3153.61 -0.0168
3153.85 -0.01698
3154.09 -0.01675
3154.33 -0.01584
3154.57 -0.0162
3154.81 -0.01689
3155.05 -0.01648
3155.29 -0.01647
3155.54 -0.01564
3155.78 -0.01539
3156.02 -0.01645
3156.26 -0.0166
3156.5 -0.01679
3156.74 -0.017
3156.98 -0.01679
3157.22 -0.01635
3157.46 -0.01618
3157.71 -0.01632
3157.95 -0.01633
3158.19 -0.01707
3158.43 -0.0154
3158.67 -0.01389
3158.91 -0.01503
3159.15 -0.01624
3159.39 -0.01672
3159.63 -0.01571
3159.88 -0.01551
3160.12 -0.0166
3160.36 -0.01676
3160.6 -0.01649
3160.84 -0.01638
3161.08 -0.01727
3161.32 -0.0167
3161.56 -0.0161
3161.8 -0.01718
3162.05 -0.01618
3162.29 -0.01542
3162.53 -0.01639
3162.77 -0.01764
3163.01 -0.01756
3163.25 -0.01724
3163.49 -0.01716
3163.73 -0.01721
3163.97 -0.01682
3164.22 -0.0152
3164.46 -0.01549
3164.7 -0.01677
3164.94 -0.01745
3165.18 -0.01696
3165.42 -0.01701
3165.66 -0.01748
3165.9 -0.01638
3166.14 -0.01455
3166.39 -0.01563
3166.63 -0.01639
3166.87 -0.01549
3167.11 -0.01534
3167.35 -0.01595
3167.59 -0.01793
3167.83 -0.01837
3168.07 -0.01832
3168.31 -0.01933
3168.55 -0.01778
3168.8 -0.01534
3169.04 -0.01492
3169.28 -0.01547
3169.52 -0.01576
3169.76 -0.01494
3170 -0.01561
3170.24 -0.01545
3170.48 -0.01485
3170.72 -0.01457
3170.97 -0.01379
3171.21 -0.01413
3171.45 -0.01526
3171.69 -0.01628
3171.93 -0.01636
3172.17 -0.01528
3172.41 -0.01624
3172.65 -0.01668
3172.89 -0.01491
3173.14 -0.01423
3173.38 -0.01392
3173.62 -0.014
3173.86 -0.01369
3174.1 -0.01466
3174.34 -0.01549
3174.58 -0.01581
3174.82 -0.01594
3175.06 -0.01546
3175.31 -0.01559
3175.55 -0.01559
3175.79 -0.01506
3176.03 -0.01467
3176.27 -0.0146
3176.51 -0.01477
3176.75 -0.01548
3176.99 -0.01621
3177.23 -0.0164
3177.48 -0.01513
3177.72 -0.01407
3177.96 -0.01614
3178.2 -0.01853
3178.44 -0.01863
3178.68 -0.01712
3178.92 -0.01711
3179.16 -0.01674
3179.4 -0.01487
3179.65 -0.01619
3179.89 -0.01782
3180.13 -0.01701
3180.37 -0.01544
3180.61 -0.01557
3180.85 -0.01562
3181.09 -0.01475
3181.33 -0.01509
3181.57 -0.01527
3181.82 -0.01605
3182.06 -0.01535
3182.3 -0.01486
3182.54 -0.01541
3182.78 -0.01503
3183.02 -0.01525
3183.26 -0.01677
3183.5 -0.01721
3183.74 -0.01543
3183.99 -0.01525
3184.23 -0.01475
3184.47 -0.01364
3184.71 -0.01401
3184.95 -0.01497
3185.19 -0.01569
3185.43 -0.01583
3185.67 -0.01624
3185.91 -0.01541
3186.16 -0.01505
3186.4 -0.01607
3186.64 -0.01517
3186.88 -0.01387
3187.12 -0.01319
3187.36 -0.01472
3187.6 -0.01608
3187.84 -0.01583
3188.08 -0.01565
3188.33 -0.01435
3188.57 -0.0137
3188.81 -0.0145
3189.05 -0.01517
3189.29 -0.01482
3189.53 -0.01446
3189.77 -0.01448
3190.01 -0.01475
3190.25 -0.01561
3190.5 -0.01686
3190.74 -0.01633
3190.98 -0.01623
3191.22 -0.01621
3191.46 -0.01451
3191.7 -0.01496
3191.94 -0.01627
3192.18 -0.01526
3192.42 -0.01496
3192.67 -0.01555
3192.91 -0.01574
3193.15 -0.01588
3193.39 -0.01549
3193.63 -0.01557
3193.87 -0.0156
3194.11 -0.01623
3194.35 -0.01782
3194.59 -0.01748
3194.83 -0.01497
3195.08 -0.01442
3195.32 -0.01605
3195.56 -0.01683
3195.8 -0.01636
3196.04 -0.01661
3196.28 -0.01565
3196.52 -0.01446
3196.76 -0.01509
3197 -0.01527
3197.25 -0.01502
3197.49 -0.01589
3197.73 -0.01587
3197.97 -0.01499
3198.21 -0.01504
3198.45 -0.01515
3198.69 -0.01519
3198.93 -0.01574
3199.17 -0.01518
3199.42 -0.01352
3199.66 -0.01291
3199.9 -0.01439
3200.14 -0.01499
3200.38 -0.01412
3200.62 -0.01396
3200.86 -0.01514
3201.1 -0.01565
3201.34 -0.0148
3201.59 -0.01492
3201.83 -0.0155
3202.07 -0.01656
3202.31 -0.01544
3202.55 -0.01463
3202.79 -0.01544
3203.03 -0.01419
3203.27 -0.01336
3203.51 -0.01387
3203.76 -0.01398
3204 -0.0138
3204.24 -0.01282
3204.48 -0.01207
3204.72 -0.01362
3204.96 -0.01505
3205.2 -0.01465
3205.44 -0.01351
3205.68 -0.01394
3205.93 -0.01555
3206.17 -0.01539
3206.41 -0.0149
3206.65 -0.01506
3206.89 -0.0158
3207.13 -0.01605
3207.37 -0.01459
3207.61 -0.01473
3207.85 -0.01507
3208.1 -0.01363
3208.34 -0.01282
3208.58 -0.0135
3208.82 -0.01529
3209.06 -0.01676
3209.3 -0.01603
3209.54 -0.01556
3209.78 -0.01529
3210.02 -0.01415
3210.27 -0.01602
3210.51 -0.0171
3210.75 -0.01623
3210.99 -0.01511
3211.23 -0.01468
3211.47 -0.01503
3211.71 -0.01494
3211.95 -0.01484
3212.19 -0.0144
3212.44 -0.01396
3212.68 -0.01395
3212.92 -0.01441
3213.16 -0.0149
3213.4 -0.01499
3213.64 -0.01444
3213.88 -0.01399
3214.12 -0.0138
3214.36 -0.01416
3214.61 -0.01512
3214.85 -0.01505
3215.09 -0.01386
3215.33 -0.01263
3215.57 -0.01343
3215.81 -0.0136
3216.05 -0.0131
3216.29 -0.01394
3216.53 -0.01397
3216.78 -0.01434
3217.02 -0.01427
3217.26 -0.01464
3217.5 -0.01348
3217.74 -0.01247
3217.98 -0.01484
3218.22 -0.01553
3218.46 -0.01448
3218.7 -0.01468
3218.95 -0.01508
3219.19 -0.01548
3219.43 -0.0157
3219.67 -0.01458
3219.91 -0.01421
3220.15 -0.01492
3220.39 -0.01448
3220.63 -0.01407
3220.87 -0.01489
3221.11 -0.01505
3221.36 -0.0141
3221.6 -0.0137
3221.84 -0.01292
3222.08 -0.01412
3222.32 -0.01539
3222.56 -0.01502
3222.8 -0.01514
3223.04 -0.01403
3223.28 -0.01266
3223.53 -0.01349
3223.77 -0.0139
3224.01 -0.01271
3224.25 -0.012
3224.49 -0.01256
3224.73 -0.01368
3224.97 -0.01381
3225.21 -0.01374
3225.45 -0.01294
3225.7 -0.01252
3225.94 -0.01327
3226.18 -0.01257
3226.42 -0.0121
3226.66 -0.01311
3226.9 -0.01302
3227.14 -0.01363
3227.38 -0.01396
3227.62 -0.01433
3227.87 -0.0146
3228.11 -0.01434
3228.35 -0.01464
3228.59 -0.01441
3228.83 -0.01452
3229.07 -0.01467
3229.31 -0.01491
3229.55 -0.01577
3229.79 -0.01581
3230.04 -0.01569
3230.28 -0.01604
3230.52 -0.01535
3230.76 -0.01358
3231 -0.01317
3231.24 -0.01327
3231.48 -0.01261
3231.72 -0.01318
3231.96 -0.01339
3232.21 -0.0112
3232.45 -0.01209
3232.69 -0.01373
3232.93 -0.01454
3233.17 -0.01533
3233.41 -0.01511
3233.65 -0.01512
3233.89 -0.0135
3234.13 -0.01227
3234.38 -0.01315
3234.62 -0.01361
3234.86 -0.01303
3235.1 -0.01348
3235.34 -0.01378
3235.58 -0.01363
3235.82 -0.01311
3236.06 -0.01394
3236.3 -0.0142
3236.55 -0.01515
3236.79 -0.01677
3237.03 -0.01633
3237.27 -0.0154
3237.51 -0.01442
3237.75 -0.01507
3237.99 -0.01442
3238.23 -0.01442
3238.47 -0.016
3238.72 -0.01524
3238.96 -0.01411
3239.2 -0.01377
3239.44 -0.01448
3239.68 -0.01423
3239.92 -0.0142
3240.16 -0.01531
3240.4 -0.01468
3240.64 -0.01283
3240.89 -0.01403
3241.13 -0.01474
3241.37 -0.01323
3241.61 -0.01379
3241.85 -0.01508
3242.09 -0.01495
3242.33 -0.01427
3242.57 -0.01471
3242.81 -0.01423
3243.06 -0.01377
3243.3 -0.01399
3243.54 -0.01427
3243.78 -0.01537
3244.02 -0.01396
3244.26 -0.012
3244.5 -0.01195
3244.74 -0.01322
3244.98 -0.01499
3245.23 -0.01379
3245.47 -0.01155
3245.71 -0.01212
3245.95 -0.01327
3246.19 -0.01325
3246.43 -0.01288
3246.67 -0.01354
3246.91 -0.01455
3247.15 -0.01424
3247.4 -0.01501
3247.64 -0.01551
3247.88 -0.01439
3248.12 -0.01513
3248.36 -0.01444
3248.6 -0.01208
3248.84 -0.01312
3249.08 -0.01431
3249.32 -0.01465
3249.56 -0.01532
3249.81 -0.01532
3250.05 -0.014
3250.29 -0.01303
3250.53 -0.01138
3250.77 -0.0115
3251.01 -0.01402
3251.25 -0.01432
3251.49 -0.01393
3251.73 -0.01377
3251.98 -0.01319
3252.22 -0.01237
3252.46 -0.01237
3252.7 -0.01345
3252.94 -0.01405
3253.18 -0.01238
3253.42 -0.01132
3253.66 -0.01266
3253.9 -0.01371
3254.15 -0.01352
3254.39 -0.01321
3254.63 -0.01385
3254.87 -0.01408
3255.11 -0.01249
3255.35 -0.01208
3255.59 -0.01236
3255.83 -0.01141
3256.07 -0.01302
3256.32 -0.0147
3256.56 -0.01405
3256.8 -0.01436
3257.04 -0.01509
3257.28 -0.01403
3257.52 -0.01347
3257.76 -0.01433
3258 -0.01421
3258.24 -0.01384
3258.49 -0.01334
3258.73 -0.01278
3258.97 -0.01419
3259.21 -0.01426
3259.45 -0.01468
3259.69 -0.01519
3259.93 -0.01472
3260.17 -0.01447
3260.41 -0.01385
3260.66 -0.01528
3260.9 -0.01489
3261.14 -0.01494
3261.38 -0.01585
3261.62 -0.01342
3261.86 -0.01404
3262.1 -0.01522
3262.34 -0.01385
3262.58 -0.01416
3262.83 -0.01538
3263.07 -0.01541
3263.31 -0.0153
3263.55 -0.01427
3263.79 -0.01319
3264.03 -0.01327
3264.27 -0.0125
3264.51 -0.01321
3264.75 -0.01443
3265 -0.01356
3265.24 -0.01211
3265.48 -0.01242
3265.72 -0.0134
3265.96 -0.01225
3266.2 -0.01138
3266.44 -0.0133
3266.68 -0.01348
3266.92 -0.012
3267.17 -0.01175
3267.41 -0.01323
3267.65 -0.01367
3267.89 -0.01339
3268.13 -0.01484
3268.37 -0.01425
3268.61 -0.01312
3268.85 -0.01429
3269.09 -0.01589
3269.34 -0.01506
3269.58 -0.01393
3269.82 -0.01439
3270.06 -0.01447
3270.3 -0.01466
3270.54 -0.01447
3270.78 -0.01353
3271.02 -0.01262
3271.26 -0.0128
3271.51 -0.01442
3271.75 -0.01477
3271.99 -0.0137
3272.23 -0.01274
3272.47 -0.01345
3272.71 -0.01529
3272.95 -0.01445
3273.19 -0.0131
3273.43 -0.01219
3273.68 -0.01183
3273.92 -0.01322
3274.16 -0.01259
3274.4 -0.01235
3274.64 -0.01274
3274.88 -0.01177
3275.12 -0.01138
3275.36 -0.01209
3275.6 -0.01283
3275.85 -0.01305
3276.09 -0.01246
3276.33 -0.01153
3276.57 -0.01266
3276.81 -0.01462
3277.05 -0.01439
3277.29 -0.01275
3277.53 -0.01288
3277.77 -0.01273
3278.02 -0.01119
3278.26 -0.00999
3278.5 -0.01038
3278.74 -0.01206
3278.98 -0.01206
3279.22 -0.01204
3279.46 -0.01262
3279.7 -0.01272
3279.94 -0.01488
3280.19 -0.01496
3280.43 -0.01347
3280.67 -0.01404
3280.91 -0.01421
3281.15 -0.01299
3281.39 -0.01271
3281.63 -0.01466
3281.87 -0.01414
3282.11 -0.01256
3282.35 -0.0131
3282.6 -0.01373
3282.84 -0.01188
3283.08 -0.01047
3283.32 -0.01161
3283.56 -0.01199
3283.8 -0.01145
3284.04 -0.01268
3284.28 -0.01403
3284.52 -0.01318
3284.77 -0.01287
3285.01 -0.01301
3285.25 -0.01284
3285.49 -0.01195
3285.73 -0.01233
3285.97 -0.0136
3286.21 -0.01292
3286.45 -0.0122
3286.69 -0.01194
3286.94 -0.01184
3287.18 -0.01114
3287.42 -0.01137
3287.66 -0.0116
3287.9 -0.0117
3288.14 -0.01354
3288.38 -0.01413
3288.62 -0.01301
3288.86 -0.01269
3289.11 -0.01419
3289.35 -0.01388
3289.59 -0.01164
3289.83 -0.01192
3290.07 -0.01232
3290.31 -0.01318
3290.55 -0.01452
3290.79 -0.01355
3291.03 -0.01404
3291.28 -0.01374
3291.52 -0.01202
3291.76 -0.01124
3292 -0.01069
3292.24 -0.01153
3292.48 -0.01363
3292.72 -0.01299
3292.96 -0.01277
3293.2 -0.01425
3293.45 -0.0128
3293.69 -0.01221
3293.93 -0.0125
3294.17 -0.01287
3294.41 -0.01251
3294.65 -0.0119
3294.89 -0.01272
3295.13 -0.01193
3295.37 -0.01094
3295.62 -0.01202
3295.86 -0.01217
3296.1 -0.01128
3296.34 -0.01073
3296.58 -0.01071
3296.82 -0.01201
3297.06 -0.01146
3297.3 -0.01271
3297.54 -0.01272
3297.79 -0.01155
3298.03 -0.01202
3298.27 -0.0122
3298.51 -0.01308
3298.75 -0.01299
3298.99 -0.01281
3299.23 -0.01256
3299.47 -0.01143
3299.71 -0.01069
3299.96 -0.01255
3300.2 -0.01501
3300.44 -0.01428
3300.68 -0.01288
3300.92 -0.01341
3301.16 -0.01253
3301.4 -0.0112
3301.64 -0.01203
3301.88 -0.01365
3302.13 -0.01317
3302.37 -0.01331
3302.61 -0.0139
3302.85 -0.01282
3303.09 -0.01228
3303.33 -0.01158
3303.57 -0.01021
3303.81 -0.00976
3304.05 -0.01144
3304.3 -0.01214
3304.54 -0.01209
3304.78 -0.01196
3305.02 -0.01214
3305.26 -0.01404
3305.5 -0.01369
3305.74 -0.0122
3305.98 -0.01262
3306.22 -0.01182
3306.47 -0.01027
3306.71 -0.01028
3306.95 -0.01116
3307.19 -0.01142
3307.43 -0.01002
3307.67 -0.0102
3307.91 -0.01215
3308.15 -0.01241
3308.39 -0.01204
3308.64 -0.01296
3308.88 -0.01289
3309.12 -0.01252
3309.36 -0.01319
3309.6 -0.01237
3309.84 -0.01148
3310.08 -0.01195
3310.32 -0.01255
3310.56 -0.01266
3310.8 -0.01313
3311.05 -0.01307
3311.29 -0.01151
3311.53 -0.01137
3311.77 -0.01278
3312.01 -0.01343
3312.25 -0.01378
3312.49 -0.01413
3312.73 -0.01239
3312.97 -0.0117
3313.22 -0.01165
3313.46 -0.01148
3313.7 -0.01198
3313.94 -0.01203
3314.18 -0.01254
3314.42 -0.01245
3314.66 -0.01285
3314.9 -0.012
3315.14 -0.01034
3315.39 -0.01169
3315.63 -0.01248
3315.87 -0.01082
3316.11 -0.01156
3316.35 -0.01249
3316.59 -0.0114
3316.83 -0.01135
3317.07 -0.01243
3317.31 -0.0131
3317.56 -0.01204
3317.8 -0.01174
3318.04 -0.01253
3318.28 -0.01267
3318.52 -0.01333
3318.76 -0.0121
3319 -0.01042
3319.24 -0.01053
3319.48 -0.01197
3319.73 -0.01292
3319.97 -0.01236
3320.21 -0.01253
3320.45 -0.01268
3320.69 -0.01419
3320.93 -0.01424
3321.17 -0.01345
3321.41 -0.01302
3321.65 -0.01212
3321.9 -0.01389
3322.14 -0.01508
3322.38 -0.01328
3322.62 -0.01138
3322.86 -0.00958
3323.1 -0.00884
3323.34 -0.01048
3323.58 -0.01168
3323.82 -0.01265
3324.07 -0.01349
3324.31 -0.013
3324.55 -0.01203
3324.79 -0.01251
3325.03 -0.01351
3325.27 -0.01207
3325.51 -0.01128
3325.75 -0.01215
3325.99 -0.01329
3326.24 -0.01364
3326.48 -0.01268
3326.72 -0.01234
3326.96 -0.01311
3327.2 -0.01326
3327.44 -0.01269
3327.68 -0.01374
3327.92 -0.01373
3328.16 -0.0135
3328.41 -0.01378
3328.65 -0.01243
3328.89 -0.01265
3329.13 -0.01324
3329.37 -0.01424
3329.61 -0.01437
3329.85 -0.0134
3330.09 -0.0125
3330.33 -0.0117
3330.58 -0.0125
3330.82 -0.01373
3331.06 -0.01342
3331.3 -0.01276
3331.54 -0.01189
3331.78 -0.01065
3332.02 -0.01082
3332.26 -0.01223
3332.5 -0.0138
3332.75 -0.01372
3332.99 -0.0127
3333.23 -0.01182
3333.47 -0.01249
3333.71 -0.01281
3333.95 -0.0131
3334.19 -0.01272
3334.43 -0.01234
3334.67 -0.01349
3334.92 -0.01258
3335.16 -0.01252
3335.4 -0.01399
3335.64 -0.01297
3335.88 -0.01189
3336.12 -0.01229
3336.36 -0.01305
3336.6 -0.01493
3336.84 -0.01346
3337.08 -0.01192
3337.33 -0.01243
3337.57 -0.01232
3337.81 -0.01293
3338.05 -0.01161
3338.29 -0.01264
3338.53 -0.01458
3338.77 -0.01469
3339.01 -0.01432
3339.25 -0.01401
3339.5 -0.01249
3339.74 -0.01199
3339.98 -0.01321
3340.22 -0.01346
3340.46 -0.0126
3340.7 -0.0115
3340.94 -0.01251
3341.18 -0.01346
3341.42 -0.0135
3341.67 -0.01305
3341.91 -0.01256
3342.15 -0.01221
3342.39 -0.01226
3342.63 -0.0127
3342.87 -0.01422
3343.11 -0.01501
3343.35 -0.01237
3343.59 -0.01106
3343.84 -0.01231
3344.08 -0.01321
3344.32 -0.01358
3344.56 -0.01361
3344.8 -0.01369
3345.04 -0.01478
3345.28 -0.01409
3345.52 -0.01292
3345.76 -0.01258
3346.01 -0.01307
3346.25 -0.01398
3346.49 -0.01326
3346.73 -0.01339
3346.97 -0.01391
3347.21 -0.01302
3347.45 -0.01183
3347.69 -0.0115
3347.93 -0.01204
3348.18 -0.01279
3348.42 -0.01299
3348.66 -0.01412
3348.9 -0.0145
3349.14 -0.01387
3349.38 -0.01343
3349.62 -0.0131
3349.86 -0.01289
3350.1 -0.01306
3350.35 -0.01276
3350.59 -0.0126
3350.83 -0.01337
3351.07 -0.01421
3351.31 -0.01443
3351.55 -0.01335
3351.79 -0.01287
3352.03 -0.01357
3352.27 -0.01356
3352.52 -0.01379
3352.76 -0.01398
3353 -0.01336
3353.24 -0.01278
3353.48 -0.01148
3353.72 -0.01124
3353.96 -0.01269
3354.2 -0.01168
3354.44 -0.00953
3354.69 -0.01081
3354.93 -0.01217
3355.17 -0.01209
3355.41 -0.0119
3355.65 -0.01244
3355.89 -0.01346
3356.13 -0.01289
3356.37 -0.01297
3356.61 -0.01255
3356.86 -0.01198
3357.1 -0.01293
3357.34 -0.01352
3357.58 -0.01349
3357.82 -0.01298
3358.06 -0.01232
3358.3 -0.01164
3358.54 -0.01205
3358.78 -0.01269
3359.03 -0.0111
3359.27 -0.01168
3359.51 -0.01396
3359.75 -0.01477
3359.99 -0.01476
3360.23 -0.01472
3360.47 -0.0135
3360.71 -0.01232
3360.95 -0.01276
3361.2 -0.01221
3361.44 -0.01101
3361.68 -0.01047
3361.92 -0.01202
3362.16 -0.01251
3362.4 -0.01129
3362.64 -0.01181
3362.88 -0.01271
3363.12 -0.01162
3363.36 -0.01163
3363.61 -0.01104
3363.85 -0.01046
3364.09 -0.01244
3364.33 -0.0127
3364.57 -0.01157
3364.81 -0.01248
3365.05 -0.01246
3365.29 -0.01238
3365.53 -0.01327
3365.78 -0.01373
3366.02 -0.01359
3366.26 -0.01292
3366.5 -0.01296
3366.74 -0.01299
3366.98 -0.01283
3367.22 -0.01292
3367.46 -0.0132
3367.7 -0.0137
3367.95 -0.01368
3368.19 -0.01236
3368.43 -0.0141
3368.67 -0.01515
3368.91 -0.01377
3369.15 -0.01372
3369.39 -0.01208
3369.63 -0.01109
3369.87 -0.01206
3370.12 -0.01281
3370.36 -0.01292
3370.6 -0.01144
3370.84 -0.01022
3371.08 -0.01145
3371.32 -0.01284
3371.56 -0.01356
3371.8 -0.01474
3372.04 -0.01484
3372.29 -0.01277
3372.53 -0.01146
3372.77 -0.01253
3373.01 -0.01272
3373.25 -0.0133
3373.49 -0.01347
3373.73 -0.01371
3373.97 -0.01438
3374.21 -0.01419
3374.46 -0.01453
3374.7 -0.01486
3374.94 -0.01392
3375.18 -0.01285
3375.42 -0.01365
3375.66 -0.01432
3375.9 -0.01472
3376.14 -0.0141
3376.38 -0.01373
3376.63 -0.01483
3376.87 -0.01506
3377.11 -0.01418
3377.35 -0.01284
3377.59 -0.01304
3377.83 -0.01392
3378.07 -0.01385
3378.31 -0.013
3378.55 -0.01133
3378.8 -0.01254
3379.04 -0.01378
3379.28 -0.01282
3379.52 -0.01348
3379.76 -0.01429
3380 -0.01433
3380.24 -0.01292
3380.48 -0.01216
3380.72 -0.01291
3380.97 -0.01361
3381.21 -0.01377
3381.45 -0.01442
3381.69 -0.01472
3381.93 -0.01441
3382.17 -0.0147
3382.41 -0.01296
3382.65 -0.01239
3382.89 -0.01299
3383.14 -0.0117
3383.38 -0.01237
3383.62 -0.01411
3383.86 -0.01349
3384.1 -0.01201
3384.34 -0.01266
3384.58 -0.01418
3384.82 -0.01407
3385.06 -0.01213
3385.31 -0.01147
3385.55 -0.01322
3385.79 -0.01295
3386.03 -0.01242
3386.27 -0.01259
3386.51 -0.01359
3386.75 -0.01437
3386.99 -0.01454
3387.23 -0.0136
3387.48 -0.01207
3387.72 -0.01474
3387.96 -0.01581
3388.2 -0.01334
3388.44 -0.01228
3388.68 -0.01167
3388.92 -0.01182
3389.16 -0.01297
3389.4 -0.01409
3389.65 -0.0141
3389.89 -0.01339
3390.13 -0.01305
3390.37 -0.01377
3390.61 -0.01299
3390.85 -0.01127
3391.09 -0.01266
3391.33 -0.01379
3391.57 -0.01163
3391.81 -0.01067
3392.06 -0.01161
3392.3 -0.01136
3392.54 -0.01142
3392.78 -0.0125
3393.02 -0.01327
3393.26 -0.01262
3393.5 -0.01181
3393.74 -0.01338
3393.98 -0.01418
3394.23 -0.01431
3394.47 -0.01475
3394.71 -0.01436
3394.95 -0.01288
3395.19 -0.01255
3395.43 -0.01346
3395.67 -0.01275
3395.91 -0.01335
3396.15 -0.01518
3396.4 -0.01432
3396.64 -0.01217
3396.88 -0.01091
3397.12 -0.01176
3397.36 -0.01266
3397.6 -0.01156
3397.84 -0.01113
3398.08 -0.01246
3398.32 -0.01405
3398.57 -0.01366
3398.81 -0.01346
3399.05 -0.01335
3399.29 -0.0122
3399.53 -0.01312
3399.77 -0.01462
3400.01 -0.01363
3400.25 -0.01315
3400.49 -0.014
3400.74 -0.01357
3400.98 -0.01274
3401.22 -0.0117
3401.46 -0.0116
3401.7 -0.01314
3401.94 -0.01239
3402.18 -0.01123
3402.42 -0.01241
3402.66 -0.01539
3402.91 -0.01557
3403.15 -0.01366
3403.39 -0.01422
3403.63 -0.01426
3403.87 -0.0149
3404.11 -0.01474
3404.35 -0.01336
3404.59 -0.01268
3404.83 -0.01277
3405.08 -0.01491
3405.32 -0.01632
3405.56 -0.01596
3405.8 -0.01366
3406.04 -0.0127
3406.28 -0.01468
3406.52 -0.01618
3406.76 -0.01481
3407 -0.0133
3407.25 -0.01444
3407.49 -0.01427
3407.73 -0.01386
3407.97 -0.015
3408.21 -0.01455
3408.45 -0.013
3408.69 -0.01328
3408.93 -0.01349
3409.17 -0.01213
3409.42 -0.01223
3409.66 -0.01447
3409.9 -0.01635
3410.14 -0.01565
3410.38 -0.01411
3410.62 -0.01369
3410.86 -0.01271
3411.1 -0.01232
3411.34 -0.01331
3411.59 -0.01449
3411.83 -0.01526
3412.07 -0.0143
3412.31 -0.01318
3412.55 -0.01371
3412.79 -0.01507
3413.03 -0.01673
3413.27 -0.01793
3413.51 -0.01609
3413.76 -0.01608
3414 -0.01632
3414.24 -0.0151
3414.48 -0.01417
3414.72 -0.01348
3414.96 -0.01431
3415.2 -0.01489
3415.44 -0.01443
3415.68 -0.01446
3415.93 -0.01497
3416.17 -0.01476
3416.41 -0.01407
3416.65 -0.01472
3416.89 -0.01493
3417.13 -0.01329
3417.37 -0.01356
3417.61 -0.0139
3417.85 -0.01292
3418.09 -0.01311
3418.34 -0.01364
3418.58 -0.01391
3418.82 -0.01354
3419.06 -0.01386
3419.3 -0.01467
3419.54 -0.01281
3419.78 -0.01226
3420.02 -0.01471
3420.26 -0.01662
3420.51 -0.01615
3420.75 -0.01492
3420.99 -0.01554
3421.23 -0.01595
3421.47 -0.01362
3421.71 -0.01245
3421.95 -0.01119
3422.19 -0.01134
3422.43 -0.01314
3422.68 -0.01377
3422.92 -0.01461
3423.16 -0.01543
3423.4 -0.01523
3423.64 -0.01458
3423.88 -0.01315
3424.12 -0.01406
3424.36 -0.01549
3424.6 -0.01479
3424.85 -0.01473
3425.09 -0.01483
3425.33 -0.01552
3425.57 -0.0163
3425.81 -0.01644
3426.05 -0.01461
3426.29 -0.01411
3426.53 -0.01392
3426.77 -0.01306
3427.02 -0.01399
3427.26 -0.01461
3427.5 -0.01411
3427.74 -0.01396
3427.98 -0.01315
3428.22 -0.01266
3428.46 -0.01422
3428.7 -0.01453
3428.94 -0.01487
3429.19 -0.01409
3429.43 -0.01251
3429.67 -0.01334
3429.91 -0.01387
3430.15 -0.01317
3430.39 -0.014
3430.63 -0.01453
3430.87 -0.01159
3431.11 -0.0118
3431.36 -0.01262
3431.6 -0.0125
3431.84 -0.01388
3432.08 -0.01349
3432.32 -0.01295
3432.56 -0.01357
3432.8 -0.01393
3433.04 -0.01395
3433.28 -0.01603
3433.53 -0.01664
3433.77 -0.01479
3434.01 -0.01299
3434.25 -0.01183
3434.49 -0.01258
3434.73 -0.01377
3434.97 -0.01355
3435.21 -0.01392
3435.45 -0.01438
3435.7 -0.01492
3435.94 -0.01427
3436.18 -0.01164
3436.42 -0.01152
3436.66 -0.01309
3436.9 -0.01292
3437.14 -0.01317
3437.38 -0.01444
3437.62 -0.01475
3437.87 -0.01532
3438.11 -0.01549
3438.35 -0.01486
3438.59 -0.01261
3438.83 -0.01232
3439.07 -0.01354
3439.31 -0.01431
3439.55 -0.01559
3439.79 -0.01477
3440.04 -0.01359
3440.28 -0.01448
3440.52 -0.01462
3440.76 -0.01403
3441 -0.01534
3441.24 -0.01578
3441.48 -0.01439
3441.72 -0.01429
3441.96 -0.01649
3442.21 -0.01602
3442.45 -0.01408
3442.69 -0.01472
3442.93 -0.01684
3443.17 -0.01611
3443.41 -0.01524
3443.65 -0.01539
3443.89 -0.01434
3444.13 -0.01432
3444.38 -0.01489
3444.62 -0.01575
3444.86 -0.01577
3445.1 -0.01501
3445.34 -0.01466
3445.58 -0.01564
3445.82 -0.01625
3446.06 -0.0143
3446.3 -0.01467
3446.54 -0.01641
3446.79 -0.01553
3447.03 -0.01447
3447.27 -0.01369
3447.51 -0.01432
3447.75 -0.0159
3447.99 -0.01586
3448.23 -0.01586
3448.47 -0.01649
3448.71 -0.01501
3448.96 -0.01473
3449.2 -0.01436
3449.44 -0.01376
3449.68 -0.01582
3449.92 -0.01654
3450.16 -0.01545
3450.4 -0.01569
3450.64 -0.01483
3450.88 -0.01492
3451.13 -0.01654
3451.37 -0.01677
3451.61 -0.01699
3451.85 -0.01635
3452.09 -0.01609
3452.33 -0.01673
3452.57 -0.01691
3452.81 -0.01671
3453.05 -0.0152
3453.3 -0.01414
3453.54 -0.01526
3453.78 -0.01679
3454.02 -0.01647
3454.26 -0.01442
3454.5 -0.01488
3454.74 -0.01617
3454.98 -0.0164
3455.22 -0.01489
3455.47 -0.01358
3455.71 -0.01417
3455.95 -0.0141
3456.19 -0.01593
3456.43 -0.01655
3456.67 -0.01546
3456.91 -0.01631
3457.15 -0.01692
3457.39 -0.0167
3457.64 -0.01649
3457.88 -0.01587
3458.12 -0.0155
3458.36 -0.01508
3458.6 -0.01459
3458.84 -0.01587
3459.08 -0.01594
3459.32 -0.01357
3459.56 -0.01293
3459.81 -0.01471
3460.05 -0.01527
3460.29 -0.01453
3460.53 -0.01576
3460.77 -0.01717
3461.01 -0.01861
3461.25 -0.01697
3461.49 -0.01373
3461.73 -0.01457
3461.98 -0.01576
3462.22 -0.01625
3462.46 -0.016
3462.7 -0.01464
3462.94 -0.01522
3463.18 -0.01594
3463.42 -0.01496
3463.66 -0.01617
3463.9 -0.01675
3464.15 -0.01503
3464.39 -0.01446
3464.63 -0.01469
3464.87 -0.01362
3465.11 -0.01389
3465.35 -0.01556
3465.59 -0.01683
3465.83 -0.0174
3466.07 -0.01689
3466.32 -0.01748
3466.56 -0.01722
3466.8 -0.01517
3467.04 -0.01468
3467.28 -0.01556
3467.52 -0.01537
3467.76 -0.01601
3468 -0.01744
3468.24 -0.01718
3468.49 -0.01765
3468.73 -0.01776
3468.97 -0.01697
3469.21 -0.01651
3469.45 -0.01638
3469.69 -0.01615
3469.93 -0.01706
3470.17 -0.01716
3470.41 -0.01529
3470.66 -0.01542
3470.9 -0.01684
3471.14 -0.01634
3471.38 -0.01553
3471.62 -0.0152
3471.86 -0.01552
3472.1 -0.01573
3472.34 -0.01631
3472.58 -0.01729
3472.82 -0.01465
3473.07 -0.01408
3473.31 -0.01638
3473.55 -0.01757
3473.79 -0.01827
3474.03 -0.01744
3474.27 -0.01633
3474.51 -0.01544
3474.75 -0.01449
3474.99 -0.01474
3475.24 -0.01447
3475.48 -0.01566
3475.72 -0.01726
3475.96 -0.01879
3476.2 -0.01895
3476.44 -0.0177
3476.68 -0.01835
3476.92 -0.01778
3477.16 -0.0159
3477.41 -0.01507
3477.65 -0.01576
3477.89 -0.01558
3478.13 -0.01598
3478.37 -0.01626
3478.61 -0.01513
3478.85 -0.01519
3479.09 -0.01558
3479.33 -0.01665
3479.58 -0.01629
3479.82 -0.01467
3480.06 -0.01473
3480.3 -0.01576
3480.54 -0.0149
3480.78 -0.01461
3481.02 -0.01616
3481.26 -0.01563
3481.5 -0.01508
3481.75 -0.01638
3481.99 -0.01679
3482.23 -0.01655
3482.47 -0.01772
3482.71 -0.01843
3482.95 -0.01724
3483.19 -0.01638
3483.43 -0.01599
3483.67 -0.01667
3483.92 -0.01755
3484.16 -0.01619
3484.4 -0.01537
3484.64 -0.01467
3484.88 -0.01473
3485.12 -0.01522
3485.36 -0.01568
3485.6 -0.01666
3485.84 -0.0155
3486.09 -0.01506
3486.33 -0.01487
3486.57 -0.01475
3486.81 -0.01619
3487.05 -0.01602
3487.29 -0.01484
3487.53 -0.01456
3487.77 -0.01549
3488.01 -0.01567
3488.26 -0.01529
3488.5 -0.01717
3488.74 -0.0181
3488.98 -0.01749
3489.22 -0.01799
3489.46 -0.01641
3489.7 -0.01548
3489.94 -0.01724
3490.18 -0.01698
3490.43 -0.01748
3490.67 -0.01728
3490.91 -0.01654
3491.15 -0.0152
3491.39 -0.01421
3491.63 -0.01423
3491.87 -0.0146
3492.11 -0.01647
3492.35 -0.01737
3492.6 -0.01841
3492.84 -0.01844
3493.08 -0.01859
3493.32 -0.01845
3493.56 -0.01707
3493.8 -0.0162
3494.04 -0.0174
3494.28 -0.01672
3494.52 -0.01582
3494.77 -0.01648
3495.01 -0.0169
3495.25 -0.01571
3495.49 -0.01464
3495.73 -0.01578
3495.97 -0.01711
3496.21 -0.0186
3496.45 -0.01833
3496.69 -0.01743
3496.94 -0.01711
3497.18 -0.01774
3497.42 -0.01849
3497.66 -0.01746
3497.9 -0.0167
3498.14 -0.01706
3498.38 -0.01726
3498.62 -0.01837
3498.86 -0.01749
3499.1 -0.01676
3499.35 -0.0169
3499.59 -0.01544
3499.83 -0.01485
3500.07 -0.01546
3500.31 -0.01729
3500.55 -0.01739
3500.79 -0.01685
3501.03 -0.01753
3501.27 -0.01815
3501.52 -0.01778
3501.76 -0.01636
3502 -0.0153
3502.24 -0.01637
3502.48 -0.01751
3502.72 -0.01658
3502.96 -0.01624
3503.2 -0.01661
3503.44 -0.01654
3503.69 -0.01753
3503.93 -0.01945
3504.17 -0.01924
3504.41 -0.01754
3504.65 -0.01661
3504.89 -0.01697
3505.13 -0.01707
3505.37 -0.01602
3505.61 -0.01595
3505.86 -0.01787
3506.1 -0.01818
3506.34 -0.01714
3506.58 -0.01703
3506.82 -0.0183
3507.06 -0.01943
3507.3 -0.01707
3507.54 -0.01573
3507.78 -0.01722
3508.03 -0.01742
3508.27 -0.0161
3508.51 -0.01582
3508.75 -0.01667
3508.99 -0.0166
3509.23 -0.01671
3509.47 -0.0177
3509.71 -0.01666
3509.95 -0.0156
3510.2 -0.01664
3510.44 -0.01673
3510.68 -0.01777
3510.92 -0.01756
3511.16 -0.01604
3511.4 -0.01589
3511.64 -0.01563
3511.88 -0.01537
3512.12 -0.01584
3512.37 -0.01641
3512.61 -0.01641
3512.85 -0.01721
3513.09 -0.01778
3513.33 -0.01905
3513.57 -0.0186
3513.81 -0.01682
3514.05 -0.017
3514.29 -0.01836
3514.54 -0.01901
3514.78 -0.01919
3515.02 -0.01871
3515.26 -0.01815
3515.5 -0.01772
3515.74 -0.01708
3515.98 -0.01815
3516.22 -0.01942
3516.46 -0.01911
3516.71 -0.01873
3516.95 -0.01871
3517.19 -0.01704
3517.43 -0.01737
3517.67 -0.01731
3517.91 -0.0156
3518.15 -0.01503
3518.39 -0.01572
3518.63 -0.01555
3518.88 -0.0144
3519.12 -0.01624
3519.36 -0.01746
3519.6 -0.0168
3519.84 -0.01639
3520.08 -0.01687
3520.32 -0.01755
3520.56 -0.01788
3520.8 -0.01854
3521.05 -0.01829
3521.29 -0.01678
3521.53 -0.01621
3521.77 -0.01635
3522.01 -0.01681
3522.25 -0.01858
3522.49 -0.01877
3522.73 -0.01751
3522.97 -0.01768
3523.22 -0.0165
3523.46 -0.01686
3523.7 -0.01851
3523.94 -0.01753
3524.18 -0.01758
3524.42 -0.01847
3524.66 -0.01907
3524.9 -0.01965
3525.14 -0.01975
3525.39 -0.01891
3525.63 -0.01754
3525.87 -0.01665
3526.11 -0.01776
3526.35 -0.01823
3526.59 -0.0181
3526.83 -0.01871
3527.07 -0.01699
3527.31 -0.01687
3527.55 -0.0184
3527.8 -0.01789
3528.04 -0.01623
3528.28 -0.01497
3528.52 -0.01494
3528.76 -0.01601
3529 -0.0168
3529.24 -0.01775
3529.48 -0.0186
3529.72 -0.01944
3529.97 -0.0205
3530.21 -0.01981
3530.45 -0.0196
3530.69 -0.01916
3530.93 -0.01777
3531.17 -0.01779
3531.41 -0.01937
3531.65 -0.02062
3531.89 -0.0195
3532.14 -0.01817
3532.38 -0.01822
3532.62 -0.01768
3532.86 -0.01914
3533.1 -0.02032
3533.34 -0.01953
3533.58 -0.01781
3533.82 -0.0173
3534.06 -0.01893
3534.31 -0.01918
3534.55 -0.01931
3534.79 -0.019
3535.03 -0.01995
3535.27 -0.02092
3535.51 -0.02094
3535.75 -0.02112
3535.99 -0.02067
3536.23 -0.02051
3536.48 -0.01988
3536.72 -0.0195
3536.96 -0.01934
3537.2 -0.01861
3537.44 -0.01897
3537.68 -0.0204
3537.92 -0.0207
3538.16 -0.0215
3538.4 -0.02118
3538.65 -0.01925
3538.89 -0.01876
3539.13 -0.02026
3539.37 -0.0204
3539.61 -0.01888
3539.85 -0.01842
3540.09 -0.01848
3540.33 -0.0187
3540.57 -0.01918
3540.82 -0.01966
3541.06 -0.01978
3541.3 -0.01995
3541.54 -0.01902
3541.78 -0.01942
3542.02 -0.01987
3542.26 -0.01896
3542.5 -0.01921
3542.74 -0.01929
3542.99 -0.01877
3543.23 -0.01732
3543.47 -0.01618
3543.71 -0.01732
3543.95 -0.01813
3544.19 -0.0176
3544.43 -0.01811
3544.67 -0.01888
3544.91 -0.02066
3545.16 -0.02156
3545.4 -0.02025
3545.64 -0.01999
3545.88 -0.02091
3546.12 -0.02071
3546.36 -0.01916
3546.6 -0.02041
3546.84 -0.02151
3547.08 -0.02096
3547.33 -0.02062
3547.57 -0.02128
3547.81 -0.02172
3548.05 -0.02063
3548.29 -0.02014
3548.53 -0.02161
3548.77 -0.02287
3549.01 -0.0215
3549.25 -0.02108
3549.5 -0.02121
3549.74 -0.02056
3549.98 -0.02108
3550.22 -0.02079
3550.46 -0.02006
3550.7 -0.01997
3550.94 -0.0201
3551.18 -0.02036
3551.42 -0.01984
3551.67 -0.02034
3551.91 -0.02149
3552.15 -0.02112
3552.39 -0.01875
3552.63 -0.01754
3552.87 -0.01885
3553.11 -0.01892
3553.35 -0.02025
3553.59 -0.02118
3553.83 -0.01965
3554.08 -0.0198
3554.32 -0.01967
3554.56 -0.01844
3554.8 -0.01925
3555.04 -0.01967
3555.28 -0.02053
3555.52 -0.02121
3555.76 -0.02057
3556 -0.01887
3556.25 -0.01963
3556.49 -0.02213
3556.73 -0.02108
3556.97 -0.01989
3557.21 -0.0205
3557.45 -0.02057
3557.69 -0.02023
3557.93 -0.02069
3558.17 -0.02041
3558.42 -0.02148
3558.66 -0.02211
3558.9 -0.02095
3559.14 -0.02009
3559.38 -0.02115
3559.62 -0.02145
3559.86 -0.02092
3560.1 -0.02262
3560.34 -0.02257
3560.59 -0.02043
3560.83 -0.02083
3561.07 -0.0222
3561.31 -0.02266
3561.55 -0.02161
3561.79 -0.02054
3562.03 -0.02024
3562.27 -0.02129
3562.51 -0.02078
3562.76 -0.01802
3563 -0.01884
3563.24 -0.02004
3563.48 -0.0202
3563.72 -0.02117
3563.96 -0.02107
3564.2 -0.02033
3564.44 -0.02013
3564.68 -0.02161
3564.93 -0.02251
3565.17 -0.02069
3565.41 -0.01975
3565.65 -0.01875
3565.89 -0.01905
3566.13 -0.02107
3566.37 -0.02143
3566.61 -0.0218
3566.85 -0.02107
3567.1 -0.02134
3567.34 -0.02201
3567.58 -0.02056
3567.82 -0.02103
3568.06 -0.02233
3568.3 -0.02311
3568.54 -0.02193
3568.78 -0.01975
3569.02 -0.02034
3569.27 -0.02155
3569.51 -0.02049
3569.75 -0.01982
3569.99 -0.02007
3570.23 -0.01992
3570.47 -0.02079
3570.71 -0.02084
3570.95 -0.02089
3571.19 -0.0214
3571.44 -0.02158
3571.68 -0.02295
3571.92 -0.02192
3572.16 -0.02035
3572.4 -0.02052
3572.64 -0.0204
3572.88 -0.0202
3573.12 -0.02186
3573.36 -0.02145
3573.61 -0.01958
3573.85 -0.02111
3574.09 -0.02254
3574.33 -0.02202
3574.57 -0.02187
3574.81 -0.02195
3575.05 -0.01985
3575.29 -0.02012
3575.53 -0.02123
3575.78 -0.02044
3576.02 -0.01997
3576.26 -0.02026
3576.5 -0.02042
3576.74 -0.01984
3576.98 -0.01999
3577.22 -0.02003
3577.46 -0.02084
3577.7 -0.02141
3577.95 -0.02247
3578.19 -0.02398
3578.43 -0.02246
3578.67 -0.01984
3578.91 -0.0187
3579.15 -0.02
3579.39 -0.02166
3579.63 -0.02093
3579.87 -0.01953
3580.12 -0.01985
3580.36 -0.02092
3580.6 -0.0226
3580.84 -0.0225
3581.08 -0.0213
3581.32 -0.02065
3581.56 -0.02097
3581.8 -0.02103
3582.04 -0.02098
3582.28 -0.0213
3582.53 -0.02228
3582.77 -0.02366
3583.01 -0.0232
3583.25 -0.02198
3583.49 -0.0225
3583.73 -0.0237
3583.97 -0.02324
3584.21 -0.02187
3584.45 -0.02067
3584.7 -0.02081
3584.94 -0.01987
3585.18 -0.01997
3585.42 -0.02096
3585.66 -0.02149
3585.9 -0.02198
3586.14 -0.02059
3586.38 -0.0199
3586.62 -0.02146
3586.87 -0.02188
3587.11 -0.02061
3587.35 -0.01968
3587.59 -0.02053
3587.83 -0.01984
3588.07 -0.01938
3588.31 -0.02128
3588.55 -0.02057
3588.79 -0.02061
3589.04 -0.02143
3589.28 -0.02152
3589.52 -0.02193
3589.76 -0.02047
3590 -0.02141
3590.24 -0.0228
3590.48 -0.02123
3590.72 -0.02009
3590.96 -0.02034
3591.21 -0.02212
3591.45 -0.02172
3591.69 -0.02168
3591.93 -0.0222
3592.17 -0.02173
3592.41 -0.0211
3592.65 -0.02067
3592.89 -0.01998
3593.13 -0.02063
3593.38 -0.02201
3593.62 -0.0212
3593.86 -0.02097
3594.1 -0.02191
3594.34 -0.02158
3594.58 -0.02046
3594.82 -0.02058
3595.06 -0.02088
3595.3 -0.02157
3595.55 -0.02248
3595.79 -0.02145
3596.03 -0.02055
3596.27 -0.02152
3596.51 -0.02101
3596.75 -0.01979
3596.99 -0.02145
3597.23 -0.02332
3597.47 -0.02267
3597.72 -0.02182
3597.96 -0.02033
3598.2 -0.02072
3598.44 -0.0214
3598.68 -0.0222
3598.92 -0.02247
3599.16 -0.02074
3599.4 -0.0201
3599.64 -0.02067
3599.89 -0.02118
3600.13 -0.02202
3600.37 -0.02374
3600.61 -0.02357
3600.85 -0.02265
3601.09 -0.02195
3601.33 -0.0224
3601.57 -0.02375
3601.81 -0.0239
3602.06 -0.02225
3602.3 -0.02153
3602.54 -0.02252
3602.78 -0.02283
3603.02 -0.02201
3603.26 -0.02129
3603.5 -0.02153
3603.74 -0.02046
3603.98 -0.01896
3604.23 -0.01975
3604.47 -0.02146
3604.71 -0.02391
3604.95 -0.02369
3605.19 -0.02138
3605.43 -0.0215
3605.67 -0.02178
3605.91 -0.02297
3606.15 -0.0219
3606.4 -0.02146
3606.64 -0.02248
3606.88 -0.0216
3607.12 -0.02148
3607.36 -0.02058
3607.6 -0.02014
3607.84 -0.02071
3608.08 -0.0214
3608.32 -0.02186
3608.57 -0.02053
3608.81 -0.02024
3609.05 -0.02059
3609.29 -0.02083
3609.53 -0.02178
3609.77 -0.02132
3610.01 -0.02169
3610.25 -0.02251
3610.49 -0.0216
3610.74 -0.02068
3610.98 -0.02198
3611.22 -0.02253
3611.46 -0.02212
3611.7 -0.02292
3611.94 -0.0225
3612.18 -0.02119
3612.42 -0.02251
3612.66 -0.02305
3612.91 -0.02094
3613.15 -0.01887
3613.39 -0.01802
3613.63 -0.02008
3613.87 -0.0211
3614.11 -0.01976
3614.35 -0.01919
3614.59 -0.01853
3614.83 -0.01884
3615.07 -0.01868
3615.32 -0.01869
3615.56 -0.01988
3615.8 -0.01981
3616.04 -0.02106
3616.28 -0.02089
3616.52 -0.02136
3616.76 -0.02406
3617 -0.02388
3617.24 -0.02263
3617.49 -0.02234
3617.73 -0.02186
3617.97 -0.02112
3618.21 -0.01986
3618.45 -0.02036
3618.69 -0.01965
3618.93 -0.01802
3619.17 -0.02059
3619.41 -0.0221
3619.66 -0.02149
3619.9 -0.02053
3620.14 -0.02097
3620.38 -0.02231
3620.62 -0.02194
3620.86 -0.01983
3621.1 -0.0181
3621.34 -0.01865
3621.58 -0.02139
3621.83 -0.02222
3622.07 -0.0214
3622.31 -0.02266
3622.55 -0.0227
3622.79 -0.02088
3623.03 -0.02115
3623.27 -0.02302
3623.51 -0.02128
3623.75 -0.02036
3624 -0.0219
3624.24 -0.02178
3624.48 -0.02071
3624.72 -0.02036
3624.96 -0.02223
3625.2 -0.02374
3625.44 -0.02412
3625.68 -0.02371
3625.92 -0.02218
3626.17 -0.02125
3626.41 -0.02088
3626.65 -0.02125
3626.89 -0.02135
3627.13 -0.01973
3627.37 -0.01969
3627.61 -0.02067
3627.85 -0.02192
3628.09 -0.02285
3628.34 -0.02148
3628.58 -0.02266
3628.82 -0.02309
3629.06 -0.02127
3629.3 -0.01944
3629.54 -0.01778
3629.78 -0.0189
3630.02 -0.02091
3630.26 -0.01984
3630.51 -0.01769
3630.75 -0.01804
3630.99 -0.01902
3631.23 -0.0197
3631.47 -0.0205
3631.71 -0.02088
3631.95 -0.02112
3632.19 -0.01964
3632.43 -0.01937
3632.68 -0.0186
3632.92 -0.01515
3633.16 -0.01726
3633.4 -0.01923
3633.64 -0.01748
3633.88 -0.01715
3634.12 -0.01721
3634.36 -0.01799
3634.6 -0.01946
3634.85 -0.01874
3635.09 -0.01785
3635.33 -0.01757
3635.57 -0.01771
3635.81 -0.01796
3636.05 -0.01757
3636.29 -0.01627
3636.53 -0.01744
3636.77 -0.01977
3637.02 -0.01937
3637.26 -0.01928
3637.5 -0.01903
3637.74 -0.01872
3637.98 -0.01935
3638.22 -0.019
3638.46 -0.0176
3638.7 -0.01822
3638.94 -0.01923
3639.19 -0.01804
3639.43 -0.0164
3639.67 -0.01759
3639.91 -0.01826
3640.15 -0.018
3640.39 -0.01849
3640.63 -0.01789
3640.87 -0.01734
3641.11 -0.01871
3641.35 -0.01937
3641.6 -0.01784
3641.84 -0.01794
3642.08 -0.017
3642.32 -0.01641
3642.56 -0.0176
3642.8 -0.01872
3643.04 -0.01943
3643.28 -0.01958
3643.52 -0.01737
3643.77 -0.01626
3644.01 -0.01825
3644.25 -0.018
3644.49 -0.01797
3644.73 -0.01931
3644.97 -0.01796
3645.21 -0.0185
3645.45 -0.02043
3645.69 -0.019
3645.94 -0.0191
3646.18 -0.01872
3646.42 -0.01823
3646.66 -0.01915
3646.9 -0.01807
3647.14 -0.01678
3647.38 -0.01738
3647.62 -0.01824
3647.86 -0.01745
3648.11 -0.01844
3648.35 -0.02025
3648.59 -0.01918
3648.83 -0.01859
3649.07 -0.01868
3649.31 -0.0182
3649.55 -0.01754
3649.79 -0.01692
3650.03 -0.01746
3650.28 -0.01892
3650.52 -0.01952
3650.76 -0.01991
3651 -0.01998
3651.24 -0.01904
3651.48 -0.01719
3651.72 -0.01584
3651.96 -0.01814
3652.2 -0.02091
3652.45 -0.02198
3652.69 -0.02182
3652.93 -0.02008
3653.17 -0.01888
3653.41 -0.01962
3653.65 -0.02038
3653.89 -0.02032
3654.13 -0.0201
3654.37 -0.01882
3654.62 -0.0187
3654.86 -0.01928
3655.1 -0.01922
3655.34 -0.01943
3655.58 -0.01889
3655.82 -0.01868
3656.06 -0.01852
3656.3 -0.01843
3656.54 -0.01914
3656.79 -0.0203
3657.03 -0.01867
3657.27 -0.01575
3657.51 -0.0174
3657.75 -0.01969
3657.99 -0.0203
3658.23 -0.02011
3658.47 -0.01951
3658.71 -0.01875
3658.96 -0.01795
3659.2 -0.01879
3659.44 -0.01974
3659.68 -0.01827
3659.92 -0.01925
3660.16 -0.0193
3660.4 -0.0188
3660.64 -0.02045
3660.88 -0.01976
3661.13 -0.01829
3661.37 -0.01857
3661.61 -0.02094
3661.85 -0.02197
3662.09 -0.01933
3662.33 -0.01961
3662.57 -0.02073
3662.81 -0.02034
3663.05 -0.02135
3663.3 -0.02134
3663.54 -0.0213
3663.78 -0.02126
3664.02 -0.02234
3664.26 -0.02261
3664.5 -0.02171
3664.74 -0.01898
3664.98 -0.01823
3665.22 -0.02062
3665.47 -0.02085
3665.71 -0.01955
3665.95 -0.01892
3666.19 -0.01828
3666.43 -0.01862
3666.67 -0.02033
3666.91 -0.02146
3667.15 -0.02038
3667.39 -0.01949
3667.64 -0.0208
3667.88 -0.02248
3668.12 -0.02007
3668.36 -0.01869
3668.6 -0.02003
3668.84 -0.01977
3669.08 -0.01995
3669.32 -0.01933
3669.56 -0.01939
3669.8 -0.02065
3670.05 -0.02188
3670.29 -0.02088
3670.53 -0.01937
3670.77 -0.0204
3671.01 -0.0203
3671.25 -0.02083
3671.49 -0.02212
3671.73 -0.0217
3671.97 -0.02157
3672.22 -0.02111
3672.46 -0.02074
3672.7 -0.02047
3672.94 -0.01874
3673.18 -0.01894
3673.42 -0.01976
3673.66 -0.01882
3673.9 -0.01918
3674.14 -0.02046
3674.39 -0.02163
3674.63 -0.02202
3674.87 -0.02222
3675.11 -0.02226
3675.35 -0.02326
3675.59 -0.02314
3675.83 -0.02342
3676.07 -0.02397
3676.31 -0.024
3676.56 -0.02426
3676.8 -0.02219
3677.04 -0.01944
3677.28 -0.0194
3677.52 -0.02091
3677.76 -0.0221
3678 -0.02316
3678.24 -0.02277
3678.48 -0.02174
3678.73 -0.01947
3678.97 -0.01995
3679.21 -0.02114
3679.45 -0.0219
3679.69 -0.02369
3679.93 -0.02137
3680.17 -0.01952
3680.41 -0.02101
3680.65 -0.02203
3680.9 -0.0209
3681.14 -0.01985
3681.38 -0.02136
3681.62 -0.02281
3681.86 -0.02135
3682.1 -0.0204
3682.34 -0.02165
3682.58 -0.02153
3682.82 -0.02133
3683.07 -0.02114
3683.31 -0.01971
3683.55 -0.02069
3683.79 -0.02179
3684.03 -0.02183
3684.27 -0.02286
3684.51 -0.02076
3684.75 -0.01929
3684.99 -0.02034
3685.24 -0.01986
3685.48 -0.02114
3685.72 -0.02283
3685.96 -0.02092
3686.2 -0.01973
3686.44 -0.02097
3686.68 -0.02077
3686.92 -0.02037
3687.16 -0.01907
3687.41 -0.01917
3687.65 -0.02167
3687.89 -0.02198
3688.13 -0.02181
3688.37 -0.02134
3688.61 -0.02164
3688.85 -0.02224
3689.09 -0.02144
3689.33 -0.02012
3689.58 -0.02063
3689.82 -0.02159
3690.06 -0.02166
3690.3 -0.02178
3690.54 -0.02065
3690.78 -0.02143
3691.02 -0.02155
3691.26 -0.0199
3691.5 -0.01994
3691.75 -0.01869
3691.99 -0.01936
3692.23 -0.02176
3692.47 -0.02133
3692.71 -0.02073
3692.95 -0.02154
3693.19 -0.02059
3693.43 -0.02016
3693.67 -0.02059
3693.92 -0.01973
3694.16 -0.02007
3694.4 -0.02141
3694.64 -0.02219
3694.88 -0.02254
3695.12 -0.02349
3695.36 -0.02192
3695.6 -0.0215
3695.84 -0.02103
3696.08 -0.02076
3696.33 -0.02101
3696.57 -0.0198
3696.81 -0.02095
3697.05 -0.02141
3697.29 -0.02014
3697.53 -0.01966
3697.77 -0.01992
3698.01 -0.01895
3698.25 -0.01924
3698.5 -0.0209
3698.74 -0.02318
3698.98 -0.02362
3699.22 -0.02065
3699.46 -0.01962
3699.7 -0.0211
3699.94 -0.02123
3700.18 -0.02244
3700.42 -0.02143
3700.67 -0.02
3700.91 -0.02166
3701.15 -0.02155
3701.39 -0.02152
3701.63 -0.02003
3701.87 -0.02232
3702.11 -0.02434
3702.35 -0.02248
3702.59 -0.02098
3702.84 -0.01785
3703.08 -0.01931
3703.32 -0.01968
3703.56 -0.02005
3703.8 -0.0209
3704.04 -0.01726
3704.28 -0.01762
3704.52 -0.02083
3704.76 -0.02034
3705.01 -0.01845
3705.25 -0.01809
3705.49 -0.01862
3705.73 -0.02166
3705.97 -0.0225
3706.21 -0.02124
3706.45 -0.02187
3706.69 -0.02283
3706.93 -0.02137
3707.18 -0.02067
3707.42 -0.02192
3707.66 -0.02196
3707.9 -0.0207
3708.14 -0.0183
3708.38 -0.01895
3708.62 -0.02003
3708.86 -0.01841
3709.1 -0.01906
3709.35 -0.02132
3709.59 -0.02182
3709.83 -0.02232
3710.07 -0.02347
3710.31 -0.02282
3710.55 -0.0206
3710.79 -0.02049
3711.03 -0.02146
3711.27 -0.02103
3711.52 -0.02141
3711.76 -0.02254
3712 -0.02126
3712.24 -0.02006
3712.48 -0.02039
3712.72 -0.01945
3712.96 -0.0199
3713.2 -0.02102
3713.44 -0.02151
3713.69 -0.02175
3713.93 -0.02247
3714.17 -0.02367
3714.41 -0.0235
3714.65 -0.02312
3714.89 -0.02169
3715.13 -0.02155
3715.37 -0.02414
3715.61 -0.0229
3715.86 -0.02239
3716.1 -0.02337
3716.34 -0.02212
3716.58 -0.02258
3716.82 -0.02326
3717.06 -0.02155
3717.3 -0.01903
3717.54 -0.01888
3717.78 -0.02043
3718.03 -0.02144
3718.27 -0.02128
3718.51 -0.0211
3718.75 -0.02032
3718.99 -0.02049
3719.23 -0.0211
3719.47 -0.02099
3719.71 -0.02148
3719.95 -0.02184
3720.2 -0.02149
3720.44 -0.02198
3720.68 -0.02146
3720.92 -0.0202
3721.16 -0.02105
3721.4 -0.02231
3721.64 -0.01975
3721.88 -0.01843
3722.12 -0.01986
3722.36 -0.02158
3722.61 -0.02185
3722.85 -0.02002
3723.09 -0.02073
3723.33 -0.02156
3723.57 -0.02268
3723.81 -0.02279
3724.05 -0.02167
3724.29 -0.02165
3724.53 -0.02168
3724.78 -0.02184
3725.02 -0.02169
3725.26 -0.02163
3725.5 -0.02101
3725.74 -0.02176
3725.98 -0.02082
3726.22 -0.02102
3726.46 -0.02188
3726.7 -0.0211
3726.95 -0.02275
3727.19 -0.02154
3727.43 -0.01904
3727.67 -0.01836
3727.91 -0.02
3728.15 -0.02213
3728.39 -0.02445
3728.63 -0.02449
3728.87 -0.02173
3729.12 -0.02148
3729.36 -0.02176
3729.6 -0.0211
3729.84 -0.02023
3730.08 -0.02034
3730.32 -0.0213
3730.56 -0.02021
3730.8 -0.02041
3731.04 -0.02071
3731.29 -0.02085
3731.53 -0.0231
3731.77 -0.02163
3732.01 -0.01957
3732.25 -0.02064
3732.49 -0.02043
3732.73 -0.02137
3732.97 -0.01992
3733.21 -0.01911
3733.46 -0.02148
3733.7 -0.02042
3733.94 -0.0205
3734.18 -0.02132
3734.42 -0.01995
3734.66 -0.02027
3734.9 -0.02135
3735.14 -0.02204
3735.38 -0.02206
3735.63 -0.02127
3735.87 -0.01997
3736.11 -0.02051
3736.35 -0.02165
3736.59 -0.019
3736.83 -0.01916
3737.07 -0.02154
3737.31 -0.02051
3737.55 -0.01907
3737.8 -0.02
3738.04 -0.02268
3738.28 -0.02281
3738.52 -0.02091
3738.76 -0.02073
3739 -0.02071
3739.24 -0.02125
3739.48 -0.02204
3739.72 -0.02256
3739.97 -0.02214
3740.21 -0.02317
3740.45 -0.02313
3740.69 -0.02066
3740.93 -0.01972
3741.17 -0.02057
3741.41 -0.02129
3741.65 -0.02132
3741.89 -0.02096
3742.14 -0.02043
3742.38 -0.02029
3742.62 -0.0218
3742.86 -0.02244
3743.1 -0.02158
3743.34 -0.02204
3743.58 -0.02191
3743.82 -0.02047
3744.06 -0.02054
3744.31 -0.02139
3744.55 -0.02087
3744.79 -0.02031
3745.03 -0.02142
3745.27 -0.02181
3745.51 -0.02171
3745.75 -0.02137
3745.99 -0.02079
3746.23 -0.02241
3746.48 -0.02124
3746.72 -0.02053
3746.96 -0.02099
3747.2 -0.01845
3747.44 -0.01899
3747.68 -0.02243
3747.92 -0.02176
3748.16 -0.02081
3748.4 -0.02137
3748.65 -0.02108
3748.89 -0.02247
3749.13 -0.02181
3749.37 -0.01986
3749.61 -0.02157
3749.85 -0.02272
3750.09 -0.02133
3750.33 -0.01845
3750.57 -0.01796
3750.81 -0.02142
3751.06 -0.02373
3751.3 -0.02225
3751.54 -0.02181
3751.78 -0.02137
3752.02 -0.01981
3752.26 -0.01973
3752.5 -0.02092
3752.74 -0.02032
3752.98 -0.0213
3753.23 -0.02125
3753.47 -0.02092
3753.71 -0.02249
3753.95 -0.02101
3754.19 -0.02216
3754.43 -0.02285
3754.67 -0.02075
3754.91 -0.02052
3755.15 -0.02208
3755.4 -0.02241
3755.64 -0.02106
3755.88 -0.02186
3756.12 -0.02348
3756.36 -0.02252
3756.6 -0.02204
3756.84 -0.02248
3757.08 -0.02458
3757.32 -0.02402
3757.57 -0.02257
3757.81 -0.02062
3758.05 -0.01961
3758.29 -0.02128
3758.53 -0.02128
3758.77 -0.02071
3759.01 -0.02
3759.25 -0.0205
3759.49 -0.02204
3759.74 -0.02255
3759.98 -0.02117
3760.22 -0.02185
3760.46 -0.02281
3760.7 -0.02341
3760.94 -0.02159
3761.18 -0.02063
3761.42 -0.02192
3761.66 -0.02116
3761.91 -0.02131
3762.15 -0.02078
3762.39 -0.02074
3762.63 -0.02253
3762.87 -0.02169
3763.11 -0.01968
3763.35 -0.02102
3763.59 -0.02221
3763.83 -0.02204
3764.08 -0.02221
3764.32 -0.02138
3764.56 -0.01973
3764.8 -0.01985
3765.04 -0.02099
3765.28 -0.02007
3765.52 -0.02064
3765.76 -0.02239
3766 -0.02141
3766.25 -0.02206
3766.49 -0.02287
3766.73 -0.02136
3766.97 -0.02227
3767.21 -0.02379
3767.45 -0.02309
3767.69 -0.02172
3767.93 -0.01806
3768.17 -0.01709
3768.42 -0.02085
3768.66 -0.02248
3768.9 -0.02237
3769.14 -0.02067
3769.38 -0.01971
3769.62 -0.02282
3769.86 -0.02259
3770.1 -0.02114
3770.34 -0.02166
3770.59 -0.02233
3770.83 -0.02366
3771.07 -0.024
3771.31 -0.02411
3771.55 -0.02299
3771.79 -0.02165
3772.03 -0.02141
3772.27 -0.02149
3772.51 -0.02183
3772.76 -0.02154
3773 -0.02053
3773.24 -0.02031
3773.48 -0.02092
3773.72 -0.0204
3773.96 -0.02056
3774.2 -0.02143
3774.44 -0.01934
3774.68 -0.01899
3774.93 -0.02011
3775.17 -0.02005
3775.41 -0.0193
3775.65 -0.01827
3775.89 -0.01977
3776.13 -0.0219
3776.37 -0.02163
3776.61 -0.02236
3776.85 -0.0231
3777.09 -0.02229
3777.34 -0.02147
3777.58 -0.02104
3777.82 -0.02098
3778.06 -0.0207
3778.3 -0.01923
3778.54 -0.01953
3778.78 -0.02085
3779.02 -0.02051
3779.26 -0.02145
3779.51 -0.02186
3779.75 -0.02157
3779.99 -0.02083
3780.23 -0.02082
3780.47 -0.02028
3780.71 -0.01928
3780.95 -0.02108
3781.19 -0.0214
3781.43 -0.02073
3781.68 -0.02185
3781.92 -0.02404
3782.16 -0.02441
3782.4 -0.02215
3782.64 -0.01981
3782.88 -0.01993
3783.12 -0.02307
3783.36 -0.02237
3783.6 -0.0211
3783.85 -0.0218
3784.09 -0.02199
3784.33 -0.02284
3784.57 -0.02196
3784.81 -0.02245
3785.05 -0.02418
3785.29 -0.02266
3785.53 -0.0212
3785.77 -0.02146
3786.02 -0.02096
3786.26 -0.01959
3786.5 -0.0196
3786.74 -0.02213
3786.98 -0.02231
3787.22 -0.01997
3787.46 -0.01988
3787.7 -0.01952
3787.94 -0.0193
3788.19 -0.02047
3788.43 -0.02119
3788.67 -0.02075
3788.91 -0.02186
3789.15 -0.02137
3789.39 -0.01813
3789.63 -0.01926
3789.87 -0.02007
3790.11 -0.01955
3790.36 -0.01985
3790.6 -0.02035
3790.84 -0.02068
3791.08 -0.02155
3791.32 -0.02089
3791.56 -0.02078
3791.8 -0.02262
3792.04 -0.02171
3792.28 -0.02182
3792.53 -0.0206
3792.77 -0.02015
3793.01 -0.02149
3793.25 -0.02106
3793.49 -0.02083
3793.73 -0.02105
3793.97 -0.02236
3794.21 -0.02311
3794.45 -0.02316
3794.7 -0.02172
3794.94 -0.02467
3795.18 -0.02614
3795.42 -0.02249
3795.66 -0.02127
3795.9 -0.0204
3796.14 -0.02102
3796.38 -0.02173
3796.62 -0.02275
3796.87 -0.02181
3797.11 -0.0202
3797.35 -0.02052
3797.59 -0.02111
3797.83 -0.02249
3798.07 -0.02226
3798.31 -0.02105
3798.55 -0.02018
3798.79 -0.02179
3799.04 -0.02244
3799.28 -0.02234
3799.52 -0.02208
3799.76 -0.02181
3800 -0.02118
3800.24 -0.02031
3800.48 -0.02209
3800.72 -0.02203
3800.96 -0.02213
3801.21 -0.02174
3801.45 -0.0206
3801.69 -0.02064
3801.93 -0.02261
3802.17 -0.02441
3802.41 -0.0226
3802.65 -0.02053
3802.89 -0.01982
3803.13 -0.01951
3803.38 -0.01954
3803.62 -0.02005
3803.86 -0.0201
3804.1 -0.01879
3804.34 -0.01881
3804.58 -0.01974
3804.82 -0.02236
3805.06 -0.02256
3805.3 -0.02042
3805.54 -0.02097
3805.79 -0.02119
3806.03 -0.02147
3806.27 -0.02185
3806.51 -0.02186
3806.75 -0.02116
3806.99 -0.02107
3807.23 -0.02133
3807.47 -0.02216
3807.71 -0.02236
3807.96 -0.0213
3808.2 -0.02097
3808.44 -0.02232
3808.68 -0.02385
3808.92 -0.02226
3809.16 -0.02097
3809.4 -0.02083
3809.64 -0.02096
3809.88 -0.01898
3810.13 -0.01857
3810.37 -0.02197
3810.61 -0.02148
3810.85 -0.02007
3811.09 -0.01913
3811.33 -0.01964
3811.57 -0.02157
3811.81 -0.02051
3812.05 -0.02072
3812.3 -0.02092
3812.54 -0.02113
3812.78 -0.02133
3813.02 -0.02067
3813.26 -0.02172
3813.5 -0.02104
3813.74 -0.0202
3813.98 -0.01896
3814.22 -0.01991
3814.47 -0.02073
3814.71 -0.02106
3814.95 -0.02345
3815.19 -0.02256
3815.43 -0.02241
3815.67 -0.02215
3815.91 -0.02228
3816.15 -0.0216
3816.39 -0.01836
3816.64 -0.01942
3816.88 -0.02234
3817.12 -0.02235
3817.36 -0.02211
3817.6 -0.0238
3817.84 -0.02442
3818.08 -0.02314
3818.32 -0.02158
3818.56 -0.02224
3818.81 -0.02278
3819.05 -0.02164
3819.29 -0.01992
3819.53 -0.01837
3819.77 -0.02138
3820.01 -0.02342
3820.25 -0.02259
3820.49 -0.02179
3820.73 -0.01953
3820.98 -0.01956
3821.22 -0.02197
3821.46 -0.02272
3821.7 -0.02178
3821.94 -0.02121
3822.18 -0.02012
3822.42 -0.01861
3822.66 -0.02015
3822.9 -0.02124
3823.15 -0.02052
3823.39 -0.02188
3823.63 -0.02163
3823.87 -0.01892
3824.11 -0.01955
3824.35 -0.02091
3824.59 -0.02141
3824.83 -0.02135
3825.07 -0.02071
3825.32 -0.02147
3825.56 -0.0203
3825.8 -0.01864
3826.04 -0.02032
3826.28 -0.02176
3826.52 -0.02084
3826.76 -0.02225
3827 -0.02299
3827.24 -0.02345
3827.49 -0.0242
3827.73 -0.02331
3827.97 -0.02292
3828.21 -0.02334
3828.45 -0.02189
3828.69 -0.02034
3828.93 -0.02276
3829.17 -0.02252
3829.41 -0.01912
3829.66 -0.02025
3829.9 -0.02203
3830.14 -0.02217
3830.38 -0.02338
3830.62 -0.02149
3830.86 -0.02037
3831.1 -0.02156
3831.34 -0.02109
3831.58 -0.02194
3831.82 -0.02226
3832.07 -0.02349
3832.31 -0.0225
3832.55 -0.01994
3832.79 -0.02207
3833.03 -0.0226
3833.27 -0.02068
3833.51 -0.02
3833.75 -0.02091
3833.99 -0.02239
3834.24 -0.02287
3834.48 -0.02214
3834.72 -0.02164
3834.96 -0.02034
3835.2 -0.01935
3835.44 -0.02137
3835.68 -0.02244
3835.92 -0.01998
3836.16 -0.02083
3836.41 -0.02105
3836.65 -0.01869
3836.89 -0.01873
3837.13 -0.02017
3837.37 -0.02065
3837.61 -0.01993
3837.85 -0.01889
3838.09 -0.0186
3838.33 -0.02003
3838.58 -0.02084
3838.82 -0.01995
3839.06 -0.01971
3839.3 -0.02005
3839.54 -0.01805
3839.78 -0.01961
3840.02 -0.02134
3840.26 -0.01921
3840.5 -0.01923
3840.75 -0.02004
3840.99 -0.0186
3841.23 -0.01911
3841.47 -0.02197
3841.71 -0.01947
3841.95 -0.01722
3842.19 -0.01968
3842.43 -0.02075
3842.67 -0.02008
3842.92 -0.02048
3843.16 -0.02015
3843.4 -0.01979
3843.64 -0.02022
3843.88 -0.02236
3844.12 -0.02395
3844.36 -0.02331
3844.6 -0.02266
3844.84 -0.02214
3845.09 -0.02135
3845.33 -0.02173
3845.57 -0.02122
3845.81 -0.02035
3846.05 -0.02064
3846.29 -0.02063
3846.53 -0.02167
3846.77 -0.02169
3847.01 -0.02121
3847.26 -0.02092
3847.5 -0.02068
3847.74 -0.02154
3847.98 -0.02164
3848.22 -0.02238
3848.46 -0.02103
3848.7 -0.01918
3848.94 -0.02084
3849.18 -0.02283
3849.43 -0.02197
3849.67 -0.01934
3849.91 -0.02072
3850.15 -0.0209
3850.39 -0.01928
3850.63 -0.02032
3850.87 -0.02274
3851.11 -0.02287
3851.35 -0.02332
3851.6 -0.0227
3851.84 -0.02176
3852.08 -0.02264
3852.32 -0.02233
3852.56 -0.02113
3852.8 -0.02204
3853.04 -0.02211
3853.28 -0.02017
3853.52 -0.02151
3853.77 -0.02361
3854.01 -0.0256
3854.25 -0.02337
3854.49 -0.02094
3854.73 -0.02195
3854.97 -0.02195
3855.21 -0.02079
3855.45 -0.01993
3855.69 -0.02067
3855.94 -0.02176
3856.18 -0.02099
3856.42 -0.02151
3856.66 -0.02196
3856.9 -0.01975
3857.14 -0.01998
3857.38 -0.02117
3857.62 -0.02074
3857.86 -0.02032
3858.1 -0.01895
3858.35 -0.0196
3858.59 -0.0204
3858.83 -0.02088
3859.07 -0.02106
3859.31 -0.02115
3859.55 -0.02163
3859.79 -0.01895
3860.03 -0.01761
3860.27 -0.01856
3860.52 -0.01946
3860.76 -0.02009
3861 -0.01996
3861.24 -0.0188
3861.48 -0.01873
3861.72 -0.01988
3861.96 -0.02065
3862.2 -0.02008
3862.44 -0.02147
3862.69 -0.02228
3862.93 -0.02354
3863.17 -0.02445
3863.41 -0.02256
3863.65 -0.02113
3863.89 -0.02043
3864.13 -0.02103
3864.37 -0.02073
3864.61 -0.01943
3864.86 -0.02007
3865.1 -0.02118
3865.34 -0.02167
3865.58 -0.02195
3865.82 -0.02268
3866.06 -0.02096
3866.3 -0.02043
3866.54 -0.02332
3866.78 -0.02143
3867.03 -0.01992
3867.27 -0.02171
3867.51 -0.02212
3867.75 -0.02197
3867.99 -0.02134
3868.23 -0.01996
3868.47 -0.01983
3868.71 -0.02
3868.95 -0.02026
3869.2 -0.01937
3869.44 -0.01928
3869.68 -0.0204
3869.92 -0.02042
3870.16 -0.02176
3870.4 -0.02328
3870.64 -0.02355
3870.88 -0.02251
3871.12 -0.01992
3871.37 -0.01891
3871.61 -0.01928
3871.85 -0.02081
3872.09 -0.02261
3872.33 -0.02244
3872.57 -0.02144
3872.81 -0.01959
3873.05 -0.01988
3873.29 -0.0229
3873.54 -0.02326
3873.78 -0.021
3874.02 -0.02117
3874.26 -0.02067
3874.5 -0.01959
3874.74 -0.0212
3874.98 -0.02192
3875.22 -0.02291
3875.46 -0.02225
3875.71 -0.02063
3875.95 -0.02157
3876.19 -0.02124
3876.43 -0.02042
3876.67 -0.02063
3876.91 -0.0212
3877.15 -0.02207
3877.39 -0.02114
3877.63 -0.02144
3877.88 -0.02179
3878.12 -0.02035
3878.36 -0.01846
3878.6 -0.0187
3878.84 -0.02171
3879.08 -0.02291
3879.32 -0.02199
3879.56 -0.02062
3879.8 -0.02182
3880.05 -0.02329
3880.29 -0.02238
3880.53 -0.02074
3880.77 -0.01979
3881.01 -0.02191
3881.25 -0.02202
3881.49 -0.02155
3881.73 -0.02304
3881.97 -0.02126
3882.22 -0.02039
3882.46 -0.02191
3882.7 -0.02196
3882.94 -0.02173
3883.18 -0.02077
3883.42 -0.02055
3883.66 -0.01946
3883.9 -0.01935
3884.14 -0.02144
3884.39 -0.0188
3884.63 -0.0172
3884.87 -0.02073
3885.11 -0.02127
3885.35 -0.01954
3885.59 -0.01936
3885.83 -0.02041
3886.07 -0.02252
3886.31 -0.02154
3886.55 -0.01973
3886.8 -0.02076
3887.04 -0.02227
3887.28 -0.02172
3887.52 -0.02208
3887.76 -0.02144
3888 -0.02049
3888.24 -0.02129
3888.48 -0.02242
3888.72 -0.02374
3888.97 -0.02332
3889.21 -0.02167
3889.45 -0.01856
3889.69 -0.01722
3889.93 -0.02015
3890.17 -0.02176
3890.41 -0.02205
3890.65 -0.02391
3890.89 -0.02296
3891.14 -0.01998
3891.38 -0.0182
3891.62 -0.01861
3891.86 -0.02063
3892.1 -0.02149
3892.34 -0.02208
3892.58 -0.02163
3892.82 -0.02022
3893.06 -0.02116
3893.31 -0.02153
3893.55 -0.0197
3893.79 -0.01933
3894.03 -0.02051
3894.27 -0.02114
3894.51 -0.02157
3894.75 -0.02027
3894.99 -0.02052
3895.23 -0.02189
3895.48 -0.0215
3895.72 -0.02041
3895.96 -0.01977
3896.2 -0.02043
3896.44 -0.02112
3896.68 -0.02141
3896.92 -0.02148
3897.16 -0.0207
3897.4 -0.02139
3897.65 -0.02233
3897.89 -0.0198
3898.13 -0.01941
3898.37 -0.02021
3898.61 -0.02018
3898.85 -0.01914
3899.09 -0.01998
3899.33 -0.02133
3899.57 -0.02269
3899.82 -0.02401
3900.06 -0.02262
3900.3 -0.02085
3900.54 -0.02108
3900.78 -0.02115
3901.02 -0.0209
3901.26 -0.02435
3901.5 -0.02519
3901.74 -0.02474
3901.99 -0.02442
3902.23 -0.02095
3902.47 -0.02007
3902.71 -0.02115
3902.95 -0.02256
3903.19 -0.02224
3903.43 -0.02034
3903.67 -0.0219
3903.91 -0.02241
3904.16 -0.0209
3904.4 -0.01986
3904.64 -0.01986
3904.88 -0.01842
3905.12 -0.01811
3905.36 -0.02002
3905.6 -0.02216
3905.84 -0.02265
3906.08 -0.01993
3906.33 -0.0202
3906.57 -0.02006
3906.81 -0.02022
3907.05 -0.02079
3907.29 -0.01837
3907.53 -0.01905
3907.77 -0.02089
3908.01 -0.02072
3908.25 -0.02051
3908.5 -0.02045
3908.74 -0.01858
3908.98 -0.0193
3909.22 -0.02345
3909.46 -0.02187
3909.7 -0.01866
3909.94 -0.01986
3910.18 -0.02098
3910.42 -0.0195
3910.67 -0.01979
3910.91 -0.02062
3911.15 -0.02009
3911.39 -0.01944
3911.63 -0.01817
3911.87 -0.01935
3912.11 -0.02126
3912.35 -0.02121
3912.59 -0.01998
3912.84 -0.01949
3913.08 -0.02009
3913.32 -0.02043
3913.56 -0.01916
3913.8 -0.01862
3914.04 -0.02033
3914.28 -0.02133
3914.52 -0.02075
3914.76 -0.02001
3915 -0.02188
3915.25 -0.02351
3915.49 -0.02215
3915.73 -0.02067
3915.97 -0.02073
3916.21 -0.0205
3916.45 -0.01886
3916.69 -0.01918
3916.93 -0.02128
3917.17 -0.02117
3917.42 -0.02007
3917.66 -0.02065
3917.9 -0.02002
3918.14 -0.01858
3918.38 -0.01917
3918.62 -0.02167
3918.86 -0.02141
3919.1 -0.02131
3919.34 -0.02139
3919.59 -0.02054
3919.83 -0.02028
3920.07 -0.02121
3920.31 -0.0229
3920.55 -0.02229
3920.79 -0.02148
3921.03 -0.02277
3921.27 -0.02168
3921.51 -0.02034
3921.76 -0.0209
3922 -0.02003
3922.24 -0.01975
3922.48 -0.01996
3922.72 -0.02009
3922.96 -0.0187
3923.2 -0.01888
3923.44 -0.02063
3923.68 -0.02192
3923.93 -0.02029
3924.17 -0.01835
3924.41 -0.01985
3924.65 -0.02093
3924.89 -0.02083
3925.13 -0.02109
3925.37 -0.02155
3925.61 -0.02227
3925.85 -0.02248
3926.1 -0.02165
3926.34 -0.01987
3926.58 -0.01988
3926.82 -0.02449
3927.06 -0.02648
3927.3 -0.02394
3927.54 -0.02169
3927.78 -0.01935
3928.02 -0.01852
3928.27 -0.01962
3928.51 -0.02097
3928.75 -0.02083
3928.99 -0.01963
3929.23 -0.01924
3929.47 -0.02158
3929.71 -0.02095
3929.95 -0.0187
3930.19 -0.01971
3930.44 -0.02186
3930.68 -0.02018
3930.92 -0.01844
3931.16 -0.02141
3931.4 -0.0221
3931.64 -0.02121
3931.88 -0.0205
3932.12 -0.0183
3932.36 -0.01826
3932.61 -0.02048
3932.85 -0.02097
3933.09 -0.01993
3933.33 -0.01879
3933.57 -0.01885
3933.81 -0.01722
3934.05 -0.01903
3934.29 -0.02155
3934.53 -0.01974
3934.78 -0.01855
3935.02 -0.0203
3935.26 -0.02266
3935.5 -0.02142
3935.74 -0.01863
3935.98 -0.01831
3936.22 -0.0201
3936.46 -0.02105
3936.7 -0.02
3936.95 -0.02021
3937.19 -0.0192
3937.43 -0.01758
3937.67 -0.02149
3937.91 -0.02253
3938.15 -0.02123
3938.39 -0.02123
3938.63 -0.01959
3938.87 -0.01829
3939.12 -0.01867
3939.36 -0.02065
3939.6 -0.02078
3939.84 -0.0181
3940.08 -0.01829
3940.32 -0.0181
3940.56 -0.017
3940.8 -0.01879
3941.04 -0.0218
3941.29 -0.02222
3941.53 -0.0204
3941.77 -0.02129
3942.01 -0.02141
3942.25 -0.02052
3942.49 -0.02203
3942.73 -0.0251
3942.97 -0.02493
3943.21 -0.02101
3943.46 -0.01786
3943.7 -0.0186
3943.94 -0.0194
3944.18 -0.01869
3944.42 -0.01892
3944.66 -0.02148
3944.9 -0.02199
3945.14 -0.02109
3945.38 -0.02199
3945.62 -0.02074
3945.87 -0.01966
3946.11 -0.02025
3946.35 -0.01988
3946.59 -0.01958
3946.83 -0.02159
3947.07 -0.02299
3947.31 -0.02051
3947.55 -0.02142
3947.79 -0.0236
3948.04 -0.02175
3948.28 -0.01998
3948.52 -0.01955
3948.76 -0.01998
3949 -0.02037
3949.24 -0.02062
3949.48 -0.02061
3949.72 -0.0208
3949.96 -0.02022
3950.21 -0.02058
3950.45 -0.02059
3950.69 -0.01822
3950.93 -0.01664
3951.17 -0.01753
3951.41 -0.01816
3951.65 -0.01925
3951.89 -0.02173
3952.13 -0.02055
3952.38 -0.01719
3952.62 -0.01832
3952.86 -0.02182
3953.1 -0.02509
3953.34 -0.02487
3953.58 -0.02449
3953.82 -0.02355
3954.06 -0.02054
3954.3 -0.01984
3954.55 -0.01942
3954.79 -0.0188
3955.03 -0.01752
3955.27 -0.01794
3955.51 -0.02037
3955.75 -0.02122
3955.99 -0.02201
3956.23 -0.02111
3956.47 -0.01801
3956.72 -0.01742
3956.96 -0.01923
3957.2 -0.01994
3957.44 -0.01813
3957.68 -0.01788
3957.92 -0.01917
3958.16 -0.01976
3958.4 -0.01908
3958.64 -0.01956
3958.89 -0.02049
3959.13 -0.01934
3959.37 -0.01903
3959.61 -0.01745
3959.85 -0.01741
3960.09 -0.02003
3960.33 -0.0202
3960.57 -0.02242
3960.81 -0.02362
3961.06 -0.0225
3961.3 -0.02082
3961.54 -0.01958
3961.78 -0.02119
3962.02 -0.02017
3962.26 -0.0181
3962.5 -0.01905
3962.74 -0.02126
3962.98 -0.02266
3963.23 -0.02169
3963.47 -0.02066
3963.71 -0.01854
3963.95 -0.01664
3964.19 -0.0185
3964.43 -0.02063
3964.67 -0.02059
3964.91 -0.02027
3965.15 -0.01994
3965.4 -0.01961
3965.64 -0.02081
3965.88 -0.02206
3966.12 -0.02217
3966.36 -0.0182
3966.6 -0.01488
3966.84 -0.01624
3967.08 -0.01878
3967.32 -0.02097
3967.57 -0.02088
3967.81 -0.0192
3968.05 -0.01753
3968.29 -0.01633
3968.53 -0.01706
3968.77 -0.01935
3969.01 -0.01991
3969.25 -0.02064
3969.49 -0.02144
3969.74 -0.02159
3969.98 -0.0198
3970.22 -0.01888
3970.46 -0.02036
3970.7 -0.01785
3970.94 -0.01822
3971.18 -0.02118
3971.42 -0.02203
3971.66 -0.02082
3971.91 -0.01994
3972.15 -0.02079
3972.39 -0.02028
3972.63 -0.01985
3972.87 -0.01762
3973.11 -0.01668
3973.35 -0.01606
3973.59 -0.01796
3973.83 -0.02124
3974.07 -0.01969
3974.32 -0.02046
3974.56 -0.01977
3974.8 -0.01824
3975.04 -0.01908
3975.28 -0.01999
3975.52 -0.01879
3975.76 -0.01899
3976 -0.02017
3976.24 -0.01851
3976.49 -0.02078
3976.73 -0.02212
3976.97 -0.02034
3977.21 -0.02059
3977.45 -0.02136
3977.69 -0.02318
3977.93 -0.02292
3978.17 -0.0207
3978.41 -0.01945
3978.66 -0.01924
3978.9 -0.02241
3979.14 -0.02418
3979.38 -0.01983
3979.62 -0.01847
3979.86 -0.02091
3980.1 -0.02114
3980.34 -0.01967
3980.58 -0.02019
3980.83 -0.02015
3981.07 -0.01788
3981.31 -0.0189
3981.55 -0.02062
3981.79 -0.02096
3982.03 -0.02143
3982.27 -0.02103
3982.51 -0.02251
3982.75 -0.02195
3983 -0.02053
3983.24 -0.01976
3983.48 -0.01912
3983.72 -0.02028
3983.96 -0.02219
3984.2 -0.02329
3984.44 -0.02015
3984.68 -0.01756
3984.92 -0.01611
3985.17 -0.01629
3985.41 -0.01815
3985.65 -0.02085
3985.89 -0.02037
3986.13 -0.02055
3986.37 -0.02111
3986.61 -0.02024
3986.85 -0.02104
3987.09 -0.02084
3987.34 -0.0204
3987.58 -0.01911
3987.82 -0.01751
3988.06 -0.01802
3988.3 -0.01935
3988.54 -0.02077
3988.78 -0.02297
3989.02 -0.0242
3989.26 -0.02297
3989.51 -0.02253
3989.75 -0.0212
3989.99 -0.01948
3990.23 -0.01996
3990.47 -0.01952
3990.71 -0.021
3990.95 -0.02127
3991.19 -0.02002
3991.43 -0.01974
3991.68 -0.01927
3991.92 -0.0187
3992.16 -0.01869
3992.4 -0.01743
3992.64 -0.0153
3992.88 -0.01907
3993.12 -0.02184
3993.36 -0.02022
3993.6 -0.02181
3993.85 -0.02363
3994.09 -0.0223
3994.33 -0.02151
3994.57 -0.0234
3994.81 -0.02385
3995.05 -0.02308
3995.29 -0.02332
3995.53 -0.02191
3995.77 -0.0196
3996.02 -0.01782
3996.26 -0.01687
3996.5 -0.01809
3996.74 -0.02003
3996.98 -0.02099
3997.22 -0.01838
3997.46 -0.01748
3997.7 -0.0185
3997.94 -0.01707
3998.19 -0.01811
3998.43 -0.02079
3998.67 -0.02107
3998.91 -0.01902
3999.15 -0.02064
3999.39 -0.02344
3999.63 -0.02164
3999.87 -0.02043
4000.11 -0.02135
4000.35 -0.0226
