# {"full": "Pure CO", "name": "CO", "ratio": "1", "url": "https://icedb.strw.leidenuniv.nl/data/75", "author": "van Broekhuizen et al."}
3.99867E+02 2.49799E-02
3.99987E+02 2.17482E-02
4.00108E+02 9.25821E-03
4.00228E+02 -7.27101E-03
4.00349E+02 -2.07891E-02
4.00469E+02 -2.82773E-02
4.00590E+02 -3.00054E-02
4.00711E+02 -2.59478E-02
4.00831E+02 -1.70168E-02
4.00952E+02 -8.11861E-03
4.01072E+02 -5.38771E-03
4.01193E+02 -9.26527E-03
4.01313E+02 -1.37631E-02
4.01434E+02 -1.36647E-02
4.01554E+02 -9.88613E-03
4.01675E+02 -6.81374E-03
4.01796E+02 -6.38277E-03
4.01916E+02 -6.81844E-03
4.02037E+02 -6.33157E-03
4.02157E+02 -5.04459E-03
4.02278E+02 -3.07162E-03
4.02398E+02 6.19013E-04
4.02519E+02 6.14018E-03
4.02639E+02 1.11145E-02
4.02760E+02 1.27282E-02
4.02880E+02 1.07967E-02
4.03001E+02 7.96177E-03
4.03122E+02 6.82504E-03
4.03242E+02 7.37863E-03
4.03363E+02 7.57219E-03
4.03483E+02 5.86964E-03
4.03604E+02 2.76375E-03
4.03724E+02 -3.60236E-06
4.03845E+02 -1.40955E-03
4.03965E+02 -2.08560E-03
4.04086E+02 -3.09167E-03
4.04207E+02 -4.27689E-03
4.04327E+02 -4.65208E-03
4.04448E+02 -4.14970E-03
4.04568E+02 -3.82704E-03
4.04689E+02 -4.01309E-03
4.04809E+02 -3.39243E-03
4.04930E+02 -9.52173E-04
4.05050E+02 1.82790E-03
4.05171E+02 2.07961E-03
4.05292E+02 -1.04525E-03
4.05412E+02 -5.02401E-03
4.05533E+02 -6.64675E-03
4.05653E+02 -5.38199E-03
4.05774E+02 -3.42790E-03
4.05894E+02 -2.88957E-03
4.06015E+02 -3.79653E-03
4.06135E+02 -4.91029E-03
4.06256E+02 -5.48218E-03
4.06376E+02 -5.66991E-03
4.06497E+02 -5.54759E-03
4.06618E+02 -4.31961E-03
4.06738E+02 -9.59489E-04
4.06859E+02 4.41838E-03
4.06979E+02 9.97281E-03
4.07100E+02 1.29906E-02
4.07220E+02 1.15644E-02
4.07341E+02 5.95968E-03
4.07461E+02 -1.40586E-03
4.07582E+02 -7.44994E-03
4.07703E+02 -1.01331E-02
4.07823E+02 -9.28525E-03
4.07944E+02 -6.30974E-03
4.08064E+02 -3.05086E-03
4.08185E+02 -7.27955E-04
4.08305E+02 4.59772E-04
4.08426E+02 1.17460E-03
4.08546E+02 2.27934E-03
4.08667E+02 3.85828E-03
4.08787E+02 4.86201E-03
4.08908E+02 4.00923E-03
4.09029E+02 1.19507E-03
4.09149E+02 -2.15902E-03
4.09270E+02 -4.27273E-03
4.09390E+02 -4.35951E-03
4.09511E+02 -2.87951E-03
4.09631E+02 -1.00825E-03
4.09752E+02 -3.86015E-05
4.09872E+02 -6.49389E-04
4.09993E+02 -2.22484E-03
4.10114E+02 -3.33646E-03
4.10234E+02 -3.37301E-03
4.10355E+02 -3.22551E-03
4.10475E+02 -3.80050E-03
4.10596E+02 -4.33709E-03
4.10716E+02 -3.21330E-03
4.10837E+02 -5.67444E-04
4.10957E+02 1.12515E-03
4.11078E+02 -8.55923E-05
4.11198E+02 -3.09381E-03
4.11319E+02 -4.94778E-03
4.11440E+02 -4.08169E-03
4.11560E+02 -1.44608E-03
4.11681E+02 1.38495E-03
4.11801E+02 3.87150E-03
4.11922E+02 5.71498E-03
4.12042E+02 5.65499E-03
4.12163E+02 2.67290E-03
4.12283E+02 -1.77230E-03
4.12404E+02 -4.23981E-03
4.12525E+02 -2.91338E-03
4.12645E+02 2.70609E-04
4.12766E+02 2.07844E-03
4.12886E+02 1.74647E-03
4.13007E+02 1.10020E-03
4.13127E+02 1.49435E-03
4.13248E+02 2.38831E-03
4.13368E+02 2.97534E-03
4.13489E+02 3.23151E-03
4.13609E+02 2.60678E-03
4.13730E+02 -1.07177E-04
4.13851E+02 -3.62592E-03
4.13971E+02 -2.70374E-03
4.14092E+02 6.43831E-03
4.14212E+02 1.92798E-02
4.14333E+02 2.58845E-02
4.14453E+02 2.09391E-02
4.14574E+02 8.80496E-03
4.14694E+02 -1.13021E-03
4.14815E+02 -4.01637E-03
4.14936E+02 -2.98827E-03
4.15056E+02 -2.54913E-03
4.15177E+02 -3.04542E-03
4.15297E+02 -2.93999E-03
4.15418E+02 -2.67650E-03
4.15538E+02 -3.74575E-03
4.15659E+02 -5.45831E-03
4.15779E+02 -5.35709E-03
4.15900E+02 -2.62247E-03
4.16021E+02 8.67382E-04
4.16141E+02 3.00886E-03
4.16262E+02 3.53829E-03
4.16382E+02 3.20400E-03
4.16503E+02 2.22678E-03
4.16623E+02 6.64387E-04
4.16744E+02 -5.30433E-04
4.16864E+02 -2.01385E-04
4.16985E+02 1.30054E-03
4.17105E+02 2.24032E-03
4.17226E+02 1.63096E-03
4.17347E+02 3.20464E-04
4.17467E+02 -4.72642E-04
4.17588E+02 -9.00917E-04
4.17708E+02 -1.93832E-03
4.17829E+02 -3.54518E-03
4.17949E+02 -4.54241E-03
4.18070E+02 -4.41050E-03
4.18190E+02 -3.99061E-03
4.18311E+02 -3.91553E-03
4.18432E+02 -3.34540E-03
4.18552E+02 -1.17541E-03
4.18673E+02 1.98654E-03
4.18793E+02 4.14655E-03
4.18914E+02 4.19174E-03
4.19034E+02 2.94526E-03
4.19155E+02 1.87014E-03
4.19275E+02 1.58742E-03
4.19396E+02 1.85724E-03
4.19516E+02 2.12245E-03
4.19637E+02 1.68979E-03
4.19758E+02 1.16758E-04
4.19878E+02 -2.08445E-03
4.19999E+02 -3.65749E-03
4.20119E+02 -3.92368E-03
4.20240E+02 -3.27027E-03
4.20360E+02 -2.13338E-03
4.20481E+02 -7.24424E-04
4.20601E+02 -2.57224E-04
4.20722E+02 -2.45953E-03
4.20843E+02 -5.86168E-03
4.20963E+02 -4.20101E-03
4.21084E+02 7.23021E-03
4.21204E+02 2.30773E-02
4.21325E+02 3.01943E-02
4.21445E+02 2.09603E-02
4.21566E+02 2.36405E-03
4.21686E+02 -1.05186E-02
4.21807E+02 -9.06556E-03
4.21927E+02 1.97602E-03
4.22048E+02 1.11067E-02
4.22169E+02 1.17677E-02
4.22289E+02 6.01416E-03
4.22410E+02 -1.17185E-03
4.22530E+02 -6.88766E-03
4.22651E+02 -9.94436E-03
4.22771E+02 -9.48225E-03
4.22892E+02 -5.96929E-03
4.23012E+02 -2.09589E-03
4.23133E+02 -7.71530E-04
4.23254E+02 -2.37520E-03
4.23374E+02 -4.85584E-03
4.23495E+02 -6.23778E-03
4.23615E+02 -6.15114E-03
4.23736E+02 -5.05712E-03
4.23856E+02 -3.14758E-03
4.23977E+02 -5.44790E-04
4.24097E+02 2.16142E-03
4.24218E+02 4.33098E-03
4.24339E+02 5.88542E-03
4.24459E+02 6.89368E-03
4.24580E+02 6.88256E-03
4.24700E+02 5.32522E-03
4.24821E+02 2.82694E-03
4.24941E+02 1.00221E-03
4.25062E+02 7.94087E-04
4.25182E+02 1.44498E-03
4.25303E+02 1.66127E-03
4.25423E+02 1.40164E-03
4.25544E+02 1.64561E-03
4.25665E+02 2.54509E-03
4.25785E+02 2.88689E-03
4.25906E+02 1.85042E-03
4.26026E+02 5.05920E-04
4.26147E+02 6.81363E-04
4.26267E+02 2.59583E-03
4.26388E+02 4.45452E-03
4.26508E+02 4.56764E-03
4.26629E+02 3.09494E-03
4.26750E+02 1.32355E-03
4.26870E+02 3.76403E-05
4.26991E+02 -7.81499E-04
4.27111E+02 -1.03962E-03
4.27232E+02 -1.94374E-04
4.27352E+02 1.81305E-03
4.27473E+02 3.66754E-03
4.27593E+02 3.40260E-03
4.27714E+02 2.88829E-04
4.27834E+02 -4.11625E-03
4.27955E+02 -6.88978E-03
4.28076E+02 -6.21786E-03
4.28196E+02 -3.26828E-03
4.28317E+02 -1.21263E-03
4.28437E+02 -2.35251E-03
4.28558E+02 -6.10388E-03
4.28678E+02 -9.59586E-03
4.28799E+02 -1.02790E-02
4.28919E+02 -7.80877E-03
4.29040E+02 -3.81382E-03
4.29161E+02 -4.42289E-04
4.29281E+02 1.00563E-03
4.29402E+02 4.53334E-04
4.29522E+02 -1.39838E-03
4.29643E+02 -3.52347E-03
4.29763E+02 -4.85237E-03
4.29884E+02 -4.74841E-03
4.30004E+02 -3.60342E-03
4.30125E+02 -2.73447E-03
4.30246E+02 -3.16569E-03
4.30366E+02 -4.36613E-03
4.30487E+02 -4.60161E-03
4.30607E+02 -2.86649E-03
4.30728E+02 -1.65943E-04
4.30848E+02 1.53883E-03
4.30969E+02 1.43712E-03
4.31089E+02 4.05677E-04
4.31210E+02 -4.36377E-04
4.31330E+02 -8.71114E-04
4.31451E+02 -1.08347E-03
4.31572E+02 -7.96009E-04
4.31692E+02 3.28422E-04
4.31813E+02 1.70149E-03
4.31933E+02 2.06568E-03
4.32054E+02 8.75976E-04
4.32174E+02 -1.10522E-03
4.32295E+02 -2.80096E-03
4.32415E+02 -3.80992E-03
4.32536E+02 -4.07132E-03
4.32657E+02 -3.19935E-03
4.32777E+02 -9.82653E-04
4.32898E+02 1.59798E-03
4.33018E+02 2.76359E-03
4.33139E+02 1.86082E-03
4.33259E+02 3.38081E-04
4.33380E+02 -8.78796E-06
4.33500E+02 6.41711E-04
4.33621E+02 5.30820E-04
4.33741E+02 -1.01496E-03
4.33862E+02 -2.50787E-03
4.33983E+02 -2.48868E-03
4.34103E+02 -1.65354E-03
4.34224E+02 -1.66442E-03
4.34344E+02 -2.57242E-03
4.34465E+02 -3.09903E-03
4.34585E+02 -3.37481E-03
4.34706E+02 -5.30791E-03
4.34826E+02 -9.27179E-03
4.34947E+02 -1.22353E-02
4.35068E+02 -1.12271E-02
4.35188E+02 -7.73394E-03
4.35309E+02 -6.36486E-03
4.35429E+02 -8.88206E-03
4.35550E+02 -1.16042E-02
4.35670E+02 -9.98481E-03
4.35791E+02 -4.04719E-03
4.35911E+02 1.90680E-03
4.36032E+02 4.17121E-03
4.36152E+02 3.05011E-03
4.36273E+02 1.12716E-03
4.36394E+02 5.80773E-05
4.36514E+02 1.79783E-05
4.36635E+02 7.30556E-04
4.36755E+02 1.79386E-03
4.36876E+02 2.46451E-03
4.36996E+02 2.08350E-03
4.37117E+02 8.34562E-04
4.37237E+02 -3.96904E-04
4.37358E+02 -9.26480E-04
4.37479E+02 -6.33419E-04
4.37599E+02 3.64676E-04
4.37720E+02 1.77553E-03
4.37840E+02 2.94166E-03
4.37961E+02 3.18960E-03
4.38081E+02 2.63235E-03
4.38202E+02 2.24262E-03
4.38322E+02 2.71918E-03
4.38443E+02 3.50569E-03
4.38564E+02 3.44105E-03
4.38684E+02 2.32873E-03
4.38805E+02 1.35979E-03
4.38925E+02 1.68152E-03
4.39046E+02 2.86671E-03
4.39166E+02 3.32378E-03
4.39287E+02 2.16485E-03
4.39407E+02 1.36178E-04
4.39528E+02 -1.51199E-03
4.39648E+02 -2.58730E-03
4.39769E+02 -3.80769E-03
4.39890E+02 -5.29035E-03
4.40010E+02 -5.99626E-03
4.40131E+02 -5.01977E-03
4.40251E+02 -2.88299E-03
4.40372E+02 -9.82914E-04
4.40492E+02 -8.98167E-05
4.40613E+02 1.47693E-04
4.40733E+02 3.69646E-04
4.40854E+02 7.28223E-04
4.40975E+02 1.02682E-03
4.41095E+02 1.12962E-03
4.41216E+02 1.01529E-03
4.41336E+02 7.74402E-04
4.41457E+02 7.77580E-04
4.41577E+02 1.50452E-03
4.41698E+02 2.88223E-03
4.41818E+02 4.16088E-03
4.41939E+02 4.90148E-03
4.42059E+02 5.64942E-03
4.42180E+02 6.92438E-03
4.42301E+02 7.70082E-03
4.42421E+02 5.98340E-03
4.42542E+02 1.43547E-03
4.42662E+02 -3.38212E-03
4.42783E+02 -5.44194E-03
4.42903E+02 -4.74007E-03
4.43024E+02 -4.11448E-03
4.43144E+02 -5.53367E-03
4.43265E+02 -7.68872E-03
4.43386E+02 -7.87454E-03
4.43506E+02 -5.50260E-03
4.43627E+02 -2.59672E-03
4.43747E+02 -1.04214E-03
4.43868E+02 -5.78105E-04
4.43988E+02 7.54632E-05
4.44109E+02 1.10853E-03
4.44229E+02 1.54294E-03
4.44350E+02 8.00144E-04
4.44470E+02 -5.36460E-04
4.44591E+02 -1.52463E-03
4.44712E+02 -1.75183E-03
4.44832E+02 -1.25320E-03
4.44953E+02 -2.05688E-04
4.45073E+02 8.92635E-04
4.45194E+02 1.22290E-03
4.45314E+02 4.20094E-04
4.45435E+02 -8.77522E-04
4.45555E+02 -1.66810E-03
4.45676E+02 -1.65785E-03
4.45797E+02 -1.34288E-03
4.45917E+02 -1.08071E-03
4.46038E+02 -6.14878E-04
4.46158E+02 2.56751E-04
4.46279E+02 9.76771E-04
4.46399E+02 7.03774E-04
4.46520E+02 -5.84282E-04
4.46640E+02 -1.84684E-03
4.46761E+02 -1.98527E-03
4.46882E+02 -1.02570E-03
4.47002E+02 -8.62405E-05
4.47123E+02 -1.45886E-04
4.47243E+02 -1.10350E-03
4.47364E+02 -2.08983E-03
4.47484E+02 -2.55365E-03
4.47605E+02 -2.73561E-03
4.47725E+02 -3.05721E-03
4.47846E+02 -3.49170E-03
4.47966E+02 -3.78867E-03
4.48087E+02 -3.93270E-03
4.48208E+02 -3.88834E-03
4.48328E+02 -3.18088E-03
4.48449E+02 -1.46936E-03
4.48569E+02 4.40374E-04
4.48690E+02 9.81931E-04
4.48810E+02 -4.25905E-04
4.48931E+02 -2.79510E-03
4.49051E+02 -5.12788E-03
4.49172E+02 -7.49034E-03
4.49293E+02 -9.51872E-03
4.49413E+02 -8.76503E-03
4.49534E+02 -2.66795E-03
4.49654E+02 7.31461E-03
4.49775E+02 1.51254E-02
4.49895E+02 1.53401E-02
4.50016E+02 8.63726E-03
4.50136E+02 7.21939E-04
4.50257E+02 -3.46716E-03
4.50377E+02 -3.37925E-03
4.50498E+02 -1.49758E-03
4.50619E+02 -9.40189E-05
4.50739E+02 8.10102E-05
4.50860E+02 -7.74693E-04
4.50980E+02 -2.04590E-03
4.51101E+02 -2.81291E-03
4.51221E+02 -2.25661E-03
4.51342E+02 -3.85724E-04
4.51462E+02 1.83975E-03
4.51583E+02 3.32610E-03
4.51704E+02 3.65236E-03
4.51824E+02 3.12039E-03
4.51945E+02 2.33706E-03
4.52065E+02 1.75591E-03
4.52186E+02 1.51168E-03
4.52306E+02 1.57061E-03
4.52427E+02 1.85158E-03
4.52547E+02 2.14010E-03
4.52668E+02 2.14308E-03
4.52788E+02 1.92430E-03
4.52909E+02 2.12889E-03
4.53030E+02 3.26791E-03
4.53150E+02 4.69657E-03
4.53271E+02 4.90767E-03
4.53391E+02 3.21096E-03
4.53512E+02 7.22524E-04
4.53632E+02 -7.39705E-04
4.53753E+02 -5.07250E-04
4.53873E+02 5.63972E-04
4.53994E+02 1.29794E-03
4.54115E+02 1.20770E-03
4.54235E+02 4.54023E-04
4.54356E+02 -5.15558E-04
4.54476E+02 -1.16254E-03
4.54597E+02 -1.14926E-03
4.54717E+02 -6.33389E-04
4.54838E+02 -1.34338E-04
4.54958E+02 -5.35585E-05
4.55079E+02 -4.40601E-04
4.55199E+02 -1.08737E-03
4.55320E+02 -1.56244E-03
4.55441E+02 -1.44151E-03
4.55561E+02 -1.02939E-03
4.55682E+02 -1.45729E-03
4.55802E+02 -3.08910E-03
4.55923E+02 -3.86592E-03
4.56043E+02 -6.62580E-04
4.56164E+02 6.68679E-03
4.56284E+02 1.37131E-02
4.56405E+02 1.52195E-02
4.56526E+02 1.06737E-02
4.56646E+02 4.37500E-03
4.56767E+02 7.51968E-04
4.56887E+02 7.00977E-04
4.57008E+02 2.11450E-03
4.57128E+02 2.89777E-03
4.57249E+02 2.63838E-03
4.57369E+02 1.90628E-03
4.57490E+02 1.28349E-03
4.57611E+02 1.14199E-03
4.57731E+02 1.50941E-03
4.57852E+02 1.88401E-03
4.57972E+02 1.64835E-03
4.58093E+02 8.83732E-04
4.58213E+02 3.90369E-04
4.58334E+02 6.62819E-04
4.58454E+02 1.20642E-03
4.58575E+02 1.18006E-03
4.58695E+02 4.75276E-04
4.58816E+02 -2.07990E-04
4.58937E+02 -2.97796E-04
4.59057E+02 -4.72218E-05
4.59178E+02 -1.28224E-04
4.59298E+02 -7.78243E-04
4.59419E+02 -1.59353E-03
4.59539E+02 -2.11951E-03
4.59660E+02 -2.40199E-03
4.59780E+02 -2.76552E-03
4.59901E+02 -3.17248E-03
4.60022E+02 -3.12350E-03
4.60142E+02 -2.34155E-03
4.60263E+02 -1.28290E-03
4.60383E+02 -6.57782E-04
4.60504E+02 -5.23537E-04
4.60624E+02 -1.90005E-04
4.60745E+02 7.93543E-04
4.60865E+02 1.87944E-03
4.60986E+02 2.06813E-03
4.61106E+02 1.11600E-03
4.61227E+02 -1.27699E-04
4.61348E+02 -6.85882E-04
4.61468E+02 -4.34492E-04
4.61589E+02 -7.00355E-05
4.61709E+02 -2.94220E-04
4.61830E+02 -1.06528E-03
4.61950E+02 -1.59001E-03
4.62071E+02 -1.07638E-03
4.62191E+02 2.96291E-04
4.62312E+02 1.28997E-03
4.62433E+02 9.02440E-04
4.62553E+02 -3.08711E-04
4.62674E+02 -7.04378E-04
4.62794E+02 3.25508E-04
4.62915E+02 1.36504E-03
4.63035E+02 7.34072E-04
4.63156E+02 -1.18817E-03
4.63276E+02 -2.37051E-03
4.63397E+02 -1.82721E-03
4.63517E+02 -8.78844E-04
4.63638E+02 -1.41165E-03
4.63759E+02 -3.50589E-03
4.63879E+02 -5.46803E-03
4.64000E+02 -5.82657E-03
4.64120E+02 -4.61579E-03
4.64241E+02 -2.93509E-03
4.64361E+02 -1.84900E-03
4.64482E+02 -1.76386E-03
4.64602E+02 -2.36128E-03
4.64723E+02 -2.92039E-03
4.64844E+02 -2.94201E-03
4.64964E+02 -2.52913E-03
4.65085E+02 -2.08917E-03
4.65205E+02 -1.79609E-03
4.65326E+02 -1.58072E-03
4.65446E+02 -1.53308E-03
4.65567E+02 -1.90035E-03
4.65687E+02 -2.62427E-03
4.65808E+02 -3.25581E-03
4.65928E+02 -3.46553E-03
4.66049E+02 -3.30403E-03
4.66170E+02 -2.89831E-03
4.66290E+02 -2.24057E-03
4.66411E+02 -1.43096E-03
4.66531E+02 -8.34882E-04
4.66652E+02 -7.38475E-04
4.66772E+02 -9.71124E-04
4.66893E+02 -1.06280E-03
4.67013E+02 -7.08565E-04
4.67134E+02 1.19172E-05
4.67255E+02 6.83103E-04
4.67375E+02 7.71679E-04
4.67496E+02 6.49281E-05
4.67616E+02 -9.42122E-04
4.67737E+02 -1.38077E-03
4.67857E+02 -9.93099E-04
4.67978E+02 -5.16847E-04
4.68098E+02 -8.37721E-04
4.68219E+02 -1.98607E-03
4.68340E+02 -3.27543E-03
4.68460E+02 -4.16031E-03
4.68581E+02 -4.47998E-03
4.68701E+02 -4.12500E-03
4.68822E+02 -3.16037E-03
4.68942E+02 -2.24848E-03
4.69063E+02 -2.22261E-03
4.69183E+02 -2.98047E-03
4.69304E+02 -3.35991E-03
4.69424E+02 -2.52280E-03
4.69545E+02 -9.89646E-04
4.69666E+02 1.13543E-04
4.69786E+02 3.96270E-04
4.69907E+02 2.13385E-04
4.70027E+02 -3.75208E-04
4.70148E+02 -1.71211E-03
4.70268E+02 -3.50631E-03
4.70389E+02 -4.52526E-03
4.70509E+02 -3.90182E-03
4.70630E+02 -2.27365E-03
4.70751E+02 -1.13316E-03
4.70871E+02 -1.23047E-03
4.70992E+02 -2.01560E-03
4.71112E+02 -2.53006E-03
4.71233E+02 -2.32143E-03
4.71353E+02 -1.51580E-03
4.71474E+02 -4.86713E-04
4.71594E+02 3.39001E-04
4.71715E+02 6.06809E-04
4.71836E+02 2.87767E-04
4.71956E+02 -2.48976E-04
4.72077E+02 -5.85876E-04
4.72197E+02 -6.39811E-04
4.72318E+02 -5.95033E-04
4.72438E+02 -6.11819E-04
4.72559E+02 -7.47018E-04
4.72679E+02 -1.04484E-03
4.72800E+02 -1.47225E-03
4.72920E+02 -1.79349E-03
4.73041E+02 -1.75190E-03
4.73162E+02 -1.44181E-03
4.73282E+02 -1.30362E-03
4.73403E+02 -1.59119E-03
4.73523E+02 -1.93317E-03
4.73644E+02 -1.62584E-03
4.73764E+02 -4.07394E-04
4.73885E+02 1.14442E-03
4.74005E+02 2.04673E-03
4.74126E+02 1.71034E-03
4.74247E+02 3.14921E-04
4.74367E+02 -1.41992E-03
4.74488E+02 -2.73830E-03
4.74608E+02 -3.17658E-03
4.74729E+02 -2.61863E-03
4.74849E+02 -1.36961E-03
4.74970E+02 -1.47074E-04
4.75090E+02 3.32944E-04
4.75211E+02 -1.11677E-04
4.75331E+02 -1.02823E-03
4.75452E+02 -1.77477E-03
4.75573E+02 -2.02625E-03
4.75693E+02 -1.85778E-03
4.75814E+02 -1.50706E-03
4.75934E+02 -1.19691E-03
4.76055E+02 -1.01899E-03
4.76175E+02 -8.37088E-04
4.76296E+02 -4.59861E-04
4.76416E+02 -6.75395E-05
4.76537E+02 -2.50112E-04
4.76658E+02 -1.29234E-03
4.76778E+02 -2.57076E-03
4.76899E+02 -3.06394E-03
4.77019E+02 -2.48490E-03
4.77140E+02 -1.55513E-03
4.77260E+02 -1.08318E-03
4.77381E+02 -1.20581E-03
4.77501E+02 -1.66465E-03
4.77622E+02 -2.29601E-03
4.77742E+02 -2.84385E-03
4.77863E+02 -2.69844E-03
4.77984E+02 -1.48363E-03
4.78104E+02 1.57975E-04
4.78225E+02 9.89556E-04
4.78345E+02 5.72715E-04
4.78466E+02 -2.17393E-04
4.78586E+02 -2.87954E-04
4.78707E+02 4.05297E-04
4.78827E+02 9.93285E-04
4.78948E+02 8.12259E-04
4.79069E+02 4.59366E-05
4.79189E+02 -6.67147E-04
4.79310E+02 -9.14663E-04
4.79430E+02 -7.14220E-04
4.79551E+02 -3.00281E-04
4.79671E+02 1.00996E-04
4.79792E+02 3.76210E-04
4.79912E+02 5.76042E-04
4.80033E+02 8.70537E-04
4.80154E+02 1.33521E-03
4.80274E+02 1.70101E-03
4.80395E+02 1.42426E-03
4.80515E+02 2.07547E-04
4.80636E+02 -1.47198E-03
4.80756E+02 -2.56629E-03
4.80877E+02 -2.36857E-03
4.80997E+02 -1.13814E-03
4.81118E+02 2.17959E-04
4.81238E+02 1.00853E-03
4.81359E+02 1.15803E-03
4.81480E+02 8.49634E-04
4.81600E+02 1.74325E-04
4.81721E+02 -7.51436E-04
4.81841E+02 -1.58839E-03
4.81962E+02 -1.96269E-03
4.82082E+02 -1.81439E-03
4.82203E+02 -1.44925E-03
4.82323E+02 -1.23884E-03
4.82444E+02 -1.32286E-03
4.82565E+02 -1.55115E-03
4.82685E+02 -1.63290E-03
4.82806E+02 -1.37454E-03
4.82926E+02 -8.41111E-04
4.83047E+02 -3.21757E-04
4.83167E+02 -1.31287E-04
4.83288E+02 -3.99236E-04
4.83408E+02 -9.45725E-04
4.83529E+02 -1.28322E-03
4.83649E+02 -8.81586E-04
4.83770E+02 3.30038E-04
4.83891E+02 1.74524E-03
4.84011E+02 2.57918E-03
4.84132E+02 2.60232E-03
4.84252E+02 2.21418E-03
4.84373E+02 1.80031E-03
4.84493E+02 1.38126E-03
4.84614E+02 9.78116E-04
4.84734E+02 8.52872E-04
4.84855E+02 1.05746E-03
4.84976E+02 1.12214E-03
4.85096E+02 6.71718E-04
4.85217E+02 1.12187E-04
4.85337E+02 1.01048E-04
4.85458E+02 4.12915E-04
4.85578E+02 2.15843E-05
4.85699E+02 -1.46905E-03
4.85819E+02 -3.05875E-03
4.85940E+02 -3.47739E-03
4.86060E+02 -2.64397E-03
4.86181E+02 -1.54251E-03
4.86302E+02 -8.97113E-04
4.86422E+02 -5.58052E-04
4.86543E+02 -1.94404E-04
4.86663E+02 3.59565E-05
4.86784E+02 -2.18719E-04
4.86904E+02 -8.94591E-04
4.87025E+02 -1.57801E-03
4.87145E+02 -2.00414E-03
4.87266E+02 -2.25314E-03
4.87387E+02 -2.52756E-03
4.87507E+02 -2.92784E-03
4.87628E+02 -3.38438E-03
4.87748E+02 -3.62824E-03
4.87869E+02 -3.29072E-03
4.87989E+02 -2.24812E-03
4.88110E+02 -9.04027E-04
4.88230E+02 5.39757E-05
4.88351E+02 2.66928E-04
4.88471E+02 -6.80462E-05
4.88592E+02 -6.27305E-04
4.88713E+02 -1.32791E-03
4.88833E+02 -2.08077E-03
4.88954E+02 -2.45123E-03
4.89074E+02 -1.98876E-03
4.89195E+02 -9.46090E-04
4.89315E+02 -2.97077E-04
4.89436E+02 -7.24364E-04
4.89556E+02 -1.78863E-03
4.89677E+02 -2.43491E-03
4.89798E+02 -2.19213E-03
4.89918E+02 -1.52411E-03
4.90039E+02 -9.80817E-04
4.90159E+02 -4.60863E-04
4.90280E+02 4.09052E-04
4.90400E+02 1.51763E-03
4.90521E+02 2.36956E-03
4.90641E+02 2.78661E-03
4.90762E+02 3.00373E-03
4.90883E+02 3.02564E-03
4.91003E+02 2.45014E-03
4.91124E+02 1.24912E-03
4.91244E+02 2.48402E-04
4.91365E+02 2.21647E-04
4.91485E+02 6.83207E-04
4.91606E+02 3.11635E-04
4.91726E+02 -1.29047E-03
4.91847E+02 -2.90256E-03
4.91967E+02 -3.18656E-03
4.92088E+02 -2.36649E-03
4.92209E+02 -1.83869E-03
4.92329E+02 -2.33500E-03
4.92450E+02 -3.08332E-03
4.92570E+02 -2.94657E-03
4.92691E+02 -1.83035E-03
4.92811E+02 -6.61023E-04
4.92932E+02 -3.19578E-04
4.93052E+02 -8.86008E-04
4.93173E+02 -1.79134E-03
4.93294E+02 -2.38243E-03
4.93414E+02 -2.35230E-03
4.93535E+02 -1.87900E-03
4.93655E+02 -1.40819E-03
4.93776E+02 -1.27066E-03
4.93896E+02 -1.55024E-03
4.94017E+02 -2.23891E-03
4.94137E+02 -3.24593E-03
4.94258E+02 -4.13142E-03
4.94378E+02 -4.16152E-03
4.94499E+02 -3.03101E-03
4.94620E+02 -1.43385E-03
4.94740E+02 -5.14686E-04
4.94861E+02 -7.04899E-04
4.94981E+02 -1.35617E-03
4.95102E+02 -1.57239E-03
4.95222E+02 -1.12763E-03
4.95343E+02 -4.79940E-04
4.95463E+02 -1.82338E-04
4.95584E+02 -4.34376E-04
4.95705E+02 -1.00189E-03
4.95825E+02 -1.39061E-03
4.95946E+02 -1.23174E-03
4.96066E+02 -6.45775E-04
4.96187E+02 -8.67397E-05
4.96307E+02 2.51904E-04
4.96428E+02 6.41041E-04
4.96548E+02 1.29813E-03
4.96669E+02 1.92287E-03
4.96789E+02 2.04892E-03
4.96910E+02 1.65797E-03
4.97031E+02 1.09690E-03
4.97151E+02 4.85353E-04
4.97272E+02 -3.61994E-04
4.97392E+02 -1.37686E-03
4.97513E+02 -2.03611E-03
4.97633E+02 -1.91913E-03
4.97754E+02 -1.20249E-03
4.97874E+02 -4.08124E-04
4.97995E+02 7.60816E-05
4.98116E+02 7.93599E-05
4.98236E+02 -4.01888E-04
4.98357E+02 -1.03803E-03
4.98477E+02 -1.16569E-03
4.98598E+02 -3.77081E-04
4.98718E+02 8.78591E-04
4.98839E+02 1.64340E-03
4.98959E+02 1.44289E-03
4.99080E+02 6.42221E-04
4.99201E+02 -1.48330E-04
4.99321E+02 -6.81676E-04
4.99442E+02 -1.00505E-03
4.99562E+02 -1.15291E-03
4.99683E+02 -1.19685E-03
4.99803E+02 -1.33915E-03
4.99924E+02 -1.61508E-03
5.00044E+02 -1.64982E-03
5.00165E+02 -1.09405E-03
5.00285E+02 -2.87961E-04
5.00406E+02 -1.10656E-04
5.00527E+02 -1.01391E-03
5.00647E+02 -2.44557E-03
5.00768E+02 -3.39416E-03
5.00888E+02 -3.29125E-03
5.01009E+02 -2.26344E-03
5.01129E+02 -8.07881E-04
5.01250E+02 4.93769E-04
5.01370E+02 1.08617E-03
5.01491E+02 6.93902E-04
5.01612E+02 -3.65585E-04
5.01732E+02 -1.31382E-03
5.01853E+02 -1.55671E-03
5.01973E+02 -1.11424E-03
5.02094E+02 -4.40266E-04
5.02214E+02 2.32235E-05
5.02335E+02 7.72774E-05
5.02455E+02 -2.31802E-04
5.02576E+02 -6.31955E-04
5.02696E+02 -7.19722E-04
5.02817E+02 -2.61780E-04
5.02938E+02 5.55597E-04
5.03058E+02 1.29968E-03
5.03179E+02 1.71465E-03
5.03299E+02 1.84309E-03
5.03420E+02 1.74430E-03
5.03540E+02 1.29835E-03
5.03661E+02 4.40001E-04
5.03781E+02 -5.45349E-04
5.03902E+02 -1.17734E-03
5.04023E+02 -1.24725E-03
5.04143E+02 -9.68210E-04
5.04264E+02 -6.73302E-04
5.04384E+02 -5.04825E-04
5.04505E+02 -4.53971E-04
5.04625E+02 -5.46545E-04
5.04746E+02 -8.07770E-04
5.04866E+02 -1.07982E-03
5.04987E+02 -1.05552E-03
5.05107E+02 -5.87709E-04
5.05228E+02 9.46224E-05
5.05349E+02 5.47286E-04
5.05469E+02 4.88378E-04
5.05590E+02 -7.51391E-06
5.05710E+02 -6.10918E-04
5.05831E+02 -1.01550E-03
5.05951E+02 -1.15182E-03
5.06072E+02 -1.19553E-03
5.06192E+02 -1.34800E-03
5.06313E+02 -1.57224E-03
5.06434E+02 -1.59843E-03
5.06554E+02 -1.24043E-03
5.06675E+02 -6.29347E-04
5.06795E+02 -3.32966E-05
5.06916E+02 4.90326E-04
5.07036E+02 1.03469E-03
5.07157E+02 1.42509E-03
5.07277E+02 1.17274E-03
5.07398E+02 1.41297E-04
5.07518E+02 -9.39846E-04
5.07639E+02 -1.03854E-03
5.07760E+02 3.68170E-05
5.07880E+02 1.31028E-03
5.08001E+02 1.65218E-03
5.08121E+02 9.50083E-04
5.08242E+02 2.86698E-05
5.08362E+02 -4.00942E-04
5.08483E+02 -3.67399E-04
5.08603E+02 -2.70758E-04
5.08724E+02 -2.63367E-04
5.08845E+02 -2.44778E-04
5.08965E+02 -2.33185E-04
5.09086E+02 -4.12926E-04
5.09206E+02 -8.19094E-04
5.09327E+02 -1.19099E-03
5.09447E+02 -1.19088E-03
5.09568E+02 -6.74479E-04
5.09688E+02 2.08862E-04
5.09809E+02 1.04007E-03
5.09930E+02 1.33317E-03
5.10050E+02 9.11307E-04
5.10171E+02 1.24935E-04
5.10291E+02 -4.77958E-04
5.10412E+02 -7.44335E-04
5.10532E+02 -9.60533E-04
5.10653E+02 -1.21772E-03
5.10773E+02 -1.09984E-03
5.10894E+02 -3.07452E-04
5.11014E+02 6.32215E-04
5.11135E+02 7.41407E-04
5.11256E+02 -3.09449E-04
5.11376E+02 -1.80411E-03
5.11497E+02 -2.78161E-03
5.11617E+02 -2.96613E-03
5.11738E+02 -2.70589E-03
5.11858E+02 -2.29156E-03
5.11979E+02 -1.66919E-03
5.12099E+02 -7.39720E-04
5.12220E+02 3.07508E-04
5.12341E+02 9.93025E-04
5.12461E+02 8.33306E-04
5.12582E+02 -2.60282E-04
5.12702E+02 -1.75408E-03
5.12823E+02 -2.80979E-03
5.12943E+02 -2.97119E-03
5.13064E+02 -2.54140E-03
5.13184E+02 -2.15497E-03
5.13305E+02 -2.02787E-03
5.13425E+02 -1.83999E-03
5.13546E+02 -1.31160E-03
5.13667E+02 -6.08053E-04
5.13787E+02 -7.96542E-05
5.13908E+02 1.60877E-04
5.14028E+02 2.07763E-04
5.14149E+02 7.75121E-05
5.14269E+02 -3.11296E-04
5.14390E+02 -8.67020E-04
5.14510E+02 -1.26371E-03
5.14631E+02 -1.25833E-03
5.14752E+02 -1.01073E-03
5.14872E+02 -9.70539E-04
5.14993E+02 -1.38935E-03
5.15113E+02 -1.98630E-03
5.15234E+02 -2.20427E-03
5.15354E+02 -1.83192E-03
5.15475E+02 -1.29063E-03
5.15595E+02 -1.18626E-03
5.15716E+02 -1.62775E-03
5.15836E+02 -2.15350E-03
5.15957E+02 -2.30703E-03
5.16078E+02 -2.10810E-03
5.16198E+02 -1.86109E-03
5.16319E+02 -1.66959E-03
5.16439E+02 -1.36092E-03
5.16560E+02 -8.23088E-04
5.16680E+02 -2.18149E-04
5.16801E+02 1.81578E-04
5.16921E+02 2.43288E-04
5.17042E+02 4.99114E-05
5.17163E+02 -1.82182E-04
5.17283E+02 -2.56862E-04
5.17404E+02 -1.69005E-04
5.17524E+02 -8.15205E-05
5.17645E+02 -7.14846E-05
5.17765E+02 3.94434E-05
5.17886E+02 4.25093E-04
5.18006E+02 8.77149E-04
5.18127E+02 9.36702E-04
5.18247E+02 5.07917E-04
5.18368E+02 9.74908E-05
5.18489E+02 1.94352E-04
5.18609E+02 5.83738E-04
5.18730E+02 6.26944E-04
5.18850E+02 1.79324E-04
5.18971E+02 -1.43852E-04
5.19091E+02 2.23856E-04
5.19212E+02 1.02428E-03
5.19332E+02 1.50449E-03
5.19453E+02 1.30446E-03
5.19574E+02 7.09392E-04
5.19694E+02 6.49355E-05
5.19815E+02 -6.37308E-04
5.19935E+02 -1.44551E-03
5.20056E+02 -2.07775E-03
5.20176E+02 -2.15195E-03
5.20297E+02 -1.67156E-03
5.20417E+02 -1.02920E-03
5.20538E+02 -6.17117E-04
5.20659E+02 -6.12225E-04
5.20779E+02 -1.01212E-03
5.20900E+02 -1.61350E-03
5.21020E+02 -1.96363E-03
5.21141E+02 -1.63934E-03
5.21261E+02 -7.48768E-04
5.21382E+02 5.54547E-05
5.21502E+02 2.37025E-04
5.21623E+02 -9.69879E-05
5.21743E+02 -4.36809E-04
5.21864E+02 -4.92916E-04
5.21985E+02 -4.03669E-04
5.22105E+02 -4.11469E-04
5.22226E+02 -5.54968E-04
5.22346E+02 -6.87551E-04
5.22467E+02 -6.40567E-04
5.22587E+02 -3.34881E-04
5.22708E+02 1.62236E-04
5.22828E+02 6.40653E-04
5.22949E+02 8.91108E-04
5.23070E+02 8.55535E-04
5.23190E+02 5.94795E-04
5.23311E+02 1.62717E-04
5.23431E+02 -3.64523E-04
5.23552E+02 -7.82844E-04
5.23672E+02 -9.01680E-04
5.23793E+02 -8.22417E-04
5.23913E+02 -9.13259E-04
5.24034E+02 -1.39956E-03
5.24154E+02 -2.08043E-03
5.24275E+02 -2.56131E-03
5.24396E+02 -2.66689E-03
5.24516E+02 -2.48090E-03
5.24637E+02 -2.10400E-03
5.24757E+02 -1.59185E-03
5.24878E+02 -1.09847E-03
5.24998E+02 -8.44441E-04
5.25119E+02 -8.43626E-04
5.25239E+02 -8.00744E-04
5.25360E+02 -4.23346E-04
5.25481E+02 2.13854E-04
5.25601E+02 7.38293E-04
5.25722E+02 8.90799E-04
5.25842E+02 7.44358E-04
5.25963E+02 5.21950E-04
5.26083E+02 3.20941E-04
5.26204E+02 1.10302E-04
5.26324E+02 -1.02483E-04
5.26445E+02 -2.44610E-04
5.26565E+02 -3.14847E-04
5.26686E+02 -3.99686E-04
5.26807E+02 -5.33771E-04
5.26927E+02 -6.29239E-04
5.27048E+02 -5.77517E-04
5.27168E+02 -3.54331E-04
5.27289E+02 -5.51715E-06
5.27409E+02 3.78400E-04
5.27530E+02 6.60185E-04
5.27650E+02 7.81551E-04
5.27771E+02 8.96662E-04
5.27892E+02 1.19920E-03
5.28012E+02 1.53766E-03
5.28133E+02 1.44444E-03
5.28253E+02 7.66069E-04
5.28374E+02 1.97068E-05
5.28494E+02 -2.24888E-04
5.28615E+02 -1.39285E-04
5.28735E+02 -3.99292E-04
5.28856E+02 -1.18750E-03
5.28977E+02 -2.02256E-03
5.29097E+02 -2.74519E-03
5.29218E+02 -3.99138E-03
5.29338E+02 -6.08773E-03
5.29459E+02 -7.94956E-03
5.29579E+02 -7.94842E-03
5.29700E+02 -5.84918E-03
5.29820E+02 -3.30605E-03
5.29941E+02 -2.10708E-03
5.30061E+02 -2.26897E-03
5.30182E+02 -2.43276E-03
5.30303E+02 -1.74769E-03
5.30423E+02 -6.92688E-04
5.30544E+02 -1.71412E-04
5.30664E+02 -4.04678E-04
5.30785E+02 -9.86740E-04
5.30905E+02 -1.56678E-03
5.31026E+02 -2.02527E-03
5.31146E+02 -2.18661E-03
5.31267E+02 -1.83871E-03
5.31388E+02 -1.13405E-03
5.31508E+02 -6.55882E-04
5.31629E+02 -8.33187E-04
5.31749E+02 -1.39924E-03
5.31870E+02 -1.72166E-03
5.31990E+02 -1.62314E-03
5.32111E+02 -1.55989E-03
5.32231E+02 -1.90476E-03
5.32352E+02 -2.33740E-03
5.32473E+02 -2.23508E-03
5.32593E+02 -1.49647E-03
5.32714E+02 -6.39424E-04
5.32834E+02 -1.22733E-04
5.32955E+02 6.38105E-05
5.33075E+02 2.34246E-05
5.33196E+02 -4.03926E-04
5.33316E+02 -1.29497E-03
5.33437E+02 -2.19594E-03
5.33557E+02 -2.47443E-03
5.33678E+02 -2.10620E-03
5.33799E+02 -1.72407E-03
5.33919E+02 -1.78586E-03
5.34040E+02 -1.98558E-03
5.34160E+02 -1.70387E-03
5.34281E+02 -8.38298E-04
5.34401E+02 6.40638E-05
5.34522E+02 4.14062E-04
5.34642E+02 1.32382E-04
5.34763E+02 -4.31839E-04
5.34884E+02 -9.08691E-04
5.35004E+02 -1.12642E-03
5.35125E+02 -1.05952E-03
5.35245E+02 -7.63055E-04
5.35366E+02 -3.83150E-04
5.35486E+02 -1.46605E-04
5.35607E+02 -2.38024E-04
5.35727E+02 -6.27093E-04
5.35848E+02 -1.03720E-03
5.35969E+02 -1.13825E-03
5.36089E+02 -7.89497E-04
5.36210E+02 -1.37422E-04
5.36330E+02 4.78987E-04
5.36451E+02 7.34560E-04
5.36571E+02 5.17387E-04
5.36692E+02 -1.71848E-05
5.36812E+02 -5.80776E-04
5.36933E+02 -1.01643E-03
5.37053E+02 -1.37119E-03
5.37174E+02 -1.64552E-03
5.37295E+02 -1.59514E-03
5.37415E+02 -1.02384E-03
5.37536E+02 -2.87931E-04
5.37656E+02 -1.90385E-04
5.37777E+02 -1.14479E-03
5.37897E+02 -2.56670E-03
5.38018E+02 -3.31099E-03
5.38138E+02 -2.73343E-03
5.38259E+02 -1.18960E-03
5.38380E+02 4.26166E-04
5.38500E+02 1.39309E-03
5.38621E+02 1.50076E-03
5.38741E+02 1.02296E-03
5.38862E+02 5.64124E-04
5.38982E+02 7.15140E-04
5.39103E+02 1.51511E-03
5.39223E+02 2.23476E-03
5.39344E+02 1.98712E-03
5.39464E+02 6.59510E-04
5.39585E+02 -8.99196E-04
5.39706E+02 -1.67772E-03
5.39826E+02 -1.43395E-03
5.39947E+02 -7.21399E-04
5.40067E+02 -1.14918E-04
5.40188E+02 3.29863E-04
5.40308E+02 8.27298E-04
5.40429E+02 1.33098E-03
5.40549E+02 1.47798E-03
5.40670E+02 1.07341E-03
5.40791E+02 4.34656E-04
5.40911E+02 1.13208E-04
5.41032E+02 2.71481E-04
5.41152E+02 4.84794E-04
5.41273E+02 2.51282E-04
5.41393E+02 -3.87833E-04
5.41514E+02 -8.45306E-04
5.41634E+02 -6.50030E-04
5.41755E+02 1.94609E-05
5.41875E+02 5.38249E-04
5.41996E+02 4.97315E-04
5.42117E+02 4.11905E-05
5.42237E+02 -4.25033E-04
5.42358E+02 -6.86362E-04
5.42478E+02 -7.73665E-04
5.42599E+02 -7.24386E-04
5.42719E+02 -5.39716E-04
5.42840E+02 -3.75330E-04
5.42960E+02 -5.32180E-04
5.43081E+02 -1.09960E-03
5.43202E+02 -1.70818E-03
5.43322E+02 -1.82920E-03
5.43443E+02 -1.31696E-03
5.43563E+02 -5.08960E-04
5.43684E+02 1.71185E-04
5.43804E+02 5.40435E-04
5.43925E+02 5.97324E-04
5.44045E+02 3.20159E-04
5.44166E+02 -2.95345E-04
5.44286E+02 -1.04360E-03
5.44407E+02 -1.52603E-03
5.44528E+02 -1.42900E-03
5.44648E+02 -7.81398E-04
5.44769E+02 4.28595E-05
5.44889E+02 5.34322E-04
5.45010E+02 3.85765E-04
5.45130E+02 -2.60714E-04
5.45251E+02 -9.11321E-04
5.45371E+02 -1.15181E-03
5.45492E+02 -9.82314E-04
5.45613E+02 -7.19287E-04
5.45733E+02 -5.97872E-04
5.45854E+02 -5.63592E-04
5.45974E+02 -4.21129E-04
5.46095E+02 -5.47059E-05
5.46215E+02 4.89347E-04
5.46336E+02 9.85652E-04
5.46456E+02 1.07615E-03
5.46577E+02 5.01614E-04
5.46698E+02 -5.60753E-04
5.46818E+02 -1.52556E-03
5.46939E+02 -1.95369E-03
5.47059E+02 -1.98251E-03
5.47180E+02 -2.07373E-03
5.47300E+02 -2.38962E-03
5.47421E+02 -2.60842E-03
5.47541E+02 -2.37904E-03
5.47662E+02 -1.75184E-03
5.47782E+02 -1.07837E-03
5.47903E+02 -6.35680E-04
5.48024E+02 -4.50294E-04
5.48144E+02 -3.89807E-04
5.48265E+02 -2.82750E-04
5.48385E+02 -9.84967E-06
5.48506E+02 3.54055E-04
5.48626E+02 4.92431E-04
5.48747E+02 1.20297E-04
5.48867E+02 -6.44479E-04
5.48988E+02 -1.26308E-03
5.49109E+02 -1.25031E-03
5.49229E+02 -6.26683E-04
5.49350E+02 1.41185E-04
5.49470E+02 5.70852E-04
5.49591E+02 4.81259E-04
5.49711E+02 -3.95514E-05
5.49832E+02 -8.03757E-04
5.49952E+02 -1.60441E-03
5.50073E+02 -2.19663E-03
5.50193E+02 -2.35079E-03
5.50314E+02 -1.98834E-03
5.50435E+02 -1.25080E-03
5.50555E+02 -4.13682E-04
5.50676E+02 2.70847E-04
5.50796E+02 6.52060E-04
5.50917E+02 6.52034E-04
5.51037E+02 2.40121E-04
5.51158E+02 -4.51278E-04
5.51278E+02 -1.02760E-03
5.51399E+02 -1.08044E-03
5.51520E+02 -6.60915E-04
5.51640E+02 -3.46050E-04
5.51761E+02 -5.93998E-04
5.51881E+02 -1.08163E-03
5.52002E+02 -9.72595E-04
5.52122E+02 4.26061E-05
5.52243E+02 1.26844E-03
5.52363E+02 1.79062E-03
5.52484E+02 1.49677E-03
5.52604E+02 1.01530E-03
5.52725E+02 7.58130E-04
5.52846E+02 5.06103E-04
5.52966E+02 2.93367E-05
5.53087E+02 -3.82859E-04
5.53207E+02 -3.65164E-04
5.53328E+02 -1.48505E-04
5.53448E+02 -2.97520E-04
5.53569E+02 -8.80163E-04
5.53689E+02 -1.34007E-03
5.53810E+02 -1.27347E-03
5.53931E+02 -9.35305E-04
5.54051E+02 -8.02852E-04
5.54172E+02 -9.67909E-04
5.54292E+02 -1.22015E-03
5.54413E+02 -1.50400E-03
5.54533E+02 -1.91916E-03
5.54654E+02 -2.32397E-03
5.54774E+02 -2.30349E-03
5.54895E+02 -1.67125E-03
5.55016E+02 -8.02182E-04
5.55136E+02 -3.09609E-04
5.55257E+02 -4.64704E-04
5.55377E+02 -1.00608E-03
5.55498E+02 -1.45698E-03
5.55618E+02 -1.55009E-03
5.55739E+02 -1.36404E-03
5.55859E+02 -1.12569E-03
5.55980E+02 -9.23485E-04
5.56100E+02 -6.35073E-04
5.56221E+02 -1.41252E-04
5.56342E+02 4.52626E-04
5.56462E+02 8.79247E-04
5.56583E+02 9.77069E-04
5.56703E+02 7.94601E-04
5.56824E+02 4.59325E-04
5.56944E+02 7.58991E-05
5.57065E+02 -2.14573E-04
5.57185E+02 -2.44386E-04
5.57306E+02 -3.31104E-05
5.57427E+02 1.34647E-04
5.57547E+02 -7.42078E-06
5.57668E+02 -3.66665E-04
5.57788E+02 -6.18082E-04
5.57909E+02 -6.58620E-04
5.58029E+02 -7.58976E-04
5.58150E+02 -1.16958E-03
5.58270E+02 -1.72442E-03
5.58391E+02 -1.98701E-03
5.58511E+02 -1.73750E-03
5.58632E+02 -1.15453E-03
5.58753E+02 -5.34363E-04
5.58873E+02 4.24311E-06
5.58994E+02 4.69700E-04
5.59114E+02 7.90104E-04
5.59235E+02 7.96482E-04
5.59355E+02 4.31143E-04
5.59476E+02 -1.25237E-04
5.59596E+02 -5.77942E-04
5.59717E+02 -7.39053E-04
5.59838E+02 -6.06965E-04
5.59958E+02 -3.19913E-04
5.60079E+02 -6.69919E-05
5.60199E+02 4.88758E-06
5.60320E+02 -1.55475E-04
5.60440E+02 -5.06267E-04
5.60561E+02 -9.63178E-04
5.60681E+02 -1.37955E-03
5.60802E+02 -1.52097E-03
5.60922E+02 -1.19678E-03
5.61043E+02 -5.21474E-04
5.61164E+02 4.18723E-05
5.61284E+02 7.56457E-05
5.61405E+02 -3.09750E-04
5.61525E+02 -5.37474E-04
5.61646E+02 -1.92974E-04
5.61766E+02 5.10111E-04
5.61887E+02 9.59087E-04
5.62007E+02 7.80363E-04
5.62128E+02 1.23460E-04
5.62249E+02 -6.18760E-04
5.62369E+02 -1.17717E-03
5.62490E+02 -1.47751E-03
5.62610E+02 -1.52637E-03
5.62731E+02 -1.38663E-03
5.62851E+02 -1.18885E-03
5.62972E+02 -1.01949E-03
5.63092E+02 -8.09133E-04
5.63213E+02 -4.63292E-04
5.63333E+02 -1.03906E-04
5.63454E+02 -2.09399E-05
5.63575E+02 -3.03138E-04
5.63695E+02 -6.47057E-04
5.63816E+02 -6.80268E-04
5.63936E+02 -3.99210E-04
5.64057E+02 -1.29905E-04
5.64177E+02 -7.44611E-05
5.64298E+02 -7.43344E-05
5.64418E+02 1.15398E-04
5.64539E+02 4.60118E-04
5.64660E+02 6.81657E-04
5.64780E+02 5.80654E-04
5.64901E+02 2.24888E-04
5.65021E+02 -1.53936E-04
5.65142E+02 -3.56939E-04
5.65262E+02 -3.49209E-04
5.65383E+02 -2.59683E-04
5.65503E+02 -2.55767E-04
5.65624E+02 -3.72473E-04
5.65745E+02 -4.93199E-04
5.65865E+02 -5.33950E-04
5.65986E+02 -5.65097E-04
5.66106E+02 -6.65549E-04
5.66227E+02 -7.43620E-04
5.66347E+02 -6.59540E-04
5.66468E+02 -4.96440E-04
5.66588E+02 -5.30947E-04
5.66709E+02 -8.92896E-04
5.66829E+02 -1.39922E-03
5.66950E+02 -1.78524E-03
5.67071E+02 -1.96197E-03
5.67191E+02 -1.96399E-03
5.67312E+02 -1.77899E-03
5.67432E+02 -1.37098E-03
5.67553E+02 -8.29067E-04
5.67673E+02 -3.83895E-04
5.67794E+02 -2.60778E-04
5.67914E+02 -5.22871E-04
5.68035E+02 -9.88435E-04
5.68156E+02 -1.27293E-03
5.68276E+02 -1.05904E-03
5.68397E+02 -4.37360E-04
5.68517E+02 1.21035E-04
5.68638E+02 2.15106E-04
5.68758E+02 -1.34457E-04
5.68879E+02 -6.59216E-04
5.68999E+02 -1.20995E-03
5.69120E+02 -1.74183E-03
5.69240E+02 -2.08413E-03
5.69361E+02 -2.03946E-03
5.69482E+02 -1.71641E-03
5.69602E+02 -1.47241E-03
5.69723E+02 -1.45176E-03
5.69843E+02 -1.40832E-03
5.69964E+02 -1.08771E-03
5.70084E+02 -5.72547E-04
5.70205E+02 -1.14147E-04
5.70325E+02 1.87777E-04
5.70446E+02 3.67489E-04
5.70567E+02 4.20831E-04
5.70687E+02 3.33585E-04
5.70808E+02 1.92165E-04
5.70928E+02 7.97398E-05
5.71049E+02 -5.31450E-05
5.71169E+02 -2.36500E-04
5.71290E+02 -3.18095E-04
5.71410E+02 -1.66342E-04
5.71531E+02 3.19369E-05
5.71651E+02 -5.18002E-05
5.71772E+02 -4.02182E-04
5.71893E+02 -6.42654E-04
5.72013E+02 -5.49711E-04
5.72134E+02 -3.52867E-04
5.72254E+02 -3.94195E-04
5.72375E+02 -7.03447E-04
5.72495E+02 -1.05867E-03
5.72616E+02 -1.29190E-03
5.72736E+02 -1.34771E-03
5.72857E+02 -1.18635E-03
5.72978E+02 -8.66424E-04
5.73098E+02 -6.58851E-04
5.73219E+02 -8.44944E-04
5.73339E+02 -1.37202E-03
5.73460E+02 -1.86117E-03
5.73580E+02 -1.99584E-03
5.73701E+02 -1.78759E-03
5.73821E+02 -1.43834E-03
5.73942E+02 -1.07998E-03
5.74062E+02 -7.07600E-04
5.74183E+02 -2.82459E-04
5.74304E+02 1.58496E-04
5.74424E+02 4.62357E-04
5.74545E+02 4.54806E-04
5.74665E+02 1.31540E-04
5.74786E+02 -2.58043E-04
5.74906E+02 -4.18395E-04
5.75027E+02 -3.15912E-04
5.75147E+02 -1.43923E-04
5.75268E+02 1.88872E-05
5.75389E+02 3.15875E-04
5.75509E+02 7.85891E-04
5.75630E+02 1.10929E-03
5.75750E+02 9.21804E-04
5.75871E+02 3.09590E-04
5.75991E+02 -2.23078E-04
5.76112E+02 -3.18855E-04
5.76232E+02 -1.44120E-04
5.76353E+02 -9.96850E-05
5.76474E+02 -3.40864E-04
5.76594E+02 -7.00224E-04
5.76715E+02 -9.60670E-04
5.76835E+02 -1.03844E-03
5.76956E+02 -9.38170E-04
5.77076E+02 -7.10335E-04
5.77197E+02 -4.89999E-04
5.77317E+02 -4.25011E-04
5.77438E+02 -4.77836E-04
5.77558E+02 -3.97068E-04
5.77679E+02 -1.85110E-05
5.77800E+02 4.27347E-04
5.77920E+02 4.49110E-04
5.78041E+02 -1.73710E-04
5.78161E+02 -1.05890E-03
5.78282E+02 -1.53972E-03
5.78402E+02 -1.33119E-03
5.78523E+02 -8.15008E-04
5.78643E+02 -6.15332E-04
5.78764E+02 -9.34213E-04
5.78885E+02 -1.40056E-03
5.79005E+02 -1.55458E-03
5.79126E+02 -1.33794E-03
5.79246E+02 -1.04934E-03
5.79367E+02 -9.41694E-04
5.79487E+02 -1.02575E-03
5.79608E+02 -1.22840E-03
5.79728E+02 -1.53467E-03
5.79849E+02 -1.87741E-03
5.79969E+02 -2.02078E-03
5.80090E+02 -1.71522E-03
5.80211E+02 -9.81864E-04
5.80331E+02 -1.52875E-04
5.80452E+02 3.96211E-04
5.80572E+02 4.90312E-04
5.80693E+02 1.85996E-04
5.80813E+02 -3.39113E-04
5.80934E+02 -8.85203E-04
5.81054E+02 -1.28672E-03
5.81175E+02 -1.41694E-03
5.81296E+02 -1.21249E-03
5.81416E+02 -7.52732E-04
5.81537E+02 -3.20829E-04
5.81657E+02 -2.80421E-04
5.81778E+02 -7.43702E-04
5.81898E+02 -1.36550E-03
5.82019E+02 -1.63746E-03
5.82139E+02 -1.43927E-03
5.82260E+02 -1.17631E-03
5.82380E+02 -1.29516E-03
5.82501E+02 -1.75792E-03
5.82622E+02 -2.12621E-03
5.82742E+02 -2.08819E-03
5.82863E+02 -1.75057E-03
5.82983E+02 -1.43337E-03
5.83104E+02 -1.32718E-03
5.83224E+02 -1.39389E-03
5.83345E+02 -1.47011E-03
5.83465E+02 -1.38151E-03
5.83586E+02 -1.04025E-03
5.83707E+02 -5.29993E-04
5.83827E+02 -6.57104E-05
5.83948E+02 1.93320E-04
5.84068E+02 2.57194E-04
5.84189E+02 2.10956E-04
5.84309E+02 6.72527E-05
5.84430E+02 -1.93592E-04
5.84550E+02 -4.75079E-04
5.84671E+02 -5.78851E-04
5.84792E+02 -3.91863E-04
5.84912E+02 -2.63229E-05
5.85033E+02 2.71671E-04
5.85153E+02 3.27058E-04
5.85274E+02 1.58083E-04
5.85394E+02 -6.45705E-05
5.85515E+02 -1.62311E-04
5.85635E+02 -1.11178E-04
5.85756E+02 -4.71435E-05
5.85876E+02 -9.21376E-05
5.85997E+02 -1.74772E-04
5.86118E+02 -9.46559E-05
5.86238E+02 2.05994E-04
5.86359E+02 4.95013E-04
5.86479E+02 4.45846E-04
5.86600E+02 -2.80850E-05
5.86720E+02 -6.52079E-04
5.86841E+02 -1.00611E-03
5.86961E+02 -8.40090E-04
5.87082E+02 -2.90319E-04
5.87203E+02 1.67865E-04
5.87323E+02 7.51242E-05
5.87444E+02 -5.75036E-04
5.87564E+02 -1.25922E-03
5.87685E+02 -1.39516E-03
5.87805E+02 -9.02481E-04
5.87926E+02 -2.23059E-04
5.88046E+02 1.79257E-04
5.88167E+02 1.98513E-04
5.88287E+02 -2.49781E-05
5.88408E+02 -3.75524E-04
5.88529E+02 -7.40062E-04
5.88649E+02 -8.64986E-04
5.88770E+02 -5.41680E-04
5.88890E+02 5.10626E-05
5.89011E+02 4.21133E-04
5.89131E+02 3.04155E-04
5.89252E+02 -5.56484E-05
5.89372E+02 -2.73634E-04
5.89493E+02 -3.05217E-04
5.89614E+02 -3.67228E-04
5.89734E+02 -5.31863E-04
5.89855E+02 -6.54209E-04
5.89975E+02 -6.70493E-04
5.90096E+02 -7.00541E-04
5.90216E+02 -7.83574E-04
5.90337E+02 -7.38364E-04
5.90457E+02 -4.22478E-04
5.90578E+02 3.24249E-05
5.90698E+02 3.99891E-04
5.90819E+02 6.61958E-04
5.90940E+02 9.12420E-04
5.91060E+02 1.05454E-03
5.91181E+02 8.38850E-04
5.91301E+02 2.34921E-04
5.91422E+02 -4.42188E-04
5.91542E+02 -8.28050E-04
5.91663E+02 -8.04171E-04
5.91783E+02 -4.85763E-04
5.91904E+02 -8.98093E-05
5.92025E+02 1.19705E-04
5.92145E+02 -6.75134E-05
5.92266E+02 -5.53656E-04
5.92386E+02 -9.25422E-04
5.92507E+02 -9.02154E-04
5.92627E+02 -7.23474E-04
5.92748E+02 -8.47444E-04
5.92868E+02 -1.28033E-03
5.92989E+02 -1.49206E-03
5.93109E+02 -1.11770E-03
5.93230E+02 -4.98135E-04
5.93351E+02 -2.94100E-04
5.93471E+02 -6.58862E-04
5.93592E+02 -1.05634E-03
5.93712E+02 -9.26856E-04
5.93833E+02 -3.17775E-04
5.93953E+02 2.26021E-04
5.94074E+02 2.28673E-04
5.94194E+02 -3.29189E-04
5.94315E+02 -1.04797E-03
5.94436E+02 -1.40942E-03
5.94556E+02 -1.11045E-03
5.94677E+02 -2.96924E-04
5.94797E+02 4.87674E-04
5.94918E+02 7.26905E-04
5.95038E+02 3.91766E-04
5.95159E+02 -8.14274E-05
5.95279E+02 -2.54601E-04
5.95400E+02 -1.00389E-04
5.95521E+02 8.84347E-05
5.95641E+02 8.55215E-05
5.95762E+02 -8.23140E-05
5.95882E+02 -2.80648E-04
5.96003E+02 -4.45317E-04
5.96123E+02 -5.55135E-04
5.96244E+02 -5.58868E-04
5.96364E+02 -4.45686E-04
5.96485E+02 -3.38137E-04
5.96605E+02 -3.76664E-04
5.96726E+02 -5.09858E-04
5.96847E+02 -5.09735E-04
5.96967E+02 -2.32287E-04
5.97088E+02 2.17568E-04
5.97208E+02 6.20984E-04
5.97329E+02 8.43104E-04
5.97449E+02 8.14602E-04
5.97570E+02 4.69971E-04
5.97690E+02 -1.44072E-04
5.97811E+02 -7.59702E-04
5.97932E+02 -1.09282E-03
5.98052E+02 -1.17337E-03
5.98173E+02 -1.30647E-03
5.98293E+02 -1.62674E-03
5.98414E+02 -1.88196E-03
5.98534E+02 -1.79404E-03
5.98655E+02 -1.48377E-03
5.98775E+02 -1.32895E-03
5.98896E+02 -1.47349E-03
5.99016E+02 -1.69924E-03
5.99137E+02 -1.76662E-03
5.99258E+02 -1.64774E-03
5.99378E+02 -1.38536E-03
5.99499E+02 -9.76346E-04
5.99619E+02 -5.35320E-04
5.99740E+02 -3.68800E-04
5.99860E+02 -6.56817E-04
5.99981E+02 -1.12680E-03
6.00101E+02 -1.27189E-03
6.00222E+02 -9.10874E-04
6.00343E+02 -3.45662E-04
6.00463E+02 3.48501E-05
6.00584E+02 1.31071E-04
6.00704E+02 7.56159E-05
6.00825E+02 -4.14066E-05
6.00945E+02 -2.08504E-04
6.01066E+02 -3.61498E-04
6.01186E+02 -3.91532E-04
6.01307E+02 -3.12686E-04
6.01427E+02 -2.82101E-04
6.01548E+02 -3.99385E-04
6.01669E+02 -5.56972E-04
6.01789E+02 -5.75472E-04
6.01910E+02 -4.76066E-04
6.02030E+02 -5.25944E-04
6.02151E+02 -9.44734E-04
6.02271E+02 -1.56761E-03
6.02392E+02 -1.90308E-03
6.02512E+02 -1.60367E-03
6.02633E+02 -8.53393E-04
6.02754E+02 -2.24311E-04
6.02874E+02 -1.23929E-04
6.02995E+02 -4.50879E-04
6.03115E+02 -7.97566E-04
6.03236E+02 -8.63649E-04
6.03356E+02 -6.21684E-04
6.03477E+02 -2.17956E-04
6.03597E+02 1.35690E-04
6.03718E+02 2.30663E-04
6.03839E+02 1.69165E-05
6.03959E+02 -2.97166E-04
6.04080E+02 -4.05848E-04
6.04200E+02 -2.18421E-04
6.04321E+02 1.05616E-04
6.04441E+02 4.18581E-04
6.04562E+02 7.23951E-04
6.04682E+02 9.83655E-04
6.04803E+02 9.91274E-04
6.04923E+02 6.02931E-04
6.05044E+02 -2.06456E-05
6.05165E+02 -5.78947E-04
6.05285E+02 -1.00209E-03
6.05406E+02 -1.44595E-03
6.05526E+02 -1.91822E-03
6.05647E+02 -2.13999E-03
6.05767E+02 -1.89515E-03
6.05888E+02 -1.35052E-03
6.06008E+02 -8.41931E-04
6.06129E+02 -4.75157E-04
6.06250E+02 -1.40253E-04
6.06370E+02 1.63797E-04
6.06491E+02 2.33229E-04
6.06611E+02 -6.29947E-05
6.06732E+02 -5.63480E-04
6.06852E+02 -9.32787E-04
6.06973E+02 -9.44510E-04
6.07093E+02 -6.39059E-04
6.07214E+02 -2.72371E-04
6.07334E+02 -1.60672E-04
6.07455E+02 -4.69033E-04
6.07576E+02 -1.05245E-03
6.07696E+02 -1.54011E-03
6.07817E+02 -1.61134E-03
6.07937E+02 -1.19576E-03
6.08058E+02 -4.62245E-04
6.08178E+02 2.89463E-04
6.08299E+02 7.18497E-04
6.08419E+02 6.04879E-04
6.08540E+02 5.83790E-05
6.08661E+02 -4.92420E-04
6.08781E+02 -6.64644E-04
6.08902E+02 -4.81792E-04
6.09022E+02 -2.63471E-04
6.09143E+02 -2.08516E-04
6.09263E+02 -2.37554E-04
6.09384E+02 -2.47460E-04
6.09504E+02 -3.29565E-04
6.09625E+02 -6.14781E-04
6.09745E+02 -1.00028E-03
6.09866E+02 -1.17061E-03
6.09987E+02 -9.13642E-04
6.10107E+02 -3.71478E-04
6.10228E+02 3.16799E-05
6.10348E+02 -1.08004E-04
6.10469E+02 -8.38254E-04
6.10589E+02 -1.77677E-03
6.10710E+02 -2.41749E-03
6.10830E+02 -2.53789E-03
6.10951E+02 -2.26083E-03
6.11072E+02 -1.77138E-03
6.11192E+02 -1.12883E-03
6.11313E+02 -4.49054E-04
6.11433E+02 -8.41841E-05
6.11554E+02 -3.23251E-04
6.11674E+02 -9.16474E-04
6.11795E+02 -1.20805E-03
6.11915E+02 -8.48211E-04
6.12036E+02 -1.80162E-04
6.12157E+02 1.83631E-04
6.12277E+02 2.88300E-05
6.12398E+02 -3.79726E-04
6.12518E+02 -7.35212E-04
6.12639E+02 -9.42081E-04
6.12759E+02 -9.93278E-04
6.12880E+02 -8.86779E-04
6.13000E+02 -7.40308E-04
6.13121E+02 -7.80240E-04
6.13241E+02 -1.06430E-03
6.13362E+02 -1.32445E-03
6.13483E+02 -1.24862E-03
6.13603E+02 -8.70731E-04
6.13724E+02 -5.27848E-04
6.13844E+02 -4.38981E-04
6.13965E+02 -4.80440E-04
6.14085E+02 -4.38526E-04
6.14206E+02 -3.50781E-04
6.14326E+02 -4.30956E-04
6.14447E+02 -6.78424E-04
6.14568E+02 -7.53488E-04
6.14688E+02 -3.78318E-04
6.14809E+02 2.33363E-04
6.14929E+02 5.40305E-04
6.15050E+02 2.92461E-04
6.15170E+02 -1.75532E-04
6.15291E+02 -3.51280E-04
6.15411E+02 -1.21817E-04
6.15532E+02 2.34801E-04
6.15653E+02 4.74185E-04
6.15773E+02 5.88275E-04
6.15894E+02 5.96933E-04
6.16014E+02 4.16454E-04
6.16135E+02 4.88609E-05
6.16255E+02 -2.95985E-04
6.16376E+02 -4.38243E-04
6.16496E+02 -4.53644E-04
6.16617E+02 -4.67990E-04
6.16737E+02 -3.89483E-04
6.16858E+02 -7.85999E-05
6.16979E+02 2.84474E-04
6.17099E+02 2.89775E-04
6.17220E+02 -1.78546E-04
6.17340E+02 -7.14146E-04
6.17461E+02 -8.13756E-04
6.17581E+02 -4.26564E-04
6.17702E+02 2.05114E-05
6.17822E+02 5.34318E-05
6.17943E+02 -4.18838E-04
6.18064E+02 -1.00938E-03
6.18184E+02 -1.18029E-03
6.18305E+02 -7.61319E-04
6.18425E+02 -1.79231E-04
6.18546E+02 -3.81544E-05
6.18666E+02 -4.33575E-04
6.18787E+02 -8.69982E-04
6.18907E+02 -9.53276E-04
6.19028E+02 -9.04262E-04
6.19148E+02 -1.16023E-03
6.19269E+02 -1.68618E-03
6.19390E+02 -2.01323E-03
6.19510E+02 -1.88880E-03
6.19631E+02 -1.51556E-03
6.19751E+02 -1.11891E-03
6.19872E+02 -6.53427E-04
6.19992E+02 -9.66154E-05
6.20113E+02 2.78156E-04
6.20233E+02 2.05424E-04
6.20354E+02 -1.32028E-04
6.20475E+02 -2.66675E-04
6.20595E+02 -5.98095E-05
6.20716E+02 1.15439E-04
6.20836E+02 -1.39266E-04
6.20957E+02 -7.05086E-04
6.21077E+02 -1.03481E-03
6.21198E+02 -7.44987E-04
6.21318E+02 -3.64035E-05
6.21439E+02 4.94502E-04
6.21560E+02 4.64745E-04
6.21680E+02 1.05321E-04
6.21801E+02 -6.06813E-05
6.21921E+02 1.39866E-04
6.22042E+02 3.45550E-04
6.22162E+02 1.82748E-04
6.22283E+02 -2.41611E-04
6.22403E+02 -5.19648E-04
6.22524E+02 -4.79732E-04
6.22644E+02 -3.10265E-04
6.22765E+02 -2.05003E-04
6.22886E+02 -1.27696E-04
6.23006E+02 2.05450E-05
6.23127E+02 2.04489E-04
6.23247E+02 3.22629E-04
6.23368E+02 3.05213E-04
6.23488E+02 7.92108E-05
6.23609E+02 -3.95622E-04
6.23729E+02 -9.28696E-04
6.23850E+02 -1.12023E-03
6.23971E+02 -7.77181E-04
6.24091E+02 -2.41447E-04
6.24212E+02 -7.52397E-05
6.24332E+02 -4.23141E-04
6.24453E+02 -8.72266E-04
6.24573E+02 -9.68430E-04
6.24694E+02 -6.95951E-04
6.24814E+02 -3.48069E-04
6.24935E+02 -8.99173E-05
6.25055E+02 1.56842E-04
6.25176E+02 4.33672E-04
6.25297E+02 5.69288E-04
6.25417E+02 3.89036E-04
6.25538E+02 2.65166E-05
6.25658E+02 -1.35265E-04
6.25779E+02 8.74326E-05
6.25899E+02 3.77879E-04
6.26020E+02 2.34399E-04
6.26140E+02 -4.40676E-04
6.26261E+02 -1.15947E-03
6.26382E+02 -1.37866E-03
6.26502E+02 -1.08767E-03
6.26623E+02 -7.37034E-04
6.26743E+02 -6.48953E-04
6.26864E+02 -6.81657E-04
6.26984E+02 -5.49179E-04
6.27105E+02 -2.72889E-04
6.27225E+02 -1.23125E-04
6.27346E+02 -1.87200E-04
6.27466E+02 -2.21271E-04
6.27587E+02 -9.44734E-06
6.27708E+02 3.14377E-04
6.27828E+02 4.57797E-04
6.27949E+02 4.14006E-04
6.28069E+02 4.94175E-04
6.28190E+02 8.72891E-04
6.28310E+02 1.25622E-03
6.28431E+02 1.15901E-03
6.28551E+02 4.84187E-04
6.28672E+02 -3.10477E-04
6.28793E+02 -6.53192E-04
6.28913E+02 -4.05967E-04
6.29034E+02 7.82199E-05
6.29154E+02 3.61010E-04
6.29275E+02 3.30873E-04
6.29395E+02 2.14241E-04
6.29516E+02 2.40605E-04
6.29636E+02 3.43293E-04
6.29757E+02 2.21714E-04
6.29878E+02 -2.88587E-04
6.29998E+02 -9.50146E-04
6.30119E+02 -1.31452E-03
6.30239E+02 -1.15519E-03
6.30360E+02 -6.66279E-04
6.30480E+02 -2.08393E-04
6.30601E+02 6.43395E-05
6.30721E+02 2.42162E-04
6.30842E+02 4.27756E-04
6.30962E+02 5.80516E-04
6.31083E+02 6.01325E-04
6.31204E+02 4.68045E-04
6.31324E+02 2.49159E-04
6.31445E+02 2.61776E-05
6.31565E+02 -1.83832E-04
6.31686E+02 -4.26862E-04
6.31806E+02 -7.04981E-04
6.31927E+02 -8.47988E-04
6.32047E+02 -6.09819E-04
6.32168E+02 9.59635E-06
6.32289E+02 6.25972E-04
6.32409E+02 8.26292E-04
6.32530E+02 6.53461E-04
6.32650E+02 5.82010E-04
6.32771E+02 9.28584E-04
6.32891E+02 1.45017E-03
6.33012E+02 1.63082E-03
6.33132E+02 1.23435E-03
6.33253E+02 4.51989E-04
6.33373E+02 -3.75170E-04
6.33494E+02 -9.75739E-04
6.33615E+02 -1.17302E-03
6.33735E+02 -9.20761E-04
6.33856E+02 -3.93204E-04
6.33976E+02 9.93088E-05
6.34097E+02 3.47491E-04
6.34217E+02 3.43557E-04
6.34338E+02 1.51958E-04
6.34458E+02 -1.61272E-04
6.34579E+02 -4.52589E-04
6.34700E+02 -5.44820E-04
6.34820E+02 -4.33516E-04
6.34941E+02 -3.49786E-04
6.35061E+02 -5.09102E-04
6.35182E+02 -8.69825E-04
6.35302E+02 -1.23694E-03
6.35423E+02 -1.51110E-03
6.35543E+02 -1.70602E-03
6.35664E+02 -1.79229E-03
6.35784E+02 -1.68021E-03
6.35905E+02 -1.36131E-03
6.36026E+02 -9.59225E-04
6.36146E+02 -6.28166E-04
6.36267E+02 -4.70836E-04
6.36387E+02 -5.48355E-04
6.36508E+02 -8.55781E-04
6.36628E+02 -1.24365E-03
6.36749E+02 -1.47130E-03
6.36869E+02 -1.42889E-03
6.36990E+02 -1.25296E-03
6.37111E+02 -1.16198E-03
6.37231E+02 -1.20655E-03
6.37352E+02 -1.22475E-03
6.37472E+02 -1.04170E-03
6.37593E+02 -6.89268E-04
6.37713E+02 -4.23238E-04
6.37834E+02 -4.92405E-04
6.37954E+02 -8.58996E-04
6.38075E+02 -1.19159E-03
6.38195E+02 -1.18290E-03
6.38316E+02 -8.38347E-04
6.38437E+02 -3.98427E-04
6.38557E+02 -4.59850E-05
6.38678E+02 1.82804E-04
6.38798E+02 2.58904E-04
6.38919E+02 1.65138E-04
6.39039E+02 5.46575E-05
6.39160E+02 1.63976E-04
6.39280E+02 4.22765E-04
6.39401E+02 3.70216E-04
6.39522E+02 -2.92826E-04
6.39642E+02 -1.19004E-03
6.39763E+02 -1.59553E-03
6.39883E+02 -1.25279E-03
6.40004E+02 -6.11622E-04
6.40124E+02 -2.09376E-04
6.40245E+02 -1.20878E-04
6.40365E+02 -1.40741E-04
6.40486E+02 -2.31601E-04
6.40607E+02 -5.14273E-04
6.40727E+02 -9.17763E-04
6.40848E+02 -1.12581E-03
6.40968E+02 -9.42174E-04
6.41089E+02 -5.32120E-04
6.41209E+02 -2.03539E-04
6.41330E+02 -4.71659E-05
6.41450E+02 9.93907E-05
6.41571E+02 3.19965E-04
6.41691E+02 3.89777E-04
6.41812E+02 7.04825E-06
6.41933E+02 -7.25318E-04
6.42053E+02 -1.21937E-03
6.42174E+02 -9.95047E-04
6.42294E+02 -2.54739E-04
6.42415E+02 3.35250E-04
6.42535E+02 4.19382E-04
6.42656E+02 2.70549E-04
6.42776E+02 2.60632E-04
6.42897E+02 3.48095E-04
6.43018E+02 2.96172E-04
6.43138E+02 1.43867E-04
6.43259E+02 9.83626E-05
6.43379E+02 7.29077E-05
6.43500E+02 -2.72743E-04
6.43620E+02 -9.85656E-04
6.43741E+02 -1.64442E-03
6.43861E+02 -1.83737E-03
6.43982E+02 -1.59114E-03
6.44102E+02 -1.19688E-03
6.44223E+02 -8.37740E-04
6.44344E+02 -5.63387E-04
6.44464E+02 -4.37681E-04
6.44585E+02 -4.72009E-04
6.44705E+02 -5.09668E-04
6.44826E+02 -3.92381E-04
6.44946E+02 -2.04470E-04
6.45067E+02 -1.83478E-04
6.45187E+02 -3.95603E-04
6.45308E+02 -6.31724E-04
6.45429E+02 -6.21483E-04
6.45549E+02 -2.70475E-04
6.45670E+02 2.65207E-04
6.45790E+02 6.50268E-04
6.45911E+02 5.96642E-04
6.46031E+02 1.46508E-04
6.46152E+02 -2.99264E-04
6.46272E+02 -3.75792E-04
6.46393E+02 -1.24905E-04
6.46513E+02 1.54108E-04
6.46634E+02 2.94764E-04
6.46755E+02 3.45789E-04
6.46875E+02 3.23642E-04
6.46996E+02 1.61197E-04
6.47116E+02 -7.29151E-05
6.47237E+02 -1.56056E-04
6.47357E+02 -2.85730E-05
6.47478E+02 1.03369E-04
6.47598E+02 9.86047E-05
6.47719E+02 1.19433E-04
6.47840E+02 3.40890E-04
6.47960E+02 6.21147E-04
6.48081E+02 6.79728E-04
6.48201E+02 4.84504E-04
6.48322E+02 2.20746E-04
6.48442E+02 -6.23092E-05
6.48563E+02 -4.97349E-04
6.48683E+02 -1.07933E-03
6.48804E+02 -1.53652E-03
6.48924E+02 -1.64034E-03
6.49045E+02 -1.49003E-03
6.49166E+02 -1.38941E-03
6.49286E+02 -1.53131E-03
6.49407E+02 -1.86993E-03
6.49527E+02 -2.18682E-03
6.49648E+02 -2.19446E-03
6.49768E+02 -1.71148E-03
6.49889E+02 -8.85345E-04
6.50009E+02 -1.73036E-04
6.50130E+02 3.92683E-05
6.50251E+02 -2.01911E-04
6.50371E+02 -4.88225E-04
6.50492E+02 -5.03510E-04
6.50612E+02 -3.14776E-04
6.50733E+02 -2.30707E-04
6.50853E+02 -4.36988E-04
6.50974E+02 -7.98721E-04
6.51094E+02 -9.83268E-04
6.51215E+02 -7.66817E-04
6.51336E+02 -2.55059E-04
6.51456E+02 2.12375E-04
6.51577E+02 4.04581E-04
6.51697E+02 4.19687E-04
6.51818E+02 5.03626E-04
6.51938E+02 7.08770E-04
6.52059E+02 8.35948E-04
6.52179E+02 7.35104E-04
6.52300E+02 5.30791E-04
6.52420E+02 4.43939E-04
6.52541E+02 4.68474E-04
6.52662E+02 3.69769E-04
6.52782E+02 2.11112E-05
6.52903E+02 -3.83276E-04
6.53023E+02 -5.37053E-04
6.53144E+02 -3.77752E-04
6.53264E+02 -9.08524E-05
6.53385E+02 1.98819E-04
6.53505E+02 5.58451E-04
6.53626E+02 9.96072E-04
6.53747E+02 1.22858E-03
6.53867E+02 9.30827E-04
6.53988E+02 1.79876E-04
6.54108E+02 -5.52274E-04
6.54229E+02 -8.82890E-04
6.54349E+02 -8.43510E-04
6.54470E+02 -6.40944E-04
6.54590E+02 -3.07169E-04
6.54711E+02 2.01307E-04
6.54831E+02 6.72013E-04
6.54952E+02 7.27799E-04
6.55073E+02 3.07821E-04
6.55193E+02 -1.70831E-04
6.55314E+02 -2.92577E-04
6.55434E+02 -1.16747E-04
6.55555E+02 1.64993E-05
6.55675E+02 -1.20737E-05
6.55796E+02 -5.87106E-06
6.55916E+02 1.60884E-04
6.56037E+02 3.23594E-04
6.56158E+02 2.74792E-04
6.56278E+02 5.70752E-05
6.56399E+02 -1.21348E-04
6.56519E+02 -1.70182E-04
6.56640E+02 -1.87639E-04
6.56760E+02 -2.60200E-04
6.56881E+02 -3.31171E-04
6.57001E+02 -2.95240E-04
6.57122E+02 -1.38771E-04
6.57242E+02 5.59278E-05
6.57363E+02 1.84301E-04
6.57484E+02 1.64896E-04
6.57604E+02 -4.92409E-05
6.57725E+02 -4.08329E-04
6.57845E+02 -7.30149E-04
6.57966E+02 -7.85083E-04
6.58086E+02 -4.88095E-04
6.58207E+02 6.00144E-06
6.58327E+02 4.41864E-04
6.58448E+02 7.05376E-04
6.58569E+02 8.67240E-04
6.58689E+02 1.01707E-03
6.58810E+02 1.11644E-03
6.58930E+02 1.03693E-03
6.59051E+02 6.93243E-04
6.59171E+02 1.08264E-04
6.59292E+02 -5.97749E-04
6.59412E+02 -1.22233E-03
6.59533E+02 -1.54577E-03
6.59654E+02 -1.47885E-03
6.59774E+02 -1.17288E-03
6.59895E+02 -8.77332E-04
6.60015E+02 -6.68701E-04
6.60136E+02 -4.27339E-04
6.60256E+02 -1.02729E-04
6.60377E+02 1.32658E-04
6.60497E+02 8.90717E-05
6.60618E+02 -1.53542E-04
6.60738E+02 -3.08573E-04
6.60859E+02 -2.12576E-04
6.60980E+02 4.11123E-05
6.61100E+02 2.74912E-04
6.61221E+02 4.02566E-04
6.61341E+02 3.82710E-04
6.61462E+02 1.58351E-04
6.61582E+02 -2.49729E-04
6.61703E+02 -6.68515E-04
6.61823E+02 -9.29393E-04
6.61944E+02 -1.05095E-03
6.62065E+02 -1.16159E-03
6.62185E+02 -1.25169E-03
6.62306E+02 -1.14002E-03
6.62426E+02 -7.28384E-04
6.62547E+02 -1.77477E-04
6.62667E+02 2.36820E-04
6.62788E+02 3.55329E-04
6.62908E+02 1.81761E-04
6.63029E+02 -2.19490E-04
6.63149E+02 -7.22930E-04
6.63270E+02 -1.08962E-03
6.63391E+02 -1.08042E-03
6.63511E+02 -7.18273E-04
6.63632E+02 -3.38029E-04
6.63752E+02 -2.82459E-04
6.63873E+02 -5.68360E-04
6.63993E+02 -8.86984E-04
6.64114E+02 -8.90687E-04
6.64234E+02 -4.30178E-04
6.64355E+02 3.91211E-04
6.64476E+02 1.23870E-03
6.64596E+02 1.65984E-03
6.64717E+02 1.35375E-03
6.64837E+02 4.68861E-04
6.64958E+02 -4.18480E-04
6.65078E+02 -7.58279E-04
6.65199E+02 -5.19507E-04
6.65319E+02 -1.53627E-04
6.65440E+02 -8.38861E-05
6.65560E+02 -2.99793E-04
6.65681E+02 -4.72523E-04
6.65802E+02 -3.85143E-04
6.65922E+02 -1.57058E-04
6.66043E+02 -5.09359E-05
6.66163E+02 -1.35172E-04
6.66284E+02 -2.04369E-04
6.66404E+02 -2.52277E-05
6.66525E+02 3.93901E-04
6.66645E+02 7.88637E-04
6.66766E+02 8.69617E-04
6.66887E+02 5.25739E-04
6.67007E+02 -1.17373E-04
6.67128E+02 -7.42208E-04
6.67248E+02 -9.82545E-04
6.67369E+02 -6.37848E-04
6.67489E+02 1.02576E-04
6.67610E+02 6.42531E-04
6.67730E+02 5.01279E-04
6.67851E+02 -6.41532E-05
6.67971E+02 -3.86134E-04
6.68092E+02 -2.75437E-04
6.68213E+02 -1.54138E-04
6.68333E+02 -3.90079E-04
6.68454E+02 -7.61062E-04
6.68574E+02 -7.26815E-04
6.68695E+02 -1.30210E-04
6.68815E+02 5.76627E-04
6.68936E+02 8.27197E-04
6.69056E+02 5.33171E-04
6.69177E+02 1.02799E-04
6.69298E+02 -5.21466E-05
6.69418E+02 7.21775E-05
6.69539E+02 1.51608E-04
6.69659E+02 -3.60273E-05
6.69780E+02 -3.48836E-04
6.69900E+02 -4.51144E-04
6.70021E+02 -1.98074E-04
6.70141E+02 1.90806E-04
6.70262E+02 3.39881E-04
6.70383E+02 8.63932E-05
6.70503E+02 -3.68342E-04
6.70624E+02 -6.32707E-04
6.70744E+02 -4.74229E-04
6.70865E+02 -3.44142E-05
6.70985E+02 2.89612E-04
6.71106E+02 2.23514E-04
6.71226E+02 -1.05120E-04
6.71347E+02 -3.21366E-04
6.71467E+02 -2.50760E-04
6.71588E+02 -1.04427E-04
6.71709E+02 -1.62184E-04
6.71829E+02 -3.82043E-04
6.71950E+02 -4.70832E-04
6.72070E+02 -3.10991E-04
6.72191E+02 -1.54760E-04
6.72311E+02 -3.18021E-04
6.72432E+02 -7.76641E-04
6.72552E+02 -1.17641E-03
6.72673E+02 -1.22090E-03
6.72794E+02 -9.75128E-04
6.72914E+02 -7.58488E-04
6.73035E+02 -7.70111E-04
6.73155E+02 -8.87971E-04
6.73276E+02 -8.67475E-04
6.73396E+02 -6.69152E-04
6.73517E+02 -4.83904E-04
6.73637E+02 -4.46130E-04
6.73758E+02 -4.70307E-04
6.73878E+02 -4.41227E-04
6.73999E+02 -4.29817E-04
6.74120E+02 -5.59665E-04
6.74240E+02 -7.47140E-04
6.74361E+02 -7.81961E-04
6.74481E+02 -6.59153E-04
6.74602E+02 -6.11551E-04
6.74722E+02 -7.48318E-04
6.74843E+02 -8.75499E-04
6.74963E+02 -7.84338E-04
6.75084E+02 -5.30381E-04
6.75205E+02 -2.84556E-04
6.75325E+02 -7.26953E-05
6.75446E+02 1.50159E-04
6.75566E+02 2.90349E-04
6.75687E+02 2.26136E-04
6.75807E+02 5.69597E-05
6.75928E+02 1.86972E-05
6.76048E+02 1.52066E-04
6.76169E+02 2.72002E-04
6.76289E+02 3.05440E-04
6.76410E+02 4.23461E-04
6.76531E+02 7.30913E-04
6.76651E+02 1.03034E-03
6.76772E+02 1.04673E-03
6.76892E+02 7.72949E-04
6.77013E+02 4.48961E-04
6.77133E+02 2.58878E-04
6.77254E+02 1.80874E-04
6.77374E+02 1.01656E-04
6.77495E+02 -3.78042E-05
6.77616E+02 -2.02078E-04
6.77736E+02 -3.14210E-04
6.77857E+02 -3.51731E-04
6.77977E+02 -4.22705E-04
6.78098E+02 -6.64331E-04
6.78218E+02 -1.02060E-03
6.78339E+02 -1.22651E-03
6.78459E+02 -1.11393E-03
6.78580E+02 -8.54377E-04
6.78701E+02 -7.52039E-04
6.78821E+02 -8.42195E-04
6.78942E+02 -8.71833E-04
6.79062E+02 -6.69014E-04
6.79183E+02 -3.50915E-04
6.79303E+02 -1.07288E-04
6.79424E+02 5.47953E-05
6.79544E+02 2.02175E-04
6.79665E+02 2.43705E-04
6.79785E+02 -1.61715E-05
6.79906E+02 -5.65667E-04
6.80027E+02 -1.06766E-03
6.80147E+02 -1.11856E-03
6.80268E+02 -6.34085E-04
6.80388E+02 5.89080E-05
6.80509E+02 5.23634E-04
6.80629E+02 5.92008E-04
6.80750E+02 4.15709E-04
6.80870E+02 1.92642E-04
6.80991E+02 -6.52447E-05
6.81112E+02 -4.10102E-04
6.81232E+02 -7.23545E-04
6.81353E+02 -7.86100E-04
6.81473E+02 -5.97425E-04
6.81594E+02 -4.31415E-04
6.81714E+02 -4.70459E-04
6.81835E+02 -5.41724E-04
6.81955E+02 -3.80207E-04
6.82076E+02 -4.65363E-05
6.82196E+02 1.22592E-04
6.82317E+02 -4.59254E-05
6.82438E+02 -3.51854E-04
6.82558E+02 -5.15595E-04
6.82679E+02 -4.74118E-04
6.82799E+02 -3.10332E-04
6.82920E+02 -6.58073E-05
6.83040E+02 2.17654E-04
6.83161E+02 3.89315E-04
6.83281E+02 3.32993E-04
6.83402E+02 1.66308E-04
6.83523E+02 1.13163E-04
6.83643E+02 1.68398E-04
6.83764E+02 8.39159E-05
6.83884E+02 -2.47207E-04
6.84005E+02 -5.57739E-04
6.84125E+02 -5.20874E-04
6.84246E+02 -1.84581E-04
6.84366E+02 8.78945E-05
6.84487E+02 7.30231E-05
6.84607E+02 -9.56580E-05
6.84728E+02 -1.72302E-04
6.84849E+02 -8.32118E-05
6.84969E+02 1.02375E-04
6.85090E+02 3.17052E-04
6.85210E+02 4.92796E-04
6.85331E+02 4.97121E-04
6.85451E+02 2.63438E-04
6.85572E+02 -2.73921E-05
6.85692E+02 -6.53341E-05
6.85813E+02 2.11712E-04
6.85934E+02 5.10119E-04
6.86054E+02 5.28887E-04
6.86175E+02 2.80432E-04
6.86295E+02 -3.06666E-05
6.86416E+02 -3.42626E-04
6.86536E+02 -7.66471E-04
6.86657E+02 -1.24655E-03
6.86777E+02 -1.40748E-03
6.86898E+02 -9.26033E-04
6.87018E+02 -2.68966E-05
6.87139E+02 5.67105E-04
6.87260E+02 2.90006E-04
6.87380E+02 -6.62442E-04
6.87501E+02 -1.50212E-03
6.87621E+02 -1.64436E-03
6.87742E+02 -1.19684E-03
6.87862E+02 -6.66525E-04
6.87983E+02 -3.49976E-04
6.88103E+02 -1.71643E-04
6.88224E+02 -7.60667E-05
6.88345E+02 -2.80496E-04
6.88465E+02 -9.21521E-04
6.88586E+02 -1.59918E-03
6.88706E+02 -1.61789E-03
6.88827E+02 -7.84714E-04
6.88947E+02 2.50317E-04
6.89068E+02 6.33087E-04
6.89188E+02 2.06754E-04
6.89309E+02 -4.48652E-04
6.89430E+02 -7.64456E-04
6.89550E+02 -7.18981E-04
6.89671E+02 -6.22060E-04
6.89791E+02 -6.39908E-04
6.89912E+02 -7.06781E-04
6.90032E+02 -7.55336E-04
6.90153E+02 -7.81272E-04
6.90273E+02 -7.11858E-04
6.90394E+02 -4.56251E-04
6.90514E+02 -1.57364E-04
6.90635E+02 -1.73051E-04
6.90756E+02 -6.34588E-04
6.90876E+02 -1.16031E-03
6.90997E+02 -1.22002E-03
6.91117E+02 -7.50624E-04
6.91238E+02 -2.28491E-04
6.91358E+02 -9.36799E-05
6.91479E+02 -2.60100E-04
6.91599E+02 -2.90986E-04
6.91720E+02 5.91241E-05
6.91841E+02 5.87132E-04
6.91961E+02 8.61451E-04
6.92082E+02 5.99112E-04
6.92202E+02 -7.99857E-05
6.92323E+02 -6.86210E-04
6.92443E+02 -7.32515E-04
6.92564E+02 -1.91938E-04
6.92684E+02 3.96922E-04
6.92805E+02 4.16733E-04
6.92925E+02 -1.82871E-04
6.93046E+02 -8.63053E-04
6.93167E+02 -1.12295E-03
6.93287E+02 -9.65033E-04
6.93408E+02 -6.78513E-04
6.93528E+02 -3.67634E-04
6.93649E+02 5.77308E-05
6.93769E+02 4.99837E-04
6.93890E+02 6.06336E-04
6.94010E+02 2.05178E-04
6.94131E+02 -3.75748E-04
6.94252E+02 -6.07479E-04
6.94372E+02 -3.59252E-04
6.94493E+02 -5.90496E-05
6.94613E+02 -1.94505E-04
6.94734E+02 -7.20587E-04
6.94854E+02 -1.07016E-03
6.94975E+02 -8.00252E-04
6.95095E+02 -1.57796E-04
6.95216E+02 1.50885E-04
6.95337E+02 -2.20809E-04
6.95457E+02 -8.01221E-04
6.95578E+02 -8.51467E-04
6.95698E+02 -2.69003E-04
6.95819E+02 3.07407E-04
6.95939E+02 3.11270E-04
6.96060E+02 -8.18148E-05
6.96180E+02 -2.85022E-04
6.96301E+02 -1.13688E-04
6.96421E+02 5.65946E-05
6.96542E+02 -1.05403E-04
6.96663E+02 -4.35274E-04
6.96783E+02 -5.99746E-04
6.96904E+02 -6.00815E-04
6.97024E+02 -6.91988E-04
6.97145E+02 -8.82413E-04
6.97265E+02 -8.47653E-04
6.97386E+02 -4.22597E-04
6.97506E+02 4.94644E-05
6.97627E+02 6.43916E-05
6.97748E+02 -4.25048E-04
6.97868E+02 -9.55541E-04
6.97989E+02 -1.11409E-03
6.98109E+02 -9.65960E-04
6.98230E+02 -8.53758E-04
6.98350E+02 -9.21246E-04
6.98471E+02 -1.00913E-03
6.98591E+02 -9.59534E-04
6.98712E+02 -8.30904E-04
6.98833E+02 -7.65674E-04
6.98953E+02 -7.96892E-04
6.99074E+02 -8.77384E-04
6.99194E+02 -9.96977E-04
6.99315E+02 -1.15201E-03
6.99435E+02 -1.24485E-03
6.99556E+02 -1.13263E-03
6.99676E+02 -7.79212E-04
6.99797E+02 -2.92540E-04
6.99917E+02 1.62795E-04
7.00038E+02 3.98271E-04
7.00159E+02 2.24568E-04
7.00279E+02 -3.81961E-04
7.00400E+02 -1.09404E-03
7.00520E+02 -1.41679E-03
7.00641E+02 -1.14483E-03
7.00761E+02 -5.56782E-04
7.00882E+02 -5.82375E-05
7.01002E+02 2.60986E-04
7.01123E+02 5.58093E-04
7.01244E+02 8.51341E-04
7.01364E+02 9.32321E-04
7.01485E+02 6.83058E-04
7.01605E+02 2.51416E-04
7.01726E+02 -1.52074E-04
7.01846E+02 -4.11447E-04
7.01967E+02 -3.80017E-04
7.02087E+02 1.44176E-04
7.02208E+02 1.03259E-03
7.02328E+02 1.59961E-03
7.02449E+02 1.12730E-03
7.02570E+02 -2.71119E-04
7.02690E+02 -1.56816E-03
7.02811E+02 -1.83760E-03
7.02931E+02 -1.17248E-03
7.03052E+02 -3.97980E-04
7.03172E+02 -4.16525E-05
7.03293E+02 1.17742E-04
7.03413E+02 4.84057E-04
7.03534E+02 9.90432E-04
7.03655E+02 1.20594E-03
7.03775E+02 9.08259E-04
7.03896E+02 2.92655E-04
7.04016E+02 -3.38014E-04
7.04137E+02 -8.44609E-04
7.04257E+02 -1.18579E-03
7.04378E+02 -1.28193E-03
7.04498E+02 -1.09229E-03
7.04619E+02 -7.33107E-04
7.04740E+02 -4.06500E-04
7.04860E+02 -2.33658E-04
7.04981E+02 -1.91849E-04
7.05101E+02 -1.62758E-04
7.05222E+02 -1.42865E-05
7.05342E+02 2.75619E-04
7.05463E+02 4.99196E-04
7.05583E+02 3.42127E-04
7.05704E+02 -2.36508E-04
7.05824E+02 -7.95774E-04
7.05945E+02 -7.95715E-04
7.06066E+02 -2.10162E-04
7.06186E+02 3.99370E-04
7.06307E+02 5.17357E-04
7.06427E+02 2.26963E-04
7.06548E+02 -1.77510E-05
7.06668E+02 4.45917E-06
7.06789E+02 1.10358E-04
7.06909E+02 1.29327E-04
7.07030E+02 1.87133E-04
7.07151E+02 4.50913E-04
7.07271E+02 7.73069E-04
7.07392E+02 8.13708E-04
7.07512E+02 4.84549E-04
7.07633E+02 7.50795E-05
7.07753E+02 -1.08875E-04
7.07874E+02 -6.97486E-05
7.07994E+02 8.52346E-06
7.08115E+02 9.03122E-05
7.08235E+02 2.94879E-04
7.08356E+02 5.79573E-04
7.08477E+02 6.46625E-04
7.08597E+02 3.04829E-04
7.08718E+02 -1.98063E-04
7.08838E+02 -4.13004E-04
7.08959E+02 -2.60159E-04
7.09079E+02 -1.39248E-04
7.09200E+02 -3.95827E-04
7.09320E+02 -8.50145E-04
7.09441E+02 -1.03437E-03
7.09562E+02 -7.94869E-04
7.09682E+02 -4.37677E-04
7.09803E+02 -2.81572E-04
7.09923E+02 -3.01540E-04
7.10044E+02 -3.11859E-04
7.10164E+02 -2.89589E-04
7.10285E+02 -3.31551E-04
7.10405E+02 -4.13548E-04
7.10526E+02 -4.16774E-04
7.10646E+02 -3.75591E-04
7.10767E+02 -4.94931E-04
7.10888E+02 -8.56470E-04
7.11008E+02 -1.24244E-03
7.11129E+02 -1.33413E-03
7.11249E+02 -1.01656E-03
7.11370E+02 -4.51013E-04
7.11490E+02 7.19503E-05
7.11611E+02 3.06621E-04
7.11731E+02 1.97519E-04
7.11852E+02 -6.33001E-05
7.11973E+02 -1.70581E-04
7.12093E+02 -1.00844E-05
7.12214E+02 2.20314E-04
7.12334E+02 2.42323E-04
7.12455E+02 1.21333E-05
7.12575E+02 -2.80540E-04
7.12696E+02 -4.42687E-04
7.12816E+02 -4.08500E-04
7.12937E+02 -1.81980E-04
7.13057E+02 1.74515E-04
7.13178E+02 4.79739E-04
7.13299E+02 5.28108E-04
7.13419E+02 3.03131E-04
7.13540E+02 1.31726E-05
7.13660E+02 -1.34170E-04
7.13781E+02 -9.58033E-05
7.13901E+02 8.56407E-05
7.14022E+02 3.92653E-04
7.14142E+02 7.64944E-04
7.14263E+02 1.02436E-03
7.14384E+02 1.02393E-03
7.14504E+02 8.16476E-04
7.14625E+02 5.49007E-04
7.14745E+02 2.44856E-04
7.14866E+02 -1.52804E-04
7.14986E+02 -5.47972E-04
7.15107E+02 -7.14209E-04
7.15227E+02 -5.86465E-04
7.15348E+02 -3.67232E-04
7.15469E+02 -2.43198E-04
7.15589E+02 -1.37273E-04
7.15710E+02 1.12478E-04
7.15830E+02 4.11294E-04
7.15951E+02 4.46863E-04
7.16071E+02 7.25873E-05
7.16192E+02 -4.75820E-04
7.16312E+02 -8.24593E-04
7.16433E+02 -8.59726E-04
7.16553E+02 -7.85932E-04
7.16674E+02 -8.34618E-04
7.16795E+02 -9.89672E-04
7.16915E+02 -1.03809E-03
7.17036E+02 -8.53173E-04
7.17156E+02 -5.49275E-04
7.17277E+02 -3.19891E-04
7.17397E+02 -1.80542E-04
7.17518E+02 1.59219E-05
7.17638E+02 2.83401E-04
7.17759E+02 3.64333E-04
7.17880E+02 -1.76579E-06
7.18000E+02 -6.91004E-04
7.18121E+02 -1.22257E-03
7.18241E+02 -1.20323E-03
7.18362E+02 -7.03476E-04
7.18482E+02 -1.61521E-04
7.18603E+02 4.99822E-05
7.18723E+02 -6.80834E-05
7.18844E+02 -1.99147E-04
7.18964E+02 -5.38751E-05
7.19085E+02 3.45919E-04
7.19206E+02 6.75436E-04
7.19326E+02 6.36708E-04
7.19447E+02 2.80019E-04
7.19567E+02 -3.20710E-05
7.19688E+02 -1.61082E-05
7.19808E+02 1.99545E-04
7.19929E+02 2.03889E-04
7.20049E+02 -2.30942E-04
7.20170E+02 -8.64498E-04
7.20291E+02 -1.19790E-03
7.20411E+02 -9.56297E-04
7.20532E+02 -3.59099E-04
7.20652E+02 7.89575E-05
7.20773E+02 -2.23517E-06
7.20893E+02 -4.97822E-04
7.21014E+02 -9.59989E-04
7.21134E+02 -9.96187E-04
7.21255E+02 -5.81648E-04
7.21375E+02 -1.16713E-05
7.21496E+02 4.23457E-04
7.21617E+02 6.77612E-04
7.21737E+02 8.50711E-04
7.21858E+02 9.11422E-04
7.21978E+02 6.77906E-04
7.22099E+02 1.28679E-04
7.22219E+02 -4.00748E-04
7.22340E+02 -5.01290E-04
7.22460E+02 -1.65042E-04
7.22581E+02 1.95853E-04
7.22702E+02 2.31590E-04
7.22822E+02 8.53837E-06
7.22943E+02 -2.23868E-04
7.23063E+02 -4.18413E-04
7.23184E+02 -6.95586E-04
7.23304E+02 -1.01220E-03
7.23425E+02 -1.14836E-03
7.23545E+02 -1.05048E-03
7.23666E+02 -9.36449E-04
7.23786E+02 -9.39589E-04
7.23907E+02 -8.61585E-04
7.24028E+02 -4.80998E-04
7.24148E+02 2.54810E-05
7.24269E+02 2.17553E-04
7.24389E+02 -4.86560E-05
7.24510E+02 -4.25715E-04
7.24630E+02 -5.07131E-04
7.24751E+02 -2.74304E-04
7.24871E+02 -2.22623E-05
7.24992E+02 3.52859E-05
7.25113E+02 -6.56433E-05
7.25233E+02 -1.95052E-04
7.25354E+02 -3.18818E-04
7.25474E+02 -4.60848E-04
7.25595E+02 -5.77930E-04
7.25715E+02 -5.46299E-04
7.25836E+02 -2.81010E-04
7.25956E+02 1.48330E-04
7.26077E+02 5.23359E-04
7.26198E+02 6.35475E-04
7.26318E+02 4.64261E-04
7.26439E+02 2.13116E-04
7.26559E+02 1.36096E-04
7.26680E+02 3.06580E-04
7.26800E+02 5.47685E-04
7.26921E+02 5.95126E-04
7.27041E+02 3.36688E-04
7.27162E+02 -9.08747E-05
7.27282E+02 -4.10654E-04
7.27403E+02 -4.18764E-04
7.27524E+02 -1.04968E-04
7.27644E+02 3.74410E-04
7.27765E+02 8.03415E-04
7.27885E+02 1.01887E-03
7.28006E+02 9.67462E-04
7.28126E+02 7.11430E-04
7.28247E+02 3.78259E-04
7.28367E+02 8.73096E-05
7.28488E+02 -9.43691E-05
7.28609E+02 -1.41747E-04
7.28729E+02 -6.53677E-05
7.28850E+02 8.65348E-05
7.28970E+02 2.42520E-04
7.29091E+02 3.76750E-04
7.29211E+02 5.28120E-04
7.29332E+02 7.26808E-04
7.29452E+02 9.15818E-04
7.29573E+02 9.90484E-04
7.29693E+02 9.05912E-04
7.29814E+02 7.01882E-04
7.29935E+02 4.35375E-04
7.30055E+02 1.51943E-04
7.30176E+02 -7.89911E-05
7.30296E+02 -1.90858E-04
7.30417E+02 -2.48734E-04
7.30537E+02 -4.59906E-04
7.30658E+02 -9.52121E-04
7.30778E+02 -1.53534E-03
7.30899E+02 -1.78130E-03
7.31020E+02 -1.41587E-03
7.31140E+02 -6.29548E-04
7.31261E+02 4.31389E-05
7.31381E+02 1.86305E-04
7.31502E+02 -1.15518E-04
7.31622E+02 -3.74977E-04
7.31743E+02 -2.08173E-04
7.31863E+02 2.73734E-04
7.31984E+02 5.93606E-04
7.32104E+02 4.40806E-04
7.32225E+02 -9.52929E-06
7.32346E+02 -3.24428E-04
7.32466E+02 -2.81777E-04
7.32587E+02 -2.42144E-06
7.32707E+02 3.07444E-04
7.32828E+02 5.72350E-04
7.32948E+02 7.80821E-04
7.33069E+02 8.55096E-04
7.33189E+02 7.33387E-04
7.33310E+02 5.01465E-04
7.33431E+02 3.08845E-04
7.33551E+02 1.79432E-04
7.33672E+02 3.36617E-05
7.33792E+02 -1.06499E-04
7.33913E+02 -7.93636E-05
7.34033E+02 1.81489E-04
7.34154E+02 5.11356E-04
7.34274E+02 7.16779E-04
7.34395E+02 8.00651E-04
7.34516E+02 8.53121E-04
7.34636E+02 7.91680E-04
7.34757E+02 4.18078E-04
7.34877E+02 -2.36280E-04
7.34998E+02 -8.08887E-04
7.35118E+02 -9.80824E-04
7.35239E+02 -8.32032E-04
7.35359E+02 -7.00433E-04
7.35480E+02 -7.60689E-04
7.35600E+02 -9.00671E-04
7.35721E+02 -9.79520E-04
7.35842E+02 -1.02964E-03
7.35962E+02 -1.14210E-03
7.36083E+02 -1.27325E-03
7.36203E+02 -1.26088E-03
7.36324E+02 -9.93386E-04
7.36444E+02 -5.21738E-04
7.36565E+02 -4.84996E-05
7.36685E+02 1.84827E-04
7.36806E+02 9.14671E-05
7.36927E+02 -1.25088E-04
7.37047E+02 -1.33753E-04
7.37168E+02 1.55117E-04
7.37288E+02 4.63866E-04
7.37409E+02 4.85338E-04
7.37529E+02 2.64313E-04
7.37650E+02 1.21031E-04
7.37770E+02 2.38929E-04
7.37891E+02 4.78681E-04
7.38011E+02 5.97052E-04
7.38132E+02 4.87365E-04
7.38253E+02 1.62698E-04
7.38373E+02 -3.23478E-04
7.38494E+02 -8.18059E-04
7.38614E+02 -1.06177E-03
7.38735E+02 -8.89368E-04
7.38855E+02 -4.28375E-04
7.38976E+02 1.64509E-05
7.39096E+02 2.54404E-04
7.39217E+02 3.05295E-04
7.39338E+02 2.42513E-04
7.39458E+02 1.00724E-04
7.39579E+02 -4.22113E-05
7.39699E+02 -2.03475E-05
7.39820E+02 2.76811E-04
7.39940E+02 7.60429E-04
7.40061E+02 1.19309E-03
7.40181E+02 1.35324E-03
7.40302E+02 1.14794E-03
7.40422E+02 6.45448E-04
7.40543E+02 6.38738E-05
7.40664E+02 -3.37638E-04
7.40784E+02 -4.40851E-04
7.40905E+02 -3.55329E-04
7.41025E+02 -2.77404E-04
7.41146E+02 -2.99219E-04
7.41266E+02 -3.91684E-04
7.41387E+02 -5.16884E-04
7.41507E+02 -6.54031E-04
7.41628E+02 -7.28268E-04
7.41749E+02 -6.31601E-04
7.41869E+02 -3.59267E-04
7.41990E+02 -4.69871E-05
7.42110E+02 1.76668E-04
7.42231E+02 3.01499E-04
7.42351E+02 3.53020E-04
7.42472E+02 2.67159E-04
7.42592E+02 -2.84016E-05
7.42713E+02 -4.31567E-04
7.42833E+02 -6.94212E-04
7.42954E+02 -6.62494E-04
7.43075E+02 -4.40292E-04
7.43195E+02 -2.76744E-04
7.43316E+02 -3.27110E-04
7.43436E+02 -5.31811E-04
7.43557E+02 -6.71651E-04
7.43677E+02 -5.27941E-04
7.43798E+02 -7.35670E-05
7.43918E+02 4.27764E-04
7.44039E+02 5.66144E-04
7.44160E+02 1.58053E-04
7.44280E+02 -5.28689E-04
7.44401E+02 -9.83980E-04
7.44521E+02 -9.22568E-04
7.44642E+02 -4.95493E-04
7.44762E+02 -6.95214E-05
7.44883E+02 1.18207E-04
7.45003E+02 5.96642E-05
7.45124E+02 -1.19280E-04
7.45245E+02 -2.48279E-04
7.45365E+02 -1.91625E-04
7.45486E+02 2.31154E-05
7.45606E+02 1.52323E-04
7.45727E+02 -2.35997E-05
7.45847E+02 -3.73527E-04
7.45968E+02 -4.81490E-04
7.46088E+02 -1.27267E-04
7.46209E+02 4.02492E-04
7.46329E+02 6.14908E-04
7.46450E+02 3.67515E-04
7.46571E+02 -5.88000E-05
7.46691E+02 -3.74507E-04
7.46812E+02 -5.48989E-04
7.46932E+02 -6.10154E-04
7.47053E+02 -4.42032E-04
7.47173E+02 2.83793E-05
7.47294E+02 5.79510E-04
7.47414E+02 8.84365E-04
7.47535E+02 8.95876E-04
7.47656E+02 8.34070E-04
7.47776E+02 7.87366E-04
7.47897E+02 5.78623E-04
7.48017E+02 1.20003E-04
7.48138E+02 -3.32762E-04
7.48258E+02 -4.73272E-04
7.48379E+02 -3.69836E-04
7.48499E+02 -3.48072E-04
7.48620E+02 -5.11795E-04
7.48740E+02 -6.25681E-04
7.48861E+02 -5.09754E-04
7.48982E+02 -3.21850E-04
7.49102E+02 -3.13129E-04
7.49223E+02 -4.62238E-04
7.49343E+02 -5.37563E-04
7.49464E+02 -4.52779E-04
7.49584E+02 -3.63570E-04
7.49705E+02 -3.87773E-04
7.49825E+02 -4.03505E-04
7.49946E+02 -2.32890E-04
7.50067E+02 6.93910E-05
7.50187E+02 2.55663E-04
7.50308E+02 2.13020E-04
7.50428E+02 1.07262E-04
7.50549E+02 1.57099E-04
7.50669E+02 3.55892E-04
7.50790E+02 5.26030E-04
7.50910E+02 5.91625E-04
7.51031E+02 6.47593E-04
7.51151E+02 7.40729E-04
7.51272E+02 7.41038E-04
7.51393E+02 5.34013E-04
7.51513E+02 2.26818E-04
7.51634E+02 1.38581E-05
7.51754E+02 -1.00374E-04
7.51875E+02 -2.51405E-04
7.51995E+02 -4.08519E-04
7.52116E+02 -3.17857E-04
7.52236E+02 1.49321E-04
7.52357E+02 7.59520E-04
7.52478E+02 1.17068E-03
7.52598E+02 1.28293E-03
7.52719E+02 1.19062E-03
7.52839E+02 8.93764E-04
7.52960E+02 3.15312E-04
7.53080E+02 -3.85892E-04
7.53201E+02 -7.81935E-04
7.53321E+02 -6.29812E-04
7.53442E+02 -2.03960E-04
7.53562E+02 -8.03545E-06
7.53683E+02 -2.00536E-04
7.53804E+02 -4.65713E-04
7.53924E+02 -4.51501E-04
7.54045E+02 -1.73628E-04
7.54165E+02 7.83987E-05
7.54286E+02 1.11181E-04
7.54406E+02 -1.17198E-05
7.54527E+02 -1.38000E-04
7.54647E+02 -2.09156E-04
7.54768E+02 -2.29616E-04
7.54889E+02 -1.74765E-04
7.55009E+02 -2.73325E-05
7.55130E+02 1.31495E-04
7.55250E+02 1.65328E-04
7.55371E+02 3.59565E-05
7.55491E+02 -1.85158E-04
7.55612E+02 -4.43008E-04
7.55732E+02 -7.34430E-04
7.55853E+02 -9.63375E-04
7.55974E+02 -9.20054E-04
7.56094E+02 -5.42600E-04
7.56215E+02 -1.18293E-04
7.56335E+02 -2.91951E-05
7.56456E+02 -2.88080E-04
7.56576E+02 -5.19767E-04
7.56697E+02 -4.58065E-04
7.56817E+02 -2.72050E-04
7.56938E+02 -2.75008E-04
7.57058E+02 -4.65948E-04
7.57179E+02 -5.56156E-04
7.57300E+02 -3.74068E-04
7.57420E+02 -4.34741E-05
7.57541E+02 2.25443E-04
7.57661E+02 3.26887E-04
7.57782E+02 2.40341E-04
7.57902E+02 1.04979E-05
7.58023E+02 -1.70693E-04
7.58143E+02 -5.23105E-05
7.58264E+02 3.57579E-04
7.58385E+02 7.00448E-04
7.58505E+02 6.60807E-04
7.58626E+02 3.63499E-04
7.58746E+02 2.08575E-04
7.58867E+02 3.43721E-04
7.58987E+02 5.01245E-04
7.59108E+02 3.83355E-04
7.59228E+02 2.22139E-05
7.59349E+02 -3.12574E-04
7.59469E+02 -4.03851E-04
7.59590E+02 -1.95347E-04
7.59711E+02 2.53964E-04
7.59831E+02 7.24737E-04
7.59952E+02 8.51698E-04
7.60072E+02 4.12647E-04
7.60193E+02 -3.44560E-04
7.60313E+02 -8.32770E-04
7.60434E+02 -6.90106E-04
7.60554E+02 -1.34557E-04
7.60675E+02 3.18255E-04
7.60796E+02 4.14677E-04
7.60916E+02 3.32370E-04
7.61037E+02 3.53914E-04
7.61157E+02 5.54606E-04
7.61278E+02 8.31489E-04
7.61398E+02 1.07363E-03
7.61519E+02 1.17603E-03
7.61639E+02 9.88781E-04
7.61760E+02 4.51960E-04
7.61880E+02 -1.93704E-04
7.62001E+02 -4.97829E-04
7.62122E+02 -2.57272E-04
7.62242E+02 1.96896E-04
7.62363E+02 3.08372E-04
7.62483E+02 -9.50508E-05
7.62604E+02 -6.38600E-04
7.62724E+02 -8.74177E-04
7.62845E+02 -7.65216E-04
7.62965E+02 -5.93897E-04
7.63086E+02 -5.04680E-04
7.63207E+02 -3.65134E-04
7.63327E+02 -8.97944E-05
7.63448E+02 1.27580E-04
7.63568E+02 5.41657E-05
7.63689E+02 -2.05237E-04
7.63809E+02 -2.68228E-04
7.63930E+02 8.61101E-05
7.64050E+02 6.72650E-04
7.64171E+02 1.11089E-03
7.64292E+02 1.16246E-03
7.64412E+02 8.35013E-04
7.64533E+02 2.77787E-04
7.64653E+02 -3.09829E-04
7.64774E+02 -7.29341E-04
7.64894E+02 -8.88176E-04
7.65015E+02 -8.55137E-04
7.65135E+02 -7.65614E-04
7.65256E+02 -6.72370E-04
7.65376E+02 -5.47167E-04
7.65497E+02 -4.05449E-04
7.65618E+02 -3.20781E-04
7.65738E+02 -2.83517E-04
7.65859E+02 -1.50554E-04
7.65979E+02 1.68160E-04
7.66100E+02 5.19738E-04
7.66220E+02 6.28136E-04
7.66341E+02 4.11306E-04
7.66461E+02 1.12504E-04
7.66582E+02 5.59688E-05
7.66703E+02 3.06804E-04
7.66823E+02 6.05728E-04
7.66944E+02 6.34789E-04
7.67064E+02 3.37720E-04
7.67185E+02 -1.64360E-05
7.67305E+02 -6.94431E-05
7.67426E+02 2.94659E-04
7.67546E+02 8.30777E-04
7.67667E+02 1.14335E-03
7.67787E+02 1.02146E-03
7.67908E+02 5.98773E-04
7.68029E+02 2.00007E-04
7.68149E+02 4.29526E-05
7.68270E+02 7.93971E-05
7.68390E+02 9.64142E-05
7.68511E+02 -4.92893E-05
7.68631E+02 -3.00054E-04
7.68752E+02 -5.11654E-04
7.68872E+02 -6.60438E-04
7.68993E+02 -8.77976E-04
7.69114E+02 -1.22176E-03
7.69234E+02 -1.47956E-03
7.69355E+02 -1.33886E-03
7.69475E+02 -7.85135E-04
7.69596E+02 -1.98476E-04
7.69716E+02 4.54970E-05
7.69837E+02 -1.86265E-05
7.69957E+02 -3.82848E-05
7.70078E+02 1.83344E-04
7.70198E+02 4.84023E-04
7.70319E+02 6.10221E-04
7.70440E+02 5.03626E-04
7.70560E+02 2.60260E-04
7.70681E+02 -5.17815E-05
7.70801E+02 -3.73684E-04
7.70922E+02 -5.41352E-04
7.71042E+02 -3.68435E-04
7.71163E+02 1.09643E-04
7.71283E+02 5.97943E-04
7.71404E+02 8.02387E-04
7.71525E+02 6.47016E-04
7.71645E+02 2.42755E-04
7.71766E+02 -2.61243E-04
7.71886E+02 -7.23455E-04
7.72007E+02 -9.96172E-04
7.72127E+02 -9.68914E-04
7.72248E+02 -6.56128E-04
7.72368E+02 -1.99441E-04
7.72489E+02 2.13940E-04
7.72610E+02 4.29779E-04
7.72730E+02 4.04052E-04
7.72851E+02 2.50716E-04
7.72971E+02 1.83173E-04
7.73092E+02 3.19518E-04
7.73212E+02 5.37172E-04
7.73333E+02 5.75658E-04
7.73453E+02 3.02307E-04
7.73574E+02 -1.50099E-04
7.73694E+02 -5.07988E-04
7.73815E+02 -6.01768E-04
7.73936E+02 -4.74591E-04
7.74056E+02 -3.00735E-04
7.74177E+02 -2.08531E-04
7.74297E+02 -1.76903E-04
7.74418E+02 -1.18874E-04
7.74538E+02 -6.22422E-05
7.74659E+02 -1.76273E-04
7.74779E+02 -5.47428E-04
7.74900E+02 -9.82519E-04
7.75021E+02 -1.15937E-03
7.75141E+02 -9.81078E-04
7.75262E+02 -6.76744E-04
7.75382E+02 -5.11028E-04
7.75503E+02 -5.16433E-04
7.75623E+02 -5.90246E-04
7.75744E+02 -7.07444E-04
7.75864E+02 -8.76669E-04
7.75985E+02 -9.73660E-04
7.76106E+02 -8.37941E-04
7.76226E+02 -5.45427E-04
7.76347E+02 -3.79115E-04
7.76467E+02 -4.40855E-04
7.76588E+02 -4.81691E-04
7.76708E+02 -2.60517E-04
7.76829E+02 7.79256E-05
7.76949E+02 1.78725E-04
7.77070E+02 -2.20463E-05
7.77190E+02 -2.04369E-04
7.77311E+02 -8.38004E-05
7.77432E+02 2.88833E-04
7.77552E+02 6.84187E-04
7.77673E+02 9.61993E-04
7.77793E+02 1.04171E-03
7.77914E+02 8.06224E-04
7.78034E+02 2.69011E-04
7.78155E+02 -2.30148E-04
7.78275E+02 -2.55018E-04
7.78396E+02 2.17263E-04
7.78517E+02 6.98712E-04
7.78637E+02 7.15062E-04
7.78758E+02 3.03600E-04
7.78878E+02 -1.12072E-04
7.78999E+02 -2.39454E-04
7.79119E+02 -1.43893E-04
7.79240E+02 1.25803E-05
7.79360E+02 2.12599E-04
7.79481E+02 4.73723E-04
7.79601E+02 6.29034E-04
7.79722E+02 4.30074E-04
7.79843E+02 -1.12813E-04
7.79963E+02 -6.17668E-04
7.80084E+02 -6.70642E-04
7.80204E+02 -2.27500E-04
7.80325E+02 3.79015E-04
7.80445E+02 7.83496E-04
7.80566E+02 8.76352E-04
7.80686E+02 7.59125E-04
7.80807E+02 5.50598E-04
7.80928E+02 3.20960E-04
7.81048E+02 1.46288E-04
7.81169E+02 1.00266E-04
7.81289E+02 1.80781E-04
7.81410E+02 3.15379E-04
7.81530E+02 4.39659E-04
7.81651E+02 5.08294E-04
7.81771E+02 4.48857E-04
7.81892E+02 2.18786E-04
7.82013E+02 -5.64680E-05
7.82133E+02 -1.16132E-04
7.82254E+02 1.55572E-04
7.82374E+02 5.61312E-04
7.82495E+02 8.02875E-04
7.82615E+02 7.97041E-04
7.82736E+02 6.92923E-04
7.82856E+02 6.17154E-04
7.82977E+02 5.50430E-04
7.83097E+02 4.70575E-04
7.83218E+02 4.60479E-04
7.83339E+02 5.79294E-04
7.83459E+02 7.14567E-04
7.83580E+02 6.76189E-04
7.83700E+02 4.26479E-04
7.83821E+02 1.47685E-04
7.83941E+02 7.01100E-05
7.84062E+02 2.51841E-04
7.84182E+02 5.14679E-04
7.84303E+02 5.89509E-04
7.84424E+02 3.48583E-04
7.84544E+02 -9.04389E-05
7.84665E+02 -4.92267E-04
7.84785E+02 -7.38170E-04
7.84906E+02 -8.78222E-04
7.85026E+02 -9.84062E-04
7.85147E+02 -1.04985E-03
7.85267E+02 -1.06384E-03
7.85388E+02 -1.05502E-03
7.85508E+02 -9.85838E-04
7.85629E+02 -7.12734E-04
7.85750E+02 -1.99776E-04
7.85870E+02 2.89347E-04
7.85991E+02 3.91454E-04
7.86111E+02 5.73210E-05
7.86232E+02 -3.91796E-04
7.86352E+02 -6.45123E-04
7.86473E+02 -7.35100E-04
7.86593E+02 -8.81378E-04
7.86714E+02 -1.12261E-03
7.86835E+02 -1.24852E-03
7.86955E+02 -1.07437E-03
7.87076E+02 -6.48223E-04
7.87196E+02 -1.51020E-04
7.87317E+02 2.98820E-04
7.87437E+02 6.64208E-04
7.87558E+02 8.91540E-04
7.87678E+02 8.99259E-04
7.87799E+02 7.15591E-04
7.87919E+02 5.50069E-04
7.88040E+02 6.30125E-04
7.88161E+02 9.46376E-04
7.88281E+02 1.22490E-03
7.88402E+02 1.19239E-03
7.88522E+02 8.29648E-04
7.88643E+02 3.25449E-04
7.88763E+02 -1.53102E-04
7.88884E+02 -5.46791E-04
7.89004E+02 -8.09118E-04
7.89125E+02 -8.52864E-04
7.89246E+02 -6.69025E-04
7.89366E+02 -4.18473E-04
7.89487E+02 -3.13662E-04
7.89607E+02 -4.20433E-04
7.89728E+02 -6.23919E-04
7.89848E+02 -7.59590E-04
7.89969E+02 -7.20643E-04
7.90089E+02 -4.66812E-04
7.90210E+02 -1.64509E-05
7.90331E+02 5.24160E-04
7.90451E+02 9.55790E-04
7.90572E+02 1.09427E-03
7.90692E+02 9.09027E-04
7.90813E+02 5.54048E-04
7.90933E+02 2.35260E-04
7.91054E+02 3.73200E-05
7.91174E+02 -1.05217E-04
7.91295E+02 -2.43746E-04
7.91415E+02 -2.89980E-04
7.91536E+02 -1.26541E-04
7.91657E+02 1.66390E-04
7.91777E+02 3.26362E-04
7.91898E+02 2.23156E-04
7.92018E+02 3.67984E-05
7.92139E+02 3.28943E-05
7.92259E+02 2.19043E-04
7.92380E+02 3.50002E-04
7.92500E+02 2.46249E-04
7.92621E+02 -3.02047E-05
7.92742E+02 -3.11680E-04
7.92862E+02 -5.02143E-04
7.92983E+02 -5.46407E-04
7.93103E+02 -3.67224E-04
7.93224E+02 4.05125E-05
7.93344E+02 5.01804E-04
7.93465E+02 7.80463E-04
7.93585E+02 7.92660E-04
7.93706E+02 6.42125E-04
7.93826E+02 4.55383E-04
7.93947E+02 2.77303E-04
7.94068E+02 1.44575E-04
7.94188E+02 1.47898E-04
7.94309E+02 3.29968E-04
7.94429E+02 5.66851E-04
7.94550E+02 6.45664E-04
7.94670E+02 4.71205E-04
7.94791E+02 1.44530E-04
7.94911E+02 -1.68614E-04
7.95032E+02 -3.73125E-04
7.95153E+02 -4.39115E-04
7.95273E+02 -3.41773E-04
7.95394E+02 -1.08059E-04
7.95514E+02 1.27062E-04
7.95635E+02 2.13519E-04
7.95755E+02 1.62147E-04
7.95876E+02 1.32576E-04
7.95996E+02 2.33807E-04
7.96117E+02 4.30536E-04
7.96237E+02 6.86131E-04
7.96358E+02 1.05767E-03
7.96479E+02 1.52467E-03
7.96599E+02 1.82670E-03
7.96720E+02 1.66876E-03
7.96840E+02 1.09318E-03
7.96961E+02 4.86854E-04
7.97081E+02 1.63302E-04
7.97202E+02 9.09343E-05
7.97322E+02 9.94243E-05
7.97443E+02 1.57502E-04
7.97564E+02 2.96719E-04
7.97684E+02 4.15679E-04
7.97805E+02 3.92128E-04
7.97925E+02 3.40842E-04
7.98046E+02 5.19577E-04
7.98166E+02 9.31855E-04
7.98287E+02 1.22632E-03
7.98407E+02 1.09819E-03
7.98528E+02 6.52868E-04
7.98648E+02 2.41682E-04
7.98769E+02 3.84189E-05
7.98890E+02 -7.04154E-05
7.99010E+02 -2.16387E-04
7.99131E+02 -3.49168E-04
7.99251E+02 -3.43498E-04
7.99372E+02 -2.17170E-04
7.99492E+02 -1.56917E-04
7.99613E+02 -3.31771E-04
7.99733E+02 -7.01763E-04
7.99854E+02 -1.01164E-03
7.99975E+02 -9.87176E-04
8.00095E+02 -5.85496E-04
8.00216E+02 -6.17430E-05
8.00336E+02 2.37864E-04
8.00457E+02 1.56797E-04
8.00577E+02 -1.59953E-04
8.00698E+02 -4.09674E-04
8.00818E+02 -3.83150E-04
8.00939E+02 -1.07083E-04
8.01060E+02 1.97913E-04
8.01180E+02 3.15670E-04
8.01301E+02 2.42557E-04
8.01421E+02 1.63291E-04
8.01542E+02 2.00372E-04
8.01662E+02 2.35531E-04
8.01783E+02 6.95884E-05
8.01903E+02 -2.61609E-04
8.02024E+02 -4.46863E-04
8.02144E+02 -2.25913E-04
8.02265E+02 3.36003E-04
8.02386E+02 9.34538E-04
8.02506E+02 1.30774E-03
8.02627E+02 1.34369E-03
8.02747E+02 1.04273E-03
8.02868E+02 5.27199E-04
8.02988E+02 5.29476E-05
8.03109E+02 -1.51720E-04
8.03229E+02 -1.11647E-04
8.03350E+02 -9.16347E-05
8.03471E+02 -2.98053E-04
8.03591E+02 -6.78647E-04
8.03712E+02 -1.03435E-03
8.03832E+02 -1.21411E-03
8.03953E+02 -1.12672E-03
8.04073E+02 -6.85055E-04
8.04194E+02 8.34018E-05
8.04314E+02 8.83281E-04
8.04435E+02 1.29789E-03
8.04555E+02 1.15257E-03
8.04676E+02 6.66790E-04
8.04797E+02 1.88302E-04
8.04917E+02 -1.64114E-04
8.05038E+02 -5.02404E-04
8.05158E+02 -8.74672E-04
8.05279E+02 -1.10792E-03
8.05399E+02 -1.02644E-03
8.05520E+02 -7.23954E-04
8.05640E+02 -4.80838E-04
8.05761E+02 -4.18473E-04
8.05882E+02 -3.67675E-04
8.06002E+02 -1.54860E-04
8.06123E+02 9.40450E-05
8.06243E+02 8.90754E-05
8.06364E+02 -2.05204E-04
8.06484E+02 -4.75850E-04
8.06605E+02 -4.49404E-04
8.06725E+02 -1.94788E-04
8.06846E+02 6.73160E-05
8.06966E+02 3.00486E-04
8.07087E+02 6.01791E-04
8.07208E+02 8.78062E-04
8.07328E+02 8.58918E-04
8.07449E+02 4.98462E-04
8.07569E+02 1.40671E-04
8.07690E+02 1.21027E-04
8.07810E+02 3.41903E-04
8.07931E+02 4.17463E-04
8.08051E+02 1.70663E-04
8.08172E+02 -1.91633E-04
8.08293E+02 -3.84822E-04
8.08413E+02 -3.72093E-04
8.08534E+02 -3.26801E-04
8.08654E+02 -3.91886E-04
8.08775E+02 -5.39646E-04
8.08895E+02 -6.18342E-04
8.09016E+02 -4.91995E-04
8.09136E+02 -1.70663E-04
8.09257E+02 1.77238E-04
8.09378E+02 3.67202E-04
8.09498E+02 3.67597E-04
8.09619E+02 2.86937E-04
8.09739E+02 2.32946E-04
8.09860E+02 2.54229E-04
8.09980E+02 3.94840E-04
8.10101E+02 6.62126E-04
8.10221E+02 9.01099E-04
8.10342E+02 8.56254E-04
8.10462E+02 4.82064E-04
8.10583E+02 9.64813E-05
8.10704E+02 6.06105E-05
8.10824E+02 3.43479E-04
8.10945E+02 5.78791E-04
8.11065E+02 5.49015E-04
8.11186E+02 4.28062E-04
8.11306E+02 4.66675E-04
8.11427E+02 6.11816E-04
8.11547E+02 5.96669E-04
8.11668E+02 3.14426E-04
8.11789E+02 -6.51106E-05
8.11909E+02 -3.24205E-04
8.12030E+02 -3.91219E-04
8.12150E+02 -2.93069E-04
8.12271E+02 -1.03224E-04
8.12391E+02 1.15633E-05
8.12512E+02 -1.52886E-04
8.12632E+02 -5.81883E-04
8.12753E+02 -9.49889E-04
8.12873E+02 -9.11355E-04
8.12994E+02 -4.72821E-04
8.13115E+02 5.20721E-05
8.13235E+02 4.16800E-04
8.13356E+02 6.40377E-04
8.13476E+02 8.05736E-04
8.13597E+02 8.51061E-04
8.13717E+02 6.85565E-04
8.13838E+02 4.14323E-04
8.13958E+02 2.75344E-04
8.14079E+02 3.47704E-04
8.14200E+02 4.48514E-04
8.14320E+02 3.62851E-04
8.14441E+02 9.88655E-05
8.14561E+02 -1.42738E-04
8.14682E+02 -1.98673E-04
8.14802E+02 -8.97460E-05
8.14923E+02 5.88633E-05
8.15043E+02 1.69508E-04
8.15164E+02 2.72136E-04
8.15284E+02 4.17553E-04
8.15405E+02 5.76060E-04
8.15526E+02 6.39167E-04
8.15646E+02 5.26011E-04
8.15767E+02 2.72460E-04
8.15887E+02 2.58535E-06
8.16008E+02 -1.88239E-04
8.16128E+02 -2.96146E-04
8.16249E+02 -3.54733E-04
8.16369E+02 -3.27237E-04
8.16490E+02 -1.07422E-04
8.16611E+02 3.44232E-04
8.16731E+02 8.74650E-04
8.16852E+02 1.21715E-03
8.16972E+02 1.23175E-03
8.17093E+02 1.05070E-03
8.17213E+02 9.13292E-04
8.17334E+02 8.78450E-04
8.17454E+02 7.92850E-04
8.17575E+02 5.61558E-04
8.17695E+02 3.39344E-04
8.17816E+02 3.59941E-04
8.17937E+02 6.32200E-04
8.18057E+02 9.10733E-04
8.18178E+02 9.63196E-04
8.18298E+02 7.78757E-04
8.18419E+02 5.13852E-04
8.18539E+02 3.30124E-04
8.18660E+02 3.05723E-04
8.18780E+02 4.11499E-04
8.18901E+02 5.11955E-04
8.19022E+02 4.49382E-04
8.19142E+02 2.06213E-04
8.19263E+02 -3.89479E-05
8.19383E+02 -7.04564E-05
8.19504E+02 1.42775E-04
8.19624E+02 4.09719E-04
8.19745E+02 4.79270E-04
8.19865E+02 2.14849E-04
8.19986E+02 -3.25281E-04
8.20107E+02 -9.09083E-04
8.20227E+02 -1.26967E-03
8.20348E+02 -1.29672E-03
8.20468E+02 -1.13081E-03
8.20589E+02 -1.03164E-03
8.20709E+02 -1.13043E-03
8.20830E+02 -1.32562E-03
8.20950E+02 -1.41942E-03
8.21071E+02 -1.30905E-03
8.21191E+02 -1.03087E-03
8.21312E+02 -6.70649E-04
8.21433E+02 -2.93970E-04
8.21553E+02 3.85195E-05
8.21674E+02 2.55127E-04
8.21794E+02 3.39054E-04
8.21915E+02 3.71031E-04
8.22035E+02 4.54739E-04
8.22156E+02 5.80508E-04
8.22276E+02 6.07349E-04
8.22397E+02 4.19486E-04
8.22518E+02 7.87154E-05
8.22638E+02 -2.18999E-04
8.22759E+02 -3.28489E-04
8.22879E+02 -2.84385E-04
8.23000E+02 -2.41008E-04
8.23120E+02 -3.25061E-04
8.23241E+02 -5.24960E-04
8.23361E+02 -6.76058E-04
8.23482E+02 -5.72577E-04
8.23602E+02 -1.64699E-04
8.23723E+02 3.46176E-04
8.23844E+02 6.75198E-04
8.23964E+02 7.48839E-04
8.24085E+02 7.26938E-04
8.24205E+02 7.21272E-04
8.24326E+02 6.28576E-04
8.24446E+02 3.51075E-04
8.24567E+02 6.42315E-05
8.24687E+02 6.36056E-05
8.24808E+02 3.61968E-04
8.24929E+02 6.32893E-04
8.25049E+02 6.27793E-04
8.25170E+02 4.87410E-04
8.25290E+02 5.04795E-04
8.25411E+02 6.84340E-04
8.25531E+02 7.19540E-04
8.25652E+02 4.05390E-04
8.25772E+02 -9.87798E-05
8.25893E+02 -4.84623E-04
8.26013E+02 -6.74192E-04
8.26134E+02 -8.35638E-04
8.26255E+02 -1.04810E-03
8.26375E+02 -1.09781E-03
8.26496E+02 -7.05633E-04
8.26616E+02 9.22345E-05
8.26737E+02 9.02101E-04
8.26857E+02 1.34041E-03
8.26978E+02 1.36407E-03
8.27098E+02 1.22479E-03
8.27219E+02 1.16587E-03
8.27340E+02 1.24357E-03
8.27460E+02 1.38314E-03
8.27581E+02 1.47561E-03
8.27701E+02 1.41487E-03
8.27822E+02 1.16295E-03
8.27942E+02 8.35892E-04
8.28063E+02 6.30040E-04
8.28183E+02 5.83839E-04
8.28304E+02 4.97170E-04
8.28424E+02 1.99795E-04
8.28545E+02 -1.53873E-04
8.28666E+02 -2.03554E-04
8.28786E+02 1.69080E-04
8.28907E+02 6.51445E-04
8.29027E+02 8.30289E-04
8.29148E+02 6.33996E-04
8.29268E+02 3.64870E-04
8.29389E+02 3.11859E-04
8.29509E+02 4.47098E-04
8.29630E+02 5.32150E-04
8.29751E+02 4.35814E-04
8.29871E+02 2.58900E-04
8.29992E+02 1.53430E-04
8.30112E+02 1.11181E-04
8.30233E+02 -6.23986E-06
8.30353E+02 -2.46096E-04
8.30474E+02 -4.58635E-04
8.30594E+02 -4.39584E-04
8.30715E+02 -1.65205E-04
8.30836E+02 1.66617E-04
8.30956E+02 3.39061E-04
8.31077E+02 3.42127E-04
8.31197E+02 3.61886E-04
8.31318E+02 5.59866E-04
8.31438E+02 8.84227E-04
8.31559E+02 1.11797E-03
8.31679E+02 1.09326E-03
8.31800E+02 8.28337E-04
8.31920E+02 4.62711E-04
8.32041E+02 1.22614E-04
8.32162E+02 -1.05560E-04
8.32282E+02 -1.33969E-04
8.32403E+02 6.47828E-05
8.32523E+02 3.48356E-04
8.32644E+02 4.58609E-04
8.32764E+02 2.51323E-04
8.32885E+02 -1.47149E-04
8.33005E+02 -4.62558E-04
8.33126E+02 -5.28634E-04
8.33247E+02 -3.62951E-04
8.33367E+02 -6.58520E-05
8.33488E+02 2.60703E-04
8.33608E+02 4.91977E-04
8.33729E+02 4.96998E-04
8.33849E+02 2.39789E-04
8.33970E+02 -1.44139E-04
8.34090E+02 -4.20056E-04
8.34211E+02 -4.20496E-04
8.34331E+02 -1.44366E-04
8.34452E+02 2.41015E-04
8.34573E+02 4.84742E-04
8.34693E+02 4.11279E-04
8.34814E+02 4.28893E-05
8.34934E+02 -4.13731E-04
8.35055E+02 -7.21082E-04
8.35175E+02 -7.69977E-04
8.35296E+02 -5.96389E-04
8.35416E+02 -3.16560E-04
8.35537E+02 -6.87242E-05
8.35658E+02 3.91155E-05
8.35778E+02 -8.90344E-06
8.35899E+02 -1.02624E-04
8.36019E+02 -9.87835E-05
8.36140E+02 5.51753E-05
8.36260E+02 2.72825E-04
8.36381E+02 4.08012E-04
8.36501E+02 3.53564E-04
8.36622E+02 1.02498E-04
8.36742E+02 -2.42632E-04
8.36863E+02 -5.05544E-04
8.36984E+02 -5.35179E-04
8.37104E+02 -3.04792E-04
8.37225E+02 6.57476E-05
8.37345E+02 3.87434E-04
8.37466E+02 5.11635E-04
8.37586E+02 3.80877E-04
8.37707E+02 3.46564E-05
8.37827E+02 -4.09726E-04
8.37948E+02 -7.83328E-04
8.38069E+02 -9.27459E-04
8.38189E+02 -7.68285E-04
8.38310E+02 -3.72048E-04
8.38430E+02 7.36192E-05
8.38551E+02 3.48300E-04
8.38671E+02 3.35861E-04
8.38792E+02 1.00933E-04
8.38912E+02 -1.61346E-04
8.39033E+02 -2.69681E-04
8.39154E+02 -1.86790E-04
8.39274E+02 -2.10404E-05
8.39395E+02 7.41445E-05
8.39515E+02 3.50550E-06
8.39636E+02 -2.23067E-04
8.39756E+02 -5.09039E-04
8.39877E+02 -7.25795E-04
8.39997E+02 -7.62723E-04
8.40118E+02 -5.76492E-04
8.40238E+02 -2.24911E-04
8.40359E+02 1.44135E-04
8.40480E+02 3.66002E-04
8.40600E+02 3.77677E-04
8.40721E+02 2.77188E-04
8.40841E+02 2.53081E-04
8.40962E+02 3.94382E-04
8.41082E+02 5.57303E-04
8.41203E+02 4.70281E-04
8.41323E+02 3.46377E-05
8.41444E+02 -4.83278E-04
8.41565E+02 -6.36782E-04
8.41685E+02 -2.48048E-04
8.41806E+02 3.60701E-04
8.41926E+02 6.45492E-04
8.42047E+02 3.97515E-04
8.42167E+02 -3.93316E-05
8.42288E+02 -1.19660E-04
8.42408E+02 3.34460E-04
8.42529E+02 9.46917E-04
8.42649E+02 1.15913E-03
8.42770E+02 7.50888E-04
8.42891E+02 2.86400E-05
8.43011E+02 -4.68157E-04
8.43132E+02 -4.34682E-04
8.43252E+02 -1.60076E-05
8.43373E+02 3.96926E-04
8.43493E+02 5.34132E-04
8.43614E+02 4.25220E-04
8.43734E+02 2.37536E-04
8.43855E+02 3.94061E-05
8.43976E+02 -2.14741E-04
8.44096E+02 -4.94737E-04
8.44217E+02 -6.21255E-04
8.44337E+02 -4.45228E-04
8.44458E+02 -6.75432E-05
8.44578E+02 2.27448E-04
8.44699E+02 2.76871E-04
8.44819E+02 2.08549E-04
8.44940E+02 2.35435E-04
8.45060E+02 3.45882E-04
8.45181E+02 3.04468E-04
8.45302E+02 -1.95615E-05
8.45422E+02 -4.32942E-04
8.45543E+02 -6.30964E-04
8.45663E+02 -5.61967E-04
8.45784E+02 -4.52790E-04
8.45904E+02 -4.57946E-04
8.46025E+02 -4.41913E-04
8.46145E+02 -2.08981E-04
8.46266E+02 1.70324E-04
8.46387E+02 4.36880E-04
8.46507E+02 5.23817E-04
8.46628E+02 6.50331E-04
8.46748E+02 9.74748E-04
8.46869E+02 1.30973E-03
8.46989E+02 1.33269E-03
8.47110E+02 1.00122E-03
8.47230E+02 6.00990E-04
8.47351E+02 3.95782E-04
8.47471E+02 3.77785E-04
8.47592E+02 3.88939E-04
8.47713E+02 3.54297E-04
8.47833E+02 3.14597E-04
8.47954E+02 3.11173E-04
8.48074E+02 3.34118E-04
8.48195E+02 3.53966E-04
8.48315E+02 3.37809E-04
8.48436E+02 2.52683E-04
8.48556E+02 1.04982E-04
8.48677E+02 -3.64631E-05
8.48798E+02 -9.47043E-05
8.48918E+02 -6.16610E-05
8.49039E+02 1.98409E-05
8.49159E+02 1.04353E-04
8.49280E+02 1.59815E-04
8.49400E+02 1.62173E-04
8.49521E+02 1.29178E-04
8.49641E+02 1.13372E-04
8.49762E+02 1.10827E-04
8.49883E+02 2.96347E-05
8.50003E+02 -1.70626E-04
8.50124E+02 -3.50371E-04
8.50244E+02 -3.27669E-04
8.50365E+02 -1.26008E-04
8.50485E+02 3.24138E-05
8.50606E+02 9.83477E-06
8.50726E+02 -8.72836E-05
8.50847E+02 -8.99956E-05
8.50967E+02 8.20309E-06
8.51088E+02 9.47155E-05
8.51209E+02 1.10161E-04
8.51329E+02 6.06924E-05
8.51450E+02 -6.63400E-05
8.51570E+02 -2.78991E-04
8.51691E+02 -5.08122E-04
8.51811E+02 -6.45898E-04
8.51932E+02 -6.65195E-04
8.52052E+02 -6.28524E-04
8.52173E+02 -6.03274E-04
8.52294E+02 -6.29313E-04
8.52414E+02 -7.12279E-04
8.52535E+02 -7.58890E-04
8.52655E+02 -6.00040E-04
8.52776E+02 -2.28304E-04
8.52896E+02 4.91962E-05
8.53017E+02 -9.15639E-05
8.53137E+02 -5.19849E-04
8.53258E+02 -7.43255E-04
8.53378E+02 -5.21842E-04
8.53499E+02 -1.73621E-04
8.53620E+02 -1.04476E-04
8.53740E+02 -2.52414E-04
8.53861E+02 -2.49632E-04
8.53981E+02 1.14851E-05
8.54102E+02 2.82198E-04
8.54222E+02 4.08225E-04
8.54343E+02 5.35496E-04
8.54463E+02 7.77774E-04
8.54584E+02 9.27497E-04
8.54705E+02 6.88549E-04
8.54825E+02 7.64914E-05
8.54946E+02 -5.67567E-04
8.55066E+02 -8.98290E-04
8.55187E+02 -8.18778E-04
8.55307E+02 -4.66809E-04
8.55428E+02 -7.08513E-05
8.55548E+02 2.08173E-04
8.55669E+02 3.67783E-04
8.55790E+02 4.99301E-04
8.55910E+02 6.04194E-04
8.56031E+02 5.67306E-04
8.56151E+02 3.49190E-04
8.56272E+02 8.51750E-05
8.56392E+02 -9.88431E-05
8.56513E+02 -2.40240E-04
8.56633E+02 -3.82137E-04
8.56754E+02 -3.72916E-04
8.56874E+02 -6.53602E-05
8.56995E+02 3.34479E-04
8.57116E+02 3.91036E-04
8.57236E+02 1.12094E-05
8.57357E+02 -3.49235E-04
8.57477E+02 -2.15083E-04
8.57598E+02 2.94499E-04
8.57718E+02 6.00975E-04
8.57839E+02 3.75487E-04
8.57959E+02 -9.50322E-05
8.58080E+02 -2.79840E-04
8.58201E+02 -2.45534E-05
8.58321E+02 3.08450E-04
8.58442E+02 2.70970E-04
8.58562E+02 -1.59856E-04
8.58683E+02 -5.50970E-04
8.58803E+02 -5.02586E-04
8.58924E+02 -1.14396E-04
8.59044E+02 1.09740E-04
8.59165E+02 -1.72272E-04
8.59286E+02 -7.53108E-04
8.59406E+02 -1.14238E-03
8.59527E+02 -1.09170E-03
8.59647E+02 -7.45859E-04
8.59768E+02 -3.59911E-04
8.59888E+02 -6.51367E-05
8.60009E+02 7.54483E-05
8.60129E+02 -2.49296E-05
8.60250E+02 -3.68524E-04
8.60370E+02 -7.89460E-04
8.60491E+02 -1.07409E-03
8.60612E+02 -1.14959E-03
8.60732E+02 -1.08861E-03
8.60853E+02 -9.96821E-04
8.60973E+02 -9.65439E-04
8.61094E+02 -1.05146E-03
8.61214E+02 -1.18572E-03
8.61335E+02 -1.14594E-03
8.61455E+02 -7.64541E-04
8.61576E+02 -1.78661E-04
8.61697E+02 2.41842E-04
8.61817E+02 2.42479E-04
8.61938E+02 -1.07732E-04
8.62058E+02 -5.58194E-04
8.62179E+02 -9.01856E-04
8.62299E+02 -1.01560E-03
8.62420E+02 -8.39937E-04
8.62540E+02 -4.52369E-04
8.62661E+02 -9.76399E-05
8.62781E+02 -7.14138E-06
8.62902E+02 -1.78780E-04
8.63023E+02 -4.01575E-04
8.63143E+02 -4.75064E-04
8.63264E+02 -3.36006E-04
8.63384E+02 -1.67750E-05
8.63505E+02 3.96498E-04
8.63625E+02 7.49160E-04
8.63746E+02 8.91857E-04
8.63866E+02 8.16651E-04
8.63987E+02 6.59406E-04
8.64108E+02 5.11635E-04
8.64228E+02 3.03764E-04
8.64349E+02 -4.90993E-05
8.64469E+02 -4.35445E-04
8.64590E+02 -6.06507E-04
8.64710E+02 -4.53033E-04
8.64831E+02 -1.54961E-04
8.64951E+02 -1.09524E-06
8.65072E+02 -8.05929E-05
8.65193E+02 -1.86607E-04
8.65313E+02 -4.76763E-05
8.65434E+02 3.54927E-04
8.65554E+02 7.36441E-04
8.65675E+02 8.22887E-04
8.65795E+02 6.71215E-04
8.65916E+02 5.96222E-04
8.66036E+02 7.59039E-04
8.66157E+02 9.41042E-04
8.66277E+02 8.16118E-04
8.66398E+02 3.82226E-04
8.66519E+02 -7.80448E-06
8.66639E+02 -2.18935E-05
8.66760E+02 3.57330E-04
8.66880E+02 9.16805E-04
8.67001E+02 1.43221E-03
8.67121E+02 1.72251E-03
8.67242E+02 1.64586E-03
8.67362E+02 1.20548E-03
8.67483E+02 6.27894E-04
8.67604E+02 2.06240E-04
8.67724E+02 5.13494E-05
8.67845E+02 6.93463E-05
8.67965E+02 1.63276E-04
8.68086E+02 3.44619E-04
8.68206E+02 6.20160E-04
8.68327E+02 8.82912E-04
8.68447E+02 9.91415E-04
8.68568E+02 8.94681E-04
8.68688E+02 6.24172E-04
8.68809E+02 2.36828E-04
8.68930E+02 -1.53136E-04
8.69050E+02 -3.46635E-04
8.69171E+02 -2.13243E-04
8.69291E+02 1.17723E-04
8.69412E+02 3.05861E-04
8.69532E+02 1.27643E-04
8.69653E+02 -2.91709E-04
8.69773E+02 -5.99451E-04
8.69894E+02 -5.73110E-04
8.70015E+02 -3.19768E-04
8.70135E+02 -1.36148E-04
8.70256E+02 -1.83437E-04
8.70376E+02 -3.01410E-04
8.70497E+02 -1.62967E-04
8.70617E+02 3.50006E-04
8.70738E+02 9.42908E-04
8.70858E+02 1.16139E-03
8.70979E+02 8.62513E-04
8.71099E+02 3.86816E-04
8.71220E+02 2.00611E-04
8.71341E+02 4.08448E-04
8.71461E+02 6.80827E-04
8.71582E+02 6.36965E-04
8.71702E+02 2.26196E-04
8.71823E+02 -2.66131E-04
8.71943E+02 -4.98891E-04
8.72064E+02 -3.49022E-04
8.72184E+02 2.81595E-05
8.72305E+02 3.31510E-04
8.72426E+02 3.51556E-04
8.72546E+02 1.22797E-04
8.72667E+02 -1.31853E-04
8.72787E+02 -2.21707E-04
8.72908E+02 -1.58802E-04
8.73028E+02 -8.82931E-05
8.73149E+02 -9.33744E-05
8.73269E+02 -1.18572E-04
8.73390E+02 -9.19104E-05
8.73510E+02 -5.41322E-05
8.73631E+02 -9.60641E-05
8.73752E+02 -1.87680E-04
8.73872E+02 -1.76650E-04
8.73993E+02 -2.54922E-05
8.74113E+02 4.02480E-05
8.74234E+02 -2.26755E-04
8.74354E+02 -7.00936E-04
8.74475E+02 -9.64500E-04
8.74595E+02 -8.67173E-04
8.74716E+02 -8.15928E-04
8.74837E+02 -1.24131E-03
8.74957E+02 -1.88135E-03
8.75078E+02 -1.95634E-03
8.75198E+02 -1.14799E-03
8.75319E+02 -8.15205E-05
8.75439E+02 3.89744E-04
8.75560E+02 1.38648E-04
8.75680E+02 -2.78238E-04
8.75801E+02 -4.50931E-04
8.75922E+02 -4.68541E-04
8.76042E+02 -4.30617E-04
8.76163E+02 -1.14385E-04
8.76283E+02 5.93476E-04
8.76404E+02 1.23036E-03
8.76524E+02 1.14993E-03
8.76645E+02 3.32598E-04
8.76765E+02 -5.03715E-04
8.76886E+02 -6.73715E-04
8.77006E+02 -2.14309E-04
8.77127E+02 2.82489E-04
8.77248E+02 3.37314E-04
8.77368E+02 -1.99117E-05
8.77489E+02 -4.18644E-04
8.77609E+02 -5.57616E-04
8.77730E+02 -4.39297E-04
8.77850E+02 -3.02061E-04
8.77971E+02 -3.55296E-04
8.78091E+02 -5.71202E-04
8.78212E+02 -7.37432E-04
8.78333E+02 -7.10174E-04
8.78453E+02 -5.79324E-04
8.78574E+02 -5.65872E-04
8.78694E+02 -7.84889E-04
8.78815E+02 -1.12892E-03
8.78935E+02 -1.36077E-03
8.79056E+02 -1.30957E-03
8.79176E+02 -1.01137E-03
8.79297E+02 -6.83837E-04
8.79417E+02 -5.37336E-04
8.79538E+02 -5.89386E-04
8.79659E+02 -6.83203E-04
8.79779E+02 -6.87372E-04
8.79900E+02 -6.22984E-04
8.80020E+02 -5.62616E-04
8.80141E+02 -4.71480E-04
8.80261E+02 -2.41440E-04
8.80382E+02 1.30650E-04
8.80502E+02 4.87670E-04
8.80623E+02 6.80622E-04
8.80744E+02 7.13941E-04
8.80864E+02 6.88702E-04
8.80985E+02 6.54005E-04
8.81105E+02 5.89319E-04
8.81226E+02 5.04024E-04
8.81346E+02 4.52194E-04
8.81467E+02 4.19423E-04
8.81587E+02 2.80574E-04
8.81708E+02 -5.16251E-05
8.81828E+02 -4.63724E-04
8.81949E+02 -7.17532E-04
8.82070E+02 -6.79512E-04
8.82190E+02 -4.30834E-04
8.82311E+02 -1.55557E-04
8.82431E+02 -3.61353E-06
8.82552E+02 -6.48089E-05
8.82672E+02 -3.48624E-04
8.82793E+02 -7.06285E-04
8.82913E+02 -8.69811E-04
8.83034E+02 -7.04192E-04
8.83155E+02 -3.91696E-04
8.83275E+02 -2.37051E-04
8.83396E+02 -2.97848E-04
8.83516E+02 -3.61588E-04
8.83637E+02 -3.11054E-04
8.83757E+02 -3.22767E-04
8.83878E+02 -5.75829E-04
8.83998E+02 -8.98384E-04
8.84119E+02 -9.03774E-04
8.84240E+02 -4.56724E-04
8.84360E+02 1.48263E-04
8.84481E+02 4.74546E-04
8.84601E+02 3.06513E-04
8.84722E+02 -2.71522E-04
8.84842E+02 -9.69771E-04
8.84963E+02 -1.42438E-03
8.85083E+02 -1.39162E-03
8.85204E+02 -9.69950E-04
8.85324E+02 -5.54822E-04
8.85445E+02 -4.50101E-04
8.85566E+02 -5.55892E-04
8.85686E+02 -5.41616E-04
8.85807E+02 -2.85383E-04
8.85927E+02 -2.61143E-06
8.86048E+02 5.94147E-05
8.86168E+02 -9.70475E-05
8.86289E+02 -2.77519E-04
8.86409E+02 -3.36234E-04
8.86530E+02 -2.47631E-04
8.86651E+02 -4.39845E-05
8.86771E+02 1.96181E-04
8.86892E+02 3.14511E-04
8.87012E+02 1.66979E-04
8.87133E+02 -2.13861E-04
8.87253E+02 -5.97622E-04
8.87374E+02 -7.64307E-04
8.87494E+02 -7.00567E-04
8.87615E+02 -5.75606E-04
8.87735E+02 -5.38882E-04
8.87856E+02 -5.75203E-04
8.87977E+02 -5.53858E-04
8.88097E+02 -3.90362E-04
8.88218E+02 -1.40063E-04
8.88338E+02 6.83032E-05
8.88459E+02 1.69206E-04
8.88579E+02 2.18563E-04
8.88700E+02 2.91150E-04
8.88820E+02 3.51660E-04
8.88941E+02 2.67074E-04
8.89062E+02 -2.89194E-05
8.89182E+02 -3.99049E-04
8.89303E+02 -5.83377E-04
8.89423E+02 -4.29511E-04
8.89544E+02 -4.50760E-05
8.89664E+02 3.08264E-04
8.89785E+02 4.68932E-04
8.89905E+02 5.08368E-04
8.90026E+02 5.89177E-04
8.90146E+02 7.47621E-04
8.90267E+02 8.67557E-04
8.90388E+02 8.58251E-04
8.90508E+02 7.80385E-04
8.90629E+02 7.57828E-04
8.90749E+02 8.15537E-04
8.90870E+02 8.57055E-04
8.90990E+02 7.70662E-04
8.91111E+02 5.11434E-04
8.91231E+02 1.16043E-04
8.91352E+02 -2.98772E-04
8.91473E+02 -5.74388E-04
8.91593E+02 -6.45626E-04
8.91714E+02 -6.26579E-04
8.91834E+02 -6.89965E-04
8.91955E+02 -8.47332E-04
8.92075E+02 -9.49167E-04
8.92196E+02 -9.28644E-04
8.92316E+02 -9.21160E-04
8.92437E+02 -1.04938E-03
8.92557E+02 -1.19393E-03
8.92678E+02 -1.13012E-03
8.92799E+02 -8.55513E-04
8.92919E+02 -6.27656E-04
8.93040E+02 -6.47526E-04
8.93160E+02 -8.28527E-04
8.93281E+02 -9.29605E-04
8.93401E+02 -8.23278E-04
8.93522E+02 -5.72525E-04
8.93642E+02 -3.18807E-04
8.93763E+02 -1.65511E-04
8.93884E+02 -1.23575E-04
8.94004E+02 -1.11789E-04
8.94125E+02 -5.05000E-05
8.94245E+02 1.38693E-05
8.94366E+02 -5.30332E-05
8.94486E+02 -2.39350E-04
8.94607E+02 -3.16512E-04
8.94727E+02 -1.09062E-04
8.94848E+02 2.05927E-04
8.94969E+02 2.36645E-04
8.95089E+02 -1.59420E-04
8.95210E+02 -7.01047E-04
8.95330E+02 -1.02579E-03
8.95451E+02 -1.05986E-03
8.95571E+02 -9.60592E-04
8.95692E+02 -8.12884E-04
8.95812E+02 -5.56305E-04
8.95933E+02 -1.92061E-04
8.96053E+02 1.00635E-04
8.96174E+02 1.18501E-04
8.96295E+02 -1.52834E-04
8.96415E+02 -5.26909E-04
8.96536E+02 -7.72122E-04
8.96656E+02 -7.62451E-04
8.96777E+02 -5.54528E-04
8.96897E+02 -3.48333E-04
8.97018E+02 -3.19120E-04
8.97138E+02 -4.41592E-04
8.97259E+02 -5.10424E-04
8.97380E+02 -3.58019E-04
8.97500E+02 -7.72998E-06
8.97621E+02 4.09208E-04
8.97741E+02 7.99067E-04
8.97862E+02 1.10198E-03
8.97982E+02 1.21003E-03
8.98103E+02 1.04821E-03
8.98223E+02 7.27080E-04
8.98344E+02 4.70735E-04
8.98464E+02 3.44697E-04
8.98585E+02 1.78155E-04
8.98706E+02 -1.66517E-04
8.98826E+02 -5.54103E-04
8.98947E+02 -7.40703E-04
8.99067E+02 -6.85785E-04
8.99188E+02 -5.56391E-04
8.99308E+02 -4.45984E-04
8.99429E+02 -2.67930E-04
8.99549E+02 3.48389E-05
8.99670E+02 3.31152E-04
8.99791E+02 4.61470E-04
8.99911E+02 4.31024E-04
9.00032E+02 3.40652E-04
9.00152E+02 2.12606E-04
9.00273E+02 3.42056E-05
9.00393E+02 -7.44797E-05
9.00514E+02 8.55625E-05
9.00634E+02 5.07627E-04
9.00755E+02 9.05477E-04
9.00875E+02 9.88241E-04
9.00996E+02 7.60037E-04
9.01117E+02 4.63016E-04
9.01237E+02 2.73906E-04
9.01358E+02 1.53914E-04
9.01478E+02 -2.91690E-06
9.01599E+02 -1.56716E-04
9.01719E+02 -1.31730E-04
9.01840E+02 1.73561E-04
9.01960E+02 5.98371E-04
9.02081E+02 7.96646E-04
9.02202E+02 5.29803E-04
9.02322E+02 -9.25735E-05
9.02443E+02 -6.84798E-04
9.02563E+02 -9.12324E-04
9.02684E+02 -7.21175E-04
9.02804E+02 -2.90584E-04
9.02925E+02 1.63294E-04
9.03045E+02 4.99960E-04
9.03166E+02 6.66756E-04
9.03286E+02 6.90829E-04
9.03407E+02 6.64413E-04
9.03528E+02 6.48651E-04
9.03648E+02 5.74153E-04
9.03769E+02 3.12593E-04
9.03889E+02 -1.13044E-04
9.04010E+02 -4.53897E-04
9.04130E+02 -4.62506E-04
9.04251E+02 -1.58492E-04
9.04371E+02 2.00313E-04
9.04492E+02 4.09868E-04
9.04613E+02 5.09959E-04
9.04733E+02 6.36633E-04
9.04854E+02 7.88793E-04
9.04974E+02 8.40764E-04
9.05095E+02 7.48165E-04
9.05215E+02 6.00684E-04
9.05336E+02 4.32011E-04
9.05456E+02 1.15797E-04
9.05577E+02 -4.21803E-04
9.05698E+02 -9.59422E-04
9.05818E+02 -1.14064E-03
9.05939E+02 -8.90333E-04
9.06059E+02 -5.39217E-04
9.06180E+02 -4.54344E-04
9.06300E+02 -6.50033E-04
9.06421E+02 -8.61064E-04
9.06541E+02 -9.07756E-04
9.06662E+02 -8.43778E-04
9.06782E+02 -7.79420E-04
9.06903E+02 -7.23444E-04
9.07024E+02 -6.44084E-04
9.07144E+02 -5.66319E-04
9.07265E+02 -5.22051E-04
9.07385E+02 -4.60804E-04
9.07506E+02 -2.84553E-04
9.07626E+02 4.00320E-05
9.07747E+02 4.21379E-04
9.07867E+02 6.79553E-04
9.07988E+02 6.30453E-04
9.08109E+02 2.31020E-04
9.08229E+02 -3.07325E-04
9.08350E+02 -6.12129E-04
9.08470E+02 -4.64391E-04
9.08591E+02 -5.53206E-06
9.08711E+02 4.04377E-04
9.08832E+02 5.26167E-04
9.08952E+02 4.22526E-04
9.09073E+02 3.23221E-04
9.09193E+02 3.85016E-04
9.09314E+02 5.66706E-04
9.09435E+02 6.84474E-04
9.09555E+02 5.88544E-04
9.09676E+02 3.21906E-04
9.09796E+02 8.59760E-05
9.09917E+02 1.09710E-05
9.10037E+02 1.22190E-05
9.10158E+02 -4.28632E-05
9.10278E+02 -7.27475E-05
9.10399E+02 1.39289E-04
9.10520E+02 5.74872E-04
9.10640E+02 8.59514E-04
9.10761E+02 6.47508E-04
9.10881E+02 6.61202E-05
9.11002E+02 -3.81168E-04
9.11122E+02 -3.51090E-04
9.11243E+02 1.31316E-05
9.11363E+02 3.26253E-04
9.11484E+02 4.07103E-04
9.11604E+02 3.85508E-04
9.11725E+02 4.43541E-04
9.11846E+02 5.67969E-04
9.11966E+02 5.96263E-04
9.12087E+02 4.44748E-04
9.12207E+02 2.14037E-04
9.12328E+02 5.42700E-05
9.12448E+02 -2.50675E-05
9.12569E+02 -1.45275E-04
9.12689E+02 -3.69798E-04
9.12810E+02 -5.85414E-04
9.12931E+02 -6.35915E-04
9.13051E+02 -5.27080E-04
9.13172E+02 -4.19855E-04
9.13292E+02 -4.25044E-04
9.13413E+02 -4.84459E-04
9.13533E+02 -4.78379E-04
9.13654E+02 -3.78232E-04
9.13774E+02 -2.43735E-04
9.13895E+02 -1.22570E-04
9.14016E+02 -1.98372E-05
9.14136E+02 5.78873E-05
9.14257E+02 9.00961E-05
9.14377E+02 8.22134E-05
9.14498E+02 4.62383E-05
9.14618E+02 -5.58570E-05
9.14739E+02 -2.88818E-04
9.14859E+02 -6.40590E-04
9.14980E+02 -9.68739E-04
9.15100E+02 -1.10451E-03
9.15221E+02 -9.93047E-04
9.15342E+02 -7.11139E-04
9.15462E+02 -3.79115E-04
9.15583E+02 -1.03824E-04
9.15703E+02 2.20872E-05
9.15824E+02 -4.35598E-05
9.15944E+02 -1.98402E-04
9.16065E+02 -2.36038E-04
9.16185E+02 -4.55305E-05
9.16306E+02 2.30696E-04
9.16427E+02 3.16050E-04
9.16547E+02 9.02861E-05
9.16668E+02 -3.19239E-04
9.16788E+02 -7.15625E-04
9.16909E+02 -1.00588E-03
9.17029E+02 -1.13777E-03
9.17150E+02 -1.01304E-03
9.17270E+02 -6.12903E-04
9.17391E+02 -1.53050E-04
9.17511E+02 7.00764E-05
9.17632E+02 1.65142E-05
9.17753E+02 -5.56372E-05
9.17873E+02 3.76143E-05
9.17994E+02 1.32412E-04
9.18114E+02 -3.80948E-05
9.18235E+02 -4.39063E-04
9.18355E+02 -7.32552E-04
9.18476E+02 -6.52436E-04
9.18596E+02 -2.48261E-04
9.18717E+02 2.45381E-04
9.18838E+02 6.17053E-04
9.18958E+02 7.27098E-04
9.19079E+02 4.97982E-04
9.19199E+02 1.31130E-06
9.19320E+02 -5.14153E-04
9.19440E+02 -7.93673E-04
9.19561E+02 -7.80080E-04
9.19681E+02 -5.77714E-04
9.19802E+02 -2.74878E-04
9.19922E+02 1.04163E-04
9.20043E+02 4.83546E-04
9.20164E+02 7.07440E-04
9.20284E+02 6.75693E-04
9.20405E+02 4.62599E-04
9.20525E+02 2.35759E-04
9.20646E+02 7.61561E-05
9.20766E+02 -8.20458E-05
9.20887E+02 -3.35518E-04
9.21007E+02 -6.74311E-04
9.21128E+02 -9.45169E-04
9.21249E+02 -9.50899E-04
9.21369E+02 -6.00725E-04
9.21490E+02 -2.04891E-06
9.21610E+02 5.87203E-04
9.21731E+02 9.23924E-04
9.21851E+02 9.45896E-04
9.21972E+02 7.84904E-04
9.22092E+02 6.29254E-04
9.22213E+02 5.51831E-04
9.22333E+02 4.63355E-04
9.22454E+02 2.32324E-04
9.22575E+02 -1.56596E-04
9.22695E+02 -5.60235E-04
9.22816E+02 -7.86867E-04
9.22936E+02 -7.24010E-04
9.23057E+02 -4.07334E-04
9.23177E+02 -2.09399E-05
9.23298E+02 1.77886E-04
9.23418E+02 2.00123E-05
9.23539E+02 -4.05576E-04
9.23660E+02 -7.81793E-04
9.23780E+02 -8.30468E-04
9.23901E+02 -5.41333E-04
9.24021E+02 -1.23035E-04
9.24142E+02 2.28804E-04
9.24262E+02 4.45057E-04
9.24383E+02 5.18490E-04
9.24503E+02 4.31720E-04
9.24624E+02 1.99068E-04
9.24745E+02 -9.83737E-05
9.24865E+02 -3.60873E-04
9.24986E+02 -5.23873E-04
9.25106E+02 -5.41989E-04
9.25227E+02 -4.12419E-04
9.25347E+02 -2.48764E-04
9.25468E+02 -2.36709E-04
9.25588E+02 -4.24299E-04
9.25709E+02 -6.10325E-04
9.25829E+02 -5.46433E-04
9.25950E+02 -2.30473E-04
9.26071E+02 1.08100E-04
9.26191E+02 2.98761E-04
9.26312E+02 3.89412E-04
9.26432E+02 4.64730E-04
9.26553E+02 4.47817E-04
9.26673E+02 2.02000E-04
9.26794E+02 -2.08680E-04
9.26914E+02 -4.84060E-04
9.27035E+02 -3.79167E-04
9.27156E+02 1.86712E-05
9.27276E+02 3.28392E-04
9.27397E+02 2.28528E-04
9.27517E+02 -2.23156E-04
9.27638E+02 -6.16811E-04
9.27758E+02 -5.84707E-04
9.27879E+02 -1.61842E-04
9.27999E+02 2.73280E-04
9.28120E+02 4.25674E-04
9.28240E+02 3.80524E-04
9.28361E+02 4.02663E-04
9.28482E+02 5.45409E-04
9.28602E+02 6.00733E-04
9.28723E+02 4.25797E-04
9.28843E+02 1.57341E-04
9.28964E+02 2.31899E-05
9.29084E+02 5.55888E-05
9.29205E+02 1.16263E-04
9.29325E+02 1.39028E-04
9.29446E+02 1.99497E-04
9.29567E+02 3.39679E-04
9.29687E+02 4.55316E-04
9.29808E+02 4.13537E-04
9.29928E+02 2.05677E-04
9.30049E+02 -6.34715E-05
9.30169E+02 -2.64820E-04
9.30290E+02 -2.92517E-04
9.30410E+02 -9.95956E-05
9.30531E+02 2.12479E-04
9.30651E+02 3.99195E-04
9.30772E+02 2.88419E-04
9.30893E+02 -3.67947E-05
9.31013E+02 -3.28638E-04
9.31134E+02 -4.36623E-04
9.31254E+02 -3.73933E-04
9.31375E+02 -1.77469E-04
9.31495E+02 1.36051E-04
9.31616E+02 4.42866E-04
9.31736E+02 5.34467E-04
9.31857E+02 3.64777E-04
9.31978E+02 1.58057E-04
9.32098E+02 1.34517E-04
9.32219E+02 2.17881E-04
9.32339E+02 1.66759E-04
9.32460E+02 -7.86558E-05
9.32580E+02 -3.56421E-04
9.32701E+02 -5.52140E-04
9.32821E+02 -6.77202E-04
9.32942E+02 -6.78211E-04
9.33062E+02 -4.11138E-04
9.33183E+02 8.52644E-05
9.33304E+02 4.99379E-04
9.33424E+02 6.15753E-04
9.33545E+02 5.98874E-04
9.33665E+02 7.08915E-04
9.33786E+02 8.52257E-04
9.33906E+02 6.97903E-04
9.34027E+02 2.22143E-04
9.34147E+02 -1.59215E-04
9.34268E+02 -1.04401E-04
9.34389E+02 2.19028E-04
9.34509E+02 3.89073E-04
9.34630E+02 2.60461E-04
9.34750E+02 3.73162E-05
9.34871E+02 -8.71308E-05
9.34991E+02 -1.42843E-04
9.35112E+02 -2.30461E-04
9.35232E+02 -3.27259E-04
9.35353E+02 -3.36833E-04
9.35474E+02 -2.25175E-04
9.35594E+02 -2.78801E-05
9.35715E+02 2.12893E-04
9.35835E+02 4.38895E-04
9.35956E+02 5.54789E-04
9.36076E+02 4.85033E-04
9.36197E+02 2.69916E-04
9.36317E+02 5.87031E-05
9.36438E+02 -1.39773E-05
9.36558E+02 6.54645E-05
9.36679E+02 1.83843E-04
9.36800E+02 2.09842E-04
9.36920E+02 9.37916E-05
9.37041E+02 -1.02870E-04
9.37161E+02 -2.74170E-04
9.37282E+02 -3.80326E-04
9.37402E+02 -4.73320E-04
9.37523E+02 -6.13205E-04
9.37643E+02 -7.62749E-04
9.37764E+02 -7.95349E-04
9.37885E+02 -6.22034E-04
9.38005E+02 -2.94089E-04
9.38126E+02 4.36082E-05
9.38246E+02 2.79292E-04
9.38367E+02 3.86417E-04
9.38487E+02 3.46448E-04
9.38608E+02 1.14240E-04
9.38728E+02 -2.78529E-04
9.38849E+02 -6.26627E-04
9.38970E+02 -6.86880E-04
9.39090E+02 -4.35885E-04
9.39211E+02 -1.23546E-04
9.39331E+02 -1.13957E-05
9.39452E+02 -1.17499E-04
9.39572E+02 -2.70505E-04
9.39693E+02 -3.37910E-04
9.39813E+02 -2.96872E-04
9.39934E+02 -1.43073E-04
9.40054E+02 1.00892E-04
9.40175E+02 2.65148E-04
9.40296E+02 1.10913E-04
9.40416E+02 -3.71318E-04
9.40537E+02 -8.27003E-04
9.40657E+02 -8.61298E-04
9.40778E+02 -4.55625E-04
9.40898E+02 4.03747E-05
9.41019E+02 2.97811E-04
9.41139E+02 2.84765E-04
9.41260E+02 1.62996E-04
9.41381E+02 7.01733E-05
9.41501E+02 6.31288E-05
9.41622E+02 1.67187E-04
9.41742E+02 3.74228E-04
9.41863E+02 6.21635E-04
9.41983E+02 8.30974E-04
9.42104E+02 9.42487E-04
9.42224E+02 8.86969E-04
9.42345E+02 5.96724E-04
9.42466E+02 1.19176E-04
9.42586E+02 -3.28571E-04
9.42707E+02 -5.15535E-04
9.42827E+02 -4.21543E-04
9.42948E+02 -2.19073E-04
9.43068E+02 -5.60246E-05
9.43189E+02 5.20535E-05
9.43309E+02 1.00162E-04
9.43430E+02 -2.97651E-06
9.43550E+02 -3.25561E-04
9.43671E+02 -7.50430E-04
9.43792E+02 -1.00144E-03
9.43912E+02 -8.68246E-04
9.44033E+02 -3.87855E-04
9.44153E+02 1.75979E-04
9.44274E+02 5.10480E-04
9.44394E+02 4.78741E-04
9.44515E+02 2.16775E-04
9.44635E+02 6.56769E-06
9.44756E+02 9.24617E-06
9.44877E+02 1.26354E-04
9.44997E+02 1.46065E-04
9.45118E+02 -4.63426E-06
9.45238E+02 -1.96982E-04
9.45359E+02 -2.73935E-04
9.45479E+02 -2.03900E-04
9.45600E+02 -6.50585E-05
9.45720E+02 6.88173E-05
9.45841E+02 1.97560E-04
9.45961E+02 4.00431E-04
9.46082E+02 7.63435E-04
9.46203E+02 1.25634E-03
9.46323E+02 1.66432E-03
9.46444E+02 1.72299E-03
9.46564E+02 1.38426E-03
9.46685E+02 8.95996E-04
9.46805E+02 5.54286E-04
9.46926E+02 4.11689E-04
9.47046E+02 2.97084E-04
9.47167E+02 9.63621E-05
9.47288E+02 -9.73195E-05
9.47408E+02 -1.40857E-04
9.47529E+02 -6.85528E-05
9.47649E+02 -6.11655E-05
9.47770E+02 -2.15016E-04
9.47890E+02 -4.09063E-04
9.48011E+02 -4.30409E-04
9.48131E+02 -2.08948E-04
9.48252E+02 9.81949E-05
9.48372E+02 2.45400E-04
9.48493E+02 1.21921E-04
9.48614E+02 -1.61663E-04
9.48734E+02 -3.64598E-04
9.48855E+02 -3.01834E-04
9.48975E+02 2.66358E-05
9.49096E+02 4.06228E-04
9.49216E+02 5.32530E-04
9.49337E+02 2.43887E-04
9.49457E+02 -2.93866E-04
9.49578E+02 -6.79173E-04
9.49699E+02 -6.46774E-04
9.49819E+02 -3.19272E-04
9.49940E+02 -3.10577E-05
9.50060E+02 6.07856E-05
9.50181E+02 7.18720E-05
9.50301E+02 1.18718E-04
9.50422E+02 1.01764E-04
9.50542E+02 -1.36368E-04
9.50663E+02 -5.50605E-04
9.50784E+02 -9.28648E-04
9.50904E+02 -1.11030E-03
9.51025E+02 -1.06103E-03
9.51145E+02 -7.88607E-04
9.51266E+02 -3.60336E-04
9.51386E+02 9.29087E-06
9.51507E+02 7.61263E-05
9.51627E+02 -1.44280E-04
9.51748E+02 -3.49581E-04
9.51868E+02 -3.03824E-04
9.51989E+02 -9.52184E-05
9.52110E+02 4.19393E-05
9.52230E+02 3.50736E-05
9.52351E+02 -3.11024E-05
9.52471E+02 -1.35724E-04
9.52592E+02 -3.27229E-04
9.52712E+02 -5.13513E-04
9.52833E+02 -4.73667E-04
9.52953E+02 -1.62292E-04
9.53074E+02 1.47291E-04
9.53195E+02 1.37061E-04
9.53315E+02 -1.98200E-04
9.53436E+02 -5.62664E-04
9.53556E+02 -6.73205E-04
9.53677E+02 -4.75906E-04
9.53797E+02 -1.22897E-04
9.53918E+02 1.72097E-04
9.54038E+02 2.75083E-04
9.54159E+02 2.19811E-04
9.54279E+02 1.43416E-04
9.54400E+02 1.06484E-04
9.54521E+02 8.67620E-06
9.54641E+02 -2.50671E-04
9.54762E+02 -5.66084E-04
9.54882E+02 -6.96160E-04
9.55003E+02 -5.33007E-04
9.55123E+02 -2.19941E-04
9.55244E+02 2.54922E-05
9.55364E+02 1.08317E-04
9.55485E+02 5.42216E-05
9.55606E+02 -1.05746E-04
9.55726E+02 -3.33630E-04
9.55847E+02 -5.11363E-04
9.55967E+02 -4.61340E-04
9.56088E+02 -1.13696E-04
9.56208E+02 3.71486E-04
9.56329E+02 6.90375E-04
9.56449E+02 6.52023E-04
9.56570E+02 3.53117E-04
9.56690E+02 8.55997E-05
9.56811E+02 4.26248E-05
9.56932E+02 1.42891E-04
9.57052E+02 1.68882E-04
9.57173E+02 3.70517E-05
9.57293E+02 -1.34047E-04
9.57414E+02 -1.94944E-04
9.57534E+02 -1.26753E-04
9.57655E+02 -1.45286E-05
9.57775E+02 3.92161E-05
9.57896E+02 -5.50263E-05
9.58017E+02 -3.19675E-04
9.58137E+02 -6.45701E-04
9.58258E+02 -8.32990E-04
9.58378E+02 -7.84956E-04
9.58499E+02 -6.05863E-04
9.58619E+02 -4.45273E-04
9.58740E+02 -3.09207E-04
9.58860E+02 -1.16803E-04
9.58981E+02 1.09255E-04
9.59102E+02 2.31978E-04
9.59222E+02 1.85292E-04
9.59343E+02 4.09372E-05
9.59463E+02 -1.12094E-04
9.59584E+02 -2.40281E-04
9.59704E+02 -2.99208E-04
9.59825E+02 -2.03118E-04
9.59945E+02 4.92781E-05
9.60066E+02 2.94942E-04
9.60186E+02 3.52159E-04
9.60307E+02 2.05629E-04
9.60428E+02 5.10365E-07
9.60548E+02 -1.17164E-04
9.60669E+02 -9.33781E-05
9.60789E+02 4.48674E-05
9.60910E+02 2.28189E-04
9.61030E+02 3.78393E-04
9.61151E+02 4.33259E-04
9.61271E+02 3.36237E-04
9.61392E+02 -2.68221E-06
9.61513E+02 -6.33109E-04
9.61633E+02 -1.37820E-03
9.61754E+02 -1.80119E-03
9.61874E+02 -1.55485E-03
9.61995E+02 -7.85422E-04
9.62115E+02 -3.89740E-05
9.62236E+02 2.83487E-04
9.62356E+02 2.49248E-04
9.62477E+02 1.32557E-04
9.62597E+02 -1.05016E-05
9.62718E+02 -2.97856E-04
9.62839E+02 -6.65072E-04
9.62959E+02 -8.21874E-04
9.63080E+02 -6.60997E-04
9.63200E+02 -4.86884E-04
9.63321E+02 -6.51032E-04
9.63441E+02 -1.06324E-03
9.63562E+02 -1.27781E-03
9.63682E+02 -1.05379E-03
9.63803E+02 -6.21345E-04
9.63924E+02 -3.27270E-04
9.64044E+02 -1.92579E-04
9.64165E+02 2.06344E-05
9.64285E+02 3.99716E-04
9.64406E+02 7.45513E-04
9.64526E+02 8.30039E-04
9.64647E+02 6.48707E-04
9.64767E+02 3.70063E-04
9.64888E+02 1.62896E-04
9.65008E+02 1.28627E-04
9.65129E+02 2.79278E-04
9.65250E+02 4.88773E-04
9.65370E+02 5.56275E-04
9.65491E+02 4.34663E-04
9.65611E+02 3.32065E-04
9.65732E+02 4.49259E-04
9.65852E+02 6.57406E-04
9.65973E+02 6.10027E-04
9.66093E+02 2.08776E-04
9.66214E+02 -2.12315E-04
9.66335E+02 -2.74543E-04
9.66455E+02 -1.36048E-05
9.66576E+02 2.14521E-04
9.66696E+02 2.17404E-04
9.66817E+02 1.85914E-04
9.66937E+02 3.66181E-04
9.67058E+02 6.83632E-04
9.67178E+02 8.32230E-04
9.67299E+02 6.82194E-04
9.67419E+02 4.30830E-04
9.67540E+02 3.06036E-04
9.67661E+02 2.49628E-04
9.67781E+02 1.55158E-05
9.67902E+02 -4.59392E-04
9.68022E+02 -9.18210E-04
9.68143E+02 -1.07299E-03
9.68263E+02 -9.27981E-04
9.68384E+02 -7.47889E-04
9.68504E+02 -7.58804E-04
9.68625E+02 -9.80582E-04
9.68746E+02 -1.31366E-03
9.68866E+02 -1.65191E-03
9.68987E+02 -1.87225E-03
9.69107E+02 -1.83858E-03
9.69228E+02 -1.53389E-03
9.69348E+02 -1.14722E-03
9.69469E+02 -9.14097E-04
9.69589E+02 -8.66316E-04
9.69710E+02 -8.19396E-04
9.69831E+02 -6.18022E-04
9.69951E+02 -3.19067E-04
9.70072E+02 -9.86196E-05
9.70192E+02 -4.09819E-05
9.70313E+02 -7.22222E-05
9.70433E+02 -6.10985E-05
9.70554E+02 7.45058E-05
9.70674E+02 3.28705E-04
9.70795E+02 6.07427E-04
9.70915E+02 7.47595E-04
9.71036E+02 6.26598E-04
9.71157E+02 3.03894E-04
9.71277E+02 2.39871E-05
9.71398E+02 1.00620E-05
9.71518E+02 2.36001E-04
9.71639E+02 4.47378E-04
9.71759E+02 4.28434E-04
9.71880E+02 2.18891E-04
9.72000E+02 3.46005E-05
9.72121E+02 -8.44523E-06
9.72242E+02 -1.99415E-05
9.72362E+02 -1.67072E-04
9.72483E+02 -4.19095E-04
9.72603E+02 -5.48035E-04
9.72724E+02 -3.91997E-04
9.72844E+02 -5.02355E-05
9.72965E+02 2.35803E-04
9.73085E+02 3.48501E-04
9.73206E+02 3.65660E-04
9.73326E+02 3.66092E-04
9.73447E+02 3.05343E-04
9.73568E+02 1.55870E-04
9.73688E+02 6.82957E-05
9.73809E+02 2.32268E-04
9.73929E+02 5.79305E-04
9.74050E+02 7.85448E-04
9.74170E+02 6.54656E-04
9.74291E+02 3.78836E-04
9.74411E+02 2.83681E-04
9.74532E+02 3.88578E-04
9.74653E+02 3.93264E-04
9.74773E+02 1.12243E-04
9.74894E+02 -2.57187E-04
9.75014E+02 -3.84431E-04
9.75135E+02 -2.12684E-04
9.75255E+02 1.50837E-05
9.75376E+02 5.16847E-05
9.75496E+02 -1.47734E-04
9.75617E+02 -4.84657E-04
9.75737E+02 -8.29581E-04
9.75858E+02 -1.03780E-03
9.75979E+02 -9.89385E-04
9.76099E+02 -6.92297E-04
9.76220E+02 -2.96805E-04
9.76340E+02 3.41237E-05
9.76461E+02 2.16957E-04
9.76581E+02 2.23476E-04
9.76702E+02 6.90259E-05
9.76822E+02 -1.13264E-04
9.76943E+02 -1.22037E-04
9.77064E+02 4.03337E-05
9.77184E+02 3.41088E-05
9.77305E+02 -4.74181E-04
9.77425E+02 -1.31581E-03
9.77546E+02 -1.86368E-03
9.77666E+02 -1.66811E-03
9.77787E+02 -9.40807E-04
9.77907E+02 -2.67588E-04
9.78028E+02 5.87180E-05
9.78148E+02 2.24337E-04
9.78269E+02 4.69010E-04
9.78390E+02 6.99405E-04
9.78510E+02 6.61545E-04
9.78631E+02 3.47532E-04
9.78751E+02 3.72343E-05
9.78872E+02 -5.65387E-05
9.78992E+02 -1.55456E-05
9.79113E+02 -3.29502E-05
9.79233E+02 -1.22145E-04
9.79354E+02 -1.53560E-04
9.79475E+02 -1.20293E-04
9.79595E+02 -1.94147E-04
9.79716E+02 -4.60174E-04
9.79836E+02 -7.27925E-04
9.79957E+02 -7.37645E-04
9.80077E+02 -4.99662E-04
9.80198E+02 -2.82809E-04
9.80318E+02 -2.62469E-04
9.80439E+02 -3.18799E-04
9.80560E+02 -2.48179E-04
9.80680E+02 -5.67324E-05
9.80801E+02 7.65659E-05
9.80921E+02 5.54062E-05
9.81042E+02 -4.45507E-05
9.81162E+02 -1.35712E-04
9.81283E+02 -2.26177E-04
9.81403E+02 -3.20144E-04
9.81524E+02 -3.36688E-04
9.81644E+02 -2.02797E-04
9.81765E+02 2.99476E-05
9.81886E+02 2.17352E-04
9.82006E+02 2.49010E-04
9.82127E+02 1.05519E-04
9.82247E+02 -1.29178E-04
9.82368E+02 -2.62443E-04
9.82488E+02 -1.01138E-04
9.82609E+02 3.36584E-04
9.82729E+02 7.46649E-04
9.82850E+02 8.13171E-04
9.82971E+02 5.45081E-04
9.83091E+02 2.52757E-04
9.83212E+02 1.69922E-04
9.83332E+02 2.17445E-04
9.83453E+02 1.96718E-04
9.83573E+02 1.08793E-04
9.83694E+02 1.56716E-04
9.83814E+02 4.44982E-04
9.83935E+02 7.77569E-04
9.84055E+02 8.08239E-04
9.84176E+02 3.81473E-04
9.84297E+02 -2.96187E-04
9.84417E+02 -8.26210E-04
9.84538E+02 -9.71030E-04
9.84658E+02 -8.27830E-04
9.84779E+02 -6.64212E-04
9.84899E+02 -6.19181E-04
9.85020E+02 -6.35322E-04
9.85140E+02 -6.59294E-04
9.85261E+02 -7.63092E-04
9.85382E+02 -9.66966E-04
9.85502E+02 -1.04535E-03
9.85623E+02 -7.02024E-04
9.85743E+02 1.92188E-05
9.85864E+02 6.44058E-04
9.85984E+02 7.16824E-04
9.86105E+02 2.66559E-04
9.86225E+02 -2.60387E-04
9.86346E+02 -5.04620E-04
9.86466E+02 -5.22193E-04
9.86587E+02 -5.64773E-04
9.86708E+02 -6.83989E-04
9.86828E+02 -6.97415E-04
9.86949E+02 -5.22420E-04
9.87069E+02 -3.72741E-04
9.87190E+02 -5.18911E-04
9.87310E+02 -9.26301E-04
9.87431E+02 -1.25986E-03
9.87551E+02 -1.25314E-03
9.87672E+02 -9.66731E-04
9.87793E+02 -6.52183E-04
9.87913E+02 -4.57089E-04
9.88034E+02 -3.43457E-04
9.88154E+02 -2.33218E-04
9.88275E+02 -1.24149E-04
9.88395E+02 -7.21328E-05
9.88516E+02 -1.45365E-04
9.88636E+02 -3.95142E-04
9.88757E+02 -7.75520E-04
9.88878E+02 -1.06667E-03
9.88998E+02 -9.88353E-04
9.89119E+02 -4.82377E-04
9.89239E+02 1.63667E-04
9.89360E+02 5.46303E-04
9.89480E+02 4.92070E-04
9.89601E+02 1.09024E-04
9.89721E+02 -4.29764E-04
9.89842E+02 -1.01252E-03
9.89962E+02 -1.49737E-03
9.90083E+02 -1.63740E-03
9.90204E+02 -1.24120E-03
9.90324E+02 -3.84361E-04
9.90445E+02 6.08724E-04
9.90565E+02 1.38012E-03
9.90686E+02 1.70930E-03
9.90806E+02 1.53442E-03
9.90927E+02 9.69958E-04
9.91047E+02 3.15893E-04
9.91168E+02 -1.05958E-04
9.91289E+02 -2.20545E-04
9.91409E+02 -2.49285E-04
9.91530E+02 -4.00815E-04
9.91650E+02 -5.92735E-04
9.91771E+02 -5.90846E-04
9.91891E+02 -3.67187E-04
9.92012E+02 -1.47026E-04
9.92132E+02 -8.02390E-05
9.92253E+02 -4.69126E-05
9.92373E+02 1.07508E-04
9.92494E+02 2.91262E-04
9.92615E+02 2.96399E-04
9.92735E+02 1.21254E-04
9.92856E+02 -1.87643E-05
9.92976E+02 -1.84402E-06
9.93097E+02 4.70653E-05
9.93217E+02 -2.76342E-05
9.93338E+02 -1.93153E-04
9.93458E+02 -3.40369E-04
9.93579E+02 -4.64015E-04
9.93700E+02 -6.03151E-04
9.93820E+02 -6.75328E-04
9.93941E+02 -5.51540E-04
9.94061E+02 -2.96365E-04
9.94182E+02 -1.65995E-04
9.94302E+02 -2.94622E-04
9.94423E+02 -5.04442E-04
9.94543E+02 -5.30798E-04
9.94664E+02 -3.52338E-04
9.94784E+02 -1.74023E-04
9.94905E+02 -1.20759E-04
9.95026E+02 -9.53227E-05
9.95146E+02 2.60212E-05
9.95267E+02 1.72615E-04
9.95387E+02 1.56481E-04
9.95508E+02 -9.75691E-05
9.95628E+02 -4.69476E-04
9.95749E+02 -7.82579E-04
9.95869E+02 -9.34418E-04
9.95990E+02 -9.14019E-04
9.96111E+02 -7.74473E-04
9.96231E+02 -6.24694E-04
9.96352E+02 -5.84524E-04
9.96472E+02 -6.84675E-04
9.96593E+02 -8.12452E-04
9.96713E+02 -7.70628E-04
9.96834E+02 -4.03188E-04
9.96954E+02 2.70240E-04
9.97075E+02 9.59873E-04
9.97195E+02 1.20938E-03
9.97316E+02 7.70245E-04
9.97437E+02 -3.72715E-05
9.97557E+02 -5.13695E-04
9.97678E+02 -3.13453E-04
9.97798E+02 1.25095E-04
9.97919E+02 6.79344E-05
9.98039E+02 -6.17549E-04
9.98160E+02 -1.30852E-03
9.98280E+02 -1.40164E-03
9.98401E+02 -9.80526E-04
9.98522E+02 -5.95279E-04
9.98642E+02 -5.90336E-04
9.98763E+02 -8.65947E-04
9.98883E+02 -1.14745E-03
9.99004E+02 -1.22179E-03
9.99124E+02 -9.72774E-04
9.99245E+02 -4.59943E-04
9.99365E+02 3.06219E-06
9.99486E+02 7.67484E-05
9.99607E+02 -2.05077E-04
9.99727E+02 -4.61865E-04
9.99848E+02 -4.71387E-04
9.99968E+02 -4.34279E-04
1.00009E+03 -6.12978E-04
1.00021E+03 -8.99296E-04
1.00033E+03 -9.63174E-04
1.00045E+03 -7.22591E-04
1.00057E+03 -4.32163E-04
1.00069E+03 -3.32411E-04
1.00081E+03 -4.15310E-04
1.00093E+03 -5.42816E-04
1.00105E+03 -6.03274E-04
1.00117E+03 -5.12697E-04
1.00129E+03 -2.36887E-04
1.00141E+03 1.11870E-04
1.00154E+03 3.30299E-04
1.00166E+03 3.63059E-04
1.00178E+03 3.49458E-04
1.00190E+03 3.68644E-04
1.00202E+03 2.82768E-04
1.00214E+03 -4.23416E-05
1.00226E+03 -4.76632E-04
1.00238E+03 -7.61848E-04
1.00250E+03 -8.17768E-04
1.00262E+03 -7.55716E-04
1.00274E+03 -6.44799E-04
1.00286E+03 -4.59038E-04
1.00298E+03 -2.45765E-04
1.00310E+03 -1.39620E-04
1.00322E+03 -1.63764E-04
1.00334E+03 -2.06962E-04
1.00346E+03 -2.65799E-04
1.00358E+03 -4.85357E-04
1.00371E+03 -8.05493E-04
1.00383E+03 -7.89993E-04
1.00395E+03 -1.15607E-04
1.00407E+03 8.32856E-04
1.00419E+03 1.18370E-03
1.00431E+03 5.23623E-04
1.00443E+03 -6.10225E-04
1.00455E+03 -1.31348E-03
1.00467E+03 -1.23651E-03
1.00479E+03 -7.45419E-04
1.00491E+03 -3.23091E-04
1.00503E+03 -8.26307E-05
1.00515E+03 1.06424E-04
1.00527E+03 2.67420E-04
1.00539E+03 2.87309E-04
1.00551E+03 1.42265E-04
1.00563E+03 -5.34207E-06
1.00575E+03 2.63900E-05
1.00588E+03 2.23007E-04
1.00600E+03 3.92534E-04
1.00612E+03 3.69683E-04
1.00624E+03 1.90724E-04
1.00636E+03 3.74764E-05
1.00648E+03 1.00061E-05
1.00660E+03 4.75720E-06
1.00672E+03 -1.36990E-04
1.00684E+03 -3.98602E-04
1.00696E+03 -6.03143E-04
1.00708E+03 -6.35110E-04
1.00720E+03 -5.53697E-04
1.00732E+03 -4.48026E-04
1.00744E+03 -2.89120E-04
1.00756E+03 -1.59442E-05
1.00768E+03 2.97278E-04
1.00780E+03 4.67926E-04
1.00792E+03 4.05405E-04
1.00805E+03 2.00424E-04
1.00817E+03 3.33935E-05
1.00829E+03 4.67151E-05
1.00841E+03 2.72021E-04
1.00853E+03 5.76720E-04
1.00865E+03 6.84250E-04
1.00877E+03 3.75848E-04
1.00889E+03 -2.54363E-04
1.00901E+03 -8.06112E-04
1.00913E+03 -9.22408E-04
1.00925E+03 -6.02063E-04
1.00937E+03 -1.57095E-04
1.00949E+03 8.62516E-05
1.00961E+03 6.35535E-06
1.00973E+03 -2.94715E-04
1.00985E+03 -5.93510E-04
1.00997E+03 -6.93284E-04
1.01009E+03 -5.72685E-04
1.01021E+03 -4.22407E-04
1.01034E+03 -4.56855E-04
1.01046E+03 -6.67911E-04
1.01058E+03 -8.19091E-04
1.01070E+03 -7.03480E-04
1.01082E+03 -3.64490E-04
1.01094E+03 -4.93005E-05
1.01106E+03 6.80238E-06
1.01118E+03 -2.56643E-04
1.01130E+03 -6.70813E-04
1.01142E+03 -9.13773E-04
1.01154E+03 -6.98682E-04
1.01166E+03 -3.47309E-05
1.01178E+03 6.97009E-04
1.01190E+03 1.03834E-03
1.01202E+03 8.98361E-04
1.01214E+03 6.26359E-04
1.01226E+03 5.93532E-04
1.01238E+03 7.61446E-04
1.01251E+03 7.78340E-04
1.01263E+03 4.67870E-04
1.01275E+03 5.07385E-05
1.01287E+03 -1.82014E-04
1.01299E+03 -2.43001E-04
1.01311E+03 -3.40436E-04
1.01323E+03 -4.88594E-04
1.01335E+03 -4.86523E-04
1.01347E+03 -2.99230E-04
1.01359E+03 -2.01743E-04
1.01371E+03 -3.89248E-04
1.01383E+03 -6.28054E-04
1.01395E+03 -5.37388E-04
1.01407E+03 -1.47562E-04
1.01419E+03 8.77567E-05
1.01431E+03 -1.29960E-04
1.01443E+03 -5.56923E-04
1.01455E+03 -7.35980E-04
1.01468E+03 -5.26011E-04
1.01480E+03 -1.64334E-04
1.01492E+03 1.08052E-04
1.01504E+03 2.96358E-04
1.01516E+03 5.28432E-04
1.01528E+03 7.92209E-04
1.01540E+03 8.81057E-04
1.01552E+03 5.92832E-04
1.01564E+03 -1.90921E-05
1.01576E+03 -6.03661E-04
1.01588E+03 -7.94284E-04
1.01600E+03 -5.54752E-04
1.01612E+03 -1.96304E-04
1.01624E+03 -1.81608E-05
1.01636E+03 -2.35960E-05
1.01648E+03 -4.35412E-05
1.01660E+03 -2.28658E-05
1.01672E+03 -4.84288E-05
1.01685E+03 -1.63965E-04
1.01697E+03 -3.20058E-04
1.01709E+03 -4.85726E-04
1.01721E+03 -6.48297E-04
1.01733E+03 -6.93999E-04
1.01745E+03 -4.55897E-04
1.01757E+03 6.15567E-05
1.01769E+03 6.27048E-04
1.01781E+03 1.01683E-03
1.01793E+03 1.16732E-03
1.01805E+03 1.06532E-03
1.01817E+03 6.68760E-04
1.01829E+03 8.02726E-05
1.01841E+03 -3.45491E-04
1.01853E+03 -2.80645E-04
1.01865E+03 1.87792E-04
1.01877E+03 6.14528E-04
1.01889E+03 6.59894E-04
1.01902E+03 3.77495E-04
1.01914E+03 5.98840E-05
1.01926E+03 -7.88271E-05
1.01938E+03 -4.03039E-05
1.01950E+03 2.75187E-05
1.01962E+03 -4.82798E-06
1.01974E+03 -1.09829E-04
1.01986E+03 -1.52700E-04
1.01998E+03 -1.01890E-04
1.02010E+03 -1.49958E-04
1.02022E+03 -5.08226E-04
1.02034E+03 -1.11263E-03
1.02046E+03 -1.67152E-03
1.02058E+03 -1.99679E-03
1.02070E+03 -2.12360E-03
1.02082E+03 -2.08517E-03
1.02094E+03 -1.78087E-03
1.02106E+03 -1.18721E-03
1.02119E+03 -5.36896E-04
1.02131E+03 -1.21582E-04
1.02143E+03 -8.78051E-06
1.02155E+03 -1.02639E-04
1.02167E+03 -3.79313E-04
1.02179E+03 -8.49549E-04
1.02191E+03 -1.32101E-03
1.02203E+03 -1.43183E-03
1.02215E+03 -1.00819E-03
1.02227E+03 -2.77098E-04
1.02239E+03 3.27766E-04
1.02251E+03 4.95747E-04
1.02263E+03 2.04459E-04
1.02275E+03 -3.00046E-04
1.02287E+03 -6.22891E-04
1.02299E+03 -4.99826E-04
1.02311E+03 -5.74477E-05
1.02323E+03 2.88706E-04
1.02336E+03 2.87682E-04
1.02348E+03 1.25002E-04
1.02360E+03 1.28902E-04
1.02372E+03 3.32307E-04
1.02384E+03 4.87749E-04
1.02396E+03 4.52150E-04
1.02408E+03 3.47383E-04
1.02420E+03 3.07631E-04
1.02432E+03 2.60804E-04
1.02444E+03 8.17440E-05
1.02456E+03 -1.57621E-04
1.02468E+03 -2.43984E-04
1.02480E+03 -1.16736E-04
1.02492E+03 4.16450E-05
1.02504E+03 3.36766E-05
1.02516E+03 -9.64701E-05
1.02528E+03 -1.11904E-04
1.02540E+03 1.34844E-04
1.02552E+03 5.32191E-04
1.02565E+03 8.33970E-04
1.02577E+03 8.91492E-04
1.02589E+03 7.16351E-04
1.02601E+03 3.44180E-04
1.02613E+03 -2.41082E-04
1.02625E+03 -9.67000E-04
1.02637E+03 -1.54480E-03
1.02649E+03 -1.61542E-03
1.02661E+03 -1.08665E-03
1.02673E+03 -2.56035E-04
1.02685E+03 4.48141E-04
1.02697E+03 8.01262E-04
1.02709E+03 8.44464E-04
1.02721E+03 6.95299E-04
1.02733E+03 4.22388E-04
1.02745E+03 9.17017E-05
1.02757E+03 -1.75685E-04
1.02769E+03 -2.50574E-04
1.02782E+03 -8.41916E-05
1.02794E+03 2.85674E-04
1.02806E+03 7.58301E-04
1.02818E+03 1.18709E-03
1.02830E+03 1.41331E-03
1.02842E+03 1.36365E-03
1.02854E+03 1.10862E-03
1.02866E+03 7.81815E-04
1.02878E+03 4.42691E-04
1.02890E+03 6.96480E-05
1.02902E+03 -3.01138E-04
1.02914E+03 -4.97818E-04
1.02926E+03 -3.57870E-04
1.02938E+03 7.40923E-05
1.02950E+03 5.33950E-04
1.02962E+03 7.54915E-04
1.02974E+03 6.63094E-04
1.02986E+03 3.82952E-04
1.02999E+03 1.01097E-04
1.03011E+03 -5.65201E-05
1.03023E+03 -7.18348E-05
1.03035E+03 -3.76739E-05
1.03047E+03 -8.24481E-05
1.03059E+03 -2.44848E-04
1.03071E+03 -4.13682E-04
1.03083E+03 -4.36164E-04
1.03095E+03 -2.90670E-04
1.03107E+03 -1.03287E-04
1.03119E+03 2.14651E-05
1.03131E+03 1.18058E-04
1.03143E+03 2.76368E-04
1.03155E+03 4.71503E-04
1.03167E+03 5.56201E-04
1.03179E+03 4.17925E-04
1.03191E+03 1.01537E-04
1.03203E+03 -2.17095E-04
1.03216E+03 -3.32229E-04
1.03228E+03 -1.18315E-04
1.03240E+03 3.72689E-04
1.03252E+03 8.58940E-04
1.03264E+03 9.75724E-04
1.03276E+03 5.82423E-04
1.03288E+03 -5.17145E-05
1.03300E+03 -4.47318E-04
1.03312E+03 -3.50282E-04
1.03324E+03 7.84993E-05
1.03336E+03 4.81885E-04
1.03348E+03 6.39997E-04
1.03360E+03 5.35175E-04
1.03372E+03 2.20936E-04
1.03384E+03 -2.21625E-04
1.03396E+03 -6.10106E-04
1.03408E+03 -7.34217E-04
1.03420E+03 -5.87169E-04
1.03433E+03 -4.36362E-04
1.03445E+03 -5.34192E-04
1.03457E+03 -7.90071E-04
1.03469E+03 -8.50301E-04
1.03481E+03 -5.22915E-04
1.03493E+03 -2.57231E-05
1.03505E+03 2.39238E-04
1.03517E+03 9.20743E-05
1.03529E+03 -2.88535E-04
1.03541E+03 -6.01921E-04
1.03553E+03 -7.20013E-04
1.03565E+03 -7.34959E-04
1.03577E+03 -7.82043E-04
1.03589E+03 -8.62092E-04
1.03601E+03 -8.65106E-04
1.03613E+03 -7.60075E-04
1.03625E+03 -6.98678E-04
1.03637E+03 -8.52168E-04
1.03649E+03 -1.14641E-03
1.03662E+03 -1.26670E-03
1.03674E+03 -1.00454E-03
1.03686E+03 -5.32839E-04
1.03698E+03 -2.22620E-04
1.03710E+03 -2.09708E-04
1.03722E+03 -2.80041E-04
1.03734E+03 -2.18891E-04
1.03746E+03 -1.22979E-04
1.03758E+03 -2.31046E-04
1.03770E+03 -5.22528E-04
1.03782E+03 -6.77682E-04
1.03794E+03 -4.87659E-04
1.03806E+03 -1.55382E-04
1.03818E+03 -5.67287E-05
1.03830E+03 -2.66474E-04
1.03842E+03 -4.77120E-04
1.03854E+03 -4.12181E-04
1.03866E+03 -1.91625E-04
1.03879E+03 -1.90035E-04
1.03891E+03 -5.80743E-04
1.03903E+03 -1.12103E-03
1.03915E+03 -1.40358E-03
1.03927E+03 -1.25519E-03
1.03939E+03 -8.52305E-04
1.03951E+03 -4.85141E-04
1.03963E+03 -2.59575E-04
1.03975E+03 -3.53456E-05
1.03987E+03 3.68878E-04
1.03999E+03 9.27527E-04
1.04011E+03 1.39013E-03
1.04023E+03 1.49699E-03
1.04035E+03 1.20973E-03
1.04047E+03 7.21838E-04
1.04059E+03 2.76133E-04
1.04071E+03 2.27988E-06
1.04083E+03 -1.08637E-04
1.04096E+03 -1.45152E-04
1.04108E+03 -2.07525E-04
1.04120E+03 -3.19283E-04
1.04132E+03 -3.96706E-04
1.04144E+03 -3.47130E-04
1.04156E+03 -1.94822E-04
1.04168E+03 -2.94857E-05
1.04180E+03 1.74105E-04
1.04192E+03 5.39623E-04
1.04204E+03 1.02018E-03
1.04216E+03 1.26928E-03
1.04228E+03 9.73109E-04
1.04240E+03 2.66321E-04
1.04252E+03 -3.64136E-04
1.04264E+03 -5.99597E-04
1.04276E+03 -5.50009E-04
1.04288E+03 -4.40001E-04
1.04300E+03 -2.66120E-04
1.04313E+03 7.98963E-05
1.04325E+03 4.92949E-04
1.04337E+03 7.03387E-04
1.04349E+03 6.11752E-04
1.04361E+03 4.00431E-04
1.04373E+03 2.86143E-04
1.04385E+03 3.14467E-04
1.04397E+03 4.37260E-04
1.04409E+03 6.26273E-04
1.04421E+03 8.01366E-04
1.04433E+03 7.63234E-04
1.04445E+03 3.61178E-04
1.04457E+03 -2.86169E-04
1.04469E+03 -8.45376E-04
1.04481E+03 -1.07541E-03
1.04493E+03 -1.00737E-03
1.04505E+03 -8.26962E-04
1.04517E+03 -6.50536E-04
1.04530E+03 -4.62130E-04
1.04542E+03 -2.31884E-04
1.04554E+03 -3.11024E-05
1.04566E+03 8.37445E-06
1.04578E+03 -1.46069E-04
1.04590E+03 -3.12015E-04
1.04602E+03 -2.15810E-04
1.04614E+03 2.45295E-04
1.04626E+03 8.54693E-04
1.04638E+03 1.25012E-03
1.04650E+03 1.24485E-03
1.04662E+03 9.65569E-04
1.04674E+03 6.68153E-04
1.04686E+03 4.68343E-04
1.04698E+03 2.89846E-04
1.04710E+03 4.66146E-05
1.04722E+03 -1.98882E-04
1.04734E+03 -3.00758E-04
1.04747E+03 -2.41589E-04
1.04759E+03 -1.87367E-04
1.04771E+03 -2.78201E-04
1.04783E+03 -3.95436E-04
1.04795E+03 -2.61758E-04
1.04807E+03 1.71252E-04
1.04819E+03 5.44768E-04
1.04831E+03 4.62722E-04
1.04843E+03 1.40816E-06
1.04855E+03 -3.18848E-04
1.04867E+03 -1.46639E-04
1.04879E+03 2.57149E-04
1.04891E+03 3.45111E-04
1.04903E+03 -5.26235E-05
1.04915E+03 -6.01538E-04
1.04927E+03 -9.64742E-04
1.04939E+03 -1.16492E-03
1.04951E+03 -1.35976E-03
1.04964E+03 -1.48434E-03
1.04976E+03 -1.36537E-03
1.04988E+03 -1.09315E-03
1.05000E+03 -9.85585E-04
1.05012E+03 -1.12259E-03
1.05024E+03 -1.15285E-03
1.05036E+03 -7.28771E-04
1.05048E+03 2.80887E-06
1.05060E+03 5.27225E-04
1.05072E+03 5.40707E-04
1.05084E+03 2.12412E-04
1.05096E+03 -1.15488E-04
1.05108E+03 -2.98101E-04
1.05120E+03 -3.96222E-04
1.05132E+03 -4.55331E-04
1.05144E+03 -4.48227E-04
1.05156E+03 -4.04168E-04
1.05168E+03 -4.58922E-04
1.05180E+03 -7.15714E-04
1.05193E+03 -1.09831E-03
1.05205E+03 -1.39024E-03
1.05217E+03 -1.43642E-03
1.05229E+03 -1.30248E-03
1.05241E+03 -1.20876E-03
1.05253E+03 -1.28291E-03
1.05265E+03 -1.39810E-03
1.05277E+03 -1.30435E-03
1.05289E+03 -9.15963E-04
1.05301E+03 -4.03043E-04
1.05313E+03 1.51433E-05
1.05325E+03 2.77769E-04
1.05337E+03 4.50317E-04
1.05349E+03 5.64590E-04
1.05361E+03 6.07662E-04
1.05373E+03 6.11011E-04
1.05385E+03 6.15474E-04
1.05397E+03 5.46888E-04
1.05410E+03 2.62696E-04
1.05422E+03 -2.26066E-04
1.05434E+03 -6.78219E-04
1.05446E+03 -8.58381E-04
1.05458E+03 -7.76909E-04
1.05470E+03 -6.39364E-04
1.05482E+03 -6.07163E-04
1.05494E+03 -6.80193E-04
1.05506E+03 -7.68933E-04
1.05518E+03 -7.89903E-04
1.05530E+03 -7.02836E-04
1.05542E+03 -5.34080E-04
1.05554E+03 -3.68733E-04
1.05566E+03 -2.60036E-04
1.05578E+03 -1.60001E-04
1.05590E+03 -1.61156E-05
1.05602E+03 7.27251E-05
1.05614E+03 -9.14261E-05
1.05627E+03 -5.23660E-04
1.05639E+03 -9.35402E-04
1.05651E+03 -9.75549E-04
1.05663E+03 -5.93025E-04
1.05675E+03 -7.17379E-05
1.05687E+03 2.90148E-04
1.05699E+03 4.49158E-04
1.05711E+03 5.53679E-04
1.05723E+03 6.74330E-04
1.05735E+03 6.90829E-04
1.05747E+03 4.45753E-04
1.05759E+03 -4.63650E-05
1.05771E+03 -5.79812E-04
1.05783E+03 -9.42655E-04
1.05795E+03 -1.07065E-03
1.05807E+03 -1.03827E-03
1.05819E+03 -9.52788E-04
1.05831E+03 -8.94926E-04
1.05844E+03 -9.13613E-04
1.05856E+03 -9.86237E-04
1.05868E+03 -9.72714E-04
1.05880E+03 -7.06147E-04
1.05892E+03 -2.01456E-04
1.05904E+03 2.80824E-04
1.05916E+03 4.65050E-04
1.05928E+03 3.57553E-04
1.05940E+03 2.07141E-04
1.05952E+03 1.69825E-04
1.05964E+03 1.24197E-04
1.05976E+03 -1.07985E-04
1.05988E+03 -4.52306E-04
1.06000E+03 -6.49031E-04
1.06012E+03 -6.04283E-04
1.06024E+03 -5.27002E-04
1.06036E+03 -6.35549E-04
1.06048E+03 -8.42188E-04
1.06061E+03 -8.67818E-04
1.06073E+03 -6.32972E-04
1.06085E+03 -3.77476E-04
1.06097E+03 -3.42328E-04
1.06109E+03 -4.54877E-04
1.06121E+03 -4.38578E-04
1.06133E+03 -1.80479E-04
1.06145E+03 1.44850E-04
1.06157E+03 3.20140E-04
1.06169E+03 3.31800E-04
1.06181E+03 2.83591E-04
1.06193E+03 1.78657E-04
1.06205E+03 -6.68094E-05
1.06217E+03 -3.89181E-04
1.06229E+03 -5.29200E-04
1.06241E+03 -3.21854E-04
1.06253E+03 3.03648E-05
1.06265E+03 1.32915E-04
1.06278E+03 -1.30296E-04
1.06290E+03 -4.51092E-04
1.06302E+03 -5.06245E-04
1.06314E+03 -3.92057E-04
1.06326E+03 -4.97308E-04
1.06338E+03 -9.65580E-04
1.06350E+03 -1.47472E-03
1.06362E+03 -1.63248E-03
1.06374E+03 -1.45019E-03
1.06386E+03 -1.27367E-03
1.06398E+03 -1.30685E-03
1.06410E+03 -1.36978E-03
1.06422E+03 -1.15060E-03
1.06434E+03 -5.67574E-04
1.06446E+03 1.72555E-04
1.06458E+03 7.63640E-04
1.06470E+03 9.81532E-04
1.06482E+03 7.62444E-04
1.06495E+03 2.48823E-04
1.06507E+03 -2.55965E-04
1.06519E+03 -4.80741E-04
1.06531E+03 -3.88488E-04
1.06543E+03 -1.44400E-04
1.06555E+03 8.52682E-05
1.06567E+03 2.26595E-04
1.06579E+03 2.18846E-04
1.06591E+03 -2.16104E-05
1.06603E+03 -4.42911E-04
1.06615E+03 -7.70349E-04
1.06627E+03 -7.29952E-04
1.06639E+03 -3.88544E-04
1.06651E+03 -1.34282E-04
1.06663E+03 -2.39044E-04
1.06675E+03 -5.25583E-04
1.06687E+03 -5.88555E-04
1.06699E+03 -3.13941E-04
1.06711E+03 -4.19691E-05
1.06724E+03 -1.71907E-04
1.06736E+03 -7.15721E-04
1.06748E+03 -1.32306E-03
1.06760E+03 -1.65858E-03
1.06772E+03 -1.63747E-03
1.06784E+03 -1.33579E-03
1.06796E+03 -8.38764E-04
1.06808E+03 -2.51364E-04
1.06820E+03 2.54083E-04
1.06832E+03 5.24707E-04
1.06844E+03 5.63774E-04
1.06856E+03 5.07917E-04
1.06868E+03 4.91336E-04
1.06880E+03 5.54536E-04
1.06892E+03 6.35665E-04
1.06904E+03 5.98233E-04
1.06916E+03 3.29491E-04
1.06928E+03 -9.09455E-05
1.06941E+03 -3.59297E-04
1.06953E+03 -2.35256E-04
1.06965E+03 1.44184E-04
1.06977E+03 3.73662E-04
1.06989E+03 2.84929E-04
1.07001E+03 1.75726E-04
1.07013E+03 4.01601E-04
1.07025E+03 8.47045E-04
1.07037E+03 1.02144E-03
1.07049E+03 6.75477E-04
1.07061E+03 9.96403E-05
1.07073E+03 -2.74755E-04
1.07085E+03 -3.70350E-04
1.07097E+03 -4.06947E-04
1.07109E+03 -4.76364E-04
1.07121E+03 -4.36239E-04
1.07133E+03 -2.19714E-04
1.07145E+03 -1.57058E-05
1.07158E+03 -3.53232E-05
1.07170E+03 -2.52932E-04
1.07182E+03 -4.96279E-04
1.07194E+03 -6.66820E-04
1.07206E+03 -7.22814E-04
1.07218E+03 -5.49611E-04
1.07230E+03 -7.11568E-05
1.07242E+03 5.10786E-04
1.07254E+03 8.02297E-04
1.07266E+03 6.44218E-04
1.07278E+03 2.98306E-04
1.07290E+03 1.31480E-04
1.07302E+03 2.28211E-04
1.07314E+03 4.13697E-04
1.07326E+03 5.22722E-04
1.07338E+03 4.72941E-04
1.07350E+03 1.73815E-04
1.07362E+03 -3.95428E-04
1.07375E+03 -9.95856E-04
1.07387E+03 -1.24088E-03
1.07399E+03 -9.86420E-04
1.07411E+03 -5.07195E-04
1.07423E+03 -2.03311E-04
1.07435E+03 -2.32209E-04
1.07447E+03 -4.78558E-04
1.07459E+03 -7.33677E-04
1.07471E+03 -7.89806E-04
1.07483E+03 -5.09132E-04
1.07495E+03 -1.42418E-05
1.07507E+03 2.52202E-04
1.07519E+03 -9.53525E-05
1.07531E+03 -8.68715E-04
1.07543E+03 -1.38089E-03
1.07555E+03 -1.13643E-03
1.07567E+03 -3.68211E-04
1.07579E+03 2.27876E-04
1.07592E+03 2.07596E-04
1.07604E+03 -2.70225E-04
1.07616E+03 -7.25728E-04
1.07628E+03 -8.30822E-04
1.07640E+03 -5.98680E-04
1.07652E+03 -2.63792E-04
1.07664E+03 -5.00232E-05
1.07676E+03 -2.64496E-06
1.07688E+03 6.62729E-06
1.07700E+03 9.32664E-05
1.07712E+03 1.97083E-04
1.07724E+03 1.45599E-04
1.07736E+03 -9.44175E-05
1.07748E+03 -2.96831E-04
1.07760E+03 -1.72772E-04
1.07772E+03 3.42008E-04
1.07784E+03 9.96847E-04
1.07796E+03 1.40857E-03
1.07809E+03 1.30828E-03
1.07821E+03 7.00656E-04
1.07833E+03 -1.24145E-04
1.07845E+03 -7.35316E-04
1.07857E+03 -8.24042E-04
1.07869E+03 -3.96114E-04
1.07881E+03 2.37975E-04
1.07893E+03 6.57365E-04
1.07905E+03 5.89944E-04
1.07917E+03 8.16844E-05
1.07929E+03 -5.16869E-04
1.07941E+03 -7.95562E-04
1.07953E+03 -6.30204E-04
1.07965E+03 -2.86929E-04
1.07977E+03 -1.48434E-04
1.07989E+03 -3.39959E-04
1.08001E+03 -6.69196E-04
1.08013E+03 -8.83367E-04
1.08026E+03 -8.71353E-04
1.08038E+03 -6.32115E-04
1.08050E+03 -2.20381E-04
1.08062E+03 1.89077E-04
1.08074E+03 3.15394E-04
1.08086E+03 2.20053E-05
1.08098E+03 -4.88613E-04
1.08110E+03 -8.42921E-04
1.08122E+03 -8.71237E-04
1.08134E+03 -7.05604E-04
1.08146E+03 -5.41255E-04
1.08158E+03 -4.18603E-04
1.08170E+03 -2.53353E-04
1.08182E+03 3.72231E-05
1.08194E+03 4.78536E-04
1.08206E+03 1.01906E-03
1.08218E+03 1.48938E-03
1.08230E+03 1.67394E-03
1.08242E+03 1.50540E-03
1.08255E+03 1.15475E-03
1.08267E+03 8.66983E-04
1.08279E+03 7.31278E-04
1.08291E+03 6.56765E-04
1.08303E+03 5.30951E-04
1.08315E+03 3.39858E-04
1.08327E+03 1.57684E-04
1.08339E+03 8.01310E-05
1.08351E+03 1.52934E-04
1.08363E+03 3.14854E-04
1.08375E+03 4.25555E-04
1.08387E+03 3.88641E-04
1.08399E+03 2.19584E-04
1.08411E+03 -4.24236E-05
1.08423E+03 -4.18119E-04
1.08435E+03 -9.03111E-04
1.08447E+03 -1.32225E-03
1.08459E+03 -1.40937E-03
1.08472E+03 -1.06693E-03
1.08484E+03 -4.70508E-04
1.08496E+03 1.15681E-04
1.08508E+03 5.39094E-04
1.08520E+03 7.47517E-04
1.08532E+03 6.84734E-04
1.08544E+03 3.49816E-04
1.08556E+03 -5.69522E-05
1.08568E+03 -1.78088E-04
1.08580E+03 1.96829E-04
1.08592E+03 8.77701E-04
1.08604E+03 1.38488E-03
1.08616E+03 1.35218E-03
1.08628E+03 8.43104E-04
1.08640E+03 2.52496E-04
1.08652E+03 -9.61460E-05
1.08664E+03 -2.04790E-04
1.08676E+03 -2.66705E-04
1.08689E+03 -3.65697E-04
1.08701E+03 -4.18231E-04
1.08713E+03 -3.66632E-04
1.08725E+03 -2.91370E-04
1.08737E+03 -2.85808E-04
1.08749E+03 -3.17991E-04
1.08761E+03 -2.96570E-04
1.08773E+03 -2.20243E-04
1.08785E+03 -1.84853E-04
1.08797E+03 -2.55991E-04
1.08809E+03 -3.81824E-04
1.08821E+03 -4.24091E-04
1.08833E+03 -2.64246E-04
1.08845E+03 7.08625E-05
1.08857E+03 3.61025E-04
1.08869E+03 3.57751E-04
1.08881E+03 4.54336E-05
1.08893E+03 -3.09303E-04
1.08906E+03 -4.41857E-04
1.08918E+03 -3.75047E-04
1.08930E+03 -3.16095E-04
1.08942E+03 -3.55665E-04
1.08954E+03 -4.12602E-04
1.08966E+03 -4.45586E-04
1.08978E+03 -5.29516E-04
1.08990E+03 -6.67520E-04
1.09002E+03 -6.94603E-04
1.09014E+03 -4.89239E-04
1.09026E+03 -1.83079E-04
1.09038E+03 -3.69437E-05
1.09050E+03 -1.53128E-04
1.09062E+03 -4.07401E-04
1.09074E+03 -6.21762E-04
1.09086E+03 -7.06375E-04
1.09098E+03 -6.73082E-04
1.09110E+03 -6.24061E-04
1.09123E+03 -7.10119E-04
1.09135E+03 -9.81413E-04
1.09147E+03 -1.26011E-03
1.09159E+03 -1.26410E-03
1.09171E+03 -9.06132E-04
1.09183E+03 -4.00584E-04
1.09195E+03 -4.48599E-05
1.09207E+03 4.09707E-05
1.09219E+03 -6.47344E-05
1.09231E+03 -2.17464E-04
1.09243E+03 -3.16195E-04
1.09255E+03 -3.12306E-04
1.09267E+03 -2.14614E-04
1.09279E+03 -7.91363E-05
1.09291E+03 5.26384E-05
1.09303E+03 1.97649E-04
1.09315E+03 3.92769E-04
1.09327E+03 6.03899E-04
1.09340E+03 7.09485E-04
1.09352E+03 5.78154E-04
1.09364E+03 1.78739E-04
1.09376E+03 -3.52837E-04
1.09388E+03 -7.59106E-04
1.09400E+03 -8.54708E-04
1.09412E+03 -7.06453E-04
1.09424E+03 -5.90671E-04
1.09436E+03 -7.06263E-04
1.09448E+03 -9.49576E-04
1.09460E+03 -1.03306E-03
1.09472E+03 -8.20287E-04
1.09484E+03 -4.95918E-04
1.09496E+03 -3.95756E-04
1.09508E+03 -6.90088E-04
1.09520E+03 -1.21726E-03
1.09532E+03 -1.58681E-03
1.09544E+03 -1.48091E-03
1.09556E+03 -9.42580E-04
1.09569E+03 -3.77275E-04
1.09581E+03 -1.88138E-04
1.09593E+03 -3.59815E-04
1.09605E+03 -4.53565E-04
1.09617E+03 -7.73072E-05
1.09629E+03 6.62223E-04
1.09641E+03 1.23395E-03
1.09653E+03 1.22597E-03
1.09665E+03 7.45028E-04
1.09677E+03 2.64868E-04
1.09689E+03 1.17403E-04
1.09701E+03 1.96975E-04
1.09713E+03 1.78348E-04
1.09725E+03 -6.20745E-05
1.09737E+03 -3.30430E-04
1.09749E+03 -3.98941E-04
1.09761E+03 -2.59433E-04
1.09773E+03 -5.07236E-05
1.09786E+03 1.49831E-04
1.09798E+03 3.24700E-04
1.09810E+03 3.88432E-04
1.09822E+03 2.28133E-04
1.09834E+03 -9.40412E-05
1.09846E+03 -3.27148E-04
1.09858E+03 -2.96846E-04
1.09870E+03 -5.76675E-05
1.09882E+03 2.65986E-04
1.09894E+03 6.40891E-04
1.09906E+03 1.01660E-03
1.09918E+03 1.18171E-03
1.09930E+03 9.43504E-04
1.09942E+03 4.11652E-04
1.09954E+03 -7.75158E-05
1.09966E+03 -3.20997E-04
1.09978E+03 -3.78739E-04
1.09990E+03 -3.24856E-04
1.10003E+03 -1.10712E-04
1.10015E+03 2.28565E-04
1.10027E+03 4.39111E-04
1.10039E+03 3.34460E-04
1.10051E+03 8.15243E-05
1.10063E+03 -1.49682E-05
1.10075E+03 4.26657E-05
1.10087E+03 -5.71981E-05
1.10099E+03 -4.40497E-04
1.10111E+03 -8.20823E-04
1.10123E+03 -8.57808E-04
1.10135E+03 -5.92783E-04
1.10147E+03 -3.64009E-04
1.10159E+03 -4.04458E-04
1.10171E+03 -6.94171E-04
1.10183E+03 -1.13507E-03
1.10195E+03 -1.64446E-03
1.10207E+03 -2.04310E-03
1.10220E+03 -2.06770E-03
1.10232E+03 -1.64839E-03
1.10244E+03 -1.07151E-03
1.10256E+03 -7.13892E-04
1.10268E+03 -6.43134E-04
1.10280E+03 -5.94065E-04
1.10292E+03 -3.36915E-04
1.10304E+03 5.24819E-05
1.10316E+03 3.14258E-04
1.10328E+03 2.88922E-04
1.10340E+03 -5.14090E-07
1.10352E+03 -4.25741E-04
1.10364E+03 -7.98490E-04
1.10376E+03 -8.86977E-04
1.10388E+03 -5.89021E-04
1.10400E+03 -1.31115E-04
1.10412E+03 6.49169E-05
1.10424E+03 -1.68011E-04
1.10437E+03 -4.94406E-04
1.10449E+03 -4.53230E-04
1.10461E+03 -2.38046E-05
1.10473E+03 3.46374E-04
1.10485E+03 3.13293E-04
1.10497E+03 6.71297E-05
1.10509E+03 3.53344E-05
1.10521E+03 2.82638E-04
1.10533E+03 4.16823E-04
1.10545E+03 1.07598E-04
1.10557E+03 -4.79147E-04
1.10569E+03 -8.65515E-04
1.10581E+03 -8.00192E-04
1.10593E+03 -4.89216E-04
1.10605E+03 -3.37441E-04
1.10617E+03 -5.44522E-04
1.10629E+03 -9.54710E-04
1.10641E+03 -1.23484E-03
1.10654E+03 -1.17952E-03
1.10666E+03 -8.75924E-04
1.10678E+03 -5.94042E-04
1.10690E+03 -5.23534E-04
1.10702E+03 -6.25376E-04
1.10714E+03 -7.23537E-04
1.10726E+03 -6.81143E-04
1.10738E+03 -4.62979E-04
1.10750E+03 -1.13007E-04
1.10762E+03 2.36548E-04
1.10774E+03 3.81906E-04
1.10786E+03 2.16886E-04
1.10798E+03 -1.14031E-04
1.10810E+03 -3.33346E-04
1.10822E+03 -3.58772E-04
1.10834E+03 -3.80192E-04
1.10846E+03 -5.53217E-04
1.10858E+03 -7.35529E-04
1.10870E+03 -6.65788E-04
1.10883E+03 -3.39646E-04
1.10895E+03 -3.53605E-05
1.10907E+03 4.06466E-05
1.10919E+03 -2.01352E-05
1.10931E+03 9.14186E-06
1.10943E+03 1.98409E-04
1.10955E+03 4.47374E-04
1.10967E+03 6.24370E-04
1.10979E+03 6.23237E-04
1.10991E+03 3.66330E-04
1.11003E+03 -8.24779E-05
1.11015E+03 -4.22608E-04
1.11027E+03 -3.38353E-04
1.11039E+03 1.06495E-04
1.11051E+03 4.11741E-04
1.11063E+03 1.40928E-04
1.11075E+03 -5.78541E-04
1.11087E+03 -1.16683E-03
1.11100E+03 -1.20544E-03
1.11112E+03 -7.97182E-04
1.11124E+03 -3.17764E-04
1.11136E+03 3.12068E-05
1.11148E+03 3.00955E-04
1.11160E+03 5.46545E-04
1.11172E+03 6.75019E-04
1.11184E+03 5.80851E-04
1.11196E+03 3.11695E-04
1.11208E+03 4.33922E-05
1.11220E+03 -4.43123E-05
1.11232E+03 1.55490E-04
1.11244E+03 6.01556E-04
1.11256E+03 1.05437E-03
1.11268E+03 1.15980E-03
1.11280E+03 7.38546E-04
1.11292E+03 5.36442E-06
1.11304E+03 -5.98647E-04
1.11317E+03 -8.25968E-04
1.11329E+03 -8.21382E-04
1.11341E+03 -8.70395E-04
1.11353E+03 -1.04090E-03
1.11365E+03 -1.15238E-03
1.11377E+03 -1.07146E-03
1.11389E+03 -9.20154E-04
1.11401E+03 -9.20583E-04
1.11413E+03 -1.08965E-03
1.11425E+03 -1.20699E-03
1.11437E+03 -1.11590E-03
1.11449E+03 -9.47569E-04
1.11461E+03 -9.33666E-04
1.11473E+03 -1.05403E-03
1.11485E+03 -1.04340E-03
1.11497E+03 -7.83052E-04
1.11509E+03 -5.19421E-04
1.11521E+03 -5.64087E-04
1.11534E+03 -8.86951E-04
1.11546E+03 -1.17186E-03
1.11558E+03 -1.21411E-03
1.11570E+03 -1.07522E-03
1.11582E+03 -8.54395E-04
1.11594E+03 -5.33324E-04
1.11606E+03 -1.37541E-04
1.11618E+03 1.40700E-04
1.11630E+03 1.42664E-04
1.11642E+03 -2.51457E-05
1.11654E+03 -1.33332E-04
1.11666E+03 -1.51239E-04
1.11678E+03 -2.47344E-04
1.11690E+03 -4.78771E-04
1.11702E+03 -6.38269E-04
1.11714E+03 -4.84273E-04
1.11726E+03 -4.26583E-05
1.11738E+03 3.82654E-04
1.11751E+03 4.56866E-04
1.11763E+03 7.38427E-05
1.11775E+03 -5.76839E-04
1.11787E+03 -1.13824E-03
1.11799E+03 -1.31930E-03
1.11811E+03 -1.03952E-03
1.11823E+03 -4.24858E-04
1.11835E+03 2.55413E-04
1.11847E+03 6.34383E-04
1.11859E+03 4.15608E-04
1.11871E+03 -3.10741E-04
1.11883E+03 -9.50400E-04
1.11895E+03 -8.86761E-04
1.11907E+03 -1.71773E-04
1.11919E+03 4.31474E-04
1.11931E+03 2.53588E-04
1.11943E+03 -5.27777E-04
1.11955E+03 -1.11494E-03
1.11968E+03 -9.86371E-04
1.11980E+03 -3.54759E-04
1.11992E+03 2.23186E-04
1.12004E+03 4.48037E-04
1.12016E+03 4.09648E-04
1.12028E+03 2.98157E-04
1.12040E+03 1.84122E-04
1.12052E+03 4.43906E-05
1.12064E+03 -1.20804E-04
1.12076E+03 -2.15560E-04
1.12088E+03 -7.81082E-05
1.12100E+03 3.78959E-04
1.12112E+03 9.80679E-04
1.12124E+03 1.31984E-03
1.12136E+03 1.08699E-03
1.12148E+03 4.04980E-04
1.12160E+03 -2.43682E-04
1.12172E+03 -4.31433E-04
1.12184E+03 -1.08194E-04
1.12197E+03 4.54098E-04
1.12209E+03 9.03558E-04
1.12221E+03 9.83004E-04
1.12233E+03 6.09599E-04
1.12245E+03 -3.53940E-05
1.12257E+03 -5.38755E-04
1.12269E+03 -5.67049E-04
1.12281E+03 -1.99478E-04
1.12293E+03 1.35668E-04
1.12305E+03 1.41557E-04
1.12317E+03 1.33924E-05
1.12329E+03 1.82886E-04
1.12341E+03 7.40521E-04
1.12353E+03 1.24734E-03
1.12365E+03 1.19241E-03
1.12377E+03 5.55798E-04
1.12389E+03 -1.86514E-04
1.12401E+03 -5.82878E-04
1.12414E+03 -6.30498E-04
1.12426E+03 -6.27872E-04
1.12438E+03 -7.14466E-04
1.12450E+03 -6.86854E-04
1.12462E+03 -2.98738E-04
1.12474E+03 3.55665E-04
1.12486E+03 8.69580E-04
1.12498E+03 9.54036E-04
1.12510E+03 7.40521E-04
1.12522E+03 6.01571E-04
1.12534E+03 7.15844E-04
1.12546E+03 9.12853E-04
1.12558E+03 9.38263E-04
1.12570E+03 7.48653E-04
1.12582E+03 4.81270E-04
1.12594E+03 2.36325E-04
1.12606E+03 1.77957E-05
1.12618E+03 -1.54272E-04
1.12631E+03 -2.17110E-04
1.12643E+03 -1.91629E-04
1.12655E+03 -1.99925E-04
1.12667E+03 -2.95103E-04
1.12679E+03 -3.54130E-04
1.12691E+03 -2.33680E-04
1.12703E+03 2.22847E-05
1.12715E+03 2.28211E-04
1.12727E+03 3.00217E-04
1.12739E+03 3.28496E-04
1.12751E+03 3.99135E-04
1.12763E+03 4.47560E-04
1.12775E+03 3.63380E-04
1.12787E+03 1.79190E-04
1.12799E+03 5.93774E-05
1.12811E+03 9.82545E-05
1.12823E+03 1.92944E-04
1.12835E+03 1.50427E-04
1.12848E+03 -9.43989E-05
1.12860E+03 -3.84208E-04
1.12872E+03 -4.78160E-04
1.12884E+03 -2.77571E-04
1.12896E+03 7.18720E-05
1.12908E+03 3.13208E-04
1.12920E+03 3.30653E-04
1.12932E+03 2.43228E-04
1.12944E+03 2.39797E-04
1.12956E+03 3.32758E-04
1.12968E+03 3.29427E-04
1.12980E+03 7.58320E-05
1.12992E+03 -3.07150E-04
1.13004E+03 -4.94242E-04
1.13016E+03 -3.02877E-04
1.13028E+03 8.29697E-05
1.13040E+03 2.74606E-04
1.13052E+03 8.89078E-05
1.13065E+03 -2.59459E-04
1.13077E+03 -3.89151E-04
1.13089E+03 -1.68197E-04
1.13101E+03 1.47954E-04
1.13113E+03 1.75819E-04
1.13125E+03 -2.08456E-04
1.13137E+03 -7.53723E-04
1.13149E+03 -1.08529E-03
1.13161E+03 -1.04016E-03
1.13173E+03 -7.47770E-04
1.13185E+03 -4.02503E-04
1.13197E+03 -4.20287E-05
1.13209E+03 3.73822E-04
1.13221E+03 7.04791E-04
1.13233E+03 6.44393E-04
1.13245E+03 1.02594E-04
1.13257E+03 -5.20974E-04
1.13269E+03 -6.63806E-04
1.13282E+03 -2.38761E-04
1.13294E+03 2.53793E-04
1.13306E+03 3.26350E-04
1.13318E+03 8.49627E-05
1.13330E+03 2.82973E-05
1.13342E+03 3.61864E-04
1.13354E+03 7.30805E-04
1.13366E+03 6.81344E-04
1.13378E+03 2.14472E-04
1.13390E+03 -2.52087E-04
1.13402E+03 -3.85433E-04
1.13414E+03 -2.72993E-04
1.13426E+03 -2.38795E-04
1.13438E+03 -4.36068E-04
1.13450E+03 -6.92748E-04
1.13462E+03 -7.48023E-04
1.13474E+03 -5.64199E-04
1.13486E+03 -3.27390E-04
1.13498E+03 -1.59010E-04
1.13511E+03 3.97377E-05
1.13523E+03 3.57151E-04
1.13535E+03 6.05062E-04
1.13547E+03 4.75902E-04
1.13559E+03 -1.02408E-05
1.13571E+03 -4.23051E-04
1.13583E+03 -4.15843E-04
1.13595E+03 -1.37310E-04
1.13607E+03 -1.41561E-06
1.13619E+03 -1.51861E-04
1.13631E+03 -3.59807E-04
1.13643E+03 -4.12371E-04
1.13655E+03 -3.69668E-04
1.13667E+03 -3.90761E-04
1.13679E+03 -5.16456E-04
1.13691E+03 -7.28663E-04
1.13703E+03 -1.04327E-03
1.13715E+03 -1.38151E-03
1.13728E+03 -1.48299E-03
1.13740E+03 -1.16249E-03
1.13752E+03 -6.05583E-04
1.13764E+03 -1.99903E-04
1.13776E+03 -6.82957E-05
1.13788E+03 3.28496E-05
1.13800E+03 2.87343E-04
1.13812E+03 5.09888E-04
1.13824E+03 4.03773E-04
1.13836E+03 3.04729E-06
1.13848E+03 -3.46959E-04
1.13860E+03 -4.11727E-04
1.13872E+03 -2.89138E-04
1.13884E+03 -1.65794E-04
1.13896E+03 -4.56013E-05
1.13908E+03 1.69002E-04
1.13920E+03 4.27626E-04
1.13932E+03 5.28034E-04
1.13945E+03 3.46363E-04
1.13957E+03 -1.46776E-05
1.13969E+03 -3.28362E-04
1.13981E+03 -4.46532E-04
1.13993E+03 -3.79536E-04
1.14005E+03 -2.54449E-04
1.14017E+03 -2.23830E-04
1.14029E+03 -3.65932E-04
1.14041E+03 -6.08720E-04
1.14053E+03 -7.50247E-04
1.14065E+03 -6.04529E-04
1.14077E+03 -1.73237E-04
1.14089E+03 3.13550E-04
1.14101E+03 5.45789E-04
1.14113E+03 3.87214E-04
1.14125E+03 -5.84871E-06
1.14137E+03 -3.25095E-04
1.14149E+03 -4.05759E-04
1.14162E+03 -3.41393E-04
1.14174E+03 -2.98157E-04
1.14186E+03 -2.83401E-04
1.14198E+03 -1.93931E-04
1.14210E+03 -5.10737E-05
1.14222E+03 -3.43546E-05
1.14234E+03 -2.24989E-04
1.14246E+03 -4.39763E-04
1.14258E+03 -4.26855E-04
1.14270E+03 -1.66968E-04
1.14282E+03 1.14165E-04
1.14294E+03 1.77968E-04
1.14306E+03 -5.92247E-05
1.14318E+03 -5.17957E-04
1.14330E+03 -9.67041E-04
1.14342E+03 -1.07816E-03
1.14354E+03 -6.81568E-04
1.14366E+03 -3.47346E-05
1.14379E+03 3.13535E-04
1.14391E+03 4.64544E-05
1.14403E+03 -5.96441E-04
1.14415E+03 -1.09820E-03
1.14427E+03 -1.17688E-03
1.14439E+03 -9.30954E-04
1.14451E+03 -5.90984E-04
1.14463E+03 -2.83312E-04
1.14475E+03 -1.85035E-05
1.14487E+03 2.35051E-04
1.14499E+03 4.94927E-04
1.14511E+03 7.12678E-04
1.14523E+03 7.63651E-04
1.14535E+03 5.81689E-04
1.14547E+03 2.87205E-04
1.14559E+03 8.18893E-05
1.14571E+03 1.84663E-05
1.14583E+03 -1.66744E-05
1.14596E+03 -7.77543E-05
1.14608E+03 -6.47567E-05
1.14620E+03 1.04379E-04
1.14632E+03 3.39705E-04
1.14644E+03 5.11270E-04
1.14656E+03 6.28605E-04
1.14668E+03 7.79402E-04
1.14680E+03 9.36016E-04
1.14692E+03 9.52534E-04
1.14704E+03 7.58510E-04
1.14716E+03 4.70661E-04
1.14728E+03 2.92078E-04
1.14740E+03 3.29014E-04
1.14752E+03 4.84038E-04
1.14764E+03 5.08428E-04
1.14776E+03 2.27097E-04
1.14788E+03 -2.36280E-04
1.14800E+03 -5.40238E-04
1.14812E+03 -5.36907E-04
1.14825E+03 -4.82734E-04
1.14837E+03 -6.80909E-04
1.14849E+03 -9.90715E-04
1.14861E+03 -9.53339E-04
1.14873E+03 -4.30454E-04
1.14885E+03 1.69240E-04
1.14897E+03 4.33549E-04
1.14909E+03 4.72799E-04
1.14921E+03 6.30774E-04
1.14933E+03 8.59268E-04
1.14945E+03 7.56059E-04
1.14957E+03 2.31590E-04
1.14969E+03 -2.31743E-04
1.14981E+03 -1.72015E-04
1.14993E+03 2.31095E-04
1.15005E+03 3.95760E-04
1.15017E+03 8.82037E-05
1.15029E+03 -3.32888E-04
1.15042E+03 -4.03471E-04
1.15054E+03 -7.33845E-05
1.15066E+03 3.59770E-04
1.15078E+03 6.48014E-04
1.15090E+03 7.77349E-04
1.15102E+03 7.93058E-04
1.15114E+03 6.14218E-04
1.15126E+03 1.09505E-04
1.15138E+03 -6.55748E-04
1.15150E+03 -1.31107E-03
1.15162E+03 -1.42275E-03
1.15174E+03 -9.01934E-04
1.15186E+03 -1.50174E-04
1.15198E+03 2.93389E-04
1.15210E+03 2.46003E-04
1.15222E+03 -2.96496E-05
1.15234E+03 -2.20969E-04
1.15246E+03 -3.08901E-04
1.15259E+03 -4.37424E-04
1.15271E+03 -6.02413E-04
1.15283E+03 -6.50316E-04
1.15295E+03 -5.43598E-04
1.15307E+03 -4.21450E-04
1.15319E+03 -3.50684E-04
1.15331E+03 -2.00503E-04
1.15343E+03 1.12895E-04
1.15355E+03 3.92824E-04
1.15367E+03 3.73431E-04
1.15379E+03 9.92566E-05
1.15391E+03 -9.87612E-05
1.15403E+03 -4.52809E-05
1.15415E+03 4.21368E-05
1.15427E+03 -1.22152E-04
1.15439E+03 -4.66365E-04
1.15451E+03 -6.57920E-04
1.15463E+03 -5.46295E-04
1.15476E+03 -3.26935E-04
1.15488E+03 -2.20597E-04
1.15500E+03 -1.63913E-04
1.15512E+03 5.46165E-05
1.15524E+03 4.41626E-04
1.15536E+03 7.52673E-04
1.15548E+03 7.77625E-04
1.15560E+03 5.55836E-04
1.15572E+03 2.73198E-04
1.15584E+03 5.91539E-05
1.15596E+03 -5.58533E-05
1.15608E+03 -7.59214E-05
1.15620E+03 -5.22062E-05
1.15632E+03 -1.01876E-04
1.15644E+03 -3.07851E-04
1.15656E+03 -5.77379E-04
1.15668E+03 -6.87126E-04
1.15680E+03 -5.04788E-04
1.15693E+03 -1.24726E-04
1.15705E+03 2.25928E-04
1.15717E+03 3.62363E-04
1.15729E+03 2.37435E-04
1.15741E+03 -5.80736E-05
1.15753E+03 -3.22454E-04
1.15765E+03 -3.75301E-04
1.15777E+03 -2.45873E-04
1.15789E+03 -1.96069E-04
1.15801E+03 -4.39916E-04
1.15813E+03 -8.40940E-04
1.15825E+03 -1.00527E-03
1.15837E+03 -7.16355E-04
1.15849E+03 -1.85907E-04
1.15861E+03 1.88209E-04
1.15873E+03 2.36936E-04
1.15885E+03 1.14728E-04
1.15897E+03 1.92262E-05
1.15910E+03 -3.50326E-05
1.15922E+03 -1.32479E-04
1.15934E+03 -2.65598E-04
1.15946E+03 -3.15279E-04
1.15958E+03 -2.10691E-04
1.15970E+03 -2.59951E-05
1.15982E+03 1.01235E-04
1.15994E+03 9.47267E-05
1.16006E+03 -3.08529E-05
1.16018E+03 -2.27977E-04
1.16030E+03 -4.52369E-04
1.16042E+03 -6.48532E-04
1.16054E+03 -7.65182E-04
1.16066E+03 -7.98061E-04
1.16078E+03 -7.85712E-04
1.16090E+03 -7.45747E-04
1.16102E+03 -6.44293E-04
1.16114E+03 -4.47962E-04
1.16127E+03 -1.78322E-04
1.16139E+03 1.05832E-04
1.16151E+03 3.37567E-04
1.16163E+03 4.38225E-04
1.16175E+03 3.37690E-04
1.16187E+03 8.67434E-05
1.16199E+03 -1.09024E-04
1.16211E+03 -9.13180E-05
1.16223E+03 2.88710E-06
1.16235E+03 -1.42913E-04
1.16247E+03 -5.85031E-04
1.16259E+03 -9.55511E-04
1.16271E+03 -8.59018E-04
1.16283E+03 -3.75334E-04
1.16295E+03 2.63378E-05
1.16307E+03 6.44810E-05
1.16319E+03 -5.57005E-05
1.16331E+03 1.00471E-05
1.16343E+03 2.78868E-04
1.16356E+03 4.89131E-04
1.16368E+03 4.73060E-04
1.16380E+03 2.90904E-04
1.16392E+03 2.67290E-05
1.16404E+03 -3.26086E-04
1.16416E+03 -7.08330E-04
1.16428E+03 -9.19603E-04
1.16440E+03 -8.33567E-04
1.16452E+03 -6.06325E-04
1.16464E+03 -5.13677E-04
1.16476E+03 -6.15034E-04
1.16488E+03 -7.13620E-04
1.16500E+03 -6.42952E-04
1.16512E+03 -4.52634E-04
1.16524E+03 -2.73596E-04
1.16536E+03 -1.28340E-04
1.16548E+03 4.33549E-05
1.16560E+03 2.51848E-04
1.16573E+03 4.53141E-04
1.16585E+03 6.06906E-04
1.16597E+03 6.66279E-04
1.16609E+03 5.59673E-04
1.16621E+03 2.79836E-04
1.16633E+03 -4.29191E-05
1.16645E+03 -2.48350E-04
1.16657E+03 -3.13666E-04
1.16669E+03 -3.09017E-04
1.16681E+03 -2.41637E-04
1.16693E+03 -8.19899E-05
1.16705E+03 6.89849E-05
1.16717E+03 1.68905E-05
1.16729E+03 -2.54918E-04
1.16741E+03 -5.22543E-04
1.16753E+03 -6.20555E-04
1.16765E+03 -6.38939E-04
1.16777E+03 -7.04926E-04
1.16790E+03 -7.27635E-04
1.16802E+03 -5.74961E-04
1.16814E+03 -4.00398E-04
1.16826E+03 -5.19246E-04
1.16838E+03 -9.51551E-04
1.16850E+03 -1.33920E-03
1.16862E+03 -1.39336E-03
1.16874E+03 -1.21111E-03
1.16886E+03 -1.02495E-03
1.16898E+03 -8.25182E-04
1.16910E+03 -4.34089E-04
1.16922E+03 1.36569E-04
1.16934E+03 5.97570E-04
1.16946E+03 6.68827E-04
1.16958E+03 3.31033E-04
1.16970E+03 -1.80233E-04
1.16982E+03 -5.31610E-04
1.16994E+03 -4.98917E-04
1.17007E+03 -1.44221E-04
1.17019E+03 2.01851E-04
1.17031E+03 2.48190E-04
1.17043E+03 6.20373E-05
1.17055E+03 -3.40194E-05
1.17067E+03 1.21757E-04
1.17079E+03 3.21340E-04
1.17091E+03 2.69067E-04
1.17103E+03 -6.24508E-05
1.17115E+03 -4.27987E-04
1.17127E+03 -6.14062E-04
1.17139E+03 -6.20909E-04
1.17151E+03 -5.58302E-04
1.17163E+03 -4.54944E-04
1.17175E+03 -2.48250E-04
1.17187E+03 4.18723E-05
1.17199E+03 2.03628E-04
1.17211E+03 1.59256E-05
1.17224E+03 -4.46297E-04
1.17236E+03 -7.82177E-04
1.17248E+03 -6.70649E-04
1.17260E+03 -2.42662E-04
1.17272E+03 7.94008E-05
1.17284E+03 8.72165E-05
1.17296E+03 -3.44478E-05
1.17308E+03 -5.81071E-05
1.17320E+03 -2.87890E-05
1.17332E+03 -9.78895E-05
1.17344E+03 -2.33985E-04
1.17356E+03 -2.95106E-04
1.17368E+03 -2.84657E-04
1.17380E+03 -3.06867E-04
1.17392E+03 -3.09229E-04
1.17404E+03 -1.20871E-04
1.17416E+03 2.17244E-04
1.17428E+03 4.03251E-04
1.17441E+03 2.85804E-04
1.17453E+03 1.06514E-04
1.17465E+03 1.52778E-04
1.17477E+03 3.10510E-04
1.17489E+03 2.21577E-04
1.17501E+03 -1.53445E-04
1.17513E+03 -3.99042E-04
1.17525E+03 -1.85363E-04
1.17537E+03 2.64160E-04
1.17549E+03 4.09734E-04
1.17561E+03 4.22187E-05
1.17573E+03 -4.92625E-04
1.17585E+03 -7.14723E-04
1.17597E+03 -5.23794E-04
1.17609E+03 -2.05860E-04
1.17621E+03 -3.95812E-05
1.17633E+03 -1.94795E-05
1.17645E+03 2.82414E-05
1.17657E+03 1.73189E-04
1.17670E+03 3.27229E-04
1.17682E+03 4.05010E-04
1.17694E+03 4.33527E-04
1.17706E+03 4.65382E-04
1.17718E+03 4.74349E-04
1.17730E+03 4.19550E-04
1.17742E+03 3.69053E-04
1.17754E+03 4.52444E-04
1.17766E+03 6.75000E-04
1.17778E+03 8.68682E-04
1.17790E+03 8.82659E-04
1.17802E+03 7.62042E-04
1.17814E+03 6.64089E-04
1.17826E+03 6.26296E-04
1.17838E+03 5.00333E-04
1.17850E+03 1.35150E-04
1.17862E+03 -4.23346E-04
1.17874E+03 -9.30253E-04
1.17887E+03 -1.12997E-03
1.17899E+03 -9.50277E-04
1.17911E+03 -5.73769E-04
1.17923E+03 -3.17622E-04
1.17935E+03 -3.68547E-04
1.17947E+03 -5.84133E-04
1.17959E+03 -6.12397E-04
1.17971E+03 -2.74304E-04
1.17983E+03 2.12383E-04
1.17995E+03 4.56348E-04
1.18007E+03 3.23378E-04
1.18019E+03 3.48203E-05
1.18031E+03 -1.46367E-04
1.18043E+03 -2.00145E-04
1.18055E+03 -2.75850E-04
1.18067E+03 -4.34730E-04
1.18079E+03 -5.94888E-04
1.18091E+03 -6.82812E-04
1.18104E+03 -7.17316E-04
1.18116E+03 -7.33916E-04
1.18128E+03 -7.29315E-04
1.18140E+03 -7.16276E-04
1.18152E+03 -7.47167E-04
1.18164E+03 -8.21751E-04
1.18176E+03 -8.34908E-04
1.18188E+03 -6.98991E-04
1.18200E+03 -4.97494E-04
1.18212E+03 -4.37986E-04
1.18224E+03 -6.29429E-04
1.18236E+03 -9.42674E-04
1.18248E+03 -1.11096E-03
1.18260E+03 -9.63524E-04
1.18272E+03 -5.72957E-04
1.18284E+03 -1.94296E-04
1.18296E+03 -4.84288E-05
1.18308E+03 -1.36744E-04
1.18321E+03 -2.68463E-04
1.18333E+03 -2.81028E-04
1.18345E+03 -2.03021E-04
1.18357E+03 -1.68085E-04
1.18369E+03 -2.18630E-04
1.18381E+03 -2.87309E-04
1.18393E+03 -3.60362E-04
1.18405E+03 -5.29546E-04
1.18417E+03 -8.11942E-04
1.18429E+03 -1.01642E-03
1.18441E+03 -9.16801E-04
1.18453E+03 -5.30895E-04
1.18465E+03 -1.12556E-04
1.18477E+03 1.41151E-04
1.18489E+03 2.54910E-04
1.18501E+03 3.19950E-04
1.18513E+03 2.87272E-04
1.18525E+03 4.69014E-05
1.18538E+03 -3.41512E-04
1.18550E+03 -6.26359E-04
1.18562E+03 -6.20008E-04
1.18574E+03 -3.98103E-04
1.18586E+03 -2.11675E-04
1.18598E+03 -2.14487E-04
1.18610E+03 -3.01611E-04
1.18622E+03 -2.26311E-04
1.18634E+03 1.04740E-04
1.18646E+03 4.51736E-04
1.18658E+03 4.42356E-04
1.18670E+03 -1.54600E-06
1.18682E+03 -4.83658E-04
1.18694E+03 -5.19514E-04
1.18706E+03 -7.98032E-05
1.18718E+03 3.82479E-04
1.18730E+03 4.73496E-04
1.18742E+03 2.80019E-04
1.18755E+03 1.43833E-04
1.18767E+03 1.79011E-04
1.18779E+03 1.97869E-04
1.18791E+03 5.07832E-05
1.18803E+03 -1.78237E-04
1.18815E+03 -3.35947E-04
1.18827E+03 -3.88972E-04
1.18839E+03 -3.65645E-04
1.18851E+03 -2.79702E-04
1.18863E+03 -2.15791E-04
1.18875E+03 -3.59964E-04
1.18887E+03 -7.80649E-04
1.18899E+03 -1.22818E-03
1.18911E+03 -1.30937E-03
1.18923E+03 -8.81553E-04
1.18935E+03 -1.96613E-04
1.18947E+03 3.32627E-04
1.18959E+03 4.40873E-04
1.18971E+03 1.51742E-04
1.18984E+03 -2.71223E-04
1.18996E+03 -4.87000E-04
1.19008E+03 -3.32538E-04
1.19020E+03 3.46899E-05
1.19032E+03 2.86225E-04
1.19044E+03 2.37208E-04
1.19056E+03 -6.05360E-05
1.19068E+03 -4.71566E-04
1.19080E+03 -8.79142E-04
1.19092E+03 -1.10583E-03
1.19104E+03 -9.55388E-04
1.19116E+03 -4.71268E-04
1.19128E+03 -9.51812E-06
1.19140E+03 1.29424E-04
1.19152E+03 4.81121E-05
1.19164E+03 5.39459E-05
1.19176E+03 1.70272E-04
1.19188E+03 1.07206E-04
1.19201E+03 -2.66489E-04
1.19213E+03 -6.75209E-04
1.19225E+03 -7.96717E-04
1.19237E+03 -6.63988E-04
1.19249E+03 -5.45166E-04
1.19261E+03 -5.56476E-04
1.19273E+03 -5.95622E-04
1.19285E+03 -5.77893E-04
1.19297E+03 -5.16411E-04
1.19309E+03 -3.76627E-04
1.19321E+03 -6.76773E-05
1.19333E+03 3.58675E-04
1.19345E+03 6.64134E-04
1.19357E+03 6.84906E-04
1.19369E+03 5.00515E-04
1.19381E+03 2.66362E-04
1.19393E+03 -8.82894E-07
1.19405E+03 -3.33969E-04
1.19418E+03 -6.22202E-04
1.19430E+03 -6.79508E-04
1.19442E+03 -5.12280E-04
1.19454E+03 -3.56756E-04
1.19466E+03 -4.06493E-04
1.19478E+03 -6.10132E-04
1.19490E+03 -7.81517E-04
1.19502E+03 -8.10571E-04
1.19514E+03 -6.98533E-04
1.19526E+03 -4.73022E-04
1.19538E+03 -1.85695E-04
1.19550E+03 3.05437E-05
1.19562E+03 1.58288E-05
1.19574E+03 -2.35911E-04
1.19586E+03 -4.99029E-04
1.19598E+03 -4.85279E-04
1.19610E+03 -1.25900E-04
1.19622E+03 3.05273E-04
1.19635E+03 3.94758E-04
1.19647E+03 -6.49691E-06
1.19659E+03 -5.68632E-04
1.19671E+03 -7.40830E-04
1.19683E+03 -2.80499E-04
1.19695E+03 4.82101E-04
1.19707E+03 9.55831E-04
1.19719E+03 8.69121E-04
1.19731E+03 4.74196E-04
1.19743E+03 2.05670E-04
1.19755E+03 2.32987E-04
1.19767E+03 3.91670E-04
1.19779E+03 4.65807E-04
1.19791E+03 4.20831E-04
1.19803E+03 3.58287E-04
1.19815E+03 3.44686E-04
1.19827E+03 3.47879E-04
1.19839E+03 2.99685E-04
1.19852E+03 1.55564E-04
1.19864E+03 -1.04196E-04
1.19876E+03 -4.67811E-04
1.19888E+03 -8.66007E-04
1.19900E+03 -1.16614E-03
1.19912E+03 -1.24919E-03
1.19924E+03 -1.10810E-03
1.19936E+03 -8.61488E-04
1.19948E+03 -6.55405E-04
1.19960E+03 -5.43766E-04
1.19972E+03 -4.61213E-04
1.19984E+03 -3.15819E-04
1.19996E+03 -1.07579E-04
1.20008E+03 5.86584E-05
1.20020E+03 8.30069E-05
1.20032E+03 -1.58809E-05
1.20044E+03 -1.38037E-04
1.20056E+03 -2.38132E-04
1.20069E+03 -3.52386E-04
1.20081E+03 -4.81531E-04
1.20093E+03 -5.18378E-04
1.20105E+03 -3.69184E-04
1.20117E+03 -1.03578E-04
1.20129E+03 1.18759E-04
1.20141E+03 2.60521E-04
1.20153E+03 4.34056E-04
1.20165E+03 6.57290E-04
1.20177E+03 7.13300E-04
1.20189E+03 3.65756E-04
1.20201E+03 -3.30634E-04
1.20213E+03 -1.02823E-03
1.20225E+03 -1.38087E-03
1.20237E+03 -1.25885E-03
1.20249E+03 -7.49324E-04
1.20261E+03 -8.71010E-05
1.20273E+03 4.10940E-04
1.20285E+03 5.09288E-04
1.20298E+03 2.71678E-04
1.20310E+03 2.30372E-05
1.20322E+03 2.23629E-05
1.20334E+03 2.22415E-04
1.20346E+03 4.08474E-04
1.20358E+03 4.90692E-04
1.20370E+03 5.48370E-04
1.20382E+03 6.39632E-04
1.20394E+03 7.09482E-04
1.20406E+03 6.90617E-04
1.20418E+03 5.81462E-04
1.20430E+03 3.98893E-04
1.20442E+03 1.51914E-04
1.20454E+03 -9.98117E-05
1.20466E+03 -2.43641E-04
1.20478E+03 -2.37223E-04
1.20490E+03 -1.60005E-04
1.20502E+03 -1.01309E-04
1.20515E+03 -4.53591E-05
1.20527E+03 6.94692E-05
1.20539E+03 2.15121E-04
1.20551E+03 2.82358E-04
1.20563E+03 2.03643E-04
1.20575E+03 2.83755E-05
1.20587E+03 -1.26194E-04
1.20599E+03 -1.55598E-04
1.20611E+03 -3.10391E-05
1.20623E+03 1.75342E-04
1.20635E+03 3.06640E-04
1.20647E+03 2.27552E-04
1.20659E+03 -6.64927E-05
1.20671E+03 -4.25979E-04
1.20683E+03 -6.47582E-04
1.20695E+03 -5.95152E-04
1.20707E+03 -2.80902E-04
1.20719E+03 1.31495E-04
1.20732E+03 4.11265E-04
1.20744E+03 4.11909E-04
1.20756E+03 1.61801E-04
1.20768E+03 -1.72481E-04
1.20780E+03 -4.09089E-04
1.20792E+03 -4.74792E-04
1.20804E+03 -4.54441E-04
1.20816E+03 -5.49119E-04
1.20828E+03 -9.10282E-04
1.20840E+03 -1.45530E-03
1.20852E+03 -1.89509E-03
1.20864E+03 -2.01667E-03
1.20876E+03 -1.89573E-03
1.20888E+03 -1.73364E-03
1.20900E+03 -1.52820E-03
1.20912E+03 -1.06996E-03
1.20924E+03 -3.01458E-04
1.20936E+03 4.83319E-04
1.20949E+03 9.16000E-04
1.20961E+03 9.48753E-04
1.20973E+03 8.27998E-04
1.20985E+03 7.43326E-04
1.20997E+03 6.50387E-04
1.21009E+03 4.52645E-04
1.21021E+03 2.05286E-04
1.21033E+03 4.11533E-05
1.21045E+03 -3.66680E-05
1.21057E+03 -1.70413E-04
1.21069E+03 -4.49151E-04
1.21081E+03 -7.42257E-04
1.21093E+03 -7.99801E-04
1.21105E+03 -5.28041E-04
1.21117E+03 -1.33172E-04
1.21129E+03 5.62780E-05
1.21141E+03 -8.74512E-05
1.21153E+03 -3.76273E-04
1.21166E+03 -5.58477E-04
1.21178E+03 -5.82840E-04
1.21190E+03 -5.53202E-04
1.21202E+03 -4.88531E-04
1.21214E+03 -2.77881E-04
1.21226E+03 1.09106E-04
1.21238E+03 4.92591E-04
1.21250E+03 6.47541E-04
1.21262E+03 5.03015E-04
1.21274E+03 1.28817E-04
1.21286E+03 -3.78560E-04
1.21298E+03 -8.81877E-04
1.21310E+03 -1.16207E-03
1.21322E+03 -1.04384E-03
1.21334E+03 -6.07274E-04
1.21346E+03 -1.69065E-04
1.21358E+03 3.27826E-06
1.21370E+03 -9.02452E-05
1.21383E+03 -2.47493E-04
1.21395E+03 -3.06502E-04
1.21407E+03 -2.71305E-04
1.21419E+03 -2.72341E-04
1.21431E+03 -4.33482E-04
1.21443E+03 -7.33644E-04
1.21455E+03 -9.76488E-04
1.21467E+03 -9.55679E-04
1.21479E+03 -6.83796E-04
1.21491E+03 -3.99411E-04
1.21503E+03 -3.10190E-04
1.21515E+03 -3.98599E-04
1.21527E+03 -5.37299E-04
1.21539E+03 -6.92744E-04
1.21551E+03 -8.75395E-04
1.21563E+03 -9.51670E-04
1.21575E+03 -7.09243E-04
1.21587E+03 -1.62043E-04
1.21600E+03 3.73069E-04
1.21612E+03 6.08344E-04
1.21624E+03 5.92265E-04
1.21636E+03 5.49484E-04
1.21648E+03 5.26704E-04
1.21660E+03 3.74537E-04
1.21672E+03 4.95240E-05
1.21684E+03 -2.65509E-04
1.21696E+03 -3.96341E-04
1.21708E+03 -3.87475E-04
1.21720E+03 -3.64620E-04
1.21732E+03 -3.21485E-04
1.21744E+03 -1.78125E-04
1.21756E+03 1.36569E-05
1.21768E+03 7.51205E-05
1.21780E+03 -7.22930E-05
1.21792E+03 -3.15774E-04
1.21804E+03 -5.22994E-04
1.21816E+03 -6.96801E-04
1.21829E+03 -9.02556E-04
1.21841E+03 -1.09771E-03
1.21853E+03 -1.11889E-03
1.21865E+03 -8.51899E-04
1.21877E+03 -3.92508E-04
1.21889E+03 -2.31266E-05
1.21901E+03 1.07661E-05
1.21913E+03 -2.55138E-04
1.21925E+03 -4.82649E-04
1.21937E+03 -3.49954E-04
1.21949E+03 1.10056E-04
1.21961E+03 5.24152E-04
1.21973E+03 5.70472E-04
1.21985E+03 2.77758E-04
1.21997E+03 -8.42959E-05
1.22009E+03 -3.16199E-04
1.22021E+03 -4.08582E-04
1.22033E+03 -4.05222E-04
1.22046E+03 -2.95561E-04
1.22058E+03 -6.43842E-05
1.22070E+03 2.27541E-04
1.22082E+03 4.37267E-04
1.22094E+03 4.07849E-04
1.22106E+03 7.99671E-05
1.22118E+03 -3.77905E-04
1.22130E+03 -6.08560E-04
1.22142E+03 -3.97559E-04
1.22154E+03 2.73697E-05
1.22166E+03 1.67482E-04
1.22178E+03 -1.79723E-04
1.22190E+03 -6.57339E-04
1.22202E+03 -7.58901E-04
1.22214E+03 -3.94151E-04
1.22226E+03 7.86074E-05
1.22238E+03 3.04233E-04
1.22250E+03 2.39585E-04
1.22263E+03 2.20612E-05
1.22275E+03 -2.41462E-04
1.22287E+03 -4.59131E-04
1.22299E+03 -4.94964E-04
1.22311E+03 -2.83241E-04
1.22323E+03 2.23704E-05
1.22335E+03 1.47168E-04
1.22347E+03 -2.21729E-05
1.22359E+03 -3.30009E-04
1.22371E+03 -5.30727E-04
1.22383E+03 -4.99878E-04
1.22395E+03 -2.67018E-04
1.22407E+03 8.23289E-05
1.22419E+03 4.57093E-04
1.22431E+03 7.49245E-04
1.22443E+03 8.45566E-04
1.22455E+03 7.17327E-04
1.22467E+03 4.79653E-04
1.22480E+03 3.17540E-04
1.22492E+03 3.37362E-04
1.22504E+03 5.13222E-04
1.22516E+03 7.69768E-04
1.22528E+03 1.04849E-03
1.22540E+03 1.24402E-03
1.22552E+03 1.14650E-03
1.22564E+03 5.92899E-04
1.22576E+03 -2.69148E-04
1.22588E+03 -9.66605E-04
1.22600E+03 -1.09100E-03
1.22612E+03 -7.03432E-04
1.22624E+03 -2.90740E-04
1.22636E+03 -2.74688E-04
1.22648E+03 -5.96158E-04
1.22660E+03 -8.22484E-04
1.22672E+03 -6.38556E-04
1.22684E+03 -1.75152E-04
1.22697E+03 1.58712E-04
1.22709E+03 1.06949E-04
1.22721E+03 -2.15501E-04
1.22733E+03 -5.17052E-04
1.22745E+03 -6.43380E-04
1.22757E+03 -6.31470E-04
1.22769E+03 -5.38517E-04
1.22781E+03 -3.54171E-04
1.22793E+03 -1.08574E-04
1.22805E+03 5.39534E-05
1.22817E+03 1.30758E-06
1.22829E+03 -2.21543E-04
1.22841E+03 -4.38742E-04
1.22853E+03 -5.29665E-04
1.22865E+03 -4.98962E-04
1.22877E+03 -4.05185E-04
1.22889E+03 -2.98426E-04
1.22901E+03 -2.18198E-04
1.22914E+03 -1.72425E-04
1.22926E+03 -1.23195E-04
1.22938E+03 -7.90954E-05
1.22950E+03 -1.90940E-04
1.22962E+03 -6.12102E-04
1.22974E+03 -1.19843E-03
1.22986E+03 -1.48605E-03
1.22998E+03 -1.13368E-03
1.23010E+03 -3.64203E-04
1.23022E+03 1.84998E-04
1.23034E+03 9.96664E-05
1.23046E+03 -4.02026E-04
1.23058E+03 -7.49964E-04
1.23070E+03 -6.13689E-04
1.23082E+03 -1.22614E-04
1.23094E+03 3.99429E-04
1.23106E+03 7.41512E-04
1.23118E+03 8.37106E-04
1.23131E+03 6.74650E-04
1.23143E+03 3.71963E-04
1.23155E+03 2.49960E-04
1.23167E+03 5.65581E-04
1.23179E+03 1.08023E-03
1.23191E+03 1.12209E-03
1.23203E+03 3.11647E-04
1.23215E+03 -8.72400E-04
1.23227E+03 -1.51852E-03
1.23239E+03 -1.29902E-03
1.23251E+03 -7.94437E-04
1.23263E+03 -7.25165E-04
1.23275E+03 -1.10978E-03
1.23287E+03 -1.40420E-03
1.23299E+03 -1.26955E-03
1.23311E+03 -8.74754E-04
1.23323E+03 -5.09061E-04
1.23335E+03 -2.57391E-04
1.23347E+03 -1.63056E-04
1.23360E+03 -4.05420E-04
1.23372E+03 -1.06499E-03
1.23384E+03 -1.84380E-03
1.23396E+03 -2.25491E-03
1.23408E+03 -2.07924E-03
1.23420E+03 -1.51938E-03
1.23432E+03 -9.48709E-04
1.23444E+03 -6.09916E-04
1.23456E+03 -5.06602E-04
1.23468E+03 -4.63262E-04
1.23480E+03 -3.00184E-04
1.23492E+03 -4.49754E-05
1.23504E+03 5.65685E-05
1.23516E+03 -1.55803E-04
1.23528E+03 -4.59276E-04
1.23540E+03 -4.39476E-04
1.23552E+03 1.66111E-05
1.23564E+03 5.44045E-04
1.23577E+03 6.95426E-04
1.23589E+03 3.89829E-04
1.23601E+03 -8.18446E-05
1.23613E+03 -3.93048E-04
1.23625E+03 -4.48551E-04
1.23637E+03 -3.83642E-04
1.23649E+03 -4.05200E-04
1.23661E+03 -5.85806E-04
1.23673E+03 -7.53134E-04
1.23685E+03 -6.44788E-04
1.23697E+03 -2.47490E-04
1.23709E+03 9.22196E-05
1.23721E+03 6.26594E-06
1.23733E+03 -4.65155E-04
1.23745E+03 -8.99464E-04
1.23757E+03 -9.34888E-04
1.23769E+03 -5.75341E-04
1.23781E+03 -7.67373E-05
1.23794E+03 3.34498E-04
1.23806E+03 5.78176E-04
1.23818E+03 6.83658E-04
1.23830E+03 7.17521E-04
1.23842E+03 7.13252E-04
1.23854E+03 6.04119E-04
1.23866E+03 2.68716E-04
1.23878E+03 -2.83889E-04
1.23890E+03 -7.88309E-04
1.23902E+03 -8.81333E-04
1.23914E+03 -4.31851E-04
1.23926E+03 2.76014E-04
1.23938E+03 7.21399E-04
1.23950E+03 5.77956E-04
1.23962E+03 1.39363E-05
1.23974E+03 -4.40266E-04
1.23986E+03 -3.93212E-04
1.23998E+03 1.43982E-05
1.24011E+03 2.69387E-04
1.24023E+03 4.47854E-05
1.24035E+03 -4.70832E-04
1.24047E+03 -7.98423E-04
1.24059E+03 -6.51330E-04
1.24071E+03 -1.40872E-04
1.24083E+03 3.90816E-04
1.24095E+03 6.38127E-04
1.24107E+03 4.92122E-04
1.24119E+03 7.08625E-05
1.24131E+03 -3.52629E-04
1.24143E+03 -5.33991E-04
1.24155E+03 -4.38239E-04
1.24167E+03 -2.15251E-04
1.24179E+03 -2.23778E-05
1.24191E+03 8.45157E-05
1.24203E+03 9.79863E-05
1.24215E+03 1.35936E-05
1.24228E+03 -1.29804E-04
1.24240E+03 -2.30305E-04
1.24252E+03 -2.42811E-04
1.24264E+03 -2.67055E-04
1.24276E+03 -4.44617E-04
1.24288E+03 -7.62850E-04
1.24300E+03 -1.02581E-03
1.24312E+03 -1.03683E-03
1.24324E+03 -7.70018E-04
1.24336E+03 -3.53117E-04
1.24348E+03 7.01770E-05
1.24360E+03 4.17620E-04
1.24372E+03 6.46517E-04
1.24384E+03 7.08625E-04
1.24396E+03 5.84975E-04
1.24408E+03 3.54838E-04
1.24420E+03 1.85385E-04
1.24432E+03 2.04530E-04
1.24445E+03 3.73289E-04
1.24457E+03 5.14627E-04
1.24469E+03 4.88803E-04
1.24481E+03 3.21459E-04
1.24493E+03 1.49950E-04
1.24505E+03 7.20173E-05
1.24517E+03 7.54520E-05
1.24529E+03 9.23127E-05
1.24541E+03 7.53030E-05
1.24553E+03 2.29515E-05
1.24565E+03 -3.13334E-05
1.24577E+03 -4.50127E-05
1.24589E+03 -2.43150E-05
1.24601E+03 -4.13954E-05
1.24613E+03 -1.59211E-04
1.24625E+03 -3.28351E-04
1.24637E+03 -4.20619E-04
1.24649E+03 -3.95663E-04
1.24661E+03 -3.68942E-04
1.24674E+03 -4.44219E-04
1.24686E+03 -5.31901E-04
1.24698E+03 -4.48190E-04
1.24710E+03 -1.91994E-04
1.24722E+03 9.83477E-06
1.24734E+03 -4.33251E-06
1.24746E+03 -8.60281E-05
1.24758E+03 2.35848E-05
1.24770E+03 3.13096E-04
1.24782E+03 4.68355E-04
1.24794E+03 2.54806E-04
1.24806E+03 -1.79507E-04
1.24818E+03 -4.71830E-04
1.24830E+03 -4.44371E-04
1.24842E+03 -2.11485E-04
1.24854E+03 4.66965E-05
1.24866E+03 2.67439E-04
1.24878E+03 4.46137E-04
1.24891E+03 5.15342E-04
1.24903E+03 4.08415E-04
1.24915E+03 1.94270E-04
1.24927E+03 3.50624E-05
1.24939E+03 -1.31316E-05
1.24951E+03 -7.38017E-05
1.24963E+03 -2.83185E-04
1.24975E+03 -5.79298E-04
1.24987E+03 -7.39023E-04
1.24999E+03 -6.32342E-04
1.25011E+03 -3.90876E-04
1.25023E+03 -2.77475E-04
1.25035E+03 -3.91562E-04
1.25047E+03 -5.48549E-04
1.25059E+03 -4.81181E-04
1.25071E+03 -1.41349E-04
1.25083E+03 2.39152E-04
1.25095E+03 3.94557E-04
1.25108E+03 3.09885E-04
1.25120E+03 2.15299E-04
1.25132E+03 3.19429E-04
1.25144E+03 5.77778E-04
1.25156E+03 7.44566E-04
1.25168E+03 6.34242E-04
1.25180E+03 3.01346E-04
1.25192E+03 -3.51705E-05
1.25204E+03 -2.02615E-04
1.25216E+03 -1.89383E-04
1.25228E+03 -7.16485E-05
1.25240E+03 7.79219E-05
1.25252E+03 1.82211E-04
1.25264E+03 1.57896E-04
1.25276E+03 5.69597E-06
1.25288E+03 -1.18684E-04
1.25300E+03 -4.44129E-05
1.25312E+03 1.70123E-04
1.25325E+03 2.67074E-04
1.25337E+03 1.43982E-04
1.25349E+03 5.89602E-05
1.25361E+03 3.35146E-04
1.25373E+03 8.94003E-04
1.25385E+03 1.27171E-03
1.25397E+03 1.15580E-03
1.25409E+03 7.47018E-04
1.25421E+03 4.61537E-04
1.25433E+03 3.88306E-04
1.25445E+03 2.29567E-04
1.25457E+03 -2.34507E-04
1.25469E+03 -7.99417E-04
1.25481E+03 -1.04742E-03
1.25493E+03 -7.87806E-04
1.25505E+03 -2.16011E-04
1.25517E+03 2.96492E-04
1.25529E+03 4.73805E-04
1.25542E+03 2.69536E-04
1.25554E+03 -1.38272E-04
1.25566E+03 -4.36891E-04
1.25578E+03 -3.90965E-04
1.25590E+03 -4.57726E-05
1.25602E+03 2.87686E-04
1.25614E+03 3.07355E-04
1.25626E+03 1.91852E-06
1.25638E+03 -3.68569E-04
1.25650E+03 -5.34404E-04
1.25662E+03 -4.48395E-04
1.25674E+03 -2.68552E-04
1.25686E+03 -1.68774E-04
1.25698E+03 -1.77912E-04
1.25710E+03 -1.87367E-04
1.25722E+03 -9.42312E-05
1.25734E+03 7.41445E-05
1.25746E+03 1.86421E-04
1.25759E+03 1.71758E-04
1.25771E+03 1.15983E-04
1.25783E+03 1.61361E-04
1.25795E+03 3.01581E-04
1.25807E+03 3.39389E-04
1.25819E+03 1.14214E-04
1.25831E+03 -2.47005E-04
1.25843E+03 -4.02194E-04
1.25855E+03 -1.93454E-04
1.25867E+03 1.09732E-04
1.25879E+03 7.60891E-05
1.25891E+03 -3.56242E-04
1.25903E+03 -7.67142E-04
1.25915E+03 -7.64262E-04
1.25927E+03 -4.73816E-04
1.25939E+03 -3.55612E-04
1.25951E+03 -5.77688E-04
1.25963E+03 -8.12680E-04
1.25976E+03 -7.18340E-04
1.25988E+03 -3.92485E-04
1.26000E+03 -1.73967E-04
1.26012E+03 -1.57882E-04
1.26024E+03 -1.71691E-04
1.26036E+03 -1.62445E-04
1.26048E+03 -2.95676E-04
1.26060E+03 -5.94523E-04
1.26072E+03 -7.61546E-04
1.26084E+03 -5.58984E-04
1.26096E+03 -1.94479E-04
1.26108E+03 -8.56929E-05
1.26120E+03 -3.11773E-04
1.26132E+03 -5.37861E-04
1.26144E+03 -4.89697E-04
1.26156E+03 -2.87525E-04
1.26168E+03 -2.23249E-04
1.26180E+03 -3.66122E-04
1.26192E+03 -5.21898E-04
1.26205E+03 -5.00947E-04
1.26217E+03 -3.06714E-04
1.26229E+03 -9.38661E-05
1.26241E+03 -3.25628E-05
1.26253E+03 -1.96360E-04
1.26265E+03 -4.98686E-04
1.26277E+03 -7.35905E-04
1.26289E+03 -7.59255E-04
1.26301E+03 -6.25003E-04
1.26313E+03 -5.34605E-04
1.26325E+03 -6.13499E-04
1.26337E+03 -7.90399E-04
1.26349E+03 -9.16041E-04
1.26361E+03 -9.59307E-04
1.26373E+03 -1.02683E-03
1.26385E+03 -1.18012E-03
1.26397E+03 -1.28970E-03
1.26409E+03 -1.14134E-03
1.26422E+03 -7.03424E-04
1.26434E+03 -2.21934E-04
1.26446E+03 2.22847E-05
1.26458E+03 2.36854E-05
1.26470E+03 4.97960E-05
1.26482E+03 2.98329E-04
1.26494E+03 6.47243E-04
1.26506E+03 7.98605E-04
1.26518E+03 6.08742E-04
1.26530E+03 1.95228E-04
1.26542E+03 -2.43682E-04
1.26554E+03 -5.96844E-04
1.26566E+03 -8.25103E-04
1.26578E+03 -8.82108E-04
1.26590E+03 -7.52173E-04
1.26602E+03 -5.25579E-04
1.26614E+03 -3.53511E-04
1.26626E+03 -3.14109E-04
1.26639E+03 -3.63577E-04
1.26651E+03 -4.25406E-04
1.26663E+03 -4.78812E-04
1.26675E+03 -5.27017E-04
1.26687E+03 -5.09690E-04
1.26699E+03 -3.10943E-04
1.26711E+03 1.08458E-04
1.26723E+03 5.93398E-04
1.26735E+03 8.64651E-04
1.26747E+03 7.44216E-04
1.26759E+03 3.39121E-04
1.26771E+03 -2.39871E-05
1.26783E+03 -7.14622E-05
1.26795E+03 1.76217E-04
1.26807E+03 4.35561E-04
1.26819E+03 4.31444E-04
1.26831E+03 1.36331E-04
1.26843E+03 -2.22329E-04
1.26856E+03 -3.64099E-04
1.26868E+03 -1.79995E-04
1.26880E+03 2.07581E-04
1.26892E+03 5.38304E-04
1.26904E+03 5.96333E-04
1.26916E+03 3.52912E-04
1.26928E+03 -1.94237E-05
1.26940E+03 -2.93300E-04
1.26952E+03 -3.89911E-04
1.26964E+03 -4.17765E-04
1.26976E+03 -5.10730E-04
1.26988E+03 -6.62651E-04
1.27000E+03 -7.60309E-04
1.27012E+03 -7.39835E-04
1.27024E+03 -6.33970E-04
1.27036E+03 -4.75973E-04
1.27048E+03 -2.55007E-04
1.27060E+03 -7.45058E-06
1.27073E+03 1.35649E-04
1.27085E+03 7.47927E-05
1.27097E+03 -1.00821E-04
1.27109E+03 -1.70760E-04
1.27121E+03 -1.24350E-05
1.27133E+03 2.74476E-04
1.27145E+03 4.56911E-04
1.27157E+03 3.75673E-04
1.27169E+03 7.75531E-05
1.27181E+03 -2.10792E-04
1.27193E+03 -2.67390E-04
1.27205E+03 -9.86755E-05
1.27217E+03 5.69485E-05
1.27229E+03 -6.06477E-06
1.27241E+03 -2.03982E-04
1.27253E+03 -2.87645E-04
1.27265E+03 -1.74496E-04
1.27277E+03 -3.79942E-05
1.27290E+03 -2.79620E-05
1.27302E+03 -6.08116E-05
1.27314E+03 4.07174E-06
1.27326E+03 1.00773E-04
1.27338E+03 5.68591E-05
1.27350E+03 -1.06275E-04
1.27362E+03 -1.55129E-04
1.27374E+03 2.59690E-05
1.27386E+03 2.63978E-04
1.27398E+03 3.45547E-04
1.27410E+03 2.98213E-04
1.27422E+03 3.08014E-04
1.27434E+03 4.34503E-04
1.27446E+03 5.57791E-04
1.27458E+03 5.82315E-04
1.27470E+03 5.37079E-04
1.27482E+03 4.40855E-04
1.27494E+03 2.14137E-04
1.27506E+03 -1.67623E-04
1.27519E+03 -5.07805E-04
1.27531E+03 -5.33722E-04
1.27543E+03 -2.19189E-04
1.27555E+03 1.27040E-04
1.27567E+03 1.68588E-04
1.27579E+03 -8.68179E-05
1.27591E+03 -2.96075E-04
1.27603E+03 -1.70238E-04
1.27615E+03 2.07338E-04
1.27627E+03 4.82257E-04
1.27639E+03 4.41857E-04
1.27651E+03 2.38925E-04
1.27663E+03 1.71274E-04
1.27675E+03 2.93579E-04
1.27687E+03 3.48218E-04
1.27699E+03 9.32962E-05
1.27711E+03 -3.96963E-04
1.27723E+03 -8.20145E-04
1.27736E+03 -9.75095E-04
1.27748E+03 -8.91201E-04
1.27760E+03 -6.79057E-04
1.27772E+03 -3.87087E-04
1.27784E+03 -5.33089E-05
1.27796E+03 2.18384E-04
1.27808E+03 3.31730E-04
1.27820E+03 3.07754E-04
1.27832E+03 2.21509E-04
1.27844E+03 9.46708E-05
1.27856E+03 -5.32307E-05
1.27868E+03 -9.75318E-05
1.27880E+03 6.79418E-05
1.27892E+03 2.90442E-04
1.27904E+03 2.25522E-04
1.27916E+03 -2.47531E-04
1.27928E+03 -7.90834E-04
1.27940E+03 -9.62961E-04
1.27953E+03 -7.21149E-04
1.27965E+03 -4.06832E-04
1.27977E+03 -2.54471E-04
1.27989E+03 -1.32103E-04
1.28001E+03 1.65418E-04
1.28013E+03 5.56290E-04
1.28025E+03 7.79346E-04
1.28037E+03 7.48955E-04
1.28049E+03 6.33843E-04
1.28061E+03 5.93118E-04
1.28073E+03 5.83626E-04
1.28085E+03 4.68444E-04
1.28097E+03 2.12949E-04
1.28109E+03 -8.36551E-05
1.28121E+03 -2.89641E-04
1.28133E+03 -3.45491E-04
1.28145E+03 -2.94909E-04
1.28157E+03 -2.45988E-04
1.28170E+03 -2.56952E-04
1.28182E+03 -2.52578E-04
1.28194E+03 -1.20655E-04
1.28206E+03 8.99881E-05
1.28218E+03 1.50677E-04
1.28230E+03 -8.96193E-05
1.28242E+03 -4.99185E-04
1.28254E+03 -8.01332E-04
1.28266E+03 -8.64156E-04
1.28278E+03 -7.69269E-04
1.28290E+03 -6.12576E-04
1.28302E+03 -3.60824E-04
1.28314E+03 4.30420E-05
1.28326E+03 5.04050E-04
1.28338E+03 7.98278E-04
1.28350E+03 7.62828E-04
1.28362E+03 4.55245E-04
1.28374E+03 1.24399E-04
1.28387E+03 5.96792E-06
1.28399E+03 1.02613E-04
1.28411E+03 1.79294E-04
1.28423E+03 4.20660E-05
1.28435E+03 -1.83627E-04
1.28447E+03 -1.52513E-04
1.28459E+03 2.62689E-04
1.28471E+03 7.50482E-04
1.28483E+03 8.87275E-04
1.28495E+03 6.20812E-04
1.28507E+03 3.13587E-04
1.28519E+03 3.07839E-04
1.28531E+03 5.76988E-04
1.28543E+03 8.33862E-04
1.28555E+03 8.60918E-04
1.28567E+03 6.64353E-04
1.28579E+03 3.93055E-04
1.28591E+03 2.04440E-04
1.28604E+03 1.61353E-04
1.28616E+03 1.65485E-04
1.28628E+03 2.00383E-05
1.28640E+03 -3.44213E-04
1.28652E+03 -6.99911E-04
1.28664E+03 -6.94633E-04
1.28676E+03 -2.26837E-04
1.28688E+03 3.97313E-04
1.28700E+03 7.34672E-04
1.28712E+03 6.22459E-04
1.28724E+03 2.79557E-04
1.28736E+03 3.44552E-05
1.28748E+03 3.83332E-06
1.28760E+03 4.07882E-05
1.28772E+03 -3.74019E-05
1.28784E+03 -2.00927E-04
1.28796E+03 -2.22370E-04
1.28808E+03 6.08563E-05
1.28820E+03 5.05552E-04
1.28833E+03 7.60540E-04
1.28845E+03 6.17441E-04
1.28857E+03 2.31512E-04
1.28869E+03 -4.87715E-05
1.28881E+03 -3.65004E-05
1.28893E+03 1.46680E-04
1.28905E+03 2.63270E-04
1.28917E+03 2.17594E-04
1.28929E+03 8.70563E-05
1.28941E+03 -2.55406E-05
1.28953E+03 -1.02218E-04
1.28965E+03 -1.98729E-04
1.28977E+03 -3.61685E-04
1.28989E+03 -5.70584E-04
1.29001E+03 -7.27460E-04
1.29013E+03 -7.16768E-04
1.29025E+03 -5.25035E-04
1.29037E+03 -3.02333E-04
1.29050E+03 -2.40635E-04
1.29062E+03 -3.53176E-04
1.29074E+03 -4.22653E-04
1.29086E+03 -2.32317E-04
1.29098E+03 1.71412E-04
1.29110E+03 5.05235E-04
1.29122E+03 5.43360E-04
1.29134E+03 3.04077E-04
1.29146E+03 -5.54472E-05
1.29158E+03 -4.22429E-04
1.29170E+03 -7.37451E-04
1.29182E+03 -8.91041E-04
1.29194E+03 -7.64895E-04
1.29206E+03 -3.90776E-04
1.29218E+03 2.40467E-05
1.29230E+03 2.62517E-04
1.29242E+03 2.50634E-04
1.29254E+03 3.07709E-05
1.29267E+03 -3.11594E-04
1.29279E+03 -6.41860E-04
1.29291E+03 -7.99924E-04
1.29303E+03 -7.24465E-04
1.29315E+03 -5.35849E-04
1.29327E+03 -4.01661E-04
1.29339E+03 -3.35265E-04
1.29351E+03 -2.20764E-04
1.29363E+03 -3.44478E-05
1.29375E+03 7.67410E-05
1.29387E+03 -1.40667E-05
1.29399E+03 -2.11816E-04
1.29411E+03 -3.02091E-04
1.29423E+03 -2.04161E-04
1.29435E+03 -6.43134E-05
1.29447E+03 -8.89339E-05
1.29459E+03 -3.29047E-04
1.29471E+03 -6.40441E-04
1.29484E+03 -8.31060E-04
1.29496E+03 -8.34104E-04
1.29508E+03 -7.39597E-04
1.29520E+03 -6.58404E-04
1.29532E+03 -5.80873E-04
1.29544E+03 -4.18313E-04
1.29556E+03 -1.78874E-04
1.29568E+03 -2.04593E-05
1.29580E+03 -7.63610E-05
1.29592E+03 -2.85339E-04
1.29604E+03 -4.65684E-04
1.29616E+03 -5.21056E-04
1.29628E+03 -4.88903E-04
1.29640E+03 -4.06101E-04
1.29652E+03 -2.39130E-04
1.29664E+03 2.19941E-05
1.29676E+03 2.85860E-04
1.29688E+03 4.40329E-04
1.29701E+03 4.38560E-04
1.29713E+03 2.77743E-04
1.29725E+03 -3.20785E-05
1.29737E+03 -3.98308E-04
1.29749E+03 -6.29876E-04
1.29761E+03 -5.98744E-04
1.29773E+03 -4.12252E-04
1.29785E+03 -2.98593E-04
1.29797E+03 -3.08283E-04
1.29809E+03 -2.62372E-04
1.29821E+03 -5.41359E-05
1.29833E+03 1.40343E-04
1.29845E+03 8.61213E-05
1.29857E+03 -1.50524E-04
1.29869E+03 -2.64134E-04
1.29881E+03 -1.33961E-04
1.29893E+03 1.87717E-05
1.29905E+03 -2.70195E-05
1.29918E+03 -1.40820E-04
1.29930E+03 -4.27291E-05
1.29942E+03 2.53469E-04
1.29954E+03 4.16879E-04
1.29966E+03 2.72948E-04
1.29978E+03 7.30678E-05
1.29990E+03 1.64293E-04
1.30002E+03 5.16579E-04
1.30014E+03 7.49405E-04
1.30026E+03 5.79089E-04
1.30038E+03 8.69595E-05
1.30050E+03 -4.43116E-04
1.30062E+03 -7.86014E-04
1.30074E+03 -8.54280E-04
1.30086E+03 -6.64961E-04
1.30098E+03 -3.40711E-04
1.30110E+03 -5.36516E-05
1.30122E+03 1.22495E-04
1.30134E+03 2.55655E-04
1.30147E+03 4.09886E-04
1.30159E+03 5.18080E-04
1.30171E+03 4.93038E-04
1.30183E+03 3.84182E-04
1.30195E+03 2.99495E-04
1.30207E+03 2.11366E-04
1.30219E+03 -1.31093E-05
1.30231E+03 -3.72462E-04
1.30243E+03 -6.69688E-04
1.30255E+03 -7.26201E-04
1.30267E+03 -5.55821E-04
1.30279E+03 -2.63706E-04
1.30291E+03 9.87463E-05
1.30303E+03 4.63709E-04
1.30315E+03 6.53595E-04
1.30327E+03 5.25836E-04
1.30339E+03 2.07800E-04
1.30351E+03 1.28448E-05
1.30364E+03 6.99386E-05
1.30376E+03 1.71728E-04
1.30388E+03 8.02018E-05
1.30400E+03 -1.35448E-04
1.30412E+03 -2.09253E-04
1.30424E+03 -8.28616E-05
1.30436E+03 -1.76206E-06
1.30448E+03 -1.74422E-04
1.30460E+03 -4.83032E-04
1.30472E+03 -6.49545E-04
1.30484E+03 -5.94281E-04
1.30496E+03 -4.73280E-04
1.30508E+03 -3.87553E-04
1.30520E+03 -2.43369E-04
1.30532E+03 1.76281E-05
1.30544E+03 1.89330E-04
1.30556E+03 -1.54972E-05
1.30568E+03 -5.81764E-04
1.30581E+03 -1.13336E-03
1.30593E+03 -1.29661E-03
1.30605E+03 -1.04203E-03
1.30617E+03 -6.19702E-04
1.30629E+03 -2.55723E-04
1.30641E+03 -9.82359E-06
1.30653E+03 1.15108E-04
1.30665E+03 5.91539E-05
1.30677E+03 -2.19066E-04
1.30689E+03 -6.11968E-04
1.30701E+03 -8.89596E-04
1.30713E+03 -8.79932E-04
1.30725E+03 -6.22060E-04
1.30737E+03 -3.11609E-04
1.30749E+03 -9.07630E-05
1.30761E+03 7.42637E-05
1.30773E+03 2.68828E-04
1.30785E+03 4.32830E-04
1.30798E+03 3.73933E-04
1.30810E+03 3.44031E-05
1.30822E+03 -3.40849E-04
1.30834E+03 -3.99578E-04
1.30846E+03 -5.72242E-05
1.30858E+03 4.14167E-04
1.30870E+03 6.66779E-04
1.30882E+03 5.82647E-04
1.30894E+03 2.77542E-04
1.30906E+03 -6.68988E-05
1.30918E+03 -2.89798E-04
1.30930E+03 -2.68225E-04
1.30942E+03 1.05128E-05
1.30954E+03 3.56335E-04
1.30966E+03 4.92491E-04
1.30978E+03 3.25426E-04
1.30990E+03 5.60358E-05
1.31002E+03 -5.01387E-05
1.31015E+03 3.91230E-05
1.31027E+03 1.12250E-04
1.31039E+03 7.44686E-06
1.31051E+03 -1.99925E-04
1.31063E+03 -3.14057E-04
1.31075E+03 -2.77594E-04
1.31087E+03 -2.36101E-04
1.31099E+03 -3.61528E-04
1.31111E+03 -6.41700E-04
1.31123E+03 -8.61440E-04
1.31135E+03 -7.98780E-04
1.31147E+03 -4.54076E-04
1.31159E+03 -8.32230E-05
1.31171E+03 3.30210E-05
1.31183E+03 -1.36901E-04
1.31195E+03 -3.45934E-04
1.31207E+03 -3.52740E-04
1.31219E+03 -1.69758E-04
1.31232E+03 -2.32086E-06
1.31244E+03 2.39015E-05
1.31256E+03 -1.38395E-05
1.31268E+03 2.97129E-05
1.31280E+03 1.56734E-04
1.31292E+03 2.23581E-04
1.31304E+03 7.91699E-05
1.31316E+03 -3.00206E-04
1.31328E+03 -7.65014E-04
1.31340E+03 -1.05961E-03
1.31352E+03 -9.81946E-04
1.31364E+03 -5.61085E-04
1.31376E+03 -6.27786E-05
1.31388E+03 2.26934E-04
1.31400E+03 2.18015E-04
1.31412E+03 2.60435E-05
1.31424E+03 -1.76433E-04
1.31436E+03 -2.38378E-04
1.31448E+03 -5.49033E-05
1.31461E+03 3.45360E-04
1.31473E+03 7.06576E-04
1.31485E+03 7.14697E-04
1.31497E+03 3.42652E-04
1.31509E+03 -6.38850E-05
1.31521E+03 -1.64259E-04
1.31533E+03 -3.71560E-05
1.31545E+03 -6.08563E-05
1.31557E+03 -4.00808E-04
1.31569E+03 -7.70681E-04
1.31581E+03 -7.72681E-04
1.31593E+03 -3.72872E-04
1.31605E+03 6.52336E-05
1.31617E+03 1.73159E-04
1.31629E+03 -7.08476E-05
1.31641E+03 -3.70994E-04
1.31653E+03 -4.24810E-04
1.31665E+03 -1.93819E-04
1.31678E+03 7.36453E-05
1.31690E+03 8.20756E-05
1.31702E+03 -1.98342E-04
1.31714E+03 -4.75861E-04
1.31726E+03 -4.48205E-04
1.31738E+03 -1.54164E-04
1.31750E+03 5.15133E-05
1.31762E+03 -9.69470E-05
1.31774E+03 -4.57413E-04
1.31786E+03 -6.51896E-04
1.31798E+03 -4.77418E-04
1.31810E+03 -7.69384E-05
1.31822E+03 2.76372E-04
1.31834E+03 4.39651E-04
1.31846E+03 4.30271E-04
1.31858E+03 3.02907E-04
1.31870E+03 1.11405E-04
1.31882E+03 -6.01858E-05
1.31895E+03 -1.38510E-04
1.31907E+03 -1.65414E-04
1.31919E+03 -2.67874E-04
1.31931E+03 -4.89011E-04
1.31943E+03 -6.97918E-04
1.31955E+03 -7.26875E-04
1.31967E+03 -5.68941E-04
1.31979E+03 -3.71210E-04
1.31991E+03 -2.37525E-04
1.32003E+03 -1.13226E-04
1.32015E+03 9.89176E-05
1.32027E+03 3.59606E-04
1.32039E+03 5.10279E-04
1.32051E+03 4.41577E-04
1.32063E+03 1.89897E-04
1.32075E+03 -1.40298E-04
1.32087E+03 -4.58606E-04
1.32099E+03 -6.59812E-04
1.32112E+03 -5.99671E-04
1.32124E+03 -2.52496E-04
1.32136E+03 1.27859E-04
1.32148E+03 1.63712E-04
1.32160E+03 -2.32108E-04
1.32172E+03 -7.08058E-04
1.32184E+03 -8.59920E-04
1.32196E+03 -6.89209E-04
1.32208E+03 -5.40987E-04
1.32220E+03 -6.09867E-04
1.32232E+03 -6.93977E-04
1.32244E+03 -5.15535E-04
1.32256E+03 -1.24797E-04
1.32268E+03 1.70857E-04
1.32280E+03 1.96941E-04
1.32292E+03 7.95536E-05
1.32304E+03 1.76318E-05
1.32316E+03 4.16525E-05
1.32329E+03 3.84487E-05
1.32341E+03 -8.23624E-05
1.32353E+03 -2.98314E-04
1.32365E+03 -4.99088E-04
1.32377E+03 -5.52520E-04
1.32389E+03 -4.23525E-04
1.32401E+03 -2.64216E-04
1.32413E+03 -3.09575E-04
1.32425E+03 -6.05430E-04
1.32437E+03 -8.85215E-04
1.32449E+03 -8.08831E-04
1.32461E+03 -3.23337E-04
1.32473E+03 2.72017E-04
1.32485E+03 6.05911E-04
1.32497E+03 5.43602E-04
1.32509E+03 2.26889E-04
1.32521E+03 -8.97609E-05
1.32533E+03 -2.14353E-04
1.32546E+03 -1.24633E-04
1.32558E+03 3.75025E-05
1.32570E+03 8.28691E-05
1.32582E+03 -4.51207E-05
1.32594E+03 -2.07160E-04
1.32606E+03 -2.06403E-04
1.32618E+03 1.44094E-05
1.32630E+03 3.09251E-04
1.32642E+03 4.75943E-04
1.32654E+03 4.47210E-04
1.32666E+03 3.44027E-04
1.32678E+03 3.27304E-04
1.32690E+03 4.00554E-04
1.32702E+03 3.90515E-04
1.32714E+03 1.53493E-04
1.32726E+03 -2.22091E-04
1.32738E+03 -4.64413E-04
1.32750E+03 -3.83798E-04
1.32762E+03 -3.97563E-05
1.32775E+03 3.41114E-04
1.32787E+03 5.51376E-04
1.32799E+03 5.13691E-04
1.32811E+03 2.91973E-04
1.32823E+03 6.79418E-05
1.32835E+03 3.14191E-05
1.32847E+03 1.98767E-04
1.32859E+03 3.60966E-04
1.32871E+03 2.96466E-04
1.32883E+03 3.00556E-05
1.32895E+03 -2.00007E-04
1.32907E+03 -2.18179E-04
1.32919E+03 -6.73160E-05
1.32931E+03 1.34751E-04
1.32943E+03 3.51682E-04
1.32955E+03 5.81659E-04
1.32967E+03 7.40748E-04
1.32979E+03 7.32686E-04
1.32992E+03 6.02506E-04
1.33004E+03 5.10085E-04
1.33016E+03 5.42633E-04
1.33028E+03 6.35598E-04
1.33040E+03 6.90140E-04
1.33052E+03 6.85684E-04
1.33064E+03 6.48733E-04
1.33076E+03 5.90749E-04
1.33088E+03 5.30370E-04
1.33100E+03 5.13542E-04
1.33112E+03 5.36744E-04
1.33124E+03 4.80600E-04
1.33136E+03 2.05733E-04
1.33148E+03 -2.62309E-04
1.33160E+03 -6.79623E-04
1.33172E+03 -7.58745E-04
1.33184E+03 -4.02652E-04
1.33196E+03 1.97198E-04
1.33209E+03 6.83390E-04
1.33221E+03 7.91710E-04
1.33233E+03 5.27054E-04
1.33245E+03 1.16769E-04
1.33257E+03 -2.08922E-04
1.33269E+03 -3.58403E-04
1.33281E+03 -3.24812E-04
1.33293E+03 -8.18707E-05
1.33305E+03 3.56212E-04
1.33317E+03 8.10981E-04
1.33329E+03 1.02203E-03
1.33341E+03 8.89774E-04
1.33353E+03 5.67183E-04
1.33365E+03 2.54124E-04
1.33377E+03 -1.25654E-05
1.33389E+03 -2.72639E-04
1.33401E+03 -4.36775E-04
1.33413E+03 -3.10462E-04
1.33426E+03 1.40551E-04
1.33438E+03 6.57953E-04
1.33450E+03 8.97020E-04
1.33462E+03 7.02575E-04
1.33474E+03 1.68134E-04
1.33486E+03 -4.90990E-04
1.33498E+03 -1.03000E-03
1.33510E+03 -1.22773E-03
1.33522E+03 -9.95666E-04
1.33534E+03 -4.95590E-04
1.33546E+03 -5.04926E-05
1.33558E+03 1.42068E-04
1.33570E+03 1.72056E-04
1.33582E+03 2.55525E-04
1.33594E+03 4.43202E-04
1.33606E+03 5.80300E-04
1.33618E+03 5.40748E-04
1.33630E+03 3.99563E-04
1.33643E+03 3.14880E-04
1.33655E+03 3.02508E-04
1.33667E+03 2.18518E-04
1.33679E+03 -3.15718E-05
1.33691E+03 -3.28258E-04
1.33703E+03 -4.32212E-04
1.33715E+03 -2.10293E-04
1.33727E+03 2.40125E-04
1.33739E+03 6.76468E-04
1.33751E+03 9.14916E-04
1.33763E+03 9.49893E-04
1.33775E+03 9.02548E-04
1.33787E+03 8.56284E-04
1.33799E+03 7.67153E-04
1.33811E+03 5.63681E-04
1.33823E+03 3.04323E-04
1.33835E+03 1.49868E-04
1.33847E+03 1.53795E-04
1.33860E+03 1.71836E-04
1.33872E+03 6.26631E-05
1.33884E+03 -9.13814E-05
1.33896E+03 -9.26405E-05
1.33908E+03 4.80674E-05
1.33920E+03 7.19875E-05
1.33932E+03 -1.71337E-04
1.33944E+03 -4.74524E-04
1.33956E+03 -5.25769E-04
1.33968E+03 -3.27256E-04
1.33980E+03 -1.94542E-04
1.33992E+03 -3.31391E-04
1.34004E+03 -5.83138E-04
1.34016E+03 -6.96357E-04
1.34028E+03 -6.72303E-04
1.34040E+03 -7.00369E-04
1.34052E+03 -8.01522E-04
1.34064E+03 -7.41091E-04
1.34077E+03 -3.63406E-04
1.34089E+03 1.24991E-04
1.34101E+03 3.41520E-04
1.34113E+03 1.74563E-04
1.34125E+03 -1.03120E-04
1.34137E+03 -1.82964E-04
1.34149E+03 -8.80174E-05
1.34161E+03 -7.98330E-05
1.34173E+03 -2.61385E-04
1.34185E+03 -4.15877E-04
1.34197E+03 -2.97692E-04
1.34209E+03 2.99551E-05
1.34221E+03 2.72285E-04
1.34233E+03 2.90036E-04
1.34245E+03 2.49859E-04
1.34257E+03 3.56417E-04
1.34269E+03 5.53876E-04
1.34281E+03 6.05576E-04
1.34293E+03 4.11157E-04
1.34306E+03 1.19332E-04
1.34318E+03 -8.10847E-05
1.34330E+03 -1.63905E-04
1.34342E+03 -2.26542E-04
1.34354E+03 -3.25475E-04
1.34366E+03 -4.34607E-04
1.34378E+03 -5.13732E-04
1.34390E+03 -5.44488E-04
1.34402E+03 -5.13837E-04
1.34414E+03 -4.22359E-04
1.34426E+03 -3.05858E-04
1.34438E+03 -2.02455E-04
1.34450E+03 -1.04018E-04
1.34462E+03 1.77510E-05
1.34474E+03 1.43122E-04
1.34486E+03 2.34056E-04
1.34498E+03 3.18438E-04
1.34510E+03 4.76908E-04
1.34523E+03 7.01584E-04
1.34535E+03 8.40966E-04
1.34547E+03 7.63901E-04
1.34559E+03 5.41732E-04
1.34571E+03 3.71788E-04
1.34583E+03 3.17283E-04
1.34595E+03 2.29944E-04
1.34607E+03 -8.48249E-06
1.34619E+03 -2.54661E-04
1.34631E+03 -2.59705E-04
1.34643E+03 -3.74727E-05
1.34655E+03 6.75246E-05
1.34667E+03 -2.13396E-04
1.34679E+03 -6.64994E-04
1.34691E+03 -7.76004E-04
1.34703E+03 -3.32404E-04
1.34715E+03 3.07303E-04
1.34727E+03 6.12102E-04
1.34740E+03 4.53558E-04
1.34752E+03 1.43882E-04
1.34764E+03 -1.05649E-05
1.34776E+03 -3.26708E-06
1.34788E+03 2.25194E-05
1.34800E+03 1.55307E-05
1.34812E+03 -1.01365E-05
1.34824E+03 -8.97162E-05
1.34836E+03 -2.19196E-04
1.34848E+03 -2.31337E-04
1.34860E+03 2.10851E-05
1.34872E+03 3.71348E-04
1.34884E+03 4.45198E-04
1.34896E+03 1.10913E-04
1.34908E+03 -3.35291E-04
1.34920E+03 -5.25534E-04
1.34932E+03 -4.14424E-04
1.34944E+03 -1.82014E-04
1.34957E+03 8.44561E-05
1.34969E+03 3.92079E-04
1.34981E+03 6.19438E-04
1.34993E+03 5.60973E-04
1.35005E+03 2.67170E-04
1.35017E+03 1.03690E-04
1.35029E+03 3.20800E-04
1.35041E+03 7.10778E-04
1.35053E+03 8.70734E-04
1.35065E+03 7.28533E-04
1.35077E+03 6.11033E-04
1.35089E+03 7.86941E-04
1.35101E+03 1.12147E-03
1.35113E+03 1.27082E-03
1.35125E+03 1.10225E-03
1.35137E+03 7.95115E-04
1.35149E+03 5.73762E-04
1.35161E+03 4.72959E-04
1.35174E+03 3.98058E-04
1.35186E+03 3.16672E-04
1.35198E+03 2.93560E-04
1.35210E+03 3.55884E-04
1.35222E+03 4.13764E-04
1.35234E+03 3.54882E-04
1.35246E+03 1.66990E-04
1.35258E+03 -8.09468E-05
1.35270E+03 -3.33987E-04
1.35282E+03 -5.65711E-04
1.35294E+03 -7.01778E-04
1.35306E+03 -6.50216E-04
1.35318E+03 -4.59325E-04
1.35330E+03 -3.62240E-04
1.35342E+03 -5.48847E-04
1.35354E+03 -9.00142E-04
1.35366E+03 -1.05029E-03
1.35378E+03 -7.59345E-04
1.35391E+03 -1.76150E-04
1.35403E+03 3.02829E-04
1.35415E+03 3.83653E-04
1.35427E+03 6.90371E-05
1.35439E+03 -4.26434E-04
1.35451E+03 -8.27231E-04
1.35463E+03 -8.94457E-04
1.35475E+03 -5.16262E-04
1.35487E+03 1.63157E-04
1.35499E+03 7.50884E-04
1.35511E+03 8.94528E-04
1.35523E+03 6.14882E-04
1.35535E+03 3.00705E-04
1.35547E+03 3.13267E-04
1.35559E+03 6.43007E-04
1.35571E+03 1.00097E-03
1.35583E+03 1.16966E-03
1.35595E+03 1.15228E-03
1.35607E+03 1.01218E-03
1.35620E+03 7.30511E-04
1.35632E+03 2.95646E-04
1.35644E+03 -1.73096E-04
1.35656E+03 -4.89175E-04
1.35668E+03 -5.55430E-04
1.35680E+03 -3.83537E-04
1.35692E+03 -4.06392E-05
1.35704E+03 3.36729E-04
1.35716E+03 5.37686E-04
1.35728E+03 4.43880E-04
1.35740E+03 1.91927E-04
1.35752E+03 5.15617E-05
1.35764E+03 1.01313E-04
1.35776E+03 1.36234E-04
1.35788E+03 -4.80153E-05
1.35800E+03 -3.71028E-04
1.35812E+03 -5.59848E-04
1.35824E+03 -4.46830E-04
1.35837E+03 -1.08983E-04
1.35849E+03 2.38970E-04
1.35861E+03 4.04075E-04
1.35873E+03 3.22506E-04
1.35885E+03 8.68030E-05
1.35897E+03 -1.27982E-04
1.35909E+03 -2.28014E-04
1.35921E+03 -2.87395E-04
1.35933E+03 -4.03851E-04
1.35945E+03 -5.20419E-04
1.35957E+03 -4.80127E-04
1.35969E+03 -2.49509E-04
1.35981E+03 1.52960E-05
1.35993E+03 1.41397E-04
1.36005E+03 1.09229E-04
1.36017E+03 1.80304E-05
1.36029E+03 -3.19555E-05
1.36041E+03 -6.07222E-07
1.36054E+03 5.97760E-05
1.36066E+03 1.79559E-05
1.36078E+03 -1.98234E-04
1.36090E+03 -4.46379E-04
1.36102E+03 -4.67751E-04
1.36114E+03 -2.07406E-04
1.36126E+03 6.54086E-05
1.36138E+03 7.68080E-05
1.36150E+03 -8.95597E-05
1.36162E+03 -1.18181E-04
1.36174E+03 9.55425E-05
1.36186E+03 3.16035E-04
1.36198E+03 2.96246E-04
1.36210E+03 4.99375E-05
1.36222E+03 -2.47717E-04
1.36234E+03 -4.61090E-04
1.36246E+03 -5.03227E-04
1.36258E+03 -2.86814E-04
1.36271E+03 1.47127E-04
1.36283E+03 5.27542E-04
1.36295E+03 5.77372E-04
1.36307E+03 3.27408E-04
1.36319E+03 8.33422E-05
1.36331E+03 7.34664E-05
1.36343E+03 2.49468E-04
1.36355E+03 4.36082E-04
1.36367E+03 5.25847E-04
1.36379E+03 4.76938E-04
1.36391E+03 2.69566E-04
1.36403E+03 -2.65948E-05
1.36415E+03 -2.36046E-04
1.36427E+03 -2.63937E-04
1.36439E+03 -2.28297E-04
1.36451E+03 -2.94693E-04
1.36463E+03 -4.18417E-04
1.36475E+03 -3.99046E-04
1.36488E+03 -1.98565E-04
1.36500E+03 -5.66877E-05
1.36512E+03 -2.10717E-04
1.36524E+03 -5.94597E-04
1.36536E+03 -9.15807E-04
1.36548E+03 -9.90875E-04
1.36560E+03 -9.05417E-04
1.36572E+03 -8.35322E-04
1.36584E+03 -8.01537E-04
1.36596E+03 -6.72102E-04
1.36608E+03 -3.83634E-04
1.36620E+03 -8.04886E-05
1.36632E+03 2.38232E-05
1.36644E+03 -1.06577E-04
1.36656E+03 -2.79028E-04
1.36668E+03 -3.16914E-04
1.36680E+03 -2.65747E-04
1.36692E+03 -3.04732E-04
1.36705E+03 -4.86381E-04
1.36717E+03 -6.63102E-04
1.36729E+03 -6.80551E-04
1.36741E+03 -5.43695E-04
1.36753E+03 -3.43781E-04
1.36765E+03 -1.09512E-04
1.36777E+03 1.72362E-04
1.36789E+03 4.22087E-04
1.36801E+03 4.86251E-04
1.36813E+03 3.21448E-04
1.36825E+03 9.78187E-05
1.36837E+03 4.65326E-05
1.36849E+03 2.22046E-04
1.36861E+03 4.64320E-04
1.36873E+03 5.89266E-04
1.36885E+03 5.57266E-04
1.36897E+03 4.32640E-04
1.36909E+03 2.44200E-04
1.36921E+03 -2.97017E-05
1.36934E+03 -3.41937E-04
1.36946E+03 -5.52855E-04
1.36958E+03 -5.69642E-04
1.36970E+03 -4.57920E-04
1.36982E+03 -3.30608E-04
1.36994E+03 -1.69422E-04
1.37006E+03 1.36983E-04
1.37018E+03 5.71977E-04
1.37030E+03 9.31609E-04
1.37042E+03 1.02558E-03
1.37054E+03 8.74009E-04
1.37066E+03 6.47120E-04
1.37078E+03 4.75861E-04
1.37090E+03 3.75126E-04
1.37102E+03 2.84672E-04
1.37114E+03 1.09069E-04
1.37126E+03 -2.26323E-04
1.37138E+03 -6.53550E-04
1.37151E+03 -9.32071E-04
1.37163E+03 -8.34130E-04
1.37175E+03 -3.95011E-04
1.37187E+03 8.87215E-05
1.37199E+03 3.18024E-04
1.37211E+03 2.13545E-04
1.37223E+03 -1.06692E-04
1.37235E+03 -4.55923E-04
1.37247E+03 -6.87938E-04
1.37259E+03 -7.54915E-04
1.37271E+03 -7.11761E-04
1.37283E+03 -6.13272E-04
1.37295E+03 -4.09529E-04
1.37307E+03 -3.79570E-05
1.37319E+03 3.58153E-04
1.37331E+03 4.35028E-04
1.37343E+03 4.21703E-06
1.37355E+03 -6.90918E-04
1.37368E+03 -1.16610E-03
1.37380E+03 -1.16944E-03
1.37392E+03 -8.53643E-04
1.37404E+03 -4.98045E-04
1.37416E+03 -1.73703E-04
1.37428E+03 2.48749E-04
1.37440E+03 8.19344E-04
1.37452E+03 1.34225E-03
1.37464E+03 1.50852E-03
1.37476E+03 1.20005E-03
1.37488E+03 6.36533E-04
1.37500E+03 1.93324E-04
1.37512E+03 5.27911E-05
1.37524E+03 5.61476E-05
1.37536E+03 -7.04639E-05
1.37548E+03 -3.75774E-04
1.37560E+03 -6.40322E-04
1.37572E+03 -6.35583E-04
1.37585E+03 -3.56369E-04
1.37597E+03 2.02321E-05
1.37609E+03 3.14441E-04
1.37621E+03 4.48272E-04
1.37633E+03 4.24962E-04
1.37645E+03 2.96433E-04
1.37657E+03 1.39702E-04
1.37669E+03 1.91256E-05
1.37681E+03 -4.55789E-05
1.37693E+03 -7.18087E-05
1.37705E+03 -1.08387E-04
1.37717E+03 -2.20709E-04
1.37729E+03 -4.30401E-04
1.37741E+03 -6.27015E-04
1.37753E+03 -6.03583E-04
1.37765E+03 -2.71481E-04
1.37777E+03 1.69780E-04
1.37789E+03 3.66136E-04
1.37802E+03 1.68607E-04
1.37814E+03 -2.02309E-04
1.37826E+03 -3.81440E-04
1.37838E+03 -2.41771E-04
1.37850E+03 8.72463E-06
1.37862E+03 8.99471E-05
1.37874E+03 -3.63030E-05
1.37886E+03 -1.53773E-04
1.37898E+03 -5.42663E-05
1.37910E+03 2.51185E-04
1.37922E+03 5.59490E-04
1.37934E+03 6.62617E-04
1.37946E+03 4.66119E-04
1.37958E+03 9.59635E-06
1.37970E+03 -5.36148E-04
1.37982E+03 -9.02683E-04
1.37994E+03 -8.92848E-04
1.38006E+03 -5.71869E-04
1.38019E+03 -2.33438E-04
1.38031E+03 -1.00899E-04
1.38043E+03 -1.11170E-04
1.38055E+03 -6.65598E-05
1.38067E+03 6.73458E-05
1.38079E+03 1.36610E-04
1.38091E+03 5.83604E-05
1.38103E+03 -6.06924E-05
1.38115E+03 -9.21972E-05
1.38127E+03 -5.11557E-05
1.38139E+03 1.09486E-05
1.38151E+03 1.47466E-04
1.38163E+03 4.31817E-04
1.38175E+03 7.72439E-04
1.38187E+03 9.63252E-04
1.38199E+03 9.06762E-04
1.38211E+03 6.76099E-04
1.38223E+03 3.68401E-04
1.38236E+03 3.46601E-05
1.38248E+03 -2.33110E-04
1.38260E+03 -3.09333E-04
1.38272E+03 -2.27507E-04
1.38284E+03 -2.10855E-04
1.38296E+03 -3.86707E-04
1.38308E+03 -5.64680E-04
1.38320E+03 -4.73183E-04
1.38332E+03 -1.73379E-04
1.38344E+03 -3.59789E-05
1.38356E+03 -2.65006E-04
1.38368E+03 -6.13254E-04
1.38380E+03 -6.70336E-04
1.38392E+03 -3.15033E-04
1.38404E+03 2.36172E-04
1.38416E+03 7.25146E-04
1.38428E+03 1.04478E-03
1.38440E+03 1.15749E-03
1.38452E+03 1.02222E-03
1.38465E+03 6.86422E-04
1.38477E+03 3.56484E-04
1.38489E+03 2.63732E-04
1.38501E+03 4.58200E-04
1.38513E+03 7.72636E-04
1.38525E+03 9.82665E-04
1.38537E+03 9.82177E-04
1.38549E+03 8.28754E-04
1.38561E+03 6.61444E-04
1.38573E+03 5.75509E-04
1.38585E+03 5.50419E-04
1.38597E+03 4.91481E-04
1.38609E+03 3.50952E-04
1.38621E+03 2.07737E-04
1.38633E+03 2.17948E-04
1.38645E+03 4.78204E-04
1.38657E+03 9.23704E-04
1.38669E+03 1.34229E-03
1.38682E+03 1.49960E-03
1.38694E+03 1.29582E-03
1.38706E+03 8.31332E-04
1.38718E+03 3.18255E-04
1.38730E+03 -7.42339E-05
1.38742E+03 -2.76182E-04
1.38754E+03 -2.65051E-04
1.38766E+03 -2.96831E-05
1.38778E+03 3.56384E-04
1.38790E+03 6.87778E-04
1.38802E+03 7.60023E-04
1.38814E+03 5.43278E-04
1.38826E+03 1.86149E-04
1.38838E+03 -1.45301E-04
1.38850E+03 -3.68685E-04
1.38862E+03 -4.55268E-04
1.38874E+03 -3.95928E-04
1.38886E+03 -2.64034E-04
1.38899E+03 -2.25794E-04
1.38911E+03 -3.90194E-04
1.38923E+03 -6.64316E-04
1.38935E+03 -8.27439E-04
1.38947E+03 -7.55191E-04
1.38959E+03 -5.33532E-04
1.38971E+03 -3.59830E-04
1.38983E+03 -3.65954E-04
1.38995E+03 -5.17406E-04
1.39007E+03 -6.45600E-04
1.39019E+03 -6.16927E-04
1.39031E+03 -5.24580E-04
1.39043E+03 -6.54459E-04
1.39055E+03 -1.14098E-03
1.39067E+03 -1.67863E-03
1.39079E+03 -1.74556E-03
1.39091E+03 -1.17986E-03
1.39103E+03 -4.05271E-04
1.39116E+03 2.13981E-05
1.39128E+03 -1.57878E-05
1.39140E+03 -1.77369E-04
1.39152E+03 -1.51917E-04
1.39164E+03 5.52610E-05
1.39176E+03 2.65166E-04
1.39188E+03 3.64579E-04
1.39200E+03 3.24015E-04
1.39212E+03 1.53515E-04
1.39224E+03 -5.32530E-05
1.39236E+03 -1.33947E-04
1.39248E+03 -4.56944E-05
1.39260E+03 4.57168E-05
1.39272E+03 -3.96185E-05
1.39284E+03 -2.48007E-04
1.39296E+03 -3.83224E-04
1.39308E+03 -3.72630E-04
1.39320E+03 -3.11404E-04
1.39333E+03 -2.41403E-04
1.39345E+03 -5.65462E-05
1.39357E+03 2.98299E-04
1.39369E+03 6.56523E-04
1.39381E+03 7.84751E-04
1.39393E+03 6.37434E-04
1.39405E+03 3.66479E-04
1.39417E+03 1.21847E-04
1.39429E+03 -4.47445E-05
1.39441E+03 -9.37842E-05
1.39453E+03 3.47719E-05
1.39465E+03 3.10082E-04
1.39477E+03 5.47707E-04
1.39489E+03 5.51969E-04
1.39501E+03 3.25616E-04
1.39513E+03 6.61314E-05
1.39525E+03 -5.50747E-05
1.39537E+03 -5.42030E-05
1.39550E+03 -6.00182E-05
1.39562E+03 -1.07776E-04
1.39574E+03 -9.26517E-05
1.39586E+03 5.85169E-05
1.39598E+03 2.25727E-04
1.39610E+03 1.98752E-04
1.39622E+03 -6.67237E-05
1.39634E+03 -3.50624E-04
1.39646E+03 -3.93346E-04
1.39658E+03 -1.72582E-04
1.39670E+03 9.15565E-05
1.39682E+03 1.90560E-04
1.39694E+03 1.24786E-04
1.39706E+03 2.72319E-05
1.39718E+03 -7.42450E-06
1.39730E+03 4.36306E-05
1.39742E+03 1.82424E-04
1.39754E+03 3.89256E-04
1.39767E+03 5.54681E-04
1.39779E+03 5.35659E-04
1.39791E+03 3.17965E-04
1.39803E+03 5.08167E-05
1.39815E+03 -1.31439E-04
1.39827E+03 -2.43768E-04
1.39839E+03 -3.41959E-04
1.39851E+03 -3.43632E-04
1.39863E+03 -1.08540E-04
1.39875E+03 3.11900E-04
1.39887E+03 6.38202E-04
1.39899E+03 6.43827E-04
1.39911E+03 3.70197E-04
1.39923E+03 1.53966E-05
1.39935E+03 -2.89500E-04
1.39947E+03 -4.82399E-04
1.39959E+03 -4.62208E-04
1.39971E+03 -1.53463E-04
1.39983E+03 3.07754E-04
1.39996E+03 6.22898E-04
1.40008E+03 6.46286E-04
1.40020E+03 5.23843E-04
1.40032E+03 4.45422E-04
1.40044E+03 3.69493E-04
1.40056E+03 1.38186E-04
1.40068E+03 -1.98226E-04
1.40080E+03 -3.52409E-04
1.40092E+03 -1.47801E-04
1.40104E+03 2.62342E-04
1.40116E+03 5.95871E-04
1.40128E+03 7.74223E-04
1.40140E+03 9.08274E-04
1.40152E+03 1.01462E-03
1.40164E+03 9.22728E-04
1.40176E+03 5.37548E-04
1.40188E+03 6.87130E-05
1.40200E+03 -1.47492E-04
1.40213E+03 -2.87704E-05
1.40225E+03 1.65962E-04
1.40237E+03 1.71218E-04
1.40249E+03 2.73697E-05
1.40261E+03 -2.65054E-05
1.40273E+03 1.26250E-04
1.40285E+03 3.54648E-04
1.40297E+03 4.64108E-04
1.40309E+03 3.65406E-04
1.40321E+03 8.79578E-05
1.40333E+03 -2.50898E-04
1.40345E+03 -4.55361E-04
1.40357E+03 -3.75703E-04
1.40369E+03 -1.00054E-04
1.40381E+03 6.09905E-05
1.40393E+03 -1.01097E-04
1.40405E+03 -4.22191E-04
1.40417E+03 -5.65078E-04
1.40430E+03 -4.21666E-04
1.40442E+03 -1.93801E-04
1.40454E+03 -8.22954E-05
1.40466E+03 -6.76624E-05
1.40478E+03 -6.01411E-05
1.40490E+03 -1.08924E-04
1.40502E+03 -3.18836E-04
1.40514E+03 -6.24951E-04
1.40526E+03 -7.96579E-04
1.40538E+03 -6.79422E-04
1.40550E+03 -3.51738E-04
1.40562E+03 -2.71834E-05
1.40574E+03 1.42388E-04
1.40586E+03 1.58925E-04
1.40598E+03 1.42917E-04
1.40610E+03 2.12781E-04
1.40622E+03 3.76869E-04
1.40634E+03 5.22226E-04
1.40647E+03 5.20892E-04
1.40659E+03 3.39672E-04
1.40671E+03 3.83221E-05
1.40683E+03 -2.98046E-04
1.40695E+03 -5.74928E-04
1.40707E+03 -6.91798E-04
1.40719E+03 -6.03326E-04
1.40731E+03 -3.90753E-04
1.40743E+03 -1.97135E-04
1.40755E+03 -8.50186E-05
1.40767E+03 -2.70046E-05
1.40779E+03 -3.83742E-05
1.40791E+03 -2.03591E-04
1.40803E+03 -5.11959E-04
1.40815E+03 -7.72513E-04
1.40827E+03 -8.09491E-04
1.40839E+03 -6.93668E-04
1.40851E+03 -6.57607E-04
1.40864E+03 -7.91900E-04
1.40876E+03 -9.43363E-04
1.40888E+03 -9.37555E-04
1.40900E+03 -7.86938E-04
1.40912E+03 -6.19221E-04
1.40924E+03 -4.93187E-04
1.40936E+03 -3.87441E-04
1.40948E+03 -3.29621E-04
1.40960E+03 -4.22355E-04
1.40972E+03 -7.10413E-04
1.40984E+03 -1.07857E-03
1.40996E+03 -1.31970E-03
1.41008E+03 -1.29517E-03
1.41020E+03 -1.03157E-03
1.41032E+03 -6.79996E-04
1.41044E+03 -3.64970E-04
1.41056E+03 -5.62929E-05
1.41068E+03 3.73878E-04
1.41081E+03 9.20579E-04
1.41093E+03 1.33551E-03
1.41105E+03 1.33931E-03
1.41117E+03 9.62567E-04
1.41129E+03 5.59215E-04
1.41141E+03 4.25141E-04
1.41153E+03 4.93448E-04
1.41165E+03 5.00031E-04
1.41177E+03 3.71072E-04
1.41189E+03 2.86382E-04
1.41201E+03 3.50203E-04
1.41213E+03 3.65905E-04
1.41225E+03 6.43693E-05
1.41237E+03 -5.03846E-04
1.41249E+03 -9.30939E-04
1.41261E+03 -8.59447E-04
1.41273E+03 -3.62989E-04
1.41285E+03 1.12187E-04
1.41297E+03 1.81463E-04
1.41310E+03 -1.11751E-04
1.41322E+03 -3.81116E-04
1.41334E+03 -3.39255E-04
1.41346E+03 -1.10008E-04
1.41358E+03 -6.86273E-05
1.41370E+03 -3.85709E-04
1.41382E+03 -8.15358E-04
1.41394E+03 -9.73012E-04
1.41406E+03 -7.56755E-04
1.41418E+03 -4.21781E-04
1.41430E+03 -2.79509E-04
1.41442E+03 -4.17456E-04
1.41454E+03 -6.98313E-04
1.41466E+03 -9.19137E-04
1.41478E+03 -9.35439E-04
1.41490E+03 -7.30488E-04
1.41502E+03 -4.52340E-04
1.41514E+03 -3.35049E-04
1.41527E+03 -4.92025E-04
1.41539E+03 -7.95573E-04
1.41551E+03 -1.01593E-03
1.41563E+03 -1.05856E-03
1.41575E+03 -9.95453E-04
1.41587E+03 -8.83169E-04
1.41599E+03 -6.73577E-04
1.41611E+03 -3.63108E-04
1.41623E+03 -1.23635E-04
1.41635E+03 -1.40756E-04
1.41647E+03 -3.23445E-04
1.41659E+03 -3.12604E-04
1.41671E+03 1.25475E-04
1.41683E+03 7.57404E-04
1.41695E+03 1.06100E-03
1.41707E+03 7.64437E-04
1.41719E+03 1.52715E-04
1.41731E+03 -2.17542E-04
1.41744E+03 -6.29649E-05
1.41756E+03 4.10087E-04
1.41768E+03 7.90976E-04
1.41780E+03 8.55904E-04
1.41792E+03 6.49061E-04
1.41804E+03 3.06483E-04
1.41816E+03 -7.70763E-05
1.41828E+03 -4.16923E-04
1.41840E+03 -6.08690E-04
1.41852E+03 -5.87370E-04
1.41864E+03 -3.97857E-04
1.41876E+03 -1.63775E-04
1.41888E+03 7.01100E-06
1.41900E+03 7.35931E-05
1.41912E+03 5.59017E-05
1.41924E+03 -1.01849E-05
1.41936E+03 -9.69879E-05
1.41948E+03 -1.90280E-04
1.41961E+03 -2.62905E-04
1.41973E+03 -2.76037E-04
1.41985E+03 -2.27232E-04
1.41997E+03 -1.86875E-04
1.42009E+03 -2.45024E-04
1.42021E+03 -4.07729E-04
1.42033E+03 -5.66501E-04
1.42045E+03 -5.82315E-04
1.42057E+03 -3.95045E-04
1.42069E+03 -7.22706E-05
1.42081E+03 2.06739E-04
1.42093E+03 2.30964E-04
1.42105E+03 -7.23228E-05
1.42117E+03 -5.17022E-04
1.42129E+03 -7.85403E-04
1.42141E+03 -7.36162E-04
1.42153E+03 -5.51056E-04
1.42165E+03 -4.99617E-04
1.42178E+03 -6.10169E-04
1.42190E+03 -6.84537E-04
1.42202E+03 -6.10460E-04
1.42214E+03 -5.09810E-04
1.42226E+03 -5.28377E-04
1.42238E+03 -6.09949E-04
1.42250E+03 -5.91628E-04
1.42262E+03 -4.57305E-04
1.42274E+03 -3.67265E-04
1.42286E+03 -4.33784E-04
1.42298E+03 -5.65831E-04
1.42310E+03 -5.72234E-04
1.42322E+03 -3.69109E-04
1.42334E+03 -6.01597E-05
1.42346E+03 1.57736E-04
1.42358E+03 1.54264E-04
1.42370E+03 -2.44193E-05
1.42382E+03 -2.01166E-04
1.42395E+03 -2.48019E-04
1.42407E+03 -2.09533E-04
1.42419E+03 -2.21234E-04
1.42431E+03 -3.12187E-04
1.42443E+03 -3.61033E-04
1.42455E+03 -2.73082E-04
1.42467E+03 -1.28329E-04
1.42479E+03 -8.37557E-05
1.42491E+03 -1.70492E-04
1.42503E+03 -2.76640E-04
1.42515E+03 -3.21966E-04
1.42527E+03 -3.57684E-04
1.42539E+03 -4.58878E-04
1.42551E+03 -5.97198E-04
1.42563E+03 -6.91291E-04
1.42575E+03 -7.35626E-04
1.42587E+03 -7.87124E-04
1.42599E+03 -8.31541E-04
1.42611E+03 -7.71046E-04
1.42624E+03 -5.96318E-04
1.42636E+03 -4.83107E-04
1.42648E+03 -6.04622E-04
1.42660E+03 -8.68581E-04
1.42672E+03 -9.61736E-04
1.42684E+03 -6.99747E-04
1.42696E+03 -2.52046E-04
1.42708E+03 4.61973E-05
1.42720E+03 3.79309E-05
1.42732E+03 -1.68469E-04
1.42744E+03 -3.97701E-04
1.42756E+03 -5.61006E-04
1.42768E+03 -6.13928E-04
1.42780E+03 -5.25575E-04
1.42792E+03 -3.53359E-04
1.42804E+03 -2.36291E-04
1.42816E+03 -2.19639E-04
1.42828E+03 -1.73017E-04
1.42841E+03 5.28991E-06
1.42853E+03 1.73505E-04
1.42865E+03 1.10060E-04
1.42877E+03 -1.45260E-04
1.42889E+03 -2.82537E-04
1.42901E+03 -1.23139E-04
1.42913E+03 1.43223E-04
1.42925E+03 2.05327E-04
1.42937E+03 -1.76206E-06
1.42949E+03 -3.09538E-04
1.42961E+03 -5.75997E-04
1.42973E+03 -7.37645E-04
1.42985E+03 -6.81736E-04
1.42997E+03 -3.16076E-04
1.43009E+03 1.75819E-04
1.43021E+03 3.66859E-04
1.43033E+03 4.38131E-05
1.43045E+03 -5.03674E-04
1.43058E+03 -7.93457E-04
1.43070E+03 -6.96693E-04
1.43082E+03 -4.92509E-04
1.43094E+03 -4.23152E-04
1.43106E+03 -3.85858E-04
1.43118E+03 -1.39289E-04
1.43130E+03 3.24063E-04
1.43142E+03 7.28976E-04
1.43154E+03 7.97670E-04
1.43166E+03 4.77538E-04
1.43178E+03 -6.02379E-05
1.43190E+03 -5.57005E-04
1.43202E+03 -8.19616E-04
1.43214E+03 -8.25886E-04
1.43226E+03 -7.37328E-04
1.43238E+03 -7.51100E-04
1.43250E+03 -8.95601E-04
1.43262E+03 -9.97122E-04
1.43275E+03 -8.78174E-04
1.43287E+03 -5.62541E-04
1.43299E+03 -2.41280E-04
1.43311E+03 -5.43818E-05
1.43323E+03 2.94447E-05
1.43335E+03 9.28305E-05
1.43347E+03 1.17771E-04
1.43359E+03 2.68556E-05
1.43371E+03 -1.31696E-04
1.43383E+03 -1.57908E-04
1.43395E+03 6.27935E-05
1.43407E+03 3.73248E-04
1.43419E+03 4.97591E-04
1.43431E+03 3.61491E-04
1.43443E+03 1.68968E-04
1.43455E+03 1.29148E-04
1.43467E+03 2.06981E-04
1.43479E+03 2.07294E-04
1.43492E+03 2.74740E-05
1.43504E+03 -2.63728E-04
1.43516E+03 -5.41523E-04
1.43528E+03 -7.26104E-04
1.43540E+03 -7.83890E-04
1.43552E+03 -7.58376E-04
1.43564E+03 -7.98520E-04
1.43576E+03 -1.02777E-03
1.43588E+03 -1.33149E-03
1.43600E+03 -1.39492E-03
1.43612E+03 -1.05138E-03
1.43624E+03 -5.12999E-04
1.43636E+03 -1.46318E-04
1.43648E+03 -7.16336E-05
1.43660E+03 -1.01712E-04
1.43672E+03 -4.60222E-05
1.43684E+03 7.61971E-05
1.43696E+03 1.42638E-04
1.43709E+03 1.09557E-04
1.43721E+03 -3.45334E-06
1.43733E+03 -1.73051E-04
1.43745E+03 -3.21124E-04
1.43757E+03 -2.79032E-04
1.43769E+03 3.99277E-05
1.43781E+03 4.57145E-04
1.43793E+03 6.62003E-04
1.43805E+03 5.30556E-04
1.43817E+03 2.19524E-04
1.43829E+03 -6.57178E-05
1.43841E+03 -2.60562E-04
1.43853E+03 -3.73777E-04
1.43865E+03 -3.68699E-04
1.43877E+03 -2.45415E-04
1.43889E+03 -1.43845E-04
1.43901E+03 -2.04347E-04
1.43913E+03 -3.43926E-04
1.43926E+03 -3.22502E-04
1.43938E+03 -6.94096E-05
1.43950E+03 1.78982E-04
1.43962E+03 1.44050E-04
1.43974E+03 -1.55747E-04
1.43986E+03 -4.28721E-04
1.43998E+03 -4.35751E-04
1.44010E+03 -2.07812E-04
1.44022E+03 3.92012E-05
1.44034E+03 1.41092E-04
1.44046E+03 1.24831E-04
1.44058E+03 1.32307E-04
1.44070E+03 2.38676E-04
1.44082E+03 3.45133E-04
1.44094E+03 2.78309E-04
1.44106E+03 1.82465E-05
1.44118E+03 -2.09067E-04
1.44130E+03 -1.29543E-04
1.44142E+03 2.66206E-04
1.44155E+03 6.67434E-04
1.44167E+03 7.27694E-04
1.44179E+03 3.74656E-04
1.44191E+03 -1.60992E-04
1.44203E+03 -5.77454E-04
1.44215E+03 -7.27423E-04
1.44227E+03 -6.38571E-04
1.44239E+03 -4.15083E-04
1.44251E+03 -1.60072E-04
1.44263E+03 4.76576E-05
1.44275E+03 1.69672E-04
1.44287E+03 2.30748E-04
1.44299E+03 2.68485E-04
1.44311E+03 2.43496E-04
1.44323E+03 4.40292E-05
1.44335E+03 -3.52517E-04
1.44347E+03 -7.39094E-04
1.44359E+03 -8.11238E-04
1.44372E+03 -4.74829E-04
1.44384E+03 2.31005E-05
1.44396E+03 3.24022E-04
1.44408E+03 2.90453E-04
1.44420E+03 4.21889E-05
1.44432E+03 -2.61642E-04
1.44444E+03 -5.45699E-04
1.44456E+03 -7.45919E-04
1.44468E+03 -7.70599E-04
1.44480E+03 -6.45768E-04
1.44492E+03 -5.87124E-04
1.44504E+03 -7.74696E-04
1.44516E+03 -1.07463E-03
1.44528E+03 -1.13715E-03
1.44540E+03 -8.30170E-04
1.44552E+03 -4.64901E-04
1.44564E+03 -4.69960E-04
1.44576E+03 -8.75406E-04
1.44589E+03 -1.24460E-03
1.44601E+03 -1.15123E-03
1.44613E+03 -6.28475E-04
1.44625E+03 -7.31163E-05
1.44637E+03 2.14294E-04
1.44649E+03 2.44234E-04
1.44661E+03 1.24391E-04
1.44673E+03 -1.71892E-04
1.44685E+03 -6.63292E-04
1.44697E+03 -1.13879E-03
1.44709E+03 -1.30324E-03
1.44721E+03 -1.15677E-03
1.44733E+03 -9.98825E-04
1.44745E+03 -9.75136E-04
1.44757E+03 -8.33984E-04
1.44769E+03 -3.08808E-04
1.44781E+03 4.08251E-04
1.44793E+03 8.21993E-04
1.44806E+03 7.40062E-04
1.44818E+03 4.66246E-04
1.44830E+03 3.50256E-04
1.44842E+03 3.60873E-04
1.44854E+03 2.41559E-04
1.44866E+03 -7.46883E-05
1.44878E+03 -3.86123E-04
1.44890E+03 -5.02657E-04
1.44902E+03 -4.25264E-04
1.44914E+03 -2.58874E-04
1.44926E+03 -7.34068E-05
1.44938E+03 1.08790E-04
1.44950E+03 2.61948E-04
1.44962E+03 3.50632E-04
1.44974E+03 3.35921E-04
1.44986E+03 1.97668E-04
1.44998E+03 -2.13869E-05
1.45010E+03 -2.03710E-04
1.45023E+03 -2.60517E-04
1.45035E+03 -2.37223E-04
1.45047E+03 -2.67323E-04
1.45059E+03 -3.98628E-04
1.45071E+03 -5.20825E-04
1.45083E+03 -5.03477E-04
1.45095E+03 -3.67250E-04
1.45107E+03 -2.66809E-04
1.45119E+03 -3.07661E-04
1.45131E+03 -4.18514E-04
1.45143E+03 -4.24642E-04
1.45155E+03 -2.37569E-04
1.45167E+03 4.80488E-05
1.45179E+03 2.45195E-04
1.45191E+03 2.62368E-04
1.45203E+03 1.82696E-04
1.45215E+03 1.78583E-04
1.45227E+03 3.45279E-04
1.45240E+03 5.87638E-04
1.45252E+03 6.61470E-04
1.45264E+03 3.98219E-04
1.45276E+03 -4.76204E-05
1.45288E+03 -2.53845E-04
1.45300E+03 2.83495E-06
1.45312E+03 3.78180E-04
1.45324E+03 2.89828E-04
1.45336E+03 -3.21589E-04
1.45348E+03 -7.93666E-04
1.45360E+03 -5.22915E-04
1.45372E+03 2.58282E-04
1.45384E+03 7.55716E-04
1.45396E+03 5.49264E-04
1.45408E+03 -1.23400E-04
1.45420E+03 -9.25675E-04
1.45432E+03 -1.76823E-03
1.45444E+03 -2.41527E-03
1.45456E+03 -2.27668E-03
1.45469E+03 -1.08819E-03
1.45481E+03 4.13917E-04
1.45493E+03 1.03168E-03
1.45505E+03 4.12073E-04
1.45517E+03 -5.92675E-04
1.45529E+03 -9.71578E-04
1.45541E+03 -5.97727E-04
1.45553E+03 -4.24683E-05
1.45565E+03 2.81889E-04
1.45577E+03 4.42769E-04
1.45589E+03 6.08869E-04
1.45601E+03 7.18765E-04
1.45613E+03 6.11190E-04
1.45625E+03 2.78328E-04
1.45637E+03 -9.00477E-05
1.45649E+03 -2.16860E-04
1.45661E+03 8.64975E-05
1.45673E+03 7.19111E-04
1.45686E+03 1.25472E-03
1.45698E+03 1.26288E-03
1.45710E+03 7.51317E-04
1.45722E+03 1.71047E-04
1.45734E+03 -9.15676E-05
1.45746E+03 -1.02263E-04
1.45758E+03 -1.75159E-04
1.45770E+03 -4.05576E-04
1.45782E+03 -5.94951E-04
1.45794E+03 -5.88793E-04
1.45806E+03 -4.89596E-04
1.45818E+03 -4.77087E-04
1.45830E+03 -5.73147E-04
1.45842E+03 -6.93113E-04
1.45854E+03 -8.24109E-04
1.45866E+03 -9.93546E-04
1.45878E+03 -1.09320E-03
1.45890E+03 -9.09533E-04
1.45903E+03 -3.92079E-04
1.45915E+03 2.22426E-04
1.45927E+03 6.33571E-04
1.45939E+03 7.61326E-04
1.45951E+03 7.12555E-04
1.45963E+03 5.74179E-04
1.45975E+03 3.94527E-04
1.45987E+03 3.22353E-04
1.45999E+03 5.28730E-04
1.46011E+03 8.97054E-04
1.46023E+03 9.87131E-04
1.46035E+03 5.14556E-04
1.46047E+03 -2.06828E-04
1.46059E+03 -5.26253E-04
1.46071E+03 -2.04261E-04
1.46083E+03 3.20215E-04
1.46095E+03 4.86691E-04
1.46107E+03 2.72729E-04
1.46120E+03 1.02654E-04
1.46132E+03 2.04597E-04
1.46144E+03 3.12682E-04
1.46156E+03 8.20719E-05
1.46168E+03 -4.02484E-04
1.46180E+03 -7.13691E-04
1.46192E+03 -6.24921E-04
1.46204E+03 -3.64043E-04
1.46216E+03 -2.80336E-04
1.46228E+03 -3.90869E-04
1.46240E+03 -3.91517E-04
1.46252E+03 -7.01174E-05
1.46264E+03 4.28125E-04
1.46276E+03 7.72849E-04
1.46288E+03 7.98155E-04
1.46300E+03 6.01757E-04
1.46312E+03 3.80449E-04
1.46324E+03 2.58468E-04
1.46337E+03 2.47020E-04
1.46349E+03 2.59407E-04
1.46361E+03 1.47071E-04
1.46373E+03 -1.72216E-04
1.46385E+03 -5.50874E-04
1.46397E+03 -6.64130E-04
1.46409E+03 -3.18222E-04
1.46421E+03 2.93870E-04
1.46433E+03 7.25962E-04
1.46445E+03 6.93612E-04
1.46457E+03 3.02069E-04
1.46469E+03 -1.06420E-04
1.46481E+03 -2.55026E-04
1.46493E+03 -1.01104E-04
1.46505E+03 1.88645E-04
1.46517E+03 3.44321E-04
1.46529E+03 1.80971E-04
1.46541E+03 -2.21979E-04
1.46554E+03 -5.38066E-04
1.46566E+03 -5.05589E-04
1.46578E+03 -2.13407E-04
1.46590E+03 -4.58211E-06
1.46602E+03 -8.19825E-05
1.46614E+03 -3.08003E-04
1.46626E+03 -4.26415E-04
1.46638E+03 -3.77297E-04
1.46650E+03 -3.21601E-04
1.46662E+03 -4.48424E-04
1.46674E+03 -8.59708E-04
1.46686E+03 -1.54227E-03
1.46698E+03 -2.26685E-03
1.46710E+03 -2.54706E-03
1.46722E+03 -1.95306E-03
1.46734E+03 -6.12985E-04
1.46746E+03 7.36468E-04
1.46758E+03 1.38678E-03
1.46770E+03 1.31833E-03
1.46783E+03 1.06912E-03
1.46795E+03 1.03451E-03
1.46807E+03 1.13277E-03
1.46819E+03 1.17042E-03
1.46831E+03 1.22268E-03
1.46843E+03 1.42353E-03
1.46855E+03 1.54927E-03
1.46867E+03 1.13934E-03
1.46879E+03 8.68402E-05
1.46891E+03 -1.10713E-03
1.46903E+03 -1.78299E-03
1.46915E+03 -1.73425E-03
1.46927E+03 -1.28515E-03
1.46939E+03 -8.81359E-04
1.46951E+03 -7.14406E-04
1.46963E+03 -6.89425E-04
1.46975E+03 -6.12564E-04
1.46987E+03 -3.70316E-04
1.47000E+03 -8.31857E-06
1.47012E+03 3.09169E-04
1.47024E+03 4.28643E-04
1.47036E+03 3.20800E-04
1.47048E+03 5.99809E-05
1.47060E+03 -2.51424E-04
1.47072E+03 -5.03086E-04
1.47084E+03 -5.94683E-04
1.47096E+03 -5.18549E-04
1.47108E+03 -4.22481E-04
1.47120E+03 -4.81948E-04
1.47132E+03 -6.88922E-04
1.47144E+03 -8.52168E-04
1.47156E+03 -8.23960E-04
1.47168E+03 -6.32573E-04
1.47180E+03 -3.67232E-04
1.47192E+03 -6.83106E-05
1.47204E+03 1.80248E-04
1.47217E+03 1.83199E-04
1.47229E+03 -1.50640E-04
1.47241E+03 -5.87795E-04
1.47253E+03 -7.59419E-04
1.47265E+03 -5.76857E-04
1.47277E+03 -3.04200E-04
1.47289E+03 -1.77506E-04
1.47301E+03 -1.31696E-04
1.47313E+03 -1.15186E-05
1.47325E+03 1.08596E-04
1.47337E+03 1.01961E-05
1.47349E+03 -3.12716E-04
1.47361E+03 -5.93707E-04
1.47373E+03 -6.25048E-04
1.47385E+03 -4.89712E-04
1.47397E+03 -3.96423E-04
1.47409E+03 -4.01024E-04
1.47421E+03 -4.01136E-04
1.47434E+03 -3.29755E-04
1.47446E+03 -2.28606E-04
1.47458E+03 -1.46415E-04
1.47470E+03 -7.92630E-05
1.47482E+03 -3.67574E-05
1.47494E+03 -7.23675E-05
1.47506E+03 -1.86648E-04
1.47518E+03 -2.59914E-04
1.47530E+03 -1.62557E-04
1.47542E+03 8.13752E-05
1.47554E+03 3.04259E-04
1.47566E+03 3.85821E-04
1.47578E+03 3.59647E-04
1.47590E+03 3.18177E-04
1.47602E+03 2.66001E-04
1.47614E+03 1.25013E-04
1.47626E+03 -1.42679E-04
1.47638E+03 -4.69841E-04
1.47651E+03 -7.51138E-04
1.47663E+03 -9.12327E-04
1.47675E+03 -9.16470E-04
1.47687E+03 -7.49290E-04
1.47699E+03 -4.39461E-04
1.47711E+03 -7.64653E-05
1.47723E+03 2.30480E-04
1.47735E+03 4.24981E-04
1.47747E+03 5.49953E-04
1.47759E+03 6.95370E-04
1.47771E+03 8.79873E-04
1.47783E+03 9.76361E-04
1.47795E+03 8.09424E-04
1.47807E+03 3.67854E-04
1.47819E+03 -1.26753E-04
1.47831E+03 -4.24415E-04
1.47843E+03 -4.98742E-04
1.47855E+03 -5.07314E-04
1.47868E+03 -5.50844E-04
1.47880E+03 -5.87936E-04
1.47892E+03 -5.79156E-04
1.47904E+03 -5.61852E-04
1.47916E+03 -5.39813E-04
1.47928E+03 -4.52671E-04
1.47940E+03 -3.38044E-04
1.47952E+03 -3.71013E-04
1.47964E+03 -6.06749E-04
1.47976E+03 -8.09681E-04
1.47988E+03 -7.02962E-04
1.48000E+03 -2.95576E-04
1.48012E+03 2.01821E-04
1.48024E+03 6.65806E-04
1.48036E+03 1.03686E-03
1.48048E+03 1.09346E-03
1.48060E+03 6.27942E-04
1.48072E+03 -9.27597E-05
1.48084E+03 -4.03315E-04
1.48097E+03 -4.21330E-06
1.48109E+03 6.19952E-04
1.48121E+03 7.79647E-04
1.48133E+03 4.31653E-04
1.48145E+03 1.59234E-04
1.48157E+03 3.90973E-04
1.48169E+03 9.14648E-04
1.48181E+03 1.17632E-03
1.48193E+03 8.56273E-04
1.48205E+03 1.22644E-04
1.48217E+03 -5.27676E-04
1.48229E+03 -6.63519E-04
1.48241E+03 -3.14381E-04
1.48253E+03 4.58211E-05
1.48265E+03 3.10428E-05
1.48277E+03 -1.82565E-04
1.48289E+03 -1.37873E-04
1.48301E+03 1.92247E-04
1.48314E+03 3.02874E-04
1.48326E+03 -1.37631E-04
1.48338E+03 -8.01999E-04
1.48350E+03 -1.14612E-03
1.48362E+03 -1.08944E-03
1.48374E+03 -9.78265E-04
1.48386E+03 -1.00874E-03
1.48398E+03 -1.01585E-03
1.48410E+03 -8.30196E-04
1.48422E+03 -5.49108E-04
1.48434E+03 -3.54163E-04
1.48446E+03 -2.56471E-04
1.48458E+03 -1.53933E-04
1.48470E+03 -3.16650E-05
1.48482E+03 1.36457E-05
1.48494E+03 -9.92417E-05
1.48506E+03 -3.33961E-04
1.48518E+03 -5.63137E-04
1.48531E+03 -6.47511E-04
1.48543E+03 -5.34084E-04
1.48555E+03 -2.78067E-04
1.48567E+03 5.43930E-05
1.48579E+03 4.66488E-04
1.48591E+03 9.64768E-04
1.48603E+03 1.42912E-03
1.48615E+03 1.64209E-03
1.48627E+03 1.44360E-03
1.48639E+03 8.25774E-04
1.48651E+03 -4.42080E-05
1.48663E+03 -8.03549E-04
1.48675E+03 -1.03946E-03
1.48687E+03 -6.70042E-04
1.48699E+03 -1.60318E-04
1.48711E+03 -7.18050E-05
1.48723E+03 -3.16612E-04
1.48735E+03 -1.70358E-04
1.48748E+03 7.60008E-04
1.48760E+03 1.81635E-03
1.48772E+03 1.88715E-03
1.48784E+03 6.71308E-04
1.48796E+03 -9.65033E-04
1.48808E+03 -1.90103E-03
1.48820E+03 -1.74148E-03
1.48832E+03 -8.68663E-04
1.48844E+03 1.26939E-04
1.48856E+03 8.54414E-04
1.48868E+03 1.15894E-03
1.48880E+03 1.05371E-03
1.48892E+03 6.95240E-04
1.48904E+03 2.89533E-04
1.48916E+03 -4.17419E-05
1.48928E+03 -2.70814E-04
1.48940E+03 -3.83288E-04
1.48952E+03 -3.57661E-04
1.48965E+03 -2.36489E-04
1.48977E+03 -1.33283E-04
1.48989E+03 -1.27044E-04
1.49001E+03 -1.71755E-04
1.49013E+03 -1.30650E-04
1.49025E+03 9.60194E-05
1.49037E+03 4.54143E-04
1.49049E+03 7.41880E-04
1.49061E+03 7.43981E-04
1.49073E+03 4.14968E-04
1.49085E+03 -5.81108E-05
1.49097E+03 -3.82684E-04
1.49109E+03 -3.80933E-04
1.49121E+03 -9.85786E-05
1.49133E+03 2.56509E-04
1.49145E+03 4.78771E-04
1.49157E+03 5.17394E-04
1.49169E+03 4.77966E-04
1.49182E+03 4.74397E-04
1.49194E+03 4.85282E-04
1.49206E+03 3.97366E-04
1.49218E+03 1.86071E-04
1.49230E+03 -2.08728E-05
1.49242E+03 -8.86768E-05
1.49254E+03 -3.67127E-05
1.49266E+03 9.65968E-06
1.49278E+03 -3.65451E-05
1.49290E+03 -1.62337E-04
1.49302E+03 -3.18289E-04
1.49314E+03 -4.48149E-04
1.49326E+03 -4.92368E-04
1.49338E+03 -4.28941E-04
1.49350E+03 -3.11457E-04
1.49362E+03 -2.13981E-04
1.49374E+03 -1.49261E-04
1.49386E+03 -9.59858E-05
1.49398E+03 -8.49739E-05
1.49411E+03 -1.75335E-04
1.49423E+03 -3.40756E-04
1.49435E+03 -4.60494E-04
1.49447E+03 -4.46606E-04
1.49459E+03 -3.13558E-04
1.49471E+03 -1.04919E-04
1.49483E+03 1.64308E-04
1.49495E+03 4.38027E-04
1.49507E+03 5.84338E-04
1.49519E+03 5.12019E-04
1.49531E+03 3.10052E-04
1.49543E+03 1.87494E-04
1.49555E+03 2.66962E-04
1.49567E+03 4.80391E-04
1.49579E+03 6.67226E-04
1.49591E+03 7.28089E-04
1.49603E+03 6.64223E-04
1.49615E+03 5.11255E-04
1.49628E+03 2.89563E-04
1.49640E+03 3.23467E-05
1.49652E+03 -1.81083E-04
1.49664E+03 -2.78968E-04
1.49676E+03 -3.08268E-04
1.49688E+03 -4.08247E-04
1.49700E+03 -6.22917E-04
1.49712E+03 -7.89113E-04
1.49724E+03 -7.19506E-04
1.49736E+03 -4.85137E-04
1.49748E+03 -3.78307E-04
1.49760E+03 -5.47111E-04
1.49772E+03 -7.97816E-04
1.49784E+03 -8.59469E-04
1.49796E+03 -7.32705E-04
1.49808E+03 -6.27909E-04
1.49820E+03 -6.17035E-04
1.49832E+03 -5.28753E-04
1.49845E+03 -2.15288E-04
1.49857E+03 2.24199E-04
1.49869E+03 5.43568E-04
1.49881E+03 5.85549E-04
1.49893E+03 3.56417E-04
1.49905E+03 -1.73971E-05
1.49917E+03 -3.22971E-04
1.49929E+03 -3.51358E-04
1.49941E+03 -7.07619E-05
1.49953E+03 2.97397E-04
1.49965E+03 4.71447E-04
1.49977E+03 3.91744E-04
1.49989E+03 2.32894E-04
1.50001E+03 1.57610E-04
1.50013E+03 1.44985E-04
1.50025E+03 8.60728E-05
1.50037E+03 -4.19170E-05
1.50049E+03 -1.53277E-04
1.50062E+03 -1.62326E-04
1.50074E+03 -3.30545E-05
1.50086E+03 2.31661E-04
1.50098E+03 5.55303E-04
1.50110E+03 7.50151E-04
1.50122E+03 6.14721E-04
1.50134E+03 1.66111E-04
1.50146E+03 -2.84478E-04
1.50158E+03 -4.07942E-04
1.50170E+03 -2.39462E-04
1.50182E+03 -1.52633E-04
1.50194E+03 -3.94706E-04
1.50206E+03 -7.47185E-04
1.50218E+03 -7.88327E-04
1.50230E+03 -4.43265E-04
1.50242E+03 -8.66205E-05
1.50254E+03 -6.12512E-05
1.50266E+03 -2.74986E-04
1.50279E+03 -4.04812E-04
1.50291E+03 -3.68148E-04
1.50303E+03 -3.78177E-04
1.50315E+03 -5.56499E-04
1.50327E+03 -7.13553E-04
1.50339E+03 -6.10244E-04
1.50351E+03 -2.88412E-04
1.50363E+03 2.46987E-06
1.50375E+03 1.36636E-04
1.50387E+03 2.25618E-04
1.50399E+03 3.78177E-04
1.50411E+03 4.93500E-04
1.50423E+03 3.71773E-04
1.50435E+03 -2.14726E-05
1.50447E+03 -4.73637E-04
1.50459E+03 -7.13229E-04
1.50471E+03 -6.22597E-04
1.50483E+03 -2.89597E-04
1.50496E+03 9.74536E-05
1.50508E+03 3.75304E-04
1.50520E+03 4.81263E-04
1.50532E+03 4.55283E-04
1.50544E+03 3.97135E-04
1.50556E+03 3.89066E-04
1.50568E+03 4.32961E-04
1.50580E+03 4.58866E-04
1.50592E+03 3.99861E-04
1.50604E+03 2.51174E-04
1.50616E+03 5.33946E-05
1.50628E+03 -1.57733E-04
1.50640E+03 -3.53541E-04
1.50652E+03 -4.89559E-04
1.50664E+03 -5.05075E-04
1.50676E+03 -3.77376E-04
1.50688E+03 -1.59867E-04
1.50700E+03 4.76465E-05
1.50712E+03 1.61253E-04
1.50725E+03 1.60042E-04
1.50737E+03 7.66478E-05
1.50749E+03 -3.81544E-05
1.50761E+03 -1.51239E-04
1.50773E+03 -2.68728E-04
1.50785E+03 -4.09909E-04
1.50797E+03 -5.70126E-04
1.50809E+03 -7.11314E-04
1.50821E+03 -7.92786E-04
1.50833E+03 -7.98360E-04
1.50845E+03 -7.24118E-04
1.50857E+03 -5.52893E-04
1.50869E+03 -2.73477E-04
1.50881E+03 5.66989E-05
1.50893E+03 2.82191E-04
1.50905E+03 2.47244E-04
1.50917E+03 -4.58658E-05
1.50929E+03 -3.70089E-04
1.50942E+03 -4.37617E-04
1.50954E+03 -1.65801E-04
1.50966E+03 2.16801E-04
1.50978E+03 3.72924E-04
1.50990E+03 1.87807E-04
1.51002E+03 -1.38864E-04
1.51014E+03 -3.21541E-04
1.51026E+03 -2.86110E-04
1.51038E+03 -1.90873E-04
1.51050E+03 -1.96319E-04
1.51062E+03 -2.83867E-04
1.51074E+03 -3.29792E-04
1.51086E+03 -3.00866E-04
1.51098E+03 -2.96976E-04
1.51110E+03 -3.89505E-04
1.51122E+03 -4.86560E-04
1.51134E+03 -4.25987E-04
1.51146E+03 -1.90236E-04
1.51159E+03 3.86387E-05
1.51171E+03 6.64629E-05
1.51183E+03 -9.66415E-05
1.51195E+03 -2.59344E-04
1.51207E+03 -2.62436E-04
1.51219E+03 -1.11215E-04
1.51231E+03 7.82646E-05
1.51243E+03 1.90422E-04
1.51255E+03 1.54026E-04
1.51267E+03 -6.04130E-05
1.51279E+03 -3.87963E-04
1.51291E+03 -6.54377E-04
1.51303E+03 -6.94331E-04
1.51315E+03 -5.31431E-04
1.51327E+03 -3.82844E-04
1.51339E+03 -4.33940E-04
1.51351E+03 -6.30010E-04
1.51363E+03 -7.35972E-04
1.51376E+03 -5.88968E-04
1.51388E+03 -2.48123E-04
1.51400E+03 9.67197E-05
1.51412E+03 2.95810E-04
1.51424E+03 3.10384E-04
1.51436E+03 1.75290E-04
1.51448E+03 -2.45161E-05
1.51460E+03 -1.63168E-04
1.51472E+03 -1.52219E-04
1.51484E+03 -2.90349E-05
1.51496E+03 5.94892E-05
1.51508E+03 -6.91786E-06
1.51520E+03 -1.96502E-04
1.51532E+03 -3.64356E-04
1.51544E+03 -3.71862E-04
1.51556E+03 -1.92404E-04
1.51568E+03 6.15381E-05
1.51580E+03 1.99769E-04
1.51593E+03 1.12038E-04
1.51605E+03 -1.17239E-04
1.51617E+03 -2.84687E-04
1.51629E+03 -3.02352E-04
1.51641E+03 -2.76390E-04
1.51653E+03 -3.13137E-04
1.51665E+03 -3.26805E-04
1.51677E+03 -1.56090E-04
1.51689E+03 1.68037E-04
1.51701E+03 4.04503E-04
1.51713E+03 3.79488E-04
1.51725E+03 1.47335E-04
1.51737E+03 -1.35563E-04
1.51749E+03 -3.57307E-04
1.51761E+03 -4.27678E-04
1.51773E+03 -2.48358E-04
1.51785E+03 1.53039E-04
1.51797E+03 5.44287E-04
1.51810E+03 6.95579E-04
1.51822E+03 6.18249E-04
1.51834E+03 4.98928E-04
1.51846E+03 4.37692E-04
1.51858E+03 3.82334E-04
1.51870E+03 2.86967E-04
1.51882E+03 1.73137E-04
1.51894E+03 1.59852E-05
1.51906E+03 -2.73205E-04
1.51918E+03 -6.83285E-04
1.51930E+03 -1.05581E-03
1.51942E+03 -1.25844E-03
1.51954E+03 -1.30953E-03
1.51966E+03 -1.25524E-03
1.51978E+03 -1.04775E-03
1.51990E+03 -6.68153E-04
1.52002E+03 -2.83882E-04
1.52014E+03 -1.31566E-04
1.52027E+03 -2.59705E-04
1.52039E+03 -4.97341E-04
1.52051E+03 -6.58453E-04
1.52063E+03 -6.72039E-04
1.52075E+03 -5.39120E-04
1.52087E+03 -3.08279E-04
1.52099E+03 -1.17786E-04
1.52111E+03 -1.20170E-04
1.52123E+03 -2.86665E-04
1.52135E+03 -3.85463E-04
1.52147E+03 -2.48879E-04
1.52159E+03 -1.10269E-06
1.52171E+03 8.34204E-05
1.52183E+03 -8.55625E-05
1.52195E+03 -3.05589E-04
1.52207E+03 -3.29994E-04
1.52219E+03 -1.16821E-04
1.52231E+03 1.70652E-04
1.52243E+03 3.43520E-04
1.52256E+03 3.24048E-04
1.52268E+03 1.22230E-04
1.52280E+03 -2.25179E-04
1.52292E+03 -6.34853E-04
1.52304E+03 -9.28923E-04
1.52316E+03 -8.83102E-04
1.52328E+03 -4.25849E-04
1.52340E+03 2.02015E-04
1.52352E+03 5.68844E-04
1.52364E+03 4.41000E-04
1.52376E+03 3.24398E-05
1.52388E+03 -1.93346E-04
1.52400E+03 7.05570E-06
1.52412E+03 4.18186E-04
1.52424E+03 6.50905E-04
1.52436E+03 5.71676E-04
1.52448E+03 3.74235E-04
1.52460E+03 2.47251E-04
1.52473E+03 1.22420E-04
1.52485E+03 -1.49909E-04
1.52497E+03 -4.73980E-04
1.52509E+03 -5.60366E-04
1.52521E+03 -3.22115E-04
1.52533E+03 -5.77308E-05
1.52545E+03 -1.04453E-04
1.52557E+03 -4.10303E-04
1.52569E+03 -6.15682E-04
1.52581E+03 -5.30511E-04
1.52593E+03 -3.43241E-04
1.52605E+03 -3.04114E-04
1.52617E+03 -3.79842E-04
1.52629E+03 -3.56980E-04
1.52641E+03 -1.79086E-04
1.52653E+03 -1.16229E-05
1.52665E+03 5.48735E-06
1.52677E+03 -9.08636E-05
1.52690E+03 -1.94527E-04
1.52702E+03 -2.83375E-04
1.52714E+03 -3.77275E-04
1.52726E+03 -4.55119E-04
1.52738E+03 -4.94756E-04
1.52750E+03 -5.38316E-04
1.52762E+03 -6.25364E-04
1.52774E+03 -6.91328E-04
1.52786E+03 -6.29537E-04
1.52798E+03 -4.51133E-04
1.52810E+03 -2.82485E-04
1.52822E+03 -1.74351E-04
1.52834E+03 -1.75908E-05
1.52846E+03 2.66906E-04
1.52858E+03 5.26901E-04
1.52870E+03 5.20423E-04
1.52882E+03 2.48153E-04
1.52894E+03 9.77889E-06
1.52907E+03 5.04106E-05
1.52919E+03 2.69897E-04
1.52931E+03 4.04142E-04
1.52943E+03 4.04980E-04
1.52955E+03 4.48555E-04
1.52967E+03 5.76675E-04
1.52979E+03 5.64732E-04
1.52991E+03 2.72326E-04
1.53003E+03 -4.99822E-05
1.53015E+03 -1.06618E-05
1.53027E+03 4.17441E-04
1.53039E+03 8.52585E-04
1.53051E+03 9.71578E-04
1.53063E+03 8.18066E-04
1.53075E+03 6.00293E-04
1.53087E+03 3.82844E-04
1.53099E+03 1.30109E-04
1.53111E+03 -8.31932E-05
1.53124E+03 -1.15458E-04
1.53136E+03 -2.95043E-06
1.53148E+03 3.95067E-05
1.53160E+03 -9.84967E-05
1.53172E+03 -2.47829E-04
1.53184E+03 -1.76657E-04
1.53196E+03 1.17432E-04
1.53208E+03 3.97276E-04
1.53220E+03 4.54932E-04
1.53232E+03 3.06532E-04
1.53244E+03 1.35668E-04
1.53256E+03 9.10051E-05
1.53268E+03 1.54369E-04
1.53280E+03 1.88068E-04
1.53292E+03 9.70885E-05
1.53304E+03 -6.52410E-05
1.53316E+03 -1.56593E-04
1.53328E+03 -1.08749E-04
1.53341E+03 1.40034E-05
1.53353E+03 1.02095E-04
1.53365E+03 1.13491E-04
1.53377E+03 5.57750E-05
1.53389E+03 -8.96491E-05
1.53401E+03 -3.57077E-04
1.53413E+03 -7.10186E-04
1.53425E+03 -1.00139E-03
1.53437E+03 -1.07235E-03
1.53449E+03 -8.97989E-04
1.53461E+03 -6.24631E-04
1.53473E+03 -4.52861E-04
1.53485E+03 -4.62759E-04
1.53497E+03 -5.45509E-04
1.53509E+03 -5.13885E-04
1.53521E+03 -2.85774E-04
1.53533E+03 4.46290E-05
1.53545E+03 2.91713E-04
1.53557E+03 3.08968E-04
1.53570E+03 4.48376E-05
1.53582E+03 -4.22187E-04
1.53594E+03 -8.53248E-04
1.53606E+03 -9.59180E-04
1.53618E+03 -6.64577E-04
1.53630E+03 -2.66377E-04
1.53642E+03 -1.81492E-04
1.53654E+03 -4.75504E-04
1.53666E+03 -7.51637E-04
1.53678E+03 -6.07956E-04
1.53690E+03 -1.25151E-04
1.53702E+03 2.46067E-04
1.53714E+03 2.47635E-04
1.53726E+03 1.01727E-04
1.53738E+03 1.58448E-04
1.53750E+03 4.13451E-04
1.53762E+03 5.30384E-04
1.53774E+03 2.95039E-04
1.53787E+03 -1.14508E-04
1.53799E+03 -3.39445E-04
1.53811E+03 -2.15065E-04
1.53823E+03 1.48986E-04
1.53835E+03 5.45099E-04
1.53847E+03 8.16278E-04
1.53859E+03 8.48275E-04
1.53871E+03 5.75207E-04
1.53883E+03 7.30827E-05
1.53895E+03 -4.04794E-04
1.53907E+03 -5.72059E-04
1.53919E+03 -3.36464E-04
1.53931E+03 1.26377E-04
1.53943E+03 5.08022E-04
1.53955E+03 6.07852E-04
1.53967E+03 4.59656E-04
1.53979E+03 2.59206E-04
1.53991E+03 1.60601E-04
1.54004E+03 1.32713E-04
1.54016E+03 2.90275E-05
1.54028E+03 -2.08434E-04
1.54040E+03 -4.64551E-04
1.54052E+03 -6.08902E-04
1.54064E+03 -6.64525E-04
1.54076E+03 -7.47155E-04
1.54088E+03 -8.56183E-04
1.54100E+03 -8.36749E-04
1.54112E+03 -5.84416E-04
1.54124E+03 -2.08713E-04
1.54136E+03 7.07172E-05
1.54148E+03 1.40753E-04
1.54160E+03 5.83827E-05
1.54172E+03 -7.49789E-05
1.54184E+03 -2.00387E-04
1.54196E+03 -2.80160E-04
1.54208E+03 -2.62752E-04
1.54221E+03 -1.33250E-04
1.54233E+03 3.57814E-05
1.54245E+03 1.24700E-04
1.54257E+03 8.32416E-05
1.54269E+03 -1.12355E-05
1.54281E+03 -2.80142E-06
1.54293E+03 1.99463E-04
1.54305E+03 5.13919E-04
1.54317E+03 7.37291E-04
1.54329E+03 7.31956E-04
1.54341E+03 5.66710E-04
1.54353E+03 4.28259E-04
1.54365E+03 4.03512E-04
1.54377E+03 4.06664E-04
1.54389E+03 3.38566E-04
1.54401E+03 2.57097E-04
1.54413E+03 3.30128E-04
1.54425E+03 6.30438E-04
1.54438E+03 1.01563E-03
1.54450E+03 1.22606E-03
1.54462E+03 1.11215E-03
1.54474E+03 7.91058E-04
1.54486E+03 5.70931E-04
1.54498E+03 6.55197E-04
1.54510E+03 8.93220E-04
1.54522E+03 8.90855E-04
1.54534E+03 4.39048E-04
1.54546E+03 -2.06549E-04
1.54558E+03 -5.60168E-04
1.54570E+03 -4.19468E-04
1.54582E+03 -4.09707E-05
1.54594E+03 1.93954E-04
1.54606E+03 1.79257E-04
1.54618E+03 1.01566E-04
1.54630E+03 1.41010E-04
1.54642E+03 2.79453E-04
1.54655E+03 3.70316E-04
1.54667E+03 2.87674E-04
1.54679E+03 -1.25356E-05
1.54691E+03 -4.76040E-04
1.54703E+03 -9.45468E-04
1.54715E+03 -1.21211E-03
1.54727E+03 -1.16214E-03
1.54739E+03 -8.82834E-04
1.54751E+03 -6.05747E-04
1.54763E+03 -5.40424E-04
1.54775E+03 -7.49819E-04
1.54787E+03 -1.12557E-03
1.54799E+03 -1.43923E-03
1.54811E+03 -1.46977E-03
1.54823E+03 -1.17388E-03
1.54835E+03 -7.43434E-04
1.54847E+03 -4.32823E-04
1.54859E+03 -2.99767E-04
1.54872E+03 -1.68525E-04
1.54884E+03 1.20662E-04
1.54896E+03 4.85983E-04
1.54908E+03 7.06106E-04
1.54920E+03 6.97557E-04
1.54932E+03 6.14226E-04
1.54944E+03 6.57067E-04
1.54956E+03 8.51944E-04
1.54968E+03 1.03403E-03
1.54980E+03 9.98218E-04
1.54992E+03 6.51464E-04
1.55004E+03 9.06438E-05
1.55016E+03 -4.19937E-04
1.55028E+03 -5.96195E-04
1.55040E+03 -3.49157E-04
1.55052E+03 1.46892E-04
1.55064E+03 5.97458E-04
1.55076E+03 8.05076E-04
1.55088E+03 7.41325E-04
1.55101E+03 5.01730E-04
1.55113E+03 2.55991E-04
1.55125E+03 1.75577E-04
1.55137E+03 2.85145E-04
1.55149E+03 3.85407E-04
1.55161E+03 2.31907E-04
1.55173E+03 -1.73211E-04
1.55185E+03 -5.47621E-04
1.55197E+03 -6.44870E-04
1.55209E+03 -5.04162E-04
1.55221E+03 -3.30120E-04
1.55233E+03 -2.05487E-04
1.55245E+03 -4.18350E-05
1.55257E+03 2.11161E-04
1.55269E+03 4.29552E-04
1.55281E+03 4.37438E-04
1.55293E+03 1.78464E-04
1.55305E+03 -2.60986E-04
1.55318E+03 -7.29460E-04
1.55330E+03 -1.06985E-03
1.55342E+03 -1.15470E-03
1.55354E+03 -9.73709E-04
1.55366E+03 -6.89983E-04
1.55378E+03 -5.42436E-04
1.55390E+03 -6.44371E-04
1.55402E+03 -8.87372E-04
1.55414E+03 -1.05946E-03
1.55426E+03 -1.04139E-03
1.55438E+03 -8.70317E-04
1.55450E+03 -6.43343E-04
1.55462E+03 -4.15049E-04
1.55474E+03 -2.03595E-04
1.55486E+03 -4.35710E-05
1.55498E+03 2.43783E-05
1.55510E+03 3.37139E-06
1.55522E+03 -5.50002E-05
1.55535E+03 -1.08492E-04
1.55547E+03 -1.53817E-04
1.55559E+03 -1.90169E-04
1.55571E+03 -2.12800E-04
1.55583E+03 -2.52981E-04
1.55595E+03 -3.66796E-04
1.55607E+03 -5.39158E-04
1.55619E+03 -6.41201E-04
1.55631E+03 -5.41996E-04
1.55643E+03 -2.50630E-04
1.55655E+03 9.05208E-05
1.55667E+03 3.22264E-04
1.55679E+03 3.46269E-04
1.55691E+03 1.31745E-04
1.55703E+03 -2.30804E-04
1.55715E+03 -4.92111E-04
1.55727E+03 -4.15701E-04
1.55739E+03 -4.77917E-05
1.55752E+03 2.63408E-04
1.55764E+03 2.17292E-04
1.55776E+03 -9.50582E-05
1.55788E+03 -2.94980E-04
1.55800E+03 -1.48106E-04
1.55812E+03 1.98625E-04
1.55824E+03 3.87646E-04
1.55836E+03 1.92702E-04
1.55848E+03 -3.25501E-04
1.55860E+03 -8.92039E-04
1.55872E+03 -1.21908E-03
1.55884E+03 -1.19596E-03
1.55896E+03 -9.57679E-04
1.55908E+03 -7.41206E-04
1.55920E+03 -6.45749E-04
1.55932E+03 -5.53444E-04
1.55944E+03 -3.00556E-04
1.55956E+03 1.08700E-04
1.55969E+03 4.89142E-04
1.55981E+03 6.57778E-04
1.55993E+03 5.74011E-04
1.56005E+03 3.37210E-04
1.56017E+03 1.08782E-04
1.56029E+03 3.64557E-05
1.56041E+03 1.66547E-04
1.56053E+03 3.69400E-04
1.56065E+03 4.05587E-04
1.56077E+03 1.57844E-04
1.56089E+03 -2.03431E-04
1.56101E+03 -3.56428E-04
1.56113E+03 -1.79384E-04
1.56125E+03 8.87737E-05
1.56137E+03 8.82670E-05
1.56149E+03 -2.52303E-04
1.56161E+03 -6.18480E-04
1.56173E+03 -6.30684E-04
1.56186E+03 -2.14376E-04
1.56198E+03 3.46992E-04
1.56210E+03 6.78822E-04
1.56222E+03 6.15768E-04
1.56234E+03 2.81192E-04
1.56246E+03 -4.95836E-05
1.56258E+03 -1.71863E-04
1.56270E+03 -1.00844E-04
1.56282E+03 -6.48201E-06
1.56294E+03 -9.36538E-06
1.56306E+03 -6.17988E-05
1.56318E+03 -5.78500E-05
1.56330E+03 -8.42288E-06
1.56342E+03 -2.00756E-05
1.56354E+03 -1.08812E-04
1.56366E+03 -1.37992E-04
1.56378E+03 1.20364E-05
1.56390E+03 2.72449E-04
1.56403E+03 4.48260E-04
1.56415E+03 4.05356E-04
1.56427E+03 1.76765E-04
1.56439E+03 -7.35596E-05
1.56451E+03 -1.49805E-04
1.56463E+03 3.14005E-05
1.56475E+03 3.24171E-04
1.56487E+03 4.20544E-04
1.56499E+03 1.25457E-04
1.56511E+03 -4.22437E-04
1.56523E+03 -8.72184E-04
1.56535E+03 -1.00030E-03
1.56547E+03 -8.49050E-04
1.56559E+03 -5.75393E-04
1.56571E+03 -2.84083E-04
1.56583E+03 -3.95253E-05
1.56595E+03 8.50856E-05
1.56607E+03 6.47418E-05
1.56619E+03 -1.94348E-05
1.56632E+03 -7.33919E-05
1.56644E+03 -1.04319E-04
1.56656E+03 -1.61417E-04
1.56668E+03 -2.10159E-04
1.56680E+03 -1.52275E-04
1.56692E+03 3.35872E-05
1.56704E+03 2.50895E-04
1.56716E+03 4.15601E-04
1.56728E+03 5.46776E-04
1.56740E+03 6.99926E-04
1.56752E+03 8.44873E-04
1.56764E+03 8.57789E-04
1.56776E+03 6.37420E-04
1.56788E+03 2.21517E-04
1.56800E+03 -2.11637E-04
1.56812E+03 -4.64305E-04
1.56824E+03 -4.72579E-04
1.56836E+03 -3.22159E-04
1.56849E+03 -1.17138E-04
1.56861E+03 1.24805E-04
1.56873E+03 3.91331E-04
1.56885E+03 5.54755E-04
1.56897E+03 4.42706E-04
1.56909E+03 7.32206E-05
1.56921E+03 -2.85182E-04
1.56933E+03 -3.68726E-04
1.56945E+03 -2.08043E-04
1.56957E+03 -7.41705E-05
1.56969E+03 -1.67843E-04
1.56981E+03 -4.32543E-04
1.56993E+03 -6.70020E-04
1.57005E+03 -7.60779E-04
1.57017E+03 -7.35573E-04
1.57029E+03 -6.83885E-04
1.57041E+03 -6.54396E-04
1.57053E+03 -6.41059E-04
1.57066E+03 -6.22846E-04
1.57078E+03 -5.93632E-04
1.57090E+03 -5.59393E-04
1.57102E+03 -5.20803E-04
1.57114E+03 -4.68656E-04
1.57126E+03 -3.95712E-04
1.57138E+03 -3.01797E-04
1.57150E+03 -1.80621E-04
1.57162E+03 -1.85929E-05
1.57174E+03 1.71196E-04
1.57186E+03 3.14765E-04
1.57198E+03 3.23568E-04
1.57210E+03 1.86395E-04
1.57222E+03 1.57394E-05
1.57234E+03 -3.26820E-05
1.57246E+03 9.81204E-05
1.57258E+03 2.91441E-04
1.57270E+03 3.73062E-04
1.57283E+03 2.91146E-04
1.57295E+03 1.76027E-04
1.57307E+03 1.82275E-04
1.57319E+03 2.83044E-04
1.57331E+03 2.79278E-04
1.57343E+03 4.12390E-05
1.57355E+03 -3.04662E-04
1.57367E+03 -4.74736E-04
1.57379E+03 -3.10116E-04
1.57391E+03 9.18880E-05
1.57403E+03 4.80846E-04
1.57415E+03 6.49218E-04
1.57427E+03 5.40514E-04
1.57439E+03 2.66023E-04
1.57451E+03 3.77484E-05
1.57463E+03 9.15304E-06
1.57475E+03 1.25695E-04
1.57487E+03 1.85180E-04
1.57500E+03 9.25437E-05
1.57512E+03 -1.82390E-05
1.57524E+03 1.34036E-05
1.57536E+03 1.00225E-04
1.57548E+03 -1.61305E-06
1.57560E+03 -3.41043E-04
1.57572E+03 -6.45317E-04
1.57584E+03 -6.13708E-04
1.57596E+03 -2.64924E-04
1.57608E+03 1.06875E-04
1.57620E+03 2.60357E-04
1.57632E+03 2.06016E-04
1.57644E+03 9.83365E-05
1.57656E+03 4.95203E-05
1.57668E+03 6.25513E-05
1.57680E+03 6.03832E-05
1.57692E+03 -5.93290E-05
1.57704E+03 -3.20587E-04
1.57717E+03 -5.79558E-04
1.57729E+03 -5.93625E-04
1.57741E+03 -2.73999E-04
1.57753E+03 1.68193E-04
1.57765E+03 4.03944E-04
1.57777E+03 3.25695E-04
1.57789E+03 1.33093E-04
1.57801E+03 8.69110E-05
1.57813E+03 2.40907E-04
1.57825E+03 4.40311E-04
1.57837E+03 5.12816E-04
1.57849E+03 4.08329E-04
1.57861E+03 2.02037E-04
1.57873E+03 3.91528E-05
1.57885E+03 6.40079E-05
1.57897E+03 3.12824E-04
1.57909E+03 6.38343E-04
1.57921E+03 7.93409E-04
1.57933E+03 6.40620E-04
1.57946E+03 2.76722E-04
1.57958E+03 -6.61686E-05
1.57970E+03 -2.21692E-04
1.57982E+03 -1.92434E-04
1.57994E+03 -9.32626E-05
1.58006E+03 -6.47604E-05
1.58018E+03 -2.06687E-04
1.58030E+03 -4.99442E-04
1.58042E+03 -7.57724E-04
1.58054E+03 -7.40163E-04
1.58066E+03 -3.83154E-04
1.58078E+03 1.02006E-04
1.58090E+03 4.26233E-04
1.58102E+03 5.11795E-04
1.58114E+03 5.02922E-04
1.58126E+03 5.13088E-04
1.58138E+03 4.63966E-04
1.58150E+03 2.27418E-04
1.58163E+03 -1.55598E-04
1.58175E+03 -4.81855E-04
1.58187E+03 -5.94880E-04
1.58199E+03 -4.96097E-04
1.58211E+03 -2.76428E-04
1.58223E+03 -2.49818E-05
1.58235E+03 1.73353E-04
1.58247E+03 2.28249E-04
1.58259E+03 1.13681E-04
1.58271E+03 -7.82236E-05
1.58283E+03 -1.78032E-04
1.58295E+03 -7.01249E-05
1.58307E+03 2.05982E-04
1.58319E+03 4.40776E-04
1.58331E+03 3.91513E-04
1.58343E+03 4.50388E-06
1.58355E+03 -4.72166E-04
1.58367E+03 -6.74028E-04
1.58380E+03 -4.79292E-04
1.58392E+03 -1.23415E-04
1.58404E+03 7.06837E-05
1.58416E+03 1.26138E-05
1.58428E+03 -1.52074E-04
1.58440E+03 -2.83226E-04
1.58452E+03 -3.64002E-04
1.58464E+03 -3.94180E-04
1.58476E+03 -3.21664E-04
1.58488E+03 -1.26123E-04
1.58500E+03 1.23635E-04
1.58512E+03 3.44507E-04
1.58524E+03 5.01875E-04
1.58536E+03 5.34408E-04
1.58548E+03 3.31864E-04
1.58560E+03 -1.02505E-04
1.58572E+03 -5.20021E-04
1.58584E+03 -6.17653E-04
1.58597E+03 -3.69363E-04
1.58609E+03 -6.16312E-05
1.58621E+03 5.70193E-05
1.58633E+03 4.99077E-05
1.58645E+03 1.39959E-04
1.58657E+03 3.56875E-04
1.58669E+03 4.95687E-04
1.58681E+03 4.29749E-04
1.58693E+03 3.19004E-04
1.58705E+03 3.98397E-04
1.58717E+03 6.25052E-04
1.58729E+03 6.80521E-04
1.58741E+03 3.57229E-04
1.58753E+03 -1.55970E-04
1.58765E+03 -4.51151E-04
1.58777E+03 -3.31711E-04
1.58789E+03 3.62359E-05
1.58801E+03 3.62147E-04
1.58814E+03 5.23906E-04
1.58826E+03 5.74317E-04
1.58838E+03 5.72409E-04
1.58850E+03 5.15625E-04
1.58862E+03 4.16033E-04
1.58874E+03 3.34989E-04
1.58886E+03 3.05954E-04
1.58898E+03 2.86352E-04
1.58910E+03 2.24352E-04
1.58922E+03 1.27032E-04
1.58934E+03 1.68495E-05
1.58946E+03 -1.41192E-04
1.58958E+03 -3.93897E-04
1.58970E+03 -6.93627E-04
1.58982E+03 -8.91112E-04
1.58994E+03 -8.82145E-04
1.59006E+03 -7.25206E-04
1.59018E+03 -5.74164E-04
1.59031E+03 -5.04881E-04
1.59043E+03 -4.51330E-04
1.59055E+03 -3.19354E-04
1.59067E+03 -1.14877E-04
1.59079E+03 8.06972E-05
1.59091E+03 2.26874E-04
1.59103E+03 3.58928E-04
1.59115E+03 4.80969E-04
1.59127E+03 5.07433E-04
1.59139E+03 3.70868E-04
1.59151E+03 1.55468E-04
1.59163E+03 3.81023E-05
1.59175E+03 8.51192E-05
1.59187E+03 1.86920E-04
1.59199E+03 2.30640E-04
1.59211E+03 2.50265E-04
1.59223E+03 3.17905E-04
1.59235E+03 3.48497E-04
1.59247E+03 1.63428E-04
1.59260E+03 -2.28871E-04
1.59272E+03 -5.57825E-04
1.59284E+03 -6.05673E-04
1.59296E+03 -4.78584E-04
1.59308E+03 -4.24542E-04
1.59320E+03 -4.41760E-04
1.59332E+03 -2.86624E-04
1.59344E+03 8.54209E-05
1.59356E+03 3.08994E-04
1.59368E+03 3.44515E-05
1.59380E+03 -5.69377E-04
1.59392E+03 -9.57768E-04
1.59404E+03 -8.70388E-04
1.59416E+03 -6.13928E-04
1.59428E+03 -6.22038E-04
1.59440E+03 -9.19417E-04
1.59452E+03 -1.17121E-03
1.59464E+03 -1.13937E-03
1.59477E+03 -8.89618E-04
1.59489E+03 -5.85228E-04
1.59501E+03 -2.82153E-04
1.59513E+03 1.41561E-05
1.59525E+03 2.31463E-04
1.59537E+03 2.89094E-04
1.59549E+03 2.04712E-04
1.59561E+03 8.79206E-05
1.59573E+03 5.65015E-05
1.59585E+03 1.83076E-04
1.59597E+03 4.46275E-04
1.59609E+03 6.79720E-04
1.59621E+03 6.54086E-04
1.59633E+03 3.11103E-04
1.59645E+03 -1.21109E-04
1.59657E+03 -3.38983E-04
1.59669E+03 -2.85465E-04
1.59681E+03 -1.56138E-04
1.59694E+03 -1.18084E-04
1.59706E+03 -1.43602E-04
1.59718E+03 -1.47939E-04
1.59730E+03 -1.57617E-04
1.59742E+03 -2.39268E-04
1.59754E+03 -3.40134E-04
1.59766E+03 -3.34505E-04
1.59778E+03 -2.23730E-04
1.59790E+03 -1.70674E-04
1.59802E+03 -2.81300E-04
1.59814E+03 -4.28129E-04
1.59826E+03 -3.82662E-04
1.59838E+03 -1.11617E-04
1.59850E+03 1.42694E-04
1.59862E+03 1.21403E-04
1.59874E+03 -1.30922E-04
1.59886E+03 -2.77191E-04
1.59898E+03 -3.92199E-05
1.59911E+03 5.06569E-04
1.59923E+03 1.00245E-03
1.59935E+03 1.16938E-03
1.59947E+03 1.03294E-03
1.59959E+03 8.18230E-04
1.59971E+03 6.89633E-04
1.59983E+03 6.30196E-04
1.59995E+03 5.25080E-04
1.60007E+03 2.96950E-04
1.60019E+03 -2.42889E-05
1.60031E+03 -2.92681E-04
1.60043E+03 -3.17041E-04
1.60055E+03 -9.96515E-06
1.60067E+03 4.68902E-04
1.60079E+03 7.70606E-04
1.60091E+03 6.62498E-04
1.60103E+03 2.80496E-04
1.60115E+03 2.62111E-05
1.60128E+03 1.73755E-04
1.60140E+03 6.07878E-04
1.60152E+03 9.79342E-04
1.60164E+03 1.08217E-03
1.60176E+03 1.01936E-03
1.60188E+03 1.01267E-03
1.60200E+03 1.13800E-03
1.60212E+03 1.29422E-03
1.60224E+03 1.36237E-03
1.60236E+03 1.30009E-03
1.60248E+03 1.08648E-03
1.60260E+03 6.77835E-04
1.60272E+03 8.43629E-05
1.60284E+03 -5.49961E-04
1.60296E+03 -1.01115E-03
1.60308E+03 -1.18197E-03
1.60320E+03 -1.10430E-03
1.60332E+03 -8.96938E-04
1.60345E+03 -6.50313E-04
1.60357E+03 -4.08296E-04
1.60369E+03 -1.99020E-04
1.60381E+03 -3.78303E-05
1.60393E+03 8.74400E-05
1.60405E+03 1.88828E-04
1.60417E+03 2.45973E-04
1.60429E+03 2.23201E-04
1.60441E+03 1.42474E-04
1.60453E+03 9.45292E-05
1.60465E+03 1.36472E-04
1.60477E+03 1.94345E-04
1.60489E+03 1.25047E-04
1.60501E+03 -1.05787E-04
1.60513E+03 -3.48415E-04
1.60525E+03 -4.23480E-04
1.60537E+03 -3.13826E-04
1.60549E+03 -1.69579E-04
1.60561E+03 -1.34744E-04
1.60574E+03 -2.18980E-04
1.60586E+03 -3.33332E-04
1.60598E+03 -3.85724E-04
1.60610E+03 -3.21250E-04
1.60622E+03 -1.33712E-04
1.60634E+03 1.13785E-04
1.60646E+03 3.10414E-04
1.60658E+03 3.92444E-04
1.60670E+03 3.75483E-04
1.60682E+03 2.79482E-04
1.60694E+03 8.36365E-05
1.60706E+03 -1.76970E-04
1.60718E+03 -3.32247E-04
1.60730E+03 -2.30335E-04
1.60742E+03 5.24856E-05
1.60754E+03 2.62603E-04
1.60766E+03 2.69257E-04
1.60778E+03 1.84014E-04
1.60791E+03 1.44761E-04
1.60803E+03 1.07370E-04
1.60815E+03 -3.38815E-05
1.60827E+03 -2.09153E-04
1.60839E+03 -2.31102E-04
1.60851E+03 -5.66803E-05
1.60863E+03 1.48103E-04
1.60875E+03 2.29135E-04
1.60887E+03 2.06567E-04
1.60899E+03 1.50245E-04
1.60911E+03 3.59789E-05
1.60923E+03 -1.64945E-04
1.60935E+03 -3.28097E-04
1.60947E+03 -2.69003E-04
1.60959E+03 2.15359E-05
1.60971E+03 3.41661E-04
1.60983E+03 5.25028E-04
1.60995E+03 6.02257E-04
1.61008E+03 6.58058E-04
1.61020E+03 6.17035E-04
1.61032E+03 3.16620E-04
1.61044E+03 -2.03498E-04
1.61056E+03 -6.19285E-04
1.61068E+03 -6.42031E-04
1.61080E+03 -3.53951E-04
1.61092E+03 -1.30035E-04
1.61104E+03 -2.16935E-04
1.61116E+03 -4.84459E-04
1.61128E+03 -6.33888E-04
1.61140E+03 -5.56014E-04
1.61152E+03 -3.90366E-04
1.61164E+03 -2.87212E-04
1.61176E+03 -2.49498E-04
1.61188E+03 -2.28353E-04
1.61200E+03 -2.39417E-04
1.61212E+03 -2.95304E-04
1.61225E+03 -3.14571E-04
1.61237E+03 -2.24095E-04
1.61249E+03 -1.18755E-04
1.61261E+03 -1.78993E-04
1.61273E+03 -4.01400E-04
1.61285E+03 -5.37444E-04
1.61297E+03 -3.83608E-04
1.61309E+03 -5.17443E-05
1.61321E+03 1.56835E-04
1.61333E+03 1.04651E-04
1.61345E+03 -5.64121E-05
1.61357E+03 -1.15171E-04
1.61369E+03 -3.92273E-05
1.61381E+03 6.70962E-05
1.61393E+03 1.18207E-04
1.61405E+03 8.78572E-05
1.61417E+03 -4.80600E-05
1.61429E+03 -2.70434E-04
1.61442E+03 -4.50592E-04
1.61454E+03 -4.27440E-04
1.61466E+03 -1.92720E-04
1.61478E+03 9.10982E-05
1.61490E+03 2.81200E-04
1.61502E+03 3.81101E-04
1.61514E+03 4.21982E-04
1.61526E+03 3.48050E-04
1.61538E+03 1.35504E-04
1.61550E+03 -4.64432E-05
1.61562E+03 4.06355E-05
1.61574E+03 3.82498E-04
1.61586E+03 6.80123E-04
1.61598E+03 6.85461E-04
1.61610E+03 4.77493E-04
1.61622E+03 3.04405E-04
1.61634E+03 2.37048E-04
1.61646E+03 1.17712E-04
1.61659E+03 -1.61279E-04
1.61671E+03 -4.54374E-04
1.61683E+03 -5.01104E-04
1.61695E+03 -1.91558E-04
1.61707E+03 3.36256E-04
1.61719E+03 8.12747E-04
1.61731E+03 1.01934E-03
1.61743E+03 9.04422E-04
1.61755E+03 6.15798E-04
1.61767E+03 3.99746E-04
1.61779E+03 3.85933E-04
1.61791E+03 4.49542E-04
1.61803E+03 3.44265E-04
1.61815E+03 -1.62795E-06
1.61827E+03 -3.69821E-04
1.61839E+03 -4.86951E-04
1.61851E+03 -3.15621E-04
1.61863E+03 -5.37299E-05
1.61876E+03 1.25974E-04
1.61888E+03 2.16231E-04
1.61900E+03 2.49572E-04
1.61912E+03 1.59215E-04
1.61924E+03 -1.02311E-04
1.61936E+03 -3.70227E-04
1.61948E+03 -3.67880E-04
1.61960E+03 -2.47508E-05
1.61972E+03 4.07711E-04
1.61984E+03 6.24239E-04
1.61996E+03 5.80758E-04
1.62008E+03 4.53491E-04
1.62020E+03 3.65678E-04
1.62032E+03 2.61739E-04
1.62044E+03 4.23752E-05
1.62056E+03 -2.71268E-04
1.62068E+03 -5.27941E-04
1.62080E+03 -5.63852E-04
1.62092E+03 -3.24398E-04
1.62105E+03 5.89378E-05
1.62117E+03 3.22051E-04
1.62129E+03 2.90513E-04
1.62141E+03 5.04926E-05
1.62153E+03 -1.64930E-04
1.62165E+03 -2.73269E-04
1.62177E+03 -4.33743E-04
1.62189E+03 -7.70394E-04
1.62201E+03 -1.12117E-03
1.62213E+03 -1.18352E-03
1.62225E+03 -8.72768E-04
1.62237E+03 -4.08106E-04
1.62249E+03 -4.27105E-05
1.62261E+03 1.63253E-04
1.62273E+03 2.60327E-04
1.62285E+03 2.38746E-04
1.62297E+03 4.59552E-05
1.62309E+03 -2.51908E-04
1.62322E+03 -4.41469E-04
1.62334E+03 -3.54394E-04
1.62346E+03 -4.38355E-05
1.62358E+03 2.43958E-04
1.62370E+03 2.72259E-04
1.62382E+03 1.78292E-05
1.62394E+03 -3.09311E-04
1.62406E+03 -4.41093E-04
1.62418E+03 -2.94115E-04
1.62430E+03 -3.42615E-05
1.62442E+03 1.04930E-04
1.62454E+03 6.67796E-05
1.62466E+03 1.88947E-05
1.62478E+03 1.39836E-04
1.62490E+03 4.10147E-04
1.62502E+03 6.45217E-04
1.62514E+03 7.08405E-04
1.62526E+03 6.36261E-04
1.62539E+03 5.51160E-04
1.62551E+03 5.13691E-04
1.62563E+03 5.11430E-04
1.62575E+03 5.55858E-04
1.62587E+03 7.02050E-04
1.62599E+03 9.33219E-04
1.62611E+03 1.07766E-03
1.62623E+03 9.20270E-04
1.62635E+03 4.26840E-04
1.62647E+03 -1.71401E-04
1.62659E+03 -5.49551E-04
1.62671E+03 -5.65670E-04
1.62683E+03 -3.52327E-04
1.62695E+03 -1.58451E-04
1.62707E+03 -1.20193E-04
1.62719E+03 -1.98089E-04
1.62731E+03 -3.08335E-04
1.62743E+03 -4.52232E-04
1.62756E+03 -6.76718E-04
1.62768E+03 -9.37600E-04
1.62780E+03 -1.07780E-03
1.62792E+03 -9.76030E-04
1.62804E+03 -6.81844E-04
1.62816E+03 -3.62609E-04
1.62828E+03 -1.37288E-04
1.62840E+03 -1.24089E-05
1.62852E+03 3.49283E-05
1.62864E+03 -1.41747E-05
1.62876E+03 -1.52230E-04
1.62888E+03 -2.83223E-04
1.62900E+03 -2.74111E-04
1.62912E+03 -8.81143E-05
1.62924E+03 1.80539E-04
1.62936E+03 4.10233E-04
1.62948E+03 5.74816E-04
1.62960E+03 7.38811E-04
1.62973E+03 9.59586E-04
1.62985E+03 1.19786E-03
1.62997E+03 1.31747E-03
1.63009E+03 1.18531E-03
1.63021E+03 8.11744E-04
1.63033E+03 4.05792E-04
1.63045E+03 2.44968E-04
1.63057E+03 4.35669E-04
1.63069E+03 7.95215E-04
1.63081E+03 1.00306E-03
1.63093E+03 8.81404E-04
1.63105E+03 5.08744E-04
1.63117E+03 7.60630E-05
1.63129E+03 -2.96596E-04
1.63141E+03 -5.59356E-04
1.63153E+03 -6.41104E-04
1.63165E+03 -4.78409E-04
1.63177E+03 -1.75923E-04
1.63190E+03 -1.52476E-05
1.63202E+03 -1.86566E-04
1.63214E+03 -5.36274E-04
1.63226E+03 -6.94405E-04
1.63238E+03 -4.87354E-04
1.63250E+03 -1.38924E-04
1.63262E+03 -2.97278E-06
1.63274E+03 -1.56034E-04
1.63286E+03 -3.34229E-04
1.63298E+03 -2.49397E-04
1.63310E+03 1.19314E-04
1.63322E+03 5.41795E-04
1.63334E+03 7.69354E-04
1.63346E+03 7.13561E-04
1.63358E+03 4.79892E-04
1.63370E+03 2.80086E-04
1.63382E+03 2.80265E-04
1.63394E+03 4.72017E-04
1.63406E+03 6.87085E-04
1.63419E+03 7.54900E-04
1.63431E+03 6.33247E-04
1.63443E+03 3.88395E-04
1.63455E+03 1.10950E-04
1.63467E+03 -1.02367E-04
1.63479E+03 -1.39538E-04
1.63491E+03 3.60757E-05
1.63503E+03 2.89809E-04
1.63515E+03 4.05636E-04
1.63527E+03 3.05634E-04
1.63539E+03 1.29469E-04
1.63551E+03 5.28060E-05
1.63563E+03 8.91760E-05
1.63575E+03 1.21407E-04
1.63587E+03 7.20732E-05
1.63599E+03 -2.98731E-05
1.63611E+03 -1.09654E-04
1.63623E+03 -1.00490E-04
1.63636E+03 5.85988E-05
1.63648E+03 3.58526E-04
1.63660E+03 6.49925E-04
1.63672E+03 7.20970E-04
1.63684E+03 5.18136E-04
1.63696E+03 2.28647E-04
1.63708E+03 8.70973E-05
1.63720E+03 1.39926E-04
1.63732E+03 2.59299E-04
1.63744E+03 3.40357E-04
1.63756E+03 3.83317E-04
1.63768E+03 3.86745E-04
1.63780E+03 2.76152E-04
1.63792E+03 1.38097E-05
1.63804E+03 -2.73053E-04
1.63816E+03 -3.62713E-04
1.63828E+03 -1.73267E-04
1.63840E+03 1.31220E-04
1.63853E+03 2.90018E-04
1.63865E+03 2.15437E-04
1.63877E+03 7.60779E-05
1.63889E+03 1.07694E-04
1.63901E+03 3.56849E-04
1.63913E+03 6.48987E-04
1.63925E+03 7.97272E-04
1.63937E+03 7.71131E-04
1.63949E+03 6.25830E-04
1.63961E+03 3.61975E-04
1.63973E+03 -1.69389E-05
1.63985E+03 -3.33518E-04
1.63997E+03 -3.10432E-04
1.64009E+03 1.14214E-04
1.64021E+03 6.44185E-04
1.64033E+03 9.28331E-04
1.64045E+03 9.22833E-04
1.64057E+03 8.40008E-04
1.64070E+03 7.99946E-04
1.64082E+03 7.17897E-04
1.64094E+03 5.38260E-04
1.64106E+03 3.76239E-04
1.64118E+03 3.31298E-04
1.64130E+03 3.13684E-04
1.64142E+03 1.96930E-04
1.64154E+03 4.02145E-05
1.64166E+03 1.28150E-06
1.64178E+03 9.03383E-05
1.64190E+03 1.80509E-04
1.64202E+03 2.41578E-04
1.64214E+03 3.79980E-04
1.64226E+03 6.11737E-04
1.64238E+03 7.70587E-04
1.64250E+03 7.33588E-04
1.64262E+03 6.06533E-04
1.64274E+03 5.67935E-04
1.64287E+03 6.23725E-04
1.64299E+03 6.46807E-04
1.64311E+03 5.95830E-04
1.64323E+03 5.48739E-04
1.64335E+03 5.38614E-04
1.64347E+03 4.99353E-04
1.64359E+03 4.00446E-04
1.64371E+03 3.19604E-04
1.64383E+03 3.29271E-04
1.64395E+03 3.91521E-04
1.64407E+03 4.15362E-04
1.64419E+03 3.58131E-04
1.64431E+03 2.27947E-04
1.64443E+03 5.08539E-05
1.64455E+03 -1.02270E-04
1.64467E+03 -1.02375E-04
1.64479E+03 1.26202E-04
1.64491E+03 4.83457E-04
1.64504E+03 7.31956E-04
1.64516E+03 6.69420E-04
1.64528E+03 2.83379E-04
1.64540E+03 -2.32246E-04
1.64552E+03 -5.86588E-04
1.64564E+03 -5.83928E-04
1.64576E+03 -2.72818E-04
1.64588E+03 7.56569E-05
1.64600E+03 1.80122E-04
1.64612E+03 -2.16216E-05
1.64624E+03 -3.49227E-04
1.64636E+03 -5.62824E-04
1.64648E+03 -5.48881E-04
1.64660E+03 -3.71374E-04
1.64672E+03 -1.89446E-04
1.64684E+03 -1.21832E-04
1.64696E+03 -1.50628E-04
1.64708E+03 -1.54696E-04
1.64720E+03 -5.82524E-05
1.64733E+03 7.62418E-05
1.64745E+03 1.37292E-04
1.64757E+03 1.26783E-04
1.64769E+03 1.45718E-04
1.64781E+03 2.31706E-04
1.64793E+03 2.97584E-04
1.64805E+03 2.71596E-04
1.64817E+03 2.16812E-04
1.64829E+03 2.41626E-04
1.64841E+03 3.45707E-04
1.64853E+03 4.38586E-04
1.64865E+03 4.85037E-04
1.64877E+03 5.31368E-04
1.64889E+03 5.73900E-04
1.64901E+03 4.95784E-04
1.64913E+03 2.00894E-04
1.64925E+03 -2.25779E-04
1.64937E+03 -5.42182E-04
1.64950E+03 -5.52207E-04
1.64962E+03 -2.66593E-04
1.64974E+03 1.02490E-04
1.64986E+03 2.92007E-04
1.64998E+03 1.89643E-04
1.65010E+03 -7.34814E-05
1.65022E+03 -2.24270E-04
1.65034E+03 -1.04468E-04
1.65046E+03 1.78255E-04
1.65058E+03 3.63570E-04
1.65070E+03 3.14150E-04
1.65082E+03 1.30124E-04
1.65094E+03 7.45431E-06
1.65106E+03 3.38256E-05
1.65118E+03 1.48263E-04
1.65130E+03 2.51547E-04
1.65142E+03 3.03358E-04
1.65154E+03 3.29930E-04
1.65167E+03 3.81559E-04
1.65179E+03 4.74129E-04
1.65191E+03 5.41661E-04
1.65203E+03 4.71912E-04
1.65215E+03 2.43299E-04
1.65227E+03 9.77516E-06
1.65239E+03 -2.72058E-05
1.65251E+03 1.58973E-04
1.65263E+03 3.76318E-04
1.65275E+03 4.50388E-04
1.65287E+03 4.07297E-04
1.65299E+03 3.74593E-04
1.65311E+03 3.74656E-04
1.65323E+03 3.27535E-04
1.65335E+03 2.23115E-04
1.65347E+03 1.65980E-04
1.65359E+03 2.26967E-04
1.65371E+03 3.55236E-04
1.65384E+03 4.88982E-04
1.65396E+03 6.51907E-04
1.65408E+03 8.54488E-04
1.65420E+03 9.74424E-04
1.65432E+03 8.56701E-04
1.65444E+03 5.19507E-04
1.65456E+03 1.52577E-04
1.65468E+03 -1.06998E-04
1.65480E+03 -3.01030E-04
1.65492E+03 -5.19097E-04
1.65504E+03 -7.07109E-04
1.65516E+03 -7.04207E-04
1.65528E+03 -4.40545E-04
1.65540E+03 -2.98731E-05
1.65552E+03 3.31480E-04
1.65564E+03 4.98705E-04
1.65576E+03 4.35717E-04
1.65588E+03 2.15139E-04
1.65601E+03 1.04792E-05
1.65613E+03 1.82912E-06
1.65625E+03 1.96222E-04
1.65637E+03 3.69009E-04
1.65649E+03 2.93218E-04
1.65661E+03 4.66183E-05
1.65673E+03 -2.43187E-05
1.65685E+03 2.81688E-04
1.65697E+03 7.15226E-04
1.65709E+03 8.48122E-04
1.65721E+03 5.98535E-04
1.65733E+03 3.31163E-04
1.65745E+03 3.71940E-04
1.65757E+03 5.86756E-04
1.65769E+03 6.05710E-04
1.65781E+03 3.81861E-04
1.65793E+03 2.98969E-04
1.65805E+03 6.64622E-04
1.65818E+03 1.27259E-03
1.65830E+03 1.62085E-03
1.65842E+03 1.49296E-03
1.65854E+03 1.15985E-03
1.65866E+03 9.97834E-04
1.65878E+03 1.06229E-03
1.65890E+03 1.12248E-03
1.65902E+03 1.01126E-03
1.65914E+03 7.94403E-04
1.65926E+03 5.97306E-04
1.65938E+03 4.06712E-04
1.65950E+03 1.31741E-04
1.65962E+03 -2.04891E-04
1.65974E+03 -4.38165E-04
1.65986E+03 -4.34555E-04
1.65998E+03 -2.03636E-04
1.66010E+03 1.59133E-04
1.66022E+03 5.49454E-04
1.66034E+03 8.40209E-04
1.66047E+03 8.71412E-04
1.66059E+03 5.85608E-04
1.66071E+03 1.57289E-04
1.66083E+03 -1.15696E-04
1.66095E+03 -7.55861E-05
1.66107E+03 1.80077E-04
1.66119E+03 4.47638E-04
1.66131E+03 6.02011E-04
1.66143E+03 6.07524E-04
1.66155E+03 4.65792E-04
1.66167E+03 2.37573E-04
1.66179E+03 5.77047E-05
1.66191E+03 2.03140E-05
1.66203E+03 5.83902E-05
1.66215E+03 2.18004E-05
1.66227E+03 -1.18192E-04
1.66239E+03 -2.18216E-04
1.66251E+03 -1.57766E-04
1.66264E+03 2.33948E-06
1.66276E+03 1.01767E-04
1.66288E+03 9.57623E-05
1.66300E+03 9.24543E-05
1.66312E+03 1.69773E-04
1.66324E+03 2.17017E-04
1.66336E+03 3.65265E-05
1.66348E+03 -3.88041E-04
1.66360E+03 -7.86699E-04
1.66372E+03 -8.47373E-04
1.66384E+03 -5.51023E-04
1.66396E+03 -2.04396E-04
1.66408E+03 -1.03958E-04
1.66420E+03 -2.34004E-04
1.66432E+03 -3.51477E-04
1.66444E+03 -3.07947E-04
1.66456E+03 -1.85460E-04
1.66468E+03 -1.25881E-04
1.66481E+03 -1.44459E-04
1.66493E+03 -1.61126E-04
1.66505E+03 -1.39765E-04
1.66517E+03 -1.22994E-04
1.66529E+03 -1.57300E-04
1.66541E+03 -2.35662E-04
1.66553E+03 -3.05496E-04
1.66565E+03 -3.11494E-04
1.66577E+03 -2.48775E-04
1.66589E+03 -1.79347E-04
1.66601E+03 -1.54696E-04
1.66613E+03 -1.15089E-04
1.66625E+03 5.73471E-05
1.66637E+03 3.34453E-04
1.66649E+03 4.86191E-04
1.66661E+03 3.20852E-04
1.66673E+03 -4.65177E-05
1.66685E+03 -2.82671E-04
1.66698E+03 -2.07607E-04
1.66710E+03 4.28967E-05
1.66722E+03 2.35457E-04
1.66734E+03 3.22387E-04
1.66746E+03 4.14636E-04
1.66758E+03 5.60455E-04
1.66770E+03 6.62953E-04
1.66782E+03 6.15045E-04
1.66794E+03 4.28252E-04
1.66806E+03 1.96133E-04
1.66818E+03 -1.93268E-05
1.66830E+03 -2.13087E-04
1.66842E+03 -3.70741E-04
1.66854E+03 -4.05628E-04
1.66866E+03 -2.14700E-04
1.66878E+03 1.83947E-04
1.66890E+03 5.81451E-04
1.66902E+03 7.19648E-04
1.66915E+03 5.37258E-04
1.66927E+03 2.62097E-04
1.66939E+03 1.96353E-04
1.66951E+03 4.01843E-04
1.66963E+03 6.36917E-04
1.66975E+03 6.23211E-04
1.66987E+03 3.39039E-04
1.66999E+03 6.83591E-06
1.67011E+03 -1.84022E-04
1.67023E+03 -2.61869E-04
1.67035E+03 -3.61349E-04
1.67047E+03 -4.80309E-04
1.67059E+03 -4.67390E-04
1.67071E+03 -2.72039E-04
1.67083E+03 -1.02017E-04
1.67095E+03 -2.13958E-04
1.67107E+03 -5.67768E-04
1.67119E+03 -8.12184E-04
1.67132E+03 -6.65575E-04
1.67144E+03 -2.31367E-04
1.67156E+03 1.34714E-04
1.67168E+03 2.08877E-04
1.67180E+03 8.63150E-05
1.67192E+03 9.92045E-06
1.67204E+03 1.13472E-04
1.67216E+03 3.31819E-04
1.67228E+03 4.94953E-04
1.67240E+03 4.96455E-04
1.67252E+03 4.10113E-04
1.67264E+03 4.22984E-04
1.67276E+03 5.94981E-04
1.67288E+03 7.18564E-04
1.67300E+03 5.19868E-04
1.67312E+03 -1.14739E-06
1.67324E+03 -5.42991E-04
1.67336E+03 -8.52589E-04
1.67348E+03 -9.57146E-04
1.67361E+03 -9.90510E-04
1.67373E+03 -9.36918E-04
1.67385E+03 -7.10703E-04
1.67397E+03 -4.02212E-04
1.67409E+03 -2.38299E-04
1.67421E+03 -2.89842E-04
1.67433E+03 -3.88417E-04
1.67445E+03 -3.76232E-04
1.67457E+03 -2.94108E-04
1.67469E+03 -2.65621E-04
1.67481E+03 -3.38931E-04
1.67493E+03 -5.19011E-04
1.67505E+03 -7.91796E-04
1.67517E+03 -9.68628E-04
1.67529E+03 -6.51721E-04
1.67541E+03 3.85392E-04
1.67553E+03 1.77752E-03
1.67565E+03 2.77400E-03
1.67578E+03 2.93743E-03
1.67590E+03 2.51835E-03
1.67602E+03 2.07861E-03
1.67614E+03 1.88288E-03
1.67626E+03 1.77756E-03
1.67638E+03 1.54771E-03
1.67650E+03 1.17679E-03
1.67662E+03 7.55511E-04
1.67674E+03 3.29744E-04
1.67686E+03 -5.58197E-05
1.67698E+03 -2.64350E-04
1.67710E+03 -1.76117E-04
1.67722E+03 1.24127E-04
1.67734E+03 3.63499E-04
1.67746E+03 3.58980E-04
1.67758E+03 2.15128E-04
1.67770E+03 1.89032E-04
1.67782E+03 3.68387E-04
1.67795E+03 5.64411E-04
1.67807E+03 5.57877E-04
1.67819E+03 3.83623E-04
1.67831E+03 2.85022E-04
1.67843E+03 3.99768E-04
1.67855E+03 5.87828E-04
1.67867E+03 6.14576E-04
1.67879E+03 4.35438E-04
1.67891E+03 2.27489E-04
1.67903E+03 1.70860E-04
1.67915E+03 2.78346E-04
1.67927E+03 4.46040E-04
1.67939E+03 5.98289E-04
1.67951E+03 7.34061E-04
1.67963E+03 8.56187E-04
1.67975E+03 9.08297E-04
1.67987E+03 8.13082E-04
1.67999E+03 5.76794E-04
1.68012E+03 3.29025E-04
1.68024E+03 2.12170E-04
1.68036E+03 2.18820E-04
1.68048E+03 1.90813E-04
1.68060E+03 2.40989E-05
1.68072E+03 -1.71416E-04
1.68084E+03 -1.91789E-04
1.68096E+03 -2.47732E-05
1.68108E+03 8.98801E-05
1.68120E+03 -8.26046E-05
1.68132E+03 -4.77873E-04
1.68144E+03 -7.69895E-04
1.68156E+03 -6.74274E-04
1.68168E+03 -2.17725E-04
1.68180E+03 2.84016E-04
1.68192E+03 4.96265E-04
1.68204E+03 3.47611E-04
1.68216E+03 4.93228E-05
1.68229E+03 -1.55877E-04
1.68241E+03 -2.29005E-04
1.68253E+03 -2.81751E-04
1.68265E+03 -3.26931E-04
1.68277E+03 -2.32622E-04
1.68289E+03 4.18313E-05
1.68301E+03 3.01246E-04
1.68313E+03 3.38368E-04
1.68325E+03 2.02194E-04
1.68337E+03 1.02125E-04
1.68349E+03 8.13715E-05
1.68361E+03 -3.04803E-05
1.68373E+03 -3.05861E-04
1.68385E+03 -5.52554E-04
1.68397E+03 -5.49324E-04
1.68409E+03 -3.36554E-04
1.68421E+03 -1.37527E-04
1.68433E+03 -6.29164E-05
1.68446E+03 -3.22647E-05
1.68458E+03 4.16078E-05
1.68470E+03 1.26932E-04
1.68482E+03 1.64654E-04
1.68494E+03 1.58373E-04
1.68506E+03 1.35820E-04
1.68518E+03 9.13739E-05
1.68530E+03 1.49421E-05
1.68542E+03 -7.93710E-05
1.68554E+03 -1.86510E-04
1.68566E+03 -3.23839E-04
1.68578E+03 -4.52150E-04
1.68590E+03 -4.51751E-04
1.68602E+03 -2.42334E-04
1.68614E+03 9.87537E-05
1.68626E+03 3.90101E-04
1.68638E+03 5.14112E-04
1.68650E+03 4.74315E-04
1.68662E+03 3.26261E-04
1.68675E+03 1.21139E-04
1.68687E+03 -7.67745E-05
1.68699E+03 -1.79842E-04
1.68711E+03 -1.31637E-04
1.68723E+03 5.95078E-05
1.68735E+03 3.22498E-04
1.68747E+03 5.49275E-04
1.68759E+03 6.32878E-04
1.68771E+03 5.67757E-04
1.68783E+03 5.14470E-04
1.68795E+03 6.71875E-04
1.68807E+03 1.02445E-03
1.68819E+03 1.28222E-03
1.68831E+03 1.15833E-03
1.68843E+03 6.88057E-04
1.68855E+03 1.99046E-04
1.68867E+03 -3.01339E-05
1.68879E+03 -2.81632E-06
1.68892E+03 9.19178E-05
1.68904E+03 1.22417E-04
1.68916E+03 1.03619E-04
1.68928E+03 8.79504E-05
1.68940E+03 6.86795E-05
1.68952E+03 1.48341E-05
1.68964E+03 -3.93800E-05
1.68976E+03 1.27442E-05
1.68988E+03 2.32995E-04
1.69000E+03 5.58615E-04
1.69012E+03 8.49321E-04
1.69024E+03 1.02738E-03
1.69036E+03 1.12249E-03
1.69048E+03 1.17061E-03
1.69060E+03 1.13767E-03
1.69072E+03 1.00027E-03
1.69084E+03 8.43890E-04
1.69096E+03 7.79811E-04
1.69109E+03 7.75207E-04
1.69121E+03 6.73667E-04
1.69133E+03 4.13783E-04
1.69145E+03 1.31860E-04
1.69157E+03 -1.15111E-05
1.69169E+03 -2.70978E-05
1.69181E+03 -5.69075E-05
1.69193E+03 -1.78844E-04
1.69205E+03 -3.44377E-04
1.69217E+03 -4.70925E-04
1.69229E+03 -5.15837E-04
1.69241E+03 -4.77497E-04
1.69253E+03 -4.01735E-04
1.69265E+03 -3.77208E-04
1.69277E+03 -4.45336E-04
1.69289E+03 -5.15807E-04
1.69301E+03 -4.55625E-04
1.69313E+03 -2.73157E-04
1.69326E+03 -1.24499E-04
1.69338E+03 -1.03563E-04
1.69350E+03 -1.15525E-04
1.69362E+03 -3.05697E-05
1.69374E+03 9.38997E-05
1.69386E+03 3.09497E-05
1.69398E+03 -3.59114E-04
1.69410E+03 -9.47252E-04
1.69422E+03 -1.41870E-03
1.69434E+03 -1.50945E-03
1.69446E+03 -1.19242E-03
1.69458E+03 -6.72765E-04
1.69470E+03 -2.22698E-04
1.69482E+03 -3.43099E-06
1.69494E+03 1.03563E-06
1.69506E+03 -7.61971E-05
1.69518E+03 -8.09319E-05
1.69530E+03 4.72404E-05
1.69543E+03 2.10214E-04
1.69555E+03 2.16682E-04
1.69567E+03 -1.72965E-05
1.69579E+03 -3.13107E-04
1.69591E+03 -3.73017E-04
1.69603E+03 -8.98205E-05
1.69615E+03 3.44381E-04
1.69627E+03 6.65497E-04
1.69639E+03 7.96266E-04
1.69651E+03 7.96735E-04
1.69663E+03 6.70251E-04
1.69675E+03 3.54253E-04
1.69687E+03 -1.20722E-04
1.69699E+03 -5.83302E-04
1.69711E+03 -8.72288E-04
1.69723E+03 -9.50377E-04
1.69735E+03 -8.72891E-04
1.69747E+03 -7.20389E-04
1.69760E+03 -5.80877E-04
1.69772E+03 -5.20568E-04
1.69784E+03 -5.28466E-04
1.69796E+03 -5.26384E-04
1.69808E+03 -4.47750E-04
1.69820E+03 -2.67070E-04
1.69832E+03 3.45670E-05
1.69844E+03 4.38295E-04
1.69856E+03 8.09483E-04
1.69868E+03 9.34992E-04
1.69880E+03 7.26368E-04
1.69892E+03 3.38223E-04
1.69904E+03 2.65799E-05
1.69916E+03 -8.46945E-05
1.69928E+03 -5.38044E-05
1.69940E+03 5.86361E-06
1.69952E+03 4.66742E-05
1.69964E+03 1.02915E-04
1.69977E+03 2.33982E-04
1.69989E+03 4.53621E-04
1.70001E+03 6.75052E-04
1.70013E+03 7.47953E-04
1.70025E+03 5.90980E-04
1.70037E+03 2.72922E-04
1.70049E+03 -5.75557E-05
1.70061E+03 -2.63415E-04
1.70073E+03 -2.24747E-04
1.70085E+03 1.43711E-04
1.70097E+03 7.36319E-04
1.70109E+03 1.20431E-03
1.70121E+03 1.23692E-03
1.70133E+03 9.29318E-04
1.70145E+03 6.99811E-04
1.70157E+03 7.70520E-04
1.70169E+03 8.74758E-04
1.70181E+03 6.07308E-04
1.70193E+03 -3.87318E-05
1.70206E+03 -6.45675E-04
1.70218E+03 -8.44643E-04
1.70230E+03 -6.40064E-04
1.70242E+03 -2.86013E-04
1.70254E+03 -9.98378E-06
1.70266E+03 8.66465E-05
1.70278E+03 8.10996E-06
1.70290E+03 -1.22972E-04
1.70302E+03 -1.32214E-04
1.70314E+03 4.12017E-06
1.70326E+03 7.95275E-05
1.70338E+03 -9.91859E-05
1.70350E+03 -4.23044E-04
1.70362E+03 -5.71650E-04
1.70374E+03 -3.92783E-04
1.70386E+03 -7.34776E-05
1.70398E+03 1.16732E-04
1.70410E+03 1.27058E-04
1.70423E+03 9.82024E-05
1.70435E+03 1.22868E-04
1.70447E+03 1.68495E-04
1.70459E+03 1.85378E-04
1.70471E+03 1.59774E-04
1.70483E+03 5.72056E-05
1.70495E+03 -1.67191E-04
1.70507E+03 -4.52191E-04
1.70519E+03 -6.18108E-04
1.70531E+03 -5.14586E-04
1.70543E+03 -1.56764E-04
1.70555E+03 3.03440E-04
1.70567E+03 6.67900E-04
1.70579E+03 7.45039E-04
1.70591E+03 4.23238E-04
1.70603E+03 -1.70700E-04
1.70615E+03 -6.41122E-04
1.70627E+03 -6.26646E-04
1.70640E+03 -1.73490E-04
1.70652E+03 2.70616E-04
1.70664E+03 2.90848E-04
1.70676E+03 -1.01503E-04
1.70688E+03 -5.49272E-04
1.70700E+03 -7.53820E-04
1.70712E+03 -7.15520E-04
1.70724E+03 -6.23569E-04
1.70736E+03 -6.13313E-04
1.70748E+03 -6.70630E-04
1.70760E+03 -7.05715E-04
1.70772E+03 -6.47973E-04
1.70784E+03 -4.76409E-04
1.70796E+03 -2.17211E-04
1.70808E+03 5.63189E-05
1.70820E+03 2.40956E-04
1.70832E+03 2.71369E-04
1.70844E+03 1.68119E-04
1.70857E+03 1.87345E-05
1.70869E+03 -9.52967E-05
1.70881E+03 -1.36591E-04
1.70893E+03 -1.00922E-04
1.70905E+03 6.14673E-06
1.70917E+03 1.44951E-04
1.70929E+03 2.41622E-04
1.70941E+03 2.35740E-04
1.70953E+03 1.32363E-04
1.70965E+03 -2.47248E-05
1.70977E+03 -2.09089E-04
1.70989E+03 -4.11894E-04
1.71001E+03 -5.82449E-04
1.71013E+03 -6.40843E-04
1.71025E+03 -5.72361E-04
1.71037E+03 -4.70091E-04
1.71049E+03 -4.44513E-04
1.71061E+03 -5.08942E-04
1.71074E+03 -5.80169E-04
1.71086E+03 -5.66043E-04
1.71098E+03 -4.14971E-04
1.71110E+03 -1.05821E-04
1.71122E+03 3.38465E-04
1.71134E+03 7.93703E-04
1.71146E+03 1.05543E-03
1.71158E+03 9.81193E-04
1.71170E+03 6.48547E-04
1.71182E+03 3.29487E-04
1.71194E+03 2.56166E-04
1.71206E+03 3.97082E-04
1.71218E+03 4.92234E-04
1.71230E+03 3.32519E-04
1.71242E+03 -1.95801E-05
1.71254E+03 -3.16929E-04
1.71266E+03 -4.25640E-04
1.71278E+03 -4.51345E-04
1.71291E+03 -5.48981E-04
1.71303E+03 -6.69021E-04
1.71315E+03 -5.81715E-04
1.71327E+03 -1.56268E-04
1.71339E+03 4.49963E-04
1.71351E+03 9.07339E-04
1.71363E+03 9.99495E-04
1.71375E+03 7.60298E-04
1.71387E+03 3.77104E-04
1.71399E+03 8.22917E-06
1.71411E+03 -2.97874E-04
1.71423E+03 -5.45237E-04
1.71435E+03 -7.22587E-04
1.71447E+03 -8.06659E-04
1.71459E+03 -8.18577E-04
1.71471E+03 -8.15067E-04
1.71483E+03 -7.96881E-04
1.71495E+03 -6.64417E-04
1.71508E+03 -3.23605E-04
1.71520E+03 1.51951E-04
1.71532E+03 5.01651E-04
1.71544E+03 4.76997E-04
1.71556E+03 6.17653E-05
1.71568E+03 -4.96041E-04
1.71580E+03 -8.71126E-04
1.71592E+03 -9.01017E-04
1.71604E+03 -6.60624E-04
1.71616E+03 -3.41859E-04
1.71628E+03 -7.18907E-05
1.71640E+03 1.46914E-04
1.71652E+03 3.46005E-04
1.71664E+03 5.10164E-04
1.71676E+03 5.91233E-04
1.71688E+03 5.61271E-04
1.71700E+03 4.14860E-04
1.71712E+03 1.76620E-04
1.71724E+03 -4.21554E-05
1.71737E+03 -6.59451E-05
1.71749E+03 1.33082E-04
1.71761E+03 2.84638E-04
1.71773E+03 5.36740E-05
1.71785E+03 -5.25214E-04
1.71797E+03 -9.87612E-04
1.71809E+03 -9.37056E-04
1.71821E+03 -4.78886E-04
1.71833E+03 -5.36889E-05
1.71845E+03 7.84658E-05
1.71857E+03 2.35029E-05
1.71869E+03 -1.16564E-05
1.71881E+03 3.65414E-05
1.71893E+03 1.34628E-04
1.71905E+03 2.63039E-04
1.71917E+03 3.49477E-04
1.71929E+03 2.50254E-04
1.71941E+03 -6.76550E-05
1.71954E+03 -4.06291E-04
1.71966E+03 -5.47417E-04
1.71978E+03 -5.17026E-04
1.71990E+03 -5.16355E-04
1.72002E+03 -6.16837E-04
1.72014E+03 -6.72203E-04
1.72026E+03 -5.37440E-04
1.72038E+03 -2.27675E-04
1.72050E+03 1.72094E-04
1.72062E+03 5.98595E-04
1.72074E+03 9.42774E-04
1.72086E+03 1.02016E-03
1.72098E+03 7.75322E-04
1.72110E+03 4.47921E-04
1.72122E+03 3.64084E-04
1.72134E+03 5.47614E-04
1.72146E+03 6.74684E-04
1.72158E+03 4.68291E-04
1.72171E+03 2.97874E-05
1.72183E+03 -3.10324E-04
1.72195E+03 -3.87117E-04
1.72207E+03 -3.34650E-04
1.72219E+03 -3.40551E-04
1.72231E+03 -4.18738E-04
1.72243E+03 -4.75865E-04
1.72255E+03 -5.00228E-04
1.72267E+03 -5.72424E-04
1.72279E+03 -7.11955E-04
1.72291E+03 -8.14766E-04
1.72303E+03 -7.72439E-04
1.72315E+03 -5.91494E-04
1.72327E+03 -3.57650E-04
1.72339E+03 -1.22845E-04
1.72351E+03 1.28478E-04
1.72363E+03 4.09313E-04
1.72375E+03 6.66238E-04
1.72388E+03 7.74089E-04
1.72400E+03 6.19810E-04
1.72412E+03 2.29698E-04
1.72424E+03 -1.88198E-04
1.72436E+03 -3.99165E-04
1.72448E+03 -3.88008E-04
1.72460E+03 -3.60917E-04
1.72472E+03 -4.50473E-04
1.72484E+03 -5.00508E-04
1.72496E+03 -2.71484E-04
1.72508E+03 1.87986E-04
1.72520E+03 5.40044E-04
1.72532E+03 5.62727E-04
1.72544E+03 3.85638E-04
1.72556E+03 2.64820E-04
1.72568E+03 2.66735E-04
1.72580E+03 3.00724E-04
1.72592E+03 3.44384E-04
1.72605E+03 4.46562E-04
1.72617E+03 5.47446E-04
1.72629E+03 4.96492E-04
1.72641E+03 2.92987E-04
1.72653E+03 1.49831E-04
1.72665E+03 2.34175E-04
1.72677E+03 4.60062E-04
1.72689E+03 6.33419E-04
1.72701E+03 7.07321E-04
1.72713E+03 7.69693E-04
1.72725E+03 8.33251E-04
1.72737E+03 7.83909E-04
1.72749E+03 5.49860E-04
1.72761E+03 2.06329E-04
1.72773E+03 -1.27129E-04
1.72785E+03 -3.91044E-04
1.72797E+03 -5.42700E-04
1.72809E+03 -4.90796E-04
1.72822E+03 -2.02868E-04
1.72834E+03 1.53761E-04
1.72846E+03 3.01771E-04
1.72858E+03 1.49503E-04
1.72870E+03 -9.67756E-05
1.72882E+03 -1.74008E-04
1.72894E+03 -7.99820E-05
1.72906E+03 -4.11496E-05
1.72918E+03 -1.95306E-04
1.72930E+03 -4.25931E-04
1.72942E+03 -5.57262E-04
1.72954E+03 -5.96121E-04
1.72966E+03 -6.67695E-04
1.72978E+03 -7.77539E-04
1.72990E+03 -7.90875E-04
1.73002E+03 -6.61980E-04
1.73014E+03 -5.42682E-04
1.73026E+03 -5.84327E-04
1.73039E+03 -7.27691E-04
1.73051E+03 -7.98315E-04
1.73063E+03 -7.63066E-04
1.73075E+03 -7.68382E-04
1.73087E+03 -9.09064E-04
1.73099E+03 -1.05856E-03
1.73111E+03 -9.92760E-04
1.73123E+03 -6.52049E-04
1.73135E+03 -2.31478E-04
1.73147E+03 -9.10461E-06
1.73159E+03 -9.85675E-05
1.73171E+03 -3.57915E-04
1.73183E+03 -5.24703E-04
1.73195E+03 -4.45124E-04
1.73207E+03 -1.87989E-04
1.73219E+03 4.90099E-05
1.73231E+03 1.25419E-04
1.73243E+03 6.49132E-05
1.73255E+03 -8.96305E-06
1.73268E+03 -2.33576E-06
1.73280E+03 6.04913E-05
1.73292E+03 6.85602E-05
1.73304E+03 -5.77085E-05
1.73316E+03 -2.74982E-04
1.73328E+03 -4.48115E-04
1.73340E+03 -4.66134E-04
1.73352E+03 -3.26555E-04
1.73364E+03 -1.08410E-04
1.73376E+03 9.28603E-05
1.73388E+03 1.75647E-04
1.73400E+03 4.74155E-05
1.73412E+03 -3.01041E-04
1.73424E+03 -7.20933E-04
1.73436E+03 -9.93762E-04
1.73448E+03 -1.01773E-03
1.73460E+03 -8.81083E-04
1.73472E+03 -7.20091E-04
1.73485E+03 -5.47100E-04
1.73497E+03 -2.70125E-04
1.73509E+03 1.30471E-04
1.73521E+03 4.93914E-04
1.73533E+03 5.96728E-04
1.73545E+03 3.76277E-04
1.73557E+03 3.33749E-05
1.73569E+03 -1.38592E-04
1.73581E+03 -5.79059E-05
1.73593E+03 3.56212E-05
1.73605E+03 -1.49395E-04
1.73617E+03 -5.87050E-04
1.73629E+03 -9.47427E-04
1.73641E+03 -9.68639E-04
1.73653E+03 -7.22237E-04
1.73665E+03 -4.47214E-04
1.73677E+03 -2.49408E-04
1.73689E+03 -1.05958E-04
1.73702E+03 -7.43270E-05
1.73714E+03 -2.68482E-04
1.73726E+03 -5.93595E-04
1.73738E+03 -7.22237E-04
1.73750E+03 -4.82570E-04
1.73762E+03 -1.43047E-04
1.73774E+03 -1.17868E-04
1.73786E+03 -4.39622E-04
1.73798E+03 -7.28913E-04
1.73810E+03 -7.11445E-04
1.73822E+03 -5.65901E-04
1.73834E+03 -6.35341E-04
1.73846E+03 -9.28469E-04
1.73858E+03 -1.09608E-03
1.73870E+03 -8.73532E-04
1.73882E+03 -3.79439E-04
1.73894E+03 6.27078E-05
1.73906E+03 2.57000E-04
1.73919E+03 2.26315E-04
1.73931E+03 7.48895E-05
1.73943E+03 -9.21525E-05
1.73955E+03 -1.50509E-04
1.73967E+03 -1.76542E-05
1.73979E+03 2.28759E-04
1.73991E+03 3.62732E-04
1.74003E+03 2.33550E-04
1.74015E+03 -5.91427E-05
1.74027E+03 -2.51427E-04
1.74039E+03 -1.86909E-04
1.74051E+03 5.26011E-05
1.74063E+03 2.63695E-04
1.74075E+03 3.30903E-04
1.74087E+03 2.90714E-04
1.74099E+03 2.44357E-04
1.74111E+03 2.54918E-04
1.74123E+03 3.29614E-04
1.74136E+03 4.45973E-04
1.74148E+03 5.46180E-04
1.74160E+03 5.26436E-04
1.74172E+03 3.04081E-04
1.74184E+03 -6.87353E-05
1.74196E+03 -4.00625E-04
1.74208E+03 -5.41195E-04
1.74220E+03 -5.40011E-04
1.74232E+03 -5.82729E-04
1.74244E+03 -7.62053E-04
1.74256E+03 -9.65524E-04
1.74268E+03 -1.00243E-03
1.74280E+03 -7.98017E-04
1.74292E+03 -4.55119E-04
1.74304E+03 -1.73904E-04
1.74316E+03 -1.16780E-04
1.74328E+03 -2.79550E-04
1.74340E+03 -4.60159E-04
1.74353E+03 -4.35740E-04
1.74365E+03 -2.34935E-04
1.74377E+03 -1.47536E-04
1.74389E+03 -3.60843E-04
1.74401E+03 -6.64398E-04
1.74413E+03 -6.87219E-04
1.74425E+03 -4.12472E-04
1.74437E+03 -2.43012E-04
1.74449E+03 -4.75518E-04
1.74461E+03 -8.98976E-04
1.74473E+03 -1.08540E-03
1.74485E+03 -9.57590E-04
1.74497E+03 -8.34797E-04
1.74509E+03 -9.39522E-04
1.74521E+03 -1.09645E-03
1.74533E+03 -1.00941E-03
1.74545E+03 -6.69152E-04
1.74557E+03 -3.40804E-04
1.74569E+03 -2.29161E-04
1.74582E+03 -2.98813E-04
1.74594E+03 -3.96401E-04
1.74606E+03 -4.24884E-04
1.74618E+03 -3.87933E-04
1.74630E+03 -3.52718E-04
1.74642E+03 -3.86208E-04
1.74654E+03 -4.60442E-04
1.74666E+03 -4.21036E-04
1.74678E+03 -1.41624E-04
1.74690E+03 2.68113E-04
1.74702E+03 5.01562E-04
1.74714E+03 3.73848E-04
1.74726E+03 1.63093E-05
1.74738E+03 -3.08193E-04
1.74750E+03 -5.11777E-04
1.74762E+03 -7.05559E-04
1.74774E+03 -9.50519E-04
1.74786E+03 -1.14180E-03
1.74799E+03 -1.16464E-03
1.74811E+03 -1.04289E-03
1.74823E+03 -8.60766E-04
1.74835E+03 -6.27771E-04
1.74847E+03 -3.17551E-04
1.74859E+03 1.66185E-05
1.74871E+03 2.70482E-04
1.74883E+03 4.26356E-04
1.74895E+03 5.43434E-04
1.74907E+03 6.12274E-04
1.74919E+03 5.23269E-04
1.74931E+03 2.33639E-04
1.74943E+03 -1.16423E-04
1.74955E+03 -3.28414E-04
1.74967E+03 -3.59911E-04
1.74979E+03 -3.34065E-04
1.74991E+03 -3.71933E-04
1.75003E+03 -4.80939E-04
1.75016E+03 -5.98144E-04
1.75028E+03 -6.63962E-04
1.75040E+03 -6.37069E-04
1.75052E+03 -5.09016E-04
1.75064E+03 -3.52360E-04
1.75076E+03 -3.08573E-04
1.75088E+03 -4.60081E-04
1.75100E+03 -7.12793E-04
1.75112E+03 -8.49631E-04
1.75124E+03 -7.20952E-04
1.75136E+03 -3.80386E-04
1.75148E+03 -4.25838E-05
1.75160E+03 8.71941E-05
1.75172E+03 -3.37251E-05
1.75184E+03 -2.46495E-04
1.75196E+03 -3.37709E-04
1.75208E+03 -2.42796E-04
1.75220E+03 -1.23270E-04
1.75233E+03 -1.98454E-04
1.75245E+03 -4.91783E-04
1.75257E+03 -7.91289E-04
1.75269E+03 -8.92844E-04
1.75281E+03 -8.23289E-04
1.75293E+03 -7.51946E-04
1.75305E+03 -7.20523E-04
1.75317E+03 -5.80668E-04
1.75329E+03 -2.38184E-04
1.75341E+03 1.42526E-04
1.75353E+03 2.73481E-04
1.75365E+03 6.68690E-05
1.75377E+03 -2.81584E-04
1.75389E+03 -5.21667E-04
1.75401E+03 -5.94478E-04
1.75413E+03 -6.10009E-04
1.75425E+03 -6.59231E-04
1.75437E+03 -7.01781E-04
1.75450E+03 -6.24694E-04
1.75462E+03 -3.77584E-04
1.75474E+03 -5.66691E-05
1.75486E+03 1.41285E-04
1.75498E+03 7.38464E-05
1.75510E+03 -2.09797E-04
1.75522E+03 -5.17674E-04
1.75534E+03 -7.10659E-04
1.75546E+03 -7.95837E-04
1.75558E+03 -8.15812E-04
1.75570E+03 -7.26566E-04
1.75582E+03 -4.79691E-04
1.75594E+03 -1.82942E-04
1.75606E+03 -5.23478E-05
1.75618E+03 -1.72749E-04
1.75630E+03 -3.97563E-04
1.75642E+03 -5.37552E-04
1.75654E+03 -5.74969E-04
1.75667E+03 -6.20700E-04
1.75679E+03 -7.18817E-04
1.75691E+03 -7.97685E-04
1.75703E+03 -8.07144E-04
1.75715E+03 -8.01582E-04
1.75727E+03 -8.40474E-04
1.75739E+03 -8.76136E-04
1.75751E+03 -8.19385E-04
1.75763E+03 -6.95806E-04
1.75775E+03 -6.47061E-04
1.75787E+03 -7.34057E-04
1.75799E+03 -7.99295E-04
1.75811E+03 -6.18912E-04
1.75823E+03 -1.97958E-04
1.75835E+03 1.75741E-04
1.75847E+03 2.30379E-04
1.75859E+03 2.35178E-05
1.75871E+03 -1.42191E-04
1.75883E+03 -7.34851E-05
1.75896E+03 1.32583E-04
1.75908E+03 2.72579E-04
1.75920E+03 2.73764E-04
1.75932E+03 1.79302E-04
1.75944E+03 2.38270E-05
1.75956E+03 -1.63481E-04
1.75968E+03 -2.91437E-04
1.75980E+03 -2.93247E-04
1.75992E+03 -2.56509E-04
1.76004E+03 -3.48292E-04
1.76016E+03 -5.82930E-04
1.76028E+03 -7.82005E-04
1.76040E+03 -8.07926E-04
1.76052E+03 -7.27035E-04
1.76064E+03 -6.69837E-04
1.76076E+03 -6.29809E-04
1.76088E+03 -5.17119E-04
1.76100E+03 -3.50103E-04
1.76113E+03 -2.51584E-04
1.76125E+03 -2.54773E-04
1.76137E+03 -2.47117E-04
1.76149E+03 -1.56775E-04
1.76161E+03 -8.60579E-05
1.76173E+03 -1.59748E-04
1.76185E+03 -2.90383E-04
1.76197E+03 -2.14148E-04
1.76209E+03 2.03535E-04
1.76221E+03 7.53541E-04
1.76233E+03 1.04690E-03
1.76245E+03 8.75134E-04
1.76257E+03 3.82882E-04
1.76269E+03 -1.18181E-04
1.76281E+03 -4.49251E-04
1.76293E+03 -6.51665E-04
1.76305E+03 -8.00457E-04
1.76317E+03 -8.43897E-04
1.76330E+03 -6.87666E-04
1.76342E+03 -3.85843E-04
1.76354E+03 -1.42548E-04
1.76366E+03 -9.62764E-05
1.76378E+03 -1.75860E-04
1.76390E+03 -2.27254E-04
1.76402E+03 -2.29012E-04
1.76414E+03 -2.91407E-04
1.76426E+03 -4.47866E-04
1.76438E+03 -5.53407E-04
1.76450E+03 -4.63016E-04
1.76462E+03 -2.53655E-04
1.76474E+03 -1.60273E-04
1.76486E+03 -2.72419E-04
1.76498E+03 -3.91006E-04
1.76510E+03 -2.65498E-04
1.76522E+03 7.62716E-05
1.76534E+03 3.32631E-04
1.76547E+03 2.79829E-04
1.76559E+03 9.46224E-06
1.76571E+03 -2.19461E-04
1.76583E+03 -2.76539E-04
1.76595E+03 -2.30148E-04
1.76607E+03 -1.67701E-04
1.76619E+03 -9.59150E-05
1.76631E+03 -3.76776E-05
1.76643E+03 -9.69842E-05
1.76655E+03 -3.23679E-04
1.76667E+03 -5.74403E-04
1.76679E+03 -6.33899E-04
1.76691E+03 -4.88583E-04
1.76703E+03 -3.75152E-04
1.76715E+03 -4.93843E-04
1.76727E+03 -7.45501E-04
1.76739E+03 -8.48927E-04
1.76751E+03 -6.97918E-04
1.76764E+03 -4.91526E-04
1.76776E+03 -4.60759E-04
1.76788E+03 -5.62098E-04
1.76800E+03 -5.50363E-04
1.76812E+03 -3.22234E-04
1.76824E+03 -5.94184E-05
1.76836E+03 1.81422E-06
1.76848E+03 -1.68119E-04
1.76860E+03 -4.07055E-04
1.76872E+03 -5.61941E-04
1.76884E+03 -5.42898E-04
1.76896E+03 -2.82492E-04
1.76908E+03 1.77771E-04
1.76920E+03 5.56175E-04
1.76932E+03 5.05019E-04
1.76944E+03 1.66222E-05
1.76956E+03 -4.69126E-04
1.76968E+03 -5.19983E-04
1.76981E+03 -2.11615E-04
1.76993E+03 1.06469E-05
1.77005E+03 -9.44324E-05
1.77017E+03 -3.10935E-04
1.77029E+03 -3.49283E-04
1.77041E+03 -2.50954E-04
1.77053E+03 -2.76938E-04
1.77065E+03 -5.15394E-04
1.77077E+03 -7.86845E-04
1.77089E+03 -8.95765E-04
1.77101E+03 -7.96989E-04
1.77113E+03 -5.04117E-04
1.77125E+03 -2.73399E-05
1.77137E+03 5.00947E-04
1.77149E+03 7.80724E-04
1.77161E+03 6.00915E-04
1.77173E+03 9.20445E-05
1.77185E+03 -3.87792E-04
1.77197E+03 -6.04093E-04
1.77210E+03 -5.89866E-04
1.77222E+03 -4.59712E-04
1.77234E+03 -2.57216E-04
1.77246E+03 -3.38145E-05
1.77258E+03 7.12201E-05
1.77270E+03 -4.46327E-05
1.77282E+03 -2.86680E-04
1.77294E+03 -4.66757E-04
1.77306E+03 -5.19112E-04
1.77318E+03 -5.32057E-04
1.77330E+03 -5.83202E-04
1.77342E+03 -6.62539E-04
1.77354E+03 -7.56234E-04
1.77366E+03 -8.72653E-04
1.77378E+03 -9.42830E-04
1.77390E+03 -8.25040E-04
1.77402E+03 -5.03719E-04
1.77414E+03 -1.92128E-04
1.77427E+03 -1.17578E-04
1.77439E+03 -2.47572E-04
1.77451E+03 -3.44578E-04
1.77463E+03 -2.74032E-04
1.77475E+03 -1.34375E-04
1.77487E+03 -7.04527E-05
1.77499E+03 -8.86172E-05
1.77511E+03 -1.24358E-04
1.77523E+03 -1.87825E-04
1.77535E+03 -3.24305E-04
1.77547E+03 -4.68832E-04
1.77559E+03 -4.67543E-04
1.77571E+03 -2.75873E-04
1.77583E+03 -4.98071E-05
1.77595E+03 2.77124E-05
1.77607E+03 -3.27490E-05
1.77619E+03 -4.22895E-05
1.77631E+03 1.02457E-04
1.77644E+03 2.65297E-04
1.77656E+03 2.29187E-04
1.77668E+03 -3.55504E-05
1.77680E+03 -3.22513E-04
1.77692E+03 -4.25044E-04
1.77704E+03 -3.26574E-04
1.77716E+03 -1.33470E-04
1.77728E+03 1.02736E-04
1.77740E+03 4.01918E-04
1.77752E+03 7.41709E-04
1.77764E+03 1.01256E-03
1.77776E+03 1.10563E-03
1.77788E+03 9.75225E-04
1.77800E+03 6.30520E-04
1.77812E+03 1.64255E-04
1.77824E+03 -2.05968E-04
1.77836E+03 -2.58848E-04
1.77848E+03 -3.10503E-05
1.77861E+03 1.47916E-04
1.77873E+03 -1.18688E-05
1.77885E+03 -4.03989E-04
1.77897E+03 -6.37706E-04
1.77909E+03 -4.72616E-04
1.77921E+03 -5.95897E-05
1.77933E+03 2.60964E-04
1.77945E+03 2.82925E-04
1.77957E+03 3.24994E-05
1.77969E+03 -3.47659E-04
1.77981E+03 -6.88180E-04
1.77993E+03 -8.42992E-04
1.78005E+03 -7.68345E-04
1.78017E+03 -5.91826E-04
1.78029E+03 -5.14302E-04
1.78041E+03 -5.88644E-04
1.78053E+03 -6.45678E-04
1.78065E+03 -5.09810E-04
1.78078E+03 -2.66779E-04
1.78090E+03 -2.24482E-04
1.78102E+03 -5.59557E-04
1.78114E+03 -1.06198E-03
1.78126E+03 -1.31418E-03
1.78138E+03 -1.12164E-03
1.78150E+03 -6.88739E-04
1.78162E+03 -3.51787E-04
1.78174E+03 -2.32849E-04
1.78186E+03 -2.23663E-04
1.78198E+03 -2.27086E-04
1.78210E+03 -2.79699E-04
1.78222E+03 -4.30021E-04
1.78234E+03 -6.12587E-04
1.78246E+03 -7.07269E-04
1.78258E+03 -6.69006E-04
1.78270E+03 -5.44228E-04
1.78282E+03 -3.91770E-04
1.78295E+03 -2.31441E-04
1.78307E+03 -5.04591E-05
1.78319E+03 1.74034E-04
1.78331E+03 4.38295E-04
1.78343E+03 6.85424E-04
1.78355E+03 8.19564E-04
1.78367E+03 7.76716E-04
1.78379E+03 5.63264E-04
1.78391E+03 2.31877E-04
1.78403E+03 -1.31689E-04
1.78415E+03 -3.85098E-04
1.78427E+03 -3.94236E-04
1.78439E+03 -1.87874E-04
1.78451E+03 -9.64850E-06
1.78463E+03 -1.00080E-04
1.78475E+03 -4.14152E-04
1.78487E+03 -6.40832E-04
1.78499E+03 -5.33536E-04
1.78511E+03 -1.58273E-04
1.78524E+03 2.21409E-04
1.78536E+03 4.40229E-04
1.78548E+03 5.52215E-04
1.78560E+03 6.63601E-04
1.78572E+03 7.42856E-04
1.78584E+03 6.48085E-04
1.78596E+03 3.28243E-04
1.78608E+03 -6.41979E-05
1.78620E+03 -2.99990E-04
1.78632E+03 -3.05157E-04
1.78644E+03 -1.99165E-04
1.78656E+03 -1.10354E-04
1.78668E+03 -2.91392E-05
1.78680E+03 9.67085E-05
1.78692E+03 1.85419E-04
1.78704E+03 7.36415E-05
1.78716E+03 -2.60912E-04
1.78728E+03 -6.19512E-04
1.78741E+03 -7.90365E-04
1.78753E+03 -7.55735E-04
1.78765E+03 -6.58724E-04
1.78777E+03 -6.20782E-04
1.78789E+03 -6.50067E-04
1.78801E+03 -6.80003E-04
1.78813E+03 -6.24929E-04
1.78825E+03 -4.24780E-04
1.78837E+03 -1.07601E-04
1.78849E+03 1.95712E-04
1.78861E+03 3.43941E-04
1.78873E+03 3.02549E-04
1.78885E+03 1.25945E-04
1.78897E+03 -1.30519E-04
1.78909E+03 -4.16614E-04
1.78921E+03 -6.47843E-04
1.78933E+03 -7.45695E-04
1.78945E+03 -7.37667E-04
1.78958E+03 -7.17726E-04
1.78970E+03 -6.77921E-04
1.78982E+03 -4.77474E-04
1.78994E+03 -5.01387E-05
1.79006E+03 4.27917E-04
1.79018E+03 6.64849E-04
1.79030E+03 5.32411E-04
1.79042E+03 1.42414E-04
1.79054E+03 -2.97118E-04
1.79066E+03 -6.08940E-04
1.79078E+03 -6.74859E-04
1.79090E+03 -4.70135E-04
1.79102E+03 -1.34286E-04
1.79114E+03 1.03317E-04
1.79126E+03 1.46497E-04
1.79138E+03 1.26511E-04
1.79150E+03 1.75647E-04
1.79162E+03 1.88056E-04
1.79175E+03 -5.40614E-05
1.79187E+03 -5.13416E-04
1.79199E+03 -8.30870E-04
1.79211E+03 -7.10037E-04
1.79223E+03 -2.88825E-04
1.79235E+03 1.39326E-06
1.79247E+03 -9.38103E-05
1.79259E+03 -4.21342E-04
1.79271E+03 -6.72966E-04
1.79283E+03 -7.07768E-04
1.79295E+03 -5.87337E-04
1.79307E+03 -4.01642E-04
1.79319E+03 -1.85616E-04
1.79331E+03 2.33091E-05
1.79343E+03 1.58496E-04
1.79355E+03 2.01572E-04
1.79367E+03 2.10598E-04
1.79379E+03 2.45687E-04
1.79392E+03 2.95758E-04
1.79404E+03 3.03924E-04
1.79416E+03 2.34604E-04
1.79428E+03 9.02824E-05
1.79440E+03 -1.10749E-04
1.79452E+03 -3.37683E-04
1.79464E+03 -5.55765E-04
1.79476E+03 -7.47073E-04
1.79488E+03 -9.23097E-04
1.79500E+03 -1.08503E-03
1.79512E+03 -1.18012E-03
1.79524E+03 -1.12953E-03
1.79536E+03 -9.11474E-04
1.79548E+03 -6.00848E-04
1.79560E+03 -3.17026E-04
1.79572E+03 -1.40671E-04
1.79584E+03 -8.23289E-05
1.79596E+03 -1.12422E-04
1.79609E+03 -2.00495E-04
1.79621E+03 -3.21191E-04
1.79633E+03 -4.37137E-04
1.79645E+03 -4.93407E-04
1.79657E+03 -4.37722E-04
1.79669E+03 -2.52247E-04
1.79681E+03 1.87084E-05
1.79693E+03 2.56512E-04
1.79705E+03 3.21656E-04
1.79717E+03 1.58612E-04
1.79729E+03 -1.32408E-04
1.79741E+03 -3.82110E-04
1.79753E+03 -5.48210E-04
1.79765E+03 -7.47968E-04
1.79777E+03 -1.04346E-03
1.79789E+03 -1.25306E-03
1.79801E+03 -1.10594E-03
1.79813E+03 -5.88242E-04
1.79826E+03 -4.41447E-06
1.79838E+03 3.60537E-04
1.79850E+03 5.20907E-04
1.79862E+03 6.61671E-04
1.79874E+03 8.33560E-04
1.79886E+03 9.36631E-04
1.79898E+03 9.39861E-04
1.79910E+03 9.27910E-04
1.79922E+03 9.03722E-04
1.79934E+03 7.17137E-04
1.79946E+03 2.87566E-04
1.79958E+03 -2.11272E-04
1.79970E+03 -4.96104E-04
1.79982E+03 -4.62536E-04
1.79994E+03 -2.34392E-04
1.80006E+03 6.67572E-06
1.80018E+03 1.41069E-04
1.80030E+03 1.12671E-04
1.80042E+03 -7.31237E-05
1.80055E+03 -3.12209E-04
1.80067E+03 -4.68649E-04
1.80079E+03 -5.03641E-04
1.80091E+03 -4.97919E-04
1.80103E+03 -5.29014E-04
1.80115E+03 -5.91170E-04
1.80127E+03 -6.51546E-04
1.80139E+03 -7.01744E-04
1.80151E+03 -7.07146E-04
1.80163E+03 -5.85835E-04
1.80175E+03 -3.24141E-04
1.80187E+03 -7.23526E-05
1.80199E+03 -3.26559E-05
1.80211E+03 -2.48257E-04
1.80223E+03 -5.64162E-04
1.80235E+03 -7.95316E-04
1.80247E+03 -8.68093E-04
1.80259E+03 -7.96229E-04
1.80272E+03 -6.12948E-04
1.80284E+03 -3.80524E-04
1.80296E+03 -2.04485E-04
1.80308E+03 -1.62821E-04
1.80320E+03 -2.34261E-04
1.80332E+03 -3.39258E-04
1.80344E+03 -4.31336E-04
1.80356E+03 -5.08524E-04
1.80368E+03 -5.66237E-04
1.80380E+03 -5.99205E-04
1.80392E+03 -6.29541E-04
1.80404E+03 -6.58821E-04
1.80416E+03 -6.00595E-04
1.80428E+03 -3.55475E-04
1.80440E+03 1.84849E-05
1.80452E+03 2.96198E-04
1.80464E+03 3.20971E-04
1.80476E+03 1.69445E-04
1.80489E+03 2.07946E-05
1.80501E+03 -7.73147E-05
1.80513E+03 -2.03192E-04
1.80525E+03 -3.73371E-04
1.80537E+03 -4.82745E-04
1.80549E+03 -4.65032E-04
1.80561E+03 -3.92433E-04
1.80573E+03 -3.65466E-04
1.80585E+03 -3.95335E-04
1.80597E+03 -4.56952E-04
1.80609E+03 -5.74749E-04
1.80621E+03 -7.60406E-04
1.80633E+03 -9.14849E-04
1.80645E+03 -9.04266E-04
1.80657E+03 -7.40539E-04
1.80669E+03 -6.10143E-04
1.80681E+03 -6.98518E-04
1.80693E+03 -1.01728E-03
1.80706E+03 -1.40373E-03
1.80718E+03 -1.65324E-03
1.80730E+03 -1.65617E-03
1.80742E+03 -1.44608E-03
1.80754E+03 -1.13246E-03
1.80766E+03 -7.93040E-04
1.80778E+03 -4.66861E-04
1.80790E+03 -2.47866E-04
1.80802E+03 -2.73474E-04
1.80814E+03 -5.28373E-04
1.80826E+03 -7.48385E-04
1.80838E+03 -6.83162E-04
1.80850E+03 -4.40836E-04
1.80862E+03 -3.97198E-04
1.80874E+03 -7.10510E-04
1.80886E+03 -1.08512E-03
1.80898E+03 -1.11549E-03
1.80910E+03 -7.40182E-04
1.80923E+03 -2.37677E-04
1.80935E+03 1.21072E-04
1.80947E+03 2.53879E-04
1.80959E+03 1.87229E-04
1.80971E+03 -1.43163E-05
1.80983E+03 -2.07584E-04
1.80995E+03 -2.54299E-04
1.81007E+03 -2.04895E-04
1.81019E+03 -2.85916E-04
1.81031E+03 -6.12419E-04
1.81043E+03 -1.00254E-03
1.81055E+03 -1.17166E-03
1.81067E+03 -1.05616E-03
1.81079E+03 -8.52872E-04
1.81091E+03 -7.64519E-04
1.81103E+03 -7.92652E-04
1.81115E+03 -7.86323E-04
1.81127E+03 -6.33426E-04
1.81140E+03 -3.80632E-04
1.81152E+03 -1.83359E-04
1.81164E+03 -1.39736E-04
1.81176E+03 -1.74921E-04
1.81188E+03 -1.24808E-04
1.81200E+03 5.15021E-05
1.81212E+03 1.93272E-04
1.81224E+03 1.33924E-04
1.81236E+03 -8.67769E-05
1.81248E+03 -2.72311E-04
1.81260E+03 -3.28559E-04
1.81272E+03 -3.63510E-04
1.81284E+03 -5.13583E-04
1.81296E+03 -7.48631E-04
1.81308E+03 -9.16090E-04
1.81320E+03 -9.36188E-04
1.81332E+03 -8.82622E-04
1.81344E+03 -8.77179E-04
1.81356E+03 -9.62179E-04
1.81369E+03 -1.08686E-03
1.81381E+03 -1.16421E-03
1.81393E+03 -1.11067E-03
1.81405E+03 -8.83415E-04
1.81417E+03 -5.55746E-04
1.81429E+03 -3.46273E-04
1.81441E+03 -4.70012E-04
1.81453E+03 -8.84566E-04
1.81465E+03 -1.23916E-03
1.81477E+03 -1.18986E-03
1.81489E+03 -7.81938E-04
1.81501E+03 -4.29325E-04
1.81513E+03 -4.74107E-04
1.81525E+03 -8.47682E-04
1.81537E+03 -1.22373E-03
1.81549E+03 -1.40450E-03
1.81561E+03 -1.43111E-03
1.81573E+03 -1.37369E-03
1.81586E+03 -1.20618E-03
1.81598E+03 -9.43694E-04
1.81610E+03 -7.43527E-04
1.81622E+03 -7.37395E-04
1.81634E+03 -8.33482E-04
1.81646E+03 -8.17522E-04
1.81658E+03 -6.31936E-04
1.81670E+03 -4.38776E-04
1.81682E+03 -4.00241E-04
1.81694E+03 -5.04445E-04
1.81706E+03 -6.43294E-04
1.81718E+03 -7.64620E-04
1.81730E+03 -8.74642E-04
1.81742E+03 -9.50906E-04
1.81754E+03 -9.43076E-04
1.81766E+03 -8.46565E-04
1.81778E+03 -7.10223E-04
1.81790E+03 -5.75401E-04
1.81803E+03 -4.62361E-04
1.81815E+03 -4.06489E-04
1.81827E+03 -4.29686E-04
1.81839E+03 -4.56620E-04
1.81851E+03 -3.43043E-04
1.81863E+03 -5.15543E-05
1.81875E+03 2.49695E-04
1.81887E+03 3.42656E-04
1.81899E+03 2.11455E-04
1.81911E+03 3.94657E-05
1.81923E+03 -4.67673E-05
1.81935E+03 -1.34733E-04
1.81947E+03 -3.70920E-04
1.81959E+03 -6.98339E-04
1.81971E+03 -8.71681E-04
1.81983E+03 -7.45799E-04
1.81995E+03 -4.72136E-04
1.82007E+03 -3.52316E-04
1.82020E+03 -5.20527E-04
1.82032E+03 -8.15146E-04
1.82044E+03 -9.60212E-04
1.82056E+03 -8.41465E-04
1.82068E+03 -5.87966E-04
1.82080E+03 -3.95644E-04
1.82092E+03 -3.10048E-04
1.82104E+03 -2.24166E-04
1.82116E+03 -8.45082E-05
1.82128E+03 -1.79410E-05
1.82140E+03 -1.74787E-04
1.82152E+03 -4.80048E-04
1.82164E+03 -6.58490E-04
1.82176E+03 -5.43006E-04
1.82188E+03 -2.58345E-04
1.82200E+03 -3.49171E-05
1.82212E+03 6.09569E-05
1.82224E+03 9.41977E-05
1.82237E+03 5.62333E-05
1.82249E+03 -1.27696E-04
1.82261E+03 -3.59293E-04
1.82273E+03 -3.62575E-04
1.82285E+03 -3.74131E-05
1.82297E+03 2.99197E-04
1.82309E+03 2.10840E-04
1.82321E+03 -3.32866E-04
1.82333E+03 -8.88940E-04
1.82345E+03 -1.01875E-03
1.82357E+03 -7.06844E-04
1.82369E+03 -2.86706E-04
1.82381E+03 -7.30120E-05
1.82393E+03 -1.48479E-04
1.82405E+03 -4.12397E-04
1.82417E+03 -7.04117E-04
1.82429E+03 -8.86336E-04
1.82441E+03 -9.03841E-04
1.82454E+03 -7.93949E-04
1.82466E+03 -6.15209E-04
1.82478E+03 -3.89218E-04
1.82490E+03 -1.58053E-04
1.82502E+03 -5.40316E-05
1.82514E+03 -2.01292E-04
1.82526E+03 -5.28734E-04
1.82538E+03 -7.80750E-04
1.82550E+03 -7.78418E-04
1.82562E+03 -6.07271E-04
1.82574E+03 -4.72017E-04
1.82586E+03 -4.10452E-04
1.82598E+03 -2.58446E-04
1.82610E+03 9.06587E-05
1.82622E+03 4.84213E-04
1.82634E+03 6.48297E-04
1.82646E+03 4.75619E-04
1.82658E+03 1.11744E-04
1.82670E+03 -2.42490E-04
1.82683E+03 -5.21161E-04
1.82695E+03 -7.46064E-04
1.82707E+03 -8.47705E-04
1.82719E+03 -6.78401E-04
1.82731E+03 -2.43720E-04
1.82743E+03 1.81608E-04
1.82755E+03 2.87492E-04
1.82767E+03 7.34851E-05
1.82779E+03 -1.68659E-04
1.82791E+03 -2.25525E-04
1.82803E+03 -2.17717E-04
1.82815E+03 -3.90735E-04
1.82827E+03 -7.51797E-04
1.82839E+03 -1.05130E-03
1.82851E+03 -1.11575E-03
1.82863E+03 -1.05755E-03
1.82875E+03 -1.08277E-03
1.82887E+03 -1.18148E-03
1.82900E+03 -1.12900E-03
1.82912E+03 -7.96329E-04
1.82924E+03 -3.61450E-04
1.82936E+03 -1.39154E-04
1.82948E+03 -2.14227E-04
1.82960E+03 -3.26399E-04
1.82972E+03 -1.87755E-04
1.82984E+03 1.30221E-04
1.82996E+03 2.52347E-04
1.83008E+03 -2.66358E-06
1.83020E+03 -3.31149E-04
1.83032E+03 -3.07873E-04
1.83044E+03 4.11421E-05
1.83056E+03 2.43850E-04
1.83068E+03 2.15992E-05
1.83080E+03 -3.40063E-04
1.83092E+03 -4.18894E-04
1.83104E+03 -2.85275E-04
1.83117E+03 -4.02749E-04
1.83129E+03 -9.46198E-04
1.83141E+03 -1.51946E-03
1.83153E+03 -1.66567E-03
1.83165E+03 -1.43385E-03
1.83177E+03 -1.24914E-03
1.83189E+03 -1.34242E-03
1.83201E+03 -1.52221E-03
1.83213E+03 -1.48756E-03
1.83225E+03 -1.17932E-03
1.83237E+03 -7.77978E-04
1.83249E+03 -4.91712E-04
1.83261E+03 -4.18440E-04
1.83273E+03 -5.27170E-04
1.83285E+03 -6.94949E-04
1.83297E+03 -7.96389E-04
1.83309E+03 -8.05490E-04
1.83321E+03 -7.81860E-04
1.83334E+03 -7.34404E-04
1.83346E+03 -5.69224E-04
1.83358E+03 -2.46722E-04
1.83370E+03 5.35287E-05
1.83382E+03 3.79384E-05
1.83394E+03 -3.69728E-04
1.83406E+03 -8.64509E-04
1.83418E+03 -1.00395E-03
1.83430E+03 -6.35173E-04
1.83442E+03 -6.50026E-05
1.83454E+03 2.32209E-04
1.83466E+03 6.72080E-05
1.83478E+03 -3.15540E-04
1.83490E+03 -5.45226E-04
1.83502E+03 -5.19212E-04
1.83514E+03 -4.24709E-04
1.83526E+03 -4.28591E-04
1.83538E+03 -4.72963E-04
1.83551E+03 -4.30442E-04
1.83563E+03 -3.43360E-04
1.83575E+03 -3.69739E-04
1.83587E+03 -5.15640E-04
1.83599E+03 -5.70342E-04
1.83611E+03 -3.77648E-04
1.83623E+03 -8.74177E-05
1.83635E+03 -3.19779E-05
1.83647E+03 -3.56808E-04
1.83659E+03 -8.48811E-04
1.83671E+03 -1.16012E-03
1.83683E+03 -1.16038E-03
1.83695E+03 -1.02951E-03
1.83707E+03 -1.01318E-03
1.83719E+03 -1.13132E-03
1.83731E+03 -1.16562E-03
1.83743E+03 -9.27400E-04
1.83755E+03 -4.87905E-04
1.83768E+03 -1.07519E-04
1.83780E+03 3.88436E-05
1.83792E+03 5.82263E-06
1.83804E+03 -4.29526E-05
1.83816E+03 -4.60446E-05
1.83828E+03 -9.12845E-05
1.83840E+03 -2.66485E-04
1.83852E+03 -5.19179E-04
1.83864E+03 -6.73123E-04
1.83876E+03 -5.80005E-04
1.83888E+03 -2.62383E-04
1.83900E+03 9.04500E-05
1.83912E+03 2.81528E-04
1.83924E+03 2.80213E-04
1.83936E+03 2.08694E-04
1.83948E+03 1.67843E-04
1.83960E+03 1.17496E-04
1.83972E+03 -3.90485E-05
1.83984E+03 -2.86426E-04
1.83997E+03 -4.84813E-04
1.84009E+03 -5.09046E-04
1.84021E+03 -3.69687E-04
1.84033E+03 -1.90593E-04
1.84045E+03 -1.01633E-04
1.84057E+03 -1.40928E-04
1.84069E+03 -2.13563E-04
1.84081E+03 -1.56727E-04
1.84093E+03 8.75778E-05
1.84105E+03 3.46892E-04
1.84117E+03 3.50725E-04
1.84129E+03 2.36258E-05
1.84141E+03 -3.95004E-04
1.84153E+03 -5.78940E-04
1.84165E+03 -4.35218E-04
1.84177E+03 -1.35407E-04
1.84189E+03 1.04818E-04
1.84201E+03 1.82826E-04
1.84214E+03 8.65050E-05
1.84226E+03 -1.62818E-04
1.84238E+03 -4.71763E-04
1.84250E+03 -6.84068E-04
1.84262E+03 -7.04713E-04
1.84274E+03 -5.99537E-04
1.84286E+03 -5.07675E-04
1.84298E+03 -4.88639E-04
1.84310E+03 -5.19570E-04
1.84322E+03 -6.03314E-04
1.84334E+03 -7.66408E-04
1.84346E+03 -9.37901E-04
1.84358E+03 -9.52236E-04
1.84370E+03 -7.53548E-04
1.84382E+03 -5.19700E-04
1.84394E+03 -4.76230E-04
1.84406E+03 -6.27480E-04
1.84418E+03 -7.92008E-04
1.84431E+03 -8.86120E-04
1.84443E+03 -1.01362E-03
1.84455E+03 -1.21818E-03
1.84467E+03 -1.30890E-03
1.84479E+03 -1.08891E-03
1.84491E+03 -6.74739E-04
1.84503E+03 -4.01970E-04
1.84515E+03 -4.17288E-04
1.84527E+03 -5.38554E-04
1.84539E+03 -5.72722E-04
1.84551E+03 -5.99485E-04
1.84563E+03 -8.04294E-04
1.84575E+03 -1.14246E-03
1.84587E+03 -1.35053E-03
1.84599E+03 -1.27867E-03
1.84611E+03 -1.06237E-03
1.84623E+03 -9.32291E-04
1.84635E+03 -9.62287E-04
1.84648E+03 -1.04995E-03
1.84660E+03 -1.05817E-03
1.84672E+03 -9.16127E-04
1.84684E+03 -6.43931E-04
1.84696E+03 -3.45588E-04
1.84708E+03 -1.47518E-04
1.84720E+03 -9.36873E-05
1.84732E+03 -1.19649E-04
1.84744E+03 -1.54242E-04
1.84756E+03 -2.02999E-04
1.84768E+03 -2.88092E-04
1.84780E+03 -3.57695E-04
1.84792E+03 -3.27911E-04
1.84804E+03 -1.89919E-04
1.84816E+03 7.52509E-07
1.84828E+03 2.17073E-04
1.84840E+03 4.51896E-04
1.84852E+03 5.88797E-04
1.84865E+03 4.19915E-04
1.84877E+03 -1.08629E-04
1.84889E+03 -7.22721E-04
1.84901E+03 -1.03679E-03
1.84913E+03 -9.47960E-04
1.84925E+03 -7.19991E-04
1.84937E+03 -6.26262E-04
1.84949E+03 -6.19844E-04
1.84961E+03 -4.67744E-04
1.84973E+03 -1.44947E-04
1.84985E+03 8.43629E-05
1.84997E+03 1.90586E-05
1.85009E+03 -1.89945E-04
1.85021E+03 -2.46037E-04
1.85033E+03 -1.19012E-04
1.85045E+03 -6.41905E-05
1.85057E+03 -2.34172E-04
1.85069E+03 -4.42881E-04
1.85082E+03 -4.18730E-04
1.85094E+03 -1.77406E-04
1.85106E+03 9.83104E-06
1.85118E+03 -2.25678E-05
1.85130E+03 -1.39564E-04
1.85142E+03 -1.34572E-04
1.85154E+03 -1.53296E-05
1.85166E+03 1.43014E-05
1.85178E+03 -1.86864E-04
1.85190E+03 -5.22930E-04
1.85202E+03 -7.65387E-04
1.85214E+03 -7.55381E-04
1.85226E+03 -5.22830E-04
1.85238E+03 -2.63751E-04
1.85250E+03 -2.20653E-04
1.85262E+03 -5.18043E-04
1.85274E+03 -1.03646E-03
1.85286E+03 -1.44813E-03
1.85298E+03 -1.44807E-03
1.85311E+03 -1.00952E-03
1.85323E+03 -4.18816E-04
1.85335E+03 -4.59589E-05
1.85347E+03 -7.16820E-05
1.85359E+03 -4.04648E-04
1.85371E+03 -8.02733E-04
1.85383E+03 -1.05199E-03
1.85395E+03 -1.08400E-03
1.85407E+03 -9.82597E-04
1.85419E+03 -8.69874E-04
1.85431E+03 -7.54718E-04
1.85443E+03 -5.27654E-04
1.85455E+03 -1.56667E-04
1.85467E+03 1.67005E-04
1.85479E+03 1.95611E-04
1.85491E+03 -4.00394E-05
1.85503E+03 -2.03185E-04
1.85515E+03 -4.14997E-05
1.85528E+03 3.01223E-04
1.85540E+03 4.59369E-04
1.85552E+03 2.93579E-04
1.85564E+03 2.24449E-05
1.85576E+03 -8.14535E-05
1.85588E+03 -4.98816E-06
1.85600E+03 3.37660E-05
1.85612E+03 -1.40481E-04
1.85624E+03 -4.64410E-04
1.85636E+03 -7.01196E-04
1.85648E+03 -6.52071E-04
1.85660E+03 -3.53988E-04
1.85672E+03 -7.55936E-05
1.85684E+03 -7.15442E-05
1.85696E+03 -3.18710E-04
1.85708E+03 -5.33152E-04
1.85720E+03 -4.65758E-04
1.85732E+03 -1.41677E-04
1.85745E+03 2.03207E-04
1.85757E+03 3.51999E-04
1.85769E+03 2.50049E-04
1.85781E+03 -2.44603E-05
1.85793E+03 -3.35712E-04
1.85805E+03 -5.63473E-04
1.85817E+03 -6.49117E-04
1.85829E+03 -6.08250E-04
1.85841E+03 -4.98168E-04
1.85853E+03 -3.89628E-04
1.85865E+03 -3.59621E-04
1.85877E+03 -4.51140E-04
1.85889E+03 -6.10668E-04
1.85901E+03 -7.16113E-04
1.85913E+03 -7.03052E-04
1.85925E+03 -6.13928E-04
1.85937E+03 -4.91634E-04
1.85949E+03 -3.15569E-04
1.85962E+03 -1.25621E-04
1.85974E+03 -1.12992E-04
1.85986E+03 -4.20742E-04
1.85998E+03 -8.73484E-04
1.86010E+03 -1.08643E-03
1.86022E+03 -9.00384E-04
1.86034E+03 -5.69321E-04
1.86046E+03 -4.32096E-04
1.86058E+03 -5.25024E-04
1.86070E+03 -6.43149E-04
1.86082E+03 -6.74341E-04
1.86094E+03 -6.90944E-04
1.86106E+03 -7.49171E-04
1.86118E+03 -7.87638E-04
1.86130E+03 -7.61010E-04
1.86142E+03 -7.17986E-04
1.86154E+03 -6.79191E-04
1.86166E+03 -5.79331E-04
1.86179E+03 -4.38921E-04
1.86191E+03 -4.71905E-04
1.86203E+03 -8.49966E-04
1.86215E+03 -1.39686E-03
1.86227E+03 -1.69418E-03
1.86239E+03 -1.53949E-03
1.86251E+03 -1.18201E-03
1.86263E+03 -1.02851E-03
1.86275E+03 -1.18915E-03
1.86287E+03 -1.39627E-03
1.86299E+03 -1.32912E-03
1.86311E+03 -9.34273E-04
1.86323E+03 -4.32029E-04
1.86335E+03 -7.40997E-05
1.86347E+03 7.48597E-05
1.86359E+03 1.31086E-04
1.86371E+03 2.04403E-04
1.86383E+03 2.32786E-04
1.86396E+03 5.79096E-05
1.86408E+03 -3.44366E-04
1.86420E+03 -7.74011E-04
1.86432E+03 -1.00273E-03
1.86444E+03 -9.90041E-04
1.86456E+03 -8.54954E-04
1.86468E+03 -6.90032E-04
1.86480E+03 -5.12566E-04
1.86492E+03 -3.73282E-04
1.86504E+03 -3.69865E-04
1.86516E+03 -4.99390E-04
1.86528E+03 -5.97604E-04
1.86540E+03 -5.07101E-04
1.86552E+03 -2.59545E-04
1.86564E+03 -3.19630E-05
1.86576E+03 3.89740E-05
1.86588E+03 -5.99213E-05
1.86600E+03 -2.56062E-04
1.86612E+03 -4.60323E-04
1.86625E+03 -5.94325E-04
1.86637E+03 -6.32565E-04
1.86649E+03 -6.13406E-04
1.86661E+03 -5.77688E-04
1.86673E+03 -5.26950E-04
1.86685E+03 -4.84172E-04
1.86697E+03 -5.34650E-04
1.86709E+03 -7.08561E-04
1.86721E+03 -8.53397E-04
1.86733E+03 -7.53593E-04
1.86745E+03 -4.13887E-04
1.86757E+03 -1.17712E-04
1.86769E+03 -1.30016E-04
1.86781E+03 -4.07454E-04
1.86793E+03 -6.78252E-04
1.86805E+03 -7.62857E-04
1.86817E+03 -7.25508E-04
1.86829E+03 -7.19201E-04
1.86842E+03 -7.68766E-04
1.86854E+03 -7.59173E-04
1.86866E+03 -6.12259E-04
1.86878E+03 -4.19274E-04
1.86890E+03 -3.61960E-04
1.86902E+03 -5.05548E-04
1.86914E+03 -7.15666E-04
1.86926E+03 -8.11759E-04
1.86938E+03 -7.56554E-04
1.86950E+03 -6.35423E-04
1.86962E+03 -4.94428E-04
1.86974E+03 -3.15521E-04
1.86986E+03 -1.56257E-04
1.86998E+03 -1.66647E-04
1.87010E+03 -3.80062E-04
1.87022E+03 -5.96609E-04
1.87034E+03 -6.00975E-04
1.87046E+03 -4.36004E-04
1.87059E+03 -3.28884E-04
1.87071E+03 -3.81581E-04
1.87083E+03 -4.84660E-04
1.87095E+03 -5.39988E-04
1.87107E+03 -5.97998E-04
1.87119E+03 -7.04139E-04
1.87131E+03 -7.51808E-04
1.87143E+03 -6.15753E-04
1.87155E+03 -3.61480E-04
1.87167E+03 -1.95298E-04
1.87179E+03 -2.24546E-04
1.87191E+03 -3.58902E-04
1.87203E+03 -4.38411E-04
1.87215E+03 -3.82297E-04
1.87227E+03 -2.21230E-04
1.87239E+03 -6.86385E-05
1.87251E+03 -7.03931E-05
1.87263E+03 -2.99662E-04
1.87276E+03 -6.63042E-04
1.87288E+03 -9.60790E-04
1.87300E+03 -1.06305E-03
1.87312E+03 -9.83909E-04
1.87324E+03 -7.85466E-04
1.87336E+03 -5.02970E-04
1.87348E+03 -2.14849E-04
1.87360E+03 -9.70997E-05
1.87372E+03 -2.89686E-04
1.87384E+03 -7.08051E-04
1.87396E+03 -1.06774E-03
1.87408E+03 -1.12092E-03
1.87420E+03 -8.37740E-04
1.87432E+03 -3.80378E-04
1.87444E+03 2.53506E-05
1.87456E+03 1.91901E-04
1.87468E+03 6.28829E-05
1.87480E+03 -2.31832E-04
1.87493E+03 -4.41939E-04
1.87505E+03 -4.16070E-04
1.87517E+03 -2.44904E-04
1.87529E+03 -1.48408E-04
1.87541E+03 -2.22042E-04
1.87553E+03 -3.53850E-04
1.87565E+03 -3.97690E-04
1.87577E+03 -3.56186E-04
1.87589E+03 -3.40745E-04
1.87601E+03 -3.90347E-04
1.87613E+03 -4.08527E-04
1.87625E+03 -3.01681E-04
1.87637E+03 -1.28508E-04
1.87649E+03 -5.93588E-05
1.87661E+03 -1.90936E-04
1.87673E+03 -4.47951E-04
1.87685E+03 -6.83203E-04
1.87697E+03 -8.24768E-04
1.87710E+03 -8.73886E-04
1.87722E+03 -7.95692E-04
1.87734E+03 -5.18601E-04
1.87746E+03 -8.21352E-05
1.87758E+03 2.98768E-04
1.87770E+03 4.01266E-04
1.87782E+03 2.13206E-04
1.87794E+03 -9.58256E-05
1.87806E+03 -3.71773E-04
1.87818E+03 -5.65644E-04
1.87830E+03 -6.29935E-04
1.87842E+03 -4.77131E-04
1.87854E+03 -1.13718E-04
1.87866E+03 2.62178E-04
1.87878E+03 3.90686E-04
1.87890E+03 1.85363E-04
1.87902E+03 -2.05681E-04
1.87914E+03 -5.26167E-04
1.87927E+03 -5.96400E-04
1.87939E+03 -4.24251E-04
1.87951E+03 -2.04962E-04
1.87963E+03 -1.56913E-04
1.87975E+03 -2.82399E-04
1.87987E+03 -3.27814E-04
1.87999E+03 -6.67907E-05
1.88011E+03 3.98103E-04
1.88023E+03 6.95191E-04
1.88035E+03 5.59002E-04
1.88047E+03 6.72340E-05
1.88059E+03 -4.67733E-04
1.88071E+03 -7.52393E-04
1.88083E+03 -6.81017E-04
1.88095E+03 -3.64490E-04
1.88107E+03 -5.48810E-05
1.88119E+03 4.05721E-05
1.88131E+03 -8.30330E-05
1.88144E+03 -2.78112E-04
1.88156E+03 -4.72486E-04
1.88168E+03 -7.21648E-04
1.88180E+03 -1.02100E-03
1.88192E+03 -1.19408E-03
1.88204E+03 -1.08023E-03
1.88216E+03 -7.64001E-04
1.88228E+03 -5.02307E-04
1.88240E+03 -4.50339E-04
1.88252E+03 -5.46623E-04
1.88264E+03 -6.39699E-04
1.88276E+03 -6.41908E-04
1.88288E+03 -5.76477E-04
1.88300E+03 -5.45025E-04
1.88312E+03 -6.26102E-04
1.88324E+03 -7.43255E-04
1.88336E+03 -6.86977E-04
1.88348E+03 -3.71568E-04
1.88360E+03 -2.57008E-05
1.88373E+03 2.17333E-05
1.88385E+03 -2.56192E-04
1.88397E+03 -5.27620E-04
1.88409E+03 -5.14355E-04
1.88421E+03 -2.95892E-04
1.88433E+03 -1.37370E-04
1.88445E+03 -1.42619E-04
1.88457E+03 -2.16074E-04
1.88469E+03 -2.94443E-04
1.88481E+03 -4.46599E-04
1.88493E+03 -7.15103E-04
1.88505E+03 -9.69496E-04
1.88517E+03 -9.95688E-04
1.88529E+03 -7.22174E-04
1.88541E+03 -3.33410E-04
1.88553E+03 -1.34218E-04
1.88565E+03 -2.60517E-04
1.88577E+03 -5.20334E-04
1.88590E+03 -5.78221E-04
1.88602E+03 -3.26041E-04
1.88614E+03 -1.64583E-05
1.88626E+03 2.15732E-05
1.88638E+03 -2.61057E-04
1.88650E+03 -6.12166E-04
1.88662E+03 -7.87657E-04
1.88674E+03 -7.60242E-04
1.88686E+03 -6.44404E-04
1.88698E+03 -5.12857E-04
1.88710E+03 -3.41922E-04
1.88722E+03 -1.00467E-04
1.88734E+03 1.47257E-04
1.88746E+03 2.35688E-04
1.88758E+03 3.74988E-05
1.88770E+03 -3.77566E-04
1.88782E+03 -7.40603E-04
1.88794E+03 -8.05572E-04
1.88807E+03 -5.48132E-04
1.88819E+03 -1.41520E-04
1.88831E+03 2.05848E-04
1.88843E+03 3.30325E-04
1.88855E+03 1.43703E-04
1.88867E+03 -2.71935E-04
1.88879E+03 -6.09972E-04
1.88891E+03 -5.80944E-04
1.88903E+03 -2.49751E-04
1.88915E+03 2.65986E-06
1.88927E+03 -6.86273E-05
1.88939E+03 -2.84914E-04
1.88951E+03 -3.47510E-04
1.88963E+03 -2.67774E-04
1.88975E+03 -3.15044E-04
1.88987E+03 -5.78765E-04
1.88999E+03 -8.05151E-04
1.89011E+03 -7.36576E-04
1.89024E+03 -4.53338E-04
1.89036E+03 -2.56903E-04
1.89048E+03 -2.88963E-04
1.89060E+03 -3.92888E-04
1.89072E+03 -3.52185E-04
1.89084E+03 -1.72600E-04
1.89096E+03 -7.24643E-05
1.89108E+03 -2.15374E-04
1.89120E+03 -5.06606E-04
1.89132E+03 -6.89898E-04
1.89144E+03 -6.31336E-04
1.89156E+03 -4.56609E-04
1.89168E+03 -3.85851E-04
1.89180E+03 -4.87760E-04
1.89192E+03 -6.55651E-04
1.89204E+03 -7.87068E-04
1.89216E+03 -8.94997E-04
1.89228E+03 -1.02760E-03
1.89241E+03 -1.15583E-03
1.89253E+03 -1.18865E-03
1.89265E+03 -1.06491E-03
1.89277E+03 -8.01675E-04
1.89289E+03 -4.84720E-04
1.89301E+03 -2.35941E-04
1.89313E+03 -1.49187E-04
1.89325E+03 -2.09522E-04
1.89337E+03 -2.86546E-04
1.89349E+03 -2.45485E-04
1.89361E+03 -7.86409E-05
1.89373E+03 7.41184E-05
1.89385E+03 3.13595E-05
1.89397E+03 -2.66638E-04
1.89409E+03 -6.63374E-04
1.89421E+03 -8.65102E-04
1.89433E+03 -6.81855E-04
1.89445E+03 -2.39130E-04
1.89458E+03 1.02937E-04
1.89470E+03 8.62256E-05
1.89482E+03 -1.96178E-04
1.89494E+03 -4.18466E-04
1.89506E+03 -3.57393E-04
1.89518E+03 -7.27586E-05
1.89530E+03 1.92571E-04
1.89542E+03 2.35513E-04
1.89554E+03 5.05559E-05
1.89566E+03 -1.80632E-04
1.89578E+03 -2.39950E-04
1.89590E+03 -8.50782E-05
1.89602E+03 9.18023E-05
1.89614E+03 3.85605E-05
1.89626E+03 -2.99681E-04
1.89638E+03 -7.28872E-04
1.89650E+03 -9.98080E-04
1.89662E+03 -9.93576E-04
1.89674E+03 -7.71798E-04
1.89687E+03 -4.75775E-04
1.89699E+03 -2.51103E-04
1.89711E+03 -1.83791E-04
1.89723E+03 -2.55808E-04
1.89735E+03 -3.63402E-04
1.89747E+03 -4.11630E-04
1.89759E+03 -4.01486E-04
1.89771E+03 -4.21479E-04
1.89783E+03 -5.51909E-04
1.89795E+03 -7.65644E-04
1.89807E+03 -9.19968E-04
1.89819E+03 -8.75309E-04
1.89831E+03 -6.50998E-04
1.89843E+03 -4.30923E-04
1.89855E+03 -3.65820E-04
1.89867E+03 -4.03315E-04
1.89879E+03 -3.91211E-04
1.89891E+03 -3.22316E-04
1.89904E+03 -3.55322E-04
1.89916E+03 -5.67570E-04
1.89928E+03 -8.13395E-04
1.89940E+03 -9.04638E-04
1.89952E+03 -8.29905E-04
1.89964E+03 -6.88795E-04
1.89976E+03 -4.98600E-04
1.89988E+03 -2.22173E-04
1.90000E+03 5.00046E-05
1.90012E+03 1.16870E-04
1.90024E+03 -8.31932E-05
1.90036E+03 -3.77275E-04
1.90048E+03 -5.67343E-04
1.90060E+03 -6.18041E-04
1.90072E+03 -5.83380E-04
1.90084E+03 -4.62364E-04
1.90096E+03 -2.53715E-04
1.90108E+03 -8.51341E-05
1.90121E+03 -1.36692E-04
1.90133E+03 -4.24344E-04
1.90145E+03 -7.60179E-04
1.90157E+03 -9.47528E-04
1.90169E+03 -9.37328E-04
1.90181E+03 -7.87161E-04
1.90193E+03 -5.83746E-04
1.90205E+03 -4.69372E-04
1.90217E+03 -6.31109E-04
1.90229E+03 -1.10816E-03
1.90241E+03 -1.61509E-03
1.90253E+03 -1.70972E-03
1.90265E+03 -1.24095E-03
1.90277E+03 -5.75591E-04
1.90289E+03 -2.67796E-04
1.90301E+03 -4.96376E-04
1.90313E+03 -9.17308E-04
1.90325E+03 -1.09239E-03
1.90338E+03 -9.63047E-04
1.90350E+03 -8.19940E-04
1.90362E+03 -8.79943E-04
1.90374E+03 -1.03911E-03
1.90386E+03 -1.05566E-03
1.90398E+03 -8.48684E-04
1.90410E+03 -5.45222E-04
1.90422E+03 -3.10034E-04
1.90434E+03 -2.12211E-04
1.90446E+03 -2.19893E-04
1.90458E+03 -2.50489E-04
1.90470E+03 -2.41894E-04
1.90482E+03 -2.25440E-04
1.90494E+03 -2.96973E-04
1.90506E+03 -4.56344E-04
1.90518E+03 -5.19216E-04
1.90530E+03 -2.90073E-04
1.90542E+03 1.79440E-04
1.90555E+03 6.00092E-04
1.90567E+03 7.49566E-04
1.90579E+03 6.66518E-04
1.90591E+03 5.18296E-04
1.90603E+03 3.70435E-04
1.90615E+03 1.73878E-04
1.90627E+03 -8.12896E-05
1.90639E+03 -3.07512E-04
1.90651E+03 -4.30617E-04
1.90663E+03 -4.68068E-04
1.90675E+03 -4.85603E-04
1.90687E+03 -5.22953E-04
1.90699E+03 -5.86808E-04
1.90711E+03 -6.74326E-04
1.90723E+03 -7.66009E-04
1.90735E+03 -8.15447E-04
1.90747E+03 -7.91959E-04
1.90759E+03 -7.46276E-04
1.90772E+03 -7.97596E-04
1.90784E+03 -1.00574E-03
1.90796E+03 -1.25011E-03
1.90808E+03 -1.29630E-03
1.90820E+03 -1.04477E-03
1.90832E+03 -6.82790E-04
1.90844E+03 -5.00042E-04
1.90856E+03 -5.49078E-04
1.90868E+03 -5.98401E-04
1.90880E+03 -4.71909E-04
1.90892E+03 -3.11572E-04
1.90904E+03 -3.74589E-04
1.90916E+03 -6.41275E-04
1.90928E+03 -8.09085E-04
1.90940E+03 -7.00910E-04
1.90952E+03 -5.04799E-04
1.90964E+03 -5.04557E-04
1.90976E+03 -6.96890E-04
1.90989E+03 -8.27912E-04
1.91001E+03 -7.58179E-04
1.91013E+03 -6.27328E-04
1.91025E+03 -6.25703E-04
1.91037E+03 -7.34035E-04
1.91049E+03 -7.77818E-04
1.91061E+03 -6.74386E-04
1.91073E+03 -5.30008E-04
1.91085E+03 -5.02001E-04
1.91097E+03 -6.32159E-04
1.91109E+03 -8.26642E-04
1.91121E+03 -9.54524E-04
1.91133E+03 -9.51041E-04
1.91145E+03 -8.60356E-04
1.91157E+03 -8.02945E-04
1.91169E+03 -8.73130E-04
1.91181E+03 -1.03150E-03
1.91193E+03 -1.10979E-03
1.91205E+03 -9.63181E-04
1.91218E+03 -6.29894E-04
1.91230E+03 -3.13837E-04
1.91242E+03 -1.89461E-04
1.91254E+03 -2.40650E-04
1.91266E+03 -3.07702E-04
1.91278E+03 -2.69722E-04
1.91290E+03 -1.50386E-04
1.91302E+03 -5.53131E-05
1.91314E+03 -4.78141E-05
1.91326E+03 -1.03582E-04
1.91338E+03 -1.64352E-04
1.91350E+03 -2.08996E-04
1.91362E+03 -2.65479E-04
1.91374E+03 -3.57755E-04
1.91386E+03 -4.53349E-04
1.91398E+03 -4.88274E-04
1.91410E+03 -4.52347E-04
1.91422E+03 -4.12136E-04
1.91435E+03 -4.07007E-04
1.91447E+03 -3.51358E-04
1.91459E+03 -1.23341E-04
1.91471E+03 2.26181E-04
1.91483E+03 4.27391E-04
1.91495E+03 2.42975E-04
1.91507E+03 -2.64112E-04
1.91519E+03 -7.52039E-04
1.91531E+03 -9.04258E-04
1.91543E+03 -6.72080E-04
1.91555E+03 -2.58896E-04
1.91567E+03 7.55787E-05
1.91579E+03 1.79932E-04
1.91591E+03 6.03236E-05
1.91603E+03 -1.81809E-04
1.91615E+03 -4.31668E-04
1.91627E+03 -6.19795E-04
1.91639E+03 -7.20307E-04
1.91652E+03 -7.45364E-04
1.91664E+03 -7.49607E-04
1.91676E+03 -7.94128E-04
1.91688E+03 -8.64021E-04
1.91700E+03 -8.62125E-04
1.91712E+03 -7.49223E-04
1.91724E+03 -6.52902E-04
1.91736E+03 -7.29993E-04
1.91748E+03 -9.17267E-04
1.91760E+03 -9.44730E-04
1.91772E+03 -6.61649E-04
1.91784E+03 -2.50466E-04
1.91796E+03 -1.40890E-05
1.91808E+03 -1.51843E-05
1.91820E+03 -5.09098E-05
1.91832E+03 3.89032E-05
1.91844E+03 1.67325E-04
1.91856E+03 1.56160E-04
1.91869E+03 -1.30795E-05
1.91881E+03 -1.62560E-04
1.91893E+03 -1.25371E-04
1.91905E+03 5.79618E-05
1.91917E+03 1.28713E-04
1.91929E+03 -1.68007E-04
1.91941E+03 -8.05441E-04
1.91953E+03 -1.42278E-03
1.91965E+03 -1.61199E-03
1.91977E+03 -1.29247E-03
1.91989E+03 -7.56346E-04
1.92001E+03 -3.52032E-04
1.92013E+03 -2.00421E-04
1.92025E+03 -2.24382E-04
1.92037E+03 -3.28660E-04
1.92049E+03 -4.62554E-04
1.92061E+03 -5.83839E-04
1.92073E+03 -6.68045E-04
1.92086E+03 -7.29308E-04
1.92098E+03 -7.71370E-04
1.92110E+03 -7.68118E-04
1.92122E+03 -7.58559E-04
1.92134E+03 -8.79832E-04
1.92146E+03 -1.17936E-03
1.92158E+03 -1.44532E-03
1.92170E+03 -1.38662E-03
1.92182E+03 -9.88834E-04
1.92194E+03 -5.41177E-04
1.92206E+03 -2.79777E-04
1.92218E+03 -1.62151E-04
1.92230E+03 -6.14114E-05
1.92242E+03 -1.21593E-05
1.92254E+03 -1.13614E-04
1.92266E+03 -2.94168E-04
1.92278E+03 -3.56469E-04
1.92290E+03 -2.38299E-04
1.92303E+03 -8.47057E-05
1.92315E+03 -5.42477E-05
1.92327E+03 -1.71345E-04
1.92339E+03 -3.82833E-04
1.92351E+03 -6.43581E-04
1.92363E+03 -8.92691E-04
1.92375E+03 -1.02238E-03
1.92387E+03 -9.39392E-04
1.92399E+03 -6.49378E-04
1.92411E+03 -2.80209E-04
1.92423E+03 -3.88026E-05
1.92435E+03 -9.06363E-05
1.92447E+03 -3.85016E-04
1.92459E+03 -6.22485E-04
1.92471E+03 -5.30645E-04
1.92483E+03 -2.02496E-04
1.92495E+03 -2.97315E-05
1.92507E+03 -2.31899E-04
1.92519E+03 -5.73091E-04
1.92532E+03 -6.61269E-04
1.92544E+03 -4.32208E-04
1.92556E+03 -1.80729E-04
1.92568E+03 -1.58202E-04
1.92580E+03 -3.13096E-04
1.92592E+03 -4.55558E-04
1.92604E+03 -5.13565E-04
1.92616E+03 -5.25851E-04
1.92628E+03 -4.88445E-04
1.92640E+03 -3.52263E-04
1.92652E+03 -1.57546E-04
1.92664E+03 -5.19864E-05
1.92676E+03 -1.24946E-04
1.92688E+03 -2.81360E-04
1.92700E+03 -3.42596E-04
1.92712E+03 -2.65524E-04
1.92724E+03 -2.10851E-04
1.92736E+03 -3.70175E-04
1.92749E+03 -7.49797E-04
1.92761E+03 -1.15880E-03
1.92773E+03 -1.39787E-03
1.92785E+03 -1.41917E-03
1.92797E+03 -1.30589E-03
1.92809E+03 -1.16097E-03
1.92821E+03 -1.04975E-03
1.92833E+03 -9.92641E-04
1.92845E+03 -9.49312E-04
1.92857E+03 -8.38518E-04
1.92869E+03 -6.37930E-04
1.92881E+03 -4.48171E-04
1.92893E+03 -3.93238E-04
1.92905E+03 -4.67859E-04
1.92917E+03 -5.56406E-04
1.92929E+03 -5.99369E-04
1.92941E+03 -6.50004E-04
1.92953E+03 -7.44577E-04
1.92966E+03 -8.20789E-04
1.92978E+03 -8.29134E-04
1.92990E+03 -8.39382E-04
1.93002E+03 -9.35692E-04
1.93014E+03 -1.05089E-03
1.93026E+03 -1.02045E-03
1.93038E+03 -8.07457E-04
1.93050E+03 -5.80590E-04
1.93062E+03 -5.33331E-04
1.93074E+03 -6.86586E-04
1.93086E+03 -9.03271E-04
1.93098E+03 -1.04428E-03
1.93110E+03 -1.06124E-03
1.93122E+03 -9.67875E-04
1.93134E+03 -7.83641E-04
1.93146E+03 -5.29438E-04
1.93158E+03 -2.66757E-04
1.93170E+03 -1.15063E-04
1.93183E+03 -1.85836E-04
1.93195E+03 -4.56370E-04
1.93207E+03 -7.23366E-04
1.93219E+03 -7.50504E-04
1.93231E+03 -5.00150E-04
1.93243E+03 -1.81865E-04
1.93255E+03 -2.90722E-05
1.93267E+03 -5.53243E-05
1.93279E+03 -8.14348E-05
1.93291E+03 1.54488E-05
1.93303E+03 1.39635E-04
1.93315E+03 9.39108E-05
1.93327E+03 -1.98957E-04
1.93339E+03 -6.07174E-04
1.93351E+03 -9.14074E-04
1.93363E+03 -9.90141E-04
1.93375E+03 -8.71830E-04
1.93387E+03 -7.02355E-04
1.93400E+03 -6.10061E-04
1.93412E+03 -6.34074E-04
1.93424E+03 -7.46019E-04
1.93436E+03 -9.08080E-04
1.93448E+03 -1.07082E-03
1.93460E+03 -1.12645E-03
1.93472E+03 -9.46995E-04
1.93484E+03 -5.40160E-04
1.93496E+03 -1.34565E-04
1.93508E+03 -1.39587E-05
1.93520E+03 -2.33918E-04
1.93532E+03 -5.63245E-04
1.93544E+03 -7.47502E-04
1.93556E+03 -7.70353E-04
1.93568E+03 -7.88491E-04
1.93580E+03 -8.63671E-04
1.93592E+03 -8.75022E-04
1.93604E+03 -7.10163E-04
1.93617E+03 -4.37569E-04
1.93629E+03 -2.24650E-04
1.93641E+03 -1.45748E-04
1.93653E+03 -1.47056E-04
1.93665E+03 -1.67277E-04
1.93677E+03 -2.05792E-04
1.93689E+03 -2.67141E-04
1.93701E+03 -3.16903E-04
1.93713E+03 -3.32642E-04
1.93725E+03 -3.55527E-04
1.93737E+03 -4.45798E-04
1.93749E+03 -6.03821E-04
1.93761E+03 -7.71008E-04
1.93773E+03 -9.02627E-04
1.93785E+03 -1.00672E-03
1.93797E+03 -1.10126E-03
1.93809E+03 -1.15306E-03
1.93821E+03 -1.08059E-03
1.93833E+03 -8.27115E-04
1.93846E+03 -4.33471E-04
1.93858E+03 -3.67314E-05
1.93870E+03 2.14431E-04
1.93882E+03 2.54884E-04
1.93894E+03 1.42295E-04
1.93906E+03 -9.72301E-07
1.93918E+03 -7.55042E-05
1.93930E+03 -7.70204E-05
1.93942E+03 -8.33906E-05
1.93954E+03 -1.61607E-04
1.93966E+03 -2.61702E-04
1.93978E+03 -2.35178E-04
1.93990E+03 -1.53668E-05
1.94002E+03 2.25630E-04
1.94014E+03 1.78028E-04
1.94026E+03 -2.74893E-04
1.94038E+03 -8.73435E-04
1.94050E+03 -1.20573E-03
1.94063E+03 -1.10870E-03
1.94075E+03 -7.92440E-04
1.94087E+03 -5.56845E-04
1.94099E+03 -4.80946E-04
1.94111E+03 -4.52645E-04
1.94123E+03 -4.17788E-04
1.94135E+03 -4.61787E-04
1.94147E+03 -6.34473E-04
1.94159E+03 -8.11305E-04
1.94171E+03 -8.06402E-04
1.94183E+03 -5.81596E-04
1.94195E+03 -2.90494E-04
1.94207E+03 -1.44172E-04
1.94219E+03 -2.62186E-04
1.94231E+03 -5.93752E-04
1.94243E+03 -9.18444E-04
1.94255E+03 -9.81096E-04
1.94267E+03 -7.34657E-04
1.94280E+03 -4.33598E-04
1.94292E+03 -3.74943E-04
1.94304E+03 -5.45539E-04
1.94316E+03 -6.50339E-04
1.94328E+03 -5.12902E-04
1.94340E+03 -2.96909E-04
1.94352E+03 -2.48794E-04
1.94364E+03 -3.67295E-04
1.94376E+03 -4.72501E-04
1.94388E+03 -4.97948E-04
1.94400E+03 -5.23362E-04
1.94412E+03 -5.64434E-04
1.94424E+03 -5.43263E-04
1.94436E+03 -4.86493E-04
1.94448E+03 -5.43900E-04
1.94460E+03 -7.31036E-04
1.94472E+03 -8.36629E-04
1.94484E+03 -7.08163E-04
1.94497E+03 -4.74464E-04
1.94509E+03 -3.33786E-04
1.94521E+03 -2.60472E-04
1.94533E+03 -1.24142E-04
1.94545E+03 -6.69435E-06
1.94557E+03 -1.46352E-04
1.94569E+03 -5.60571E-04
1.94581E+03 -9.60894E-04
1.94593E+03 -1.11904E-03
1.94605E+03 -1.12268E-03
1.94617E+03 -1.15196E-03
1.94629E+03 -1.17805E-03
1.94641E+03 -1.06067E-03
1.94653E+03 -8.36007E-04
1.94665E+03 -6.98112E-04
1.94677E+03 -7.06404E-04
1.94689E+03 -6.88456E-04
1.94701E+03 -4.83908E-04
1.94714E+03 -1.71274E-04
1.94726E+03 1.02781E-05
1.94738E+03 -1.02632E-04
1.94750E+03 -4.53696E-04
1.94762E+03 -8.20931E-04
1.94774E+03 -9.62567E-04
1.94786E+03 -7.97804E-04
1.94798E+03 -4.97781E-04
1.94810E+03 -3.63894E-04
1.94822E+03 -5.59971E-04
1.94834E+03 -9.59530E-04
1.94846E+03 -1.26401E-03
1.94858E+03 -1.25470E-03
1.94870E+03 -9.38617E-04
1.94882E+03 -5.02210E-04
1.94894E+03 -1.52659E-04
1.94906E+03 2.93776E-05
1.94918E+03 1.07802E-04
1.94931E+03 1.64155E-04
1.94943E+03 1.50874E-04
1.94955E+03 -5.40428E-05
1.94967E+03 -4.29399E-04
1.94979E+03 -7.50430E-04
1.94991E+03 -8.14676E-04
1.95003E+03 -6.81885E-04
1.95015E+03 -5.83209E-04
1.95027E+03 -6.22217E-04
1.95039E+03 -6.85252E-04
1.95051E+03 -6.58195E-04
1.95063E+03 -5.97775E-04
1.95075E+03 -6.14267E-04
1.95087E+03 -6.79735E-04
1.95099E+03 -6.62588E-04
1.95111E+03 -5.13740E-04
1.95123E+03 -3.14616E-04
1.95135E+03 -1.46318E-04
1.95147E+03 -1.37538E-05
1.95160E+03 6.63884E-05
1.95172E+03 -1.90511E-05
1.95184E+03 -3.70793E-04
1.95196E+03 -9.08893E-04
1.95208E+03 -1.35083E-03
1.95220E+03 -1.42576E-03
1.95232E+03 -1.12334E-03
1.95244E+03 -7.22624E-04
1.95256E+03 -5.43762E-04
1.95268E+03 -6.52730E-04
1.95280E+03 -8.36112E-04
1.95292E+03 -8.81340E-04
1.95304E+03 -8.31485E-04
1.95316E+03 -9.03502E-04
1.95328E+03 -1.18256E-03
1.95340E+03 -1.49078E-03
1.95352E+03 -1.58478E-03
1.95364E+03 -1.40905E-03
1.95377E+03 -1.10813E-03
1.95389E+03 -8.49340E-04
1.95401E+03 -6.99699E-04
1.95413E+03 -6.38198E-04
1.95425E+03 -6.07420E-04
1.95437E+03 -5.54912E-04
1.95449E+03 -4.82578E-04
1.95461E+03 -4.55663E-04
1.95473E+03 -5.12648E-04
1.95485E+03 -5.78947E-04
1.95497E+03 -5.39970E-04
1.95509E+03 -4.01523E-04
1.95521E+03 -2.90062E-04
1.95533E+03 -2.64205E-04
1.95545E+03 -2.19245E-04
1.95557E+03 -5.34505E-05
1.95569E+03 1.41218E-04
1.95581E+03 1.60664E-04
1.95594E+03 -4.97960E-05
1.95606E+03 -3.30202E-04
1.95618E+03 -5.12496E-04
1.95630E+03 -5.81484E-04
1.95642E+03 -6.01005E-04
1.95654E+03 -5.77800E-04
1.95666E+03 -4.89701E-04
1.95678E+03 -3.86871E-04
1.95690E+03 -3.47119E-04
1.95702E+03 -3.37195E-04
1.95714E+03 -2.33032E-04
1.95726E+03 -2.28323E-05
1.95738E+03 9.89400E-05
1.95750E+03 -7.32876E-05
1.95762E+03 -4.68783E-04
1.95774E+03 -7.49495E-04
1.95786E+03 -6.18801E-04
1.95798E+03 -1.28303E-04
1.95811E+03 3.33373E-04
1.95823E+03 3.60660E-04
1.95835E+03 -1.11233E-04
1.95847E+03 -7.42566E-04
1.95859E+03 -1.08986E-03
1.95871E+03 -9.89921E-04
1.95883E+03 -6.62278E-04
1.95895E+03 -4.29515E-04
1.95907E+03 -3.84569E-04
1.95919E+03 -3.79231E-04
1.95931E+03 -2.89805E-04
1.95943E+03 -1.82897E-04
1.95955E+03 -1.89628E-04
1.95967E+03 -3.07266E-04
1.95979E+03 -3.99664E-04
1.95991E+03 -3.63953E-04
1.96003E+03 -2.49021E-04
1.96015E+03 -2.26654E-04
1.96028E+03 -4.61049E-04
1.96040E+03 -9.45933E-04
1.96052E+03 -1.42488E-03
1.96064E+03 -1.54863E-03
1.96076E+03 -1.21168E-03
1.96088E+03 -6.97583E-04
1.96100E+03 -3.76418E-04
1.96112E+03 -2.73742E-04
1.96124E+03 -8.69408E-05
1.96136E+03 3.46635E-04
1.96148E+03 7.67406E-04
1.96160E+03 8.06794E-04
1.96172E+03 4.42524E-04
1.96184E+03 -1.55605E-05
1.96196E+03 -3.25747E-04
1.96208E+03 -5.12432E-04
1.96220E+03 -6.38612E-04
1.96232E+03 -6.04849E-04
1.96245E+03 -3.03958E-04
1.96257E+03 1.40984E-04
1.96269E+03 4.53949E-04
1.96281E+03 5.08420E-04
1.96293E+03 4.10363E-04
1.96305E+03 2.84705E-04
1.96317E+03 1.04290E-04
1.96329E+03 -1.94393E-04
1.96341E+03 -5.07779E-04
1.96353E+03 -6.12870E-04
1.96365E+03 -4.20220E-04
1.96377E+03 -1.13275E-04
1.96389E+03 2.18078E-05
1.96401E+03 -1.26172E-04
1.96413E+03 -4.11581E-04
1.96425E+03 -6.40273E-04
1.96437E+03 -7.80109E-04
1.96449E+03 -9.50225E-04
1.96461E+03 -1.22692E-03
1.96474E+03 -1.51522E-03
1.96486E+03 -1.63229E-03
1.96498E+03 -1.49816E-03
1.96510E+03 -1.22371E-03
1.96522E+03 -1.00907E-03
1.96534E+03 -9.50921E-04
1.96546E+03 -9.41504E-04
1.96558E+03 -7.66709E-04
1.96570E+03 -3.33440E-04
1.96582E+03 1.86428E-04
1.96594E+03 4.56158E-04
1.96606E+03 2.64782E-04
1.96618E+03 -2.78823E-04
1.96630E+03 -8.27558E-04
1.96642E+03 -1.09305E-03
1.96654E+03 -1.05857E-03
1.96666E+03 -9.34992E-04
1.96678E+03 -9.30622E-04
1.96691E+03 -1.07426E-03
1.96703E+03 -1.24399E-03
1.96715E+03 -1.32465E-03
1.96727E+03 -1.30017E-03
1.96739E+03 -1.20851E-03
1.96751E+03 -1.08328E-03
1.96763E+03 -9.91844E-04
1.96775E+03 -1.06572E-03
1.96787E+03 -1.37053E-03
1.96799E+03 -1.73210E-03
1.96811E+03 -1.82158E-03
1.96823E+03 -1.50865E-03
1.96835E+03 -1.06161E-03
1.96847E+03 -8.79124E-04
1.96859E+03 -1.03763E-03
1.96871E+03 -1.22105E-03
1.96883E+03 -1.11833E-03
1.96895E+03 -7.77666E-04
1.96908E+03 -4.99357E-04
1.96920E+03 -4.56870E-04
1.96932E+03 -5.25322E-04
1.96944E+03 -4.67241E-04
1.96956E+03 -2.05941E-04
1.96968E+03 1.02073E-04
1.96980E+03 2.13962E-04
1.96992E+03 1.35936E-05
1.97004E+03 -4.03281E-04
1.97016E+03 -8.12516E-04
1.97028E+03 -1.04211E-03
1.97040E+03 -1.06126E-03
1.97052E+03 -9.33874E-04
1.97064E+03 -7.42111E-04
1.97076E+03 -5.81484E-04
1.97088E+03 -5.61334E-04
1.97100E+03 -7.17051E-04
1.97112E+03 -9.20635E-04
1.97125E+03 -9.54308E-04
1.97137E+03 -7.18877E-04
1.97149E+03 -3.50133E-04
1.97161E+03 -1.01823E-04
1.97173E+03 -1.10887E-04
1.97185E+03 -2.75083E-04
1.97197E+03 -3.56916E-04
1.97209E+03 -2.30122E-04
1.97221E+03 -4.09894E-05
1.97233E+03 -8.49403E-05
1.97245E+03 -4.78767E-04
1.97257E+03 -9.96325E-04
1.97269E+03 -1.30270E-03
1.97281E+03 -1.31831E-03
1.97293E+03 -1.23917E-03
1.97305E+03 -1.20874E-03
1.97317E+03 -1.13661E-03
1.97329E+03 -9.22635E-04
1.97342E+03 -7.06632E-04
1.97354E+03 -7.15807E-04
1.97366E+03 -9.16298E-04
1.97378E+03 -1.00104E-03
1.97390E+03 -7.58328E-04
1.97402E+03 -3.20237E-04
1.97414E+03 1.38469E-05
1.97426E+03 8.72612E-05
1.97438E+03 -5.05187E-05
1.97450E+03 -3.05526E-04
1.97462E+03 -6.39882E-04
1.97474E+03 -1.01563E-03
1.97486E+03 -1.34096E-03
1.97498E+03 -1.49943E-03
1.97510E+03 -1.41272E-03
1.97522E+03 -1.09055E-03
1.97534E+03 -6.57409E-04
1.97546E+03 -3.08290E-04
1.97559E+03 -1.75361E-04
1.97571E+03 -2.23238E-04
1.97583E+03 -3.13342E-04
1.97595E+03 -3.76862E-04
1.97607E+03 -4.68444E-04
1.97619E+03 -6.15951E-04
1.97631E+03 -6.77735E-04
1.97643E+03 -4.52477E-04
1.97655E+03 3.83109E-05
1.97667E+03 4.46282E-04
1.97679E+03 3.82736E-04
1.97691E+03 -1.83482E-04
1.97703E+03 -8.57342E-04
1.97715E+03 -1.20104E-03
1.97727E+03 -1.12726E-03
1.97739E+03 -8.77943E-04
1.97751E+03 -6.73674E-04
1.97763E+03 -5.05634E-04
1.97776E+03 -2.81245E-04
1.97788E+03 -3.71225E-05
1.97800E+03 9.13553E-05
1.97812E+03 3.48613E-05
1.97824E+03 -1.74955E-04
1.97836E+03 -5.04196E-04
1.97848E+03 -9.17763E-04
1.97860E+03 -1.26550E-03
1.97872E+03 -1.32610E-03
1.97884E+03 -1.05825E-03
1.97896E+03 -7.24319E-04
1.97908E+03 -6.28490E-04
1.97920E+03 -7.46179E-04
1.97932E+03 -7.44946E-04
1.97944E+03 -4.13522E-04
1.97956E+03 4.40665E-05
1.97968E+03 2.39506E-04
1.97980E+03 7.31647E-05
1.97992E+03 -1.78874E-04
1.98005E+03 -2.46305E-04
1.98017E+03 -1.99784E-04
1.98029E+03 -2.87399E-04
1.98041E+03 -5.46388E-04
1.98053E+03 -7.39213E-04
1.98065E+03 -6.74494E-04
1.98077E+03 -4.34183E-04
1.98089E+03 -2.16629E-04
1.98101E+03 -8.38265E-05
1.98113E+03 1.66520E-05
1.98125E+03 5.39832E-05
1.98137E+03 -9.46708E-05
1.98149E+03 -4.56925E-04
1.98161E+03 -8.87714E-04
1.98173E+03 -1.21182E-03
1.98185E+03 -1.38036E-03
1.98197E+03 -1.45119E-03
1.98209E+03 -1.48279E-03
1.98222E+03 -1.48460E-03
1.98234E+03 -1.41708E-03
1.98246E+03 -1.21242E-03
1.98258E+03 -8.60583E-04
1.98270E+03 -5.15629E-04
1.98282E+03 -4.35222E-04
1.98294E+03 -7.20751E-04
1.98306E+03 -1.14532E-03
1.98318E+03 -1.32553E-03
1.98330E+03 -1.07609E-03
1.98342E+03 -5.59594E-04
1.98354E+03 -1.08313E-04
1.98366E+03 4.73745E-05
1.98378E+03 -9.96925E-05
1.98390E+03 -3.59889E-04
1.98402E+03 -4.83137E-04
1.98414E+03 -3.27472E-04
1.98426E+03 1.30348E-05
1.98439E+03 2.65904E-04
1.98451E+03 2.26896E-04
1.98463E+03 -6.21192E-05
1.98475E+03 -3.81444E-04
1.98487E+03 -5.68736E-04
1.98499E+03 -6.34667E-04
1.98511E+03 -6.77209E-04
1.98523E+03 -7.47744E-04
1.98535E+03 -8.37654E-04
1.98547E+03 -9.44536E-04
1.98559E+03 -1.07130E-03
1.98571E+03 -1.14730E-03
1.98583E+03 -1.02660E-03
1.98595E+03 -6.43171E-04
1.98607E+03 -1.61573E-04
1.98619E+03 1.01186E-04
1.98631E+03 -5.25191E-05
1.98643E+03 -5.04412E-04
1.98656E+03 -9.38762E-04
1.98668E+03 -1.11287E-03
1.98680E+03 -1.01519E-03
1.98692E+03 -8.01794E-04
1.98704E+03 -6.43622E-04
1.98716E+03 -6.23420E-04
1.98728E+03 -7.07112E-04
1.98740E+03 -7.77844E-04
1.98752E+03 -7.32496E-04
1.98764E+03 -5.86033E-04
1.98776E+03 -4.69323E-04
1.98788E+03 -4.87953E-04
1.98800E+03 -5.81585E-04
1.98812E+03 -5.60202E-04
1.98824E+03 -3.10954E-04
1.98836E+03 3.93949E-05
1.98848E+03 2.09797E-04
1.98860E+03 5.90011E-05
1.98873E+03 -2.46141E-04
1.98885E+03 -3.99478E-04
1.98897E+03 -3.01398E-04
1.98909E+03 -1.36491E-04
1.98921E+03 -8.80025E-05
1.98933E+03 -8.01049E-05
1.98945E+03 7.65249E-05
1.98957E+03 3.40279E-04
1.98969E+03 4.30793E-04
1.98981E+03 1.86872E-04
1.98993E+03 -2.11503E-04
1.99005E+03 -4.75105E-04
1.99017E+03 -5.52054E-04
1.99029E+03 -5.89792E-04
1.99041E+03 -6.41435E-04
1.99053E+03 -5.99347E-04
1.99065E+03 -4.41231E-04
1.99077E+03 -3.64784E-04
1.99090E+03 -5.65037E-04
1.99102E+03 -9.64478E-04
1.99114E+03 -1.27999E-03
1.99126E+03 -1.32769E-03
1.99138E+03 -1.17020E-03
1.99150E+03 -9.77911E-04
1.99162E+03 -8.49217E-04
1.99174E+03 -8.02360E-04
1.99186E+03 -8.58501E-04
1.99198E+03 -1.04421E-03
1.99210E+03 -1.31720E-03
1.99222E+03 -1.55483E-03
1.99234E+03 -1.65071E-03
1.99246E+03 -1.60796E-03
1.99258E+03 -1.51258E-03
1.99270E+03 -1.41897E-03
1.99282E+03 -1.28075E-03
1.99294E+03 -1.00147E-03
1.99306E+03 -5.47554E-04
1.99319E+03 -1.62274E-05
1.99331E+03 3.95183E-04
1.99343E+03 4.89838E-04
1.99355E+03 2.01005E-04
1.99367E+03 -3.46866E-04
1.99379E+03 -8.98521E-04
1.99391E+03 -1.24907E-03
1.99403E+03 -1.37332E-03
1.99415E+03 -1.38067E-03
1.99427E+03 -1.34869E-03
1.99439E+03 -1.24024E-03
1.99451E+03 -9.97353E-04
1.99463E+03 -6.76285E-04
1.99475E+03 -4.37710E-04
1.99487E+03 -3.98614E-04
1.99499E+03 -5.24353E-04
1.99511E+03 -6.82283E-04
1.99523E+03 -7.82378E-04
1.99536E+03 -8.39196E-04
1.99548E+03 -8.95809E-04
1.99560E+03 -9.18519E-04
1.99572E+03 -8.06663E-04
1.99584E+03 -5.17987E-04
1.99596E+03 -1.56555E-04
1.99608E+03 9.79565E-05
1.99620E+03 1.40492E-04
1.99632E+03 7.32765E-06
1.99644E+03 -2.10062E-04
1.99656E+03 -4.54381E-04
1.99668E+03 -7.03800E-04
1.99680E+03 -9.15699E-04
1.99692E+03 -1.03042E-03
1.99704E+03 -1.02304E-03
1.99716E+03 -9.19688E-04
1.99728E+03 -7.61822E-04
1.99740E+03 -5.73773E-04
1.99753E+03 -3.65101E-04
1.99765E+03 -1.52931E-04
1.99777E+03 1.08667E-05
1.99789E+03 2.25417E-05
1.99801E+03 -2.14010E-04
1.99813E+03 -6.64439E-04
1.99825E+03 -1.11553E-03
1.99837E+03 -1.31611E-03
1.99849E+03 -1.21175E-03
1.99861E+03 -9.93241E-04
1.99873E+03 -8.79712E-04
1.99885E+03 -8.91924E-04
1.99897E+03 -8.87733E-04
1.99909E+03 -7.88420E-04
1.99921E+03 -6.89488E-04
1.99933E+03 -7.30824E-04
1.99945E+03 -9.15416E-04
1.99957E+03 -1.09684E-03
1.99970E+03 -1.12160E-03
1.99982E+03 -9.51625E-04
1.99994E+03 -6.64871E-04
2.00006E+03 -3.75576E-04
2.00018E+03 -1.66818E-04
2.00030E+03 -7.84732E-05
2.00042E+03 -1.29595E-04
2.00054E+03 -3.27069E-04
2.00066E+03 -6.37017E-04
2.00078E+03 -9.52829E-04
2.00090E+03 -1.12424E-03
2.00102E+03 -1.05852E-03
2.00114E+03 -8.07121E-04
2.00126E+03 -5.32623E-04
2.00138E+03 -3.66658E-04
2.00150E+03 -3.01968E-04
2.00162E+03 -2.42829E-04
2.00174E+03 -1.61387E-04
2.00187E+03 -1.65191E-04
2.00199E+03 -3.65041E-04
2.00211E+03 -6.88605E-04
2.00223E+03 -8.93448E-04
2.00235E+03 -8.10549E-04
2.00247E+03 -5.37157E-04
2.00259E+03 -3.32125E-04
2.00271E+03 -3.37347E-04
2.00283E+03 -4.68880E-04
2.00295E+03 -5.79126E-04
2.00307E+03 -6.35959E-04
2.00319E+03 -6.93627E-04
2.00331E+03 -7.63025E-04
2.00343E+03 -8.00230E-04
2.00355E+03 -7.98240E-04
2.00367E+03 -8.05885E-04
2.00379E+03 -8.54112E-04
2.00391E+03 -9.31300E-04
2.00404E+03 -1.03348E-03
2.00416E+03 -1.16104E-03
2.00428E+03 -1.24636E-03
2.00440E+03 -1.17551E-03
2.00452E+03 -9.46280E-04
2.00464E+03 -7.41869E-04
2.00476E+03 -7.59859E-04
2.00488E+03 -9.86274E-04
2.00500E+03 -1.21357E-03
2.00512E+03 -1.27283E-03
2.00524E+03 -1.17803E-03
2.00536E+03 -1.03866E-03
2.00548E+03 -9.10398E-04
2.00560E+03 -7.69395E-04
2.00572E+03 -5.82989E-04
2.00584E+03 -3.59904E-04
2.00596E+03 -1.54845E-04
2.00608E+03 -4.76800E-05
2.00620E+03 -8.15429E-05
2.00633E+03 -1.87524E-04
2.00645E+03 -2.14037E-04
2.00657E+03 -9.71183E-05
2.00669E+03 1.09337E-05
2.00681E+03 -1.49570E-04
2.00693E+03 -6.58017E-04
2.00705E+03 -1.29156E-03
2.00717E+03 -1.69633E-03
2.00729E+03 -1.68448E-03
2.00741E+03 -1.34373E-03
2.00753E+03 -8.90661E-04
2.00765E+03 -4.77634E-04
2.00777E+03 -1.55978E-04
2.00789E+03 4.00618E-05
2.00801E+03 5.79357E-05
2.00813E+03 -9.09977E-05
2.00825E+03 -2.79702E-04
2.00837E+03 -3.65086E-04
2.00850E+03 -3.36904E-04
2.00862E+03 -3.30020E-04
2.00874E+03 -4.56676E-04
2.00886E+03 -6.53222E-04
2.00898E+03 -7.32455E-04
2.00910E+03 -5.96952E-04
2.00922E+03 -3.77074E-04
2.00934E+03 -3.25017E-04
2.00946E+03 -5.56376E-04
2.00958E+03 -9.17815E-04
2.00970E+03 -1.15754E-03
2.00982E+03 -1.22617E-03
2.00994E+03 -1.32540E-03
2.01006E+03 -1.59548E-03
2.01018E+03 -1.83981E-03
2.01030E+03 -1.71407E-03
2.01042E+03 -1.18420E-03
2.01054E+03 -6.23118E-04
2.01067E+03 -3.72846E-04
2.01079E+03 -3.65563E-04
2.01091E+03 -3.27077E-04
2.01103E+03 -2.25056E-04
2.01115E+03 -2.76197E-04
2.01127E+03 -5.33659E-04
2.01139E+03 -7.33819E-04
2.01151E+03 -6.59522E-04
2.01163E+03 -4.57693E-04
2.01175E+03 -4.24858E-04
2.01187E+03 -5.91420E-04
2.01199E+03 -6.99420E-04
2.01211E+03 -5.42443E-04
2.01223E+03 -1.65869E-04
2.01235E+03 2.38739E-04
2.01247E+03 4.59097E-04
2.01259E+03 2.96507E-04
2.01271E+03 -3.22640E-04
2.01284E+03 -1.14306E-03
2.01296E+03 -1.65702E-03
2.01308E+03 -1.54492E-03
2.01320E+03 -1.01957E-03
2.01332E+03 -6.12456E-04
2.01344E+03 -6.25085E-04
2.01356E+03 -8.75846E-04
2.01368E+03 -9.78108E-04
2.01380E+03 -7.59874E-04
2.01392E+03 -3.71609E-04
2.01404E+03 -6.97374E-05
2.01416E+03 2.33948E-05
2.01428E+03 -4.10043E-05
2.01440E+03 -1.47223E-04
2.01452E+03 -2.45336E-04
2.01464E+03 -3.57661E-04
2.01476E+03 -5.06636E-04
2.01488E+03 -6.65374E-04
2.01501E+03 -7.81000E-04
2.01513E+03 -8.02737E-04
2.01525E+03 -6.59831E-04
2.01537E+03 -2.66749E-04
2.01549E+03 3.58909E-04
2.01561E+03 9.72491E-04
2.01573E+03 1.21160E-03
2.01585E+03 9.13110E-04
2.01597E+03 3.17194E-04
2.01609E+03 -1.28295E-04
2.01621E+03 -1.75104E-04
2.01633E+03 4.96618E-05
2.01645E+03 2.69253E-04
2.01657E+03 3.60671E-04
2.01669E+03 3.67038E-04
2.01681E+03 3.07381E-04
2.01693E+03 1.21243E-04
2.01705E+03 -1.75580E-04
2.01718E+03 -4.05151E-04
2.01730E+03 -4.12021E-04
2.01742E+03 -2.69189E-04
2.01754E+03 -2.04131E-04
2.01766E+03 -3.18628E-04
2.01778E+03 -4.85972E-04
2.01790E+03 -5.60876E-04
2.01802E+03 -5.97026E-04
2.01814E+03 -7.68006E-04
2.01826E+03 -1.11064E-03
2.01838E+03 -1.44166E-03
2.01850E+03 -1.54575E-03
2.01862E+03 -1.38351E-03
2.01874E+03 -1.08468E-03
2.01886E+03 -7.85012E-04
2.01898E+03 -5.24990E-04
2.01910E+03 -2.94540E-04
2.01922E+03 -1.16792E-04
2.01934E+03 -4.90621E-05
2.01947E+03 -1.11431E-04
2.01959E+03 -2.47471E-04
2.01971E+03 -3.73524E-04
2.01983E+03 -4.58200E-04
2.01995E+03 -5.38796E-04
2.02007E+03 -6.62662E-04
2.02019E+03 -8.31410E-04
2.02031E+03 -1.00486E-03
2.02043E+03 -1.13918E-03
2.02055E+03 -1.21151E-03
2.02067E+03 -1.23298E-03
2.02079E+03 -1.26140E-03
2.02091E+03 -1.38192E-03
2.02103E+03 -1.63078E-03
2.02115E+03 -1.92549E-03
2.02127E+03 -2.09650E-03
2.02139E+03 -2.01556E-03
2.02151E+03 -1.69354E-03
2.02164E+03 -1.25038E-03
2.02176E+03 -8.06361E-04
2.02188E+03 -4.15467E-04
2.02200E+03 -8.74735E-05
2.02212E+03 1.61994E-04
2.02224E+03 3.02754E-04
2.02236E+03 3.28474E-04
2.02248E+03 2.54396E-04
2.02260E+03 8.06414E-05
2.02272E+03 -2.02816E-04
2.02284E+03 -5.28153E-04
2.02296E+03 -7.16060E-04
2.02308E+03 -6.07211E-04
2.02320E+03 -2.67331E-04
2.02332E+03 1.60374E-05
2.02344E+03 1.71363E-06
2.02356E+03 -2.62063E-04
2.02368E+03 -5.27781E-04
2.02381E+03 -6.44721E-04
2.02393E+03 -6.69859E-04
2.02405E+03 -7.01513E-04
2.02417E+03 -7.04959E-04
2.02429E+03 -5.67932E-04
2.02441E+03 -2.83130E-04
2.02453E+03 -9.70438E-06
2.02465E+03 5.51939E-05
2.02477E+03 -1.48278E-04
2.02489E+03 -4.62130E-04
2.02501E+03 -6.33996E-04
2.02513E+03 -5.40938E-04
2.02525E+03 -3.09858E-04
2.02537E+03 -1.51709E-04
2.02549E+03 -7.33398E-05
2.02561E+03 1.48840E-04
2.02573E+03 6.42184E-04
2.02585E+03 1.18458E-03
2.02598E+03 1.36875E-03
2.02610E+03 9.93159E-04
2.02622E+03 2.00614E-04
2.02634E+03 -7.06766E-04
2.02646E+03 -1.43301E-03
2.02658E+03 -1.72127E-03
2.02670E+03 -1.45817E-03
2.02682E+03 -8.77079E-04
2.02694E+03 -4.79616E-04
2.02706E+03 -5.65793E-04
2.02718E+03 -8.99766E-04
2.02730E+03 -9.94600E-04
2.02742E+03 -6.86273E-04
2.02754E+03 -2.57894E-04
2.02766E+03 -2.28062E-05
2.02778E+03 1.03936E-06
2.02790E+03 -5.55515E-05
2.02802E+03 -1.51023E-04
2.02815E+03 -2.97226E-04
2.02827E+03 -4.10117E-04
2.02839E+03 -4.15601E-04
2.02851E+03 -4.36135E-04
2.02863E+03 -6.66492E-04
2.02875E+03 -1.06047E-03
2.02887E+03 -1.33044E-03
2.02899E+03 -1.30889E-03
2.02911E+03 -1.14194E-03
2.02923E+03 -1.03914E-03
2.02935E+03 -9.91035E-04
2.02947E+03 -8.77328E-04
2.02959E+03 -7.37403E-04
2.02971E+03 -7.36710E-04
2.02983E+03 -8.92993E-04
2.02995E+03 -1.01829E-03
2.03007E+03 -9.67864E-04
2.03019E+03 -8.07140E-04
2.03032E+03 -6.80085E-04
2.03044E+03 -6.26612E-04
2.03056E+03 -5.99917E-04
2.03068E+03 -5.75114E-04
2.03080E+03 -5.62470E-04
2.03092E+03 -5.71392E-04
2.03104E+03 -6.21147E-04
2.03116E+03 -7.24364E-04
2.03128E+03 -8.00680E-04
2.03140E+03 -6.92699E-04
2.03152E+03 -3.69739E-04
2.03164E+03 -5.65574E-05
2.03176E+03 -3.39225E-05
2.03188E+03 -3.22599E-04
2.03200E+03 -6.65735E-04
2.03212E+03 -8.11946E-04
2.03224E+03 -7.07097E-04
2.03236E+03 -4.21349E-04
2.03248E+03 -4.34034E-05
2.03261E+03 3.02933E-04
2.03273E+03 4.70348E-04
2.03285E+03 4.30901E-04
2.03297E+03 3.14727E-04
2.03309E+03 2.25980E-04
2.03321E+03 9.33073E-05
2.03333E+03 -1.83340E-04
2.03345E+03 -4.99077E-04
2.03357E+03 -6.23833E-04
2.03369E+03 -5.07712E-04
2.03381E+03 -3.76087E-04
2.03393E+03 -4.59619E-04
2.03405E+03 -7.36296E-04
2.03417E+03 -1.01057E-03
2.03429E+03 -1.16218E-03
2.03441E+03 -1.22009E-03
2.03453E+03 -1.24074E-03
2.03465E+03 -1.23378E-03
2.03478E+03 -1.21581E-03
2.03490E+03 -1.23327E-03
2.03502E+03 -1.28001E-03
2.03514E+03 -1.25836E-03
2.03526E+03 -1.09251E-03
2.03538E+03 -8.52805E-04
2.03550E+03 -7.00600E-04
2.03562E+03 -7.15919E-04
2.03574E+03 -8.41040E-04
2.03586E+03 -9.97938E-04
2.03598E+03 -1.17986E-03
2.03610E+03 -1.38080E-03
2.03622E+03 -1.50288E-03
2.03634E+03 -1.42533E-03
2.03646E+03 -1.15843E-03
2.03658E+03 -8.63187E-04
2.03670E+03 -7.10785E-04
2.03682E+03 -7.60365E-04
2.03695E+03 -9.52147E-04
2.03707E+03 -1.14426E-03
2.03719E+03 -1.16470E-03
2.03731E+03 -9.35514E-04
2.03743E+03 -5.89445E-04
2.03755E+03 -3.77659E-04
2.03767E+03 -4.08221E-04
2.03779E+03 -5.47852E-04
2.03791E+03 -6.28568E-04
2.03803E+03 -6.52693E-04
2.03815E+03 -6.98395E-04
2.03827E+03 -7.20762E-04
2.03839E+03 -6.03639E-04
2.03851E+03 -3.70845E-04
2.03863E+03 -1.76944E-04
2.03875E+03 -7.86297E-05
2.03887E+03 1.99229E-05
2.03899E+03 1.41602E-04
2.03912E+03 1.27491E-04
2.03924E+03 -1.63443E-04
2.03936E+03 -6.50268E-04
2.03948E+03 -1.15279E-03
2.03960E+03 -1.59391E-03
2.03972E+03 -1.94450E-03
2.03984E+03 -2.05127E-03
2.03996E+03 -1.73993E-03
2.04008E+03 -1.12267E-03
2.04020E+03 -6.19721E-04
2.04032E+03 -5.49559E-04
2.04044E+03 -7.68110E-04
2.04056E+03 -8.25539E-04
2.04068E+03 -4.70549E-04
2.04080E+03 7.78139E-05
2.04092E+03 3.63864E-04
2.04104E+03 1.57002E-04
2.04116E+03 -3.60046E-04
2.04129E+03 -8.10474E-04
2.04141E+03 -9.78883E-04
2.04153E+03 -9.08609E-04
2.04165E+03 -7.25653E-04
2.04177E+03 -4.79534E-04
2.04189E+03 -1.96122E-04
2.04201E+03 1.43200E-05
2.04213E+03 1.32211E-05
2.04225E+03 -1.99504E-04
2.04237E+03 -4.66876E-04
2.04249E+03 -6.38645E-04
2.04261E+03 -6.89954E-04
2.04273E+03 -6.81907E-04
2.04285E+03 -6.60293E-04
2.04297E+03 -6.24526E-04
2.04309E+03 -5.64642E-04
2.04321E+03 -5.03767E-04
2.04333E+03 -5.05194E-04
2.04346E+03 -6.15142E-04
2.04358E+03 -7.72912E-04
2.04370E+03 -8.21389E-04
2.04382E+03 -6.76882E-04
2.04394E+03 -4.63895E-04
2.04406E+03 -3.92217E-04
2.04418E+03 -5.08994E-04
2.04430E+03 -6.73681E-04
2.04442E+03 -7.85273E-04
2.04454E+03 -9.05152E-04
2.04466E+03 -1.10360E-03
2.04478E+03 -1.31233E-03
2.04490E+03 -1.42349E-03
2.04502E+03 -1.42458E-03
2.04514E+03 -1.31402E-03
2.04526E+03 -9.89977E-04
2.04538E+03 -4.10959E-04
2.04550E+03 1.78222E-04
2.04563E+03 3.96796E-04
2.04575E+03 1.69702E-04
2.04587E+03 -1.68104E-04
2.04599E+03 -2.81006E-04
2.04611E+03 -2.15013E-04
2.04623E+03 -2.34649E-04
2.04635E+03 -4.13682E-04
2.04647E+03 -5.68733E-04
2.04659E+03 -5.67194E-04
2.04671E+03 -5.11684E-04
2.04683E+03 -5.60228E-04
2.04695E+03 -6.96655E-04
2.04707E+03 -7.78757E-04
2.04719E+03 -7.47465E-04
2.04731E+03 -6.90863E-04
2.04743E+03 -7.18541E-04
2.04755E+03 -8.45414E-04
2.04767E+03 -9.98113E-04
2.04780E+03 -1.07330E-03
2.04792E+03 -9.81934E-04
2.04804E+03 -7.07250E-04
2.04816E+03 -3.67139E-04
2.04828E+03 -1.72801E-04
2.04840E+03 -2.47668E-04
2.04852E+03 -4.77742E-04
2.04864E+03 -5.99403E-04
2.04876E+03 -4.68764E-04
2.04888E+03 -2.10393E-04
2.04900E+03 -6.98678E-05
2.04912E+03 -1.59610E-04
2.04924E+03 -4.06392E-04
2.04936E+03 -7.11199E-04
2.04948E+03 -1.04662E-03
2.04960E+03 -1.35775E-03
2.04972E+03 -1.47442E-03
2.04984E+03 -1.25065E-03
2.04996E+03 -7.86345E-04
2.05009E+03 -4.01493E-04
2.05021E+03 -3.35958E-04
2.05033E+03 -5.27672E-04
2.05045E+03 -7.29915E-04
2.05057E+03 -7.90611E-04
2.05069E+03 -7.43985E-04
2.05081E+03 -6.64476E-04
2.05093E+03 -5.50665E-04
2.05105E+03 -4.01795E-04
2.05117E+03 -3.17909E-04
2.05129E+03 -4.19654E-04
2.05141E+03 -6.84526E-04
2.05153E+03 -9.51193E-04
2.05165E+03 -1.10129E-03
2.05177E+03 -1.15987E-03
2.05189E+03 -1.18269E-03
2.05201E+03 -1.12275E-03
2.05213E+03 -8.92811E-04
2.05226E+03 -5.31472E-04
2.05238E+03 -2.21077E-04
2.05250E+03 -1.25643E-04
2.05262E+03 -2.62622E-04
2.05274E+03 -5.37507E-04
2.05286E+03 -8.38801E-04
2.05298E+03 -1.06815E-03
2.05310E+03 -1.14030E-03
2.05322E+03 -1.02994E-03
2.05334E+03 -8.21453E-04
2.05346E+03 -6.70306E-04
2.05358E+03 -6.94219E-04
2.05370E+03 -8.97404E-04
2.05382E+03 -1.18071E-03
2.05394E+03 -1.40975E-03
2.05406E+03 -1.49025E-03
2.05418E+03 -1.40277E-03
2.05430E+03 -1.17549E-03
2.05443E+03 -8.44747E-04
2.05455E+03 -4.79583E-04
2.05467E+03 -2.31594E-04
2.05479E+03 -2.65773E-04
2.05491E+03 -5.71545E-04
2.05503E+03 -8.96353E-04
2.05515E+03 -9.75039E-04
2.05527E+03 -8.29320E-04
2.05539E+03 -7.36762E-04
2.05551E+03 -8.62367E-04
2.05563E+03 -1.01703E-03
2.05575E+03 -8.74892E-04
2.05587E+03 -3.85597E-04
2.05599E+03 1.38767E-04
2.05611E+03 3.53713E-04
2.05623E+03 2.21517E-04
2.05635E+03 -3.01488E-05
2.05647E+03 -1.85695E-04
2.05660E+03 -2.00585E-04
2.05672E+03 -1.10950E-04
2.05684E+03 7.03111E-05
2.05696E+03 3.03593E-04
2.05708E+03 4.60383E-04
2.05720E+03 4.06578E-04
2.05732E+03 1.61082E-04
2.05744E+03 -1.08838E-04
2.05756E+03 -2.58196E-04
2.05768E+03 -2.83934E-04
2.05780E+03 -2.60629E-04
2.05792E+03 -2.58815E-04
2.05804E+03 -3.53508E-04
2.05816E+03 -6.02007E-04
2.05828E+03 -9.11105E-04
2.05840E+03 -1.01213E-03
2.05852E+03 -7.30854E-04
2.05864E+03 -2.74032E-04
2.05877E+03 -8.21128E-05
2.05889E+03 -3.42313E-04
2.05901E+03 -7.85373E-04
2.05913E+03 -1.04282E-03
2.05925E+03 -1.06762E-03
2.05937E+03 -1.06864E-03
2.05949E+03 -1.13654E-03
2.05961E+03 -1.13862E-03
2.05973E+03 -9.80355E-04
2.05985E+03 -7.76134E-04
2.05997E+03 -6.77582E-04
2.06009E+03 -6.60121E-04
2.06021E+03 -5.91062E-04
2.06033E+03 -4.46923E-04
2.06045E+03 -3.59107E-04
2.06057E+03 -4.50984E-04
2.06069E+03 -6.96506E-04
2.06081E+03 -9.50638E-04
2.06094E+03 -1.09543E-03
2.06106E+03 -1.16086E-03
2.06118E+03 -1.29839E-03
2.06130E+03 -1.58725E-03
2.06142E+03 -1.85802E-03
2.06154E+03 -1.79492E-03
2.06166E+03 -1.28527E-03
2.06178E+03 -6.15235E-04
2.06190E+03 -2.25518E-04
2.06202E+03 -2.83666E-04
2.06214E+03 -5.68420E-04
2.06226E+03 -7.63170E-04
2.06238E+03 -7.70587E-04
2.06250E+03 -7.21294E-04
2.06262E+03 -7.71679E-04
2.06274E+03 -9.63494E-04
2.06286E+03 -1.22846E-03
2.06298E+03 -1.44656E-03
2.06310E+03 -1.50560E-03
2.06323E+03 -1.37215E-03
2.06335E+03 -1.13662E-03
2.06347E+03 -9.64042E-04
2.06359E+03 -9.64355E-04
2.06371E+03 -1.09017E-03
2.06383E+03 -1.16231E-03
2.06395E+03 -1.02076E-03
2.06407E+03 -6.81732E-04
2.06419E+03 -3.41881E-04
2.06431E+03 -1.96684E-04
2.06443E+03 -2.54907E-04
2.06455E+03 -3.67269E-04
2.06467E+03 -4.33423E-04
2.06479E+03 -5.10506E-04
2.06491E+03 -6.74739E-04
2.06503E+03 -8.36857E-04
2.06515E+03 -7.94407E-04
2.06527E+03 -4.92591E-04
2.06540E+03 -1.72455E-04
2.06552E+03 -1.91044E-04
2.06564E+03 -6.64957E-04
2.06576E+03 -1.29929E-03
2.06588E+03 -1.61457E-03
2.06600E+03 -1.39878E-03
2.06612E+03 -9.29888E-04
2.06624E+03 -6.89603E-04
2.06636E+03 -8.48562E-04
2.06648E+03 -1.11374E-03
2.06660E+03 -1.12586E-03
2.06672E+03 -8.92304E-04
2.06684E+03 -7.02064E-04
2.06696E+03 -6.99013E-04
2.06708E+03 -7.38673E-04
2.06720E+03 -6.92423E-04
2.06732E+03 -6.76360E-04
2.06744E+03 -8.45607E-04
2.06757E+03 -1.13028E-03
2.06769E+03 -1.36064E-03
2.06781E+03 -1.55891E-03
2.06793E+03 -1.87744E-03
2.06805E+03 -2.24960E-03
2.06817E+03 -2.34966E-03
2.06829E+03 -2.01542E-03
2.06841E+03 -1.53617E-03
2.06853E+03 -1.34747E-03
2.06865E+03 -1.52114E-03
2.06877E+03 -1.72365E-03
2.06889E+03 -1.65463E-03
2.06901E+03 -1.36442E-03
2.06913E+03 -1.11106E-03
2.06925E+03 -1.04560E-03
2.06937E+03 -1.11544E-03
2.06949E+03 -1.19439E-03
2.06961E+03 -1.21327E-03
2.06974E+03 -1.18163E-03
2.06986E+03 -1.14462E-03
2.06998E+03 -1.12858E-03
2.07010E+03 -1.11565E-03
2.07022E+03 -1.07717E-03
2.07034E+03 -1.01909E-03
2.07046E+03 -9.58920E-04
2.07058E+03 -8.73227E-04
2.07070E+03 -7.41478E-04
2.07082E+03 -6.49888E-04
2.07094E+03 -7.50959E-04
2.07106E+03 -1.05847E-03
2.07118E+03 -1.36207E-03
2.07130E+03 -1.43252E-03
2.07142E+03 -1.25143E-03
2.07154E+03 -9.46548E-04
2.07166E+03 -5.76902E-04
2.07178E+03 -1.39780E-04
2.07191E+03 2.40918E-04
2.07203E+03 3.34606E-04
2.07215E+03 1.00873E-04
2.07227E+03 -2.04347E-04
2.07239E+03 -3.24480E-04
2.07251E+03 -3.07735E-04
2.07263E+03 -3.68766E-04
2.07275E+03 -5.49059E-04
2.07287E+03 -6.84798E-04
2.07299E+03 -6.74628E-04
2.07311E+03 -5.81659E-04
2.07323E+03 -4.42799E-04
2.07335E+03 -1.78307E-04
2.07347E+03 1.98495E-04
2.07359E+03 4.32096E-04
2.07371E+03 2.81569E-04
2.07383E+03 -1.38715E-04
2.07395E+03 -4.37398E-04
2.07407E+03 -4.09424E-04
2.07420E+03 -2.74014E-04
2.07432E+03 -3.89185E-04
2.07444E+03 -8.02882E-04
2.07456E+03 -1.17819E-03
2.07468E+03 -1.14517E-03
2.07480E+03 -6.58531E-04
2.07492E+03 -9.87574E-06
2.07504E+03 4.44859E-04
2.07516E+03 5.33111E-04
2.07528E+03 3.17175E-04
2.07540E+03 -2.31564E-05
2.07552E+03 -3.14824E-04
2.07564E+03 -4.66004E-04
2.07576E+03 -4.71629E-04
2.07588E+03 -3.81295E-04
2.07600E+03 -2.46499E-04
2.07612E+03 -1.00743E-04
2.07624E+03 4.23938E-06
2.07637E+03 -3.02345E-05
2.07649E+03 -2.64030E-04
2.07661E+03 -6.11499E-04
2.07673E+03 -8.48856E-04
2.07685E+03 -7.98415E-04
2.07697E+03 -5.01066E-04
2.07709E+03 -1.85929E-04
2.07721E+03 -8.02428E-05
2.07733E+03 -2.56963E-04
2.07745E+03 -6.22071E-04
2.07757E+03 -9.94604E-04
2.07769E+03 -1.21371E-03
2.07781E+03 -1.23445E-03
2.07793E+03 -1.15233E-03
2.07805E+03 -1.10995E-03
2.07817E+03 -1.15418E-03
2.07829E+03 -1.19434E-03
2.07841E+03 -1.10948E-03
2.07854E+03 -8.88184E-04
2.07866E+03 -6.60513E-04
2.07878E+03 -5.87475E-04
2.07890E+03 -6.92409E-04
2.07902E+03 -7.86711E-04
2.07914E+03 -6.16096E-04
2.07926E+03 -1.59577E-04
2.07938E+03 2.32961E-04
2.07950E+03 1.10105E-04
2.07962E+03 -5.96296E-04
2.07974E+03 -1.41516E-03
2.07986E+03 -1.73989E-03
2.07998E+03 -1.37990E-03
2.08010E+03 -6.90341E-04
2.08022E+03 -1.83884E-04
2.08034E+03 -7.83242E-05
2.08046E+03 -2.00383E-04
2.08058E+03 -2.34094E-04
2.08071E+03 -1.82725E-05
2.08083E+03 3.49961E-04
2.08095E+03 6.29637E-04
2.08107E+03 6.42553E-04
2.08119E+03 3.76813E-04
2.08131E+03 -5.87739E-05
2.08143E+03 -5.22528E-04
2.08155E+03 -8.72102E-04
2.08167E+03 -9.75434E-04
2.08179E+03 -8.09759E-04
2.08191E+03 -5.43553E-04
2.08203E+03 -4.17754E-04
2.08215E+03 -4.99275E-04
2.08227E+03 -6.18774E-04
2.08239E+03 -5.92537E-04
2.08251E+03 -4.25179E-04
2.08263E+03 -2.31273E-04
2.08275E+03 -6.01858E-05
2.08288E+03 7.87862E-05
2.08300E+03 8.94293E-05
2.08312E+03 -1.18699E-04
2.08324E+03 -4.07785E-04
2.08336E+03 -4.65058E-04
2.08348E+03 -1.65951E-04
2.08360E+03 2.24505E-04
2.08372E+03 3.19406E-04
2.08384E+03 1.45137E-05
2.08396E+03 -4.77366E-04
2.08408E+03 -8.93783E-04
2.08420E+03 -1.11009E-03
2.08432E+03 -1.10563E-03
2.08444E+03 -9.34251E-04
2.08456E+03 -7.50847E-04
2.08468E+03 -7.27605E-04
2.08480E+03 -8.77179E-04
2.08492E+03 -1.04279E-03
2.08505E+03 -1.10513E-03
2.08517E+03 -1.11453E-03
2.08529E+03 -1.17784E-03
2.08541E+03 -1.30963E-03
2.08553E+03 -1.45873E-03
2.08565E+03 -1.59432E-03
2.08577E+03 -1.68601E-03
2.08589E+03 -1.67646E-03
2.08601E+03 -1.57001E-03
2.08613E+03 -1.48321E-03
2.08625E+03 -1.50039E-03
2.08637E+03 -1.53120E-03
2.08649E+03 -1.43309E-03
2.08661E+03 -1.23454E-03
2.08673E+03 -1.08964E-03
2.08685E+03 -1.02438E-03
2.08697E+03 -9.02232E-04
2.08709E+03 -6.83118E-04
2.08722E+03 -5.44179E-04
2.08734E+03 -6.40161E-04
2.08746E+03 -8.68782E-04
2.08758E+03 -1.00595E-03
2.08770E+03 -9.95036E-04
2.08782E+03 -9.60086E-04
2.08794E+03 -9.73076E-04
2.08806E+03 -9.56994E-04
2.08818E+03 -8.33586E-04
2.08830E+03 -6.47921E-04
2.08842E+03 -5.01852E-04
2.08854E+03 -4.39662E-04
2.08866E+03 -4.34946E-04
2.08878E+03 -4.34157E-04
2.08890E+03 -3.87013E-04
2.08902E+03 -2.86262E-04
2.08914E+03 -1.99702E-04
2.08926E+03 -2.08557E-04
2.08939E+03 -2.86587E-04
2.08951E+03 -2.93177E-04
2.08963E+03 -1.23587E-04
2.08975E+03 1.69020E-04
2.08987E+03 4.18443E-04
2.08999E+03 4.83058E-04
2.09011E+03 3.11058E-04
2.09023E+03 -4.67896E-05
2.09035E+03 -4.31467E-04
2.09047E+03 -6.51520E-04
2.09059E+03 -6.33769E-04
2.09071E+03 -4.89507E-04
2.09083E+03 -3.66379E-04
2.09095E+03 -2.67483E-04
2.09107E+03 -9.92194E-05
2.09119E+03 1.30583E-04
2.09131E+03 2.96507E-04
2.09143E+03 3.91535E-04
2.09155E+03 6.37550E-04
2.09168E+03 1.25291E-03
2.09180E+03 2.15377E-03
2.09192E+03 3.00395E-03
2.09204E+03 3.55784E-03
2.09216E+03 3.85701E-03
2.09228E+03 4.08092E-03
2.09240E+03 4.31684E-03
2.09252E+03 4.53202E-03
2.09264E+03 4.66927E-03
2.09276E+03 4.66008E-03
2.09288E+03 4.39162E-03
2.09300E+03 3.78336E-03
2.09312E+03 2.91296E-03
2.09324E+03 1.99021E-03
2.09336E+03 1.19586E-03
2.09348E+03 6.09379E-04
2.09360E+03 2.82373E-04
2.09372E+03 2.61582E-04
2.09385E+03 4.76088E-04
2.09397E+03 6.96525E-04
2.09409E+03 7.16329E-04
2.09421E+03 5.45826E-04
2.09433E+03 3.44798E-04
2.09445E+03 2.00287E-04
2.09457E+03 7.28332E-05
2.09469E+03 -5.67995E-05
2.09481E+03 -1.11904E-04
2.09493E+03 -4.42863E-05
2.09505E+03 7.42674E-05
2.09517E+03 1.28683E-04
2.09529E+03 8.14870E-05
2.09541E+03 -5.01759E-05
2.09553E+03 -2.51450E-04
2.09565E+03 -4.83792E-04
2.09577E+03 -6.46181E-04
2.09589E+03 -6.75712E-04
2.09602E+03 -6.59075E-04
2.09614E+03 -7.39109E-04
2.09626E+03 -9.05499E-04
2.09638E+03 -9.85421E-04
2.09650E+03 -8.81769E-04
2.09662E+03 -7.25847E-04
2.09674E+03 -7.11616E-04
2.09686E+03 -8.35955E-04
2.09698E+03 -9.11795E-04
2.09710E+03 -8.33634E-04
2.09722E+03 -7.19946E-04
2.09734E+03 -7.32515E-04
2.09746E+03 -8.24176E-04
2.09758E+03 -7.71087E-04
2.09770E+03 -4.66634E-04
2.09782E+03 -9.95360E-05
2.09794E+03 2.81334E-05
2.09806E+03 -1.71795E-04
2.09819E+03 -4.73753E-04
2.09831E+03 -5.94605E-04
2.09843E+03 -4.74084E-04
2.09855E+03 -2.90059E-04
2.09867E+03 -2.36146E-04
2.09879E+03 -3.35362E-04
2.09891E+03 -4.59567E-04
2.09903E+03 -4.84951E-04
2.09915E+03 -4.07487E-04
2.09927E+03 -3.17644E-04
2.09939E+03 -2.80637E-04
2.09951E+03 -2.63840E-04
2.09963E+03 -2.07148E-04
2.09975E+03 -1.50729E-04
2.09987E+03 -2.27842E-04
2.09999E+03 -4.96089E-04
2.10011E+03 -8.21561E-04
2.10023E+03 -9.89933E-04
2.10035E+03 -9.15214E-04
2.10048E+03 -6.88285E-04
2.10060E+03 -4.49587E-04
2.10072E+03 -2.93098E-04
2.10084E+03 -2.88151E-04
2.10096E+03 -4.85025E-04
2.10108E+03 -8.34864E-04
2.10120E+03 -1.16304E-03
2.10132E+03 -1.29626E-03
2.10144E+03 -1.20757E-03
2.10156E+03 -1.01053E-03
2.10168E+03 -8.44888E-04
2.10180E+03 -7.97573E-04
2.10192E+03 -8.83240E-04
2.10204E+03 -1.03389E-03
2.10216E+03 -1.12654E-03
2.10228E+03 -1.08374E-03
2.10240E+03 -9.45751E-04
2.10252E+03 -7.99846E-04
2.10265E+03 -6.55640E-04
2.10277E+03 -4.55350E-04
2.10289E+03 -2.03021E-04
2.10301E+03 -1.57207E-06
2.10313E+03 7.00429E-05
2.10325E+03 4.65289E-05
2.10337E+03 8.57562E-06
2.10349E+03 -3.61614E-05
2.10361E+03 -1.29562E-04
2.10373E+03 -2.71190E-04
2.10385E+03 -4.06194E-04
2.10397E+03 -5.10573E-04
2.10409E+03 -6.15209E-04
2.10421E+03 -7.32347E-04
2.10433E+03 -8.18748E-04
2.10445E+03 -8.57666E-04
2.10457E+03 -9.35927E-04
2.10469E+03 -1.16480E-03
2.10482E+03 -1.50840E-03
2.10494E+03 -1.75053E-03
2.10506E+03 -1.69192E-03
2.10518E+03 -1.36915E-03
2.10530E+03 -1.02650E-03
2.10542E+03 -8.69628E-04
2.10554E+03 -9.10573E-04
2.10566E+03 -1.07671E-03
2.10578E+03 -1.37257E-03
2.10590E+03 -1.81679E-03
2.10602E+03 -2.25233E-03
2.10614E+03 -2.37972E-03
2.10626E+03 -2.06590E-03
2.10638E+03 -1.53624E-03
2.10650E+03 -1.15070E-03
2.10662E+03 -1.02462E-03
2.10674E+03 -9.71772E-04
2.10686E+03 -8.08258E-04
2.10699E+03 -5.91539E-04
2.10711E+03 -5.08022E-04
2.10723E+03 -6.06075E-04
2.10735E+03 -7.31982E-04
2.10747E+03 -7.15714E-04
2.10759E+03 -5.54621E-04
2.10771E+03 -4.02279E-04
2.10783E+03 -4.02790E-04
2.10795E+03 -5.43509E-04
2.10807E+03 -6.71186E-04
2.10819E+03 -6.57856E-04
2.10831E+03 -5.48996E-04
2.10843E+03 -5.23586E-04
2.10855E+03 -6.87476E-04
2.10867E+03 -9.33442E-04
2.10879E+03 -1.05133E-03
2.10891E+03 -9.67175E-04
2.10903E+03 -8.20816E-04
2.10916E+03 -7.91602E-04
2.10928E+03 -8.96797E-04
2.10940E+03 -1.00328E-03
2.10952E+03 -1.01294E-03
2.10964E+03 -9.75464E-04
2.10976E+03 -1.00028E-03
2.10988E+03 -1.09783E-03
2.11000E+03 -1.15085E-03
2.11012E+03 -1.03994E-03
2.11024E+03 -7.71303E-04
2.11036E+03 -4.74848E-04
2.11048E+03 -2.96064E-04
2.11060E+03 -2.97878E-04
2.11072E+03 -4.43961E-04
2.11084E+03 -6.46126E-04
2.11096E+03 -8.21274E-04
2.11108E+03 -9.21283E-04
2.11120E+03 -9.28190E-04
2.11133E+03 -8.37721E-04
2.11145E+03 -6.62953E-04
2.11157E+03 -4.55435E-04
2.11169E+03 -3.06401E-04
2.11181E+03 -3.11308E-04
2.11193E+03 -5.25631E-04
2.11205E+03 -9.34049E-04
2.11217E+03 -1.42409E-03
2.11229E+03 -1.78783E-03
2.11241E+03 -1.82099E-03
2.11253E+03 -1.49897E-03
2.11265E+03 -1.03919E-03
2.11277E+03 -7.07515E-04
2.11289E+03 -5.61893E-04
2.11301E+03 -4.71774E-04
2.11313E+03 -3.89185E-04
2.11325E+03 -4.63564E-04
2.11337E+03 -8.03988E-04
2.11350E+03 -1.23919E-03
2.11362E+03 -1.46523E-03
2.11374E+03 -1.39627E-03
2.11386E+03 -1.22180E-03
2.11398E+03 -1.11627E-03
2.11410E+03 -1.05355E-03
2.11422E+03 -9.62708E-04
2.11434E+03 -9.06117E-04
2.11446E+03 -9.69619E-04
2.11458E+03 -1.07831E-03
2.11470E+03 -1.09034E-03
2.11482E+03 -1.04576E-03
2.11494E+03 -1.14987E-03
2.11506E+03 -1.45927E-03
2.11518E+03 -1.72031E-03
2.11530E+03 -1.62876E-03
2.11542E+03 -1.19956E-03
2.11554E+03 -7.76924E-04
2.11567E+03 -6.70936E-04
2.11579E+03 -8.51382E-04
2.11591E+03 -1.02014E-03
2.11603E+03 -9.54915E-04
2.11615E+03 -7.43594E-04
2.11627E+03 -6.58978E-04
2.11639E+03 -8.30669E-04
2.11651E+03 -1.09806E-03
2.11663E+03 -1.20602E-03
2.11675E+03 -1.09920E-03
2.11687E+03 -9.64049E-04
2.11699E+03 -9.88957E-04
2.11711E+03 -1.14825E-03
2.11723E+03 -1.24205E-03
2.11735E+03 -1.09969E-03
2.11747E+03 -7.33431E-04
2.11759E+03 -3.52178E-04
2.11771E+03 -2.43481E-04
2.11783E+03 -5.60973E-04
2.11796E+03 -1.15365E-03
2.11808E+03 -1.64603E-03
2.11820E+03 -1.76832E-03
2.11832E+03 -1.59996E-03
2.11844E+03 -1.44005E-03
2.11856E+03 -1.46716E-03
2.11868E+03 -1.59621E-03
2.11880E+03 -1.64161E-03
2.11892E+03 -1.51131E-03
2.11904E+03 -1.22438E-03
2.11916E+03 -8.54991E-04
2.11928E+03 -5.31685E-04
2.11940E+03 -4.07215E-04
2.11952E+03 -5.17301E-04
2.11964E+03 -6.93634E-04
2.11976E+03 -7.19886E-04
2.11988E+03 -5.88529E-04
2.12000E+03 -5.19373E-04
2.12013E+03 -6.81709E-04
2.12025E+03 -9.66482E-04
2.12037E+03 -1.11200E-03
2.12049E+03 -1.02458E-03
2.12061E+03 -8.89726E-04
2.12073E+03 -9.35730E-04
2.12085E+03 -1.13308E-03
2.12097E+03 -1.19863E-03
2.12109E+03 -9.18604E-04
2.12121E+03 -4.25372E-04
2.12133E+03 -9.93162E-05
2.12145E+03 -1.89610E-04
2.12157E+03 -5.70137E-04
2.12169E+03 -8.79090E-04
2.12181E+03 -8.66134E-04
2.12193E+03 -5.85601E-04
2.12205E+03 -2.87846E-04
2.12217E+03 -1.78028E-04
2.12230E+03 -2.74148E-04
2.12242E+03 -4.36109E-04
2.12254E+03 -5.00992E-04
2.12266E+03 -4.19293E-04
2.12278E+03 -2.95103E-04
2.12290E+03 -2.91489E-04
2.12302E+03 -4.79981E-04
2.12314E+03 -7.81395E-04
2.12326E+03 -1.05358E-03
2.12338E+03 -1.22073E-03
2.12350E+03 -1.31178E-03
2.12362E+03 -1.39443E-03
2.12374E+03 -1.49319E-03
2.12386E+03 -1.56553E-03
2.12398E+03 -1.54201E-03
2.12410E+03 -1.39011E-03
2.12422E+03 -1.14597E-03
2.12434E+03 -8.78561E-04
2.12447E+03 -6.26620E-04
2.12459E+03 -3.86328E-04
2.12471E+03 -1.58820E-04
2.12483E+03 2.36295E-05
2.12495E+03 1.29789E-04
2.12507E+03 1.66334E-04
2.12519E+03 1.38078E-04
2.12531E+03 1.51470E-05
2.12543E+03 -2.09294E-04
2.12555E+03 -4.36056E-04
2.12567E+03 -5.19130E-04
2.12579E+03 -4.23331E-04
2.12591E+03 -2.85052E-04
2.12603E+03 -2.73727E-04
2.12615E+03 -4.26967E-04
2.12627E+03 -6.49989E-04
2.12639E+03 -8.30185E-04
2.12651E+03 -9.02124E-04
2.12664E+03 -8.43741E-04
2.12676E+03 -6.91675E-04
2.12688E+03 -5.62105E-04
2.12700E+03 -5.85757E-04
2.12712E+03 -7.89355E-04
2.12724E+03 -1.07073E-03
2.12736E+03 -1.29573E-03
2.12748E+03 -1.38200E-03
2.12760E+03 -1.29794E-03
2.12772E+03 -1.05800E-03
2.12784E+03 -7.57959E-04
2.12796E+03 -5.53522E-04
2.12808E+03 -5.37548E-04
2.12820E+03 -6.59037E-04
2.12832E+03 -8.05531E-04
2.12844E+03 -9.29445E-04
2.12856E+03 -1.04023E-03
2.12868E+03 -1.11264E-03
2.12881E+03 -1.08221E-03
2.12893E+03 -9.27642E-04
2.12905E+03 -6.92934E-04
2.12917E+03 -4.30841E-04
2.12929E+03 -1.84920E-04
2.12941E+03 -1.62683E-05
2.12953E+03 4.09000E-05
2.12965E+03 6.33672E-05
2.12977E+03 1.92877E-04
2.12989E+03 4.34399E-04
2.13001E+03 5.89889E-04
2.13013E+03 4.73198E-04
2.13025E+03 1.46709E-04
2.13037E+03 -1.42816E-04
2.13049E+03 -2.32153E-04
2.13061E+03 -1.71348E-04
2.13073E+03 -9.56096E-05
2.13085E+03 -8.56407E-05
2.13098E+03 -1.59450E-04
2.13110E+03 -2.94037E-04
2.13122E+03 -4.02484E-04
2.13134E+03 -3.78415E-04
2.13146E+03 -2.42073E-04
2.13158E+03 -1.83225E-04
2.13170E+03 -3.59077E-04
2.13182E+03 -6.61515E-04
2.13194E+03 -7.79785E-04
2.13206E+03 -5.35533E-04
2.13218E+03 -9.92715E-05
2.13230E+03 1.75163E-04
2.13242E+03 1.05456E-04
2.13254E+03 -1.45864E-04
2.13266E+03 -2.53342E-04
2.13278E+03 -7.07358E-05
2.13290E+03 2.36213E-04
2.13302E+03 3.99776E-04
2.13314E+03 3.82442E-04
2.13327E+03 4.13325E-04
2.13339E+03 6.80540E-04
2.13351E+03 1.06722E-03
2.13363E+03 1.30225E-03
2.13375E+03 1.33858E-03
2.13387E+03 1.43403E-03
2.13399E+03 1.81937E-03
2.13411E+03 2.42546E-03
2.13423E+03 3.03629E-03
2.13435E+03 3.59997E-03
2.13447E+03 4.22670E-03
2.13459E+03 4.93507E-03
2.13471E+03 5.60468E-03
2.13483E+03 6.22521E-03
2.13495E+03 7.00796E-03
2.13507E+03 8.12153E-03
2.13519E+03 9.43141E-03
2.13531E+03 1.06566E-02
2.13544E+03 1.17251E-02
2.13556E+03 1.28088E-02
2.13568E+03 1.40072E-02
2.13580E+03 1.51774E-02
2.13592E+03 1.61727E-02
2.13604E+03 1.71378E-02
2.13616E+03 1.84340E-02
2.13628E+03 2.02935E-02
2.13640E+03 2.26362E-02
2.13652E+03 2.52349E-02
2.13664E+03 2.79966E-02
2.13676E+03 3.10486E-02
2.13688E+03 3.45784E-02
2.13700E+03 3.86718E-02
2.13712E+03 4.34331E-02
2.13724E+03 4.93371E-02
2.13736E+03 5.73706E-02
2.13748E+03 6.86471E-02
2.13761E+03 8.38470E-02
2.13773E+03 1.03206E-01
2.13785E+03 1.27120E-01
2.13797E+03 1.56422E-01
2.13809E+03 1.91442E-01
2.13821E+03 2.30342E-01
2.13833E+03 2.68358E-01
2.13845E+03 2.99161E-01
2.13857E+03 3.17696E-01
2.13869E+03 3.22241E-01
2.13881E+03 3.14291E-01
2.13893E+03 2.97038E-01
2.13905E+03 2.73936E-01
2.13917E+03 2.47898E-01
2.13929E+03 2.21101E-01
2.13941E+03 1.95204E-01
2.13953E+03 1.71537E-01
2.13965E+03 1.50960E-01
2.13978E+03 1.33597E-01
2.13990E+03 1.18918E-01
2.14002E+03 1.06266E-01
2.14014E+03 9.53287E-02
2.14026E+03 8.60788E-02
2.14038E+03 7.83824E-02
2.14050E+03 7.18306E-02
2.14062E+03 6.59982E-02
2.14074E+03 6.07583E-02
2.14086E+03 5.62282E-02
2.14098E+03 5.24240E-02
2.14110E+03 4.90893E-02
2.14122E+03 4.59337E-02
2.14134E+03 4.29646E-02
2.14146E+03 4.04579E-02
2.14158E+03 3.85847E-02
2.14170E+03 3.71623E-02
2.14182E+03 3.58283E-02
2.14195E+03 3.43898E-02
2.14207E+03 3.29227E-02
2.14219E+03 3.15720E-02
2.14231E+03 3.03393E-02
2.14243E+03 2.90464E-02
2.14255E+03 2.74340E-02
2.14267E+03 2.53239E-02
2.14279E+03 2.27990E-02
2.14291E+03 2.02369E-02
2.14303E+03 1.80335E-02
2.14315E+03 1.62408E-02
2.14327E+03 1.45767E-02
2.14339E+03 1.28025E-02
2.14351E+03 1.09944E-02
2.14363E+03 9.41595E-03
2.14375E+03 8.22116E-03
2.14387E+03 7.35971E-03
2.14399E+03 6.70498E-03
2.14411E+03 6.17514E-03
2.14424E+03 5.75682E-03
2.14436E+03 5.48415E-03
2.14448E+03 5.37962E-03
2.14460E+03 5.36631E-03
2.14472E+03 5.27668E-03
2.14484E+03 5.01351E-03
2.14496E+03 4.66871E-03
2.14508E+03 4.40524E-03
2.14520E+03 4.24663E-03
2.14532E+03 4.07161E-03
2.14544E+03 3.81318E-03
2.14556E+03 3.56923E-03
2.14568E+03 3.48718E-03
2.14580E+03 3.60479E-03
2.14592E+03 3.83634E-03
2.14604E+03 4.06725E-03
2.14616E+03 4.23134E-03
2.14628E+03 4.32226E-03
2.14641E+03 4.35401E-03
2.14653E+03 4.31227E-03
2.14665E+03 4.17599E-03
2.14677E+03 4.01038E-03
2.14689E+03 3.97150E-03
2.14701E+03 4.12270E-03
2.14713E+03 4.27931E-03
2.14725E+03 4.16201E-03
2.14737E+03 3.72675E-03
2.14749E+03 3.23131E-03
2.14761E+03 2.93229E-03
2.14773E+03 2.82204E-03
2.14785E+03 2.71925E-03
2.14797E+03 2.50643E-03
2.14809E+03 2.19764E-03
2.14821E+03 1.87192E-03
2.14833E+03 1.64526E-03
2.14845E+03 1.62777E-03
2.14858E+03 1.78719E-03
2.14870E+03 1.91249E-03
2.14882E+03 1.84041E-03
2.14894E+03 1.67667E-03
2.14906E+03 1.65645E-03
2.14918E+03 1.81371E-03
2.14930E+03 1.95160E-03
2.14942E+03 1.94813E-03
2.14954E+03 1.91829E-03
2.14966E+03 2.00778E-03
2.14978E+03 2.17856E-03
2.14990E+03 2.30423E-03
2.15002E+03 2.35976E-03
2.15014E+03 2.38728E-03
2.15026E+03 2.35527E-03
2.15038E+03 2.20161E-03
2.15050E+03 1.99123E-03
2.15062E+03 1.88822E-03
2.15075E+03 1.94458E-03
2.15087E+03 2.01947E-03
2.15099E+03 1.95036E-03
2.15111E+03 1.73230E-03
2.15123E+03 1.48322E-03
2.15135E+03 1.28915E-03
2.15147E+03 1.15334E-03
2.15159E+03 1.07599E-03
2.15171E+03 1.10028E-03
2.15183E+03 1.23268E-03
2.15195E+03 1.35421E-03
2.15207E+03 1.29598E-03
2.15219E+03 1.05036E-03
2.15231E+03 8.54511E-04
2.15243E+03 9.67562E-04
2.15255E+03 1.35737E-03
2.15267E+03 1.70177E-03
2.15279E+03 1.73969E-03
2.15292E+03 1.52914E-03
2.15304E+03 1.29594E-03
2.15316E+03 1.13910E-03
2.15328E+03 1.01728E-03
2.15340E+03 9.48370E-04
2.15352E+03 1.02471E-03
2.15364E+03 1.21406E-03
2.15376E+03 1.33158E-03
2.15388E+03 1.29483E-03
2.15400E+03 1.25475E-03
2.15412E+03 1.35134E-03
2.15424E+03 1.46889E-03
2.15436E+03 1.40865E-03
2.15448E+03 1.22335E-03
2.15460E+03 1.15638E-03
2.15472E+03 1.24309E-03
2.15484E+03 1.20505E-03
2.15496E+03 8.53024E-04
2.15509E+03 4.13798E-04
2.15521E+03 2.64153E-04
2.15533E+03 4.40415E-04
2.15545E+03 6.26978E-04
2.15557E+03 6.11156E-04
2.15569E+03 5.30455E-04
2.15581E+03 5.92545E-04
2.15593E+03 7.32686E-04
2.15605E+03 7.14362E-04
2.15617E+03 4.79043E-04
2.15629E+03 2.14513E-04
2.15641E+03 9.00067E-05
2.15653E+03 8.74512E-05
2.15665E+03 1.30288E-04
2.15677E+03 2.28666E-04
2.15689E+03 3.97619E-04
2.15701E+03 5.32661E-04
2.15713E+03 5.05336E-04
2.15726E+03 3.66103E-04
2.15738E+03 3.41393E-04
2.15750E+03 5.97037E-04
2.15762E+03 1.05201E-03
2.15774E+03 1.44093E-03
2.15786E+03 1.53845E-03
2.15798E+03 1.33590E-03
2.15810E+03 1.03287E-03
2.15822E+03 8.40146E-04
2.15834E+03 7.63174E-04
2.15846E+03 6.18156E-04
2.15858E+03 3.04699E-04
2.15870E+03 -8.21054E-06
2.15882E+03 -7.62716E-05
2.15894E+03 7.95871E-05
2.15906E+03 2.05111E-04
2.15918E+03 1.92042E-04
2.15930E+03 2.24970E-04
2.15943E+03 4.58695E-04
2.15955E+03 7.10379E-04
2.15967E+03 6.67345E-04
2.15979E+03 3.24793E-04
2.15991E+03 6.63474E-06
2.16003E+03 -5.84610E-05
2.16015E+03 1.55456E-05
2.16027E+03 -6.11693E-06
2.16039E+03 -1.37858E-04
2.16051E+03 -2.04545E-04
2.16063E+03 -9.44436E-05
2.16075E+03 1.19846E-04
2.16087E+03 2.76182E-04
2.16099E+03 2.64265E-04
2.16111E+03 9.01036E-05
2.16123E+03 -1.15149E-04
2.16135E+03 -1.80226E-04
2.16147E+03 -7.39694E-05
2.16159E+03 3.40231E-05
2.16172E+03 -4.96693E-05
2.16184E+03 -3.01283E-04
2.16196E+03 -5.22953E-04
2.16208E+03 -5.87352E-04
2.16220E+03 -5.44377E-04
2.16232E+03 -4.60561E-04
2.16244E+03 -2.85625E-04
2.16256E+03 1.99527E-05
2.16268E+03 3.03570E-04
2.16280E+03 3.29018E-04
2.16292E+03 6.49244E-05
2.16304E+03 -2.36023E-04
2.16316E+03 -3.05422E-04
2.16328E+03 -1.43792E-04
2.16340E+03 5.03920E-05
2.16352E+03 1.58705E-04
2.16364E+03 2.46964E-04
2.16376E+03 3.70529E-04
2.16389E+03 4.17665E-04
2.16401E+03 2.40427E-04
2.16413E+03 -1.19284E-04
2.16425E+03 -4.45519E-04
2.16437E+03 -5.93342E-04
2.16449E+03 -6.02480E-04
2.16461E+03 -5.73359E-04
2.16473E+03 -5.48899E-04
2.16485E+03 -5.68073E-04
2.16497E+03 -7.01070E-04
2.16509E+03 -9.06009E-04
2.16521E+03 -9.44514E-04
2.16533E+03 -6.21371E-04
2.16545E+03 -9.94951E-05
2.16557E+03 2.01866E-04
2.16569E+03 7.34217E-05
2.16581E+03 -2.44081E-04
2.16593E+03 -3.67541E-04
2.16606E+03 -1.99474E-04
2.16618E+03 8.00379E-05
2.16630E+03 3.31078E-04
2.16642E+03 5.87042E-04
2.16654E+03 8.72266E-04
2.16666E+03 1.07535E-03
2.16678E+03 1.07435E-03
2.16690E+03 8.98521E-04
2.16702E+03 6.93578E-04
2.16714E+03 5.67611E-04
2.16726E+03 5.19924E-04
2.16738E+03 4.94134E-04
2.16750E+03 4.62338E-04
2.16762E+03 4.58427E-04
2.16774E+03 5.29435E-04
2.16786E+03 6.40303E-04
2.16798E+03 6.62379E-04
2.16810E+03 5.22316E-04
2.16823E+03 3.44917E-04
2.16835E+03 3.45055E-04
2.16847E+03 5.46061E-04
2.16859E+03 7.06200E-04
2.16871E+03 5.94541E-04
2.16883E+03 2.57511E-04
2.16895E+03 -7.81305E-05
2.16907E+03 -2.87522E-04
2.16919E+03 -4.11566E-04
2.16931E+03 -4.62849E-04
2.16943E+03 -3.49853E-04
2.16955E+03 -5.14761E-05
2.16967E+03 2.56207E-04
2.16979E+03 3.56041E-04
2.16991E+03 2.36794E-04
2.17003E+03 8.63336E-05
2.17015E+03 7.64467E-05
2.17027E+03 2.12021E-04
2.17040E+03 3.76441E-04
2.17052E+03 4.59079E-04
2.17064E+03 4.25417E-04
2.17076E+03 3.10246E-04
2.17088E+03 1.75141E-04
2.17100E+03 6.47828E-05
2.17112E+03 -7.29784E-06
2.17124E+03 -3.92459E-05
2.17136E+03 -4.78029E-05
2.17148E+03 -9.00254E-05
2.17160E+03 -2.34358E-04
2.17172E+03 -4.50216E-04
2.17184E+03 -5.63465E-04
2.17196E+03 -4.18480E-04
2.17208E+03 -1.01581E-04
2.17220E+03 9.47565E-05
2.17232E+03 -1.58697E-06
2.17244E+03 -1.96934E-04
2.17256E+03 -1.45707E-04
2.17269E+03 2.14789E-04
2.17281E+03 5.32810E-04
2.17293E+03 4.17754E-04
2.17305E+03 -1.26984E-04
2.17317E+03 -7.01763E-04
2.17329E+03 -9.39187E-04
2.17341E+03 -8.24176E-04
2.17353E+03 -5.82118E-04
2.17365E+03 -3.68834E-04
2.17377E+03 -1.65518E-04
2.17389E+03 7.39731E-05
2.17401E+03 2.93717E-04
2.17413E+03 4.15407E-04
2.17425E+03 4.70653E-04
2.17437E+03 5.84006E-04
2.17449E+03 8.08351E-04
2.17461E+03 1.02044E-03
2.17473E+03 1.01328E-03
2.17486E+03 7.00265E-04
2.17498E+03 2.27254E-04
2.17510E+03 -1.22763E-04
2.17522E+03 -1.45584E-04
2.17534E+03 1.30460E-04
2.17546E+03 4.99118E-04
2.17558E+03 7.65596E-04
2.17570E+03 8.60728E-04
2.17582E+03 8.09789E-04
2.17594E+03 6.53975E-04
2.17606E+03 4.40881E-04
2.17618E+03 2.48522E-04
2.17630E+03 1.48669E-04
2.17642E+03 1.39609E-04
2.17654E+03 1.61208E-04
2.17666E+03 1.86104E-04
2.17678E+03 2.43988E-04
2.17690E+03 3.30199E-04
2.17703E+03 3.50669E-04
2.17715E+03 2.22750E-04
2.17727E+03 9.18284E-06
2.17739E+03 -1.21579E-04
2.17751E+03 -8.02018E-05
2.17763E+03 3.58187E-05
2.17775E+03 4.50872E-05
2.17787E+03 -1.48922E-04
2.17799E+03 -5.06643E-04
2.17811E+03 -9.01703E-04
2.17823E+03 -1.16051E-03
2.17835E+03 -1.12483E-03
2.17847E+03 -7.73404E-04
2.17859E+03 -2.83211E-04
2.17871E+03 1.14400E-04
2.17883E+03 3.56279E-04
2.17895E+03 5.67358E-04
2.17907E+03 8.22946E-04
2.17920E+03 1.00223E-03
2.17932E+03 9.54967E-04
2.17944E+03 7.40338E-04
2.17956E+03 5.69858E-04
2.17968E+03 5.24778E-04
2.17980E+03 4.69681E-04
2.17992E+03 2.97137E-04
2.18004E+03 1.41535E-04
2.18016E+03 2.36098E-04
2.18028E+03 5.93182E-04
2.18040E+03 9.43452E-04
2.18052E+03 1.01690E-03
2.18064E+03 8.07282E-04
2.18076E+03 5.32556E-04
2.18088E+03 3.85143E-04
2.18100E+03 3.61107E-04
2.18112E+03 3.19991E-04
2.18124E+03 1.72686E-04
2.18137E+03 -1.05724E-05
2.18149E+03 -6.46897E-05
2.18161E+03 1.04360E-04
2.18173E+03 4.24296E-04
2.18185E+03 7.05037E-04
2.18197E+03 7.64649E-04
2.18209E+03 5.58354E-04
2.18221E+03 2.35301E-04
2.18233E+03 5.75781E-05
2.18245E+03 1.88161E-04
2.18257E+03 5.21388E-04
2.18269E+03 7.72741E-04
2.18281E+03 7.72387E-04
2.18293E+03 6.16789E-04
2.18305E+03 4.91124E-04
2.18317E+03 4.31221E-04
2.18329E+03 3.63547E-04
2.18341E+03 3.11073E-04
2.18354E+03 3.87579E-04
2.18366E+03 5.76444E-04
2.18378E+03 6.99393E-04
2.18390E+03 6.94629E-04
2.18402E+03 7.61613E-04
2.18414E+03 1.07162E-03
2.18426E+03 1.42756E-03
2.18438E+03 1.41921E-03
2.18450E+03 9.33941E-04
2.18462E+03 3.37407E-04
2.18474E+03 6.93314E-05
2.18486E+03 1.75837E-04
2.18498E+03 3.37046E-04
2.18510E+03 2.71469E-04
2.18522E+03 -8.53091E-06
2.18534E+03 -2.90047E-04
2.18546E+03 -3.88402E-04
2.18558E+03 -2.57757E-04
2.18571E+03 9.93907E-06
2.18583E+03 2.47177E-04
2.18595E+03 3.44232E-04
2.18607E+03 3.48385E-04
2.18619E+03 3.89513E-04
2.18631E+03 4.68489E-04
2.18643E+03 3.90239E-04
2.18655E+03 -9.24245E-06
2.18667E+03 -5.92146E-04
2.18679E+03 -9.76857E-04
2.18691E+03 -8.77213E-04
2.18703E+03 -3.55184E-04
2.18715E+03 2.78261E-04
2.18727E+03 7.43575E-04
2.18739E+03 9.51111E-04
2.18751E+03 9.60473E-04
2.18763E+03 8.98454E-04
2.18775E+03 8.84984E-04
2.18788E+03 9.42953E-04
2.18800E+03 9.61978E-04
2.18812E+03 8.14244E-04
2.18824E+03 5.27117E-04
2.18836E+03 2.86080E-04
2.18848E+03 2.39287E-04
2.18860E+03 3.45808E-04
2.18872E+03 4.45310E-04
2.18884E+03 4.31158E-04
2.18896E+03 3.19302E-04
2.18908E+03 2.01724E-04
2.18920E+03 1.92806E-04
2.18932E+03 3.75681E-04
2.18944E+03 7.07403E-04
2.18956E+03 9.73918E-04
2.18968E+03 9.29590E-04
2.18980E+03 5.37362E-04
2.18992E+03 3.75211E-05
2.19004E+03 -2.60502E-04
2.19017E+03 -2.36850E-04
2.19029E+03 -2.05785E-05
2.19041E+03 1.81708E-04
2.19053E+03 2.59921E-04
2.19065E+03 2.31437E-04
2.19077E+03 1.39713E-04
2.19089E+03 -1.31913E-05
2.19101E+03 -2.16216E-04
2.19113E+03 -3.75755E-04
2.19125E+03 -3.45748E-04
2.19137E+03 -8.32528E-05
2.19149E+03 2.61307E-04
2.19161E+03 4.53752E-04
2.19173E+03 3.86856E-04
2.19185E+03 1.46776E-04
2.19197E+03 -8.93958E-05
2.19209E+03 -1.65682E-04
2.19221E+03 4.68269E-06
2.19234E+03 4.00346E-04
2.19246E+03 8.55066E-04
2.19258E+03 1.13606E-03
2.19270E+03 1.15335E-03
2.19282E+03 1.05071E-03
2.19294E+03 1.02142E-03
2.19306E+03 1.06712E-03
2.19318E+03 1.01989E-03
2.19330E+03 7.88495E-04
2.19342E+03 4.87365E-04
2.19354E+03 2.98139E-04
2.19366E+03 2.82839E-04
2.19378E+03 3.78467E-04
2.19390E+03 5.10324E-04
2.19402E+03 6.34667E-04
2.19414E+03 6.91857E-04
2.19426E+03 6.05639E-04
2.19438E+03 3.73054E-04
2.19451E+03 1.21444E-04
2.19463E+03 2.34619E-05
2.19475E+03 1.38428E-04
2.19487E+03 3.48344E-04
2.19499E+03 4.65337E-04
2.19511E+03 4.05885E-04
2.19523E+03 2.52273E-04
2.19535E+03 1.47130E-04
2.19547E+03 1.48900E-04
2.19559E+03 1.95473E-04
2.19571E+03 1.84625E-04
2.19583E+03 7.02515E-05
2.19595E+03 -1.01060E-04
2.19607E+03 -2.17814E-04
2.19619E+03 -1.90485E-04
2.19631E+03 -2.22512E-05
2.19643E+03 2.03822E-04
2.19655E+03 4.13600E-04
2.19668E+03 5.88004E-04
2.19680E+03 6.86154E-04
2.19692E+03 6.18432E-04
2.19704E+03 3.94762E-04
2.19716E+03 2.43314E-04
2.19728E+03 4.04380E-04
2.19740E+03 7.72242E-04
2.19752E+03 9.20992E-04
2.19764E+03 6.04894E-04
2.19776E+03 1.04208E-04
2.19788E+03 -9.77702E-05
2.19800E+03 9.98564E-05
2.19812E+03 3.49637E-04
2.19824E+03 3.94069E-04
2.19836E+03 4.02000E-04
2.19848E+03 6.63575E-04
2.19860E+03 1.12443E-03
2.19872E+03 1.42577E-03
2.19884E+03 1.35292E-03
2.19897E+03 1.06976E-03
2.19909E+03 9.02575E-04
2.19921E+03 1.02860E-03
2.19933E+03 1.40218E-03
2.19945E+03 1.85191E-03
2.19957E+03 2.17063E-03
2.19969E+03 2.20022E-03
2.19981E+03 1.93614E-03
2.19993E+03 1.53658E-03
2.20005E+03 1.17665E-03
2.20017E+03 9.17528E-04
2.20029E+03 7.56476E-04
2.20041E+03 7.40189E-04
2.20053E+03 9.18373E-04
2.20065E+03 1.18801E-03
2.20077E+03 1.29987E-03
2.20089E+03 1.08991E-03
2.20101E+03 6.60293E-04
2.20114E+03 2.83521E-04
2.20126E+03 1.68540E-04
2.20138E+03 3.62743E-04
2.20150E+03 8.07658E-04
2.20162E+03 1.36499E-03
2.20174E+03 1.79862E-03
2.20186E+03 1.89332E-03
2.20198E+03 1.69155E-03
2.20210E+03 1.51360E-03
2.20222E+03 1.60455E-03
2.20234E+03 1.80254E-03
2.20246E+03 1.71008E-03
2.20258E+03 1.20434E-03
2.20270E+03 6.18313E-04
2.20282E+03 3.44828E-04
2.20294E+03 3.97209E-04
2.20306E+03 4.94279E-04
2.20318E+03 4.82127E-04
2.20331E+03 4.71722E-04
2.20343E+03 5.67298E-04
2.20355E+03 6.63359E-04
2.20367E+03 6.08344E-04
2.20379E+03 4.35807E-04
2.20391E+03 3.00631E-04
2.20403E+03 2.57000E-04
2.20415E+03 2.33512E-04
2.20427E+03 2.07540E-04
2.20439E+03 2.80224E-04
2.20451E+03 5.42510E-04
2.20463E+03 9.38248E-04
2.20475E+03 1.29279E-03
2.20487E+03 1.43719E-03
2.20499E+03 1.30344E-03
2.20511E+03 9.67212E-04
2.20523E+03 6.26206E-04
2.20535E+03 4.78465E-04
2.20548E+03 5.69336E-04
2.20560E+03 7.67499E-04
2.20572E+03 9.10178E-04
2.20584E+03 9.51953E-04
2.20596E+03 9.59147E-04
2.20608E+03 1.00020E-03
2.20620E+03 1.07765E-03
2.20632E+03 1.13997E-03
2.20644E+03 1.11352E-03
2.20656E+03 9.33655E-04
2.20668E+03 5.97347E-04
2.20680E+03 2.09183E-04
2.20692E+03 -5.14202E-05
2.20704E+03 -3.83146E-05
2.20716E+03 2.49498E-04
2.20728E+03 6.52190E-04
2.20740E+03 9.50415E-04
2.20752E+03 1.00882E-03
2.20765E+03 8.60311E-04
2.20777E+03 6.46871E-04
2.20789E+03 4.78696E-04
2.20801E+03 3.66785E-04
2.20813E+03 2.88542E-04
2.20825E+03 2.63274E-04
2.20837E+03 3.21686E-04
2.20849E+03 4.37029E-04
2.20861E+03 5.48206E-04
2.20873E+03 6.42929E-04
2.20885E+03 7.61643E-04
2.20897E+03 9.12253E-04
2.20909E+03 1.03041E-03
2.20921E+03 1.03818E-03
2.20933E+03 9.04083E-04
2.20945E+03 6.44740E-04
2.20957E+03 3.29178E-04
2.20969E+03 9.81204E-05
2.20982E+03 9.39928E-05
2.20994E+03 3.01745E-04
2.21006E+03 5.13569E-04
2.21018E+03 5.43006E-04
2.21030E+03 4.54392E-04
2.21042E+03 4.81024E-04
2.21054E+03 7.08524E-04
2.21066E+03 9.46157E-04
2.21078E+03 9.67465E-04
2.21090E+03 7.94422E-04
2.21102E+03 6.44945E-04
2.21114E+03 6.37721E-04
2.21126E+03 6.64424E-04
2.21138E+03 5.70804E-04
2.21150E+03 3.68237E-04
2.21162E+03 2.02518E-04
2.21174E+03 1.64244E-04
2.21186E+03 2.06795E-04
2.21199E+03 2.40568E-04
2.21211E+03 2.34276E-04
2.21223E+03 1.98379E-04
2.21235E+03 1.22402E-04
2.21247E+03 -1.93566E-05
2.21259E+03 -2.10710E-04
2.21271E+03 -3.98520E-04
2.21283E+03 -5.40964E-04
2.21295E+03 -6.15902E-04
2.21307E+03 -5.66646E-04
2.21319E+03 -3.03339E-04
2.21331E+03 1.77603E-04
2.21343E+03 6.87514E-04
2.21355E+03 9.48951E-04
2.21367E+03 8.37930E-04
2.21379E+03 5.16064E-04
2.21391E+03 2.95728E-04
2.21403E+03 3.81794E-04
2.21416E+03 7.31926E-04
2.21428E+03 1.11824E-03
2.21440E+03 1.30438E-03
2.21452E+03 1.22378E-03
2.21464E+03 1.04647E-03
2.21476E+03 1.03510E-03
2.21488E+03 1.26508E-03
2.21500E+03 1.50364E-03
2.21512E+03 1.43851E-03
2.21524E+03 1.02212E-03
2.21536E+03 5.11158E-04
2.21548E+03 1.63265E-04
2.21560E+03 1.11759E-06
2.21572E+03 -8.48882E-05
2.21584E+03 -1.17637E-04
2.21596E+03 -4.19132E-05
2.21608E+03 1.31413E-04
2.21620E+03 3.11114E-04
2.21632E+03 4.58818E-04
2.21645E+03 5.98978E-04
2.21657E+03 7.01778E-04
2.21669E+03 6.83047E-04
2.21681E+03 5.71791E-04
2.21693E+03 5.54446E-04
2.21705E+03 7.49797E-04
2.21717E+03 1.01220E-03
2.21729E+03 1.07431E-03
2.21741E+03 8.62911E-04
2.21753E+03 5.71273E-04
2.21765E+03 4.14014E-04
2.21777E+03 4.02067E-04
2.21789E+03 3.86760E-04
2.21801E+03 2.55086E-04
2.21813E+03 3.88436E-05
2.21825E+03 -1.25539E-04
2.21837E+03 -9.98452E-05
2.21849E+03 1.52506E-04
2.21862E+03 5.31033E-04
2.21874E+03 8.67661E-04
2.21886E+03 1.03506E-03
2.21898E+03 9.96701E-04
2.21910E+03 7.76041E-04
2.21922E+03 4.47560E-04
2.21934E+03 1.74921E-04
2.21946E+03 1.67277E-04
2.21958E+03 4.90028E-04
2.21970E+03 9.22926E-04
2.21982E+03 1.09858E-03
2.21994E+03 8.31962E-04
2.22006E+03 2.84400E-04
2.22018E+03 -2.13929E-04
2.22030E+03 -4.47519E-04
2.22042E+03 -4.10743E-04
2.22054E+03 -1.94713E-04
2.22066E+03 1.08089E-04
2.22079E+03 4.02402E-04
2.22091E+03 6.09275E-04
2.22103E+03 7.17167E-04
2.22115E+03 7.71653E-04
2.22127E+03 7.82847E-04
2.22139E+03 7.09761E-04
2.22151E+03 5.77394E-04
2.22163E+03 5.26424E-04
2.22175E+03 6.55413E-04
2.22187E+03 8.61917E-04
2.22199E+03 9.47401E-04
2.22211E+03 8.59652E-04
2.22223E+03 7.20609E-04
2.22235E+03 6.22366E-04
2.22247E+03 5.35093E-04
2.22259E+03 4.49996E-04
2.22271E+03 4.58974E-04
2.22283E+03 5.98427E-04
2.22296E+03 7.38677E-04
2.22308E+03 7.55552E-04
2.22320E+03 7.11210E-04
2.22332E+03 7.12007E-04
2.22344E+03 6.72512E-04
2.22356E+03 4.28744E-04
2.22368E+03 6.49467E-05
2.22380E+03 -1.01447E-04
2.22392E+03 7.91065E-05
2.22404E+03 3.77581E-04
2.22416E+03 5.06915E-04
2.22428E+03 4.67375E-04
2.22440E+03 4.47437E-04
2.22452E+03 5.06777E-04
2.22464E+03 5.42127E-04
2.22476E+03 5.02110E-04
2.22488E+03 4.46782E-04
2.22500E+03 3.98107E-04
2.22512E+03 2.92782E-04
2.22525E+03 1.18867E-04
2.22537E+03 -1.99340E-05
2.22549E+03 -1.51135E-05
2.22561E+03 1.38488E-04
2.22573E+03 3.69594E-04
2.22585E+03 5.83436E-04
2.22597E+03 6.73000E-04
2.22609E+03 5.84457E-04
2.22621E+03 3.93678E-04
2.22633E+03 2.35148E-04
2.22645E+03 1.39758E-04
2.22657E+03 4.44688E-05
2.22669E+03 -2.09138E-05
2.22681E+03 1.05456E-04
2.22693E+03 4.71313E-04
2.22705E+03 8.58296E-04
2.22717E+03 9.62902E-04
2.22729E+03 6.93467E-04
2.22742E+03 2.12874E-04
2.22754E+03 -2.32194E-04
2.22766E+03 -4.32476E-04
2.22778E+03 -2.82239E-04
2.22790E+03 1.33306E-04
2.22802E+03 5.35052E-04
2.22814E+03 6.92654E-04
2.22826E+03 6.50354E-04
2.22838E+03 6.14006E-04
2.22850E+03 6.45816E-04
2.22862E+03 6.25674E-04
2.22874E+03 5.01215E-04
2.22886E+03 3.78810E-04
2.22898E+03 3.08692E-04
2.22910E+03 1.71416E-04
2.22922E+03 -9.75616E-05
2.22934E+03 -3.17469E-04
2.22946E+03 -2.79699E-04
2.22959E+03 -5.32977E-05
2.22971E+03 9.42871E-05
2.22983E+03 4.88199E-05
2.22995E+03 -3.86834E-05
2.23007E+03 -8.97795E-07
2.23019E+03 1.46884E-04
2.23031E+03 2.90163E-04
2.23043E+03 3.45994E-04
2.23055E+03 2.40993E-04
2.23067E+03 -8.59387E-05
2.23079E+03 -5.47145E-04
2.23091E+03 -8.86679E-04
2.23103E+03 -9.20240E-04
2.23115E+03 -7.54919E-04
2.23127E+03 -6.36972E-04
2.23139E+03 -6.11745E-04
2.23151E+03 -4.90446E-04
2.23163E+03 -1.82129E-04
2.23176E+03 9.84035E-05
2.23188E+03 5.26644E-05
2.23200E+03 -3.41207E-04
2.23212E+03 -8.11171E-04
2.23224E+03 -1.10511E-03
2.23236E+03 -1.20499E-03
2.23248E+03 -1.22926E-03
2.23260E+03 -1.22313E-03
2.23272E+03 -1.11988E-03
2.23284E+03 -8.76695E-04
2.23296E+03 -5.85787E-04
2.23308E+03 -4.29805E-04
2.23320E+03 -5.24763E-04
2.23332E+03 -7.93669E-04
2.23344E+03 -1.00067E-03
2.23356E+03 -9.45393E-04
2.23368E+03 -6.42490E-04
2.23380E+03 -2.96049E-04
2.23393E+03 -1.00162E-04
2.23405E+03 -1.03299E-04
2.23417E+03 -2.62357E-04
2.23429E+03 -5.29066E-04
2.23441E+03 -8.05799E-04
2.23453E+03 -8.95113E-04
2.23465E+03 -6.45958E-04
2.23477E+03 -1.79563E-04
2.23489E+03 1.42511E-04
2.23501E+03 5.17331E-05
2.23513E+03 -3.52986E-04
2.23525E+03 -7.20024E-04
2.23537E+03 -7.80690E-04
2.23549E+03 -5.15193E-04
2.23561E+03 -7.96691E-05
2.23573E+03 3.20528E-04
2.23585E+03 5.04784E-04
2.23597E+03 4.09447E-04
2.23610E+03 1.53441E-04
2.23622E+03 -3.61465E-05
2.23634E+03 -1.28597E-05
2.23646E+03 1.81090E-04
2.23658E+03 4.02343E-04
2.23670E+03 5.47435E-04
2.23682E+03 5.77305E-04
2.23694E+03 4.75533E-04
2.23706E+03 2.45750E-04
2.23718E+03 -5.56149E-05
2.23730E+03 -3.17562E-04
2.23742E+03 -4.31295E-04
2.23754E+03 -3.52919E-04
2.23766E+03 -1.56023E-04
2.23778E+03 -1.30534E-05
2.23790E+03 -6.06962E-05
2.23802E+03 -2.52128E-04
2.23814E+03 -3.99332E-04
2.23827E+03 -4.09476E-04
2.23839E+03 -4.17829E-04
2.23851E+03 -6.07960E-04
2.23863E+03 -9.43124E-04
2.23875E+03 -1.18099E-03
2.23887E+03 -1.15393E-03
2.23899E+03 -9.31695E-04
2.23911E+03 -6.77601E-04
2.23923E+03 -4.50984E-04
2.23935E+03 -2.25428E-04
2.23947E+03 -2.32235E-05
2.23959E+03 8.24519E-05
2.23971E+03 8.10958E-05
2.23983E+03 5.57862E-05
2.23995E+03 6.41607E-05
2.24007E+03 6.09048E-05
2.24019E+03 -4.02853E-05
2.24031E+03 -2.58368E-04
2.24044E+03 -5.24450E-04
2.24056E+03 -7.18907E-04
2.24068E+03 -7.31502E-04
2.24080E+03 -5.37619E-04
2.24092E+03 -2.51621E-04
2.24104E+03 -5.56894E-05
2.24116E+03 -2.78503E-05
2.24128E+03 -7.40997E-05
2.24140E+03 -7.14026E-05
2.24152E+03 -3.25590E-05
2.24164E+03 -6.03348E-05
2.24176E+03 -1.78210E-04
2.24188E+03 -3.11431E-04
2.24200E+03 -4.25033E-04
2.24212E+03 -5.51257E-04
2.24224E+03 -6.45090E-04
2.24236E+03 -5.59136E-04
2.24248E+03 -2.73421E-04
2.24260E+03 -3.51369E-05
2.24273E+03 -9.58852E-05
2.24285E+03 -3.47935E-04
2.24297E+03 -4.04768E-04
2.24309E+03 -6.88992E-05
2.24321E+03 4.44207E-04
2.24333E+03 7.98389E-04
2.24345E+03 9.03379E-04
2.24357E+03 8.73365E-04
2.24369E+03 7.74760E-04
2.24381E+03 5.79607E-04
2.24393E+03 3.00419E-04
2.24405E+03 -7.37607E-06
2.24417E+03 -3.58161E-04
2.24429E+03 -7.99205E-04
2.24441E+03 -1.22590E-03
2.24453E+03 -1.40078E-03
2.24465E+03 -1.22529E-03
2.24477E+03 -8.89499E-04
2.24490E+03 -6.72735E-04
2.24502E+03 -6.63888E-04
2.24514E+03 -7.40048E-04
2.24526E+03 -7.48381E-04
2.24538E+03 -6.37311E-04
2.24550E+03 -4.65583E-04
2.24562E+03 -3.50546E-04
2.24574E+03 -3.64218E-04
2.24586E+03 -4.27216E-04
2.24598E+03 -3.67478E-04
2.24610E+03 -1.57718E-04
2.24622E+03 -2.63937E-05
2.24634E+03 -2.19278E-04
2.24646E+03 -6.82309E-04
2.24658E+03 -1.09386E-03
2.24670E+03 -1.20358E-03
2.24682E+03 -1.03307E-03
2.24694E+03 -7.43669E-04
2.24707E+03 -4.55718E-04
2.24719E+03 -2.65509E-04
2.24731E+03 -2.98027E-04
2.24743E+03 -5.86759E-04
2.24755E+03 -9.37395E-04
2.24767E+03 -1.05787E-03
2.24779E+03 -8.64096E-04
2.24791E+03 -5.74078E-04
2.24803E+03 -4.46036E-04
2.24815E+03 -4.76550E-04
2.24827E+03 -4.31966E-04
2.24839E+03 -1.70939E-04
2.24851E+03 1.39065E-04
2.24863E+03 1.69639E-04
2.24875E+03 -2.09428E-04
2.24887E+03 -7.59553E-04
2.24899E+03 -1.07295E-03
2.24911E+03 -9.34236E-04
2.24924E+03 -5.06222E-04
2.24936E+03 -1.70637E-04
2.24948E+03 -1.74657E-04
2.24960E+03 -4.02331E-04
2.24972E+03 -5.02121E-04
2.24984E+03 -2.84079E-04
2.24996E+03 2.29403E-05
2.25008E+03 -1.29938E-05
2.25020E+03 -5.11754E-04
2.25032E+03 -1.10614E-03
2.25044E+03 -1.33251E-03
2.25056E+03 -1.11879E-03
2.25068E+03 -7.59646E-04
2.25080E+03 -4.91768E-04
2.25092E+03 -2.95531E-04
2.25104E+03 -1.25591E-04
2.25116E+03 -9.90815E-05
2.25128E+03 -3.03630E-04
2.25141E+03 -5.62884E-04
2.25153E+03 -5.97980E-04
2.25165E+03 -3.87542E-04
2.25177E+03 -1.94922E-04
2.25189E+03 -2.16406E-04
2.25201E+03 -3.38603E-04
2.25213E+03 -2.98139E-04
2.25225E+03 6.36280E-06
2.25237E+03 4.07383E-04
2.25249E+03 6.24761E-04
2.25261E+03 4.85811E-04
2.25273E+03 6.55688E-05
2.25285E+03 -3.52859E-04
2.25297E+03 -4.97341E-04
2.25309E+03 -3.43852E-04
2.25321E+03 -1.10820E-04
2.25333E+03 -3.51854E-05
2.25345E+03 -1.91875E-04
2.25357E+03 -5.04483E-04
2.25370E+03 -8.14602E-04
2.25382E+03 -9.12752E-04
2.25394E+03 -6.50879E-04
2.25406E+03 -1.49928E-04
2.25418E+03 2.04425E-04
2.25430E+03 1.34092E-04
2.25442E+03 -1.90634E-04
2.25454E+03 -3.54711E-04
2.25466E+03 -2.45556E-04
2.25478E+03 -1.95190E-04
2.25490E+03 -4.95560E-04
2.25502E+03 -9.43866E-04
2.25514E+03 -1.06068E-03
2.25526E+03 -6.85200E-04
2.25538E+03 -1.47723E-04
2.25550E+03 1.61827E-04
2.25562E+03 1.91689E-04
2.25574E+03 1.12079E-04
2.25587E+03 -3.61092E-05
2.25599E+03 -3.51403E-04
2.25611E+03 -7.87746E-04
2.25623E+03 -1.06834E-03
2.25635E+03 -9.94917E-04
2.25647E+03 -7.15613E-04
2.25659E+03 -5.58879E-04
2.25671E+03 -6.46703E-04
2.25683E+03 -7.92503E-04
2.25695E+03 -7.80087E-04
2.25707E+03 -6.17445E-04
2.25719E+03 -4.57555E-04
2.25731E+03 -3.70067E-04
2.25743E+03 -2.97800E-04
2.25755E+03 -1.97962E-04
2.25767E+03 -1.13241E-04
2.25779E+03 -9.70513E-05
2.25791E+03 -1.65384E-04
2.25804E+03 -3.48922E-04
2.25816E+03 -6.89182E-04
2.25828E+03 -1.10875E-03
2.25840E+03 -1.36857E-03
2.25852E+03 -1.27859E-03
2.25864E+03 -9.37890E-04
2.25876E+03 -6.47645E-04
2.25888E+03 -5.62515E-04
2.25900E+03 -5.41829E-04
2.25912E+03 -4.01583E-04
2.25924E+03 -2.02045E-04
2.25936E+03 -1.60072E-04
2.25948E+03 -3.25639E-04
2.25960E+03 -4.99181E-04
2.25972E+03 -5.05351E-04
2.25984E+03 -4.29507E-04
2.25996E+03 -4.85037E-04
2.26008E+03 -7.00284E-04
2.26021E+03 -8.50279E-04
2.26033E+03 -7.15777E-04
2.26045E+03 -3.47663E-04
2.26057E+03 -4.17866E-05
2.26069E+03 -6.97896E-05
2.26081E+03 -4.40117E-04
2.26093E+03 -8.92155E-04
2.26105E+03 -1.10626E-03
2.26117E+03 -9.51443E-04
2.26129E+03 -5.73367E-04
2.26141E+03 -2.46417E-04
2.26153E+03 -1.24495E-04
2.26165E+03 -1.38730E-04
2.26177E+03 -1.45372E-04
2.26189E+03 -1.41814E-04
2.26201E+03 -2.69465E-04
2.26213E+03 -5.87553E-04
2.26225E+03 -9.22114E-04
2.26238E+03 -1.02515E-03
2.26250E+03 -8.67870E-04
2.26262E+03 -6.81665E-04
2.26274E+03 -6.81005E-04
2.26286E+03 -8.24593E-04
2.26298E+03 -8.98603E-04
2.26310E+03 -7.71407E-04
2.26322E+03 -5.00627E-04
2.26334E+03 -2.50086E-04
2.26346E+03 -1.83921E-04
2.26358E+03 -3.80334E-04
2.26370E+03 -7.30343E-04
2.26382E+03 -9.56602E-04
2.26394E+03 -8.72493E-04
2.26406E+03 -6.24154E-04
2.26418E+03 -5.19842E-04
2.26430E+03 -5.90805E-04
2.26442E+03 -5.32329E-04
2.26455E+03 -1.97340E-04
2.26467E+03 7.05048E-05
2.26479E+03 -1.58589E-04
2.26491E+03 -7.51488E-04
2.26503E+03 -1.09258E-03
2.26515E+03 -8.16360E-04
2.26527E+03 -2.14610E-04
2.26539E+03 1.88597E-04
2.26551E+03 2.27191E-04
2.26563E+03 9.92268E-05
2.26575E+03 -3.56138E-05
2.26587E+03 -1.89170E-04
2.26599E+03 -3.63246E-04
2.26611E+03 -4.73965E-04
2.26623E+03 -5.07224E-04
2.26635E+03 -5.63584E-04
2.26647E+03 -6.78703E-04
2.26659E+03 -7.29777E-04
2.26672E+03 -6.07304E-04
2.26684E+03 -3.93547E-04
2.26696E+03 -2.87049E-04
2.26708E+03 -3.97779E-04
2.26720E+03 -6.66600E-04
2.26732E+03 -9.37868E-04
2.26744E+03 -1.06353E-03
2.26756E+03 -9.90096E-04
2.26768E+03 -8.18260E-04
2.26780E+03 -7.42394E-04
2.26792E+03 -8.48152E-04
2.26804E+03 -9.78585E-04
2.26816E+03 -8.73093E-04
2.26828E+03 -4.47664E-04
2.26840E+03 1.09550E-04
2.26852E+03 5.13814E-04
2.26864E+03 6.10128E-04
2.26876E+03 4.17504E-04
2.26889E+03 5.64344E-05
2.26901E+03 -3.15309E-04
2.26913E+03 -5.56957E-04
2.26925E+03 -6.39513E-04
2.26937E+03 -6.70962E-04
2.26949E+03 -7.75177E-04
2.26961E+03 -9.29896E-04
2.26973E+03 -9.77606E-04
2.26985E+03 -8.14177E-04
2.26997E+03 -5.17946E-04
2.27009E+03 -2.72330E-04
2.27021E+03 -2.16242E-04
2.27033E+03 -3.96315E-04
2.27045E+03 -7.76440E-04
2.27057E+03 -1.20156E-03
2.27069E+03 -1.41913E-03
2.27081E+03 -1.29109E-03
2.27093E+03 -9.97867E-04
2.27105E+03 -8.88269E-04
2.27118E+03 -1.06471E-03
2.27130E+03 -1.23390E-03
2.27142E+03 -1.07332E-03
2.27154E+03 -6.55651E-04
2.27166E+03 -3.56905E-04
2.27178E+03 -3.77364E-04
2.27190E+03 -5.25549E-04
2.27202E+03 -5.15081E-04
2.27214E+03 -3.30690E-04
2.27226E+03 -2.07264E-04
2.27238E+03 -3.19205E-04
2.27250E+03 -5.79894E-04
2.27262E+03 -7.31118E-04
2.27274E+03 -5.92381E-04
2.27286E+03 -2.57619E-04
2.27298E+03 -6.55726E-05
2.27310E+03 -2.88390E-04
2.27322E+03 -7.85802E-04
2.27335E+03 -1.06679E-03
2.27347E+03 -8.20436E-04
2.27359E+03 -3.29055E-04
2.27371E+03 -1.85564E-04
2.27383E+03 -5.86148E-04
2.27395E+03 -1.07089E-03
2.27407E+03 -1.05159E-03
2.27419E+03 -4.75865E-04
2.27431E+03 1.64364E-04
2.27443E+03 3.95257E-04
2.27455E+03 1.64740E-04
2.27467E+03 -3.02907E-04
2.27479E+03 -8.22067E-04
2.27491E+03 -1.30931E-03
2.27503E+03 -1.64086E-03
2.27515E+03 -1.66358E-03
2.27527E+03 -1.39261E-03
2.27539E+03 -1.07828E-03
2.27552E+03 -9.73456E-04
2.27564E+03 -1.06663E-03
2.27576E+03 -1.12114E-03
2.27588E+03 -9.75184E-04
2.27600E+03 -7.39790E-04
2.27612E+03 -6.69297E-04
2.27624E+03 -8.70448E-04
2.27636E+03 -1.17085E-03
2.27648E+03 -1.26708E-03
2.27660E+03 -1.00896E-03
2.27672E+03 -5.65019E-04
2.27684E+03 -3.01067E-04
2.27696E+03 -4.46383E-04
2.27708E+03 -8.61373E-04
2.27720E+03 -1.18434E-03
2.27732E+03 -1.23031E-03
2.27744E+03 -1.16611E-03
2.27756E+03 -1.22935E-03
2.27769E+03 -1.37511E-03
2.27781E+03 -1.35200E-03
2.27793E+03 -1.09332E-03
2.27805E+03 -8.37855E-04
2.27817E+03 -7.90257E-04
2.27829E+03 -8.30468E-04
2.27841E+03 -7.11996E-04
2.27853E+03 -4.37565E-04
2.27865E+03 -2.33524E-04
2.27877E+03 -1.83254E-04
2.27889E+03 -1.13878E-04
2.27901E+03 7.79480E-05
2.27913E+03 1.83251E-04
2.27925E+03 -4.68083E-05
2.27937E+03 -5.00079E-04
2.27949E+03 -7.78392E-04
2.27961E+03 -6.56925E-04
2.27973E+03 -3.11382E-04
2.27986E+03 -4.38131E-05
2.27998E+03 6.50287E-05
2.28010E+03 1.36863E-04
2.28022E+03 2.58680E-04
2.28034E+03 3.87583E-04
2.28046E+03 4.56862E-04
2.28058E+03 4.34503E-04
2.28070E+03 2.73760E-04
2.28082E+03 -6.79605E-05
2.28094E+03 -4.98049E-04
2.28106E+03 -7.76462E-04
2.28118E+03 -7.19510E-04
2.28130E+03 -4.18644E-04
2.28142E+03 -1.85523E-04
2.28154E+03 -2.53089E-04
2.28166E+03 -5.48400E-04
2.28178E+03 -7.72033E-04
2.28190E+03 -6.86839E-04
2.28202E+03 -3.19943E-04
2.28215E+03 1.00646E-04
2.28227E+03 3.61346E-04
2.28239E+03 3.90749E-04
2.28251E+03 1.95790E-04
2.28263E+03 -2.03315E-04
2.28275E+03 -6.96704E-04
2.28287E+03 -1.03025E-03
2.28299E+03 -9.72986E-04
2.28311E+03 -5.92019E-04
2.28323E+03 -2.42196E-04
2.28335E+03 -1.97750E-04
2.28347E+03 -3.63976E-04
2.28359E+03 -4.48551E-04
2.28371E+03 -3.59066E-04
2.28383E+03 -2.96999E-04
2.28395E+03 -4.60256E-04
2.28407E+03 -7.89579E-04
2.28419E+03 -1.06115E-03
2.28432E+03 -1.12806E-03
2.28444E+03 -1.00267E-03
2.28456E+03 -7.88491E-04
2.28468E+03 -6.31053E-04
2.28480E+03 -6.71986E-04
2.28492E+03 -9.06717E-04
2.28504E+03 -1.08286E-03
2.28516E+03 -8.86437E-04
2.28528E+03 -3.13152E-04
2.28540E+03 2.28181E-04
2.28552E+03 2.91545E-04
2.28564E+03 -1.27584E-04
2.28576E+03 -5.85034E-04
2.28588E+03 -6.66760E-04
2.28600E+03 -3.81425E-04
2.28612E+03 -4.76353E-05
2.28624E+03 1.16188E-04
2.28636E+03 1.46881E-04
2.28649E+03 1.15823E-04
2.28661E+03 -7.38762E-05
2.28673E+03 -5.19108E-04
2.28685E+03 -1.04371E-03
2.28697E+03 -1.26809E-03
2.28709E+03 -1.01814E-03
2.28721E+03 -5.49275E-04
2.28733E+03 -2.72967E-04
2.28745E+03 -3.22454E-04
2.28757E+03 -4.96078E-04
2.28769E+03 -5.89289E-04
2.28781E+03 -6.28218E-04
2.28793E+03 -7.26562E-04
2.28805E+03 -8.42355E-04
2.28817E+03 -8.13141E-04
2.28829E+03 -6.09420E-04
2.28841E+03 -4.27496E-04
2.28853E+03 -4.76014E-04
2.28866E+03 -7.33364E-04
2.28878E+03 -9.81420E-04
2.28890E+03 -1.05507E-03
2.28902E+03 -9.99141E-04
2.28914E+03 -9.75151E-04
2.28926E+03 -1.06354E-03
2.28938E+03 -1.18567E-03
2.28950E+03 -1.19771E-03
2.28962E+03 -1.03910E-03
2.28974E+03 -8.07151E-04
2.28986E+03 -7.00489E-04
2.28998E+03 -8.56180E-04
2.29010E+03 -1.19771E-03
2.29022E+03 -1.45290E-03
2.29034E+03 -1.37842E-03
2.29046E+03 -1.00174E-03
2.29058E+03 -6.22977E-04
2.29070E+03 -5.43669E-04
2.29083E+03 -7.84703E-04
2.29095E+03 -1.07631E-03
2.29107E+03 -1.11959E-03
2.29119E+03 -8.61645E-04
2.29131E+03 -5.34426E-04
2.29143E+03 -4.27749E-04
2.29155E+03 -6.05065E-04
2.29167E+03 -8.39818E-04
2.29179E+03 -8.46542E-04
2.29191E+03 -5.69340E-04
2.29203E+03 -2.15378E-04
2.29215E+03 -1.35861E-05
2.29227E+03 5.55068E-07
2.29239E+03 -6.24508E-05
2.29251E+03 -1.19016E-04
2.29263E+03 -2.00413E-04
2.29275E+03 -3.74570E-04
2.29287E+03 -6.51583E-04
2.29300E+03 -9.46078E-04
2.29312E+03 -1.09571E-03
2.29324E+03 -9.54293E-04
2.29336E+03 -5.43017E-04
2.29348E+03 -1.01168E-04
2.29360E+03 9.77032E-05
2.29372E+03 -1.47894E-06
2.29384E+03 -2.03870E-04
2.29396E+03 -3.05269E-04
2.29408E+03 -2.67312E-04
2.29420E+03 -1.71315E-04
2.29432E+03 -1.01008E-04
2.29444E+03 -1.29197E-04
2.29456E+03 -3.27479E-04
2.29468E+03 -6.78509E-04
2.29480E+03 -1.01358E-03
2.29492E+03 -1.14349E-03
2.29504E+03 -1.05783E-03
2.29517E+03 -9.19722E-04
2.29529E+03 -8.68939E-04
2.29541E+03 -9.08390E-04
2.29553E+03 -9.84464E-04
2.29565E+03 -1.08163E-03
2.29577E+03 -1.18871E-03
2.29589E+03 -1.23698E-03
2.29601E+03 -1.14570E-03
2.29613E+03 -9.22572E-04
2.29625E+03 -6.84816E-04
2.29637E+03 -5.82431E-04
2.29649E+03 -6.93955E-04
2.29661E+03 -9.54270E-04
2.29673E+03 -1.17107E-03
2.29685E+03 -1.17205E-03
2.29697E+03 -9.98192E-04
2.29709E+03 -9.23958E-04
2.29721E+03 -1.20586E-03
2.29733E+03 -1.78728E-03
2.29746E+03 -2.29013E-03
2.29758E+03 -2.33477E-03
2.29770E+03 -1.88250E-03
2.29782E+03 -1.27099E-03
2.29794E+03 -9.22218E-04
2.29806E+03 -9.97044E-04
2.29818E+03 -1.29554E-03
2.29830E+03 -1.48361E-03
2.29842E+03 -1.42007E-03
2.29854E+03 -1.25045E-03
2.29866E+03 -1.17800E-03
2.29878E+03 -1.19609E-03
2.29890E+03 -1.12743E-03
2.29902E+03 -9.14212E-04
2.29914E+03 -7.39943E-04
2.29926E+03 -7.94902E-04
2.29938E+03 -1.00350E-03
2.29950E+03 -1.09480E-03
2.29963E+03 -9.33670E-04
2.29975E+03 -6.75499E-04
2.29987E+03 -5.51727E-04
2.29999E+03 -5.83239E-04
2.30011E+03 -5.80810E-04
2.30023E+03 -3.97343E-04
2.30035E+03 -9.85451E-05
2.30047E+03 1.24991E-04
2.30059E+03 1.39359E-04
2.30071E+03 -4.86672E-05
2.30083E+03 -3.26615E-04
2.30095E+03 -5.48467E-04
2.30107E+03 -6.13153E-04
2.30119E+03 -5.52744E-04
2.30131E+03 -5.36919E-04
2.30143E+03 -7.19957E-04
2.30155E+03 -1.03403E-03
2.30167E+03 -1.18585E-03
2.30180E+03 -9.41396E-04
2.30192E+03 -4.15199E-04
2.30204E+03 -6.50063E-06
2.30216E+03 1.03936E-06
2.30228E+03 -2.72617E-04
2.30240E+03 -4.57738E-04
2.30252E+03 -3.67846E-04
2.30264E+03 -1.78479E-04
2.30276E+03 -1.86130E-04
2.30288E+03 -4.63039E-04
2.30300E+03 -7.98918E-04
2.30312E+03 -9.38185E-04
2.30324E+03 -8.03545E-04
2.30336E+03 -4.96320E-04
2.30348E+03 -1.81008E-04
2.30360E+03 -1.23568E-05
2.30372E+03 -8.49478E-05
2.30384E+03 -3.64866E-04
2.30397E+03 -6.87610E-04
2.30409E+03 -8.82488E-04
2.30421E+03 -9.02340E-04
2.30433E+03 -7.96389E-04
2.30445E+03 -5.85809E-04
2.30457E+03 -2.49188E-04
2.30469E+03 1.49935E-04
2.30481E+03 3.93935E-04
2.30493E+03 2.61232E-04
2.30505E+03 -2.50325E-04
2.30517E+03 -8.58083E-04
2.30529E+03 -1.21334E-03
2.30541E+03 -1.18508E-03
2.30553E+03 -9.38535E-04
2.30565E+03 -7.78995E-04
2.30577E+03 -9.22408E-04
2.30589E+03 -1.33156E-03
2.30601E+03 -1.72629E-03
2.30614E+03 -1.79874E-03
2.30626E+03 -1.48312E-03
2.30638E+03 -1.02456E-03
2.30650E+03 -7.48176E-04
2.30662E+03 -7.52602E-04
2.30674E+03 -8.51475E-04
2.30686E+03 -8.12311E-04
2.30698E+03 -6.05721E-04
2.30710E+03 -3.91174E-04
2.30722E+03 -3.06744E-04
2.30734E+03 -3.28280E-04
2.30746E+03 -3.24074E-04
2.30758E+03 -1.90165E-04
2.30770E+03 8.07717E-05
2.30782E+03 3.79741E-04
2.30794E+03 5.06517E-04
2.30806E+03 2.90427E-04
2.30818E+03 -2.27455E-04
2.30831E+03 -7.76347E-04
2.30843E+03 -1.09347E-03
2.30855E+03 -1.15192E-03
2.30867E+03 -1.12470E-03
2.30879E+03 -1.14505E-03
2.30891E+03 -1.16548E-03
2.30903E+03 -1.05025E-03
2.30915E+03 -7.35871E-04
2.30927E+03 -2.92297E-04
2.30939E+03 1.09877E-04
2.30951E+03 2.93214E-04
2.30963E+03 2.14010E-04
2.30975E+03 4.60446E-06
2.30987E+03 -1.43386E-04
2.30999E+03 -1.47603E-04
2.31011E+03 -8.89413E-05
2.31023E+03 -8.47541E-05
2.31035E+03 -1.74623E-04
2.31048E+03 -3.52427E-04
2.31060E+03 -6.23602E-04
2.31072E+03 -9.39619E-04
2.31084E+03 -1.11817E-03
2.31096E+03 -9.55340E-04
2.31108E+03 -4.54232E-04
2.31120E+03 1.32550E-04
2.31132E+03 5.08089E-04
2.31144E+03 5.81589E-04
2.31156E+03 5.14802E-04
2.31168E+03 5.12198E-04
2.31180E+03 5.83980E-04
2.31192E+03 5.58503E-04
2.31204E+03 3.06912E-04
2.31216E+03 -6.31921E-05
2.31228E+03 -2.70668E-04
2.31240E+03 -1.57095E-04
2.31252E+03 1.32892E-04
2.31265E+03 2.81028E-04
2.31277E+03 1.04453E-04
2.31289E+03 -3.03786E-04
2.31301E+03 -6.99431E-04
2.31313E+03 -8.98942E-04
2.31325E+03 -8.48386E-04
2.31337E+03 -6.00088E-04
2.31349E+03 -2.95155E-04
2.31361E+03 -9.84110E-05
2.31373E+03 -5.95003E-05
2.31385E+03 -1.03209E-04
2.31397E+03 -1.97951E-04
2.31409E+03 -4.36630E-04
2.31421E+03 -8.77354E-04
2.31433E+03 -1.34673E-03
2.31445E+03 -1.51887E-03
2.31457E+03 -1.24480E-03
2.31469E+03 -7.43601E-04
2.31481E+03 -3.94680E-04
2.31494E+03 -3.53869E-04
2.31506E+03 -4.32108E-04
2.31518E+03 -3.35164E-04
2.31530E+03 6.01523E-05
2.31542E+03 6.27987E-04
2.31554E+03 1.07281E-03
2.31566E+03 1.09348E-03
2.31578E+03 5.96032E-04
2.31590E+03 -2.26650E-04
2.31602E+03 -9.81528E-04
2.31614E+03 -1.28457E-03
2.31626E+03 -1.04483E-03
2.31638E+03 -6.05259E-04
2.31650E+03 -4.64346E-04
2.31662E+03 -7.91963E-04
2.31674E+03 -1.27983E-03
2.31686E+03 -1.47670E-03
2.31698E+03 -1.22092E-03
2.31711E+03 -7.35283E-04
2.31723E+03 -3.65816E-04
2.31735E+03 -3.09382E-04
2.31747E+03 -5.29997E-04
2.31759E+03 -8.19050E-04
2.31771E+03 -9.68471E-04
2.31783E+03 -9.20452E-04
2.31795E+03 -7.26070E-04
2.31807E+03 -4.53353E-04
2.31819E+03 -1.92735E-04
2.31831E+03 -6.74166E-05
2.31843E+03 -1.28325E-04
2.31855E+03 -2.48570E-04
2.31867E+03 -2.32495E-04
2.31879E+03 -6.35535E-05
2.31891E+03 4.51319E-05
2.31903E+03 -7.29188E-05
2.31915E+03 -2.69592E-04
2.31928E+03 -2.39283E-04
2.31940E+03 9.27784E-05
2.31952E+03 3.93104E-04
2.31964E+03 2.88900E-04
2.31976E+03 -1.60273E-04
2.31988E+03 -6.14252E-04
2.32000E+03 -8.70734E-04
2.32012E+03 -9.22553E-04
2.32024E+03 -8.15697E-04
2.32036E+03 -6.06865E-04
2.32048E+03 -4.21595E-04
2.32060E+03 -4.03047E-04
2.32072E+03 -5.39280E-04
2.32084E+03 -6.20861E-04
2.32096E+03 -4.75701E-04
2.32108E+03 -2.19367E-04
2.32120E+03 -1.67925E-04
2.32132E+03 -5.01923E-04
2.32145E+03 -1.00387E-03
2.32157E+03 -1.18653E-03
2.32169E+03 -8.45037E-04
2.32181E+03 -2.90379E-04
2.32193E+03 2.81744E-05
2.32205E+03 -1.07605E-04
2.32217E+03 -5.55310E-04
2.32229E+03 -9.58107E-04
2.32241E+03 -1.06273E-03
2.32253E+03 -8.94301E-04
2.32265E+03 -6.32558E-04
2.32277E+03 -4.21923E-04
2.32289E+03 -3.20740E-04
2.32301E+03 -3.58377E-04
2.32313E+03 -5.38077E-04
2.32325E+03 -7.53120E-04
2.32337E+03 -7.76909E-04
2.32349E+03 -4.90140E-04
2.32361E+03 -9.04128E-05
2.32374E+03 1.56071E-04
2.32386E+03 1.98785E-04
2.32398E+03 1.12001E-04
2.32410E+03 -1.01093E-04
2.32422E+03 -4.94327E-04
2.32434E+03 -1.01840E-03
2.32446E+03 -1.46992E-03
2.32458E+03 -1.65451E-03
2.32470E+03 -1.56386E-03
2.32482E+03 -1.35731E-03
2.32494E+03 -1.17703E-03
2.32506E+03 -1.04409E-03
2.32518E+03 -8.93608E-04
2.32530E+03 -6.37364E-04
2.32542E+03 -2.57198E-04
2.32554E+03 1.23333E-04
2.32566E+03 3.34688E-04
2.32578E+03 2.96116E-04
2.32591E+03 3.04207E-05
2.32603E+03 -3.57468E-04
2.32615E+03 -7.08207E-04
2.32627E+03 -8.59760E-04
2.32639E+03 -7.08785E-04
2.32651E+03 -3.08335E-04
2.32663E+03 1.20372E-04
2.32675E+03 3.97127E-04
2.32687E+03 5.89497E-04
2.32699E+03 8.87714E-04
2.32711E+03 1.28070E-03
2.32723E+03 1.41335E-03
2.32735E+03 1.03089E-03
2.32747E+03 4.00934E-04
2.32759E+03 -1.07463E-04
2.32771E+03 -3.95529E-04
2.32783E+03 -5.26387E-04
2.32795E+03 -5.38107E-04
2.32808E+03 -4.28330E-04
2.32820E+03 -2.33315E-04
2.32832E+03 -2.41920E-05
2.32844E+03 1.54316E-04
2.32856E+03 2.71074E-04
2.32868E+03 2.74759E-04
2.32880E+03 1.32021E-04
2.32892E+03 -8.63597E-05
2.32904E+03 -2.17613E-04
2.32916E+03 -2.01330E-04
2.32928E+03 -1.31976E-04
2.32940E+03 -2.00421E-05
2.32952E+03 2.21331E-04
2.32964E+03 5.34829E-04
2.32976E+03 6.69964E-04
2.32988E+03 4.98291E-04
2.33000E+03 2.67074E-04
2.33012E+03 2.80332E-04
2.33025E+03 4.35956E-04
2.33037E+03 3.28202E-04
2.33049E+03 -1.41170E-04
2.33061E+03 -5.14206E-04
2.33073E+03 -2.59098E-04
2.33085E+03 5.26175E-04
2.33097E+03 9.38479E-04
2.33109E+03 4.59362E-04
2.33121E+03 -3.14042E-04
2.33133E+03 -6.93381E-04
2.33145E+03 -5.81712E-04
2.33157E+03 -2.85223E-04
2.33169E+03 -9.16608E-05
2.33181E+03 -5.50523E-05
2.33193E+03 -1.59983E-04
2.33205E+03 -4.54970E-04
2.33217E+03 -8.76267E-04
2.33229E+03 -1.11522E-03
2.33242E+03 -8.46256E-04
2.33254E+03 -4.39808E-05
2.33266E+03 8.44005E-04
2.33278E+03 1.12012E-03
2.33290E+03 6.98294E-04
2.33302E+03 1.84130E-04
2.33314E+03 -4.88758E-06
2.33326E+03 1.03198E-04
2.33338E+03 2.52791E-04
2.33350E+03 2.57887E-04
2.33362E+03 1.74135E-04
2.33374E+03 1.73159E-04
2.33386E+03 2.73418E-04
2.33398E+03 2.80373E-04
2.33410E+03 3.02196E-05
2.33422E+03 -4.01150E-04
2.33434E+03 -7.60112E-04
2.33446E+03 -8.38168E-04
2.33459E+03 -7.07969E-04
2.33471E+03 -6.23997E-04
2.33483E+03 -6.43227E-04
2.33495E+03 -6.65694E-04
2.33507E+03 -6.36093E-04
2.33519E+03 -5.59740E-04
2.33531E+03 -4.28244E-04
2.33543E+03 -2.07923E-04
2.33555E+03 9.33632E-05
2.33567E+03 4.00480E-04
2.33579E+03 6.50842E-04
2.33591E+03 8.39263E-04
2.33603E+03 9.50597E-04
2.33615E+03 8.86355E-04
2.33627E+03 5.69955E-04
2.33639E+03 1.70223E-04
2.33651E+03 -7.22371E-05
2.33663E+03 -1.65075E-04
2.33676E+03 -2.45158E-04
2.33688E+03 -3.56436E-04
2.33700E+03 -4.16808E-04
2.33712E+03 -3.66922E-04
2.33724E+03 -2.93341E-04
2.33736E+03 -3.23590E-04
2.33748E+03 -4.22336E-04
2.33760E+03 -3.79801E-04
2.33772E+03 -3.15793E-05
2.33784E+03 5.51827E-04
2.33796E+03 1.01960E-03
2.33808E+03 1.00023E-03
2.33820E+03 5.65890E-04
2.33832E+03 4.22485E-05
2.33844E+03 -4.17180E-04
2.33856E+03 -7.24167E-04
2.33868E+03 -7.23779E-04
2.33880E+03 -3.69556E-04
2.33893E+03 6.11544E-05
2.33905E+03 1.29309E-04
2.33917E+03 -3.18676E-04
2.33929E+03 -9.46209E-04
2.33941E+03 -1.26262E-03
2.33953E+03 -1.04624E-03
2.33965E+03 -4.74915E-04
2.33977E+03 -1.30124E-05
2.33989E+03 3.16389E-05
2.34001E+03 -2.26915E-04
2.34013E+03 -5.60146E-04
2.34025E+03 -8.17522E-04
2.34037E+03 -8.75298E-04
2.34049E+03 -6.75920E-04
2.34061E+03 -3.09821E-04
2.34073E+03 1.94609E-05
2.34085E+03 1.25103E-04
2.34097E+03 -1.83694E-05
2.34109E+03 -2.38866E-04
2.34122E+03 -2.65319E-04
2.34134E+03 8.14423E-05
2.34146E+03 5.74190E-04
2.34158E+03 6.88531E-04
2.34170E+03 3.23284E-04
2.34182E+03 -1.28523E-04
2.34194E+03 -3.07929E-04
2.34206E+03 -2.07771E-04
2.34218E+03 -1.02919E-04
2.34230E+03 -1.85598E-04
2.34242E+03 -3.54826E-04
2.34254E+03 -4.19494E-04
2.34266E+03 -3.37750E-04
2.34278E+03 -1.45338E-04
2.34290E+03 1.87688E-04
2.34302E+03 6.02309E-04
2.34314E+03 7.37224E-04
2.34326E+03 3.26600E-04
2.34339E+03 -3.15037E-04
2.34351E+03 -6.76420E-04
2.34363E+03 -5.81346E-04
2.34375E+03 -2.75593E-04
2.34387E+03 -9.45702E-05
2.34399E+03 -8.19340E-05
2.34411E+03 -8.06153E-05
2.34423E+03 -7.48895E-05
2.34435E+03 -2.10524E-04
2.34447E+03 -5.18560E-04
2.34459E+03 -7.94452E-04
2.34471E+03 -8.04242E-04
2.34483E+03 -5.81067E-04
2.34495E+03 -3.55527E-04
2.34507E+03 -2.52981E-04
2.34519E+03 -2.70065E-04
2.34531E+03 -3.74746E-04
2.34543E+03 -4.98034E-04
2.34556E+03 -5.41069E-04
2.34568E+03 -4.86195E-04
2.34580E+03 -4.42274E-04
2.34592E+03 -4.98582E-04
2.34604E+03 -5.72205E-04
2.34616E+03 -4.89607E-04
2.34628E+03 -2.20954E-04
2.34640E+03 2.74070E-05
2.34652E+03 2.97166E-05
2.34664E+03 -2.05047E-04
2.34676E+03 -5.12887E-04
2.34688E+03 -7.65678E-04
2.34700E+03 -9.16634E-04
2.34712E+03 -9.63368E-04
2.34724E+03 -8.99754E-04
2.34736E+03 -6.96994E-04
2.34748E+03 -3.51131E-04
2.34760E+03 3.46079E-05
2.34773E+03 2.49036E-04
2.34785E+03 1.44903E-04
2.34797E+03 -1.52569E-04
2.34809E+03 -3.06785E-04
2.34821E+03 -1.78453E-04
2.34833E+03 -6.96629E-07
2.34845E+03 -8.07643E-05
2.34857E+03 -4.30055E-04
2.34869E+03 -7.32061E-04
2.34881E+03 -6.99110E-04
2.34893E+03 -3.96039E-04
2.34905E+03 -1.33190E-04
2.34917E+03 -1.18453E-04
2.34929E+03 -2.83998E-04
2.34941E+03 -4.28319E-04
2.34953E+03 -4.63810E-04
2.34965E+03 -4.66149E-04
2.34977E+03 -5.02616E-04
2.34990E+03 -4.97106E-04
2.35002E+03 -3.08935E-04
2.35014E+03 7.41594E-05
2.35026E+03 4.60755E-04
2.35038E+03 6.07233E-04
2.35050E+03 3.98103E-04
2.35062E+03 -1.11878E-04
2.35074E+03 -7.35663E-04
2.35086E+03 -1.20668E-03
2.35098E+03 -1.28532E-03
2.35110E+03 -9.32503E-04
2.35122E+03 -3.83541E-04
2.35134E+03 2.97166E-05
2.35146E+03 1.69985E-04
2.35158E+03 1.46724E-04
2.35170E+03 6.25029E-05
2.35182E+03 -1.65064E-04
2.35194E+03 -6.23357E-04
2.35206E+03 -1.14064E-03
2.35219E+03 -1.40340E-03
2.35231E+03 -1.30387E-03
2.35243E+03 -1.03877E-03
2.35255E+03 -8.84999E-04
2.35267E+03 -9.05454E-04
2.35279E+03 -9.10882E-04
2.35291E+03 -7.12514E-04
2.35303E+03 -3.14370E-04
2.35315E+03 1.27438E-04
2.35327E+03 4.22113E-04
2.35339E+03 4.74997E-04
2.35351E+03 3.60098E-04
2.35363E+03 2.40665E-04
2.35375E+03 2.38676E-04
2.35387E+03 3.69139E-04
2.35399E+03 5.22155E-04
2.35411E+03 5.44712E-04
2.35423E+03 4.04328E-04
2.35436E+03 2.30953E-04
2.35448E+03 1.69411E-04
2.35460E+03 2.24158E-04
2.35472E+03 2.38679E-04
2.35484E+03 5.24074E-05
2.35496E+03 -2.86065E-04
2.35508E+03 -5.59971E-04
2.35520E+03 -6.04261E-04
2.35532E+03 -3.80546E-04
2.35544E+03 2.19718E-05
2.35556E+03 4.15348E-04
2.35568E+03 6.62085E-04
2.35580E+03 8.05806E-04
2.35592E+03 9.79166E-04
2.35604E+03 1.17011E-03
2.35616E+03 1.12175E-03
2.35628E+03 5.92917E-04
2.35640E+03 -2.04626E-04
2.35653E+03 -8.14721E-04
2.35665E+03 -1.08120E-03
2.35677E+03 -1.09356E-03
2.35689E+03 -9.34668E-04
2.35701E+03 -6.42128E-04
2.35713E+03 -2.93907E-04
2.35725E+03 7.72998E-06
2.35737E+03 2.29206E-04
2.35749E+03 3.99474E-04
2.35761E+03 4.84072E-04
2.35773E+03 3.69824E-04
2.35785E+03 8.76710E-05
2.35797E+03 -1.66826E-04
2.35809E+03 -3.13520E-04
2.35821E+03 -4.66537E-04
2.35833E+03 -7.66229E-04
2.35845E+03 -1.17984E-03
2.35857E+03 -1.48484E-03
2.35870E+03 -1.45169E-03
2.35882E+03 -9.46779E-04
2.35894E+03 2.05822E-05
2.35906E+03 1.05514E-03
2.35918E+03 1.38587E-03
2.35930E+03 7.62753E-04
2.35942E+03 -1.95753E-04
2.35954E+03 -8.08682E-04
2.35966E+03 -8.29883E-04
2.35978E+03 -4.69849E-04
2.35990E+03 -1.59714E-04
2.36002E+03 -1.02639E-04
2.36014E+03 -1.30415E-04
2.36026E+03 1.55456E-05
2.36038E+03 3.57702E-04
2.36050E+03 5.42480E-04
2.36062E+03 2.42550E-04
2.36074E+03 -3.26212E-04
2.36087E+03 -7.14522E-04
2.36099E+03 -6.53677E-04
2.36111E+03 -1.86346E-04
2.36123E+03 3.27300E-04
2.36135E+03 5.34832E-04
2.36147E+03 4.67204E-04
2.36159E+03 4.21036E-04
2.36171E+03 5.68748E-04
2.36183E+03 6.86530E-04
2.36195E+03 4.65252E-04
2.36207E+03 8.16621E-05
2.36219E+03 -1.28932E-04
2.36231E+03 -1.49168E-04
2.36243E+03 -2.07901E-04
2.36255E+03 -4.44598E-04
2.36267E+03 -6.91690E-04
2.36279E+03 -6.66294E-04
2.36291E+03 -2.98720E-04
2.36304E+03 1.52320E-04
2.36316E+03 2.19151E-04
2.36328E+03 -2.49788E-04
2.36340E+03 -8.49590E-04
2.36352E+03 -1.23684E-03
2.36364E+03 -1.38865E-03
2.36376E+03 -1.40573E-03
2.36388E+03 -1.35306E-03
2.36400E+03 -1.18698E-03
2.36412E+03 -7.81409E-04
2.36424E+03 -5.41881E-05
2.36436E+03 8.08448E-04
2.36448E+03 1.21308E-03
2.36460E+03 7.96940E-04
2.36472E+03 6.75209E-05
2.36484E+03 -3.06070E-04
2.36496E+03 -1.28623E-04
2.36508E+03 3.14727E-04
2.36521E+03 5.24197E-04
2.36533E+03 2.81833E-04
2.36545E+03 -1.50461E-04
2.36557E+03 -3.23936E-04
2.36569E+03 -2.94074E-05
2.36581E+03 4.07279E-04
2.36593E+03 5.23608E-04
2.36605E+03 4.04067E-04
2.36617E+03 3.90276E-04
2.36629E+03 5.91442E-04
2.36641E+03 8.30431E-04
2.36653E+03 9.28432E-04
2.36665E+03 9.89534E-04
2.36677E+03 1.27389E-03
2.36689E+03 1.79283E-03
2.36701E+03 2.04874E-03
2.36713E+03 1.54770E-03
2.36725E+03 5.60522E-04
2.36738E+03 -3.49462E-04
2.36750E+03 -9.44093E-04
2.36762E+03 -1.24843E-03
2.36774E+03 -1.30413E-03
2.36786E+03 -1.07509E-03
2.36798E+03 -5.51213E-04
2.36810E+03 8.82447E-05
2.36822E+03 4.56907E-04
2.36834E+03 3.52807E-04
2.36846E+03 5.67846E-05
2.36858E+03 -1.44556E-04
2.36870E+03 -2.97796E-04
2.36882E+03 -5.59516E-04
2.36894E+03 -8.86016E-04
2.36906E+03 -1.02928E-03
2.36918E+03 -8.22157E-04
2.36930E+03 -3.84726E-04
2.36942E+03 -8.59722E-05
2.36954E+03 -1.76746E-04
2.36967E+03 -4.31288E-04
2.36979E+03 -4.73168E-04
2.36991E+03 -2.10647E-04
2.37003E+03 1.37869E-04
2.37015E+03 2.59407E-04
2.37027E+03 6.29164E-05
2.37039E+03 -2.46111E-04
2.37051E+03 -3.86450E-04
2.37063E+03 -3.03905E-04
2.37075E+03 -2.49874E-04
2.37087E+03 -4.20902E-04
2.37099E+03 -6.98093E-04
2.37111E+03 -8.37665E-04
2.37123E+03 -7.17014E-04
2.37135E+03 -4.33523E-04
2.37147E+03 -2.06035E-04
2.37159E+03 -1.96625E-04
2.37171E+03 -4.14342E-04
2.37184E+03 -6.91831E-04
2.37196E+03 -8.17880E-04
2.37208E+03 -7.60216E-04
2.37220E+03 -6.52384E-04
2.37232E+03 -6.17620E-04
2.37244E+03 -6.43045E-04
2.37256E+03 -5.93536E-04
2.37268E+03 -3.73911E-04
2.37280E+03 -8.75331E-05
2.37292E+03 -1.33477E-05
2.37304E+03 -3.01186E-04
2.37316E+03 -7.30395E-04
2.37328E+03 -9.61471E-04
2.37340E+03 -8.79642E-04
2.37352E+03 -6.37520E-04
2.37364E+03 -4.33207E-04
2.37376E+03 -2.46003E-04
2.37388E+03 1.45148E-04
2.37401E+03 8.12404E-04
2.37413E+03 1.40325E-03
2.37425E+03 1.43659E-03
2.37437E+03 8.39911E-04
2.37449E+03 -1.23680E-05
2.37461E+03 -6.14785E-04
2.37473E+03 -6.83341E-04
2.37485E+03 -3.00813E-04
2.37497E+03 2.41060E-04
2.37509E+03 6.82503E-04
2.37521E+03 9.07838E-04
2.37533E+03 8.74352E-04
2.37545E+03 5.28239E-04
2.37557E+03 -1.10846E-04
2.37569E+03 -8.03772E-04
2.37581E+03 -1.19483E-03
2.37593E+03 -1.13848E-03
2.37605E+03 -8.64904E-04
2.37618E+03 -7.42670E-04
2.37630E+03 -8.82249E-04
2.37642E+03 -1.08450E-03
2.37654E+03 -1.16530E-03
2.37666E+03 -1.12075E-03
2.37678E+03 -9.89024E-04
2.37690E+03 -7.34184E-04
2.37702E+03 -3.46847E-04
2.37714E+03 7.73370E-06
2.37726E+03 6.14263E-05
2.37738E+03 -2.73641E-04
2.37750E+03 -7.80467E-04
2.37762E+03 -1.12291E-03
2.37774E+03 -1.09072E-03
2.37786E+03 -7.34944E-04
2.37798E+03 -3.32721E-04
2.37810E+03 -1.70879E-04
2.37822E+03 -2.88390E-04
2.37834E+03 -4.47072E-04
2.37847E+03 -4.11473E-04
2.37859E+03 -2.01970E-04
2.37871E+03 -2.44156E-05
2.37883E+03 -3.57591E-05
2.37895E+03 -2.29038E-04
2.37907E+03 -4.83111E-04
2.37919E+03 -6.48901E-04
2.37931E+03 -6.18063E-04
2.37943E+03 -3.93543E-04
2.37955E+03 -8.68291E-05
2.37967E+03 2.06970E-04
2.37979E+03 4.94417E-04
2.37991E+03 7.93491E-04
2.38003E+03 9.79304E-04
2.38015E+03 8.62122E-04
2.38027E+03 4.56732E-04
2.38039E+03 3.78825E-05
2.38051E+03 -1.60623E-04
2.38064E+03 -1.83918E-04
2.38076E+03 -2.32570E-04
2.38088E+03 -3.92977E-04
2.38100E+03 -5.97861E-04
2.38112E+03 -7.82166E-04
2.38124E+03 -9.33331E-04
2.38136E+03 -9.87403E-04
2.38148E+03 -8.26973E-04
2.38160E+03 -4.50067E-04
2.38172E+03 -6.34305E-05
2.38184E+03 5.97686E-05
2.38196E+03 -1.97172E-04
2.38208E+03 -7.07839E-04
2.38220E+03 -1.22290E-03
2.38232E+03 -1.52064E-03
2.38244E+03 -1.50380E-03
2.38256E+03 -1.21935E-03
2.38268E+03 -8.13033E-04
2.38281E+03 -4.48555E-04
2.38293E+03 -2.47773E-04
2.38305E+03 -2.64704E-04
2.38317E+03 -4.55562E-04
2.38329E+03 -6.67274E-04
2.38341E+03 -7.29665E-04
2.38353E+03 -6.19084E-04
2.38365E+03 -5.04244E-04
2.38377E+03 -5.71415E-04
2.38389E+03 -8.14099E-04
2.38401E+03 -1.04677E-03
2.38413E+03 -1.11068E-03
2.38425E+03 -1.00832E-03
2.38437E+03 -8.49530E-04
2.38449E+03 -7.36617E-04
2.38461E+03 -7.19801E-04
2.38473E+03 -7.98490E-04
2.38485E+03 -9.11955E-04
2.38498E+03 -9.59914E-04
2.38510E+03 -8.92401E-04
2.38522E+03 -7.76712E-04
2.38534E+03 -7.23440E-04
2.38546E+03 -7.31856E-04
2.38558E+03 -6.65247E-04
2.38570E+03 -4.26602E-04
2.38582E+03 -1.22067E-04
2.38594E+03 2.41101E-05
2.38606E+03 -8.27536E-05
2.38618E+03 -2.99975E-04
2.38630E+03 -4.53141E-04
2.38642E+03 -5.55448E-04
2.38654E+03 -7.44637E-04
2.38666E+03 -1.03034E-03
2.38678E+03 -1.23518E-03
2.38690E+03 -1.22583E-03
2.38702E+03 -1.09221E-03
2.38715E+03 -1.00430E-03
2.38727E+03 -9.66106E-04
2.38739E+03 -8.38321E-04
2.38751E+03 -5.84893E-04
2.38763E+03 -3.62236E-04
2.38775E+03 -3.17276E-04
2.38787E+03 -3.96676E-04
2.38799E+03 -4.36466E-04
2.38811E+03 -3.86402E-04
2.38823E+03 -3.57516E-04
2.38835E+03 -4.55055E-04
2.38847E+03 -6.33560E-04
2.38859E+03 -7.37395E-04
2.38871E+03 -6.50711E-04
2.38883E+03 -3.96889E-04
2.38895E+03 -1.21579E-04
2.38907E+03 7.19726E-06
2.38919E+03 -9.92268E-05
2.38932E+03 -3.94437E-04
2.38944E+03 -7.40036E-04
2.38956E+03 -9.78604E-04
2.38968E+03 -1.01686E-03
2.38980E+03 -8.83542E-04
2.38992E+03 -7.23153E-04
2.39004E+03 -6.96190E-04
2.39016E+03 -8.44285E-04
2.39028E+03 -1.04944E-03
2.39040E+03 -1.13939E-03
2.39052E+03 -1.03229E-03
2.39064E+03 -7.91132E-04
2.39076E+03 -5.79942E-04
2.39088E+03 -5.72126E-04
2.39100E+03 -8.27219E-04
2.39112E+03 -1.19764E-03
2.39124E+03 -1.40842E-03
2.39136E+03 -1.31359E-03
2.39149E+03 -1.05581E-03
2.39161E+03 -8.90817E-04
2.39173E+03 -8.74069E-04
2.39185E+03 -8.39800E-04
2.39197E+03 -7.02634E-04
2.39209E+03 -6.23565E-04
2.39221E+03 -7.77319E-04
2.39233E+03 -1.07441E-03
2.39245E+03 -1.27285E-03
2.39257E+03 -1.31417E-03
2.39269E+03 -1.36777E-03
2.39281E+03 -1.52164E-03
2.39293E+03 -1.60839E-03
2.39305E+03 -1.44846E-03
2.39317E+03 -1.15455E-03
2.39329E+03 -1.04026E-03
2.39341E+03 -1.23903E-03
2.39353E+03 -1.52842E-03
2.39366E+03 -1.56844E-03
2.39378E+03 -1.25981E-03
2.39390E+03 -8.43234E-04
2.39402E+03 -6.71476E-04
2.39414E+03 -8.91380E-04
2.39426E+03 -1.32228E-03
2.39438E+03 -1.62937E-03
2.39450E+03 -1.61816E-03
2.39462E+03 -1.35230E-03
2.39474E+03 -9.99819E-04
2.39486E+03 -6.41137E-04
2.39498E+03 -2.82723E-04
2.39510E+03 1.43498E-05
2.39522E+03 1.34476E-04
2.39534E+03 4.13954E-05
2.39546E+03 -2.11660E-04
2.39558E+03 -5.96188E-04
2.39570E+03 -1.11633E-03
2.39582E+03 -1.63550E-03
2.39595E+03 -1.85782E-03
2.39607E+03 -1.62238E-03
2.39619E+03 -1.14411E-03
2.39631E+03 -8.09349E-04
2.39643E+03 -7.62966E-04
2.39655E+03 -8.41971E-04
2.39667E+03 -8.88612E-04
2.39679E+03 -9.31475E-04
2.39691E+03 -1.00869E-03
2.39703E+03 -1.01663E-03
2.39715E+03 -8.81650E-04
2.39727E+03 -7.46481E-04
2.39739E+03 -7.97100E-04
2.39751E+03 -9.69071E-04
2.39763E+03 -1.02301E-03
2.39775E+03 -9.05570E-04
2.39787E+03 -8.42202E-04
2.39799E+03 -1.00528E-03
2.39812E+03 -1.24271E-03
2.39824E+03 -1.24934E-03
2.39836E+03 -9.18850E-04
2.39848E+03 -4.24430E-04
2.39860E+03 -1.67936E-05
2.39872E+03 1.57215E-04
2.39884E+03 9.29050E-05
2.39896E+03 -7.55824E-05
2.39908E+03 -1.44009E-04
2.39920E+03 -3.30247E-05
2.39932E+03 7.59475E-05
2.39944E+03 -9.92864E-05
2.39956E+03 -5.75110E-04
2.39968E+03 -1.02468E-03
2.39980E+03 -1.12673E-03
2.39992E+03 -9.34720E-04
2.40004E+03 -7.86498E-04
2.40016E+03 -8.81188E-04
2.40029E+03 -1.06598E-03
2.40041E+03 -1.05872E-03
2.40053E+03 -7.69809E-04
2.40065E+03 -3.39851E-04
2.40077E+03 5.04889E-05
2.40089E+03 2.88967E-04
2.40101E+03 2.98891E-04
2.40113E+03 3.16203E-05
2.40125E+03 -4.23808E-04
2.40137E+03 -7.99015E-04
2.40149E+03 -8.37866E-04
2.40161E+03 -5.36576E-04
2.40173E+03 -1.55266E-04
2.40185E+03 2.56784E-05
2.40197E+03 -7.48485E-05
2.40209E+03 -3.31756E-04
2.40221E+03 -5.80251E-04
2.40233E+03 -7.31591E-04
2.40246E+03 -7.92686E-04
2.40258E+03 -8.31176E-04
2.40270E+03 -9.11914E-04
2.40282E+03 -1.02330E-03
2.40294E+03 -1.06948E-03
2.40306E+03 -9.78302E-04
2.40318E+03 -8.24459E-04
2.40330E+03 -8.04510E-04
2.40342E+03 -1.06228E-03
2.40354E+03 -1.53924E-03
2.40366E+03 -1.98963E-03
2.40378E+03 -2.13431E-03
2.40390E+03 -1.83870E-03
2.40402E+03 -1.22004E-03
2.40414E+03 -6.07256E-04
2.40426E+03 -3.25721E-04
2.40438E+03 -4.41372E-04
2.40450E+03 -7.10823E-04
2.40462E+03 -8.19113E-04
2.40475E+03 -6.79228E-04
2.40487E+03 -4.94257E-04
2.40499E+03 -5.39321E-04
2.40511E+03 -8.91827E-04
2.40523E+03 -1.34506E-03
2.40535E+03 -1.56191E-03
2.40547E+03 -1.35282E-03
2.40559E+03 -8.56109E-04
2.40571E+03 -4.32301E-04
2.40583E+03 -3.30411E-04
2.40595E+03 -4.62107E-04
2.40607E+03 -5.46258E-04
2.40619E+03 -4.47296E-04
2.40631E+03 -2.79490E-04
2.40643E+03 -1.87147E-04
2.40655E+03 -1.63179E-04
2.40667E+03 -1.55512E-04
2.40679E+03 -2.16611E-04
2.40692E+03 -3.94072E-04
2.40704E+03 -5.52438E-04
2.40716E+03 -5.09676E-04
2.40728E+03 -3.57356E-04
2.40740E+03 -4.26520E-04
2.40752E+03 -8.35195E-04
2.40764E+03 -1.25290E-03
2.40776E+03 -1.29161E-03
2.40788E+03 -1.01062E-03
2.40800E+03 -8.10385E-04
2.40812E+03 -8.77205E-04
2.40824E+03 -9.89921E-04
2.40836E+03 -9.21190E-04
2.40848E+03 -7.69187E-04
2.40860E+03 -7.26160E-04
2.40872E+03 -7.11828E-04
2.40884E+03 -4.85145E-04
2.40896E+03 -4.69573E-05
2.40909E+03 3.24704E-04
2.40921E+03 4.54661E-04
2.40933E+03 4.63471E-04
2.40945E+03 4.80853E-04
2.40957E+03 3.87166E-04
2.40969E+03 1.06059E-05
2.40981E+03 -5.41814E-04
2.40993E+03 -9.59754E-04
2.41005E+03 -1.12145E-03
2.41017E+03 -1.19807E-03
2.41029E+03 -1.34200E-03
2.41041E+03 -1.44802E-03
2.41053E+03 -1.33932E-03
2.41065E+03 -1.07385E-03
2.41077E+03 -9.05413E-04
2.41089E+03 -9.64031E-04
2.41101E+03 -1.11019E-03
2.41113E+03 -1.13299E-03
2.41126E+03 -9.93267E-04
2.41138E+03 -8.15466E-04
2.41150E+03 -7.09459E-04
2.41162E+03 -6.83520E-04
2.41174E+03 -7.10860E-04
2.41186E+03 -7.92660E-04
2.41198E+03 -9.18534E-04
2.41210E+03 -1.00983E-03
2.41222E+03 -9.67264E-04
2.41234E+03 -7.97056E-04
2.41246E+03 -6.55383E-04
2.41258E+03 -7.13900E-04
2.41270E+03 -9.61665E-04
2.41282E+03 -1.18335E-03
2.41294E+03 -1.18400E-03
2.41306E+03 -1.00996E-03
2.41318E+03 -8.73037E-04
2.41330E+03 -8.59935E-04
2.41343E+03 -8.28825E-04
2.41355E+03 -6.58002E-04
2.41367E+03 -4.80667E-04
2.41379E+03 -5.15949E-04
2.41391E+03 -7.10081E-04
2.41403E+03 -7.44533E-04
2.41415E+03 -4.71819E-04
2.41427E+03 -1.84797E-04
2.41439E+03 -3.06807E-04
2.41451E+03 -8.78431E-04
2.41463E+03 -1.48869E-03
2.41475E+03 -1.69817E-03
2.41487E+03 -1.42315E-03
2.41499E+03 -9.22937E-04
2.41511E+03 -5.40633E-04
2.41523E+03 -4.79747E-04
2.41535E+03 -7.14824E-04
2.41547E+03 -1.04478E-03
2.41560E+03 -1.27332E-03
2.41572E+03 -1.36362E-03
2.41584E+03 -1.38263E-03
2.41596E+03 -1.33499E-03
2.41608E+03 -1.17557E-03
2.41620E+03 -9.85019E-04
2.41632E+03 -9.55690E-04
2.41644E+03 -1.11548E-03
2.41656E+03 -1.21504E-03
2.41668E+03 -1.02947E-03
2.41680E+03 -6.64718E-04
2.41692E+03 -4.00607E-04
2.41704E+03 -3.12351E-04
2.41716E+03 -2.51114E-04
2.41728E+03 -1.54890E-04
2.41740E+03 -1.32836E-04
2.41752E+03 -2.06392E-04
2.41764E+03 -2.17784E-04
2.41777E+03 -1.24313E-04
2.41789E+03 -1.76538E-04
2.41801E+03 -5.99701E-04
2.41813E+03 -1.21377E-03
2.41825E+03 -1.58385E-03
2.41837E+03 -1.50112E-03
2.41849E+03 -1.12990E-03
2.41861E+03 -7.25113E-04
2.41873E+03 -4.23983E-04
2.41885E+03 -3.22271E-04
2.41897E+03 -4.93400E-04
2.41909E+03 -7.99395E-04
2.41921E+03 -8.78774E-04
2.41933E+03 -5.30176E-04
2.41945E+03 -2.21580E-05
2.41957E+03 1.72518E-04
2.41969E+03 -8.43219E-05
2.41981E+03 -4.76815E-04
2.41994E+03 -6.65843E-04
2.42006E+03 -6.15668E-04
2.42018E+03 -4.59250E-04
2.42030E+03 -2.47832E-04
2.42042E+03 1.03563E-06
2.42054E+03 1.33749E-04
2.42066E+03 -1.42045E-05
2.42078E+03 -3.34147E-04
2.42090E+03 -4.94841E-04
2.42102E+03 -3.62750E-04
2.42114E+03 -2.36418E-04
2.42126E+03 -5.15711E-04
2.42138E+03 -1.20283E-03
2.42150E+03 -1.87290E-03
2.42162E+03 -2.13170E-03
2.42174E+03 -1.97297E-03
2.42186E+03 -1.66383E-03
2.42198E+03 -1.42351E-03
2.42210E+03 -1.29992E-03
2.42223E+03 -1.24806E-03
2.42235E+03 -1.18056E-03
2.42247E+03 -9.74428E-04
2.42259E+03 -5.84859E-04
2.42271E+03 -1.90936E-04
2.42283E+03 -9.91225E-05
2.42295E+03 -4.04235E-04
2.42307E+03 -8.16636E-04
2.42319E+03 -9.41031E-04
2.42331E+03 -7.12056E-04
2.42343E+03 -4.58319E-04
2.42355E+03 -5.24536E-04
2.42367E+03 -9.14969E-04
2.42379E+03 -1.34015E-03
2.42391E+03 -1.52617E-03
2.42403E+03 -1.40681E-03
2.42415E+03 -1.08137E-03
2.42427E+03 -7.00112E-04
2.42440E+03 -3.96717E-04
2.42452E+03 -2.43917E-04
2.42464E+03 -2.31061E-04
2.42476E+03 -3.15871E-04
2.42488E+03 -5.00917E-04
2.42500E+03 -7.98844E-04
2.42512E+03 -1.11031E-03
2.42524E+03 -1.22480E-03
2.42536E+03 -1.01792E-03
2.42548E+03 -6.08400E-04
2.42560E+03 -2.48097E-04
2.42572E+03 -8.04923E-05
2.42584E+03 -7.57761E-05
2.42596E+03 -1.74083E-04
2.42608E+03 -3.84416E-04
2.42620E+03 -7.10245E-04
2.42632E+03 -1.05688E-03
2.42644E+03 -1.27483E-03
2.42657E+03 -1.26959E-03
2.42669E+03 -1.04887E-03
2.42681E+03 -7.10078E-04
2.42693E+03 -4.09387E-04
2.42705E+03 -2.83908E-04
2.42717E+03 -3.48061E-04
2.42729E+03 -5.02314E-04
2.42741E+03 -6.78249E-04
2.42753E+03 -9.07879E-04
2.42765E+03 -1.18820E-03
2.42777E+03 -1.36856E-03
2.42789E+03 -1.30976E-03
2.42801E+03 -1.12029E-03
2.42813E+03 -1.06698E-03
2.42825E+03 -1.21567E-03
2.42837E+03 -1.32294E-03
2.42849E+03 -1.18569E-03
2.42861E+03 -9.67514E-04
2.42874E+03 -1.01047E-03
2.42886E+03 -1.36619E-03
2.42898E+03 -1.68540E-03
2.42910E+03 -1.60863E-03
2.42922E+03 -1.14764E-03
2.42934E+03 -6.27946E-04
2.42946E+03 -3.43956E-04
2.42958E+03 -3.47469E-04
2.42970E+03 -5.14742E-04
2.42982E+03 -7.11974E-04
2.42994E+03 -8.81139E-04
2.43006E+03 -1.02702E-03
2.43018E+03 -1.15865E-03
2.43030E+03 -1.25038E-03
2.43042E+03 -1.27617E-03
2.43054E+03 -1.27852E-03
2.43066E+03 -1.35198E-03
2.43078E+03 -1.51564E-03
2.43091E+03 -1.63750E-03
2.43103E+03 -1.54907E-03
2.43115E+03 -1.23018E-03
2.43127E+03 -8.28352E-04
2.43139E+03 -5.03864E-04
2.43151E+03 -3.23754E-04
2.43163E+03 -3.08461E-04
2.43175E+03 -4.76092E-04
2.43187E+03 -7.66531E-04
2.43199E+03 -9.91959E-04
2.43211E+03 -9.82292E-04
2.43223E+03 -7.84457E-04
2.43235E+03 -6.29060E-04
2.43247E+03 -6.74590E-04
2.43259E+03 -8.57424E-04
2.43271E+03 -1.02720E-03
2.43283E+03 -1.14378E-03
2.43295E+03 -1.25381E-03
2.43307E+03 -1.32618E-03
2.43320E+03 -1.23339E-03
2.43332E+03 -9.12316E-04
2.43344E+03 -4.56788E-04
2.43356E+03 -2.16849E-05
2.43368E+03 2.90502E-04
2.43380E+03 4.11969E-04
2.43392E+03 2.93761E-04
2.43404E+03 -7.78586E-06
2.43416E+03 -2.77597E-04
2.43428E+03 -3.29740E-04
2.43440E+03 -2.42911E-04
2.43452E+03 -3.03373E-04
2.43464E+03 -6.68101E-04
2.43476E+03 -1.18252E-03
2.43488E+03 -1.57954E-03
2.43500E+03 -1.74385E-03
2.43512E+03 -1.68388E-03
2.43524E+03 -1.36220E-03
2.43537E+03 -7.54442E-04
2.43549E+03 -6.91265E-05
2.43561E+03 3.08532E-04
2.43573E+03 2.07298E-04
2.43585E+03 -1.04871E-04
2.43597E+03 -2.33259E-04
2.43609E+03 -1.24007E-04
2.43621E+03 -6.10463E-05
2.43633E+03 -2.37163E-04
2.43645E+03 -5.06561E-04
2.43657E+03 -6.26087E-04
2.43669E+03 -5.90306E-04
2.43681E+03 -5.93096E-04
2.43693E+03 -7.31770E-04
2.43705E+03 -9.04419E-04
2.43717E+03 -1.00541E-03
2.43729E+03 -1.08002E-03
2.43741E+03 -1.21219E-03
2.43754E+03 -1.35110E-03
2.43766E+03 -1.35779E-03
2.43778E+03 -1.19891E-03
2.43790E+03 -9.95047E-04
2.43802E+03 -8.63221E-04
2.43814E+03 -8.00271E-04
2.43826E+03 -7.68829E-04
2.43838E+03 -8.18182E-04
2.43850E+03 -1.02102E-03
2.43862E+03 -1.31641E-03
2.43874E+03 -1.52355E-03
2.43886E+03 -1.53356E-03
2.43898E+03 -1.39201E-03
2.43910E+03 -1.15484E-03
2.43922E+03 -7.89259E-04
2.43934E+03 -3.36312E-04
2.43946E+03 -7.23861E-05
2.43958E+03 -2.87924E-04
2.43971E+03 -8.71021E-04
2.43983E+03 -1.31471E-03
2.43995E+03 -1.27467E-03
2.44007E+03 -9.90476E-04
2.44019E+03 -9.69157E-04
2.44031E+03 -1.31137E-03
2.44043E+03 -1.57582E-03
2.44055E+03 -1.35117E-03
2.44067E+03 -7.58417E-04
2.44079E+03 -2.56825E-04
2.44091E+03 -8.47466E-05
2.44103E+03 -8.26679E-05
2.44115E+03 -3.84450E-05
2.44127E+03 -1.39512E-05
2.44139E+03 -2.36142E-04
2.44151E+03 -7.46410E-04
2.44163E+03 -1.26769E-03
2.44175E+03 -1.44892E-03
2.44188E+03 -1.21435E-03
2.44200E+03 -8.41387E-04
2.44212E+03 -6.75362E-04
2.44224E+03 -7.82836E-04
2.44236E+03 -9.31103E-04
2.44248E+03 -9.08334E-04
2.44260E+03 -7.69626E-04
2.44272E+03 -6.95590E-04
2.44284E+03 -6.97531E-04
2.44296E+03 -6.22720E-04
2.44308E+03 -4.53059E-04
2.44320E+03 -4.24370E-04
2.44332E+03 -7.41318E-04
2.44344E+03 -1.26735E-03
2.44356E+03 -1.61910E-03
2.44368E+03 -1.54264E-03
2.44380E+03 -1.12408E-03
2.44392E+03 -6.62323E-04
2.44405E+03 -4.14737E-04
2.44417E+03 -4.37018E-04
2.44429E+03 -5.64985E-04
2.44441E+03 -5.49674E-04
2.44453E+03 -2.98295E-04
2.44465E+03 6.56396E-06
2.44477E+03 8.88370E-05
2.44489E+03 -1.14743E-04
2.44501E+03 -4.21152E-04
2.44513E+03 -6.65825E-04
2.44525E+03 -8.55532E-04
2.44537E+03 -1.01613E-03
2.44549E+03 -1.03185E-03
2.44561E+03 -7.79103E-04
2.44573E+03 -3.63722E-04
2.44585E+03 -8.90307E-05
2.44597E+03 -1.80490E-04
2.44609E+03 -6.06377E-04
2.44622E+03 -1.13873E-03
2.44634E+03 -1.50559E-03
2.44646E+03 -1.52635E-03
2.44658E+03 -1.23544E-03
2.44670E+03 -8.98842E-04
2.44682E+03 -8.02595E-04
2.44694E+03 -9.81666E-04
2.44706E+03 -1.23107E-03
2.44718E+03 -1.39765E-03
2.44730E+03 -1.54620E-03
2.44742E+03 -1.78194E-03
2.44754E+03 -2.02809E-03
2.44766E+03 -2.09437E-03
2.44778E+03 -1.90245E-03
2.44790E+03 -1.53263E-03
2.44802E+03 -1.09278E-03
2.44814E+03 -6.66618E-04
2.44826E+03 -3.78869E-04
2.44839E+03 -3.66062E-04
2.44851E+03 -6.18093E-04
2.44863E+03 -9.27288E-04
2.44875E+03 -1.06387E-03
2.44887E+03 -9.75788E-04
2.44899E+03 -7.88379E-04
2.44911E+03 -6.44691E-04
2.44923E+03 -5.83902E-04
2.44935E+03 -5.51615E-04
2.44947E+03 -4.85405E-04
2.44959E+03 -3.78929E-04
2.44971E+03 -2.72591E-04
2.44983E+03 -1.93872E-04
2.44995E+03 -1.36834E-04
2.45007E+03 -1.15216E-04
2.45019E+03 -1.85098E-04
2.45031E+03 -3.52532E-04
2.45043E+03 -4.90997E-04
2.45055E+03 -4.56627E-04
2.45068E+03 -3.06919E-04
2.45080E+03 -2.98601E-04
2.45092E+03 -5.92411E-04
2.45104E+03 -1.02713E-03
2.45116E+03 -1.28103E-03
2.45128E+03 -1.23644E-03
2.45140E+03 -1.10307E-03
2.45152E+03 -1.16902E-03
2.45164E+03 -1.48658E-03
2.45176E+03 -1.82368E-03
2.45188E+03 -1.89403E-03
2.45200E+03 -1.63198E-03
2.45212E+03 -1.26795E-03
2.45224E+03 -1.12108E-03
2.45236E+03 -1.28141E-03
2.45248E+03 -1.51299E-03
2.45260E+03 -1.51485E-03
2.45272E+03 -1.24826E-03
2.45285E+03 -9.34530E-04
2.45297E+03 -7.46049E-04
2.45309E+03 -6.14669E-04
2.45321E+03 -3.91308E-04
2.45333E+03 -8.41692E-05
2.45345E+03 1.72682E-04
2.45357E+03 3.22137E-04
2.45369E+03 4.21535E-04
2.45381E+03 4.57212E-04
2.45393E+03 2.86069E-04
2.45405E+03 -1.41948E-04
2.45417E+03 -5.89989E-04
2.45429E+03 -7.29654E-04
2.45441E+03 -5.31852E-04
2.45453E+03 -3.45301E-04
2.45465E+03 -4.99573E-04
2.45477E+03 -9.05093E-04
2.45489E+03 -1.15559E-03
2.45502E+03 -1.01441E-03
2.45514E+03 -6.87044E-04
2.45526E+03 -5.69716E-04
2.45538E+03 -8.14747E-04
2.45550E+03 -1.21458E-03
2.45562E+03 -1.46167E-03
2.45574E+03 -1.43251E-03
2.45586E+03 -1.21960E-03
2.45598E+03 -9.71071E-04
2.45610E+03 -7.50896E-04
2.45622E+03 -5.40394E-04
2.45634E+03 -3.56011E-04
2.45646E+03 -3.45085E-04
2.45658E+03 -6.98000E-04
2.45670E+03 -1.38998E-03
2.45682E+03 -2.04060E-03
2.45694E+03 -2.16020E-03
2.45706E+03 -1.60829E-03
2.45719E+03 -7.51145E-04
2.45731E+03 -1.07791E-04
2.45743E+03 1.11751E-04
2.45755E+03 5.31711E-05
2.45767E+03 -1.01145E-04
2.45779E+03 -3.47584E-04
2.45791E+03 -7.36445E-04
2.45803E+03 -1.16637E-03
2.45815E+03 -1.43378E-03
2.45827E+03 -1.45013E-03
2.45839E+03 -1.31639E-03
2.45851E+03 -1.17645E-03
2.45863E+03 -1.06653E-03
2.45875E+03 -9.34467E-04
2.45887E+03 -7.58477E-04
2.45899E+03 -5.96467E-04
2.45911E+03 -5.25471E-04
2.45923E+03 -5.65093E-04
2.45936E+03 -6.62830E-04
2.45948E+03 -7.29132E-04
2.45960E+03 -6.81501E-04
2.45972E+03 -4.87555E-04
2.45984E+03 -2.00547E-04
2.45996E+03 5.68405E-05
2.46008E+03 1.72425E-04
2.46020E+03 1.27763E-04
2.46032E+03 -2.45236E-05
2.46044E+03 -2.33505E-04
2.46056E+03 -4.71864E-04
2.46068E+03 -6.78755E-04
2.46080E+03 -7.68684E-04
2.46092E+03 -7.36441E-04
2.46104E+03 -6.91365E-04
2.46116E+03 -7.17223E-04
2.46128E+03 -7.42827E-04
2.46140E+03 -6.47463E-04
2.46153E+03 -4.75269E-04
2.46165E+03 -4.22284E-04
2.46177E+03 -5.77617E-04
2.46189E+03 -7.91218E-04
2.46201E+03 -8.68980E-04
2.46213E+03 -8.03914E-04
2.46225E+03 -7.14660E-04
2.46237E+03 -6.35099E-04
2.46249E+03 -5.11970E-04
2.46261E+03 -3.87549E-04
2.46273E+03 -4.11775E-04
2.46285E+03 -6.11018E-04
2.46297E+03 -7.76827E-04
2.46309E+03 -6.95024E-04
2.46321E+03 -4.21979E-04
2.46333E+03 -2.29225E-04
2.46345E+03 -2.97811E-04
2.46357E+03 -5.58767E-04
2.46370E+03 -8.31887E-04
2.46382E+03 -1.02705E-03
2.46394E+03 -1.17508E-03
2.46406E+03 -1.32814E-03
2.46418E+03 -1.48464E-03
2.46430E+03 -1.58921E-03
2.46442E+03 -1.57032E-03
2.46454E+03 -1.38798E-03
2.46466E+03 -1.07305E-03
2.46478E+03 -7.24483E-04
2.46490E+03 -4.63724E-04
2.46502E+03 -3.89006E-04
2.46514E+03 -5.46571E-04
2.46526E+03 -8.92404E-04
2.46538E+03 -1.26409E-03
2.46550E+03 -1.44678E-03
2.46562E+03 -1.34175E-03
2.46574E+03 -1.08328E-03
2.46586E+03 -9.40226E-04
2.46599E+03 -1.05868E-03
2.46611E+03 -1.30677E-03
2.46623E+03 -1.40382E-03
2.46635E+03 -1.21460E-03
2.46647E+03 -8.99270E-04
2.46659E+03 -7.53898E-04
2.46671E+03 -9.09410E-04
2.46683E+03 -1.20611E-03
2.46695E+03 -1.36182E-03
2.46707E+03 -1.24197E-03
2.46719E+03 -9.55835E-04
2.46731E+03 -7.10424E-04
2.46743E+03 -5.98513E-04
2.46755E+03 -5.38606E-04
2.46767E+03 -4.18566E-04
2.46779E+03 -2.81818E-04
2.46791E+03 -3.21001E-04
2.46803E+03 -6.36913E-04
2.46816E+03 -1.03551E-03
2.46828E+03 -1.17465E-03
2.46840E+03 -9.63353E-04
2.46852E+03 -7.19097E-04
2.46864E+03 -8.16133E-04
2.46876E+03 -1.22551E-03
2.46888E+03 -1.54234E-03
2.46900E+03 -1.46961E-03
2.46912E+03 -1.13173E-03
2.46924E+03 -8.62528E-04
2.46936E+03 -8.20898E-04
2.46948E+03 -9.24543E-04
2.46960E+03 -1.05524E-03
2.46972E+03 -1.16998E-03
2.46984E+03 -1.24051E-03
2.46996E+03 -1.23631E-03
2.47008E+03 -1.19892E-03
2.47020E+03 -1.22836E-03
2.47033E+03 -1.35439E-03
2.47045E+03 -1.49006E-03
2.47057E+03 -1.53594E-03
2.47069E+03 -1.46332E-03
2.47081E+03 -1.28319E-03
2.47093E+03 -1.02537E-03
2.47105E+03 -7.82363E-04
2.47117E+03 -6.81639E-04
2.47129E+03 -7.49297E-04
2.47141E+03 -8.66540E-04
2.47153E+03 -9.22408E-04
2.47165E+03 -9.37156E-04
2.47177E+03 -9.62686E-04
2.47189E+03 -9.45322E-04
2.47201E+03 -8.06835E-04
2.47213E+03 -6.09227E-04
2.47225E+03 -4.96361E-04
2.47237E+03 -4.85323E-04
2.47250E+03 -4.65173E-04
2.47262E+03 -4.20921E-04
2.47274E+03 -4.92726E-04
2.47286E+03 -7.27303E-04
2.47298E+03 -9.22114E-04
2.47310E+03 -8.74236E-04
2.47322E+03 -6.99248E-04
2.47334E+03 -7.12112E-04
2.47346E+03 -9.93244E-04
2.47358E+03 -1.25541E-03
2.47370E+03 -1.21724E-03
2.47382E+03 -9.72439E-04
2.47394E+03 -8.70079E-04
2.47406E+03 -1.10375E-03
2.47418E+03 -1.53602E-03
2.47430E+03 -1.89364E-03
2.47442E+03 -2.01796E-03
2.47454E+03 -1.92373E-03
2.47467E+03 -1.73361E-03
2.47479E+03 -1.60152E-03
2.47491E+03 -1.61677E-03
2.47503E+03 -1.72755E-03
2.47515E+03 -1.80849E-03
2.47527E+03 -1.82660E-03
2.47539E+03 -1.85393E-03
2.47551E+03 -1.86825E-03
2.47563E+03 -1.66951E-03
2.47575E+03 -1.13441E-03
2.47587E+03 -4.84504E-04
2.47599E+03 -1.15722E-04
2.47611E+03 -1.52957E-04
2.47623E+03 -3.47119E-04
2.47635E+03 -4.51718E-04
2.47647E+03 -5.09389E-04
2.47659E+03 -6.52894E-04
2.47671E+03 -8.01440E-04
2.47683E+03 -7.67298E-04
2.47696E+03 -5.75453E-04
2.47708E+03 -4.37729E-04
2.47720E+03 -4.12244E-04
2.47732E+03 -3.18319E-04
2.47744E+03 -5.66505E-05
2.47756E+03 1.98171E-04
2.47768E+03 2.50850E-04
2.47780E+03 1.69162E-04
2.47792E+03 1.22510E-04
2.47804E+03 7.20397E-05
2.47816E+03 -1.53564E-04
2.47828E+03 -5.13636E-04
2.47840E+03 -7.50251E-04
2.47852E+03 -7.61580E-04
2.47864E+03 -7.61777E-04
2.47876E+03 -9.36929E-04
2.47888E+03 -1.12306E-03
2.47900E+03 -1.01800E-03
2.47913E+03 -6.10851E-04
2.47925E+03 -1.91703E-04
2.47937E+03 2.76864E-05
2.47949E+03 8.30367E-05
2.47961E+03 4.18797E-05
2.47973E+03 -1.57863E-04
2.47985E+03 -5.09486E-04
2.47997E+03 -7.80132E-04
2.48009E+03 -7.51633E-04
2.48021E+03 -5.52002E-04
2.48033E+03 -5.19138E-04
2.48045E+03 -7.34150E-04
2.48057E+03 -9.04527E-04
2.48069E+03 -7.80664E-04
2.48081E+03 -4.93843E-04
2.48093E+03 -3.33048E-04
2.48105E+03 -3.23713E-04
2.48117E+03 -2.35952E-04
2.48130E+03 2.56114E-05
2.48142E+03 2.44763E-04
2.48154E+03 1.73967E-04
2.48166E+03 -1.73029E-04
2.48178E+03 -5.84044E-04
2.48190E+03 -9.18664E-04
2.48202E+03 -1.18185E-03
2.48214E+03 -1.38843E-03
2.48226E+03 -1.48088E-03
2.48238E+03 -1.41308E-03
2.48250E+03 -1.24376E-03
2.48262E+03 -1.09830E-03
2.48274E+03 -1.05037E-03
2.48286E+03 -1.05353E-03
2.48298E+03 -9.81700E-04
2.48310E+03 -7.47688E-04
2.48322E+03 -4.06902E-04
2.48334E+03 -1.40972E-04
2.48347E+03 -1.11222E-04
2.48359E+03 -3.15383E-04
2.48371E+03 -5.91148E-04
2.48383E+03 -7.57467E-04
2.48395E+03 -7.51752E-04
2.48407E+03 -6.50778E-04
2.48419E+03 -5.85705E-04
2.48431E+03 -6.25946E-04
2.48443E+03 -7.16016E-04
2.48455E+03 -7.29442E-04
2.48467E+03 -6.07181E-04
2.48479E+03 -4.31914E-04
2.48491E+03 -3.31186E-04
2.48503E+03 -3.21124E-04
2.48515E+03 -3.07716E-04
2.48527E+03 -2.52359E-04
2.48539E+03 -2.56877E-04
2.48551E+03 -4.18659E-04
2.48564E+03 -6.46457E-04
2.48576E+03 -7.17543E-04
2.48588E+03 -5.36293E-04
2.48600E+03 -2.64484E-04
2.48612E+03 -1.53285E-04
2.48624E+03 -2.97029E-04
2.48636E+03 -5.96922E-04
2.48648E+03 -9.07838E-04
2.48660E+03 -1.12529E-03
2.48672E+03 -1.15163E-03
2.48684E+03 -9.23581E-04
2.48696E+03 -5.61707E-04
2.48708E+03 -3.96967E-04
2.48720E+03 -6.89488E-04
2.48732E+03 -1.30248E-03
2.48744E+03 -1.77405E-03
2.48756E+03 -1.77485E-03
2.48768E+03 -1.42446E-03
2.48781E+03 -1.09890E-03
2.48793E+03 -1.00712E-03
2.48805E+03 -1.06582E-03
2.48817E+03 -1.14921E-03
2.48829E+03 -1.29701E-03
2.48841E+03 -1.59818E-03
2.48853E+03 -1.95945E-03
2.48865E+03 -2.11425E-03
2.48877E+03 -1.87577E-03
2.48889E+03 -1.32799E-03
2.48901E+03 -7.54256E-04
2.48913E+03 -4.05084E-04
2.48925E+03 -3.35142E-04
2.48937E+03 -4.23752E-04
2.48949E+03 -5.19127E-04
2.48961E+03 -5.70495E-04
2.48973E+03 -6.41923E-04
2.48985E+03 -8.07855E-04
2.48998E+03 -1.04750E-03
2.49010E+03 -1.25323E-03
2.49022E+03 -1.32837E-03
2.49034E+03 -1.24396E-03
2.49046E+03 -1.00578E-03
2.49058E+03 -6.34663E-04
2.49070E+03 -2.36146E-04
2.49082E+03 -4.05535E-05
2.49094E+03 -2.51595E-04
2.49106E+03 -7.98021E-04
2.49118E+03 -1.30490E-03
2.49130E+03 -1.41503E-03
2.49142E+03 -1.15205E-03
2.49154E+03 -8.97273E-04
2.49166E+03 -9.74234E-04
2.49178E+03 -1.30217E-03
2.49190E+03 -1.49535E-03
2.49202E+03 -1.28070E-03
2.49215E+03 -7.80333E-04
2.49227E+03 -3.81388E-04
2.49239E+03 -3.55452E-04
2.49251E+03 -6.20835E-04
2.49263E+03 -8.68741E-04
2.49275E+03 -9.02813E-04
2.49287E+03 -8.26865E-04
2.49299E+03 -8.84399E-04
2.49311E+03 -1.15880E-03
2.49323E+03 -1.49833E-03
2.49335E+03 -1.71748E-03
2.49347E+03 -1.76569E-03
2.49359E+03 -1.66026E-03
2.49371E+03 -1.37476E-03
2.49383E+03 -9.17677E-04
2.49395E+03 -4.67211E-04
2.49407E+03 -2.74397E-04
2.49419E+03 -3.98535E-04
2.49431E+03 -6.32986E-04
2.49444E+03 -7.33525E-04
2.49456E+03 -6.50551E-04
2.49468E+03 -5.02538E-04
2.49480E+03 -4.00972E-04
2.49492E+03 -3.58716E-04
2.49504E+03 -3.13483E-04
2.49516E+03 -1.86432E-04
2.49528E+03 3.47272E-05
2.49540E+03 2.19181E-04
2.49552E+03 1.83873E-04
2.49564E+03 -7.15032E-05
2.49576E+03 -2.77568E-04
2.49588E+03 -1.91614E-04
2.49600E+03 5.76787E-05
2.49612E+03 5.86286E-05
2.49624E+03 -3.88466E-04
2.49636E+03 -9.95297E-04
2.49648E+03 -1.30032E-03
2.49661E+03 -1.17723E-03
2.49673E+03 -9.19230E-04
2.49685E+03 -8.50234E-04
2.49697E+03 -9.94597E-04
2.49709E+03 -1.16462E-03
2.49721E+03 -1.25157E-03
2.49733E+03 -1.30728E-03
2.49745E+03 -1.36992E-03
2.49757E+03 -1.35348E-03
2.49769E+03 -1.18372E-03
2.49781E+03 -9.62749E-04
2.49793E+03 -8.78625E-04
2.49805E+03 -9.56964E-04
2.49817E+03 -1.01170E-03
2.49829E+03 -8.81679E-04
2.49841E+03 -6.17556E-04
2.49853E+03 -3.60414E-04
2.49865E+03 -1.32672E-04
2.49878E+03 1.13361E-04
2.49890E+03 2.81151E-04
2.49902E+03 1.64624E-04
2.49914E+03 -2.49479E-04
2.49926E+03 -6.38828E-04
2.49938E+03 -6.55524E-04
2.49950E+03 -3.14280E-04
2.49962E+03 3.01041E-05
2.49974E+03 7.14697E-05
2.49986E+03 -1.69069E-04
2.49998E+03 -4.61675E-04
2.50010E+03 -6.56970E-04
2.50022E+03 -7.82698E-04
2.50034E+03 -9.14220E-04
2.50046E+03 -1.03228E-03
2.50058E+03 -1.04037E-03
2.50070E+03 -8.92028E-04
2.50082E+03 -6.56273E-04
2.50095E+03 -4.45727E-04
2.50107E+03 -3.19242E-04
2.50119E+03 -2.93516E-04
2.50131E+03 -4.08866E-04
2.50143E+03 -6.85759E-04
2.50155E+03 -1.00177E-03
2.50167E+03 -1.12248E-03
2.50179E+03 -9.36057E-04
2.50191E+03 -5.96274E-04
2.50203E+03 -3.54834E-04
2.50215E+03 -2.99774E-04
2.50227E+03 -3.37288E-04
2.50239E+03 -3.72130E-04
2.50251E+03 -3.83206E-04
2.50263E+03 -3.50401E-04
2.50275E+03 -2.51323E-04
2.50287E+03 -1.48289E-04
2.50299E+03 -1.47272E-04
2.50311E+03 -2.31385E-04
2.50324E+03 -2.57488E-04
2.50336E+03 -1.69389E-04
2.50348E+03 -9.53265E-05
2.50360E+03 -1.63704E-04
2.50372E+03 -3.34702E-04
2.50384E+03 -4.97010E-04
2.50396E+03 -6.17813E-04
2.50408E+03 -6.95854E-04
2.50420E+03 -6.82604E-04
2.50432E+03 -5.83097E-04
2.50444E+03 -5.28015E-04
2.50456E+03 -5.84491E-04
2.50468E+03 -5.93688E-04
2.50480E+03 -3.94646E-04
2.50492E+03 -1.30057E-04
2.50504E+03 -7.82423E-05
2.50516E+03 -2.09298E-04
2.50528E+03 -2.09358E-04
2.50541E+03 9.08971E-07
2.50553E+03 8.12523E-05
2.50565E+03 -2.29612E-04
2.50577E+03 -7.20013E-04
2.50589E+03 -1.05666E-03
2.50601E+03 -1.28591E-03
2.50613E+03 -1.66567E-03
2.50625E+03 -2.12310E-03
2.50637E+03 -2.25921E-03
2.50649E+03 -1.91915E-03
2.50661E+03 -1.42594E-03
2.50673E+03 -1.14578E-03
2.50685E+03 -1.09703E-03
2.50697E+03 -1.13624E-03
2.50709E+03 -1.27791E-03
2.50721E+03 -1.58411E-03
2.50733E+03 -1.87971E-03
2.50745E+03 -1.86073E-03
2.50758E+03 -1.49367E-03
2.50770E+03 -1.10413E-03
2.50782E+03 -1.00115E-03
2.50794E+03 -1.12615E-03
2.50806E+03 -1.15098E-03
2.50818E+03 -8.77969E-04
2.50830E+03 -4.85435E-04
2.50842E+03 -3.63231E-04
2.50854E+03 -6.99848E-04
2.50866E+03 -1.25229E-03
2.50878E+03 -1.58060E-03
2.50890E+03 -1.50187E-03
2.50902E+03 -1.21880E-03
2.50914E+03 -9.85112E-04
2.50926E+03 -8.04659E-04
2.50938E+03 -5.78720E-04
2.50950E+03 -4.01594E-04
2.50962E+03 -4.77277E-04
2.50975E+03 -7.79025E-04
2.50987E+03 -1.03021E-03
2.50999E+03 -1.07224E-03
2.51011E+03 -1.03476E-03
2.51023E+03 -1.03750E-03
2.51035E+03 -9.45788E-04
2.51047E+03 -6.32271E-04
2.51059E+03 -3.38063E-04
2.51071E+03 -4.80197E-04
2.51083E+03 -1.08631E-03
2.51095E+03 -1.66554E-03
2.51107E+03 -1.73895E-03
2.51119E+03 -1.32987E-03
2.51131E+03 -8.16874E-04
2.51143E+03 -4.57902E-04
2.51155E+03 -2.46100E-04
2.51167E+03 -1.46274E-04
2.51179E+03 -2.17304E-04
2.51192E+03 -4.40370E-04
2.51204E+03 -6.24742E-04
2.51216E+03 -6.34950E-04
2.51228E+03 -6.05248E-04
2.51240E+03 -7.58376E-04
2.51252E+03 -1.05039E-03
2.51264E+03 -1.17778E-03
2.51276E+03 -9.81685E-04
2.51288E+03 -6.86571E-04
2.51300E+03 -6.20168E-04
2.51312E+03 -7.91498E-04
2.51324E+03 -8.96733E-04
2.51336E+03 -7.24796E-04
2.51348E+03 -4.17389E-04
2.51360E+03 -2.87712E-04
2.51372E+03 -4.78160E-04
2.51384E+03 -8.60896E-04
2.51396E+03 -1.21053E-03
2.51409E+03 -1.39377E-03
2.51421E+03 -1.41263E-03
2.51433E+03 -1.34080E-03
2.51445E+03 -1.25043E-03
2.51457E+03 -1.18062E-03
2.51469E+03 -1.14744E-03
2.51481E+03 -1.15459E-03
2.51493E+03 -1.16551E-03
2.51505E+03 -1.08324E-03
2.51517E+03 -8.26389E-04
2.51529E+03 -4.58427E-04
2.51541E+03 -1.85255E-04
2.51553E+03 -1.60884E-04
2.51565E+03 -3.19015E-04
2.51577E+03 -4.57365E-04
2.51589E+03 -4.68653E-04
2.51601E+03 -4.16666E-04
2.51613E+03 -3.98334E-04
2.51626E+03 -4.35933E-04
2.51638E+03 -5.43952E-04
2.51650E+03 -8.00565E-04
2.51662E+03 -1.24659E-03
2.51674E+03 -1.74460E-03
2.51686E+03 -2.04146E-03
2.51698E+03 -1.99508E-03
2.51710E+03 -1.69198E-03
2.51722E+03 -1.33808E-03
2.51734E+03 -1.09111E-03
2.51746E+03 -9.99730E-04
2.51758E+03 -1.01780E-03
2.51770E+03 -1.02947E-03
2.51782E+03 -9.21920E-04
2.51794E+03 -7.00735E-04
2.51806E+03 -5.02300E-04
2.51818E+03 -4.40124E-04
2.51830E+03 -4.78975E-04
2.51843E+03 -5.27140E-04
2.51855E+03 -6.04231E-04
2.51867E+03 -8.08351E-04
2.51879E+03 -1.12690E-03
2.51891E+03 -1.40393E-03
2.51903E+03 -1.52455E-03
2.51915E+03 -1.50911E-03
2.51927E+03 -1.37082E-03
2.51939E+03 -1.03279E-03
2.51951E+03 -5.28045E-04
2.51963E+03 -1.67117E-04
2.51975E+03 -2.81211E-04
2.51987E+03 -7.89631E-04
2.51999E+03 -1.21414E-03
2.52011E+03 -1.20011E-03
2.52023E+03 -8.85539E-04
2.52035E+03 -6.66741E-04
2.52047E+03 -7.28402E-04
2.52059E+03 -9.31922E-04
2.52072E+03 -1.06585E-03
2.52084E+03 -1.04110E-03
2.52096E+03 -8.81460E-04
2.52108E+03 -6.92498E-04
2.52120E+03 -6.52105E-04
2.52132E+03 -8.79429E-04
2.52144E+03 -1.25846E-03
2.52156E+03 -1.50110E-03
2.52168E+03 -1.44347E-03
2.52180E+03 -1.19463E-03
2.52192E+03 -9.49714E-04
2.52204E+03 -7.70830E-04
2.52216E+03 -6.28538E-04
2.52228E+03 -5.35578E-04
2.52240E+03 -5.03413E-04
2.52252E+03 -4.46886E-04
2.52264E+03 -3.00866E-04
2.52276E+03 -2.03926E-04
2.52289E+03 -3.83891E-04
2.52301E+03 -8.21438E-04
2.52313E+03 -1.18443E-03
2.52325E+03 -1.18330E-03
2.52337E+03 -8.73402E-04
2.52349E+03 -5.16739E-04
2.52361E+03 -2.66619E-04
2.52373E+03 -1.24693E-04
2.52385E+03 -1.14143E-04
2.52397E+03 -2.91407E-04
2.52409E+03 -5.77543E-04
2.52421E+03 -7.58279E-04
2.52433E+03 -7.25273E-04
2.52445E+03 -5.89091E-04
2.52457E+03 -4.70214E-04
2.52469E+03 -3.04449E-04
2.52481E+03 2.39164E-06
2.52493E+03 2.94600E-04
2.52506E+03 2.42949E-04
2.52518E+03 -2.63322E-04
2.52530E+03 -9.02023E-04
2.52542E+03 -1.19540E-03
2.52554E+03 -9.55433E-04
2.52566E+03 -4.32242E-04
2.52578E+03 -5.68219E-05
2.52590E+03 -7.90581E-05
2.52602E+03 -4.18119E-04
2.52614E+03 -7.98248E-04
2.52626E+03 -1.01375E-03
2.52638E+03 -1.07760E-03
2.52650E+03 -1.12104E-03
2.52662E+03 -1.18050E-03
2.52674E+03 -1.13901E-03
2.52686E+03 -8.88538E-04
2.52698E+03 -4.94026E-04
2.52710E+03 -1.63540E-04
2.52723E+03 -9.99644E-05
2.52735E+03 -4.08094E-04
2.52747E+03 -1.06019E-03
2.52759E+03 -1.84076E-03
2.52771E+03 -2.35730E-03
2.52783E+03 -2.26946E-03
2.52795E+03 -1.60909E-03
2.52807E+03 -8.20272E-04
2.52819E+03 -4.02074E-04
2.52831E+03 -5.09258E-04
2.52843E+03 -9.07253E-04
2.52855E+03 -1.25800E-03
2.52867E+03 -1.39195E-03
2.52879E+03 -1.34780E-03
2.52891E+03 -1.26046E-03
2.52903E+03 -1.24579E-03
2.52915E+03 -1.32600E-03
2.52927E+03 -1.40706E-03
2.52940E+03 -1.34778E-03
2.52952E+03 -1.09127E-03
2.52964E+03 -7.32489E-04
2.52976E+03 -4.46279E-04
2.52988E+03 -3.54066E-04
2.53000E+03 -4.46539E-04
2.53012E+03 -5.91289E-04
2.53024E+03 -6.10225E-04
2.53036E+03 -4.28017E-04
2.53048E+03 -2.14349E-04
2.53060E+03 -3.20122E-04
2.53072E+03 -9.41444E-04
2.53084E+03 -1.82063E-03
2.53096E+03 -2.39284E-03
2.53108E+03 -2.32061E-03
2.53120E+03 -1.83041E-03
2.53132E+03 -1.43402E-03
2.53144E+03 -1.37828E-03
2.53156E+03 -1.49199E-03
2.53169E+03 -1.53912E-03
2.53181E+03 -1.54077E-03
2.53193E+03 -1.66393E-03
2.53205E+03 -1.92216E-03
2.53217E+03 -2.12964E-03
2.53229E+03 -2.10674E-03
2.53241E+03 -1.81453E-03
2.53253E+03 -1.31836E-03
2.53265E+03 -7.48292E-04
2.53277E+03 -2.98690E-04
2.53289E+03 -1.35731E-04
2.53301E+03 -2.51099E-04
2.53313E+03 -4.81457E-04
2.53325E+03 -7.00966E-04
2.53337E+03 -9.06650E-04
2.53349E+03 -1.09306E-03
2.53361E+03 -1.17970E-03
2.53373E+03 -1.14840E-03
2.53386E+03 -1.12610E-03
2.53398E+03 -1.19145E-03
2.53410E+03 -1.19540E-03
2.53422E+03 -9.59463E-04
2.53434E+03 -6.12460E-04
2.53446E+03 -5.17234E-04
2.53458E+03 -8.17131E-04
2.53470E+03 -1.24411E-03
2.53482E+03 -1.47629E-03
2.53494E+03 -1.51843E-03
2.53506E+03 -1.57525E-03
2.53518E+03 -1.67779E-03
2.53530E+03 -1.64678E-03
2.53542E+03 -1.39887E-03
2.53554E+03 -1.08766E-03
2.53566E+03 -8.86504E-04
2.53578E+03 -7.79551E-04
2.53590E+03 -6.53673E-04
2.53603E+03 -4.90282E-04
2.53615E+03 -3.61178E-04
2.53627E+03 -2.99260E-04
2.53639E+03 -2.87015E-04
2.53651E+03 -3.52465E-04
2.53663E+03 -5.67507E-04
2.53675E+03 -9.20046E-04
2.53687E+03 -1.25979E-03
2.53699E+03 -1.42290E-03
2.53711E+03 -1.38459E-03
2.53723E+03 -1.25983E-03
2.53735E+03 -1.17552E-03
2.53747E+03 -1.16972E-03
2.53759E+03 -1.19228E-03
2.53771E+03 -1.15337E-03
2.53783E+03 -9.66210E-04
2.53795E+03 -6.00532E-04
2.53807E+03 -1.45782E-04
2.53820E+03 1.93652E-04
2.53832E+03 2.19587E-04
2.53844E+03 -9.03830E-05
2.53856E+03 -5.34955E-04
2.53868E+03 -8.21069E-04
2.53880E+03 -7.64772E-04
2.53892E+03 -4.32093E-04
2.53904E+03 -1.25192E-04
2.53916E+03 -1.82491E-04
2.53928E+03 -6.76032E-04
2.53940E+03 -1.26830E-03
2.53952E+03 -1.46104E-03
2.53964E+03 -1.06828E-03
2.53976E+03 -4.02804E-04
2.53988E+03 6.23465E-05
2.54000E+03 1.44627E-04
2.54012E+03 5.55068E-07
2.54024E+03 -1.88056E-04
2.54037E+03 -3.74436E-04
2.54049E+03 -5.17521E-04
2.54061E+03 -4.98198E-04
2.54073E+03 -3.02766E-04
2.54085E+03 -1.52238E-04
2.54097E+03 -2.90178E-04
2.54109E+03 -6.92852E-04
2.54121E+03 -1.11364E-03
2.54133E+03 -1.36714E-03
2.54145E+03 -1.43343E-03
2.54157E+03 -1.31915E-03
2.54169E+03 -1.00276E-03
2.54181E+03 -5.71113E-04
2.54193E+03 -2.58420E-04
2.54205E+03 -2.34429E-04
2.54217E+03 -4.22105E-04
2.54229E+03 -6.13190E-04
2.54241E+03 -7.14339E-04
2.54254E+03 -7.96977E-04
2.54266E+03 -9.38978E-04
2.54278E+03 -1.10579E-03
2.54290E+03 -1.18951E-03
2.54302E+03 -1.10795E-03
2.54314E+03 -8.67449E-04
2.54326E+03 -5.75110E-04
2.54338E+03 -3.77338E-04
2.54350E+03 -3.26291E-04
2.54362E+03 -3.04714E-04
2.54374E+03 -1.42373E-04
2.54386E+03 1.76385E-04
2.54398E+03 4.65725E-04
2.54410E+03 5.37224E-04
2.54422E+03 3.91662E-04
2.54434E+03 1.86849E-04
2.54446E+03 3.71709E-05
2.54458E+03 -1.07657E-04
2.54471E+03 -3.75509E-04
2.54483E+03 -8.05058E-04
2.54495E+03 -1.27046E-03
2.54507E+03 -1.58202E-03
2.54519E+03 -1.65093E-03
2.54531E+03 -1.54535E-03
2.54543E+03 -1.37752E-03
2.54555E+03 -1.16582E-03
2.54567E+03 -8.64033E-04
2.54579E+03 -5.26082E-04
2.54591E+03 -3.46076E-04
2.54603E+03 -4.46614E-04
2.54615E+03 -6.68086E-04
2.54627E+03 -6.93750E-04
2.54639E+03 -4.17538E-04
2.54651E+03 -8.16621E-05
2.54663E+03 2.69599E-05
2.54675E+03 -8.23326E-05
2.54688E+03 -1.73997E-04
2.54700E+03 -1.66338E-04
2.54712E+03 -2.37431E-04
2.54724E+03 -5.25147E-04
2.54736E+03 -8.78096E-04
2.54748E+03 -1.02755E-03
2.54760E+03 -9.10051E-04
2.54772E+03 -6.80044E-04
2.54784E+03 -4.62890E-04
2.54796E+03 -2.61970E-04
2.54808E+03 -1.00069E-04
2.54820E+03 -6.60345E-05
2.54832E+03 -1.51139E-04
2.54844E+03 -1.89111E-04
2.54856E+03 -7.50832E-05
2.54868E+03 5.47692E-05
2.54880E+03 -8.36700E-06
2.54892E+03 -2.37752E-04
2.54904E+03 -4.00420E-04
2.54917E+03 -3.62013E-04
2.54929E+03 -2.45742E-04
2.54941E+03 -2.51014E-04
2.54953E+03 -4.23696E-04
2.54965E+03 -6.63552E-04
2.54977E+03 -8.72485E-04
2.54989E+03 -1.01153E-03
2.55001E+03 -1.05323E-03
2.55013E+03 -9.67853E-04
2.55025E+03 -7.70833E-04
2.55037E+03 -5.45047E-04
2.55049E+03 -4.03989E-04
2.55061E+03 -4.34246E-04
2.55073E+03 -6.37915E-04
2.55085E+03 -8.94696E-04
2.55097E+03 -1.01252E-03
2.55109E+03 -8.92770E-04
2.55121E+03 -6.67766E-04
2.55134E+03 -6.13268E-04
2.55146E+03 -8.60173E-04
2.55158E+03 -1.20598E-03
2.55170E+03 -1.28151E-03
2.55182E+03 -9.43176E-04
2.55194E+03 -4.57127E-04
2.55206E+03 -2.32726E-04
2.55218E+03 -3.90410E-04
2.55230E+03 -6.66525E-04
2.55242E+03 -7.50322E-04
2.55254E+03 -6.15753E-04
2.55266E+03 -4.57026E-04
2.55278E+03 -3.94113E-04
2.55290E+03 -3.81216E-04
2.55302E+03 -3.76601E-04
2.55314E+03 -4.36593E-04
2.55326E+03 -5.80892E-04
2.55338E+03 -6.89760E-04
2.55351E+03 -6.39364E-04
2.55363E+03 -4.76137E-04
2.55375E+03 -3.72563E-04
2.55387E+03 -4.59816E-04
2.55399E+03 -7.67156E-04
2.55411E+03 -1.23429E-03
2.55423E+03 -1.66033E-03
2.55435E+03 -1.72770E-03
2.55447E+03 -1.28869E-03
2.55459E+03 -6.42613E-04
2.55471E+03 -3.20230E-04
2.55483E+03 -4.92204E-04
2.55495E+03 -7.56230E-04
2.55507E+03 -6.64499E-04
2.55519E+03 -3.24365E-04
2.55531E+03 -2.50563E-04
2.55543E+03 -6.75377E-04
2.55555E+03 -1.25244E-03
2.55568E+03 -1.48993E-03
2.55580E+03 -1.26922E-03
2.55592E+03 -8.39259E-04
2.55604E+03 -4.83762E-04
2.55616E+03 -3.63603E-04
2.55628E+03 -5.55474E-04
2.55640E+03 -1.00287E-03
2.55652E+03 -1.43868E-03
2.55664E+03 -1.57148E-03
2.55676E+03 -1.41529E-03
2.55688E+03 -1.27804E-03
2.55700E+03 -1.35175E-03
2.55712E+03 -1.46754E-03
2.55724E+03 -1.37457E-03
2.55736E+03 -1.13178E-03
2.55748E+03 -1.03248E-03
2.55760E+03 -1.18260E-03
2.55772E+03 -1.35557E-03
2.55784E+03 -1.32126E-03
2.55797E+03 -1.15858E-03
2.55809E+03 -1.12234E-03
2.55821E+03 -1.29268E-03
2.55833E+03 -1.49538E-03
2.55845E+03 -1.54971E-03
2.55857E+03 -1.46828E-03
2.55869E+03 -1.36735E-03
2.55881E+03 -1.27269E-03
2.55893E+03 -1.11358E-03
2.55905E+03 -8.89849E-04
2.55917E+03 -7.39604E-04
2.55929E+03 -7.75758E-04
2.55941E+03 -9.02236E-04
2.55953E+03 -8.86839E-04
2.55965E+03 -6.38179E-04
2.55977E+03 -3.35354E-04
2.55989E+03 -2.22240E-04
2.56001E+03 -3.31052E-04
2.56014E+03 -5.00496E-04
2.56026E+03 -6.32290E-04
2.56038E+03 -7.93234E-04
2.56050E+03 -1.02222E-03
2.56062E+03 -1.16970E-03
2.56074E+03 -1.06300E-03
2.56086E+03 -7.86811E-04
2.56098E+03 -6.57097E-04
2.56110E+03 -8.69446E-04
2.56122E+03 -1.25341E-03
2.56134E+03 -1.44453E-03
2.56146E+03 -1.26847E-03
2.56158E+03 -8.97113E-04
2.56170E+03 -6.42326E-04
2.56182E+03 -6.54478E-04
2.56194E+03 -8.32412E-04
2.56206E+03 -9.66147E-04
2.56218E+03 -9.00622E-04
2.56231E+03 -5.83477E-04
2.56243E+03 -7.37607E-05
2.56255E+03 4.08728E-04
2.56267E+03 5.13185E-04
2.56279E+03 2.48328E-05
2.56291E+03 -8.44948E-04
2.56303E+03 -1.53276E-03
2.56315E+03 -1.62445E-03
2.56327E+03 -1.23597E-03
2.56339E+03 -8.18267E-04
2.56351E+03 -6.35415E-04
2.56363E+03 -5.84949E-04
2.56375E+03 -5.17510E-04
2.56387E+03 -5.26283E-04
2.56399E+03 -7.91755E-04
2.56411E+03 -1.24663E-03
2.56423E+03 -1.56309E-03
2.56435E+03 -1.48771E-03
2.56448E+03 -1.10159E-03
2.56460E+03 -7.29945E-04
2.56472E+03 -6.44408E-04
2.56484E+03 -8.56884E-04
2.56496E+03 -1.15921E-03
2.56508E+03 -1.35219E-03
2.56520E+03 -1.43795E-03
2.56532E+03 -1.55126E-03
2.56544E+03 -1.69422E-03
2.56556E+03 -1.64342E-03
2.56568E+03 -1.22726E-03
2.56580E+03 -6.31660E-04
2.56592E+03 -2.70531E-04
2.56604E+03 -3.30482E-04
2.56616E+03 -5.84386E-04
2.56628E+03 -7.13941E-04
2.56640E+03 -6.77466E-04
2.56652E+03 -6.53118E-04
2.56665E+03 -7.32455E-04
2.56677E+03 -8.28821E-04
2.56689E+03 -8.45581E-04
2.56701E+03 -7.74812E-04
2.56713E+03 -6.18532E-04
2.56725E+03 -3.58794E-04
2.56737E+03 -6.21304E-05
2.56749E+03 1.00553E-04
2.56761E+03 2.58274E-05
2.56773E+03 -1.72749E-04
2.56785E+03 -2.71566E-04
2.56797E+03 -1.69244E-04
2.56809E+03 4.51468E-05
2.56821E+03 2.00603E-04
2.56833E+03 1.81511E-04
2.56845E+03 -2.68072E-05
2.56857E+03 -3.45837E-04
2.56869E+03 -6.67810E-04
2.56882E+03 -9.29240E-04
2.56894E+03 -1.12927E-03
2.56906E+03 -1.26356E-03
2.56918E+03 -1.29412E-03
2.56930E+03 -1.23018E-03
2.56942E+03 -1.17733E-03
2.56954E+03 -1.20870E-03
2.56966E+03 -1.21357E-03
2.56978E+03 -9.95170E-04
2.56990E+03 -5.51578E-04
2.57002E+03 -1.58235E-04
2.57014E+03 -9.80757E-05
2.57026E+03 -3.60806E-04
2.57038E+03 -6.67457E-04
2.57050E+03 -7.50180E-04
2.57062E+03 -5.59777E-04
2.57074E+03 -2.49896E-04
2.57086E+03 -3.66680E-05
2.57099E+03 -5.12712E-05
2.57111E+03 -2.47505E-04
2.57123E+03 -4.41447E-04
2.57135E+03 -4.94562E-04
2.57147E+03 -4.62782E-04
2.57159E+03 -5.13729E-04
2.57171E+03 -6.99006E-04
2.57183E+03 -8.76825E-04
2.57195E+03 -8.81944E-04
2.57207E+03 -7.15725E-04
2.57219E+03 -5.38383E-04
2.57231E+03 -5.20263E-04
2.57243E+03 -7.27408E-04
2.57255E+03 -1.09397E-03
2.57267E+03 -1.45216E-03
2.57279E+03 -1.62824E-03
2.57291E+03 -1.57259E-03
2.57303E+03 -1.38708E-03
2.57316E+03 -1.18915E-03
2.57328E+03 -9.78947E-04
2.57340E+03 -7.02228E-04
2.57352E+03 -4.30673E-04
2.57364E+03 -3.85884E-04
2.57376E+03 -7.23939E-04
2.57388E+03 -1.32266E-03
2.57400E+03 -1.82882E-03
2.57412E+03 -1.93079E-03
2.57424E+03 -1.59415E-03
2.57436E+03 -1.05754E-03
2.57448E+03 -6.12244E-04
2.57460E+03 -3.71415E-04
2.57472E+03 -2.41604E-04
2.57484E+03 -1.16285E-04
2.57496E+03 -6.40973E-05
2.57508E+03 -2.61720E-04
2.57520E+03 -7.27072E-04
2.57532E+03 -1.20048E-03
2.57545E+03 -1.37855E-03
2.57557E+03 -1.24900E-03
2.57569E+03 -1.10406E-03
2.57581E+03 -1.19342E-03
2.57593E+03 -1.43748E-03
2.57605E+03 -1.54962E-03
2.57617E+03 -1.39568E-03
2.57629E+03 -1.13513E-03
2.57641E+03 -9.95785E-04
2.57653E+03 -9.98106E-04
2.57665E+03 -9.68385E-04
2.57677E+03 -7.76779E-04
2.57689E+03 -4.70869E-04
2.57701E+03 -1.76910E-04
2.57713E+03 3.43658E-05
2.57725E+03 1.28459E-04
2.57737E+03 4.86076E-05
2.57749E+03 -2.20958E-04
2.57762E+03 -5.20840E-04
2.57774E+03 -5.81842E-04
2.57786E+03 -2.93680E-04
2.57798E+03 1.24063E-04
2.57810E+03 3.03257E-04
2.57822E+03 9.23574E-05
2.57834E+03 -3.20815E-04
2.57846E+03 -6.21580E-04
2.57858E+03 -6.52086E-04
2.57870E+03 -4.68317E-04
2.57882E+03 -2.29519E-04
2.57894E+03 -1.04975E-04
2.57906E+03 -2.26788E-04
2.57918E+03 -6.03080E-04
2.57930E+03 -1.05211E-03
2.57942E+03 -1.31935E-03
2.57954E+03 -1.33531E-03
2.57966E+03 -1.31931E-03
2.57979E+03 -1.55155E-03
2.57991E+03 -2.04248E-03
2.58003E+03 -2.47777E-03
2.58015E+03 -2.50357E-03
2.58027E+03 -2.05340E-03
2.58039E+03 -1.40912E-03
2.58051E+03 -9.62019E-04
2.58063E+03 -8.94066E-04
2.58075E+03 -1.05272E-03
2.58087E+03 -1.13420E-03
2.58099E+03 -1.00686E-03
2.58111E+03 -8.30557E-04
2.58123E+03 -8.17113E-04
2.58135E+03 -9.22695E-04
2.58147E+03 -8.91395E-04
2.58159E+03 -6.13980E-04
2.58171E+03 -3.08283E-04
2.58183E+03 -2.57984E-04
2.58196E+03 -4.77597E-04
2.58208E+03 -7.69813E-04
2.58220E+03 -1.04184E-03
2.58232E+03 -1.36850E-03
2.58244E+03 -1.72532E-03
2.58256E+03 -1.86631E-03
2.58268E+03 -1.60538E-03
2.58280E+03 -1.11068E-03
2.58292E+03 -7.55362E-04
2.58304E+03 -7.11031E-04
2.58316E+03 -8.29022E-04
2.58328E+03 -9.14838E-04
2.58340E+03 -9.75687E-04
2.58352E+03 -1.14078E-03
2.58364E+03 -1.43604E-03
2.58376E+03 -1.72140E-03
2.58388E+03 -1.81236E-03
2.58400E+03 -1.61986E-03
2.58412E+03 -1.21754E-03
2.58425E+03 -8.15686E-04
2.58437E+03 -6.16442E-04
2.58449E+03 -6.24534E-04
2.58461E+03 -6.30476E-04
2.58473E+03 -4.52358E-04
2.58485E+03 -1.70946E-04
2.58497E+03 -3.75621E-05
2.58509E+03 -1.52443E-04
2.58521E+03 -3.31718E-04
2.58533E+03 -3.36651E-04
2.58545E+03 -1.66316E-04
2.58557E+03 -5.45420E-05
2.58569E+03 -1.99381E-04
2.58581E+03 -5.43021E-04
2.58593E+03 -8.12255E-04
2.58605E+03 -7.56517E-04
2.58617E+03 -3.74194E-04
2.58629E+03 6.45556E-05
2.58642E+03 2.43835E-04
2.58654E+03 1.06424E-04
2.58666E+03 -1.10157E-04
2.58678E+03 -1.79045E-04
2.58690E+03 -1.89308E-04
2.58702E+03 -4.16029E-04
2.58714E+03 -8.95280E-04
2.58726E+03 -1.27678E-03
2.58738E+03 -1.21607E-03
2.58750E+03 -8.25409E-04
2.58762E+03 -5.72007E-04
2.58774E+03 -7.29896E-04
2.58786E+03 -1.08353E-03
2.58798E+03 -1.23430E-03
2.58810E+03 -1.06920E-03
2.58822E+03 -8.05635E-04
2.58834E+03 -6.55800E-04
2.58846E+03 -6.15831E-04
2.58859E+03 -5.93409E-04
2.58871E+03 -5.84200E-04
2.58883E+03 -6.41059E-04
2.58895E+03 -7.72946E-04
2.58907E+03 -9.70006E-04
2.58919E+03 -1.25142E-03
2.58931E+03 -1.57133E-03
2.58943E+03 -1.73627E-03
2.58955E+03 -1.57900E-03
2.58967E+03 -1.22497E-03
2.58979E+03 -1.02312E-03
2.58991E+03 -1.13559E-03
2.59003E+03 -1.32386E-03
2.59015E+03 -1.26118E-03
2.59027E+03 -9.63684E-04
2.59039E+03 -7.52799E-04
2.59051E+03 -8.27719E-04
2.59063E+03 -1.05980E-03
2.59076E+03 -1.24983E-03
2.59088E+03 -1.41465E-03
2.59100E+03 -1.68474E-03
2.59112E+03 -2.00981E-03
2.59124E+03 -2.13495E-03
2.59136E+03 -1.89341E-03
2.59148E+03 -1.42054E-03
2.59160E+03 -1.02177E-03
2.59172E+03 -8.74430E-04
2.59184E+03 -9.05387E-04
2.59196E+03 -9.42320E-04
2.59208E+03 -9.35037E-04
2.59220E+03 -9.96049E-04
2.59232E+03 -1.23298E-03
2.59244E+03 -1.58609E-03
2.59256E+03 -1.87000E-03
2.59268E+03 -1.95467E-03
2.59280E+03 -1.84979E-03
2.59293E+03 -1.61963E-03
2.59305E+03 -1.30380E-03
2.59317E+03 -9.68315E-04
2.59329E+03 -7.49320E-04
2.59341E+03 -7.49923E-04
2.59353E+03 -9.24155E-04
2.59365E+03 -1.14891E-03
2.59377E+03 -1.38133E-03
2.59389E+03 -1.63672E-03
2.59401E+03 -1.82315E-03
2.59413E+03 -1.75207E-03
2.59425E+03 -1.39378E-03
2.59437E+03 -1.01919E-03
2.59449E+03 -9.59828E-04
2.59461E+03 -1.24543E-03
2.59473E+03 -1.57043E-03
2.59485E+03 -1.61525E-03
2.59497E+03 -1.33356E-03
2.59510E+03 -9.35115E-04
2.59522E+03 -6.65542E-04
2.59534E+03 -6.31832E-04
2.59546E+03 -7.78481E-04
2.59558E+03 -9.65722E-04
2.59570E+03 -1.06861E-03
2.59582E+03 -1.03470E-03
2.59594E+03 -8.80249E-04
2.59606E+03 -6.71033E-04
2.59618E+03 -5.22953E-04
2.59630E+03 -5.69880E-04
2.59642E+03 -8.47206E-04
2.59654E+03 -1.18619E-03
2.59666E+03 -1.29031E-03
2.59678E+03 -9.89731E-04
2.59690E+03 -4.24724E-04
2.59702E+03 5.42365E-05
2.59714E+03 1.72768E-04
2.59727E+03 -7.24010E-05
2.59739E+03 -4.91019E-04
2.59751E+03 -9.23596E-04
2.59763E+03 -1.34120E-03
2.59775E+03 -1.74985E-03
2.59787E+03 -2.06450E-03
2.59799E+03 -2.15590E-03
2.59811E+03 -2.02009E-03
2.59823E+03 -1.82343E-03
2.59835E+03 -1.72845E-03
2.59847E+03 -1.72541E-03
2.59859E+03 -1.70051E-03
2.59871E+03 -1.63027E-03
2.59883E+03 -1.60787E-03
2.59895E+03 -1.67039E-03
2.59907E+03 -1.70489E-03
2.59919E+03 -1.58799E-03
2.59931E+03 -1.35915E-03
2.59944E+03 -1.18988E-03
2.59956E+03 -1.20993E-03
2.59968E+03 -1.40865E-03
2.59980E+03 -1.66769E-03
2.59992E+03 -1.83055E-03
2.60004E+03 -1.77125E-03
2.60016E+03 -1.47941E-03
2.60028E+03 -1.08997E-03
2.60040E+03 -7.72469E-04
2.60052E+03 -5.81022E-04
2.60064E+03 -4.57730E-04
2.60076E+03 -3.69526E-04
2.60088E+03 -3.64691E-04
2.60100E+03 -4.79128E-04
2.60112E+03 -6.63001E-04
2.60124E+03 -8.38321E-04
2.60136E+03 -9.63770E-04
2.60148E+03 -1.00471E-03
2.60160E+03 -9.24792E-04
2.60173E+03 -7.90469E-04
2.60185E+03 -8.07770E-04
2.60197E+03 -1.10901E-03
2.60209E+03 -1.50076E-03
2.60221E+03 -1.57512E-03
2.60233E+03 -1.15714E-03
2.60245E+03 -5.52237E-04
2.60257E+03 -2.48522E-04
2.60269E+03 -4.11030E-04
2.60281E+03 -7.58938E-04
2.60293E+03 -9.20299E-04
2.60305E+03 -7.97190E-04
2.60317E+03 -5.58324E-04
2.60329E+03 -3.89520E-04
2.60341E+03 -3.45275E-04
2.60353E+03 -3.88585E-04
2.60365E+03 -4.61385E-04
2.60377E+03 -4.98977E-04
2.60390E+03 -4.53837E-04
2.60402E+03 -3.47856E-04
2.60414E+03 -2.60454E-04
2.60426E+03 -2.37655E-04
2.60438E+03 -2.53011E-04
2.60450E+03 -2.90792E-04
2.60462E+03 -4.23934E-04
2.60474E+03 -7.46280E-04
2.60486E+03 -1.23496E-03
2.60498E+03 -1.72410E-03
2.60510E+03 -2.01146E-03
2.60522E+03 -1.96759E-03
2.60534E+03 -1.59292E-03
2.60546E+03 -1.06341E-03
2.60558E+03 -7.00783E-04
2.60570E+03 -7.50788E-04
2.60582E+03 -1.11001E-03
2.60594E+03 -1.36719E-03
2.60607E+03 -1.23093E-03
2.60619E+03 -8.68745E-04
2.60631E+03 -6.97434E-04
2.60643E+03 -8.71371E-04
2.60655E+03 -1.13642E-03
2.60667E+03 -1.21011E-03
2.60679E+03 -1.13602E-03
2.60691E+03 -1.16555E-03
2.60703E+03 -1.41372E-03
2.60715E+03 -1.76043E-03
2.60727E+03 -2.01710E-03
2.60739E+03 -2.05713E-03
2.60751E+03 -1.83162E-03
2.60763E+03 -1.41986E-03
2.60775E+03 -1.06768E-03
2.60787E+03 -1.01458E-03
2.60799E+03 -1.21907E-03
2.60811E+03 -1.36630E-03
2.60824E+03 -1.20862E-03
2.60836E+03 -8.06391E-04
2.60848E+03 -3.91636E-04
2.60860E+03 -1.26258E-04
2.60872E+03 -8.25226E-05
2.60884E+03 -3.17715E-04
2.60896E+03 -7.78496E-04
2.60908E+03 -1.17937E-03
2.60920E+03 -1.18300E-03
2.60932E+03 -7.61446E-04
2.60944E+03 -2.58844E-04
2.60956E+03 -4.19095E-05
2.60968E+03 -1.76501E-04
2.60980E+03 -4.80101E-04
2.60992E+03 -7.66568E-04
2.61004E+03 -9.37767E-04
2.61016E+03 -9.26748E-04
2.61028E+03 -7.10510E-04
2.61041E+03 -3.93778E-04
2.61053E+03 -1.78900E-04
2.61065E+03 -2.00741E-04
2.61077E+03 -4.20410E-04
2.61089E+03 -6.91149E-04
2.61101E+03 -8.91671E-04
2.61113E+03 -9.77356E-04
2.61125E+03 -9.43854E-04
2.61137E+03 -7.96143E-04
2.61149E+03 -5.75602E-04
2.61161E+03 -3.96255E-04
2.61173E+03 -4.01009E-04
2.61185E+03 -6.35050E-04
2.61197E+03 -9.70300E-04
2.61209E+03 -1.20268E-03
2.61221E+03 -1.23332E-03
2.61233E+03 -1.11594E-03
2.61245E+03 -9.42577E-04
2.61258E+03 -7.74372E-04
2.61270E+03 -7.05164E-04
2.61282E+03 -8.59875E-04
2.61294E+03 -1.21553E-03
2.61306E+03 -1.51235E-03
2.61318E+03 -1.50333E-03
2.61330E+03 -1.26376E-03
2.61342E+03 -1.08678E-03
2.61354E+03 -1.06625E-03
2.61366E+03 -9.87351E-04
2.61378E+03 -7.19838E-04
2.61390E+03 -5.15182E-04
2.61402E+03 -7.03610E-04
2.61414E+03 -1.19952E-03
2.61426E+03 -1.55013E-03
2.61438E+03 -1.47083E-03
2.61450E+03 -1.11790E-03
2.61462E+03 -7.89154E-04
2.61475E+03 -5.74127E-04
2.61487E+03 -4.30122E-04
2.61499E+03 -4.17899E-04
2.61511E+03 -6.28345E-04
2.61523E+03 -9.25630E-04
2.61535E+03 -9.86755E-04
2.61547E+03 -6.60915E-04
2.61559E+03 -1.64408E-04
2.61571E+03 1.44616E-04
2.61583E+03 9.52184E-05
2.61595E+03 -2.16872E-04
2.61607E+03 -5.81428E-04
2.61619E+03 -8.28411E-04
2.61631E+03 -8.95187E-04
2.61643E+03 -8.50637E-04
2.61655E+03 -8.28546E-04
2.61667E+03 -8.69736E-04
2.61679E+03 -8.48118E-04
2.61691E+03 -6.21967E-04
2.61704E+03 -2.54609E-04
2.61716E+03 -1.56537E-05
2.61728E+03 -1.31350E-04
2.61740E+03 -5.55832E-04
2.61752E+03 -9.97722E-04
2.61764E+03 -1.16208E-03
2.61776E+03 -9.85682E-04
2.61788E+03 -6.68433E-04
2.61800E+03 -4.69465E-04
2.61812E+03 -4.69126E-04
2.61824E+03 -5.64355E-04
2.61836E+03 -6.90851E-04
2.61848E+03 -9.37060E-04
2.61860E+03 -1.34618E-03
2.61872E+03 -1.69886E-03
2.61884E+03 -1.68369E-03
2.61896E+03 -1.30844E-03
2.61908E+03 -9.76175E-04
2.61921E+03 -1.06336E-03
2.61933E+03 -1.53173E-03
2.61945E+03 -2.05008E-03
2.61957E+03 -2.38647E-03
2.61969E+03 -2.54122E-03
2.61981E+03 -2.57932E-03
2.61993E+03 -2.52807E-03
2.62005E+03 -2.45008E-03
2.62017E+03 -2.43987E-03
2.62029E+03 -2.46597E-03
2.62041E+03 -2.33683E-03
2.62053E+03 -1.93059E-03
2.62065E+03 -1.39239E-03
2.62077E+03 -9.92749E-04
2.62089E+03 -8.17347E-04
2.62101E+03 -7.03149E-04
2.62113E+03 -5.05157E-04
2.62125E+03 -3.34423E-04
2.62138E+03 -4.43459E-04
2.62150E+03 -8.89309E-04
2.62162E+03 -1.39001E-03
2.62174E+03 -1.57138E-03
2.62186E+03 -1.33476E-03
2.62198E+03 -9.27001E-04
2.62210E+03 -6.57007E-04
2.62222E+03 -6.17500E-04
2.62234E+03 -7.02135E-04
2.62246E+03 -7.90175E-04
2.62258E+03 -8.12348E-04
2.62270E+03 -7.02627E-04
2.62282E+03 -4.49721E-04
2.62294E+03 -2.24903E-04
2.62306E+03 -3.08491E-04
2.62318E+03 -7.74749E-04
2.62330E+03 -1.30937E-03
2.62342E+03 -1.45878E-03
2.62355E+03 -1.07582E-03
2.62367E+03 -4.70668E-04
2.62379E+03 -1.27733E-04
2.62391E+03 -3.04315E-04
2.62403E+03 -8.76587E-04
2.62415E+03 -1.50988E-03
2.62427E+03 -1.93823E-03
2.62439E+03 -2.09047E-03
2.62451E+03 -1.99381E-03
2.62463E+03 -1.64310E-03
2.62475E+03 -1.05129E-03
2.62487E+03 -4.06969E-04
2.62499E+03 -4.05982E-05
2.62511E+03 -1.41576E-04
2.62523E+03 -5.67846E-04
2.62535E+03 -1.00962E-03
2.62547E+03 -1.27869E-03
2.62559E+03 -1.36089E-03
2.62572E+03 -1.28406E-03
2.62584E+03 -1.10670E-03
2.62596E+03 -1.01025E-03
2.62608E+03 -1.19465E-03
2.62620E+03 -1.60011E-03
2.62632E+03 -1.87845E-03
2.62644E+03 -1.76483E-03
2.62656E+03 -1.39748E-03
2.62668E+03 -1.15142E-03
2.62680E+03 -1.20956E-03
2.62692E+03 -1.41370E-03
2.62704E+03 -1.50049E-03
2.62716E+03 -1.35505E-03
2.62728E+03 -1.03848E-03
2.62740E+03 -7.09619E-04
2.62752E+03 -5.76489E-04
2.62764E+03 -8.03433E-04
2.62776E+03 -1.34634E-03
2.62789E+03 -1.91177E-03
2.62801E+03 -2.17887E-03
2.62813E+03 -2.08111E-03
2.62825E+03 -1.82175E-03
2.62837E+03 -1.60811E-03
2.62849E+03 -1.43683E-03
2.62861E+03 -1.18051E-03
2.62873E+03 -8.31399E-04
2.62885E+03 -5.65782E-04
2.62897E+03 -5.42581E-04
2.62909E+03 -7.02988E-04
2.62921E+03 -8.39882E-04
2.62933E+03 -8.50663E-04
2.62945E+03 -8.44743E-04
2.62957E+03 -9.70460E-04
2.62969E+03 -1.20349E-03
2.62981E+03 -1.37851E-03
2.62993E+03 -1.39721E-03
2.63005E+03 -1.31490E-03
2.63018E+03 -1.21129E-03
2.63030E+03 -1.07019E-03
2.63042E+03 -8.48014E-04
2.63054E+03 -5.95652E-04
2.63066E+03 -4.19702E-04
2.63078E+03 -3.44850E-04
2.63090E+03 -3.14459E-04
2.63102E+03 -3.37161E-04
2.63114E+03 -5.19346E-04
2.63126E+03 -8.80755E-04
2.63138E+03 -1.22242E-03
2.63150E+03 -1.29849E-03
2.63162E+03 -1.10558E-03
2.63174E+03 -8.96364E-04
2.63186E+03 -8.88344E-04
2.63198E+03 -1.04756E-03
2.63210E+03 -1.18241E-03
2.63222E+03 -1.14559E-03
2.63235E+03 -8.94524E-04
2.63247E+03 -4.73820E-04
2.63259E+03 -5.54137E-05
2.63271E+03 9.43132E-05
2.63283E+03 -1.43800E-04
2.63295E+03 -5.26629E-04
2.63307E+03 -6.73506E-04
2.63319E+03 -5.27248E-04
2.63331E+03 -4.49412E-04
2.63343E+03 -7.61174E-04
2.63355E+03 -1.32057E-03
2.63367E+03 -1.69761E-03
2.63379E+03 -1.69293E-03
2.63391E+03 -1.51588E-03
2.63403E+03 -1.46744E-03
2.63415E+03 -1.60996E-03
2.63427E+03 -1.79044E-03
2.63439E+03 -1.86441E-03
2.63452E+03 -1.81579E-03
2.63464E+03 -1.71604E-03
2.63476E+03 -1.62994E-03
2.63488E+03 -1.54384E-03
2.63500E+03 -1.37168E-03
2.63512E+03 -1.07268E-03
2.63524E+03 -7.63353E-04
2.63536E+03 -6.35780E-04
2.63548E+03 -7.36985E-04
2.63560E+03 -9.14346E-04
2.63572E+03 -1.02928E-03
2.63584E+03 -1.12990E-03
2.63596E+03 -1.31400E-03
2.63608E+03 -1.49158E-03
2.63620E+03 -1.42987E-03
2.63632E+03 -1.04656E-03
2.63644E+03 -5.43553E-04
2.63656E+03 -1.99631E-04
2.63669E+03 -9.93535E-05
2.63681E+03 -1.14664E-04
2.63693E+03 -1.00624E-04
2.63705E+03 -4.98556E-05
2.63717E+03 -7.20695E-05
2.63729E+03 -2.55991E-04
2.63741E+03 -5.47264E-04
2.63753E+03 -7.63927E-04
2.63765E+03 -7.70435E-04
2.63777E+03 -6.44170E-04
2.63789E+03 -6.11007E-04
2.63801E+03 -7.86759E-04
2.63813E+03 -1.04844E-03
2.63825E+03 -1.20855E-03
2.63837E+03 -1.23701E-03
2.63849E+03 -1.20861E-03
2.63861E+03 -1.09243E-03
2.63873E+03 -7.67589E-04
2.63886E+03 -2.84486E-04
2.63898E+03 5.79096E-05
2.63910E+03 2.29627E-05
2.63922E+03 -2.52891E-04
2.63934E+03 -4.22183E-04
2.63946E+03 -3.68200E-04
2.63958E+03 -3.08309E-04
2.63970E+03 -4.36753E-04
2.63982E+03 -6.36384E-04
2.63994E+03 -6.77124E-04
2.64006E+03 -5.89132E-04
2.64018E+03 -6.40452E-04
2.64030E+03 -9.47323E-04
2.64042E+03 -1.28506E-03
2.64054E+03 -1.36584E-03
2.64066E+03 -1.18165E-03
2.64078E+03 -9.54665E-04
2.64090E+03 -8.28896E-04
2.64103E+03 -7.63398E-04
2.64115E+03 -7.14693E-04
2.64127E+03 -7.59739E-04
2.64139E+03 -9.59013E-04
2.64151E+03 -1.19484E-03
2.64163E+03 -1.25534E-03
2.64175E+03 -1.05945E-03
2.64187E+03 -7.31751E-04
2.64199E+03 -4.75999E-04
2.64211E+03 -4.37558E-04
2.64223E+03 -6.58810E-04
2.64235E+03 -1.06534E-03
2.64247E+03 -1.46674E-03
2.64259E+03 -1.64635E-03
2.64271E+03 -1.51788E-03
2.64283E+03 -1.18783E-03
2.64295E+03 -8.47101E-04
2.64307E+03 -6.29645E-04
2.64320E+03 -5.87482E-04
2.64332E+03 -7.32441E-04
2.64344E+03 -1.02493E-03
2.64356E+03 -1.33732E-03
2.64368E+03 -1.50593E-03
2.64380E+03 -1.46069E-03
2.64392E+03 -1.29639E-03
2.64404E+03 -1.20176E-03
2.64416E+03 -1.30065E-03
2.64428E+03 -1.52973E-03
2.64440E+03 -1.66188E-03
2.64452E+03 -1.50337E-03
2.64464E+03 -1.11536E-03
2.64476E+03 -7.98434E-04
2.64488E+03 -7.95450E-04
2.64500E+03 -1.04401E-03
2.64512E+03 -1.29559E-03
2.64524E+03 -1.43809E-03
2.64536E+03 -1.57343E-03
2.64549E+03 -1.77495E-03
2.64561E+03 -1.92781E-03
2.64573E+03 -1.89802E-03
2.64585E+03 -1.73735E-03
2.64597E+03 -1.59532E-03
2.64609E+03 -1.50492E-03
2.64621E+03 -1.39565E-03
2.64633E+03 -1.27509E-03
2.64645E+03 -1.24582E-03
2.64657E+03 -1.34597E-03
2.64669E+03 -1.51312E-03
2.64681E+03 -1.71573E-03
2.64693E+03 -1.96765E-03
2.64705E+03 -2.17133E-03
2.64717E+03 -2.11928E-03
2.64729E+03 -1.76644E-03
2.64741E+03 -1.37261E-03
2.64753E+03 -1.22514E-03
2.64766E+03 -1.29964E-03
2.64778E+03 -1.34923E-03
2.64790E+03 -1.27063E-03
2.64802E+03 -1.19864E-03
2.64814E+03 -1.24390E-03
2.64826E+03 -1.33585E-03
2.64838E+03 -1.38821E-03
2.64850E+03 -1.44754E-03
2.64862E+03 -1.55493E-03
2.64874E+03 -1.58573E-03
2.64886E+03 -1.39141E-03
2.64898E+03 -1.05265E-03
2.64910E+03 -8.33791E-04
2.64922E+03 -8.72117E-04
2.64934E+03 -1.02829E-03
2.64946E+03 -1.06843E-03
2.64958E+03 -8.97054E-04
2.64970E+03 -5.87959E-04
2.64983E+03 -2.91578E-04
2.64995E+03 -1.69553E-04
2.65007E+03 -3.22107E-04
2.65019E+03 -6.75354E-04
2.65031E+03 -9.85507E-04
2.65043E+03 -1.05870E-03
2.65055E+03 -9.53980E-04
2.65067E+03 -8.78196E-04
2.65079E+03 -8.90713E-04
2.65091E+03 -8.36059E-04
2.65103E+03 -6.14733E-04
2.65115E+03 -3.99176E-04
2.65127E+03 -4.53770E-04
2.65139E+03 -7.85243E-04
2.65151E+03 -1.11094E-03
2.65163E+03 -1.19567E-03
2.65175E+03 -1.09563E-03
2.65187E+03 -1.00298E-03
2.65200E+03 -9.53730E-04
2.65212E+03 -8.20346E-04
2.65224E+03 -5.67056E-04
2.65236E+03 -3.68737E-04
2.65248E+03 -4.19866E-04
2.65260E+03 -7.15468E-04
2.65272E+03 -1.10036E-03
2.65284E+03 -1.47420E-03
2.65296E+03 -1.83702E-03
2.65308E+03 -2.14107E-03
2.65320E+03 -2.22056E-03
2.65332E+03 -1.94534E-03
2.65344E+03 -1.40319E-03
2.65356E+03 -8.64364E-04
2.65368E+03 -5.65417E-04
2.65380E+03 -5.45274E-04
2.65392E+03 -6.65475E-04
2.65404E+03 -7.58719E-04
2.65417E+03 -7.81294E-04
2.65429E+03 -8.55032E-04
2.65441E+03 -1.13102E-03
2.65453E+03 -1.57046E-03
2.65465E+03 -1.90669E-03
2.65477E+03 -1.90801E-03
2.65489E+03 -1.65448E-03
2.65501E+03 -1.43960E-03
2.65513E+03 -1.38453E-03
2.65525E+03 -1.29535E-03
2.65537E+03 -9.88025E-04
2.65549E+03 -6.21695E-04
2.65561E+03 -5.34661E-04
2.65573E+03 -7.84617E-04
2.65585E+03 -1.03363E-03
2.65597E+03 -9.40710E-04
2.65609E+03 -5.44187E-04
2.65621E+03 -1.78400E-04
2.65633E+03 -9.32552E-05
2.65646E+03 -2.40210E-04
2.65658E+03 -3.90258E-04
2.65670E+03 -3.89859E-04
2.65682E+03 -3.12924E-04
2.65694E+03 -3.89688E-04
2.65706E+03 -7.57109E-04
2.65718E+03 -1.26902E-03
2.65730E+03 -1.61803E-03
2.65742E+03 -1.67713E-03
2.65754E+03 -1.63559E-03
2.65766E+03 -1.73644E-03
2.65778E+03 -1.96953E-03
2.65790E+03 -2.11997E-03
2.65802E+03 -2.04762E-03
2.65814E+03 -1.79371E-03
2.65826E+03 -1.45838E-03
2.65838E+03 -1.12458E-03
2.65850E+03 -9.02742E-04
2.65863E+03 -8.97169E-04
2.65875E+03 -1.07635E-03
2.65887E+03 -1.28268E-03
2.65899E+03 -1.40996E-03
2.65911E+03 -1.47098E-03
2.65923E+03 -1.46750E-03
2.65935E+03 -1.34052E-03
2.65947E+03 -1.13028E-03
2.65959E+03 -1.03828E-03
2.65971E+03 -1.18083E-03
2.65983E+03 -1.37297E-03
2.65995E+03 -1.32827E-03
2.66007E+03 -1.04248E-03
2.66019E+03 -8.21929E-04
2.66031E+03 -9.21834E-04
2.66043E+03 -1.29826E-03
2.66055E+03 -1.74500E-03
2.66067E+03 -2.11781E-03
2.66080E+03 -2.33325E-03
2.66092E+03 -2.26970E-03
2.66104E+03 -1.83376E-03
2.66116E+03 -1.13091E-03
2.66128E+03 -4.72333E-04
2.66140E+03 -1.60266E-04
2.66152E+03 -2.75366E-04
2.66164E+03 -6.58754E-04
2.66176E+03 -1.05558E-03
2.66188E+03 -1.26671E-03
2.66200E+03 -1.21133E-03
2.66212E+03 -9.14048E-04
2.66224E+03 -4.84940E-04
2.66236E+03 -1.09345E-04
2.66248E+03 1.78702E-05
2.66260E+03 -1.70726E-04
2.66272E+03 -5.18795E-04
2.66284E+03 -7.71504E-04
2.66297E+03 -8.07282E-04
2.66309E+03 -7.38323E-04
2.66321E+03 -7.66743E-04
2.66333E+03 -9.82303E-04
2.66345E+03 -1.32432E-03
2.66357E+03 -1.68943E-03
2.66369E+03 -2.00700E-03
2.66381E+03 -2.20963E-03
2.66393E+03 -2.19486E-03
2.66405E+03 -1.88008E-03
2.66417E+03 -1.32017E-03
2.66429E+03 -7.50422E-04
2.66441E+03 -4.58371E-04
2.66453E+03 -5.62720E-04
2.66465E+03 -9.15918E-04
2.66477E+03 -1.25453E-03
2.66489E+03 -1.43680E-03
2.66501E+03 -1.48796E-03
2.66514E+03 -1.43702E-03
2.66526E+03 -1.22519E-03
2.66538E+03 -8.44035E-04
2.66550E+03 -4.83952E-04
2.66562E+03 -4.17184E-04
2.66574E+03 -7.12082E-04
2.66586E+03 -1.13852E-03
2.66598E+03 -1.39386E-03
2.66610E+03 -1.38062E-03
2.66622E+03 -1.23415E-03
2.66634E+03 -1.12293E-03
2.66646E+03 -1.08204E-03
2.66658E+03 -1.04740E-03
2.66670E+03 -1.00043E-03
2.66682E+03 -1.01908E-03
2.66694E+03 -1.16597E-03
2.66706E+03 -1.36124E-03
2.66718E+03 -1.42462E-03
2.66731E+03 -1.26825E-03
2.66743E+03 -1.01809E-03
2.66755E+03 -9.11038E-04
2.66767E+03 -1.07459E-03
2.66779E+03 -1.41233E-03
2.66791E+03 -1.67933E-03
2.66803E+03 -1.65170E-03
2.66815E+03 -1.27348E-03
2.66827E+03 -7.21499E-04
2.66839E+03 -3.38402E-04
2.66851E+03 -4.20392E-04
2.66863E+03 -9.82068E-04
2.66875E+03 -1.70150E-03
2.66887E+03 -2.13023E-03
2.66899E+03 -2.02036E-03
2.66911E+03 -1.50185E-03
2.66923E+03 -9.61784E-04
2.66935E+03 -7.26797E-04
2.66948E+03 -8.24332E-04
2.66960E+03 -1.02895E-03
2.66972E+03 -1.11618E-03
2.66984E+03 -1.04010E-03
2.66996E+03 -8.87897E-04
2.67008E+03 -7.53246E-04
2.67020E+03 -6.99174E-04
2.67032E+03 -7.60209E-04
2.67044E+03 -8.81236E-04
2.67056E+03 -8.99255E-04
2.67068E+03 -7.07429E-04
2.67080E+03 -4.37081E-04
2.67092E+03 -3.55054E-04
2.67104E+03 -5.55124E-04
2.67116E+03 -8.70623E-04
2.67128E+03 -1.12899E-03
2.67140E+03 -1.34108E-03
2.67152E+03 -1.53320E-03
2.67165E+03 -1.54442E-03
2.67177E+03 -1.21586E-03
2.67189E+03 -7.50124E-04
2.67201E+03 -6.38045E-04
2.67213E+03 -1.11356E-03
2.67225E+03 -1.81890E-03
2.67237E+03 -2.15226E-03
2.67249E+03 -1.89863E-03
2.67261E+03 -1.41135E-03
2.67273E+03 -1.19735E-03
2.67285E+03 -1.41423E-03
2.67297E+03 -1.77312E-03
2.67309E+03 -1.85876E-03
2.67321E+03 -1.51826E-03
2.67333E+03 -9.84654E-04
2.67345E+03 -6.59563E-04
2.67357E+03 -7.68241E-04
2.67369E+03 -1.20211E-03
2.67381E+03 -1.66339E-03
2.67394E+03 -1.91960E-03
2.67406E+03 -1.91442E-03
2.67418E+03 -1.71717E-03
2.67430E+03 -1.45737E-03
2.67442E+03 -1.27776E-03
2.67454E+03 -1.23227E-03
2.67466E+03 -1.19265E-03
2.67478E+03 -9.42018E-04
2.67490E+03 -4.25678E-04
2.67502E+03 1.36197E-04
2.67514E+03 4.36541E-04
2.67526E+03 3.67217E-04
2.67538E+03 6.82101E-05
2.67550E+03 -2.33702E-04
2.67562E+03 -3.59956E-04
2.67574E+03 -2.34582E-04
2.67586E+03 5.89713E-05
2.67598E+03 2.47128E-04
2.67611E+03 6.12177E-05
2.67623E+03 -4.53636E-04
2.67635E+03 -8.95705E-04
2.67647E+03 -9.05506E-04
2.67659E+03 -5.47569E-04
2.67671E+03 -2.01497E-04
2.67683E+03 -1.27118E-04
2.67695E+03 -2.82802E-04
2.67707E+03 -5.50240E-04
2.67719E+03 -9.34213E-04
2.67731E+03 -1.43842E-03
2.67743E+03 -1.89383E-03
2.67755E+03 -2.07856E-03
2.67767E+03 -1.95850E-03
2.67779E+03 -1.67122E-03
2.67791E+03 -1.31255E-03
2.67803E+03 -9.00764E-04
2.67815E+03 -5.46578E-04
2.67828E+03 -4.56009E-04
2.67840E+03 -6.59075E-04
2.67852E+03 -8.79783E-04
2.67864E+03 -8.32397E-04
2.67876E+03 -5.89658E-04
2.67888E+03 -5.04110E-04
2.67900E+03 -7.59158E-04
2.67912E+03 -1.13856E-03
2.67924E+03 -1.29371E-03
2.67936E+03 -1.13748E-03
2.67948E+03 -8.98756E-04
2.67960E+03 -8.46427E-04
2.67972E+03 -1.03839E-03
2.67984E+03 -1.31388E-03
2.67996E+03 -1.44801E-03
2.68008E+03 -1.30663E-03
2.68020E+03 -9.28346E-04
2.68032E+03 -5.09582E-04
2.68045E+03 -2.79080E-04
2.68057E+03 -3.29304E-04
2.68069E+03 -5.49510E-04
2.68081E+03 -7.36635E-04
2.68093E+03 -7.84870E-04
2.68105E+03 -7.65610E-04
2.68117E+03 -8.18290E-04
2.68129E+03 -9.72841E-04
2.68141E+03 -1.09616E-03
2.68153E+03 -1.01584E-03
2.68165E+03 -6.96991E-04
2.68177E+03 -3.09318E-04
2.68189E+03 -1.25363E-04
2.68201E+03 -3.13535E-04
2.68213E+03 -7.69373E-04
2.68225E+03 -1.14536E-03
2.68237E+03 -1.12244E-03
2.68249E+03 -7.18281E-04
2.68261E+03 -2.95341E-04
2.68274E+03 -1.98741E-04
2.68286E+03 -4.07353E-04
2.68298E+03 -6.17780E-04
2.68310E+03 -6.52868E-04
2.68322E+03 -6.62915E-04
2.68334E+03 -8.73357E-04
2.68346E+03 -1.24721E-03
2.68358E+03 -1.51203E-03
2.68370E+03 -1.46843E-03
2.68382E+03 -1.15222E-03
2.68394E+03 -7.15390E-04
2.68406E+03 -2.92011E-04
2.68418E+03 -2.19345E-05
2.68430E+03 -6.30431E-05
2.68442E+03 -4.41387E-04
2.68454E+03 -9.23589E-04
2.68466E+03 -1.16777E-03
2.68478E+03 -1.04730E-03
2.68491E+03 -7.69194E-04
2.68503E+03 -6.41018E-04
2.68515E+03 -7.57605E-04
2.68527E+03 -9.37518E-04
2.68539E+03 -9.20989E-04
2.68551E+03 -5.83712E-04
2.68563E+03 3.56883E-06
2.68575E+03 6.17046E-04
2.68587E+03 9.51041E-04
2.68599E+03 7.35037E-04
2.68611E+03 -5.02579E-05
2.68623E+03 -1.02482E-03
2.68635E+03 -1.60093E-03
2.68647E+03 -1.45217E-03
2.68659E+03 -8.23800E-04
2.68671E+03 -3.02393E-04
2.68683E+03 -2.70084E-04
2.68695E+03 -6.48059E-04
2.68708E+03 -1.14200E-03
2.68720E+03 -1.57535E-03
2.68732E+03 -1.89834E-03
2.68744E+03 -2.01230E-03
2.68756E+03 -1.79267E-03
2.68768E+03 -1.30622E-03
2.68780E+03 -8.53930E-04
2.68792E+03 -7.07742E-04
2.68804E+03 -8.62502E-04
2.68816E+03 -1.10771E-03
2.68828E+03 -1.28749E-03
2.68840E+03 -1.40949E-03
2.68852E+03 -1.51937E-03
2.68864E+03 -1.56709E-03
2.68876E+03 -1.46115E-03
2.68888E+03 -1.23926E-03
2.68900E+03 -1.12548E-03
2.68912E+03 -1.35568E-03
2.68925E+03 -1.91872E-03
2.68937E+03 -2.50057E-03
2.68949E+03 -2.73434E-03
2.68961E+03 -2.51658E-03
2.68973E+03 -2.06214E-03
2.68985E+03 -1.67030E-03
2.68997E+03 -1.47825E-03
2.69009E+03 -1.41659E-03
2.69021E+03 -1.31899E-03
2.69033E+03 -1.05606E-03
2.69045E+03 -6.43812E-04
2.69057E+03 -2.66045E-04
2.69069E+03 -1.22178E-04
2.69081E+03 -1.99415E-04
2.69093E+03 -2.80615E-04
2.69105E+03 -2.63456E-04
2.69117E+03 -3.68211E-04
2.69129E+03 -8.53051E-04
2.69142E+03 -1.54669E-03
2.69154E+03 -1.88150E-03
2.69166E+03 -1.50220E-03
2.69178E+03 -7.05905E-04
2.69190E+03 -1.39114E-04
2.69202E+03 -1.35019E-04
2.69214E+03 -4.94383E-04
2.69226E+03 -8.67527E-04
2.69238E+03 -1.14582E-03
2.69250E+03 -1.40824E-03
2.69262E+03 -1.64745E-03
2.69274E+03 -1.71668E-03
2.69286E+03 -1.51807E-03
2.69298E+03 -1.11575E-03
2.69310E+03 -6.47683E-04
2.69322E+03 -2.27060E-04
2.69334E+03 3.15718E-05
2.69346E+03 -1.19992E-05
2.69359E+03 -3.87788E-04
2.69371E+03 -8.95243E-04
2.69383E+03 -1.20862E-03
2.69395E+03 -1.17746E-03
2.69407E+03 -9.63148E-04
2.69419E+03 -8.29991E-04
2.69431E+03 -8.50718E-04
2.69443E+03 -8.82082E-04
2.69455E+03 -7.94161E-04
2.69467E+03 -6.23740E-04
2.69479E+03 -4.89503E-04
2.69491E+03 -4.50622E-04
2.69503E+03 -5.01338E-04
2.69515E+03 -6.34875E-04
2.69527E+03 -8.30796E-04
2.69539E+03 -1.00920E-03
2.69551E+03 -1.07571E-03
2.69563E+03 -1.02035E-03
2.69576E+03 -9.30663E-04
2.69588E+03 -9.13478E-04
2.69600E+03 -1.03832E-03
2.69612E+03 -1.31955E-03
2.69624E+03 -1.66862E-03
2.69636E+03 -1.87362E-03
2.69648E+03 -1.73806E-03
2.69660E+03 -1.29553E-03
2.69672E+03 -8.23095E-04
2.69684E+03 -5.89743E-04
2.69696E+03 -6.30233E-04
2.69708E+03 -7.92973E-04
2.69720E+03 -9.32112E-04
2.69732E+03 -9.73277E-04
2.69744E+03 -8.59413E-04
2.69756E+03 -5.72406E-04
2.69768E+03 -2.24594E-04
2.69780E+03 -1.93901E-05
2.69793E+03 -6.38105E-05
2.69805E+03 -2.66746E-04
2.69817E+03 -4.46532E-04
2.69829E+03 -4.83420E-04
2.69841E+03 -3.51992E-04
2.69853E+03 -1.03138E-04
2.69865E+03 1.06156E-04
2.69877E+03 3.86424E-05
2.69889E+03 -4.20559E-04
2.69901E+03 -1.08431E-03
2.69913E+03 -1.58143E-03
2.69925E+03 -1.67965E-03
2.69937E+03 -1.44928E-03
2.69949E+03 -1.09893E-03
2.69961E+03 -7.51864E-04
2.69973E+03 -4.52120E-04
2.69985E+03 -3.01659E-04
2.69997E+03 -4.36142E-04
2.70009E+03 -8.29596E-04
2.70022E+03 -1.22678E-03
2.70034E+03 -1.36189E-03
2.70046E+03 -1.22561E-03
2.70058E+03 -1.05548E-03
2.70070E+03 -1.07329E-03
2.70082E+03 -1.29152E-03
2.70094E+03 -1.57292E-03
2.70106E+03 -1.79001E-03
2.70118E+03 -1.87022E-03
2.70130E+03 -1.76278E-03
2.70142E+03 -1.48669E-03
2.70154E+03 -1.21420E-03
2.70166E+03 -1.17891E-03
2.70178E+03 -1.42137E-03
2.70190E+03 -1.68619E-03
2.70202E+03 -1.65517E-03
2.70214E+03 -1.27193E-03
2.70226E+03 -7.94832E-04
2.70239E+03 -5.53478E-04
2.70251E+03 -6.88158E-04
2.70263E+03 -1.06566E-03
2.70275E+03 -1.36633E-03
2.70287E+03 -1.30617E-03
2.70299E+03 -9.13013E-04
2.70311E+03 -5.92187E-04
2.70323E+03 -7.69816E-04
2.70335E+03 -1.40343E-03
2.70347E+03 -1.96699E-03
2.70359E+03 -2.00475E-03
2.70371E+03 -1.59248E-03
2.70383E+03 -1.15313E-03
2.70395E+03 -9.36802E-04
2.70407E+03 -8.58087E-04
2.70419E+03 -7.83972E-04
2.70431E+03 -7.48914E-04
2.70443E+03 -8.25107E-04
2.70456E+03 -9.57049E-04
2.70468E+03 -1.04315E-03
2.70480E+03 -1.08267E-03
2.70492E+03 -1.13332E-03
2.70504E+03 -1.19218E-03
2.70516E+03 -1.23003E-03
2.70528E+03 -1.30295E-03
2.70540E+03 -1.51076E-03
2.70552E+03 -1.83819E-03
2.70564E+03 -2.12694E-03
2.70576E+03 -2.23258E-03
2.70588E+03 -2.15416E-03
2.70600E+03 -1.98967E-03
2.70612E+03 -1.81201E-03
2.70624E+03 -1.62063E-03
2.70636E+03 -1.39209E-03
2.70648E+03 -1.15421E-03
2.70660E+03 -1.00860E-03
2.70673E+03 -1.06395E-03
2.70685E+03 -1.31377E-03
2.70697E+03 -1.58590E-03
2.70709E+03 -1.66097E-03
2.70721E+03 -1.47245E-03
2.70733E+03 -1.16820E-03
2.70745E+03 -9.42267E-04
2.70757E+03 -8.18629E-04
2.70769E+03 -6.41413E-04
2.70781E+03 -2.95509E-04
2.70793E+03 1.01238E-04
2.70805E+03 2.83133E-04
2.70817E+03 1.34230E-04
2.70829E+03 -1.83064E-04
2.70841E+03 -4.33765E-04
2.70853E+03 -6.00208E-04
2.70865E+03 -8.37091E-04
2.70877E+03 -1.16325E-03
2.70890E+03 -1.34999E-03
2.70902E+03 -1.20274E-03
2.70914E+03 -8.42422E-04
2.70926E+03 -5.73523E-04
2.70938E+03 -5.27866E-04
2.70950E+03 -5.78951E-04
2.70962E+03 -5.88477E-04
2.70974E+03 -5.78616E-04
2.70986E+03 -6.20503E-04
2.70998E+03 -6.96450E-04
2.71010E+03 -7.63763E-04
2.71022E+03 -8.58661E-04
2.71034E+03 -1.02039E-03
2.71046E+03 -1.16175E-03
2.71058E+03 -1.13475E-03
2.71070E+03 -9.21991E-04
2.71082E+03 -6.65344E-04
2.71094E+03 -4.86985E-04
2.71106E+03 -3.68603E-04
2.71119E+03 -2.57596E-04
2.71131E+03 -2.27615E-04
2.71143E+03 -4.39283E-04
2.71155E+03 -9.29505E-04
2.71167E+03 -1.50261E-03
2.71179E+03 -1.88237E-03
2.71191E+03 -1.96381E-03
2.71203E+03 -1.87797E-03
2.71215E+03 -1.81132E-03
2.71227E+03 -1.81470E-03
2.71239E+03 -1.81411E-03
2.71251E+03 -1.74953E-03
2.71263E+03 -1.63266E-03
2.71275E+03 -1.49367E-03
2.71287E+03 -1.35845E-03
2.71299E+03 -1.28675E-03
2.71311E+03 -1.34129E-03
2.71323E+03 -1.47546E-03
2.71336E+03 -1.52567E-03
2.71348E+03 -1.38552E-03
2.71360E+03 -1.14086E-03
2.71372E+03 -9.58744E-04
2.71384E+03 -8.75920E-04
2.71396E+03 -7.85567E-04
2.71408E+03 -6.33985E-04
2.71420E+03 -5.43118E-04
2.71432E+03 -6.89030E-04
2.71444E+03 -1.09348E-03
2.71456E+03 -1.56726E-03
2.71468E+03 -1.84761E-03
2.71480E+03 -1.79587E-03
2.71492E+03 -1.50478E-03
2.71504E+03 -1.23987E-03
2.71516E+03 -1.24718E-03
2.71528E+03 -1.55688E-03
2.71540E+03 -1.93350E-03
2.71553E+03 -2.03460E-03
2.71565E+03 -1.68464E-03
2.71577E+03 -1.04848E-03
2.71589E+03 -5.14496E-04
2.71601E+03 -3.36871E-04
2.71613E+03 -3.96218E-04
2.71625E+03 -3.95536E-04
2.71637E+03 -2.93974E-04
2.71649E+03 -3.97764E-04
2.71661E+03 -9.25574E-04
2.71673E+03 -1.62079E-03
2.71685E+03 -1.98576E-03
2.71697E+03 -1.85455E-03
2.71709E+03 -1.51605E-03
2.71721E+03 -1.25028E-03
2.71733E+03 -1.00002E-03
2.71745E+03 -6.37218E-04
2.71757E+03 -3.27229E-04
2.71770E+03 -3.59908E-04
2.71782E+03 -6.98864E-04
2.71794E+03 -9.71932E-04
2.71806E+03 -9.47632E-04
2.71818E+03 -8.04793E-04
2.71830E+03 -8.33672E-04
2.71842E+03 -1.04882E-03
2.71854E+03 -1.24486E-03
2.71866E+03 -1.31030E-03
2.71878E+03 -1.30461E-03
2.71890E+03 -1.27072E-03
2.71902E+03 -1.15765E-03
2.71914E+03 -9.65413E-04
2.71926E+03 -8.26411E-04
2.71938E+03 -8.65117E-04
2.71950E+03 -1.04869E-03
2.71962E+03 -1.24077E-03
2.71974E+03 -1.35254E-03
2.71987E+03 -1.38609E-03
2.71999E+03 -1.37684E-03
2.72011E+03 -1.36279E-03
2.72023E+03 -1.38520E-03
2.72035E+03 -1.45285E-03
2.72047E+03 -1.51345E-03
2.72059E+03 -1.51462E-03
2.72071E+03 -1.48246E-03
2.72083E+03 -1.47655E-03
2.72095E+03 -1.47232E-03
2.72107E+03 -1.37418E-03
2.72119E+03 -1.17870E-03
2.72131E+03 -1.04387E-03
2.72143E+03 -1.11580E-03
2.72155E+03 -1.32292E-03
2.72167E+03 -1.43160E-03
2.72179E+03 -1.31579E-03
2.72191E+03 -1.09775E-03
2.72204E+03 -9.82944E-04
2.72216E+03 -1.00442E-03
2.72228E+03 -9.96470E-04
2.72240E+03 -8.24511E-04
2.72252E+03 -5.86487E-04
2.72264E+03 -5.39683E-04
2.72276E+03 -8.28259E-04
2.72288E+03 -1.31962E-03
2.72300E+03 -1.72747E-03
2.72312E+03 -1.86303E-03
2.72324E+03 -1.73698E-03
2.72336E+03 -1.46554E-03
2.72348E+03 -1.16509E-03
2.72360E+03 -9.45669E-04
2.72372E+03 -9.06978E-04
2.72384E+03 -1.06104E-03
2.72396E+03 -1.29175E-03
2.72408E+03 -1.44913E-03
2.72421E+03 -1.46462E-03
2.72433E+03 -1.35071E-03
2.72445E+03 -1.15520E-03
2.72457E+03 -9.78779E-04
2.72469E+03 -9.54997E-04
2.72481E+03 -1.08435E-03
2.72493E+03 -1.12616E-03
2.72505E+03 -8.16237E-04
2.72517E+03 -2.16581E-04
2.72529E+03 2.91489E-04
2.72541E+03 4.04235E-04
2.72553E+03 1.67932E-04
2.72565E+03 -2.00033E-04
2.72577E+03 -5.66933E-04
2.72589E+03 -8.53419E-04
2.72601E+03 -9.03614E-04
2.72613E+03 -6.33668E-04
2.72625E+03 -2.58110E-04
2.72638E+03 -1.42436E-04
2.72650E+03 -3.96270E-04
2.72662E+03 -7.80810E-04
2.72674E+03 -1.05010E-03
2.72686E+03 -1.20296E-03
2.72698E+03 -1.31573E-03
2.72710E+03 -1.30717E-03
2.72722E+03 -1.04622E-03
2.72734E+03 -6.22693E-04
2.72746E+03 -3.33197E-04
2.72758E+03 -3.71385E-04
2.72770E+03 -6.23643E-04
2.72782E+03 -8.02539E-04
2.72794E+03 -7.45054E-04
2.72806E+03 -5.69258E-04
2.72818E+03 -5.46109E-04
2.72830E+03 -7.95726E-04
2.72842E+03 -1.11130E-03
2.72854E+03 -1.15118E-03
2.72867E+03 -8.39651E-04
2.72879E+03 -5.02259E-04
2.72891E+03 -5.38316E-04
2.72903E+03 -1.01183E-03
2.72915E+03 -1.63282E-03
2.72927E+03 -2.07311E-03
2.72939E+03 -2.19056E-03
2.72951E+03 -2.00321E-03
2.72963E+03 -1.61712E-03
2.72975E+03 -1.21491E-03
2.72987E+03 -9.84389E-04
2.72999E+03 -9.77781E-04
2.73011E+03 -1.09165E-03
2.73023E+03 -1.21064E-03
2.73035E+03 -1.30791E-03
2.73047E+03 -1.39166E-03
2.73059E+03 -1.45268E-03
2.73071E+03 -1.51799E-03
2.73084E+03 -1.66295E-03
2.73096E+03 -1.87993E-03
2.73108E+03 -1.99652E-03
2.73120E+03 -1.83593E-03
2.73132E+03 -1.45363E-03
2.73144E+03 -1.12634E-03
2.73156E+03 -1.07760E-03
2.73168E+03 -1.25514E-03
2.73180E+03 -1.39513E-03
2.73192E+03 -1.28841E-03
2.73204E+03 -9.88830E-04
2.73216E+03 -7.73344E-04
2.73228E+03 -8.84298E-04
2.73240E+03 -1.29391E-03
2.73252E+03 -1.72774E-03
2.73264E+03 -1.90843E-03
2.73276E+03 -1.73274E-03
2.73288E+03 -1.24396E-03
2.73301E+03 -5.69846E-04
2.73313E+03 4.90993E-05
2.73325E+03 3.08059E-04
2.73337E+03 9.58219E-05
2.73349E+03 -3.49384E-04
2.73361E+03 -6.88050E-04
2.73373E+03 -8.89618E-04
2.73385E+03 -1.20199E-03
2.73397E+03 -1.70030E-03
2.73409E+03 -2.07388E-03
2.73421E+03 -1.99355E-03
2.73433E+03 -1.53804E-03
2.73445E+03 -1.06749E-03
2.73457E+03 -7.60302E-04
2.73469E+03 -4.98421E-04
2.73481E+03 -2.08233E-04
2.73493E+03 -8.17887E-05
2.73505E+03 -3.36051E-04
2.73518E+03 -8.79049E-04
2.73530E+03 -1.36780E-03
2.73542E+03 -1.57147E-03
2.73554E+03 -1.56975E-03
2.73566E+03 -1.58888E-03
2.73578E+03 -1.71991E-03
2.73590E+03 -1.83259E-03
2.73602E+03 -1.73896E-03
2.73614E+03 -1.41360E-03
2.73626E+03 -1.04238E-03
2.73638E+03 -8.49482E-04
2.73650E+03 -8.79150E-04
2.73662E+03 -9.71489E-04
2.73674E+03 -9.58130E-04
2.73686E+03 -8.34644E-04
2.73698E+03 -7.09794E-04
2.73710E+03 -6.41376E-04
2.73722E+03 -6.05091E-04
2.73734E+03 -6.20518E-04
2.73747E+03 -8.11357E-04
2.73759E+03 -1.26857E-03
2.73771E+03 -1.87849E-03
2.73783E+03 -2.35689E-03
2.73795E+03 -2.48748E-03
2.73807E+03 -2.31228E-03
2.73819E+03 -2.06317E-03
2.73831E+03 -1.90825E-03
2.73843E+03 -1.79350E-03
2.73855E+03 -1.55067E-03
2.73867E+03 -1.13810E-03
2.73879E+03 -7.30045E-04
2.73891E+03 -5.51928E-04
2.73903E+03 -6.58512E-04
2.73915E+03 -9.00470E-04
2.73927E+03 -1.08373E-03
2.73939E+03 -1.12766E-03
2.73951E+03 -1.08404E-03
2.73964E+03 -1.05373E-03
2.73976E+03 -1.09380E-03
2.73988E+03 -1.16621E-03
2.74000E+03 -1.15765E-03
2.74012E+03 -9.76123E-04
2.74024E+03 -6.41759E-04
2.74036E+03 -2.62734E-04
2.74048E+03 7.21551E-05
2.74060E+03 3.19552E-04
2.74072E+03 4.08340E-04
2.74084E+03 2.21133E-04
2.74096E+03 -2.58770E-04
2.74108E+03 -8.27715E-04
2.74120E+03 -1.20002E-03
2.74132E+03 -1.26582E-03
2.74144E+03 -1.15925E-03
2.74156E+03 -1.06276E-03
2.74168E+03 -1.02522E-03
2.74181E+03 -1.00071E-03
2.74193E+03 -9.83357E-04
2.74205E+03 -1.02930E-03
2.74217E+03 -1.17402E-03
2.74229E+03 -1.37605E-03
2.74241E+03 -1.52548E-03
2.74253E+03 -1.49390E-03
2.74265E+03 -1.23508E-03
2.74277E+03 -8.86239E-04
2.74289E+03 -7.12615E-04
2.74301E+03 -8.68287E-04
2.74313E+03 -1.23011E-03
2.74325E+03 -1.53814E-03
2.74337E+03 -1.67221E-03
2.74349E+03 -1.70990E-03
2.74361E+03 -1.73908E-03
2.74373E+03 -1.73553E-03
2.74385E+03 -1.64727E-03
2.74398E+03 -1.48474E-03
2.74410E+03 -1.27133E-03
2.74422E+03 -1.00584E-03
2.74434E+03 -7.52870E-04
2.74446E+03 -6.83419E-04
2.74458E+03 -9.08136E-04
2.74470E+03 -1.30366E-03
2.74482E+03 -1.60613E-03
2.74494E+03 -1.67088E-03
2.74506E+03 -1.57246E-03
2.74518E+03 -1.47106E-03
2.74530E+03 -1.47079E-03
2.74542E+03 -1.60249E-03
2.74554E+03 -1.83296E-03
2.74566E+03 -2.04380E-03
2.74578E+03 -2.07442E-03
2.74590E+03 -1.85388E-03
2.74602E+03 -1.48656E-03
2.74615E+03 -1.19941E-03
2.74627E+03 -1.20319E-03
2.74639E+03 -1.54163E-03
2.74651E+03 -1.99975E-03
2.74663E+03 -2.20977E-03
2.74675E+03 -1.99400E-03
2.74687E+03 -1.62411E-03
2.74699E+03 -1.57797E-03
2.74711E+03 -1.95033E-03
2.74723E+03 -2.25919E-03
2.74735E+03 -1.99598E-03
2.74747E+03 -1.26962E-03
2.74759E+03 -6.99349E-04
2.74771E+03 -6.82425E-04
2.74783E+03 -9.82426E-04
2.74795E+03 -1.10977E-03
2.74807E+03 -9.19960E-04
2.74819E+03 -6.76375E-04
2.74832E+03 -6.18864E-04
2.74844E+03 -6.77370E-04
2.74856E+03 -6.54764E-04
2.74868E+03 -5.58916E-04
2.74880E+03 -6.24012E-04
2.74892E+03 -9.89303E-04
2.74904E+03 -1.43118E-03
2.74916E+03 -1.51275E-03
2.74928E+03 -1.05269E-03
2.74940E+03 -3.92422E-04
2.74952E+03 -8.46200E-05
2.74964E+03 -3.01190E-04
2.74976E+03 -6.57916E-04
2.74988E+03 -6.75805E-04
2.75000E+03 -3.10834E-04
2.75012E+03 8.07978E-05
2.75024E+03 2.15970E-04
2.75036E+03 1.48244E-04
2.75049E+03 3.38778E-05
2.75061E+03 -1.57665E-04
2.75073E+03 -5.66408E-04
2.75085E+03 -1.17037E-03
2.75097E+03 -1.72317E-03
2.75109E+03 -1.98512E-03
2.75121E+03 -1.94095E-03
2.75133E+03 -1.78915E-03
2.75145E+03 -1.76690E-03
2.75157E+03 -1.96566E-03
2.75169E+03 -2.25019E-03
2.75181E+03 -2.36210E-03
2.75193E+03 -2.16806E-03
2.75205E+03 -1.81141E-03
2.75217E+03 -1.54991E-03
2.75229E+03 -1.42729E-03
2.75241E+03 -1.19829E-03
2.75253E+03 -6.47768E-04
2.75266E+03 8.02577E-05
2.75278E+03 5.61036E-04
2.75290E+03 4.99658E-04
2.75302E+03 -1.15186E-05
2.75314E+03 -6.08113E-04
2.75326E+03 -9.59110E-04
2.75338E+03 -9.42722E-04
2.75350E+03 -6.46085E-04
2.75362E+03 -2.83409E-04
2.75374E+03 -7.59475E-05
2.75386E+03 -1.07586E-04
2.75398E+03 -2.65438E-04
2.75410E+03 -3.63000E-04
2.75422E+03 -3.33928E-04
2.75434E+03 -2.76666E-04
2.75446E+03 -3.15100E-04
2.75458E+03 -4.70534E-04
2.75470E+03 -6.94275E-04
2.75482E+03 -9.66396E-04
2.75495E+03 -1.28975E-03
2.75507E+03 -1.59969E-03
2.75519E+03 -1.76216E-03
2.75531E+03 -1.69924E-03
2.75543E+03 -1.47158E-03
2.75555E+03 -1.19863E-03
2.75567E+03 -9.41049E-04
2.75579E+03 -7.20330E-04
2.75591E+03 -6.14118E-04
2.75603E+03 -7.21190E-04
2.75615E+03 -9.96444E-04
2.75627E+03 -1.21465E-03
2.75639E+03 -1.19188E-03
2.75651E+03 -1.00426E-03
2.75663E+03 -8.87055E-04
2.75675E+03 -9.23544E-04
2.75687E+03 -9.49502E-04
2.75699E+03 -8.08071E-04
2.75712E+03 -5.92958E-04
2.75724E+03 -5.31197E-04
2.75736E+03 -6.79508E-04
2.75748E+03 -8.71386E-04
2.75760E+03 -9.73221E-04
2.75772E+03 -1.05793E-03
2.75784E+03 -1.24523E-03
2.75796E+03 -1.47082E-03
2.75808E+03 -1.55859E-03
2.75820E+03 -1.50019E-03
2.75832E+03 -1.50207E-03
2.75844E+03 -1.68271E-03
2.75856E+03 -1.84728E-03
2.75868E+03 -1.70800E-03
2.75880E+03 -1.28211E-03
2.75892E+03 -9.03487E-04
2.75904E+03 -8.08224E-04
2.75916E+03 -8.70533E-04
2.75929E+03 -8.60065E-04
2.75941E+03 -8.25789E-04
2.75953E+03 -1.02694E-03
2.75965E+03 -1.51897E-03
2.75977E+03 -2.02151E-03
2.75989E+03 -2.26155E-03
2.76001E+03 -2.27332E-03
2.76013E+03 -2.24442E-03
2.76025E+03 -2.21336E-03
2.76037E+03 -2.09486E-03
2.76049E+03 -1.92049E-03
2.76061E+03 -1.84532E-03
2.76073E+03 -1.90515E-03
2.76085E+03 -1.93586E-03
2.76097E+03 -1.78338E-03
2.76109E+03 -1.46320E-03
2.76121E+03 -1.07003E-03
2.76133E+03 -6.74929E-04
2.76146E+03 -3.86376E-04
2.76158E+03 -3.60046E-04
2.76170E+03 -6.03665E-04
2.76182E+03 -8.68559E-04
2.76194E+03 -9.04631E-04
2.76206E+03 -7.78630E-04
2.76218E+03 -7.63863E-04
2.76230E+03 -9.25303E-04
2.76242E+03 -1.00793E-03
2.76254E+03 -7.99648E-04
2.76266E+03 -4.41786E-04
2.76278E+03 -2.58952E-04
2.76290E+03 -3.78154E-04
2.76302E+03 -6.38336E-04
2.76314E+03 -8.16926E-04
2.76326E+03 -8.26526E-04
2.76338E+03 -7.24196E-04
2.76350E+03 -6.53706E-04
2.76363E+03 -7.72957E-04
2.76375E+03 -1.10677E-03
2.76387E+03 -1.43384E-03
2.76399E+03 -1.43876E-03
2.76411E+03 -1.05321E-03
2.76423E+03 -5.69981E-04
2.76435E+03 -3.41650E-04
2.76447E+03 -4.24664E-04
2.76459E+03 -6.15280E-04
2.76471E+03 -7.91058E-04
2.76483E+03 -1.06115E-03
2.76495E+03 -1.53326E-03
2.76507E+03 -2.05589E-03
2.76519E+03 -2.30566E-03
2.76531E+03 -2.10505E-03
2.76543E+03 -1.58251E-03
2.76555E+03 -1.03525E-03
2.76567E+03 -6.99826E-04
2.76579E+03 -6.40929E-04
2.76592E+03 -7.67093E-04
2.76604E+03 -9.13732E-04
2.76616E+03 -9.71228E-04
2.76628E+03 -9.81249E-04
2.76640E+03 -1.08109E-03
2.76652E+03 -1.32962E-03
2.76664E+03 -1.62390E-03
2.76676E+03 -1.80309E-03
2.76688E+03 -1.78642E-03
2.76700E+03 -1.58835E-03
2.76712E+03 -1.27568E-03
2.76724E+03 -9.72580E-04
2.76736E+03 -8.34476E-04
2.76748E+03 -9.05395E-04
2.76760E+03 -1.02887E-03
2.76772E+03 -1.00810E-03
2.76784E+03 -8.44635E-04
2.76796E+03 -7.03096E-04
2.76809E+03 -6.48867E-04
2.76821E+03 -5.89609E-04
2.76833E+03 -5.38021E-04
2.76845E+03 -7.49435E-04
2.76857E+03 -1.41053E-03
2.76869E+03 -2.25803E-03
2.76881E+03 -2.70350E-03
2.76893E+03 -2.38476E-03
2.76905E+03 -1.49296E-03
2.76917E+03 -5.45811E-04
2.76929E+03 4.27552E-05
2.76941E+03 1.49552E-04
2.76953E+03 -1.09967E-04
2.76965E+03 -4.81240E-04
2.76977E+03 -6.80923E-04
2.76989E+03 -5.62847E-04
2.77001E+03 -2.46603E-04
2.77013E+03 -2.74666E-05
2.77026E+03 -1.16367E-04
2.77038E+03 -4.66671E-04
2.77050E+03 -8.53628E-04
2.77062E+03 -1.10310E-03
2.77074E+03 -1.22922E-03
2.77086E+03 -1.35038E-03
2.77098E+03 -1.48749E-03
2.77110E+03 -1.48928E-03
2.77122E+03 -1.20158E-03
2.77134E+03 -6.93481E-04
2.77146E+03 -2.48969E-04
2.77158E+03 -1.02613E-04
2.77170E+03 -2.24169E-04
2.77182E+03 -3.94855E-04
2.77194E+03 -4.53699E-04
2.77206E+03 -4.32763E-04
2.77218E+03 -4.86430E-04
2.77230E+03 -7.22911E-04
2.77243E+03 -1.06933E-03
2.77255E+03 -1.26833E-03
2.77267E+03 -1.07134E-03
2.77279E+03 -5.10730E-04
2.77291E+03 5.79916E-05
2.77303E+03 2.74923E-04
2.77315E+03 1.42585E-04
2.77327E+03 -4.02257E-05
2.77339E+03 -1.02181E-04
2.77351E+03 -2.35435E-04
2.77363E+03 -7.16522E-04
2.77375E+03 -1.49610E-03
2.77387E+03 -2.18404E-03
2.77399E+03 -2.42483E-03
2.77411E+03 -2.19242E-03
2.77423E+03 -1.72855E-03
2.77435E+03 -1.29932E-03
2.77447E+03 -1.04918E-03
2.77460E+03 -1.00229E-03
2.77472E+03 -1.10008E-03
2.77484E+03 -1.22707E-03
2.77496E+03 -1.25637E-03
2.77508E+03 -1.10881E-03
2.77520E+03 -7.78947E-04
2.77532E+03 -3.32829E-04
2.77544E+03 8.32565E-05
2.77556E+03 2.53681E-04
2.77568E+03 2.53357E-05
2.77580E+03 -5.11043E-04
2.77592E+03 -1.00391E-03
2.77604E+03 -1.13539E-03
2.77616E+03 -9.47878E-04
2.77628E+03 -8.08395E-04
2.77640E+03 -1.00274E-03
2.77652E+03 -1.44589E-03
2.77664E+03 -1.85552E-03
2.77677E+03 -2.11073E-03
2.77689E+03 -2.30017E-03
2.77701E+03 -2.47589E-03
2.77713E+03 -2.56038E-03
2.77725E+03 -2.52786E-03
2.77737E+03 -2.48303E-03
2.77749E+03 -2.45267E-03
2.77761E+03 -2.26010E-03
2.77773E+03 -1.77463E-03
2.77785E+03 -1.18779E-03
2.77797E+03 -8.54112E-04
2.77809E+03 -8.95727E-04
2.77821E+03 -1.13641E-03
2.77833E+03 -1.39278E-03
2.77845E+03 -1.60757E-03
2.77857E+03 -1.66939E-03
2.77869E+03 -1.36436E-03
2.77881E+03 -6.79675E-04
2.77894E+03 1.13621E-05
2.77906E+03 2.77940E-04
2.77918E+03 9.60119E-05
2.77930E+03 -2.07163E-04
2.77942E+03 -4.18611E-04
2.77954E+03 -6.62103E-04
2.77966E+03 -1.10215E-03
2.77978E+03 -1.62982E-03
2.77990E+03 -1.97737E-03
2.78002E+03 -2.05766E-03
2.78014E+03 -2.04965E-03
2.78026E+03 -2.15436E-03
2.78038E+03 -2.36358E-03
2.78050E+03 -2.50288E-03
2.78062E+03 -2.44826E-03
2.78074E+03 -2.24814E-03
2.78086E+03 -2.02610E-03
2.78098E+03 -1.80091E-03
2.78110E+03 -1.46354E-03
2.78123E+03 -9.69689E-04
2.78135E+03 -5.11799E-04
2.78147E+03 -4.10028E-04
2.78159E+03 -7.95372E-04
2.78171E+03 -1.44347E-03
2.78183E+03 -1.95373E-03
2.78195E+03 -2.06091E-03
2.78207E+03 -1.76205E-03
2.78219E+03 -1.23013E-03
2.78231E+03 -7.02523E-04
2.78243E+03 -4.13232E-04
2.78255E+03 -4.85875E-04
2.78267E+03 -8.14158E-04
2.78279E+03 -1.11427E-03
2.78291E+03 -1.18158E-03
2.78303E+03 -1.07786E-03
2.78315E+03 -1.01177E-03
2.78327E+03 -1.06606E-03
2.78340E+03 -1.13226E-03
2.78352E+03 -1.12081E-03
2.78364E+03 -1.11945E-03
2.78376E+03 -1.25604E-03
2.78388E+03 -1.46995E-03
2.78400E+03 -1.54298E-03
2.78412E+03 -1.36409E-03
2.78424E+03 -1.06161E-03
2.78436E+03 -8.40716E-04
2.78448E+03 -7.78738E-04
2.78460E+03 -8.32047E-04
2.78472E+03 -9.53890E-04
2.78484E+03 -1.10623E-03
2.78496E+03 -1.20762E-03
2.78508E+03 -1.19268E-03
2.78520E+03 -1.12755E-03
2.78532E+03 -1.16121E-03
2.78544E+03 -1.32941E-03
2.78557E+03 -1.49099E-03
2.78569E+03 -1.50316E-03
2.78581E+03 -1.39079E-03
2.78593E+03 -1.29008E-03
2.78605E+03 -1.28431E-03
2.78617E+03 -1.35931E-03
2.78629E+03 -1.47333E-03
2.78641E+03 -1.58465E-03
2.78653E+03 -1.62939E-03
2.78665E+03 -1.56581E-03
2.78677E+03 -1.47054E-03
2.78689E+03 -1.52657E-03
2.78701E+03 -1.85629E-03
2.78713E+03 -2.36729E-03
2.78725E+03 -2.78755E-03
2.78737E+03 -2.87458E-03
2.78749E+03 -2.61786E-03
2.78761E+03 -2.25066E-03
2.78774E+03 -2.03658E-03
2.78786E+03 -2.01190E-03
2.78798E+03 -1.95069E-03
2.78810E+03 -1.61609E-03
2.78822E+03 -1.04066E-03
2.78834E+03 -5.25028E-04
2.78846E+03 -3.56261E-04
2.78858E+03 -5.51030E-04
2.78870E+03 -8.59238E-04
2.78882E+03 -9.72334E-04
2.78894E+03 -7.45773E-04
2.78906E+03 -3.07105E-04
2.78918E+03 1.82055E-05
2.78930E+03 -4.57056E-05
2.78942E+03 -4.62987E-04
2.78954E+03 -9.23458E-04
2.78966E+03 -1.16729E-03
2.78978E+03 -1.23996E-03
2.78991E+03 -1.34164E-03
2.79003E+03 -1.48705E-03
2.79015E+03 -1.48089E-03
2.79027E+03 -1.26404E-03
2.79039E+03 -1.09508E-03
2.79051E+03 -1.22217E-03
2.79063E+03 -1.47762E-03
2.79075E+03 -1.43262E-03
2.79087E+03 -9.72100E-04
2.79099E+03 -4.86508E-04
2.79111E+03 -3.79119E-04
2.79123E+03 -5.77174E-04
2.79135E+03 -7.30634E-04
2.79147E+03 -7.64791E-04
2.79159E+03 -9.47755E-04
2.79171E+03 -1.39455E-03
2.79183E+03 -1.78831E-03
2.79195E+03 -1.75089E-03
2.79208E+03 -1.32061E-03
2.79220E+03 -8.89864E-04
2.79232E+03 -7.66106E-04
2.79244E+03 -9.53294E-04
2.79256E+03 -1.28180E-03
2.79268E+03 -1.54494E-03
2.79280E+03 -1.53103E-03
2.79292E+03 -1.14981E-03
2.79304E+03 -6.05147E-04
2.79316E+03 -2.87469E-04
2.79328E+03 -4.00010E-04
2.79340E+03 -7.74100E-04
2.79352E+03 -1.09519E-03
2.79364E+03 -1.19783E-03
2.79376E+03 -1.09328E-03
2.79388E+03 -8.67095E-04
2.79400E+03 -6.79981E-04
2.79412E+03 -7.44320E-04
2.79425E+03 -1.11072E-03
2.79437E+03 -1.51524E-03
2.79449E+03 -1.60922E-03
2.79461E+03 -1.34683E-03
2.79473E+03 -1.00555E-03
2.79485E+03 -8.29030E-04
2.79497E+03 -8.10411E-04
2.79509E+03 -8.54112E-04
2.79521E+03 -9.54941E-04
2.79533E+03 -1.09510E-03
2.79545E+03 -1.11990E-03
2.79557E+03 -9.17990E-04
2.79569E+03 -6.73275E-04
2.79581E+03 -7.36114E-04
2.79593E+03 -1.20131E-03
2.79605E+03 -1.75296E-03
2.79617E+03 -2.00312E-03
2.79629E+03 -1.88770E-03
2.79642E+03 -1.65395E-03
2.79654E+03 -1.54932E-03
2.79666E+03 -1.62047E-03
2.79678E+03 -1.75666E-03
2.79690E+03 -1.80092E-03
2.79702E+03 -1.62591E-03
2.79714E+03 -1.23691E-03
2.79726E+03 -8.49776E-04
2.79738E+03 -7.58436E-04
2.79750E+03 -1.03606E-03
2.79762E+03 -1.42831E-03
2.79774E+03 -1.62190E-03
2.79786E+03 -1.56132E-03
2.79798E+03 -1.39725E-03
2.79810E+03 -1.18353E-03
2.79822E+03 -8.04864E-04
2.79834E+03 -2.50105E-04
2.79846E+03 2.07260E-04
2.79858E+03 2.42744E-04
2.79871E+03 -1.47328E-04
2.79883E+03 -6.43626E-04
2.79895E+03 -9.61840E-04
2.79907E+03 -1.09249E-03
2.79919E+03 -1.18342E-03
2.79931E+03 -1.29217E-03
2.79943E+03 -1.32784E-03
2.79955E+03 -1.19068E-03
2.79967E+03 -8.95765E-04
2.79979E+03 -5.57382E-04
2.79991E+03 -2.95065E-04
2.80003E+03 -1.72347E-04
2.80015E+03 -2.06262E-04
2.80027E+03 -4.00089E-04
2.80039E+03 -7.33338E-04
2.80051E+03 -1.11871E-03
2.80063E+03 -1.41343E-03
2.80075E+03 -1.51918E-03
2.80088E+03 -1.46647E-03
2.80100E+03 -1.37316E-03
2.80112E+03 -1.33554E-03
2.80124E+03 -1.39707E-03
2.80136E+03 -1.58674E-03
2.80148E+03 -1.88590E-03
2.80160E+03 -2.13053E-03
2.80172E+03 -2.05998E-03
2.80184E+03 -1.58778E-03
2.80196E+03 -1.00270E-03
2.80208E+03 -7.71686E-04
2.80220E+03 -1.07643E-03
2.80232E+03 -1.60374E-03
2.80244E+03 -1.86905E-03
2.80256E+03 -1.73028E-03
2.80268E+03 -1.49815E-03
2.80280E+03 -1.52680E-03
2.80292E+03 -1.79590E-03
2.80305E+03 -1.97221E-03
2.80317E+03 -1.81822E-03
2.80329E+03 -1.41698E-03
2.80341E+03 -1.00076E-03
2.80353E+03 -7.09474E-04
2.80365E+03 -5.90008E-04
2.80377E+03 -7.00943E-04
2.80389E+03 -1.05237E-03
2.80401E+03 -1.46797E-03
2.80413E+03 -1.66436E-03
2.80425E+03 -1.52471E-03
2.80437E+03 -1.21168E-03
2.80449E+03 -9.68706E-04
2.80461E+03 -8.84220E-04
2.80473E+03 -8.92565E-04
2.80485E+03 -9.20229E-04
2.80497E+03 -9.47960E-04
2.80509E+03 -9.71872E-04
2.80522E+03 -9.91080E-04
2.80534E+03 -1.03828E-03
2.80546E+03 -1.17071E-03
2.80558E+03 -1.40367E-03
2.80570E+03 -1.64771E-03
2.80582E+03 -1.70884E-03
2.80594E+03 -1.40338E-03
2.80606E+03 -7.73162E-04
2.80618E+03 -1.97344E-04
2.80630E+03 -1.57475E-04
2.80642E+03 -7.78150E-04
2.80654E+03 -1.65184E-03
2.80666E+03 -2.21330E-03
2.80678E+03 -2.25601E-03
2.80690E+03 -2.00652E-03
2.80702E+03 -1.76232E-03
2.80714E+03 -1.60317E-03
2.80726E+03 -1.45001E-03
2.80739E+03 -1.24553E-03
2.80751E+03 -1.00733E-03
2.80763E+03 -8.01105E-04
2.80775E+03 -7.24044E-04
2.80787E+03 -8.37877E-04
2.80799E+03 -1.06504E-03
2.80811E+03 -1.23243E-03
2.80823E+03 -1.28008E-03
2.80835E+03 -1.34038E-03
2.80847E+03 -1.52386E-03
2.80859E+03 -1.71468E-03
2.80871E+03 -1.72339E-03
2.80883E+03 -1.60949E-03
2.80895E+03 -1.67241E-03
2.80907E+03 -2.05413E-03
2.80919E+03 -2.48115E-03
2.80931E+03 -2.52907E-03
2.80943E+03 -2.10744E-03
2.80955E+03 -1.57183E-03
2.80968E+03 -1.34160E-03
2.80980E+03 -1.49404E-03
2.80992E+03 -1.77492E-03
2.81004E+03 -1.93765E-03
2.81016E+03 -1.97722E-03
2.81028E+03 -2.02621E-03
2.81040E+03 -2.11654E-03
2.81052E+03 -2.12283E-03
2.81064E+03 -1.92179E-03
2.81076E+03 -1.54386E-03
2.81088E+03 -1.14715E-03
2.81100E+03 -8.66201E-04
2.81112E+03 -6.96052E-04
2.81124E+03 -5.15532E-04
2.81136E+03 -2.35919E-04
2.81148E+03 5.85727E-05
2.81160E+03 1.51746E-04
2.81172E+03 -5.69895E-05
2.81185E+03 -3.81671E-04
2.81197E+03 -5.12630E-04
2.81209E+03 -3.49078E-04
2.81221E+03 -9.39630E-05
2.81233E+03 4.37349E-06
2.81245E+03 -1.14169E-04
2.81257E+03 -3.79149E-04
2.81269E+03 -7.54457E-04
2.81281E+03 -1.16590E-03
2.81293E+03 -1.37394E-03
2.81305E+03 -1.14286E-03
2.81317E+03 -5.78087E-04
2.81329E+03 -1.15164E-04
2.81341E+03 -7.76388E-05
2.81353E+03 -3.60526E-04
2.81365E+03 -6.48480E-04
2.81377E+03 -8.37121E-04
2.81389E+03 -1.08133E-03
2.81402E+03 -1.46993E-03
2.81414E+03 -1.82684E-03
2.81426E+03 -1.88644E-03
2.81438E+03 -1.57105E-03
2.81450E+03 -1.04594E-03
2.81462E+03 -5.70085E-04
2.81474E+03 -3.36837E-04
2.81486E+03 -3.91755E-04
2.81498E+03 -6.23312E-04
2.81510E+03 -8.46170E-04
2.81522E+03 -9.50713E-04
2.81534E+03 -9.78842E-04
2.81546E+03 -1.02749E-03
2.81558E+03 -1.09068E-03
2.81570E+03 -1.04913E-03
2.81582E+03 -8.39788E-04
2.81594E+03 -6.02067E-04
2.81606E+03 -6.02148E-04
2.81619E+03 -9.82158E-04
2.81631E+03 -1.58210E-03
2.81643E+03 -2.03332E-03
2.81655E+03 -2.07031E-03
2.81667E+03 -1.77034E-03
2.81679E+03 -1.47435E-03
2.81691E+03 -1.46550E-03
2.81703E+03 -1.73740E-03
2.81715E+03 -2.06754E-03
2.81727E+03 -2.26112E-03
2.81739E+03 -2.27636E-03
2.81751E+03 -2.15628E-03
2.81763E+03 -1.94431E-03
2.81775E+03 -1.70214E-03
2.81787E+03 -1.52637E-03
2.81799E+03 -1.45911E-03
2.81811E+03 -1.40793E-03
2.81823E+03 -1.24222E-03
2.81836E+03 -9.78116E-04
2.81848E+03 -7.93662E-04
2.81860E+03 -8.28478E-04
2.81872E+03 -1.02822E-03
2.81884E+03 -1.23205E-03
2.81896E+03 -1.36227E-03
2.81908E+03 -1.46640E-03
2.81920E+03 -1.60124E-03
2.81932E+03 -1.75070E-03
2.81944E+03 -1.86367E-03
2.81956E+03 -1.91537E-03
2.81968E+03 -1.91010E-03
2.81980E+03 -1.86292E-03
2.81992E+03 -1.79792E-03
2.82004E+03 -1.73939E-03
2.82016E+03 -1.69475E-03
2.82028E+03 -1.66782E-03
2.82040E+03 -1.68242E-03
2.82053E+03 -1.74572E-03
2.82065E+03 -1.78575E-03
2.82077E+03 -1.68961E-03
2.82089E+03 -1.43955E-03
2.82101E+03 -1.15889E-03
2.82113E+03 -9.76376E-04
2.82125E+03 -8.91127E-04
2.82137E+03 -8.30777E-04
2.82149E+03 -7.96825E-04
2.82161E+03 -8.63798E-04
2.82173E+03 -1.05167E-03
2.82185E+03 -1.29960E-03
2.82197E+03 -1.57232E-03
2.82209E+03 -1.86995E-03
2.82221E+03 -2.08094E-03
2.82233E+03 -1.96942E-03
2.82245E+03 -1.48049E-03
2.82257E+03 -1.00871E-03
2.82270E+03 -1.13386E-03
2.82282E+03 -1.97006E-03
2.82294E+03 -2.89781E-03
2.82306E+03 -3.10694E-03
2.82318E+03 -2.40774E-03
2.82330E+03 -1.38933E-03
2.82342E+03 -7.60663E-04
2.82354E+03 -6.82119E-04
2.82366E+03 -8.19445E-04
2.82378E+03 -8.93760E-04
2.82390E+03 -9.67033E-04
2.82402E+03 -1.19600E-03
2.82414E+03 -1.51676E-03
2.82426E+03 -1.71030E-03
2.82438E+03 -1.69042E-03
2.82450E+03 -1.57750E-03
2.82462E+03 -1.49456E-03
2.82474E+03 -1.41090E-03
2.82486E+03 -1.22780E-03
2.82499E+03 -9.38896E-04
2.82511E+03 -6.41055E-04
2.82523E+03 -4.20019E-04
2.82535E+03 -2.82377E-04
2.82547E+03 -1.97873E-04
2.82559E+03 -1.72254E-04
2.82571E+03 -2.56512E-04
2.82583E+03 -4.76003E-04
2.82595E+03 -7.52103E-04
2.82607E+03 -9.26785E-04
2.82619E+03 -9.13031E-04
2.82631E+03 -8.16423E-04
2.82643E+03 -8.43823E-04
2.82655E+03 -1.06105E-03
2.82667E+03 -1.29997E-03
2.82679E+03 -1.36494E-03
2.82691E+03 -1.29037E-03
2.82703E+03 -1.29720E-03
2.82716E+03 -1.48243E-03
2.82728E+03 -1.65027E-03
2.82740E+03 -1.52272E-03
2.82752E+03 -1.06452E-03
2.82764E+03 -5.14086E-04
2.82776E+03 -1.10194E-04
2.82788E+03 1.11096E-04
2.82800E+03 2.11801E-04
2.82812E+03 1.69005E-04
2.82824E+03 -9.04165E-05
2.82836E+03 -4.84653E-04
2.82848E+03 -7.73303E-04
2.82860E+03 -8.21054E-04
2.82872E+03 -7.85504E-04
2.82884E+03 -9.21756E-04
2.82896E+03 -1.23296E-03
2.82908E+03 -1.44206E-03
2.82920E+03 -1.33941E-03
2.82933E+03 -1.05269E-03
2.82945E+03 -8.93187E-04
2.82957E+03 -9.87489E-04
2.82969E+03 -1.15240E-03
2.82981E+03 -1.13192E-03
2.82993E+03 -8.93898E-04
2.83005E+03 -6.71700E-04
2.83017E+03 -7.31461E-04
2.83029E+03 -1.08974E-03
2.83041E+03 -1.45299E-03
2.83053E+03 -1.47611E-03
2.83065E+03 -1.12296E-03
2.83077E+03 -7.34732E-04
2.83089E+03 -6.77828E-04
2.83101E+03 -9.54967E-04
2.83113E+03 -1.24892E-03
2.83125E+03 -1.33263E-03
2.83137E+03 -1.31238E-03
2.83150E+03 -1.41336E-03
2.83162E+03 -1.64171E-03
2.83174E+03 -1.77857E-03
2.83186E+03 -1.66246E-03
2.83198E+03 -1.36340E-03
2.83210E+03 -1.08311E-03
2.83222E+03 -9.87370E-04
2.83234E+03 -1.14078E-03
2.83246E+03 -1.47999E-03
2.83258E+03 -1.78711E-03
2.83270E+03 -1.79206E-03
2.83282E+03 -1.42578E-03
2.83294E+03 -9.55410E-04
2.83306E+03 -7.67846E-04
2.83318E+03 -9.99138E-04
2.83330E+03 -1.44557E-03
2.83342E+03 -1.84530E-03
2.83354E+03 -2.14892E-03
2.83367E+03 -2.45017E-03
2.83379E+03 -2.72773E-03
2.83391E+03 -2.78672E-03
2.83403E+03 -2.47907E-03
2.83415E+03 -1.89942E-03
2.83427E+03 -1.30966E-03
2.83439E+03 -9.05864E-04
2.83451E+03 -6.94588E-04
2.83463E+03 -5.63294E-04
2.83475E+03 -4.15143E-04
2.83487E+03 -2.39164E-04
2.83499E+03 -9.90964E-05
2.83511E+03 -7.40997E-05
2.83523E+03 -1.82904E-04
2.83535E+03 -3.48870E-04
2.83547E+03 -4.58002E-04
2.83559E+03 -4.68649E-04
2.83571E+03 -4.49739E-04
2.83583E+03 -4.89507E-04
2.83596E+03 -5.75483E-04
2.83608E+03 -5.92839E-04
2.83620E+03 -4.58915E-04
2.83632E+03 -2.53141E-04
2.83644E+03 -1.90321E-04
2.83656E+03 -4.32286E-04
2.83668E+03 -9.12320E-04
2.83680E+03 -1.36806E-03
2.83692E+03 -1.57641E-03
2.83704E+03 -1.54763E-03
2.83716E+03 -1.46388E-03
2.83728E+03 -1.44761E-03
2.83740E+03 -1.45136E-03
2.83752E+03 -1.38604E-03
2.83764E+03 -1.27963E-03
2.83776E+03 -1.23797E-03
2.83788E+03 -1.27983E-03
2.83800E+03 -1.29719E-03
2.83813E+03 -1.19762E-03
2.83825E+03 -1.01640E-03
2.83837E+03 -8.40347E-04
2.83849E+03 -6.76017E-04
2.83861E+03 -4.75105E-04
2.83873E+03 -2.82571E-04
2.83885E+03 -2.61541E-04
2.83897E+03 -4.97788E-04
2.83909E+03 -8.19325E-04
2.83921E+03 -9.14566E-04
2.83933E+03 -6.73134E-04
2.83945E+03 -3.56391E-04
2.83957E+03 -3.61733E-04
2.83969E+03 -8.20566E-04
2.83981E+03 -1.47650E-03
2.83993E+03 -1.95454E-03
2.84005E+03 -2.09309E-03
2.84017E+03 -1.99224E-03
2.84030E+03 -1.79813E-03
2.84042E+03 -1.52416E-03
2.84054E+03 -1.10709E-03
2.84066E+03 -5.99574E-04
2.84078E+03 -2.50496E-04
2.84090E+03 -3.33205E-04
2.84102E+03 -8.57312E-04
2.84114E+03 -1.48581E-03
2.84126E+03 -1.81641E-03
2.84138E+03 -1.76260E-03
2.84150E+03 -1.58098E-03
2.84162E+03 -1.49940E-03
2.84174E+03 -1.44010E-03
2.84186E+03 -1.20938E-03
2.84198E+03 -8.53479E-04
2.84210E+03 -6.34693E-04
2.84222E+03 -6.55290E-04
2.84234E+03 -7.04691E-04
2.84247E+03 -5.73598E-04
2.84259E+03 -3.81760E-04
2.84271E+03 -4.45105E-04
2.84283E+03 -8.64901E-04
2.84295E+03 -1.37935E-03
2.84307E+03 -1.63075E-03
2.84319E+03 -1.51100E-03
2.84331E+03 -1.24546E-03
2.84343E+03 -1.18209E-03
2.84355E+03 -1.47952E-03
2.84367E+03 -1.94747E-03
2.84379E+03 -2.20845E-03
2.84391E+03 -2.06503E-03
2.84403E+03 -1.67293E-03
2.84415E+03 -1.30275E-03
2.84427E+03 -1.01084E-03
2.84439E+03 -6.66995E-04
2.84451E+03 -2.60212E-04
2.84464E+03 1.16788E-05
2.84476E+03 6.59004E-06
2.84488E+03 -1.59867E-04
2.84500E+03 -3.08756E-04
2.84512E+03 -4.88866E-04
2.84524E+03 -8.97788E-04
2.84536E+03 -1.53462E-03
2.84548E+03 -2.07601E-03
2.84560E+03 -2.17273E-03
2.84572E+03 -1.82264E-03
2.84584E+03 -1.39735E-03
2.84596E+03 -1.29450E-03
2.84608E+03 -1.56262E-03
2.84620E+03 -1.86900E-03
2.84632E+03 -1.85949E-03
2.84644E+03 -1.54162E-03
2.84656E+03 -1.25261E-03
2.84668E+03 -1.23243E-03
2.84681E+03 -1.32620E-03
2.84693E+03 -1.20464E-03
2.84705E+03 -8.18666E-04
2.84717E+03 -4.94517E-04
2.84729E+03 -5.71955E-04
2.84741E+03 -1.06775E-03
2.84753E+03 -1.71023E-03
2.84765E+03 -2.16873E-03
2.84777E+03 -2.20238E-03
2.84789E+03 -1.75786E-03
2.84801E+03 -1.08796E-03
2.84813E+03 -6.78822E-04
2.84825E+03 -8.36816E-04
2.84837E+03 -1.31617E-03
2.84849E+03 -1.53052E-03
2.84861E+03 -1.21953E-03
2.84873E+03 -7.56551E-04
2.84885E+03 -6.61466E-04
2.84898E+03 -9.30522E-04
2.84910E+03 -1.06030E-03
2.84922E+03 -7.16705E-04
2.84934E+03 -1.55184E-04
2.84946E+03 1.24391E-04
2.84958E+03 -3.07485E-05
2.84970E+03 -3.37571E-04
2.84982E+03 -5.14995E-04
2.84994E+03 -5.69001E-04
2.85006E+03 -6.40500E-04
2.85018E+03 -7.54151E-04
2.85030E+03 -8.30062E-04
2.85042E+03 -8.36499E-04
2.85054E+03 -8.09249E-04
2.85066E+03 -7.67749E-04
2.85078E+03 -7.14730E-04
2.85090E+03 -6.89331E-04
2.85102E+03 -7.23571E-04
2.85115E+03 -7.61997E-04
2.85127E+03 -7.18608E-04
2.85139E+03 -6.15817E-04
2.85151E+03 -5.81291E-04
2.85163E+03 -6.95474E-04
2.85175E+03 -9.19420E-04
2.85187E+03 -1.17896E-03
2.85199E+03 -1.42501E-03
2.85211E+03 -1.58424E-03
2.85223E+03 -1.55791E-03
2.85235E+03 -1.34502E-03
2.85247E+03 -1.11058E-03
2.85259E+03 -1.06318E-03
2.85271E+03 -1.28552E-03
2.85283E+03 -1.69483E-03
2.85295E+03 -2.09719E-03
2.85307E+03 -2.25447E-03
2.85319E+03 -2.01242E-03
2.85331E+03 -1.46261E-03
2.85344E+03 -9.18102E-04
2.85356E+03 -6.38355E-04
2.85368E+03 -6.20514E-04
2.85380E+03 -7.24588E-04
2.85392E+03 -9.11463E-04
2.85404E+03 -1.22244E-03
2.85416E+03 -1.58082E-03
2.85428E+03 -1.79075E-03
2.85440E+03 -1.74579E-03
2.85452E+03 -1.50345E-03
2.85464E+03 -1.15409E-03
2.85476E+03 -7.81022E-04
2.85488E+03 -5.64344E-04
2.85500E+03 -6.94342E-04
2.85512E+03 -1.05816E-03
2.85524E+03 -1.21802E-03
2.85536E+03 -9.23626E-04
2.85548E+03 -5.34058E-04
2.85561E+03 -6.65426E-04
2.85573E+03 -1.40922E-03
2.85585E+03 -2.13595E-03
2.85597E+03 -2.17560E-03
2.85609E+03 -1.53478E-03
2.85621E+03 -8.07170E-04
2.85633E+03 -4.83248E-04
2.85645E+03 -5.17633E-04
2.85657E+03 -5.48817E-04
2.85669E+03 -3.70383E-04
2.85681E+03 -9.58517E-05
2.85693E+03 5.93252E-05
2.85705E+03 2.25343E-05
2.85717E+03 -1.26615E-04
2.85729E+03 -3.09896E-04
2.85741E+03 -5.15580E-04
2.85753E+03 -7.12261E-04
2.85765E+03 -8.10441E-04
2.85778E+03 -7.69153E-04
2.85790E+03 -6.92789E-04
2.85802E+03 -7.47569E-04
2.85814E+03 -9.85868E-04
2.85826E+03 -1.28440E-03
2.85838E+03 -1.43026E-03
2.85850E+03 -1.24510E-03
2.85862E+03 -7.06822E-04
2.85874E+03 -5.01610E-05
2.85886E+03 3.02650E-04
2.85898E+03 6.73085E-05
2.85910E+03 -5.82840E-04
2.85922E+03 -1.13826E-03
2.85934E+03 -1.25676E-03
2.85946E+03 -1.05118E-03
2.85958E+03 -8.40161E-04
2.85970E+03 -7.47431E-04
2.85982E+03 -6.86962E-04
2.85995E+03 -6.48919E-04
2.86007E+03 -7.76589E-04
2.86019E+03 -1.11714E-03
2.86031E+03 -1.46563E-03
2.86043E+03 -1.57057E-03
2.86055E+03 -1.41283E-03
2.86067E+03 -1.18198E-03
2.86079E+03 -1.03393E-03
2.86091E+03 -9.85291E-04
2.86103E+03 -1.01574E-03
2.86115E+03 -1.13316E-03
2.86127E+03 -1.28553E-03
2.86139E+03 -1.31793E-03
2.86151E+03 -1.12953E-03
2.86163E+03 -8.43793E-04
2.86175E+03 -7.13456E-04
2.86187E+03 -8.18297E-04
2.86199E+03 -9.34307E-04
2.86211E+03 -7.82471E-04
2.86224E+03 -3.88149E-04
2.86236E+03 -1.03679E-04
2.86248E+03 -2.21707E-04
2.86260E+03 -6.11469E-04
2.86272E+03 -8.28397E-04
2.86284E+03 -6.17966E-04
2.86296E+03 -2.30335E-04
2.86308E+03 -1.29379E-04
2.86320E+03 -4.20365E-04
2.86332E+03 -7.18795E-04
2.86344E+03 -6.63742E-04
2.86356E+03 -4.17136E-04
2.86368E+03 -4.46238E-04
2.86380E+03 -8.60877E-04
2.86392E+03 -1.24262E-03
2.86404E+03 -1.23852E-03
2.86416E+03 -1.07229E-03
2.86428E+03 -1.20559E-03
2.86441E+03 -1.62961E-03
2.86453E+03 -1.83708E-03
2.86465E+03 -1.53976E-03
2.86477E+03 -1.10440E-03
2.86489E+03 -1.09749E-03
2.86501E+03 -1.59670E-03
2.86513E+03 -2.17265E-03
2.86525E+03 -2.43921E-03
2.86537E+03 -2.38410E-03
2.86549E+03 -2.19665E-03
2.86561E+03 -2.00810E-03
2.86573E+03 -1.86533E-03
2.86585E+03 -1.79937E-03
2.86597E+03 -1.82125E-03
2.86609E+03 -1.90961E-03
2.86621E+03 -2.03388E-03
2.86633E+03 -2.13268E-03
2.86645E+03 -2.09260E-03
2.86658E+03 -1.87426E-03
2.86670E+03 -1.66868E-03
2.86682E+03 -1.75943E-03
2.86694E+03 -2.14107E-03
2.86706E+03 -2.41805E-03
2.86718E+03 -2.23010E-03
2.86730E+03 -1.70051E-03
2.86742E+03 -1.29486E-03
2.86754E+03 -1.25071E-03
2.86766E+03 -1.31777E-03
2.86778E+03 -1.11222E-03
2.86790E+03 -5.98926E-04
2.86802E+03 -1.25658E-04
2.86814E+03 -3.36915E-05
2.86826E+03 -3.28757E-04
2.86838E+03 -7.34638E-04
2.86850E+03 -9.92063E-04
2.86862E+03 -1.06310E-03
2.86875E+03 -1.08422E-03
2.86887E+03 -1.18469E-03
2.86899E+03 -1.35873E-03
2.86911E+03 -1.46146E-03
2.86923E+03 -1.29471E-03
2.86935E+03 -7.52583E-04
2.86947E+03 2.91392E-05
2.86959E+03 6.72732E-04
2.86971E+03 8.22112E-04
2.86983E+03 4.41339E-04
2.86995E+03 -1.78576E-04
2.87007E+03 -7.03122E-04
2.87019E+03 -9.69563E-04
2.87031E+03 -9.11947E-04
2.87043E+03 -4.72680E-04
2.87055E+03 2.53227E-04
2.87067E+03 8.66987E-04
2.87079E+03 8.90594E-04
2.87092E+03 2.06102E-04
2.87104E+03 -7.96348E-04
2.87116E+03 -1.52922E-03
2.87128E+03 -1.63041E-03
2.87140E+03 -1.14289E-03
2.87152E+03 -4.57380E-04
2.87164E+03 -7.95983E-05
2.87176E+03 -2.68165E-04
2.87188E+03 -8.01206E-04
2.87200E+03 -1.19565E-03
2.87212E+03 -1.22146E-03
2.87224E+03 -1.09817E-03
2.87236E+03 -1.12139E-03
2.87248E+03 -1.24497E-03
2.87260E+03 -1.18314E-03
2.87272E+03 -8.25711E-04
2.87284E+03 -3.65883E-04
2.87296E+03 -6.01001E-05
2.87309E+03 -4.35561E-05
2.87321E+03 -3.65987E-04
2.87333E+03 -9.90309E-04
2.87345E+03 -1.67792E-03
2.87357E+03 -2.06186E-03
2.87369E+03 -1.99186E-03
2.87381E+03 -1.72709E-03
2.87393E+03 -1.64641E-03
2.87405E+03 -1.79415E-03
2.87417E+03 -1.82802E-03
2.87429E+03 -1.42882E-03
2.87441E+03 -6.94554E-04
2.87453E+03 -1.10287E-04
2.87465E+03 -1.42764E-04
2.87477E+03 -8.22712E-04
2.87489E+03 -1.67349E-03
2.87501E+03 -2.08805E-03
2.87513E+03 -1.85053E-03
2.87526E+03 -1.29360E-03
2.87538E+03 -9.33602E-04
2.87550E+03 -1.00807E-03
2.87562E+03 -1.40256E-03
2.87574E+03 -1.91891E-03
2.87586E+03 -2.44908E-03
2.87598E+03 -2.88717E-03
2.87610E+03 -3.05621E-03
2.87622E+03 -2.85497E-03
2.87634E+03 -2.42616E-03
2.87646E+03 -2.08426E-03
2.87658E+03 -2.07141E-03
2.87670E+03 -2.39409E-03
2.87682E+03 -2.84117E-03
2.87694E+03 -3.12020E-03
2.87706E+03 -3.03340E-03
2.87718E+03 -2.59850E-03
2.87730E+03 -2.00642E-03
2.87743E+03 -1.45353E-03
2.87755E+03 -1.04958E-03
2.87767E+03 -8.80290E-04
2.87779E+03 -1.03477E-03
2.87791E+03 -1.47318E-03
2.87803E+03 -1.94362E-03
2.87815E+03 -2.16249E-03
2.87827E+03 -2.06098E-03
2.87839E+03 -1.76147E-03
2.87851E+03 -1.38016E-03
2.87863E+03 -1.01160E-03
2.87875E+03 -8.46442E-04
2.87887E+03 -1.04220E-03
2.87899E+03 -1.40980E-03
2.87911E+03 -1.47818E-03
2.87923E+03 -1.04090E-03
2.87935E+03 -4.74945E-04
2.87947E+03 -3.14180E-04
2.87959E+03 -6.21822E-04
2.87972E+03 -1.00114E-03
2.87984E+03 -1.12514E-03
2.87996E+03 -9.93036E-04
2.88008E+03 -7.10916E-04
2.88020E+03 -3.43192E-04
2.88032E+03 -5.97201E-05
2.88044E+03 -1.27256E-04
2.88056E+03 -5.58261E-04
2.88068E+03 -9.66985E-04
2.88080E+03 -9.89750E-04
2.88092E+03 -7.22289E-04
2.88104E+03 -5.40379E-04
2.88116E+03 -5.95737E-04
2.88128E+03 -7.30313E-04
2.88140E+03 -8.45902E-04
2.88152E+03 -1.08470E-03
2.88164E+03 -1.55384E-03
2.88176E+03 -2.04422E-03
2.88189E+03 -2.16360E-03
2.88201E+03 -1.73041E-03
2.88213E+03 -1.01370E-03
2.88225E+03 -5.86994E-04
2.88237E+03 -8.57446E-04
2.88249E+03 -1.62015E-03
2.88261E+03 -2.15188E-03
2.88273E+03 -1.94523E-03
2.88285E+03 -1.32119E-03
2.88297E+03 -1.07508E-03
2.88309E+03 -1.49394E-03
2.88321E+03 -2.00867E-03
2.88333E+03 -1.96497E-03
2.88345E+03 -1.46243E-03
2.88357E+03 -1.13638E-03
2.88369E+03 -1.26727E-03
2.88381E+03 -1.47597E-03
2.88393E+03 -1.32516E-03
2.88406E+03 -8.98007E-04
2.88418E+03 -6.20827E-04
2.88430E+03 -7.11624E-04
2.88442E+03 -1.00190E-03
2.88454E+03 -1.21255E-03
2.88466E+03 -1.22263E-03
2.88478E+03 -1.08250E-03
2.88490E+03 -9.16090E-04
2.88502E+03 -8.59953E-04
2.88514E+03 -9.98314E-04
2.88526E+03 -1.26543E-03
2.88538E+03 -1.43054E-03
2.88550E+03 -1.26842E-03
2.88562E+03 -8.06730E-04
2.88574E+03 -3.79194E-04
2.88586E+03 -3.41669E-04
2.88598E+03 -6.89842E-04
2.88610E+03 -1.02669E-03
2.88623E+03 -9.87586E-04
2.88635E+03 -6.58792E-04
2.88647E+03 -4.64685E-04
2.88659E+03 -6.41733E-04
2.88671E+03 -9.58342E-04
2.88683E+03 -1.02279E-03
2.88695E+03 -7.63364E-04
2.88707E+03 -4.82380E-04
2.88719E+03 -4.73604E-04
2.88731E+03 -7.12801E-04
2.88743E+03 -9.57590E-04
2.88755E+03 -1.06276E-03
2.88767E+03 -1.11568E-03
2.88779E+03 -1.27252E-03
2.88791E+03 -1.52307E-03
2.88803E+03 -1.66544E-03
2.88815E+03 -1.52779E-03
2.88827E+03 -1.18866E-03
2.88840E+03 -9.28141E-04
2.88852E+03 -9.38412E-04
2.88864E+03 -1.11510E-03
2.88876E+03 -1.16811E-03
2.88888E+03 -9.19890E-04
2.88900E+03 -4.66682E-04
2.88912E+03 -7.68378E-05
2.88924E+03 2.30484E-05
2.88936E+03 -2.15650E-04
2.88948E+03 -6.24306E-04
2.88960E+03 -9.03085E-04
2.88972E+03 -8.11305E-04
2.88984E+03 -3.79521E-04
2.88996E+03 9.57958E-05
2.89008E+03 3.27829E-04
2.89020E+03 3.13159E-04
2.89032E+03 2.60569E-04
2.89044E+03 2.75776E-04
2.89056E+03 2.31829E-04
2.89069E+03 1.70395E-05
2.89081E+03 -2.00845E-04
2.89093E+03 -1.07229E-04
2.89105E+03 3.50710E-04
2.89117E+03 8.31243E-04
2.89129E+03 9.35230E-04
2.89141E+03 5.84822E-04
2.89153E+03 2.43858E-05
2.89165E+03 -4.59637E-04
2.89177E+03 -7.13404E-04
2.89189E+03 -7.15576E-04
2.89201E+03 -5.75416E-04
2.89213E+03 -5.52665E-04
2.89225E+03 -8.89894E-04
2.89237E+03 -1.51510E-03
2.89249E+03 -2.02149E-03
2.89261E+03 -2.07646E-03
2.89273E+03 -1.79509E-03
2.89286E+03 -1.57814E-03
2.89298E+03 -1.61438E-03
2.89310E+03 -1.71394E-03
2.89322E+03 -1.66376E-03
2.89334E+03 -1.55345E-03
2.89346E+03 -1.59356E-03
2.89358E+03 -1.72133E-03
2.89370E+03 -1.61780E-03
2.89382E+03 -1.15319E-03
2.89394E+03 -6.26963E-04
2.89406E+03 -4.45504E-04
2.89418E+03 -6.68615E-04
2.89430E+03 -1.01262E-03
2.89442E+03 -1.23654E-03
2.89454E+03 -1.35227E-03
2.89466E+03 -1.46043E-03
2.89478E+03 -1.56598E-03
2.89490E+03 -1.63017E-03
2.89503E+03 -1.66212E-03
2.89515E+03 -1.65300E-03
2.89527E+03 -1.52938E-03
2.89539E+03 -1.29286E-03
2.89551E+03 -1.10710E-03
2.89563E+03 -1.09171E-03
2.89575E+03 -1.09868E-03
2.89587E+03 -8.83199E-04
2.89599E+03 -4.76118E-04
2.89611E+03 -1.78404E-04
2.89623E+03 -1.61573E-04
2.89635E+03 -2.96734E-04
2.89647E+03 -4.63746E-04
2.89659E+03 -7.87463E-04
2.89671E+03 -1.35629E-03
2.89683E+03 -1.87346E-03
2.89695E+03 -1.88683E-03
2.89707E+03 -1.36825E-03
2.89720E+03 -8.27029E-04
2.89732E+03 -7.64389E-04
2.89744E+03 -1.16185E-03
2.89756E+03 -1.58269E-03
2.89768E+03 -1.65483E-03
2.89780E+03 -1.37705E-03
2.89792E+03 -1.05811E-03
2.89804E+03 -1.04162E-03
2.89816E+03 -1.40242E-03
2.89828E+03 -1.82965E-03
2.89840E+03 -1.89455E-03
2.89852E+03 -1.52905E-03
2.89864E+03 -1.16247E-03
2.89876E+03 -1.25325E-03
2.89888E+03 -1.72596E-03
2.89900E+03 -2.03849E-03
2.89912E+03 -1.82493E-03
2.89924E+03 -1.30228E-03
2.89937E+03 -9.66363E-04
2.89949E+03 -1.01969E-03
2.89961E+03 -1.22747E-03
2.89973E+03 -1.25888E-03
2.89985E+03 -1.01421E-03
2.89997E+03 -6.29451E-04
2.90009E+03 -3.20226E-04
2.90021E+03 -2.72028E-04
2.90033E+03 -5.42674E-04
2.90045E+03 -9.53831E-04
2.90057E+03 -1.15733E-03
2.90069E+03 -9.52657E-04
2.90081E+03 -5.30157E-04
2.90093E+03 -2.88434E-04
2.90105E+03 -4.08337E-04
2.90117E+03 -7.22587E-04
2.90129E+03 -1.01600E-03
2.90141E+03 -1.28627E-03
2.90154E+03 -1.60096E-03
2.90166E+03 -1.83034E-03
2.90178E+03 -1.72258E-03
2.90190E+03 -1.23512E-03
2.90202E+03 -6.34070E-04
2.90214E+03 -2.26885E-04
2.90226E+03 -1.13543E-04
2.90238E+03 -2.38795E-04
2.90250E+03 -5.40860E-04
2.90262E+03 -9.31535E-04
2.90274E+03 -1.22510E-03
2.90286E+03 -1.24366E-03
2.90298E+03 -9.97741E-04
2.90310E+03 -6.77276E-04
2.90322E+03 -4.75906E-04
2.90334E+03 -5.00277E-04
2.90346E+03 -8.04789E-04
2.90358E+03 -1.34476E-03
2.90371E+03 -1.84716E-03
2.90383E+03 -1.91253E-03
2.90395E+03 -1.42488E-03
2.90407E+03 -7.90942E-04
2.90419E+03 -5.71284E-04
2.90431E+03 -8.43715E-04
2.90443E+03 -1.10066E-03
2.90455E+03 -8.69408E-04
2.90467E+03 -2.95270E-04
2.90479E+03 4.27105E-05
2.90491E+03 -1.87937E-04
2.90503E+03 -7.53060E-04
2.90515E+03 -1.22738E-03
2.90527E+03 -1.44164E-03
2.90539E+03 -1.48169E-03
2.90551E+03 -1.43056E-03
2.90563E+03 -1.30627E-03
2.90575E+03 -1.16976E-03
2.90588E+03 -1.09757E-03
2.90600E+03 -1.06496E-03
2.90612E+03 -1.02821E-03
2.90624E+03 -1.10043E-03
2.90636E+03 -1.41309E-03
2.90648E+03 -1.74868E-03
2.90660E+03 -1.57950E-03
2.90672E+03 -6.90799E-04
2.90684E+03 3.88332E-04
2.90696E+03 8.45049E-04
2.90708E+03 4.59723E-04
2.90720E+03 -2.24862E-04
2.90732E+03 -6.08526E-04
2.90744E+03 -6.62804E-04
2.90756E+03 -7.27572E-04
2.90768E+03 -9.29557E-04
2.90780E+03 -1.06249E-03
2.90792E+03 -9.79409E-04
2.90804E+03 -8.43592E-04
2.90817E+03 -9.10774E-04
2.90829E+03 -1.21929E-03
2.90841E+03 -1.59664E-03
2.90853E+03 -1.87522E-03
2.90865E+03 -1.98745E-03
2.90877E+03 -1.90277E-03
2.90889E+03 -1.61270E-03
2.90901E+03 -1.21322E-03
2.90913E+03 -9.00537E-04
2.90925E+03 -7.95972E-04
2.90937E+03 -8.00021E-04
2.90949E+03 -7.05134E-04
2.90961E+03 -4.79788E-04
2.90973E+03 -3.69094E-04
2.90985E+03 -6.26411E-04
2.90997E+03 -1.16064E-03
2.91009E+03 -1.56016E-03
2.91021E+03 -1.53084E-03
2.91034E+03 -1.24040E-03
2.91046E+03 -1.12643E-03
2.91058E+03 -1.39832E-03
2.91070E+03 -1.86047E-03
2.91082E+03 -2.22458E-03
2.91094E+03 -2.41700E-03
2.91106E+03 -2.48180E-03
2.91118E+03 -2.35606E-03
2.91130E+03 -1.96900E-03
2.91142E+03 -1.51361E-03
2.91154E+03 -1.35916E-03
2.91166E+03 -1.60691E-03
2.91178E+03 -1.91849E-03
2.91190E+03 -1.91254E-03
2.91202E+03 -1.59989E-03
2.91214E+03 -1.27090E-03
2.91226E+03 -1.04949E-03
2.91238E+03 -7.83160E-04
2.91251E+03 -3.81853E-04
2.91263E+03 -5.45904E-05
2.91275E+03 -8.62367E-05
2.91287E+03 -4.68779E-04
2.91299E+03 -8.68637E-04
2.91311E+03 -9.59527E-04
2.91323E+03 -7.47859E-04
2.91335E+03 -5.68766E-04
2.91347E+03 -7.43210E-04
2.91359E+03 -1.20511E-03
2.91371E+03 -1.51092E-03
2.91383E+03 -1.31313E-03
2.91395E+03 -8.07337E-04
2.91407E+03 -5.73527E-04
2.91419E+03 -9.17528E-04
2.91431E+03 -1.50480E-03
2.91443E+03 -1.77158E-03
2.91455E+03 -1.59980E-03
2.91468E+03 -1.40647E-03
2.91480E+03 -1.57980E-03
2.91492E+03 -2.00586E-03
2.91504E+03 -2.23726E-03
2.91516E+03 -2.02426E-03
2.91528E+03 -1.55857E-03
2.91540E+03 -1.21965E-03
2.91552E+03 -1.19891E-03
2.91564E+03 -1.41568E-03
2.91576E+03 -1.70275E-03
2.91588E+03 -1.94297E-03
2.91600E+03 -2.02664E-03
2.91612E+03 -1.83808E-03
2.91624E+03 -1.42215E-03
2.91636E+03 -1.08396E-03
2.91648E+03 -1.12096E-03
2.91660E+03 -1.42909E-03
2.91672E+03 -1.57366E-03
2.91684E+03 -1.34211E-03
2.91697E+03 -1.02697E-03
2.91709E+03 -9.86934E-04
2.91721E+03 -1.09711E-03
2.91733E+03 -9.25943E-04
2.91745E+03 -4.02037E-04
2.91757E+03 4.19728E-05
2.91769E+03 6.98380E-05
2.91781E+03 -1.22145E-04
2.91793E+03 -1.77674E-04
2.91805E+03 -1.40574E-04
2.91817E+03 -3.36558E-04
2.91829E+03 -8.27875E-04
2.91841E+03 -1.30206E-03
2.91853E+03 -1.50419E-03
2.91865E+03 -1.49814E-03
2.91877E+03 -1.44295E-03
2.91889E+03 -1.37297E-03
2.91901E+03 -1.32518E-03
2.91914E+03 -1.44806E-03
2.91926E+03 -1.77738E-03
2.91938E+03 -2.06091E-03
2.91950E+03 -2.04546E-03
2.91962E+03 -1.85912E-03
2.91974E+03 -1.85566E-03
2.91986E+03 -2.07784E-03
2.91998E+03 -2.12346E-03
2.92010E+03 -1.64378E-03
2.92022E+03 -7.95081E-04
2.92034E+03 -5.91651E-05
2.92046E+03 2.75392E-04
2.92058E+03 3.14653E-04
2.92070E+03 3.23478E-04
2.92082E+03 4.13291E-04
2.92094E+03 4.65691E-04
2.92106E+03 2.69331E-04
2.92118E+03 -2.63862E-04
2.92131E+03 -9.54036E-04
2.92143E+03 -1.45379E-03
2.92155E+03 -1.53336E-03
2.92167E+03 -1.25470E-03
2.92179E+03 -8.38544E-04
2.92191E+03 -4.57093E-04
2.92203E+03 -2.34716E-04
2.92215E+03 -3.06182E-04
2.92227E+03 -6.65195E-04
2.92239E+03 -1.02189E-03
2.92251E+03 -1.07841E-03
2.92263E+03 -9.82735E-04
2.92275E+03 -1.22830E-03
2.92287E+03 -1.94662E-03
2.92299E+03 -2.53851E-03
2.92311E+03 -2.28483E-03
2.92323E+03 -1.23572E-03
2.92335E+03 -2.30998E-04
2.92348E+03 -3.49656E-05
2.92360E+03 -6.39860E-04
2.92372E+03 -1.41267E-03
2.92384E+03 -1.72473E-03
2.92396E+03 -1.40067E-03
2.92408E+03 -7.70893E-04
2.92420E+03 -4.24091E-04
2.92432E+03 -7.61289E-04
2.92444E+03 -1.60803E-03
2.92456E+03 -2.29917E-03
2.92468E+03 -2.27705E-03
2.92480E+03 -1.61365E-03
2.92492E+03 -8.78029E-04
2.92504E+03 -5.22595E-04
2.92516E+03 -5.01040E-04
2.92528E+03 -4.82012E-04
2.92540E+03 -3.09259E-04
2.92552E+03 -1.54950E-04
2.92565E+03 -2.49214E-04
2.92577E+03 -5.69426E-04
2.92589E+03 -8.77820E-04
2.92601E+03 -1.03080E-03
2.92613E+03 -1.13478E-03
2.92625E+03 -1.33609E-03
2.92637E+03 -1.54845E-03
2.92649E+03 -1.51806E-03
2.92661E+03 -1.13317E-03
2.92673E+03 -5.48437E-04
2.92685E+03 -1.17868E-05
2.92697E+03 2.93989E-04
2.92709E+03 2.29452E-04
2.92721E+03 -2.63561E-04
2.92733E+03 -9.84743E-04
2.92745E+03 -1.48056E-03
2.92757E+03 -1.39622E-03
2.92769E+03 -7.91088E-04
2.92782E+03 -1.14627E-05
2.92794E+03 6.38954E-04
2.92806E+03 9.64183E-04
2.92818E+03 7.96117E-04
2.92830E+03 1.53940E-04
2.92842E+03 -5.12801E-04
2.92854E+03 -5.86264E-04
2.92866E+03 2.28062E-05
2.92878E+03 6.58169E-04
2.92890E+03 6.22887E-04
2.92902E+03 -2.05971E-05
2.92914E+03 -5.60366E-04
2.92926E+03 -5.00187E-04
2.92938E+03 -5.76191E-05
2.92950E+03 2.24516E-04
2.92962E+03 1.31439E-04
2.92974E+03 -8.25226E-05
2.92986E+03 -8.10064E-05
2.92999E+03 1.87919E-04
2.93011E+03 4.78122E-04
2.93023E+03 4.70299E-04
2.93035E+03 6.89179E-06
2.93047E+03 -7.65942E-04
2.93059E+03 -1.45334E-03
2.93071E+03 -1.71870E-03
2.93083E+03 -1.59683E-03
2.93095E+03 -1.46220E-03
2.93107E+03 -1.61998E-03
2.93119E+03 -1.96579E-03
2.93131E+03 -2.11553E-03
2.93143E+03 -1.84894E-03
2.93155E+03 -1.34013E-03
2.93167E+03 -9.42893E-04
2.93179E+03 -8.32174E-04
2.93191E+03 -8.96282E-04
2.93203E+03 -9.21499E-04
2.93216E+03 -8.18346E-04
2.93228E+03 -6.89644E-04
2.93240E+03 -7.32534E-04
2.93252E+03 -1.07079E-03
2.93264E+03 -1.63871E-03
2.93276E+03 -2.20729E-03
2.93288E+03 -2.52566E-03
2.93300E+03 -2.44792E-03
2.93312E+03 -1.96717E-03
2.93324E+03 -1.20011E-03
2.93336E+03 -3.57755E-04
2.93348E+03 3.35082E-04
2.93360E+03 7.38472E-04
2.93372E+03 7.99753E-04
2.93384E+03 4.46446E-04
2.93396E+03 -3.85851E-04
2.93408E+03 -1.51168E-03
2.93420E+03 -2.40089E-03
2.93432E+03 -2.53758E-03
2.93445E+03 -1.94538E-03
2.93457E+03 -1.21714E-03
2.93469E+03 -9.39503E-04
2.93481E+03 -1.15988E-03
2.93493E+03 -1.46183E-03
2.93505E+03 -1.45757E-03
2.93517E+03 -1.12360E-03
2.93529E+03 -7.36404E-04
2.93541E+03 -5.84025E-04
2.93553E+03 -7.01018E-04
2.93565E+03 -8.09312E-04
2.93577E+03 -5.78243E-04
2.93589E+03 -4.29899E-05
2.93601E+03 2.95393E-04
2.93613E+03 -6.73123E-05
2.93625E+03 -1.04417E-03
2.93637E+03 -1.97979E-03
2.93649E+03 -2.30120E-03
2.93662E+03 -2.06522E-03
2.93674E+03 -1.78542E-03
2.93686E+03 -1.81351E-03
2.93698E+03 -2.01125E-03
2.93710E+03 -2.01705E-03
2.93722E+03 -1.72587E-03
2.93734E+03 -1.43871E-03
2.93746E+03 -1.54667E-03
2.93758E+03 -2.09288E-03
2.93770E+03 -2.67240E-03
2.93782E+03 -2.79172E-03
2.93794E+03 -2.32466E-03
2.93806E+03 -1.58966E-03
2.93818E+03 -1.00827E-03
2.93830E+03 -7.70416E-04
2.93842E+03 -8.41640E-04
2.93854E+03 -1.15634E-03
2.93866E+03 -1.65080E-03
2.93879E+03 -2.12501E-03
2.93891E+03 -2.24901E-03
2.93903E+03 -1.83882E-03
2.93915E+03 -1.09816E-03
2.93927E+03 -4.90136E-04
2.93939E+03 -3.40298E-04
2.93951E+03 -5.96430E-04
2.93963E+03 -9.64440E-04
2.93975E+03 -1.20564E-03
2.93987E+03 -1.27560E-03
2.93999E+03 -1.25016E-03
2.94011E+03 -1.20595E-03
2.94023E+03 -1.17708E-03
2.94035E+03 -1.16575E-03
2.94047E+03 -1.15483E-03
2.94059E+03 -1.11813E-03
2.94071E+03 -1.03157E-03
2.94083E+03 -8.86563E-04
2.94096E+03 -7.22494E-04
2.94108E+03 -6.63511E-04
2.94120E+03 -8.66223E-04
2.94132E+03 -1.34879E-03
2.94144E+03 -1.88445E-03
2.94156E+03 -2.16469E-03
2.94168E+03 -2.11007E-03
2.94180E+03 -1.93968E-03
2.94192E+03 -1.86994E-03
2.94204E+03 -1.82808E-03
2.94216E+03 -1.57515E-03
2.94228E+03 -1.06793E-03
2.94240E+03 -5.57393E-04
2.94252E+03 -2.96887E-04
2.94264E+03 -2.63304E-04
2.94276E+03 -2.37737E-04
2.94288E+03 -9.13590E-05
2.94300E+03 9.72450E-05
2.94313E+03 1.71859E-04
2.94325E+03 6.87838E-05
2.94337E+03 -1.66345E-04
2.94349E+03 -4.37830E-04
2.94361E+03 -6.37919E-04
2.94373E+03 -6.52935E-04
2.94385E+03 -4.33106E-04
2.94397E+03 -9.86420E-05
2.94409E+03 7.21030E-05
2.94421E+03 -1.50409E-04
2.94433E+03 -6.99185E-04
2.94445E+03 -1.24457E-03
2.94457E+03 -1.48758E-03
2.94469E+03 -1.39098E-03
2.94481E+03 -1.09489E-03
2.94493E+03 -7.19059E-04
2.94505E+03 -3.70275E-04
2.94517E+03 -2.55462E-04
2.94530E+03 -5.56052E-04
2.94542E+03 -1.12954E-03
2.94554E+03 -1.52436E-03
2.94566E+03 -1.43165E-03
2.94578E+03 -1.01729E-03
2.94590E+03 -6.79322E-04
2.94602E+03 -5.90205E-04
2.94614E+03 -6.60919E-04
2.94626E+03 -8.64789E-04
2.94638E+03 -1.31236E-03
2.94650E+03 -1.94692E-03
2.94662E+03 -2.42994E-03
2.94674E+03 -2.51721E-03
2.94686E+03 -2.39526E-03
2.94698E+03 -2.41871E-03
2.94710E+03 -2.57885E-03
2.94722E+03 -2.48662E-03
2.94734E+03 -1.92555E-03
2.94747E+03 -1.18892E-03
2.94759E+03 -7.20032E-04
2.94771E+03 -5.76090E-04
2.94783E+03 -4.61124E-04
2.94795E+03 -2.28502E-04
2.94807E+03 -1.11137E-04
2.94819E+03 -3.79149E-04
2.94831E+03 -9.51797E-04
2.94843E+03 -1.48579E-03
2.94855E+03 -1.74333E-03
2.94867E+03 -1.73166E-03
2.94879E+03 -1.55106E-03
2.94891E+03 -1.28747E-03
2.94903E+03 -1.05901E-03
2.94915E+03 -9.90745E-04
2.94927E+03 -1.07084E-03
2.94939E+03 -1.16039E-03
2.94951E+03 -1.23157E-03
2.94963E+03 -1.47451E-03
2.94976E+03 -2.03091E-03
2.94988E+03 -2.69271E-03
2.95000E+03 -3.02271E-03
2.95012E+03 -2.78392E-03
2.95024E+03 -2.15521E-03
2.95036E+03 -1.52076E-03
2.95048E+03 -1.13516E-03
2.95060E+03 -9.98553E-04
2.95072E+03 -9.57347E-04
2.95084E+03 -8.85587E-04
2.95096E+03 -8.21777E-04
2.95108E+03 -9.37615E-04
2.95120E+03 -1.30616E-03
2.95132E+03 -1.71007E-03
2.95144E+03 -1.79284E-03
2.95156E+03 -1.44393E-03
2.95168E+03 -9.49897E-04
2.95180E+03 -7.08502E-04
2.95193E+03 -8.59000E-04
2.95205E+03 -1.23410E-03
2.95217E+03 -1.58102E-03
2.95229E+03 -1.74577E-03
2.95241E+03 -1.71297E-03
2.95253E+03 -1.58267E-03
2.95265E+03 -1.50162E-03
2.95277E+03 -1.54523E-03
2.95289E+03 -1.66425E-03
2.95301E+03 -1.77447E-03
2.95313E+03 -1.84886E-03
2.95325E+03 -1.87004E-03
2.95337E+03 -1.77116E-03
2.95349E+03 -1.53378E-03
2.95361E+03 -1.29375E-03
2.95373E+03 -1.20581E-03
2.95385E+03 -1.20081E-03
2.95397E+03 -1.03055E-03
2.95410E+03 -6.13201E-04
2.95422E+03 -2.00499E-04
2.95434E+03 -9.42163E-05
2.95446E+03 -2.76584E-04
2.95458E+03 -4.48953E-04
2.95470E+03 -4.08165E-04
2.95482E+03 -2.48451E-04
2.95494E+03 -1.67884E-04
2.95506E+03 -2.12576E-04
2.95518E+03 -3.29070E-04
2.95530E+03 -5.94363E-04
2.95542E+03 -1.18740E-03
2.95554E+03 -2.03438E-03
2.95566E+03 -2.62956E-03
2.95578E+03 -2.44660E-03
2.95590E+03 -1.57929E-03
2.95602E+03 -7.94422E-04
2.95614E+03 -7.95301E-04
2.95627E+03 -1.52675E-03
2.95639E+03 -2.35099E-03
2.95651E+03 -2.79829E-03
2.95663E+03 -2.91633E-03
2.95675E+03 -2.90854E-03
2.95687E+03 -2.74134E-03
2.95699E+03 -2.28849E-03
2.95711E+03 -1.66693E-03
2.95723E+03 -1.16766E-03
2.95735E+03 -8.96040E-04
2.95747E+03 -7.00634E-04
2.95759E+03 -4.78797E-04
2.95771E+03 -3.65209E-04
2.95783E+03 -5.24223E-04
2.95795E+03 -8.74229E-04
2.95807E+03 -1.14284E-03
2.95819E+03 -1.16092E-03
2.95831E+03 -1.01134E-03
2.95844E+03 -8.91954E-04
2.95856E+03 -9.05715E-04
2.95868E+03 -1.01440E-03
2.95880E+03 -1.15132E-03
2.95892E+03 -1.29835E-03
2.95904E+03 -1.41860E-03
2.95916E+03 -1.38319E-03
2.95928E+03 -1.08695E-03
2.95940E+03 -6.68794E-04
2.95952E+03 -5.06006E-04
2.95964E+03 -8.76177E-04
2.95976E+03 -1.63380E-03
2.95988E+03 -2.29710E-03
2.96000E+03 -2.45516E-03
2.96012E+03 -2.05589E-03
2.96024E+03 -1.37113E-03
2.96036E+03 -8.00766E-04
2.96048E+03 -6.67531E-04
2.96060E+03 -1.01541E-03
2.96073E+03 -1.52596E-03
2.96085E+03 -1.76092E-03
2.96097E+03 -1.60376E-03
2.96109E+03 -1.39444E-03
2.96121E+03 -1.53248E-03
2.96133E+03 -1.99930E-03
2.96145E+03 -2.37584E-03
2.96157E+03 -2.30633E-03
2.96169E+03 -1.83484E-03
2.96181E+03 -1.28711E-03
2.96193E+03 -9.19510E-04
2.96205E+03 -7.01547E-04
2.96217E+03 -3.81596E-04
2.96229E+03 2.14700E-04
2.96241E+03 8.67411E-04
2.96253E+03 1.00807E-03
2.96265E+03 2.54001E-04
2.96277E+03 -1.03709E-03
2.96290E+03 -1.93871E-03
2.96302E+03 -1.87050E-03
2.96314E+03 -1.23720E-03
2.96326E+03 -9.69417E-04
2.96338E+03 -1.46345E-03
2.96350E+03 -2.21526E-03
2.96362E+03 -2.54956E-03
2.96374E+03 -2.41631E-03
2.96386E+03 -2.23008E-03
2.96398E+03 -2.13596E-03
2.96410E+03 -1.84600E-03
2.96422E+03 -1.24718E-03
2.96434E+03 -7.81190E-04
2.96446E+03 -9.30376E-04
2.96458E+03 -1.51351E-03
2.96470E+03 -1.84102E-03
2.96482E+03 -1.57269E-03
2.96494E+03 -1.12436E-03
2.96507E+03 -1.10662E-03
2.96519E+03 -1.58672E-03
2.96531E+03 -2.09899E-03
2.96543E+03 -2.24696E-03
2.96555E+03 -2.07346E-03
2.96567E+03 -1.86860E-03
2.96579E+03 -1.81014E-03
2.96591E+03 -1.83960E-03
2.96603E+03 -1.76132E-03
2.96615E+03 -1.41379E-03
2.96627E+03 -8.41737E-04
2.96639E+03 -3.38539E-04
2.96651E+03 -2.12118E-04
2.96663E+03 -4.42065E-04
2.96675E+03 -6.53945E-04
2.96687E+03 -5.12253E-04
2.96699E+03 -7.46250E-05
2.96711E+03 3.14910E-04
2.96724E+03 3.91074E-04
2.96736E+03 1.22134E-04
2.96748E+03 -4.31016E-04
2.96760E+03 -1.18494E-03
2.96772E+03 -1.92155E-03
2.96784E+03 -2.25971E-03
2.96796E+03 -1.92940E-03
2.96808E+03 -1.08838E-03
2.96820E+03 -2.90506E-04
2.96832E+03 -8.57823E-05
2.96844E+03 -6.07010E-04
2.96856E+03 -1.48300E-03
2.96868E+03 -2.13309E-03
2.96880E+03 -2.20955E-03
2.96892E+03 -1.82538E-03
2.96904E+03 -1.37254E-03
2.96916E+03 -1.11711E-03
2.96928E+03 -9.97823E-04
2.96941E+03 -8.22321E-04
2.96953E+03 -5.68826E-04
2.96965E+03 -3.94199E-04
2.96977E+03 -3.94206E-04
2.96989E+03 -5.05172E-04
2.97001E+03 -6.73283E-04
2.97013E+03 -9.80083E-04
2.97025E+03 -1.49157E-03
2.97037E+03 -2.06289E-03
2.97049E+03 -2.43925E-03
2.97061E+03 -2.55089E-03
2.97073E+03 -2.58534E-03
2.97085E+03 -2.71774E-03
2.97097E+03 -2.86224E-03
2.97109E+03 -2.76908E-03
2.97121E+03 -2.32447E-03
2.97133E+03 -1.68072E-03
2.97145E+03 -1.09348E-03
2.97158E+03 -6.93168E-04
2.97170E+03 -4.44420E-04
2.97182E+03 -2.86929E-04
2.97194E+03 -2.62406E-04
2.97206E+03 -4.76494E-04
2.97218E+03 -9.30220E-04
2.97230E+03 -1.41767E-03
2.97242E+03 -1.65253E-03
2.97254E+03 -1.53976E-03
2.97266E+03 -1.29772E-03
2.97278E+03 -1.25849E-03
2.97290E+03 -1.53939E-03
2.97302E+03 -1.93430E-03
2.97314E+03 -2.12214E-03
2.97326E+03 -1.96024E-03
2.97338E+03 -1.58649E-03
2.97350E+03 -1.27296E-03
2.97362E+03 -1.17620E-03
2.97375E+03 -1.19070E-03
2.97387E+03 -1.04580E-03
2.97399E+03 -5.88793E-04
2.97411E+03 1.53258E-05
2.97423E+03 3.93551E-04
2.97435E+03 2.97952E-04
2.97447E+03 -2.00462E-04
2.97459E+03 -8.01098E-04
2.97471E+03 -1.19556E-03
2.97483E+03 -1.19416E-03
2.97495E+03 -7.78198E-04
2.97507E+03 -1.34233E-04
2.97519E+03 4.14144E-04
2.97531E+03 6.25800E-04
2.97543E+03 5.24722E-04
2.97555E+03 2.98403E-04
2.97567E+03 5.36218E-05
2.97579E+03 -2.48075E-04
2.97592E+03 -6.28915E-04
2.97604E+03 -1.01107E-03
2.97616E+03 -1.32730E-03
2.97628E+03 -1.61670E-03
2.97640E+03 -1.91083E-03
2.97652E+03 -2.08604E-03
2.97664E+03 -1.94586E-03
2.97676E+03 -1.46347E-03
2.97688E+03 -8.73707E-04
2.97700E+03 -4.93359E-04
2.97712E+03 -4.73909E-04
2.97724E+03 -7.27277E-04
2.97736E+03 -1.05494E-03
2.97748E+03 -1.32123E-03
2.97760E+03 -1.50817E-03
2.97772E+03 -1.64322E-03
2.97784E+03 -1.73829E-03
2.97796E+03 -1.83477E-03
2.97808E+03 -2.03779E-03
2.97821E+03 -2.37842E-03
2.97833E+03 -2.63927E-03
2.97845E+03 -2.48168E-03
2.97857E+03 -1.85525E-03
2.97869E+03 -1.16715E-03
2.97881E+03 -8.78941E-04
2.97893E+03 -9.82273E-04
2.97905E+03 -1.06335E-03
2.97917E+03 -8.85092E-04
2.97929E+03 -6.74732E-04
2.97941E+03 -7.35212E-04
2.97953E+03 -9.74089E-04
2.97965E+03 -1.03400E-03
2.97977E+03 -8.10549E-04
2.97989E+03 -5.99738E-04
2.98001E+03 -6.82589E-04
2.98013E+03 -9.37514E-04
2.98025E+03 -9.89642E-04
2.98038E+03 -6.90971E-04
2.98050E+03 -3.39724E-04
2.98062E+03 -3.75319E-04
2.98074E+03 -8.81378E-04
2.98086E+03 -1.44495E-03
2.98098E+03 -1.55506E-03
2.98110E+03 -1.14178E-03
2.98122E+03 -6.51974E-04
2.98134E+03 -5.55929E-04
2.98146E+03 -8.68123E-04
2.98158E+03 -1.23655E-03
2.98170E+03 -1.40969E-03
2.98182E+03 -1.44900E-03
2.98194E+03 -1.49437E-03
2.98206E+03 -1.51615E-03
2.98218E+03 -1.40202E-03
2.98230E+03 -1.17208E-03
2.98242E+03 -9.76283E-04
2.98255E+03 -9.12324E-04
2.98267E+03 -9.33502E-04
2.98279E+03 -9.15162E-04
2.98291E+03 -7.64854E-04
2.98303E+03 -5.13792E-04
2.98315E+03 -3.52275E-04
2.98327E+03 -5.03208E-04
2.98339E+03 -9.63237E-04
2.98351E+03 -1.41449E-03
2.98363E+03 -1.51297E-03
2.98375E+03 -1.26959E-03
2.98387E+03 -1.03671E-03
2.98399E+03 -1.09449E-03
2.98411E+03 -1.35721E-03
2.98423E+03 -1.52806E-03
2.98435E+03 -1.44448E-03
2.98447E+03 -1.20591E-03
2.98459E+03 -1.03239E-03
2.98472E+03 -1.07918E-03
2.98484E+03 -1.34369E-03
2.98496E+03 -1.66319E-03
2.98508E+03 -1.80937E-03
2.98520E+03 -1.65763E-03
2.98532E+03 -1.29446E-03
2.98544E+03 -9.56271E-04
2.98556E+03 -8.75272E-04
2.98568E+03 -1.16653E-03
2.98580E+03 -1.76869E-03
2.98592E+03 -2.41857E-03
2.98604E+03 -2.75021E-03
2.98616E+03 -2.56091E-03
2.98628E+03 -2.01176E-03
2.98640E+03 -1.47567E-03
2.98652E+03 -1.16406E-03
2.98664E+03 -1.00176E-03
2.98676E+03 -8.94345E-04
2.98689E+03 -9.61281E-04
2.98701E+03 -1.35969E-03
2.98713E+03 -1.95364E-03
2.98725E+03 -2.34814E-03
2.98737E+03 -2.28707E-03
2.98749E+03 -1.89683E-03
2.98761E+03 -1.49554E-03
2.98773E+03 -1.28301E-03
2.98785E+03 -1.27529E-03
2.98797E+03 -1.40382E-03
2.98809E+03 -1.55389E-03
2.98821E+03 -1.59086E-03
2.98833E+03 -1.48409E-03
2.98845E+03 -1.35742E-03
2.98857E+03 -1.29327E-03
2.98869E+03 -1.15823E-03
2.98881E+03 -8.15384E-04
2.98893E+03 -4.80343E-04
2.98905E+03 -6.04846E-04
2.98918E+03 -1.31539E-03
2.98930E+03 -2.18545E-03
2.98942E+03 -2.71330E-03
2.98954E+03 -2.83976E-03
2.98966E+03 -2.80049E-03
2.98978E+03 -2.64894E-03
2.98990E+03 -2.24482E-03
2.99002E+03 -1.66792E-03
2.99014E+03 -1.30775E-03
2.99026E+03 -1.41896E-03
2.99038E+03 -1.78665E-03
2.99050E+03 -1.95026E-03
2.99062E+03 -1.63009E-03
2.99074E+03 -8.89935E-04
2.99086E+03 -7.33882E-05
2.99098E+03 3.35652E-04
2.99110E+03 1.02371E-05
2.99122E+03 -8.57525E-04
2.99135E+03 -1.63603E-03
2.99147E+03 -1.88915E-03
2.99159E+03 -1.81951E-03
2.99171E+03 -1.89735E-03
2.99183E+03 -2.17255E-03
2.99195E+03 -2.23811E-03
2.99207E+03 -1.84477E-03
2.99219E+03 -1.25328E-03
2.99231E+03 -8.89204E-04
2.99243E+03 -8.74292E-04
2.99255E+03 -1.01845E-03
2.99267E+03 -1.09516E-03
2.99279E+03 -9.91087E-04
2.99291E+03 -7.24949E-04
2.99303E+03 -4.69886E-04
2.99315E+03 -4.67487E-04
2.99327E+03 -7.86472E-04
2.99339E+03 -1.22679E-03
2.99352E+03 -1.55557E-03
2.99364E+03 -1.75398E-03
2.99376E+03 -1.92310E-03
2.99388E+03 -2.04242E-03
2.99400E+03 -1.98926E-03
2.99412E+03 -1.76188E-03
2.99424E+03 -1.52794E-03
2.99436E+03 -1.44637E-03
2.99448E+03 -1.54484E-03
2.99460E+03 -1.74014E-03
2.99472E+03 -1.84212E-03
2.99484E+03 -1.57354E-03
2.99496E+03 -7.97864E-04
2.99508E+03 2.03978E-04
2.99520E+03 8.48606E-04
2.99532E+03 7.72625E-04
2.99544E+03 1.46165E-04
2.99556E+03 -5.77919E-04
2.99569E+03 -1.09634E-03
2.99581E+03 -1.35258E-03
2.99593E+03 -1.34604E-03
2.99605E+03 -1.07997E-03
2.99617E+03 -6.81113E-04
2.99629E+03 -3.83079E-04
2.99641E+03 -3.22182E-04
2.99653E+03 -4.42278E-04
2.99665E+03 -6.29045E-04
2.99677E+03 -8.34845E-04
2.99689E+03 -1.03316E-03
2.99701E+03 -1.17013E-03
2.99713E+03 -1.24533E-03
2.99725E+03 -1.34657E-03
2.99737E+03 -1.49196E-03
2.99749E+03 -1.51124E-03
2.99761E+03 -1.23669E-03
2.99773E+03 -7.99701E-04
2.99786E+03 -5.71236E-04
2.99798E+03 -7.48921E-04
2.99810E+03 -1.13451E-03
2.99822E+03 -1.41416E-03
2.99834E+03 -1.54527E-03
2.99846E+03 -1.70521E-03
2.99858E+03 -1.91221E-03
2.99870E+03 -1.91063E-03
2.99882E+03 -1.51028E-03
2.99894E+03 -8.95455E-04
2.99906E+03 -4.68794E-04
2.99918E+03 -4.51166E-04
2.99930E+03 -7.41854E-04
2.99942E+03 -1.12008E-03
2.99954E+03 -1.44627E-03
2.99966E+03 -1.65776E-03
2.99978E+03 -1.70211E-03
2.99990E+03 -1.56570E-03
3.00003E+03 -1.33695E-03
3.00015E+03 -1.19141E-03
3.00027E+03 -1.29732E-03
3.00039E+03 -1.68976E-03
3.00051E+03 -2.18111E-03
3.00063E+03 -2.42967E-03
3.00075E+03 -2.21517E-03
3.00087E+03 -1.68477E-03
3.00099E+03 -1.22722E-03
3.00111E+03 -1.04251E-03
3.00123E+03 -9.25582E-04
3.00135E+03 -5.65853E-04
3.00147E+03 4.85405E-06
3.00159E+03 3.77256E-04
3.00171E+03 1.74310E-04
3.00183E+03 -5.97868E-04
3.00195E+03 -1.55750E-03
3.00207E+03 -2.22607E-03
3.00220E+03 -2.31380E-03
3.00232E+03 -1.89606E-03
3.00244E+03 -1.37930E-03
3.00256E+03 -1.20384E-03
3.00268E+03 -1.47584E-03
3.00280E+03 -1.88833E-03
3.00292E+03 -2.01935E-03
3.00304E+03 -1.68966E-03
3.00316E+03 -1.05692E-03
3.00328E+03 -4.49933E-04
3.00340E+03 -1.33980E-04
3.00352E+03 -1.51172E-04
3.00364E+03 -3.41076E-04
3.00376E+03 -5.67727E-04
3.00388E+03 -9.22851E-04
3.00400E+03 -1.57667E-03
3.00412E+03 -2.39296E-03
3.00424E+03 -2.88678E-03
3.00436E+03 -2.73562E-03
3.00449E+03 -2.20815E-03
3.00461E+03 -1.85310E-03
3.00473E+03 -1.80290E-03
3.00485E+03 -1.64871E-03
3.00497E+03 -1.05617E-03
3.00509E+03 -2.51759E-04
3.00521E+03 2.44834E-04
3.00533E+03 1.86820E-04
3.00545E+03 -2.55745E-04
3.00557E+03 -7.71552E-04
3.00569E+03 -1.11318E-03
3.00581E+03 -1.12041E-03
3.00593E+03 -8.21412E-04
3.00605E+03 -5.41329E-04
3.00617E+03 -6.89417E-04
3.00629E+03 -1.31332E-03
3.00641E+03 -1.96806E-03
3.00653E+03 -2.12273E-03
3.00666E+03 -1.64928E-03
3.00678E+03 -8.84462E-04
3.00690E+03 -3.04390E-04
3.00702E+03 -1.85769E-04
3.00714E+03 -4.75083E-04
3.00726E+03 -8.72500E-04
3.00738E+03 -1.07001E-03
3.00750E+03 -9.95941E-04
3.00762E+03 -8.43070E-04
3.00774E+03 -8.38589E-04
3.00786E+03 -1.01753E-03
3.00798E+03 -1.24902E-03
3.00810E+03 -1.42673E-03
3.00822E+03 -1.56431E-03
3.00834E+03 -1.72256E-03
3.00846E+03 -1.89656E-03
3.00858E+03 -1.97368E-03
3.00870E+03 -1.79612E-03
3.00883E+03 -1.31670E-03
3.00895E+03 -7.21950E-04
3.00907E+03 -3.18412E-04
3.00919E+03 -2.25663E-04
3.00931E+03 -2.56158E-04
3.00943E+03 -2.02391E-04
3.00955E+03 -1.72522E-04
3.00967E+03 -4.62636E-04
3.00979E+03 -1.08419E-03
3.00991E+03 -1.60998E-03
3.01003E+03 -1.60377E-03
3.01015E+03 -1.11465E-03
3.01027E+03 -6.39047E-04
3.01039E+03 -6.30584E-04
3.01051E+03 -1.11656E-03
3.01063E+03 -1.74455E-03
3.01075E+03 -2.10277E-03
3.01087E+03 -2.00861E-03
3.01100E+03 -1.59783E-03
3.01112E+03 -1.19198E-03
3.01124E+03 -1.05200E-03
3.01136E+03 -1.21629E-03
3.01148E+03 -1.52714E-03
3.01160E+03 -1.75960E-03
3.01172E+03 -1.73927E-03
3.01184E+03 -1.44074E-03
3.01196E+03 -1.04422E-03
3.01208E+03 -8.27622E-04
3.01220E+03 -8.97735E-04
3.01232E+03 -1.04451E-03
3.01244E+03 -9.51502E-04
3.01256E+03 -5.46128E-04
3.01268E+03 -6.26408E-05
3.01280E+03 2.22031E-04
3.01292E+03 1.99437E-04
3.01304E+03 -1.09300E-04
3.01317E+03 -6.55673E-04
3.01329E+03 -1.33936E-03
3.01341E+03 -1.97343E-03
3.01353E+03 -2.39623E-03
3.01365E+03 -2.57096E-03
3.01377E+03 -2.50997E-03
3.01389E+03 -2.19116E-03
3.01401E+03 -1.67482E-03
3.01413E+03 -1.22939E-03
3.01425E+03 -1.14065E-03
3.01437E+03 -1.36843E-03
3.01449E+03 -1.57015E-03
3.01461E+03 -1.54296E-03
3.01473E+03 -1.48563E-03
3.01485E+03 -1.68476E-03
3.01497E+03 -2.06464E-03
3.01509E+03 -2.25639E-03
3.01521E+03 -2.07630E-03
3.01533E+03 -1.70257E-03
3.01546E+03 -1.32394E-03
3.01558E+03 -8.55893E-04
3.01570E+03 -1.98279E-04
3.01582E+03 3.81138E-04
3.01594E+03 4.06880E-04
3.01606E+03 -2.25235E-04
3.01618E+03 -1.06396E-03
3.01630E+03 -1.60374E-03
3.01642E+03 -1.78935E-03
3.01654E+03 -1.86610E-03
3.01666E+03 -1.88217E-03
3.01678E+03 -1.63577E-03
3.01690E+03 -1.10980E-03
3.01702E+03 -6.55781E-04
3.01714E+03 -5.71314E-04
3.01726E+03 -6.87331E-04
3.01738E+03 -6.12237E-04
3.01750E+03 -2.88777E-04
3.01763E+03 -5.37485E-05
3.01775E+03 -1.36506E-04
3.01787E+03 -3.44362E-04
3.01799E+03 -3.66934E-04
3.01811E+03 -1.98856E-04
3.01823E+03 -6.62953E-05
3.01835E+03 -3.97079E-05
3.01847E+03 4.73708E-05
3.01859E+03 2.74859E-04
3.01871E+03 4.35360E-04
3.01883E+03 2.40218E-04
3.01895E+03 -3.47573E-04
3.01907E+03 -1.05237E-03
3.01919E+03 -1.51750E-03
3.01931E+03 -1.55981E-03
3.01943E+03 -1.28873E-03
3.01955E+03 -1.02100E-03
3.01967E+03 -1.01171E-03
3.01980E+03 -1.21137E-03
3.01992E+03 -1.34075E-03
3.02004E+03 -1.24592E-03
3.02016E+03 -1.07924E-03
3.02028E+03 -1.05213E-03
3.02040E+03 -1.13744E-03
3.02052E+03 -1.18332E-03
3.02064E+03 -1.23025E-03
3.02076E+03 -1.45331E-03
3.02088E+03 -1.75710E-03
3.02100E+03 -1.70803E-03
3.02112E+03 -1.07000E-03
3.02124E+03 -2.52564E-04
3.02136E+03 3.08007E-05
3.02148E+03 -4.67859E-04
3.02160E+03 -1.27166E-03
3.02172E+03 -1.72190E-03
3.02184E+03 -1.58465E-03
3.02197E+03 -1.09784E-03
3.02209E+03 -6.15228E-04
3.02221E+03 -3.59364E-04
3.02233E+03 -4.04641E-04
3.02245E+03 -6.86772E-04
3.02257E+03 -9.93565E-04
3.02269E+03 -1.08716E-03
3.02281E+03 -9.35495E-04
3.02293E+03 -7.79610E-04
3.02305E+03 -8.88832E-04
3.02317E+03 -1.23942E-03
3.02329E+03 -1.49984E-03
3.02341E+03 -1.39060E-03
3.02353E+03 -1.03086E-03
3.02365E+03 -8.39647E-04
3.02377E+03 -1.05602E-03
3.02389E+03 -1.43870E-03
3.02401E+03 -1.54788E-03
3.02414E+03 -1.27704E-03
3.02426E+03 -9.51763E-04
3.02438E+03 -8.74285E-04
3.02450E+03 -9.37954E-04
3.02462E+03 -8.17005E-04
3.02474E+03 -4.23405E-04
3.02486E+03 -8.63150E-06
3.02498E+03 1.38070E-04
3.02510E+03 -8.48994E-05
3.02522E+03 -6.28877E-04
3.02534E+03 -1.36664E-03
3.02546E+03 -2.03077E-03
3.02558E+03 -2.29088E-03
3.02570E+03 -2.05536E-03
3.02582E+03 -1.61466E-03
3.02594E+03 -1.33606E-03
3.02606E+03 -1.26513E-03
3.02618E+03 -1.16405E-03
3.02631E+03 -8.94912E-04
3.02643E+03 -5.94612E-04
3.02655E+03 -4.56568E-04
3.02667E+03 -5.00806E-04
3.02679E+03 -6.29600E-04
3.02691E+03 -7.89333E-04
3.02703E+03 -9.80176E-04
3.02715E+03 -1.18450E-03
3.02727E+03 -1.38506E-03
3.02739E+03 -1.60744E-03
3.02751E+03 -1.85541E-03
3.02763E+03 -2.03568E-03
3.02775E+03 -2.03336E-03
3.02787E+03 -1.85499E-03
3.02799E+03 -1.63294E-03
3.02811E+03 -1.49656E-03
3.02823E+03 -1.48688E-03
3.02835E+03 -1.56146E-03
3.02848E+03 -1.60346E-03
3.02860E+03 -1.46706E-03
3.02872E+03 -1.13536E-03
3.02884E+03 -8.29320E-04
3.02896E+03 -8.15980E-04
3.02908E+03 -1.06313E-03
3.02920E+03 -1.22298E-03
3.02932E+03 -1.05686E-03
3.02944E+03 -7.66028E-04
3.02956E+03 -7.62284E-04
3.02968E+03 -1.16958E-03
3.02980E+03 -1.69934E-03
3.02992E+03 -1.99430E-03
3.03004E+03 -1.94732E-03
3.03016E+03 -1.67686E-03
3.03028E+03 -1.36741E-03
3.03040E+03 -1.22220E-03
3.03052E+03 -1.42009E-03
3.03065E+03 -1.93043E-03
3.03077E+03 -2.39750E-03
3.03089E+03 -2.38410E-03
3.03101E+03 -1.81623E-03
3.03113E+03 -1.12457E-03
3.03125E+03 -8.55260E-04
3.03137E+03 -1.11178E-03
3.03149E+03 -1.42955E-03
3.03161E+03 -1.25760E-03
3.03173E+03 -5.68409E-04
3.03185E+03 7.12052E-05
3.03197E+03 9.51849E-05
3.03209E+03 -4.33747E-04
3.03221E+03 -9.25150E-04
3.03233E+03 -9.78626E-04
3.03245E+03 -8.01072E-04
3.03257E+03 -8.10552E-04
3.03269E+03 -1.00889E-03
3.03281E+03 -1.02344E-03
3.03294E+03 -7.34616E-04
3.03306E+03 -5.32515E-04
3.03318E+03 -7.97447E-04
3.03330E+03 -1.35745E-03
3.03342E+03 -1.70427E-03
3.03354E+03 -1.64411E-03
3.03366E+03 -1.47592E-03
3.03378E+03 -1.52288E-03
3.03390E+03 -1.73580E-03
3.03402E+03 -1.84464E-03
3.03414E+03 -1.70809E-03
3.03426E+03 -1.38937E-03
3.03438E+03 -1.03741E-03
3.03450E+03 -8.42113E-04
3.03462E+03 -9.75914E-04
3.03474E+03 -1.36296E-03
3.03486E+03 -1.57176E-03
3.03498E+03 -1.20604E-03
3.03511E+03 -4.54452E-04
3.03523E+03 -9.39518E-06
3.03535E+03 -3.03563E-04
3.03547E+03 -1.01018E-03
3.03559E+03 -1.47533E-03
3.03571E+03 -1.48036E-03
3.03583E+03 -1.31087E-03
3.03595E+03 -1.17571E-03
3.03607E+03 -9.43977E-04
3.03619E+03 -5.56998E-04
3.03631E+03 -3.32911E-04
3.03643E+03 -5.51548E-04
3.03655E+03 -9.24703E-04
3.03667E+03 -8.60944E-04
3.03679E+03 -2.62909E-04
3.03691E+03 2.77452E-04
3.03703E+03 2.11839E-04
3.03715E+03 -2.71756E-04
3.03728E+03 -5.25516E-04
3.03740E+03 -2.66992E-04
3.03752E+03 1.46642E-04
3.03764E+03 2.28688E-04
3.03776E+03 -7.57910E-05
3.03788E+03 -4.37327E-04
3.03800E+03 -5.99157E-04
3.03812E+03 -6.40072E-04
3.03824E+03 -8.32211E-04
3.03836E+03 -1.33174E-03
3.03848E+03 -2.01759E-03
3.03860E+03 -2.58201E-03
3.03872E+03 -2.77037E-03
3.03884E+03 -2.55948E-03
3.03896E+03 -2.12618E-03
3.03908E+03 -1.66975E-03
3.03920E+03 -1.28273E-03
3.03932E+03 -9.66202E-04
3.03945E+03 -7.10111E-04
3.03957E+03 -5.30794E-04
3.03969E+03 -4.59850E-04
3.03981E+03 -5.17160E-04
3.03993E+03 -6.74229E-04
3.04005E+03 -8.32502E-04
3.04017E+03 -8.74799E-04
3.04029E+03 -7.68982E-04
3.04041E+03 -6.05699E-04
3.04053E+03 -5.12920E-04
3.04065E+03 -5.45487E-04
3.04077E+03 -6.64305E-04
3.04089E+03 -8.01355E-04
3.04101E+03 -9.35357E-04
3.04113E+03 -1.12275E-03
3.04125E+03 -1.43560E-03
3.04137E+03 -1.80767E-03
3.04149E+03 -1.95737E-03
3.04161E+03 -1.60290E-03
3.04174E+03 -8.43007E-04
3.04186E+03 -2.02555E-04
3.04198E+03 -1.35761E-04
3.04210E+03 -5.28961E-04
3.04222E+03 -8.64964E-04
3.04234E+03 -8.73744E-04
3.04246E+03 -8.05728E-04
3.04258E+03 -9.82098E-04
3.04270E+03 -1.30584E-03
3.04282E+03 -1.42932E-03
3.04294E+03 -1.27009E-03
3.04306E+03 -1.08939E-03
3.04318E+03 -1.06798E-03
3.04330E+03 -1.05917E-03
3.04342E+03 -8.53356E-04
3.04354E+03 -4.94711E-04
3.04366E+03 -1.98063E-04
3.04378E+03 -8.72910E-05
3.04391E+03 -1.64200E-04
3.04403E+03 -4.29269E-04
3.04415E+03 -8.38902E-04
3.04427E+03 -1.17759E-03
3.04439E+03 -1.17842E-03
3.04451E+03 -8.36641E-04
3.04463E+03 -4.67367E-04
3.04475E+03 -3.64926E-04
3.04487E+03 -4.98969E-04
3.04499E+03 -6.34938E-04
3.04511E+03 -6.68623E-04
3.04523E+03 -7.18657E-04
3.04535E+03 -9.17241E-04
3.04547E+03 -1.23964E-03
3.04559E+03 -1.58085E-03
3.04571E+03 -1.90035E-03
3.04583E+03 -2.19285E-03
3.04595E+03 -2.34892E-03
3.04608E+03 -2.17145E-03
3.04620E+03 -1.61532E-03
3.04632E+03 -9.74141E-04
3.04644E+03 -7.23436E-04
3.04656E+03 -1.10246E-03
3.04668E+03 -1.85406E-03
3.04680E+03 -2.41949E-03
3.04692E+03 -2.40016E-03
3.04704E+03 -1.84469E-03
3.04716E+03 -1.15282E-03
3.04728E+03 -7.46712E-04
3.04740E+03 -7.75009E-04
3.04752E+03 -1.03066E-03
3.04764E+03 -1.13977E-03
3.04776E+03 -9.07876E-04
3.04788E+03 -5.09959E-04
3.04800E+03 -2.80488E-04
3.04812E+03 -3.18985E-04
3.04825E+03 -4.11168E-04
3.04837E+03 -3.77592E-04
3.04849E+03 -3.64285E-04
3.04861E+03 -6.61142E-04
3.04873E+03 -1.30482E-03
3.04885E+03 -2.00583E-03
3.04897E+03 -2.43179E-03
3.04909E+03 -2.41939E-03
3.04921E+03 -1.94508E-03
3.04933E+03 -1.10549E-03
3.04945E+03 -2.18656E-04
3.04957E+03 2.32946E-04
3.04969E+03 -3.85866E-05
3.04981E+03 -8.04257E-04
3.04993E+03 -1.49114E-03
3.05005E+03 -1.68481E-03
3.05017E+03 -1.43981E-03
3.05029E+03 -1.12676E-03
3.05042E+03 -1.05844E-03
3.05054E+03 -1.24950E-03
3.05066E+03 -1.44140E-03
3.05078E+03 -1.32741E-03
3.05090E+03 -8.27808E-04
3.05102E+03 -2.04772E-04
3.05114E+03 1.36767E-04
3.05126E+03 1.81980E-05
3.05138E+03 -3.40354E-04
3.05150E+03 -5.64337E-04
3.05162E+03 -5.34870E-04
3.05174E+03 -5.00850E-04
3.05186E+03 -7.81558E-04
3.05198E+03 -1.39181E-03
3.05210E+03 -1.99537E-03
3.05222E+03 -2.22052E-03
3.05234E+03 -1.99790E-03
3.05246E+03 -1.59742E-03
3.05259E+03 -1.36098E-03
3.05271E+03 -1.39660E-03
3.05283E+03 -1.51367E-03
3.05295E+03 -1.45341E-03
3.05307E+03 -1.18192E-03
3.05319E+03 -9.25954E-04
3.05331E+03 -8.80878E-04
3.05343E+03 -9.24367E-04
3.05355E+03 -7.30243E-04
3.05367E+03 -2.06955E-04
3.05379E+03 2.91243E-04
3.05391E+03 3.10726E-04
3.05403E+03 -1.77663E-04
3.05415E+03 -7.38896E-04
3.05427E+03 -9.51678E-04
3.05439E+03 -7.90577E-04
3.05451E+03 -5.19317E-04
3.05463E+03 -3.60209E-04
3.05476E+03 -3.78128E-04
3.05488E+03 -5.70010E-04
3.05500E+03 -8.91790E-04
3.05512E+03 -1.21340E-03
3.05524E+03 -1.39279E-03
3.05536E+03 -1.43491E-03
3.05548E+03 -1.49148E-03
3.05560E+03 -1.66359E-03
3.05572E+03 -1.85770E-03
3.05584E+03 -1.86273E-03
3.05596E+03 -1.54289E-03
3.05608E+03 -9.64586E-04
3.05620E+03 -3.82207E-04
3.05632E+03 -8.99471E-05
3.05644E+03 -2.18671E-04
3.05656E+03 -6.47128E-04
3.05668E+03 -1.12259E-03
3.05680E+03 -1.43326E-03
3.05693E+03 -1.43235E-03
3.05705E+03 -1.01275E-03
3.05717E+03 -2.37197E-04
3.05729E+03 5.31286E-04
3.05741E+03 8.40537E-04
3.05753E+03 5.84640E-04
3.05765E+03 5.82039E-05
3.05777E+03 -4.99070E-04
3.05789E+03 -1.20741E-03
3.05801E+03 -2.19983E-03
3.05813E+03 -3.11464E-03
3.05825E+03 -3.28983E-03
3.05837E+03 -2.52841E-03
3.05849E+03 -1.42370E-03
3.05861E+03 -7.78377E-04
3.05873E+03 -8.47545E-04
3.05885E+03 -1.26114E-03
3.05897E+03 -1.54051E-03
3.05909E+03 -1.51593E-03
3.05922E+03 -1.29730E-03
3.05934E+03 -1.03879E-03
3.05946E+03 -8.14103E-04
3.05958E+03 -6.32234E-04
3.05970E+03 -4.81840E-04
3.05982E+03 -3.52025E-04
3.05994E+03 -2.38858E-04
3.06006E+03 -1.56358E-04
3.06018E+03 -1.55188E-04
3.06030E+03 -3.00124E-04
3.06042E+03 -5.66293E-04
3.06054E+03 -7.62489E-04
3.06066E+03 -6.58244E-04
3.06078E+03 -2.52493E-04
3.06090E+03 1.58794E-04
3.06102E+03 2.63818E-04
3.06114E+03 3.93949E-05
3.06126E+03 -3.21530E-04
3.06139E+03 -6.85818E-04
3.06151E+03 -1.04674E-03
3.06163E+03 -1.33551E-03
3.06175E+03 -1.39042E-03
3.06187E+03 -1.19699E-03
3.06199E+03 -9.97026E-04
3.06211E+03 -1.00920E-03
3.06223E+03 -1.13899E-03
3.06235E+03 -1.13383E-03
3.06247E+03 -9.73877E-04
3.06259E+03 -9.11776E-04
3.06271E+03 -1.10253E-03
3.06283E+03 -1.38612E-03
3.06295E+03 -1.53407E-03
3.06307E+03 -1.54955E-03
3.06319E+03 -1.55966E-03
3.06331E+03 -1.51735E-03
3.06343E+03 -1.24064E-03
3.06356E+03 -7.55753E-04
3.06368E+03 -3.76370E-04
3.06380E+03 -3.27554E-04
3.06392E+03 -4.61839E-04
3.06404E+03 -5.17204E-04
3.06416E+03 -5.33447E-04
3.06428E+03 -7.63766E-04
3.06440E+03 -1.18486E-03
3.06452E+03 -1.38069E-03
3.06464E+03 -1.06356E-03
3.06476E+03 -5.19030E-04
3.06488E+03 -3.08488E-04
3.06500E+03 -6.09644E-04
3.06512E+03 -1.07145E-03
3.06524E+03 -1.29983E-03
3.06536E+03 -1.25141E-03
3.06548E+03 -1.08959E-03
3.06560E+03 -8.86325E-04
3.06573E+03 -6.35296E-04
3.06585E+03 -4.15366E-04
3.06597E+03 -3.36532E-04
3.06609E+03 -3.72346E-04
3.06621E+03 -4.13865E-04
3.06633E+03 -4.75373E-04
3.06645E+03 -6.84407E-04
3.06657E+03 -1.03841E-03
3.06669E+03 -1.30947E-03
3.06681E+03 -1.26566E-03
3.06693E+03 -9.22445E-04
3.06705E+03 -5.37015E-04
3.06717E+03 -4.08154E-04
3.06729E+03 -6.81456E-04
3.06741E+03 -1.24293E-03
3.06753E+03 -1.76447E-03
3.06765E+03 -1.95147E-03
3.06777E+03 -1.81659E-03
3.06790E+03 -1.64800E-03
3.06802E+03 -1.66136E-03
3.06814E+03 -1.77254E-03
3.06826E+03 -1.77956E-03
3.06838E+03 -1.65981E-03
3.06850E+03 -1.56158E-03
3.06862E+03 -1.55348E-03
3.06874E+03 -1.53027E-03
3.06886E+03 -1.39057E-03
3.06898E+03 -1.21124E-03
3.06910E+03 -1.18709E-03
3.06922E+03 -1.41363E-03
3.06934E+03 -1.73586E-03
3.06946E+03 -1.81969E-03
3.06958E+03 -1.44668E-03
3.06970E+03 -7.89829E-04
3.06982E+03 -3.11568E-04
3.06994E+03 -2.89481E-04
3.07006E+03 -5.10529E-04
3.07019E+03 -5.58484E-04
3.07031E+03 -3.41453E-04
3.07043E+03 -1.51485E-04
3.07055E+03 -2.14018E-04
3.07067E+03 -4.15143E-04
3.07079E+03 -5.58447E-04
3.07091E+03 -6.58650E-04
3.07103E+03 -7.96434E-04
3.07115E+03 -8.49403E-04
3.07127E+03 -6.21896E-04
3.07139E+03 -1.92489E-04
3.07151E+03 1.05225E-04
3.07163E+03 6.94543E-05
3.07175E+03 -1.71680E-04
3.07187E+03 -3.92698E-04
3.07199E+03 -5.42868E-04
3.07211E+03 -7.24759E-04
3.07223E+03 -1.04879E-03
3.07236E+03 -1.55372E-03
3.07248E+03 -2.12106E-03
3.07260E+03 -2.39681E-03
3.07272E+03 -1.98935E-03
3.07284E+03 -9.27247E-04
3.07296E+03 1.85274E-04
3.07308E+03 6.69360E-04
3.07320E+03 4.17557E-04
3.07332E+03 -1.19440E-04
3.07344E+03 -5.27568E-04
3.07356E+03 -8.18472E-04
3.07368E+03 -1.17486E-03
3.07380E+03 -1.54478E-03
3.07392E+03 -1.66384E-03
3.07404E+03 -1.40034E-03
3.07416E+03 -9.19856E-04
3.07428E+03 -5.08156E-04
3.07440E+03 -3.20043E-04
3.07453E+03 -3.06204E-04
3.07465E+03 -3.21843E-04
3.07477E+03 -2.92428E-04
3.07489E+03 -3.04069E-04
3.07501E+03 -5.27222E-04
3.07513E+03 -1.02434E-03
3.07525E+03 -1.63108E-03
3.07537E+03 -2.03487E-03
3.07549E+03 -1.96863E-03
3.07561E+03 -1.37275E-03
3.07573E+03 -4.69815E-04
3.07585E+03 2.86404E-04
3.07597E+03 4.51427E-04
3.07609E+03 -5.89527E-05
3.07621E+03 -8.47720E-04
3.07633E+03 -1.33810E-03
3.07645E+03 -1.22763E-03
3.07657E+03 -6.77507E-04
3.07670E+03 -1.25848E-04
3.07682E+03 3.61353E-05
3.07694E+03 -2.96082E-04
3.07706E+03 -8.59089E-04
3.07718E+03 -1.23975E-03
3.07730E+03 -1.28681E-03
3.07742E+03 -1.28384E-03
3.07754E+03 -1.55788E-03
3.07766E+03 -1.96992E-03
3.07778E+03 -2.02155E-03
3.07790E+03 -1.50931E-03
3.07802E+03 -8.29987E-04
3.07814E+03 -5.00843E-04
3.07826E+03 -5.87445E-04
3.07838E+03 -7.88569E-04
3.07850E+03 -8.87167E-04
3.07862E+03 -8.39029E-04
3.07874E+03 -5.61029E-04
3.07887E+03 -1.16825E-05
3.07899E+03 5.12354E-04
3.07911E+03 5.29446E-04
3.07923E+03 -1.90139E-05
3.07935E+03 -6.13809E-04
3.07947E+03 -8.14825E-04
3.07959E+03 -8.31526E-04
3.07971E+03 -1.18030E-03
3.07983E+03 -1.91540E-03
3.07995E+03 -2.51454E-03
3.08007E+03 -2.51134E-03
3.08019E+03 -1.97386E-03
3.08031E+03 -1.30994E-03
3.08043E+03 -8.30788E-04
3.08055E+03 -6.21933E-04
3.08067E+03 -6.52276E-04
3.08079E+03 -8.05344E-04
3.08091E+03 -8.62028E-04
3.08104E+03 -6.37282E-04
3.08116E+03 -1.89167E-04
3.08128E+03 1.82297E-04
3.08140E+03 1.92590E-04
3.08152E+03 -1.66427E-04
3.08164E+03 -6.31329E-04
3.08176E+03 -9.12238E-04
3.08188E+03 -9.30712E-04
3.08200E+03 -8.53494E-04
3.08212E+03 -8.96517E-04
3.08224E+03 -1.08732E-03
3.08236E+03 -1.22451E-03
3.08248E+03 -1.08682E-03
3.08260E+03 -6.93299E-04
3.08272E+03 -3.46020E-04
3.08284E+03 -3.73319E-04
3.08296E+03 -8.02387E-04
3.08308E+03 -1.30821E-03
3.08321E+03 -1.52232E-03
3.08333E+03 -1.37512E-03
3.08345E+03 -1.08780E-03
3.08357E+03 -8.61805E-04
3.08369E+03 -7.04989E-04
3.08381E+03 -5.89840E-04
3.08393E+03 -6.06298E-04
3.08405E+03 -7.97968E-04
3.08417E+03 -9.53641E-04
3.08429E+03 -7.96620E-04
3.08441E+03 -4.03501E-04
3.08453E+03 -2.30979E-04
3.08465E+03 -6.11223E-04
3.08477E+03 -1.33683E-03
3.08489E+03 -1.86753E-03
3.08501E+03 -1.87765E-03
3.08513E+03 -1.48909E-03
3.08525E+03 -1.03356E-03
3.08538E+03 -7.40640E-04
3.08550E+03 -6.61299E-04
3.08562E+03 -7.51469E-04
3.08574E+03 -9.35603E-04
3.08586E+03 -1.11298E-03
3.08598E+03 -1.15769E-03
3.08610E+03 -9.61117E-04
3.08622E+03 -5.32158E-04
3.08634E+03 -6.47679E-05
3.08646E+03 1.80911E-04
3.08658E+03 1.32333E-04
3.08670E+03 -1.47596E-05
3.08682E+03 -6.47753E-05
3.08694E+03 -1.01786E-04
3.08706E+03 -3.48251E-04
3.08718E+03 -7.70055E-04
3.08730E+03 -1.00265E-03
3.08742E+03 -7.69459E-04
3.08754E+03 -2.52377E-04
3.08767E+03 8.85241E-05
3.08779E+03 9.40263E-06
3.08791E+03 -3.11736E-04
3.08803E+03 -5.49268E-04
3.08815E+03 -5.83693E-04
3.08827E+03 -5.41408E-04
3.08839E+03 -5.87534E-04
3.08851E+03 -7.42927E-04
3.08863E+03 -8.71580E-04
3.08875E+03 -8.02629E-04
3.08887E+03 -4.79899E-04
3.08899E+03 -1.85184E-05
3.08911E+03 3.98505E-04
3.08923E+03 6.87942E-04
3.08935E+03 9.13981E-04
3.08947E+03 1.12907E-03
3.08959E+03 1.21458E-03
3.08971E+03 9.38278E-04
3.08984E+03 2.01847E-04
3.08996E+03 -7.81912E-04
3.09008E+03 -1.57196E-03
3.09020E+03 -1.79603E-03
3.09032E+03 -1.40958E-03
3.09044E+03 -7.33253E-04
3.09056E+03 -2.28230E-04
3.09068E+03 -1.73867E-04
3.09080E+03 -5.02646E-04
3.09092E+03 -9.21071E-04
3.09104E+03 -1.17996E-03
3.09116E+03 -1.22683E-03
3.09128E+03 -1.13536E-03
3.09140E+03 -9.65353E-04
3.09152E+03 -7.23779E-04
3.09164E+03 -4.07979E-04
3.09176E+03 -2.22176E-05
3.09188E+03 4.19963E-04
3.09201E+03 8.29589E-04
3.09213E+03 1.00890E-03
3.09225E+03 8.02286E-04
3.09237E+03 3.69936E-04
3.09249E+03 2.11842E-04
3.09261E+03 7.46973E-04
3.09273E+03 1.81632E-03
3.09285E+03 2.71195E-03
3.09297E+03 2.79825E-03
3.09309E+03 2.08571E-03
3.09321E+03 1.14509E-03
3.09333E+03 4.98462E-04
3.09345E+03 1.89792E-04
3.09357E+03 -4.94272E-05
3.09369E+03 -3.52263E-04
3.09381E+03 -5.75911E-04
3.09393E+03 -5.57330E-04
3.09405E+03 -3.81876E-04
3.09418E+03 -3.20502E-04
3.09430E+03 -5.44310E-04
3.09442E+03 -9.52125E-04
3.09454E+03 -1.26934E-03
3.09466E+03 -1.30457E-03
3.09478E+03 -1.13076E-03
3.09490E+03 -1.01224E-03
3.09502E+03 -1.10503E-03
3.09514E+03 -1.23962E-03
3.09526E+03 -1.11783E-03
3.09538E+03 -7.58544E-04
3.09550E+03 -5.70200E-04
3.09562E+03 -8.08969E-04
3.09574E+03 -1.10097E-03
3.09586E+03 -8.22142E-04
3.09598E+03 4.00580E-05
3.09610E+03 7.43087E-04
3.09622E+03 6.64074E-04
3.09635E+03 2.24076E-05
3.09647E+03 -5.24741E-04
3.09659E+03 -7.81547E-04
3.09671E+03 -1.09499E-03
3.09683E+03 -1.58050E-03
3.09695E+03 -1.77563E-03
3.09707E+03 -1.27451E-03
3.09719E+03 -3.56019E-04
3.09731E+03 3.39281E-04
3.09743E+03 5.65264E-04
3.09755E+03 5.83701E-04
3.09767E+03 5.99381E-04
3.09779E+03 4.71648E-04
3.09791E+03 7.11083E-05
3.09803E+03 -3.75904E-04
3.09815E+03 -5.04114E-04
3.09827E+03 -2.53581E-04
3.09839E+03 9.05097E-05
3.09851E+03 2.27079E-04
3.09864E+03 8.50707E-05
3.09876E+03 -2.38560E-04
3.09888E+03 -6.17173E-04
3.09900E+03 -9.36415E-04
3.09912E+03 -1.06928E-03
3.09924E+03 -9.06926E-04
3.09936E+03 -4.37669E-04
3.09948E+03 1.95563E-04
3.09960E+03 7.24539E-04
3.09972E+03 9.10476E-04
3.09984E+03 7.21376E-04
3.09996E+03 3.78154E-04
3.10008E+03 1.76083E-04
3.10020E+03 2.26349E-04
3.10032E+03 3.73125E-04
3.10044E+03 3.73509E-04
3.10056E+03 1.50688E-04
3.10068E+03 -1.48751E-04
3.10081E+03 -3.45752E-04
3.10093E+03 -4.44949E-04
3.10105E+03 -5.88886E-04
3.10117E+03 -8.07688E-04
3.10129E+03 -8.93731E-04
3.10141E+03 -6.05527E-04
3.10153E+03 2.95453E-05
3.10165E+03 6.89730E-04
3.10177E+03 1.05542E-03
3.10189E+03 1.06065E-03
3.10201E+03 8.54880E-04
3.10213E+03 5.93569E-04
3.10225E+03 3.27017E-04
3.10237E+03 4.74676E-05
3.10249E+03 -2.31918E-04
3.10261E+03 -4.56307E-04
3.10273E+03 -5.76083E-04
3.10285E+03 -5.93919E-04
3.10298E+03 -5.67701E-04
3.10310E+03 -5.40983E-04
3.10322E+03 -4.78163E-04
3.10334E+03 -3.02237E-04
3.10346E+03 2.25008E-06
3.10358E+03 3.46866E-04
3.10370E+03 5.85355E-04
3.10382E+03 5.43188E-04
3.10394E+03 8.52980E-05
3.10406E+03 -6.93191E-04
3.10418E+03 -1.34020E-03
3.10430E+03 -1.34987E-03
3.10442E+03 -7.21812E-04
3.10454E+03 -5.92731E-05
3.10466E+03 1.00389E-04
3.10478E+03 -8.28095E-05
3.10490E+03 -3.83854E-05
3.10502E+03 3.55504E-04
3.10515E+03 6.07152E-04
3.10527E+03 3.95775E-04
3.10539E+03 1.18338E-04
3.10551E+03 3.58779E-04
3.10563E+03 1.04011E-03
3.10575E+03 1.50494E-03
3.10587E+03 1.39037E-03
3.10599E+03 1.02358E-03
3.10611E+03 8.46092E-04
3.10623E+03 8.03683E-04
3.10635E+03 5.80102E-04
3.10647E+03 2.20429E-04
3.10659E+03 1.42537E-04
3.10671E+03 5.08480E-04
3.10683E+03 8.93425E-04
3.10695E+03 7.58950E-04
3.10707E+03 1.05929E-04
3.10719E+03 -5.30977E-04
3.10732E+03 -6.75321E-04
3.10744E+03 -3.48806E-04
3.10756E+03 8.89003E-05
3.10768E+03 3.48069E-04
3.10780E+03 3.68662E-04
3.10792E+03 1.89938E-04
3.10804E+03 -1.26496E-04
3.10816E+03 -4.38929E-04
3.10828E+03 -5.78504E-04
3.10840E+03 -5.39683E-04
3.10852E+03 -5.19991E-04
3.10864E+03 -6.42855E-04
3.10876E+03 -7.11016E-04
3.10888E+03 -4.04529E-04
3.10900E+03 2.66414E-04
3.10912E+03 8.72292E-04
3.10924E+03 1.00856E-03
3.10936E+03 6.82544E-04
3.10949E+03 1.69687E-04
3.10961E+03 -3.81701E-04
3.10973E+03 -9.83976E-04
3.10985E+03 -1.50259E-03
3.10997E+03 -1.59471E-03
3.11009E+03 -1.12895E-03
3.11021E+03 -5.00843E-04
3.11033E+03 -2.91824E-04
3.11045E+03 -6.15235E-04
3.11057E+03 -9.92365E-04
3.11069E+03 -9.32336E-04
3.11081E+03 -4.74315E-04
3.11093E+03 -5.18560E-05
3.11105E+03 4.31128E-05
3.11117E+03 -1.19444E-04
3.11129E+03 -3.41441E-04
3.11141E+03 -5.53031E-04
3.11153E+03 -7.46232E-04
3.11166E+03 -8.35657E-04
3.11178E+03 -7.28901E-04
3.11190E+03 -4.84668E-04
3.11202E+03 -2.74979E-04
3.11214E+03 -1.83295E-04
3.11226E+03 -1.20010E-04
3.11238E+03 4.52027E-05
3.11250E+03 3.15838E-04
3.11262E+03 5.57464E-04
3.11274E+03 5.94750E-04
3.11286E+03 3.26488E-04
3.11298E+03 -2.06158E-04
3.11310E+03 -8.23721E-04
3.11322E+03 -1.31376E-03
3.11334E+03 -1.53685E-03
3.11346E+03 -1.43256E-03
3.11358E+03 -9.63796E-04
3.11370E+03 -1.61521E-04
3.11382E+03 7.50635E-04
3.11395E+03 1.39354E-03
3.11407E+03 1.52585E-03
3.11419E+03 1.25678E-03
3.11431E+03 8.96268E-04
3.11443E+03 6.21486E-04
3.11455E+03 3.94929E-04
3.11467E+03 1.93827E-04
3.11479E+03 1.46709E-04
3.11491E+03 3.30575E-04
3.11503E+03 5.43695E-04
3.11515E+03 4.63028E-04
3.11527E+03 3.63551E-05
3.11539E+03 -4.22940E-04
3.11551E+03 -5.76459E-04
3.11563E+03 -4.01352E-04
3.11575E+03 -1.14832E-04
3.11587E+03 1.20863E-04
3.11599E+03 2.98154E-04
3.11612E+03 4.48085E-04
3.11624E+03 5.68472E-04
3.11636E+03 6.91652E-04
3.11648E+03 8.83207E-04
3.11660E+03 1.11125E-03
3.11672E+03 1.21077E-03
3.11684E+03 1.05366E-03
3.11696E+03 6.99706E-04
3.11708E+03 3.23351E-04
3.11720E+03 5.96419E-05
3.11732E+03 -1.59144E-05
3.11744E+03 1.51027E-04
3.11756E+03 4.84321E-04
3.11768E+03 6.89182E-04
3.11780E+03 4.32912E-04
3.11792E+03 -2.95877E-04
3.11804E+03 -1.11177E-03
3.11816E+03 -1.59481E-03
3.11829E+03 -1.64421E-03
3.11841E+03 -1.43686E-03
3.11853E+03 -1.15391E-03
3.11865E+03 -8.77880E-04
3.11877E+03 -6.78856E-04
3.11889E+03 -6.18607E-04
3.11901E+03 -6.55141E-04
3.11913E+03 -6.87737E-04
3.11925E+03 -7.18579E-04
3.11937E+03 -8.02562E-04
3.11949E+03 -7.78869E-04
3.11961E+03 -2.84884E-04
3.11973E+03 7.34303E-04
3.11985E+03 1.66934E-03
3.11997E+03 1.76597E-03
3.12009E+03 1.04461E-03
3.12021E+03 3.89677E-04
3.12033E+03 5.09985E-04
3.12046E+03 1.05671E-03
3.12058E+03 1.10475E-03
3.12070E+03 3.80866E-04
3.12082E+03 -4.20421E-04
3.12094E+03 -5.80139E-04
3.12106E+03 -1.87587E-04
3.12118E+03 2.11619E-04
3.12130E+03 4.31828E-04
3.12142E+03 7.10174E-04
3.12154E+03 1.07548E-03
3.12166E+03 1.13287E-03
3.12178E+03 5.88551E-04
3.12190E+03 -3.03693E-04
3.12202E+03 -9.75251E-04
3.12214E+03 -1.05450E-03
3.12226E+03 -5.41229E-04
3.12238E+03 2.96324E-04
3.12250E+03 1.02581E-03
3.12263E+03 1.22519E-03
3.12275E+03 7.74570E-04
3.12287E+03 -3.09832E-05
3.12299E+03 -7.64761E-04
3.12311E+03 -1.19859E-03
3.12323E+03 -1.25667E-03
3.12335E+03 -8.55111E-04
3.12347E+03 -4.93862E-05
3.12359E+03 7.38725E-04
3.12371E+03 9.61322E-04
3.12383E+03 5.14086E-04
3.12395E+03 -1.41505E-04
3.12407E+03 -4.89347E-04
3.12419E+03 -4.43194E-04
3.12431E+03 -2.26483E-04
3.12443E+03 1.44988E-05
3.12455E+03 2.82243E-04
3.12467E+03 5.41434E-04
3.12480E+03 6.72553E-04
3.12492E+03 6.35281E-04
3.12504E+03 5.29177E-04
3.12516E+03 4.62264E-04
3.12528E+03 4.54579E-04
3.12540E+03 4.90710E-04
3.12552E+03 5.68122E-04
3.12564E+03 6.44822E-04
3.12576E+03 6.11152E-04
3.12588E+03 3.85161E-04
3.12600E+03 1.88686E-05
3.12612E+03 -3.40287E-04
3.12624E+03 -5.85493E-04
3.12636E+03 -7.24897E-04
3.12648E+03 -8.03899E-04
3.12660E+03 -8.11148E-04
3.12672E+03 -6.98518E-04
3.12684E+03 -4.72721E-04
3.12697E+03 -1.98040E-04
3.12709E+03 9.88506E-05
3.12721E+03 4.24381E-04
3.12733E+03 6.69744E-04
3.12745E+03 5.70610E-04
3.12757E+03 -7.74860E-06
3.12769E+03 -7.76887E-04
3.12781E+03 -1.21579E-03
3.12793E+03 -1.09329E-03
3.12805E+03 -6.72884E-04
3.12817E+03 -3.33887E-04
3.12829E+03 -1.65723E-04
3.12841E+03 -6.95623E-05
3.12853E+03 -7.33286E-05
3.12865E+03 -2.92744E-04
3.12877E+03 -6.50149E-04
3.12889E+03 -8.91827E-04
3.12901E+03 -9.04635E-04
3.12914E+03 -8.02148E-04
3.12926E+03 -6.61056E-04
3.12938E+03 -4.11671E-04
3.12950E+03 -9.21302E-05
3.12962E+03 3.60720E-05
3.12974E+03 -1.72161E-04
3.12986E+03 -4.36701E-04
3.12998E+03 -3.60299E-04
3.13010E+03 5.99287E-05
3.13022E+03 4.72952E-04
3.13034E+03 7.09973E-04
3.13046E+03 9.55179E-04
3.13058E+03 1.30734E-03
3.13070E+03 1.46481E-03
3.13082E+03 1.08942E-03
3.13094E+03 3.24041E-04
3.13106E+03 -3.24238E-04
3.13118E+03 -5.71594E-04
3.13130E+03 -5.91252E-04
3.13143E+03 -6.32476E-04
3.13155E+03 -6.73082E-04
3.13167E+03 -5.61159E-04
3.13179E+03 -3.13278E-04
3.13191E+03 -9.44808E-05
3.13203E+03 7.74115E-06
3.13215E+03 3.19630E-05
3.13227E+03 3.76329E-05
3.13239E+03 8.95299E-05
3.13251E+03 3.14400E-04
3.13263E+03 7.90983E-04
3.13275E+03 1.36349E-03
3.13287E+03 1.71560E-03
3.13299E+03 1.68822E-03
3.13311E+03 1.42533E-03
3.13323E+03 1.17391E-03
3.13335E+03 1.04900E-03
3.13347E+03 1.01975E-03
3.13360E+03 9.84635E-04
3.13372E+03 7.93930E-04
3.13384E+03 3.44284E-04
3.13396E+03 -2.35491E-04
3.13408E+03 -6.07796E-04
3.13420E+03 -5.83820E-04
3.13432E+03 -3.48791E-04
3.13444E+03 -2.02689E-04
3.13456E+03 -1.67780E-04
3.13468E+03 -3.60236E-05
3.13480E+03 2.61292E-04
3.13492E+03 5.51850E-04
3.13504E+03 7.07254E-04
3.13516E+03 8.08306E-04
3.13528E+03 9.87995E-04
3.13540E+03 1.28435E-03
3.13552E+03 1.70621E-03
3.13564E+03 2.25659E-03
3.13577E+03 2.78537E-03
3.13589E+03 2.97642E-03
3.13601E+03 2.62085E-03
3.13613E+03 1.82855E-03
3.13625E+03 9.06464E-04
3.13637E+03 1.45532E-04
3.13649E+03 -2.33129E-04
3.13661E+03 -1.51765E-04
3.13673E+03 1.18218E-04
3.13685E+03 5.05671E-05
3.13697E+03 -5.41635E-04
3.13709E+03 -1.11613E-03
3.13721E+03 -9.41504E-04
3.13733E+03 -2.14539E-05
3.13745E+03 8.30650E-04
3.13757E+03 9.35853E-04
3.13769E+03 4.95065E-04
3.13781E+03 2.03367E-04
3.13794E+03 3.68830E-04
3.13806E+03 6.92181E-04
3.13818E+03 8.18826E-04
3.13830E+03 7.96467E-04
3.13842E+03 9.00500E-04
3.13854E+03 1.19372E-03
3.13866E+03 1.42968E-03
3.13878E+03 1.37588E-03
3.13890E+03 1.11607E-03
3.13902E+03 9.48619E-04
3.13914E+03 1.00731E-03
3.13926E+03 1.10310E-03
3.13938E+03 1.02053E-03
3.13950E+03 8.68220E-04
3.13962E+03 9.49327E-04
3.13974E+03 1.28877E-03
3.13986E+03 1.50223E-03
3.13998E+03 1.22967E-03
3.14010E+03 5.46325E-04
3.14023E+03 -1.57870E-04
3.14035E+03 -5.52706E-04
3.14047E+03 -5.15044E-04
3.14059E+03 -7.62939E-05
3.14071E+03 5.27952E-04
3.14083E+03 8.60393E-04
3.14095E+03 6.40437E-04
3.14107E+03 1.20487E-04
3.14119E+03 -1.15976E-04
3.14131E+03 1.98457E-04
3.14143E+03 7.32940E-04
3.14155E+03 1.01156E-03
3.14167E+03 9.30998E-04
3.14179E+03 7.32485E-04
3.14191E+03 6.43305E-04
3.14203E+03 7.34307E-04
3.14215E+03 1.02007E-03
3.14227E+03 1.48562E-03
3.14240E+03 2.00262E-03
3.14252E+03 2.33998E-03
3.14264E+03 2.29136E-03
3.14276E+03 1.78755E-03
3.14288E+03 9.80336E-04
3.14300E+03 2.74330E-04
3.14312E+03 1.16453E-04
3.14324E+03 5.73821E-04
3.14336E+03 1.19853E-03
3.14348E+03 1.48989E-03
3.14360E+03 1.43226E-03
3.14372E+03 1.37358E-03
3.14384E+03 1.42482E-03
3.14396E+03 1.28777E-03
3.14408E+03 7.75073E-04
3.14420E+03 2.23037E-04
3.14432E+03 1.38972E-04
3.14444E+03 5.57363E-04
3.14457E+03 9.85399E-04
3.14469E+03 9.61032E-04
3.14481E+03 5.09217E-04
3.14493E+03 7.40699E-05
3.14505E+03 1.39620E-04
3.14517E+03 8.87092E-04
3.14529E+03 2.03724E-03
3.14541E+03 2.96942E-03
3.14553E+03 3.15240E-03
3.14565E+03 2.59201E-03
3.14577E+03 1.81946E-03
3.14589E+03 1.36985E-03
3.14601E+03 1.28846E-03
3.14613E+03 1.17720E-03
3.14625E+03 6.94595E-04
3.14637E+03 -2.97204E-05
3.14649E+03 -4.67800E-04
3.14661E+03 -1.96695E-04
3.14674E+03 6.46621E-04
3.14686E+03 1.40480E-03
3.14698E+03 1.48096E-03
3.14710E+03 9.01226E-04
3.14722E+03 2.60796E-04
3.14734E+03 9.02005E-05
3.14746E+03 3.68599E-04
3.14758E+03 7.09623E-04
3.14770E+03 8.86537E-04
3.14782E+03 9.86885E-04
3.14794E+03 1.08401E-03
3.14806E+03 1.01820E-03
3.14818E+03 6.74281E-04
3.14830E+03 3.24775E-04
3.14842E+03 4.06753E-04
3.14854E+03 9.09813E-04
3.14866E+03 1.24465E-03
3.14878E+03 9.20530E-04
3.14891E+03 2.23704E-04
3.14903E+03 -4.80078E-05
3.14915E+03 4.92066E-04
3.14927E+03 1.40496E-03
3.14939E+03 2.01515E-03
3.14951E+03 2.11224E-03
3.14963E+03 1.90341E-03
3.14975E+03 1.53974E-03
3.14987E+03 1.05323E-03
3.14999E+03 6.45902E-04
3.15011E+03 6.08224E-04
3.15023E+03 8.58568E-04
3.15035E+03 9.17956E-04
3.15047E+03 5.35771E-04
3.15059E+03 7.24941E-05
3.15071E+03 2.14726E-05
3.15083E+03 3.58265E-04
3.15095E+03 6.53408E-04
3.15108E+03 6.89890E-04
3.15120E+03 6.28375E-04
3.15132E+03 6.09823E-04
3.15144E+03 5.53750E-04
3.15156E+03 4.26143E-04
3.15168E+03 3.89177E-04
3.15180E+03 5.15353E-04
3.15192E+03 5.90216E-04
3.15204E+03 4.25052E-04
3.15216E+03 2.16350E-04
3.15228E+03 3.27632E-04
3.15240E+03 7.53868E-04
3.15252E+03 1.05188E-03
3.15264E+03 8.60576E-04
3.15276E+03 3.20628E-04
3.15288E+03 -1.25784E-04
3.15300E+03 -2.47173E-04
3.15312E+03 -2.09209E-04
3.15325E+03 -2.41697E-04
3.15337E+03 -2.64257E-04
3.15349E+03 3.45781E-05
3.15361E+03 7.37783E-04
3.15373E+03 1.45303E-03
3.15385E+03 1.63338E-03
3.15397E+03 1.15252E-03
3.15409E+03 4.66458E-04
3.15421E+03 1.82964E-04
3.15433E+03 5.26689E-04
3.15445E+03 1.21689E-03
3.15457E+03 1.77001E-03
3.15469E+03 1.88150E-03
3.15481E+03 1.61070E-03
3.15493E+03 1.27888E-03
3.15505E+03 1.15205E-03
3.15517E+03 1.18593E-03
3.15529E+03 1.12645E-03
3.15542E+03 8.57625E-04
3.15554E+03 5.34948E-04
3.15566E+03 3.30284E-04
3.15578E+03 1.93160E-04
3.15590E+03 -8.38563E-06
3.15602E+03 -2.16726E-04
3.15614E+03 -2.42151E-04
3.15626E+03 -2.62856E-05
3.15638E+03 3.20725E-04
3.15650E+03 7.29132E-04
3.15662E+03 1.23027E-03
3.15674E+03 1.74429E-03
3.15686E+03 1.99566E-03
3.15698E+03 1.76372E-03
3.15710E+03 1.14951E-03
3.15722E+03 5.05272E-04
3.15734E+03 1.34323E-04
3.15746E+03 9.81912E-05
3.15758E+03 2.52720E-04
3.15771E+03 4.17165E-04
3.15783E+03 5.45241E-04
3.15795E+03 7.51443E-04
3.15807E+03 1.12522E-03
3.15819E+03 1.53360E-03
3.15831E+03 1.71377E-03
3.15843E+03 1.57700E-03
3.15855E+03 1.29346E-03
3.15867E+03 1.03992E-03
3.15879E+03 8.24790E-04
3.15891E+03 6.63441E-04
3.15903E+03 7.48340E-04
3.15915E+03 1.22802E-03
3.15927E+03 1.89466E-03
3.15939E+03 2.32607E-03
3.15951E+03 2.34574E-03
3.15963E+03 2.14111E-03
3.15975E+03 1.89914E-03
3.15988E+03 1.55840E-03
3.16000E+03 1.05145E-03
3.16012E+03 6.03680E-04
3.16024E+03 5.75658E-04
3.16036E+03 1.06237E-03
3.16048E+03 1.81371E-03
3.16060E+03 2.52832E-03
3.16072E+03 3.05453E-03
3.16084E+03 3.29539E-03
3.16096E+03 3.13405E-03
3.16108E+03 2.59289E-03
3.16120E+03 1.94963E-03
3.16132E+03 1.52571E-03
3.16144E+03 1.37913E-03
3.16156E+03 1.32915E-03
3.16168E+03 1.25265E-03
3.16180E+03 1.18811E-03
3.16192E+03 1.12191E-03
3.16205E+03 8.81545E-04
3.16217E+03 4.07185E-04
3.16229E+03 2.67476E-06
3.16241E+03 7.32318E-05
3.16253E+03 6.08504E-04
3.16265E+03 1.13788E-03
3.16277E+03 1.27302E-03
3.16289E+03 1.11892E-03
3.16301E+03 1.01132E-03
3.16313E+03 1.00870E-03
3.16325E+03 8.77686E-04
3.16337E+03 5.17812E-04
3.16349E+03 1.42712E-04
3.16361E+03 -1.33701E-05
3.16373E+03 4.58732E-05
3.16385E+03 2.05100E-04
3.16397E+03 4.66030E-04
3.16409E+03 8.47131E-04
3.16422E+03 1.18453E-03
3.16434E+03 1.26269E-03
3.16446E+03 1.16570E-03
3.16458E+03 1.29667E-03
3.16470E+03 1.91184E-03
3.16482E+03 2.72032E-03
3.16494E+03 3.10505E-03
3.16506E+03 2.76577E-03
3.16518E+03 2.04291E-03
3.16530E+03 1.52424E-03
3.16542E+03 1.38045E-03
3.16554E+03 1.22278E-03
3.16566E+03 6.76990E-04
3.16578E+03 -2.69413E-05
3.16590E+03 -2.16205E-04
3.16602E+03 4.52831E-04
3.16614E+03 1.57075E-03
3.16626E+03 2.42143E-03
3.16639E+03 2.67764E-03
3.16651E+03 2.49321E-03
3.16663E+03 2.05316E-03
3.16675E+03 1.36685E-03
3.16687E+03 5.73903E-04
3.16699E+03 1.36197E-04
3.16711E+03 4.38210E-04
3.16723E+03 1.27595E-03
3.16735E+03 1.98299E-03
3.16747E+03 2.10647E-03
3.16759E+03 1.81301E-03
3.16771E+03 1.57908E-03
3.16783E+03 1.62012E-03
3.16795E+03 1.72627E-03
3.16807E+03 1.58889E-03
3.16819E+03 1.18313E-03
3.16831E+03 8.16803E-04
3.16843E+03 8.34156E-04
3.16855E+03 1.27463E-03
3.16868E+03 1.82011E-03
3.16880E+03 2.09597E-03
3.16892E+03 2.00904E-03
3.16904E+03 1.75842E-03
3.16916E+03 1.56748E-03
3.16928E+03 1.50254E-03
3.16940E+03 1.53140E-03
3.16952E+03 1.60587E-03
3.16964E+03 1.62673E-03
3.16976E+03 1.47783E-03
3.16988E+03 1.21396E-03
3.17000E+03 1.08954E-03
3.17012E+03 1.22859E-03
3.17024E+03 1.35560E-03
3.17036E+03 1.08401E-03
3.17048E+03 4.69912E-04
3.17060E+03 2.26088E-05
3.17072E+03 7.05682E-05
3.17085E+03 3.39504E-04
3.17097E+03 3.30430E-04
3.17109E+03 -4.27850E-05
3.17121E+03 -4.04432E-04
3.17133E+03 -4.27574E-04
3.17145E+03 -1.37605E-04
3.17157E+03 2.77832E-04
3.17169E+03 7.09478E-04
3.17181E+03 1.08667E-03
3.17193E+03 1.26715E-03
3.17205E+03 1.15157E-03
3.17217E+03 8.57145E-04
3.17229E+03 6.60665E-04
3.17241E+03 7.59438E-04
3.17253E+03 1.11405E-03
3.17265E+03 1.48499E-03
3.17277E+03 1.60559E-03
3.17289E+03 1.39996E-03
3.17302E+03 1.08757E-03
3.17314E+03 1.01623E-03
3.17326E+03 1.34800E-03
3.17338E+03 1.95346E-03
3.17350E+03 2.61193E-03
3.17362E+03 3.17762E-03
3.17374E+03 3.47865E-03
3.17386E+03 3.24982E-03
3.17398E+03 2.41277E-03
3.17410E+03 1.36574E-03
3.17422E+03 7.23585E-04
3.17434E+03 7.07936E-04
3.17446E+03 1.00690E-03
3.17458E+03 1.30744E-03
3.17470E+03 1.70315E-03
3.17482E+03 2.36077E-03
3.17494E+03 2.98102E-03
3.17506E+03 2.95912E-03
3.17519E+03 2.13641E-03
3.17531E+03 1.12230E-03
3.17543E+03 6.95873E-04
3.17555E+03 1.01108E-03
3.17567E+03 1.53755E-03
3.17579E+03 1.71358E-03
3.17591E+03 1.49754E-03
3.17603E+03 1.25755E-03
3.17615E+03 1.25933E-03
3.17627E+03 1.39865E-03
3.17639E+03 1.43978E-03
3.17651E+03 1.40039E-03
3.17663E+03 1.56392E-03
3.17675E+03 2.07187E-03
3.17687E+03 2.62550E-03
3.17699E+03 2.75442E-03
3.17711E+03 2.38386E-03
3.17723E+03 1.96881E-03
3.17736E+03 1.95827E-03
3.17748E+03 2.24770E-03
3.17760E+03 2.34104E-03
3.17772E+03 2.01808E-03
3.17784E+03 1.62847E-03
3.17796E+03 1.62638E-03
3.17808E+03 1.97259E-03
3.17820E+03 2.17660E-03
3.17832E+03 1.88747E-03
3.17844E+03 1.26758E-03
3.17856E+03 7.39414E-04
3.17868E+03 5.22785E-04
3.17880E+03 5.47957E-04
3.17892E+03 7.14771E-04
3.17904E+03 1.02780E-03
3.17916E+03 1.44175E-03
3.17928E+03 1.75347E-03
3.17940E+03 1.79749E-03
3.17953E+03 1.68850E-03
3.17965E+03 1.71850E-03
3.17977E+03 1.99601E-03
3.17989E+03 2.30300E-03
3.18001E+03 2.35622E-03
3.18013E+03 2.11597E-03
3.18025E+03 1.76436E-03
3.18037E+03 1.44792E-03
3.18049E+03 1.15556E-03
3.18061E+03 8.56161E-04
3.18073E+03 6.57551E-04
3.18085E+03 7.53120E-04
3.18097E+03 1.20503E-03
3.18109E+03 1.80171E-03
3.18121E+03 2.17000E-03
3.18133E+03 2.08589E-03
3.18145E+03 1.70616E-03
3.18157E+03 1.44583E-03
3.18170E+03 1.56916E-03
3.18182E+03 1.92619E-03
3.18194E+03 2.14235E-03
3.18206E+03 2.02171E-03
3.18218E+03 1.67815E-03
3.18230E+03 1.30650E-03
3.18242E+03 9.73471E-04
3.18254E+03 6.83181E-04
3.18266E+03 5.16128E-04
3.18278E+03 5.83794E-04
3.18290E+03 8.94733E-04
3.18302E+03 1.35298E-03
3.18314E+03 1.84948E-03
3.18326E+03 2.27747E-03
3.18338E+03 2.51307E-03
3.18350E+03 2.50332E-03
3.18362E+03 2.36965E-03
3.18374E+03 2.31048E-03
3.18386E+03 2.36811E-03
3.18399E+03 2.36639E-03
3.18411E+03 2.10815E-03
3.18423E+03 1.57653E-03
3.18435E+03 9.45963E-04
3.18447E+03 4.81710E-04
3.18459E+03 4.27995E-04
3.18471E+03 8.49862E-04
3.18483E+03 1.49594E-03
3.18495E+03 1.91841E-03
3.18507E+03 1.85581E-03
3.18519E+03 1.45467E-03
3.18531E+03 1.04090E-03
3.18543E+03 7.69038E-04
3.18555E+03 6.17232E-04
3.18567E+03 6.11551E-04
3.18579E+03 8.16166E-04
3.18591E+03 1.09771E-03
3.18603E+03 1.15765E-03
3.18616E+03 9.30723E-04
3.18628E+03 7.64355E-04
3.18640E+03 1.00847E-03
3.18652E+03 1.53237E-03
3.18664E+03 1.87204E-03
3.18676E+03 1.83988E-03
3.18688E+03 1.77468E-03
3.18700E+03 2.11747E-03
3.18712E+03 2.88897E-03
3.18724E+03 3.68418E-03
3.18736E+03 4.07513E-03
3.18748E+03 3.91144E-03
3.18760E+03 3.32689E-03
3.18772E+03 2.61731E-03
3.18784E+03 2.09859E-03
3.18796E+03 1.93040E-03
3.18808E+03 1.99555E-03
3.18820E+03 1.99685E-03
3.18833E+03 1.73139E-03
3.18845E+03 1.26812E-03
3.18857E+03 8.50096E-04
3.18869E+03 6.65102E-04
3.18881E+03 7.34475E-04
3.18893E+03 9.70077E-04
3.18905E+03 1.26999E-03
3.18917E+03 1.56255E-03
3.18929E+03 1.81559E-03
3.18941E+03 2.03739E-03
3.18953E+03 2.25070E-03
3.18965E+03 2.43550E-03
3.18977E+03 2.50389E-03
3.18989E+03 2.37294E-03
3.19001E+03 2.08997E-03
3.19013E+03 1.86194E-03
3.19025E+03 1.89891E-03
3.19037E+03 2.19377E-03
3.19050E+03 2.48988E-03
3.19062E+03 2.51754E-03
3.19074E+03 2.26486E-03
3.19086E+03 1.98673E-03
3.19098E+03 1.93857E-03
3.19110E+03 2.11800E-03
3.19122E+03 2.27410E-03
3.19134E+03 2.16338E-03
3.19146E+03 1.81399E-03
3.19158E+03 1.56589E-03
3.19170E+03 1.80924E-03
3.19182E+03 2.58043E-03
3.19194E+03 3.39133E-03
3.19206E+03 3.57599E-03
3.19218E+03 2.93421E-03
3.19230E+03 2.01488E-03
3.19242E+03 1.62815E-03
3.19254E+03 2.02972E-03
3.19267E+03 2.68093E-03
3.19279E+03 2.88785E-03
3.19291E+03 2.59177E-03
3.19303E+03 2.37375E-03
3.19315E+03 2.68991E-03
3.19327E+03 3.28607E-03
3.19339E+03 3.49668E-03
3.19351E+03 3.03694E-03
3.19363E+03 2.31373E-03
3.19375E+03 1.94249E-03
3.19387E+03 2.13366E-03
3.19399E+03 2.63985E-03
3.19411E+03 3.13905E-03
3.19423E+03 3.44903E-03
3.19435E+03 3.42828E-03
3.19447E+03 2.97482E-03
3.19459E+03 2.27359E-03
3.19471E+03 1.84117E-03
3.19483E+03 2.06770E-03
3.19496E+03 2.75591E-03
3.19508E+03 3.32150E-03
3.19520E+03 3.44104E-03
3.19532E+03 3.30028E-03
3.19544E+03 3.18355E-03
3.19556E+03 3.07899E-03
3.19568E+03 2.86785E-03
3.19580E+03 2.70668E-03
3.19592E+03 2.91155E-03
3.19604E+03 3.45703E-03
3.19616E+03 3.84178E-03
3.19628E+03 3.58351E-03
3.19640E+03 2.74135E-03
3.19652E+03 1.85630E-03
3.19664E+03 1.44108E-03
3.19676E+03 1.58447E-03
3.19688E+03 1.98039E-03
3.19700E+03 2.26570E-03
3.19713E+03 2.35238E-03
3.19725E+03 2.44939E-03
3.19737E+03 2.72645E-03
3.19749E+03 2.99869E-03
3.19761E+03 2.89527E-03
3.19773E+03 2.38635E-03
3.19785E+03 1.94946E-03
3.19797E+03 2.04350E-03
3.19809E+03 2.53867E-03
3.19821E+03 2.89706E-03
3.19833E+03 2.87503E-03
3.19845E+03 2.76145E-03
3.19857E+03 2.83817E-03
3.19869E+03 2.87740E-03
3.19881E+03 2.41746E-03
3.19893E+03 1.43526E-03
3.19905E+03 5.02825E-04
3.19917E+03 2.45798E-04
3.19930E+03 7.74026E-04
3.19942E+03 1.65755E-03
3.19954E+03 2.34061E-03
3.19966E+03 2.55486E-03
3.19978E+03 2.44195E-03
3.19990E+03 2.34594E-03
3.20002E+03 2.44666E-03
3.20014E+03 2.56741E-03
3.20026E+03 2.38896E-03
3.20038E+03 1.86823E-03
3.20050E+03 1.36903E-03
3.20062E+03 1.31984E-03
3.20074E+03 1.78179E-03
3.20086E+03 2.40635E-03
3.20098E+03 2.78877E-03
3.20110E+03 2.81006E-03
3.20122E+03 2.65284E-03
3.20134E+03 2.54218E-03
3.20147E+03 2.50772E-03
3.20159E+03 2.41091E-03
3.20171E+03 2.18261E-03
3.20183E+03 1.95824E-03
3.20195E+03 1.92155E-03
3.20207E+03 2.06967E-03
3.20219E+03 2.24415E-03
3.20231E+03 2.37636E-03
3.20243E+03 2.53691E-03
3.20255E+03 2.69186E-03
3.20267E+03 2.60083E-03
3.20279E+03 2.12545E-03
3.20291E+03 1.52094E-03
3.20303E+03 1.20473E-03
3.20315E+03 1.26570E-03
3.20327E+03 1.41186E-03
3.20339E+03 1.42536E-03
3.20351E+03 1.44584E-03
3.20364E+03 1.69101E-03
3.20376E+03 2.08098E-03
3.20388E+03 2.31471E-03
3.20400E+03 2.22817E-03
3.20412E+03 1.92595E-03
3.20424E+03 1.62042E-03
3.20436E+03 1.48933E-03
3.20448E+03 1.65348E-03
3.20460E+03 2.11274E-03
3.20472E+03 2.66425E-03
3.20484E+03 3.01890E-03
3.20496E+03 3.07818E-03
3.20508E+03 3.03083E-03
3.20520E+03 3.12712E-03
3.20532E+03 3.39756E-03
3.20544E+03 3.59999E-03
3.20556E+03 3.40356E-03
3.20568E+03 2.66888E-03
3.20581E+03 1.66190E-03
3.20593E+03 9.84415E-04
3.20605E+03 1.12706E-03
3.20617E+03 1.98846E-03
3.20629E+03 2.91281E-03
3.20641E+03 3.28543E-03
3.20653E+03 3.06089E-03
3.20665E+03 2.68359E-03
3.20677E+03 2.57256E-03
3.20689E+03 2.73762E-03
3.20701E+03 2.82601E-03
3.20713E+03 2.48763E-03
3.20725E+03 1.75668E-03
3.20737E+03 1.10711E-03
3.20749E+03 1.04223E-03
3.20761E+03 1.58732E-03
3.20773E+03 2.31970E-03
3.20785E+03 2.93744E-03
3.20798E+03 3.54281E-03
3.20810E+03 4.19527E-03
3.20822E+03 4.49568E-03
3.20834E+03 4.04138E-03
3.20846E+03 3.16828E-03
3.20858E+03 2.72385E-03
3.20870E+03 3.01081E-03
3.20882E+03 3.41829E-03
3.20894E+03 3.33513E-03
3.20906E+03 2.99937E-03
3.20918E+03 3.03013E-03
3.20930E+03 3.43044E-03
3.20942E+03 3.59908E-03
3.20954E+03 3.26427E-03
3.20966E+03 2.88457E-03
3.20978E+03 2.96989E-03
3.20990E+03 3.39888E-03
3.21002E+03 3.65516E-03
3.21015E+03 3.49903E-03
3.21027E+03 3.16685E-03
3.21039E+03 3.02114E-03
3.21051E+03 3.19289E-03
3.21063E+03 3.50444E-03
3.21075E+03 3.60931E-03
3.21087E+03 3.27059E-03
3.21099E+03 2.60430E-03
3.21111E+03 1.98429E-03
3.21123E+03 1.65069E-03
3.21135E+03 1.51300E-03
3.21147E+03 1.39491E-03
3.21159E+03 1.32190E-03
3.21171E+03 1.44096E-03
3.21183E+03 1.79235E-03
3.21195E+03 2.33406E-03
3.21207E+03 3.07970E-03
3.21219E+03 3.98863E-03
3.21231E+03 4.75742E-03
3.21244E+03 4.95597E-03
3.21256E+03 4.44077E-03
3.21268E+03 3.50478E-03
3.21280E+03 2.59227E-03
3.21292E+03 1.98082E-03
3.21304E+03 1.73805E-03
3.21316E+03 1.82387E-03
3.21328E+03 2.15419E-03
3.21340E+03 2.63918E-03
3.21352E+03 3.19143E-03
3.21364E+03 3.63788E-03
3.21376E+03 3.68089E-03
3.21388E+03 3.13771E-03
3.21400E+03 2.26161E-03
3.21412E+03 1.63507E-03
3.21424E+03 1.61321E-03
3.21436E+03 1.98142E-03
3.21448E+03 2.27842E-03
3.21461E+03 2.33636E-03
3.21473E+03 2.34551E-03
3.21485E+03 2.48945E-03
3.21497E+03 2.74780E-03
3.21509E+03 3.05909E-03
3.21521E+03 3.44587E-03
3.21533E+03 3.86184E-03
3.21545E+03 4.06506E-03
3.21557E+03 3.81675E-03
3.21569E+03 3.17502E-03
3.21581E+03 2.45915E-03
3.21593E+03 1.92331E-03
3.21605E+03 1.59174E-03
3.21617E+03 1.45390E-03
3.21629E+03 1.65648E-03
3.21641E+03 2.29671E-03
3.21653E+03 3.05891E-03
3.21665E+03 3.32068E-03
3.21678E+03 2.79929E-03
3.21690E+03 1.96604E-03
3.21702E+03 1.59571E-03
3.21714E+03 1.91550E-03
3.21726E+03 2.40954E-03
3.21738E+03 2.49374E-03
3.21750E+03 2.15282E-03
3.21762E+03 1.79998E-03
3.21774E+03 1.71400E-03
3.21786E+03 1.83795E-03
3.21798E+03 2.02812E-03
3.21810E+03 2.23798E-03
3.21822E+03 2.43761E-03
3.21834E+03 2.55756E-03
3.21846E+03 2.58514E-03
3.21858E+03 2.57902E-03
3.21870E+03 2.51938E-03
3.21882E+03 2.27479E-03
3.21895E+03 1.82110E-03
3.21907E+03 1.39089E-03
3.21919E+03 1.26053E-03
3.21931E+03 1.40316E-03
3.21943E+03 1.48765E-03
3.21955E+03 1.28844E-03
3.21967E+03 1.02635E-03
3.21979E+03 1.19284E-03
3.21991E+03 1.98614E-03
3.22003E+03 2.97191E-03
3.22015E+03 3.42164E-03
3.22027E+03 3.05122E-03
3.22039E+03 2.34882E-03
3.22051E+03 2.05450E-03
3.22063E+03 2.35345E-03
3.22075E+03 2.73421E-03
3.22087E+03 2.65815E-03
3.22099E+03 2.18375E-03
3.22111E+03 1.80635E-03
3.22124E+03 1.84217E-03
3.22136E+03 2.18671E-03
3.22148E+03 2.61043E-03
3.22160E+03 3.02792E-03
3.22172E+03 3.39662E-03
3.22184E+03 3.57381E-03
3.22196E+03 3.47575E-03
3.22208E+03 3.28216E-03
3.22220E+03 3.26413E-03
3.22232E+03 3.40443E-03
3.22244E+03 3.38638E-03
3.22256E+03 3.03223E-03
3.22268E+03 2.57654E-03
3.22280E+03 2.37114E-03
3.22292E+03 2.45204E-03
3.22304E+03 2.58912E-03
3.22316E+03 2.68924E-03
3.22328E+03 2.88643E-03
3.22341E+03 3.19071E-03
3.22353E+03 3.32260E-03
3.22365E+03 3.08698E-03
3.22377E+03 2.73705E-03
3.22389E+03 2.70680E-03
3.22401E+03 3.03505E-03
3.22413E+03 3.30525E-03
3.22425E+03 3.18304E-03
3.22437E+03 2.78889E-03
3.22449E+03 2.46314E-03
3.22461E+03 2.36848E-03
3.22473E+03 2.45918E-03
3.22485E+03 2.66856E-03
3.22497E+03 2.91615E-03
3.22509E+03 3.01040E-03
3.22521E+03 2.77771E-03
3.22533E+03 2.33021E-03
3.22545E+03 2.05897E-03
3.22558E+03 2.28776E-03
3.22570E+03 2.97977E-03
3.22582E+03 3.78785E-03
3.22594E+03 4.32144E-03
3.22606E+03 4.37095E-03
3.22618E+03 3.99316E-03
3.22630E+03 3.44121E-03
3.22642E+03 2.95090E-03
3.22654E+03 2.55414E-03
3.22666E+03 2.14699E-03
3.22678E+03 1.74060E-03
3.22690E+03 1.54199E-03
3.22702E+03 1.71627E-03
3.22714E+03 2.14164E-03
3.22726E+03 2.50660E-03
3.22738E+03 2.64055E-03
3.22750E+03 2.66098E-03
3.22762E+03 2.77904E-03
3.22775E+03 3.03331E-03
3.22787E+03 3.26009E-03
3.22799E+03 3.28038E-03
3.22811E+03 3.05657E-03
3.22823E+03 2.68951E-03
3.22835E+03 2.34148E-03
3.22847E+03 2.18417E-03
3.22859E+03 2.33785E-03
3.22871E+03 2.76336E-03
3.22883E+03 3.22551E-03
3.22895E+03 3.45900E-03
3.22907E+03 3.40919E-03
3.22919E+03 3.25174E-03
3.22931E+03 3.15946E-03
3.22943E+03 3.13613E-03
3.22955E+03 3.11548E-03
3.22967E+03 3.09980E-03
3.22979E+03 3.09086E-03
3.22992E+03 2.98620E-03
3.23004E+03 2.71062E-03
3.23016E+03 2.40029E-03
3.23028E+03 2.26480E-03
3.23040E+03 2.27797E-03
3.23052E+03 2.23088E-03
3.23064E+03 2.14985E-03
3.23076E+03 2.40676E-03
3.23088E+03 3.22042E-03
3.23100E+03 4.21309E-03
3.23112E+03 4.71781E-03
3.23124E+03 4.48865E-03
3.23136E+03 3.90068E-03
3.23148E+03 3.45726E-03
3.23160E+03 3.31146E-03
3.23172E+03 3.31403E-03
3.23184E+03 3.30957E-03
3.23196E+03 3.22980E-03
3.23209E+03 3.01545E-03
3.23221E+03 2.64585E-03
3.23233E+03 2.26810E-03
3.23245E+03 2.16723E-03
3.23257E+03 2.50722E-03
3.23269E+03 3.10547E-03
3.23281E+03 3.53601E-03
3.23293E+03 3.53229E-03
3.23305E+03 3.28001E-03
3.23317E+03 3.20898E-03
3.23329E+03 3.47515E-03
3.23341E+03 3.78950E-03
3.23353E+03 3.84208E-03
3.23365E+03 3.71967E-03
3.23377E+03 3.68340E-03
3.23389E+03 3.66047E-03
3.23401E+03 3.31028E-03
3.23413E+03 2.63686E-03
3.23426E+03 2.17012E-03
3.23438E+03 2.32907E-03
3.23450E+03 2.86260E-03
3.23462E+03 3.18609E-03
3.23474E+03 3.09985E-03
3.23486E+03 2.86353E-03
3.23498E+03 2.68396E-03
3.23510E+03 2.51782E-03
3.23522E+03 2.39463E-03
3.23534E+03 2.55433E-03
3.23546E+03 3.09404E-03
3.23558E+03 3.73780E-03
3.23570E+03 4.15307E-03
3.23582E+03 4.31494E-03
3.23594E+03 4.37272E-03
3.23606E+03 4.33284E-03
3.23618E+03 4.12519E-03
3.23630E+03 3.87591E-03
3.23643E+03 3.81478E-03
3.23655E+03 3.89327E-03
3.23667E+03 3.75455E-03
3.23679E+03 3.19561E-03
3.23691E+03 2.47558E-03
3.23703E+03 2.01551E-03
3.23715E+03 1.92234E-03
3.23727E+03 1.99857E-03
3.23739E+03 2.16193E-03
3.23751E+03 2.60051E-03
3.23763E+03 3.38930E-03
3.23775E+03 4.13045E-03
3.23787E+03 4.23954E-03
3.23799E+03 3.63512E-03
3.23811E+03 2.93842E-03
3.23823E+03 2.82766E-03
3.23835E+03 3.29779E-03
3.23847E+03 3.74365E-03
3.23859E+03 3.72680E-03
3.23872E+03 3.41734E-03
3.23884E+03 3.23211E-03
3.23896E+03 3.28743E-03
3.23908E+03 3.37771E-03
3.23920E+03 3.33472E-03
3.23932E+03 3.17868E-03
3.23944E+03 2.97239E-03
3.23956E+03 2.74711E-03
3.23968E+03 2.58286E-03
3.23980E+03 2.58267E-03
3.23992E+03 2.71131E-03
3.24004E+03 2.76933E-03
3.24016E+03 2.56831E-03
3.24028E+03 2.06506E-03
3.24040E+03 1.35534E-03
3.24052E+03 6.73346E-04
3.24064E+03 3.82878E-04
3.24076E+03 7.51872E-04
3.24089E+03 1.62904E-03
3.24101E+03 2.49075E-03
3.24113E+03 2.93122E-03
3.24125E+03 3.01125E-03
3.24137E+03 3.03763E-03
3.24149E+03 3.13832E-03
3.24161E+03 3.21003E-03
3.24173E+03 3.18975E-03
3.24185E+03 3.17851E-03
3.24197E+03 3.28419E-03
3.24209E+03 3.46810E-03
3.24221E+03 3.56571E-03
3.24233E+03 3.39910E-03
3.24245E+03 2.92112E-03
3.24257E+03 2.34338E-03
3.24269E+03 2.04853E-03
3.24281E+03 2.22327E-03
3.24293E+03 2.60757E-03
3.24306E+03 2.77402E-03
3.24318E+03 2.63670E-03
3.24330E+03 2.47503E-03
3.24342E+03 2.45424E-03
3.24354E+03 2.39915E-03
3.24366E+03 2.16663E-03
3.24378E+03 1.98836E-03
3.24390E+03 2.19896E-03
3.24402E+03 2.77878E-03
3.24414E+03 3.43687E-03
3.24426E+03 4.04527E-03
3.24438E+03 4.65356E-03
3.24450E+03 5.06667E-03
3.24462E+03 4.81234E-03
3.24474E+03 3.77717E-03
3.24486E+03 2.62939E-03
3.24498E+03 2.25218E-03
3.24510E+03 2.77926E-03
3.24523E+03 3.47016E-03
3.24535E+03 3.60329E-03
3.24547E+03 3.26594E-03
3.24559E+03 3.10445E-03
3.24571E+03 3.44628E-03
3.24583E+03 3.92170E-03
3.24595E+03 3.97217E-03
3.24607E+03 3.52292E-03
3.24619E+03 3.00418E-03
3.24631E+03 2.79330E-03
3.24643E+03 2.82319E-03
3.24655E+03 2.79655E-03
3.24667E+03 2.64610E-03
3.24679E+03 2.61898E-03
3.24691E+03 2.90436E-03
3.24703E+03 3.32246E-03
3.24715E+03 3.49296E-03
3.24727E+03 3.27146E-03
3.24740E+03 2.92443E-03
3.24752E+03 2.84881E-03
3.24764E+03 3.16215E-03
3.24776E+03 3.60554E-03
3.24788E+03 3.83152E-03
3.24800E+03 3.74897E-03
3.24812E+03 3.56992E-03
3.24824E+03 3.52724E-03
3.24836E+03 3.59139E-03
3.24848E+03 3.52635E-03
3.24860E+03 3.22356E-03
3.24872E+03 2.88839E-03
3.24884E+03 2.82551E-03
3.24896E+03 3.10108E-03
3.24908E+03 3.51048E-03
3.24920E+03 3.83369E-03
3.24932E+03 3.99517E-03
3.24944E+03 3.98773E-03
3.24956E+03 3.82463E-03
3.24969E+03 3.64834E-03
3.24981E+03 3.71633E-03
3.24993E+03 4.10502E-03
3.25005E+03 4.50652E-03
3.25017E+03 4.49770E-03
3.25029E+03 4.00302E-03
3.25041E+03 3.35756E-03
3.25053E+03 2.94150E-03
3.25065E+03 2.91891E-03
3.25077E+03 3.29669E-03
3.25089E+03 3.95668E-03
3.25101E+03 4.51998E-03
3.25113E+03 4.44767E-03
3.25125E+03 3.56331E-03
3.25137E+03 2.41812E-03
3.25149E+03 1.90373E-03
3.25161E+03 2.44522E-03
3.25173E+03 3.65755E-03
3.25186E+03 4.74874E-03
3.25198E+03 5.12708E-03
3.25210E+03 4.69294E-03
3.25222E+03 3.79024E-03
3.25234E+03 2.96803E-03
3.25246E+03 2.65136E-03
3.25258E+03 2.91164E-03
3.25270E+03 3.51852E-03
3.25282E+03 4.14126E-03
3.25294E+03 4.43270E-03
3.25306E+03 4.06978E-03
3.25318E+03 3.00141E-03
3.25330E+03 1.68733E-03
3.25342E+03 8.18931E-04
3.25354E+03 6.72199E-04
3.25366E+03 9.33543E-04
3.25378E+03 1.26880E-03
3.25390E+03 1.77817E-03
3.25403E+03 2.63618E-03
3.25415E+03 3.53895E-03
3.25427E+03 3.95489E-03
3.25439E+03 3.89220E-03
3.25451E+03 3.97952E-03
3.25463E+03 4.63706E-03
3.25475E+03 5.47392E-03
3.25487E+03 5.72677E-03
3.25499E+03 5.10635E-03
3.25511E+03 3.98908E-03
3.25523E+03 2.91475E-03
3.25535E+03 2.14490E-03
3.25547E+03 1.68236E-03
3.25559E+03 1.50615E-03
3.25571E+03 1.68571E-03
3.25583E+03 2.29302E-03
3.25595E+03 3.21574E-03
3.25607E+03 4.09186E-03
3.25620E+03 4.54015E-03
3.25632E+03 4.50340E-03
3.25644E+03 4.26021E-03
3.25656E+03 4.04454E-03
3.25668E+03 3.82369E-03
3.25680E+03 3.56220E-03
3.25692E+03 3.46521E-03
3.25704E+03 3.67279E-03
3.25716E+03 3.85531E-03
3.25728E+03 3.51164E-03
3.25740E+03 2.71013E-03
3.25752E+03 2.17939E-03
3.25764E+03 2.48518E-03
3.25776E+03 3.36081E-03
3.25788E+03 4.06932E-03
3.25800E+03 4.21595E-03
3.25812E+03 3.93900E-03
3.25824E+03 3.46898E-03
3.25837E+03 2.86255E-03
3.25849E+03 2.19806E-03
3.25861E+03 1.74598E-03
3.25873E+03 1.79205E-03
3.25885E+03 2.38584E-03
3.25897E+03 3.30941E-03
3.25909E+03 4.20097E-03
3.25921E+03 4.71070E-03
3.25933E+03 4.70539E-03
3.25945E+03 4.40749E-03
3.25957E+03 4.20634E-03
3.25969E+03 4.24112E-03
3.25981E+03 4.28259E-03
3.25993E+03 4.09754E-03
3.26005E+03 3.77738E-03
3.26017E+03 3.56916E-03
3.26029E+03 3.51781E-03
3.26041E+03 3.48463E-03
3.26054E+03 3.44532E-03
3.26066E+03 3.50656E-03
3.26078E+03 3.59636E-03
3.26090E+03 3.40752E-03
3.26102E+03 2.80368E-03
3.26114E+03 2.10772E-03
3.26126E+03 1.78850E-03
3.26138E+03 1.94791E-03
3.26150E+03 2.29818E-03
3.26162E+03 2.57826E-03
3.26174E+03 2.78278E-03
3.26186E+03 2.98549E-03
3.26198E+03 3.17326E-03
3.26210E+03 3.34662E-03
3.26222E+03 3.58374E-03
3.26234E+03 3.83566E-03
3.26246E+03 3.78929E-03
3.26258E+03 3.16659E-03
3.26271E+03 2.17049E-03
3.26283E+03 1.46389E-03
3.26295E+03 1.61991E-03
3.26307E+03 2.61291E-03
3.26319E+03 3.82496E-03
3.26331E+03 4.50575E-03
3.26343E+03 4.31878E-03
3.26355E+03 3.60175E-03
3.26367E+03 3.09412E-03
3.26379E+03 3.26554E-03
3.26391E+03 3.88566E-03
3.26403E+03 4.36056E-03
3.26415E+03 4.44150E-03
3.26427E+03 4.37226E-03
3.26439E+03 4.32539E-03
3.26451E+03 4.05689E-03
3.26463E+03 3.37806E-03
3.26475E+03 2.71249E-03
3.26488E+03 2.75470E-03
3.26500E+03 3.57399E-03
3.26512E+03 4.42252E-03
3.26524E+03 4.55484E-03
3.26536E+03 3.97682E-03
3.26548E+03 3.24948E-03
3.26560E+03 2.79275E-03
3.26572E+03 2.59462E-03
3.26584E+03 2.44888E-03
3.26596E+03 2.22596E-03
3.26608E+03 1.95716E-03
3.26620E+03 1.85031E-03
3.26632E+03 2.18840E-03
3.26644E+03 3.00289E-03
3.26656E+03 3.83961E-03
3.26668E+03 4.08216E-03
3.26680E+03 3.62766E-03
3.26692E+03 3.09949E-03
3.26704E+03 3.23433E-03
3.26717E+03 4.09848E-03
3.26729E+03 5.02231E-03
3.26741E+03 5.29916E-03
3.26753E+03 4.85121E-03
3.26765E+03 4.19975E-03
3.26777E+03 3.87775E-03
3.26789E+03 3.94424E-03
3.26801E+03 4.06065E-03
3.26813E+03 3.96717E-03
3.26825E+03 3.79552E-03
3.26837E+03 3.88142E-03
3.26849E+03 4.32102E-03
3.26861E+03 4.79724E-03
3.26873E+03 4.87450E-03
3.26885E+03 4.42481E-03
3.26897E+03 3.72848E-03
3.26909E+03 3.19140E-03
3.26921E+03 3.01754E-03
3.26934E+03 3.13275E-03
3.26946E+03 3.32526E-03
3.26958E+03 3.38936E-03
3.26970E+03 3.19220E-03
3.26982E+03 2.74958E-03
3.26994E+03 2.30638E-03
3.27006E+03 2.23461E-03
3.27018E+03 2.69813E-03
3.27030E+03 3.42098E-03
3.27042E+03 3.91673E-03
3.27054E+03 3.99001E-03
3.27066E+03 3.89862E-03
3.27078E+03 3.96575E-03
3.27090E+03 4.17858E-03
3.27102E+03 4.30009E-03
3.27114E+03 4.25387E-03
3.27126E+03 4.19024E-03
3.27138E+03 4.20726E-03
3.27151E+03 4.23086E-03
3.27163E+03 4.20378E-03
3.27175E+03 4.17942E-03
3.27187E+03 4.13435E-03
3.27199E+03 3.90163E-03
3.27211E+03 3.47362E-03
3.27223E+03 3.21697E-03
3.27235E+03 3.52176E-03
3.27247E+03 4.26643E-03
3.27259E+03 4.88629E-03
3.27271E+03 5.01335E-03
3.27283E+03 4.81321E-03
3.27295E+03 4.59163E-03
3.27307E+03 4.29806E-03
3.27319E+03 3.67903E-03
3.27331E+03 2.84884E-03
3.27343E+03 2.38683E-03
3.27355E+03 2.70239E-03
3.27368E+03 3.45338E-03
3.27380E+03 3.82446E-03
3.27392E+03 3.39511E-03
3.27404E+03 2.56176E-03
3.27416E+03 2.03728E-03
3.27428E+03 2.08982E-03
3.27440E+03 2.42852E-03
3.27452E+03 2.73587E-03
3.27464E+03 3.03587E-03
3.27476E+03 3.44511E-03
3.27488E+03 3.80082E-03
3.27500E+03 3.79701E-03
3.27512E+03 3.44310E-03
3.27524E+03 3.13950E-03
3.27536E+03 3.22615E-03
3.27548E+03 3.62291E-03
3.27560E+03 4.00987E-03
3.27572E+03 4.22522E-03
3.27585E+03 4.34580E-03
3.27597E+03 4.46397E-03
3.27609E+03 4.56874E-03
3.27621E+03 4.64543E-03
3.27633E+03 4.72083E-03
3.27645E+03 4.73682E-03
3.27657E+03 4.50148E-03
3.27669E+03 3.89380E-03
3.27681E+03 3.08675E-03
3.27693E+03 2.46227E-03
3.27705E+03 2.28272E-03
3.27717E+03 2.50020E-03
3.27729E+03 2.90264E-03
3.27741E+03 3.36689E-03
3.27753E+03 3.89241E-03
3.27765E+03 4.40808E-03
3.27777E+03 4.64687E-03
3.27789E+03 4.30514E-03
3.27802E+03 3.36602E-03
3.27814E+03 2.25688E-03
3.27826E+03 1.62914E-03
3.27838E+03 1.88979E-03
3.27850E+03 2.88740E-03
3.27862E+03 4.05369E-03
3.27874E+03 4.85760E-03
3.27886E+03 5.11856E-03
3.27898E+03 4.95063E-03
3.27910E+03 4.56592E-03
3.27922E+03 4.20962E-03
3.27934E+03 4.12409E-03
3.27946E+03 4.33498E-03
3.27958E+03 4.48196E-03
3.27970E+03 4.11814E-03
3.27982E+03 3.29303E-03
3.27994E+03 2.62061E-03
3.28006E+03 2.56463E-03
3.28019E+03 2.83452E-03
3.28031E+03 2.79718E-03
3.28043E+03 2.39227E-03
3.28055E+03 2.25169E-03
3.28067E+03 2.84428E-03
3.28079E+03 3.85671E-03
3.28091E+03 4.61444E-03
3.28103E+03 4.82092E-03
3.28115E+03 4.60792E-03
3.28127E+03 4.10848E-03
3.28139E+03 3.38185E-03
3.28151E+03 2.69005E-03
3.28163E+03 2.44855E-03
3.28175E+03 2.81130E-03
3.28187E+03 3.55157E-03
3.28199E+03 4.38491E-03
3.28211E+03 5.13633E-03
3.28223E+03 5.54482E-03
3.28235E+03 5.27957E-03
3.28248E+03 4.39899E-03
3.28260E+03 3.53681E-03
3.28272E+03 3.29936E-03
3.28284E+03 3.57721E-03
3.28296E+03 3.73170E-03
3.28308E+03 3.39177E-03
3.28320E+03 2.79370E-03
3.28332E+03 2.38818E-03
3.28344E+03 2.41262E-03
3.28356E+03 2.85295E-03
3.28368E+03 3.49642E-03
3.28380E+03 3.91501E-03
3.28392E+03 3.71164E-03
3.28404E+03 3.01234E-03
3.28416E+03 2.49895E-03
3.28428E+03 2.66916E-03
3.28440E+03 3.19481E-03
3.28452E+03 3.32776E-03
3.28465E+03 2.87943E-03
3.28477E+03 2.44225E-03
3.28489E+03 2.56537E-03
3.28501E+03 3.04655E-03
3.28513E+03 3.28352E-03
3.28525E+03 3.11519E-03
3.28537E+03 2.97095E-03
3.28549E+03 3.19010E-03
3.28561E+03 3.49217E-03
3.28573E+03 3.28891E-03
3.28585E+03 2.40102E-03
3.28597E+03 1.30808E-03
3.28609E+03 7.11501E-04
3.28621E+03 9.51633E-04
3.28633E+03 1.81606E-03
3.28645E+03 2.79186E-03
3.28657E+03 3.47489E-03
3.28669E+03 3.80256E-03
3.28682E+03 3.96035E-03
3.28694E+03 4.10648E-03
3.28706E+03 4.22060E-03
3.28718E+03 4.23180E-03
3.28730E+03 4.23583E-03
3.28742E+03 4.48614E-03
3.28754E+03 5.12278E-03
3.28766E+03 5.93503E-03
3.28778E+03 6.43300E-03
3.28790E+03 6.19706E-03
3.28802E+03 5.23325E-03
3.28814E+03 4.05598E-03
3.28826E+03 3.35590E-03
3.28838E+03 3.42287E-03
3.28850E+03 3.85863E-03
3.28862E+03 3.98837E-03
3.28874E+03 3.60752E-03
3.28886E+03 3.16293E-03
3.28899E+03 3.09542E-03
3.28911E+03 3.22415E-03
3.28923E+03 3.05973E-03
3.28935E+03 2.61103E-03
3.28947E+03 2.48922E-03
3.28959E+03 3.10349E-03
3.28971E+03 4.07651E-03
3.28983E+03 4.69136E-03
3.28995E+03 4.69061E-03
3.29007E+03 4.34794E-03
3.29019E+03 3.91259E-03
3.29031E+03 3.36096E-03
3.29043E+03 2.70545E-03
3.29055E+03 2.19188E-03
3.29067E+03 2.03127E-03
3.29079E+03 2.16701E-03
3.29091E+03 2.47562E-03
3.29103E+03 2.98965E-03
3.29116E+03 3.69238E-03
3.29128E+03 4.26127E-03
3.29140E+03 4.34709E-03
3.29152E+03 4.10216E-03
3.29164E+03 4.11218E-03
3.29176E+03 4.66847E-03
3.29188E+03 5.34050E-03
3.29200E+03 5.47158E-03
3.29212E+03 4.95137E-03
3.29224E+03 4.26355E-03
3.29236E+03 3.84374E-03
3.29248E+03 3.67102E-03
3.29260E+03 3.54757E-03
3.29272E+03 3.50572E-03
3.29284E+03 3.70585E-03
3.29296E+03 4.05292E-03
3.29308E+03 4.17716E-03
3.29320E+03 3.83699E-03
3.29332E+03 3.19536E-03
3.29345E+03 2.66267E-03
3.29357E+03 2.57790E-03
3.29369E+03 3.02789E-03
3.29381E+03 3.77666E-03
3.29393E+03 4.30343E-03
3.29405E+03 4.13147E-03
3.29417E+03 3.32131E-03
3.29429E+03 2.52547E-03
3.29441E+03 2.34442E-03
3.29453E+03 2.71377E-03
3.29465E+03 3.14190E-03
3.29477E+03 3.44169E-03
3.29489E+03 3.88601E-03
3.29501E+03 4.58209E-03
3.29513E+03 5.06574E-03
3.29525E+03 4.80607E-03
3.29537E+03 3.93001E-03
3.29549E+03 3.13966E-03
3.29562E+03 2.95132E-03
3.29574E+03 3.26638E-03
3.29586E+03 3.68568E-03
3.29598E+03 3.98123E-03
3.29610E+03 4.17097E-03
3.29622E+03 4.32687E-03
3.29634E+03 4.45322E-03
3.29646E+03 4.46645E-03
3.29658E+03 4.19834E-03
3.29670E+03 3.51327E-03
3.29682E+03 2.54892E-03
3.29694E+03 1.79170E-03
3.29706E+03 1.75970E-03
3.29718E+03 2.52799E-03
3.29730E+03 3.58453E-03
3.29742E+03 4.20353E-03
3.29754E+03 4.02741E-03
3.29766E+03 3.35591E-03
3.29779E+03 2.88422E-03
3.29791E+03 3.09210E-03
3.29803E+03 3.83180E-03
3.29815E+03 4.51852E-03
3.29827E+03 4.71063E-03
3.29839E+03 4.44816E-03
3.29851E+03 4.06001E-03
3.29863E+03 3.79810E-03
3.29875E+03 3.72892E-03
3.29887E+03 3.83552E-03
3.29899E+03 4.05794E-03
3.29911E+03 4.26867E-03
3.29923E+03 4.34604E-03
3.29935E+03 4.29519E-03
3.29947E+03 4.22226E-03
3.29959E+03 4.19008E-03
3.29971E+03 4.17216E-03
3.29983E+03 4.13596E-03
3.29996E+03 4.08104E-03
3.30008E+03 3.99013E-03
3.30020E+03 3.81884E-03
3.30032E+03 3.54217E-03
3.30044E+03 3.15406E-03
3.30056E+03 2.65385E-03
3.30068E+03 2.14244E-03
3.30080E+03 1.90455E-03
3.30092E+03 2.20794E-03
3.30104E+03 2.92904E-03
3.30116E+03 3.52992E-03
3.30128E+03 3.56966E-03
3.30140E+03 3.17073E-03
3.30152E+03 2.84737E-03
3.30164E+03 2.93127E-03
3.30176E+03 3.31142E-03
3.30188E+03 3.71227E-03
3.30200E+03 4.02221E-03
3.30213E+03 4.25806E-03
3.30225E+03 4.36711E-03
3.30237E+03 4.25100E-03
3.30249E+03 3.95375E-03
3.30261E+03 3.65809E-03
3.30273E+03 3.45600E-03
3.30285E+03 3.25825E-03
3.30297E+03 3.01963E-03
3.30309E+03 2.93721E-03
3.30321E+03 3.24024E-03
3.30333E+03 3.79125E-03
3.30345E+03 4.10086E-03
3.30357E+03 3.85289E-03
3.30369E+03 3.28913E-03
3.30381E+03 2.91872E-03
3.30393E+03 2.92689E-03
3.30405E+03 3.06734E-03
3.30417E+03 3.10794E-03
3.30430E+03 3.13562E-03
3.30442E+03 3.33549E-03
3.30454E+03 3.67272E-03
3.30466E+03 3.95891E-03
3.30478E+03 4.10014E-03
3.30490E+03 4.10681E-03
3.30502E+03 3.96796E-03
3.30514E+03 3.72950E-03
3.30526E+03 3.63960E-03
3.30538E+03 3.95713E-03
3.30550E+03 4.55178E-03
3.30562E+03 4.89967E-03
3.30574E+03 4.61641E-03
3.30586E+03 3.89689E-03
3.30598E+03 3.32405E-03
3.30610E+03 3.30977E-03
3.30622E+03 3.77612E-03
3.30634E+03 4.28922E-03
3.30647E+03 4.43769E-03
3.30659E+03 4.16603E-03
3.30671E+03 3.81501E-03
3.30683E+03 3.76766E-03
3.30695E+03 4.00210E-03
3.30707E+03 4.10969E-03
3.30719E+03 3.83732E-03
3.30731E+03 3.45729E-03
3.30743E+03 3.43410E-03
3.30755E+03 3.83313E-03
3.30767E+03 4.27933E-03
3.30779E+03 4.46348E-03
3.30791E+03 4.44394E-03
3.30803E+03 4.41509E-03
3.30815E+03 4.41676E-03
3.30827E+03 4.38283E-03
3.30839E+03 4.28766E-03
3.30851E+03 4.09324E-03
3.30864E+03 3.70342E-03
3.30876E+03 3.15959E-03
3.30888E+03 2.78935E-03
3.30900E+03 2.94517E-03
3.30912E+03 3.59271E-03
3.30924E+03 4.29980E-03
3.30936E+03 4.63433E-03
3.30948E+03 4.45350E-03
3.30960E+03 3.84253E-03
3.30972E+03 2.99850E-03
3.30984E+03 2.26307E-03
3.30996E+03 2.06488E-03
3.31008E+03 2.60112E-03
3.31020E+03 3.58144E-03
3.31032E+03 4.41675E-03
3.31044E+03 4.69914E-03
3.31056E+03 4.46606E-03
3.31068E+03 4.04548E-03
3.31080E+03 3.74079E-03
3.31093E+03 3.65585E-03
3.31105E+03 3.72178E-03
3.31117E+03 3.83177E-03
3.31129E+03 3.95747E-03
3.31141E+03 4.13365E-03
3.31153E+03 4.32145E-03
3.31165E+03 4.34794E-03
3.31177E+03 4.07472E-03
3.31189E+03 3.61741E-03
3.31201E+03 3.29046E-03
3.31213E+03 3.29528E-03
3.31225E+03 3.54424E-03
3.31237E+03 3.83161E-03
3.31249E+03 4.08072E-03
3.31261E+03 4.34376E-03
3.31273E+03 4.63209E-03
3.31285E+03 4.86037E-03
3.31297E+03 4.93591E-03
3.31310E+03 4.81568E-03
3.31322E+03 4.50496E-03
3.31334E+03 4.10500E-03
3.31346E+03 3.84226E-03
3.31358E+03 3.90378E-03
3.31370E+03 4.19772E-03
3.31382E+03 4.40070E-03
3.31394E+03 4.31697E-03
3.31406E+03 4.08694E-03
3.31418E+03 3.95411E-03
3.31430E+03 3.93586E-03
3.31442E+03 3.86364E-03
3.31454E+03 3.66817E-03
3.31466E+03 3.44244E-03
3.31478E+03 3.23142E-03
3.31490E+03 2.94428E-03
3.31502E+03 2.53753E-03
3.31514E+03 2.14941E-03
3.31527E+03 1.96954E-03
3.31539E+03 2.07388E-03
3.31551E+03 2.44999E-03
3.31563E+03 3.04876E-03
3.31575E+03 3.69829E-03
3.31587E+03 4.11439E-03
3.31599E+03 4.20054E-03
3.31611E+03 4.26031E-03
3.31623E+03 4.66963E-03
3.31635E+03 5.32473E-03
3.31647E+03 5.65955E-03
3.31659E+03 5.31487E-03
3.31671E+03 4.57365E-03
3.31683E+03 3.98296E-03
3.31695E+03 3.73377E-03
3.31707E+03 3.63359E-03
3.31719E+03 3.55409E-03
3.31731E+03 3.57210E-03
3.31744E+03 3.66342E-03
3.31756E+03 3.60926E-03
3.31768E+03 3.36635E-03
3.31780E+03 3.25850E-03
3.31792E+03 3.53868E-03
3.31804E+03 3.92795E-03
3.31816E+03 3.91760E-03
3.31828E+03 3.49658E-03
3.31840E+03 3.25082E-03
3.31852E+03 3.63252E-03
3.31864E+03 4.37247E-03
3.31876E+03 4.80969E-03
3.31888E+03 4.66323E-03
3.31900E+03 4.27790E-03
3.31912E+03 4.15517E-03
3.31924E+03 4.40800E-03
3.31936E+03 4.68935E-03
3.31948E+03 4.54624E-03
3.31960E+03 3.84681E-03
3.31973E+03 2.96875E-03
3.31985E+03 2.55923E-03
3.31997E+03 2.97197E-03
3.32009E+03 3.88260E-03
3.32021E+03 4.55319E-03
3.32033E+03 4.53966E-03
3.32045E+03 4.06389E-03
3.32057E+03 3.65672E-03
3.32069E+03 3.55547E-03
3.32081E+03 3.56377E-03
3.32093E+03 3.42693E-03
3.32105E+03 3.15504E-03
3.32117E+03 2.93330E-03
3.32129E+03 2.86561E-03
3.32141E+03 2.92810E-03
3.32153E+03 3.09774E-03
3.32165E+03 3.36388E-03
3.32177E+03 3.60483E-03
3.32190E+03 3.61770E-03
3.32202E+03 3.37775E-03
3.32214E+03 3.16085E-03
3.32226E+03 3.25029E-03
3.32238E+03 3.55715E-03
3.32250E+03 3.70270E-03
3.32262E+03 3.50822E-03
3.32274E+03 3.23085E-03
3.32286E+03 3.20893E-03
3.32298E+03 3.42427E-03
3.32310E+03 3.58469E-03
3.32322E+03 3.54039E-03
3.32334E+03 3.40999E-03
3.32346E+03 3.32724E-03
3.32358E+03 3.29502E-03
3.32370E+03 3.34685E-03
3.32382E+03 3.62933E-03
3.32394E+03 4.16415E-03
3.32407E+03 4.65722E-03
3.32419E+03 4.73118E-03
3.32431E+03 4.31930E-03
3.32443E+03 3.70125E-03
3.32455E+03 3.17275E-03
3.32467E+03 2.80192E-03
3.32479E+03 2.49705E-03
3.32491E+03 2.18361E-03
3.32503E+03 1.88055E-03
3.32515E+03 1.69756E-03
3.32527E+03 1.80129E-03
3.32539E+03 2.30187E-03
3.32551E+03 3.10147E-03
3.32563E+03 3.88171E-03
3.32575E+03 4.29738E-03
3.32587E+03 4.21170E-03
3.32599E+03 3.76968E-03
3.32611E+03 3.27386E-03
3.32624E+03 2.96846E-03
3.32636E+03 2.87770E-03
3.32648E+03 2.82655E-03
3.32660E+03 2.65196E-03
3.32672E+03 2.40119E-03
3.32684E+03 2.28474E-03
3.32696E+03 2.42329E-03
3.32708E+03 2.70130E-03
3.32720E+03 2.91438E-03
3.32732E+03 3.01682E-03
3.32744E+03 3.14278E-03
3.32756E+03 3.37167E-03
3.32768E+03 3.54665E-03
3.32780E+03 3.40947E-03
3.32792E+03 2.92071E-03
3.32804E+03 2.35977E-03
3.32816E+03 2.03922E-03
3.32828E+03 1.98589E-03
3.32841E+03 2.03554E-03
3.32853E+03 2.21640E-03
3.32865E+03 2.80933E-03
3.32877E+03 3.87349E-03
3.32889E+03 4.87906E-03
3.32901E+03 5.11223E-03
3.32913E+03 4.47753E-03
3.32925E+03 3.66036E-03
3.32937E+03 3.38504E-03
3.32949E+03 3.67967E-03
3.32961E+03 4.00981E-03
3.32973E+03 3.99894E-03
3.32985E+03 3.79661E-03
3.32997E+03 3.76410E-03
3.33009E+03 4.02625E-03
3.33021E+03 4.41785E-03
3.33033E+03 4.71254E-03
3.33045E+03 4.76367E-03
3.33058E+03 4.48744E-03
3.33070E+03 3.87968E-03
3.33082E+03 3.12570E-03
3.33094E+03 2.61097E-03
3.33106E+03 2.67372E-03
3.33118E+03 3.26920E-03
3.33130E+03 3.93115E-03
3.33142E+03 4.16206E-03
3.33154E+03 3.89693E-03
3.33166E+03 3.54400E-03
3.33178E+03 3.54489E-03
3.33190E+03 3.95139E-03
3.33202E+03 4.45633E-03
3.33214E+03 4.73852E-03
3.33226E+03 4.69193E-03
3.33238E+03 4.39117E-03
3.33250E+03 3.97415E-03
3.33262E+03 3.57838E-03
3.33275E+03 3.29106E-03
3.33287E+03 3.11629E-03
3.33299E+03 3.03643E-03
3.33311E+03 3.09778E-03
3.33323E+03 3.34281E-03
3.33335E+03 3.64064E-03
3.33347E+03 3.70131E-03
3.33359E+03 3.34302E-03
3.33371E+03 2.69256E-03
3.33383E+03 2.07494E-03
3.33395E+03 1.77810E-03
3.33407E+03 1.96177E-03
3.33419E+03 2.64411E-03
3.33431E+03 3.59201E-03
3.33443E+03 4.28287E-03
3.33455E+03 4.24432E-03
3.33467E+03 3.57062E-03
3.33479E+03 2.94276E-03
3.33492E+03 2.94137E-03
3.33504E+03 3.39296E-03
3.33516E+03 3.58488E-03
3.33528E+03 3.13409E-03
3.33540E+03 2.44750E-03
3.33552E+03 2.21129E-03
3.33564E+03 2.58046E-03
3.33576E+03 3.07596E-03
3.33588E+03 3.21745E-03
3.33600E+03 3.01669E-03
3.33612E+03 2.78082E-03
3.33624E+03 2.65368E-03
3.33636E+03 2.55424E-03
3.33648E+03 2.46893E-03
3.33660E+03 2.55281E-03
3.33672E+03 2.88548E-03
3.33684E+03 3.30174E-03
3.33696E+03 3.57396E-03
3.33708E+03 3.66042E-03
3.33721E+03 3.65628E-03
3.33733E+03 3.57442E-03
3.33745E+03 3.33640E-03
3.33757E+03 2.98412E-03
3.33769E+03 2.74368E-03
3.33781E+03 2.78563E-03
3.33793E+03 2.99992E-03
3.33805E+03 3.12609E-03
3.33817E+03 3.09502E-03
3.33829E+03 3.11807E-03
3.33841E+03 3.38439E-03
3.33853E+03 3.77376E-03
3.33865E+03 3.98724E-03
3.33877E+03 3.93130E-03
3.33889E+03 3.82827E-03
3.33901E+03 3.89217E-03
3.33913E+03 4.01724E-03
3.33925E+03 3.89810E-03
3.33938E+03 3.40436E-03
3.33950E+03 2.74267E-03
3.33962E+03 2.29255E-03
3.33974E+03 2.37199E-03
3.33986E+03 3.07299E-03
3.33998E+03 4.12168E-03
3.34010E+03 4.89868E-03
3.34022E+03 4.85012E-03
3.34034E+03 4.04894E-03
3.34046E+03 3.23138E-03
3.34058E+03 3.10979E-03
3.34070E+03 3.70163E-03
3.34082E+03 4.45499E-03
3.34094E+03 4.90853E-03
3.34106E+03 4.99468E-03
3.34118E+03 4.76466E-03
3.34130E+03 4.17941E-03
3.34142E+03 3.34603E-03
3.34155E+03 2.71805E-03
3.34167E+03 2.75994E-03
3.34179E+03 3.42226E-03
3.34191E+03 4.14919E-03
3.34203E+03 4.45114E-03
3.34215E+03 4.34495E-03
3.34227E+03 4.20286E-03
3.34239E+03 4.30259E-03
3.34251E+03 4.60089E-03
3.34263E+03 4.85871E-03
3.34275E+03 4.87787E-03
3.34287E+03 4.62507E-03
3.34299E+03 4.20944E-03
3.34311E+03 3.78861E-03
3.34323E+03 3.47995E-03
3.34335E+03 3.32198E-03
3.34347E+03 3.28417E-03
3.34359E+03 3.29872E-03
3.34372E+03 3.30040E-03
3.34384E+03 3.25758E-03
3.34396E+03 3.16415E-03
3.34408E+03 2.99466E-03
3.34420E+03 2.69573E-03
3.34432E+03 2.25908E-03
3.34444E+03 1.79502E-03
3.34456E+03 1.48011E-03
3.34468E+03 1.40402E-03
3.34480E+03 1.49357E-03
3.34492E+03 1.62493E-03
3.34504E+03 1.79432E-03
3.34516E+03 2.11819E-03
3.34528E+03 2.63645E-03
3.34540E+03 3.16818E-03
3.34552E+03 3.44637E-03
3.34564E+03 3.40204E-03
3.34576E+03 3.22503E-03
3.34589E+03 3.08853E-03
3.34601E+03 2.92111E-03
3.34613E+03 2.60742E-03
3.34625E+03 2.35036E-03
3.34637E+03 2.56998E-03
3.34649E+03 3.31973E-03
3.34661E+03 4.00637E-03
3.34673E+03 3.94844E-03
3.34685E+03 3.16513E-03
3.34697E+03 2.37840E-03
3.34709E+03 2.22155E-03
3.34721E+03 2.65256E-03
3.34733E+03 3.19296E-03
3.34745E+03 3.50459E-03
3.34757E+03 3.56480E-03
3.34769E+03 3.44947E-03
3.34781E+03 3.20515E-03
3.34793E+03 2.91752E-03
3.34805E+03 2.70769E-03
3.34818E+03 2.61936E-03
3.34830E+03 2.63033E-03
3.34842E+03 2.77592E-03
3.34854E+03 3.11031E-03
3.34866E+03 3.51179E-03
3.34878E+03 3.69334E-03
3.34890E+03 3.51916E-03
3.34902E+03 3.21212E-03
3.34914E+03 3.12175E-03
3.34926E+03 3.32880E-03
3.34938E+03 3.57930E-03
3.34950E+03 3.58842E-03
3.34962E+03 3.32736E-03
3.34974E+03 3.02121E-03
3.34986E+03 2.93031E-03
3.34998E+03 3.11936E-03
3.35010E+03 3.37004E-03
3.35022E+03 3.34521E-03
3.35035E+03 2.92877E-03
3.35047E+03 2.39290E-03
3.35059E+03 2.12844E-03
3.35071E+03 2.20744E-03
3.35083E+03 2.34157E-03
3.35095E+03 2.32106E-03
3.35107E+03 2.33245E-03
3.35119E+03 2.68659E-03
3.35131E+03 3.33277E-03
3.35143E+03 3.87549E-03
3.35155E+03 4.09137E-03
3.35167E+03 4.18587E-03
3.35179E+03 4.39147E-03
3.35191E+03 4.50033E-03
3.35203E+03 4.08156E-03
3.35215E+03 3.16345E-03
3.35227E+03 2.42248E-03
3.35239E+03 2.51402E-03
3.35252E+03 3.32484E-03
3.35264E+03 4.06510E-03
3.35276E+03 4.07983E-03
3.35288E+03 3.43794E-03
3.35300E+03 2.73284E-03
3.35312E+03 2.46413E-03
3.35324E+03 2.67740E-03
3.35336E+03 3.07774E-03
3.35348E+03 3.35352E-03
3.35360E+03 3.38909E-03
3.35372E+03 3.25467E-03
3.35384E+03 3.06138E-03
3.35396E+03 2.85172E-03
3.35408E+03 2.63287E-03
3.35420E+03 2.46123E-03
3.35432E+03 2.40458E-03
3.35444E+03 2.41401E-03
3.35456E+03 2.33953E-03
3.35469E+03 2.14300E-03
3.35481E+03 2.02531E-03
3.35493E+03 2.24658E-03
3.35505E+03 2.84106E-03
3.35517E+03 3.56781E-03
3.35529E+03 4.10581E-03
3.35541E+03 4.24170E-03
3.35553E+03 3.94855E-03
3.35565E+03 3.42419E-03
3.35577E+03 3.03670E-03
3.35589E+03 3.07004E-03
3.35601E+03 3.46400E-03
3.35613E+03 3.89476E-03
3.35625E+03 4.12850E-03
3.35637E+03 4.18273E-03
3.35649E+03 4.13086E-03
3.35661E+03 3.94126E-03
3.35673E+03 3.62789E-03
3.35686E+03 3.39613E-03
3.35698E+03 3.43803E-03
3.35710E+03 3.64738E-03
3.35722E+03 3.72146E-03
3.35734E+03 3.53290E-03
3.35746E+03 3.25901E-03
3.35758E+03 3.14793E-03
3.35770E+03 3.28287E-03
3.35782E+03 3.55477E-03
3.35794E+03 3.72186E-03
3.35806E+03 3.52390E-03
3.35818E+03 2.93949E-03
3.35830E+03 2.35331E-03
3.35842E+03 2.23679E-03
3.35854E+03 2.57069E-03
3.35866E+03 2.82261E-03
3.35878E+03 2.65785E-03
3.35890E+03 2.44816E-03
3.35903E+03 2.82326E-03
3.35915E+03 3.84903E-03
3.35927E+03 4.91697E-03
3.35939E+03 5.38238E-03
3.35951E+03 5.06925E-03
3.35963E+03 4.21117E-03
3.35975E+03 3.22415E-03
3.35987E+03 2.59789E-03
3.35999E+03 2.67662E-03
3.36011E+03 3.31515E-03
3.36023E+03 3.91445E-03
3.36035E+03 3.97933E-03
3.36047E+03 3.53325E-03
3.36059E+03 2.90729E-03
3.36071E+03 2.34094E-03
3.36083E+03 1.97013E-03
3.36095E+03 1.99713E-03
3.36107E+03 2.55072E-03
3.36120E+03 3.41731E-03
3.36132E+03 4.16943E-03
3.36144E+03 4.57640E-03
3.36156E+03 4.68858E-03
3.36168E+03 4.55309E-03
3.36180E+03 4.13728E-03
3.36192E+03 3.57501E-03
3.36204E+03 3.18250E-03
3.36216E+03 3.08099E-03
3.36228E+03 3.04821E-03
3.36240E+03 2.92181E-03
3.36252E+03 2.91985E-03
3.36264E+03 3.29413E-03
3.36276E+03 3.81188E-03
3.36288E+03 3.92317E-03
3.36300E+03 3.45672E-03
3.36312E+03 2.89701E-03
3.36324E+03 2.87859E-03
3.36336E+03 3.52035E-03
3.36349E+03 4.32191E-03
3.36361E+03 4.63732E-03
3.36373E+03 4.23217E-03
3.36385E+03 3.47494E-03
3.36397E+03 2.98363E-03
3.36409E+03 3.00400E-03
3.36421E+03 3.18450E-03
3.36433E+03 3.07566E-03
3.36445E+03 2.74645E-03
3.36457E+03 2.68146E-03
3.36469E+03 3.11726E-03
3.36481E+03 3.78631E-03
3.36493E+03 4.36025E-03
3.36505E+03 4.79202E-03
3.36517E+03 5.03592E-03
3.36529E+03 4.79938E-03
3.36541E+03 3.96802E-03
3.36553E+03 3.07573E-03
3.36566E+03 2.85640E-03
3.36578E+03 3.30916E-03
3.36590E+03 3.64640E-03
3.36602E+03 3.30257E-03
3.36614E+03 2.61195E-03
3.36626E+03 2.24992E-03
3.36638E+03 2.32563E-03
3.36650E+03 2.40881E-03
3.36662E+03 2.29296E-03
3.36674E+03 2.25735E-03
3.36686E+03 2.49866E-03
3.36698E+03 2.70837E-03
3.36710E+03 2.49916E-03
3.36722E+03 2.05677E-03
3.36734E+03 2.02454E-03
3.36746E+03 2.70881E-03
3.36758E+03 3.63606E-03
3.36770E+03 4.04191E-03
3.36783E+03 3.68425E-03
3.36795E+03 3.01179E-03
3.36807E+03 2.58224E-03
3.36819E+03 2.51850E-03
3.36831E+03 2.60791E-03
3.36843E+03 2.74815E-03
3.36855E+03 3.05396E-03
3.36867E+03 3.53305E-03
3.36879E+03 3.89523E-03
3.36891E+03 3.84716E-03
3.36903E+03 3.47834E-03
3.36915E+03 3.18909E-03
3.36927E+03 3.24402E-03
3.36939E+03 3.50612E-03
3.36951E+03 3.63091E-03
3.36963E+03 3.43461E-03
3.36975E+03 3.03527E-03
3.36987E+03 2.70548E-03
3.37000E+03 2.63303E-03
3.37012E+03 2.77832E-03
3.37024E+03 2.92565E-03
3.37036E+03 2.89444E-03
3.37048E+03 2.72385E-03
3.37060E+03 2.62730E-03
3.37072E+03 2.74928E-03
3.37084E+03 3.00474E-03
3.37096E+03 3.18596E-03
3.37108E+03 3.18560E-03
3.37120E+03 3.06267E-03
3.37132E+03 2.91972E-03
3.37144E+03 2.78632E-03
3.37156E+03 2.64120E-03
3.37168E+03 2.49493E-03
3.37180E+03 2.40293E-03
3.37192E+03 2.40494E-03
3.37204E+03 2.48761E-03
3.37217E+03 2.60990E-03
3.37229E+03 2.72872E-03
3.37241E+03 2.77780E-03
3.37253E+03 2.67001E-03
3.37265E+03 2.39636E-03
3.37277E+03 2.12126E-03
3.37289E+03 2.08365E-03
3.37301E+03 2.34297E-03
3.37313E+03 2.68163E-03
3.37325E+03 2.83773E-03
3.37337E+03 2.79349E-03
3.37349E+03 2.73998E-03
3.37361E+03 2.78440E-03
3.37373E+03 2.83092E-03
3.37385E+03 2.78553E-03
3.37397E+03 2.74147E-03
3.37409E+03 2.85684E-03
3.37421E+03 3.12733E-03
3.37433E+03 3.39410E-03
3.37446E+03 3.54725E-03
3.37458E+03 3.61940E-03
3.37470E+03 3.68592E-03
3.37482E+03 3.74941E-03
3.37494E+03 3.71587E-03
3.37506E+03 3.44065E-03
3.37518E+03 2.86365E-03
3.37530E+03 2.20020E-03
3.37542E+03 1.92229E-03
3.37554E+03 2.34248E-03
3.37566E+03 3.18228E-03
3.37578E+03 3.75285E-03
3.37590E+03 3.67457E-03
3.37602E+03 3.25695E-03
3.37614E+03 3.02958E-03
3.37626E+03 3.06536E-03
3.37638E+03 3.02323E-03
3.37650E+03 2.78214E-03
3.37663E+03 2.68178E-03
3.37675E+03 3.01009E-03
3.37687E+03 3.50782E-03
3.37699E+03 3.61849E-03
3.37711E+03 3.13179E-03
3.37723E+03 2.36429E-03
3.37735E+03 1.74671E-03
3.37747E+03 1.46052E-03
3.37759E+03 1.51126E-03
3.37771E+03 1.90835E-03
3.37783E+03 2.57286E-03
3.37795E+03 3.16685E-03
3.37807E+03 3.25910E-03
3.37819E+03 2.75622E-03
3.37831E+03 2.07806E-03
3.37843E+03 1.78101E-03
3.37855E+03 1.98022E-03
3.37867E+03 2.22328E-03
3.37880E+03 2.00692E-03
3.37892E+03 1.39473E-03
3.37904E+03 1.03361E-03
3.37916E+03 1.49908E-03
3.37928E+03 2.67548E-03
3.37940E+03 3.84354E-03
3.37952E+03 4.34185E-03
3.37964E+03 4.08069E-03
3.37976E+03 3.45759E-03
3.37988E+03 2.92208E-03
3.38000E+03 2.68875E-03
3.38012E+03 2.73659E-03
3.38024E+03 2.91847E-03
3.38036E+03 3.07926E-03
3.38048E+03 3.17968E-03
3.38060E+03 3.32610E-03
3.38072E+03 3.62024E-03
3.38084E+03 3.99559E-03
3.38097E+03 4.28052E-03
3.38109E+03 4.40476E-03
3.38121E+03 4.43138E-03
3.38133E+03 4.37571E-03
3.38145E+03 4.13886E-03
3.38157E+03 3.69771E-03
3.38169E+03 3.23454E-03
3.38181E+03 2.94586E-03
3.38193E+03 2.79259E-03
3.38205E+03 2.58582E-03
3.38217E+03 2.27947E-03
3.38229E+03 2.01713E-03
3.38241E+03 1.88802E-03
3.38253E+03 1.81509E-03
3.38265E+03 1.75558E-03
3.38277E+03 1.83675E-03
3.38289E+03 2.14130E-03
3.38301E+03 2.47626E-03
3.38314E+03 2.55924E-03
3.38326E+03 2.40448E-03
3.38338E+03 2.29662E-03
3.38350E+03 2.33010E-03
3.38362E+03 2.21353E-03
3.38374E+03 1.70739E-03
3.38386E+03 1.10223E-03
3.38398E+03 9.74867E-04
3.38410E+03 1.46089E-03
3.38422E+03 2.03190E-03
3.38434E+03 2.13502E-03
3.38446E+03 1.87242E-03
3.38458E+03 1.82427E-03
3.38470E+03 2.28138E-03
3.38482E+03 2.91141E-03
3.38494E+03 3.22932E-03
3.38506E+03 3.16429E-03
3.38518E+03 3.00179E-03
3.38531E+03 2.93972E-03
3.38543E+03 2.94752E-03
3.38555E+03 3.01112E-03
3.38567E+03 3.24571E-03
3.38579E+03 3.67430E-03
3.38591E+03 4.09631E-03
3.38603E+03 4.33323E-03
3.38615E+03 4.46286E-03
3.38627E+03 4.60915E-03
3.38639E+03 4.59082E-03
3.38651E+03 4.07647E-03
3.38663E+03 3.15664E-03
3.38675E+03 2.47655E-03
3.38687E+03 2.55725E-03
3.38699E+03 3.11707E-03
3.38711E+03 3.35224E-03
3.38723E+03 2.87884E-03
3.38735E+03 2.12956E-03
3.38748E+03 1.75097E-03
3.38760E+03 1.87136E-03
3.38772E+03 2.16072E-03
3.38784E+03 2.39672E-03
3.38796E+03 2.62188E-03
3.38808E+03 2.78928E-03
3.38820E+03 2.65795E-03
3.38832E+03 2.21984E-03
3.38844E+03 1.93613E-03
3.38856E+03 2.22696E-03
3.38868E+03 2.84312E-03
3.38880E+03 3.07398E-03
3.38892E+03 2.60716E-03
3.38904E+03 1.88749E-03
3.38916E+03 1.48654E-03
3.38928E+03 1.39111E-03
3.38940E+03 1.20532E-03
3.38952E+03 9.17129E-04
3.38965E+03 1.06984E-03
3.38977E+03 2.04417E-03
3.38989E+03 3.44106E-03
3.39001E+03 4.42012E-03
3.39013E+03 4.55090E-03
3.39025E+03 4.10112E-03
3.39037E+03 3.50291E-03
3.39049E+03 2.82167E-03
3.39061E+03 1.91972E-03
3.39073E+03 9.52415E-04
3.39085E+03 3.93040E-04
3.39097E+03 5.03324E-04
3.39109E+03 9.73959E-04
3.39121E+03 1.24259E-03
3.39133E+03 1.10611E-03
3.39145E+03 8.90825E-04
3.39157E+03 1.03357E-03
3.39169E+03 1.62169E-03
3.39181E+03 2.38276E-03
3.39194E+03 3.00660E-03
3.39206E+03 3.34504E-03
3.39218E+03 3.33418E-03
3.39230E+03 2.92543E-03
3.39242E+03 2.24527E-03
3.39254E+03 1.72488E-03
3.39266E+03 1.81492E-03
3.39278E+03 2.46004E-03
3.39290E+03 3.02768E-03
3.39302E+03 2.96357E-03
3.39314E+03 2.44816E-03
3.39326E+03 2.17009E-03
3.39338E+03 2.44340E-03
3.39350E+03 2.81934E-03
3.39362E+03 2.72748E-03
3.39374E+03 2.27939E-03
3.39386E+03 2.14702E-03
3.39398E+03 2.72790E-03
3.39411E+03 3.72500E-03
3.39423E+03 4.56940E-03
3.39435E+03 4.98587E-03
3.39447E+03 5.01165E-03
3.39459E+03 4.68110E-03
3.39471E+03 3.94957E-03
3.39483E+03 2.89605E-03
3.39495E+03 1.82176E-03
3.39507E+03 1.09304E-03
3.39519E+03 9.10901E-04
3.39531E+03 1.17968E-03
3.39543E+03 1.55263E-03
3.39555E+03 1.69021E-03
3.39567E+03 1.56993E-03
3.39579E+03 1.48796E-03
3.39591E+03 1.66565E-03
3.39603E+03 1.94434E-03
3.39615E+03 2.01830E-03
3.39628E+03 1.88753E-03
3.39640E+03 1.85038E-03
3.39652E+03 2.04280E-03
3.39664E+03 2.22816E-03
3.39676E+03 2.15755E-03
3.39688E+03 1.93506E-03
3.39700E+03 1.83097E-03
3.39712E+03 1.86774E-03
3.39724E+03 1.82304E-03
3.39736E+03 1.60734E-03
3.39748E+03 1.40956E-03
3.39760E+03 1.41342E-03
3.39772E+03 1.56125E-03
3.39784E+03 1.70885E-03
3.39796E+03 1.86865E-03
3.39808E+03 2.12213E-03
3.39820E+03 2.35133E-03
3.39832E+03 2.27379E-03
3.39845E+03 1.82875E-03
3.39857E+03 1.39938E-03
3.39869E+03 1.48852E-03
3.39881E+03 2.16261E-03
3.39893E+03 2.90161E-03
3.39905E+03 3.05696E-03
3.39917E+03 2.45686E-03
3.39929E+03 1.54470E-03
3.39941E+03 9.54274E-04
3.39953E+03 9.86617E-04
3.39965E+03 1.45751E-03
3.39977E+03 1.96363E-03
3.39989E+03 2.25263E-03
3.40001E+03 2.36754E-03
3.40013E+03 2.48405E-03
3.40025E+03 2.63367E-03
3.40037E+03 2.61923E-03
3.40049E+03 2.24567E-03
3.40061E+03 1.63039E-03
3.40074E+03 1.19703E-03
3.40086E+03 1.27494E-03
3.40098E+03 1.75015E-03
3.40110E+03 2.21656E-03
3.40122E+03 2.45194E-03
3.40134E+03 2.62072E-03
3.40146E+03 2.96905E-03
3.40158E+03 3.45217E-03
3.40170E+03 3.78412E-03
3.40182E+03 3.76569E-03
3.40194E+03 3.41544E-03
3.40206E+03 2.85000E-03
3.40218E+03 2.25680E-03
3.40230E+03 1.99316E-03
3.40242E+03 2.41473E-03
3.40254E+03 3.41460E-03
3.40266E+03 4.33352E-03
3.40278E+03 4.60507E-03
3.40291E+03 4.39542E-03
3.40303E+03 4.29039E-03
3.40315E+03 4.38632E-03
3.40327E+03 4.11407E-03
3.40339E+03 3.13431E-03
3.40351E+03 2.03299E-03
3.40363E+03 1.73450E-03
3.40375E+03 2.38552E-03
3.40387E+03 3.22472E-03
3.40399E+03 3.53710E-03
3.40411E+03 3.36165E-03
3.40423E+03 3.15258E-03
3.40435E+03 3.09441E-03
3.40447E+03 3.02477E-03
3.40459E+03 2.84275E-03
3.40471E+03 2.67517E-03
3.40483E+03 2.63439E-03
3.40495E+03 2.62411E-03
3.40508E+03 2.46181E-03
3.40520E+03 2.09767E-03
3.40532E+03 1.66502E-03
3.40544E+03 1.37190E-03
3.40556E+03 1.37226E-03
3.40568E+03 1.70578E-03
3.40580E+03 2.30811E-03
3.40592E+03 3.02020E-03
3.40604E+03 3.56917E-03
3.40616E+03 3.65425E-03
3.40628E+03 3.21780E-03
3.40640E+03 2.62346E-03
3.40652E+03 2.36413E-03
3.40664E+03 2.49910E-03
3.40676E+03 2.57284E-03
3.40688E+03 2.24755E-03
3.40700E+03 1.81682E-03
3.40712E+03 1.83784E-03
3.40725E+03 2.37050E-03
3.40737E+03 2.90683E-03
3.40749E+03 3.06308E-03
3.40761E+03 3.00434E-03
3.40773E+03 3.05520E-03
3.40785E+03 3.18975E-03
3.40797E+03 3.16231E-03
3.40809E+03 2.97709E-03
3.40821E+03 2.92251E-03
3.40833E+03 3.14345E-03
3.40845E+03 3.41047E-03
3.40857E+03 3.39594E-03
3.40869E+03 3.05288E-03
3.40881E+03 2.63492E-03
3.40893E+03 2.41271E-03
3.40905E+03 2.45853E-03
3.40917E+03 2.69032E-03
3.40929E+03 3.04081E-03
3.40942E+03 3.51628E-03
3.40954E+03 4.07581E-03
3.40966E+03 4.51816E-03
3.40978E+03 4.58886E-03
3.40990E+03 4.23236E-03
3.41002E+03 3.67870E-03
3.41014E+03 3.23980E-03
3.41026E+03 3.05356E-03
3.41038E+03 3.05509E-03
3.41050E+03 3.14552E-03
3.41062E+03 3.30444E-03
3.41074E+03 3.52217E-03
3.41086E+03 3.67548E-03
3.41098E+03 3.54794E-03
3.41110E+03 3.04537E-03
3.41122E+03 2.39445E-03
3.41134E+03 2.01462E-03
3.41146E+03 2.08342E-03
3.41159E+03 2.30039E-03
3.41171E+03 2.24341E-03
3.41183E+03 1.91636E-03
3.41195E+03 1.71841E-03
3.41207E+03 1.84814E-03
3.41219E+03 2.02983E-03
3.41231E+03 1.99547E-03
3.41243E+03 1.96668E-03
3.41255E+03 2.33820E-03
3.41267E+03 3.00677E-03
3.41279E+03 3.37585E-03
3.41291E+03 3.06838E-03
3.41303E+03 2.35947E-03
3.41315E+03 1.82715E-03
3.41327E+03 1.79459E-03
3.41339E+03 2.16741E-03
3.41351E+03 2.58111E-03
3.41363E+03 2.60376E-03
3.41376E+03 2.03231E-03
3.41388E+03 1.19018E-03
3.41400E+03 7.92064E-04
3.41412E+03 1.28895E-03
3.41424E+03 2.36858E-03
3.41436E+03 3.23908E-03
3.41448E+03 3.37489E-03
3.41460E+03 2.90031E-03
3.41472E+03 2.34310E-03
3.41484E+03 2.13465E-03
3.41496E+03 2.27045E-03
3.41508E+03 2.34468E-03
3.41520E+03 1.99622E-03
3.41532E+03 1.41279E-03
3.41544E+03 1.23668E-03
3.41556E+03 1.77821E-03
3.41568E+03 2.48919E-03
3.41580E+03 2.53945E-03
3.41593E+03 1.86552E-03
3.41605E+03 1.28993E-03
3.41617E+03 1.49543E-03
3.41629E+03 2.22269E-03
3.41641E+03 2.71238E-03
3.41653E+03 2.64788E-03
3.41665E+03 2.34368E-03
3.41677E+03 2.18933E-03
3.41689E+03 2.28987E-03
3.41701E+03 2.62251E-03
3.41713E+03 3.14990E-03
3.41725E+03 3.63831E-03
3.41737E+03 3.67391E-03
3.41749E+03 3.12732E-03
3.41761E+03 2.46525E-03
3.41773E+03 2.33651E-03
3.41785E+03 2.85810E-03
3.41797E+03 3.48528E-03
3.41809E+03 3.58547E-03
3.41822E+03 2.99520E-03
3.41834E+03 2.02566E-03
3.41846E+03 1.12893E-03
3.41858E+03 6.57432E-04
3.41870E+03 7.71075E-04
3.41882E+03 1.35184E-03
3.41894E+03 2.00941E-03
3.41906E+03 2.32543E-03
3.41918E+03 2.15326E-03
3.41930E+03 1.64100E-03
3.41942E+03 1.00911E-03
3.41954E+03 4.26050E-04
3.41966E+03 8.21799E-05
3.41978E+03 1.79749E-04
3.41990E+03 7.03085E-04
3.42002E+03 1.28771E-03
3.42014E+03 1.49571E-03
3.42026E+03 1.25324E-03
3.42039E+03 9.19443E-04
3.42051E+03 8.89741E-04
3.42063E+03 1.19587E-03
3.42075E+03 1.52412E-03
3.42087E+03 1.57209E-03
3.42099E+03 1.33362E-03
3.42111E+03 1.04576E-03
3.42123E+03 8.98533E-04
3.42135E+03 8.44706E-04
3.42147E+03 7.49748E-04
3.42159E+03 7.07913E-04
3.42171E+03 1.05598E-03
3.42183E+03 1.93169E-03
3.42195E+03 2.88945E-03
3.42207E+03 3.17509E-03
3.42219E+03 2.48671E-03
3.42231E+03 1.34518E-03
3.42243E+03 5.98498E-04
3.42256E+03 6.40556E-04
3.42268E+03 1.19780E-03
3.42280E+03 1.75802E-03
3.42292E+03 2.01271E-03
3.42304E+03 1.89703E-03
3.42316E+03 1.44925E-03
3.42328E+03 8.20864E-04
3.42340E+03 3.49492E-04
3.42352E+03 4.21312E-04
3.42364E+03 1.15712E-03
3.42376E+03 2.26232E-03
3.42388E+03 3.24804E-03
3.42400E+03 3.82565E-03
3.42412E+03 4.06835E-03
3.42424E+03 4.19021E-03
3.42436E+03 4.23055E-03
3.42448E+03 4.03318E-03
3.42460E+03 3.52477E-03
3.42473E+03 2.89353E-03
3.42485E+03 2.40042E-03
3.42497E+03 2.08026E-03
3.42509E+03 1.75579E-03
3.42521E+03 1.34332E-03
3.42533E+03 1.01309E-03
3.42545E+03 9.83957E-04
3.42557E+03 1.25429E-03
3.42569E+03 1.62058E-03
3.42581E+03 1.89775E-03
3.42593E+03 2.02855E-03
3.42605E+03 2.01381E-03
3.42617E+03 1.85526E-03
3.42629E+03 1.60699E-03
3.42641E+03 1.40906E-03
3.42653E+03 1.40356E-03
3.42665E+03 1.62269E-03
3.42677E+03 1.97537E-03
3.42690E+03 2.32911E-03
3.42702E+03 2.59819E-03
3.42714E+03 2.76460E-03
3.42726E+03 2.82048E-03
3.42738E+03 2.70912E-03
3.42750E+03 2.38179E-03
3.42762E+03 1.95122E-03
3.42774E+03 1.71714E-03
3.42786E+03 1.91443E-03
3.42798E+03 2.42218E-03
3.42810E+03 2.83558E-03
3.42822E+03 2.89434E-03
3.42834E+03 2.77750E-03
3.42846E+03 2.89992E-03
3.42858E+03 3.44568E-03
3.42870E+03 4.17179E-03
3.42882E+03 4.66407E-03
3.42894E+03 4.72418E-03
3.42907E+03 4.48148E-03
3.42919E+03 4.15387E-03
3.42931E+03 3.74413E-03
3.42943E+03 3.04947E-03
3.42955E+03 2.04416E-03
3.42967E+03 1.17883E-03
3.42979E+03 1.07833E-03
3.42991E+03 1.83937E-03
3.43003E+03 2.79144E-03
3.43015E+03 3.13288E-03
3.43027E+03 2.71085E-03
3.43039E+03 1.98212E-03
3.43051E+03 1.32543E-03
3.43063E+03 7.26458E-04
3.43075E+03 1.65481E-04
3.43087E+03 -6.79120E-05
3.43099E+03 3.04371E-04
3.43111E+03 1.10026E-03
3.43123E+03 1.84409E-03
3.43136E+03 2.27165E-03
3.43148E+03 2.47949E-03
3.43160E+03 2.65554E-03
3.43172E+03 2.88532E-03
3.43184E+03 3.16196E-03
3.43196E+03 3.36084E-03
3.43208E+03 3.25045E-03
3.43220E+03 2.76969E-03
3.43232E+03 2.25247E-03
3.43244E+03 2.08159E-03
3.43256E+03 2.13151E-03
3.43268E+03 1.93377E-03
3.43280E+03 1.47653E-03
3.43292E+03 1.39223E-03
3.43304E+03 2.05893E-03
3.43316E+03 2.89459E-03
3.43328E+03 3.02547E-03
3.43340E+03 2.46900E-03
3.43353E+03 2.09211E-03
3.43365E+03 2.37021E-03
3.43377E+03 2.74710E-03
3.43389E+03 2.47090E-03
3.43401E+03 1.62677E-03
3.43413E+03 9.41992E-04
3.43425E+03 8.31250E-04
3.43437E+03 1.09251E-03
3.43449E+03 1.45432E-03
3.43461E+03 1.92336E-03
3.43473E+03 2.43246E-03
3.43485E+03 2.55006E-03
3.43497E+03 1.92743E-03
3.43509E+03 9.18295E-04
3.43521E+03 3.91714E-04
3.43533E+03 8.22853E-04
3.43545E+03 1.76609E-03
3.43557E+03 2.36030E-03
3.43570E+03 2.23630E-03
3.43582E+03 1.79136E-03
3.43594E+03 1.65857E-03
3.43606E+03 2.08841E-03
3.43618E+03 2.82596E-03
3.43630E+03 3.37853E-03
3.43642E+03 3.33998E-03
3.43654E+03 2.67349E-03
3.43666E+03 1.85477E-03
3.43678E+03 1.59845E-03
3.43690E+03 2.19020E-03
3.43702E+03 3.07998E-03
3.43714E+03 3.35972E-03
3.43726E+03 2.71567E-03
3.43738E+03 1.71350E-03
3.43750E+03 1.07760E-03
3.43762E+03 9.29024E-04
3.43774E+03 9.06140E-04
3.43787E+03 8.37971E-04
3.43799E+03 9.68423E-04
3.43811E+03 1.49161E-03
3.43823E+03 2.13940E-03
3.43835E+03 2.41430E-03
3.43847E+03 2.14574E-03
3.43859E+03 1.67454E-03
3.43871E+03 1.49306E-03
3.43883E+03 1.77737E-03
3.43895E+03 2.27659E-03
3.43907E+03 2.59976E-03
3.43919E+03 2.57190E-03
3.43931E+03 2.31878E-03
3.43943E+03 2.05252E-03
3.43955E+03 1.85634E-03
3.43967E+03 1.70917E-03
3.43979E+03 1.62334E-03
3.43991E+03 1.62454E-03
3.44004E+03 1.60233E-03
3.44016E+03 1.32970E-03
3.44028E+03 7.31569E-04
3.44040E+03 8.20979E-05
3.44052E+03 -1.64509E-04
3.44064E+03 2.35327E-04
3.44076E+03 1.07894E-03
3.44088E+03 1.86570E-03
3.44100E+03 2.14859E-03
3.44112E+03 1.84519E-03
3.44124E+03 1.29946E-03
3.44136E+03 1.02268E-03
3.44148E+03 1.27185E-03
3.44160E+03 1.82587E-03
3.44172E+03 2.21216E-03
3.44184E+03 2.19176E-03
3.44196E+03 1.98882E-03
3.44208E+03 1.99852E-03
3.44221E+03 2.29573E-03
3.44233E+03 2.49714E-03
3.44245E+03 2.15113E-03
3.44257E+03 1.24564E-03
3.44269E+03 2.92022E-04
3.44281E+03 -9.94839E-05
3.44293E+03 2.83226E-04
3.44305E+03 1.14634E-03
3.44317E+03 2.04626E-03
3.44329E+03 2.75355E-03
3.44341E+03 3.26964E-03
3.44353E+03 3.57065E-03
3.44365E+03 3.47449E-03
3.44377E+03 2.84313E-03
3.44389E+03 1.88204E-03
3.44401E+03 1.11876E-03
3.44413E+03 9.61080E-04
3.44425E+03 1.26682E-03
3.44438E+03 1.45881E-03
3.44450E+03 1.13432E-03
3.44462E+03 5.11207E-04
3.44474E+03 1.82983E-04
3.44486E+03 4.46580E-04
3.44498E+03 1.00354E-03
3.44510E+03 1.37550E-03
3.44522E+03 1.44196E-03
3.44534E+03 1.40803E-03
3.44546E+03 1.37297E-03
3.44558E+03 1.22197E-03
3.44570E+03 9.88878E-04
3.44582E+03 1.01800E-03
3.44594E+03 1.52079E-03
3.44606E+03 2.12306E-03
3.44618E+03 2.14995E-03
3.44630E+03 1.38158E-03
3.44642E+03 3.15543E-04
3.44654E+03 -3.76586E-04
3.44667E+03 -4.71797E-04
3.44679E+03 -2.26840E-04
3.44691E+03 1.35079E-05
3.44703E+03 6.62096E-05
3.44715E+03 -6.47642E-05
3.44727E+03 -2.24531E-04
3.44739E+03 -2.28837E-04
3.44751E+03 -8.43145E-05
3.44763E+03 -7.40588E-06
3.44775E+03 -4.57615E-05
3.44787E+03 2.00529E-04
3.44799E+03 1.15990E-03
3.44811E+03 2.57682E-03
3.44823E+03 3.53359E-03
3.44835E+03 3.39863E-03
3.44847E+03 2.55204E-03
3.44859E+03 1.92676E-03
3.44871E+03 1.93957E-03
3.44884E+03 2.15241E-03
3.44896E+03 1.97561E-03
3.44908E+03 1.41945E-03
3.44920E+03 1.00942E-03
3.44932E+03 1.09902E-03
3.44944E+03 1.45929E-03
3.44956E+03 1.58402E-03
3.44968E+03 1.29673E-03
3.44980E+03 9.33535E-04
3.44992E+03 8.86764E-04
3.45004E+03 1.08173E-03
3.45016E+03 1.09101E-03
3.45028E+03 7.65324E-04
3.45040E+03 5.02873E-04
3.45052E+03 7.30075E-04
3.45064E+03 1.30916E-03
3.45076E+03 1.75636E-03
3.45088E+03 1.96998E-03
3.45101E+03 2.35593E-03
3.45113E+03 3.12692E-03
3.45125E+03 3.81415E-03
3.45137E+03 3.74423E-03
3.45149E+03 2.84290E-03
3.45161E+03 1.72924E-03
3.45173E+03 1.10882E-03
3.45185E+03 1.25304E-03
3.45197E+03 1.94075E-03
3.45209E+03 2.63035E-03
3.45221E+03 2.73061E-03
3.45233E+03 2.03307E-03
3.45245E+03 1.00364E-03
3.45257E+03 4.36686E-04
3.45269E+03 6.80011E-04
3.45281E+03 1.31912E-03
3.45293E+03 1.70630E-03
3.45305E+03 1.64472E-03
3.45318E+03 1.40992E-03
3.45330E+03 1.26462E-03
3.45342E+03 1.23202E-03
3.45354E+03 1.31900E-03
3.45366E+03 1.65508E-03
3.45378E+03 2.24434E-03
3.45390E+03 2.73179E-03
3.45402E+03 2.64365E-03
3.45414E+03 1.89844E-03
3.45426E+03 9.79014E-04
3.45438E+03 5.30608E-04
3.45450E+03 8.09252E-04
3.45462E+03 1.52949E-03
3.45474E+03 2.17704E-03
3.45486E+03 2.41592E-03
3.45498E+03 2.25320E-03
3.45510E+03 1.94040E-03
3.45522E+03 1.76783E-03
3.45535E+03 1.84691E-03
3.45547E+03 1.96441E-03
3.45559E+03 1.68873E-03
3.45571E+03 7.74972E-04
3.45583E+03 -4.66980E-04
3.45595E+03 -1.28905E-03
3.45607E+03 -1.11637E-03
3.45619E+03 -6.12698E-05
3.45631E+03 1.15155E-03
3.45643E+03 1.73214E-03
3.45655E+03 1.35743E-03
3.45667E+03 3.34173E-04
3.45679E+03 -6.25055E-04
3.45691E+03 -8.82316E-04
3.45703E+03 -3.29275E-04
3.45715E+03 5.90000E-04
3.45727E+03 1.33818E-03
3.45739E+03 1.76174E-03
3.45752E+03 2.04411E-03
3.45764E+03 2.29912E-03
3.45776E+03 2.40213E-03
3.45788E+03 2.23779E-03
3.45800E+03 1.90657E-03
3.45812E+03 1.56471E-03
3.45824E+03 1.20219E-03
3.45836E+03 7.45777E-04
3.45848E+03 3.11963E-04
3.45860E+03 1.75349E-04
3.45872E+03 4.60476E-04
3.45884E+03 9.77997E-04
3.45896E+03 1.41083E-03
3.45908E+03 1.59186E-03
3.45920E+03 1.57313E-03
3.45932E+03 1.50703E-03
3.45944E+03 1.50121E-03
3.45956E+03 1.53138E-03
3.45969E+03 1.45904E-03
3.45981E+03 1.18462E-03
3.45993E+03 8.26474E-04
3.46005E+03 7.11519E-04
3.46017E+03 1.11610E-03
3.46029E+03 1.97936E-03
3.46041E+03 2.86724E-03
3.46053E+03 3.23539E-03
3.46065E+03 2.81442E-03
3.46077E+03 1.86326E-03
3.46089E+03 1.05482E-03
3.46101E+03 9.79729E-04
3.46113E+03 1.64238E-03
3.46125E+03 2.44245E-03
3.46137E+03 2.70504E-03
3.46149E+03 2.24883E-03
3.46161E+03 1.43755E-03
3.46173E+03 7.49823E-04
3.46185E+03 3.94505E-04
3.46198E+03 3.02948E-04
3.46210E+03 3.37690E-04
3.46222E+03 4.27030E-04
3.46234E+03 5.74637E-04
3.46246E+03 8.43342E-04
3.46258E+03 1.31433E-03
3.46270E+03 1.97588E-03
3.46282E+03 2.64560E-03
3.46294E+03 3.08418E-03
3.46306E+03 3.21313E-03
3.46318E+03 3.13101E-03
3.46330E+03 2.85203E-03
3.46342E+03 2.15669E-03
3.46354E+03 9.28260E-04
3.46366E+03 -3.47793E-04
3.46378E+03 -7.24304E-04
3.46390E+03 2.55190E-04
3.46402E+03 1.84631E-03
3.46415E+03 2.70312E-03
3.46427E+03 2.27690E-03
3.46439E+03 1.34604E-03
3.46451E+03 9.59020E-04
3.46463E+03 1.13346E-03
3.46475E+03 1.02116E-03
3.46487E+03 2.37729E-04
3.46499E+03 -5.55266E-04
3.46511E+03 -5.79551E-04
3.46523E+03 -2.85357E-06
3.46535E+03 3.49421E-04
3.46547E+03 9.19290E-05
3.46559E+03 -3.75442E-04
3.46571E+03 -5.75967E-04
3.46583E+03 -5.14414E-04
3.46595E+03 -3.75826E-04
3.46607E+03 -1.22532E-04
3.46619E+03 2.84161E-04
3.46632E+03 5.49380E-04
3.46644E+03 3.81481E-04
3.46656E+03 6.07632E-05
3.46668E+03 2.47061E-04
3.46680E+03 1.12468E-03
3.46692E+03 2.07880E-03
3.46704E+03 2.41111E-03
3.46716E+03 2.13468E-03
3.46728E+03 1.81644E-03
3.46740E+03 1.79475E-03
3.46752E+03 1.86324E-03
3.46764E+03 1.70908E-03
3.46776E+03 1.37365E-03
3.46788E+03 1.16740E-03
3.46800E+03 1.30307E-03
3.46812E+03 1.72671E-03
3.46824E+03 2.17565E-03
3.46836E+03 2.27125E-03
3.46849E+03 1.69887E-03
3.46861E+03 5.59915E-04
3.46873E+03 -4.45068E-04
3.46885E+03 -4.59246E-04
3.46897E+03 6.62144E-04
3.46909E+03 2.02179E-03
3.46921E+03 2.46403E-03
3.46933E+03 1.75799E-03
3.46945E+03 8.75812E-04
3.46957E+03 9.49543E-04
3.46969E+03 2.01784E-03
3.46981E+03 2.99282E-03
3.46993E+03 2.87156E-03
3.47005E+03 1.79643E-03
3.47017E+03 8.21665E-04
3.47029E+03 7.52803E-04
3.47041E+03 1.39128E-03
3.47053E+03 1.92479E-03
3.47066E+03 1.87371E-03
3.47078E+03 1.50837E-03
3.47090E+03 1.40484E-03
3.47102E+03 1.76340E-03
3.47114E+03 2.22858E-03
3.47126E+03 2.29696E-03
3.47138E+03 1.80653E-03
3.47150E+03 1.02080E-03
3.47162E+03 2.99860E-04
3.47174E+03 -2.33240E-04
3.47186E+03 -6.77273E-04
3.47198E+03 -1.08423E-03
3.47210E+03 -1.28699E-03
3.47222E+03 -1.05661E-03
3.47234E+03 -4.12628E-04
3.47246E+03 2.70192E-04
3.47258E+03 5.10816E-04
3.47270E+03 1.50088E-04
3.47282E+03 -4.49754E-04
3.47295E+03 -6.62137E-04
3.47307E+03 -1.51463E-04
3.47319E+03 7.81856E-04
3.47331E+03 1.41787E-03
3.47343E+03 1.27007E-03
3.47355E+03 5.42488E-04
3.47367E+03 -6.23465E-05
3.47379E+03 1.51359E-05
3.47391E+03 7.28320E-04
3.47403E+03 1.57677E-03
3.47415E+03 2.08234E-03
3.47427E+03 2.08751E-03
3.47439E+03 1.71650E-03
3.47451E+03 1.21755E-03
3.47463E+03 8.47016E-04
3.47475E+03 7.52639E-04
3.47487E+03 8.65724E-04
3.47499E+03 9.72778E-04
3.47512E+03 9.81834E-04
3.47524E+03 1.05515E-03
3.47536E+03 1.36185E-03
3.47548E+03 1.75924E-03
3.47560E+03 1.90495E-03
3.47572E+03 1.69795E-03
3.47584E+03 1.40542E-03
3.47596E+03 1.24221E-03
3.47608E+03 1.01705E-03
3.47620E+03 4.24206E-04
3.47632E+03 -4.01035E-04
3.47644E+03 -8.86597E-04
3.47656E+03 -6.63545E-04
3.47668E+03 -2.17184E-06
3.47680E+03 4.79694E-04
3.47692E+03 4.10907E-04
3.47704E+03 -8.15801E-05
3.47716E+03 -5.50736E-04
3.47729E+03 -5.44641E-04
3.47741E+03 1.01209E-04
3.47753E+03 1.05865E-03
3.47765E+03 1.67275E-03
3.47777E+03 1.53340E-03
3.47789E+03 8.98562E-04
3.47801E+03 3.84662E-04
3.47813E+03 2.67062E-04
3.47825E+03 2.87838E-04
3.47837E+03 1.60459E-04
3.47849E+03 -1.34073E-05
3.47861E+03 6.16536E-06
3.47873E+03 1.19988E-04
3.47885E+03 -2.50749E-05
3.47897E+03 -4.99580E-04
3.47909E+03 -8.65798E-04
3.47921E+03 -6.03933E-04
3.47933E+03 2.84273E-04
3.47946E+03 1.19022E-03
3.47958E+03 1.46007E-03
3.47970E+03 1.02499E-03
3.47982E+03 4.41518E-04
3.47994E+03 2.54262E-04
3.48006E+03 3.98193E-04
3.48018E+03 3.90835E-04
3.48030E+03 8.46013E-05
3.48042E+03 -4.96469E-05
3.48054E+03 4.60569E-04
3.48066E+03 1.38398E-03
3.48078E+03 1.99424E-03
3.48090E+03 1.87059E-03
3.48102E+03 1.21428E-03
3.48114E+03 4.13705E-04
3.48126E+03 -3.25385E-04
3.48138E+03 -8.09263E-04
3.48150E+03 -7.15051E-04
3.48163E+03 5.43408E-05
3.48175E+03 1.01115E-03
3.48187E+03 1.44533E-03
3.48199E+03 1.17869E-03
3.48211E+03 7.65279E-04
3.48223E+03 8.75663E-04
3.48235E+03 1.61510E-03
3.48247E+03 2.47686E-03
3.48259E+03 2.83121E-03
3.48271E+03 2.40887E-03
3.48283E+03 1.44139E-03
3.48295E+03 4.42568E-04
3.48307E+03 -1.84987E-04
3.48319E+03 -3.79164E-04
3.48331E+03 -2.72643E-04
3.48343E+03 1.15577E-04
3.48355E+03 8.65415E-04
3.48367E+03 1.82435E-03
3.48380E+03 2.48178E-03
3.48392E+03 2.37928E-03
3.48404E+03 1.59106E-03
3.48416E+03 6.34309E-04
3.48428E+03 -7.16485E-05
3.48440E+03 -4.66708E-04
3.48452E+03 -5.74011E-04
3.48464E+03 -2.34690E-04
3.48476E+03 6.13380E-04
3.48488E+03 1.49612E-03
3.48500E+03 1.61466E-03
3.48512E+03 6.68310E-04
3.48524E+03 -6.86705E-04
3.48536E+03 -1.42853E-03
3.48548E+03 -1.18841E-03
3.48560E+03 -4.78741E-04
3.48572E+03 3.69288E-05
3.48584E+03 2.13072E-04
3.48597E+03 2.76860E-04
3.48609E+03 3.08588E-04
3.48621E+03 2.01806E-04
3.48633E+03 2.81557E-05
3.48645E+03 7.72439E-05
3.48657E+03 4.45388E-04
3.48669E+03 8.41293E-04
3.48681E+03 9.61807E-04
3.48693E+03 8.73145E-04
3.48705E+03 8.22581E-04
3.48717E+03 8.05654E-04
3.48729E+03 5.84137E-04
3.48741E+03 1.39482E-04
3.48753E+03 -1.33693E-04
3.48765E+03 1.69646E-04
3.48777E+03 9.53030E-04
3.48789E+03 1.68348E-03
3.48801E+03 1.94055E-03
3.48814E+03 1.80262E-03
3.48826E+03 1.61987E-03
3.48838E+03 1.49446E-03
3.48850E+03 1.16529E-03
3.48862E+03 4.70608E-04
3.48874E+03 -2.65144E-04
3.48886E+03 -5.44097E-04
3.48898E+03 -3.78095E-04
3.48910E+03 -3.58298E-04
3.48922E+03 -8.96286E-04
3.48934E+03 -1.59752E-03
3.48946E+03 -1.67109E-03
3.48958E+03 -8.97728E-04
3.48970E+03 8.67881E-05
3.48982E+03 5.08823E-04
3.48994E+03 2.34481E-04
3.49006E+03 -2.82068E-04
3.49018E+03 -5.79525E-04
3.49030E+03 -5.16258E-04
3.49043E+03 -1.33112E-04
3.49055E+03 4.98004E-04
3.49067E+03 1.19476E-03
3.49079E+03 1.61596E-03
3.49091E+03 1.46497E-03
3.49103E+03 7.87597E-04
3.49115E+03 -4.99561E-06
3.49127E+03 -4.65591E-04
3.49139E+03 -4.94659E-04
3.49151E+03 -3.54756E-04
3.49163E+03 -2.90010E-04
3.49175E+03 -1.98938E-04
3.49187E+03 1.95462E-04
3.49199E+03 8.73405E-04
3.49211E+03 1.41647E-03
3.49223E+03 1.45978E-03
3.49235E+03 1.10519E-03
3.49247E+03 7.14522E-04
3.49260E+03 4.23089E-04
3.49272E+03 1.10120E-04
3.49284E+03 -1.96449E-04
3.49296E+03 -1.94307E-04
3.49308E+03 2.78104E-04
3.49320E+03 9.36009E-04
3.49332E+03 1.34456E-03
3.49344E+03 1.37900E-03
3.49356E+03 1.22777E-03
3.49368E+03 1.06203E-03
3.49380E+03 9.26331E-04
3.49392E+03 8.70176E-04
3.49404E+03 9.00991E-04
3.49416E+03 7.99555E-04
3.49428E+03 2.96179E-04
3.49440E+03 -4.28427E-04
3.49452E+03 -6.77302E-04
3.49464E+03 4.89466E-05
3.49477E+03 1.39390E-03
3.49489E+03 2.44127E-03
3.49501E+03 2.60885E-03
3.49513E+03 2.05342E-03
3.49525E+03 1.25788E-03
3.49537E+03 5.35164E-04
3.49549E+03 2.87704E-05
3.49561E+03 -1.00669E-04
3.49573E+03 2.32205E-04
3.49585E+03 8.23244E-04
3.49597E+03 1.30861E-03
3.49609E+03 1.49668E-03
3.49621E+03 1.45539E-03
3.49633E+03 1.29877E-03
3.49645E+03 1.05345E-03
3.49657E+03 7.55500E-04
3.49669E+03 5.22368E-04
3.49681E+03 4.35188E-04
3.49694E+03 4.14558E-04
3.49706E+03 2.84314E-04
3.49718E+03 -6.39632E-05
3.49730E+03 -5.72026E-04
3.49742E+03 -1.03365E-03
3.49754E+03 -1.21052E-03
3.49766E+03 -1.05941E-03
3.49778E+03 -8.73443E-04
3.49790E+03 -1.06062E-03
3.49802E+03 -1.67022E-03
3.49814E+03 -2.23119E-03
3.49826E+03 -2.21328E-03
3.49838E+03 -1.61227E-03
3.49850E+03 -9.42744E-04
3.49862E+03 -6.73294E-04
3.49874E+03 -8.19229E-04
3.49886E+03 -1.10202E-03
3.49898E+03 -1.29669E-03
3.49910E+03 -1.28458E-03
3.49923E+03 -9.43959E-04
3.49935E+03 -2.55186E-04
3.49947E+03 5.00064E-04
3.49959E+03 8.85647E-04
3.49971E+03 7.84807E-04
3.49983E+03 5.64184E-04
3.49995E+03 6.28419E-04
3.50007E+03 9.00913E-04
3.50019E+03 9.37197E-04
3.50031E+03 5.29863E-04
3.50043E+03 -1.01775E-05
3.50055E+03 -2.50775E-04
3.50067E+03 -1.62404E-04
3.50079E+03 -6.60680E-05
3.50091E+03 -1.64062E-04
3.50103E+03 -3.35220E-04
3.50115E+03 -4.10289E-04
3.50127E+03 -4.49594E-04
3.50140E+03 -6.26884E-04
3.50152E+03 -9.49237E-04
3.50164E+03 -1.23745E-03
3.50176E+03 -1.34589E-03
3.50188E+03 -1.27472E-03
3.50200E+03 -1.06743E-03
3.50212E+03 -7.12354E-04
3.50224E+03 -1.98118E-04
3.50236E+03 3.81939E-04
3.50248E+03 8.13548E-04
3.50260E+03 8.66331E-04
3.50272E+03 4.64581E-04
3.50284E+03 -1.63566E-04
3.50296E+03 -5.53213E-04
3.50308E+03 -3.59919E-04
3.50320E+03 3.14053E-04
3.50332E+03 9.99387E-04
3.50344E+03 1.30773E-03
3.50357E+03 1.20006E-03
3.50369E+03 8.13283E-04
3.50381E+03 2.00327E-04
3.50393E+03 -6.19967E-04
3.50405E+03 -1.48037E-03
3.50417E+03 -2.14582E-03
3.50429E+03 -2.52144E-03
3.50441E+03 -2.60574E-03
3.50453E+03 -2.27353E-03
3.50465E+03 -1.37845E-03
3.50477E+03 -1.43703E-04
3.50489E+03 8.29082E-04
3.50501E+03 1.15000E-03
3.50513E+03 1.08516E-03
3.50525E+03 1.13051E-03
3.50537E+03 1.25809E-03
3.50549E+03 9.63427E-04
3.50561E+03 1.16933E-04
3.50574E+03 -6.28036E-04
3.50586E+03 -5.31942E-04
3.50598E+03 3.18885E-04
3.50610E+03 1.09991E-03
3.50622E+03 1.19753E-03
3.50634E+03 7.76101E-04
3.50646E+03 3.75256E-04
3.50658E+03 2.45497E-04
3.50670E+03 2.44256E-04
3.50682E+03 1.90079E-04
3.50694E+03 8.93660E-05
3.50706E+03 5.48624E-05
3.50718E+03 1.80796E-04
3.50730E+03 5.06949E-04
3.50742E+03 9.65051E-04
3.50754E+03 1.32991E-03
3.50766E+03 1.33426E-03
3.50778E+03 9.03104E-04
3.50791E+03 2.34526E-04
3.50803E+03 -3.73490E-04
3.50815E+03 -7.24658E-04
3.50827E+03 -7.67529E-04
3.50839E+03 -5.40793E-04
3.50851E+03 -1.79086E-04
3.50863E+03 9.40785E-05
3.50875E+03 1.14743E-04
3.50887E+03 -2.31378E-05
3.50899E+03 -1.78069E-06
3.50911E+03 4.03918E-04
3.50923E+03 1.04777E-03
3.50935E+03 1.51495E-03
3.50947E+03 1.54199E-03
3.50959E+03 1.31869E-03
3.50971E+03 1.28618E-03
3.50983E+03 1.59742E-03
3.50995E+03 1.86770E-03
3.51008E+03 1.58826E-03
3.51020E+03 7.62567E-04
3.51032E+03 -1.62646E-05
3.51044E+03 -1.71166E-04
3.51056E+03 2.78462E-04
3.51068E+03 8.40805E-04
3.51080E+03 1.14232E-03
3.51092E+03 1.21048E-03
3.51104E+03 1.22790E-03
3.51116E+03 1.24487E-03
3.51128E+03 1.22223E-03
3.51140E+03 1.17102E-03
3.51152E+03 1.08510E-03
3.51164E+03 8.42433E-04
3.51176E+03 3.64024E-04
3.51188E+03 -1.59927E-04
3.51200E+03 -3.81473E-04
3.51212E+03 -1.76094E-04
3.51225E+03 2.39816E-04
3.51237E+03 6.06816E-04
3.51249E+03 9.11500E-04
3.51261E+03 1.25017E-03
3.51273E+03 1.52330E-03
3.51285E+03 1.44742E-03
3.51297E+03 8.85867E-04
3.51309E+03 4.06615E-05
3.51321E+03 -7.33607E-04
3.51333E+03 -1.20891E-03
3.51345E+03 -1.34817E-03
3.51357E+03 -1.19258E-03
3.51369E+03 -8.22578E-04
3.51381E+03 -4.08825E-04
3.51393E+03 -1.73781E-04
3.51405E+03 -2.09853E-04
3.51417E+03 -3.53444E-04
3.51429E+03 -3.16508E-04
3.51442E+03 1.44504E-05
3.51454E+03 4.24381E-04
3.51466E+03 5.55396E-04
3.51478E+03 2.46681E-04
3.51490E+03 -2.92305E-04
3.51502E+03 -6.47552E-04
3.51514E+03 -5.61867E-04
3.51526E+03 -1.44031E-04
3.51538E+03 2.47933E-04
3.51550E+03 3.41162E-04
3.51562E+03 2.09294E-04
3.51574E+03 1.90377E-04
3.51586E+03 5.12172E-04
3.51598E+03 9.77706E-04
3.51610E+03 1.09239E-03
3.51622E+03 5.85016E-04
3.51634E+03 -2.26784E-04
3.51646E+03 -6.97106E-04
3.51658E+03 -5.31897E-04
3.51671E+03 -1.06245E-04
3.51683E+03 -1.02706E-05
3.51695E+03 -3.17924E-04
3.51707E+03 -4.59980E-04
3.51719E+03 1.09427E-04
3.51731E+03 1.21319E-03
3.51743E+03 2.05990E-03
3.51755E+03 2.02506E-03
3.51767E+03 1.21610E-03
3.51779E+03 2.27641E-04
3.51791E+03 -5.29993E-04
3.51803E+03 -1.10481E-03
3.51815E+03 -1.65620E-03
3.51827E+03 -2.04286E-03
3.51839E+03 -1.94271E-03
3.51851E+03 -1.31616E-03
3.51863E+03 -5.49532E-04
3.51875E+03 -4.93973E-05
3.51888E+03 1.81355E-04
3.51900E+03 4.15992E-04
3.51912E+03 7.30880E-04
3.51924E+03 8.43324E-04
3.51936E+03 5.05153E-04
3.51948E+03 -1.03362E-04
3.51960E+03 -5.31103E-04
3.51972E+03 -5.57899E-04
3.51984E+03 -3.67232E-04
3.51996E+03 -2.16670E-04
3.52008E+03 -8.58866E-05
3.52020E+03 2.35405E-04
3.52032E+03 7.92049E-04
3.52044E+03 1.34519E-03
3.52056E+03 1.59193E-03
3.52068E+03 1.41675E-03
3.52080E+03 9.04288E-04
3.52092E+03 2.08940E-04
3.52105E+03 -5.06353E-04
3.52117E+03 -1.03657E-03
3.52129E+03 -1.16402E-03
3.52141E+03 -8.00502E-04
3.52153E+03 -1.43435E-04
3.52165E+03 3.64400E-04
3.52177E+03 3.38469E-04
3.52189E+03 -1.99694E-04
3.52201E+03 -8.20260E-04
3.52213E+03 -1.08971E-03
3.52225E+03 -9.53130E-04
3.52237E+03 -6.80391E-04
3.52249E+03 -4.82939E-04
3.52261E+03 -3.20416E-04
3.52273E+03 -9.79602E-05
3.52285E+03 1.08097E-04
3.52297E+03 1.34367E-04
3.52309E+03 -2.72170E-05
3.52322E+03 -2.11582E-04
3.52334E+03 -3.09058E-04
3.52346E+03 -4.22802E-04
3.52358E+03 -7.78701E-04
3.52370E+03 -1.47607E-03
3.52382E+03 -2.30033E-03
3.52394E+03 -2.79526E-03
3.52406E+03 -2.62979E-03
3.52418E+03 -1.94300E-03
3.52430E+03 -1.21706E-03
3.52442E+03 -7.46783E-04
3.52454E+03 -3.79682E-04
3.52466E+03 9.34638E-05
3.52478E+03 4.72192E-04
3.52490E+03 3.85035E-04
3.52502E+03 -8.02241E-05
3.52514E+03 -3.50416E-04
3.52526E+03 -1.04636E-04
3.52539E+03 3.00780E-04
3.52551E+03 3.47547E-04
3.52563E+03 4.63352E-05
3.52575E+03 -2.19539E-04
3.52587E+03 -3.45081E-04
3.52599E+03 -5.86040E-04
3.52611E+03 -9.76317E-04
3.52623E+03 -1.10954E-03
3.52635E+03 -7.09895E-04
3.52647E+03 -1.32170E-04
3.52659E+03 9.61870E-06
3.52671E+03 -4.02365E-04
3.52683E+03 -8.51993E-04
3.52695E+03 -8.05896E-04
3.52707E+03 -2.47598E-04
3.52719E+03 3.92288E-04
3.52731E+03 6.74639E-04
3.52743E+03 4.86750E-04
3.52755E+03 6.30394E-05
3.52768E+03 -2.37450E-04
3.52780E+03 -2.63531E-04
3.52792E+03 -2.41645E-04
3.52804E+03 -4.93206E-04
3.52816E+03 -9.44003E-04
3.52828E+03 -1.07478E-03
3.52840E+03 -5.29435E-04
3.52852E+03 3.21474E-04
3.52864E+03 6.60732E-04
3.52876E+03 1.23318E-04
3.52888E+03 -8.03053E-04
3.52900E+03 -1.35395E-03
3.52912E+03 -1.26959E-03
3.52924E+03 -8.13838E-04
3.52936E+03 -2.40494E-04
3.52948E+03 3.95671E-04
3.52960E+03 9.09884E-04
3.52972E+03 8.93384E-04
3.52985E+03 1.58556E-04
3.52997E+03 -9.41262E-04
3.53009E+03 -1.85632E-03
3.53021E+03 -2.33852E-03
3.53033E+03 -2.38373E-03
3.53045E+03 -1.93372E-03
3.53057E+03 -1.02306E-03
3.53069E+03 -1.30337E-04
3.53081E+03 1.11073E-04
3.53093E+03 -2.96075E-04
3.53105E+03 -5.83645E-04
3.53117E+03 -1.68465E-04
3.53129E+03 5.68055E-04
3.53141E+03 7.56133E-04
3.53153E+03 1.49239E-04
3.53165E+03 -6.37513E-04
3.53177E+03 -9.54337E-04
3.53189E+03 -8.25383E-04
3.53202E+03 -7.18176E-04
3.53214E+03 -9.12402E-04
3.53226E+03 -1.30340E-03
3.53238E+03 -1.67795E-03
3.53250E+03 -1.94081E-03
3.53262E+03 -2.06111E-03
3.53274E+03 -1.95299E-03
3.53286E+03 -1.50928E-03
3.53298E+03 -7.57858E-04
3.53310E+03 4.53107E-05
3.53322E+03 5.43889E-04
3.53334E+03 5.89166E-04
3.53346E+03 3.94531E-04
3.53358E+03 3.11680E-04
3.53370E+03 4.44978E-04
3.53382E+03 5.80005E-04
3.53394E+03 5.13062E-04
3.53406E+03 3.22085E-04
3.53419E+03 2.15165E-04
3.53431E+03 2.03785E-04
3.53443E+03 7.24792E-05
3.53455E+03 -3.14035E-04
3.53467E+03 -7.56480E-04
3.53479E+03 -8.48841E-04
3.53491E+03 -3.83612E-04
3.53503E+03 3.23988E-04
3.53515E+03 5.48817E-04
3.53527E+03 -2.46584E-04
3.53539E+03 -1.80281E-03
3.53551E+03 -3.10597E-03
3.53563E+03 -3.19607E-03
3.53575E+03 -2.01721E-03
3.53587E+03 -4.34335E-04
3.53599E+03 5.79782E-04
3.53611E+03 7.21797E-04
3.53623E+03 4.01516E-04
3.53636E+03 1.71114E-04
3.53648E+03 2.15609E-04
3.53660E+03 3.20770E-04
3.53672E+03 2.12368E-04
3.53684E+03 -1.21020E-04
3.53696E+03 -4.15951E-04
3.53708E+03 -4.35878E-04
3.53720E+03 -2.43973E-04
3.53732E+03 -1.35276E-04
3.53744E+03 -2.82392E-04
3.53756E+03 -5.16597E-04
3.53768E+03 -5.32232E-04
3.53780E+03 -2.72769E-04
3.53792E+03 -1.39661E-05
3.53804E+03 -4.91031E-05
3.53816E+03 -3.83198E-04
3.53828E+03 -7.95893E-04
3.53840E+03 -1.14008E-03
3.53853E+03 -1.46611E-03
3.53865E+03 -1.84789E-03
3.53877E+03 -2.20163E-03
3.53889E+03 -2.36063E-03
3.53901E+03 -2.27446E-03
3.53913E+03 -2.03502E-03
3.53925E+03 -1.72440E-03
3.53937E+03 -1.35493E-03
3.53949E+03 -9.91140E-04
3.53961E+03 -8.05091E-04
3.53973E+03 -8.81337E-04
3.53985E+03 -1.01009E-03
3.53997E+03 -8.32789E-04
3.54009E+03 -2.59500E-04
3.54021E+03 3.47823E-04
3.54033E+03 5.07291E-04
3.54045E+03 1.36025E-04
3.54057E+03 -3.55527E-04
3.54070E+03 -5.03544E-04
3.54082E+03 -2.77504E-04
3.54094E+03 -5.59799E-05
3.54106E+03 -1.74377E-04
3.54118E+03 -5.85407E-04
3.54130E+03 -1.00243E-03
3.54142E+03 -1.28070E-03
3.54154E+03 -1.51299E-03
3.54166E+03 -1.75041E-03
3.54178E+03 -1.79657E-03
3.54190E+03 -1.41498E-03
3.54202E+03 -6.91082E-04
3.54214E+03 -4.91366E-05
3.54226E+03 1.21284E-04
3.54238E+03 -2.13210E-04
3.54250E+03 -7.55679E-04
3.54262E+03 -1.15661E-03
3.54274E+03 -1.21905E-03
3.54286E+03 -9.52236E-04
3.54299E+03 -5.09832E-04
3.54311E+03 -6.45369E-05
3.54323E+03 2.66597E-04
3.54335E+03 3.27867E-04
3.54347E+03 -1.68722E-04
3.54359E+03 -1.42330E-03
3.54371E+03 -3.11160E-03
3.54383E+03 -4.35774E-03
3.54395E+03 -4.43074E-03
3.54407E+03 -3.45277E-03
3.54419E+03 -2.20602E-03
3.54431E+03 -1.25296E-03
3.54443E+03 -5.20013E-04
3.54455E+03 2.07804E-04
3.54467E+03 7.47446E-04
3.54479E+03 7.63055E-04
3.54491E+03 3.12448E-04
3.54503E+03 -2.05524E-04
3.54516E+03 -5.78526E-04
3.54528E+03 -9.18452E-04
3.54540E+03 -1.25295E-03
3.54552E+03 -1.36136E-03
3.54564E+03 -1.15678E-03
3.54576E+03 -9.22535E-04
3.54588E+03 -9.29542E-04
3.54600E+03 -1.03518E-03
3.54612E+03 -9.30570E-04
3.54624E+03 -6.43559E-04
3.54636E+03 -5.03648E-04
3.54648E+03 -6.66060E-04
3.54660E+03 -9.58499E-04
3.54672E+03 -1.18839E-03
3.54684E+03 -1.32490E-03
3.54696E+03 -1.34459E-03
3.54708E+03 -1.18277E-03
3.54720E+03 -9.60805E-04
3.54733E+03 -1.02446E-03
3.54745E+03 -1.56101E-03
3.54757E+03 -2.30942E-03
3.54769E+03 -2.82067E-03
3.54781E+03 -2.90740E-03
3.54793E+03 -2.70816E-03
3.54805E+03 -2.43138E-03
3.54817E+03 -2.20662E-03
3.54829E+03 -2.10741E-03
3.54841E+03 -2.12688E-03
3.54853E+03 -2.14083E-03
3.54865E+03 -2.03996E-03
3.54877E+03 -1.89330E-03
3.54889E+03 -1.86323E-03
3.54901E+03 -1.98734E-03
3.54913E+03 -2.15884E-03
3.54925E+03 -2.27668E-03
3.54937E+03 -2.26866E-03
3.54950E+03 -2.01127E-03
3.54962E+03 -1.42495E-03
3.54974E+03 -6.74244E-04
3.54986E+03 -1.03597E-04
3.54998E+03 7.73296E-05
3.55010E+03 -7.81082E-05
3.55022E+03 -4.14245E-04
3.55034E+03 -8.05784E-04
3.55046E+03 -1.08948E-03
3.55058E+03 -1.11285E-03
3.55070E+03 -9.57746E-04
3.55082E+03 -9.14693E-04
3.55094E+03 -1.08423E-03
3.55106E+03 -1.18978E-03
3.55118E+03 -9.80470E-04
3.55130E+03 -6.52950E-04
3.55142E+03 -5.96043E-04
3.55154E+03 -7.75192E-04
3.55167E+03 -6.69673E-04
3.55179E+03 8.37594E-05
3.55191E+03 1.14703E-03
3.55203E+03 1.71454E-03
3.55215E+03 1.25408E-03
3.55227E+03 3.86871E-05
3.55239E+03 -1.00701E-03
3.55251E+03 -1.08311E-03
3.55263E+03 -3.19719E-04
3.55275E+03 2.62015E-04
3.55287E+03 -2.01587E-04
3.55299E+03 -1.39463E-03
3.55311E+03 -2.12149E-03
3.55323E+03 -1.62692E-03
3.55335E+03 -3.69195E-04
3.55347E+03 5.88130E-04
3.55359E+03 6.53945E-04
3.55371E+03 2.28472E-05
3.55383E+03 -8.06183E-04
3.55396E+03 -1.44675E-03
3.55408E+03 -1.69791E-03
3.55420E+03 -1.58007E-03
3.55432E+03 -1.40028E-03
3.55444E+03 -1.53279E-03
3.55456E+03 -2.00516E-03
3.55468E+03 -2.42431E-03
3.55480E+03 -2.39994E-03
3.55492E+03 -1.94691E-03
3.55504E+03 -1.42233E-03
3.55516E+03 -1.16984E-03
3.55528E+03 -1.27074E-03
3.55540E+03 -1.53707E-03
3.55552E+03 -1.69226E-03
3.55564E+03 -1.62320E-03
3.55576E+03 -1.47468E-03
3.55588E+03 -1.42937E-03
3.55600E+03 -1.43631E-03
3.55613E+03 -1.31726E-03
3.55625E+03 -1.12730E-03
3.55637E+03 -1.15886E-03
3.55649E+03 -1.48992E-03
3.55661E+03 -1.78358E-03
3.55673E+03 -1.74899E-03
3.55685E+03 -1.59791E-03
3.55697E+03 -1.72558E-03
3.55709E+03 -2.03814E-03
3.55721E+03 -1.98071E-03
3.55733E+03 -1.29511E-03
3.55745E+03 -4.20630E-04
3.55757E+03 2.97911E-05
3.55769E+03 -4.52884E-05
3.55781E+03 -2.59429E-04
3.55793E+03 -2.96772E-04
3.55805E+03 -1.87017E-04
3.55817E+03 -1.38722E-04
3.55830E+03 -3.47152E-04
3.55842E+03 -9.45698E-04
3.55854E+03 -1.89234E-03
3.55866E+03 -2.82792E-03
3.55878E+03 -3.24262E-03
3.55890E+03 -2.92548E-03
3.55902E+03 -2.18413E-03
3.55914E+03 -1.54360E-03
3.55926E+03 -1.28252E-03
3.55938E+03 -1.31873E-03
3.55950E+03 -1.43914E-03
3.55962E+03 -1.48792E-03
3.55974E+03 -1.36998E-03
3.55986E+03 -1.06027E-03
3.55998E+03 -6.98008E-04
3.56010E+03 -5.55813E-04
3.56022E+03 -7.66855E-04
3.56034E+03 -1.09082E-03
3.56047E+03 -1.09268E-03
3.56059E+03 -6.37088E-04
3.56071E+03 -1.15495E-04
3.56083E+03 -5.06565E-05
3.56095E+03 -5.04773E-04
3.56107E+03 -1.02628E-03
3.56119E+03 -1.19884E-03
3.56131E+03 -1.07904E-03
3.56143E+03 -9.99399E-04
3.56155E+03 -1.09462E-03
3.56167E+03 -1.21286E-03
3.56179E+03 -1.21368E-03
3.56191E+03 -1.12499E-03
3.56203E+03 -9.93386E-04
3.56215E+03 -7.99924E-04
3.56227E+03 -5.88570E-04
3.56239E+03 -4.69238E-04
3.56251E+03 -3.84539E-04
3.56264E+03 -8.63001E-05
3.56276E+03 4.64048E-04
3.56288E+03 8.42091E-04
3.56300E+03 5.89404E-04
3.56312E+03 -1.98416E-04
3.56324E+03 -9.67082E-04
3.56336E+03 -1.36809E-03
3.56348E+03 -1.51796E-03
3.56360E+03 -1.57745E-03
3.56372E+03 -1.43413E-03
3.56384E+03 -1.01972E-03
3.56396E+03 -6.45399E-04
3.56408E+03 -6.60289E-04
3.56420E+03 -8.91533E-04
3.56432E+03 -8.07054E-04
3.56444E+03 -2.75660E-04
3.56456E+03 1.70030E-04
3.56468E+03 -2.81669E-05
3.56481E+03 -7.75333E-04
3.56493E+03 -1.49451E-03
3.56505E+03 -1.78118E-03
3.56517E+03 -1.67126E-03
3.56529E+03 -1.35838E-03
3.56541E+03 -9.56837E-04
3.56553E+03 -6.08798E-04
3.56565E+03 -5.64698E-04
3.56577E+03 -9.46365E-04
3.56589E+03 -1.50219E-03
3.56601E+03 -1.76898E-03
3.56613E+03 -1.51411E-03
3.56625E+03 -9.64370E-04
3.56637E+03 -5.98997E-04
3.56649E+03 -7.48966E-04
3.56661E+03 -1.35704E-03
3.56673E+03 -2.05614E-03
3.56685E+03 -2.48734E-03
3.56698E+03 -2.59047E-03
3.56710E+03 -2.56145E-03
3.56722E+03 -2.49855E-03
3.56734E+03 -2.21331E-03
3.56746E+03 -1.56097E-03
3.56758E+03 -8.87308E-04
3.56770E+03 -8.49258E-04
3.56782E+03 -1.65070E-03
3.56794E+03 -2.67281E-03
3.56806E+03 -3.09805E-03
3.56818E+03 -2.78907E-03
3.56830E+03 -2.28823E-03
3.56842E+03 -2.01812E-03
3.56854E+03 -1.83618E-03
3.56866E+03 -1.46175E-03
3.56878E+03 -9.83506E-04
3.56890E+03 -6.58598E-04
3.56902E+03 -4.29083E-04
3.56915E+03 -3.05697E-05
3.56927E+03 4.51956E-04
3.56939E+03 5.08178E-04
3.56951E+03 -1.51921E-04
3.56963E+03 -1.11934E-03
3.56975E+03 -1.68097E-03
3.56987E+03 -1.59580E-03
3.56999E+03 -1.30297E-03
3.57011E+03 -1.36700E-03
3.57023E+03 -1.86128E-03
3.57035E+03 -2.35487E-03
3.57047E+03 -2.41867E-03
3.57059E+03 -2.06446E-03
3.57071E+03 -1.66956E-03
3.57083E+03 -1.49930E-03
3.57095E+03 -1.40862E-03
3.57107E+03 -1.10801E-03
3.57119E+03 -6.45716E-04
3.57131E+03 -4.15009E-04
3.57144E+03 -6.29596E-04
3.57156E+03 -1.02065E-03
3.57168E+03 -1.23438E-03
3.57180E+03 -1.33879E-03
3.57192E+03 -1.64832E-03
3.57204E+03 -2.13846E-03
3.57216E+03 -2.42261E-03
3.57228E+03 -2.38036E-03
3.57240E+03 -2.40945E-03
3.57252E+03 -2.78316E-03
3.57264E+03 -3.04836E-03
3.57276E+03 -2.49147E-03
3.57288E+03 -1.12974E-03
3.57300E+03 1.61536E-04
3.57312E+03 5.91874E-04
3.57324E+03 2.16663E-04
3.57336E+03 -3.98152E-04
3.57348E+03 -9.08587E-04
3.57361E+03 -1.30078E-03
3.57373E+03 -1.48509E-03
3.57385E+03 -1.23918E-03
3.57397E+03 -5.97522E-04
3.57409E+03 2.97762E-05
3.57421E+03 2.78711E-04
3.57433E+03 1.84804E-04
3.57445E+03 -4.22560E-05
3.57457E+03 -3.80475E-04
3.57469E+03 -9.09436E-04
3.57481E+03 -1.44834E-03
3.57493E+03 -1.60081E-03
3.57505E+03 -1.26212E-03
3.57517E+03 -8.85110E-04
3.57529E+03 -1.03812E-03
3.57541E+03 -1.74540E-03
3.57553E+03 -2.46055E-03
3.57565E+03 -2.70734E-03
3.57578E+03 -2.56636E-03
3.57590E+03 -2.43096E-03
3.57602E+03 -2.43535E-03
3.57614E+03 -2.36505E-03
3.57626E+03 -2.12144E-03
3.57638E+03 -1.98476E-03
3.57650E+03 -2.22543E-03
3.57662E+03 -2.62966E-03
3.57674E+03 -2.68082E-03
3.57686E+03 -2.18806E-03
3.57698E+03 -1.49364E-03
3.57710E+03 -1.00502E-03
3.57722E+03 -7.76682E-04
3.57734E+03 -6.81281E-04
3.57746E+03 -7.18962E-04
3.57758E+03 -8.95914E-04
3.57770E+03 -9.86688E-04
3.57782E+03 -7.87694E-04
3.57795E+03 -5.70256E-04
3.57807E+03 -8.79873E-04
3.57819E+03 -1.75243E-03
3.57831E+03 -2.48041E-03
3.57843E+03 -2.41791E-03
3.57855E+03 -1.77639E-03
3.57867E+03 -1.30120E-03
3.57879E+03 -1.31269E-03
3.57891E+03 -1.47687E-03
3.57903E+03 -1.49576E-03
3.57915E+03 -1.54928E-03
3.57927E+03 -1.85494E-03
3.57939E+03 -2.15125E-03
3.57951E+03 -1.97461E-03
3.57963E+03 -1.29505E-03
3.57975E+03 -5.56201E-04
3.57987E+03 -1.34382E-04
3.57999E+03 -3.97302E-05
3.58012E+03 -1.53739E-04
3.58024E+03 -4.72423E-04
3.58036E+03 -1.01878E-03
3.58048E+03 -1.72215E-03
3.58060E+03 -2.47836E-03
3.58072E+03 -3.16471E-03
3.58084E+03 -3.55767E-03
3.58096E+03 -3.48382E-03
3.58108E+03 -3.15247E-03
3.58120E+03 -3.04771E-03
3.58132E+03 -3.27721E-03
3.58144E+03 -3.29933E-03
3.58156E+03 -2.64492E-03
3.58168E+03 -1.71658E-03
3.58180E+03 -1.40246E-03
3.58192E+03 -1.93549E-03
3.58204E+03 -2.61328E-03
3.58216E+03 -2.76334E-03
3.58228E+03 -2.49675E-03
3.58241E+03 -2.22223E-03
3.58253E+03 -1.86505E-03
3.58265E+03 -1.06567E-03
3.58277E+03 3.30433E-05
3.58289E+03 7.26528E-04
3.58301E+03 5.44433E-04
3.58313E+03 -2.70057E-04
3.58325E+03 -1.12103E-03
3.58337E+03 -1.60467E-03
3.58349E+03 -1.60040E-03
3.58361E+03 -1.16142E-03
3.58373E+03 -5.30194E-04
3.58385E+03 -6.75581E-05
3.58397E+03 4.20511E-05
3.58409E+03 -1.02930E-04
3.58421E+03 -3.95633E-04
3.58433E+03 -9.15114E-04
3.58445E+03 -1.64317E-03
3.58458E+03 -2.22550E-03
3.58470E+03 -2.32670E-03
3.58482E+03 -2.12426E-03
3.58494E+03 -2.10537E-03
3.58506E+03 -2.38219E-03
3.58518E+03 -2.56044E-03
3.58530E+03 -2.36477E-03
3.58542E+03 -2.04413E-03
3.58554E+03 -1.94693E-03
3.58566E+03 -1.97119E-03
3.58578E+03 -1.76375E-03
3.58590E+03 -1.32071E-03
3.58602E+03 -9.99697E-04
3.58614E+03 -9.23444E-04
3.58626E+03 -7.55940E-04
3.58638E+03 -2.58200E-04
3.58650E+03 2.06888E-04
3.58662E+03 3.84264E-05
3.58675E+03 -7.80560E-04
3.58687E+03 -1.52000E-03
3.58699E+03 -1.46956E-03
3.58711E+03 -7.04080E-04
3.58723E+03 2.08989E-05
3.58735E+03 2.14688E-05
3.58747E+03 -7.73102E-04
3.58759E+03 -1.92442E-03
3.58771E+03 -2.91529E-03
3.58783E+03 -3.41196E-03
3.58795E+03 -3.28673E-03
3.58807E+03 -2.61236E-03
3.58819E+03 -1.70196E-03
3.58831E+03 -1.03005E-03
3.58843E+03 -9.47990E-04
3.58855E+03 -1.39668E-03
3.58867E+03 -1.92055E-03
3.58879E+03 -2.03878E-03
3.58892E+03 -1.64255E-03
3.58904E+03 -1.03227E-03
3.58916E+03 -6.08444E-04
3.58928E+03 -5.79018E-04
3.58940E+03 -9.08006E-04
3.58952E+03 -1.38931E-03
3.58964E+03 -1.70007E-03
3.58976E+03 -1.53864E-03
3.58988E+03 -9.31989E-04
3.59000E+03 -3.99109E-04
3.59012E+03 -5.74481E-04
3.59024E+03 -1.53396E-03
3.59036E+03 -2.60492E-03
3.59048E+03 -2.97150E-03
3.59060E+03 -2.42405E-03
3.59072E+03 -1.44492E-03
3.59084E+03 -6.60270E-04
3.59096E+03 -3.66028E-04
3.59109E+03 -5.20628E-04
3.59121E+03 -9.52728E-04
3.59133E+03 -1.46798E-03
3.59145E+03 -1.88404E-03
3.59157E+03 -2.10829E-03
3.59169E+03 -2.18222E-03
3.59181E+03 -2.20507E-03
3.59193E+03 -2.22614E-03
3.59205E+03 -2.22196E-03
3.59217E+03 -2.13813E-03
3.59229E+03 -1.94208E-03
3.59241E+03 -1.68645E-03
3.59253E+03 -1.52430E-03
3.59265E+03 -1.57315E-03
3.59277E+03 -1.73119E-03
3.59289E+03 -1.73743E-03
3.59301E+03 -1.49791E-03
3.59313E+03 -1.25370E-03
3.59326E+03 -1.28675E-03
3.59338E+03 -1.52176E-03
3.59350E+03 -1.62298E-03
3.59362E+03 -1.49985E-03
3.59374E+03 -1.48072E-03
3.59386E+03 -1.83563E-03
3.59398E+03 -2.30340E-03
3.59410E+03 -2.36631E-03
3.59422E+03 -1.97128E-03
3.59434E+03 -1.68489E-03
3.59446E+03 -1.98784E-03
3.59458E+03 -2.61270E-03
3.59470E+03 -2.83515E-03
3.59482E+03 -2.35311E-03
3.59494E+03 -1.62528E-03
3.59506E+03 -1.28570E-03
3.59518E+03 -1.43297E-03
3.59530E+03 -1.64840E-03
3.59543E+03 -1.54509E-03
3.59555E+03 -1.09871E-03
3.59567E+03 -5.38774E-04
3.59579E+03 -1.33161E-04
3.59591E+03 -6.64331E-05
3.59603E+03 -3.18438E-04
3.59615E+03 -6.03888E-04
3.59627E+03 -6.25346E-04
3.59639E+03 -4.87868E-04
3.59651E+03 -6.71238E-04
3.59663E+03 -1.41023E-03
3.59675E+03 -2.23753E-03
3.59687E+03 -2.40624E-03
3.59699E+03 -1.77505E-03
3.59711E+03 -1.02495E-03
3.59723E+03 -8.75551E-04
3.59735E+03 -1.24765E-03
3.59747E+03 -1.40162E-03
3.59759E+03 -8.82134E-04
3.59772E+03 -1.32538E-04
3.59784E+03 -4.85070E-05
3.59796E+03 -9.62850E-04
3.59808E+03 -2.22413E-03
3.59820E+03 -2.87994E-03
3.59832E+03 -2.67974E-03
3.59844E+03 -2.24788E-03
3.59856E+03 -2.25567E-03
3.59868E+03 -2.61886E-03
3.59880E+03 -2.71837E-03
3.59892E+03 -2.30451E-03
3.59904E+03 -1.86669E-03
3.59916E+03 -2.00281E-03
3.59928E+03 -2.62911E-03
3.59940E+03 -3.04853E-03
3.59952E+03 -2.75961E-03
3.59964E+03 -1.98564E-03
3.59976E+03 -1.35240E-03
3.59989E+03 -1.20252E-03
3.60001E+03 -1.36182E-03
3.60013E+03 -1.49842E-03
3.60025E+03 -1.51106E-03
3.60037E+03 -1.51194E-03
3.60049E+03 -1.58654E-03
3.60061E+03 -1.72757E-03
3.60073E+03 -1.93447E-03
3.60085E+03 -2.18853E-03
3.60097E+03 -2.31198E-03
3.60109E+03 -2.04897E-03
3.60121E+03 -1.39844E-03
3.60133E+03 -7.18798E-04
3.60145E+03 -3.41762E-04
3.60157E+03 -1.84502E-04
3.60169E+03 6.14487E-05
3.60181E+03 4.30934E-04
3.60193E+03 6.37647E-04
3.60206E+03 5.02411E-04
3.60218E+03 1.53463E-04
3.60230E+03 -2.96194E-04
3.60242E+03 -9.46250E-04
3.60254E+03 -1.77430E-03
3.60266E+03 -2.35648E-03
3.60278E+03 -2.29413E-03
3.60290E+03 -1.81749E-03
3.60302E+03 -1.58115E-03
3.60314E+03 -1.80565E-03
3.60326E+03 -1.97354E-03
3.60338E+03 -1.54179E-03
3.60350E+03 -6.84954E-04
3.60362E+03 -7.26469E-05
3.60374E+03 -4.55305E-05
3.60386E+03 -3.01234E-04
3.60398E+03 -4.25518E-04
3.60410E+03 -4.86538E-04
3.60423E+03 -9.15956E-04
3.60435E+03 -1.84898E-03
3.60447E+03 -2.75703E-03
3.60459E+03 -2.88948E-03
3.60471E+03 -2.10589E-03
3.60483E+03 -1.12224E-03
3.60495E+03 -7.79346E-04
3.60507E+03 -1.15447E-03
3.60519E+03 -1.60577E-03
3.60531E+03 -1.66225E-03
3.60543E+03 -1.57907E-03
3.60555E+03 -1.86677E-03
3.60567E+03 -2.52912E-03
3.60579E+03 -3.06391E-03
3.60591E+03 -3.11201E-03
3.60603E+03 -2.82361E-03
3.60615E+03 -2.59138E-03
3.60627E+03 -2.64391E-03
3.60640E+03 -2.91188E-03
3.60652E+03 -3.08703E-03
3.60664E+03 -2.80612E-03
3.60676E+03 -2.00976E-03
3.60688E+03 -1.17307E-03
3.60700E+03 -9.39097E-04
3.60712E+03 -1.39518E-03
3.60724E+03 -1.91433E-03
3.60736E+03 -1.86279E-03
3.60748E+03 -1.27349E-03
3.60760E+03 -6.68440E-04
3.60772E+03 -4.20697E-04
3.60784E+03 -5.37451E-04
3.60796E+03 -9.24435E-04
3.60808E+03 -1.52222E-03
3.60820E+03 -2.16736E-03
3.60832E+03 -2.59810E-03
3.60844E+03 -2.68613E-03
3.60857E+03 -2.50230E-03
3.60869E+03 -2.12542E-03
3.60881E+03 -1.57540E-03
3.60893E+03 -9.86315E-04
3.60905E+03 -6.27626E-04
3.60917E+03 -6.10862E-04
3.60929E+03 -7.18173E-04
3.60941E+03 -6.74840E-04
3.60953E+03 -5.00996E-04
3.60965E+03 -4.43261E-04
3.60977E+03 -6.21591E-04
3.60989E+03 -8.92330E-04
3.61001E+03 -1.04538E-03
3.61013E+03 -1.01402E-03
3.61025E+03 -8.74978E-04
3.61037E+03 -7.21715E-04
3.61049E+03 -5.63443E-04
3.61061E+03 -3.26339E-04
3.61074E+03 2.96608E-05
3.61086E+03 3.85769E-04
3.61098E+03 5.34996E-04
3.61110E+03 3.95957E-04
3.61122E+03 7.05868E-05
3.61134E+03 -3.75189E-04
3.61146E+03 -1.02780E-03
3.61158E+03 -1.86697E-03
3.61170E+03 -2.50730E-03
3.61182E+03 -2.49491E-03
3.61194E+03 -1.88619E-03
3.61206E+03 -1.28528E-03
3.61218E+03 -1.19713E-03
3.61230E+03 -1.53011E-03
3.61242E+03 -1.87771E-03
3.61254E+03 -2.10021E-03
3.61266E+03 -2.36428E-03
3.61278E+03 -2.68472E-03
3.61291E+03 -2.75292E-03
3.61303E+03 -2.36770E-03
3.61315E+03 -1.85243E-03
3.61327E+03 -1.81025E-03
3.61339E+03 -2.45185E-03
3.61351E+03 -3.30273E-03
3.61363E+03 -3.63665E-03
3.61375E+03 -3.13956E-03
3.61387E+03 -2.11425E-03
3.61399E+03 -1.11347E-03
3.61411E+03 -5.03872E-04
3.61423E+03 -3.80833E-04
3.61435E+03 -6.78778E-04
3.61447E+03 -1.16386E-03
3.61459E+03 -1.43321E-03
3.61471E+03 -1.21067E-03
3.61483E+03 -7.01509E-04
3.61495E+03 -4.37122E-04
3.61507E+03 -6.48499E-04
3.61520E+03 -9.76443E-04
3.61532E+03 -9.83842E-04
3.61544E+03 -7.84650E-04
3.61556E+03 -8.83710E-04
3.61568E+03 -1.46532E-03
3.61580E+03 -2.16715E-03
3.61592E+03 -2.60298E-03
3.61604E+03 -2.78314E-03
3.61616E+03 -2.85486E-03
3.61628E+03 -2.71625E-03
3.61640E+03 -2.20187E-03
3.61652E+03 -1.51452E-03
3.61664E+03 -1.11379E-03
3.61676E+03 -1.14626E-03
3.61688E+03 -1.28106E-03
3.61700E+03 -1.22389E-03
3.61712E+03 -1.14254E-03
3.61724E+03 -1.37857E-03
3.61737E+03 -1.90017E-03
3.61749E+03 -2.32583E-03
3.61761E+03 -2.47619E-03
3.61773E+03 -2.61444E-03
3.61785E+03 -3.01591E-03
3.61797E+03 -3.49347E-03
3.61809E+03 -3.55753E-03
3.61821E+03 -3.00971E-03
3.61833E+03 -2.19113E-03
3.61845E+03 -1.61004E-03
3.61857E+03 -1.46822E-03
3.61869E+03 -1.60990E-03
3.61881E+03 -1.80699E-03
3.61893E+03 -1.95597E-03
3.61905E+03 -2.03289E-03
3.61917E+03 -2.01951E-03
3.61929E+03 -1.94085E-03
3.61941E+03 -1.89227E-03
3.61954E+03 -1.94155E-03
3.61966E+03 -2.01555E-03
3.61978E+03 -1.93297E-03
3.61990E+03 -1.56623E-03
3.62002E+03 -9.83741E-04
3.62014E+03 -4.50689E-04
3.62026E+03 -2.48201E-04
3.62038E+03 -4.15619E-04
3.62050E+03 -6.75973E-04
3.62062E+03 -6.99803E-04
3.62074E+03 -4.71164E-04
3.62086E+03 -3.00888E-04
3.62098E+03 -4.06966E-04
3.62110E+03 -5.83537E-04
3.62122E+03 -4.36038E-04
3.62134E+03 8.10102E-05
3.62146E+03 5.28608E-04
3.62158E+03 4.66861E-04
3.62171E+03 -5.86472E-05
3.62183E+03 -6.12903E-04
3.62195E+03 -9.00630E-04
3.62207E+03 -1.02296E-03
3.62219E+03 -1.19005E-03
3.62231E+03 -1.33928E-03
3.62243E+03 -1.21300E-03
3.62255E+03 -8.03251E-04
3.62267E+03 -5.22591E-04
3.62279E+03 -7.62183E-04
3.62291E+03 -1.35967E-03
3.62303E+03 -1.74904E-03
3.62315E+03 -1.69287E-03
3.62327E+03 -1.60741E-03
3.62339E+03 -1.94211E-03
3.62351E+03 -2.42009E-03
3.62363E+03 -2.27734E-03
3.62375E+03 -1.30796E-03
3.62388E+03 -3.31677E-04
3.62400E+03 -3.67314E-04
3.62412E+03 -1.49033E-03
3.62424E+03 -2.78921E-03
3.62436E+03 -3.38685E-03
3.62448E+03 -3.20426E-03
3.62460E+03 -2.69080E-03
3.62472E+03 -2.14064E-03
3.62484E+03 -1.56312E-03
3.62496E+03 -1.09395E-03
3.62508E+03 -1.14623E-03
3.62520E+03 -1.93995E-03
3.62532E+03 -3.02289E-03
3.62544E+03 -3.53541E-03
3.62556E+03 -3.04566E-03
3.62568E+03 -2.01172E-03
3.62580E+03 -1.30242E-03
3.62592E+03 -1.30907E-03
3.62604E+03 -1.68195E-03
3.62617E+03 -1.89673E-03
3.62629E+03 -1.80466E-03
3.62641E+03 -1.53767E-03
3.62653E+03 -1.15748E-03
3.62665E+03 -6.80029E-04
3.62677E+03 -3.25453E-04
3.62689E+03 -4.00625E-04
3.62701E+03 -8.68458E-04
3.62713E+03 -1.29068E-03
3.62725E+03 -1.34048E-03
3.62737E+03 -1.20384E-03
3.62749E+03 -1.29912E-03
3.62761E+03 -1.71649E-03
3.62773E+03 -2.12527E-03
3.62785E+03 -2.19178E-03
3.62797E+03 -1.94801E-03
3.62809E+03 -1.73901E-03
3.62821E+03 -1.89036E-03
3.62834E+03 -2.41670E-03
3.62846E+03 -2.98858E-03
3.62858E+03 -3.22492E-03
3.62870E+03 -3.08035E-03
3.62882E+03 -2.86959E-03
3.62894E+03 -2.84256E-03
3.62906E+03 -2.87520E-03
3.62918E+03 -2.77088E-03
3.62930E+03 -2.74674E-03
3.62942E+03 -3.25312E-03
3.62954E+03 -4.19800E-03
3.62966E+03 -4.68910E-03
3.62978E+03 -3.91043E-03
3.62990E+03 -2.18112E-03
3.63002E+03 -7.92738E-04
3.63014E+03 -7.03894E-04
3.63026E+03 -1.62623E-03
3.63038E+03 -2.50870E-03
3.63051E+03 -2.70685E-03
3.63063E+03 -2.43906E-03
3.63075E+03 -2.20386E-03
3.63087E+03 -2.12338E-03
3.63099E+03 -2.01188E-03
3.63111E+03 -1.83550E-03
3.63123E+03 -1.78618E-03
3.63135E+03 -1.89810E-03
3.63147E+03 -1.85645E-03
3.63159E+03 -1.33856E-03
3.63171E+03 -4.33080E-04
3.63183E+03 4.05822E-04
3.63195E+03 7.63964E-04
3.63207E+03 5.41713E-04
3.63219E+03 -1.16106E-04
3.63231E+03 -9.64928E-04
3.63243E+03 -1.72352E-03
3.63255E+03 -2.14957E-03
3.63268E+03 -2.17895E-03
3.63280E+03 -1.93152E-03
3.63292E+03 -1.55369E-03
3.63304E+03 -1.15227E-03
3.63316E+03 -8.91279E-04
3.63328E+03 -9.56912E-04
3.63340E+03 -1.27435E-03
3.63352E+03 -1.39514E-03
3.63364E+03 -9.15557E-04
3.63376E+03 -1.87978E-05
3.63388E+03 6.41044E-04
3.63400E+03 6.79065E-04
3.63412E+03 3.91580E-04
3.63424E+03 2.84195E-04
3.63436E+03 3.78132E-04
3.63448E+03 2.18410E-04
3.63460E+03 -4.70318E-04
3.63472E+03 -1.39288E-03
3.63485E+03 -2.03084E-03
3.63497E+03 -2.15819E-03
3.63509E+03 -1.90144E-03
3.63521E+03 -1.45827E-03
3.63533E+03 -9.70121E-04
3.63545E+03 -6.03151E-04
3.63557E+03 -5.11382E-04
3.63569E+03 -6.54247E-04
3.63581E+03 -8.04193E-04
3.63593E+03 -8.20667E-04
3.63605E+03 -7.95275E-04
3.63617E+03 -8.29518E-04
3.63629E+03 -8.12158E-04
3.63641E+03 -6.02670E-04
3.63653E+03 -3.59088E-04
3.63665E+03 -4.31973E-04
3.63677E+03 -8.63552E-04
3.63689E+03 -1.20566E-03
3.63702E+03 -1.01325E-03
3.63714E+03 -4.16964E-04
3.63726E+03 -6.16908E-06
3.63738E+03 -1.55147E-04
3.63750E+03 -6.44702E-04
3.63762E+03 -9.99603E-04
3.63774E+03 -1.04520E-03
3.63786E+03 -1.02626E-03
3.63798E+03 -1.26823E-03
3.63810E+03 -1.84153E-03
3.63822E+03 -2.51583E-03
3.63834E+03 -2.92258E-03
3.63846E+03 -2.79212E-03
3.63858E+03 -2.19095E-03
3.63870E+03 -1.56988E-03
3.63882E+03 -1.43299E-03
3.63894E+03 -1.83458E-03
3.63906E+03 -2.25610E-03
3.63919E+03 -2.10949E-03
3.63931E+03 -1.38233E-03
3.63943E+03 -6.88564E-04
3.63955E+03 -6.29909E-04
3.63967E+03 -1.17666E-03
3.63979E+03 -1.75694E-03
3.63991E+03 -1.90643E-03
3.64003E+03 -1.71880E-03
3.64015E+03 -1.60563E-03
3.64027E+03 -1.71138E-03
3.64039E+03 -1.75628E-03
3.64051E+03 -1.51953E-03
3.64063E+03 -1.26935E-03
3.64075E+03 -1.43169E-03
3.64087E+03 -1.86583E-03
3.64099E+03 -1.84615E-03
3.64111E+03 -9.88476E-04
3.64123E+03 8.34912E-05
3.64135E+03 4.01497E-04
3.64148E+03 -1.00046E-04
3.64160E+03 -4.90714E-04
3.64172E+03 -1.08190E-04
3.64184E+03 5.80095E-04
3.64196E+03 7.06919E-04
3.64208E+03 2.37126E-04
3.64220E+03 -9.98229E-05
3.64232E+03 5.19417E-05
3.64244E+03 2.27317E-04
3.64256E+03 -1.08704E-05
3.64268E+03 -3.55143E-04
3.64280E+03 -2.51815E-04
3.64292E+03 2.67871E-04
3.64304E+03 7.15602E-04
3.64316E+03 9.20728E-04
3.64328E+03 1.14228E-03
3.64340E+03 1.40794E-03
3.64352E+03 1.24355E-03
3.64365E+03 3.20811E-04
3.64377E+03 -9.19905E-04
3.64389E+03 -1.59884E-03
3.64401E+03 -1.28343E-03
3.64413E+03 -3.61793E-04
3.64425E+03 3.74660E-04
3.64437E+03 3.47015E-04
3.64449E+03 -5.04058E-04
3.64461E+03 -1.75939E-03
3.64473E+03 -2.80095E-03
3.64485E+03 -3.22407E-03
3.64497E+03 -3.10580E-03
3.64509E+03 -2.84032E-03
3.64521E+03 -2.72557E-03
3.64533E+03 -2.77732E-03
3.64545E+03 -2.88763E-03
3.64557E+03 -2.95716E-03
3.64569E+03 -2.79233E-03
3.64582E+03 -2.09805E-03
3.64594E+03 -8.38991E-04
3.64606E+03 4.57581E-04
3.64618E+03 1.04725E-03
3.64630E+03 7.28015E-04
3.64642E+03 4.56125E-05
3.64654E+03 -3.79909E-04
3.64666E+03 -5.42972E-04
3.64678E+03 -8.42214E-04
3.64690E+03 -1.33781E-03
3.64702E+03 -1.63674E-03
3.64714E+03 -1.54811E-03
3.64726E+03 -1.44634E-03
3.64738E+03 -1.72567E-03
3.64750E+03 -2.18830E-03
3.64762E+03 -2.35099E-03
3.64774E+03 -2.20070E-03
3.64786E+03 -2.19266E-03
3.64799E+03 -2.47573E-03
3.64811E+03 -2.58109E-03
3.64823E+03 -2.11851E-03
3.64835E+03 -1.45425E-03
3.64847E+03 -1.31988E-03
3.64859E+03 -1.88227E-03
3.64871E+03 -2.55228E-03
3.64883E+03 -2.71280E-03
3.64895E+03 -2.34615E-03
3.64907E+03 -1.85099E-03
3.64919E+03 -1.49516E-03
3.64931E+03 -1.23098E-03
3.64943E+03 -9.12160E-04
3.64955E+03 -5.08603E-04
3.64967E+03 -1.23158E-04
3.64979E+03 9.95360E-05
3.64991E+03 7.35968E-05
3.65003E+03 -1.59569E-04
3.65016E+03 -4.83580E-04
3.65028E+03 -8.29261E-04
3.65040E+03 -1.16491E-03
3.65052E+03 -1.35522E-03
3.65064E+03 -1.15675E-03
3.65076E+03 -4.89965E-04
3.65088E+03 3.33831E-04
3.65100E+03 8.15526E-04
3.65112E+03 7.45110E-04
3.65124E+03 3.54774E-04
3.65136E+03 -1.81720E-05
3.65148E+03 -2.86181E-04
3.65160E+03 -5.44950E-04
3.65172E+03 -7.57221E-04
3.65184E+03 -7.24282E-04
3.65196E+03 -4.08933E-04
3.65208E+03 -1.32222E-04
3.65220E+03 -2.95922E-04
3.65232E+03 -9.29553E-04
3.65245E+03 -1.62140E-03
3.65257E+03 -1.92112E-03
3.65269E+03 -1.75798E-03
3.65281E+03 -1.44215E-03
3.65293E+03 -1.30284E-03
3.65305E+03 -1.36200E-03
3.65317E+03 -1.33753E-03
3.65329E+03 -9.48749E-04
3.65341E+03 -2.46193E-04
3.65353E+03 3.54905E-04
3.65365E+03 4.10795E-04
3.65377E+03 -1.30922E-04
3.65389E+03 -8.91067E-04
3.65401E+03 -1.46553E-03
3.65413E+03 -1.78631E-03
3.65425E+03 -2.02120E-03
3.65437E+03 -2.21581E-03
3.65449E+03 -2.21108E-03
3.65462E+03 -1.93704E-03
3.65474E+03 -1.61736E-03
3.65486E+03 -1.55159E-03
3.65498E+03 -1.75796E-03
3.65510E+03 -1.94498E-03
3.65522E+03 -1.82879E-03
3.65534E+03 -1.40481E-03
3.65546E+03 -9.09667E-04
3.65558E+03 -5.97946E-04
3.65570E+03 -5.74064E-04
3.65582E+03 -7.56465E-04
3.65594E+03 -9.32124E-04
3.65606E+03 -8.83695E-04
3.65618E+03 -5.58630E-04
3.65630E+03 -1.62698E-04
3.65642E+03 -3.84562E-05
3.65654E+03 -3.51064E-04
3.65666E+03 -8.55204E-04
3.65679E+03 -1.06139E-03
3.65691E+03 -7.55779E-04
3.65703E+03 -3.44507E-04
3.65715E+03 -5.13088E-04
3.65727E+03 -1.43223E-03
3.65739E+03 -2.41123E-03
3.65751E+03 -2.52822E-03
3.65763E+03 -1.63127E-03
3.65775E+03 -5.39426E-04
3.65787E+03 -1.62579E-04
3.65799E+03 -5.67421E-04
3.65811E+03 -1.05162E-03
3.65823E+03 -1.04974E-03
3.65835E+03 -7.39489E-04
3.65847E+03 -6.96514E-04
3.65859E+03 -1.15185E-03
3.65871E+03 -1.76740E-03
3.65883E+03 -2.07206E-03
3.65896E+03 -1.92758E-03
3.65908E+03 -1.54493E-03
3.65920E+03 -1.23015E-03
3.65932E+03 -1.21587E-03
3.65944E+03 -1.58334E-03
3.65956E+03 -2.15478E-03
3.65968E+03 -2.51973E-03
3.65980E+03 -2.38201E-03
3.65992E+03 -1.91812E-03
3.66004E+03 -1.62072E-03
3.66016E+03 -1.71731E-03
3.66028E+03 -1.91624E-03
3.66040E+03 -1.85049E-03
3.66052E+03 -1.59974E-03
3.66064E+03 -1.54864E-03
3.66076E+03 -1.81237E-03
3.66088E+03 -2.08589E-03
3.66100E+03 -2.08237E-03
3.66113E+03 -1.84805E-03
3.66125E+03 -1.54348E-03
3.66137E+03 -1.16820E-03
3.66149E+03 -7.13289E-04
3.66161E+03 -3.90857E-04
3.66173E+03 -4.16666E-04
3.66185E+03 -6.33977E-04
3.66197E+03 -6.56381E-04
3.66209E+03 -3.98912E-04
3.66221E+03 -1.80822E-04
3.66233E+03 -2.17583E-04
3.66245E+03 -3.00482E-04
3.66257E+03 -1.89185E-04
3.66269E+03 -1.03004E-04
3.66281E+03 -5.13718E-04
3.66293E+03 -1.50329E-03
3.66305E+03 -2.58511E-03
3.66317E+03 -3.17673E-03
3.66330E+03 -3.06321E-03
3.66342E+03 -2.41503E-03
3.66354E+03 -1.59596E-03
3.66366E+03 -1.01734E-03
3.66378E+03 -9.21540E-04
3.66390E+03 -1.13332E-03
3.66402E+03 -1.21621E-03
3.66414E+03 -1.06638E-03
3.66426E+03 -1.14874E-03
3.66438E+03 -1.84697E-03
3.66450E+03 -2.73021E-03
3.66462E+03 -2.91781E-03
3.66474E+03 -2.21826E-03
3.66486E+03 -1.48030E-03
3.66498E+03 -1.58351E-03
3.66510E+03 -2.38649E-03
3.66522E+03 -3.01858E-03
3.66534E+03 -2.99952E-03
3.66547E+03 -2.60668E-03
3.66559E+03 -2.18456E-03
3.66571E+03 -1.63777E-03
3.66583E+03 -8.68604E-04
3.66595E+03 -3.22107E-04
3.66607E+03 -6.26646E-04
3.66619E+03 -1.75260E-03
3.66631E+03 -2.89725E-03
3.66643E+03 -3.29473E-03
3.66655E+03 -2.93585E-03
3.66667E+03 -2.41503E-03
3.66679E+03 -2.22538E-03
3.66691E+03 -2.31475E-03
3.66703E+03 -2.22329E-03
3.66715E+03 -1.55064E-03
3.66727E+03 -3.76526E-04
3.66739E+03 6.80082E-04
3.66751E+03 8.89368E-04
3.66764E+03 3.98308E-05
3.66776E+03 -1.36361E-03
3.66788E+03 -2.54463E-03
3.66800E+03 -3.05819E-03
3.66812E+03 -2.92592E-03
3.66824E+03 -2.37596E-03
3.66836E+03 -1.66688E-03
3.66848E+03 -1.11898E-03
3.66860E+03 -1.02534E-03
3.66872E+03 -1.36459E-03
3.66884E+03 -1.73034E-03
3.66896E+03 -1.70687E-03
3.66908E+03 -1.27609E-03
3.66920E+03 -7.74518E-04
3.66932E+03 -5.23470E-04
3.66944E+03 -6.02916E-04
3.66956E+03 -8.97788E-04
3.66968E+03 -1.19856E-03
3.66980E+03 -1.29231E-03
3.66993E+03 -1.13570E-03
3.67005E+03 -9.50634E-04
3.67017E+03 -9.83976E-04
3.67029E+03 -1.15589E-03
3.67041E+03 -1.14937E-03
3.67053E+03 -9.03446E-04
3.67065E+03 -7.69161E-04
3.67077E+03 -1.01542E-03
3.67089E+03 -1.40107E-03
3.67101E+03 -1.49729E-03
3.67113E+03 -1.28811E-03
3.67125E+03 -1.12346E-03
3.67137E+03 -1.13158E-03
3.67149E+03 -1.06544E-03
3.67161E+03 -8.15898E-04
3.67173E+03 -6.89965E-04
3.67185E+03 -9.44540E-04
3.67197E+03 -1.31556E-03
3.67210E+03 -1.32217E-03
3.67222E+03 -9.10681E-04
3.67234E+03 -5.11732E-04
3.67246E+03 -5.22409E-04
3.67258E+03 -9.96374E-04
3.67270E+03 -1.80617E-03
3.67282E+03 -2.79083E-03
3.67294E+03 -3.66381E-03
3.67306E+03 -4.05724E-03
3.67318E+03 -3.84603E-03
3.67330E+03 -3.29267E-03
3.67342E+03 -2.74440E-03
3.67354E+03 -2.32816E-03
3.67366E+03 -2.05374E-03
3.67378E+03 -2.02191E-03
3.67390E+03 -2.31145E-03
3.67402E+03 -2.74674E-03
3.67414E+03 -2.99612E-03
3.67427E+03 -2.90697E-03
3.67439E+03 -2.62049E-03
3.67451E+03 -2.37133E-03
3.67463E+03 -2.28948E-03
3.67475E+03 -2.36157E-03
3.67487E+03 -2.43197E-03
3.67499E+03 -2.25487E-03
3.67511E+03 -1.73392E-03
3.67523E+03 -1.16605E-03
3.67535E+03 -1.06850E-03
3.67547E+03 -1.62536E-03
3.67559E+03 -2.37992E-03
3.67571E+03 -2.59684E-03
3.67583E+03 -1.94144E-03
3.67595E+03 -7.81205E-04
3.67607E+03 1.42541E-04
3.67619E+03 2.98567E-04
3.67631E+03 -3.04326E-04
3.67644E+03 -1.26272E-03
3.67656E+03 -2.17266E-03
3.67668E+03 -2.84784E-03
3.67680E+03 -3.19868E-03
3.67692E+03 -3.05320E-03
3.67704E+03 -2.29305E-03
3.67716E+03 -1.17178E-03
3.67728E+03 -2.88829E-04
3.67740E+03 -7.56457E-05
3.67752E+03 -3.65909E-04
3.67764E+03 -6.06015E-04
3.67776E+03 -4.52083E-04
3.67788E+03 -4.61005E-05
3.67800E+03 2.53003E-04
3.67812E+03 2.54393E-04
3.67824E+03 2.14837E-05
3.67836E+03 -3.14083E-04
3.67848E+03 -6.90348E-04
3.67860E+03 -1.09843E-03
3.67873E+03 -1.48993E-03
3.67885E+03 -1.75862E-03
3.67897E+03 -1.82477E-03
3.67909E+03 -1.72345E-03
3.67921E+03 -1.56245E-03
3.67933E+03 -1.38705E-03
3.67945E+03 -1.17842E-03
3.67957E+03 -1.05694E-03
3.67969E+03 -1.36764E-03
3.67981E+03 -2.34440E-03
3.67993E+03 -3.64493E-03
3.68005E+03 -4.42835E-03
3.68017E+03 -4.09305E-03
3.68029E+03 -2.90654E-03
3.68041E+03 -1.76748E-03
3.68053E+03 -1.34191E-03
3.68065E+03 -1.54092E-03
3.68077E+03 -1.83226E-03
3.68090E+03 -1.88524E-03
3.68102E+03 -1.78877E-03
3.68114E+03 -1.74775E-03
3.68126E+03 -1.77405E-03
3.68138E+03 -1.72976E-03
3.68150E+03 -1.54620E-03
3.68162E+03 -1.28832E-03
3.68174E+03 -1.06159E-03
3.68186E+03 -9.66236E-04
3.68198E+03 -1.10430E-03
3.68210E+03 -1.47613E-03
3.68222E+03 -1.83926E-03
3.68234E+03 -1.84016E-03
3.68246E+03 -1.42297E-03
3.68258E+03 -1.01134E-03
3.68270E+03 -1.09483E-03
3.68282E+03 -1.64107E-03
3.68294E+03 -2.10582E-03
3.68307E+03 -2.07182E-03
3.68319E+03 -1.69074E-03
3.68331E+03 -1.38656E-03
3.68343E+03 -1.29959E-03
3.68355E+03 -1.25248E-03
3.68367E+03 -1.18259E-03
3.68379E+03 -1.29440E-03
3.68391E+03 -1.69813E-03
3.68403E+03 -2.15251E-03
3.68415E+03 -2.36361E-03
3.68427E+03 -2.38106E-03
3.68439E+03 -2.43634E-03
3.68451E+03 -2.44905E-03
3.68463E+03 -2.02027E-03
3.68475E+03 -1.04376E-03
3.68487E+03 -7.91661E-05
3.68499E+03 1.33138E-04
3.68511E+03 -5.61565E-04
3.68524E+03 -1.64447E-03
3.68536E+03 -2.58706E-03
3.68548E+03 -3.29183E-03
3.68560E+03 -3.79761E-03
3.68572E+03 -3.88277E-03
3.68584E+03 -3.32815E-03
3.68596E+03 -2.48222E-03
3.68608E+03 -2.14663E-03
3.68620E+03 -2.71670E-03
3.68632E+03 -3.66018E-03
3.68644E+03 -4.06834E-03
3.68656E+03 -3.62092E-03
3.68668E+03 -2.78516E-03
3.68680E+03 -2.14486E-03
3.68692E+03 -1.84519E-03
3.68704E+03 -1.74467E-03
3.68716E+03 -1.78947E-03
3.68728E+03 -1.99116E-03
3.68741E+03 -2.19590E-03
3.68753E+03 -2.18417E-03
3.68765E+03 -2.00627E-03
3.68777E+03 -1.96975E-03
3.68789E+03 -2.20047E-03
3.68801E+03 -2.40239E-03
3.68813E+03 -2.18492E-03
3.68825E+03 -1.50028E-03
3.68837E+03 -6.27987E-04
3.68849E+03 1.48930E-04
3.68861E+03 6.52250E-04
3.68873E+03 6.88270E-04
3.68885E+03 1.03910E-04
3.68897E+03 -9.13784E-04
3.68909E+03 -1.78583E-03
3.68921E+03 -1.99197E-03
3.68933E+03 -1.51173E-03
3.68945E+03 -7.27870E-04
3.68958E+03 -1.77324E-06
3.68970E+03 4.90375E-04
3.68982E+03 5.96296E-04
3.68994E+03 1.55408E-04
3.69006E+03 -7.71970E-04
3.69018E+03 -1.77098E-03
3.69030E+03 -2.34408E-03
3.69042E+03 -2.30829E-03
3.69054E+03 -1.89921E-03
3.69066E+03 -1.52515E-03
3.69078E+03 -1.46224E-03
3.69090E+03 -1.71422E-03
3.69102E+03 -2.06071E-03
3.69114E+03 -2.24857E-03
3.69126E+03 -2.22644E-03
3.69138E+03 -2.20352E-03
3.69150E+03 -2.40805E-03
3.69162E+03 -2.78401E-03
3.69175E+03 -3.02649E-03
3.69187E+03 -2.96517E-03
3.69199E+03 -2.80564E-03
3.69211E+03 -2.85450E-03
3.69223E+03 -3.05424E-03
3.69235E+03 -2.98585E-03
3.69247E+03 -2.39705E-03
3.69259E+03 -1.55760E-03
3.69271E+03 -9.30402E-04
3.69283E+03 -6.15828E-04
3.69295E+03 -3.84197E-04
3.69307E+03 -2.38933E-04
3.69319E+03 -5.83623E-04
3.69331E+03 -1.60151E-03
3.69343E+03 -2.72580E-03
3.69355E+03 -3.10206E-03
3.69367E+03 -2.56552E-03
3.69379E+03 -1.83291E-03
3.69392E+03 -1.61525E-03
3.69404E+03 -1.85212E-03
3.69416E+03 -1.99328E-03
3.69428E+03 -1.74081E-03
3.69440E+03 -1.21991E-03
3.69452E+03 -6.10739E-04
3.69464E+03 -1.94795E-05
3.69476E+03 2.97498E-04
3.69488E+03 4.88758E-06
3.69500E+03 -8.11633E-04
3.69512E+03 -1.50897E-03
3.69524E+03 -1.51372E-03
3.69536E+03 -9.47285E-04
3.69548E+03 -4.38713E-04
3.69560E+03 -4.28647E-04
3.69572E+03 -9.02716E-04
3.69584E+03 -1.72594E-03
3.69596E+03 -2.85439E-03
3.69608E+03 -4.03662E-03
3.69621E+03 -4.58456E-03
3.69633E+03 -3.84998E-03
3.69645E+03 -2.04113E-03
3.69657E+03 -3.44310E-04
3.69669E+03 3.69512E-05
3.69681E+03 -9.91873E-04
3.69693E+03 -2.33893E-03
3.69705E+03 -2.84472E-03
3.69717E+03 -2.36453E-03
3.69729E+03 -1.68052E-03
3.69741E+03 -1.47915E-03
3.69753E+03 -1.66605E-03
3.69765E+03 -1.74187E-03
3.69777E+03 -1.60789E-03
3.69789E+03 -1.69534E-03
3.69801E+03 -2.28881E-03
3.69813E+03 -3.01635E-03
3.69825E+03 -3.22217E-03
3.69838E+03 -2.74494E-03
3.69850E+03 -2.10499E-03
3.69862E+03 -1.86285E-03
3.69874E+03 -1.96440E-03
3.69886E+03 -1.88588E-03
3.69898E+03 -1.35732E-03
3.69910E+03 -7.31017E-04
3.69922E+03 -5.69634E-04
3.69934E+03 -1.01637E-03
3.69946E+03 -1.68448E-03
3.69958E+03 -2.07503E-03
3.69970E+03 -1.95036E-03
3.69982E+03 -1.36290E-03
3.69994E+03 -5.82449E-04
3.70006E+03 -8.90791E-05
3.70018E+03 -3.58783E-04
3.70030E+03 -1.35003E-03
3.70042E+03 -2.29539E-03
3.70055E+03 -2.35029E-03
3.70067E+03 -1.51832E-03
3.70079E+03 -6.78770E-04
3.70091E+03 -5.97440E-04
3.70103E+03 -1.14799E-03
3.70115E+03 -1.68153E-03
3.70127E+03 -1.91766E-03
3.70139E+03 -2.09354E-03
3.70151E+03 -2.31186E-03
3.70163E+03 -2.22867E-03
3.70175E+03 -1.60186E-03
3.70187E+03 -8.10537E-04
3.70199E+03 -4.64946E-04
3.70211E+03 -6.33609E-04
3.70223E+03 -8.36540E-04
3.70235E+03 -8.23878E-04
3.70247E+03 -9.47211E-04
3.70259E+03 -1.54161E-03
3.70272E+03 -2.26435E-03
3.70284E+03 -2.41410E-03
3.70296E+03 -1.81884E-03
3.70308E+03 -1.03682E-03
3.70320E+03 -6.25532E-04
3.70332E+03 -5.51477E-04
3.70344E+03 -4.91925E-04
3.70356E+03 -4.32357E-04
3.70368E+03 -6.19233E-04
3.70380E+03 -1.00105E-03
3.70392E+03 -1.08846E-03
3.70404E+03 -5.30705E-04
3.70416E+03 3.59472E-04
3.70428E+03 8.25904E-04
3.70440E+03 3.65496E-04
3.70452E+03 -8.55315E-04
3.70464E+03 -2.15239E-03
3.70476E+03 -2.84227E-03
3.70489E+03 -2.72555E-03
3.70501E+03 -2.21921E-03
3.70513E+03 -1.95078E-03
3.70525E+03 -2.08109E-03
3.70537E+03 -2.07606E-03
3.70549E+03 -1.33812E-03
3.70561E+03 -7.54334E-05
3.70573E+03 7.23813E-04
3.70585E+03 3.59997E-04
3.70597E+03 -7.05749E-04
3.70609E+03 -1.31751E-03
3.70621E+03 -9.20430E-04
3.70633E+03 -1.34885E-04
3.70645E+03 4.62607E-05
3.70657E+03 -5.73687E-04
3.70669E+03 -1.24998E-03
3.70681E+03 -1.26136E-03
3.70693E+03 -6.95854E-04
3.70705E+03 -2.01236E-04
3.70718E+03 -1.89312E-04
3.70730E+03 -4.99561E-04
3.70742E+03 -7.42104E-04
3.70754E+03 -6.98555E-04
3.70766E+03 -3.46553E-04
3.70778E+03 2.37826E-04
3.70790E+03 8.14863E-04
3.70802E+03 9.95778E-04
3.70814E+03 5.46005E-04
3.70826E+03 -3.50837E-04
3.70838E+03 -1.28879E-03
3.70850E+03 -2.05786E-03
3.70862E+03 -2.67283E-03
3.70874E+03 -3.05452E-03
3.70886E+03 -2.99366E-03
3.70898E+03 -2.55496E-03
3.70910E+03 -2.24042E-03
3.70922E+03 -2.47769E-03
3.70935E+03 -3.07192E-03
3.70947E+03 -3.43291E-03
3.70959E+03 -3.29209E-03
3.70971E+03 -2.93604E-03
3.70983E+03 -2.71292E-03
3.70995E+03 -2.56238E-03
3.71007E+03 -2.16918E-03
3.71019E+03 -1.42451E-03
3.71031E+03 -5.90589E-04
3.71043E+03 -8.89190E-05
3.71055E+03 -1.98759E-04
3.71067E+03 -8.47563E-04
3.71079E+03 -1.60885E-03
3.71091E+03 -2.01004E-03
3.71103E+03 -1.93935E-03
3.71115E+03 -1.68434E-03
3.71127E+03 -1.51003E-03
3.71139E+03 -1.32761E-03
3.71152E+03 -9.22825E-04
3.71164E+03 -3.96654E-04
3.71176E+03 -1.42604E-04
3.71188E+03 -3.71359E-04
3.71200E+03 -8.57301E-04
3.71212E+03 -1.22700E-03
3.71224E+03 -1.34946E-03
3.71236E+03 -1.35988E-03
3.71248E+03 -1.42062E-03
3.71260E+03 -1.57819E-03
3.71272E+03 -1.80730E-03
3.71284E+03 -2.09575E-03
3.71296E+03 -2.46609E-03
3.71308E+03 -2.91091E-03
3.71320E+03 -3.27261E-03
3.71332E+03 -3.23189E-03
3.71344E+03 -2.56535E-03
3.71356E+03 -1.48654E-03
3.71369E+03 -6.08698E-04
3.71381E+03 -4.32812E-04
3.71393E+03 -8.84112E-04
3.71405E+03 -1.40543E-03
3.71417E+03 -1.49396E-03
3.71429E+03 -1.14388E-03
3.71441E+03 -8.20354E-04
3.71453E+03 -1.01593E-03
3.71465E+03 -1.74898E-03
3.71477E+03 -2.47093E-03
3.71489E+03 -2.57039E-03
3.71501E+03 -2.02236E-03
3.71513E+03 -1.41026E-03
3.71525E+03 -1.22351E-03
3.71537E+03 -1.31589E-03
3.71549E+03 -1.21550E-03
3.71561E+03 -7.84542E-04
3.71573E+03 -3.05224E-04
3.71586E+03 -2.05413E-05
3.71598E+03 6.44587E-05
3.71610E+03 -7.92705E-05
3.71622E+03 -5.67894E-04
3.71634E+03 -1.29934E-03
3.71646E+03 -1.89628E-03
3.71658E+03 -2.20001E-03
3.71670E+03 -2.53584E-03
3.71682E+03 -3.18831E-03
3.71694E+03 -3.84706E-03
3.71706E+03 -3.98777E-03
3.71718E+03 -3.69636E-03
3.71730E+03 -3.62050E-03
3.71742E+03 -4.00751E-03
3.71754E+03 -4.24623E-03
3.71766E+03 -3.66151E-03
3.71778E+03 -2.47732E-03
3.71790E+03 -1.59603E-03
3.71803E+03 -1.52114E-03
3.71815E+03 -1.87641E-03
3.71827E+03 -2.03466E-03
3.71839E+03 -1.90987E-03
3.71851E+03 -1.92619E-03
3.71863E+03 -2.34079E-03
3.71875E+03 -2.85026E-03
3.71887E+03 -2.93012E-03
3.71899E+03 -2.44749E-03
3.71911E+03 -1.80774E-03
3.71923E+03 -1.46128E-03
3.71935E+03 -1.37895E-03
3.71947E+03 -1.18443E-03
3.71959E+03 -7.96683E-04
3.71971E+03 -6.89644E-04
3.71983E+03 -1.31375E-03
3.71995E+03 -2.39542E-03
3.72007E+03 -3.10831E-03
3.72020E+03 -2.97917E-03
3.72032E+03 -2.37545E-03
3.72044E+03 -1.98687E-03
3.72056E+03 -2.03547E-03
3.72068E+03 -2.19765E-03
3.72080E+03 -2.17793E-03
3.72092E+03 -2.07533E-03
3.72104E+03 -2.15460E-03
3.72116E+03 -2.47466E-03
3.72128E+03 -2.82990E-03
3.72140E+03 -2.93650E-03
3.72152E+03 -2.61812E-03
3.72164E+03 -1.93380E-03
3.72176E+03 -1.21171E-03
3.72188E+03 -8.65124E-04
3.72200E+03 -1.04569E-03
3.72212E+03 -1.47478E-03
3.72224E+03 -1.67891E-03
3.72236E+03 -1.39684E-03
3.72249E+03 -7.70830E-04
3.72261E+03 -2.32335E-04
3.72273E+03 -2.32913E-04
3.72285E+03 -9.51950E-04
3.72297E+03 -2.12186E-03
3.72309E+03 -3.18273E-03
3.72321E+03 -3.73109E-03
3.72333E+03 -3.82173E-03
3.72345E+03 -3.78618E-03
3.72357E+03 -3.84179E-03
3.72369E+03 -3.99029E-03
3.72381E+03 -4.20025E-03
3.72393E+03 -4.44100E-03
3.72405E+03 -4.50763E-03
3.72417E+03 -4.06732E-03
3.72429E+03 -3.06258E-03
3.72441E+03 -1.94126E-03
3.72453E+03 -1.30738E-03
3.72466E+03 -1.37485E-03
3.72478E+03 -1.84591E-03
3.72490E+03 -2.23991E-03
3.72502E+03 -2.23128E-03
3.72514E+03 -1.77645E-03
3.72526E+03 -1.14473E-03
3.72538E+03 -8.26165E-04
3.72550E+03 -1.15980E-03
3.72562E+03 -1.92938E-03
3.72574E+03 -2.49609E-03
3.72586E+03 -2.49079E-03
3.72598E+03 -2.27560E-03
3.72610E+03 -2.53411E-03
3.72622E+03 -3.41732E-03
3.72634E+03 -4.27365E-03
3.72646E+03 -4.32136E-03
3.72658E+03 -3.48682E-03
3.72670E+03 -2.44432E-03
3.72683E+03 -1.87924E-03
3.72695E+03 -1.84893E-03
3.72707E+03 -1.90595E-03
3.72719E+03 -1.75245E-03
3.72731E+03 -1.60954E-03
3.72743E+03 -1.87137E-03
3.72755E+03 -2.50953E-03
3.72767E+03 -2.99381E-03
3.72779E+03 -2.83645E-03
3.72791E+03 -2.08909E-03
3.72803E+03 -1.23108E-03
3.72815E+03 -6.83304E-04
3.72827E+03 -5.17644E-04
3.72839E+03 -5.44533E-04
3.72851E+03 -5.48121E-04
3.72863E+03 -4.58818E-04
3.72875E+03 -4.16100E-04
3.72887E+03 -6.78916E-04
3.72900E+03 -1.37936E-03
3.72912E+03 -2.32547E-03
3.72924E+03 -3.09655E-03
3.72936E+03 -3.34682E-03
3.72948E+03 -2.99566E-03
3.72960E+03 -2.21042E-03
3.72972E+03 -1.34554E-03
3.72984E+03 -8.64908E-04
3.72996E+03 -1.10689E-03
3.73008E+03 -1.99015E-03
3.73020E+03 -3.01455E-03
3.73032E+03 -3.65292E-03
3.73044E+03 -3.72631E-03
3.73056E+03 -3.35117E-03
3.73068E+03 -2.64095E-03
3.73080E+03 -1.64070E-03
3.73092E+03 -5.16079E-04
3.73104E+03 4.03889E-04
3.73117E+03 8.62904E-04
3.73129E+03 8.76360E-04
3.73141E+03 6.28341E-04
3.73153E+03 2.72106E-04
3.73165E+03 -1.10090E-04
3.73177E+03 -4.44390E-04
3.73189E+03 -6.86433E-04
3.73201E+03 -8.66808E-04
3.73213E+03 -1.03603E-03
3.73225E+03 -1.16451E-03
3.73237E+03 -1.16974E-03
3.73249E+03 -1.05823E-03
3.73261E+03 -9.82851E-04
3.73273E+03 -1.12779E-03
3.73285E+03 -1.54713E-03
3.73297E+03 -2.10215E-03
3.73309E+03 -2.51568E-03
3.73321E+03 -2.49454E-03
3.73333E+03 -1.90615E-03
3.73346E+03 -9.60819E-04
3.73358E+03 -2.04377E-04
3.73370E+03 -1.76825E-04
3.73382E+03 -9.61676E-04
3.73394E+03 -2.07399E-03
3.73406E+03 -2.85972E-03
3.73418E+03 -3.05764E-03
3.73430E+03 -2.94428E-03
3.73442E+03 -2.91590E-03
3.73454E+03 -3.03278E-03
3.73466E+03 -3.05295E-03
3.73478E+03 -2.82999E-03
3.73490E+03 -2.52887E-03
3.73502E+03 -2.41411E-03
3.73514E+03 -2.51218E-03
3.73526E+03 -2.55183E-03
3.73538E+03 -2.22522E-03
3.73550E+03 -1.50689E-03
3.73563E+03 -7.42491E-04
3.73575E+03 -3.92746E-04
3.73587E+03 -6.12833E-04
3.73599E+03 -1.08538E-03
3.73611E+03 -1.37304E-03
3.73623E+03 -1.44307E-03
3.73635E+03 -1.66745E-03
3.73647E+03 -2.23874E-03
3.73659E+03 -2.81957E-03
3.73671E+03 -2.98223E-03
3.73683E+03 -2.82715E-03
3.73695E+03 -2.83576E-03
3.73707E+03 -3.15308E-03
3.73719E+03 -3.36148E-03
3.73731E+03 -3.06192E-03
3.73743E+03 -2.39014E-03
3.73755E+03 -1.75921E-03
3.73767E+03 -1.33356E-03
3.73780E+03 -1.03382E-03
3.73792E+03 -9.05238E-04
3.73804E+03 -1.16295E-03
3.73816E+03 -1.88266E-03
3.73828E+03 -2.87252E-03
3.73840E+03 -3.84465E-03
3.73852E+03 -4.51560E-03
3.73864E+03 -4.60159E-03
3.73876E+03 -4.03417E-03
3.73888E+03 -3.24374E-03
3.73900E+03 -2.91326E-03
3.73912E+03 -3.25813E-03
3.73924E+03 -3.74445E-03
3.73936E+03 -3.69240E-03
3.73948E+03 -2.98928E-03
3.73960E+03 -2.04710E-03
3.73972E+03 -1.26493E-03
3.73984E+03 -8.02059E-04
3.73997E+03 -7.45893E-04
3.74009E+03 -1.13739E-03
3.74021E+03 -1.77409E-03
3.74033E+03 -2.24925E-03
3.74045E+03 -2.29777E-03
3.74057E+03 -1.96361E-03
3.74069E+03 -1.41868E-03
3.74081E+03 -8.28639E-04
3.74093E+03 -4.23893E-04
3.74105E+03 -4.30450E-04
3.74117E+03 -7.96329E-04
3.74129E+03 -1.20767E-03
3.74141E+03 -1.52935E-03
3.74153E+03 -1.99670E-03
3.74165E+03 -2.74023E-03
3.74177E+03 -3.33847E-03
3.74189E+03 -3.22678E-03
3.74201E+03 -2.51691E-03
3.74214E+03 -1.99620E-03
3.74226E+03 -2.15371E-03
3.74238E+03 -2.53626E-03
3.74250E+03 -2.33089E-03
3.74262E+03 -1.41051E-03
3.74274E+03 -5.05604E-04
3.74286E+03 -3.31189E-04
3.74298E+03 -8.12680E-04
3.74310E+03 -1.32456E-03
3.74322E+03 -1.51398E-03
3.74334E+03 -1.60564E-03
3.74346E+03 -1.87572E-03
3.74358E+03 -2.14218E-03
3.74370E+03 -2.06271E-03
3.74382E+03 -1.80032E-03
3.74394E+03 -1.95457E-03
3.74406E+03 -2.67909E-03
3.74418E+03 -3.24249E-03
3.74431E+03 -2.82719E-03
3.74443E+03 -1.57335E-03
3.74455E+03 -4.28129E-04
3.74467E+03 -3.95253E-05
3.74479E+03 -2.57690E-04
3.74491E+03 -7.55969E-04
3.74503E+03 -1.55430E-03
3.74515E+03 -2.60191E-03
3.74527E+03 -3.32331E-03
3.74539E+03 -3.16278E-03
3.74551E+03 -2.40025E-03
3.74563E+03 -1.87204E-03
3.74575E+03 -1.88877E-03
3.74587E+03 -1.90903E-03
3.74599E+03 -1.41205E-03
3.74611E+03 -6.90680E-04
3.74623E+03 -5.20483E-04
3.74635E+03 -1.27402E-03
3.74648E+03 -2.58645E-03
3.74660E+03 -3.73253E-03
3.74672E+03 -4.14053E-03
3.74684E+03 -3.70889E-03
3.74696E+03 -2.88690E-03
3.74708E+03 -2.39843E-03
3.74720E+03 -2.66727E-03
3.74732E+03 -3.45346E-03
3.74744E+03 -4.12115E-03
3.74756E+03 -4.24790E-03
3.74768E+03 -3.90441E-03
3.74780E+03 -3.43217E-03
3.74792E+03 -3.12037E-03
3.74804E+03 -3.06321E-03
3.74816E+03 -3.15357E-03
3.74828E+03 -3.16707E-03
3.74840E+03 -2.93074E-03
3.74852E+03 -2.43121E-03
3.74865E+03 -1.74885E-03
3.74877E+03 -9.87411E-04
3.74889E+03 -3.75912E-04
3.74901E+03 -3.22700E-04
3.74913E+03 -1.10894E-03
3.74925E+03 -2.45061E-03
3.74937E+03 -3.53172E-03
3.74949E+03 -3.63554E-03
3.74961E+03 -2.76023E-03
3.74973E+03 -1.61481E-03
3.74985E+03 -1.07379E-03
3.74997E+03 -1.58134E-03
3.75009E+03 -2.89379E-03
3.75021E+03 -4.29908E-03
3.75033E+03 -5.16263E-03
3.75045E+03 -5.35057E-03
3.75057E+03 -5.12907E-03
3.75069E+03 -4.71782E-03
3.75081E+03 -4.08739E-03
3.75094E+03 -3.21423E-03
3.75106E+03 -2.33390E-03
3.75118E+03 -1.77859E-03
3.75130E+03 -1.64317E-03
3.75142E+03 -1.76097E-03
3.75154E+03 -1.97199E-03
3.75166E+03 -2.27782E-03
3.75178E+03 -2.71320E-03
3.75190E+03 -3.16764E-03
3.75202E+03 -3.39098E-03
3.75214E+03 -3.17112E-03
3.75226E+03 -2.53166E-03
3.75238E+03 -1.78794E-03
3.75250E+03 -1.35414E-03
3.75262E+03 -1.40442E-03
3.75274E+03 -1.74512E-03
3.75286E+03 -2.08361E-03
3.75298E+03 -2.34881E-03
3.75311E+03 -2.63077E-03
3.75323E+03 -2.88484E-03
3.75335E+03 -2.90678E-03
3.75347E+03 -2.62683E-03
3.75359E+03 -2.23120E-03
3.75371E+03 -1.89816E-03
3.75383E+03 -1.58653E-03
3.75395E+03 -1.25051E-03
3.75407E+03 -1.11629E-03
3.75419E+03 -1.45237E-03
3.75431E+03 -2.03763E-03
3.75443E+03 -2.16457E-03
3.75455E+03 -1.42115E-03
3.75467E+03 -3.45979E-04
3.75479E+03 -5.31971E-06
3.75491E+03 -8.09193E-04
3.75503E+03 -1.94647E-03
3.75515E+03 -2.24216E-03
3.75528E+03 -1.50189E-03
3.75540E+03 -7.13501E-04
3.75552E+03 -8.52823E-04
3.75564E+03 -1.78285E-03
3.75576E+03 -2.58934E-03
3.75588E+03 -2.77286E-03
3.75600E+03 -2.66101E-03
3.75612E+03 -2.65219E-03
3.75624E+03 -2.55151E-03
3.75636E+03 -1.99004E-03
3.75648E+03 -1.20576E-03
3.75660E+03 -9.06732E-04
3.75672E+03 -1.35475E-03
3.75684E+03 -1.98267E-03
3.75696E+03 -2.10197E-03
3.75708E+03 -1.73239E-03
3.75720E+03 -1.48862E-03
3.75732E+03 -1.76796E-03
3.75745E+03 -2.28889E-03
3.75757E+03 -2.46186E-03
3.75769E+03 -2.08791E-03
3.75781E+03 -1.61343E-03
3.75793E+03 -1.66153E-03
3.75805E+03 -2.27897E-03
3.75817E+03 -2.75172E-03
3.75829E+03 -2.35828E-03
3.75841E+03 -1.31215E-03
3.75853E+03 -7.08815E-04
3.75865E+03 -1.34148E-03
3.75877E+03 -2.78042E-03
3.75889E+03 -3.88247E-03
3.75901E+03 -4.01095E-03
3.75913E+03 -3.44789E-03
3.75925E+03 -2.74178E-03
3.75937E+03 -2.11629E-03
3.75949E+03 -1.63933E-03
3.75962E+03 -1.51707E-03
3.75974E+03 -1.85286E-03
3.75986E+03 -2.32507E-03
3.75998E+03 -2.46479E-03
3.76010E+03 -2.20082E-03
3.76022E+03 -1.88518E-03
3.76034E+03 -1.84550E-03
3.76046E+03 -2.12247E-03
3.76058E+03 -2.56070E-03
3.76070E+03 -2.89444E-03
3.76082E+03 -2.80730E-03
3.76094E+03 -2.23959E-03
3.76106E+03 -1.66561E-03
3.76118E+03 -1.71897E-03
3.76130E+03 -2.42243E-03
3.76142E+03 -3.10156E-03
3.76154E+03 -3.23081E-03
3.76166E+03 -3.03779E-03
3.76179E+03 -2.98328E-03
3.76191E+03 -2.96945E-03
3.76203E+03 -2.54181E-03
3.76215E+03 -1.75378E-03
3.76227E+03 -1.28455E-03
3.76239E+03 -1.56390E-03
3.76251E+03 -2.22814E-03
3.76263E+03 -2.68352E-03
3.76275E+03 -2.85048E-03
3.76287E+03 -2.99326E-03
3.76299E+03 -3.05184E-03
3.76311E+03 -2.64804E-03
3.76323E+03 -1.78520E-03
3.76335E+03 -1.09113E-03
3.76347E+03 -1.11546E-03
3.76359E+03 -1.64104E-03
3.76371E+03 -1.99718E-03
3.76383E+03 -1.92258E-03
3.76396E+03 -1.77668E-03
3.76408E+03 -1.90834E-03
3.76420E+03 -2.15390E-03
3.76432E+03 -2.12951E-03
3.76444E+03 -1.81305E-03
3.76456E+03 -1.58145E-03
3.76468E+03 -1.73525E-03
3.76480E+03 -2.20364E-03
3.76492E+03 -2.70817E-03
3.76504E+03 -3.01740E-03
3.76516E+03 -3.00416E-03
3.76528E+03 -2.65604E-03
3.76540E+03 -2.15637E-03
3.76552E+03 -1.81440E-03
3.76564E+03 -1.77113E-03
3.76576E+03 -1.86166E-03
3.76588E+03 -1.89424E-03
3.76600E+03 -1.95488E-03
3.76612E+03 -2.24119E-03
3.76625E+03 -2.65068E-03
3.76637E+03 -2.79112E-03
3.76649E+03 -2.47320E-03
3.76661E+03 -1.99953E-03
3.76673E+03 -1.83171E-03
3.76685E+03 -2.06558E-03
3.76697E+03 -2.34707E-03
3.76709E+03 -2.26611E-03
3.76721E+03 -1.75726E-03
3.76733E+03 -1.15275E-03
3.76745E+03 -9.17334E-04
3.76757E+03 -1.28158E-03
3.76769E+03 -2.03047E-03
3.76781E+03 -2.64998E-03
3.76793E+03 -2.73290E-03
3.76805E+03 -2.25674E-03
3.76817E+03 -1.49751E-03
3.76829E+03 -7.69533E-04
3.76842E+03 -3.05306E-04
3.76854E+03 -2.73135E-04
3.76866E+03 -7.17718E-04
3.76878E+03 -1.43524E-03
3.76890E+03 -2.02899E-03
3.76902E+03 -2.19094E-03
3.76914E+03 -1.93967E-03
3.76926E+03 -1.58200E-03
3.76938E+03 -1.45137E-03
3.76950E+03 -1.64610E-03
3.76962E+03 -1.97602E-03
3.76974E+03 -2.17193E-03
3.76986E+03 -2.16778E-03
3.76998E+03 -2.14447E-03
3.77010E+03 -2.28145E-03
3.77022E+03 -2.55759E-03
3.77034E+03 -2.85396E-03
3.77046E+03 -3.11931E-03
3.77059E+03 -3.27983E-03
3.77071E+03 -3.10691E-03
3.77083E+03 -2.45727E-03
3.77095E+03 -1.64470E-03
3.77107E+03 -1.26161E-03
3.77119E+03 -1.50293E-03
3.77131E+03 -1.92838E-03
3.77143E+03 -2.08414E-03
3.77155E+03 -2.08770E-03
3.77167E+03 -2.28696E-03
3.77179E+03 -2.56606E-03
3.77191E+03 -2.46456E-03
3.77203E+03 -1.94917E-03
3.77215E+03 -1.54354E-03
3.77227E+03 -1.54917E-03
3.77239E+03 -1.63319E-03
3.77251E+03 -1.50722E-03
3.77263E+03 -1.58485E-03
3.77276E+03 -2.41275E-03
3.77288E+03 -3.64200E-03
3.77300E+03 -4.20157E-03
3.77312E+03 -3.57802E-03
3.77324E+03 -2.40275E-03
3.77336E+03 -1.59930E-03
3.77348E+03 -1.42384E-03
3.77360E+03 -1.63533E-03
3.77372E+03 -2.14279E-03
3.77384E+03 -2.94925E-03
3.77396E+03 -3.68505E-03
3.77408E+03 -3.80911E-03
3.77420E+03 -3.32677E-03
3.77432E+03 -2.84863E-03
3.77444E+03 -2.80920E-03
3.77456E+03 -2.99779E-03
3.77468E+03 -3.01830E-03
3.77480E+03 -2.84292E-03
3.77493E+03 -2.64603E-03
3.77505E+03 -2.39789E-03
3.77517E+03 -1.98689E-03
3.77529E+03 -1.57893E-03
3.77541E+03 -1.47054E-03
3.77553E+03 -1.62213E-03
3.77565E+03 -1.67549E-03
3.77577E+03 -1.49653E-03
3.77589E+03 -1.42206E-03
3.77601E+03 -1.82550E-03
3.77613E+03 -2.60227E-03
3.77625E+03 -3.20438E-03
3.77637E+03 -3.10745E-03
3.77649E+03 -2.20858E-03
3.77661E+03 -8.84529E-04
3.77673E+03 2.92499E-04
3.77685E+03 1.00300E-03
3.77697E+03 1.41231E-03
3.77709E+03 1.84708E-03
3.77722E+03 2.25356E-03
3.77734E+03 2.15320E-03
3.77746E+03 1.20934E-03
3.77758E+03 -3.35377E-04
3.77770E+03 -1.87291E-03
3.77782E+03 -2.92858E-03
3.77794E+03 -3.35416E-03
3.77806E+03 -3.25670E-03
3.77818E+03 -2.95136E-03
3.77830E+03 -2.85343E-03
3.77842E+03 -3.13984E-03
3.77854E+03 -3.52567E-03
3.77866E+03 -3.58893E-03
3.77878E+03 -3.32750E-03
3.77890E+03 -3.18574E-03
3.77902E+03 -3.47748E-03
3.77914E+03 -3.98530E-03
3.77926E+03 -4.22028E-03
3.77939E+03 -3.91519E-03
3.77951E+03 -3.17543E-03
3.77963E+03 -2.31974E-03
3.77975E+03 -1.73455E-03
3.77987E+03 -1.74429E-03
3.77999E+03 -2.36006E-03
3.78011E+03 -3.14999E-03
3.78023E+03 -3.55048E-03
3.78035E+03 -3.35861E-03
3.78047E+03 -2.80579E-03
3.78059E+03 -2.16629E-03
3.78071E+03 -1.49968E-03
3.78083E+03 -8.74925E-04
3.78095E+03 -6.30107E-04
3.78107E+03 -1.10183E-03
3.78119E+03 -2.06184E-03
3.78131E+03 -2.67705E-03
3.78143E+03 -2.26081E-03
3.78156E+03 -1.03753E-03
3.78168E+03 -7.43195E-06
3.78180E+03 -1.23791E-05
3.78192E+03 -9.92242E-04
3.78204E+03 -2.15648E-03
3.78216E+03 -2.78991E-03
3.78228E+03 -2.82687E-03
3.78240E+03 -2.71394E-03
3.78252E+03 -2.84831E-03
3.78264E+03 -3.17460E-03
3.78276E+03 -3.26673E-03
3.78288E+03 -2.80013E-03
3.78300E+03 -1.98628E-03
3.78312E+03 -1.49303E-03
3.78324E+03 -1.82162E-03
3.78336E+03 -2.75435E-03
3.78348E+03 -3.52071E-03
3.78360E+03 -3.55026E-03
3.78373E+03 -2.98579E-03
3.78385E+03 -2.40327E-03
3.78397E+03 -2.12374E-03
3.78409E+03 -1.92853E-03
3.78421E+03 -1.43129E-03
3.78433E+03 -6.01891E-04
3.78445E+03 1.54454E-04
3.78457E+03 4.17456E-04
3.78469E+03 2.24877E-04
3.78481E+03 8.68477E-05
3.78493E+03 4.94957E-04
3.78505E+03 1.38333E-03
3.78517E+03 2.11853E-03
3.78529E+03 2.07855E-03
3.78541E+03 1.24141E-03
3.78553E+03 1.81943E-04
3.78565E+03 -4.88635E-04
3.78577E+03 -6.30543E-04
3.78590E+03 -5.68766E-04
3.78602E+03 -6.71390E-04
3.78614E+03 -1.01201E-03
3.78626E+03 -1.41114E-03
3.78638E+03 -1.71949E-03
3.78650E+03 -1.97857E-03
3.78662E+03 -2.30593E-03
3.78674E+03 -2.71195E-03
3.78686E+03 -3.08819E-03
3.78698E+03 -3.30474E-03
3.78710E+03 -3.22896E-03
3.78722E+03 -2.72213E-03
3.78734E+03 -1.81324E-03
3.78746E+03 -8.96115E-04
3.78758E+03 -5.12127E-04
3.78770E+03 -7.79565E-04
3.78782E+03 -1.19970E-03
3.78794E+03 -1.22159E-03
3.78807E+03 -9.02191E-04
3.78819E+03 -7.56722E-04
3.78831E+03 -9.78023E-04
3.78843E+03 -1.12699E-03
3.78855E+03 -7.36952E-04
3.78867E+03 8.46386E-06
3.78879E+03 4.11682E-04
3.78891E+03 -1.03265E-05
3.78903E+03 -1.10015E-03
3.78915E+03 -2.26450E-03
3.78927E+03 -2.89113E-03
3.78939E+03 -2.65634E-03
3.78951E+03 -1.74443E-03
3.78963E+03 -8.91306E-04
3.78975E+03 -9.74808E-04
3.78987E+03 -2.28874E-03
3.78999E+03 -4.18358E-03
3.79011E+03 -5.51397E-03
3.79024E+03 -5.49645E-03
3.79036E+03 -4.20076E-03
3.79048E+03 -2.37320E-03
3.79060E+03 -9.01543E-04
3.79072E+03 -3.28086E-04
3.79084E+03 -6.27242E-04
3.79096E+03 -1.33933E-03
3.79108E+03 -1.98743E-03
3.79120E+03 -2.41390E-03
3.79132E+03 -2.69670E-03
3.79144E+03 -2.83542E-03
3.79156E+03 -2.72088E-03
3.79168E+03 -2.43446E-03
3.79180E+03 -2.31052E-03
3.79192E+03 -2.49655E-03
3.79204E+03 -2.62935E-03
3.79216E+03 -2.26295E-03
3.79228E+03 -1.59007E-03
3.79241E+03 -1.36930E-03
3.79253E+03 -1.96486E-03
3.79265E+03 -2.75754E-03
3.79277E+03 -2.81264E-03
3.79289E+03 -2.00782E-03
3.79301E+03 -1.19489E-03
3.79313E+03 -1.22343E-03
3.79325E+03 -2.06509E-03
3.79337E+03 -2.99691E-03
3.79349E+03 -3.41118E-03
3.79361E+03 -3.28413E-03
3.79373E+03 -2.99360E-03
3.79385E+03 -2.86588E-03
3.79397E+03 -2.91316E-03
3.79409E+03 -2.92582E-03
3.79421E+03 -2.78554E-03
3.79433E+03 -2.66528E-03
3.79445E+03 -2.85053E-03
3.79457E+03 -3.35109E-03
3.79470E+03 -3.81338E-03
3.79482E+03 -3.89644E-03
3.79494E+03 -3.64006E-03
3.79506E+03 -3.36502E-03
3.79518E+03 -3.29421E-03
3.79530E+03 -3.38571E-03
3.79542E+03 -3.48458E-03
3.79554E+03 -3.51055E-03
3.79566E+03 -3.51220E-03
3.79578E+03 -3.63249E-03
3.79590E+03 -3.98614E-03
3.79602E+03 -4.45769E-03
3.79614E+03 -4.66272E-03
3.79626E+03 -4.27228E-03
3.79638E+03 -3.39896E-03
3.79650E+03 -2.53771E-03
3.79662E+03 -2.10205E-03
3.79674E+03 -2.11231E-03
3.79687E+03 -2.30778E-03
3.79699E+03 -2.38924E-03
3.79711E+03 -2.12853E-03
3.79723E+03 -1.47357E-03
3.79735E+03 -7.14861E-04
3.79747E+03 -4.08180E-04
3.79759E+03 -9.09775E-04
3.79771E+03 -1.97957E-03
3.79783E+03 -2.95208E-03
3.79795E+03 -3.30259E-03
3.79807E+03 -2.98422E-03
3.79819E+03 -2.28355E-03
3.79831E+03 -1.51682E-03
3.79843E+03 -8.93027E-04
3.79855E+03 -5.16616E-04
3.79867E+03 -3.95004E-04
3.79879E+03 -4.52071E-04
3.79891E+03 -5.83991E-04
3.79904E+03 -7.07019E-04
3.79916E+03 -7.58544E-04
3.79928E+03 -6.92412E-04
3.79940E+03 -5.17592E-04
3.79952E+03 -3.50587E-04
3.79964E+03 -3.90578E-04
3.79976E+03 -7.42957E-04
3.79988E+03 -1.19493E-03
3.80000E+03 -1.26584E-03
3.80012E+03 -6.90419E-04
3.80024E+03 1.14892E-04
3.80036E+03 2.76159E-04
3.80048E+03 -6.39770E-04
3.80060E+03 -2.05022E-03
3.80072E+03 -2.90538E-03
3.80084E+03 -2.75636E-03
3.80096E+03 -2.07403E-03
3.80108E+03 -1.55152E-03
3.80121E+03 -1.38771E-03
3.80133E+03 -1.36398E-03
3.80145E+03 -1.34836E-03
3.80157E+03 -1.44745E-03
3.80169E+03 -1.75774E-03
3.80181E+03 -2.19906E-03
3.80193E+03 -2.59326E-03
3.80205E+03 -2.75315E-03
3.80217E+03 -2.51008E-03
3.80229E+03 -1.81794E-03
3.80241E+03 -8.77358E-04
3.80253E+03 -6.80164E-05
3.80265E+03 2.83875E-04
3.80277E+03 7.25873E-05
3.80289E+03 -5.37455E-04
3.80301E+03 -1.14020E-03
3.80313E+03 -1.29046E-03
3.80325E+03 -8.95642E-04
3.80338E+03 -4.02503E-04
3.80350E+03 -3.57121E-04
3.80362E+03 -7.45159E-04
3.80374E+03 -1.02707E-03
3.80386E+03 -9.14164E-04
3.80398E+03 -8.19217E-04
3.80410E+03 -1.31026E-03
3.80422E+03 -2.33105E-03
3.80434E+03 -3.28439E-03
3.80446E+03 -3.76269E-03
3.80458E+03 -3.83992E-03
3.80470E+03 -3.68567E-03
3.80482E+03 -3.29657E-03
3.80494E+03 -2.73498E-03
3.80506E+03 -2.27474E-03
3.80518E+03 -2.04790E-03
3.80530E+03 -1.79191E-03
3.80542E+03 -1.26461E-03
3.80554E+03 -7.49156E-04
3.80567E+03 -7.67313E-04
3.80579E+03 -1.33362E-03
3.80591E+03 -1.88673E-03
3.80603E+03 -2.05718E-03
3.80615E+03 -2.13686E-03
3.80627E+03 -2.53045E-03
3.80639E+03 -2.99286E-03
3.80651E+03 -2.80007E-03
3.80663E+03 -1.67458E-03
3.80675E+03 -2.41630E-04
3.80687E+03 5.50661E-04
3.80699E+03 3.05273E-04
3.80711E+03 -6.07837E-04
3.80723E+03 -1.55411E-03
3.80735E+03 -2.17292E-03
3.80747E+03 -2.48090E-03
3.80759E+03 -2.67666E-03
3.80771E+03 -2.94062E-03
3.80784E+03 -3.32510E-03
3.80796E+03 -3.70973E-03
3.80808E+03 -3.86795E-03
3.80820E+03 -3.68300E-03
3.80832E+03 -3.32154E-03
3.80844E+03 -3.06603E-03
3.80856E+03 -2.89760E-03
3.80868E+03 -2.39704E-03
3.80880E+03 -1.27098E-03
3.80892E+03 6.48014E-05
3.80904E+03 7.07589E-04
3.80916E+03 2.12677E-04
3.80928E+03 -9.05838E-04
3.80940E+03 -1.77309E-03
3.80952E+03 -2.09062E-03
3.80964E+03 -2.21215E-03
3.80976E+03 -2.41686E-03
3.80988E+03 -2.49590E-03
3.81001E+03 -2.17048E-03
3.81013E+03 -1.59779E-03
3.81025E+03 -1.21062E-03
3.81037E+03 -1.20714E-03
3.81049E+03 -1.41462E-03
3.81061E+03 -1.55939E-03
3.81073E+03 -1.46601E-03
3.81085E+03 -1.07352E-03
3.81097E+03 -5.26588E-04
3.81109E+03 -2.67770E-04
3.81121E+03 -7.62608E-04
3.81133E+03 -1.97246E-03
3.81145E+03 -3.25052E-03
3.81157E+03 -3.92600E-03
3.81169E+03 -3.92933E-03
3.81181E+03 -3.71847E-03
3.81193E+03 -3.66117E-03
3.81205E+03 -3.65587E-03
3.81218E+03 -3.36451E-03
3.81230E+03 -2.67635E-03
3.81242E+03 -1.86752E-03
3.81254E+03 -1.35209E-03
3.81266E+03 -1.31568E-03
3.81278E+03 -1.56017E-03
3.81290E+03 -1.69251E-03
3.81302E+03 -1.49964E-03
3.81314E+03 -1.15870E-03
3.81326E+03 -1.07161E-03
3.81338E+03 -1.49212E-03
3.81350E+03 -2.31918E-03
3.81362E+03 -3.21773E-03
3.81374E+03 -3.86984E-03
3.81386E+03 -4.09595E-03
3.81398E+03 -3.86232E-03
3.81410E+03 -3.32815E-03
3.81422E+03 -2.85785E-03
3.81435E+03 -2.78374E-03
3.81447E+03 -3.04319E-03
3.81459E+03 -3.16500E-03
3.81471E+03 -2.77494E-03
3.81483E+03 -2.07807E-03
3.81495E+03 -1.65450E-03
3.81507E+03 -1.76188E-03
3.81519E+03 -2.05827E-03
3.81531E+03 -2.12813E-03
3.81543E+03 -2.07499E-03
3.81555E+03 -2.30617E-03
3.81567E+03 -2.79257E-03
3.81579E+03 -2.91412E-03
3.81591E+03 -2.20969E-03
3.81603E+03 -1.05262E-03
3.81615E+03 -3.22908E-04
3.81627E+03 -4.64585E-04
3.81639E+03 -1.09441E-03
3.81652E+03 -1.53562E-03
3.81664E+03 -1.51598E-03
3.81676E+03 -1.28587E-03
3.81688E+03 -1.23697E-03
3.81700E+03 -1.54463E-03
3.81712E+03 -2.08230E-03
3.81724E+03 -2.52924E-03
3.81736E+03 -2.60429E-03
3.81748E+03 -2.34117E-03
3.81760E+03 -2.12834E-03
3.81772E+03 -2.36012E-03
3.81784E+03 -3.02931E-03
3.81796E+03 -3.75087E-03
3.81808E+03 -4.17367E-03
3.81820E+03 -4.22439E-03
3.81832E+03 -3.92909E-03
3.81844E+03 -3.21445E-03
3.81856E+03 -2.07695E-03
3.81869E+03 -8.52294E-04
3.81881E+03 -5.61513E-05
3.81893E+03 1.20066E-04
3.81905E+03 -5.88596E-06
3.81917E+03 -2.51941E-05
3.81929E+03 3.00631E-05
3.81941E+03 -2.51282E-04
3.81953E+03 -1.08846E-03
3.81965E+03 -2.18302E-03
3.81977E+03 -2.99370E-03
3.81989E+03 -3.23432E-03
3.82001E+03 -3.00147E-03
3.82013E+03 -2.51533E-03
3.82025E+03 -1.92982E-03
3.82037E+03 -1.40565E-03
3.82049E+03 -1.16695E-03
3.82061E+03 -1.33143E-03
3.82073E+03 -1.74935E-03
3.82085E+03 -2.13842E-03
3.82098E+03 -2.36014E-03
3.82110E+03 -2.46770E-03
3.82122E+03 -2.52663E-03
3.82134E+03 -2.54679E-03
3.82146E+03 -2.59844E-03
3.82158E+03 -2.80342E-03
3.82170E+03 -3.10358E-03
3.82182E+03 -3.18872E-03
3.82194E+03 -2.81624E-03
3.82206E+03 -2.11941E-03
3.82218E+03 -1.43968E-03
3.82230E+03 -9.33900E-04
3.82242E+03 -5.55143E-04
3.82254E+03 -3.80658E-04
3.82266E+03 -6.66786E-04
3.82278E+03 -1.47497E-03
3.82290E+03 -2.48715E-03
3.82302E+03 -3.36501E-03
3.82315E+03 -4.09866E-03
3.82327E+03 -4.75195E-03
3.82339E+03 -5.01370E-03
3.82351E+03 -4.39025E-03
3.82363E+03 -2.92417E-03
3.82375E+03 -1.40921E-03
3.82387E+03 -6.65512E-04
3.82399E+03 -7.68345E-04
3.82411E+03 -1.20056E-03
3.82423E+03 -1.61427E-03
3.82435E+03 -2.13893E-03
3.82447E+03 -2.93068E-03
3.82459E+03 -3.72429E-03
3.82471E+03 -4.03085E-03
3.82483E+03 -3.65677E-03
3.82495E+03 -2.83228E-03
3.82507E+03 -1.88731E-03
3.82519E+03 -1.04930E-03
3.82532E+03 -6.01161E-04
3.82544E+03 -9.53365E-04
3.82556E+03 -2.27862E-03
3.82568E+03 -4.09783E-03
3.82580E+03 -5.45679E-03
3.82592E+03 -5.64539E-03
3.82604E+03 -4.71304E-03
3.82616E+03 -3.28952E-03
3.82628E+03 -2.04747E-03
3.82640E+03 -1.36067E-03
3.82652E+03 -1.24761E-03
3.82664E+03 -1.44253E-03
3.82676E+03 -1.60835E-03
3.82688E+03 -1.66158E-03
3.82700E+03 -1.84763E-03
3.82712E+03 -2.35436E-03
3.82724E+03 -2.93421E-03
3.82736E+03 -3.12997E-03
3.82749E+03 -2.84114E-03
3.82761E+03 -2.40699E-03
3.82773E+03 -2.11366E-03
3.82785E+03 -1.92364E-03
3.82797E+03 -1.81048E-03
3.82809E+03 -2.01795E-03
3.82821E+03 -2.66598E-03
3.82833E+03 -3.31323E-03
3.82845E+03 -3.34315E-03
3.82857E+03 -2.78285E-03
3.82869E+03 -2.34257E-03
3.82881E+03 -2.50804E-03
3.82893E+03 -2.91933E-03
3.82905E+03 -2.88320E-03
3.82917E+03 -2.28576E-03
3.82929E+03 -1.69124E-03
3.82941E+03 -1.59815E-03
3.82953E+03 -1.88611E-03
3.82966E+03 -2.08279E-03
3.82978E+03 -1.97719E-03
3.82990E+03 -1.80378E-03
3.83002E+03 -1.86481E-03
3.83014E+03 -2.11490E-03
3.83026E+03 -2.21239E-03
3.83038E+03 -1.97098E-03
3.83050E+03 -1.64813E-03
3.83062E+03 -1.65753E-03
3.83074E+03 -2.00453E-03
3.83086E+03 -2.18831E-03
3.83098E+03 -1.80022E-03
3.83110E+03 -1.09201E-03
3.83122E+03 -7.28339E-04
3.83134E+03 -9.99555E-04
3.83146E+03 -1.50422E-03
3.83158E+03 -1.68690E-03
3.83170E+03 -1.47317E-03
3.83182E+03 -1.19518E-03
3.83195E+03 -1.06155E-03
3.83207E+03 -9.75169E-04
3.83219E+03 -8.46833E-04
3.83231E+03 -8.20208E-04
3.83243E+03 -1.07617E-03
3.83255E+03 -1.56516E-03
3.83267E+03 -2.04913E-03
3.83279E+03 -2.31567E-03
3.83291E+03 -2.27601E-03
3.83303E+03 -1.96509E-03
3.83315E+03 -1.54870E-03
3.83327E+03 -1.24368E-03
3.83339E+03 -1.14030E-03
3.83351E+03 -1.18653E-03
3.83363E+03 -1.41881E-03
3.83375E+03 -2.02895E-03
3.83387E+03 -3.00068E-03
3.83399E+03 -3.83860E-03
3.83412E+03 -4.00229E-03
3.83424E+03 -3.61090E-03
3.83436E+03 -3.35520E-03
3.83448E+03 -3.57993E-03
3.83460E+03 -3.81831E-03
3.83472E+03 -3.50665E-03
3.83484E+03 -2.84722E-03
3.83496E+03 -2.51115E-03
3.83508E+03 -2.60596E-03
3.83520E+03 -2.48167E-03
3.83532E+03 -1.70437E-03
3.83544E+03 -7.83030E-04
3.83556E+03 -5.94128E-04
3.83568E+03 -1.29176E-03
3.83580E+03 -2.14610E-03
3.83592E+03 -2.42799E-03
3.83604E+03 -2.12577E-03
3.83616E+03 -1.71617E-03
3.83629E+03 -1.51079E-03
3.83641E+03 -1.43259E-03
3.83653E+03 -1.30446E-03
3.83665E+03 -1.09624E-03
3.83677E+03 -8.64752E-04
3.83689E+03 -6.77802E-04
3.83701E+03 -7.32072E-04
3.83713E+03 -1.36489E-03
3.83725E+03 -2.68214E-03
3.83737E+03 -4.20533E-03
3.83749E+03 -5.18289E-03
3.83761E+03 -5.37790E-03
3.83773E+03 -5.30818E-03
3.83785E+03 -5.49412E-03
3.83797E+03 -5.70355E-03
3.83809E+03 -5.32883E-03
3.83821E+03 -4.41260E-03
3.83833E+03 -3.78105E-03
3.83846E+03 -3.96297E-03
3.83858E+03 -4.39489E-03
3.83870E+03 -4.11244E-03
3.83882E+03 -3.03772E-03
3.83894E+03 -2.11516E-03
3.83906E+03 -2.17006E-03
3.83918E+03 -2.98902E-03
3.83930E+03 -3.62612E-03
3.83942E+03 -3.39827E-03
3.83954E+03 -2.44883E-03
3.83966E+03 -1.47463E-03
3.83978E+03 -1.05875E-03
3.83990E+03 -1.21773E-03
3.84002E+03 -1.50834E-03
3.84014E+03 -1.58774E-03
3.84026E+03 -1.62782E-03
3.84038E+03 -2.03978E-03
3.84050E+03 -2.81125E-03
3.84063E+03 -3.37560E-03
3.84075E+03 -3.30497E-03
3.84087E+03 -2.91663E-03
3.84099E+03 -2.88351E-03
3.84111E+03 -3.31778E-03
3.84123E+03 -3.59206E-03
3.84135E+03 -3.18054E-03
3.84147E+03 -2.40654E-03
3.84159E+03 -2.07922E-03
3.84171E+03 -2.47523E-03
3.84183E+03 -2.96446E-03
3.84195E+03 -2.70151E-03
3.84207E+03 -1.51356E-03
3.84219E+03 -2.75224E-05
3.84231E+03 9.51309E-04
3.84243E+03 1.05770E-03
3.84255E+03 4.74878E-04
3.84267E+03 -3.55586E-04
3.84280E+03 -1.04881E-03
3.84292E+03 -1.46034E-03
3.84304E+03 -1.66983E-03
3.84316E+03 -1.78992E-03
3.84328E+03 -1.78101E-03
3.84340E+03 -1.53053E-03
3.84352E+03 -1.13240E-03
3.84364E+03 -9.65841E-04
3.84376E+03 -1.37751E-03
3.84388E+03 -2.30378E-03
3.84400E+03 -3.26836E-03
3.84412E+03 -3.73727E-03
3.84424E+03 -3.48143E-03
3.84436E+03 -2.72892E-03
3.84448E+03 -2.06031E-03
3.84460E+03 -2.01226E-03
3.84472E+03 -2.58587E-03
3.84484E+03 -3.18534E-03
3.84497E+03 -3.20537E-03
3.84509E+03 -2.66876E-03
3.84521E+03 -2.11076E-03
3.84533E+03 -1.84851E-03
3.84545E+03 -1.65793E-03
3.84557E+03 -1.29230E-03
3.84569E+03 -1.01775E-03
3.84581E+03 -1.31543E-03
3.84593E+03 -2.15662E-03
3.84605E+03 -2.90149E-03
3.84617E+03 -3.00570E-03
3.84629E+03 -2.61224E-03
3.84641E+03 -2.30772E-03
3.84653E+03 -2.42255E-03
3.84665E+03 -2.71238E-03
3.84677E+03 -2.70167E-03
3.84689E+03 -2.26995E-03
3.84701E+03 -1.85643E-03
3.84714E+03 -2.02262E-03
3.84726E+03 -2.77591E-03
3.84738E+03 -3.43154E-03
3.84750E+03 -3.29341E-03
3.84762E+03 -2.44905E-03
3.84774E+03 -1.70198E-03
3.84786E+03 -1.67003E-03
3.84798E+03 -2.15757E-03
3.84810E+03 -2.53744E-03
3.84822E+03 -2.55215E-03
3.84834E+03 -2.48557E-03
3.84846E+03 -2.62295E-03
3.84858E+03 -2.85551E-03
3.84870E+03 -2.90826E-03
3.84882E+03 -2.73785E-03
3.84894E+03 -2.52492E-03
3.84906E+03 -2.37298E-03
3.84918E+03 -2.20721E-03
3.84930E+03 -1.97372E-03
3.84943E+03 -1.79838E-03
3.84955E+03 -1.86884E-03
3.84967E+03 -2.17789E-03
3.84979E+03 -2.41463E-03
3.84991E+03 -2.15555E-03
3.85003E+03 -1.25745E-03
3.85015E+03 -1.08842E-04
3.85027E+03 5.93711E-04
3.85039E+03 4.36082E-04
3.85051E+03 -3.26447E-04
3.85063E+03 -1.04323E-03
3.85075E+03 -1.30757E-03
3.85087E+03 -1.22707E-03
3.85099E+03 -1.13279E-03
3.85111E+03 -1.23556E-03
3.85123E+03 -1.61339E-03
3.85135E+03 -2.27493E-03
3.85147E+03 -3.00671E-03
3.85160E+03 -3.30600E-03
3.85172E+03 -2.79558E-03
3.85184E+03 -1.77358E-03
3.85196E+03 -1.13017E-03
3.85208E+03 -1.53543E-03
3.85220E+03 -2.73931E-03
3.85232E+03 -3.76817E-03
3.85244E+03 -3.78336E-03
3.85256E+03 -2.73924E-03
3.85268E+03 -1.33850E-03
3.85280E+03 -4.34257E-04
3.85292E+03 -4.05904E-04
3.85304E+03 -1.00482E-03
3.85316E+03 -1.70783E-03
3.85328E+03 -2.13609E-03
3.85340E+03 -2.15022E-03
3.85352E+03 -1.73867E-03
3.85364E+03 -1.05264E-03
3.85377E+03 -5.13058E-04
3.85389E+03 -5.73784E-04
3.85401E+03 -1.21289E-03
3.85413E+03 -1.84462E-03
3.85425E+03 -1.92514E-03
3.85437E+03 -1.51991E-03
3.85449E+03 -1.10247E-03
3.85461E+03 -9.49364E-04
3.85473E+03 -9.83909E-04
3.85485E+03 -1.09958E-03
3.85497E+03 -1.30998E-03
3.85509E+03 -1.58135E-03
3.85521E+03 -1.81763E-03
3.85533E+03 -2.05132E-03
3.85545E+03 -2.36600E-03
3.85557E+03 -2.58733E-03
3.85569E+03 -2.39524E-03
3.85581E+03 -1.88268E-03
3.85594E+03 -1.64445E-03
3.85606E+03 -2.03985E-03
3.85618E+03 -2.66366E-03
3.85630E+03 -2.89825E-03
3.85642E+03 -2.78059E-03
3.85654E+03 -2.88376E-03
3.85666E+03 -3.38728E-03
3.85678E+03 -3.73542E-03
3.85690E+03 -3.37245E-03
3.85702E+03 -2.47192E-03
3.85714E+03 -1.72700E-03
3.85726E+03 -1.63084E-03
3.85738E+03 -2.14651E-03
3.85750E+03 -2.91070E-03
3.85762E+03 -3.52416E-03
3.85774E+03 -3.69585E-03
3.85786E+03 -3.31659E-03
3.85798E+03 -2.47933E-03
3.85810E+03 -1.42905E-03
3.85823E+03 -5.18415E-04
3.85835E+03 -1.27625E-04
3.85847E+03 -3.97339E-04
3.85859E+03 -9.64962E-04
3.85871E+03 -1.18084E-03
3.85883E+03 -7.75658E-04
3.85895E+03 -2.08709E-04
3.85907E+03 -1.38268E-04
3.85919E+03 -6.12166E-04
3.85931E+03 -1.05554E-03
3.85943E+03 -1.06870E-03
3.85955E+03 -9.51368E-04
3.85967E+03 -1.26353E-03
3.85979E+03 -2.01283E-03
3.85991E+03 -2.53742E-03
3.86003E+03 -2.22384E-03
3.86015E+03 -1.19234E-03
3.86027E+03 -1.86317E-04
3.86040E+03 1.72388E-04
3.86052E+03 -8.84607E-05
3.86064E+03 -4.94994E-04
3.86076E+03 -7.47707E-04
3.86088E+03 -9.65714E-04
3.86100E+03 -1.34907E-03
3.86112E+03 -1.79804E-03
3.86124E+03 -2.02878E-03
3.86136E+03 -1.98607E-03
3.86148E+03 -1.94273E-03
3.86160E+03 -2.12741E-03
3.86172E+03 -2.38745E-03
3.86184E+03 -2.33939E-03
3.86196E+03 -1.84644E-03
3.86208E+03 -1.28281E-03
3.86220E+03 -1.24870E-03
3.86232E+03 -1.93488E-03
3.86244E+03 -2.77876E-03
3.86257E+03 -2.93560E-03
3.86269E+03 -2.22091E-03
3.86281E+03 -1.41975E-03
3.86293E+03 -1.44096E-03
3.86305E+03 -2.25059E-03
3.86317E+03 -2.93224E-03
3.86329E+03 -2.82971E-03
3.86341E+03 -2.27046E-03
3.86353E+03 -1.98497E-03
3.86365E+03 -2.15070E-03
3.86377E+03 -2.33287E-03
3.86389E+03 -2.17206E-03
3.86401E+03 -1.73508E-03
3.86413E+03 -1.25153E-03
3.86425E+03 -8.98909E-04
3.86437E+03 -8.84149E-04
3.86449E+03 -1.34229E-03
3.86461E+03 -2.00901E-03
3.86474E+03 -2.34935E-03
3.86486E+03 -2.25692E-03
3.86498E+03 -2.31857E-03
3.86510E+03 -3.02188E-03
3.86522E+03 -3.90854E-03
3.86534E+03 -3.96903E-03
3.86546E+03 -2.87502E-03
3.86558E+03 -1.45175E-03
3.86570E+03 -7.87403E-04
3.86582E+03 -1.13209E-03
3.86594E+03 -1.88509E-03
3.86606E+03 -2.42395E-03
3.86618E+03 -2.63928E-03
3.86630E+03 -2.76472E-03
3.86642E+03 -2.98247E-03
3.86654E+03 -3.28002E-03
3.86666E+03 -3.54546E-03
3.86678E+03 -3.67995E-03
3.86691E+03 -3.63721E-03
3.86703E+03 -3.41681E-03
3.86715E+03 -3.05891E-03
3.86727E+03 -2.66525E-03
3.86739E+03 -2.38711E-03
3.86751E+03 -2.31121E-03
3.86763E+03 -2.35622E-03
3.86775E+03 -2.38639E-03
3.86787E+03 -2.45004E-03
3.86799E+03 -2.76327E-03
3.86811E+03 -3.36107E-03
3.86823E+03 -3.88128E-03
3.86835E+03 -3.86172E-03
3.86847E+03 -3.22162E-03
3.86859E+03 -2.29886E-03
3.86871E+03 -1.44786E-03
3.86883E+03 -8.10243E-04
3.86895E+03 -4.90941E-04
3.86908E+03 -6.80916E-04
3.86920E+03 -1.39105E-03
3.86932E+03 -2.17970E-03
3.86944E+03 -2.39314E-03
3.86956E+03 -1.76320E-03
3.86968E+03 -6.84496E-04
3.86980E+03 1.53329E-04
3.86992E+03 3.41538E-04
3.87004E+03 -2.85506E-05
3.87016E+03 -5.88749E-04
3.87028E+03 -1.03370E-03
3.87040E+03 -1.28274E-03
3.87052E+03 -1.44833E-03
3.87064E+03 -1.70113E-03
3.87076E+03 -2.11946E-03
3.87088E+03 -2.62051E-03
3.87100E+03 -3.06389E-03
3.87112E+03 -3.44012E-03
3.87125E+03 -3.87406E-03
3.87137E+03 -4.34886E-03
3.87149E+03 -4.50575E-03
3.87161E+03 -3.95209E-03
3.87173E+03 -2.85679E-03
3.87185E+03 -2.02208E-03
3.87197E+03 -2.13023E-03
3.87209E+03 -2.99515E-03
3.87221E+03 -3.78863E-03
3.87233E+03 -3.94518E-03
3.87245E+03 -3.57148E-03
3.87257E+03 -2.98694E-03
3.87269E+03 -2.25948E-03
3.87281E+03 -1.42658E-03
3.87293E+03 -8.53743E-04
3.87305E+03 -9.57292E-04
3.87317E+03 -1.64550E-03
3.87329E+03 -2.38290E-03
3.87342E+03 -2.82671E-03
3.87354E+03 -3.10305E-03
3.87366E+03 -3.41488E-03
3.87378E+03 -3.70140E-03
3.87390E+03 -3.82368E-03
3.87402E+03 -3.82449E-03
3.87414E+03 -3.81770E-03
3.87426E+03 -3.80091E-03
3.87438E+03 -3.72720E-03
3.87450E+03 -3.57640E-03
3.87462E+03 -3.20756E-03
3.87474E+03 -2.40081E-03
3.87486E+03 -1.31549E-03
3.87498E+03 -6.70146E-04
3.87510E+03 -1.04387E-03
3.87522E+03 -2.05843E-03
3.87534E+03 -2.67638E-03
3.87546E+03 -2.36379E-03
3.87558E+03 -1.57824E-03
3.87571E+03 -1.02200E-03
3.87583E+03 -8.70768E-04
3.87595E+03 -9.80519E-04
3.87607E+03 -1.40029E-03
3.87619E+03 -2.18548E-03
3.87631E+03 -2.91361E-03
3.87643E+03 -2.94821E-03
3.87655E+03 -2.27599E-03
3.87667E+03 -1.68563E-03
3.87679E+03 -1.91666E-03
3.87691E+03 -2.88476E-03
3.87703E+03 -3.87790E-03
3.87715E+03 -4.27549E-03
3.87727E+03 -3.95052E-03
3.87739E+03 -3.20247E-03
3.87751E+03 -2.50883E-03
3.87763E+03 -2.19505E-03
3.87775E+03 -2.13675E-03
3.87788E+03 -1.89404E-03
3.87800E+03 -1.31678E-03
3.87812E+03 -8.62762E-04
3.87824E+03 -1.05608E-03
3.87836E+03 -1.74287E-03
3.87848E+03 -2.23504E-03
3.87860E+03 -2.19678E-03
3.87872E+03 -2.03652E-03
3.87884E+03 -2.28878E-03
3.87896E+03 -2.89861E-03
3.87908E+03 -3.32789E-03
3.87920E+03 -3.14807E-03
3.87932E+03 -2.32397E-03
3.87944E+03 -1.13399E-03
3.87956E+03 -7.94157E-05
3.87968E+03 2.89787E-04
3.87980E+03 -1.99452E-04
3.87992E+03 -1.08912E-03
3.88005E+03 -1.75494E-03
3.88017E+03 -2.08933E-03
3.88029E+03 -2.43101E-03
3.88041E+03 -2.83090E-03
3.88053E+03 -2.85836E-03
3.88065E+03 -2.32418E-03
3.88077E+03 -1.74972E-03
3.88089E+03 -1.68974E-03
3.88101E+03 -1.86247E-03
3.88113E+03 -1.51180E-03
3.88125E+03 -5.86528E-04
3.88137E+03 4.15184E-05
3.88149E+03 -2.63713E-04
3.88161E+03 -1.00688E-03
3.88173E+03 -1.22552E-03
3.88185E+03 -7.51499E-04
3.88197E+03 -3.60969E-04
3.88209E+03 -6.82283E-04
3.88222E+03 -1.43565E-03
3.88234E+03 -1.98563E-03
3.88246E+03 -2.29669E-03
3.88258E+03 -2.91301E-03
3.88270E+03 -4.00058E-03
3.88282E+03 -4.81009E-03
3.88294E+03 -4.39156E-03
3.88306E+03 -2.74780E-03
3.88318E+03 -9.91318E-04
3.88330E+03 -2.67763E-04
3.88342E+03 -7.15744E-04
3.88354E+03 -1.57705E-03
3.88366E+03 -2.09876E-03
3.88378E+03 -2.11214E-03
3.88390E+03 -1.90511E-03
3.88402E+03 -1.87923E-03
3.88414E+03 -2.32484E-03
3.88426E+03 -3.16956E-03
3.88439E+03 -3.81446E-03
3.88451E+03 -3.55173E-03
3.88463E+03 -2.40414E-03
3.88475E+03 -1.31526E-03
3.88487E+03 -1.21268E-03
3.88499E+03 -2.02568E-03
3.88511E+03 -2.90386E-03
3.88523E+03 -3.25572E-03
3.88535E+03 -3.16793E-03
3.88547E+03 -2.89182E-03
3.88559E+03 -2.47389E-03
3.88571E+03 -2.05647E-03
3.88583E+03 -2.06297E-03
3.88595E+03 -2.71159E-03
3.88607E+03 -3.58893E-03
3.88619E+03 -4.06347E-03
3.88631E+03 -3.98181E-03
3.88643E+03 -3.65597E-03
3.88655E+03 -3.32092E-03
3.88668E+03 -2.98489E-03
3.88680E+03 -2.75037E-03
3.88692E+03 -2.82587E-03
3.88704E+03 -3.10580E-03
3.88716E+03 -3.12234E-03
3.88728E+03 -2.63795E-03
3.88740E+03 -2.01628E-03
3.88752E+03 -1.72897E-03
3.88764E+03 -1.69641E-03
3.88776E+03 -1.48089E-03
3.88788E+03 -1.05070E-03
3.88800E+03 -9.42506E-04
3.88812E+03 -1.54795E-03
3.88824E+03 -2.53693E-03
3.88836E+03 -3.23203E-03
3.88848E+03 -3.40945E-03
3.88860E+03 -3.45951E-03
3.88872E+03 -3.77576E-03
3.88885E+03 -4.23623E-03
3.88897E+03 -4.42780E-03
3.88909E+03 -4.24949E-03
3.88921E+03 -4.06481E-03
3.88933E+03 -4.18323E-03
3.88945E+03 -4.33531E-03
3.88957E+03 -3.86316E-03
3.88969E+03 -2.50754E-03
3.88981E+03 -9.06494E-04
3.88993E+03 -1.48378E-04
3.89005E+03 -7.37380E-04
3.89017E+03 -2.04091E-03
3.89029E+03 -2.85336E-03
3.89041E+03 -2.53950E-03
3.89053E+03 -1.57361E-03
3.89065E+03 -9.20318E-04
3.89077E+03 -9.79409E-04
3.89089E+03 -1.29212E-03
3.89102E+03 -1.26108E-03
3.89114E+03 -9.22598E-04
3.89126E+03 -8.06969E-04
3.89138E+03 -1.14730E-03
3.89150E+03 -1.54367E-03
3.89162E+03 -1.51942E-03
3.89174E+03 -1.14084E-03
3.89186E+03 -8.32688E-04
3.89198E+03 -7.21309E-04
3.89210E+03 -5.28194E-04
3.89222E+03 -1.74776E-04
3.89234E+03 -1.05575E-04
3.89246E+03 -7.05756E-04
3.89258E+03 -1.60482E-03
3.89270E+03 -1.96796E-03
3.89282E+03 -1.51444E-03
3.89294E+03 -9.25772E-04
3.89306E+03 -1.10206E-03
3.89319E+03 -2.22778E-03
3.89331E+03 -3.73061E-03
3.89343E+03 -4.90623E-03
3.89355E+03 -5.28883E-03
3.89367E+03 -4.63087E-03
3.89379E+03 -3.03713E-03
3.89391E+03 -1.22434E-03
3.89403E+03 -2.32369E-04
3.89415E+03 -5.44738E-04
3.89427E+03 -1.61275E-03
3.89439E+03 -2.47508E-03
3.89451E+03 -2.75582E-03
3.89463E+03 -2.85060E-03
3.89475E+03 -3.24298E-03
3.89487E+03 -3.90309E-03
3.89499E+03 -4.35085E-03
3.89511E+03 -4.12088E-03
3.89523E+03 -3.17269E-03
3.89536E+03 -1.99679E-03
3.89548E+03 -1.25689E-03
3.89560E+03 -1.13531E-03
3.89572E+03 -1.12712E-03
3.89584E+03 -7.62261E-04
3.89596E+03 -4.34861E-04
3.89608E+03 -1.03890E-03
3.89620E+03 -2.65452E-03
3.89632E+03 -4.09202E-03
3.89644E+03 -4.10157E-03
3.89656E+03 -2.75367E-03
3.89668E+03 -1.21136E-03
3.89680E+03 -3.11725E-04
3.89692E+03 1.08916E-04
3.89704E+03 5.16772E-04
3.89716E+03 8.93332E-04
3.89728E+03 8.72005E-04
3.89740E+03 3.11166E-04
3.89753E+03 -5.86253E-04
3.89765E+03 -1.55157E-03
3.89777E+03 -2.41414E-03
3.89789E+03 -3.06022E-03
3.89801E+03 -3.44538E-03
3.89813E+03 -3.62937E-03
3.89825E+03 -3.66465E-03
3.89837E+03 -3.45734E-03
3.89849E+03 -2.84865E-03
3.89861E+03 -1.86479E-03
3.89873E+03 -8.33914E-04
3.89885E+03 -2.15404E-04
3.89897E+03 -2.74625E-04
3.89909E+03 -8.90147E-04
3.89921E+03 -1.69105E-03
3.89933E+03 -2.38724E-03
3.89945E+03 -2.89442E-03
3.89957E+03 -3.13075E-03
3.89970E+03 -2.92435E-03
3.89982E+03 -2.35661E-03
3.89994E+03 -2.00862E-03
3.90006E+03 -2.41169E-03
3.90018E+03 -3.21423E-03
3.90030E+03 -3.38444E-03
3.90042E+03 -2.49081E-03
3.90054E+03 -1.36526E-03
3.90066E+03 -1.07954E-03
3.90078E+03 -1.58861E-03
3.90090E+03 -1.96521E-03
3.90102E+03 -1.82516E-03
3.90114E+03 -1.85121E-03
3.90126E+03 -2.73664E-03
3.90138E+03 -4.12969E-03
3.90150E+03 -5.01918E-03
3.90162E+03 -4.89543E-03
3.90174E+03 -4.13643E-03
3.90186E+03 -3.38045E-03
3.90199E+03 -2.90186E-03
3.90211E+03 -2.64814E-03
3.90223E+03 -2.58822E-03
3.90235E+03 -2.77010E-03
3.90247E+03 -3.04646E-03
3.90259E+03 -2.95068E-03
3.90271E+03 -2.09484E-03
3.90283E+03 -7.63975E-04
3.90295E+03 1.12426E-04
3.90307E+03 -1.55941E-04
3.90319E+03 -1.22336E-03
3.90331E+03 -2.10068E-03
3.90343E+03 -2.26431E-03
3.90355E+03 -2.03714E-03
3.90367E+03 -1.86874E-03
3.90379E+03 -1.73628E-03
3.90391E+03 -1.50182E-03
3.90403E+03 -1.40533E-03
3.90416E+03 -1.75013E-03
3.90428E+03 -2.36269E-03
3.90440E+03 -2.84581E-03
3.90452E+03 -3.21529E-03
3.90464E+03 -3.78210E-03
3.90476E+03 -4.46564E-03
3.90488E+03 -4.73537E-03
3.90500E+03 -4.28341E-03
3.90512E+03 -3.31428E-03
3.90524E+03 -2.13732E-03
3.90536E+03 -9.77695E-04
3.90548E+03 -2.74844E-04
3.90560E+03 -5.17987E-04
3.90572E+03 -1.44311E-03
3.90584E+03 -1.97149E-03
3.90596E+03 -1.48522E-03
3.90608E+03 -7.40387E-04
3.90620E+03 -8.64808E-04
3.90633E+03 -1.73396E-03
3.90645E+03 -2.14806E-03
3.90657E+03 -1.60719E-03
3.90669E+03 -1.05143E-03
3.90681E+03 -1.52326E-03
3.90693E+03 -2.77112E-03
3.90705E+03 -3.67988E-03
3.90717E+03 -3.66950E-03
3.90729E+03 -3.08319E-03
3.90741E+03 -2.40381E-03
3.90753E+03 -1.72885E-03
3.90765E+03 -1.09072E-03
3.90777E+03 -7.76343E-04
3.90789E+03 -1.02732E-03
3.90801E+03 -1.62336E-03
3.90813E+03 -2.00462E-03
3.90825E+03 -1.79690E-03
3.90837E+03 -1.15954E-03
3.90850E+03 -6.55346E-04
3.90862E+03 -7.63450E-04
3.90874E+03 -1.41874E-03
3.90886E+03 -2.04206E-03
3.90898E+03 -2.14215E-03
3.90910E+03 -1.87435E-03
3.90922E+03 -1.84356E-03
3.90934E+03 -2.30975E-03
3.90946E+03 -2.79265E-03
3.90958E+03 -2.62922E-03
3.90970E+03 -1.78727E-03
3.90982E+03 -8.89950E-04
3.90994E+03 -4.67323E-04
3.91006E+03 -4.63858E-04
3.91018E+03 -5.93029E-04
3.91030E+03 -9.09995E-04
3.91042E+03 -1.70946E-03
3.91054E+03 -2.89503E-03
3.91067E+03 -3.79950E-03
3.91079E+03 -3.85990E-03
3.91091E+03 -3.33232E-03
3.91103E+03 -3.06316E-03
3.91115E+03 -3.52890E-03
3.91127E+03 -4.31006E-03
3.91139E+03 -4.57843E-03
3.91151E+03 -3.91497E-03
3.91163E+03 -2.53657E-03
3.91175E+03 -9.28249E-04
3.91187E+03 4.82198E-04
3.91199E+03 1.34510E-03
3.91211E+03 1.43436E-03
3.91223E+03 8.49094E-04
3.91235E+03 5.93998E-05
3.91247E+03 -4.36861E-04
3.91259E+03 -5.16102E-04
3.91271E+03 -4.50715E-04
3.91284E+03 -5.54536E-04
3.91296E+03 -8.94744E-04
3.91308E+03 -1.33841E-03
3.91320E+03 -1.77501E-03
3.91332E+03 -2.20090E-03
3.91344E+03 -2.60205E-03
3.91356E+03 -2.86420E-03
3.91368E+03 -2.89188E-03
3.91380E+03 -2.78202E-03
3.91392E+03 -2.75112E-03
3.91404E+03 -2.85817E-03
3.91416E+03 -2.96072E-03
3.91428E+03 -3.05322E-03
3.91440E+03 -3.45885E-03
3.91452E+03 -4.39552E-03
3.91464E+03 -5.38850E-03
3.91476E+03 -5.50191E-03
3.91488E+03 -4.35652E-03
3.91500E+03 -2.68073E-03
3.91513E+03 -1.62220E-03
3.91525E+03 -1.64064E-03
3.91537E+03 -2.31303E-03
3.91549E+03 -3.07553E-03
3.91561E+03 -3.72709E-03
3.91573E+03 -4.16324E-03
3.91585E+03 -4.07527E-03
3.91597E+03 -3.26179E-03
3.91609E+03 -2.07698E-03
3.91621E+03 -1.24072E-03
3.91633E+03 -1.18005E-03
3.91645E+03 -1.69089E-03
3.91657E+03 -2.21001E-03
3.91669E+03 -2.29375E-03
3.91681E+03 -1.88006E-03
3.91693E+03 -1.27909E-03
3.91705E+03 -9.56345E-04
3.91717E+03 -1.16811E-03
3.91730E+03 -1.72365E-03
3.91742E+03 -2.18685E-03
3.91754E+03 -2.33804E-03
3.91766E+03 -2.34277E-03
3.91778E+03 -2.43407E-03
3.91790E+03 -2.56274E-03
3.91802E+03 -2.51283E-03
3.91814E+03 -2.30363E-03
3.91826E+03 -2.28623E-03
3.91838E+03 -2.75615E-03
3.91850E+03 -3.54819E-03
3.91862E+03 -4.13344E-03
3.91874E+03 -4.14066E-03
3.91886E+03 -3.71937E-03
3.91898E+03 -3.33552E-03
3.91910E+03 -3.25492E-03
3.91922E+03 -3.35972E-03
3.91934E+03 -3.51077E-03
3.91947E+03 -3.89114E-03
3.91959E+03 -4.72036E-03
3.91971E+03 -5.65525E-03
3.91983E+03 -5.83657E-03
3.91995E+03 -4.81420E-03
3.92007E+03 -3.28650E-03
3.92019E+03 -2.55159E-03
3.92031E+03 -3.14917E-03
3.92043E+03 -4.29765E-03
3.92055E+03 -4.80553E-03
3.92067E+03 -4.34881E-03
3.92079E+03 -3.59742E-03
3.92091E+03 -3.19873E-03
3.92103E+03 -3.02575E-03
3.92115E+03 -2.55328E-03
3.92127E+03 -1.68374E-03
3.92139E+03 -8.71446E-04
3.92151E+03 -4.79545E-04
3.92164E+03 -3.43524E-04
3.92176E+03 -1.27863E-04
3.92188E+03 9.76473E-05
3.92200E+03 -9.23611E-05
3.92212E+03 -8.81795E-04
3.92224E+03 -1.94465E-03
3.92236E+03 -2.79959E-03
3.92248E+03 -3.23548E-03
3.92260E+03 -3.25534E-03
3.92272E+03 -2.82651E-03
3.92284E+03 -2.01110E-03
3.92296E+03 -1.30208E-03
3.92308E+03 -1.44343E-03
3.92320E+03 -2.65392E-03
3.92332E+03 -4.13281E-03
3.92344E+03 -4.59129E-03
3.92356E+03 -3.42576E-03
3.92368E+03 -1.33855E-03
3.92381E+03 2.63270E-04
3.92393E+03 4.73153E-04
3.92405E+03 -4.45392E-04
3.92417E+03 -1.49363E-03
3.92429E+03 -1.94049E-03
3.92441E+03 -1.80984E-03
3.92453E+03 -1.47940E-03
3.92465E+03 -1.08279E-03
3.92477E+03 -5.15334E-04
3.92489E+03 1.11412E-04
3.92501E+03 3.56670E-04
3.92513E+03 -7.71321E-05
3.92525E+03 -9.63960E-04
3.92537E+03 -1.78761E-03
3.92549E+03 -2.21125E-03
3.92561E+03 -2.20948E-03
3.92573E+03 -1.90320E-03
3.92585E+03 -1.49889E-03
3.92598E+03 -1.33321E-03
3.92610E+03 -1.70456E-03
3.92622E+03 -2.53440E-03
3.92634E+03 -3.31129E-03
3.92646E+03 -3.49976E-03
3.92658E+03 -3.02446E-03
3.92670E+03 -2.36680E-03
3.92682E+03 -2.18809E-03
3.92694E+03 -2.76158E-03
3.92706E+03 -3.65543E-03
3.92718E+03 -4.00735E-03
3.92730E+03 -3.26745E-03
3.92742E+03 -1.76245E-03
3.92754E+03 -4.99837E-04
3.92766E+03 -3.73527E-04
3.92778E+03 -1.48466E-03
3.92790E+03 -3.05491E-03
3.92802E+03 -3.91496E-03
3.92815E+03 -3.31499E-03
3.92827E+03 -1.60630E-03
3.92839E+03 -1.36778E-04
3.92851E+03 -1.29376E-04
3.92863E+03 -1.46543E-03
3.92875E+03 -2.77149E-03
3.92887E+03 -2.87183E-03
3.92899E+03 -1.94814E-03
3.92911E+03 -1.09451E-03
3.92923E+03 -9.83629E-04
3.92935E+03 -1.32883E-03
3.92947E+03 -1.56746E-03
3.92959E+03 -1.63617E-03
3.92971E+03 -1.88949E-03
3.92983E+03 -2.50971E-03
3.92995E+03 -3.24130E-03
3.93007E+03 -3.64900E-03
3.93019E+03 -3.49243E-03
3.93031E+03 -2.87601E-03
3.93044E+03 -2.12014E-03
3.93056E+03 -1.47409E-03
3.93068E+03 -9.43877E-04
3.93080E+03 -4.74583E-04
3.93092E+03 -2.82370E-04
3.93104E+03 -7.82203E-04
3.93116E+03 -1.98692E-03
3.93128E+03 -3.10758E-03
3.93140E+03 -3.08165E-03
3.93152E+03 -1.66148E-03
3.93164E+03 1.93987E-04
3.93176E+03 1.22907E-03
3.93188E+03 1.11685E-03
3.93200E+03 5.50181E-04
3.93212E+03 2.05241E-04
3.93224E+03 -3.04580E-05
3.93236E+03 -6.18082E-04
3.93248E+03 -1.50148E-03
3.93261E+03 -2.11587E-03
3.93273E+03 -2.21802E-03
3.93285E+03 -2.23986E-03
3.93297E+03 -2.63399E-03
3.93309E+03 -3.24318E-03
3.93321E+03 -3.64167E-03
3.93333E+03 -3.83272E-03
3.93345E+03 -4.15746E-03
3.93357E+03 -4.57671E-03
3.93369E+03 -4.53267E-03
3.93381E+03 -3.72365E-03
3.93393E+03 -2.68470E-03
3.93405E+03 -2.29353E-03
3.93417E+03 -2.80762E-03
3.93429E+03 -3.62473E-03
3.93441E+03 -3.98888E-03
3.93453E+03 -3.77340E-03
3.93465E+03 -3.48859E-03
3.93478E+03 -3.57696E-03
3.93490E+03 -3.84843E-03
3.93502E+03 -3.77358E-03
3.93514E+03 -3.35538E-03
3.93526E+03 -3.41312E-03
3.93538E+03 -4.60099E-03
3.93550E+03 -6.22501E-03
3.93562E+03 -6.58758E-03
3.93574E+03 -4.80273E-03
3.93586E+03 -1.95157E-03
3.93598E+03 -4.93824E-05
3.93610E+03 -3.66196E-06
3.93622E+03 -1.00012E-03
3.93634E+03 -1.78031E-03
3.93646E+03 -1.96005E-03
3.93658E+03 -1.96284E-03
3.93670E+03 -2.14035E-03
3.93682E+03 -2.35685E-03
3.93695E+03 -2.30479E-03
3.93707E+03 -1.92272E-03
3.93719E+03 -1.48966E-03
3.93731E+03 -1.42010E-03
3.93743E+03 -1.87814E-03
3.93755E+03 -2.47350E-03
3.93767E+03 -2.49634E-03
3.93779E+03 -1.68215E-03
3.93791E+03 -6.49400E-04
3.93803E+03 -3.43166E-04
3.93815E+03 -1.08988E-03
3.93827E+03 -2.40477E-03
3.93839E+03 -3.65114E-03
3.93851E+03 -4.53316E-03
3.93863E+03 -4.88974E-03
3.93875E+03 -4.47870E-03
3.93887E+03 -3.34018E-03
3.93899E+03 -2.14199E-03
3.93912E+03 -1.70570E-03
3.93924E+03 -2.16014E-03
3.93936E+03 -2.87725E-03
3.93948E+03 -3.26017E-03
3.93960E+03 -3.24581E-03
3.93972E+03 -2.97254E-03
3.93984E+03 -2.39709E-03
3.93996E+03 -1.55327E-03
3.94008E+03 -8.81709E-04
3.94020E+03 -8.31906E-04
3.94032E+03 -1.21346E-03
3.94044E+03 -1.38296E-03
3.94056E+03 -1.14021E-03
3.94068E+03 -1.03509E-03
3.94080E+03 -1.58089E-03
3.94092E+03 -2.49110E-03
3.94104E+03 -3.00605E-03
3.94116E+03 -2.79462E-03
3.94129E+03 -2.23210E-03
3.94141E+03 -1.84797E-03
3.94153E+03 -1.79325E-03
3.94165E+03 -1.88036E-03
3.94177E+03 -1.88097E-03
3.94189E+03 -1.67698E-03
3.94201E+03 -1.29937E-03
3.94213E+03 -9.35737E-04
3.94225E+03 -7.90298E-04
3.94237E+03 -8.62677E-04
3.94249E+03 -9.81461E-04
3.94261E+03 -1.13807E-03
3.94273E+03 -1.63976E-03
3.94285E+03 -2.73890E-03
3.94297E+03 -4.13851E-03
3.94309E+03 -5.05248E-03
3.94321E+03 -4.87123E-03
3.94333E+03 -3.75092E-03
3.94346E+03 -2.50489E-03
3.94358E+03 -1.89556E-03
3.94370E+03 -2.01714E-03
3.94382E+03 -2.34048E-03
3.94394E+03 -2.34682E-03
3.94406E+03 -2.08830E-03
3.94418E+03 -2.06509E-03
3.94430E+03 -2.56902E-03
3.94442E+03 -3.26462E-03
3.94454E+03 -3.48695E-03
3.94466E+03 -2.91574E-03
3.94478E+03 -1.86952E-03
3.94490E+03 -9.28640E-04
3.94502E+03 -3.66144E-04
3.94514E+03 -2.18675E-05
3.94526E+03 3.10425E-04
3.94538E+03 4.97572E-04
3.94550E+03 2.08978E-04
3.94562E+03 -5.70521E-04
3.94575E+03 -1.33163E-03
3.94587E+03 -1.53126E-03
3.94599E+03 -1.23395E-03
3.94611E+03 -1.08290E-03
3.94623E+03 -1.57186E-03
3.94635E+03 -2.51675E-03
3.94647E+03 -3.35886E-03
3.94659E+03 -3.81431E-03
3.94671E+03 -4.02340E-03
3.94683E+03 -4.18087E-03
3.94695E+03 -4.30138E-03
3.94707E+03 -4.36728E-03
3.94719E+03 -4.45561E-03
3.94731E+03 -4.59874E-03
3.94743E+03 -4.69050E-03
3.94755E+03 -4.66297E-03
3.94767E+03 -4.60975E-03
3.94779E+03 -4.57751E-03
3.94792E+03 -4.35394E-03
3.94804E+03 -3.69468E-03
3.94816E+03 -2.74579E-03
3.94828E+03 -2.01184E-03
3.94840E+03 -1.81520E-03
3.94852E+03 -1.95668E-03
3.94864E+03 -2.02439E-03
3.94876E+03 -1.90185E-03
3.94888E+03 -1.79648E-03
3.94900E+03 -1.81689E-03
3.94912E+03 -1.73819E-03
3.94924E+03 -1.30121E-03
3.94936E+03 -6.36887E-04
3.94948E+03 -2.20299E-04
3.94960E+03 -3.52416E-04
3.94972E+03 -7.87072E-04
3.94984E+03 -9.68762E-04
3.94996E+03 -6.38127E-04
3.95009E+03 -1.21493E-04
3.95021E+03 2.66694E-05
3.95033E+03 -4.21308E-04
3.95045E+03 -1.23747E-03
3.95057E+03 -2.06659E-03
3.95069E+03 -2.65354E-03
3.95081E+03 -2.77507E-03
3.95093E+03 -2.22444E-03
3.95105E+03 -1.09153E-03
3.95117E+03 5.89676E-05
3.95129E+03 5.53519E-04
3.95141E+03 2.22109E-04
3.95153E+03 -5.15625E-04
3.95165E+03 -1.18905E-03
3.95177E+03 -1.71239E-03
3.95189E+03 -2.18665E-03
3.95201E+03 -2.53102E-03
3.95213E+03 -2.57684E-03
3.95226E+03 -2.43631E-03
3.95238E+03 -2.45925E-03
3.95250E+03 -2.71647E-03
3.95262E+03 -2.75520E-03
3.95274E+03 -2.09020E-03
3.95286E+03 -8.87144E-04
3.95298E+03 4.13582E-05
3.95310E+03 -2.00048E-06
3.95322E+03 -9.00783E-04
3.95334E+03 -1.89520E-03
3.95346E+03 -2.36386E-03
3.95358E+03 -2.31994E-03
3.95370E+03 -2.13037E-03
3.95382E+03 -1.96332E-03
3.95394E+03 -1.72874E-03
3.95406E+03 -1.47168E-03
3.95418E+03 -1.48950E-03
3.95430E+03 -1.91336E-03
3.95443E+03 -2.39733E-03
3.95455E+03 -2.45214E-03
3.95467E+03 -1.99026E-03
3.95479E+03 -1.36296E-03
3.95491E+03 -9.51946E-04
3.95503E+03 -9.07224E-04
3.95515E+03 -1.18062E-03
3.95527E+03 -1.56160E-03
3.95539E+03 -1.73148E-03
3.95551E+03 -1.57764E-03
3.95563E+03 -1.46114E-03
3.95575E+03 -1.85372E-03
3.95587E+03 -2.64373E-03
3.95599E+03 -3.16210E-03
3.95611E+03 -3.02068E-03
3.95623E+03 -2.52572E-03
3.95635E+03 -2.03048E-03
3.95647E+03 -1.31843E-03
3.95659E+03 -1.19932E-04
3.95672E+03 1.04649E-03
3.95684E+03 1.21404E-03
3.95696E+03 1.89159E-04
3.95708E+03 -1.09565E-03
3.95720E+03 -1.60009E-03
3.95732E+03 -1.19277E-03
3.95744E+03 -4.82958E-04
3.95756E+03 -1.00650E-04
3.95768E+03 -4.40877E-04
3.95780E+03 -1.67977E-03
3.95792E+03 -3.52317E-03
3.95804E+03 -5.10198E-03
3.95816E+03 -5.58200E-03
3.95828E+03 -4.89242E-03
3.95840E+03 -3.61318E-03
3.95852E+03 -2.28773E-03
3.95864E+03 -1.18989E-03
3.95876E+03 -6.13976E-04
3.95889E+03 -8.21605E-04
3.95901E+03 -1.53806E-03
3.95913E+03 -1.97545E-03
3.95925E+03 -1.71411E-03
3.95937E+03 -1.29982E-03
3.95949E+03 -1.58637E-03
3.95961E+03 -2.63237E-03
3.95973E+03 -3.64043E-03
3.95985E+03 -3.95231E-03
3.95997E+03 -3.72072E-03
3.96009E+03 -3.47829E-03
3.96021E+03 -3.36152E-03
3.96033E+03 -3.05818E-03
3.96045E+03 -2.41792E-03
3.96057E+03 -1.79724E-03
3.96069E+03 -1.67417E-03
3.96081E+03 -2.08551E-03
3.96093E+03 -2.62665E-03
3.96106E+03 -2.97843E-03
3.96118E+03 -3.23280E-03
3.96130E+03 -3.57056E-03
3.96142E+03 -3.77629E-03
3.96154E+03 -3.37779E-03
3.96166E+03 -2.34783E-03
3.96178E+03 -1.43615E-03
3.96190E+03 -1.53001E-03
3.96202E+03 -2.65819E-03
3.96214E+03 -3.83318E-03
3.96226E+03 -3.99803E-03
3.96238E+03 -3.04914E-03
3.96250E+03 -1.86252E-03
3.96262E+03 -1.37575E-03
3.96274E+03 -1.74819E-03
3.96286E+03 -2.42405E-03
3.96298E+03 -2.87135E-03
3.96310E+03 -3.08309E-03
3.96323E+03 -3.33216E-03
3.96335E+03 -3.62080E-03
3.96347E+03 -3.61087E-03
3.96359E+03 -3.10249E-03
3.96371E+03 -2.33272E-03
3.96383E+03 -1.65808E-03
3.96395E+03 -1.14179E-03
3.96407E+03 -7.05883E-04
3.96419E+03 -5.45464E-04
3.96431E+03 -9.85235E-04
3.96443E+03 -1.84344E-03
3.96455E+03 -2.33659E-03
3.96467E+03 -1.93572E-03
3.96479E+03 -1.13129E-03
3.96491E+03 -9.60667E-04
3.96503E+03 -1.76702E-03
3.96515E+03 -2.77107E-03
3.96527E+03 -2.99477E-03
3.96540E+03 -2.35775E-03
3.96552E+03 -1.65317E-03
3.96564E+03 -1.54372E-03
3.96576E+03 -1.84886E-03
3.96588E+03 -1.91296E-03
3.96600E+03 -1.48490E-03
3.96612E+03 -1.02079E-03
3.96624E+03 -1.13388E-03
3.96636E+03 -1.94245E-03
3.96648E+03 -3.06183E-03
3.96660E+03 -4.04545E-03
3.96672E+03 -4.59547E-03
3.96684E+03 -4.47612E-03
3.96696E+03 -3.63347E-03
3.96708E+03 -2.51408E-03
3.96720E+03 -1.89080E-03
3.96732E+03 -2.08177E-03
3.96744E+03 -2.58848E-03
3.96757E+03 -2.81974E-03
3.96769E+03 -2.88519E-03
3.96781E+03 -3.19697E-03
3.96793E+03 -3.52123E-03
3.96805E+03 -3.14990E-03
3.96817E+03 -2.10055E-03
3.96829E+03 -1.38784E-03
3.96841E+03 -1.68119E-03
3.96853E+03 -2.28102E-03
3.96865E+03 -2.03749E-03
3.96877E+03 -9.29020E-04
3.96889E+03 -2.76044E-05
3.96901E+03 -2.34880E-05
3.96913E+03 -5.01845E-04
3.96925E+03 -7.71251E-04
3.96937E+03 -7.86550E-04
3.96949E+03 -9.86557E-04
3.96961E+03 -1.63861E-03
3.96974E+03 -2.60253E-03
3.96986E+03 -3.43367E-03
3.96998E+03 -3.55046E-03
3.97010E+03 -2.65394E-03
3.97022E+03 -1.22459E-03
3.97034E+03 -3.06685E-04
3.97046E+03 -4.99394E-04
3.97058E+03 -1.36730E-03
3.97070E+03 -2.10211E-03
3.97082E+03 -2.43566E-03
3.97094E+03 -2.53319E-03
3.97106E+03 -2.36971E-03
3.97118E+03 -1.82239E-03
3.97130E+03 -1.25755E-03
3.97142E+03 -1.39189E-03
3.97154E+03 -2.42525E-03
3.97166E+03 -3.73225E-03
3.97178E+03 -4.53608E-03
3.97191E+03 -4.56344E-03
3.97203E+03 -4.00143E-03
3.97215E+03 -3.24190E-03
3.97227E+03 -2.81311E-03
3.97239E+03 -3.08958E-03
3.97251E+03 -3.74272E-03
3.97263E+03 -3.82802E-03
3.97275E+03 -2.82926E-03
3.97287E+03 -1.42840E-03
3.97299E+03 -8.40697E-04
3.97311E+03 -1.46361E-03
3.97323E+03 -2.49713E-03
3.97335E+03 -2.83350E-03
3.97347E+03 -2.04267E-03
3.97359E+03 -5.67809E-04
3.97371E+03 6.72005E-04
3.97383E+03 8.60479E-04
3.97395E+03 -1.03407E-04
3.97407E+03 -1.42555E-03
3.97420E+03 -2.11999E-03
3.97432E+03 -2.00160E-03
3.97444E+03 -1.78631E-03
3.97456E+03 -2.13727E-03
3.97468E+03 -2.90852E-03
3.97480E+03 -3.51270E-03
3.97492E+03 -3.69433E-03
3.97504E+03 -3.59866E-03
3.97516E+03 -3.32522E-03
3.97528E+03 -2.87828E-03
3.97540E+03 -2.51368E-03
3.97552E+03 -2.64591E-03
3.97564E+03 -3.21956E-03
3.97576E+03 -3.50538E-03
3.97588E+03 -2.82812E-03
3.97600E+03 -1.38472E-03
3.97612E+03 -1.12090E-04
3.97624E+03 2.44901E-04
3.97637E+03 -2.27429E-04
3.97649E+03 -8.84436E-04
3.97661E+03 -1.29529E-03
3.97673E+03 -1.64532E-03
3.97685E+03 -2.39206E-03
3.97697E+03 -3.52890E-03
3.97709E+03 -4.32629E-03
3.97721E+03 -4.01641E-03
3.97733E+03 -2.74323E-03
3.97745E+03 -1.59280E-03
3.97757E+03 -1.49759E-03
3.97769E+03 -2.24309E-03
3.97781E+03 -2.79410E-03
3.97793E+03 -2.47178E-03
3.97805E+03 -1.50551E-03
3.97817E+03 -5.54707E-04
3.97829E+03 -9.44585E-05
3.97841E+03 -2.81107E-04
3.97854E+03 -9.68061E-04
3.97866E+03 -1.63735E-03
3.97878E+03 -1.68306E-03
3.97890E+03 -1.09088E-03
3.97902E+03 -5.89486E-04
3.97914E+03 -8.13406E-04
3.97926E+03 -1.49597E-03
3.97938E+03 -1.81836E-03
3.97950E+03 -1.38925E-03
3.97962E+03 -4.87149E-04
3.97974E+03 5.03976E-04
3.97986E+03 1.37724E-03
3.97998E+03 1.86339E-03
3.98010E+03 1.67182E-03
3.98022E+03 9.72353E-04
3.98034E+03 3.66334E-04
3.98046E+03 1.25039E-04
3.98058E+03 -1.26678E-04
3.98071E+03 -6.88672E-04
3.98083E+03 -1.24050E-03
3.98095E+03 -1.44858E-03
3.98107E+03 -1.69058E-03
3.98119E+03 -2.49884E-03
3.98131E+03 -3.51738E-03
3.98143E+03 -3.81213E-03
3.98155E+03 -3.27872E-03
3.98167E+03 -2.96731E-03
3.98179E+03 -3.66233E-03
3.98191E+03 -4.78720E-03
3.98203E+03 -5.24846E-03
3.98215E+03 -4.89854E-03
3.98227E+03 -4.50620E-03
3.98239E+03 -4.48111E-03
3.98251E+03 -4.34544E-03
3.98263E+03 -3.60868E-03
3.98275E+03 -2.61113E-03
3.98288E+03 -2.14031E-03
3.98300E+03 -2.46578E-03
3.98312E+03 -3.08570E-03
3.98324E+03 -3.35484E-03
3.98336E+03 -3.12791E-03
3.98348E+03 -2.75946E-03
3.98360E+03 -2.57992E-03
3.98372E+03 -2.44343E-03
3.98384E+03 -1.88071E-03
3.98396E+03 -7.88201E-04
3.98408E+03 1.49075E-04
3.98420E+03 -8.44151E-06
3.98432E+03 -1.39590E-03
3.98444E+03 -3.04770E-03
3.98456E+03 -3.82475E-03
3.98468E+03 -3.52497E-03
3.98480E+03 -2.83687E-03
3.98492E+03 -2.38149E-03
3.98504E+03 -2.21819E-03
3.98517E+03 -2.24022E-03
3.98529E+03 -2.53695E-03
3.98541E+03 -3.08647E-03
3.98553E+03 -3.43886E-03
3.98565E+03 -3.14900E-03
3.98577E+03 -2.40364E-03
3.98589E+03 -1.80500E-03
3.98601E+03 -1.53550E-03
3.98613E+03 -1.16845E-03
3.98625E+03 -4.87864E-04
3.98637E+03 -6.54273E-05
3.98649E+03 -5.89486E-04
3.98661E+03 -1.77921E-03
3.98673E+03 -2.44998E-03
3.98685E+03 -1.83601E-03
3.98697E+03 -5.22017E-04
3.98709E+03 2.09715E-04
3.98721E+03 -2.23413E-04
3.98734E+03 -1.19384E-03
3.98746E+03 -1.74896E-03
3.98758E+03 -1.70838E-03
3.98770E+03 -1.67641E-03
3.98782E+03 -2.07203E-03
3.98794E+03 -2.53047E-03
3.98806E+03 -2.48858E-03
3.98818E+03 -2.08389E-03
3.98830E+03 -1.98526E-03
3.98842E+03 -2.29391E-03
3.98854E+03 -2.18998E-03
3.98866E+03 -1.10869E-03
3.98878E+03 1.44303E-04
3.98890E+03 1.36413E-04
3.98902E+03 -1.36100E-03
3.98914E+03 -2.96777E-03
3.98926E+03 -3.38002E-03
3.98938E+03 -2.84970E-03
3.98951E+03 -2.54148E-03
3.98963E+03 -2.90741E-03
3.98975E+03 -3.36463E-03
3.98987E+03 -3.37002E-03
3.98999E+03 -3.09009E-03
3.99011E+03 -2.91578E-03
3.99023E+03 -2.91441E-03
3.99035E+03 -3.03929E-03
3.99047E+03 -3.44476E-03
3.99059E+03 -4.21530E-03
3.99071E+03 -5.01661E-03
3.99083E+03 -5.36820E-03
3.99095E+03 -5.17061E-03
3.99107E+03 -4.71591E-03
3.99119E+03 -4.25200E-03
3.99131E+03 -3.75021E-03
3.99143E+03 -3.08583E-03
3.99155E+03 -2.32163E-03
3.99168E+03 -1.81858E-03
3.99180E+03 -2.05334E-03
3.99192E+03 -3.14851E-03
3.99204E+03 -4.50457E-03
3.99216E+03 -5.11253E-03
3.99228E+03 -4.47873E-03
3.99240E+03 -3.13344E-03
3.99252E+03 -1.97110E-03
3.99264E+03 -1.21958E-03
3.99276E+03 -4.01702E-04
3.99288E+03 7.69086E-04
3.99300E+03 1.87849E-03
3.99312E+03 2.30945E-03
3.99324E+03 1.90708E-03
3.99336E+03 9.86047E-04
3.99348E+03 -9.15900E-05
3.99360E+03 -1.12040E-03
3.99372E+03 -2.00846E-03
3.99385E+03 -2.75405E-03
3.99397E+03 -3.42383E-03
3.99409E+03 -4.00228E-03
3.99421E+03 -4.33923E-03
3.99433E+03 -4.36328E-03
3.99445E+03 -4.25203E-03
3.99457E+03 -4.26245E-03
3.99469E+03 -4.49444E-03
3.99481E+03 -4.91762E-03
3.99493E+03 -5.42712E-03
3.99505E+03 -5.67488E-03
3.99517E+03 -5.11052E-03
3.99529E+03 -3.63430E-03
3.99541E+03 -2.14867E-03
3.99553E+03 -1.91561E-03
3.99565E+03 -3.12535E-03
3.99577E+03 -4.49724E-03
3.99589E+03 -4.66536E-03
3.99602E+03 -3.70668E-03
3.99614E+03 -2.88790E-03
3.99626E+03 -3.08174E-03
3.99638E+03 -3.96154E-03
3.99650E+03 -4.76198E-03
3.99662E+03 -5.23581E-03
3.99674E+03 -5.51441E-03
3.99686E+03 -5.43303E-03
3.99698E+03 -4.59016E-03
3.99710E+03 -3.08716E-03
3.99722E+03 -1.73363E-03
3.99734E+03 -1.26826E-03
3.99746E+03 -1.58300E-03
3.99758E+03 -1.93577E-03
3.99770E+03 -1.81024E-03
3.99782E+03 -1.36117E-03
3.99794E+03 -1.06883E-03
3.99806E+03 -1.17830E-03
3.99819E+03 -1.55710E-03
3.99831E+03 -1.95368E-03
3.99843E+03 -2.24614E-03
3.99855E+03 -2.46738E-03
3.99867E+03 -2.69432E-03
3.99879E+03 -2.94249E-03
3.99891E+03 -3.13279E-03
3.99903E+03 -3.14448E-03
3.99915E+03 -2.90840E-03
3.99927E+03 -2.44923E-03
3.99939E+03 -1.85572E-03
3.99951E+03 -1.26177E-03
3.99963E+03 -8.70619E-04
3.99975E+03 -9.11858E-04
3.99987E+03 -1.45102E-03
3.99999E+03 -2.21149E-03
4.00011E+03 -2.69755E-03
