# {"full": "CO:CH3OH:CH3CHO (20:20:1)", "name": "CO:CH3OH:CH3CHO", "ratio": "(20:20:1)", "url": "https://icedb.strw.leidenuniv.nl/data/86", "author": "J. Terwisscha van Scheltinga", "latex_molname": "$\\ce{CO}$:$\\ce{CH3OH}$:$\\ce{CH3CHO}$ (20:20:1)", "temperature": 15.0, "index": 879}
499.955141 -0.00106227853801235
500.437258 -0.00187429834921686
500.919374 -0.00125031173736303
501.401491 -0.0012843158087562
501.883608 -0.00266730780650245
502.365725 -0.00289028492811111
502.847842 -4.36244371091521E-4
503.329958 0.00202681662126513
503.812075 0.00248290094296201
504.294192 0.00273401135075334
504.776309 0.00382415064712976
505.258426 0.00411632163458196
505.740543 0.00253152711560058
506.222659 5.27698465000379E-5
506.704776 -0.00157594727796257
507.186893 -0.00165962150139256
507.66901 -5.39250021299263E-4
508.151127 0.00118316996480796
508.633243 0.00192364121275503
509.11536 7.80166618246998E-4
509.597477 -1.62510627809039E-5
510.079594 0.00139539097216198
510.561711 0.00345009552556633
511.043828 0.00465186539992279
511.525944 0.00539170335027921
512.008061 0.00544161227386189
512.490178 0.00434659492586287
512.972295 0.00312065410877282
513.454412 0.00277979262508241
513.936528 0.00317101322903124
514.418645 0.003857318819433
514.900762 0.00457871215070057
515.382879 0.00529419602532463
515.864996 0.00605177324579583
516.347113 0.00649344661460485
516.829229 0.00599621888482959
517.311346 0.00436209295757226
517.793463 0.00261207158611891
518.27558 0.00191915757296024
518.757697 0.00126335372058688
519.239813 -1.80337219051176E-4
519.72193 -2.5391234262492E-4
520.204047 0.00214763110205285
520.686164 0.00463429591747279
521.168281 0.00509608490612556
521.650398 0.00402800087050183
522.132514 0.00286404656100623
522.614631 0.0023822248840236
523.096748 0.00293153859023065
523.578865 0.00417899048211804
524.060982 0.00505758336217646
524.543098 0.00546431997936287
525.025215 0.00579320324292834
525.507332 0.005808235902131
525.989449 0.00614442075946153
526.471566 0.00745476061741058
526.953683 0.00871725827846882
527.435799 0.00892891648966422
527.917916 0.007889738164071
528.400033 0.00600772604905315
528.88215 0.00456288294710134
529.364267 0.00437821166070623
529.846383 0.00523971493512844
530.3285 0.00657339568694782
530.810617 0.00758025666179009
531.292734 0.00777630066214592
531.774851 0.00710853049050595
532.256968 0.00548894894936087
532.739084 0.00292555878165865
533.221201 4.53629085695323E-5
533.703318 -0.00150763592655851
534.185435 -5.25434921234833E-4
534.667552 0.00188696872703124
535.149668 0.00365457775910063
535.631785 0.00426839510028864
536.113902 0.00469742349188522
536.596019 0.00609766573638104
537.078136 0.00883112463626677
537.560253 0.0111538029940331
538.042369 0.0105787035478446
538.524486 0.00736382922837428
539.006603 0.00408218277425075
539.48872 0.00240676698796462
539.970837 0.0016945846720066
540.452953 5.34638562134492E-4
540.93507 -8.22068406194167E-4
541.417187 -0.00133653349672856
541.899304 -0.00102775390697802
542.381421 3.10273165548113E-4
542.863538 0.00261655052334051
543.345654 0.00357208089907706
543.827771 0.0016848672343403
544.309888 -4.6908773766401E-4
544.792005 2.43218761995276E-4
545.274122 0.00264478817752824
545.756238 0.00287061985591677
546.238355 6.14713192044748E-4
546.720472 -4.28932635675942E-4
547.202589 0.00101268162314225
547.684706 0.00240555521888691
548.166823 0.00249168740194561
548.648939 0.00281307734695939
549.131056 0.00443572445527638
549.613173 0.00629862790207169
550.09529 0.00601978693773289
550.577407 0.00236320081264752
551.059523 -0.00221013130119016
551.54164 -0.00414820999713062
552.023757 -0.00370103610265335
552.505874 -0.00335461036737081
552.987991 -0.0023289335408954
553.470108 0.00156899362716044
553.952224 0.0059511703056661
554.434341 0.00686159590753013
554.916458 0.00515326960213888
555.398575 0.00325119063987989
555.880692 0.00125635827114073
556.362808 4.87771662229523E-4
556.844925 0.00323243023118518
557.327042 0.00786333314482496
557.809159 0.0102844796535364
558.291276 0.00938886900770711
558.773393 0.00785250045772466
559.255509 0.00785937316687485
559.737626 0.00850548655925048
560.219743 0.00837983979863721
560.70186 0.0077564321354226
561.183977 0.00733726281999422
561.666093 0.00721433101316217
562.14821 0.00718463614397849
562.630327 0.00715017737374532
563.112444 0.00709195395285022
563.594561 0.00667796513168077
564.076678 0.00547821016062456
564.558794 0.00387368819757201
565.040911 0.00276939867742378
565.523028 0.00240434075855303
566.005145 0.00235351369134735
566.487262 0.00231991672619429
566.969378 0.00254554901859408
567.451495 0.00327541000823562
567.933612 0.00410249885109407
568.415729 0.00486381479755697
568.897846 0.00588635709801192
569.379963 0.00678912500284649
569.862079 0.00723211766474388
570.344196 0.00771833452903634
570.826313 0.00798977474887268
571.30843 0.00723743757464048
571.790547 0.00617832225672729
572.272663 0.0060614279455116
572.75478 0.00655275409094292
573.236897 0.00668529984385751
573.719014 0.00648606445464298
574.201131 0.00659304717368689
574.683248 0.00700024725137681
575.165364 0.00702766383537681
575.647481 0.00661329638107451
576.129598 0.00643214403658249
576.611715 0.00693820605228831
577.093832 0.00809448167857956
577.575948 0.00925597006090108
578.058065 0.0095656706590867
578.540182 0.00889058261902202
579.022299 0.00787470519109459
579.504416 0.00737603762569201
579.986533 0.00765457917320182
580.468649 0.00810632897645714
580.950766 0.00832428650052463
581.432883 0.00861345088866878
581.915 0.00918982139127719
582.397117 0.00992039725873741
582.879233 0.0107521776317488
583.36135 0.0115921619796533
583.843467 0.0119353494435739
584.325584 0.0113727392738982
584.807701 0.0104113307210136
585.289818 0.00996212303530787
585.771934 0.0102201153549712
586.254051 0.010658307154373
586.736168 0.0107846975721179
587.218285 0.0106522858585935
587.700402 0.0107580712641872
588.182518 0.0112760529250412
588.664635 0.0117152303196291
589.146752 0.0117496025844995
589.628869 0.01170616897004
590.110986 0.011927928726638
590.593103 0.0123838811046813
591.075219 0.0128430252379053
591.557336 0.013030360609606
592.039453 0.0129848863539162
592.52157 0.0131236017212234
593.003687 0.0136255059619152
593.485803 0.0142425982077645
593.96792 0.0147358779460004
594.450037 0.0151103443087852
594.932154 0.0154809965465064
595.414271 0.0157528339095516
595.896388 0.0156198556483084
596.378504 0.0151070608922458
596.860621 0.0147404491332099
597.342738 0.01483101950105
597.824855 0.0151177712461534
598.306972 0.0153647036189079
598.789088 0.0156068157469051
599.271205 0.0159051071257535
599.753322 0.0163855768834172
600.235439 0.0170072242702837
600.717556 0.0173590485367406
601.199673 0.0172030489331756
601.681789 0.016818224584979
602.163906 0.0166095749921711
602.646023 0.0167310992805055
603.12814 0.0171247967003698
603.610257 0.0176376665021514
604.092373 0.0181027078094493
604.57449 0.0183759201258748
605.056607 0.0183143025753819
605.538724 0.0180038544083583
606.020841 0.0178285748751915
606.502958 0.0180044632262691
606.985074 0.0184365185830912
607.467191 0.0188667404534759
607.949308 0.0189741279592693
608.431425 0.0187706803508589
608.913542 0.0186203968786322
609.395658 0.0186872766623834
609.877775 0.0188413192133506
610.359892 0.0190425236516657
610.842009 0.0193848892277165
611.324126 0.0198594151918905
611.806243 0.0202901007945753
612.288359 0.0204879451535689
612.770476 0.0204529477841107
613.252593 0.0203741078043275
613.73471 0.020426424464607
614.216827 0.0206928970153366
614.698943 0.0211155245726939
615.18106 0.0214363066551671
615.663177 0.0214942423792549
616.145294 0.0214873309953447
616.627411 0.021610571753824
617.109528 0.0218129639050805
617.591644 0.0220265065633982
618.073761 0.0222411992510617
618.555878 0.0224270410826666
619.037995 0.0226210313086005
619.520112 0.022897169179251
620.002228 0.0232134538073669
620.484345 0.0234718847183109
620.966462 0.0236884610251357
621.448579 0.023880181978229
621.930696 0.0239640468279783
622.412813 0.0239560548247712
622.894929 0.0240192050795656
623.377046 0.0241794971213153
623.859163 0.0243459300612728
624.34128 0.0245445031498257
624.823397 0.0248372156373615
625.305514 0.025166066774268
625.78763 0.0254670556697681
626.269747 0.0257331818562947
626.751864 0.025892444443356
627.233981 0.0258868426813398
627.716098 0.0258563758206335
628.198214 0.0259910429690574
628.680331 0.0262418436618578
629.162448 0.0264347770071325
629.644565 0.0265788422552689
630.126682 0.0268040386566547
630.608799 0.0270373654616775
631.090915 0.0271058217765252
631.573032 0.027127407139718
632.055149 0.027389120657712
632.537266 0.0278399615808947
633.019383 0.0281579291596538
633.501499 0.0282820224988599
633.983616 0.0284202411396756
634.465733 0.028684584187232
634.94785 0.0289860508919165
635.429967 0.0292116405041168
635.912084 0.0294043522742204
636.3942 0.0297221853055684
636.876317 0.030148139142392
637.358434 0.0305002128882831
637.840551 0.0307174057936294
638.322668 0.0308857171088185
638.804784 0.0310641459359595
639.286901 0.031275691821755
639.769018 0.0315163538685576
640.251135 0.0317271313267548
640.733252 0.0319140234467341
641.215369 0.0322050294788832
641.697485 0.0325971485238842
642.179602 0.032905380131303
642.661719 0.0330527234020559
643.143836 0.0331691775865303
643.625953 0.0333547419351139
644.108069 0.0335664155473424
644.590186 0.0337921979750824
645.072303 0.0341030883180958
645.55442 0.0344530858267701
646.036537 0.0347051897514931
646.518654 0.0348473993426521
647.00077 0.0349797136984587
647.482887 0.0351661323734375
647.965004 0.0353806544660166
648.447121 0.0355722792265837
648.929238 0.0357590059055264
649.411354 0.0360058335999951
649.893471 0.036301761866644
650.375588 0.0365707898028327
650.857705 0.0367629166589488
651.339822 0.0369211416853799
651.821939 0.0371144641325135
652.304055 0.0373238830962784
652.786172 0.0374823981357816
653.268289 0.0376380083471515
653.750406 0.0379137129807759
654.232523 0.0382915112870421
654.714639 0.0385914023609038
655.196756 0.0387013857634262
655.678873 0.0387684605897548
656.16099 0.0390366260902773
656.643107 0.039511881515381
657.125224 0.0398982261154537
657.60734 0.0399736589843296
658.089457 0.0399121796853218
658.571574 0.0400117873124471
659.053691 0.0402554811160932
659.535808 0.0404332603466476
660.017924 0.0405451240970549
660.500041 0.0407610719324153
660.982158 0.0411011029458484
661.464275 0.0413862163877417
661.946392 0.0415024115084827
662.428509 0.041561687558459
662.910625 0.0417260436295986
663.392742 0.0419704792890443
663.874859 0.0421419936288896
664.356976 0.042231585899522
664.839093 0.0423712553513291
665.321209 0.0425990010754346
665.803326 0.0427728226405977
666.285443 0.0427357191380998
666.76756 0.0424376898183285
667.249677 0.0420347339316713
667.731794 0.0418588507285158
668.21391 0.0420790392990718
668.696027 0.0425272992139355
669.178144 0.0430076295634653
669.660261 0.0434470295980486
670.142378 0.043755498568073
670.624494 0.0438610355630295
671.106611 0.0438576401549598
671.588728 0.0439463114334954
672.070845 0.044168048649024
672.552962 0.0443978510519332
673.035079 0.0445727178926104
673.517195 0.0447086482597355
673.999312 0.0448176417269819
674.481429 0.0449126973831606
674.963546 0.0449728144786593
675.445663 0.0449569922638656
675.927779 0.0449352298268257
676.409896 0.0450165267424877
676.892013 0.0451928820990214
677.37413 0.0453642951468146
677.856247 0.0454607651362546
678.338364 0.0455272913177291
678.82048 0.0456408727785759
679.302597 0.0457855090951695
679.784714 0.0459021993549619
680.266831 0.0460099428083406
680.748948 0.0461547387056932
681.231064 0.0462915861338096
681.713181 0.0463034846701679
682.195298 0.0461924334016643
682.677415 0.0461264315786865
683.159532 0.046182478451622
683.641649 0.0462465732708583
684.123765 0.0462667151225796
684.605882 0.0463159035854849
685.087999 0.0464051377458553
685.570116 0.0464814168540786
686.052233 0.0465127401605421
686.534349 0.0465141067509676
687.016466 0.0465415162049867
687.498583 0.0466069676084103
687.9807 0.0466374602116261
688.462817 0.0466039932650216
688.944934 0.0465945660189844
689.42705 0.0466521775587327
689.909167 0.0466878274649143
690.391284 0.0466415148228275
690.873401 0.0465652388828597
691.355518 0.0465569988953987
691.837634 0.046657793945286
692.319751 0.0467726236139304
692.801868 0.0467784869862458
693.283985 0.0467193833126197
693.766102 0.0467193118434398
694.248219 0.0467732718290935
694.730335 0.0467812623540216
695.212452 0.0467242830004441
695.694569 0.0466553328528645
696.176686 0.0465814111616704
696.658803 0.0464895171772494
697.140919 0.046408649983751
697.623036 0.0463898091639854
698.105153 0.0464459938021571
698.58727 0.0464992031486537
699.069387 0.0464714364538628
699.551504 0.0463966929681721
700.03362 0.0463519717754327
700.515737 0.0463592724590605
700.997854 0.0463935941029527
701.479971 0.0464039359574968
701.962088 0.0463772972730804
702.444204 0.0463596771333491
702.926321 0.0463570751221379
703.408438 0.0463164903231305
703.890555 0.0462389219867144
704.372672 0.0462013693632772
704.854789 0.0462328317032065
705.336905 0.0462473080899523
705.819022 0.0461557981077501
706.301139 0.0460033008400786
706.783256 0.0459258155373254
707.265373 0.0459693414498781
707.747489 0.0460278776610666
708.229606 0.0460034237553744
708.711723 0.0459359788161524
709.19384 0.0459035420937881
709.675957 0.0458841128386691
710.158074 0.045831690301183
710.64019 0.0457892735645667
711.122307 0.0458208622134989
711.604424 0.0458804553312284
712.086541 0.0458510521681425
712.568658 0.0457216519746289
713.050774 0.0456352538338898
713.532891 0.0456878573306812
714.015008 0.0458004615482092
714.497125 0.0458530657368612
714.979242 0.045838669147025
715.461359 0.045804271029088
715.943475 0.0457388704662622
716.425592 0.0456244670432935
716.907709 0.0455070598433884
717.389826 0.0454536481169343
717.871943 0.045482231114319
718.354059 0.045533807918805
718.836176 0.0455363781150446
719.318293 0.045509940786287
719.80041 0.04551949518292
720.282527 0.0455530405553311
720.764644 0.0455325761539078
721.24676 0.0454191010620253
721.728877 0.0453056148641202
722.210994 0.045327116643545
722.693111 0.0454536056506873
723.175228 0.0454990811359347
723.657344 0.0453715421827986
724.139461 0.0451749883754508
724.621578 0.0450444187973724
725.103695 0.0449908326989508
725.585812 0.0449662293305737
726.067929 0.0449466079426287
726.550045 0.0449359676188421
727.032162 0.0449343079429651
727.514279 0.0449266279986845
727.996396 0.0448879270363878
728.478513 0.0448572043064625
728.960629 0.044888458892857
729.442746 0.0449026903788864
729.924863 0.0447918978484515
730.40698 0.04464208055194
730.889097 0.0446432377397393
731.371214 0.0447963686622371
731.85333 0.0449314724036991
732.335447 0.0449565485468148
732.817564 0.0449385961757933
733.299681 0.0449396145410221
733.781798 0.0449056028928887
734.263914 0.0447895603159663
734.746031 0.0446604863923375
735.228148 0.0446303802065108
735.710265 0.0446852410088739
736.192382 0.0447020680498141
736.674499 0.0446308605797193
737.156615 0.0445666176835826
737.638732 0.0445903389426556
738.120849 0.0446460234418577
738.602966 0.0446386704315765
739.085083 0.0445842791621996
739.567199 0.044571848719113
740.049316 0.0446113786827906
740.531433 0.0445928681385366
741.01355 0.0444603163367387
741.495667 0.0443247225277845
741.977784 0.0443130859620616
742.4599 0.0443904057254788
742.942017 0.0444146813974736
743.424134 0.044332912063864
743.906251 0.0442350969750374
744.388368 0.0442152353813814
744.870484 0.0442383263692835
745.352601 0.0442193695172319
745.834718 0.0441723639115152
746.316835 0.044158308802521
746.798952 0.0441602034406369
747.281069 0.0441280470762504
747.763185 0.0440588387963743
748.245302 0.0440165781782555
748.727419 0.0440632643087985
749.209536 0.044149896438391
749.691653 0.0441634738174206
750.173769 0.0441149955334639
750.655886 0.0440954611626478
751.138003 0.0441078697924329
751.62012 0.0440762206732069
752.102237 0.0439855130553574
752.584354 0.0439057461892719
753.06647 0.0438669191632552
753.548587 0.0438230315519873
754.030704 0.0437660824436476
754.512821 0.0437430710886238
754.994938 0.0437759967373035
755.477054 0.0438458584786408
755.959171 0.0438816558860246
756.441288 0.0438223880482761
756.923405 0.0437290542157829
757.405522 0.0437196536389326
757.887639 0.0437811855681126
758.369755 0.0437796490931079
758.851872 0.0436570437856554
759.333989 0.0435503687353976
759.816106 0.0435916231927221
760.298223 0.0436848064080164
760.780339 0.0437029174718003
761.262456 0.0436829559543487
761.744573 0.0436689209460311
762.22669 0.0436288116972352
762.708807 0.0435846274583486
763.190924 0.0435743674797588
763.67304 0.0435860308529188
764.155157 0.0436456171462463
764.637274 0.0437541254510349
765.119391 0.0437865550176722
765.601508 0.0437049050965457
766.083624 0.0436561747799289
766.565741 0.0436883636346063
767.047858 0.0436904707526843
767.529975 0.0436454953845502
768.012092 0.0436694367805919
768.494209 0.0438002941911967
768.976325 0.0439300667096742
769.458442 0.0439487539007462
769.940559 0.0438863548575458
770.422676 0.0438608688304604
770.904793 0.0439082950698776
771.386909 0.0439446326700129
771.869026 0.0439198811937839
772.351143 0.0439080397352219
772.83326 0.0439981075447143
773.315377 0.0441150838726487
773.797494 0.0440839679694128
774.27961 0.0439267589303604
774.761727 0.0438544563161415
775.243844 0.0439400592219166
775.725961 0.0440285668980731
776.208078 0.0439819785949986
776.690194 0.0438632934090385
777.172311 0.0438295108988678
777.654428 0.0438806301606303
778.136545 0.0438506504447137
778.618662 0.0437005710015055
779.100779 0.0435903910813933
779.582895 0.0436091097819637
780.065012 0.0436507266594185
780.547129 0.0436112408111336
781.029246 0.0435296514874965
781.511363 0.0434869579388949
781.993479 0.0434601592639922
782.475596 0.0433762550168442
782.957713 0.0432422442958958
783.43983 0.0431681263515348
783.921947 0.0432019004341485
784.404064 0.0432005657941246
784.88618 0.0430231215314704
785.368297 0.0427785671975635
785.850414 0.0426819018921832
786.332531 0.0427491248657172
786.814648 0.0428222353685529
787.296764 0.0427872325018603
787.778881 0.0426701158146995
788.260998 0.0425638844080049
788.743115 0.0424985375321639
789.225232 0.0424230744375641
789.707349 0.0423314943745931
790.189465 0.042307796445867
790.671582 0.0423579801975628
791.153699 0.0423590447320517
791.635816 0.0422589892997212
792.117933 0.0421558131509589
792.600049 0.042147515389629
793.082166 0.0421790955594201
793.564283 0.0421155527639437
794.0464 0.0419678862535873
794.528517 0.0418750952787385
795.010634 0.041862179089785
795.49275 0.0418241367921398
795.974867 0.0417229679264029
796.456984 0.0416356715977255
796.939101 0.0416472470564951
797.421218 0.0417346935530993
797.903334 0.0417670101942848
798.385451 0.0416831965179923
798.867568 0.0415952516306987
799.349685 0.0415891747827915
799.831802 0.0415849652246583
800.313919 0.0414916222066867
800.796035 0.041367144837275
801.278152 0.04133453265107
801.760269 0.0413917847561908
802.242386 0.0414119004030251
802.724503 0.0413338788419603
803.20662 0.0412507193233841
803.688736 0.0412394209574024
804.170853 0.0412359832752561
804.65297 0.0411454053867626
805.135087 0.0410056865423096
805.617204 0.0409338259922845
806.09932 0.040963822848259
806.581437 0.0410036766385504
807.063554 0.040979386474434
807.545671 0.0409419516062975
808.027788 0.0409463712845284
808.509905 0.0409336447595142
808.992021 0.0408587711446368
809.474138 0.0407957499646023
809.956255 0.0408365803324872
810.438372 0.0409362614986788
810.920489 0.0409507927135647
811.402605 0.0408261730920782
811.884722 0.0406834021558306
812.366839 0.0406414790194416
812.848956 0.0406514029332988
813.331073 0.0405891731477898
813.81319 0.0404557889133021
814.295306 0.0403792493466817
814.777423 0.0404065539657237
815.25954 0.0404347018869514
815.741657 0.0403836923607522
816.223774 0.0403095246375138
816.70589 0.0403011978357188
817.188007 0.0403267114698967
817.670124 0.0402830646581996
818.152241 0.0401682566510151
818.634358 0.0401142866987308
819.116475 0.0401861540517343
819.598591 0.0402508578305236
820.080708 0.0401663975456065
820.562825 0.0400007723171416
821.044942 0.0399359813955162
821.527059 0.039993024031118
822.009175 0.0399998993461673
822.491292 0.0398706068477352
822.973409 0.0397381456576946
823.455526 0.039709515026433
823.937643 0.0396887142043379
824.41976 0.039583742441797
824.901876 0.0394795988631486
825.383993 0.0394962829712372
825.86611 0.0395927938900442
826.348227 0.0396221308699571
826.830344 0.0395372931613636
827.31246 0.0394392798904099
827.794577 0.0394070905563324
828.276694 0.0393787242849128
828.758811 0.0392801803265386
829.240928 0.0391684579315974
829.723045 0.0391565563504766
830.205161 0.0392204747115433
830.687278 0.039225212509602
831.169395 0.0391187688726454
831.651512 0.0389971430510613
832.133629 0.038950334295237
832.615745 0.0389493417354329
833.097862 0.0389301648626747
833.579979 0.0388978028068406
834.062096 0.0388882548183184
834.544213 0.0388865201474955
835.02633 0.0388205980447595
835.508446 0.0386764876426939
835.990563 0.0385451884276872
836.47268 0.0385086995319317
836.954797 0.038527020205815
837.436914 0.0385001496997246
837.91903 0.0384090871482228
838.401147 0.0383448320337483
838.883264 0.0383563834904643
839.365381 0.0383507407687586
839.847498 0.0382449031190186
840.329615 0.0381188697916319
840.811731 0.0380846399235868
841.293848 0.0381042129924793
841.775965 0.0380465881348893
842.258082 0.0378807646012046
842.740199 0.0377227416418126
843.222315 0.0376705183957658
843.704432 0.0376700943365395
844.186549 0.0376134686027703
844.668666 0.0375126404448456
845.150783 0.0374686091131531
845.6329 0.0374883738580802
846.115016 0.0374629338212082
846.597133 0.0373452884709644
847.07925 0.0372344369485046
847.561367 0.0372163785042164
848.043484 0.0372341123884873
848.5256 0.0371816377450483
849.007717 0.0370679540380348
849.489834 0.0369940604107448
849.971951 0.0369719561135657
850.454068 0.0368956403968852
850.936185 0.0367361125110908
851.418301 0.0365993716025445
851.900418 0.036561417130129
852.382535 0.036563248239764
852.864652 0.0364988641818368
853.346769 0.0363612642067352
853.828885 0.0362714474630566
854.311002 0.0362914134052205
854.793119 0.0363131611813742
855.275236 0.0362296900419053
855.757353 0.0360949992372013
856.23947 0.0360080880176499
856.721586 0.0359749555345821
857.203703 0.0359316012369595
857.68582 0.0358530242756536
858.167937 0.0357752239010521
858.650054 0.0357361993635426
859.13217 0.035691949816777
859.614287 0.0355664747050828
860.096404 0.0353887731816449
860.578521 0.0352888444968507
861.060638 0.0352976879010878
861.542755 0.0352653026447439
862.024871 0.0351126878843073
862.506988 0.034979843058442
862.989105 0.03497676732316
863.471222 0.0349984599288487
863.953339 0.0349129201258957
864.435455 0.0347701470731959
864.917572 0.0346941402046082
865.399689 0.0346668986785431
865.881806 0.0345694217453882
866.363923 0.034386708655531
866.84604 0.0342427586593591
867.328156 0.0342145709187063
867.810273 0.0342231448615631
868.29239 0.0341544796492693
868.774507 0.0340245745322128
869.256624 0.0339314287607809
869.73874 0.0338760414992996
870.220857 0.0337834121707829
870.702974 0.0336515399390553
871.185091 0.0335574240545041
871.667208 0.0335420637675172
872.149325 0.0335614583284819
872.631441 0.0335376069047657
873.113558 0.0334625089133089
873.595675 0.0333961635209681
874.077792 0.0333485699781308
874.559909 0.0332467275351846
875.042025 0.0330756353620744
875.524142 0.0329312928705933
876.006259 0.0329006992301676
876.488376 0.0329288536911849
876.970493 0.0329047555040327
877.45261 0.0328284039190986
877.934726 0.0327837981094716
878.416843 0.0327809374806658
878.89896 0.0327478212052425
879.381077 0.032633448533589
879.863194 0.0324838187160931
880.34531 0.0323799309285067
880.827427 0.0323207845710257
881.309544 0.0322283788188666
881.791661 0.0320837129224167
882.273778 0.0319667861320639
882.755895 0.0319335976981954
883.238011 0.0319181467998104
883.720128 0.0318364328306202
884.202245 0.0317184549690789
884.684362 0.0316532124655738
885.166479 0.0316257045704927
885.648595 0.0315399304655828
886.130712 0.0313798895390665
886.612829 0.0312325809721384
887.094946 0.0311570040151861
887.577063 0.031089157918597
888.05918 0.0309450419327589
888.541296 0.0307626552427684
889.023413 0.0306369972301584
889.50553 0.0305600670794636
889.987647 0.0304488640410715
890.469764 0.0302733873653697
890.95188 0.030102636240289
891.433997 0.030016610041702
891.916114 0.0299463079569695
892.398231 0.0297587292364792
892.880348 0.0295088731306186
893.362465 0.0293667388897752
893.844581 0.029336325705332
894.326698 0.0292486329462668
894.808815 0.029020659803383
895.290932 0.0287774055270685
895.773049 0.0286598693677105
896.255165 0.0286170505196117
896.737282 0.0285029483459184
897.219399 0.0283025620403462
897.701516 0.0281128908532824
898.183633 0.0279819340351148
898.66575 0.0278576908362308
899.147866 0.0276971604544876
899.629983 0.0275323422459316
900.1121 0.0274242354078235
900.594217 0.0273618391905509
901.076334 0.0272581528445015
901.55845 0.0270801755705372
902.040567 0.0269259067187023
902.522684 0.0268553454892547
903.004801 0.0267524911325821
903.486918 0.026525342899072
903.969035 0.0262759000391119
904.451151 0.0261321617572213
904.933268 0.0260591273961391
905.415385 0.0259397961597713
905.897502 0.0257451672985053
906.379619 0.0255542400627289
906.861735 0.0254390136600518
907.343852 0.0253554874270398
907.825969 0.0251996605706815
908.308086 0.0249705323413646
908.790203 0.0247841019894765
909.27232 0.0246803687654049
909.754436 0.0245573318805197
910.236553 0.0243329906638758
910.71867 0.0240943443262127
911.200787 0.0239663921179179
911.682904 0.023902133289379
912.16502 0.0237565670551419
912.647137 0.0235216927379173
913.129254 0.0233175095516129
913.611371 0.0231920167466162
914.093488 0.0230562135733147
914.575605 0.0228490992820961
915.057721 0.0226386730913689
915.539838 0.022517934316128
916.021955 0.0224348821741342
916.504072 0.0222585159157751
916.986189 0.0220018347914383
917.468305 0.0218178380227938
917.950422 0.0217445249183212
918.432539 0.0216458946990351
918.914656 0.0214379466153232
919.396773 0.0212016799175729
919.87889 0.0210570938561719
920.361006 0.0209851876567554
920.843123 0.020861960619882
921.32524 0.020648411970522
921.807357 0.0204495409590632
922.289474 0.020346346835893
922.77159 0.0202538288299938
923.253707 0.0200439862352377
923.735824 0.0197598182799346
924.217941 0.019551324214472
924.700058 0.0194315032892375
925.182175 0.0192913547546186
925.664291 0.0191158778436655
926.146408 0.0189940718421241
926.628525 0.0189389359823625
927.110642 0.0188374695147685
927.592759 0.0186156716897295
928.074875 0.0183665417437283
928.556992 0.0182220789556533
929.039109 0.0181712825612977
929.521226 0.0180741518110489
930.003343 0.0178616859552947
930.48546 0.0176388842444225
930.967576 0.0175247459190855
931.449693 0.0174602702498406
931.93181 0.017304456476642
932.413927 0.0170673038498773
932.896044 0.0168928116199341
933.37816 0.0168169790309836
933.860277 0.0167198053465542
934.342394 0.0165282898101106
934.824511 0.0163164316720403
935.306628 0.0161712301827309
935.788745 0.0160576845925699
936.270861 0.0158887941500017
936.752978 0.0156715581100179
937.235095 0.0154969757203468
937.717212 0.0153970462313761
938.199329 0.0152927688934931
938.681445 0.015113142958746
939.163562 0.0149181676749268
939.645679 0.0147998422933598
940.127796 0.0147311660644325
940.609913 0.0145951382385325
941.09203 0.0143737580660473
941.574146 0.0141790248034005
942.056263 0.0140599376896424
942.53838 0.0139304959804634
943.020497 0.013731698926251
943.502614 0.0135395457773929
943.98473 0.0134430357940018
944.466847 0.0133941682077574
944.948964 0.0132579422780316
945.431081 0.0130083572552118
945.913198 0.0127734123896857
946.395315 0.0126501069318408
946.877431 0.0125714401462682
947.359548 0.0124274112557003
947.841665 0.0122370195239779
948.323782 0.0120992642014885
948.805899 0.0120231445386198
949.288015 0.0119036598037375
949.770132 0.0116818092120324
950.252249 0.0114475920311122
950.734366 0.0113080075113645
951.216483 0.0112220549031769
951.6986 0.0110807334569369
952.180716 0.0108870424455911
952.662833 0.0107309810751779
953.14495 0.0106335486178767
953.627067 0.0105067443240749
954.109184 0.0103075674441602
954.5913 0.0101090172549393
955.073417 0.00998409295473802
955.555534 0.00988179381958812
956.037651 0.00970911909987705
956.519768 0.00949306804599244
957.001885 0.00935163990832186
957.484001 0.00930683396835556
957.966118 0.00922764941506175
958.448235 0.00899908552914624
958.930352 0.00869614156099657
959.412469 0.00849681676100035
959.894585 0.00841411041459351
960.376702 0.00829202170286068
960.858819 0.00806854991044556
961.340936 0.0078596942877357
961.823053 0.00774845408511866
962.30517 0.00765182855298205
962.787286 0.00746981698154796
963.269403 0.00725541854233802
963.75152 0.00712263252477276
964.233637 0.00704945817923977
964.715754 0.00691589475612661
965.19787 0.00670094154968658
965.679987 0.00650559772338669
966.162104 0.00637986257067089
966.644221 0.00624873534192676
967.126338 0.00603921528754187
967.608455 0.00580730165790377
968.090571 0.00565099375215458
968.572688 0.00555729072399307
969.054805 0.00542319187174264
969.536922 0.00521669644579086
970.019039 0.00501580369652531
970.501155 0.00487851292720475
970.983272 0.00475982328330234
971.465389 0.00458473406725046
971.947506 0.0043732445294366
972.429623 0.00422035392024842
972.91174 0.0041380614900734
973.393856 0.00399736654716178
973.875973 0.00373626822701321
974.35809 0.0034837658370422
974.840207 0.00336685862763617
975.322324 0.00330254584918277
975.80444 0.00314482681413437
976.286557 0.00290470064959404
976.768674 0.00271916666717058
977.250791 0.00263722411725159
977.732908 0.00255687225022462
978.215025 0.00238111031647728
978.697141 0.00215893763355587
979.179258 0.00199635331838487
979.661375 0.00188235668765771
980.143492 0.001704946991762
980.625609 0.00145712348108533
981.107726 0.00126388540601521
981.589842 0.00116723208924806
982.071959 0.0010531626374176
982.554076 8.59676372358009E-4
983.036193 6.79772544456822E-4
983.51831 5.94450404101637E-4
984.000426 5.34709278323206E-4
984.482543 4.04548265094298E-4
984.96466 2.38966690575604E-4
985.446777 1.39963805154769E-4
985.928894 1.31538859219335E-4
986.411011 1.24691103156896E-4
986.893127 2.64198692507545E-5
987.375244 -1.25275135887254E-4
987.857361 -1.92389744607793E-4
988.339478 -1.34918111920776E-4
988.821595 -6.38543870044028E-5
989.303711 -3.71926328805172E-5
989.785828 4.70728297758544E-5
990.267945 2.72947937114937E-4
990.750062 5.57438539958668E-4
991.232179 7.99550489128761E-4
991.714296 0.00104928963544715
992.196412 0.00144866192060428
992.678529 0.0020346730144276
993.160646 0.00270632885785255
993.642763 0.00338863530170097
994.12488 0.00415459819679469
994.606996 0.00512122348841747
995.089113 0.00628851683914952
995.57123 0.00755948419358025
996.053347 0.00890713140253151
996.535464 0.0104234643168251
997.017581 0.0121504887872829
997.499697 0.0140132107631001
997.981814 0.0159616358989611
998.463931 0.0180687701434398
998.946048 0.0204156193473578
999.428165 0.0229571893615371
999.910281 0.0255914861380985
1000.392398 0.0283185153258145
1000.874515 0.0312342828762451
1001.356632 0.0343687946402121
1001.838749 0.0376340564685374
1002.320866 0.0409400742120428
1002.802982 0.0443058538259598
1003.285099 0.0478064009527668
1003.767216 0.0514227215472074
1004.249333 0.0550528214601032
1004.73145 0.0586497065422762
1005.213566 0.0622793827512162
1005.695683 0.0660018557248243
1006.1778 0.0697661314201629
1006.659917 0.0734802156880539
1007.142034 0.0771491143793191
1007.624151 0.0808478333447803
1008.106267 0.0845813785442369
1008.588384 0.0882687556108981
1009.070501 0.0918839705042088
1009.552618 0.0955200290749907
1010.034735 0.0992529371740657
1010.516851 0.103024700762824
1010.998968 0.106763325471232
1011.481085 0.110513817260387
1011.963202 0.11439418198111
1012.445319 0.118433425484224
1012.927436 0.122529553620549
1013.409552 0.126638572352985
1013.891669 0.130905487308409
1014.373786 0.135465304449498
1014.855903 0.140279029627074
1015.33802 0.145259668691959
1015.820136 0.150425227607975
1016.302253 0.155872712000092
1016.78437 0.161664127831972
1017.266487 0.167786480954435
1017.748604 0.174188777218305
1018.230721 0.180884022474402
1018.712837 0.187936222687257
1019.194954 0.195308383480352
1019.677071 0.202910510818127
1020.159188 0.210725610551406
1020.641305 0.218803688531009
1021.123421 0.227123750721724
1021.605538 0.235562802746457
1022.087655 0.244026850569969
1022.569772 0.252547900043081
1023.051889 0.261180957016616
1023.534006 0.269842027341394
1024.016122 0.278379116982108
1024.498239 0.286752231561781
1024.980356 0.295000377045151
1025.462473 0.30306655928304
1025.94459 0.31078378412627
1026.426706 0.318031057539122
1026.908823 0.324839385145381
1027.39094 0.331255772909434
1027.873057 0.337199226682103
1028.355174 0.34255175231421
1028.837291 0.347313355656576
1029.319407 0.351572042672589
1029.801524 0.355350818987749
1030.283641 0.358554690565623
1030.765758 0.361089663257031
1031.247875 0.363011742912796
1031.729991 0.364461935495225
1032.212108 0.365464246631917
1032.694225 0.365904682285419
1033.176342 0.365730248306553
1033.658459 0.365037950546141
1034.140576 0.363965794855004
1034.622692 0.362534787193756
1035.104809 0.360635933193311
1035.586926 0.358177238814596
1036.069043 0.355209709908431
1036.55116 0.351820352325639
1037.033276 0.347972172025085
1037.515393 0.343563174641119
1037.99751 0.338582366132978
1038.479627 0.333093752351485
1038.961744 0.327100339147462
1039.443861 0.320543132371731
1039.925977 0.313427137980661
1040.408094 0.305863361613519
1040.890211 0.297965809227123
1041.372328 0.289748486672294
1041.854445 0.281147399799853
1042.336561 0.272178554563757
1042.818678 0.262983956608039
1043.300795 0.253646611887164
1043.782912 0.244069526251953
1044.265029 0.234149705553227
1044.747146 0.223927155641809
1045.229262 0.213487882468357
1045.711379 0.202804891683428
1046.193496 0.191747189238259
1046.675613 0.180285780983673
1047.15773 0.168582672770492
1047.639846 0.156777870546292
1048.121963 0.144847379967733
1048.60408 0.132795206983032
1049.086197 0.12083435744301
1049.568314 0.10926183719849
1050.050431 0.0982316521002933
1050.532547 0.0877998080918992
1051.014664 0.0781083108380896
1051.496781 0.0693741662830567
1051.978898 0.0616753802776226
1052.461015 0.0548939586726089
1052.943131 0.048925907407746
1053.425248 0.0438082321552526
1053.907365 0.0395659388556331
1054.389482 0.0360600333597093
1054.871599 0.0330625215183031
1055.353716 0.0304664091822362
1055.835832 0.02829670228634
1056.317949 0.0265334065125584
1056.800066 0.0250225277965695
1057.282183 0.0236210719891953
1057.7643 0.0223410449412575
1058.246416 0.021264452583171
1058.728533 0.0203483006056519
1059.21065 0.0194585949400225
1059.692767 0.0185553414371048
1060.174884 0.0177435459477206
1060.657001 0.0170922143226916
1061.139117 0.0164893524867329
1061.621234 0.0158199661418876
1062.103351 0.015153061213851
1062.585468 0.0146136435534449
1063.067585 0.0141727190114912
1063.549701 0.0136992935076209
1064.031818 0.0131573727539842
1064.513935 0.0126419626712532
1064.996052 0.0122190691102498
1065.478169 0.0118256979217958
1065.960286 0.011369854956713
1066.442402 0.0108835461281316
1066.924519 0.0104877771611308
1067.406636 0.0101925539699547
1067.888753 0.0098718824054249
1068.37087 0.00947376831836343
1068.852986 0.00910821761614919
1069.335103 0.00886323603530314
1069.81722 0.00864882948437874
1070.299337 0.00832500381419781
1070.781454 0.00790976487558223
1071.263571 0.00755411851935379
1071.745687 0.00731607064558952
1072.227804 0.00709462700534145
1072.709921 0.00680879349993391
1073.192038 0.00650657598018874
1073.674155 0.00628098029692777
1074.156271 0.00612101234380932
1074.638388 0.00592467788466214
1075.120505 0.00566998281445252
1075.602622 0.0054439329840023
1076.084739 0.00527953424413335
1076.566856 0.00509779244566749
1077.048972 0.00483671347416014
1077.531089 0.004566303109573
1078.013206 0.0043865672388423
1078.495323 0.0042735117127899
1078.97744 0.00411514238223763
1079.459556 0.00389046512565482
1079.941673 0.00368848573711469
1080.42379 0.00355121009652806
1080.905907 0.00340864405471677
1081.388024 0.00318779346250268
1081.870141 0.00293666417070758
1082.352257 0.00275426204889695
1082.834374 0.00263459290887894
1083.316491 0.0024856626217333
1083.798608 0.00227047703828191
1084.280725 0.00204704200934655
1084.762841 0.00188836339673911
1085.244958 0.00176744702771426
1085.727075 0.00159829876565885
1086.209192 0.0013959244613947
1086.691309 0.00126232996574365
1087.173426 0.00119252112952754
1087.655542 0.00108350380485341
1088.137659 9.01283838312748E-4
1088.619776 7.158670836604E-4
1089.101893 5.94259391718199E-4
1089.58401 5.26466613307984E-4
1090.066126 4.3249459211573E-4
1090.548243 2.87349191514359E-4
1091.03036 1.70036256898369E-4
1091.512477 1.22561639089545E-4
1091.994594 7.69311889097721E-5
1092.476711 -4.84924326395186E-6
1092.958827 -4.77763238159387E-5
1093.440944 7.14496639799694E-6
1093.923061 1.06907848759635E-4
1094.405178 1.52505560510947E-4
1094.887295 1.46931338894006E-4
1095.369411 2.25178394900986E-4
1095.851528 4.65240016591033E-4
1096.333645 7.49109416652911E-4
1096.815762 9.61779832328577E-4
1097.297879 0.00119524450086011
1097.779996 0.0016004966594895
1098.262112 0.00216452950932439
1098.744229 0.00275133635827721
1099.226346 0.00330491040906798
1099.708463 0.00391424489893872
1100.19058 0.00468133306513142
1100.672696 0.00557516810090238
1101.154813 0.00649674332993691
1101.63693 0.0074540519470335
1102.119047 0.00852808718943417
1102.601164 0.00969884229438096
1103.083281 0.0108683104991159
1103.565397 0.0120164849879364
1104.047514 0.0132053591025295
1104.529631 0.0144429260286509
1105.011748 0.0156471790035425
1105.493865 0.0167461112644463
1105.975981 0.01775971598858
1106.458098 0.0187429865318605
1106.940215 0.0196939160728933
1107.422332 0.0205534978489204
1107.904449 0.0212917250971839
1108.386566 0.0219685910549257
1108.868682 0.0226470888913306
1109.350799 0.0232772119784656
1109.832916 0.023760953486819
1110.315033 0.0241293066536329
1110.79715 0.0245182647161493
1111.279266 0.0249558208372444
1111.761383 0.0253439684016723
1112.2435 0.0256577005735427
1112.725617 0.0260060105900977
1113.207734 0.0264778916885794
1113.689851 0.0270003371062297
1114.171967 0.0274453399988176
1114.654084 0.0278508937653958
1115.136201 0.0283729915628827
1115.618318 0.0290306266285204
1116.100435 0.0296867921995508
1116.582551 0.0302824814262061
1117.064668 0.0309176877186828
1117.546785 0.0316754042282923
1118.028902 0.0324846241922767
1118.511019 0.033219340847878
1118.993136 0.0338345474323381
1119.475252 0.034388237089708
1119.957369 0.0349244032426309
1120.439486 0.0353920390361527
1120.921603 0.0357541377075156
1121.40372 0.0360776924939615
1121.885836 0.0364166965347758
1122.367953 0.0367391432622027
1122.85007 0.0369870258164528
1123.332187 0.037171337434768
1123.814304 0.0374030713543903
1124.296421 0.0377772208125618
1124.778537 0.0382247789433122
1125.260654 0.0386337391894813
1125.742771 0.0390270946859395
1126.224888 0.039515838669929
1126.707005 0.0400949643786918
1127.189121 0.0406184649422638
1127.671238 0.0409923338115425
1128.153355 0.0412905641173346
1128.635472 0.041621149096882
1129.117589 0.0419400819874269
1129.599706 0.0420923560262111
1130.081822 0.0420419643389409
1130.563939 0.0419109003852575
1131.046056 0.0417611572915536
1131.528173 0.0415077282950713
1132.01029 0.0410646066330524
1132.492406 0.0404947854279809
1132.974523 0.0399162581460127
1133.45664 0.0392860179102483
1133.938757 0.0384670579579294
1134.420874 0.0374643715262982
1134.902991 0.0364169518525967
1135.385107 0.0353797920559046
1135.867224 0.0342338856092702
1136.349341 0.0328952256323057
1136.831458 0.0314758053622529
1137.313575 0.0300966180363538
1137.795691 0.0287086567712374
1138.277808 0.027189915044924
1138.759925 0.0255253859745044
1139.242042 0.0238480627972207
1139.724159 0.0222379387503149
1140.206276 0.0206170070710291
1140.688392 0.0189432608735138
1141.170509 0.0173226936408299
1141.652626 0.0158512984875061
1142.134743 0.0144850686507843
1142.61686 0.0131219973679066
1143.098976 0.0117590777513441
1143.581093 0.0105063032875867
1144.06321 0.00942966708941348
1144.545327 0.0084531623940664
1145.027444 0.00748178243878752
1145.509561 0.00655852046081881
1145.991677 0.00579436957107906
1146.473794 0.00521632325924717
1146.955911 0.00474737463646555
1147.438028 0.00428951693997623
1147.920145 0.00384674340702122
1148.402261 0.00352404714761136
1148.884378 0.00333342165331152
1149.366495 0.00314786003428612
1149.848612 0.00292735552777711
1150.330729 0.00277490137102654
1150.812846 0.00273249080127642
1151.294962 0.00272411692791097
1151.777079 0.00270077324383249
1152.259196 0.0026974528584945
1152.741313 0.00276914900913912
1153.22343 0.00289285493300828
1153.705546 0.00297356373934983
1154.187663 0.002990268921409
1154.66978 0.00304296358843284
1155.151897 0.00317164097766334
1155.634014 0.00329229432634255
1156.116131 0.00333091687171244
1156.598247 0.00333950172332007
1157.080364 0.00341404237389642
1157.562481 0.00351653193290358
1158.044598 0.00352996363758354
1158.526715 0.00345933072517834
1159.008832 0.00341562643293
1159.490948 0.00343884387118965
1159.973065 0.0034419765311642
1160.455182 0.00334001752303566
1160.937299 0.00315996008404608
1161.419416 0.00301079745143749
1161.901532 0.00293252273661691
1162.383649 0.00284012942874957
1162.865766 0.00264961063900326
1163.347883 0.00242095960462008
1163.83 0.00225416956284194
1164.312117 0.00211823375091093
1164.794233 0.00191514528196406
1165.27635 0.00166789764179075
1165.758467 0.00150048394320466
1166.240584 0.00143889742344773
1166.722701 0.00135813131976206
1167.204817 0.00118017874711203
1167.686934 9.91033187702453E-4
1168.169051 8.89687756104179E-4
1168.651168 8.39135689559248E-4
1169.133285 7.39370225309621E-4
1169.615402 5.91384600597406E-4
1170.097518 5.11171933042731E-4
1170.579635 5.4872569962304E-4
1171.061752 5.80039017480785E-4
1171.543869 4.83105123858033E-4
1172.025986 3.30917255996752E-4
1172.508102 2.73468534115986E-4
1172.990219 3.02752430065611E-4
1173.472336 2.78762063516805E-4
1173.954453 1.70490671711585E-4
1174.43657 9.99314918919691E-5
1174.918687 1.40077761300011E-4
1175.400803 2.05922603736253E-4
1175.88292 1.92459483971605E-4
1176.365037 1.3168152517469E-4
1176.847154 1.30581964587498E-4
1177.329271 1.9515403945207E-4
1177.811387 2.24390876939318E-4
1178.293504 1.69285935149602E-4
1178.775621 1.14832340551693E-4
1179.257738 1.21023330387687E-4
1179.739855 1.26852141899517E-4
1180.221972 6.6312012329206E-5
1180.704088 -3.60392664487674E-6
1181.186205 9.77741470009619E-8
1181.668322 4.6410245596859E-5
1182.150439 5.53267249466943E-5
1182.632556 2.4840449438554E-5
1183.114672 3.09445548925813E-5
1183.596789 1.04632482264957E-4
1184.078906 1.60897366519447E-4
1184.561023 1.14732444898041E-4
1185.04314 2.61309546427529E-5
1185.525257 7.08613299563177E-6
1186.007373 5.75911212099545E-5
1186.48949 8.86393494597959E-5
1186.971607 4.92239580578702E-5
1187.453724 4.33818424620813E-6
1187.935841 3.29752652667992E-5
1188.417957 9.51283472863385E-5
1188.900074 8.37908507222845E-5
1189.382191 9.55920730572046E-7
1189.864308 -2.93813247359137E-5
1190.346425 3.07825077289214E-5
1190.828542 8.44530869970744E-5
1191.310658 6.7635997087423E-5
1191.792775 3.23370777707832E-5
1192.274892 4.35619120606884E-5
1192.757009 9.63161688954384E-5
1193.239126 1.10605517213327E-4
1193.721242 6.0435545884252E-5
1194.203359 2.38120849183482E-5
1194.685476 4.97407222388585E-5
1195.167593 7.12271267840625E-5
1195.64971 3.3276967492335E-5
1196.131827 -5.10408669802953E-6
1196.613943 4.60895585159271E-5
1197.09606 1.43863722207649E-4
1197.578177 1.52223997803971E-4
1198.060294 6.3176054243233E-5
1198.542411 6.7255604637162E-6
1199.024527 3.68781149726188E-5
1199.506644 7.86395283761815E-5
1199.988761 5.7015398364238E-5
1200.470878 1.00113938750757E-5
1200.952995 2.46331838470587E-5
1201.435112 1.01886437218493E-4
1201.917228 1.43776757153574E-4
1202.399345 1.07309944873971E-4
1202.881462 6.74916027970374E-5
1203.363579 1.03327399861103E-4
1203.845696 1.68823005004551E-4
1204.327812 1.72984024948974E-4
1204.809929 1.31816253742312E-4
1205.292046 1.50325297418208E-4
1205.774163 2.35516824914989E-4
1206.25628 2.56396505171008E-4
1206.738397 1.67970007124582E-4
1207.220513 9.82429413783348E-5
1207.70263 1.43221094147689E-4
1208.184747 2.22910075417776E-4
1208.666864 2.2331555412701E-4
1209.148981 1.58443199213695E-4
1209.631097 1.29298624191185E-4
1210.113214 1.69887609394598E-4
1210.595331 1.86215767778664E-4
1211.077448 1.11288768281703E-4
1211.559565 2.9112279842064E-5
1212.041682 4.86919713980627E-5
1212.523798 1.25033459568061E-4
1213.005915 1.27142518406662E-4
1213.488032 4.7024764044154E-5
1213.970149 -3.14134581180792E-7
1214.452266 3.61314914690269E-5
1214.934382 7.53672610771666E-5
1215.416499 4.03989437109537E-5
1215.898616 -2.47678421765041E-5
1216.380733 -1.41274276469067E-5
1216.86285 6.3325856238125E-5
1217.344967 7.6597678416862E-5
1217.827083 -7.30633989938501E-6
1218.3092 -6.63804339711832E-5
1218.791317 -2.06189829460302E-5
1219.273434 5.49836821144151E-5
1219.755551 6.24332301484842E-5
1220.237667 3.1735283984799E-5
1220.719784 5.8895605069248E-5
1221.201901 1.23919815930587E-4
1221.684018 1.11813585507076E-4
1222.166135 -3.41741726295197E-6
1222.648252 -9.87675234411373E-5
1223.130368 -7.32311086460435E-5
1223.612485 1.01975853920439E-5
1224.094602 2.95241828251608E-5
1224.576719 -5.24564740830846E-6
1225.058836 7.89389837459187E-6
1225.540952 7.79505839278855E-5
1226.023069 1.06933839989304E-4
1226.505186 4.58530053495526E-5
1226.987303 -2.42825374424521E-5
1227.46942 -1.84634058377348E-5
1227.951537 2.33197827126663E-5
1228.433653 1.2076367725683E-5
1228.91577 -3.31841821598067E-5
1229.397887 -1.74525274722059E-5
1229.880004 5.72807143374016E-5
1230.362121 9.20249258179878E-5
1230.844237 4.97894464213805E-5
1231.326354 3.58374481938817E-6
1231.808471 2.0417160515776E-5
1232.290588 6.92990760594731E-5
1232.772705 6.62388739994663E-5
1233.254822 -4.75406311530036E-6
1233.736938 -4.5670396553385E-5
1234.219055 -6.50065631900565E-6
1234.701172 1.27644964880297E-5
1235.183289 -5.9865555583391E-5
1235.665406 -1.31381429984256E-4
1236.147522 -9.97737891186012E-5
1236.629639 -1.0033160817019E-5
1237.111756 2.38497927825404E-5
1237.593873 -1.31155457710336E-5
1238.07599 -3.5919793928807E-5
1238.558107 -5.53569141747978E-7
1239.040223 2.99924641812971E-5
1239.52234 -1.52722178974607E-5
1240.004457 -9.03382794040092E-5
1240.486574 -9.01963377894222E-5
1240.968691 -2.28370105047199E-5
1241.450807 7.74899226141379E-6
1241.932924 -2.94340299487467E-5
1242.415041 -6.43918295282625E-5
1242.897158 -4.41312382860465E-5
1243.379275 -7.65908803103399E-6
1243.861392 -2.49822105720804E-5
1244.343508 -6.91074895135535E-5
1244.825625 -5.90416534626964E-5
1245.307742 1.20841437950547E-6
1245.789859 2.66358822042095E-5
1246.271976 -1.27660817975245E-5
1246.754092 -3.90043630343617E-5
1247.236209 1.09143135659656E-5
1247.718326 7.19830629273416E-5
1248.200443 4.7195053240856E-5
1248.68256 -2.94565473024089E-5
1249.164677 -2.29785705113394E-5
1249.646793 8.36220965077517E-5
1250.12891 1.52338732307411E-4
1250.611027 1.06164450028895E-4
1251.093144 3.30924178632563E-5
1251.575261 3.01158040015848E-5
1252.057377 6.02277203125973E-5
1252.539494 3.74214474697238E-5
1253.021611 -2.13099024817393E-5
1253.503728 -2.89731613506011E-5
1253.985845 2.84248390541308E-5
1254.467962 5.58772669236318E-5
1254.950078 1.37723336417206E-6
1255.432195 -5.40819793410224E-5
1255.914312 -1.55072599940242E-5
1256.396429 7.3094559596254E-5
1256.878546 8.77166476209584E-5
1257.360662 2.13521149407536E-5
1257.842779 -1.20057555990788E-5
1258.324896 3.16361468829518E-5
1258.807013 6.52709905779453E-5
1259.28913 2.8891943676973E-5
1259.771247 -1.65078256288004E-5
1260.253363 5.06481497106193E-6
1260.73548 6.76061753210055E-5
1261.217597 7.91184795034677E-5
1261.699714 2.26047439183252E-5
1262.181831 -1.69320150345403E-5
1262.663947 1.65111621410335E-5
1263.146064 6.29374056844573E-5
1263.628181 4.33496750535112E-5
1264.110298 -6.24901335191663E-6
1264.592415 5.14435686806147E-6
1265.074532 6.75328021132737E-5
1265.556648 9.39192819788132E-5
1266.038765 5.53069264687678E-5
1266.520882 1.86986951773854E-5
1267.002999 4.30976045044801E-5
1267.485116 6.35066708499915E-5
1267.967232 -9.0711462808063E-6
1268.449349 -1.20632716735625E-4
1268.931466 -1.2817508097869E-4
1269.413583 -2.3695222610115E-5
1269.8957 5.58098747699826E-5
1270.377817 3.0343227561444E-5
1270.859933 -2.10922050444956E-5
1271.34205 -4.93292304892812E-7
1271.824167 5.91429250394737E-5
1272.306284 6.58194633884335E-5
1272.788401 2.153933914191E-5
1273.270517 1.03055110573097E-5
1273.752634 5.91211107138917E-5
1274.234751 8.29890969683278E-5
1274.716868 2.39124862205231E-5
1275.198985 -3.91057051296467E-5
1275.681102 -9.06246068234362E-6
1276.163218 6.50451775928151E-5
1276.645335 6.62203426916724E-5
1277.127452 -1.25340072185953E-5
1277.609569 -6.5214855738141E-5
1278.091686 -2.78191864670485E-5
1278.573802 3.1655957847071E-5
1279.055919 2.42137117246605E-5
1279.538036 -2.11429674137759E-5
1280.020153 -1.74110631683405E-5
1280.50227 3.64124408608058E-5
1280.984387 5.03305610735638E-5
1281.466503 -6.653746417562E-6
1281.94862 -6.05373448498425E-5
1282.430737 -5.23172779051534E-5
1282.912854 -3.19905291835954E-5
1283.394971 -6.3554082285297E-5
1283.877087 -1.06004982219826E-4
1284.359204 -7.23400900116272E-5
1284.841321 1.94435315335889E-5
1285.323438 6.63455727943491E-5
1285.805555 2.33585817779464E-5
1286.287672 -3.95258240492441E-5
1286.769788 -3.73160899733993E-5
1287.251905 1.19795268077733E-5
1287.734022 2.63525811947385E-5
1288.216139 -1.2053093460529E-6
1288.698256 -7.02527348211968E-7
1289.180372 4.78524812293629E-5
1289.662489 7.4451460621322E-5
1290.144606 3.5085964968512E-5
1290.626723 -8.25238826264452E-6
1291.10884 2.54280183942524E-5
1291.590957 1.02118802405612E-4
1292.073073 1.06811517579047E-4
1292.55519 2.64979087204742E-5
1293.037307 -2.18304703670513E-5
1293.519424 2.0817997782932E-5
1294.001541 6.34349306367632E-5
1294.483657 2.00118822856615E-5
1294.965774 -4.54594029446614E-5
1295.447891 -2.59873710545117E-5
1295.930008 5.44195954225307E-5
1296.412125 8.075311395285E-5
1296.894242 2.90048020028799E-5
1297.376358 -2.83378542212387E-6
1297.858475 4.12290942797128E-5
1298.340592 8.81849959178532E-5
1298.822709 6.30255369586941E-5
1299.304826 9.74233486865372E-6
1299.786942 2.03269458928512E-5
1300.269059 9.67711102403956E-5
1300.751176 1.44066383873626E-4
1301.233293 1.10204384259002E-4
1301.71541 5.81767288628937E-5
1302.197527 5.49750351517275E-5
1302.679643 6.65908614322364E-5
1303.16176 2.60159438946195E-5
1303.643877 -3.1758159541484E-5
1304.125994 -1.17398314096046E-5
1304.608111 7.20635208585202E-5
1305.090227 1.10650396089582E-4
1305.572344 6.60217180770556E-5
1306.054461 2.81782429298882E-5
1306.536578 7.31207842017134E-5
1307.018695 1.37850155446095E-4
1307.500812 1.23367170216618E-4
1307.982928 5.86725877232408E-5
1308.465045 5.07673306430478E-5
1308.947162 1.02652157748045E-4
1309.429279 1.17327882591847E-4
1309.911396 6.67953187279968E-5
1310.393512 2.90552275309108E-5
1310.875629 5.2108527340361E-5
1311.357746 9.09559791012482E-5
1311.839863 8.05983963671764E-5
1312.32198 3.50365926917173E-5
1312.804097 2.72713816284326E-5
1313.286213 8.23035270932498E-5
1313.76833 1.17133942332787E-4
1314.250447 6.57633908435346E-5
1314.732564 -1.4807313820836E-5
1315.214681 -2.55773581067931E-5
1315.696797 2.14540239731054E-5
1316.178914 2.92877415139781E-5
1316.661031 -2.20754399076623E-5
1317.143148 -4.96347067382441E-5
1317.625265 -1.93892454241618E-5
1318.107382 -1.63382424118591E-5
1318.589498 -9.14809292836827E-5
1319.071615 -1.57816401815017E-4
1319.553732 -1.20343891989075E-4
1320.035849 -2.70625862522217E-5
1320.517966 -1.97167105092655E-6
1321.000082 -5.90703759887762E-5
1321.482199 -1.01357800807098E-4
1321.964316 -9.18331755019042E-5
1322.446433 -8.74956865195842E-5
1322.92855 -1.41344520306577E-4
1323.410667 -2.16378863309274E-4
1323.892783 -2.15597942812507E-4
1324.3749 -1.29000863205331E-4
1324.857017 -7.25868521548045E-5
1325.339134 -1.20355096107347E-4
1325.821251 -1.82304781509393E-4
1326.303367 -1.73435133759794E-4
1326.785484 -1.45745261027924E-4
1327.267601 -1.78234389086457E-4
1327.749718 -2.35901704381869E-4
1328.231835 -2.28746393360513E-4
1328.713952 -1.67767642468813E-4
1329.196068 -1.52964674898268E-4
1329.678185 -2.23336603243168E-4
1330.160302 -2.90882651058685E-4
1330.642419 -2.68602004791216E-4
1331.124536 -1.93493850887197E-4
1331.606652 -1.68557410744938E-4
1332.088769 -2.1179180055346E-4
1332.570886 -2.30196242066397E-4
1333.053003 -1.887699217301E-4
1333.53512 -1.80512025990995E-4
1334.017237 -2.57421741295547E-4
1334.499353 -3.27498286945963E-4
1334.98147 -2.80740783333552E-4
1335.463587 -1.52148450105721E-4
1335.945704 -5.67204737088323E-5
1336.427821 -2.54560405893722E-5
1336.909938 3.36456628063087E-5
1337.392054 1.76585419211214E-4
1337.874171 3.51364104153346E-4
1338.356288 5.01982500030723E-4
1338.838405 6.81441420396917E-4
1339.320522 9.83741678805564E-4
1339.802638 0.00138188405963938
1340.284755 0.00176786943511847
1340.766872 0.00213069858929908
1341.248989 0.00258437233573476
1341.731106 0.0032008914879791
1342.213223 0.00392925685958566
1342.695339 0.00470046923686117
1343.177456 0.0055235294881677
1343.659573 0.00644143839949556
1344.14169 0.00741519678439828
1344.623807 0.0083408054564295
1345.105923 0.00918826520345274
1345.58804 0.010041576890708
1346.070157 0.0109507413057507
1346.552274 0.0118197592621346
1347.034391 0.0125286315734131
1347.516508 0.01310035905314
1347.998624 0.0136409424909913
1348.480741 0.0141433827485717
1348.962858 0.0144856806152594
1349.444975 0.014610836904608
1349.927092 0.0146058524301712
1350.409208 0.0145647279830891
1350.891325 0.0144554644220298
1351.373442 0.0141850625378441
1351.855559 0.0137525231440856
1352.337676 0.0132738470543078
1352.819793 0.0128320350820644
1353.301909 0.0123560880201966
1353.784026 0.0117600067239602
1354.266143 0.0110927919859172
1354.74826 0.0104604446196212
1355.230377 0.00987496543862573
1355.712493 0.00926335523714347
1356.19461 0.00860461486767909
1356.676727 0.00796774512417434
1357.158844 0.00739874682018279
1357.640961 0.00685762076925805
1358.123078 0.00629636778495367
1358.605194 0.00574598866307215
1359.087311 0.00527848425292839
1359.569428 0.00487885535006403
1360.051545 0.0044551027680327
1360.533662 0.003982227320388
1361.015778 0.00355822980421085
1361.497895 0.00325611106625073
1361.980012 0.00300987190333632
1362.462129 0.00272351312902115
1362.944246 0.00241903555685882
1363.426363 0.00220544000040293
1363.908479 0.00208772725821285
1364.390596 0.00195989817407109
1364.872713 0.00177795354629479
1365.35483 0.00163789418843759
1365.836947 0.00161972091405303
1366.319063 0.00166543452288616
1366.80118 0.00166903585633973
1367.283297 0.00164252571392506
1367.765414 0.00166990490919566
1368.247531 0.00174917425570519
1368.729648 0.00178933456700717
1369.211764 0.0017653866442137
1369.693881 0.00177133132598335
1370.175998 0.00189016941320451
1370.658115 0.00205590171943079
1371.140232 0.00215352905821578
1371.622348 0.00218505223176443
1372.104465 0.00225247207654108
1372.586582 0.00239778939453553
1373.068699 0.00255800499930132
1373.550816 0.00267811970439205
1374.032933 0.00280513432336131
1374.515049 0.00300304965966972
1374.997166 0.00322986654726014
1375.479283 0.00338858578938815
1375.9614 0.00348620819960734
1376.443517 0.00363573459147128
1376.925633 0.00388316576944063
1377.40775 0.00414350256544978
1377.889867 0.00433574578376274
1378.371984 0.00451789623793308
1378.854101 0.00479495474151444
1379.336218 0.00514492210806036
1379.818334 0.00545279914317584
1380.300451 0.00569158667649647
1380.782568 0.00596428551344072
1381.264685 0.00633789646756221
1381.746802 0.00672942035241449
1382.228918 0.00704585797450975
1382.711035 0.00733321016166077
1383.193152 0.00769547772020164
1383.675269 0.00813366146368599
1384.157386 0.00856476220566733
1384.639503 0.00897178075969932
1385.121619 0.00942471793332707
1385.603736 0.00996157455228729
1386.085853 0.0105153514239572
1386.56797 0.0110010493618903
1387.050087 0.0114556691796404
1387.532203 0.0119872116855668
1388.01432 0.0125906777037691
1388.496437 0.0131510680424473
1388.978554 0.0136343835151549
1389.460671 0.0141546249354457
1389.942788 0.0147947931168732
1390.424904 0.0154858888687184
1390.907021 0.0161129130132276
1391.389138 0.0166748663595325
1391.871255 0.0172797497211868
1392.353372 0.0179705639117439
1392.835488 0.0186593097412067
1393.317605 0.0192739880303696
1393.799722 0.0198855995890945
1394.281839 0.020593145230935
1394.763956 0.0213676257694446
1395.246073 0.0220940420181769
1395.728189 0.0227533947879448
1396.210306 0.0234486848979124
1396.692423 0.0242399131587618
1397.17454 0.0250490803840465
1397.656657 0.0257821873873202
1398.138773 0.0264792349800245
1398.62089 0.0272372239800575
1399.103007 0.0280451551987385
1399.585124 0.0287900294496211
1400.067241 0.0294318475462589
1400.549358 0.0300646103022054
1401.031474 0.0307623185296013
1401.513591 0.0314569730449366
1401.995708 0.0320545746602398
1402.477825 0.0325981241890644
1402.959942 0.033201622444964
1403.442058 0.0338620702406152
1403.924175 0.0344764683914276
1404.406292 0.0350058177099741
1404.888409 0.0355241190098083
1405.370526 0.0360943731044836
1405.852643 0.0366595808075538
1406.334759 0.0371377429322828
1406.816876 0.0375628602928954
1407.298993 0.0380389337025618
1407.78111 0.0385659639748356
1408.263227 0.0390299519232706
1408.745343 0.0394008983615737
1409.22746 0.039784804103075
1409.709577 0.0402336699613964
1410.191694 0.0406554967500915
1410.673811 0.0409752852827138
1411.155928 0.041245036372817
1411.638044 0.0415617508345844
1412.120161 0.0419274294803835
1412.602278 0.0422510731243225
1413.084395 0.0424736825799551
1413.566512 0.0426692586608347
1414.048628 0.042943802181495
1414.530745 0.0432683139535945
1415.012862 0.0435237947916002
1415.494979 0.0436962455090657
1415.977096 0.0439006669195444
1416.459213 0.0441900598365901
1416.941329 0.044465425075101
1417.423446 0.044641763445996
1417.905563 0.0447860757641171
1418.38768 0.0450113628430177
1418.869797 0.0453046254962514
1419.351913 0.0455668645389741
1419.83403 0.0457880807815813
1420.316147 0.0460672750391807
1420.798264 0.0464474481253259
1421.280381 0.0468466008535704
1421.762498 0.0471787340374679
1422.244614 0.0474848484924275
1422.726731 0.047856945028328
1423.208848 0.0482800244605405
1423.690965 0.0486580876026185
1424.173082 0.0489621352681157
1424.655198 0.0492691682726061
1425.137315 0.0496261874256303
1425.619432 0.0499591935427328
1426.101549 0.0501851874374671
1426.583666 0.0503261699233868
1427.065783 0.0504651418140455
1427.547899 0.0506021039251591
1428.030016 0.0506650570659743
1428.512133 0.0506320020521876
1428.99425 0.0505739396973525
1429.476367 0.0505488708150226
1429.958483 0.0505127962209858
1430.4406 0.0503857167243365
1430.922717 0.0501856331408514
1431.404834 0.0500185462840842
1431.886951 0.0499224569675885
1432.369068 0.0498063660049178
1432.851184 0.0495952742118907
1433.333301 0.04933918239753
1433.815418 0.0491260913776535
1434.297535 0.0489360019658146
1434.779652 0.0486779149755671
1435.261768 0.0483528312227083
1435.743885 0.0480547515162948
1436.226002 0.0478156766721316
1436.708119 0.0475596075037724
1437.190236 0.0472455448247706
1437.672353 0.0469664894486799
1438.154469 0.0468354421912172
1438.636586 0.0468324038615901
1439.118703 0.0468653752755331
1439.60082 0.0469373572465999
1440.082937 0.047150350588344
1440.565053 0.0475553561163686
1441.04717 0.0480813746401003
1441.529287 0.0486394069751684
1442.011404 0.0492504539351264
1442.493521 0.049990516333528
1442.975638 0.0508155949839268
1443.457754 0.0515876907017336
1443.939871 0.0522538042967495
1444.421988 0.0528909365844215
1444.904105 0.0535510883783034
1445.386222 0.0541682604919486
1445.868338 0.0546484537405616
1446.350455 0.0550196689343479
1446.832572 0.0553969068885567
1447.314689 0.0558001684167414
1447.796806 0.0561244543324558
1448.278923 0.0563187654492533
1448.761039 0.056474102582035
1449.243156 0.0566964665416032
1449.725273 0.0569648581429136
1450.20739 0.0571822781995199
1450.689507 0.0573447275249756
1451.171623 0.0575482069338823
1451.65374 0.0578087172376326
1452.135857 0.0580062592508915
1452.617974 0.0580618337872123
1453.100091 0.0580524416601489
1453.582208 0.0580900836832546
1454.064324 0.0581417606707163
1454.546441 0.0580824734347462
1455.028558 0.0579052227896045
1455.510675 0.0577530095488446
1455.992792 0.0577218345260201
1456.474908 0.0577876985349257
1456.957025 0.0579326023885495
1457.439142 0.0582395469007677
1457.921259 0.0587915328851341
1458.403376 0.0595195611552022
1458.885493 0.0602536325245255
1459.367609 0.0609157478063726
1459.849726 0.0615509078147736
1460.331843 0.062150113363089
1460.81396 0.0625843652648723
1461.296077 0.0627376643336771
1461.778193 0.0626280113822869
1462.26031 0.0623254072256934
1462.742427 0.0618278526767805
1463.224544 0.0610633485491018
1463.706661 0.0600088956562108
1464.188778 0.0587514948116612
1464.670894 0.0573821468275986
1465.153011 0.0558838525202802
1465.635128 0.0541936127019622
1466.117245 0.0523604281861981
1466.599362 0.0505262997865416
1467.081478 0.0487682283145607
1467.563595 0.0470532145876594
1468.045712 0.0453902594175248
1468.527829 0.0439303636177104
1469.009946 0.0428485280017697
1469.492063 0.0421977533832565
1469.974179 0.0419750405729896
1470.456296 0.0422713903898611
1470.938413 0.043214803644819
1471.42053 0.044803281151417
1471.902647 0.0468578237232085
1472.384763 0.0491724321703422
1472.86688 0.0516401073130425
1473.348997 0.0541728499615955
1473.831114 0.0565766609295547
1474.313231 0.0586175410304739
1474.795348 0.0601794910779064
1475.277464 0.0613005118811404
1475.759581 0.0620246042621112
1476.241698 0.0622837690302545
1476.723815 0.0620080069991239
1477.205932 0.0612883189822729
1477.688048 0.0602937057882263
1478.170165 0.0590781682404376
1478.652282 0.0576027071475877
1479.134399 0.05591732332323
1479.616516 0.0541780175809182
1480.098633 0.0524717907342059
1480.580749 0.0507346435906461
1481.062866 0.0489145769756256
1481.544983 0.0470995916968636
1482.0271 0.0454186885679138
1482.509217 0.0438668684023297
1482.991333 0.042341132006808
1483.47345 0.0408284802084398
1483.955567 0.0394279138140962
1484.437684 0.0381854336373311
1484.919801 0.0370080404916978
1485.401918 0.0358167351907501
1485.884034 0.0346755185401016
1486.366151 0.0336883913689992
1486.848268 0.0328453544832414
1487.330385 0.0320364086963818
1487.812502 0.0311975548219739
1488.294618 0.0303917936646824
1488.776735 0.0297031260556439
1489.258852 0.0290985527997162
1489.740969 0.0284780747104529
1490.223086 0.0278396926014076
1490.705203 0.0272674072861338
1491.187319 0.0267732195681018
1491.669436 0.026259130280827
1492.151553 0.0256721402279827
1492.63367 0.0250912502231227
1493.115787 0.0246034610798005
1493.597903 0.0241817736004444
1494.08002 0.0237181886206451
1494.562137 0.0231877069430426
1495.044254 0.0226763293811906
1495.526371 0.0222320567486426
1496.008488 0.0217638898589522
1496.490604 0.0212018295132419
1496.972721 0.020622876549704
1497.454838 0.0201370317696827
1497.936955 0.0197232959867316
1498.419072 0.0192706700144044
1498.901188 0.018733154652689
1499.383305 0.0181947507420382
1499.865422 0.0177304590826704
1500.347539 0.017284280488139
1500.829656 0.0167742157719977
1501.311773 0.0162422657478001
1501.793889 0.0157784312141168
1502.276006 0.0153627130142251
1502.758123 0.0148951119469362
1503.24024 0.0143636288258035
1503.722357 0.0138732644643808
1504.204473 0.0134840196600111
1504.68659 0.0131188952584183
1505.168707 0.0126798920571945
1505.650824 0.0121980108698932
1506.132941 0.011786252510068
1506.615058 0.0114636177912726
1507.097174 0.0111191075093214
1507.579291 0.0106977225129854
1508.061408 0.0102854635983382
1508.543525 0.00996233157893335
1509.025642 0.00967632726832442
1509.507758 0.00933445146100584
1509.989875 0.00894770500838042
1510.471992 0.00861808870520998
1510.954109 0.00837760336504814
1511.436226 0.00813524980144846
1511.918343 0.00782802882796454
1512.400459 0.00751694123745081
1512.882576 0.00729098788457992
1513.364693 0.00711316956248383
1513.84681 0.00686648708471611
1514.328927 0.00653494126483042
1514.811044 0.00624453291638029
1515.29316 0.00606626283051942
1515.775277 0.0059121318653118
1516.257394 0.00568714081219882
1516.739511 0.00542729048473406
1517.221628 0.00522958169647107
1517.703744 0.00509701523709993
1518.185861 0.0049395919676035
1518.667978 0.00472431267796795
1519.150095 0.00452717818174683
1519.632212 0.00439918929249376
1520.114329 0.00426634682376227
1520.596445 0.00405565156343037
1521.078562 0.00381510437609496
1521.560679 0.0036397060499402
1522.042796 0.00352345739851971
1522.524913 0.00337435923538709
1523.007029 0.00316641234686378
1523.489146 0.00297961760065123
1523.971263 0.00287297578338559
1524.45338 0.00280048770862043
1524.935497 0.00267815418990937
1525.417614 0.00251697604080596
1525.89973 0.00241195404570821
1526.381847 0.0023800890761544
1526.863964 0.00232638191686729
1527.346081 0.00220083338140052
1527.828198 0.00207744428330763
1528.310314 0.00202821540533735
1528.792431 0.00201214762231804
1529.274548 0.00194024171733174
1529.756665 0.00181449850393195
1530.238782 0.00172891879567227
1530.720899 0.00173150340610631
1531.203015 0.00172925311594796
1531.685132 0.00163116880408516
1532.167249 0.00149625125157507
1532.649366 0.00143450127197138
1533.131483 0.00143491967882758
1533.613599 0.00138750725111557
1534.095716 0.00126726487119895
1534.577833 0.00115819331840135
1535.05995 0.00110729340627631
1535.542067 0.00105256594837747
1536.024184 9.36011758258373E-4
1536.5063 8.08631612744595E-4
1536.988417 7.59426398482144E-4
1537.470534 7.56396892658523E-4
1537.952651 6.75543908827292E-4
1538.434768 4.87868260542063E-4
1538.916884 3.13370722793471E-4
1539.399001 2.41052185888935E-4
1539.881118 1.9891342518942E-4
1540.363235 1.01955254248554E-4
1540.845352 2.17848661990261E-6
1541.327469 2.58393585707284E-6
1541.809585 9.21723746930697E-5
1542.291702 1.55944697940419E-4
1542.773819 1.54901678712641E-4
1543.255936 1.71044130563291E-4
1543.738053 2.52372867045991E-4
1544.220169 3.29888658966035E-4
1544.702286 3.09592404982961E-4
1545.184403 2.23484876290952E-4
1545.66652 1.95566886443635E-4
1546.148637 2.53839248994595E-4
1546.630754 2.94302777497396E-4
1547.11287 2.44958240388421E-4
1547.594987 1.75806541054938E-4
1548.077104 1.75848448332377E-4
1548.559221 2.17084775774298E-4
1549.041338 2.07516336934319E-4
1549.523454 1.44143898228255E-4
1550.005571 1.16968367076017E-4
1550.487688 1.5899051030091E-4
1550.969805 1.84211141456544E-4
1551.451922 1.18631074096515E-4
1551.934039 1.62511217743355E-5
1552.416155 -2.19279515743936E-5
1552.898272 1.09476642069783E-6
1553.380389 2.32004011273268E-6
1553.862506 -4.02513169446561E-5
1554.344623 -5.96184911979269E-5
1554.826739 -1.5780720824865E-5
1555.308856 3.92629107631021E-5
1555.790973 4.65131658143048E-5
1556.27309 3.89708578822923E-5
1556.755207 8.46368005206211E-5
1557.237324 1.66511807282888E-4
1557.71944 2.08596637399597E-4
1558.201557 1.89892212632672E-4
1558.683674 1.67399292648737E-4
1559.165791 1.86118691001394E-4
1559.647908 2.10051221244248E-4
1560.130024 1.73197640401565E-4
1560.612141 1.00558874639209E-4
1561.094258 8.31356814261081E-5
1561.576375 1.18928874315818E-4
1562.058492 1.08939266861938E-4
1562.540609 2.51676726180511E-5
1563.022725 -2.5385154094601E-5
1563.504842 9.28171828583346E-6
1563.986959 4.41690445353027E-5
1564.469076 3.27763820742732E-6
1564.951193 -6.03916871442095E-5
1565.433309 -4.48381794973807E-5
1565.915426 4.69390972993172E-5
1566.397543 1.02940895731304E-4
1566.87966 6.2168029352147E-5
1567.361777 6.62131171544345E-6
1567.843894 2.63015563747998E-5
1568.32601 8.0209512537982E-5
1568.808127 6.43461219751867E-5
1569.290244 -1.62878656325277E-5
1569.772361 -5.269163673155E-5
1570.254478 -6.86437776829807E-6
1570.736594 3.51946580732787E-5
1571.218711 1.14864173384049E-5
1571.700828 -1.99883526751515E-5
1572.182945 4.77116158623114E-6
1572.665062 3.77657736761183E-5
1573.147179 -1.00370288490248E-6
1573.629295 -9.65385586248757E-5
1574.111412 -1.47847403777365E-4
1574.593529 -1.04940797545042E-4
1575.075646 -4.58292299591045E-5
1575.557763 -7.05231910507476E-5
1576.039879 -1.44033242573394E-4
1576.521996 -1.41369731462684E-4
1577.004113 -6.55432191013355E-5
1577.48623 -3.1564195520542E-5
1577.968347 -6.64431507514801E-5
1578.450464 -7.81905748253459E-5
1578.93258 -2.98170312629936E-5
1579.414697 -1.33286333467431E-6
1579.896814 -5.67486343210494E-5
1580.378931 -1.35074834253304E-4
1580.861048 -1.37321953162642E-4
1581.343164 -8.3500555444524E-5
1581.825281 -7.06209825112325E-5
1582.307398 -1.16693798626791E-4
1582.789515 -1.3772949382243E-4
1583.271632 -8.87385581292977E-5
1583.753749 -3.57314815786075E-5
1584.235865 -6.07188288971883E-5
1584.717982 -1.31710940704008E-4
1585.200099 -1.48718381725019E-4
1585.682216 -8.87516419914719E-5
1586.164333 -4.68212115344591E-5
1586.646449 -9.19376547587752E-5
1587.128566 -1.61111312818846E-4
1587.610683 -1.53352750227292E-4
1588.0928 -8.56724570153233E-5
1588.574917 -6.20809232140945E-5
1589.057034 -1.08588638854809E-4
1589.53915 -1.31206167237524E-4
1590.021267 -7.9943851595432E-5
1590.503384 -3.28122554670574E-5
1590.985501 -6.48218688836105E-5
1591.467618 -1.29983181876306E-4
1591.949734 -1.40306756226255E-4
1592.431851 -1.01802938095655E-4
1592.913968 -9.34822896129228E-5
1593.396085 -1.33355300809296E-4
1593.878202 -1.54432461715912E-4
1594.360319 -1.06724262364036E-4
1594.842435 -4.82412619941253E-5
1595.324552 -5.39938117190691E-5
1595.806669 -8.49924712572753E-5
1596.288786 -4.42477306399347E-5
1596.770903 4.0229920101803E-5
1597.253019 4.74299244429544E-5
1597.735136 -2.76580740517229E-5
1598.217253 -6.90446324937977E-5
1598.69937 -1.3740240914481E-5
1599.181487 6.12446106550701E-5
1599.663604 6.58994321836442E-5
1600.14572 2.12136711229688E-5
1600.627837 1.81769632149886E-5
1601.109954 6.27787551942538E-5
1601.592071 6.90085570295707E-5
1602.074188 6.85587868973214E-6
1602.556304 -3.96883710241519E-5
1603.038421 -2.06239721230739E-5
1603.520538 5.05264910076464E-6
1604.002655 -1.66548666051258E-5
1604.484772 -4.7742878493226E-5
1604.966889 -1.92077458160134E-5
1605.449005 5.39541182939113E-5
1605.931122 7.77464631071395E-5
1606.413239 2.2172874720644E-5
1606.895356 -2.67630061179525E-5
1607.377473 9.42461338804268E-7
1607.859589 4.82928676967254E-5
1608.341706 2.82919547117955E-5
1608.823823 -3.50566877427294E-5
1609.30594 -3.7749418919375E-5
1609.788057 3.02174019293916E-5
1610.270174 6.88474155511182E-5
1610.75229 2.01442167885174E-5
1611.234407 -5.08884611215982E-5
1611.716524 -5.32470240237476E-5
1612.198641 4.0721688295553E-6
1612.680758 3.50727581858723E-5
1613.162874 4.75834221100313E-6
1613.644991 -2.58673525422026E-5
1614.127108 -6.80072855738234E-6
1614.609225 1.69618549129696E-5
1615.091342 -1.5575961383657E-5
1615.573459 -6.14105366996687E-5
1616.055575 -4.55382691308126E-5
1616.537692 4.45603534904304E-8
1617.019809 -1.06584469466292E-5
1617.501926 -6.86436502836535E-5
1617.984043 -8.49074089100399E-5
1618.466159 -3.34461180137302E-5
1618.948276 8.74394377071985E-6
1619.430393 -1.63320356047075E-5
1619.91251 -6.6665392169013E-5
1620.394627 -7.82470080682995E-5
1620.876744 -6.10677654486191E-5
1621.35886 -8.01185793054549E-5
1621.840977 -1.3939026563739E-4
1622.323094 -1.62873739907546E-4
1622.805211 -1.00559884261997E-4
1623.287328 -3.34395808468807E-5
1623.769444 -6.05037426030103E-5
1624.251561 -1.3474318973275E-4
1624.733678 -1.2414883555005E-4
1625.215795 -3.17115622010256E-5
1625.697912 1.25777481682632E-5
1626.180029 -4.2271786588291E-5
1626.662145 -9.82510775701523E-5
1627.144262 -7.63509487759356E-5
1627.626379 -3.65623115647085E-5
1628.108496 -6.88760480826028E-5
1628.590613 -1.32283040475689E-4
1629.072729 -1.12774198828977E-4
1629.554846 -8.34034926455729E-6
1630.036963 6.90275979675359E-5
1630.51908 5.23387607211795E-5
1631.001197 -3.97743149735397E-7
1631.483314 8.26729558964234E-7
1631.96543 5.30155049194847E-5
1632.447547 7.71686834824259E-5
1632.929664 5.52862331080345E-5
1633.411781 5.53681490494951E-5
1633.893898 1.08414426560038E-4
1634.376014 1.50425033943344E-4
1634.858131 1.1540002042558E-4
1635.340248 3.63393542364976E-5
1635.822365 1.12430306292988E-5
1636.304482 5.01110448572345E-5
1636.786599 7.49433921734544E-5
1637.268715 6.17400413254893E-5
1637.750832 6.55010406519496E-5
1638.232949 1.02226358826313E-4
1638.715066 1.17915991101822E-4
1639.197183 8.25699327316742E-5
1639.679299 5.01881528335024E-5
1640.161416 8.07706990056806E-5
1640.643533 1.37317540291809E-4
1641.12565 1.31828671945125E-4
1641.607767 6.23040892187843E-5
1642.089884 2.37437873660123E-5
1642.572 7.31477359489502E-5
1643.054117 1.42515981677083E-4
1643.536234 1.4184849403838E-4
1644.018351 9.11452682860886E-5
1644.500468 8.34062996733914E-5
1644.982584 1.53631558133083E-4
1645.464701 2.21821089633395E-4
1645.946818 2.18974864032884E-4
1646.428935 2.00092876584859E-4
1646.911052 2.3617512254244E-4
1647.393169 2.78221597158859E-4
1647.875285 2.48232270812027E-4
1648.357402 1.87207188579952E-4
1648.839519 2.00146320766356E-4
1649.321636 2.89049662624399E-4
1649.803753 3.43917209407366E-4
1650.285869 3.02748931864258E-4
1650.767986 2.56544874330827E-4
1651.250103 3.03305007481908E-4
1651.73222 3.88029326570644E-4
1652.214337 3.95717826850314E-4
1652.696454 3.26370503574078E-4
1653.17857 2.85987327936804E-4
1653.660687 3.13568343382739E-4
1654.142804 3.45113521032392E-4
1654.624921 3.16622856138996E-4
1655.107038 2.66096343955705E-4
1655.589154 2.73533956049191E-4
1656.071271 3.21935735120196E-4
1656.553388 3.18301652660946E-4
1657.035505 2.55631703924675E-4
1657.517622 2.37925884164575E-4
1657.999739 3.0618418863386E-4
1658.481855 3.59406589345537E-4
1658.963972 3.13593128107595E-4
1659.446089 2.3874377685866E-4
1659.928206 2.44858530851946E-4
1660.410323 3.1293738534062E-4
1660.892439 3.32980312710021E-4
1661.374556 2.7898735402361E-4
1661.856673 2.39958481592237E-4
1662.33879 2.77893690669093E-4
1662.820907 3.23792976507406E-4
1663.303024 2.86656334360327E-4
1663.78514 2.09483737060298E-4
1664.267257 2.05275224776688E-4
1664.749374 2.72030770267329E-4
1665.231491 2.9775036878546E-4
1665.713608 2.49434015584249E-4
1666.195724 2.20081683868917E-4
1666.677841 2.79693413063262E-4
1667.159958 3.60269176297903E-4
1667.642075 3.74808968826065E-4
1668.124192 3.52312785900907E-4
1668.606309 3.8178062277569E-4
1669.088425 4.57212453103276E-4
1669.570542 4.9060831541213E-4
1670.052659 4.58968183280506E-4
1670.534776 4.34292051961646E-4
1671.016893 4.71579916708723E-4
1671.499009 5.30831751548028E-4
1671.981126 5.42047594261297E-4
1672.463243 4.96227418800135E-4
1672.94536 4.64371220417731E-4
1673.427477 4.85478994367308E-4
1673.909594 5.09550735902059E-4
1674.39171 4.84586419496669E-4
1674.873827 4.40586082036148E-4
1675.355944 4.34549697920436E-4
1675.838061 4.34477262402741E-4
1676.320178 3.71368770736236E-4
1676.802294 2.56224197769522E-4
1677.284411 1.76043579639892E-4
1677.766528 1.78826891121059E-4
1678.248645 2.03574127466272E-4
1678.730762 1.65285283928743E-4
1679.212879 8.39603557616225E-5
1679.694995 5.45993182625854E-5
1680.177112 8.42022066708803E-5
1680.659229 7.07689962092112E-5
1681.141346 -1.87003178691719E-5
1681.623463 -7.92057403110752E-5
1682.105579 -3.07472954444443E-5
1682.587696 4.86750512211503E-5
1683.069813 4.20612752828342E-5
1683.55193 -2.9588628006158E-5
1684.034047 -4.72746633926741E-5
1684.516164 1.40031643765387E-5
1684.99828 5.2244831423201E-5
1685.480397 1.54503713384324E-5
1685.962514 -1.83802398310007E-5
1686.444631 2.47529931681201E-5
1686.926748 1.05850065588955E-4
1687.408864 1.5291095392829E-4
1687.890981 1.70935691027274E-4
1688.373098 2.33924253307621E-4
1688.855215 3.61876636022565E-4
1689.337332 4.95792834425274E-4
1689.819449 6.01672843768955E-4
1690.301565 7.42516641000654E-4
1690.783682 9.9232425806102E-4
1691.265799 0.00131009567182196
1691.747916 0.00159783087753672
1692.230033 0.0018515298704585
1692.71215 0.00216919264584048
1693.194266 0.00259981918108042
1693.676383 0.00307940950721761
1694.1585 0.00353996360157462
1694.640617 0.0040184814594047
1695.122734 0.00458496307596101
1695.60485 0.00522240842901714
1696.086967 0.00584381754886076
1696.569084 0.00644119041319026
1697.051201 0.00710652701725883
1697.533318 0.00787382735631968
1698.015435 0.00865009142562603
1698.497551 0.00936831920340271
1698.979668 0.0100905107190349
1699.461785 0.0109166659506722
1699.943902 0.0118307848935678
1700.426019 0.0127368675429749
1700.908135 0.0136229138774948
1701.390252 0.0145889239257598
1701.872369 0.015716897666296
1702.354486 0.0169808350943566
1702.836603 0.0183217362051947
1703.31872 0.0197656009940635
1703.800836 0.0214054294400164
1704.282953 0.0232712215707817
1704.76507 0.0252929773653374
1705.247187 0.0274126968189367
1705.729304 0.0296793799268328
1706.21142 0.0321610266684558
1706.693537 0.0347946370707804
1707.175654 0.0374452111131615
1707.657771 0.0400777487908522
1708.139888 0.0427362500991057
1708.622005 0.0453737150331752
1709.104121 0.0478381435729435
1709.586238 0.0500335357444801
1710.068355 0.0519718915275924
1710.550472 0.0536692109175336
1711.032589 0.0550424939095568
1711.514705 0.0559707404839222
1711.996822 0.0564209506659446
1712.478939 0.0564471244358087
1712.961056 0.0560672617887677
1713.443173 0.0552353627200748
1713.92529 0.0539534272249831
1714.407406 0.0523204552842063
1714.889523 0.0504534469221524
1715.37164 0.0483944021194594
1715.853757 0.0461503208713806
1716.335874 0.0437962031731691
1716.81799 0.0414850490059163
1717.300107 0.0393128583932747
1717.782224 0.03727663131626
1718.264341 0.0353823677701254
1718.746458 0.0337420677501242
1719.228575 0.0324617312515096
1719.710691 0.0314933582558268
1720.192808 0.0306899487858206
1720.674925 0.0300005028229605
1721.157042 0.0294930203624999
1721.639159 0.0291565013996918
1722.121275 0.0288359459164602
1722.603392 0.0283853539347926
1723.085509 0.0277797254365373
1723.567626 0.0270740604169474
1724.049743 0.026237358871276
1724.53186 0.0251356207947765
1725.013976 0.0237088461698274
1725.496093 0.0220570350175069
1725.97821 0.0202901873201179
1726.460327 0.0184033030729136
1726.942444 0.0163513822711471
1727.42456 0.0142054248975761
1727.906677 0.0121614309725207
1728.388794 0.0103514004786629
1728.870911 0.00874433341125576
1729.353028 0.00727622976555251
1729.835145 0.00598808953680632
1730.317261 0.00496691270823002
1730.799378 0.00416869929923354
1731.281495 0.00346844929295378
1731.763612 0.00285216268464394
1732.245729 0.00240883946955722
1732.727845 0.00214647963128604
1733.209962 0.00195108318848113
1733.692079 0.00173265012465897
1734.174196 0.00153418043507277
1734.656313 0.00143667411497571
1735.13843 0.00139813115962102
1735.620546 0.00130455155305695
1736.102663 0.00115593531302259
1736.58478 0.00104928242349023
1737.066897 0.00102359287971304
1737.549014 0.00100086667694424
1738.03113 9.10103799612288E-4
1738.513247 8.02304264695949E-4
1738.995364 7.77468056547617E-4
1739.477481 8.12595170420524E-4
1739.959598 7.90685601567837E-4
1740.441715 6.91739345242776E-4
1740.923831 6.21756386330316E-4
1741.405948 6.40736740896236E-4
1741.888065 6.73680393749446E-4
1742.370182 6.40587340143078E-4
1742.852299 5.93457575330372E-4
1743.334415 6.22291084576967E-4
1743.816532 6.96087883187382E-4
1744.298649 6.94847956351052E-4
1744.780766 5.92571299321207E-4
1745.262883 5.03257907351062E-4
1745.745 5.17907775693799E-4
1746.227116 5.76520890072263E-4
1746.709233 5.73097264876657E-4
1747.19135 5.24636885753549E-4
1747.673467 5.26139747956164E-4
1748.155584 5.9260584673769E-4
1748.6377 6.37035168202238E-4
1749.119817 6.08427725977537E-4
1749.601934 5.70783506091369E-4
1750.084051 5.98102503796952E-4
1750.566168 6.49384714347501E-4
1751.048285 6.26630132996214E-4
1751.530401 5.38838746304976E-4
1752.012518 5.03010566985956E-4
1752.494635 5.58145581524741E-4
1752.976752 6.0924378517449E-4
1753.458869 5.88305173188433E-4
1753.940985 5.68329732510267E-4
1754.423102 6.29317475088612E-4
1754.905219 7.17268387790765E-4
1755.387336 7.39182465869931E-4
1755.869453 7.05059704579347E-4
1756.35157 7.01900099172176E-4
1756.833686 7.65703637050585E-4
1757.315803 8.23470329246345E-4
1757.79792 8.03200163085147E-4
1758.280037 7.52893133820209E-4
1758.762154 7.72549236704723E-4
1759.24427 8.60168459523206E-4
1759.726387 9.20750812542753E-4
1760.208504 9.11296283471405E-4
1760.690621 8.90804867562309E-4
1761.172738 9.11276560068744E-4
1761.654855 9.34711356243845E-4
1762.136971 9.09109244331269E-4
1762.619088 8.76470233679955E-4
1763.101205 9.19794312456951E-4
1763.583322 0.00101808147591548
1764.065439 0.00106333171930872
1764.547555 0.00101654503126319
1765.029672 9.7672142036212E-4
1765.511789 0.0010338608751554
1765.993906 0.00113396339089623
1766.476023 0.00116102896283783
1766.95814 0.00111605758623338
1767.440256 0.00110804925016919
1767.922373 0.00116600396230895
1768.40449 0.0011919217116623
1768.886607 0.00113080249348245
1769.368724 0.00107564630302259
1769.85084 0.00111545312975239
1770.332957 0.00119022298056885
1770.815074 0.00119395584486494
1771.297191 0.00114465171789385
1771.779308 0.00113731059490881
1772.261425 0.00118993247116296
1772.743541 0.00121451733658647
1773.225658 0.00115906519715549
1773.707775 0.00108457604272336
1774.189892 0.00107304986854329
1774.672009 0.0011054866698685
1775.154125 0.001106886437013
1775.636242 0.00105924917518516
1776.118359 0.00104357487462221
1776.600476 0.00109786353057736
1777.082593 0.0011331151383038
1777.56471 0.00106332969305474
1778.046826 9.57507185605291E-4
1778.528943 9.34647620241716E-4
1779.01106 9.78750987662272E-4
1779.493177 9.81817283120148E-4
1779.975294 9.2684650186857E-4
1780.45741 8.94838635067133E-4
1780.939527 9.2779368623315E-4
1781.421644 9.63711646449317E-4
1781.903761 9.25592510968853E-4
1782.385878 8.43436275044962E-4
1782.867995 8.24242933930838E-4
1783.350111 8.84012479247798E-4
1783.832228 9.14744913589796E-4
1784.314345 8.49440228501197E-4
1784.796462 7.72098419235201E-4
1785.278579 7.68719481044997E-4
1785.760695 7.94303405936947E-4
1786.242812 7.62850195734993E-4
1786.724929 6.98359842368462E-4
1787.207046 6.87832341090558E-4
1787.689163 7.33267687154482E-4
1788.17128 7.30665875813469E-4
1788.653396 6.32026899536176E-4
1789.135513 5.33350759221923E-4
1789.61763 5.32637447262327E-4
1790.099747 5.78886958910591E-4
1790.581864 5.57099289419924E-4
1791.06398 4.78274431644637E-4
1791.546097 4.53412385712851E-4
1792.028214 5.07513144401769E-4
1792.510331 5.27576702964577E-4
1792.992448 4.47603056654505E-4
1793.474565 3.60592200724708E-4
1793.956681 3.68544128492562E-4
1794.438798 4.23458839160201E-4
1794.920915 4.19336325967759E-4
1795.403032 3.58176584168465E-4
1795.885149 3.27979609015497E-4
1796.367265 3.57745394212308E-4
1796.849382 3.7647393818889E-4
1797.331499 3.2116523457143E-4
1797.813616 2.39819278613121E-4
1798.295733 2.34436065567167E-4
1798.77785 2.99015590686791E-4
1799.259966 3.27557848139107E-4
1799.742083 2.74062835426803E-4
1800.2242 2.13530546639709E-4
1800.706317 2.21960977030991E-4
1801.188434 2.57354121853903E-4
1801.67055 2.3270997566216E-4
1802.152667 1.6002853518525E-4
1802.634784 1.25309794899553E-4
1803.116901 1.38553750058279E-4
1803.599018 1.25760395914651E-4
1804.081135 7.49297277218564E-5
1804.563251 6.40617404980143E-5
1805.045368 1.17156430043924E-4
1805.527485 1.60213791300309E-4
1806.009602 1.3223381952035E-4
1806.491719 7.22165099572569E-5
1806.973835 5.51618580163504E-5
1807.455952 9.2069858724092E-5
1807.938069 1.08940507408312E-4
1808.420186 6.17737993222761E-5
1808.902303 8.5697297191184E-6
1809.38442 2.23282938520697E-5
1809.866536 6.50494875913676E-5
1810.348653 4.87333050336741E-5
1810.83077 -1.46202580283E-5
1811.312887 -3.70112063413364E-5
1811.795004 -4.39544652244828E-7
1812.27712 1.80947232970297E-5
1812.759237 -2.1408409172391E-5
1813.241354 -5.89489458800718E-5
1813.723471 -3.752689157277E-5
1814.205588 -1.42250997314797E-7
1814.687705 -2.37950289004585E-5
1815.169821 -8.94852285586306E-5
1815.651938 -1.01212857581787E-4
1816.134055 -4.0977919323934E-5
1816.616172 1.02195806497285E-5
1817.098289 -9.62053745755254E-6
1817.580405 -5.34988406747094E-5
1818.062522 -3.74159542379515E-5
1818.544639 1.76275020410122E-5
1819.026756 1.26309065685143E-5
1819.508873 -5.84063622491721E-5
1819.99099 -9.84849260056847E-5
1820.473106 -5.96054039267713E-5
1820.955223 -1.27684222531871E-5
1821.43734 -3.29746002982051E-5
1821.919457 -8.622455965554E-5
1822.401574 -8.85189219188565E-5
1822.88369 -3.08583058565848E-5
1823.365807 5.75666138236119E-6
1823.847924 -2.56746390644297E-5
1824.330041 -6.41528287906729E-5
1824.812158 -4.26785293900361E-5
1825.294275 5.74763754379592E-6
1825.776391 1.01250538336456E-5
1826.258508 -2.45469088441669E-5
1826.740625 -3.42688687685611E-5
1827.222742 -7.04144753321811E-6
1827.704859 -1.18652667318309E-5
1828.186975 -6.57409440133622E-5
1828.669092 -8.56691087514488E-5
1829.151209 -2.46503787032365E-5
1829.633326 4.83146245375543E-5
1830.115443 4.02252793772484E-5
1830.59756 -3.19190357778026E-5
1831.079676 -6.61189379002475E-5
1831.561793 -2.7375057708709E-5
1832.04391 -4.68801229169813E-6
1832.526027 -6.50584232429197E-5
1833.008144 -1.36486912156064E-4
1833.49026 -1.24974095404601E-4
1833.972377 -6.15206048989597E-5
1834.454494 -4.1127057135007E-5
1834.936611 -7.07940737064011E-5
1835.418728 -7.55222762068714E-5
1835.900845 -2.831228623007E-5
1836.382961 1.58352806119699E-5
1836.865078 4.91979089363437E-6
1837.347195 -3.50593711271746E-5
1837.829312 -4.6102827044231E-5
1838.311429 -2.12111984511237E-5
1838.793545 -8.38510028992878E-6
1839.275662 -3.16251673197904E-5
1839.757779 -5.49320146192994E-5
1840.239896 -4.1306263782126E-5
1840.722013 -2.07485364019933E-5
1841.20413 -4.82594540725662E-5
1841.686246 -1.09839630889272E-4
1842.168363 -1.32489703296726E-4
1842.65048 -9.3210285534634E-5
1843.132597 -6.20019991966758E-5
1843.614714 -8.58654658765917E-5
1844.09683 -9.88012989288772E-5
1844.578947 -4.38101362734838E-5
1845.061064 1.07408584304469E-7
1845.543181 -4.50492859492141E-5
1846.025298 -1.052808414677E-4
1846.507415 -7.85878795648703E-5
1846.989531 3.02898733640922E-6
1847.471648 2.95691194606429E-5
1847.953765 -3.09680957735758E-5
1848.435882 -9.25832799599235E-5
1848.917999 -7.72770546920432E-5
1849.400115 -1.4050031581031E-5
1849.882232 1.00971479803647E-5
1850.364349 -1.98361277837927E-5
1850.846466 -4.28504804672186E-5
1851.328583 -2.49465316635861E-5
1851.8107 -2.12490296658263E-6
1852.292816 -5.3862049705089E-6
1852.774933 -1.57310810938588E-5
1853.25705 8.39857896381413E-7
1853.739167 2.73259904065432E-5
1854.221284 5.72669484293076E-6
1854.7034 -6.99586385060069E-5
1855.185517 -1.12730654817789E-4
1855.667634 -6.75899639831501E-5
1856.149751 -5.37187595697763E-7
1856.631868 1.42712014669644E-6
1857.113985 -4.06969695601472E-5
1857.596101 -5.09090333117024E-5
1858.078218 -2.52086830896808E-5
1858.560335 -2.65954923112516E-5
1859.042452 -6.80690471873691E-5
1859.524569 -9.66289339290882E-5
1860.006685 -8.22747248739736E-5
1860.488802 -5.50060338029984E-5
1860.970919 -6.28224332315241E-5
1861.453036 -9.27235093705764E-5
1861.935153 -8.67088484311496E-5
1862.41727 -3.87780366242763E-5
1862.899386 -1.39306452388577E-5
1863.381503 -4.51662901583688E-5
1863.86362 -7.34845428443376E-5
1864.345737 -3.48849895077524E-5
1864.827854 2.0632783640312E-5
1865.30997 5.06920616130668E-6
1865.792087 -5.95753395331577E-5
1866.274204 -7.43004240500167E-5
1866.756321 -2.11056336003046E-5
1867.238438 2.30094456050017E-5
1867.720555 8.04522735488311E-6
1868.202671 -2.99978577973231E-5
1868.684788 -3.11194294290579E-5
1869.166905 -2.31905715016023E-6
1869.649022 6.40367282836452E-6
1870.131139 -9.95082570448558E-6
1870.613256 -3.38213895974271E-6
1871.095372 3.31101645771187E-5
1871.577489 3.45264634011994E-5
1872.059606 -1.51328111310245E-5
1872.541723 -3.78672452305689E-5
1873.02384 1.43235748915477E-5
1873.505956 7.54400815271561E-5
1873.988073 6.54826516124501E-5
1874.47019 1.74517172854688E-5
1874.952307 2.23476923352367E-5
1875.434424 8.71709905507223E-5
1875.916541 1.19922025720906E-4
1876.398657 7.26012310421353E-5
1876.880774 4.20898163643046E-6
1877.362891 -5.25428944850304E-6
1877.845008 2.82118315763913E-5
1878.327125 2.46077585000365E-5
1878.809241 -2.2066074751137E-5
1879.291358 -2.98092945195672E-5
1879.773475 2.93785329768537E-5
1880.255592 7.44978215271308E-5
1880.737709 4.45489849202341E-5
1881.219826 -1.24675630548687E-5
1881.701942 -1.35513876239057E-5
1882.184059 4.22978831698811E-5
1882.666176 7.20806839615562E-5
1883.148293 3.6797428540139E-5
1883.63041 1.1448530694555E-5
1884.112526 5.10344258820433E-5
1884.594643 9.25554846891719E-5
1885.07676 6.20121424382836E-5
1885.558877 9.40481291832052E-6
1886.040994 2.07339099182885E-5
1886.523111 8.29998472271637E-5
1887.005227 1.0820306109334E-4
1887.487344 6.33439205158653E-5
1887.969461 1.84228616133819E-5
1888.451578 4.64402981749101E-5
1888.933695 1.1439664398942E-4
1889.415811 1.27292335940957E-4
1889.897928 8.01277417529223E-5
1890.380045 5.29032981839567E-5
1890.862162 5.86194190230621E-5
1891.344279 3.62765180591529E-5
1891.826396 -1.81249909187026E-5
1892.308512 -3.35846702919362E-5
1892.790629 1.2897846188617E-5
1893.272746 6.03229960212531E-5
1893.754863 6.06911929949966E-5
1894.23698 3.30028508988556E-5
1894.719096 2.12584079398864E-5
1895.201213 3.54582291859501E-5
1895.68333 3.460275272818E-5
1896.165447 -1.2307607977019E-5
1896.647564 -6.0272475228218E-5
1897.129681 -4.72915384729239E-5
1897.611797 7.63553053421961E-6
1898.093914 2.75089848576771E-5
1898.576031 -2.67084736867151E-6
1899.058148 -2.09036629966741E-5
1899.540265 1.08108411217417E-5
1900.022381 4.44729937798399E-5
1900.504498 2.1083046943135E-5
1900.986615 -3.23586707034335E-5
1901.468732 -3.2851856011748E-5
1901.950849 2.16037941662972E-5
1902.432966 3.70085829788092E-5
1902.915082 -1.06371601441696E-5
1903.397199 -3.13331845144676E-5
1903.879316 2.39208391934476E-5
1904.361433 7.01252141276226E-5
1904.84355 3.12802434362242E-5
1905.325666 -4.06137429374287E-5
1905.807783 -3.65564953349051E-5
1906.2899 4.64523160857294E-5
1906.772017 1.05412994472587E-4
1907.254134 7.13258429738128E-5
1907.736251 1.01911647374525E-5
1908.218367 1.60092903021269E-5
1908.700484 5.97804681320285E-5
1909.182601 5.25050286680623E-5
1909.664718 3.18327505838267E-6
1910.146835 -6.18448954893547E-6
1910.628951 3.04020658634802E-5
1911.111068 3.69431887991406E-5
1911.593185 -4.56078981909969E-6
1912.075302 -1.7109566843157E-5
1912.557419 4.52971608751046E-5
1913.039536 1.08659696483784E-4
1913.521652 8.09783715539775E-5
1914.003769 -1.17465675220502E-5
1914.485886 -5.15147892639484E-5
1914.968003 5.67400947640295E-6
1915.45012 6.58201318470969E-5
1915.932236 3.69239098634289E-5
1916.414353 -4.00144109738848E-5
1916.89647 -5.69944987371257E-5
1917.378587 -4.01605027817997E-6
1917.860704 3.29212375510674E-5
1918.342821 2.2817667898703E-5
1918.824937 2.2673573292234E-5
1919.307054 6.04891982041722E-5
1919.789171 7.62648750782385E-5
1920.271288 2.50009070625057E-5
1920.753405 -3.73024026948665E-5
1921.235521 -3.46447212568324E-5
1921.717638 2.97419502681695E-6
1922.199755 -5.44532098749329E-6
1922.681872 -5.59029661516552E-5
1923.163989 -6.83984373175128E-5
1923.646106 -2.59314313370423E-5
1924.128222 1.04983851976631E-5
1924.610339 -9.10874677421958E-6
1925.092456 -5.47525440055541E-5
1925.574573 -5.84328064639067E-5
1926.05669 -1.91493368278672E-5
1926.538806 -7.90190713917394E-6
1927.020923 -5.16903812760178E-5
1927.50304 -8.5514531354719E-5
1927.985157 -5.73741600538857E-5
1928.467274 -1.42690700521281E-5
1928.949391 -2.71990640280523E-5
1929.431507 -7.51639135842946E-5
1929.913624 -7.61634834796771E-5
1930.395741 -1.51975453889508E-5
1930.877858 2.97340980092153E-5
1931.359975 1.56316440362431E-5
1931.842091 -6.50467855584091E-6
1932.324208 1.33252647627896E-5
1932.806325 4.11217026740351E-5
1933.288442 1.88848324993302E-5
1933.770559 -4.33851484400033E-5
1934.252676 -7.26880428225246E-5
1934.734792 -3.80236214841539E-5
1935.216909 -3.91750721653872E-7
1935.699026 -1.67922014386174E-5
1936.181143 -4.62247763135942E-5
1936.66326 -1.56892780252271E-5
1937.145376 4.98145229226865E-5
1937.627493 5.92867595671093E-5
1938.10961 7.72766133864955E-6
1938.591727 -1.78625744413352E-5
1939.073844 3.25162495486003E-5
1939.555961 9.38643306298143E-5
1940.038077 7.71818986835537E-5
1940.520194 1.04690859742546E-5
1941.002311 -7.27387768001408E-6
1941.484428 2.695320504216E-5
1941.966545 2.51505314621397E-5
1942.448661 -3.36816682291186E-5
1942.930778 -6.65432623885714E-5
1943.412895 -2.143402088646E-5
1943.895012 4.76462535986544E-5
1944.377129 5.76977583881255E-5
1944.859246 2.27206908034044E-5
1945.341362 1.97152813933565E-5
1945.823479 5.26816610825487E-5
1946.305596 5.16200603612876E-5
1946.787713 -5.46932344906714E-6
1947.26983 -4.55862930271028E-5
1947.751946 -8.73061753677018E-6
1948.234063 5.60978333701972E-5
1948.71618 7.08992904732419E-5
1949.198297 4.16739510937375E-5
1949.680414 3.94220125531225E-5
1950.162531 7.41436721727468E-5
1950.644647 7.38391611196793E-5
1951.126764 1.95086090777202E-5
1951.608881 -1.184775284023E-5
1952.090998 3.57702726872244E-5
1952.573115 1.06362882981492E-4
1953.055231 1.06930309474215E-4
1953.537348 3.74726813179155E-5
1954.019465 -1.10097701078032E-5
1954.501582 5.48315154454138E-6
1954.983699 2.99515838884795E-5
1955.465816 7.39557332611607E-6
1955.947932 -2.71848071907999E-5
1956.430049 -1.27895879083323E-5
1956.912166 3.7581304074677E-5
1957.394283 5.29279072939148E-5
1957.8764 2.52502602849924E-5
1958.358516 1.55484362513864E-5
1958.840633 4.38224044432001E-5
1959.32275 5.3072238013735E-5
1959.804867 6.29797549860089E-6
1960.286984 -4.0500344566527E-5
1960.769101 -1.13226836459812E-5
1961.251217 5.28310317630815E-5
1961.733334 4.49607703114641E-5
1962.215451 -2.99333945476266E-5
1962.697568 -5.2851424278591E-5
1963.179685 1.42067196542833E-5
1963.661801 7.12411110011107E-5
1964.143918 4.22517179177323E-5
1964.626035 -5.76138589497566E-6
1965.108152 2.0201838098588E-5
1965.590269 8.71414284341482E-5
1966.072386 9.20574236472765E-5
1966.554502 3.19498977823379E-5
1967.036619 9.81881840636523E-6
1967.518736 7.06642595148382E-5
1968.000853 1.38486259643467E-4
1968.48297 1.31284857327801E-4
1968.965086 7.10601268551075E-5
1969.447203 4.88120353062532E-5
1969.92932 9.15406569199917E-5
1970.411437 1.39246030231993E-4
1970.893554 1.42928193777911E-4
1971.375671 1.29587186093363E-4
1971.857787 1.4922308175444E-4
1972.339904 1.95835847263806E-4
1972.822021 1.98425557149592E-4
1973.304138 1.41992249947431E-4
1973.786255 1.21535964192981E-4
1974.268371 1.95056774700789E-4
1974.750488 2.60554647496164E-4
1975.232605 2.35029657346064E-4
1975.714722 1.95481842786199E-4
1976.196839 2.27911242352177E-4
1976.678956 2.90317894579673E-4
1977.161072 2.94701874566802E-4
1977.643189 2.4206314777124E-4
1978.125306 2.25401789244017E-4
1978.607423 2.83717837520805E-4
1979.08954 3.36011331137268E-4
1979.571656 3.21282345425597E-4
1980.053773 2.94530845374882E-4
1980.53589 3.19756906270674E-4
1981.018007 3.77960566648655E-4
1981.500124 3.9814186504443E-4
1981.982241 3.65300839993657E-4
1982.464357 3.61437567106881E-4
1982.946474 4.40552010816053E-4
1983.428591 5.24644246685538E-4
1983.910708 5.25714313250991E-4
1984.392825 4.92762249048054E-4
1984.874941 5.20788129916974E-4
1985.357058 5.91791919829915E-4
1985.839175 6.20773694581286E-4
1986.321292 5.9273349270679E-4
1986.803409 5.78671352742047E-4
1987.285526 6.23587313222707E-4
1987.767642 6.83481450262063E-4
1988.249759 6.953537272857E-4
1988.731876 6.8220422036161E-4
1989.213993 7.20032968025433E-4
1989.69611 8.02840008812811E-4
1990.178226 8.43625419062341E-4
1990.660343 8.14389161748613E-4
1991.14246 8.04131313165299E-4
1991.624577 8.74851911848037E-4
1992.106694 9.69550996332502E-4
1992.588811 0.00100522860515431
1993.070927 9.85884814919819E-4
1993.553044 9.85519588067654E-4
1994.035161 0.00103513300115968
1994.517278 0.00108772509273157
1994.999395 0.00110129590131898
1995.481511 0.00110684550374916
1995.963628 0.00115637386201847
1996.445745 0.00122988105291014
1996.927862 0.00126236711495983
1997.409979 0.00124683208670319
1997.892096 0.00124527600667586
1998.374212 0.00129269895196757
1998.856329 0.00134910088404928
1999.338446 0.00137448187996714
1999.820563 0.0013888419782568
2000.30268 0.00143818121745395
2000.784796 0.00151849967486481
2001.266913 0.0015727973115269
2001.74903 0.00157807420470327
2002.231147 0.00158233039292963
2002.713264 0.00162256591474159
2003.195381 0.00165378080867482
2003.677497 0.00163597515229279
2004.159614 0.00162414890611806
2004.641731 0.00169330214767145
2005.123848 0.0018124349154886
2005.605965 0.00187354724810519
2006.088081 0.00184563922329678
2006.570198 0.0018247108011613
2007.052315 0.00188076205943209
2007.534432 0.00194779303664482
2008.016549 0.00194580377133509
2008.498666 0.00192179430203859
2008.980782 0.00196676470678282
2009.462899 0.00206271494516139
2009.945016 0.00211364509516003
2010.427133 0.00209655519531439
2010.90925 0.00208744528416011
2011.391366 0.00214231543993243
2011.873483 0.00221716562180914
2012.3556 0.00222899590798405
2012.837717 0.00219180633699285
2013.319834 0.00219359694737117
2013.801951 0.00225636777765463
2014.284067 0.00230111890632517
2014.766184 0.00229285029206672
2015.248301 0.0022955620133203
2015.730418 0.00236625410862158
2016.212535 0.00244992661650616
2016.694651 0.0024695796156593
2017.176768 0.00244921306435786
2017.658885 0.00248382704124661
2018.141002 0.00258842158486118
2018.623119 0.00267399673373721
2019.105236 0.00269255252641037
2019.587352 0.00270808904180725
2020.069469 0.0027806062377215
2020.551586 0.00287010419303976
2021.033703 0.00290058294629762
2021.51582 0.00289004253603074
2021.997936 0.00292048304136472
2022.480053 0.00300290441969486
2022.96217 0.00306230675010714
2023.444287 0.0030626900711372
2023.926404 0.00306805442132067
2024.408521 0.00314339983919323
2024.890637 0.00325972640411648
2025.372754 0.00333003407301315
2025.854871 0.00333532292520577
2026.336988 0.00335259299922996
2026.819105 0.00343184433362136
2027.301221 0.00352207700793618
2027.783338 0.00356529097870761
2028.265455 0.00360448632545314
2028.747572 0.0037126630867084
2029.229689 0.003865821301009
2029.711806 0.00397296100689064
2030.193922 0.00401208228414032
2030.676039 0.00405718508882912
2031.158156 0.00414726950070579
2031.640273 0.004219335558306
2032.12239 0.00422338330016538
2032.604506 0.00421741280626109
2033.086623 0.00428742403228352
2033.56874 0.004416417058172
2034.050857 0.00450139192246214
2034.532974 0.00451134866368962
2035.015091 0.00453228732039004
2035.497207 0.00462120797276619
2035.979324 0.00471211057605682
2036.461441 0.00473199521042726
2036.943558 0.00472186191441319
2037.425675 0.00476771072655026
2037.907791 0.00486354172722689
2038.389908 0.00492235487131003
2038.872025 0.00491215023915116
2039.354142 0.00491292786928592
2039.836259 0.00499768780024995
2040.318376 0.00511043007057889
2040.800492 0.0051681547608815
2041.282609 0.00518886182558366
2041.764726 0.00525455134525761
2042.246843 0.00537522335843897
2042.72896 0.00546787790366339
2043.211076 0.00547851506172101
2043.693193 0.00545913478667456
2044.17531 0.00547273715927805
2044.657427 0.00550532221806713
2045.139544 0.00550489000157742
2045.621661 0.00547244054834459
2046.103777 0.00546397393937369
2046.585894 0.00550949012829709
2047.068011 0.00554798919608424
2047.550128 0.00551147118127074
2048.032245 0.00543393612239228
2048.514362 0.00540638405798449
2048.996478 0.00543681506926455
2049.478595 0.00544822910944011
2049.960712 0.00540462625969319
2050.442829 0.00536000655855948
2050.924946 0.00536337004457459
2051.407062 0.00537871679913023
2051.889179 0.00534504677508459
2052.371296 0.00527836005379463
2052.853413 0.00524365667379598
2053.33553 0.00525293667362431
2053.817647 0.00525320009181529
2054.299763 0.00522144700996745
2054.78188 0.00519767738052479
2055.263997 0.00520489128505161
2055.746114 0.00518608876208355
2056.228231 0.00508926985015627
2056.710347 0.00497343463103854
2057.192464 0.00492358305683355
2057.674581 0.00492371520927615
2058.156698 0.0049028311269021
2058.638815 0.00483493084824695
2059.120932 0.00476501441184636
2059.603048 0.00474408189967067
2060.085165 0.0047391332634195
2060.567282 0.00467216858502974
2061.049399 0.00455018790303707
2061.531516 0.00446819125597714
2062.013632 0.00445517872598603
2062.495749 0.00443515026443139
2062.977866 0.00436210595341632
2063.459983 0.0042870458314765
2063.9421 0.00425696993714757
2064.424217 0.00423487830896513
2064.906333 0.00415077102926166
2065.38845 0.00401564804901168
2065.870567 0.00391350945051505
2066.352684 0.00386735527230747
2066.834801 0.00381818555292458
2067.316917 0.00373200037486014
2067.799034 0.00364079968876556
2068.281151 0.00359058357710253
2068.763268 0.00356235207840669
2069.245385 0.00347810523121365
2069.727502 0.00332284307405911
2070.209618 0.00319456568962785
2070.691735 0.00315327302818874
2071.173852 0.00312496517239498
2071.655969 0.00302964216078221
2072.138086 0.00289630403188607
2072.620202 0.00280695086854829
2073.102319 0.00277058262072351
2073.584436 0.00271419937122219
2074.066553 0.00260080115858004
2074.54867 0.00249238802133261
2075.030787 0.00244495999801567
2075.512903 0.00241751717165666
2075.99502 0.00234505949183815
2076.477137 0.00224158704155694
2076.959254 0.00218309985934868
2077.441371 0.00219859798374898
2077.923487 0.00223908149793796
2078.405604 0.00226955035119264
2078.887721 0.00232000462666278
2079.369838 0.00243144436288398
2079.851955 0.00259586959839193
2080.334072 0.00278428037172225
2080.816188 0.00302267676623551
2081.298305 0.00336405873084733
2081.780422 0.00380642634888838
2082.262539 0.00429577965889433
2082.744656 0.0048211186994008
2083.226772 0.00544644355391653
2083.708889 0.00622775417106042
2084.191006 0.00714905063431168
2084.673123 0.00814533298220599
2085.15524 0.00917760125327896
2085.637357 0.0102528554860663
2086.119473 0.0113730957642519
2086.60159 0.0124673220361037
2087.083707 0.0134605343852767
2087.565824 0.0143587328503066
2088.047941 0.0151789174697289
2088.530057 0.0158530883273715
2089.012174 0.0162602453712142
2089.494291 0.0163553886850564
2089.976408 0.0161725183074335
2090.458525 0.0157176342768812
2090.940642 0.0149207366319352
2091.422758 0.0137358254565931
2091.904875 0.0122409006984947
2092.386992 0.0105979624416094
2092.869109 0.00892601072447288
2093.351226 0.0072660455856208
2093.833342 0.00568106710919021
2094.315459 0.00432207524254158
2094.797576 0.00329307006978424
2095.279693 0.00253705162945386
2095.76181 0.00194201996008603
2096.243927 0.00148497510021646
2096.726043 0.00119591713414678
2097.20816 0.00104884600890777
2097.690277 9.54761808773866E-4
2098.172394 8.50664572280682E-4
2098.654511 7.62554337963892E-4
2099.136627 7.37431190260152E-4
2099.618744 7.5029507592983E-4
2100.100861 7.30146079382765E-4
2100.582978 6.76984239154563E-4
2101.065095 6.75809593780927E-4
2101.547212 7.59622181797481E-4
2102.029328 8.42422087800221E-4
2102.511445 8.47209258230341E-4
2102.993562 8.20983777657519E-4
2103.475679 8.5374568461738E-4
2103.957796 9.31495017645584E-4
2104.439912 9.74231861468763E-4
2104.922029 9.77956162266452E-4
2105.404146 0.00101466800473934
2105.886263 0.00111236742742307
2106.36838 0.00120905446885332
2106.850497 0.00124572916756566
2107.332613 0.00125739160844086
2107.81473 0.00132804173734984
2108.296847 0.00145167963914783
2108.778964 0.00154630535237042
2109.261081 0.00158791891555332
2109.743197 0.00162552041370344
2110.225314 0.00168810979243887
2110.707431 0.00174168713674142
2111.189548 0.00175125248514678
2111.671665 0.0017508058761906
2112.153782 0.00179534734840847
2112.635898 0.00186187698695617
2113.118015 0.00187939473715372
2113.600132 0.00185590068413219
2114.082249 0.00188539486642725
2114.564366 0.00199587732257454
2115.046482 0.00210434813785164
2115.528599 0.00214880725733448
2116.010716 0.00217125476627644
2116.492833 0.00226069070321315
2116.97495 0.00243011510668022
2117.457067 0.00260652801521334
2117.939183 0.00273792951423359
2118.4213 0.00286631954852938
2118.903417 0.00305069820349806
2119.385534 0.00327406551767527
2119.867651 0.00349842152959669
2120.349767 0.00375176632480079
2120.831884 0.00411609984784078
2121.314001 0.0046214221842318
2121.796118 0.00521673337250954
2122.278235 0.00590103345120961
2122.760352 0.00680232245886771
2123.242468 0.00806560048116052
2123.724585 0.00975786746236426
2124.206702 0.0119571234881329
2124.688819 0.0148603685970019
2125.170936 0.0187716028275072
2125.653052 0.0240238262654383
2126.135169 0.0309670388548452
2126.617286 0.040068240681495
2127.099403 0.0519754317839235
2127.58152 0.0674426122006662
2128.063637 0.087265781970259
2128.545753 0.112323941178624
2129.02787 0.143589089769546
2129.509987 0.181991227828924
2129.992104 0.228387355395295
2130.474221 0.283410472507193
2130.956337 0.347431579250652
2131.438454 0.420386675569235
2131.920571 0.501522761548953
2132.402688 0.589324837228342
2132.884805 0.681493902645937
2133.366922 0.774796957840275
2133.849038 0.865186002897513
2134.331155 0.948207037760961
2134.813272 1.01934706251676
2135.295389 1.07461007720344
2135.777506 1.11137508185954
2136.259622 1.12894907657133
2136.741739 1.1283760612819
2137.223856 1.11162203607749
2137.705973 1.08073000099665
2138.18809 1.03725795607791
2138.670207 0.982233901359802
2139.152323 0.916488836928713
2139.63444 0.841001762727499
2140.116557 0.757129678842525
2140.598674 0.666678585312328
2141.080791 0.571974482175443
2141.562907 0.476157369518356
2142.045024 0.383412247283721
2142.527141 0.298488115558006
2143.009258 0.225431974379745
2143.491375 0.166402823787474
2143.973492 0.121415663819729
2144.455608 0.0889104945631121
2144.937725 0.0664753159600448
2145.419842 0.0515481280971101
2145.901959 0.0417639310128438
2146.384076 0.0353007247457813
2146.866192 0.030964509382621
2147.348309 0.0280012848655923
2147.830426 0.0258700512813744
2148.312543 0.0241968086685029
2148.79466 0.0228085570655135
2149.276777 0.0216502965109419
2149.758893 0.0206660270915981
2150.24101 0.0197727487494873
2150.723127 0.0189334615714011
2151.205244 0.0181681655958751
2151.687361 0.0174968608614451
2152.169477 0.016887547455012
2152.651594 0.0162802253183986
2153.133711 0.015682894538488
2153.615828 0.0151715551538159
2154.097945 0.0147862072029177
2154.580062 0.0144638507243293
2155.062178 0.0141184858050582
2155.544295 0.0137721123867136
2156.026412 0.0135057305562856
2156.508529 0.0133173403523097
2156.990646 0.0131369418133217
2157.472762 0.0129425350264159
2157.954879 0.0127861199330277
2158.436996 0.0126946966202341
2158.919113 0.0126232651265709
2159.40123 0.0125178254905737
2159.883347 0.0124043777507782
2160.365463 0.0123429219943799
2160.84758 0.0123364581626112
2161.329697 0.0123249863426511
2161.811814 0.012270506573035
2162.293931 0.0122050188922988
2162.776047 0.0121755233877203
2163.258164 0.0121700200003668
2163.740281 0.0121325088175
2164.222398 0.0120619898776555
2164.704515 0.012021463219369
2165.186632 0.012022928881176
2165.668748 0.0120033869504506
2166.150865 0.0119328373680676
2166.632982 0.011879280221385
2167.115099 0.0119067155489384
2167.597216 0.0119631433892637
2168.079332 0.0119605638298125
2168.561449 0.0119119768113035
2169.043566 0.0118933824211732
2169.525683 0.0119297806979571
2170.0078 0.0119551716801909
2170.489917 0.0119135554064102
2170.972033 0.0118469319641577
2171.45415 0.01183630129397
2171.936267 0.0118696634833747
2172.418384 0.0118720185709074
2172.900501 0.0118283665951038
2173.382617 0.01180570764358
2173.864734 0.0118380416567252
2174.346851 0.011866368722141
2174.828968 0.011829688878363
2175.311085 0.0117700021639269
2175.793202 0.0117613086173683
2176.275318 0.0117866083263887
2176.757435 0.011759901231206
2177.239552 0.0116641874195076
2177.721669 0.0115904669298293
2178.203786 0.0116067398007066
2178.685902 0.0116510061199102
2179.168019 0.0116312658275193
2179.650136 0.011573519011291
2180.132253 0.0115527657097608
2180.61437 0.0115650059614645
2181.096487 0.0115422398049375
2181.578603 0.0114704673280309
2182.06072 0.011408688470663
2182.542837 0.0114189033206713
2183.024954 0.0114721119165916
2183.507071 0.0114833142969595
2183.989187 0.0114335105496905
2184.471304 0.0113877006145733
2184.953421 0.0113798845795105
2185.435538 0.0113670624830379
2185.917655 0.011310234363691
2186.399772 0.0112494002600055
2186.881888 0.0112495602599719
2187.364005 0.0112827143032284
2187.846122 0.0112728624777531
2188.328239 0.0112210048220818
2188.810356 0.01119514137475
2189.292472 0.0112032722238085
2189.774589 0.0111853973087746
2190.256706 0.0111285167176871
2190.738823 0.0110956304890816
2191.22094 0.0111307386614939
2191.703057 0.0111948412734596
2192.185173 0.011214938413099
2192.66729 0.0111770300197896
2193.149407 0.0111421161816405
2193.631524 0.0111661969371872
2194.113641 0.0112262723249654
2194.595757 0.0112553424331514
2195.077874 0.0112424072010105
2195.559991 0.011242466716708
2196.042108 0.0112555210187795
2196.524225 0.0112255701457607
2197.006342 0.0111776141361872
2197.488458 0.0112016530782997
2197.970575 0.0113006869112342
2198.452692 0.0113797157232208
2198.934809 0.0113847395527953
2199.416926 0.0113627584384932
2199.899042 0.0113747724686068
2200.381159 0.0114187815821687
2200.863276 0.0114427858674609
2201.345393 0.011424785363019
2201.82751 0.0114157801073788
2202.309627 0.0114687701390758
2202.791743 0.0115527555464613
2203.27386 0.0115937362684495
2203.755977 0.0115967123933816
2204.238094 0.0116456839597936
2204.720211 0.0117676510062209
2205.202327 0.0118726136210621
2205.684444 0.0118925717431364
2206.166561 0.011879525460833
2206.648678 0.0119194748126874
2207.130795 0.0119994198372355
2207.612912 0.0120353605730128
2208.095028 0.0120102971084715
2208.577145 0.0120022293823228
2209.059262 0.0120621574830102
2209.541379 0.0121410814490694
2210.023496 0.0121760013190359
2210.505612 0.0121779171814047
2210.987729 0.0122108289748011
2211.469846 0.0122767367877118
2211.951963 0.0123056406586723
2212.43408 0.0122855406262184
2212.916197 0.0122934367288857
2213.398313 0.0123573290552175
2213.88043 0.0124132175437418
2214.362547 0.0124141022829942
2214.844664 0.0123989833115102
2215.326781 0.0124218606678256
2215.808897 0.012457734440522
2216.291014 0.0124436045680503
2216.773131 0.0123884711389848
2217.255248 0.0123723341918611
2217.737365 0.0124221937652149
2218.219482 0.0124680498975818
2218.701598 0.0124429026775869
2219.183715 0.0123797520435939
2219.665832 0.0123595980842209
2220.147949 0.0123844408380035
2220.630066 0.0123832803434773
2221.112182 0.0123251166893015
2221.594299 0.0122649498137713
2222.076416 0.0122627798055394
2222.558533 0.0122996067031411
2223.04065 0.0123074305451124
2223.522767 0.0122582513699886
2224.004883 0.012198069266467
2224.487 0.0121738841727664
2224.969117 0.0121616961775777
2225.451234 0.0121155053194366
2225.933351 0.0120573116368787
2226.415468 0.0120401151684397
2226.897584 0.0120439160028517
2227.379701 0.012007714078263
2227.861818 0.0119225094833999
2228.343935 0.0118593022567983
2228.826052 0.0118600924369936
2229.308168 0.0118708801127452
2229.790285 0.0118246652221467
2230.272402 0.0117464478539521
2230.754519 0.011699228046697
2231.236636 0.0116730058389171
2231.718753 0.011613781269148
2232.200869 0.0115275544261789
2232.682986 0.011481325248043
2233.165103 0.0114840938235249
2233.64722 0.0114638601911601
2234.129337 0.0113736243894842
2234.611453 0.0112583865073091
2235.09357 0.0111861464826224
2235.575687 0.0111549044042316
2236.057804 0.0110926603106722
2236.539921 0.01096941424048
2237.022038 0.0108441662321905
2237.504154 0.0107709163746401
2237.986271 0.010715664605767
2238.468388 0.0106274110144034
2238.950505 0.0105191556390851
2239.432622 0.0104308985183478
2239.914738 0.010365639741046
2240.396855 0.0102873792450809
2240.878972 0.0101631171193035
2241.361089 0.0100348534022495
2241.843206 0.00996158813245465
2242.325323 0.0099103213484545
2242.807439 0.00980305313912307
2243.289556 0.00965678344232224
2243.771673 0.00955351234692298
2244.25379 0.00949623989146094
2244.735907 0.00940096611447178
2245.218023 0.00923669110484342
2245.70014 0.00906241480040948
2246.182257 0.00893313729005529
2246.664374 0.00883585861231646
2247.146491 0.00872557880572866
2247.628608 0.00859829790882752
2248.110724 0.00848201601051504
2248.592841 0.00837973304859625
2249.074958 0.00826344911197099
2249.557075 0.00812316423917493
2250.039192 0.00799787846874367
2250.521308 0.00791559188958872
2251.003425 0.00784730443949573
2251.485542 0.00775101620737439
2251.967659 0.00762372723176043
2252.449776 0.00749643755118939
2252.931893 0.00739214720419702
2253.414009 0.0072918562797035
2253.896126 0.00715556471547646
2254.378243 0.00699127260043493
2254.86036 0.00685997997311449
2255.342477 0.00677568687205087
2255.824593 0.00667739338616939
2256.30671 0.00654009945322702
2256.788827 0.0064258051621483
2257.270944 0.00636751055146884
2257.753061 0.00631221565972433
2258.235178 0.00621092052545037
2258.717294 0.00609062523757585
2259.199411 0.00599732973385031
2259.681528 0.00592403410320216
2260.163645 0.00582173838416712
2260.645762 0.00568144261528081
2261.127878 0.00555614688547282
2261.609995 0.0054798511324908
2262.092112 0.00542455544526436
2262.574229 0.00535125986232916
2263.056346 0.00526196442222085
2263.538463 0.00517966916347504
2264.020579 0.00510837417501957
2264.502696 0.00501907939460518
2264.984813 0.00489278491116017
2265.46693 0.00476349076322022
2265.949047 0.00467619698932094
2266.431163 0.00461590367838643
2266.91328 0.00452861076817447
2267.395397 0.00441831834761007
2267.877514 0.00434402645522881
2268.359631 0.00430473512956639
2268.841748 0.00422944440915844
2269.323864 0.00409015438292205
2269.805981 0.00395386498862856
2270.288098 0.00389257631519639
2270.770215 0.00386428840116121
2271.252332 0.00377400128505866
2271.734448 0.00362671505579772
2272.216565 0.0035304296511655
2272.698682 0.00352814516007278
2273.180799 0.00353686162105518
2273.662916 0.00348357907264839
2274.145033 0.00339429755338805
2274.627149 0.00332101715217076
2275.109266 0.00326173780680784
2275.591383 0.00318345960619822
2276.0735 0.00309218258887753
2276.555617 0.00302290679338141
2277.037733 0.00298663230859408
2277.51985 0.00294435907235133
2278.001967 0.00286208717354002
2278.484084 0.0027628166506958
2278.966201 0.00268954754235431
2279.448318 0.00264527988705122
2279.930434 0.00259401377365311
2280.412551 0.00251874914003047
2280.894668 0.00245548607505311
2281.376785 0.00244122461725661
2281.858902 0.00244996480517663
2282.341018 0.00242570672766293
2282.823135 0.00236845032261938
2283.305252 0.00231519567889919
2283.787369 0.00227694283503804
2284.269486 0.00222669182957159
2284.751603 0.00214944270103545
2285.233719 0.00209119553825653
2285.715836 0.00209595027918391
2286.197953 0.00212270701264848
2286.68007 0.00208946577718588
2287.162187 0.00200822661133178
2287.644303 0.00195298960389173
2288.12642 0.00194575469285706
2288.608537 0.0019375219670377
2289.090654 0.00190229146496934
2289.572771 0.00188006322518761
2290.054888 0.00191183728622817
2290.537004 0.00195061373686847
2291.019121 0.00192639251515556
2291.501238 0.00185717370987178
2291.983355 0.0018209573595528
2292.465472 0.00184474350273425
2292.947588 0.00186853222816792
2293.429705 0.00183332347395181
2293.911822 0.001760117328843
2294.393939 0.00171791383137714
2294.876056 0.00172171302008985
2295.358173 0.00171351493351679
2295.840289 0.00168331966037631
2296.322406 0.00167912713883284
2296.804523 0.00170993745761043
2297.28664 0.00173475065524478
2297.768757 0.00171356677027151
2298.250873 0.00165338589137889
2298.73299 0.00161620795679107
2299.215107 0.00163103305520251
2299.697224 0.00163386122514883
2300.179341 0.00157769250516571
2300.661458 0.00152252693378875
2301.143574 0.00152536459966755
2301.625691 0.00155020544110318
2302.107808 0.00153704954675186
2302.589925 0.00150989695514923
2303.072042 0.00152074770483096
2303.554158 0.0015546018844121
2304.036275 0.00154445943226231
2304.518392 0.00149432043700368
2305.000509 0.00148918493717191
2305.482626 0.00156005297130264
2305.964743 0.00161792457793149
2306.446859 0.00159579984562962
2306.928976 0.00154967871285407
2307.411093 0.00154856126818353
2307.89321 0.00155144755015363
2308.375327 0.00149633759730002
2308.857443 0.001418231498155
2309.33956 0.00139212919125289
2309.821677 0.00141703076513394
2310.303794 0.00142193625833378
2310.785911 0.00139384570938807
2311.268028 0.00138375915683242
2311.750144 0.00139767668914992
2312.232261 0.00137859824497293
2312.714378 0.00131852391279286
2313.196495 0.00129245373114538
2313.678612 0.00132038773856617
2314.160728 0.00130332602349501
2314.642845 0.0012012685246503
2315.124962 0.00114221533048071
2315.607079 0.00120816647952188
2316.089196 0.00127212201030941
2316.571313 0.00123008196137901
2317.053429 0.00118004642111591
2317.535546 0.00121501532834713
2318.017663 0.00123098877146725
2318.49978 0.00112996678901195
2318.981897 0.00103694941951683
2319.464013 0.00107693675131952
2319.94613 0.00111792872334197
2320.428247 0.00101292542393143
2320.910364 9.17926891623622E-4
2321.392481 0.00100093316495414
2321.874598 0.00108094428245865
2322.356714 9.6396033241497E-4
2322.838831 8.28981253864158E-4
2323.320948 8.87007135094195E-4
2323.803065 9.40038014640737E-4
2324.285182 7.69073931039407E-4
2324.767298 5.93114972516004E-4
2325.249415 6.65161078215265E-4
2325.731532 7.72212336373548E-4
2326.213649 6.49268785526472E-4
2326.695766 5.07330464209657E-4
2327.177883 6.00397410958825E-4
2327.659999 6.87469713934588E-4
2328.142116 5.31547312411451E-4
2328.624233 4.02630294561085E-4
2329.10635 5.23718698919179E-4
2329.588467 5.95812564021386E-4
2330.070583 4.40911977971914E-4
2330.5527 3.75016880157703E-4
2331.034817 5.05127358694457E-4
2331.516934 4.94243452117807E-4
2331.999051 3.12365198963438E-4
2332.481168 3.12492637766906E-4
2332.963284 4.2462585656218E-4
2333.445401 2.98764794876394E-4
2333.927518 1.22909540755348E-4
2334.409635 2.59060132734731E-4
2334.891752 4.25216609350132E-4
2335.373868 2.76379058574652E-4
2335.855985 1.28547420056691E-4
2336.338102 2.46721781781645E-4
2336.820219 2.94902182285131E-4
2337.302336 1.61088660102809E-4
2337.784453 1.99281253770348E-4
2338.266569 3.86480051185176E-4
2338.748686 3.84684992146472E-4
2339.230803 3.26896164564466E-4
2339.71292 4.71113606974799E-4
2340.195037 5.9433735791313E-4
2340.677153 5.5056750521168E-4
2341.15927 5.89803988799639E-4
2341.641387 6.97046896522488E-4
2342.123504 6.06296266915843E-4
2342.605621 4.60552138515327E-4
2343.087738 5.1381454985662E-4
2343.569854 5.75083588691017E-4
2344.051971 4.99359195109086E-4
2344.534088 5.00641456875797E-4
2345.016205 6.18930412526808E-4
2345.498322 6.68226100597788E-4
2345.980438 6.56528608770385E-4
2346.462555 6.8383787727401E-4
2346.944672 7.27153993804464E-4
2347.426789 7.83476996897375E-4
2347.908906 8.7580692508836E-4
2348.391023 9.44143816913115E-4
2348.873139 9.46487759967141E-4
2349.355256 9.17838694651674E-4
2349.837373 8.82196708576824E-4
2350.31949 8.07561840278234E-4
2350.801607 6.97934128291541E-4
2351.283723 6.50313660138221E-4
2351.76584 6.76700376367231E-4
2352.247957 6.30094364514985E-4
2352.730074 5.07495663117155E-4
2353.212191 4.23904310709364E-4
2353.694308 3.49320345827298E-4
2354.176424 2.73743855900926E-4
2354.658541 2.48174781661684E-4
2355.140658 1.75613210554981E-4
2355.622775 6.90591811164654E-5
2356.104892 7.05127318818277E-5
2356.587008 5.79739502026416E-5
2357.069125 -4.95572230333058E-5
2357.551242 -1.06080700458519E-4
2358.033359 -1.25596443537379E-4
2358.515476 -1.3110441373422E-4
2358.997593 -7.66045725134473E-5
2359.479709 -9.20968326201255E-5
2359.961826 -1.81581252973489E-4
2360.443943 -2.05057746302362E-4
2360.92606 -2.29526274071024E-4
2361.408177 -2.71986797743914E-4
2361.890293 -2.58439230148941E-4
2362.37241 -2.29883630040104E-4
2362.854527 -1.71319910228604E-4
2363.336644 -1.10748032178781E-4
2363.818761 -1.16167957355015E-4
2364.300878 -1.19579647221632E-4
2364.782994 -9.79830147086053E-5
2365.265111 -7.03781183663543E-5
2365.747228 -2.97648711076598E-5
2366.229345 -1.14323439685815E-6
2366.711462 4.24868279493007E-5
2367.193578 1.20125390381864E-4
2367.675695 1.78772379239522E-4
2368.157812 2.04427866238005E-4
2368.639929 2.06091874628125E-4
2369.122046 2.24764427660756E-4
2369.604163 2.73445548586743E-4
2370.086279 3.09135308997857E-4
2370.568396 3.36833635445233E-4
2371.050513 3.90540599538441E-4
2371.53263 4.74256224528388E-4
2372.014747 5.45980533665918E-4
2372.496863 5.67713598452826E-4
2372.97898 5.68455345619889E-4
2373.461097 6.01205846687006E-4
2373.943214 6.56965124905068E-4
2374.425331 6.81733203524881E-4
2374.907448 6.76510105797334E-4
2375.389564 6.95295903114734E-4
2375.871681 7.56090522426547E-4
2376.353798 8.24894035143506E-4
2376.835915 8.71706464516425E-4
2377.318032 8.97527833796208E-4
2377.800148 9.25358214282537E-4
2378.282265 9.74197533109872E-4
2378.764382 0.00103204586159651
2379.246499 0.00106990322299337
2379.728616 0.00108576964055125
2380.210733 0.00110164513752103
2380.692849 0.00112452978508973
2381.174966 0.00114342351061687
2381.657083 0.00115432638530844
2382.1392 0.00117823843241524
2382.621317 0.00122015967518814
2383.103433 0.0012470901847189
2383.58555 0.00124002988855738
2384.067667 0.00124497885781445
2384.549784 0.00129493711574097
2385.031901 0.0013379046855878
2385.514018 0.00131288159060579
2385.996134 0.00125686790177079
2386.478251 0.00123886354686417
2386.960368 0.00126086859688118
2387.442485 0.00128088307507274
2387.924602 0.00127890700468965
2388.406718 0.00126994045660991
2388.888835 0.00127198335881037
2389.370952 0.00128403578218872
2389.853069 0.00129109774999581
2390.335186 0.00128216928548244
2390.817303 0.00126925041189951
2391.299419 0.00128434120000591
2391.781536 0.00133144157801636
2392.263653 0.00137755161670974
2392.74577 0.00140367133933689
2393.227887 0.00141280076914869
2393.710003 0.00140093997680348
2394.19212 0.00137708889071683
2394.674237 0.00138524758156733
2395.156354 0.00145041607260581
2395.638471 0.00153159438708314
2396.120588 0.00156478254825014
2396.602704 0.00153098062664297
2397.084821 0.00148318855092139
2397.566938 0.001491406391642
2398.049055 0.00155963417205565
2398.531172 0.00163087191541318
2399.013288 0.00166311969214754
2399.495405 0.00167337743112467
2399.977522 0.00169364520279819
2400.459639 0.00171392303041897
2400.941756 0.00170921093723783
2401.423873 0.00169850894650568
2401.905989 0.00171681712852999
2402.388106 0.00175913541242721
2402.870223 0.00178046386852591
2403.35234 0.00178180252007693
2403.834457 0.00180815139033109
2404.316574 0.00186651050253932
2404.79869 0.00191187992688181
2405.280807 0.00191325959272924
2405.762924 0.00189564957028319
2406.245041 0.0019040498827945
2406.727158 0.00194046055351403
2407.209274 0.00196388165251481
2407.691391 0.00197431310938173
2408.173508 0.00200475499420942
2408.655625 0.00206220733024867
2409.137742 0.00210967014075035
2409.619859 0.00211714344896534
2410.101975 0.00210962732483622
2410.584092 0.00213612169820841
2411.066209 0.00220962663904639
2411.548326 0.00229814217060102
2412.030443 0.00235766831612313
2412.512559 0.00238720514544544
2412.994676 0.00242075258863296
2413.476793 0.00245831071554048
2413.95891 0.00246787954941884
2414.441027 0.00245945911351891
2414.923144 0.00248304943109152
2415.40526 0.00254465057183581
2415.887377 0.00258426246608366
2416.369494 0.00257088518355655
2416.851611 0.00256351874750536
2417.333728 0.00262616318118093
2417.815844 0.0027278185541698
2418.297961 0.00279348479702876
2418.780078 0.00281116197936701
2419.262195 0.00282485012443538
2419.744312 0.00285954925548468
2420.226429 0.00289625939576582
2420.708545 0.00292298061472859
2421.190662 0.00294471284320295
2421.672779 0.00297545615066163
2422.154896 0.00301821056035549
2422.637013 0.00306397609553538
2423.119129 0.00309375282553584
2423.601246 0.00310854068141714
2424.083363 0.00312733973253696
2424.56548 0.00315315000214618
2425.047597 0.00317597151349562
2425.529714 0.00321280428983618
2426.01183 0.00328764840036241
2426.493947 0.00337350377641418
2426.976064 0.00341737048720953
2427.458181 0.00340724855599932
2427.940298 0.00339413800603442
2428.422414 0.00342403890639151
2428.904531 0.00347595118864601
2429.386648 0.0035018749218983
2429.868765 0.00351181012939925
2430.350882 0.00354775683439968
2430.832999 0.00359871506015048
2431.315115 0.00362068487558528
2431.797232 0.00361566621256532
2432.279349 0.00363265914004821
2432.761466 0.0036976636812848
2433.243583 0.00376267985952596
2433.725699 0.00376970774358474
2434.207816 0.00373874726556331
2434.689933 0.00373679849429896
2435.17205 0.00378286145304248
2435.654167 0.00383793616504481
2436.136284 0.00385802265355674
2436.6184 0.00385712098724512
2437.100517 0.00387523109850429
2437.582634 0.00390635305602559
2438.064751 0.00391848688305987
2438.546868 0.00392063260285796
2439.028984 0.00394779028396348
2439.511101 0.00399195985901699
2439.993218 0.00400814139658685
2440.475335 0.00398633491992387
2440.957452 0.00397354045227893
2441.439569 0.00400075801690288
2441.921685 0.00404698768218986
2442.403802 0.00407922938107905
2442.885919 0.00409648318198966
2443.368036 0.00411474910817249
2443.850153 0.00412402718287838
2444.332269 0.00410531747437565
2444.814386 0.00406461991585499
2445.296503 0.00403793457560993
2445.77862 0.00405826147689132
2446.260737 0.00411360064295
2446.742854 0.00413895209703685
2447.22497 0.00409731590726746
2447.707087 0.00403969200713756
2448.189204 0.00403808046478829
2448.671321 0.00408648130347056
2449.153438 0.00412489454643516
2449.635554 0.00413032026166923
2450.117671 0.00412775838292527
2450.599788 0.00412720897821616
2451.081905 0.00411367207079276
2451.564022 0.00409314768390595
2452.046139 0.00410763584080655
2452.528255 0.00416313660932585
2453.010372 0.00419864992352771
2453.492489 0.00418017585126947
2453.974606 0.00414471441580202
2454.456723 0.00413326564037622
2454.938839 0.00413382959269213
2455.420956 0.00411840620707574
2455.903073 0.00410099555125346
2456.38519 0.00410559764847617
2456.867307 0.00413521252199472
2457.349424 0.00417984019505997
2457.83154 0.00419848073521299
2458.313657 0.00416513407709748
2458.795774 0.00411680028828115
2459.277891 0.00410247939201486
2459.760008 0.0041071714115495
2460.242124 0.00411387641429228
2460.724241 0.00414259433515433
2461.206358 0.00419132524156979
2461.688475 0.00420606915678948
2462.170592 0.00416082610406427
2462.652709 0.00410759610664501
2463.134825 0.00411237923177681
2463.616942 0.00416617541469481
2464.099059 0.00419598472267126
2464.581176 0.00415880717895703
2465.063293 0.00409864280680296
2465.545409 0.00408549167331768
2466.027526 0.00412135371400904
2466.509643 0.00415822899601306
2466.99176 0.00417411754258061
2467.473877 0.00417901937696252
2467.955994 0.00418693452240965
2468.43811 0.00419386304586523
2468.920227 0.00419280488316762
2469.402344 0.00419376010128773
2469.884461 0.00422072872347642
2470.366578 0.00426571077298454
2470.848694 0.00429970631661622
2471.330811 0.00431271529048776
2471.812928 0.00431273776143125
2472.295045 0.00430577375269751
2472.777162 0.00429982328753742
2473.259279 0.00430888638920181
2473.741395 0.00433996312432623
2474.223512 0.00438505342936389
2474.705629 0.00442615737097853
2475.187746 0.00444427497242103
2475.669863 0.00444040625694218
2476.151979 0.00444955129103584
2476.634096 0.00451571001143845
2477.116213 0.0046188824846723
2477.59833 0.00468606873398815
2478.080447 0.00468926878263692
2478.562564 0.00467648265386943
2479.04468 0.00469371041400773
2479.526797 0.00473795200013152
2480.008914 0.00479620747859157
2480.491031 0.00487347687263872
2480.973148 0.00496076020552384
2481.455264 0.00503205754342451
2481.937381 0.00508336882370906
2482.419498 0.00514069411258409
2482.901615 0.00523003343330042
2483.383732 0.00535038680910894
2483.865849 0.00546875426326048
2484.347965 0.0055621358617577
2484.830082 0.00564353154231849
2485.312199 0.00573494137097482
2485.794316 0.00582836537097751
2486.276433 0.00591780356557742
2486.758549 0.00601125602063016
2487.240666 0.00611972267414754
2487.722783 0.00625020359201463
2488.2049 0.0063856987974823
2488.687017 0.00650920831380143
2489.169134 0.00663373216422284
2489.65125 0.00678027041442403
2490.133367 0.00694082300277271
2490.615484 0.00709138999497618
2491.097601 0.00724697141428529
2491.579718 0.0074345672839509
2492.061834 0.00763417766950074
2492.543951 0.00780680250960179
2493.026068 0.00796344186981186
2493.508185 0.00814109577338176
2493.990302 0.00833376424356236
2494.472419 0.00851044730360451
2494.954535 0.00867314501885471
2495.436652 0.00884385732834214
2495.918769 0.00902758429744363
2496.400886 0.00922732594941004
2496.883003 0.0094400823074922
2497.365119 0.00964785343688419
2497.847236 0.0098476392769198
2498.329353 0.0100564398928237
2498.81147 0.0102842553078467
2499.293587 0.0105210855452397
2499.775704 0.0107479306282534
2500.25782 0.0109527906218977
2500.739937 0.0111356654658747
2501.222054 0.0113135552252251
2501.704171 0.0115104599231997
2502.186288 0.0117323795830493
2502.668404 0.0119683142696284
2503.150521 0.0121982639229495
2503.632638 0.0124162286078981
2504.114755 0.012628208347725
2504.596872 0.0128462031656812
2505.078989 0.0130662130850175
2505.561105 0.0132602381704008
2506.043222 0.0134082783622184
2506.525339 0.0135463337251685
2507.007456 0.0137274042825021
2507.489573 0.01394149005747
2507.971689 0.0141305911145814
2508.453806 0.0142807073945388
2508.935923 0.0144218389618829
2509.41804 0.0145739858398648
2509.900157 0.0147351480517351
2510.382274 0.0148903256207447
2510.86439 0.0150395186112121
2511.346507 0.0152027269642211
2511.828624 0.0153909507441219
2512.310741 0.0155691899741654
2512.792858 0.0156994446776025
2513.274974 0.0157967149185911
2513.757091 0.0158980006385357
2514.239208 0.0159983019016263
2514.721325 0.0160716187311138
2515.203442 0.0161189511502491
2515.685559 0.016189299182283
2516.167675 0.0163206628911795
2516.649792 0.0164700422187307
2517.131909 0.016563437228933
2517.614026 0.0166078479450373
2518.096143 0.0166652743902945
2518.578259 0.0167377166285055
2519.060376 0.016786174601788
2519.542493 0.016806648373976
2520.02461 0.0168261379683201
2520.506727 0.0168646434080712
2520.988844 0.0169021647164803
2521.47096 0.016911701957151
2521.953077 0.0169032550725953
2522.435194 0.01690782412645
2522.917311 0.016915409141966
2523.399428 0.016889010142394
2523.881544 0.0168466271911723
2524.363661 0.0168412602311439
2524.845778 0.01687390932578
2525.327895 0.0168955744983316
2525.810012 0.0168902557720494
2526.292129 0.0168719531701845
2526.774245 0.0168346667559744
2527.256362 0.0167633964726627
2527.738479 0.0166731423835207
2528.220596 0.0166059045117992
2528.702713 0.0165746828807491
2529.184829 0.0165504775534398
2529.666946 0.0165012884734511
2530.149063 0.0164271157038863
2530.63118 0.0163539592679962
2531.113297 0.0162998191890317
2531.595414 0.0162516954902436
2532.07753 0.0161835882344978
2532.559647 0.016085497365781
2533.041764 0.0159904229469931
2533.523881 0.015925365001385
2534.005998 0.0158643235522075
2534.488114 0.0157672986621556
2534.970231 0.0156242902755576
2535.452348 0.0154742984551428
2535.934465 0.0153613232241619
2536.416582 0.0152913646058658
2536.898699 0.0152344226235055
2537.380815 0.015154497339569
2537.862932 0.0150435886987979
2538.345049 0.0149186967637151
2538.827166 0.0147948215575713
2539.309283 0.0146679631036174
2539.791399 0.0145451214641679
2540.273516 0.0144502965843114
2540.755633 0.0143894885263974
2541.23775 0.0143236973136766
2541.719867 0.0142239229693999
2542.201984 0.0141041655168182
2542.6841 0.013981425018036
2543.166217 0.0138447014185616
2543.648334 0.0137189947805346
2544.130451 0.013642305127206
2544.612568 0.0135936324818265
2545.094684 0.0135139769063245
2545.576801 0.0133963383465605
2546.058918 0.0132817168644981
2546.541035 0.0131931124833883
2547.023152 0.0131215252264818
2547.505269 0.0130579551170296
2547.987385 0.0129994022167468
2548.469502 0.0129338664719199
2548.951619 0.0128373479442997
2549.433736 0.012706846657137
2549.915853 0.0125803626336828
2550.397969 0.0125018959354734
2550.880086 0.0124664465091527
2551.362203 0.0124310144162929
2551.84432 0.0123595996801449
2552.326437 0.0122702023239595
2552.808554 0.0121978223709876
2553.29067 0.0121274598825493
2553.772787 0.0120251148057207
2554.254904 0.0119037872018582
2554.737021 0.0118264770942124
2555.219138 0.0118171845060344
2555.701254 0.0118169094984625
2556.183371 0.011765652018936
2556.665488 0.0116754121286296
2557.147605 0.0115901898507943
2557.629722 0.0115189852086809
2558.111839 0.0114477982255403
2558.593955 0.0113756289622914
2559.076072 0.0113164773668121
2559.558189 0.011264343500058
2560.040306 0.0112062273852801
2560.522423 0.0111431290457291
2561.004539 0.0110830485421398
2561.486656 0.0110259858227583
2561.968773 0.0109789409483563
2562.45089 0.0109389139421846
2562.933007 0.010889904827494
2563.415124 0.0108329136275355
2563.89724 0.0107859404028211
2564.379357 0.0107369851020419
2564.861474 0.0106780477857472
2565.343591 0.0106211284771879
2565.825708 0.0105782271996148
2566.307824 0.0105493440133532
2566.789941 0.0105264788674676
2567.272058 0.0104916318223208
2567.754175 0.0104348029011635
2568.236292 0.0103769921272467
2568.718409 0.0103281995238211
2569.200525 0.0102784251509863
2569.682642 0.0102296689582581
2570.164759 0.0102119310057737
2570.646876 0.0102282113167839
2571.128993 0.0102445099145396
2571.611109 0.0102318268589507
2572.093226 0.0102061620999119
2572.575343 0.0102025156973711
2573.05746 0.0102288876745791
2573.539577 0.0102552780547869
2574.021694 0.0102556868612452
2574.50381 0.0102541141536349
2574.985927 0.0102855598823086
2575.468044 0.0103450241069853
2575.950161 0.0103955068509159
2576.432278 0.0104250081373513
2576.914394 0.0104695280257801
2577.396511 0.010562066466939
2577.878628 0.0106696235203551
2578.360745 0.0107341992092794
2578.842862 0.0107597935569626
2579.324979 0.0107954065866557
2579.807095 0.010863038357615
2580.289212 0.0109446888210414
2580.771329 0.0110093580362301
2581.253446 0.011056046026432
2581.735563 0.0111127528148979
2582.21768 0.0111834784248787
2582.699796 0.0112402229153969
2583.181913 0.0112829862381209
2583.66403 0.0113347684521122
2584.146147 0.0114055695806218
2584.628264 0.0114923896469005
2585.11038 0.0115822287097744
2585.592497 0.0116560867213044
2586.074614 0.011711963740356
2586.556731 0.01175485979018
2587.038848 0.0117787748940274
2587.520965 0.0117857090751489
2588.003081 0.0118016623921336
2588.485198 0.0118436347975162
2588.967315 0.0118866263499255
2589.449432 0.0119016370726123
2589.931549 0.0118926669888275
2590.413665 0.0118837161569611
2590.895782 0.0118997845299456
2591.377899 0.0119218721662109
2591.860016 0.011909979089008
2592.342133 0.0118781053215876
2592.82425 0.0118582508872006
2593.306366 0.0118264158439969
2593.788483 0.0117536001453891
2594.2706 0.0116728038495673
2594.752717 0.0116130269797821
2595.234834 0.0115552695592847
2595.71695 0.011469531646023
2596.199067 0.0113618131938129
2596.681184 0.0112621142606428
2597.163301 0.0111984348697638
2597.645418 0.0111597750444266
2598.127535 0.011107134807882
2598.609651 0.0110215142178349
2599.091768 0.0109289132285876
2599.573885 0.0108643318978854
2600.056002 0.0108127702489792
2600.538119 0.01073322830512
2601.020235 0.0106267061238081
2601.502352 0.0105382036597542
2601.984469 0.0104777209704997
2602.466586 0.0104222580792954
2602.948703 0.0103708150093922
2603.43082 0.010341391784041
2603.912936 0.0103239884604955
2604.395053 0.0102846049939594
2604.87717 0.0102122414417278
2605.359287 0.0101318978270515
2605.841404 0.0100665741731814
2606.32352 0.0100312705371643
2606.805637 0.0100239868746175
2607.287754 0.0100217232426293
2607.769871 0.0100084796644507
2608.251988 0.00999225616333243
2608.734105 0.00997405276252537
2609.216221 0.00995286951882661
2609.698338 0.00995470638835272
2610.180455 0.00997656342794254
2610.662572 0.00996244066084694
2611.144689 0.00988133811031677
2611.626805 0.00978725583293957
2612.108922 0.00973019378525073
2612.591039 0.00969715202387983
2613.073156 0.00966913057207771
2613.555273 0.00963412945309521
2614.03739 0.0095811486901832
2614.519506 0.00952618833967615
2615.001623 0.00947624835861533
2615.48374 0.00940832880337747
2615.965857 0.00931742969721346
2616.447974 0.00922855106337413
2616.93009 0.00915369295798181
2617.412207 0.00906585533850183
2617.894324 0.00894903826109905
2618.376441 0.00882324174902432
2618.858558 0.00870346582552848
2619.340675 0.0085787105138624
2619.822791 0.00843797586989212
2620.304908 0.00829526185159521
2620.787025 0.00817856851488055
2621.269142 0.00809389588299899
2621.751259 0.0080042439792014
2622.233375 0.00788361285913899
2622.715492 0.00775100248121875
2623.197609 0.00764141290113497
2623.679726 0.00753584414213849
2624.161843 0.00738229622748018
2624.64396 0.0071987691804109
2625.126076 0.00706426305632243
2625.608193 0.0069987778141403
2626.09031 0.00692131350929973
2626.572427 0.00678287016505151
2627.054544 0.00662944780464651
2627.53666 0.00650904648325903
2628.018777 0.00640266616024941
2628.500894 0.00626230689083551
2628.983011 0.00608396869826816
2629.465128 0.00592565160579827
2629.947245 0.00582335563667664
2630.429361 0.00573008084581501
2630.911478 0.00558682719309857
2631.393595 0.00542259473348292
2631.875712 0.00529938349021892
2632.357829 0.00522019348655739
2632.839945 0.00512002477718992
2633.322062 0.00496087732244176
2633.804179 0.00478075117704858
2634.286296 0.00464064636426126
2634.768413 0.00454956290733065
2635.25053 0.00446050082950757
2635.732646 0.00435046018521783
2636.214763 0.00424244093531794
2636.69688 0.00413544313427811
2637.178997 0.00399046680534917
2637.661114 0.00381351197178201
2638.14323 0.00367557868777957
2638.625347 0.00360266691464375
2639.107464 0.00354677670662219
2639.589581 0.00346290808696575
2640.071698 0.00336206107892529
2640.553815 0.00327223570575163
2641.035931 0.00318143202137882
2641.518048 0.00305864998764635
2642.000165 0.00291288965853321
2642.482282 0.00280215105729022
2642.964399 0.00275643420716828
2643.446515 0.00272873916187591
2643.928632 0.00264206588370332
2644.410749 0.00250341442640427
2644.892866 0.00238778481322959
2645.374983 0.00232917706743014
2645.8571 0.00227459121225677
2646.339216 0.00216902730114592
2646.821333 0.00203448529693175
2647.30345 0.00193596525309615
2647.785567 0.00188446719289002
2648.267684 0.00183799113956415
2648.7498 0.0017825371463269
2649.231917 0.00174410517646842
2649.714034 0.00172969528324272
2650.196151 0.00169230748990067
2650.678268 0.00157794181969312
2651.160385 0.00142059829587093
2651.642501 0.00131327697136707
2652.124618 0.00128297781002207
2652.606735 0.00126870086481492
2653.088852 0.00121844615899648
2653.570969 0.00115321371581759
2654.053085 0.00112200358798049
2654.535202 0.00112681573978696
2655.017319 0.00111565022398551
2655.499436 0.00107750706382697
2655.981553 0.0010583862825622
2656.46367 0.00105928790344203
2656.945786 0.00102921197889021
2657.427903 9.4715847376526E-4
2657.91002 8.65127440537419E-4
2658.392137 8.35118902457563E-4
2658.874254 8.25132882776518E-4
2659.35637 7.73169433684599E-4
2659.838487 7.02228520506928E-4
2660.320604 6.73310195480586E-4
2660.802721 6.67414481856421E-4
2661.284838 6.28541402885291E-4
2661.766955 5.65690981818058E-4
2662.249071 5.20863270563297E-4
2662.731188 4.95058235009255E-4
2663.213305 4.52275927111598E-4
2663.695422 3.82516370121197E-4
2664.177539 3.29779587288873E-4
2664.659655 3.41065630287171E-4
2665.141772 3.97374465476226E-4
2665.623889 4.26706144575878E-4
2666.106006 3.88060690836974E-4
2666.588123 3.31438127510353E-4
2667.07024 3.25838477846903E-4
2667.552356 3.55261793234259E-4
2668.034473 3.36708040602006E-4
2668.51659 2.62177271385416E-4
2668.998707 2.02669508835324E-4
2669.480824 1.94184776202588E-4
2669.96294 1.94723124636177E-4
2670.445057 1.54284521542813E-4
2670.927174 1.03869018119325E-4
2671.409291 1.07476637616545E-4
2671.891408 1.49107403285338E-4
2672.373525 1.50761338376541E-4
2672.855641 1.01438493751042E-4
2673.337758 6.8138837391464E-5
2673.819875 8.386242020679E-5
2674.301992 1.10609265447904E-4
2674.784109 1.06379396365638E-4
2675.266225 6.21728635795196E-5
2675.748342 1.09896355546396E-5
2676.230459 -2.41702370411198E-5
2676.712576 -5.03067309568991E-5
2677.194693 -4.94198229418416E-5
2677.67681 -5.09489745101344E-7
2678.158926 6.24243189616056E-5
2678.641043 7.6381572225552E-5
2679.12316 2.73623204236906E-5
2679.605277 -4.06334131931307E-5
2680.087394 -6.96056053740499E-5
2680.56951 -5.45542060348264E-5
2681.051627 -3.94792456403711E-5
2681.533744 -4.83806740575188E-5
2682.015861 -5.32584680354095E-5
2682.497978 -3.31126043232183E-5
2682.980095 -4.94305967006781E-6
2683.462211 -3.74978428614031E-6
2683.944328 -2.95328080477802E-5
2684.426445 -4.32920811159546E-5
2684.908562 -2.80275802398353E-5
2685.390679 -2.07392821685443E-5
2685.872795 -4.64271373589592E-5
2686.354912 -5.7091175194271E-5
2686.837029 -3.73134608193382E-6
2687.319146 6.56523732289194E-5
2687.801263 7.30600059891326E-5
2688.28338 3.54915754495685E-5
2688.765496 1.8947130855769E-5
2689.247613 2.4426643419416E-5
2689.72973 1.29301624357883E-5
2690.211847 -1.65422895504544E-5
2690.693964 -4.29907023641041E-5
2691.17608 -3.2415050621841E-5
2691.658197 2.81846134363994E-5
2692.140314 8.78083149069495E-5
2692.622431 8.84560530908102E-5
2693.104548 6.21278272888853E-5
2693.586665 6.98236368021701E-5
2694.068781 1.04543506378015E-4
2694.550898 1.10287384374727E-4
2695.033015 7.00552955895245E-5
2695.515132 2.7847239323385E-5
2695.997249 2.16632148772669E-5
2696.479365 3.45032467492512E-5
2696.961482 4.63672837961865E-5
2697.443599 7.82553505659922E-5
2697.925716 1.26167446359689E-4
2698.407833 1.38103570478179E-4
2698.88995 1.00063722222467E-4
2699.372066 6.00479257916176E-5
2699.854183 5.20561306405071E-5
2700.3363 7.10883610180735E-5
2700.818417 9.41446162252418E-5
2701.300534 8.52248955630075E-5
2701.78265 5.53292229813138E-5
2702.264767 6.14575484333066E-5
2702.746884 1.01609895918786E-4
2703.229001 1.08786264738696E-4
2703.711118 7.19866541940214E-5
2704.193235 5.92110635856888E-5
2704.675351 9.24595165647107E-5
2705.157468 1.04731963682159E-4
2705.639585 6.50284286388622E-5
2706.121702 3.73489107357503E-5
2706.603819 6.46934092738208E-5
2707.085935 9.70619476549639E-5
2707.568052 7.34544769284487E-5
2708.050169 1.48710205459673E-5
2708.532286 9.31157780850733E-6
2709.014403 7.77761480170169E-5
2709.49652 1.32264730472474E-4
2709.978636 1.0277734827794E-4
2710.460753 4.43139530803341E-5
2710.94287 4.58745680325667E-5
2711.424987 1.02459192435581E-4
2711.907104 1.50067825590329E-4
2712.38922 1.57700490350889E-4
2712.871337 1.47357138862221E-4
2713.353454 1.52037794028191E-4
2713.835571 1.82742455149737E-4
2714.317688 2.16471121527839E-4
2714.799805 2.26223792463467E-4
2715.281921 2.26000490511941E-4
2715.764038 2.41801168415684E-4
2716.246155 2.59625848779838E-4
2716.728272 2.59474530905336E-4
2717.210389 2.73347214093174E-4
2717.692505 3.34243920649728E-4
2718.174622 4.08164603815306E-4
2718.656739 4.34109285946095E-4
2719.138856 4.1407796634306E-4
2719.620973 4.06070644307151E-4
2720.10309 4.43087319139328E-4
2720.585206 5.14128012847358E-4
2721.067323 5.84192679268833E-4
2721.54944 6.38281340461309E-4
2722.031557 6.95393995725699E-4
2722.513674 7.63530644363006E-4
2722.99579 8.17691308132112E-4
2723.477907 8.56875941368331E-4
2723.960024 9.10084565880341E-4
2724.442141 9.77317180969099E-4
2724.924258 0.00102557378593555
2725.406375 0.00105085438008069
2725.888491 0.00108715898486485
2726.370608 0.00115948755522046
2726.852725 0.00126084011265763
2727.334842 0.0013562166564773
2727.816959 0.00141761718598045
2728.299075 0.00146804172237869
2728.781192 0.00154149022110196
2729.263309 0.00160896270341157
2729.745426 0.00162645916860851
2730.227543 0.00164497961599374
2730.70966 0.00172852404486822
2731.191776 0.00183809247614507
2731.673893 0.0019036848658512
2732.15601 0.00193230123494945
2732.638127 0.0019699415827408
2733.120244 0.00203560590852621
2733.60236 0.00211929423297014
2734.084477 0.00220400651259681
2734.566594 0.00227974276812042
2735.048711 0.00235450299884195
2735.530828 0.00241828720406232
2736.012945 0.00244809538308254
2736.495061 0.00245192755626867
2736.977178 0.0024867836807417
2737.459295 0.00260066377691742
2737.941412 0.00276256784409684
2738.423529 0.00289249588158089
2738.905645 0.00295344790948707
2739.387762 0.00299942388543355
2739.869879 0.00307942382958756
2740.351996 0.00316044774125005
2740.834113 0.00320249561972197
2741.31623 0.00324956746430431
2741.798346 0.00336366329481628
2742.280463 0.0035107830694726
2742.76258 0.00361292680814221
2743.244697 0.00366209451012606
2743.726814 0.00371928617472514
2744.20893 0.00383250182151015
2744.691047 0.00398574140919283
2745.173164 0.00412400495739362
2745.655281 0.00422229246541347
2746.137398 0.00430260393255333
2746.619515 0.00440093935811417
2747.101631 0.00451929876136854
2747.583748 0.00463568210162456
2748.065865 0.00475408939820442
2748.547982 0.00489352065040912
2749.030099 0.00502897585753962
2749.512215 0.00512745503862
2749.994332 0.00522895815345528
2750.476449 0.00538548522111924
2750.958566 0.00559003624091284
2751.440683 0.00579661121213704
2751.9228 0.00598821013409278
2752.404916 0.00617983302550612
2752.887033 0.0063804798467782
2753.36915 0.00656215061668474
2753.851267 0.00670684533452667
2754.333384 0.00684756399960498
2754.8155 0.00702830663039732
2755.297617 0.00725707318780158
2755.779734 0.00748686369034509
2756.261851 0.00767067813732882
2756.743968 0.00782751652805373
2757.226085 0.00801337886182079
2757.708201 0.00823926515680965
2758.190318 0.0084571753745142
2758.672435 0.00864310953316378
2759.154552 0.00884706763205934
2759.636669 0.00910804967050185
2760.118786 0.00937605564779226
2760.600902 0.00958908558181234
2761.083019 0.00978413943465182
2761.565136 0.0100522172242421
2762.047253 0.0103913189498841
2762.52937 0.0107204446108788
2763.011486 0.0110035942248598
2763.493603 0.0112907677544132
2763.97572 0.0116149652172222
2764.457837 0.0119431866125878
2764.939954 0.0122464319398109
2765.422071 0.0125407011981925
2765.904187 0.0128489944050682
2766.386304 0.01315531152362
2766.868421 0.0134486525712332
2767.350538 0.0137620175472087
2767.832655 0.0141264064508475
2768.314771 0.0145298192992372
2768.796888 0.0149322560560558
2769.279005 0.0153077167384407
2769.761122 0.0156782013456927
2770.243239 0.0160697098771127
2770.725356 0.0164792423320019
2771.207472 0.0168897987271499
2771.689589 0.0172923790268304
2772.171706 0.0176959832478829
2772.653823 0.0181116113896083
2773.13594 0.0185392634513076
2773.618056 0.0189699394495225
2774.100173 0.0194226393490228
2774.58229 0.0199353631663998
2775.064407 0.0204781109009546
2775.546524 0.0209688825519881
2776.028641 0.0213956781188012
2776.510757 0.021845497617638
2776.992874 0.0223663410138636
2777.474991 0.0228992083237718
2777.957108 0.0233850995466635
2778.439225 0.0238700146818396
2778.921341 0.0244259537452963
2779.403458 0.0250309167028946
2779.885575 0.0256039035706803
2780.367692 0.0261399143479543
2780.849809 0.0267059490340175
2781.331926 0.0273420076281709
2781.814042 0.0280100901461131
2782.296159 0.0286391965543003
2782.778276 0.0292203268684806
2783.260393 0.0297944810879549
2783.74251 0.0303906592120243
2784.224626 0.0310068612561393
2784.706743 0.0316500871872521
2785.18886 0.0323213370208627
2785.670977 0.0330126107562723
2786.153094 0.0337139083927817
2786.635211 0.0343982299296918
2787.117327 0.035055575382156
2787.599444 0.0357369447177211
2788.081561 0.0364783379515898
2788.563678 0.0372027550830632
2789.045795 0.0378401961114423
2789.527911 0.0384746610516322
2790.010028 0.0392161498716758
2790.492145 0.0400236625865278
2790.974262 0.0407931991954893
2791.456379 0.0415167596978613
2791.938496 0.0422593440929446
2792.420612 0.0430289523953472
2792.902729 0.0437715845737066
2793.384846 0.0444662406426802
2793.866963 0.0451659206015691
2794.34908 0.0459246244496741
2794.831196 0.0467213522013556
2795.313313 0.0474721038257463
2795.79543 0.0481518793372562
2796.277547 0.048828678735186
2796.759664 0.0495755020188369
2797.241781 0.0503753491875097
2797.723897 0.0511502202552674
2798.206014 0.0518631151918375
2798.688131 0.0525600340113324
2799.170248 0.0532899767130531
2799.652365 0.0540399432963006
2800.134481 0.0547819337748901
2800.616598 0.0555319481190444
2801.098715 0.0563179863426284
2801.580832 0.0571060484449431
2802.062949 0.0578331344252892
2802.545066 0.0585282442829679
2803.027182 0.0592973780314973
2803.509299 0.0601725356416944
2803.991416 0.061059717127127
2804.473533 0.0618779224870959
2804.95565 0.0626661517209022
2805.437766 0.0635024048418164
2805.919883 0.0643896818211507
2806.402 0.0652859826722253
2806.884117 0.066210307394341
2807.366234 0.0672166559867989
2807.848351 0.0683050284488999
2808.330467 0.0694314247936175
2808.812584 0.0705798449928581
2809.294701 0.0717822890596447
2809.776818 0.0730827569932783
2810.258935 0.0744902487930598
2810.741051 0.0759587644717151
2811.223168 0.0774523040016458
2811.705285 0.0790118673956273
2812.187402 0.0806914546529606
2812.669519 0.0824820657729466
2813.151636 0.0843507007548863
2813.633752 0.0862853596112086
2814.115869 0.0882620423149091
2814.597986 0.0902307488784661
2815.080103 0.0921534793011807
2815.56222 0.0940312335823538
2816.044336 0.0959070117341669
2816.526453 0.0978088137301104
2817.00857 0.0996776395824152
2817.490687 0.101402489290382
2817.972804 0.102976362853313
2818.454921 0.104523260270508
2818.937037 0.106124181553851
2819.419154 0.107743126677428
2819.901271 0.109329095653172
2820.383388 0.110927088480384
2820.865505 0.112614105158365
2821.347621 0.114400145698752
2821.829738 0.116271210076125
2822.311855 0.11826429830217
2822.793972 0.120407410376187
2823.276089 0.122649546297479
2823.758206 0.124905706065345
2824.240322 0.127161889691126
2824.722439 0.129464097149996
2825.204556 0.131830328453343
2825.686673 0.134173583600469
2826.16879 0.136348862590674
2826.650906 0.138293165435052
2827.133023 0.14007249210927
2827.61514 0.141711842624471
2828.097257 0.143098216979955
2828.579374 0.144129615175024
2829.061491 0.144835037208978
2829.543607 0.145269483092614
2830.025724 0.145432952802193
2830.507841 0.145299446348559
2830.989958 0.144853963731015
2831.472075 0.144110504948861
2831.954191 0.143125070012647
2832.436308 0.141935658899127
2832.918425 0.140532271618901
2833.400542 0.138927908171268
2833.882659 0.13718156855553
2834.364776 0.135304252770989
2834.846892 0.133252960827896
2835.329009 0.131036692703599
2835.811126 0.128731448408402
2836.293243 0.126369227941605
2836.77536 0.123881031302508
2837.257476 0.121225858501118
2837.739593 0.118457709515276
2838.22171 0.115618584355038
2838.703827 0.112683483019705
2839.185944 0.109628405508578
2839.668061 0.106496351820957
2840.150177 0.103361321966551
2840.632294 0.100263315923797
2841.114411 0.0971683337024519
2841.596528 0.0940483753018174
2842.078645 0.0909634407211943
2842.560761 0.0879895299700447
2843.042878 0.0851046430272978
2843.524995 0.0822597799024653
2844.007112 0.0795089405948479
2844.489229 0.0769661251037468
2844.971346 0.0746713334284628
2845.453462 0.0725575655781616
2845.935579 0.0705608215323655
2846.417696 0.0687031013002893
2846.899813 0.0670484048812342
2847.38193 0.065598732274501
2847.864046 0.0642740834890085
2848.346163 0.0630234585047728
2848.82828 0.0618988573307619
2849.310397 0.0609542799662768
2849.792514 0.0601337264106185
2850.274631 0.059363196663088
2850.756747 0.0586606907323076
2851.238864 0.058083208598886
2851.720981 0.057618750271495
2852.203098 0.0571993157494356
2852.685215 0.0567859050320088
2853.167331 0.05640051812759
2853.649448 0.0560911550172818
2854.131565 0.055857815709509
2854.613682 0.0556425002035725
2855.095799 0.0554162084987735
2855.577916 0.0552359405944127
2856.060032 0.0551446964985696
2856.542149 0.055097476192939
2857.024266 0.0550452796856496
2857.506383 0.0550131069760023
2857.9885 0.0550399580632982
2858.470616 0.0550948329553697
2858.952733 0.0551237316344054
2859.43485 0.055145654108287
2859.916967 0.0552166003763157
2860.399084 0.0553495704377922
2860.881201 0.0554965642920177
2861.363317 0.0556205819465284
2861.845434 0.0557396233841052
2862.327551 0.0558976886123337
2862.809668 0.056090777630515
2863.291785 0.05626689043795
2863.773901 0.0564200270419284
2864.256018 0.0566281874257243
2864.738135 0.0569253715966768
2865.220252 0.0572345795540869
2865.702369 0.0574558112972554
2866.184486 0.0576090668254835
2866.666602 0.0578003461457647
2867.148719 0.0580786492419652
2867.630836 0.0583909761211281
2868.112953 0.0586923267825543
2868.59507 0.0590077012255448
2869.077186 0.0593600994568466
2869.559303 0.0597165214608191
2870.04142 0.0600239672442589
2870.523537 0.0602694368064668
2871.005654 0.0604969301467438
2871.487771 0.0607564472643908
2871.969887 0.061041988165859
2872.452004 0.0613115528360997
2872.934121 0.0615591412816133
2873.416238 0.0618257535017008
2873.898355 0.0621233894956632
2874.380471 0.0623950492697049
2874.862588 0.0626017328092706
2875.344705 0.062794440120614
2875.826822 0.0630201712030361
2876.308939 0.0632309260558379
2876.791056 0.0633687046783202
2877.273172 0.063460507076392
2877.755289 0.0635723332360892
2878.237406 0.06373018316337
2878.719523 0.0639100568575352
2879.20164 0.0640629543178858
2879.683756 0.0641808755500842
2880.165873 0.0642988205406593
2880.64799 0.0644257892953227
2881.130107 0.0645417818133754
2881.612224 0.0646707980941184
2882.094341 0.0648518381368525
2882.576457 0.0650739019469444
2883.058574 0.0652869895115146
2883.540691 0.0654901008359788
2884.022808 0.0657342359196381
2884.504925 0.0660333947617934
2884.987041 0.0663445773675649
2885.469158 0.0666177837245659
2885.951275 0.0668600138379657
2886.433392 0.0671322677070654
2886.915509 0.0674955453311659
2887.397626 0.0679188467095682
2887.879742 0.0683391718470968
2888.361859 0.0687625207319563
2888.843976 0.0692348933690205
2889.326093 0.0697572897575903
2889.80821 0.0702987098969666
2890.290326 0.0708361537917278
2890.772443 0.0714016214305709
2891.25456 0.0720421128181236
2891.736677 0.0727346279536867
2892.218794 0.0734341668365612
2892.700911 0.074152729466048
2893.183027 0.0749013158464299
2893.665144 0.0756279259669951
2894.147261 0.0763055598320756
2894.629378 0.0769812174409722
2895.111495 0.077713898792986
2895.593611 0.0785076038921534
2896.075728 0.0793243327282552
2896.557845 0.0801150853053771
2897.039962 0.08085986162282
2897.522079 0.0815816616798848
2898.004196 0.0823044854758726
2898.486312 0.0830153330145243
2898.968429 0.0837152042862116
2899.450546 0.0844380992947247
2899.932663 0.0852020180393646
2900.41478 0.0859859605194323
2900.896896 0.0867939267384225
2901.379013 0.0876739166871993
2901.86113 0.0886539303693068
2902.343247 0.0897119677840458
2902.825364 0.0908190289307174
2903.307481 0.0919891138086225
2903.789597 0.0932722224209606
2904.271714 0.0946553547591864
2904.753831 0.0960265108265486
2905.235948 0.0973316906223482
2905.718065 0.0986558941458861
2906.200181 0.100082121400116
2906.682298 0.101570372376984
2907.164415 0.103006647079493
2907.646532 0.104317945506945
2908.128649 0.10552826765864
2908.610766 0.106686613533879
2909.092882 0.10776998313532
2909.574999 0.1087243764555
2910.057116 0.109582793497128
2910.539233 0.110418234259504
2911.02135 0.111215698741928
2911.503466 0.111909186946814
2911.985583 0.11248269886719
2912.4677 0.112995234505517
2912.949817 0.113510793861098
2913.431934 0.114022376933232
2913.914051 0.114473983721221
2914.396167 0.114870614227182
2914.878284 0.115283268444734
2915.360401 0.115746946376043
2915.842518 0.116222648020411
2916.324635 0.116670373377139
2916.806751 0.117108122448097
2917.288868 0.117562895227397
2917.770985 0.11801169171696
2918.253102 0.118406511916086
2918.735219 0.118747355824076
2919.217336 0.119109223440231
2919.699452 0.119545114766128
2920.181569 0.119986029796467
2920.663686 0.120360968532875
2921.145803 0.120700930974652
2921.62792 0.121069917121099
2922.110036 0.121466926973546
2922.592153 0.121858960527187
2923.07427 0.122257017783401
2923.556387 0.122715098741488
2924.038504 0.123224203400751
2924.520621 0.123680331760489
2925.002737 0.124004483821738
2925.484854 0.124258659580282
2925.966971 0.124587859037205
2926.449088 0.125006082191807
2926.931205 0.125362329043389
2927.413321 0.125567599592742
2927.895438 0.12570189383614
2928.377555 0.125852211774421
2928.859672 0.125980553406887
2929.341789 0.126020918732838
2929.823906 0.125997307751576
2930.306022 0.125978720463594
2930.788139 0.125964156865758
2931.270256 0.125893616958612
2931.752373 0.125743100741456
2932.23449 0.125580608213591
2932.716606 0.125461139375266
2933.198723 0.125339694223837
2933.68084 0.125129272759602
2934.162957 0.124845874981862
2934.645074 0.124591500889918
2935.127191 0.124422150483072
2935.609307 0.124279823761276
2936.091424 0.124103520722477
2936.573541 0.123925241366678
2937.055658 0.12379698569318
2937.537775 0.123725753701283
2938.019892 0.123695545390289
2938.502008 0.123686360759858
2938.984125 0.123692199808523
2939.466242 0.123730062535994
2939.948359 0.123782948941572
2940.430476 0.123811859024557
2940.912592 0.123823792784364
2941.394709 0.123867750220018
2941.876826 0.123942731330983
2942.358943 0.124013736116559
2942.84106 0.124092764576048
2943.323177 0.124239816708749
2943.805293 0.124447892513784
2944.28741 0.124629991990766
2944.769527 0.124767115138864
2945.251644 0.12492526195738
2945.733761 0.125139432445614
2946.215877 0.125389626602439
2946.697994 0.125675844427963
2947.180111 0.126025085921108
2947.662228 0.126454351081175
2948.144345 0.126953639907465
2948.626462 0.127480952399279
2949.108578 0.127996288555195
2949.590695 0.128545648375911
2950.072812 0.129206031860053
2950.554929 0.129939439006923
2951.037046 0.130627869815821
2951.519162 0.131229324285082
2952.001279 0.131795802415892
2952.483396 0.132379304206634
2952.965513 0.132939829656608
2953.44763 0.133384378765115
2953.929747 0.133694951531457
2954.411863 0.133930547953673
2954.89398 0.134112168033538
2955.376097 0.13419581176914
2955.858214 0.134127479159781
2956.340331 0.133896170204761
2956.822447 0.133534884901874
2957.304564 0.133060623253386
2957.786681 0.132458385257141
2958.268798 0.131736170912438
2958.750915 0.13091198021858
2959.233032 0.129980813174867
2959.715148 0.128945669778798
2960.197265 0.127821550033229
2960.679382 0.126648453935708
2961.161499 0.125467381485535
2961.643616 0.124263332682013
2962.125732 0.122979307522395
2962.607849 0.121615306010026
2963.089966 0.120248328142209
2963.572083 0.118929373918247
2964.0542 0.117639443337439
2964.536317 0.116352536399087
2965.018433 0.115102653100151
2965.50055 0.113938793444564
2965.982667 0.112843957429335
2966.464784 0.111784145053766
2966.946901 0.110792356317158
2967.429017 0.109910591216225
2967.911134 0.109142849755391
2968.393251 0.108491131931421
2968.875368 0.107951437743615
2969.357485 0.107495767191274
2969.839602 0.107089120273699
2970.321718 0.106702496987312
2970.803835 0.106352897337123
2971.285952 0.106103321319604
2971.768069 0.105977768934055
2972.250186 0.105928240179777
2972.732302 0.105897735052946
2973.214419 0.105858253559063
2973.696536 0.105843795694355
2974.178653 0.105917361458122
2974.66077 0.106073950849664
2975.142887 0.106245563868283
2975.625003 0.106405200509861
2976.10712 0.106583860780488
2976.589237 0.106808544676094
2977.071354 0.107066252195981
2977.553471 0.10732598333945
2978.035587 0.107586738102137
2978.517704 0.107876516490623
2978.999821 0.108212318500593
2979.481938 0.108572144131349
2979.964055 0.108937993382191
2980.446172 0.109325866252421
2980.928288 0.10975976273738
2981.410405 0.110226682844239
2981.892522 0.110667626568387
2982.374639 0.111042593909127
2982.856756 0.111397584865759
2983.338872 0.111767599433381
2983.820989 0.112081637619651
2984.303106 0.112270699419716
2984.785223 0.112368784832877
2985.26734 0.112437893858435
2985.749457 0.112457026495692
2986.231573 0.11236618273945
2986.71369 0.112164362597956
2987.195807 0.111867566066063
2987.677924 0.111441793143071
2988.160041 0.110844043828283
2988.642157 0.110090318116256
2989.124274 0.109239616015727
2989.606391 0.108292937521304
2990.088508 0.107196282632287
2990.570625 0.105928651347978
2991.052742 0.104516043667677
2991.534858 0.10300045958565
2992.016975 0.10140789911122
2992.499092 0.099728362238702
2992.981209 0.0979358489673961
2993.463326 0.0960293592966035
2993.945442 0.0940308932203449
2994.427559 0.0919664507484329
2994.909676 0.0898490318749372
2995.391793 0.0876726365991586
2995.87391 0.0854612649203982
2996.356027 0.0832729168379569
2996.838143 0.0811095923455618
2997.32026 0.0789142914536126
2997.802377 0.0766870141558855
2998.284494 0.0744997604516814
2998.766611 0.0723935303403011
2999.248727 0.0703283238152271
2999.730844 0.0682611408873487
3000.212961 0.066216981550197
3000.695078 0.0642438458030732
3001.177195 0.062320733645278
3001.659312 0.0603846450761126
3002.141428 0.0584525800887656
3002.623545 0.0566165386947135
3003.105662 0.0548985208871939
3003.587779 0.053251526665508
3004.069896 0.0516645560289565
3004.552012 0.0501646089704836
3005.034129 0.0487536855020551
3005.516246 0.047384785616664
3005.998363 0.0460099093136112
3006.48048 0.0446630565921977
3006.962597 0.0434552274517245
3007.444713 0.0423964218848422
3007.92683 0.0413646399041035
3008.408947 0.0402948815022079
3008.891064 0.0392521466784565
3009.373181 0.0382944354321501
3009.855297 0.037415747755695
3010.337414 0.0366080836621328
3010.819531 0.0358614431439186
3011.301648 0.0351548262003532
3011.783765 0.0345022328307378
3012.265882 0.0339186630343732
3012.747998 0.0333721168033722
3013.230115 0.0328585941513633
3013.712232 0.0324150950705081
3014.194349 0.0320036195601077
3014.676466 0.0315751676194628
3015.158582 0.031178739240442
3015.640699 0.0308783344371625
3016.122816 0.0306349532015415
3016.604933 0.03038559553288
3017.08705 0.030139261430479
3017.569167 0.0299339508936394
3018.051283 0.0297686639139363
3018.5334 0.0296174005060736
3019.015517 0.0294731606616752
3019.497634 0.029355944380042
3019.979751 0.0292987516604751
3020.461867 0.0293125824943051
3020.943984 0.0293424368967247
3021.426101 0.0293283148591134
3021.908218 0.0292892163807722
3022.390335 0.029275141461002
3022.872452 0.0292990900991038
3023.354568 0.0293570622861151
3023.836685 0.029451058037815
3024.318802 0.0295630773452897
3024.800919 0.0296651202078403
3025.283036 0.0297441866247677
3025.765152 0.0298002765868651
3026.247269 0.0298603901104002
3026.729386 0.0299695271862149
3027.211503 0.0301246878136103
3027.69362 0.0302678719918874
3028.175737 0.030376079720347
3028.657853 0.0304973109894893
3029.13997 0.0306665658161681
3029.622087 0.0308598441909324
3030.104204 0.0310341461130831
3030.586321 0.0311714715819212
3031.068437 0.0312868205877026
3031.550554 0.0314191931477695
3032.032671 0.0315935892524267
3032.514788 0.0317930089009752
3032.996905 0.0319974520927158
3033.479022 0.0321959188269496
3033.961138 0.0323714090936395
3034.443255 0.0325229229107136
3034.925372 0.0326894602681839
3035.407489 0.0329090211653511
3035.889606 0.0331676056015163
3036.371722 0.0334152135663982
3036.853839 0.0336288450784134
3037.335956 0.0338255001273295
3037.818073 0.0340351787124473
3038.30019 0.034259880833068
3038.782307 0.0344696064884923
3039.264423 0.0346473556681463
3039.74654 0.0348371283910322
3040.228657 0.0350779246466248
3040.710774 0.0353287444342249
3041.192891 0.0355285877531336
3041.675007 0.0356904545925326
3042.157124 0.0358863449719125
3042.639241 0.0361412588805037
3043.121358 0.0363991963176074
3043.603475 0.0366111572825245
3044.085592 0.0368151417745558
3044.567708 0.0370681497825905
3045.049825 0.0373421813267045
3045.531942 0.0375882363958358
3046.014059 0.0378313149892852
3046.496176 0.0381064171063538
3046.978292 0.0383795427356865
3047.460409 0.0385966918978474
3047.942526 0.0387728645815303
3048.424643 0.0389840607860362
3048.90676 0.039261280510666
3049.388877 0.0395425237547206
3049.870993 0.0397747905065526
3050.35311 0.0400000807873112
3050.835227 0.0402873945853975
3051.317344 0.0406147319001126
3051.799461 0.0409030927307575
3052.281577 0.0411384770654404
3052.763694 0.0413788849257987
3053.245811 0.0416533162999897
3053.727928 0.0419347711873141
3054.210045 0.0421912495870731
3054.692162 0.0424187514985675
3055.174278 0.0426552769096133
3055.656395 0.0429408258424328
3056.138512 0.0432683982848907
3056.620629 0.0435919942362878
3057.102746 0.0439076136959253
3057.584862 0.0442562566513751
3058.066979 0.0446159231253472
3058.549096 0.0448906131054625
3059.031213 0.045066326591022
3059.51333 0.0452520635813265
3059.995447 0.0455188240756771
3060.477563 0.0458236080613532
3060.95968 0.04609641556165
3061.441797 0.0463492465638958
3061.923914 0.0466501010673914
3062.406031 0.047012979071438
3062.888147 0.0473718805630711
3063.370264 0.0476788055660735
3063.852381 0.0479807540675296
3064.334498 0.0483287260667404
3064.816615 0.0486767215630069
3065.298732 0.04896274055563
3065.780848 0.0492167830313531
3066.262965 0.0495018490145436
3066.745082 0.0498079384919936
3067.227199 0.0500850514630041
3067.709316 0.0503421879268761
3068.191432 0.0506463478701092
3068.673549 0.0510285313175581
3069.155666 0.0514547382557714
3069.637783 0.05184696868405
3070.1199 0.0521732226016948
3070.602017 0.0524715000080069
3071.084133 0.0527748008891935
3071.56625 0.0530721252706941
3072.048367 0.0533664731387648
3072.530484 0.0536828444927065
3073.012601 0.0540222393318203
3073.494717 0.0543626576420699
3073.976834 0.0546870994493819
3074.458951 0.0550025647397687
3074.941068 0.0553510535125315
3075.423185 0.055756565766971
3075.905302 0.0561521015023884
3076.387418 0.0564526607044551
3076.869535 0.0567032433996821
3077.351652 0.0570208495737899
3077.833769 0.0574224792260793
3078.315886 0.0578131323558513
3078.798002 0.058143808948534
3079.280119 0.0584645090311253
3079.762236 0.0588222325891021
3080.244353 0.0591919796217654
3080.72647 0.0595447501284161
3081.208587 0.0598875441083551
3081.690703 0.0602273615467185
3082.17282 0.0605562024710884
3082.654937 0.0608560668666497
3083.137054 0.0611429547327031
3083.619171 0.0614868660685496
3084.101287 0.061910800859082
3084.583404 0.0623407591323691
3085.065521 0.0626897408733523
3085.547638 0.0629847460813325
3086.029755 0.0633197747556107
3086.511872 0.0637098268954878
3086.993988 0.0640919024855644
3087.476105 0.0644500015544936
3087.958222 0.0648131240869247
3088.440339 0.0651882700821585
3088.922456 0.0655644395394961
3089.404572 0.0659426324432946
3089.886689 0.0663248488226939
3090.368806 0.0667130886620998
3090.850923 0.0671043519608134
3091.33304 0.0674666387181355
3091.815157 0.0677899489333671
3092.297273 0.0681152825905735
3092.77939 0.0684756397194783
3093.261507 0.0688460203041956
3093.743624 0.0691924243440262
3094.225741 0.0695328518382712
3094.707857 0.0699123027707525
3095.189974 0.0703227771716804
3095.672091 0.0707162750249254
3096.154208 0.0710757963297887
3096.636325 0.0714383410855711
3097.118442 0.0718479092915735
3097.600558 0.0722685009313263
3098.082675 0.0726201160356232
3098.564792 0.0729097545880431
3099.046909 0.0732304165878869
3099.529026 0.0736241020344557
3100.011142 0.0740468109110363
3100.493259 0.0744605432489091
3100.975376 0.0748512990314097
3101.457493 0.0752150782578391
3101.93961 0.0755568809274981
3102.421727 0.0758917070396879
3102.903843 0.0762475565774035
3103.38596 0.0766354295725089
3103.868077 0.0770333260080478
3104.350194 0.0773962458833212
3104.832311 0.0777251891976301
3105.314427 0.0780611559337267
3105.796544 0.0784371461239608
3106.278661 0.0788351597511333
3106.760778 0.0792241968145452
3107.242895 0.0796022573134973
3107.725012 0.0799923412472907
3108.207128 0.0803984485983858
3108.689245 0.080790579399716
3109.171362 0.0811237336337903
3109.653479 0.0814299112999097
3110.135596 0.0818201123973752
3110.617712 0.0823053369084042
3111.099829 0.0827675848664161
3111.581946 0.0831308562536769
3112.064063 0.0834361510694877
3112.54618 0.0837654693131493
3113.028297 0.0841418109839627
3113.510413 0.0845221760638539
3113.99253 0.0848855645868253
3114.474647 0.0852619765348514
3114.956764 0.0856434119072332
3115.438881 0.0859978707032716
3115.920998 0.0863463529222676
3116.403114 0.0867408585458556
3116.885231 0.0871813876086212
3117.367348 0.0876009400922472
3117.849465 0.0879425159960346
3118.331582 0.0882691153192845
3118.813698 0.0886887380433883
3119.295815 0.0891663842034173
3119.777932 0.0895660537808116
3120.260049 0.0898747467748721
3120.742166 0.0902244631848999
3121.224283 0.0906882030101958
3121.706399 0.0911699662318601
3122.188516 0.0915557528855467
3122.670633 0.0918915629524044
3123.15275 0.0922863964317341
3123.634867 0.0927272533228368
3124.116983 0.0931121336065697
3124.5991 0.0934340373190727
3125.081217 0.0938029644412516
3125.563334 0.0942549149724073
3126.045451 0.0947058889118408
3126.527568 0.095097886258853
3127.009684 0.09545490699401
3127.491801 0.0958379511540341
3127.973918 0.0962770187195399
3128.456035 0.0967351096898282
3128.938152 0.0971632240642001
3129.420268 0.0975903618229788
3129.902385 0.0980655230033722
3130.384502 0.098550707585752
3130.866619 0.0989639155694193
3131.348736 0.0993351469536749
3131.830853 0.0997644017378199
3132.312969 0.100254679901886
3132.795086 0.100713981483664
3133.277203 0.101101306463234
3133.75932 0.101468654839898
3134.241437 0.101880026612955
3134.723553 0.102336421762196
3135.20567 0.102794840325896
3135.687787 0.103236282283894
3136.169904 0.103694747635489
3136.652021 0.104189236379983
3137.134138 0.104667748516677
3137.616254 0.105069284025069
3138.098371 0.105436842944017
3138.580488 0.105875425253068
3139.062605 0.106392030951523
3139.544722 0.106890660038683
3140.026838 0.107352312493803
3140.508955 0.107860988356226
3140.991072 0.108431687605257
3141.473189 0.108974410240196
3141.955306 0.109444156260345
3142.437423 0.109903925665005
3142.919539 0.11043571843314
3143.401656 0.111041534604674
3143.883773 0.111624374158623
3144.36589 0.112116237094285
3144.848007 0.112574123410963
3145.330123 0.113072033087379
3145.81224 0.113580966163941
3146.294357 0.114047922619423
3146.776474 0.114496902453123
3147.258591 0.115020905664343
3147.740708 0.115679932252384
3148.222824 0.116388982195678
3148.704941 0.116999055535216
3149.187058 0.117511152249478
3149.669175 0.118048272337765
3150.151292 0.118646415799377
3150.633408 0.119242582612505
3151.115525 0.119806772818624
3151.597642 0.120365986395971
3152.079759 0.120953223343849
3152.561876 0.121564483661557
3153.043993 0.122175767348396
3153.526109 0.122785074382266
3154.008226 0.123405404805223
3154.490343 0.124026758595215
3154.97246 0.124642135751542
3155.454577 0.125265536273506
3155.936693 0.125907960138762
3156.41881 0.126551407389853
3156.900927 0.127178878004484
3157.383044 0.127793371981954
3157.865161 0.128398889321567
3158.347278 0.129039430022621
3158.829394 0.129752994062482
3159.311511 0.130472581484275
3159.793628 0.131124192265414
3160.275745 0.131766826405198
3160.757862 0.13244848390293
3161.239978 0.133095164735731
3161.722095 0.133678868947211
3162.204212 0.13427159651454
3162.686329 0.134949347437021
3163.168446 0.135705121713954
3163.650563 0.136444919344639
3164.132679 0.137107740305909
3164.614796 0.137761584641955
3165.096913 0.138483452329656
3165.57903 0.139225343368313
3166.061147 0.139880257757229
3166.543263 0.140449195472992
3167.02538 0.141054156560277
3167.507497 0.141797140995722
3167.989614 0.142631148778629
3168.471731 0.143428179908298
3168.953848 0.144163234384031
3169.435964 0.144908312182127
3169.918081 0.145674413347841
3170.400198 0.146391537857521
3170.882315 0.147035685710468
3171.364432 0.147687856905984
3171.846548 0.148415051420125
3172.328665 0.149158269298632
3172.810782 0.149831510517609
3173.292899 0.150470775076359
3173.775016 0.151177062974182
3174.257133 0.151953374210378
3174.739249 0.152719708760716
3175.221366 0.153459066671515
3175.703483 0.15422244791859
3176.1856 0.155038852501244
3176.667717 0.155844280418777
3177.149833 0.156571731646712
3177.63195 0.157257206231857
3178.114067 0.157962704149783
3178.596184 0.158674225399792
3179.078301 0.159377769981184
3179.560418 0.160105337893261
3180.042534 0.160892929111257
3180.524651 0.161730543682557
3181.006768 0.162567181582445
3181.488885 0.163352842810221
3181.971002 0.164095527365186
3182.453118 0.164842235222334
3182.935235 0.165614966429533
3183.417352 0.166405720961823
3183.899469 0.167191498818508
3184.381586 0.167954299998886
3184.863703 0.168725124502259
3185.345819 0.16954497230333
3185.827936 0.170364843450548
3186.310053 0.171132737918664
3186.79217 0.17190065570698
3187.274287 0.172713596814795
3187.756403 0.17351056121657
3188.23852 0.174253548961239
3188.720637 0.175013560023312
3189.202754 0.175849594402088
3189.684871 0.176700652096868
3190.166988 0.177486733106955
3190.649104 0.178230837406517
3191.131221 0.179009965045069
3191.613338 0.17985211599683
3192.095455 0.180700290261101
3192.577572 0.181491487837182
3193.059688 0.182250708699001
3193.541805 0.183045952896558
3194.023922 0.183875220403828
3194.506039 0.184667511220112
3194.988156 0.185407825344712
3195.470273 0.186178162776927
3195.952389 0.187024523490398
3196.434506 0.187867907535701
3196.916623 0.188641314886523
3197.39874 0.189358745542165
3197.880857 0.190075199501928
3198.362973 0.190844676739209
3198.84509 0.191654177305069
3199.327207 0.192449701172953
3199.809324 0.193258248342162
3200.291441 0.194127818811997
3200.773558 0.194986412581758
3201.255674 0.195730029624553
3201.737791 0.196385669992023
3202.219908 0.197077333657323
3202.702025 0.197857020619753
3203.184142 0.198662730878615
3203.666258 0.199430464406774
3204.148375 0.200176221256353
3204.630492 0.200951001400268
3205.112609 0.201748804837818
3205.594726 0.202500631568304
3206.076843 0.203182481591028
3206.558959 0.203878354878564
3207.041076 0.204662251483617
3207.523193 0.205459171378811
3208.00531 0.206189114563445
3208.487427 0.206936081036822
3208.969543 0.207791070771275
3209.45166 0.208667083819991
3209.933777 0.209398120155353
3210.415894 0.20996717977666
3210.898011 0.210555262683214
3211.380128 0.211291368874316
3211.862244 0.212065498322011
3212.344361 0.212731651080063
3212.826478 0.213333827120567
3213.308595 0.213999026442823
3213.790712 0.214743249046131
3214.272828 0.215469494902295
3214.754945 0.216124764065564
3215.237062 0.216760056507788
3215.719179 0.217447372228269
3216.201296 0.218191711226308
3216.683413 0.218921073501205
3217.165529 0.219587459024474
3217.647646 0.220236867850943
3218.129763 0.220916299952173
3218.61188 0.221575755327466
3219.093997 0.222166233976122
3219.576113 0.222739735869413
3220.05823 0.223370261062651
3220.540347 0.224046809527155
3221.022464 0.224689381262226
3221.504581 0.225253976267166
3221.986698 0.225788594541274
3222.468814 0.226376236055534
3222.950931 0.227029900865836
3223.433048 0.227682588943209
3223.915165 0.228284300286956
3224.397282 0.228851034896376
3224.879398 0.229397792742211
3225.361515 0.229914573880834
3225.843632 0.230408378283034
3226.325749 0.230939205948112
3226.807866 0.231532056875369
3227.289983 0.232102931064105
3227.772099 0.232582828484772
3228.254216 0.233036749194323
3228.736333 0.233552693163256
3229.21845 0.234111660390872
3229.700567 0.234622650876473
3230.182683 0.235077664590269
3230.6648 0.235580701589694
3231.146917 0.236168761845006
3231.629034 0.236734845355507
3232.111151 0.237212952120497
3232.593268 0.237690082139278
3233.075384 0.238239235381769
3233.557501 0.238806411905984
3234.039618 0.239300611681893
3234.521735 0.239706834708797
3235.003852 0.240105080985995
3235.485968 0.240571350483167
3235.968085 0.24104464325881
3236.450202 0.241417959282652
3236.932319 0.241731298553992
3237.414436 0.242123661072132
3237.896553 0.242617046836373
3238.378669 0.243090455816105
3238.860786 0.243457888070402
3239.342903 0.243787343568703
3239.82502 0.244180822310309
3240.307137 0.244617324294521
3240.789253 0.245016849490487
3241.27137 0.245387397957765
3241.753487 0.245796969665551
3242.235604 0.246239564613147
3242.717721 0.246644182799853
3243.199838 0.247010824224971
3243.681954 0.24740848885736
3244.164071 0.247832176757156
3244.646188 0.248222887893265
3245.128305 0.248565622264991
3245.610422 0.248902379871632
3246.092538 0.249256160681808
3246.574655 0.249585964756137
3247.056772 0.249847792063285
3247.538889 0.250081642602553
3248.021006 0.250344516373242
3248.503123 0.250627413374653
3248.985239 0.250923333575116
3249.467356 0.251272277035826
3249.949473 0.251679243725161
3250.43159 0.252091233642422
3250.913707 0.252457246786909
3251.395823 0.252739283126712
3251.87794 0.252925342723509
3252.360057 0.253088425545434
3252.842174 0.253341531591791
3253.324291 0.253687660861879
3253.806408 0.254023813355
3254.288524 0.254315989038953
3254.770641 0.254624187975994
3255.252758 0.25496141013397
3255.734875 0.255241655512183
3256.216992 0.255406924109933
3256.699108 0.25554421589478
3257.181225 0.25581353092946
3257.663342 0.25618986918158
3258.145459 0.256475230650441
3258.627576 0.256614615335345
3259.109693 0.256769023235592
3259.591809 0.257036454318452
3260.073926 0.25733190864724
3260.556043 0.257560386189274
3261.03816 0.257756886943855
3261.520277 0.258010410910284
3262.002393 0.258283958055591
3262.48451 0.258458528443571
3262.966627 0.258545122041302
3263.448744 0.258681738848084
3263.930861 0.25892437886322
3264.412978 0.259185042086009
3264.895094 0.259376728483193
3265.377211 0.259523438119145
3265.859328 0.259692170960653
3266.341445 0.259891927007019
3266.823562 0.260089706257544
3267.305678 0.260279508678726
3267.787795 0.260484334335423
3268.269912 0.260703183194181
3268.752029 0.260883055254301
3269.234146 0.260977950515085
3269.716263 0.261011868975834
3270.198379 0.261058810602757
3270.680496 0.261177775461289
3271.162613 0.261322763517688
3271.64473 0.261407774771255
3272.126847 0.261463809221291
3272.608963 0.261594866833767
3273.09108 0.261781947674597
3273.573197 0.261905051709798
3274.055314 0.261963178938673
3274.537431 0.262083329360521
3275.019548 0.262278502974645
3275.501664 0.262413699746725
3275.983781 0.262441919743253
3276.465898 0.262470162929959
3276.948015 0.262590429306144
3277.430132 0.262749718871108
3277.912248 0.262839031590294
3278.394365 0.262864367530673
3278.876482 0.262919726657734
3279.358599 0.263018108970779
3279.840716 0.263036514469109
3280.322833 0.262904943152024
3280.804949 0.262727394984677
3281.287066 0.262652870034618
3281.769183 0.262688368267047
3282.2513 0.262715889681266
3282.733417 0.262663434276575
3283.215533 0.262582002017887
3283.69765 0.262536592973231
3284.179767 0.262525207107569
3284.661884 0.262502844420201
3285.144001 0.262444504910428
3285.626118 0.262360188577551
3286.108234 0.262264895386194
3286.590351 0.262170625404964
3287.072468 0.262089378598533
3287.554585 0.262015154966202
3288.036702 0.261925954507272
3288.518818 0.261801777186127
3289.000935 0.261629623071853
3289.483052 0.261428492128884
3289.965169 0.261271384356519
3290.447286 0.26120229975406
3290.929403 0.261142238320807
3291.411519 0.260943200020857
3291.893636 0.260604184923872
3292.375753 0.260296192993998
3292.85787 0.260120224230534
3293.339987 0.259990278632781
3293.822104 0.259805356200041
3294.30422 0.25962045689612
3294.786337 0.259542580791259
3295.268454 0.259494727849314
3295.750571 0.259295898069585
3296.232688 0.258972091451373
3296.714804 0.258731307958246
3297.196921 0.258597547660923
3297.679038 0.258369810523021
3298.161155 0.25799909654384
3298.643272 0.257663405722681
3299.125389 0.257439738058845
3299.607505 0.257212093515611
3300.089622 0.256877472164276
3300.571739 0.256497873968166
3301.053856 0.256218298926584
3301.535973 0.25606374703883
3302.018089 0.255872218267941
3302.500206 0.255511712685698
3302.982323 0.255067230255184
3303.46444 0.254697770975703
3303.946557 0.254391334846554
3304.428674 0.254023921867039
3304.91079 0.253603531999907
3305.392907 0.253257165317514
3305.875024 0.253007821782657
3306.357141 0.252735501394638
3306.839258 0.252349204152757
3307.321374 0.251902930019525
3307.803491 0.251513679067776
3308.285608 0.251186451260068
3308.767725 0.250806246595702
3309.249842 0.25034806507398
3309.731959 0.249960906694202
3310.214075 0.24971777141859
3310.696192 0.249465659320555
3311.178309 0.249043570362367
3311.660426 0.248514504543327
3312.142543 0.248068461862736
3312.624659 0.247766442282576
3313.106776 0.247457445876738
3313.588893 0.247002472607252
3314.07101 0.246490522473419
3314.553127 0.24608359547454
3315.035244 0.245747691609915
3315.51736 0.245338810841239
3315.999477 0.244887953242979
3316.481594 0.244521118776876
3316.963711 0.244196307442232
3317.445828 0.243779519238347
3317.927944 0.243269754126677
3318.410061 0.242788012182166
3318.892178 0.242417293366318
3319.374295 0.242107597678434
3319.856412 0.241746925117814
3320.338529 0.241298275683759
3320.820645 0.240835649337436
3321.302762 0.240434046154366
3321.784879 0.240051466095765
3322.266996 0.239587909160933
3322.749113 0.239098375349172
3323.231229 0.238722864621407
3323.713346 0.23842237705364
3324.195463 0.238030912606847
3324.67758 0.237531471280327
3325.159697 0.237063053073383
3325.641814 0.236668657985314
3326.12393 0.23624328597676
3326.606047 0.235763937124298
3327.088164 0.235365611388615
3327.570281 0.235116308769012
3328.052398 0.234895029264789
3328.534514 0.234546772836347
3329.016631 0.234067539560741
3329.498748 0.233608329398418
3329.980865 0.23328214234868
3330.462982 0.233013978410827
3330.945099 0.232686837584161
3331.427215 0.232327719828794
3331.909332 0.232008625222355
3332.391449 0.231713553725007
3332.873566 0.231410505336048
3333.355683 0.231094480054781
3333.837799 0.230770477841078
3334.319916 0.230448498773048
3334.802033 0.230135542810613
3335.28415 0.229815609953073
3335.766267 0.229500700199729
3336.248384 0.229240813549882
3336.7305 0.229071949963116
3337.212617 0.228909109518118
3337.694734 0.22862629217452
3338.176851 0.228254497931623
3338.658968 0.227952726788728
3339.141084 0.22775097870518
3339.623201 0.227536253760143
3340.105318 0.227289551913012
3340.587435 0.227103873163086
3341.069552 0.226960217509667
3341.551669 0.226742584952055
3342.033785 0.226459975449309
3342.515902 0.226238389081167
3342.998019 0.226129825806737
3343.480136 0.226057285625317
3343.962253 0.225911768536211
3344.444369 0.225700274498234
3344.926486 0.225544803591607
3345.408603 0.225482355775196
3345.89072 0.2253869310483
3346.372837 0.225188529410222
3346.854954 0.224988150860263
3347.33707 0.224890795356952
3347.819187 0.224838462981084
3348.301304 0.224707153691236
3348.783421 0.224506867486711
3349.265538 0.224374604366809
3349.747654 0.224349364289821
3350.229771 0.22431914733702
3350.711888 0.224214953466745
3351.194005 0.224112782678297
3351.676122 0.224113634970977
3352.158239 0.224164510344085
3352.640355 0.224099408755626
3353.122472 0.223903330287447
3353.604589 0.2237492748976
3354.086706 0.223761242585385
3354.568823 0.223871233350104
3355.050939 0.223941247149522
3355.533056 0.223926284065963
3356.015173 0.223904344057241
3356.49729 0.223934427122656
3356.979407 0.22396153326151
3357.461524 0.223923662473103
3357.94364 0.223887814714912
3358.425757 0.223955990069839
3358.907874 0.224081188495408
3359.389991 0.224133409990921
3359.872108 0.224111654555677
3360.354224 0.224121922146916
3360.836341 0.224178212848016
3361.318458 0.224187526616263
3361.800575 0.224143863450958
3362.282692 0.224171223351402
3362.764809 0.224345606316896
3363.246925 0.224568012304391
3363.729042 0.22467144139784
3364.211159 0.224639893554242
3364.693276 0.224629368772898
3365.175393 0.224736867053108
3365.657509 0.224860388351585
3366.139626 0.22487793275276
3366.621743 0.224856500213393
3367.10386 0.224919090732784
3367.585977 0.225013704310235
3368.068094 0.225013340945046
3368.55021 0.224943000593643
3369.032327 0.224944683341031
3369.514444 0.225080389143682
3369.996561 0.225256118000897
3370.478678 0.225332869911978
3370.960794 0.22529764483311
3371.442911 0.225260442849776
3371.925028 0.225254263918211
3372.407145 0.225202108037715
3372.889262 0.225095975207589
3373.371379 0.225048865427134
3373.853495 0.225133778652249
3374.335612 0.225273714968992
3374.817729 0.225328674333308
3375.299846 0.225261656744499
3375.781963 0.225159662201867
3376.264079 0.22507069066107
3376.746196 0.224964742208644
3377.228313 0.224843816800297
3377.71043 0.22474891443533
3378.192547 0.224690035113044
3378.674664 0.224625178832739
3379.15678 0.224510345549789
3379.638897 0.224355535351303
3380.121014 0.224233748192702
3380.603131 0.224180984073285
3381.085248 0.224122242992356
3381.567364 0.223984524905047
3382.049481 0.223798829898946
3382.531598 0.223621157929233
3383.013715 0.223415508995212
3383.495832 0.223101883096181
3383.977949 0.222712280231443
3384.460065 0.222394700355845
3384.942182 0.222195143557546
3385.424299 0.221974609791443
3385.906416 0.221622099056836
3386.388533 0.221209611353026
3386.870649 0.220841146634621
3387.352766 0.22048270499026
3387.834883 0.2200382863746
3388.317 0.21951489078694
3388.799117 0.219043518226581
3389.281234 0.218696168692826
3389.76335 0.218358842139996
3390.245467 0.217913538657302
3390.727584 0.217398258199113
3391.209701 0.216892000764731
3391.691818 0.216368766353457
3392.173934 0.215757554919374
3392.656051 0.21507836655217
3393.138168 0.214441201205976
3393.620285 0.213883058880095
3394.102402 0.213281939573825
3394.584519 0.212553843286469
3395.066635 0.211817769971824
3395.548752 0.21120771972015
3396.030869 0.210647692485292
3396.512986 0.209977688266552
3396.995103 0.20917970706323
3397.477219 0.208363748828884
3397.959336 0.207607813654254
3398.441453 0.206890901492944
3398.92357 0.206129012344257
3399.405687 0.205288146207493
3399.887804 0.204455303081953
3400.36992 0.203680482920908
3400.852037 0.202874685815671
3401.334154 0.201997911719561
3401.816271 0.201149160631879
3402.298388 0.200371432551926
3402.780504 0.199583727432734
3403.262621 0.198727045366093
3403.744738 0.197805386305084
3404.226855 0.196839750249008
3404.708972 0.195862137197166
3405.191089 0.194867547148857
3405.673205 0.193822980056831
3406.155322 0.192784436013447
3406.637439 0.191855914971501
3407.119556 0.191019416930293
3407.601673 0.190133941889125
3408.083789 0.189141489800504
3408.565906 0.188153060757269
3409.048023 0.187229654711977
3409.53014 0.186275271663928
3410.012257 0.185218911612423
3410.494374 0.184138574556764
3410.97649 0.183119260449172
3411.458607 0.182132969383058
3411.940724 0.181099701310692
3412.422841 0.180027456231375
3412.904958 0.179004234144407
3413.387074 0.178051035001774
3413.869191 0.177078858897362
3414.351308 0.176018705783203
3414.833425 0.174941575658598
3415.315542 0.173953468522847
3415.797659 0.173026384375253
3416.279775 0.172035323167512
3416.761892 0.170934284994083
3417.244009 0.169805269806714
3417.726126 0.168750277604704
3418.208243 0.167766308387355
3418.690359 0.166761362106126
3419.172476 0.165710438855953
3419.654593 0.164708538588343
3420.13671 0.163791661302598
3420.618827 0.162853806998018
3421.100944 0.161838975673905
3421.58306 0.160843167281431
3422.065177 0.159927381916105
3422.547294 0.158983619529149
3423.029411 0.157911880119863
3423.511528 0.156822163687548
3423.993644 0.155895470183139
3424.475761 0.155097799702621
3424.957878 0.154231152196978
3425.439995 0.153229527665509
3425.922112 0.152203926107516
3426.404229 0.151277347522301
3426.886345 0.150434791860511
3427.368462 0.149562259218704
3427.850579 0.148603749547577
3428.332696 0.147641262846431
3428.814813 0.146770799114566
3429.296929 0.145952358302394
3429.779046 0.145067940506949
3430.261163 0.144125545678687
3430.74328 0.143272173816912
3431.225397 0.142557824920922
3431.707514 0.141856498990021
3432.18963 0.141075195974332
3432.671747 0.14028791597146
3433.153864 0.139564658931579
3433.635981 0.138840424853989
3434.118098 0.138058213737991
3434.600214 0.137274025533473
3435.082331 0.136559860338515
3435.564448 0.135895718103053
3436.046565 0.135228598826386
3436.528682 0.134563502507817
3437.010799 0.133956429146646
3437.492915 0.133414378692474
3437.975032 0.132847351243954
3438.457149 0.132181346750735
3438.939266 0.131490365212118
3439.421383 0.130891406627404
3439.903499 0.130387470945956
3440.385616 0.129884558266902
3440.867733 0.129327668539655
3441.34985 0.128779801763514
3441.831967 0.128312957937781
3442.314084 0.127845137061757
3442.7962 0.127263339084518
3443.278317 0.126645564105767
3443.760434 0.126153812074626
3444.242551 0.125772082990398
3444.724668 0.125336376852384
3445.206784 0.124813693609422
3445.688901 0.12435703336169
3446.171018 0.124041396058074
3446.653135 0.123740781697876
3447.135252 0.123325190280395
3447.617369 0.122833621804934
3448.099485 0.122383076220046
3448.581602 0.122012553626478
3449.063719 0.121645053972833
3449.545836 0.121228577258411
3450.027953 0.120835123482512
3450.510069 0.120523692593454
3450.992186 0.120212284692459
3451.474303 0.119809899727891
3451.95642 0.119358537699051
3452.438537 0.11895919860524
3452.920654 0.118647882445758
3453.40277 0.118365589168637
3453.884887 0.11802531887567
3454.367004 0.117646071514936
3454.849121 0.117317847085736
3455.331238 0.11703564558737
3455.813354 0.116696466967632
3456.295471 0.116270311328791
3456.777588 0.115845178618687
3457.259705 0.115491068836621
3457.741822 0.115153981981895
3458.223939 0.11476791805381
3458.706055 0.114378876999872
3459.188172 0.114052858922923
3459.670289 0.113755863770516
3460.152406 0.113409891541954
3460.634523 0.113009942236537
3461.116639 0.112611015801536
3461.598756 0.112223112340264
3462.080873 0.111795231800041
3462.56299 0.111290374180167
3463.045107 0.110717539479943
3463.527224 0.11014572769867
3464.00934 0.109652938783332
3464.491457 0.109179172837816
3464.973574 0.108614429809154
3465.455691 0.107994709696647
3465.937808 0.107414012499595
3466.419924 0.106836338164746
3466.902041 0.106182686796462
3467.384158 0.105465058341536
3467.866275 0.104736452799269
3468.348392 0.103998870168963
3468.830509 0.103219310449919
3469.312625 0.102403773588598
3469.794742 0.101590259689932
3470.276859 0.10077576870043
3470.758976 0.0999323006193941
3471.241093 0.0990518554461242
3471.72321 0.0981264331799216
3472.205326 0.097180033766963
3472.687443 0.0962656573127504
3473.16956 0.095358303763508
3473.651677 0.0943789731185366
3474.133794 0.0933546653771374
3474.61591 0.0923553804852495
3475.098027 0.0913591185488499
3475.580144 0.0903158795139252
3476.062261 0.0892246633797766
3476.544378 0.0881484701457047
3477.026495 0.0871432998110108
3477.508611 0.086138152321349
3477.990728 0.0850140277832662
3478.472845 0.0838089261424641
3478.954962 0.0826578473982438
3479.437079 0.0815877915499062
3479.919195 0.080514758542868
3480.401312 0.0793777484841511
3480.883429 0.0781957613192198
3481.365546 0.077014797047375
3481.847663 0.0758478556679177
3482.32978 0.0746769371801488
3482.811896 0.0735270415292003
3483.294013 0.0724371688226637
3483.77613 0.0713623190057185
3484.258247 0.0702134920776655
3484.740364 0.0690056880378059
3485.22248 0.0678459068310339
3485.704597 0.0668031485654162
3486.186714 0.0657934131858945
3486.668831 0.06468070069177
3487.150948 0.0634820110823436
3487.633065 0.0623263443569162
3488.115181 0.0612337004600975
3488.597298 0.0601330795005235
3489.079415 0.0590104814228515
3489.561532 0.0579299062263823
3490.043649 0.056943353910417
3490.525765 0.0559968244193279
3491.007882 0.0549813178622256
3491.489999 0.0539138341835301
3491.972116 0.0529313733825423
3492.454233 0.0520779354585631
3492.93635 0.0512225204108935
3493.418466 0.0502581281836213
3493.900583 0.0492587588864263
3494.3827 0.0483674124634439
3494.864817 0.0476120889139749
3495.346934 0.0468797882373203
3495.82905 0.0460615103773306
3496.311167 0.0451802554441603
3496.793284 0.0443290233817072
3497.275401 0.0435128141892725
3497.757518 0.0426636278661569
3498.239635 0.0417804644116616
3498.721751 0.0409573237693523
3499.203868 0.0402462060499528
3499.685985 0.0396031111970763
3500.168102 0.0389520392100239
3500.650219 0.0382639900880964
3501.132335 0.0375839637746226
3501.614452 0.0369399603808006
3502.096569 0.0362659798500065
3502.578686 0.0355350221815412
3503.060803 0.0348470873747057
3503.54292 0.034277175428801
3504.025036 0.0337192862868712
3504.507153 0.0330804200606835
3504.98927 0.0324585766933294
3505.471387 0.0319597561841099
3505.953504 0.031521958532326
3506.43562 0.0310221836807848
3506.917737 0.0304434317417275
3507.399854 0.0298837026580086
3507.881971 0.0294279964289291
3508.364088 0.0289933130537901
3508.846205 0.0284326525318923
3509.328321 0.0278020148057587
3509.810438 0.0273023999881991
3510.292555 0.0269458080217838
3510.774672 0.0265732389058136
3511.256789 0.0261306926395896
3511.738905 0.0257151691653975
3512.221022 0.0253726685965213
3512.703139 0.0250281908752941
3513.185256 0.0246267360010169
3513.667373 0.0242233039729907
3514.14949 0.0238758947905163
3514.631606 0.0235615083955954
3515.113723 0.0232211449020804
3515.59584 0.0228288042520202
3516.077957 0.0224314864447157
3516.560074 0.022089191479468
3517.04219 0.0217689192980416
3517.524307 0.0213966700147628
3518.006424 0.0209954435714437
3518.488541 0.0206482399673852
3518.970658 0.0203780592018881
3519.452775 0.0201199012742536
3519.934891 0.0198007661259618
3520.417008 0.0194626538719078
3520.899125 0.0191945644536191
3521.381242 0.0189784978703969
3521.863359 0.0187124541215418
3522.345475 0.0183724331482976
3522.827592 0.0180394350660327
3523.309709 0.0177704598160381
3523.791826 0.0175315073976145
3524.273943 0.0172425778100631
3524.75606 0.0168966710526847
3525.238176 0.0165757870664388
3525.720293 0.0163189259672621
3526.20241 0.0160940876961614
3526.684527 0.0158912722524376
3527.166644 0.0157314796353917
3527.64876 0.0155827097857463
3528.130877 0.0153649628199116
3528.612994 0.0150782386786578
3529.095111 0.0148285373612857
3529.577228 0.0146698588670963
3530.059345 0.0145002031953905
3530.541461 0.0142325702866069
3531.023578 0.0139209602577239
3531.505695 0.0136563730492276
3531.987812 0.0134578086604187
3532.469929 0.0132912670905982
3532.952045 0.0131367482799682
3533.434162 0.0130022523459802
3533.916279 0.0128877792288836
3534.398396 0.0127613289279793
3534.880513 0.0125869014425682
3535.36263 0.0123554967719514
3535.844746 0.0121021148560468
3536.326863 0.0118847558128739
3536.80898 0.0117004195823983
3537.291097 0.0114841061639206
3537.773214 0.0112368155567421
3538.25533 0.0110745477005439
3538.737447 0.011037302713819
3539.219564 0.010992080536296
3539.701681 0.0108118811672759
3540.183798 0.0105417046060596
3540.665915 0.0103075508519482
3541.148031 0.0101424198443391
3541.630148 0.00999131170229278
3542.112265 0.00984022636525422
3542.594382 0.00972416383252428
3543.076499 0.00962112410340394
3543.558615 0.0094641071170543
3544.040732 0.00925411299300881
3544.522849 0.00908414167047582
3545.004966 0.0090091931487563
3545.487083 0.00896726742715116
3545.9692 0.00888036450496146
3546.451316 0.00875748432106443
3546.933433 0.00865362699556106
3547.41555 0.00854879246737598
3547.897667 0.00837998073581012
3548.379784 0.00815819180016446
3548.8619 0.00796342559907987
3549.344017 0.00784268225313017
3549.826134 0.00777796170100359
3550.308251 0.00770926394200104
3550.790368 0.00759658897542348
3551.272485 0.00749093680057189
3551.754601 0.0074523073558035
3552.236718 0.00741870076225945
3552.718835 0.00727211695834425
3553.200952 0.00705655594335884
3553.683069 0.00692801771660423
3554.165185 0.00689750221620125
3554.647302 0.00682300956376379
3555.129419 0.00663353969745997
3555.611536 0.00643009261659079
3556.093653 0.0063296683204572
3556.57577 0.00630026680836013
3557.057886 0.00623288801813694
3557.540003 0.00612653207196859
3558.02212 0.00605719890773965
3558.504237 0.00603188852475113
3558.986354 0.00597760092230391
3559.46847 0.00587633603799913
3559.950587 0.00578109399449027
3560.432704 0.00572687472942565
3560.914821 0.00567567824210623
3561.396938 0.00558450453183296
3561.879055 0.00548135359790682
3562.361171 0.00541722537764538
3562.843288 0.00537811999426911
3563.325405 0.00530203738514286
3563.807522 0.00518197754956758
3564.289639 0.00507494048684419
3564.771755 0.00501092613405417
3565.253872 0.0049539346148903
3565.735989 0.00487596586648124
3566.218106 0.00479101988812797
3566.700223 0.00473509667913143
3567.18234 0.00472119623879259
3567.664456 0.00468431850390952
3568.146573 0.00452746359874172
3568.62869 0.0042886314601345
3569.110807 0.00412282208738884
3569.592924 0.00409303547980569
3570.07504 0.004092271573947
3570.557157 0.00400853049454453
3571.039274 0.00388381217820744
3571.521391 0.00380811662423669
3572.003508 0.00376544383193324
3572.485625 0.0037017938005981
3572.967741 0.00362716646650993
3573.449858 0.003594561954967
3573.931975 0.00361598020229524
3574.414092 0.00361342120779561
3574.896209 0.00351288497076904
3575.378325 0.00336437142725825
3575.860442 0.00327488070303354
3576.342559 0.00325341273418479
3576.824676 0.00322696752001299
3577.306793 0.0031665450598191
3577.78891 0.00312214535290403
3578.271026 0.00311676833502729
3578.753143 0.00309541413252563
3579.23526 0.00301608268120571
3579.717377 0.00291977398036848
3580.199494 0.00285648802931492
3580.68161 0.00278622476356857
3581.163727 0.00265298430993804
3581.645844 0.00252276660399405
3582.127961 0.00251057164503755
3582.610078 0.00258039943236955
3583.092195 0.00258424996529096
3583.574311 0.00250312317904226
3584.056428 0.00245201920099825
3584.538545 0.00247493796644654
3585.020662 0.00248787947468813
3585.502779 0.00243484372502395
3585.984895 0.00234983065245864
3586.467012 0.00227084038483866
3586.949129 0.0021948728572158
3587.431246 0.00210792806889101
3587.913363 0.00203900601916529
3588.39548 0.00203010670733958
3588.877596 0.00205623006813548
3589.359713 0.00203837622996551
3589.84183 0.00194754512759843
3590.323947 0.00183273676033521
3590.806064 0.00175495112747681
3591.28818 0.00172618816350906
3591.770297 0.00172044799731604
3592.252414 0.00171473056343072
3592.734531 0.00171703586115404
3593.216648 0.00173036388978699
3593.698765 0.00172571464863053
3594.180881 0.00167908807188763
3594.662998 0.00162948428900807
3595.145115 0.00163490323424198
3595.627232 0.00168334490689036
3596.109349 0.00171680930625412
3596.591465 0.00171729636630054
3597.073582 0.00170380621695083
3597.555699 0.00169233879221942
3598.037816 0.00166889409140723
3598.519933 0.00162847211381525
3599.00205 0.00161207285874446
3599.484166 0.00166969625987928
3599.966283 0.00176234244770657
3600.4484 0.00178601135595791
3600.930517 0.00170170298393421
3601.412634 0.00155541733093652
3601.89475 0.00144315433041368
3602.376867 0.0014419141133237
3602.858984 0.00149869661316258
3603.341101 0.00148850182923128
3603.823218 0.00143432976083077
3604.305335 0.00146718040726201
3604.787451 0.00157905370169115
3605.269568 0.00164894977564163
3605.751685 0.00165886856232675
3606.233802 0.00168181006104746
3606.715919 0.00172477427110472
3607.198035 0.00171076112542912
3607.680152 0.00160377075601525
3608.162269 0.00148880309584086
3608.644386 0.00146485814420681
3609.126503 0.00149993590041418
3609.60862 0.00149703636376385
3610.090736 0.00147915946690383
3610.572853 0.00152530534239391
3611.05497 0.00161047392292922
3611.537087 0.00164466520781069
3612.019204 0.00159087919633928
3612.50132 0.00149911582092752
3612.983437 0.00146037521460617
3613.465554 0.00149265730983485
3613.947671 0.00151496210591451
3614.429788 0.0014692896021461
3614.911905 0.00141463979783057
3615.394021 0.001430012625098
3615.876138 0.00150040821754409
3616.358255 0.00155382650734597
3616.840372 0.00156826749380458
3617.322489 0.0015957311762209
3617.804605 0.00164621748648956
3618.286722 0.0016307265586771
3618.768839 0.00152525832472526
3619.250956 0.00146481278393497
3619.733073 0.00154938993560717
3620.21519 0.00171298977904287
3620.697306 0.00181761224585429
3621.179423 0.00180625747067277
3621.66154 0.00175492538515759
3622.143657 0.00175461598860975
3622.625774 0.0017783292803302
3623.10789 0.00172006519169587
3623.590007 0.00157582385780869
3624.072124 0.00144960521009271
3624.554241 0.00139140924784886
3625.036358 0.00133923597037811
3625.518475 0.00127108537698138
3626.000591 0.00123795739875339
3626.482708 0.00121385217136062
3626.964825 0.00112276962594481
3627.446942 9.80709761806906E-4
3627.929059 8.59672578247844E-4
3628.411175 7.8265800612709E-4
3628.893292 7.05666181581618E-4
3629.375409 5.73697035517878E-4
3629.857526 4.00750567236832E-4
3630.339643 2.64826776039478E-4
3630.82176 2.19925661226791E-4
3631.303876 2.09047153375913E-4
3631.785993 1.37191389188301E-4
3632.26811 3.23582992882432E-5
3632.750227 -1.64521170233495E-5
3633.232344 -3.12398604455227E-5
3633.71446 -8.20050006361678E-5
3634.196577 -1.55747400423553E-4
3634.678694 -2.0646712941863E-4
3635.160811 -2.34164188320438E-4
3635.642928 -2.87838577827965E-4
3636.125045 -3.89490298640327E-4
3636.607161 -4.76119420697502E-4
3637.089278 -4.71725806263562E-4
3637.571395 -3.9530952523148E-4
3638.053512 -3.44870578300363E-4
3638.535629 -3.63408966169224E-4
3639.017745 -3.67924759013191E-4
3639.499862 -2.91417818626141E-4
3639.981979 -2.31888215136186E-4
3640.464096 -2.90335949242354E-4
3640.946213 -3.97761021643697E-4
3641.42833 -4.19163433039257E-4
3641.910446 -3.34543253886196E-4
3642.392563 -2.61900345414276E-4
3642.87468 -2.99234778033702E-4
3643.356797 -3.80546552443475E-4
3643.838914 -3.71835669342652E-4
3644.32103 -2.82102199423373E-4
3644.803147 -2.33346003445475E-4
3645.285264 -2.36567152054085E-4
3645.767381 -1.94765645948253E-4
3646.249498 -8.79414858269978E-5
3646.731615 1.90532761058793E-6
3647.213731 2.07747233904737E-5
3647.695848 -4.33315868325623E-6
3648.177965 -6.41838953777119E-6
3648.660082 1.95190301279374E-5
3649.142199 2.34790996148371E-5
3649.624316 -2.35381817761254E-5
3650.106432 -8.55328853009152E-5
3650.588549 -1.15504870591712E-4
3651.070666 -1.1145420885747E-4
3651.552783 -8.93809007972562E-5
3652.0349 -2.92849471100753E-5
3652.517016 5.3833580713189E-5
3652.999133 8.79748235101535E-5
3653.48125 4.81387098369562E-5
3653.963367 -3.46747610054238E-5
3654.445484 -1.06465589716095E-4
3654.927601 -1.25233776994013E-4
3655.409717 -1.02979394611818E-4
3655.891834 -9.57023011683988E-5
3656.373951 -1.16402568389393E-4
3656.856068 -1.15080196973802E-4
3657.338185 -9.57351876206824E-5
3657.820301 -1.3136761233741E-4
3658.302418 -1.87977329253339E-4
3658.784535 -1.41564410328865E-4
3659.266652 -3.1288562629822E-6
3659.748769 7.73293322452046E-5
3660.230886 4.38101544967123E-5
3660.713002 -1.26864617975564E-5
3661.195119 -1.11603742035254E-5
3661.677236 2.2388345036678E-5
3662.159353 3.19596952240153E-5
3662.64147 -4.46324340541704E-7
3663.123586 -2.68297861807515E-5
3663.605703 8.80945260685329E-6
3664.08782 6.54713195454432E-5
3664.569937 5.91558139359794E-5
3665.052054 8.62935079420923E-7
3665.534171 -1.14078268554779E-5
3666.016287 7.13404302616627E-5
3666.498404 1.80104049024368E-4
3666.980521 2.22879155594893E-4
3667.462638 1.99661948191474E-4
3667.944755 1.76448625032369E-4
3668.426871 1.76235312184136E-4
3668.908988 1.65018352179996E-4
3669.391105 1.15793871082723E-4
3669.873222 6.05580671105832E-5
3670.355339 4.93071384818217E-5
3670.837456 6.70372834146726E-5
3671.319572 7.37446281639242E-5
3671.801689 5.34255149336749E-5
3672.283806 1.70760699276101E-5
3672.765923 4.69249136399175E-6
3673.24804 2.12709774610742E-5
3673.730156 2.78076548473755E-5
3674.212273 3.52988650189345E-5
3674.69439 7.27407345137571E-5
3675.176507 8.91294615501109E-5
3675.658624 3.54612443462382E-5
3676.140741 -1.82677188796526E-5
3676.622857 1.09386992096505E-5
3677.104974 8.00768387401729E-5
3677.587091 8.71428269112878E-5
3678.069208 5.13286194124551E-6
3678.551325 -8.49568579517346E-5
3679.033441 -1.17130204622992E-4
3679.515558 -1.19390839521977E-4
3679.997675 -1.47742634681286E-4
3680.479792 -1.78189391882702E-4
3680.961909 -1.60734912907953E-4
3681.444026 -1.07382999538844E-4
3681.926142 -6.9137522401605E-5
3682.408259 -4.40021453565198E-5
3682.890376 -2.98073925450448E-6
3683.372493 3.99228941227597E-5
3683.85461 3.77049529934892E-5
3684.336726 -3.63843202744185E-6
3684.818843 -2.11109272432036E-5
3685.30096 4.28359769708009E-6
3685.783077 2.65413410116683E-5
3686.265194 -9.34149908121684E-6
3686.747311 -9.63687243633327E-5
3687.229427 -1.77544202470195E-4
3687.711544 -1.82871603156901E-4
3688.193661 -1.1235479437019E-4
3688.675778 -5.69975778918763E-5
3689.157895 -7.18037555036966E-5
3689.640011 -8.87771931663839E-5
3690.122128 -4.19215639451964E-5
3690.604245 3.17592658484467E-5
3691.086362 4.62614944327644E-5
3691.568479 -1.84186799739861E-5
3692.050596 -7.12850591535613E-5
3692.532712 -4.33415067967041E-5
3693.014829 1.14083085351602E-5
3693.496946 2.69622441216033E-5
3693.979063 2.83219485377184E-5
3694.46118 4.44895610264423E-5
3694.943296 6.14671609212858E-5
3695.425413 6.72570076716283E-5
3695.90753 9.08611802190873E-5
3696.389647 1.56281817806678E-4
3696.871764 2.10521059677352E-4
3697.353881 1.66581045074082E-4
3697.835997 5.34638555877986E-5
3698.318114 -1.48282538736944E-5
3698.800231 -1.42932020846392E-5
3699.282348 -2.92884980206132E-6
3699.764465 -7.33057782961732E-7
3700.246581 3.32962573227624E-5
3700.728698 1.121613468823E-4
3701.210815 1.67864293902822E-4
3701.692932 1.43407237627333E-4
3702.175049 6.77923172987815E-5
3702.657166 2.00216721601143E-5
3703.139282 3.90973875261935E-5
3703.621399 9.40217108081898E-5
3704.103516 1.20796727004616E-4
3704.585633 8.74245753584302E-5
3705.06775 1.99073951125534E-5
3705.549866 -1.0752726902985E-5
3706.031983 1.34464536705181E-5
3706.5141 3.05070233688753E-5
3706.996217 7.43112143504476E-6
3707.478334 2.22088711200608E-6
3707.960451 5.98784596427121E-5
3708.442567 1.4340592752897E-4
3708.924684 1.88805531759248E-4
3709.406801 1.89079360567779E-4
3709.888918 1.84229553197524E-4
3710.371035 1.732582488915E-4
3710.853151 1.15167537422536E-4
3711.335268 3.09596572147658E-5
3711.817385 -1.3633022043491E-6
3712.299502 4.12007984082335E-5
3712.781619 1.10654098295443E-4
3713.263736 1.56998736700276E-4
3713.745852 1.53236804774567E-4
3714.227969 9.53705381578351E-5
3714.710086 1.14020277832416E-5
3715.192203 -6.16665871062821E-5
3715.67432 -8.78331672677646E-5
3716.156436 -4.70956205222556E-5
3716.638553 2.75482866933657E-5
3717.12067 6.11006463615837E-5
3717.602787 3.95635977253339E-5
3718.084904 2.19392800275553E-5
3718.567021 4.42298325112472E-5
3719.049137 7.14373484414083E-5
3719.531254 5.05640591824397E-5
3720.013371 1.56120578294339E-5
3720.495488 2.65834836253726E-5
3720.977605 5.84804758132079E-5
3721.459721 7.13051284409599E-5
3721.941838 8.60596712848327E-5
3722.423955 1.21746198245107E-4
3722.906072 1.60366848564741E-4
3723.388189 1.78923761486718E-4
3723.870306 1.5841907625401E-4
3724.352422 1.11854887707874E-4
3724.834539 8.82334240114302E-5
3725.316656 1.2455677988478E-4
3725.798773 2.06827094570913E-4
3726.28089 2.66046507312795E-4
3726.763006 2.52217113490688E-4
3727.245123 2.04341140167527E-4
3727.72724 1.68420682624584E-4
3728.209357 1.30457880104878E-4
3728.691474 8.24548718513507E-5
3729.173591 5.74137971070393E-5
3729.655707 8.23367517524265E-5
3730.137824 1.28225961823214E-4
3730.619941 1.42083523127695E-4
3731.102058 1.22911574908777E-4
3731.584175 9.77122564094629E-5
3732.066291 5.14876638053191E-5
3732.548408 -3.17599774801586E-5
3733.030525 -9.40285713215416E-5
3733.512642 -7.63159784758494E-5
3733.994759 1.37994029990318E-6
3734.476876 5.50613242486647E-5
3734.958992 3.47302697534663E-5
3735.441109 -1.061099820375E-5
3735.923226 1.03961643185824E-6
3736.405343 6.56837000135302E-5
3736.88746 1.14321144404961E-4
3737.369576 1.3495147497776E-4
3737.851693 1.53574345470267E-4
3738.33381 1.65189281238959E-4
3738.815927 1.41795850438997E-4
3739.298044 7.83936212255532E-5
3739.780161 7.98216175385003E-6
3740.262277 -1.44390024951063E-5
3740.744394 3.01297820034657E-5
3741.226511 7.46880407101747E-5
3741.708628 6.62353417801714E-5
3742.190745 4.27712533686425E-5
3742.672861 5.62953010725259E-5
3743.154978 8.78071381893025E-5
3743.637095 1.12306290290964E-4
3744.119212 1.50792325532681E-4
3744.601329 1.99264812069624E-4
3745.083446 2.11723318056981E-4
3745.565562 1.83167369260301E-4
3746.047679 1.56596618645186E-4
3746.529796 1.27010591946919E-4
3747.011913 6.54088573206479E-5
3747.49403 -1.12090170784618E-5
3747.976146 -6.08435053197076E-5
3748.458263 -5.94949547632478E-5
3748.94038 -1.63839513206421E-7
3749.422497 1.00149408585576E-4
3749.904614 1.71444357688288E-4
3750.386731 1.38720575950116E-4
3750.868847 3.99775895294774E-5
3751.350964 -5.78494938388574E-6
3751.833081 3.84324853282686E-5
3752.315198 9.16294618210772E-5
3752.797315 7.8805548249794E-5
3753.279431 4.29602709872412E-5
3753.761548 6.30932817987512E-5
3754.243665 1.0620410701255E-4
3754.725782 1.11292314783809E-4
3755.207899 1.21357473267691E-4
3755.690016 1.95399150619377E-4
3756.172132 3.01416873498592E-4
3756.654249 3.45410293102325E-4
3757.136366 2.87378936040306E-4
3757.618483 1.96322370467655E-4
3758.1006 1.46240164539582E-4
3758.582716 1.18131845179434E-4
3759.064833 7.79970630614135E-5
3759.54695 4.08353450543908E-5
3760.029067 3.76462593135174E-5
3760.511184 7.04293739939715E-5
3760.993301 9.71842572509291E-5
3761.475417 8.19104363537354E-5
3761.957534 4.86075612899928E-5
3762.439651 2.42751592691992E-5
3762.921768 -1.20872015535456E-5
3763.403885 -6.24799530230119E-5
3763.886001 -6.49035675569232E-5
3764.368118 2.96416042109282E-5
3764.850235 1.48155089798457E-4
3765.332352 1.69636457360858E-4
3765.814469 8.80852750532735E-5
3766.296586 2.50111103088091E-6
3766.778702 -3.11165067189006E-5
3767.260819 -2.17679296347223E-5
3767.742936 1.35463702010674E-5
3768.225053 6.78259609436516E-5
3768.70717 1.4107041074822E-4
3769.189286 2.16279247964288E-4
3769.671403 2.22452120433425E-4
3770.15352 1.28588556430914E-4
3770.635637 2.16881241119626E-5
3771.117754 -5.24960836825739E-6
3771.599871 3.57749271454322E-5
3772.081987 8.57612594667989E-5
3772.564104 1.04709035514294E-4
3773.046221 8.56177840220934E-5
3773.528338 7.64870731454065E-5
3774.010455 9.33164710393841E-5
3774.492571 7.91055069292584E-5
3774.974688 2.98538269150328E-5
3775.456805 1.25609601378668E-5
3775.938922 3.92264747530041E-5
3776.421039 6.88499389155384E-5
3776.903156 7.84309207806783E-5
3777.385272 6.39689500969987E-5
3777.867389 3.04636719232199E-5
3778.349506 -1.90853840815741E-5
3778.831623 -8.16786497621486E-5
3779.31374 -1.34316556963388E-4
3779.795856 -1.48999575475928E-4
3780.277973 -1.277280611581E-4
3780.76009 -8.85024838944842E-5
3781.242207 -4.13232755299142E-5
3781.724324 -6.19086790921985E-6
3782.206441 2.89431467745405E-6
3782.688557 -6.76861409282248E-8
3783.170674 6.92409374673797E-6
3783.652791 2.58705795171538E-5
3784.134908 3.77727338098377E-5
3784.617025 3.56315192643619E-5
3785.099141 2.74478616091034E-5
3785.581258 6.2227973908896E-6
3786.063375 -2.10427477488201E-5
3786.545492 -2.73478111705305E-5
3787.027609 -2.06914302346289E-5
3787.509726 -5.30726423016437E-5
3787.991842 -1.29490521163247E-4
3788.473959 -1.75944031244352E-4
3788.956076 -1.48432246411673E-4
3789.438193 -1.11954204025641E-4
3789.92031 -1.31508941446715E-4
3790.402426 -1.46095532121748E-4
3790.884543 -7.27129411754318E-5
3791.36666 4.96397578804153E-5
3791.848777 1.13963527685348E-4
3792.330894 6.92593308789236E-5
3792.813011 -2.24718698993293E-5
3793.295127 -6.72291477481907E-5
3793.777244 -5.10114685003948E-5
3794.259361 -2.88179053077736E-5
3794.741478 -3.76474955307848E-5
3795.223595 -6.64992765298383E-5
3795.705711 -9.13723211686118E-5
3796.187828 -1.07265595760131E-4
3796.669945 -1.28178173211049E-4
3797.152062 -1.46109090881863E-4
3797.634179 -1.50057386132954E-4
3798.116296 -1.67022096324826E-4
3798.598412 -1.8000229410485E-4
3799.080529 -1.37996946230567E-4
3799.562646 -7.10051253803856E-5
3800.044763 -2.80258689147606E-5
3800.52688 -4.05821419414976E-6
3801.008996 7.89876625935382E-6
3801.491113 -2.01538945723556E-5
3801.97323 -9.42152692324227E-5
3802.455347 -1.89284395081313E-4
3802.937464 -2.52360309479449E-4
3803.419581 -2.22442049787316E-4
3803.901697 -8.45286884425117E-5
3804.383814 9.43808073559371E-5
3804.865931 2.15287365161326E-4
3805.348048 2.37191947613194E-4
3805.830165 1.81095517351113E-4
3806.312281 8.8999001952958E-5
3806.794398 -4.09656582130158E-6
3807.276515 -9.31902583928834E-5
3807.758632 -1.78281113122222E-4
3808.240749 -2.30368167369779E-4
3808.722866 -2.12450458495994E-4
3809.204982 -1.53527058970274E-4
3809.687099 -1.22596935950042E-4
3810.169216 -1.32659161891827E-4
3810.651333 -1.27712774156061E-4
3811.13345 -7.67568101032318E-5
3811.615566 -1.87903422970009E-5
3812.097683 1.18766228381084E-6
3812.5798 -4.82204472121439E-6
3813.061917 -7.81996536461382E-6
3813.544034 -2.48071752752266E-5
3814.026151 -6.47847527007056E-5
3814.508267 -7.07538112221795E-5
3814.990384 -9.71535843463656E-6
3815.472501 3.23294920973605E-5
3815.954618 -3.96203378738025E-5
3816.436735 -1.88565926595774E-4
3816.918851 -2.8650838769928E-4
3817.400968 -2.65448728669002E-4
3817.883085 -1.77388063130182E-4
3818.365202 -1.24327469330512E-4
3818.847319 -1.04268025517607E-4
3819.329436 -4.42108099391048E-5
3819.811552 2.28430637885801E-5
3820.293669 1.18925881655435E-5
3820.775786 -3.10633504325697E-5
3821.257903 -3.00258302534245E-5
3821.74002 -2.99592954462746E-6
3822.222136 1.60252381507658E-5
3822.704253 8.03666519728907E-6
3823.18637 -4.8962761967225E-5
3823.668487 -1.18974121590454E-4
3824.150604 -1.39998491920021E-4
3824.632721 -1.15036951203545E-4
3825.114837 -9.40906128221175E-5
3825.596954 -8.61604847216951E-5
3826.079071 -5.7247680315925E-5
3826.561188 -1.83532778524342E-5
3827.043305 -2.44783555788802E-5
3827.525422 -7.66239917429218E-5
3828.007538 -1.26791299483175E-4
3828.489655 -1.34981287217034E-4
3828.971772 -9.01950681291425E-5
3829.453889 -2.04337204671584E-5
3829.936006 3.73016775213064E-5
3830.418122 7.70100129611345E-5
3830.900239 1.07690276919009E-4
3831.382356 1.03341356462686E-4
3831.864473 5.99621733444883E-5
3832.34659 4.15516493168094E-5
3832.828707 6.01087061320033E-5
3833.310823 4.96322313049552E-5
3833.79294 2.81212151357763E-5
3834.275057 7.85745450688075E-5
3834.757174 1.79991142856342E-4
3835.239291 2.17369930250802E-4
3835.721407 1.62709795153634E-4
3836.203524 1.10009727102997E-4
3836.685641 1.44268613918558E-4
3837.167758 2.10485377352729E-4
3837.649875 2.07658939157834E-4
3838.131992 1.65788221086233E-4
3838.614108 1.8287211157704E-4
3839.096225 2.66909599106538E-4
3839.578342 3.41899572018689E-4
3840.060459 3.42840952065812E-4
3840.542576 2.87732661000281E-4
3841.024692 2.50573587770739E-4
3841.506809 2.56362719845568E-4
3841.988926 2.68098946067066E-4
3842.471043 2.63781188187567E-4
3842.95316 2.55408367959467E-4
3843.435277 2.59979407135111E-4
3843.917393 2.74493195348391E-4
3844.39951 2.82948718710624E-4
3844.881627 2.90344866735889E-4
3845.363744 3.14680561176589E-4
3845.845861 3.6495472378506E-4
3846.327977 4.19166244827782E-4
3846.810094 4.49314109162102E-4
3847.292211 4.91397206923511E-4
3847.774328 5.74414459864406E-4
3848.256445 6.38364789737098E-4
3848.738562 6.31247118293973E-4
3849.220678 6.03060336634334E-4
3849.702795 5.98803427963299E-4
3850.184912 5.91475283235721E-4
3850.667029 5.5207482420401E-4
3851.149146 5.37600972620511E-4
3851.631262 6.16052620340091E-4
3852.113379 7.61428749067927E-4
3852.595496 8.82728250503298E-4
3853.077613 9.09950046398544E-4
3853.55973 8.53093058506046E-4
3854.041847 8.02156208578167E-4
3854.523963 8.3213838945026E-4
3855.00608 8.9703858087993E-4
3855.488197 9.16855675533498E-4
3855.970314 9.17588595163402E-4
3856.452431 9.7423626152196E-4
3856.934547 0.00108179756832302
3857.416664 0.00115727149357839
3857.898781 0.00115065693082168
3858.380898 0.00111295280180533
3858.863015 0.00110815802828165
3859.345132 0.00110327153200303
3859.827248 0.00105329220781146
3860.309365 0.00100121903147588
3860.791482 9.98050897644626E-4
3861.273599 0.00101778672807011
3861.755716 0.00100042544450471
3862.237832 9.48965942791938E-4
3862.719949 9.33407196708799E-4
3863.202066 9.69748101894069E-4
3863.684183 9.96987580100098E-4
3864.1663 9.66124553079262E-4
3864.648417 9.07157942583919E-4
3865.130533 8.87086645733309E-4
3865.61265 9.21909633766441E-4
3866.094767 9.40625803584408E-4
3866.576884 8.74234076939498E-4
3867.059001 7.56733375584157E-4
3867.541117 6.97122597762154E-4
3868.023234 7.39400712474525E-4
3868.505351 7.94566617735776E-4
3868.987468 7.91619235298191E-4
3869.469585 7.62557486914214E-4
3869.951702 7.46380294336116E-4
3870.433818 7.31086557231128E-4
3870.915935 7.07675241767014E-4
3871.398052 6.70145247368151E-4
3871.880169 6.34495495786883E-4
3872.362286 6.65724908775603E-4
3872.844402 7.63832387248975E-4
3873.326519 8.07816894890928E-4
3873.808636 7.20677332362141E-4
3874.290753 5.73412621414984E-4
3874.77287 4.68021683801834E-4
3875.254987 4.08503441275035E-4
3875.737103 3.31856796320251E-4
3876.21922 2.71080709492916E-4
3876.701337 3.08174083011259E-4
3877.183454 3.89135838627638E-4
3877.665571 3.82964898094418E-4
3878.147687 3.03660165267797E-4
3878.629804 2.85220597973285E-4
3879.111921 3.51645099788495E-4
3879.594038 3.76932592465754E-4
3880.076155 3.17081997757485E-4
3880.558272 2.90092237415995E-4
3881.040388 3.52962217016028E-4
3881.522505 3.87690890959455E-4
3882.004622 3.09277164529012E-4
3882.486739 2.1271995947704E-4
3882.968856 2.01018197555913E-4
3883.450972 2.49170785833919E-4
3883.933089 2.81176675736974E-4
3884.415206 2.74034774030166E-4
3884.897323 2.39744002465889E-4
3885.37944 2.0030328279648E-4
3885.861557 1.7071153677431E-4
3886.343673 1.31967673333788E-4
3886.82579 1.00070640182012E-4
3887.307907 1.10019345936796E-4
3887.790024 1.33812712350481E-4
3888.272141 1.0444966117544E-4
3888.754257 1.79291029627354E-5
3889.236374 -4.97500178026633E-5
3889.718491 -3.25887908974587E-5
3890.200608 2.9411705430693E-5
3890.682725 6.12503929341701E-5
3891.164842 8.59261933653238E-5
3891.646958 1.56438019288913E-4
3892.129075 2.37784811175895E-4
3892.611192 2.41965481249912E-4
3893.093309 1.80978951263275E-4
3893.575426 1.69824142968331E-4
3894.057542 2.57499970669497E-4
3894.539659 3.59005371369708E-4
3895.021776 3.86339259020915E-4
3895.503893 3.44500555375535E-4
3895.98601 2.92488182185899E-4
3896.468127 2.56301061204361E-4
3896.950243 2.21938108896674E-4
3897.43236 1.83398257956491E-4
3897.914477 1.59680424483749E-4
3898.396594 1.63783530230763E-4
3898.878711 1.7470649694995E-4
3899.360827 1.43448242969607E-4
3899.842944 7.60076972694118E-5
3900.325061 4.13837778006632E-5
3900.807178 5.45754063157461E-5
3901.289295 6.25815045670192E-5
3901.771412 6.04009943068334E-5
3902.253528 1.05032796172452E-4
3902.735645 1.97475834539093E-4
3903.217762 2.31729029653599E-4
3903.699879 1.42791303268303E-4
3904.181996 1.86615771356202E-5
3904.664112 -6.66121230037675E-6
3905.146229 7.58233541662684E-5
3905.628346 1.65118485909985E-4
3906.110463 1.95227699241324E-4
3906.59258 1.74154510470759E-4
3907.074697 1.33902435908828E-4
3907.556813 1.20474995006281E-4
3908.03893 1.48875698145992E-4
3908.521047 1.55108064418569E-4
3909.003164 7.71756101345666E-5
3909.485281 -5.29181483955032E-5
3909.967397 -1.45169690029812E-4
3910.449514 -1.58575507804182E-4
3910.931631 -1.11132080900356E-4
3911.413748 -2.78358930078382E-5
3911.895865 5.03165721838644E-5
3912.377982 6.03288309852928E-5
3912.860098 -7.95593673039163E-7
3913.342215 -5.90531984480391E-5
3913.824332 -4.74404606890522E-5
3914.306449 1.40461359144362E-5
3914.788566 3.9410107672902E-5
3915.270682 -8.34502119312353E-6
3915.752799 -6.2215749956962E-5
3916.234916 -8.11985546415456E-5
3916.717033 -1.13289918936332E-4
3917.19915 -1.80486326530852E-4
3917.681267 -2.15784261114543E-4
3918.163383 -1.68180197159681E-4
3918.6455 -7.76706365978597E-5
3919.127617 -2.22520541009741E-5
3919.609734 -3.09209333584914E-5
3920.091851 -6.66737580599236E-5
3920.573967 -7.35070017886946E-5
3921.056084 -3.54171682905163E-5
3921.538201 7.59926868805494E-6
3922.020318 3.65458254574652E-5
3922.502435 7.04260183282401E-5
3922.984552 9.32433636109398E-5
3923.466668 5.60013885479854E-5
3923.948785 -1.22964123018543E-5
3924.430902 -2.96465118155426E-5
3924.913019 1.09546063174482E-5
3925.395136 2.95104584076E-5
3925.877252 -7.9754278149019E-6
3926.359369 -3.84995588031539E-5
3926.841486 -1.05840690999004E-6
3927.323603 6.33515441751387E-5
3927.80572 8.57338107627392E-5
3928.287837 7.10919091633233E-5
3928.769953 6.74293674516047E-5
3929.25207 7.57496784415945E-5
3929.734187 4.80563701688447E-5
3930.216304 -2.66470410561492E-5
3930.698421 -1.11357038922899E-4
3931.180537 -1.49070095270112E-4
3931.662654 -9.57827174933173E-5
3932.144771 2.65086225659933E-5
3932.626888 1.33807441218367E-4
3933.109005 1.61117254774287E-4
3933.591122 8.94415795442832E-5
3934.073238 -4.22160564472612E-5
3934.555355 -1.20852160365906E-4
3935.037472 -7.74632041462137E-5
3935.519589 5.49543285223164E-5
3936.001706 1.99403953950225E-4
3936.483822 2.71889199847247E-4
3936.965939 2.2241355964063E-4
3937.448056 1.10980561117593E-4
3937.930173 3.25937205886973E-5
3938.41229 -9.74344563554885E-6
3938.894407 -2.80274212446363E-5
3939.376523 -1.2546791469531E-6
3939.85864 3.75782752772696E-5
3940.340757 4.14749692409233E-5
3940.822874 1.94389190544958E-5
3941.304991 -1.55264250013276E-5
3941.787107 -3.1419606588215E-5
3942.269224 3.17584825727107E-5
3942.751341 1.48006852101409E-4
3943.233458 2.00324501393803E-4
3943.715575 1.24710429845853E-4
3944.197692 1.21636368534683E-5
3944.679808 3.68313103800422E-6
3945.161925 8.32678932102815E-5
3945.644042 1.01916932128007E-4
3946.126159 4.2629247187162E-5
3946.608276 4.04038377836979E-5
3947.090392 9.92397118878413E-5
3947.572509 9.91358516229529E-5
3948.054626 2.60912650852929E-5
3948.536743 -2.18950483291541E-5
3949.01886 8.17591077553748E-6
3949.500977 5.93031417953221E-5
3949.983093 7.44856519876713E-5
3950.46521 1.03722424913896E-4
3950.947327 1.63012467945117E-4
3951.429444 1.8835478047724E-4
3951.911561 1.63748361906246E-4
3952.393677 1.3619221895271E-4
3952.875794 1.18685336262095E-4
3953.357911 1.20226720658215E-4
3953.840028 1.32815371537059E-4
3954.322145 1.26450288294541E-4
3954.804262 1.12130470326599E-4
3955.286378 1.32854923778056E-4
3955.768495 1.65622634458407E-4
3956.250612 1.34432608603213E-4
3956.732729 3.72838456084434E-5
3957.214846 -3.08246551299629E-5
3957.696962 -1.28938878899282E-5
3958.179079 2.20751339938818E-5
3958.661196 -1.39185836760675E-5
3959.143313 -8.68760415038139E-5
3959.62543 -1.0379824009342E-4
3960.107547 -6.96861800489335E-5
3960.589663 -6.85408560871237E-5
3961.07178 -1.10363280652531E-4
3961.553897 -1.17154448393983E-4
3962.036014 -6.79153599155019E-5
3962.518131 -3.76470158211933E-5
3963.000247 -8.23504111363282E-5
3963.482364 -1.7102655767795E-4
3963.964481 -2.46676450413846E-4
3964.446598 -2.93301089948045E-4
3964.928715 -3.53901476884605E-4
3965.410832 -4.43478611827572E-4
3965.892948 -4.83033490104132E-4
3966.375065 -4.05567122915187E-4
3966.857182 -2.86080505542755E-4
3967.339299 -2.38574638590935E-4
3967.821416 -2.62050522663759E-4
3968.303532 -2.95509153282789E-4
3968.785649 -3.27951541249732E-4
3969.267766 -3.55378682051433E-4
3969.749883 -3.50791576291934E-4
3970.232 -3.23191224575303E-4
3970.714117 -2.79578627505619E-4
3971.196233 -2.09954780769281E-4
3971.67835 -1.48320694825829E-4
3972.160467 -1.28677365339405E-4
3972.642584 -1.16025792914087E-4
3973.124701 -8.33669781538926E-5
3973.606817 -5.5701916825579E-5
3974.088934 -3.90316192177137E-5
3974.571051 -9.35708108507072E-6
3975.053168 6.32069696822335E-6
3975.535285 -3.49992856618492E-5
3976.017402 -1.02318029579315E-4
3976.499518 -1.47636530578851E-4
3976.981635 -1.51955798880762E-4
3977.463752 -6.52768302801948E-5
3977.945869 1.09399418674605E-4
3978.427986 2.48072586573417E-4
3978.910102 2.57742744275716E-4
3979.392219 2.13409957498967E-4
3979.874336 2.00074306455328E-4
3980.356453 1.99735866527509E-4
3980.83857 1.96394713098236E-4
3981.320687 2.22050921550199E-4
3981.802803 2.61704572135521E-4
3982.28492 2.75355730503191E-4
3982.767037 2.62004476900071E-4
3983.249154 2.56650886708926E-4
3983.731271 3.14295035312384E-4
3984.213387 4.11937002986446E-4
3984.695504 4.33576855331644E-4
3985.177621 3.56214672619454E-4
3985.659738 2.95850530232608E-4
3986.141855 3.19484503553791E-4
3986.623972 3.84116667965728E-4
3987.106088 4.20747103767799E-4
3987.588205 4.13375876512759E-4
3988.070322 4.35003066496437E-4
3988.552439 5.28628749101534E-4
3989.034556 5.84252999710794E-4
3989.516672 5.10875898638852E-4
3989.998789 4.00497511407125E-4
3990.480906 3.78117918327536E-4
3990.963023 4.37737194782781E-4
3991.44514 4.86355416155562E-4
3991.927257 4.60972657828629E-4
3992.409373 3.89589000129711E-4
3992.89149 3.28204508553046E-4
3993.373607 2.72819263424637E-4
3993.855724 2.07433340127169E-4
3994.337841 1.59046814043357E-4
3994.819957 1.57659765507634E-4
3995.302074 1.52272260000128E-4
3995.784191 6.38843778542481E-5
3996.266308 -8.65038055472556E-5
3996.748425 -1.61892214821713E-4
3997.230542 -9.0280774586407E-5
3997.712658 3.30595495881547E-7
3998.194775 -2.20580391012137E-5
3998.676892 -1.16446598040568E-4
3999.159009 -1.79835005939474E-4
3999.641126 -1.89223187415211E-4
4000.123242 -1.55611062132535E-4
