# {"full": "C3H6O:H2O (1:20)", "name": "C3H6O:H2O", "ratio": "(1:20)", "url": "https://icedb.strw.leidenuniv.nl/data/99", "author": "Marina Gomes Rachid", "latex_molname": "$\\ce{C3H6O}$:$\\ce{H2O}$ (1:20)", "temperature": 90.0, "index": 965}
499.95514 0.00295
500.1962 0.00344
500.43726 0.00355
500.67832 0.00334
500.91937 0.00317
501.16043 0.00296
501.40149 0.00248
501.64255 0.00201
501.88361 0.00201
502.12467 0.00204
502.36573 0.00129
502.60678 -1.18532E-4
502.84784 -0.00114
503.0889 -0.00101
503.32996 -2.00342E-4
503.57102 1.90055E-4
503.81207 -1.49549E-4
504.05313 -4.97152E-4
504.29419 -2.32755E-4
504.53525 2.08942E-4
504.77631 -9.41053E-5
505.01737 -0.00119
505.25843 -0.00232
505.49948 -0.00313
505.74054 -0.00371
505.9816 -0.00398
506.22266 -0.00397
506.46372 -0.00409
506.70478 -0.00452
506.94583 -0.00522
507.18689 -0.00613
507.42795 -0.00694
507.66901 -0.00734
507.91007 -0.0073
508.15113 -0.00718
508.39218 -0.00763
508.63324 -0.0088
508.8743 -0.00979
509.11536 -0.00986
509.35642 -0.0095
509.59748 -0.00946
509.83853 -0.00979
510.07959 -0.01033
510.32065 -0.01085
510.56171 -0.01097
510.80277 -0.01061
511.04383 -0.01023
511.28489 -0.01003
511.52594 -0.00961
511.767 -0.00865
512.00806 -0.0073
512.24912 -0.00563
512.49018 -0.00371
512.73124 -0.00187
512.9723 -4.13276E-4
513.21335 6.0435E-4
513.45441 0.00115
513.69547 0.00127
513.93653 0.00136
514.17759 0.00178
514.41864 0.00215
514.6597 0.00185
514.90076 0.00107
515.14182 6.18028E-4
515.38288 7.43572E-4
515.62394 0.00104
515.865 0.00123
516.10605 0.00127
516.34711 0.00104
516.58817 7.1515E-4
516.82923 8.79637E-4
517.07029 0.00151
517.31135 0.0016
517.55241 6.39046E-4
517.79346 -5.96502E-4
518.03452 -0.00131
518.27558 -0.00168
518.51664 -0.00197
518.7577 -0.00204
518.99875 -0.00187
519.23981 -0.00175
519.48087 -0.00177
519.72193 -0.00168
519.96299 -0.00127
520.20405 -9.00493E-4
520.44511 -0.00117
520.68616 -0.0018
520.92722 -0.00189
521.16828 -0.0015
521.40934 -0.00159
521.6504 -0.0023
521.89146 -0.00274
522.13251 -0.00249
522.37357 -0.00219
522.61463 -0.00254
522.85569 -0.00344
523.09675 -0.00416
523.33781 -0.00411
523.57886 -0.00358
523.81992 -0.00339
524.06098 -0.00371
524.30204 -0.00376
524.5431 -0.00319
524.78416 -0.00266
525.02522 -0.00261
525.26627 -0.00273
525.50733 -0.00275
525.74839 -0.00274
525.98945 -0.00296
526.23051 -0.00363
526.47157 -0.00444
526.71262 -0.00471
526.95368 -0.00445
527.19474 -0.00426
527.4358 -0.00411
527.67686 -0.00357
527.91792 -0.00312
528.15898 -0.00357
528.40003 -0.00438
528.64109 -0.00422
528.88215 -0.00309
529.12321 -0.00249
529.36427 -0.00312
529.60532 -0.00385
529.84638 -0.00358
530.08744 -0.00275
530.3285 -0.00251
530.56956 -0.00308
530.81062 -0.00372
531.05168 -0.00409
531.29273 -0.00463
531.53379 -0.00567
531.77485 -0.00672
532.01591 -0.00691
532.25697 -0.00601
532.49803 -0.00484
532.73908 -0.00431
532.98014 -0.00441
533.2212 -0.00449
533.46226 -0.00422
533.70332 -0.00398
533.94438 -0.0042
534.18543 -0.00475
534.42649 -0.00506
534.66755 -0.00488
534.90861 -0.0043
535.14967 -0.00337
535.39073 -0.00229
535.63179 -0.00162
535.87284 -0.00183
536.1139 -0.00271
536.35496 -0.00353
536.59602 -0.00381
536.83708 -0.00378
537.07814 -0.00378
537.31919 -0.00386
537.56025 -0.00395
537.80131 -0.00397
538.04237 -0.00372
538.28343 -0.00308
538.52449 -0.00212
538.76554 -0.0011
539.0066 -5.78236E-4
539.24766 -9.85585E-4
539.48872 -0.00207
539.72978 -0.00303
539.97084 -0.00328
540.2119 -0.00279
540.45295 -0.00174
540.69401 -3.38862E-4
540.93507 7.11728E-4
541.17613 8.46309E-4
541.41719 5.14881E-4
541.65825 3.96444E-4
541.8993 3.08999E-4
542.14036 -1.34455E-4
542.38142 -5.75918E-4
542.62248 -6.1539E-4
542.86354 -7.3687E-4
543.1046 -0.00128
543.34565 -0.00129
543.58671 -1.26364E-4
543.82777 9.84121E-4
544.06883 5.97597E-4
544.30989 -7.86936E-4
544.55095 -0.00151
544.79201 -8.69027E-4
545.03306 2.19414E-4
545.27412 9.65847E-4
545.51518 0.00195
545.75624 0.00326
545.9973 0.00338
546.23835 0.00165
546.47941 -4.03122E-4
546.72047 -0.00123
546.96153 -9.9037E-4
547.20259 -8.14007E-4
547.44365 -0.00121
547.68471 -0.00176
547.92576 -0.00213
548.16682 -0.00246
548.40788 -0.00246
548.64894 -0.00169
548.89 -5.68708E-4
549.13106 6.15858E-5
549.37212 2.9871E-5
549.61317 -2.59852E-4
549.85423 -5.45585E-4
550.09529 -9.31325E-4
550.33635 -0.00136
550.57741 -0.00136
550.81846 -7.45599E-4
551.05952 -1.83741E-5
551.30058 3.03842E-4
551.54164 3.8605E-4
551.7827 6.44249E-4
552.02376 7.89439E-4
552.26482 3.64621E-4
552.50587 -1.13205E-4
552.74693 4.99594E-5
552.98799 3.11116E-4
553.22905 -4.09737E-4
553.47011 -0.00195
553.71117 -0.0029
553.95222 -0.00231
554.19328 -8.87232E-4
554.43434 -1.56127E-4
554.6754 -4.93031E-4
554.91646 -9.48943E-4
555.15752 -0.00107
555.39858 -0.00135
555.63963 -0.00194
555.88069 -0.00219
556.12175 -0.00149
556.36281 -2.18595E-4
556.60387 4.10433E-4
556.84492 -3.46547E-4
557.08598 -0.00188
557.32704 -0.00283
557.5681 -0.00261
557.80916 -0.0019
558.05022 -0.00149
558.29128 -0.00126
558.53233 -0.001
558.77339 -8.96695E-4
559.01445 -0.001
559.25551 -0.00135
559.49657 -0.00221
559.73763 -0.00317
559.97869 -0.00328
560.21974 -0.00242
560.4608 -0.00139
560.70186 -7.27385E-4
560.94292 -3.15509E-4
561.18398 -6.7642E-5
561.42503 -1.61783E-4
561.66609 -5.60933E-4
561.90715 -9.57091E-4
562.14821 -0.00144
562.38927 -0.00241
562.63033 -0.00355
562.87139 -0.00395
563.11244 -0.00339
563.3535 -0.00255
563.59456 -0.00202
563.83562 -0.00197
564.07668 -0.00225
564.31774 -0.00237
564.55879 -0.00203
564.79985 -0.00145
565.04091 -0.00114
565.28197 -0.00125
565.52303 -0.00146
565.76409 -0.00138
566.00514 -0.00106
566.2462 -9.21367E-4
566.48726 -0.00124
566.72832 -0.00185
566.96938 -0.00236
567.21044 -0.00253
567.4515 -0.00238
567.69255 -0.00203
567.93361 -0.00163
568.17467 -0.00133
568.41573 -0.0014
568.65679 -0.00191
568.89785 -0.00247
569.1389 -0.00249
569.37996 -0.00199
569.62102 -0.00155
569.86208 -0.00161
570.10314 -0.00186
570.3442 -0.00186
570.58525 -0.00172
570.82631 -0.00168
571.06737 -0.0016
571.30843 -0.00139
571.54949 -0.00133
571.79055 -0.00157
572.03161 -0.00189
572.27266 -0.002
572.51372 -0.00184
572.75478 -0.00151
572.99584 -0.00123
573.2369 -0.00127
573.47796 -0.00169
573.71901 -0.00207
573.96007 -0.00196
574.20113 -0.00141
574.44219 -8.88793E-4
574.68325 -6.81391E-4
574.92431 -6.09997E-4
575.16536 -4.49612E-4
575.40642 -2.41234E-4
575.64748 -1.48865E-4
575.88854 -2.19504E-4
576.1296 -3.00151E-4
576.37066 -1.67806E-4
576.61172 1.62531E-4
576.85277 3.89859E-4
577.09383 3.1018E-4
577.33489 2.54921E-5
577.57595 -3.07204E-4
577.81701 -6.29908E-4
578.05807 -8.3462E-4
578.29912 -7.6934E-4
578.54018 -5.25069E-4
578.78124 -3.43805E-4
579.0223 -2.1655E-4
579.26336 5.46971E-5
579.50442 4.19936E-4
579.74547 5.87167E-4
579.98653 4.1339E-4
580.22759 5.66049E-5
580.46865 -2.41188E-4
580.70971 -3.3399E-4
580.95077 -2.04799E-4
581.19182 4.53832E-5
581.43288 2.96557E-4
581.67394 4.53724E-4
581.915 4.06882E-4
582.15606 2.00032E-4
582.39712 1.15174E-4
582.63818 2.94308E-4
582.87923 5.04434E-4
583.12029 5.39552E-4
583.36135 5.52662E-4
583.60241 7.35764E-4
583.84347 9.35858E-4
584.08453 8.86944E-4
584.32558 5.98021E-4
584.56664 2.70091E-4
584.8077 -3.58473E-5
585.04876 -4.01794E-4
585.28982 -6.87748E-4
585.53088 -5.6271E-4
585.77193 -9.66806E-5
586.01299 2.10341E-4
586.25405 1.55355E-4
586.49511 -1.66395E-5
586.73617 -1.39642E-4
586.97723 -2.25652E-4
587.21829 -1.6967E-4
587.45934 8.53034E-5
587.7004 2.99269E-4
587.94146 2.23227E-4
588.18252 -4.8823E-5
588.42358 -2.33881E-4
588.66463 -1.62947E-4
588.90569 9.09789E-5
589.14675 2.15897E-4
589.38781 1.58072E-5
589.62887 -2.32291E-4
589.86993 -2.03396E-4
590.11099 -7.951E-5
590.35204 -1.81632E-4
590.5931 -4.04761E-4
590.83416 -4.45899E-4
591.07522 -2.45044E-4
591.31628 4.3803E-5
591.55734 2.91642E-4
591.7984 5.03473E-4
592.03945 7.46296E-4
592.28051 9.74111E-4
592.52157 0.00104
592.76263 8.88718E-4
593.00369 6.84509E-4
593.24474 6.25293E-4
593.4858 7.46069E-4
593.72686 9.46837E-4
593.96792 0.00118
594.20898 0.00145
594.45004 0.00174
594.6911 0.00201
594.93215 0.0022
595.17321 0.00227
595.41427 0.00234
595.65533 0.00247
595.89639 0.0026
596.13745 0.00264
596.3785 0.00259
596.61956 0.00251
596.86062 0.00244
597.10168 0.00234
597.34274 0.00223
597.5838 0.00218
597.82485 0.00226
598.06591 0.00236
598.30697 0.00236
598.54803 0.00232
598.78909 0.00232
599.03015 0.00242
599.27121 0.00261
599.51226 0.00281
599.75332 0.00297
599.99438 0.00306
600.23544 0.00314
600.4765 0.00327
600.71756 0.00341
600.95861 0.00342
601.19967 0.00321
601.44073 0.0029
601.68179 0.00265
601.92285 0.0026
602.16391 0.00279
602.40496 0.00314
602.64602 0.00349
602.88708 0.00368
603.12814 0.00373
603.3692 0.00369
603.61026 0.00357
603.85132 0.00341
604.09237 0.00327
604.33343 0.00328
604.57449 0.00347
604.81555 0.00363
605.05661 0.00371
605.29767 0.00387
605.53872 0.00412
605.77978 0.00426
606.02084 0.00428
606.2619 0.00434
606.50296 0.00449
606.74402 0.00469
606.98507 0.00497
607.22613 0.00528
607.46719 0.00547
607.70825 0.00549
607.94931 0.00537
608.19037 0.0052
608.43142 0.00512
608.67248 0.0052
608.91354 0.0054
609.1546 0.00565
609.39566 0.00588
609.63672 0.00609
609.87778 0.00629
610.11883 0.00643
610.35989 0.00652
610.60095 0.00666
610.84201 0.00686
611.08307 0.00702
611.32413 0.00709
611.56518 0.00719
611.80624 0.0074
612.0473 0.00768
612.28836 0.00792
612.52942 0.008
612.77048 0.00794
613.01153 0.00788
613.25259 0.00796
613.49365 0.00817
613.73471 0.0084
613.97577 0.00853
614.21683 0.00857
614.45789 0.00857
614.69894 0.0086
614.94 0.00868
615.18106 0.00882
615.42212 0.00901
615.66318 0.00919
615.90424 0.00933
616.14529 0.00945
616.38635 0.0096
616.62741 0.00979
616.86847 0.00995
617.10953 0.01002
617.35059 0.0101
617.59164 0.01023
617.8327 0.01034
618.07376 0.01049
618.31482 0.01069
618.55588 0.01088
618.79694 0.01099
619.038 0.01108
619.27905 0.01112
619.52011 0.01112
619.76117 0.01122
620.00223 0.01152
620.24329 0.01196
620.48434 0.01237
620.7254 0.01266
620.96646 0.01285
621.20752 0.01306
621.44858 0.01329
621.68964 0.01346
621.9307 0.01359
622.17175 0.01379
622.41281 0.01413
622.65387 0.01453
622.89493 0.01488
623.13599 0.01515
623.37705 0.01535
623.61811 0.01551
623.85916 0.01565
624.10022 0.01576
624.34128 0.01591
624.58234 0.01609
624.8234 0.01624
625.06445 0.01635
625.30551 0.01642
625.54657 0.01641
625.78763 0.01635
626.02869 0.0163
626.26975 0.01625
626.51081 0.01621
626.75186 0.0162
626.99292 0.01617
627.23398 0.01606
627.47504 0.01587
627.7161 0.0157
627.95716 0.01564
628.19821 0.0157
628.43927 0.0158
628.68033 0.01586
628.92139 0.01584
629.16245 0.01577
629.40351 0.01569
629.64456 0.01556
629.88562 0.01532
630.12668 0.01497
630.36774 0.01462
630.6088 0.01438
630.84986 0.01425
631.09092 0.01415
631.33197 0.01402
631.57303 0.01388
631.81409 0.01371
632.05515 0.01343
632.29621 0.01315
632.53727 0.01307
632.77832 0.01322
633.01938 0.01336
633.26044 0.01331
633.5015 0.0131
633.74256 0.01289
633.98362 0.0128
634.22468 0.01273
634.46573 0.0126
634.70679 0.01244
634.94785 0.01235
635.18891 0.01236
635.42997 0.01252
635.67102 0.01275
635.91208 0.0129
636.15314 0.01299
636.3942 0.0131
636.63526 0.01324
636.87632 0.01339
637.11738 0.01353
637.35843 0.01365
637.59949 0.01386
637.84055 0.01419
638.08161 0.01452
638.32267 0.01476
638.56373 0.01495
638.80478 0.01512
639.04584 0.01527
639.2869 0.01543
639.52796 0.01571
639.76902 0.01613
640.01008 0.01664
640.25113 0.01715
640.49219 0.0176
640.73325 0.01801
640.97431 0.01845
641.21537 0.01882
641.45643 0.01903
641.69749 0.01923
641.93854 0.01956
642.1796 0.01999
642.42066 0.02043
642.66172 0.02091
642.90278 0.02136
643.14384 0.02165
643.38489 0.02178
643.62595 0.02186
643.86701 0.02198
644.10807 0.0222
644.34913 0.02249
644.59019 0.02278
644.83124 0.02299
645.0723 0.02308
645.31336 0.02307
645.55442 0.02301
645.79548 0.02302
646.03654 0.02309
646.2776 0.02318
646.51865 0.02323
646.75971 0.02321
647.00077 0.02314
647.24183 0.02307
647.48289 0.02299
647.72395 0.02287
647.965 0.02276
648.20606 0.02266
648.44712 0.02256
648.68818 0.02246
648.92924 0.0224
649.1703 0.02233
649.41135 0.02221
649.65241 0.02206
649.89347 0.02197
650.13453 0.02197
650.37559 0.02206
650.61665 0.02217
650.85771 0.02227
651.09876 0.02241
651.33982 0.02259
651.58088 0.02276
651.82194 0.02287
652.063 0.02293
652.30405 0.02298
652.54511 0.02308
652.78617 0.02325
653.02723 0.02348
653.26829 0.02374
653.50935 0.024
653.75041 0.02424
653.99146 0.02445
654.23252 0.02465
654.47358 0.02487
654.71464 0.02515
654.9557 0.02547
655.19676 0.02579
655.43782 0.02614
655.67887 0.02651
655.91993 0.0268
656.16099 0.02702
656.40205 0.0272
656.64311 0.0274
656.88417 0.02763
657.12522 0.02792
657.36628 0.0283
657.60734 0.0287
657.8484 0.02901
658.08946 0.02918
658.33052 0.0293
658.57157 0.02939
658.81263 0.02946
659.05369 0.02956
659.29475 0.02977
659.53581 0.0301
659.77687 0.03043
660.01792 0.03066
660.25898 0.03081
660.50004 0.03096
660.7411 0.03112
660.98216 0.03123
661.22322 0.03124
661.46428 0.03122
661.70533 0.0313
661.94639 0.03146
662.18745 0.03165
662.42851 0.03182
662.66957 0.03192
662.91062 0.03192
663.15168 0.03185
663.39274 0.03183
663.6338 0.03194
663.87486 0.03214
664.11592 0.03234
664.35698 0.03253
664.59803 0.03274
664.83909 0.03289
665.08015 0.03291
665.32121 0.03289
665.56227 0.03299
665.80333 0.03319
666.04439 0.0333
666.28544 0.03333
666.5265 0.0335
666.76756 0.03387
667.00862 0.03427
667.24968 0.0345
667.49073 0.03461
667.73179 0.03476
667.97285 0.03503
668.21391 0.03534
668.45497 0.03562
668.69603 0.03592
668.93709 0.03625
669.17814 0.03653
669.4192 0.03666
669.66026 0.03666
669.90132 0.03668
670.14238 0.03683
670.38344 0.0371
670.62449 0.03745
670.86555 0.03779
671.10661 0.03804
671.34767 0.03817
671.58873 0.03823
671.82979 0.03828
672.07084 0.03837
672.3119 0.03853
672.55296 0.03873
672.79402 0.03895
673.03508 0.03916
673.27614 0.03934
673.5172 0.03943
673.75825 0.0395
673.99931 0.03967
674.24037 0.03994
674.48143 0.04025
674.72249 0.04056
674.96355 0.04083
675.2046 0.04105
675.44566 0.04124
675.68672 0.04138
675.92778 0.04145
676.16884 0.04154
676.4099 0.04167
676.65095 0.04184
676.89201 0.04205
677.13307 0.04231
677.37413 0.04262
677.61519 0.04292
677.85625 0.04314
678.09731 0.04328
678.33836 0.04341
678.57942 0.04356
678.82048 0.04371
679.06154 0.04389
679.3026 0.04413
679.54366 0.04438
679.78471 0.0446
680.02577 0.04479
680.26683 0.04498
680.50789 0.04517
680.74895 0.04537
680.99001 0.0456
681.23106 0.04588
681.47212 0.04625
681.71318 0.04661
681.95424 0.04688
682.1953 0.04701
682.43636 0.04705
682.67742 0.04711
682.91847 0.04719
683.15953 0.0473
683.40059 0.04752
683.64165 0.04791
683.88271 0.04832
684.12377 0.04857
684.36482 0.04866
684.60588 0.04871
684.84694 0.04879
685.088 0.04892
685.32906 0.04908
685.57012 0.04929
685.81117 0.04958
686.05223 0.04993
686.29329 0.05027
686.53435 0.05052
686.77541 0.05068
687.01647 0.05079
687.25752 0.05087
687.49858 0.05102
687.73964 0.05128
687.9807 0.05159
688.22176 0.05188
688.46282 0.05211
688.70388 0.05228
688.94493 0.05244
689.18599 0.05258
689.42705 0.05271
689.66811 0.05289
689.90917 0.05317
690.15023 0.05347
690.39128 0.05372
690.63234 0.0539
690.8734 0.05408
691.11446 0.05428
691.35552 0.05447
691.59658 0.05458
691.83763 0.05469
692.07869 0.05487
692.31975 0.05516
692.56081 0.0555
692.80187 0.05577
693.04293 0.05596
693.28399 0.05612
693.52504 0.0563
693.7661 0.05642
694.00716 0.05649
694.24822 0.05658
694.48928 0.05676
694.73033 0.05703
694.97139 0.05737
695.21245 0.05771
695.45351 0.05799
695.69457 0.05814
695.93563 0.05823
696.17669 0.05835
696.41774 0.05857
696.6588 0.05885
696.89986 0.05914
697.14092 0.05947
697.38198 0.05981
697.62304 0.06009
697.8641 0.06026
698.10515 0.06037
698.34621 0.06045
698.58727 0.06051
698.82833 0.06061
699.06939 0.06082
699.31044 0.06114
699.5515 0.06149
699.79256 0.06178
700.03362 0.06198
700.27468 0.06214
700.51574 0.06232
700.7568 0.06253
700.99785 0.06275
701.23891 0.06299
701.47997 0.06327
701.72103 0.06356
701.96209 0.06377
702.20315 0.06387
702.4442 0.06395
702.68526 0.06404
702.92632 0.06418
703.16738 0.06439
703.40844 0.0647
703.6495 0.06503
703.89055 0.06533
704.13161 0.06557
704.37267 0.06577
704.61373 0.06591
704.85479 0.06603
705.09585 0.06617
705.33691 0.06636
705.57796 0.06663
705.81902 0.06696
706.06008 0.06727
706.30114 0.06748
706.5422 0.0676
706.78326 0.06772
707.02431 0.06788
707.26537 0.06808
707.50643 0.06832
707.74749 0.06864
707.98855 0.06898
708.22961 0.06924
708.47067 0.06943
708.71172 0.0696
708.95278 0.06974
709.19384 0.06983
709.4349 0.06994
709.67596 0.07015
709.91701 0.07048
710.15807 0.07084
710.39913 0.07113
710.64019 0.07133
710.88125 0.07152
711.12231 0.07171
711.36337 0.07184
711.60442 0.07193
711.84548 0.07209
712.08654 0.07236
712.3276 0.07265
712.56866 0.07292
712.80972 0.07317
713.05077 0.07342
713.29183 0.07363
713.53289 0.07375
713.77395 0.07384
714.01501 0.07405
714.25607 0.07439
714.49712 0.07474
714.73818 0.07506
714.97924 0.07538
715.2203 0.07561
715.46136 0.07572
715.70242 0.07575
715.94348 0.07576
716.18453 0.07583
716.42559 0.076
716.66665 0.07626
716.90771 0.07653
717.14877 0.07678
717.38983 0.077
717.63088 0.07716
717.87194 0.07728
718.113 0.07746
718.35406 0.07773
718.59512 0.07803
718.83618 0.07831
719.07723 0.07858
719.31829 0.07887
719.55935 0.07913
719.80041 0.07929
720.04147 0.07934
720.28253 0.07941
720.52359 0.07958
720.76464 0.07983
721.0057 0.08008
721.24676 0.08034
721.48782 0.08065
721.72888 0.08095
721.96994 0.08115
722.21099 0.08127
722.45205 0.08138
722.69311 0.08153
722.93417 0.08173
723.17523 0.08198
723.41629 0.0823
723.65734 0.08262
723.8984 0.08285
724.13946 0.08297
724.38052 0.08308
724.62158 0.08324
724.86264 0.08343
725.1037 0.08363
725.34475 0.08389
725.58581 0.08424
725.82687 0.08456
726.06793 0.08471
726.30899 0.08474
726.55004 0.08479
726.7911 0.08493
727.03216 0.08513
727.27322 0.08533
727.51428 0.08557
727.75534 0.08585
727.9964 0.08615
728.23745 0.08641
728.47851 0.0866
728.71957 0.08674
728.96063 0.08688
729.20169 0.08705
729.44275 0.08722
729.68381 0.08748
729.92486 0.0878
730.16592 0.08808
730.40698 0.08827
730.64804 0.0884
730.8891 0.08851
731.13015 0.08861
731.37121 0.08874
731.61227 0.08892
731.85333 0.08919
732.09439 0.08949
732.33545 0.08976
732.57651 0.08996
732.81756 0.09014
733.05862 0.09032
733.29968 0.09045
733.54074 0.09053
733.7818 0.09064
734.02286 0.09085
734.26391 0.09119
734.50497 0.09159
734.74603 0.09191
734.98709 0.09212
735.22815 0.09223
735.46921 0.09228
735.71027 0.09229
735.95132 0.09236
736.19238 0.09256
736.43344 0.09281
736.6745 0.09306
736.91556 0.09329
737.15661 0.09349
737.39767 0.09366
737.63873 0.09377
737.87979 0.09385
738.12085 0.09395
738.36191 0.09414
738.60297 0.09442
738.84402 0.09471
739.08508 0.09495
739.32614 0.0951
739.5672 0.0952
739.80826 0.09531
740.04932 0.09542
740.29038 0.09551
740.53143 0.09566
740.77249 0.09591
741.01355 0.0962
741.25461 0.09643
741.49567 0.09661
741.73672 0.09675
741.97778 0.09685
742.21884 0.09689
742.4599 0.09699
742.70096 0.09718
742.94202 0.09742
743.18308 0.09764
743.42413 0.09783
743.66519 0.098
743.90625 0.09814
744.14731 0.09824
744.38837 0.09832
744.62943 0.09845
744.87048 0.0987
745.11154 0.09902
745.3526 0.0993
745.59366 0.09947
745.83472 0.09959
746.07578 0.09969
746.31683 0.09976
746.55789 0.09978
746.79895 0.09985
747.04001 0.10005
747.28107 0.10031
747.52213 0.10053
747.76319 0.10071
748.00424 0.10089
748.2453 0.10106
748.48636 0.10117
748.72742 0.10123
748.96848 0.10133
749.20954 0.10149
749.45059 0.10168
749.69165 0.10187
749.93271 0.10209
750.17377 0.10231
750.41483 0.10251
750.65589 0.10265
750.89694 0.10274
751.138 0.10282
751.37906 0.10292
751.62012 0.10304
751.86118 0.10319
752.10224 0.10336
752.3433 0.10357
752.58435 0.10379
752.82541 0.10396
753.06647 0.10405
753.30753 0.10415
753.54859 0.10432
753.78965 0.10455
754.0307 0.10477
754.27176 0.10494
754.51282 0.10505
754.75388 0.10511
754.99494 0.10514
755.236 0.10518
755.47705 0.10531
755.71811 0.10558
755.95917 0.10591
756.20023 0.10615
756.44129 0.10629
756.68235 0.10642
756.92341 0.10656
757.16446 0.10661
757.40552 0.10655
757.64658 0.10651
757.88764 0.10657
758.1287 0.10673
758.36976 0.10698
758.61081 0.10734
758.85187 0.10769
759.09293 0.10786
759.33399 0.10784
759.57505 0.1078
759.81611 0.10786
760.05716 0.10798
760.29822 0.1081
760.53928 0.1082
760.78034 0.10839
761.0214 0.10868
761.26246 0.10894
761.50351 0.109
761.74457 0.10898
761.98563 0.10907
762.22669 0.10921
762.46775 0.10929
762.70881 0.10938
762.94987 0.10955
763.19092 0.10979
763.43198 0.11001
763.67304 0.11014
763.9141 0.11019
764.15516 0.11021
764.39622 0.11027
764.63727 0.11038
764.87833 0.11058
765.11939 0.11083
765.36045 0.1111
765.60151 0.11132
765.84257 0.11148
766.08362 0.11155
766.32468 0.11157
766.56574 0.11158
766.8068 0.11159
767.04786 0.11163
767.28892 0.11175
767.52998 0.11192
767.77103 0.11204
768.01209 0.11209
768.25315 0.11212
768.49421 0.11216
768.73527 0.11223
768.97632 0.11236
769.21738 0.11258
769.45844 0.11283
769.6995 0.11304
769.94056 0.11318
770.18162 0.11329
770.42268 0.11341
770.66373 0.11348
770.90479 0.11347
771.14585 0.11346
771.38691 0.11351
771.62797 0.11364
771.86903 0.11384
772.11009 0.11407
772.35114 0.11422
772.5922 0.11424
772.83326 0.11419
773.07432 0.11421
773.31538 0.11433
773.55643 0.1145
773.79749 0.11468
774.03855 0.11483
774.27961 0.11492
774.52067 0.11495
774.76173 0.11496
775.00279 0.115
775.24384 0.11509
775.4849 0.11522
775.72596 0.11542
775.96702 0.11561
776.20808 0.11575
776.44914 0.11586
776.69019 0.11592
776.93125 0.11598
777.17231 0.11604
777.41337 0.11606
777.65443 0.11604
777.89549 0.11607
778.13654 0.11619
778.3776 0.11635
778.61866 0.1165
778.85972 0.11661
779.10078 0.11669
779.34184 0.11674
779.5829 0.11674
779.82395 0.1167
780.06501 0.1167
780.30607 0.1168
780.54713 0.11699
780.78819 0.11721
781.02925 0.11736
781.2703 0.11743
781.51136 0.11742
781.75242 0.11742
781.99348 0.11745
782.23454 0.11752
782.4756 0.11766
782.71665 0.11786
782.95771 0.11804
783.19877 0.11816
783.43983 0.11821
783.68089 0.11818
783.92195 0.11815
784.16301 0.11814
784.40406 0.11818
784.64512 0.11826
784.88618 0.11838
785.12724 0.11854
785.3683 0.11869
785.60936 0.11879
785.85041 0.11881
786.09147 0.11876
786.33253 0.11868
786.57359 0.1186
786.81465 0.11858
787.05571 0.1187
787.29676 0.11898
787.53782 0.11929
787.77888 0.11944
788.01994 0.11936
788.261 0.11919
788.50206 0.11904
788.74311 0.11898
788.98417 0.11902
789.22523 0.11918
789.46629 0.11937
789.70735 0.11951
789.94841 0.11958
790.18947 0.11962
790.43052 0.11961
790.67158 0.11956
790.91264 0.11955
791.1537 0.11967
791.39476 0.11983
791.63582 0.11994
791.87687 0.12
792.11793 0.12003
792.35899 0.12002
792.60005 0.11995
792.84111 0.11989
793.08217 0.11985
793.32322 0.11985
793.56428 0.11998
793.80534 0.12021
794.0464 0.12036
794.28746 0.12034
794.52852 0.12026
794.76958 0.12021
795.01063 0.1202
795.25169 0.12026
795.49275 0.1204
795.73381 0.12053
795.97487 0.12055
796.21593 0.1205
796.45698 0.12043
796.69804 0.12036
796.9391 0.12029
797.18016 0.12023
797.42122 0.12016
797.66228 0.12014
797.90333 0.12018
798.14439 0.12026
798.38545 0.12033
798.62651 0.12041
798.86757 0.12048
799.10863 0.1205
799.34969 0.12046
799.59074 0.12045
799.8318 0.12048
800.07286 0.12057
800.31392 0.12071
800.55498 0.12085
800.79603 0.1209
801.03709 0.12084
801.27815 0.12072
801.51921 0.12061
801.76027 0.12057
802.00133 0.1206
802.24239 0.12065
802.48344 0.12069
802.7245 0.12072
802.96556 0.12071
803.20662 0.12065
803.44768 0.1206
803.68874 0.12059
803.9298 0.12061
804.17085 0.12064
804.41191 0.1207
804.65297 0.12077
804.89403 0.12082
805.13509 0.12081
805.37614 0.12074
805.6172 0.12064
805.85826 0.12057
806.09932 0.12055
806.34038 0.12057
806.58144 0.12066
806.8225 0.12082
807.06355 0.12096
807.30461 0.12097
807.54567 0.12087
807.78673 0.12074
808.02779 0.12063
808.26885 0.12057
808.50991 0.12056
808.75096 0.12062
808.99202 0.12074
809.23308 0.12083
809.47414 0.12082
809.7152 0.12069
809.95626 0.12051
810.19731 0.12036
810.43837 0.12032
810.67943 0.12038
810.92049 0.12046
811.16155 0.12053
811.4026 0.1206
811.64366 0.12063
811.88472 0.12055
812.12578 0.12039
812.36684 0.12022
812.6079 0.12009
812.84896 0.12006
813.09001 0.1201
813.33107 0.12016
813.57213 0.1202
813.81319 0.12023
814.05425 0.12026
814.29531 0.12027
814.53637 0.12021
814.77742 0.1201
815.01848 0.12002
815.25954 0.12005
815.5006 0.12015
815.74166 0.12021
815.98271 0.12014
816.22377 0.12003
816.46483 0.11995
816.70589 0.11987
816.94695 0.11973
817.18801 0.11959
817.42907 0.11957
817.67012 0.11965
817.91118 0.1197
818.15224 0.11962
818.3933 0.11945
818.63436 0.11931
818.87542 0.11928
819.11648 0.11933
819.35753 0.11939
819.59859 0.11941
819.83965 0.11941
820.08071 0.1194
820.32177 0.11937
820.56282 0.11929
820.80388 0.11915
821.04494 0.11898
821.286 0.1188
821.52706 0.11869
821.76812 0.11868
822.00918 0.11875
822.25023 0.11887
822.49129 0.11901
822.73235 0.11908
822.97341 0.119
823.21447 0.1188
823.45553 0.11858
823.69658 0.11847
823.93764 0.11849
824.1787 0.11859
824.41976 0.11867
824.66082 0.11868
824.90188 0.11861
825.14293 0.11847
825.38399 0.11831
825.62505 0.1182
825.86611 0.11814
826.10717 0.11811
826.34823 0.11811
826.58929 0.11809
826.83034 0.11801
827.0714 0.11789
827.31246 0.11779
827.55352 0.11772
827.79458 0.11763
828.03564 0.11751
828.27669 0.11742
828.51775 0.11739
828.75881 0.11741
828.99987 0.11741
829.24093 0.11738
829.48199 0.1173
829.72304 0.11717
829.9641 0.117
830.20516 0.11683
830.44622 0.11672
830.68728 0.11671
830.92834 0.11681
831.1694 0.1169
831.41045 0.11693
831.65151 0.11687
831.89257 0.11674
832.13363 0.1166
832.37469 0.11651
832.61574 0.11646
832.8568 0.11644
833.09786 0.11646
833.33892 0.11647
833.57998 0.11638
833.82104 0.11619
834.0621 0.11601
834.30315 0.11588
834.54421 0.11578
834.78527 0.11568
835.02633 0.11559
835.26739 0.11556
835.50845 0.11558
835.74951 0.11558
835.99056 0.1155
836.23162 0.11535
836.47268 0.11516
836.71374 0.11497
836.9548 0.11481
837.19586 0.11474
837.43691 0.11476
837.67797 0.11479
837.91903 0.11476
838.16009 0.11464
838.40115 0.11451
838.64221 0.11434
838.88326 0.11413
839.12432 0.11395
839.36538 0.11389
839.60644 0.11389
839.8475 0.11387
840.08856 0.11382
840.32961 0.11376
840.57067 0.11365
840.81173 0.11345
841.05279 0.11323
841.29385 0.11307
841.53491 0.11301
841.77597 0.11299
842.01702 0.11298
842.25808 0.11295
842.49914 0.11289
842.7402 0.11276
842.98126 0.11254
843.22231 0.11228
843.46337 0.11207
843.70443 0.11197
843.94549 0.11199
844.18655 0.11205
844.42761 0.11205
844.66867 0.11197
844.90972 0.11182
845.15078 0.1116
845.39184 0.11135
845.6329 0.11116
845.87396 0.11106
846.11502 0.11105
846.35608 0.11106
846.59713 0.11104
846.83819 0.11097
847.07925 0.11082
847.32031 0.1106
847.56137 0.11038
847.80242 0.11021
848.04348 0.11008
848.28454 0.10999
848.5256 0.10995
848.76666 0.10994
849.00772 0.10991
849.24878 0.1098
849.48983 0.10961
849.73089 0.10938
849.97195 0.10917
850.21301 0.10903
850.45407 0.10896
850.69513 0.10896
850.93619 0.10896
851.17724 0.10886
851.4183 0.10866
851.65936 0.10843
851.90042 0.10821
852.14148 0.10801
852.38253 0.10786
852.62359 0.10778
852.86465 0.10775
853.10571 0.10772
853.34677 0.10764
853.58783 0.10748
853.82889 0.10729
854.06994 0.10709
854.311 0.10688
854.55206 0.1067
854.79312 0.10658
855.03418 0.10654
855.27524 0.10652
855.51629 0.10648
855.75735 0.10639
855.99841 0.10619
856.23947 0.10589
856.48053 0.1056
856.72159 0.10541
856.96264 0.1053
857.2037 0.10525
857.44476 0.1052
857.68582 0.10511
857.92688 0.10493
858.16794 0.10469
858.409 0.10444
858.65005 0.10422
858.89111 0.10405
859.13217 0.10392
859.37323 0.10383
859.61429 0.10381
859.85535 0.10382
860.0964 0.10376
860.33746 0.10356
860.57852 0.10328
860.81958 0.10299
861.06064 0.10274
861.3017 0.10255
861.54276 0.10245
861.78381 0.10239
862.02487 0.10233
862.26593 0.10219
862.50699 0.10195
862.74805 0.10167
862.98911 0.10142
863.23016 0.10123
863.47122 0.1011
863.71228 0.10101
863.95334 0.10093
864.1944 0.10086
864.43546 0.10076
864.67651 0.10059
864.91757 0.10037
865.15863 0.10014
865.39969 0.09995
865.64075 0.09978
865.88181 0.09964
866.12286 0.09956
866.36392 0.0995
866.60498 0.09942
866.84604 0.09927
867.0871 0.09904
867.32816 0.09877
867.56921 0.09852
867.81027 0.09836
868.05133 0.0983
868.29239 0.09828
868.53345 0.09823
868.77451 0.09808
869.01557 0.09785
869.25662 0.09758
869.49768 0.09733
869.73874 0.09713
869.9798 0.09695
870.22086 0.09681
870.46192 0.09673
870.70297 0.0967
870.94403 0.09664
871.18509 0.09649
871.42615 0.09625
871.66721 0.09597
871.90827 0.09571
872.14932 0.09552
872.39038 0.0954
872.63144 0.09537
872.8725 0.09535
873.11356 0.09522
873.35462 0.09496
873.59568 0.09465
873.83673 0.09436
874.07779 0.09414
874.31885 0.09399
874.55991 0.09389
874.80097 0.09385
875.04202 0.09385
875.28308 0.0938
875.52414 0.09362
875.7652 0.09332
876.00626 0.09298
876.24732 0.09269
876.48838 0.09246
876.72943 0.09231
876.97049 0.09221
877.21155 0.09211
877.45261 0.09195
877.69367 0.09173
877.93473 0.0915
878.17579 0.09126
878.41684 0.091
878.6579 0.09075
878.89896 0.09058
879.14002 0.0905
879.38108 0.09044
879.62213 0.09032
879.86319 0.09013
880.10425 0.08988
880.34531 0.08961
880.58637 0.08934
880.82743 0.08912
881.06849 0.08894
881.30954 0.08884
881.5506 0.08878
881.79166 0.08869
882.03272 0.08854
882.27378 0.08831
882.51484 0.08801
882.7559 0.08771
882.99695 0.08747
883.23801 0.0873
883.47907 0.08717
883.72013 0.08706
883.96119 0.08692
884.20224 0.08674
884.4433 0.08651
884.68436 0.08622
884.92542 0.08593
885.16648 0.08568
885.40754 0.08549
885.6486 0.0854
885.88965 0.08539
886.13071 0.08533
886.37177 0.08514
886.61283 0.08488
886.85389 0.08459
887.09495 0.0843
887.336 0.08405
887.57706 0.08386
887.81812 0.08372
888.05918 0.08359
888.30024 0.08345
888.5413 0.0833
888.78236 0.08306
889.02341 0.08265
889.26447 0.08218
889.50553 0.0819
889.74659 0.0819
889.98765 0.08196
890.2287 0.08193
890.46976 0.08181
890.71082 0.08164
890.95188 0.08141
891.19294 0.08111
891.434 0.08077
891.67506 0.08043
891.91611 0.08017
892.15717 0.08002
892.39823 0.07995
892.63929 0.07991
892.88035 0.0798
893.12141 0.0796
893.36247 0.07932
893.60352 0.079
893.84458 0.07868
894.08564 0.07843
894.3267 0.07827
894.56776 0.07819
894.80881 0.07814
895.04987 0.07804
895.29093 0.07782
895.53199 0.07751
895.77305 0.0772
896.01411 0.07693
896.25517 0.07672
896.49622 0.07656
896.73728 0.07645
896.97834 0.07631
897.2194 0.0761
897.46046 0.07585
897.70152 0.07558
897.94257 0.07529
898.18363 0.07501
898.42469 0.07478
898.66575 0.0746
898.90681 0.07449
899.14787 0.0744
899.38892 0.07427
899.62998 0.07407
899.87104 0.0738
900.1121 0.07348
900.35316 0.07317
900.59422 0.07291
900.83528 0.07274
901.07633 0.07263
901.31739 0.07251
901.55845 0.07234
901.79951 0.07213
902.04057 0.07188
902.28163 0.07157
902.52268 0.07122
902.76374 0.07091
903.0048 0.0707
903.24586 0.07058
903.48692 0.07046
903.72798 0.07029
903.96903 0.07008
904.21009 0.06986
904.45115 0.06961
904.69221 0.06931
904.93327 0.06899
905.17433 0.06871
905.41539 0.06853
905.65644 0.06841
905.8975 0.0683
906.13856 0.06811
906.37962 0.06782
906.62068 0.06745
906.86173 0.06711
907.10279 0.06683
907.34385 0.06662
907.58491 0.06649
907.82597 0.0664
908.06703 0.06629
908.30809 0.06608
908.54914 0.06577
908.7902 0.06541
909.03126 0.06505
909.27232 0.06475
909.51338 0.06452
909.75444 0.06436
909.9955 0.06426
910.23655 0.06414
910.47761 0.06392
910.71867 0.06361
910.95973 0.06329
911.20079 0.063
911.44184 0.06273
911.6829 0.06245
911.92396 0.06218
912.16502 0.06197
912.40608 0.06184
912.64714 0.06172
912.8882 0.06152
913.12925 0.06118
913.37031 0.06078
913.61137 0.06043
913.85243 0.06018
914.09349 0.06002
914.33455 0.05989
914.57561 0.05975
914.81666 0.05957
915.05772 0.05932
915.29878 0.05897
915.53984 0.05858
915.7809 0.05825
916.02196 0.05799
916.26301 0.0578
916.50407 0.05766
916.74513 0.05754
916.98619 0.05738
917.22725 0.05714
917.4683 0.05682
917.70936 0.05648
917.95042 0.05616
918.19148 0.05588
918.43254 0.05567
918.6736 0.05551
918.91466 0.05537
919.15571 0.05519
919.39677 0.05497
919.63783 0.05469
919.87889 0.05434
920.11995 0.05396
920.36101 0.05362
920.60207 0.05337
920.84312 0.05323
921.08418 0.05315
921.32524 0.05304
921.5663 0.05285
921.80736 0.05258
922.04841 0.05226
922.28947 0.05192
922.53053 0.0516
922.77159 0.05134
923.01265 0.05114
923.25371 0.05101
923.49477 0.05088
923.73582 0.05069
923.97688 0.05039
924.21794 0.05005
924.459 0.04972
924.70006 0.04943
924.94112 0.04919
925.18218 0.04901
925.42323 0.04887
925.66429 0.04871
925.90535 0.04851
926.14641 0.04828
926.38747 0.04801
926.62852 0.0477
926.86958 0.04738
927.11064 0.0471
927.3517 0.04689
927.59276 0.04677
927.83382 0.04666
928.07488 0.04648
928.31593 0.0462
928.55699 0.04586
928.79805 0.04554
929.03911 0.04526
929.28017 0.045
929.52123 0.0448
929.76228 0.04464
930.00334 0.04451
930.2444 0.04434
930.48546 0.04412
930.72652 0.04382
930.96758 0.04349
931.20863 0.04319
931.44969 0.04295
931.69075 0.04278
931.93181 0.04263
932.17287 0.04247
932.41393 0.04227
932.65499 0.04203
932.89604 0.04174
933.1371 0.0414
933.37816 0.04106
933.61922 0.04077
933.86028 0.04058
934.10134 0.04045
934.34239 0.04035
934.58345 0.04022
934.82451 0.04002
935.06557 0.03974
935.30663 0.03942
935.54769 0.03909
935.78874 0.0388
936.0298 0.03858
936.27086 0.03844
936.51192 0.03832
936.75298 0.03816
936.99404 0.03795
937.2351 0.03767
937.47615 0.03733
937.71721 0.037
937.95827 0.03675
938.19933 0.03658
938.44039 0.03645
938.68145 0.03633
938.9225 0.03619
939.16356 0.03597
939.40462 0.03567
939.64568 0.03533
939.88674 0.035
940.1278 0.0347
940.36885 0.03449
940.60991 0.03436
940.85097 0.03426
941.09203 0.03415
941.33309 0.03396
941.57415 0.03368
941.8152 0.03333
942.05626 0.033
942.29732 0.03273
942.53838 0.03255
942.77944 0.03244
943.0205 0.03234
943.26156 0.03222
943.50261 0.03202
943.74367 0.03173
943.98473 0.0314
944.22579 0.03107
944.46685 0.03079
944.70791 0.03059
944.94896 0.03045
945.19002 0.03033
945.43108 0.03019
945.67214 0.03002
945.9132 0.02981
946.15426 0.02953
946.39531 0.02923
946.63637 0.02895
946.87743 0.02872
947.11849 0.02858
947.35955 0.02849
947.60061 0.02841
947.84167 0.02827
948.08272 0.02806
948.32378 0.02776
948.56484 0.02744
948.8059 0.02715
949.04696 0.02694
949.28801 0.02678
949.52907 0.02662
949.77013 0.02646
950.01119 0.02631
950.25225 0.02613
950.49331 0.02588
950.73437 0.02559
950.97542 0.02532
951.21648 0.02513
951.45754 0.02502
951.6986 0.02493
951.93966 0.02482
952.18072 0.02466
952.42178 0.02444
952.66283 0.02418
952.90389 0.02388
953.14495 0.02361
953.38601 0.0234
953.62707 0.02326
953.86812 0.02316
954.10918 0.02306
954.35024 0.02293
954.5913 0.02276
954.83236 0.02252
955.07342 0.02222
955.31448 0.02194
955.55553 0.02173
955.79659 0.02157
956.03765 0.02144
956.27871 0.02133
956.51977 0.02122
956.76083 0.02108
957.00189 0.02083
957.24294 0.0205
957.484 0.02018
957.72506 0.01997
957.96612 0.01986
958.20718 0.01982
958.44823 0.01977
958.68929 0.0197
958.93035 0.01956
959.17141 0.0193
959.41247 0.01894
959.65353 0.01861
959.89459 0.0184
960.13564 0.0183
960.3767 0.01824
960.61776 0.01816
960.85882 0.01806
961.09988 0.01794
961.34094 0.01775
961.58199 0.01748
961.82305 0.01719
962.06411 0.01697
962.30517 0.01685
962.54623 0.0168
962.78729 0.01675
963.02834 0.01665
963.2694 0.01652
963.51046 0.01632
963.75152 0.01604
963.99258 0.01573
964.23364 0.01549
964.4747 0.01534
964.71575 0.01526
964.95681 0.0152
965.19787 0.01515
965.43893 0.01504
965.67999 0.01484
965.92105 0.01457
966.1621 0.0143
966.40316 0.0141
966.64422 0.01399
966.88528 0.01395
967.12634 0.01394
967.3674 0.0139
967.60846 0.01381
967.84951 0.01363
968.09057 0.01337
968.33163 0.01311
968.57269 0.01289
968.81375 0.01273
969.0548 0.01264
969.29586 0.01261
969.53692 0.01259
969.77798 0.01252
970.01904 0.01238
970.2601 0.01218
970.50116 0.01193
970.74221 0.01168
970.98327 0.01151
971.22433 0.01141
971.46539 0.01135
971.70645 0.01129
971.94751 0.01124
972.18856 0.01113
972.42962 0.01094
972.67068 0.01069
972.91174 0.01046
973.1528 0.01032
973.39386 0.01025
973.63491 0.0102
973.87597 0.01017
974.11703 0.01015
974.35809 0.01009
974.59915 0.00994
974.84021 0.00973
975.08127 0.0095
975.32232 0.00932
975.56338 0.00922
975.80444 0.00916
976.0455 0.00911
976.28656 0.00906
976.52762 0.00897
976.76867 0.0088
977.00973 0.00861
977.25079 0.00843
977.49185 0.00831
977.73291 0.00826
977.97397 0.00824
978.21502 0.00824
978.45608 0.00818
978.69714 0.00804
978.9382 0.00785
979.17926 0.00766
979.42032 0.00751
979.66138 0.0074
979.90243 0.00736
980.14349 0.00736
980.38455 0.00736
980.62561 0.00729
980.86667 0.00718
981.10773 0.00705
981.34878 0.00688
981.58984 0.00669
981.8309 0.00653
982.07196 0.00641
982.31302 0.00633
982.55408 0.0063
982.79513 0.00629
983.03619 0.00626
983.27725 0.00617
983.51831 0.00599
983.75937 0.00582
984.00043 0.0057
984.24149 0.00564
984.48254 0.00561
984.7236 0.00562
984.96466 0.00564
985.20572 0.00565
985.44678 0.00557
985.68783 0.00538
985.92889 0.00516
986.16995 0.00499
986.41101 0.00492
986.65207 0.00492
986.89313 0.00496
987.13419 0.00501
987.37524 0.00497
987.6163 0.00482
987.85736 0.0046
988.09842 0.0044
988.33948 0.00427
988.58054 0.0042
988.8216 0.00416
989.06265 0.00417
989.30371 0.00423
989.54477 0.00428
989.78583 0.00426
990.02689 0.0041
990.26795 0.00387
990.509 0.00368
990.75006 0.00359
990.99112 0.00361
991.23218 0.00368
991.47324 0.00375
991.7143 0.00375
991.95535 0.00367
992.19641 0.0035
992.43747 0.00329
992.67853 0.00313
992.91959 0.00306
993.16065 0.00306
993.4017 0.0031
993.64276 0.00315
993.88382 0.00317
994.12488 0.00314
994.36594 0.00302
994.607 0.00285
994.84806 0.0027
995.08911 0.00262
995.33017 0.0026
995.57123 0.00263
995.81229 0.00267
996.05335 0.0027
996.2944 0.00266
996.53546 0.00254
996.77652 0.00237
997.01758 0.00221
997.25864 0.0021
997.4997 0.00209
997.74076 0.00215
997.98181 0.00224
998.22287 0.0023
998.46393 0.00229
998.70499 0.00216
998.94605 0.00196
999.18711 0.00178
999.42817 0.00167
999.66922 0.00165
999.91028 0.00169
1000.15134 0.00177
1000.3924 0.00183
1000.63346 0.00185
1000.87452 0.00181
1001.11557 0.0017
1001.35663 0.00156
1001.59769 0.00143
1001.83875 0.00135
1002.07981 0.00136
1002.32087 0.00143
1002.56192 0.00147
1002.80298 0.00144
1003.04404 0.00135
1003.2851 0.00124
1003.52616 0.00115
1003.76722 0.00106
1004.00827 0.001
1004.24933 0.00101
1004.49039 0.00108
1004.73145 0.00117
1004.97251 0.00122
1005.21357 0.00117
1005.45463 0.00103
1005.69568 8.47885E-4
1005.93674 7.08295E-4
1006.1778 6.64704E-4
1006.41886 7.14112E-4
1006.65992 8.1352E-4
1006.90098 9.14927E-4
1007.14203 9.72333E-4
1007.38309 9.37738E-4
1007.62415 8.08143E-4
1007.86521 6.59547E-4
1008.10627 5.7395E-4
1008.34733 5.74353E-4
1008.58838 6.37755E-4
1008.82944 7.21156E-4
1009.0705 7.70557E-4
1009.31156 7.50956E-4
1009.55262 6.65356E-4
1009.79368 5.44754E-4
1010.03474 4.16152E-4
1010.27579 3.03549E-4
1010.51685 2.49945E-4
1010.75791 2.86341E-4
1010.99897 3.84736E-4
1011.24003 4.66131E-4
1011.48109 4.78525E-4
1011.72214 4.27918E-4
1011.9632 3.3431E-4
1012.20426 2.17702E-4
1012.44532 1.24094E-4
1012.68638 1.04484E-4
1012.92744 1.60874E-4
1013.16849 2.65264E-4
1013.40955 3.65652E-4
1013.65061 4.03041E-4
1013.89167 3.49428E-4
1014.13273 2.28815E-4
1014.37379 8.12015E-5
1014.61484 -5.54128E-5
1014.8559 -1.39028E-4
1015.09696 -1.37643E-4
1015.33802 -5.4259E-5
1015.57908 7.31244E-5
1015.82014 1.84507E-4
1016.0612 2.11889E-4
1016.30225 1.15271E-4
1016.54331 -7.23481E-5
1016.78437 -2.54968E-4
1017.02543 -3.41588E-4
1017.26649 -2.9821E-4
1017.50755 -1.57832E-4
1017.7486 -7.45438E-6
1017.98966 5.4922E-5
1018.23072 -4.7024E-6
1018.47178 -1.36328E-4
1018.71284 -2.64954E-4
1018.9539 -3.60581E-4
1019.19495 -4.18209E-4
1019.43601 -4.08838E-4
1019.67707 -3.28468E-4
1019.91813 -2.27099E-4
1020.15919 -1.53731E-4
1020.40025 -1.35364E-4
1020.64131 -1.88998E-4
1020.88236 -3.07633E-4
1021.12342 -4.3627E-4
1021.36448 -5.08907E-4
1021.60554 -5.03546E-4
1021.8466 -4.33185E-4
1022.08766 -3.25827E-4
1022.32871 -2.33469E-4
1022.56977 -2.10112E-4
1022.81083 -2.61757E-4
1023.05189 -3.62404E-4
1023.29295 -4.79051E-4
1023.53401 -5.667E-4
1023.77506 -5.7435E-4
1024.01612 -5.10002E-4
1024.25718 -4.32655E-4
1024.49824 -3.8531E-4
1024.7393 -3.82966E-4
1024.98036 -4.33623E-4
1025.22141 -5.14283E-4
1025.46247 -5.83943E-4
1025.70353 -6.27606E-4
1025.94459 -6.33269E-4
1026.18565 -5.79935E-4
1026.42671 -4.86602E-4
1026.66776 -4.15271E-4
1026.90882 -4.07942E-4
1027.14988 -4.54614E-4
1027.39094 -5.33288E-4
1027.632 -6.24964E-4
1027.87306 -6.98641E-4
1028.11412 -7.09321E-4
1028.35517 -6.46002E-4
1028.59623 -5.45685E-4
1028.83729 -4.4537E-4
1029.07835 -3.76057E-4
1029.31941 -3.76746E-4
1029.56047 -4.57437E-4
1029.80152 -5.8413E-4
1030.04258 -7.06825E-4
1030.28364 -7.66522E-4
1030.5247 -7.25221E-4
1030.76576 -6.09922E-4
1031.00682 -5.00625E-4
1031.24788 -4.6233E-4
1031.48893 -4.98038E-4
1031.72999 -5.71748E-4
1031.97105 -6.61459E-4
1032.21211 -7.39174E-4
1032.45317 -7.5889E-4
1032.69423 -6.98609E-4
1032.93528 -5.8933E-4
1033.17634 -5.01053E-4
1033.4174 -4.84779E-4
1033.65846 -5.41507E-4
1033.89952 -6.34237E-4
1034.14058 -7.2297E-4
1034.38163 -7.88705E-4
1034.62269 -8.12443E-4
1034.86375 -7.70183E-4
1035.10481 -6.75926E-4
1035.34587 -5.77672E-4
1035.58693 -5.1542E-4
1035.82798 -5.1217E-4
1036.06904 -5.76923E-4
1036.3101 -6.82679E-4
1036.55116 -7.90438E-4
1036.79222 -8.57199E-4
1037.03328 -8.28963E-4
1037.27434 -6.89729E-4
1037.51539 -5.13499E-4
1037.75645 -4.13271E-4
1037.99751 -4.35046E-4
1038.23857 -5.44824E-4
1038.47963 -6.93604E-4
1038.72069 -8.34388E-4
1038.96174 -9.08174E-4
1039.2028 -8.75964E-4
1039.44386 -7.50756E-4
1039.68492 -5.98552E-4
1039.92598 -4.9435E-4
1040.16704 -4.79151E-4
1040.40809 -5.45956E-4
1040.64915 -6.51763E-4
1040.89021 -7.51574E-4
1041.13127 -8.15388E-4
1041.37233 -8.19205E-4
1041.61339 -7.49025E-4
1041.85444 -6.26848E-4
1042.0955 -5.17675E-4
1042.33656 -4.88504E-4
1042.57762 -5.51337E-4
1042.81868 -6.54174E-4
1043.05974 -7.42013E-4
1043.3008 -7.95856E-4
1043.54185 -8.01703E-4
1043.78291 -7.33552E-4
1044.02397 -6.02406E-4
1044.26503 -4.78262E-4
1044.50609 -4.40122E-4
1044.74715 -4.93986E-4
1044.9882 -5.90853E-4
1045.22926 -6.81724E-4
1045.47032 -7.26598E-4
1045.71138 -7.02476E-4
1045.95244 -6.26357E-4
1046.1935 -5.30242E-4
1046.43455 -4.45131E-4
1046.67561 -4.15023E-4
1046.91667 -4.54919E-4
1047.15773 -5.39819E-4
1047.39879 -6.39722E-4
1047.63985 -7.2863E-4
1047.88091 -7.56541E-4
1048.12196 -6.86456E-4
1048.36302 -5.46375E-4
1048.60408 -4.13297E-4
1048.84514 -3.53224E-4
1049.0862 -3.87154E-4
1049.32725 -5.03089E-4
1049.56831 -6.54027E-4
1049.80937 -7.6097E-4
1050.05043 -7.73916E-4
1050.29149 -7.07866E-4
1050.53255 -5.98821E-4
1050.77361 -4.8178E-4
1051.01466 -3.99742E-4
1051.25572 -3.95709E-4
1051.49678 -4.7968E-4
1051.73784 -6.03656E-4
1051.9789 -6.84635E-4
1052.21996 -6.72619E-4
1052.46102 -5.88607E-4
1052.70207 -4.88599E-4
1052.94313 -4.09596E-4
1053.18419 -3.57596E-4
1053.42525 -3.38602E-4
1053.66631 -3.66611E-4
1053.90737 -4.49625E-4
1054.14842 -5.54644E-4
1054.38948 -6.19667E-4
1054.63054 -5.99694E-4
1054.8716 -5.03726E-4
1055.11266 -3.83762E-4
1055.35372 -2.95803E-4
1055.59477 -2.65849E-4
1055.83583 -2.96899E-4
1056.07689 -3.80954E-4
1056.31795 -4.88013E-4
1056.55901 -5.53077E-4
1056.80007 -5.27146E-4
1057.04112 -4.1622E-4
1057.28218 -2.76298E-4
1057.52324 -1.76381E-4
1057.7643 -1.71469E-4
1058.00536 -2.62561E-4
1058.24642 -3.77659E-4
1058.48747 -4.42761E-4
1058.72853 -4.47868E-4
1058.96959 -4.1498E-4
1059.21065 -3.50098E-4
1059.45171 -2.6922E-4
1059.69277 -2.11347E-4
1059.93383 -1.99479E-4
1060.17488 -2.23616E-4
1060.41594 -2.78758E-4
1060.657 -3.63905E-4
1060.89806 -4.46057E-4
1061.13912 -4.50215E-4
1061.38018 -3.33377E-4
1061.62123 -1.68545E-4
1061.86229 -7.17181E-5
1062.10335 -7.48963E-5
1062.34441 -1.3408E-4
1062.58547 -2.08268E-4
1062.82653 -2.66462E-4
1063.06759 -2.85662E-4
1063.30864 -2.55866E-4
1063.5497 -1.90077E-4
1063.79076 -1.09292E-4
1064.03182 -3.55129E-5
1064.27288 1.26083E-6
1064.51393 -2.0971E-5
1064.75499 -8.92082E-5
1064.99605 -1.60451E-4
1065.23711 -1.77699E-4
1065.47817 -1.13953E-4
1065.71923 -8.21278E-6
1065.96029 8.75222E-5
1066.20134 1.63251E-4
1066.4424 2.30975E-4
1066.68346 2.67693E-4
1066.92452 2.38405E-4
1067.16558 1.62112E-4
1067.40664 1.01812E-4
1067.64769 9.85072E-5
1067.88875 1.58196E-4
1068.12981 2.8088E-4
1068.37087 4.38557E-4
1068.61193 5.73229E-4
1068.85299 6.29894E-4
1069.09405 5.87554E-4
1069.3351 4.83208E-4
1069.57616 3.98856E-4
1069.81722 3.89498E-4
1070.05828 4.55133E-4
1070.29934 5.61763E-4
1070.5404 6.72387E-4
1070.78145 7.52004E-4
1071.02251 7.67616E-4
1071.26357 7.06221E-4
1071.50463 5.9482E-4
1071.74569 5.01413E-4
1071.98675 4.99E-4
1072.2278 5.89581E-4
1072.46886 7.14155E-4
1072.70992 8.26723E-4
1072.95098 8.89284E-4
1073.19204 8.6084E-4
1073.4331 7.38389E-4
1073.67415 5.69931E-4
1073.91521 4.35467E-4
1074.15627 3.92997E-4
1074.39733 4.3752E-4
1074.63839 5.21037E-4
1074.87945 5.91547E-4
1075.12051 6.28051E-4
1075.36156 6.14548E-4
1075.60262 5.32039E-4
1075.84368 3.90523E-4
1076.08474 2.52E-4
1076.3258 1.77471E-4
1076.56686 1.95935E-4
1076.80791 2.97393E-4
1077.04897 4.34843E-4
1077.29003 5.48287E-4
1077.53109 5.78724E-4
1077.77215 4.90155E-4
1078.01321 3.20578E-4
1078.25426 1.65995E-4
1078.49532 9.04045E-5
1078.73638 1.04807E-4
1078.97744 1.93203E-4
1079.2185 3.13592E-4
1079.45956 4.01975E-4
1079.70062 4.1435E-4
1079.94167 3.56718E-4
1080.18273 2.64079E-4
1080.42379 1.61433E-4
1080.66485 8.47797E-5
1080.90591 8.41195E-5
1081.14696 1.68452E-4
1081.38802 2.92778E-4
1081.62908 3.89096E-4
1081.87014 4.18407E-4
1082.1112 3.81711E-4
1082.35226 2.97008E-4
1082.59332 2.04297E-4
1082.83437 1.61579E-4
1083.07543 2.00854E-4
1083.31649 2.90121E-4
1083.55755 3.85381E-4
1083.79861 4.88634E-4
1084.03967 5.99879E-4
1084.28073 6.49117E-4
1084.52178 5.88347E-4
1084.76284 4.7757E-4
1085.0039 4.17785E-4
1085.24496 4.55993E-4
1085.48602 5.82193E-4
1085.72708 7.52386E-4
1085.96813 9.1357E-4
1086.20919 0.00103
1086.45025 0.00111
1086.69131 0.00115
1086.93237 0.00119
1087.17343 0.00126
1087.41448 0.00138
1087.65554 0.0016
1087.8966 0.00192
1088.13766 0.0023
1088.37872 0.00265
1088.61978 0.00294
1088.86083 0.00318
1089.10189 0.00345
1089.34295 0.00378
1089.58401 0.00422
1089.82507 0.00475
1090.06613 0.00534
1090.30718 0.00593
1090.54824 0.00647
1090.7893 0.00696
1091.03036 0.00737
1091.27142 0.00772
1091.51248 0.00806
1091.75354 0.00844
1091.99459 0.00881
1092.23565 0.00916
1092.47671 0.00942
1092.71777 0.00955
1092.95883 0.00952
1093.19989 0.00941
1093.44094 0.00927
1093.682 0.0091
1093.92306 0.00893
1094.16412 0.00875
1094.40518 0.00856
1094.64624 0.00832
1094.8873 0.00803
1095.12835 0.00766
1095.36941 0.00723
1095.61047 0.00675
1095.85153 0.00629
1096.09259 0.00589
1096.33364 0.00559
1096.5747 0.00537
1096.81576 0.00517
1097.05682 0.00491
1097.29788 0.00456
1097.53894 0.00413
1097.78 0.0037
1098.02105 0.00332
1098.26211 0.003
1098.50317 0.00276
1098.74423 0.00262
1098.98529 0.00255
1099.22635 0.00248
1099.4674 0.00234
1099.70846 0.00211
1099.94952 0.00186
1100.19058 0.00168
1100.43164 0.00155
1100.6727 0.00147
1100.91376 0.00142
1101.15481 0.00141
1101.39587 0.00142
1101.63693 0.00135
1101.87799 0.00121
1102.11905 0.00106
1102.36011 9.5696E-4
1102.60116 8.97562E-4
1102.84222 8.56154E-4
1103.08328 8.42736E-4
1103.32434 8.72309E-4
1103.5654 9.16873E-4
1103.80646 9.22428E-4
1104.04751 8.63973E-4
1104.28857 7.60508E-4
1104.52963 6.48034E-4
1104.77069 5.73551E-4
1105.01175 5.76058E-4
1105.25281 6.34556E-4
1105.49386 7.08044E-4
1105.73492 7.85522E-4
1105.97598 8.41991E-4
1106.21704 7.9545E-4
1106.4581 6.27899E-4
1106.69916 4.62339E-4
1106.94022 4.12769E-4
1107.18127 4.69189E-4
1107.42233 5.746E-4
1107.66339 6.79001E-4
1107.90445 7.39392E-4
1108.14551 7.28773E-4
1108.38657 6.56144E-4
1108.62762 5.48505E-4
1108.86868 4.31857E-4
1109.10974 3.39198E-4
1109.3508 3.0453E-4
1109.59186 3.44852E-4
1109.83292 4.30163E-4
1110.07397 5.12465E-4
1110.31503 5.62756E-4
1110.55609 5.55038E-4
1110.79715 4.86309E-4
1111.03821 3.9857E-4
1111.27927 3.26821E-4
1111.52033 2.87062E-4
1111.76138 3.10293E-4
1112.00244 4.02513E-4
1112.2435 4.98723E-4
1112.48456 5.26923E-4
1112.72562 4.84113E-4
1112.96667 4.17292E-4
1113.20773 3.57461E-4
1113.44879 2.9862E-4
1113.68985 2.28768E-4
1113.93091 1.96906E-4
1114.17197 2.81033E-4
1114.41303 4.5815E-4
1114.65408 5.93257E-4
1114.89514 5.75353E-4
1115.1362 4.31438E-4
1115.37726 2.58513E-4
1115.61832 1.17577E-4
1115.85938 5.76309E-5
1116.10044 1.25674E-4
1116.34149 2.94706E-4
1116.58255 4.61728E-4
1116.82361 5.48739E-4
1117.06467 5.50739E-4
1117.30573 4.86729E-4
1117.54679 3.74707E-4
1117.78784 2.51675E-4
1118.0289 1.89632E-4
1118.26996 2.28579E-4
1118.51102 3.40514E-4
1118.75208 4.54438E-4
1118.99314 5.06352E-4
1119.23419 4.78255E-4
1119.47525 4.05146E-4
1119.71631 3.36027E-4
1119.95737 2.69896E-4
1120.19843 1.87755E-4
1120.43949 1.39603E-4
1120.68054 1.93439E-4
1120.9216 3.38264E-4
1121.16266 4.75078E-4
1121.40372 5.15882E-4
1121.64478 4.55673E-4
1121.88584 3.41454E-4
1122.1269 2.11223E-4
1122.36795 1.12981E-4
1122.60901 1.07728E-4
1122.85007 2.06464E-4
1123.09113 3.41188E-4
1123.33219 4.24901E-4
1123.57325 4.22602E-4
1123.8143 3.48292E-4
1124.05536 2.47971E-4
1124.29642 1.82638E-4
1124.53748 1.89294E-4
1124.77854 2.55938E-4
1125.0196 3.44571E-4
1125.26065 4.22192E-4
1125.50171 4.82801E-4
1125.74277 5.18399E-4
1125.98383 5.12986E-4
1126.22489 4.5156E-4
1126.46595 3.41123E-4
1126.70701 2.21675E-4
1126.94806 1.58214E-4
1127.18912 1.98742E-4
1127.43018 3.21258E-4
1127.67124 4.37763E-4
1127.9123 4.71255E-4
1128.15335 4.17736E-4
1128.39441 3.01205E-4
1128.63547 1.56662E-4
1128.87653 5.91066E-5
1129.11759 7.15397E-5
1129.35865 1.80961E-4
1129.59971 3.1737E-4
1129.84076 4.08767E-4
1130.08182 4.27152E-4
1130.32288 3.88525E-4
1130.56394 3.26886E-4
1130.805 2.51235E-4
1131.04606 1.63572E-4
1131.28711 9.48963E-5
1131.52817 9.12087E-5
1131.76923 1.55509E-4
1132.01029 2.47797E-4
1132.25135 3.27073E-4
1132.49241 3.45336E-4
1132.73347 2.74587E-4
1132.97452 1.58826E-4
1133.21558 8.00525E-5
1133.45664 6.22666E-5
1133.6977 9.64684E-5
1133.93876 1.87658E-4
1134.17982 3.07835E-4
1134.42087 3.72999E-4
1134.66193 3.38151E-4
1134.90299 2.5729E-4
1135.14405 1.89417E-4
1135.38511 1.31531E-4
1135.62617 6.86332E-5
1135.86722 2.97223E-5
1136.10828 7.27988E-5
1136.34934 1.91863E-4
1136.5904 3.02914E-4
1136.83146 3.22952E-4
1137.07252 2.37978E-4
1137.31357 1.02991E-4
1137.55463 1.19909E-5
1137.79569 2.49783E-5
1138.03675 9.89528E-5
1138.27781 1.76914E-4
1138.51887 2.56863E-4
1138.75993 3.11799E-4
1139.00098 2.77722E-4
1139.24204 1.54632E-4
1139.4831 1.85292E-5
1139.72416 -5.95867E-5
1139.96522 -6.77157E-5
1140.20628 -3.58577E-5
1140.44733 3.19872E-5
1140.68839 1.39819E-4
1140.92945 2.47638E-4
1141.17051 2.88443E-4
1141.41157 2.30236E-4
1141.65263 9.6015E-5
1141.89368 -5.3219E-5
1142.13474 -1.33466E-4
1142.3758 -8.27267E-5
1142.61686 7.59995E-5
1142.85792 2.45712E-4
1143.09898 3.27412E-4
1143.34003 2.87098E-4
1143.58109 1.79771E-4
1143.82215 9.04305E-5
1144.06321 2.60765E-5
1144.30427 -4.42909E-5
1144.54533 -7.36719E-5
1144.78639 -1.20664E-5
1145.02744 1.20526E-4
1145.2685 2.63104E-4
1145.50956 3.49669E-4
1145.75062 3.2122E-4
1145.99168 1.88758E-4
1146.23274 3.32821E-5
1146.47379 -6.92075E-5
1146.71485 -8.67108E-5
1146.95591 -1.52279E-5
1147.19697 1.06241E-4
1147.43803 2.09697E-4
1147.67909 2.51138E-4
1147.92015 2.26566E-4
1148.1612 1.6298E-4
1148.40226 8.33804E-5
1148.64332 -2.23341E-6
1148.88438 -5.18611E-5
1149.12544 -1.75027E-5
1149.3665 8.88417E-5
1149.60755 1.96172E-4
1149.84861 2.47489E-4
1150.08967 2.35791E-4
1150.33073 1.71079E-4
1150.57179 6.83535E-5
1150.81285 -3.13863E-5
1151.0539 -5.21403E-5
1151.29496 2.70915E-5
1151.53602 1.47309E-4
1151.77708 2.40513E-4
1152.01814 2.68702E-4
1152.2592 2.14877E-4
1152.50025 8.60377E-5
1152.74131 -6.68159E-5
1152.98237 -1.80684E-4
1153.22343 -2.23566E-4
1153.46449 -1.78463E-4
1153.70555 -3.23736E-5
1153.94661 1.58701E-4
1154.18766 2.72761E-4
1154.42872 2.38807E-4
1154.66978 1.06838E-4
1154.91084 -2.51455E-5
1155.1519 -1.02143E-4
1155.39296 -1.04156E-4
1155.63401 -3.01829E-5
1155.87507 9.67754E-5
1156.11613 2.16719E-4
1156.35719 2.76648E-4
1156.59825 2.62563E-4
1156.83931 1.84462E-4
1157.08036 7.93471E-5
1157.32142 -1.27827E-5
1157.56248 -7.39274E-5
1157.80354 -8.60868E-5
1158.0446 -2.72611E-5
1158.28566 8.95498E-5
1158.52672 1.99346E-4
1158.76777 2.37127E-4
1159.00883 1.75893E-4
1159.24989 5.46443E-5
1159.49095 -5.16195E-5
1159.73201 -1.02898E-4
1159.97306 -1.01192E-4
1160.21412 -3.15008E-5
1160.45518 1.01175E-4
1160.69624 2.17836E-4
1160.9373 2.41482E-4
1161.17836 1.58113E-4
1161.41942 9.72857E-6
1161.66047 -1.36671E-4
1161.90153 -2.11086E-4
1162.14259 -1.77516E-4
1162.38365 -6.09613E-5
1162.62471 7.35781E-5
1162.86577 1.58102E-4
1163.10682 1.56611E-4
1163.34788 8.81042E-5
1163.58894 1.25822E-5
1163.83 -3.19552E-5
1164.07106 -6.75081E-5
1164.31212 -1.08076E-4
1164.55318 -1.0566E-4
1164.79423 -1.02595E-5
1165.03529 1.42126E-4
1165.27635 2.55495E-4
1165.51741 2.51849E-4
1165.75847 1.30188E-4
1165.99952 -3.54895E-5
1166.24058 -1.65182E-4
1166.48164 -2.03891E-4
1166.7227 -1.35615E-4
1166.96376 3.64499E-6
1167.20482 1.27889E-4
1167.44588 1.74118E-4
1167.68693 1.37331E-4
1167.92799 4.95275E-5
1168.16905 -5.32914E-5
1168.41011 -1.34126E-4
1168.65117 -1.55977E-4
1168.89223 -8.98435E-5
1169.13328 4.2274E-5
1169.37434 1.67375E-4
1169.6154 2.24461E-4
1169.85646 1.9153E-4
1170.09752 8.45839E-5
1170.33858 -3.83787E-5
1170.57964 -1.14357E-4
1170.82069 -1.27352E-4
1171.06175 -9.33631E-5
1171.30281 -1.43902E-5
1171.54387 8.65666E-5
1171.78493 1.50507E-4
1172.02599 1.40431E-4
1172.26704 6.13394E-5
1172.5081 -5.97688E-5
1172.74916 -1.57893E-4
1172.99022 -1.74034E-4
1173.23128 -1.09191E-4
1173.47234 -3.36502E-6
1173.71339 1.16445E-4
1173.95445 2.10239E-4
1174.19551 2.23016E-4
1174.43657 1.43776E-4
1174.67763 2.25206E-5
1174.91869 -8.17517E-5
1175.15974 -1.26041E-4
1175.4008 -8.93461E-5
1175.64186 -6.6814E-7
1175.88292 8.59932E-5
1176.12398 1.32638E-4
1176.36504 1.41266E-4
1176.6061 1.02877E-4
1176.84715 -3.52809E-6
1177.08821 -1.4195E-4
1177.32927 -2.20389E-4
1177.57033 -1.94845E-4
1177.81139 -9.63172E-5
1178.05245 3.31936E-5
1178.2935 1.38687E-4
1178.53456 1.70164E-4
1178.77562 1.13624E-4
1179.01668 -6.9324E-6
1179.25774 -1.43506E-4
1179.4988 -2.37097E-4
1179.73986 -2.31705E-4
1179.98091 -1.2433E-4
1180.22197 2.60285E-5
1180.46303 1.3937E-4
1180.70409 1.60693E-4
1180.94515 9.00003E-5
1181.18621 -1.971E-5
1181.42726 -1.07437E-4
1181.66832 -1.53182E-4
1181.90938 -1.49944E-4
1182.15044 -8.07232E-5
1182.3915 2.94804E-5
1182.63256 1.11667E-4
1182.87361 1.19836E-4
1183.11467 6.39873E-5
1183.35573 -2.28784E-5
1183.59679 -1.12762E-4
1183.83785 -1.78662E-4
1184.07891 -1.8658E-4
1184.31996 -1.17515E-4
1184.56102 -6.46831E-6
1184.80208 7.15613E-5
1185.04314 6.45733E-5
1185.2842 -1.44322E-5
1185.52526 -1.10455E-4
1185.76632 -1.71496E-4
1186.00737 -1.88554E-4
1186.24843 -1.7363E-4
1186.48949 -1.28724E-4
1186.73055 -4.28352E-5
1186.97161 5.90357E-5
1187.21267 1.16889E-4
1187.45372 8.87243E-5
1187.69478 -4.45812E-6
1187.93584 -1.14658E-4
1188.1769 -2.06876E-4
1188.41796 -2.41112E-4
1188.65902 -1.83366E-4
1188.90007 -5.56379E-5
1189.14113 7.30724E-5
1189.38219 1.37765E-4
1189.62325 1.24439E-4
1189.86431 4.40954E-5
1190.10537 -7.42663E-5
1190.34643 -1.81646E-4
1190.58748 -2.16044E-4
1190.82854 -1.5446E-4
1191.0696 -3.9894E-5
1191.31066 5.16537E-5
1191.55172 5.91833E-5
1191.79277 -1.93054E-5
1192.03383 -1.18812E-4
1192.27489 -1.81337E-4
1192.51595 -2.15881E-4
1192.75701 -2.52443E-4
1192.99807 -2.60023E-4
1193.23913 -1.82621E-4
1193.48018 -4.32378E-5
1193.72124 6.8127E-5
1193.9623 8.04734E-5
1194.20336 -1.41987E-5
1194.44442 -1.61889E-4
1194.68548 -2.87598E-4
1194.92653 -3.41326E-4
1195.16759 -3.06072E-4
1195.40865 -1.99837E-4
1195.64971 -7.76199E-5
1195.89077 6.57817E-6
1196.13183 2.57577E-5
1196.37289 -2.70816E-5
1196.61394 -1.32939E-4
1196.855 -2.49816E-4
1197.09606 -3.35711E-4
1197.33712 -3.45626E-4
1197.57818 -2.53558E-4
1197.81923 -1.0451E-4
1198.06029 -4.80676E-7
1198.30135 -9.4701E-6
1198.54241 -1.02478E-4
1198.78347 -2.06506E-4
1199.02453 -2.90552E-4
1199.26559 -3.46617E-4
1199.50664 -3.48701E-4
1199.7477 -2.75804E-4
1199.98876 -1.58926E-4
1200.22982 -5.80672E-5
1200.47088 -1.32274E-5
1200.71194 -3.14068E-5
1200.953 -1.07605E-4
1201.19405 -2.19823E-4
1201.43511 -3.1306E-4
1201.67617 -3.34316E-4
1201.91723 -2.69591E-4
1202.15829 -1.53885E-4
1202.39935 -4.6199E-5
1202.6404 2.46804E-6
1202.88146 -2.18843E-5
1203.12252 -1.09256E-4
1203.36358 -2.21647E-4
1203.60464 -3.02057E-4
1203.8457 -3.13487E-4
1204.08675 -2.49937E-4
1204.32781 -1.41405E-4
1204.56887 -5.08936E-5
1204.80993 -2.24013E-5
1205.05099 -5.19286E-5
1205.29205 -1.18475E-4
1205.5331 -1.99042E-4
1205.77416 -2.47628E-4
1206.01522 -2.22234E-4
1206.25628 -1.30859E-4
1206.49734 -2.25039E-5
1206.7384 5.08314E-5
1206.97945 6.4147E-5
1207.22051 2.44428E-5
1207.46157 -4.82812E-5
1207.70263 -1.39025E-4
1207.94369 -2.12789E-4
1208.18475 -2.18572E-4
1208.42581 -1.48375E-4
1208.66686 -3.81985E-5
1208.90792 6.29584E-5
1209.14898 1.14095E-4
1209.39004 1.00212E-4
1209.6311 3.43092E-5
1209.87216 -5.06139E-5
1210.11321 -1.13557E-4
1210.35427 -1.1352E-4
1210.59533 -4.05034E-5
1210.83639 7.24932E-5
1211.07745 1.7447E-4
1211.31851 2.15426E-4
1211.55957 1.77362E-4
1211.80062 7.92781E-5
1212.04168 -3.68262E-5
1212.28274 -1.32951E-4
1212.5238 -1.75096E-4
1212.76486 -1.42261E-4
1213.00592 -4.84463E-5
1213.24697 5.63478E-5
1213.48803 1.14122E-4
1213.72909 9.28749E-5
1213.97015 9.60777E-6
1214.21121 -9.06798E-5
1214.45227 -1.50988E-4
1214.69332 -1.47316E-4
1214.93438 -9.46656E-5
1215.17544 -1.50353E-5
1215.4165 7.15744E-5
1215.65756 1.39163E-4
1215.89862 1.55732E-4
1216.13967 9.72797E-5
1216.38073 -2.41932E-5
1216.62179 -1.30687E-4
1216.86285 -1.55201E-4
1217.10391 -1.13736E-4
1217.34497 -4.22924E-5
1217.58603 6.01308E-5
1217.82708 1.68533E-4
1218.06814 2.13915E-4
1218.3092 1.68275E-4
1218.55026 6.26148E-5
1218.79132 -3.70665E-5
1219.03238 -7.67688E-5
1219.27343 -3.14921E-5
1219.51449 7.97636E-5
1219.75555 2.07998E-4
1219.99661 3.02212E-4
1220.23767 3.40404E-4
1220.47873 3.24575E-4
1220.71978 2.79726E-4
1220.96084 2.41855E-4
1221.2019 2.46962E-4
1221.44296 3.27049E-4
1221.68402 4.75114E-4
1221.92508 6.39158E-4
1222.16613 7.71181E-4
1222.40719 8.42182E-4
1222.64825 8.34162E-4
1222.88931 7.63121E-4
1223.13037 6.86058E-4
1223.37143 6.66973E-4
1223.61249 7.40868E-4
1223.85354 8.9874E-4
1224.0946 0.00108
1224.33566 0.0012
1224.57672 0.00125
1224.81778 0.00121
1225.05884 0.00111
1225.29989 0.00101
1225.54095 9.44246E-4
1225.78201 9.61946E-4
1226.02307 0.00108
1226.26413 0.00125
1226.50519 0.0014
1226.74624 0.00146
1226.9873 0.00145
1227.22836 0.00141
1227.46942 0.00137
1227.71048 0.00134
1227.95154 0.00138
1228.1926 0.00153
1228.43365 0.00179
1228.67471 0.00206
1228.91577 0.00229
1229.15683 0.00244
1229.39789 0.00255
1229.63894 0.00268
1229.88 0.00288
1230.12106 0.00317
1230.36212 0.00358
1230.60318 0.00405
1230.84424 0.00458
1231.0853 0.00513
1231.32635 0.00564
1231.56741 0.00611
1231.80847 0.00658
1232.04953 0.00711
1232.29059 0.00773
1232.53165 0.00845
1232.77271 0.00923
1233.01376 0.01004
1233.25482 0.01083
1233.49588 0.01157
1233.73694 0.01224
1233.978 0.01285
1234.21906 0.01346
1234.46011 0.01411
1234.70117 0.01477
1234.94223 0.01543
1235.18329 0.01603
1235.42435 0.01653
1235.66541 0.01692
1235.90646 0.01724
1236.14752 0.01748
1236.38858 0.01767
1236.62964 0.01786
1236.8707 0.01808
1237.11176 0.0183
1237.35281 0.01846
1237.59387 0.01854
1237.83493 0.01854
1238.07599 0.01848
1238.31705 0.01839
1238.55811 0.0183
1238.79916 0.01823
1239.04022 0.01823
1239.28128 0.01831
1239.52234 0.01843
1239.7634 0.01852
1240.00446 0.01858
1240.24552 0.01861
1240.48657 0.0186
1240.72763 0.0186
1240.96869 0.01869
1241.20975 0.01889
1241.45081 0.01917
1241.69187 0.0195
1241.93292 0.01982
1242.17398 0.02007
1242.41504 0.02022
1242.6561 0.0203
1242.89716 0.02037
1243.13822 0.02046
1243.37928 0.02057
1243.62033 0.02073
1243.86139 0.02091
1244.10245 0.02104
1244.34351 0.02106
1244.58457 0.02098
1244.82562 0.02081
1245.06668 0.0206
1245.30774 0.02039
1245.5488 0.0202
1245.78986 0.02002
1246.03092 0.01982
1246.27198 0.01958
1246.51303 0.01925
1246.75409 0.01879
1246.99515 0.01826
1247.23621 0.01767
1247.47727 0.01706
1247.71833 0.01648
1247.95939 0.01594
1248.20044 0.01543
1248.4415 0.01491
1248.68256 0.01435
1248.92362 0.01373
1249.16468 0.01304
1249.40574 0.01231
1249.64679 0.01161
1249.88785 0.01098
1250.12891 0.01045
1250.36997 0.00998
1250.61103 0.00953
1250.85209 0.00905
1251.09314 0.00853
1251.3342 0.00796
1251.57526 0.00738
1251.81632 0.00683
1252.05738 0.00637
1252.29844 0.006
1252.53949 0.00575
1252.78055 0.00555
1253.02161 0.00532
1253.26267 0.00503
1253.50373 0.00467
1253.74479 0.00432
1253.98584 0.00403
1254.2269 0.0038
1254.46796 0.00365
1254.70902 0.00355
1254.95008 0.00345
1255.19114 0.00334
1255.4322 0.00319
1255.67325 0.00301
1255.91431 0.00282
1256.15537 0.00264
1256.39643 0.00252
1256.63749 0.00246
1256.87855 0.00245
1257.1196 0.00248
1257.36066 0.00247
1257.60172 0.00238
1257.84278 0.00225
1258.08384 0.00211
1258.3249 0.002
1258.56596 0.00191
1258.80701 0.00187
1259.04807 0.0019
1259.28913 0.00194
1259.53019 0.00197
1259.77125 0.00195
1260.01231 0.00187
1260.25336 0.00175
1260.49442 0.00163
1260.73548 0.00152
1260.97654 0.00149
1261.2176 0.00155
1261.45865 0.00166
1261.69971 0.00172
1261.94077 0.00171
1262.18183 0.00161
1262.42289 0.00147
1262.66395 0.00135
1262.90501 0.00129
1263.14606 0.00129
1263.38712 0.00135
1263.62818 0.00144
1263.86924 0.00151
1264.1103 0.0015
1264.35136 0.00145
1264.59242 0.00134
1264.83347 0.00121
1265.07453 0.00111
1265.31559 0.00109
1265.55665 0.00115
1265.79771 0.00124
1266.03877 0.0013
1266.27982 0.00132
1266.52088 0.00129
1266.76194 0.00121
1267.003 0.00112
1267.24406 0.00105
1267.48512 0.00104
1267.72617 0.00109
1267.96723 0.00116
1268.20829 0.00124
1268.44935 0.00129
1268.69041 0.00126
1268.93147 0.00115
1269.17253 0.00101
1269.41358 8.97476E-4
1269.65464 8.668E-4
1269.8957 9.24098E-4
1270.13676 0.00102
1270.37782 0.00109
1270.61887 0.00111
1270.85993 0.00108
1271.10099 0.001
1271.34205 9.36326E-4
1271.58311 8.89438E-4
1271.82417 8.73524E-4
1272.06523 9.10582E-4
1272.30628 9.92615E-4
1272.54734 0.00107
1272.7884 0.00111
1273.02946 0.00109
1273.27052 0.00102
1273.51158 8.95374E-4
1273.75263 7.81246E-4
1273.99369 7.28091E-4
1274.23475 7.66909E-4
1274.47581 8.817E-4
1274.71687 0.001
1274.95793 0.00105
1275.19899 0.00101
1275.44004 9.12595E-4
1275.6811 7.99251E-4
1275.92216 7.12881E-4
1276.16322 6.83483E-4
1276.40428 7.10058E-4
1276.64533 7.71606E-4
1276.88639 8.54127E-4
1277.12745 9.29621E-4
1277.36851 9.55087E-4
1277.60957 9.05527E-4
1277.85063 7.99939E-4
1278.09169 6.86324E-4
1278.33274 6.21681E-4
1278.5738 6.38011E-4
1278.81486 7.20314E-4
1279.05592 8.2359E-4
1279.29698 9.01838E-4
1279.53804 9.16059E-4
1279.7791 8.55252E-4
1280.02015 7.49418E-4
1280.26121 6.49556E-4
1280.50227 6.01667E-4
1280.74333 6.3875E-4
1280.98439 7.37806E-4
1281.22545 8.33834E-4
1281.4665 8.81834E-4
1281.70756 8.79807E-4
1281.94862 8.28752E-4
1282.18968 7.3567E-4
1282.43074 6.3256E-4
1282.6718 5.62421E-4
1282.91285 5.49256E-4
1283.15391 5.94062E-4
1283.39497 6.73841E-4
1283.63603 7.47591E-4
1283.87709 7.77314E-4
1284.11815 7.48009E-4
1284.3592 6.74676E-4
1284.60026 5.93315E-4
1284.84132 5.36926E-4
1285.08238 5.32509E-4
1285.32344 5.91064E-4
1285.5645 6.83591E-4
1285.80555 7.5109E-4
1286.04661 7.51561E-4
1286.28767 6.98003E-4
1286.52873 6.17418E-4
1286.76979 5.23804E-4
1287.01085 4.52162E-4
1287.25191 4.52492E-4
1287.49296 5.20794E-4
1287.73402 6.17067E-4
1287.97508 7.04312E-4
1288.21614 7.45528E-4
1288.4572 7.13717E-4
1288.69826 6.26876E-4
1288.93931 5.25008E-4
1289.18037 4.44111E-4
1289.42143 4.23185E-4
1289.66249 4.84231E-4
1289.90355 5.91249E-4
1290.14461 6.82238E-4
1290.38567 7.17198E-4
1290.62672 6.8613E-4
1290.86778 6.00033E-4
1291.10884 4.88908E-4
1291.3499 3.97754E-4
1291.59096 3.68571E-4
1291.83202 4.14359E-4
1292.07307 5.07119E-4
1292.31413 5.8685E-4
1292.55519 6.09552E-4
1292.79625 5.72225E-4
1293.03731 4.95869E-4
1293.27836 4.14485E-4
1293.51942 3.69072E-4
1293.76048 3.67629E-4
1294.00154 4.00158E-4
1294.2426 4.60658E-4
1294.48366 5.35128E-4
1294.72472 5.8757E-4
1294.96577 5.75983E-4
1295.20683 4.91366E-4
1295.44789 3.64721E-4
1295.68895 2.50046E-4
1295.93001 1.97342E-4
1296.17107 2.25609E-4
1296.41213 3.22847E-4
1296.65318 4.48055E-4
1296.89424 5.40235E-4
1297.1353 5.46385E-4
1297.37636 4.66505E-4
1297.61742 3.44597E-4
1297.85848 2.29659E-4
1298.09953 1.64691E-4
1298.34059 1.82694E-4
1298.58165 2.82668E-4
1298.82271 4.05612E-4
1299.06377 4.84527E-4
1299.30483 4.96412E-4
1299.54588 4.41268E-4
1299.78694 3.38094E-4
1300.028 2.2889E-4
1300.26906 1.59657E-4
1300.51012 1.61394E-4
1300.75118 2.33102E-4
1300.99223 3.3978E-4
1301.23329 4.26428E-4
1301.47435 4.43046E-4
1301.71541 3.81635E-4
1301.95647 2.80193E-4
1302.19753 1.87722E-4
1302.43859 1.34221E-4
1302.67964 1.31691E-4
1302.9207 1.8413E-4
1303.16176 2.78539E-4
1303.40282 3.59919E-4
1303.64388 3.70268E-4
1303.88494 2.98588E-4
1304.12599 1.74877E-4
1304.36705 5.41363E-5
1304.60811 -4.63448E-6
1304.84917 2.15647E-5
1305.09023 1.03734E-4
1305.33129 2.00872E-4
1305.57234 2.84981E-4
1305.8134 3.3406E-4
1306.05446 3.21108E-4
1306.29552 2.42126E-4
1306.53658 1.41113E-4
1306.77764 7.00706E-5
1307.0187 6.09976E-5
1307.25975 1.15894E-4
1307.50081 2.0276E-4
1307.74187 2.77596E-4
1307.98293 3.07402E-4
1308.22399 2.80176E-4
1308.46504 2.03921E-4
1308.7061 1.15635E-4
1308.94716 6.0318E-5
1309.18822 6.09708E-5
1309.42928 1.04593E-4
1309.67034 1.65184E-4
1309.9114 2.22745E-4
1310.15245 2.49276E-4
1310.39351 2.25775E-4
1310.63457 1.59244E-4
1310.87563 7.86818E-5
1311.11669 1.70891E-5
1311.35775 1.4655E-6
1311.59881 4.38111E-5
1311.83986 1.19126E-4
1312.08092 1.8341E-4
1312.32198 2.16663E-4
1312.56304 2.04885E-4
1312.8041 1.29076E-4
1313.04516 5.23592E-6
1313.28621 -9.3635E-5
1313.52727 -9.75369E-5
1313.76833 -1.247E-5
1314.00939 1.02566E-4
1314.25045 1.90571E-4
1314.49151 2.23544E-4
1314.73256 1.93487E-4
1314.97362 1.09398E-4
1315.21468 -2.7217E-6
1315.45574 -1.04873E-4
1315.6968 -1.42055E-4
1315.93786 -9.0269E-5
1316.17891 1.8486E-5
1316.41997 1.2121E-4
1316.66103 1.91902E-4
1316.90209 2.05563E-4
1317.14315 1.30192E-4
1317.38421 -6.20972E-6
1317.62526 -1.21643E-4
1317.86632 -1.61108E-4
1318.10738 -1.22605E-4
1318.34844 -2.71326E-5
1318.5895 8.23078E-5
1318.83056 1.41717E-4
1319.07162 1.12094E-4
1319.31267 9.43928E-6
1319.55373 -1.07247E-4
1319.79479 -1.86965E-4
1320.03585 -2.14714E-4
1320.27691 -1.91496E-4
1320.51797 -1.14309E-4
1320.75902 -7.15362E-6
1321.00008 7.89696E-5
1321.24114 1.09061E-4
1321.4822 8.11206E-5
1321.72326 -2.85181E-6
1321.96432 -1.21856E-4
1322.20538 -2.03892E-4
1322.44643 -1.84961E-4
1322.68749 -8.40609E-5
1322.92855 3.08068E-5
1323.16961 1.11642E-4
1323.41067 1.23446E-4
1323.65172 4.22174E-5
1323.89278 -9.40433E-5
1324.13384 -2.08336E-4
1324.3749 -2.52661E-4
1324.61596 -2.27018E-4
1324.85702 -1.53408E-4
1325.09808 -6.28297E-5
1325.33913 1.27162E-5
1325.58019 4.22299E-5
1325.82125 8.71115E-6
1326.06231 -7.38399E-5
1326.30337 -1.65423E-4
1326.54443 -2.22039E-4
1326.78548 -2.17688E-4
1327.02654 -1.52368E-4
1327.2676 -4.40818E-5
1327.50866 7.31724E-5
1327.74972 1.52394E-4
1327.99078 1.46583E-4
1328.23184 5.77395E-5
1328.47289 -6.01367E-5
1328.71395 -1.48046E-4
1328.95501 -1.63987E-4
1329.19607 -9.69612E-5
1329.43713 2.70318E-5
1329.67819 1.40992E-4
1329.91924 1.8792E-4
1330.1603 1.59816E-4
1330.40136 8.66789E-5
1330.64242 -5.49008E-6
1330.88348 -8.46912E-5
1331.12454 -1.00924E-4
1331.36559 -3.21891E-5
1331.60665 7.95142E-5
1331.84771 1.77186E-4
1332.08877 2.33826E-4
1332.32983 2.40435E-4
1332.57089 2.03012E-4
1332.81194 1.39558E-4
1333.053 8.80735E-5
1333.29406 8.55577E-5
1333.53512 1.45011E-4
1333.77618 2.48434E-4
1334.01724 3.58825E-4
1334.2583 4.30187E-4
1334.49935 4.39518E-4
1334.74041 3.96818E-4
1334.98147 3.19089E-4
1335.22253 2.34329E-4
1335.46359 2.03539E-4
1335.70465 2.6772E-4
1335.9457 3.9087E-4
1336.18676 5.09991E-4
1336.42782 5.96083E-4
1336.66888 6.30145E-4
1336.90994 5.91177E-4
1337.151 4.99181E-4
1337.39205 4.36155E-4
1337.63311 4.70101E-4
1337.87417 5.82017E-4
1338.11523 7.02905E-4
1338.35629 7.90764E-4
1338.59735 8.36594E-4
1338.83841 8.48397E-4
1339.07946 8.2417E-4
1339.32052 7.73916E-4
1339.56158 7.36633E-4
1339.80264 7.52323E-4
1340.0437 8.28984E-4
1340.28475 9.56618E-4
1340.52581 0.0011
1340.76687 0.00121
1341.00793 0.00125
1341.24899 0.00121
1341.49005 0.00116
1341.73111 0.00114
1341.97216 0.00119
1342.21322 0.00129
1342.45428 0.00143
1342.69534 0.00156
1342.9364 0.00169
1343.17746 0.00175
1343.41852 0.00174
1343.65957 0.0017
1343.90063 0.00169
1344.14169 0.00174
1344.38275 0.00185
1344.62381 0.002
1344.86487 0.00216
1345.10592 0.0023
1345.34698 0.00238
1345.58804 0.00242
1345.8291 0.00243
1346.07016 0.00246
1346.31121 0.00255
1346.55227 0.00271
1346.79333 0.00294
1347.03439 0.00319
1347.27545 0.00341
1347.51651 0.00358
1347.75757 0.00371
1347.99862 0.00382
1348.23968 0.00394
1348.48074 0.0041
1348.7218 0.00432
1348.96286 0.00465
1349.20392 0.00504
1349.44498 0.00544
1349.68603 0.0058
1349.92709 0.00615
1350.16815 0.00649
1350.40921 0.00683
1350.65027 0.00722
1350.89133 0.0077
1351.13238 0.00828
1351.37344 0.00893
1351.6145 0.0096
1351.85556 0.01025
1352.09662 0.01086
1352.33768 0.01142
1352.57873 0.01198
1352.81979 0.01256
1353.06085 0.01321
1353.30191 0.01394
1353.54297 0.01471
1353.78403 0.01547
1354.02509 0.01617
1354.26614 0.01681
1354.5072 0.01737
1354.74826 0.01784
1354.98932 0.01826
1355.23038 0.01871
1355.47143 0.01921
1355.71249 0.01972
1355.95355 0.02015
1356.19461 0.02048
1356.43567 0.02071
1356.67673 0.02083
1356.91779 0.02086
1357.15884 0.02082
1357.3999 0.02075
1357.64096 0.02068
1357.88202 0.02065
1358.12308 0.02061
1358.36414 0.02047
1358.60519 0.02025
1358.84625 0.01998
1359.08731 0.0197
1359.32837 0.0194
1359.56943 0.01912
1359.81049 0.01894
1360.05155 0.01885
1360.2926 0.01879
1360.53366 0.01872
1360.77472 0.01862
1361.01578 0.01851
1361.25684 0.01842
1361.4979 0.0184
1361.73895 0.01847
1361.98001 0.01866
1362.22107 0.01895
1362.46213 0.01932
1362.70319 0.0197
1362.94425 0.02007
1363.1853 0.02042
1363.42636 0.02078
1363.66742 0.02117
1363.90848 0.02165
1364.14954 0.02223
1364.3906 0.02292
1364.63165 0.02366
1364.87271 0.02442
1365.11377 0.02515
1365.35483 0.02583
1365.59589 0.02648
1365.83695 0.02714
1366.07801 0.02787
1366.31906 0.02866
1366.56012 0.0295
1366.80118 0.03037
1367.04224 0.03118
1367.2833 0.03191
1367.52436 0.03252
1367.76541 0.03302
1368.00647 0.03346
1368.24753 0.03389
1368.48859 0.03433
1368.72965 0.03477
1368.97071 0.03518
1369.21176 0.03551
1369.45282 0.0357
1369.69388 0.03575
1369.93494 0.03566
1370.176 0.0355
1370.41706 0.03532
1370.65812 0.03513
1370.89917 0.03494
1371.14023 0.03473
1371.38129 0.03445
1371.62235 0.03405
1371.86341 0.03354
1372.10446 0.03292
1372.34552 0.03223
1372.58658 0.03155
1372.82764 0.03092
1373.0687 0.03034
1373.30976 0.02978
1373.55082 0.0292
1373.79187 0.02854
1374.03293 0.02782
1374.27399 0.02704
1374.51505 0.02622
1374.75611 0.0254
1374.99717 0.02462
1375.23823 0.02389
1375.47928 0.02322
1375.72034 0.02257
1375.9614 0.02188
1376.20246 0.02114
1376.44352 0.02035
1376.68458 0.01952
1376.92563 0.01869
1377.16669 0.01794
1377.40775 0.0173
1377.64881 0.01674
1377.88987 0.0162
1378.13092 0.01562
1378.37198 0.01499
1378.61304 0.01433
1378.8541 0.01367
1379.09516 0.01302
1379.33622 0.01241
1379.57728 0.0119
1379.81833 0.01146
1380.05939 0.01108
1380.30045 0.01068
1380.54151 0.01025
1380.78257 0.00977
1381.02363 0.0093
1381.26469 0.00887
1381.50574 0.00849
1381.7468 0.00818
1381.98786 0.00793
1382.22892 0.00772
1382.46998 0.00751
1382.71104 0.00725
1382.95209 0.00694
1383.19315 0.00662
1383.43421 0.00632
1383.67527 0.00606
1383.91633 0.00583
1384.15739 0.00567
1384.39844 0.00557
1384.6395 0.00548
1384.88056 0.00533
1385.12162 0.00514
1385.36268 0.00491
1385.60374 0.00467
1385.8448 0.00446
1386.08585 0.00434
1386.32691 0.00431
1386.56797 0.00434
1386.80903 0.00435
1387.05009 0.00429
1387.29114 0.00414
1387.5322 0.00393
1387.77326 0.0037
1388.01432 0.00353
1388.25538 0.00346
1388.49644 0.00346
1388.7375 0.0035
1388.97855 0.00351
1389.21961 0.00345
1389.46067 0.0033
1389.70173 0.00311
1389.94279 0.00291
1390.18385 0.00278
1390.4249 0.00276
1390.66596 0.00282
1390.90702 0.0029
1391.14808 0.00292
1391.38914 0.00284
1391.6302 0.00269
1391.87126 0.00253
1392.11231 0.00238
1392.35337 0.00226
1392.59443 0.00219
1392.83549 0.00216
1393.07655 0.0022
1393.31761 0.00226
1393.55866 0.00229
1393.79972 0.00227
1394.04078 0.00219
1394.28184 0.00206
1394.5229 0.00194
1394.76396 0.00191
1395.00501 0.002
1395.24607 0.00213
1395.48713 0.00223
1395.72819 0.00227
1395.96925 0.00223
1396.21031 0.00215
1396.45136 0.00205
1396.69242 0.00195
1396.93348 0.00189
1397.17454 0.00189
1397.4156 0.00195
1397.65666 0.00204
1397.89772 0.00211
1398.13877 0.00212
1398.37983 0.00207
1398.62089 0.00195
1398.86195 0.00183
1399.10301 0.00177
1399.34407 0.00179
1399.58512 0.00188
1399.82618 0.00198
1400.06724 0.00203
1400.3083 0.00201
1400.54936 0.00194
1400.79042 0.00184
1401.03147 0.00175
1401.27253 0.0017
1401.51359 0.00168
1401.75465 0.00173
1401.99571 0.00183
1402.23677 0.00193
1402.47782 0.00198
1402.71888 0.00196
1402.95994 0.00189
1403.201 0.0018
1403.44206 0.00175
1403.68312 0.00178
1403.92418 0.00188
1404.16523 0.002
1404.40629 0.00209
1404.64735 0.00213
1404.88841 0.00211
1405.12947 0.00207
1405.37053 0.002
1405.61158 0.00196
1405.85264 0.00196
1406.0937 0.00202
1406.33476 0.00213
1406.57582 0.00225
1406.81688 0.00235
1407.05794 0.00241
1407.29899 0.00244
1407.54005 0.00244
1407.78111 0.00244
1408.02217 0.00248
1408.26323 0.00258
1408.50429 0.00273
1408.74534 0.00288
1408.9864 0.00299
1409.22746 0.00305
1409.46852 0.00305
1409.70958 0.00304
1409.95063 0.00308
1410.19169 0.0032
1410.43275 0.0034
1410.67381 0.00364
1410.91487 0.00389
1411.15593 0.0041
1411.39699 0.00425
1411.63804 0.00436
1411.8791 0.00447
1412.12016 0.00462
1412.36122 0.00484
1412.60228 0.00514
1412.84334 0.00549
1413.0844 0.00585
1413.32545 0.0062
1413.56651 0.00649
1413.80757 0.00675
1414.04863 0.007
1414.28969 0.0073
1414.53075 0.00767
1414.7718 0.00812
1415.01286 0.00862
1415.25392 0.00916
1415.49498 0.00968
1415.73604 0.01018
1415.9771 0.01065
1416.21815 0.01112
1416.45921 0.01161
1416.70027 0.01215
1416.94133 0.01278
1417.18239 0.01347
1417.42345 0.01413
1417.66451 0.01472
1417.90556 0.01524
1418.14662 0.01575
1418.38768 0.01625
1418.62874 0.01678
1418.8698 0.01733
1419.11085 0.01791
1419.35191 0.01847
1419.59297 0.01896
1419.83403 0.01934
1420.07509 0.01963
1420.31615 0.01983
1420.55721 0.01995
1420.79826 0.02003
1421.03932 0.02012
1421.28038 0.02025
1421.52144 0.02037
1421.7625 0.02044
1422.00356 0.02042
1422.24461 0.02027
1422.48567 0.02002
1422.72673 0.01972
1422.96779 0.01941
1423.20885 0.01912
1423.44991 0.01885
1423.69097 0.01862
1423.93202 0.01841
1424.17308 0.01816
1424.41414 0.01783
1424.6552 0.01741
1424.89626 0.01693
1425.13731 0.01642
1425.37837 0.01596
1425.61943 0.0156
1425.86049 0.01531
1426.10155 0.01506
1426.34261 0.01479
1426.58367 0.01444
1426.82472 0.01402
1427.06578 0.01356
1427.30684 0.01309
1427.5479 0.01268
1427.78896 0.01234
1428.03002 0.01205
1428.27108 0.01181
1428.51213 0.01158
1428.75319 0.01132
1428.99425 0.01102
1429.23531 0.01069
1429.47637 0.01035
1429.71743 0.01004
1429.95848 0.00979
1430.19954 0.00963
1430.4406 0.00952
1430.68166 0.0094
1430.92272 0.00922
1431.16378 0.009
1431.40483 0.00876
1431.64589 0.00852
1431.88695 0.0083
1432.12801 0.00813
1432.36907 0.00805
1432.61013 0.00804
1432.85118 0.00804
1433.09224 0.00797
1433.3333 0.00785
1433.57436 0.00769
1433.81542 0.00753
1434.05648 0.00741
1434.29753 0.00734
1434.53859 0.00734
1434.77965 0.0074
1435.02071 0.00746
1435.26177 0.00747
1435.50283 0.00743
1435.74389 0.00736
1435.98494 0.00728
1436.226 0.00722
1436.46706 0.00722
1436.70812 0.0073
1436.94918 0.00742
1437.19024 0.00753
1437.43129 0.00756
1437.67235 0.00753
1437.91341 0.00747
1438.15447 0.00742
1438.39553 0.00737
1438.63659 0.00737
1438.87765 0.00745
1439.1187 0.00757
1439.35976 0.00767
1439.60082 0.00768
1439.84188 0.00762
1440.08294 0.00752
1440.324 0.00739
1440.56505 0.00728
1440.80611 0.00719
1441.04717 0.00717
1441.28823 0.0072
1441.52929 0.00724
1441.77035 0.00723
1442.0114 0.00714
1442.25246 0.00698
1442.49352 0.00678
1442.73458 0.00658
1442.97564 0.00642
1443.2167 0.00635
1443.45775 0.00634
1443.69881 0.00633
1443.93987 0.00625
1444.18093 0.0061
1444.42199 0.00588
1444.66305 0.00565
1444.90411 0.00542
1445.14516 0.00523
1445.38622 0.0051
1445.62728 0.00502
1445.86834 0.00495
1446.1094 0.00487
1446.35046 0.00474
1446.59151 0.00457
1446.83257 0.00435
1447.07363 0.00411
1447.31469 0.00388
1447.55575 0.00372
1447.79681 0.00365
1448.03786 0.00362
1448.27892 0.0036
1448.51998 0.00352
1448.76104 0.00334
1449.0021 0.00312
1449.24316 0.0029
1449.48421 0.00272
1449.72527 0.00259
1449.96633 0.00254
1450.20739 0.00256
1450.44845 0.00257
1450.68951 0.00251
1450.93056 0.00238
1451.17162 0.00221
1451.41268 0.00203
1451.65374 0.00188
1451.8948 0.00179
1452.13586 0.00177
1452.37692 0.00179
1452.61797 0.00181
1452.85903 0.00177
1453.10009 0.00167
1453.34115 0.00152
1453.58221 0.00135
1453.82327 0.0012
1454.06432 0.00112
1454.30538 0.00109
1454.54644 0.0011
1454.7875 0.00108
1455.02856 0.001
1455.26962 8.75197E-4
1455.51068 7.60189E-4
1455.75173 6.89205E-4
1455.99279 6.42247E-4
1456.23385 5.97315E-4
1456.47491 5.66408E-4
1456.71597 5.69526E-4
1456.95702 6.0567E-4
1457.19808 6.4084E-4
1457.43914 6.17035E-4
1457.6802 5.14257E-4
1457.92126 3.79504E-4
1458.16232 2.78778E-4
1458.40338 2.35078E-4
1458.64443 2.46405E-4
1458.88549 2.99758E-4
1459.12655 3.70138E-4
1459.36761 4.15544E-4
1459.60867 4.00977E-4
1459.84973 3.25438E-4
1460.09079 2.06925E-4
1460.33184 7.74396E-5
1460.5729 -9.01849E-6
1460.81396 -1.44492E-5
1461.05502 4.11476E-5
1461.29608 1.12772E-4
1461.53714 1.63424E-4
1461.77819 1.65104E-4
1462.01925 9.78122E-5
1462.26031 -2.94518E-5
1462.50137 -1.68688E-4
1462.74243 -2.54895E-4
1462.98349 -2.63074E-4
1463.22454 -2.26225E-4
1463.4656 -1.82346E-4
1463.70666 -1.4644E-4
1463.94772 -1.46504E-4
1464.18878 -2.05539E-4
1464.42984 -3.04546E-4
1464.67089 -3.92523E-4
1464.91195 -4.32471E-4
1465.15301 -4.20389E-4
1465.39407 -3.73278E-4
1465.63513 -3.22137E-4
1465.87619 -2.99967E-4
1466.11724 -3.28767E-4
1466.3583 -4.04537E-4
1466.59936 -5.05276E-4
1466.84042 -6.08986E-4
1467.08148 -6.83665E-4
1467.32254 -6.87314E-4
1467.5636 -6.12932E-4
1467.80465 -5.0952E-4
1468.04571 -4.38077E-4
1468.28677 -4.31604E-4
1468.52783 -4.93099E-4
1468.76889 -5.97563E-4
1469.00995 -6.98996E-4
1469.251 -7.50398E-4
1469.49206 -7.35768E-4
1469.73312 -6.74107E-4
1469.97418 -6.04415E-4
1470.21524 -5.6269E-4
1470.4563 -5.64934E-4
1470.69736 -6.15146E-4
1470.93841 -6.99326E-4
1471.17947 -7.89473E-4
1471.42053 -8.58589E-4
1471.66159 -9.00672E-4
1471.90265 -9.01722E-4
1472.14371 -8.4874E-4
1472.38476 -7.62725E-4
1472.62582 -6.99678E-4
1472.86688 -7.07597E-4
1473.10794 -7.88483E-4
1473.349 -8.98337E-4
1473.59006 -9.98157E-4
1473.83111 -0.00106
1474.07217 -0.00107
1474.31323 -0.00103
1474.55429 -9.69102E-4
1474.79535 -9.22754E-4
1475.03641 -9.33372E-4
1475.27746 -0.00101
1475.51852 -0.00112
1475.75958 -0.00118
1476.00064 -0.00117
1476.2417 -0.00111
1476.48276 -0.00101
1476.72382 -9.3574E-4
1476.96487 -9.06082E-4
1477.20593 -9.2739E-4
1477.44699 -9.95663E-4
1477.68805 -0.0011
1477.92911 -0.00119
1478.17017 -0.00124
1478.41122 -0.00122
1478.65228 -0.00115
1478.89334 -0.00108
1479.1344 -0.00102
1479.37546 -0.00102
1479.61652 -0.00107
1479.85757 -0.00115
1480.09863 -0.00124
1480.33969 -0.00129
1480.58075 -0.00127
1480.82181 -0.00119
1481.06287 -0.00112
1481.30392 -0.00107
1481.54498 -0.00107
1481.78604 -0.00113
1482.0271 -0.00123
1482.26816 -0.00132
1482.50922 -0.00137
1482.75028 -0.00134
1482.99133 -0.00125
1483.23239 -0.00114
1483.47345 -0.00107
1483.71451 -0.00107
1483.95557 -0.00114
1484.19663 -0.00126
1484.43768 -0.00137
1484.67874 -0.00143
1484.9198 -0.00141
1485.16086 -0.00132
1485.40192 -0.00122
1485.64298 -0.00118
1485.88403 -0.00119
1486.12509 -0.00124
1486.36615 -0.00131
1486.60721 -0.00139
1486.84827 -0.00142
1487.08933 -0.00139
1487.33039 -0.00133
1487.57144 -0.00126
1487.8125 -0.0012
1488.05356 -0.00119
1488.29462 -0.00124
1488.53568 -0.00132
1488.77673 -0.0014
1489.01779 -0.00145
1489.25885 -0.00145
1489.49991 -0.00139
1489.74097 -0.00129
1489.98203 -0.0012
1490.22309 -0.00116
1490.46414 -0.00119
1490.7052 -0.00127
1490.94626 -0.00136
1491.18732 -0.00141
1491.42838 -0.0014
1491.66944 -0.00133
1491.9105 -0.00125
1492.15155 -0.00119
1492.39261 -0.00117
1492.63367 -0.0012
1492.87473 -0.00129
1493.11579 -0.00141
1493.35685 -0.0015
1493.5979 -0.00152
1493.83896 -0.00144
1494.08002 -0.00133
1494.32108 -0.00127
1494.56214 -0.00128
1494.8032 -0.00134
1495.04425 -0.00141
1495.28531 -0.00149
1495.52637 -0.00155
1495.76743 -0.00156
1496.00849 -0.00149
1496.24955 -0.00136
1496.4906 -0.00126
1496.73166 -0.00123
1496.97272 -0.00129
1497.21378 -0.00139
1497.45484 -0.00148
1497.6959 -0.00156
1497.93695 -0.00159
1498.17801 -0.00154
1498.41907 -0.00144
1498.66013 -0.00134
1498.90119 -0.0013
1499.14225 -0.00131
1499.38331 -0.00138
1499.62436 -0.00148
1499.86542 -0.00158
1500.10648 -0.00163
1500.34754 -0.0016
1500.5886 -0.00148
1500.82966 -0.00136
1501.07071 -0.00129
1501.31177 -0.00131
1501.55283 -0.00139
1501.79389 -0.0015
1502.03495 -0.00158
1502.27601 -0.00161
1502.51707 -0.00159
1502.75812 -0.00153
1502.99918 -0.00143
1503.24024 -0.00136
1503.4813 -0.00137
1503.72236 -0.00148
1503.96341 -0.00163
1504.20447 -0.00174
1504.44553 -0.00175
1504.68659 -0.0017
1504.92765 -0.00161
1505.16871 -0.00154
1505.40977 -0.00152
1505.65082 -0.00152
1505.89188 -0.0015
1506.13294 -0.00149
1506.374 -0.00152
1506.61506 -0.00159
1506.85612 -0.00161
1507.09717 -0.00154
1507.33823 -0.00141
1507.57929 -0.00132
1507.82035 -0.00132
1508.06141 -0.00139
1508.30247 -0.00148
1508.54353 -0.00154
1508.78458 -0.00157
1509.02564 -0.00156
1509.2667 -0.0015
1509.50776 -0.00138
1509.74882 -0.00126
1509.98988 -0.00123
1510.23093 -0.0013
1510.47199 -0.00144
1510.71305 -0.00154
1510.95411 -0.00158
1511.19517 -0.00155
1511.43623 -0.00146
1511.67728 -0.00135
1511.91834 -0.00126
1512.1594 -0.00124
1512.40046 -0.00128
1512.64152 -0.00137
1512.88258 -0.00146
1513.12363 -0.0015
1513.36469 -0.0015
1513.60575 -0.00144
1513.84681 -0.00132
1514.08787 -0.00121
1514.32893 -0.00115
1514.56999 -0.00119
1514.81104 -0.00129
1515.0521 -0.00139
1515.29316 -0.00145
1515.53422 -0.00144
1515.77528 -0.00139
1516.01634 -0.0013
1516.25739 -0.0012
1516.49845 -0.00114
1516.73951 -0.00115
1516.98057 -0.00122
1517.22163 -0.0013
1517.46269 -0.00134
1517.70374 -0.00134
1517.9448 -0.00128
1518.18586 -0.00118
1518.42692 -0.00109
1518.66798 -0.00104
1518.90904 -0.00107
1519.1501 -0.00118
1519.39115 -0.00134
1519.63221 -0.00149
1519.87327 -0.00154
1520.11433 -0.00145
1520.35539 -0.00128
1520.59644 -0.00114
1520.8375 -0.00111
1521.07856 -0.00116
1521.31962 -0.00126
1521.56068 -0.00134
1521.80174 -0.00137
1522.0428 -0.00137
1522.28385 -0.00133
1522.52491 -0.00128
1522.76597 -0.00121
1523.00703 -0.00116
1523.24809 -0.00116
1523.48915 -0.00123
1523.73021 -0.00134
1523.97126 -0.00144
1524.21232 -0.00148
1524.45338 -0.00146
1524.69444 -0.00141
1524.9355 -0.00135
1525.17656 -0.00129
1525.41761 -0.00128
1525.65867 -0.00135
1525.89973 -0.00148
1526.14079 -0.00159
1526.38185 -0.00165
1526.62291 -0.00167
1526.86396 -0.00165
1527.10502 -0.00158
1527.34608 -0.00152
1527.58714 -0.00153
1527.8282 -0.0016
1528.06926 -0.00169
1528.31031 -0.00176
1528.55137 -0.00179
1528.79243 -0.00175
1529.03349 -0.00165
1529.27455 -0.00152
1529.51561 -0.0014
1529.75667 -0.00134
1529.99772 -0.00134
1530.23878 -0.00139
1530.47984 -0.00146
1530.7209 -0.00151
1530.96196 -0.00151
1531.20302 -0.00146
1531.44407 -0.00136
1531.68513 -0.00125
1531.92619 -0.00119
1532.16725 -0.00119
1532.40831 -0.00123
1532.64937 -0.00128
1532.89042 -0.0013
1533.13148 -0.00126
1533.37254 -0.00116
1533.6136 -0.00105
1533.85466 -9.56681E-4
1534.09572 -9.20661E-4
1534.33678 -9.61581E-4
1534.57783 -0.00106
1534.81889 -0.00115
1535.05995 -0.0012
1535.30101 -0.0012
1535.54207 -0.00116
1535.78312 -0.00108
1536.02418 -9.89298E-4
1536.26524 -9.51725E-4
1536.5063 -0.00101
1536.74736 -0.00117
1536.98842 -0.00136
1537.22948 -0.00155
1537.47053 -0.00164
1537.71159 -0.00161
1537.95265 -0.00147
1538.19371 -0.00133
1538.43477 -0.00128
1538.67583 -0.0013
1538.91688 -0.00134
1539.15794 -0.00136
1539.399 -0.00135
1539.64006 -0.00131
1539.88112 -0.00122
1540.12218 -0.00112
1540.36324 -0.00104
1540.60429 -9.89688E-4
1540.84535 -9.53917E-4
1541.08641 -9.36081E-4
1541.32747 -9.44182E-4
1541.56853 -9.42217E-4
1541.80959 -8.89189E-4
1542.05064 -7.75096E-4
1542.2917 -6.23938E-4
1542.53276 -4.85715E-4
1542.77382 -4.02427E-4
1543.01488 -3.84074E-4
1543.25594 -4.25656E-4
1543.49699 -5.12173E-4
1543.73805 -5.89624E-4
1543.97911 -5.9201E-4
1544.22017 -5.07331E-4
1544.46123 -3.76585E-4
1544.70229 -2.36774E-4
1544.94334 -1.20897E-4
1545.1844 -6.89537E-5
1545.42546 -9.99443E-5
1545.66652 -1.91869E-4
1545.90758 -2.90727E-4
1546.14864 -3.31518E-4
1546.3897 -2.85243E-4
1546.63075 -1.77901E-4
1546.87181 -5.54927E-5
1547.11287 3.79828E-5
1547.35393 6.55254E-5
1547.59499 1.21349E-5
1547.83605 -1.02189E-4
1548.0771 -2.27445E-4
1548.31816 -3.11635E-4
1548.55922 -3.15759E-4
1548.80028 -2.31815E-4
1549.04134 -1.03806E-4
1549.2824 2.27079E-6
1549.52345 3.84135E-5
1549.76451 -9.37744E-6
1550.00557 -1.19102E-4
1550.24663 -2.37761E-4
1550.48769 -3.21353E-4
1550.72875 -3.4888E-4
1550.96981 -3.0134E-4
1551.21086 -1.79735E-4
1551.45192 -4.60634E-5
1551.69298 2.86735E-5
1551.93404 1.74762E-5
1552.1751 -7.36557E-5
1552.41615 -2.10722E-4
1552.65721 -3.23723E-4
1552.89827 -3.24658E-4
1553.13933 -1.90528E-4
1553.38039 9.66656E-6
1553.62145 1.89927E-4
1553.86251 3.04252E-4
1554.10356 3.45642E-4
1554.34462 3.26097E-4
1554.58568 2.75617E-4
1554.82674 2.35202E-4
1555.0678 2.33852E-4
1555.30886 2.86566E-4
1555.54992 3.81345E-4
1555.79097 4.89188E-4
1556.03203 5.85095E-4
1556.27309 6.41067E-4
1556.51415 6.19104E-4
1556.75521 5.11204E-4
1556.99627 3.99368E-4
1557.23732 4.09597E-4
1557.47838 5.5889E-4
1557.71944 7.44246E-4
1557.9605 8.71666E-4
1558.20156 9.2215E-4
1558.44262 9.08698E-4
1558.68367 8.60309E-4
1558.92473 8.31984E-4
1559.16579 8.58723E-4
1559.40685 9.31524E-4
1559.64791 0.00104
1559.88897 0.00117
1560.13002 0.00131
1560.37108 0.00143
1560.61214 0.00147
1560.8532 0.00143
1561.09426 0.00137
1561.33532 0.00133
1561.57638 0.00135
1561.81743 0.00142
1562.05849 0.00155
1562.29955 0.00168
1562.54061 0.00175
1562.78167 0.00173
1563.02273 0.00167
1563.26378 0.0016
1563.50484 0.00157
1563.7459 0.00158
1563.98696 0.00165
1564.22802 0.00178
1564.46908 0.00191
1564.71013 0.00202
1564.95119 0.00208
1565.19225 0.00208
1565.43331 0.00203
1565.67437 0.00196
1565.91543 0.00191
1566.15649 0.00193
1566.39754 0.00204
1566.6386 0.0022
1566.87966 0.00232
1567.12072 0.00234
1567.36178 0.00229
1567.60283 0.00221
1567.84389 0.00216
1568.08495 0.00213
1568.32601 0.00217
1568.56707 0.0023
1568.80813 0.00247
1569.04919 0.00263
1569.29024 0.00271
1569.5313 0.00269
1569.77236 0.0026
1570.01342 0.00252
1570.25448 0.00249
1570.49554 0.00254
1570.73659 0.00266
1570.97765 0.00282
1571.21871 0.00297
1571.45977 0.00305
1571.70083 0.00305
1571.94189 0.00299
1572.18295 0.00293
1572.424 0.00291
1572.66506 0.00295
1572.90612 0.00304
1573.14718 0.0032
1573.38824 0.00335
1573.6293 0.00343
1573.87035 0.00339
1574.11141 0.00326
1574.35247 0.0031
1574.59353 0.00299
1574.83459 0.00304
1575.07565 0.00324
1575.3167 0.0035
1575.55776 0.00372
1575.79882 0.00384
1576.03988 0.00387
1576.28094 0.00382
1576.522 0.00377
1576.76305 0.00375
1577.00411 0.00378
1577.24517 0.00387
1577.48623 0.00401
1577.72729 0.00414
1577.96835 0.00422
1578.20941 0.00424
1578.45046 0.00421
1578.69152 0.00417
1578.93258 0.00416
1579.17364 0.00419
1579.4147 0.00426
1579.65576 0.00438
1579.89681 0.0045
1580.13787 0.00462
1580.37893 0.00468
1580.61999 0.00468
1580.86105 0.00464
1581.10211 0.00459
1581.34316 0.00459
1581.58422 0.00465
1581.82528 0.00477
1582.06634 0.00488
1582.3074 0.00496
1582.54846 0.00501
1582.78951 0.005
1583.03057 0.00496
1583.27163 0.0049
1583.51269 0.00489
1583.75375 0.00496
1583.99481 0.00508
1584.23587 0.00519
1584.47692 0.00528
1584.71798 0.0053
1584.95904 0.00528
1585.2001 0.00523
1585.44116 0.00517
1585.68222 0.00516
1585.92327 0.00522
1586.16433 0.00533
1586.40539 0.00545
1586.64645 0.00556
1586.88751 0.00562
1587.12857 0.00561
1587.36963 0.00556
1587.61068 0.00551
1587.85174 0.0055
1588.0928 0.00554
1588.33386 0.00563
1588.57492 0.00575
1588.81598 0.00587
1589.05703 0.00593
1589.29809 0.00593
1589.53915 0.00589
1589.78021 0.00586
1590.02127 0.00584
1590.26233 0.00586
1590.50338 0.00593
1590.74444 0.00603
1590.9855 0.00615
1591.22656 0.00625
1591.46762 0.00627
1591.70868 0.00623
1591.94973 0.00616
1592.19079 0.00612
1592.43185 0.00615
1592.67291 0.00623
1592.91397 0.00637
1593.15503 0.00652
1593.39609 0.00664
1593.63714 0.00667
1593.8782 0.00664
1594.11926 0.00658
1594.36032 0.00654
1594.60138 0.00656
1594.84244 0.00663
1595.08349 0.00675
1595.32455 0.00689
1595.56561 0.007
1595.80667 0.00703
1596.04773 0.007
1596.28879 0.00694
1596.52984 0.00691
1596.7709 0.00694
1597.01196 0.00704
1597.25302 0.00718
1597.49408 0.00732
1597.73514 0.00741
1597.9762 0.00744
1598.21725 0.0074
1598.45831 0.00733
1598.69937 0.00727
1598.94043 0.00727
1599.18149 0.00737
1599.42254 0.00752
1599.6636 0.00768
1599.90466 0.0078
1600.14572 0.00786
1600.38678 0.00783
1600.62784 0.00775
1600.8689 0.00768
1601.10995 0.0077
1601.35101 0.0078
1601.59207 0.00796
1601.83313 0.00811
1602.07419 0.00818
1602.31525 0.00819
1602.5563 0.00815
1602.79736 0.00812
1603.03842 0.00811
1603.27948 0.00813
1603.52054 0.0082
1603.7616 0.00831
1604.00266 0.00842
1604.24371 0.00852
1604.48477 0.00858
1604.72583 0.00858
1604.96689 0.00853
1605.20795 0.00849
1605.449 0.0085
1605.69006 0.00857
1605.93112 0.00867
1606.17218 0.00879
1606.41324 0.00889
1606.6543 0.00895
1606.89536 0.00896
1607.13641 0.00892
1607.37747 0.00885
1607.61853 0.0088
1607.85959 0.00884
1608.10065 0.00896
1608.34171 0.00913
1608.58277 0.00927
1608.82382 0.00935
1609.06488 0.00938
1609.30594 0.00935
1609.547 0.00929
1609.78806 0.00925
1610.02912 0.0093
1610.27017 0.00942
1610.51123 0.00958
1610.75229 0.0097
1610.99335 0.00977
1611.23441 0.00979
1611.47547 0.00977
1611.71652 0.00972
1611.95758 0.00969
1612.19864 0.00972
1612.4397 0.00982
1612.68076 0.00997
1612.92182 0.01011
1613.16287 0.0102
1613.40393 0.01022
1613.64499 0.01017
1613.88605 0.01011
1614.12711 0.01009
1614.36817 0.01014
1614.60922 0.01024
1614.85028 0.01034
1615.09134 0.01041
1615.3324 0.01047
1615.57346 0.01052
1615.81452 0.01056
1616.05558 0.01057
1616.29663 0.01057
1616.53769 0.01062
1616.77875 0.0107
1617.01981 0.01082
1617.26087 0.01096
1617.50193 0.01109
1617.74298 0.01115
1617.98404 0.01113
1618.2251 0.01109
1618.46616 0.01107
1618.70722 0.01111
1618.94828 0.01121
1619.18934 0.01135
1619.43039 0.01149
1619.67145 0.0116
1619.91251 0.01165
1620.15357 0.01162
1620.39463 0.01152
1620.63569 0.01143
1620.87674 0.0114
1621.1178 0.01144
1621.35886 0.01154
1621.59992 0.01167
1621.84098 0.01178
1622.08204 0.01184
1622.32309 0.01185
1622.56415 0.01183
1622.80521 0.01181
1623.04627 0.01183
1623.28733 0.01191
1623.52839 0.01204
1623.76944 0.0122
1624.0105 0.01235
1624.25156 0.01245
1624.49262 0.01245
1624.73368 0.0124
1624.97474 0.01237
1625.2158 0.0124
1625.45685 0.01248
1625.69791 0.01259
1625.93897 0.01271
1626.18003 0.0128
1626.42109 0.01287
1626.66215 0.01289
1626.9032 0.01289
1627.14426 0.01286
1627.38532 0.01286
1627.62638 0.01293
1627.86744 0.01306
1628.1085 0.01322
1628.34955 0.01337
1628.59061 0.01346
1628.83167 0.01346
1629.07273 0.01339
1629.31379 0.01331
1629.55485 0.01329
1629.7959 0.01336
1630.03696 0.01349
1630.27802 0.01364
1630.51908 0.01378
1630.76014 0.01391
1631.0012 0.014
1631.24225 0.01403
1631.48331 0.01404
1631.72437 0.01405
1631.96543 0.01413
1632.20649 0.01427
1632.44755 0.01446
1632.68861 0.01462
1632.92966 0.01472
1633.17072 0.01474
1633.41178 0.01469
1633.65284 0.01464
1633.8939 0.01464
1634.13496 0.01472
1634.37601 0.01489
1634.61707 0.01511
1634.85813 0.01531
1635.09919 0.01544
1635.34025 0.01551
1635.58131 0.01552
1635.82237 0.01551
1636.06342 0.01553
1636.30448 0.01564
1636.54554 0.0158
1636.7866 0.01599
1637.02766 0.01615
1637.26871 0.01625
1637.50977 0.01629
1637.75083 0.0163
1637.99189 0.01631
1638.23295 0.01634
1638.47401 0.0164
1638.71507 0.01652
1638.95612 0.01671
1639.19718 0.01692
1639.43824 0.0171
1639.6793 0.01721
1639.92036 0.01725
1640.16142 0.01726
1640.40248 0.01731
1640.64353 0.01742
1640.88459 0.01756
1641.12565 0.01772
1641.36671 0.01789
1641.60777 0.01803
1641.84883 0.01813
1642.08988 0.01816
1642.33094 0.01815
1642.572 0.01816
1642.81306 0.01824
1643.05412 0.0184
1643.29518 0.0186
1643.53623 0.01878
1643.77729 0.01891
1644.01835 0.01896
1644.25941 0.01895
1644.50047 0.01893
1644.74153 0.01897
1644.98258 0.01909
1645.22364 0.01925
1645.4647 0.01945
1645.70576 0.01966
1645.94682 0.01983
1646.18788 0.01994
1646.42893 0.01998
1646.66999 0.01997
1646.91105 0.01997
1647.15211 0.02003
1647.39317 0.02017
1647.63423 0.02039
1647.87529 0.02063
1648.11634 0.02084
1648.3574 0.02097
1648.59846 0.02101
1648.83952 0.02101
1649.08058 0.02101
1649.32164 0.02106
1649.56269 0.02118
1649.80375 0.02135
1650.04481 0.02152
1650.28587 0.02164
1650.52693 0.02167
1650.76799 0.02161
1651.00905 0.02154
1651.2501 0.02156
1651.49116 0.02162
1651.73222 0.02173
1651.97328 0.02193
1652.21434 0.02223
1652.4554 0.0225
1652.69645 0.02266
1652.93751 0.02271
1653.17857 0.02271
1653.41963 0.02272
1653.66069 0.02278
1653.90175 0.02289
1654.1428 0.02303
1654.38386 0.02321
1654.62492 0.02341
1654.86598 0.02357
1655.10704 0.02365
1655.3481 0.02365
1655.58915 0.02362
1655.83021 0.02363
1656.07127 0.0237
1656.31233 0.02382
1656.55339 0.02398
1656.79445 0.02414
1657.03551 0.02427
1657.27656 0.02435
1657.51762 0.02438
1657.75868 0.02438
1657.99974 0.0244
1658.2408 0.02448
1658.48186 0.02463
1658.72291 0.02479
1658.96397 0.02491
1659.20503 0.02499
1659.44609 0.02504
1659.68715 0.02507
1659.92821 0.02507
1660.16926 0.02507
1660.41032 0.0251
1660.65138 0.02521
1660.89244 0.02538
1661.1335 0.02559
1661.37456 0.02578
1661.61561 0.02593
1661.85667 0.02599
1662.09773 0.02601
1662.33879 0.02604
1662.57985 0.02612
1662.82091 0.02625
1663.06197 0.02641
1663.30302 0.02658
1663.54408 0.02674
1663.78514 0.02683
1664.0262 0.02685
1664.26726 0.02683
1664.50832 0.02684
1664.74937 0.02691
1664.99043 0.02704
1665.23149 0.02721
1665.47255 0.02738
1665.71361 0.02753
1665.95467 0.02762
1666.19572 0.02765
1666.43678 0.02764
1666.67784 0.02763
1666.9189 0.02765
1667.15996 0.02771
1667.40102 0.02781
1667.64208 0.02793
1667.88313 0.02807
1668.12419 0.02822
1668.36525 0.02834
1668.60631 0.02839
1668.84737 0.0284
1669.08842 0.02844
1669.32948 0.02856
1669.57054 0.02873
1669.8116 0.02893
1670.05266 0.02908
1670.29372 0.02919
1670.53478 0.02924
1670.77583 0.02925
1671.01689 0.02925
1671.25795 0.0293
1671.49901 0.02944
1671.74007 0.02964
1671.98113 0.02986
1672.22219 0.03003
1672.46324 0.03013
1672.7043 0.03018
1672.94536 0.03023
1673.18642 0.03027
1673.42748 0.03031
1673.66854 0.03042
1673.90959 0.03062
1674.15065 0.03091
1674.39171 0.0312
1674.63277 0.03143
1674.87383 0.0316
1675.11489 0.03171
1675.35594 0.0318
1675.597 0.03193
1675.83806 0.03212
1676.07912 0.03239
1676.32018 0.03272
1676.56124 0.03309
1676.80229 0.03343
1677.04335 0.03371
1677.28441 0.03392
1677.52547 0.03411
1677.76653 0.03433
1678.00759 0.03464
1678.24864 0.03503
1678.4897 0.03548
1678.73076 0.03597
1678.97182 0.03643
1679.21288 0.03685
1679.45394 0.03723
1679.695 0.03762
1679.93605 0.03805
1680.17711 0.03854
1680.41817 0.03911
1680.65923 0.03974
1680.90029 0.04041
1681.14135 0.04107
1681.3824 0.04172
1681.62346 0.04233
1681.86452 0.04294
1682.10558 0.04355
1682.34664 0.04423
1682.5877 0.045
1682.82876 0.04584
1683.06981 0.0467
1683.31087 0.04756
1683.55193 0.04848
1683.79299 0.04943
1684.03405 0.05038
1684.2751 0.05133
1684.51616 0.0523
1684.75722 0.05334
1684.99828 0.05443
1685.23934 0.05555
1685.4804 0.05667
1685.72146 0.05775
1685.96251 0.05879
1686.20357 0.05979
1686.44463 0.0608
1686.68569 0.06188
1686.92675 0.06304
1687.16781 0.06426
1687.40886 0.06548
1687.64992 0.06667
1687.89098 0.06778
1688.13204 0.06883
1688.3731 0.06983
1688.61416 0.07084
1688.85522 0.07188
1689.09627 0.073
1689.33733 0.07417
1689.57839 0.07536
1689.81945 0.0765
1690.06051 0.07752
1690.30157 0.07843
1690.54262 0.07928
1690.78368 0.0801
1691.02474 0.08095
1691.2658 0.08185
1691.50686 0.08277
1691.74792 0.08369
1691.98897 0.08453
1692.23003 0.08527
1692.47109 0.08592
1692.71215 0.0865
1692.95321 0.08704
1693.19427 0.08757
1693.43532 0.08812
1693.67638 0.08868
1693.91744 0.08921
1694.1585 0.08966
1694.39956 0.09002
1694.64062 0.09038
1694.88168 0.09072
1695.12273 0.091
1695.36379 0.09122
1695.60485 0.09145
1695.84591 0.0917
1696.08697 0.09196
1696.32803 0.09216
1696.56908 0.09231
1696.81014 0.09238
1697.0512 0.09238
1697.29226 0.09231
1697.53332 0.09222
1697.77438 0.09215
1698.01544 0.09208
1698.25649 0.09202
1698.49755 0.09194
1698.73861 0.09186
1698.97967 0.09174
1699.22073 0.09155
1699.46179 0.09132
1699.70284 0.09111
1699.9439 0.09095
1700.18496 0.09083
1700.42602 0.09071
1700.66708 0.09058
1700.90813 0.09042
1701.14919 0.09021
1701.39025 0.08991
1701.63131 0.08955
1701.87237 0.0892
1702.11343 0.08891
1702.35449 0.08869
1702.59554 0.08849
1702.8366 0.08827
1703.07766 0.08799
1703.31872 0.08767
1703.55978 0.08731
1703.80084 0.08689
1704.0419 0.08644
1704.28295 0.086
1704.52401 0.08559
1704.76507 0.08518
1705.00613 0.08477
1705.24719 0.0843
1705.48825 0.08376
1705.7293 0.0831
1705.97036 0.08237
1706.21142 0.08161
1706.45248 0.08085
1706.69354 0.08012
1706.9346 0.07939
1707.17565 0.07862
1707.41671 0.07774
1707.65777 0.07674
1707.89883 0.07563
1708.13989 0.07445
1708.38095 0.07324
1708.622 0.07203
1708.86306 0.07085
1709.10412 0.0697
1709.34518 0.06854
1709.58624 0.06732
1709.8273 0.06603
1710.06836 0.06464
1710.30941 0.06321
1710.55047 0.06177
1710.79153 0.06038
1711.03259 0.05906
1711.27365 0.0578
1711.51471 0.05654
1711.75576 0.05523
1711.99682 0.05389
1712.23788 0.05254
1712.47894 0.05119
1712.72 0.04988
1712.96106 0.04862
1713.20211 0.04747
1713.44317 0.04639
1713.68423 0.04536
1713.92529 0.04435
1714.16635 0.04334
1714.40741 0.0423
1714.64847 0.04126
1714.88952 0.04027
1715.13058 0.03933
1715.37164 0.03843
1715.6127 0.03756
1715.85376 0.03675
1716.09481 0.03605
1716.33587 0.0354
1716.57693 0.0347
1716.81799 0.03393
1717.05905 0.03316
1717.30011 0.03246
1717.54117 0.03185
1717.78222 0.03132
1718.02328 0.03085
1718.26434 0.03039
1718.5054 0.02991
1718.74646 0.02937
1718.98752 0.0288
1719.22858 0.02822
1719.46963 0.02764
1719.71069 0.02712
1719.95175 0.0267
1720.19281 0.02637
1720.43387 0.02604
1720.67493 0.02568
1720.91598 0.02527
1721.15704 0.02483
1721.3981 0.02439
1721.63916 0.02398
1721.88022 0.02361
1722.12128 0.02329
1722.36233 0.02303
1722.60339 0.02281
1722.84445 0.02258
1723.08551 0.02229
1723.32657 0.02193
1723.56763 0.02155
1723.80868 0.02119
1724.04974 0.02085
1724.2908 0.02056
1724.53186 0.02034
1724.77292 0.02018
1725.01398 0.02001
1725.25503 0.01978
1725.49609 0.01948
1725.73715 0.01917
1725.97821 0.01886
1726.21927 0.01859
1726.46033 0.01838
1726.70139 0.01822
1726.94244 0.01808
1727.1835 0.01794
1727.42456 0.01777
1727.66562 0.01755
1727.90668 0.01729
1728.14774 0.017
1728.38879 0.01676
1728.62985 0.0166
1728.87091 0.01651
1729.11197 0.01643
1729.35303 0.0163
1729.59409 0.01613
1729.83515 0.01593
1730.0762 0.0157
1730.31726 0.01545
1730.55832 0.01523
1730.79938 0.01508
1731.04044 0.01499
1731.28149 0.01492
1731.52255 0.01482
1731.76361 0.01465
1732.00467 0.01442
1732.24573 0.01419
1732.48679 0.01396
1732.72784 0.01374
1732.9689 0.01358
1733.20996 0.01351
1733.45102 0.01349
1733.69208 0.01348
1733.93314 0.01341
1734.1742 0.01326
1734.41525 0.01306
1734.65631 0.01283
1734.89737 0.01262
1735.13843 0.01247
1735.37949 0.0124
1735.62055 0.01237
1735.86161 0.01235
1736.10266 0.01226
1736.34372 0.0121
1736.58478 0.01189
1736.82584 0.01166
1737.0669 0.01146
1737.30796 0.01132
1737.54901 0.01125
1737.79007 0.01123
1738.03113 0.0112
1738.27219 0.01111
1738.51325 0.01095
1738.75431 0.01077
1738.99536 0.01057
1739.23642 0.01039
1739.47748 0.01026
1739.71854 0.0102
1739.9596 0.01019
1740.20066 0.01018
1740.44171 0.01012
1740.68277 0.01001
1740.92383 0.00984
1741.16489 0.00963
1741.40595 0.00941
1741.64701 0.00924
1741.88807 0.00916
1742.12912 0.00915
1742.37018 0.00916
1742.61124 0.00913
1742.8523 0.00903
1743.09336 0.00885
1743.33442 0.00865
1743.57547 0.00847
1743.81653 0.00834
1744.05759 0.00829
1744.29865 0.0083
1744.53971 0.0083
1744.78077 0.00825
1745.02182 0.00814
1745.26288 0.00798
1745.50394 0.00778
1745.745 0.00759
1745.98606 0.00744
1746.22712 0.00736
1746.46818 0.00735
1746.70923 0.00736
1746.95029 0.00733
1747.19135 0.00724
1747.43241 0.00709
1747.67347 0.00691
1747.91452 0.00676
1748.15558 0.00666
1748.39664 0.00662
1748.6377 0.0066
1748.87876 0.00658
1749.11982 0.00654
1749.36088 0.00647
1749.60193 0.00634
1749.84299 0.00618
1750.08405 0.00604
1750.32511 0.00595
1750.56617 0.00592
1750.80723 0.00592
1751.04829 0.00592
1751.28934 0.00589
1751.5304 0.00582
1751.77146 0.00574
1752.01252 0.00562
1752.25358 0.00547
1752.49464 0.00533
1752.73569 0.00525
1752.97675 0.00522
1753.21781 0.00522
1753.45887 0.00522
1753.69993 0.00519
1753.94099 0.00511
1754.18204 0.00499
1754.4231 0.00485
1754.66416 0.00471
1754.90522 0.0046
1755.14628 0.00455
1755.38734 0.00454
1755.62839 0.00455
1755.86945 0.00453
1756.11051 0.00444
1756.35157 0.0043
1756.59263 0.00416
1756.83369 0.00405
1757.07474 0.00399
1757.3158 0.00399
1757.55686 0.00401
1757.79792 0.00403
1758.03898 0.00401
1758.28004 0.00395
1758.5211 0.00384
1758.76215 0.0037
1759.00321 0.00356
1759.24427 0.00347
1759.48533 0.00344
1759.72639 0.00344
1759.96745 0.00343
1760.2085 0.0034
1760.44956 0.00333
1760.69062 0.00321
1760.93168 0.00309
1761.17274 0.00298
1761.4138 0.00293
1761.65486 0.00294
1761.89591 0.00297
1762.13697 0.00299
1762.37803 0.00298
1762.61909 0.00292
1762.86015 0.0028
1763.1012 0.00265
1763.34226 0.00253
1763.58332 0.00246
1763.82438 0.00245
1764.06544 0.00247
1764.3065 0.00251
1764.54756 0.00253
1764.78861 0.00249
1765.02967 0.00238
1765.27073 0.00224
1765.51179 0.00212
1765.75285 0.00205
1765.99391 0.00204
1766.23496 0.00205
1766.47602 0.00208
1766.71708 0.00209
1766.95814 0.00207
1767.1992 0.00201
1767.44026 0.00191
1767.68132 0.00179
1767.92237 0.00171
1768.16343 0.0017
1768.40449 0.00174
1768.64555 0.00179
1768.88661 0.0018
1769.12767 0.00176
1769.36872 0.00166
1769.60978 0.00152
1769.85084 0.0014
1770.0919 0.00134
1770.33296 0.00134
1770.57402 0.00136
1770.81507 0.00137
1771.05613 0.00137
1771.29719 0.00136
1771.53825 0.00134
1771.77931 0.00129
1772.02037 0.00121
1772.26142 0.00116
1772.50248 0.00114
1772.74354 0.00116
1772.9846 0.00121
1773.22566 0.00126
1773.46672 0.00124
1773.70778 0.00117
1773.94883 0.00108
1774.18989 9.73084E-4
1774.43095 8.78232E-4
1774.67201 8.28378E-4
1774.91307 8.33522E-4
1775.15413 8.75664E-4
1775.39518 9.18803E-4
1775.63624 9.2694E-4
1775.8773 8.68075E-4
1776.11836 7.57207E-4
1776.35942 6.50336E-4
1776.60048 5.89463E-4
1776.84153 5.83587E-4
1777.08259 6.22708E-4
1777.32365 6.81826E-4
1777.56471 7.24942E-4
1777.80577 7.28054E-4
1778.04683 6.77163E-4
1778.28789 5.7227E-4
1778.52894 4.41372E-4
1778.77 3.28472E-4
1779.01106 2.78568E-4
1779.25212 3.03661E-4
1779.49318 3.6175E-4
1779.73423 4.03835E-4
1779.97529 4.14917E-4
1780.21635 3.92995E-4
1780.45741 3.3407E-4
1780.69847 2.4914E-4
1780.93953 1.69206E-4
1781.18059 1.20269E-4
1781.42164 1.14327E-4
1781.6627 1.42381E-4
1781.90376 1.75431E-4
1782.14482 1.77476E-4
1782.38588 1.34517E-4
1782.62694 5.15533E-5
1782.868 -5.04147E-5
1783.10905 -1.35387E-4
1783.35011 -1.72365E-4
1783.59117 -1.58347E-4
1783.83223 -1.04334E-4
1784.07329 -3.33262E-5
1784.31435 1.26767E-5
1784.5554 -3.25457E-7
1784.79646 -7.53326E-5
1785.03752 -1.86345E-4
1785.27858 -2.90363E-4
1785.51964 -3.48386E-4
1785.76069 -3.38415E-4
1786.00175 -2.73449E-4
1786.24281 -1.96488E-4
1786.48387 -1.48534E-4
1786.72493 -1.66585E-4
1786.96599 -2.59642E-4
1787.20705 -3.94705E-4
1787.4481 -5.12773E-4
1787.68916 -5.80848E-4
1787.93022 -5.88929E-4
1788.17128 -5.37016E-4
1788.41234 -4.48109E-4
1788.6534 -3.80209E-4
1788.89446 -3.89315E-4
1789.13551 -4.74428E-4
1789.37657 -5.88547E-4
1789.61763 -6.76672E-4
1789.85869 -7.08805E-4
1790.09975 -6.81944E-4
1790.34081 -6.2109E-4
1790.58186 -5.73243E-4
1790.82292 -5.62402E-4
1791.06398 -5.83569E-4
1791.30504 -6.25743E-4
1791.5461 -6.86925E-4
1791.78716 -7.59113E-4
1792.02821 -8.17309E-4
1792.26927 -8.31512E-4
1792.51033 -7.86723E-4
1792.75139 -7.03942E-4
1792.99245 -6.32167E-4
1793.23351 -6.20401E-4
1793.47457 -6.69643E-4
1793.71562 -7.42892E-4
1793.95668 -8.18149E-4
1794.19774 -8.88415E-4
1794.4388 -9.22688E-4
1794.67986 -8.8597E-4
1794.92091 -7.95259E-4
1795.16197 -7.14558E-4
1795.40303 -6.90864E-4
1795.64409 -7.21179E-4
1795.88515 -7.95502E-4
1796.12621 -8.92834E-4
1796.36727 -9.70175E-4
1796.60832 -9.91525E-4
1796.84938 -9.63883E-4
1797.09044 -9.1125E-4
1797.3315 -8.59626E-4
1797.57256 -8.36011E-4
1797.81362 -8.59406E-4
1798.05467 -9.24809E-4
1798.29573 -9.98222E-4
1798.53679 -0.00104
1798.77785 -0.00104
1799.01891 -9.99516E-4
1799.25997 -9.43967E-4
1799.50103 -8.89427E-4
1799.74208 -8.59897E-4
1799.98314 -8.87376E-4
1800.2242 -9.68865E-4
1800.46526 -0.00106
1800.70632 -0.00112
1800.94738 -0.00112
1801.18843 -0.00107
1801.42949 -0.00101
1801.67055 -9.58012E-4
1801.91161 -9.42573E-4
1802.15267 -9.66144E-4
1802.39373 -0.00103
1802.63478 -0.00112
1802.87584 -0.00119
1803.1169 -0.00121
1803.35796 -0.00116
1803.59902 -0.00109
1803.84008 -0.00102
1804.08113 -9.91094E-4
1804.32219 -0.00101
1804.56325 -0.00107
1804.80431 -0.00117
1805.04537 -0.00126
1805.28643 -0.0013
1805.52749 -0.00127
1805.76854 -0.00119
1806.0096 -0.0011
1806.25066 -0.00105
1806.49172 -0.00106
1806.73278 -0.00114
1806.97384 -0.00125
1807.21489 -0.00136
1807.45595 -0.0014
1807.69701 -0.00139
1807.93807 -0.00133
1808.17913 -0.00127
1808.42019 -0.00122
1808.66124 -0.00122
1808.9023 -0.00127
1809.14336 -0.00138
1809.38442 -0.00148
1809.62548 -0.00153
1809.86654 -0.00149
1810.10759 -0.0014
1810.34865 -0.00131
1810.58971 -0.00126
1810.83077 -0.00125
1811.07183 -0.0013
1811.31289 -0.00138
1811.55395 -0.00145
1811.795 -0.00148
1812.03606 -0.00146
1812.27712 -0.00142
1812.51818 -0.00137
1812.75924 -0.00132
1813.0003 -0.00129
1813.24135 -0.00133
1813.48241 -0.00142
1813.72347 -0.00153
1813.96453 -0.0016
1814.20559 -0.00162
1814.44665 -0.00158
1814.68771 -0.0015
1814.92876 -0.00143
1815.16982 -0.00142
1815.41088 -0.00148
1815.65194 -0.00156
1815.893 -0.00163
1816.13406 -0.00168
1816.37511 -0.00168
1816.61617 -0.00162
1816.85723 -0.00155
1817.09829 -0.00149
1817.33935 -0.00147
1817.5804 -0.00148
1817.82146 -0.00155
1818.06252 -0.00164
1818.30358 -0.00173
1818.54464 -0.00176
1818.7857 -0.00172
1819.02676 -0.00163
1819.26781 -0.00155
1819.50887 -0.00153
1819.74993 -0.00157
1819.99099 -0.00165
1820.23205 -0.00175
1820.47311 -0.00182
1820.71417 -0.00184
1820.95522 -0.0018
1821.19628 -0.00174
1821.43734 -0.00166
1821.6784 -0.0016
1821.91946 -0.0016
1822.16052 -0.00164
1822.40157 -0.00171
1822.64263 -0.0018
1822.88369 -0.00187
1823.12475 -0.00187
1823.36581 -0.00181
1823.60687 -0.00172
1823.84792 -0.00166
1824.08898 -0.00166
1824.33004 -0.00172
1824.5711 -0.00181
1824.81216 -0.00188
1825.05322 -0.00191
1825.29428 -0.00188
1825.53533 -0.00182
1825.77639 -0.00174
1826.01745 -0.00167
1826.25851 -0.00166
1826.49957 -0.00172
1826.74062 -0.00182
1826.98168 -0.00191
1827.22274 -0.00195
1827.4638 -0.00194
1827.70486 -0.00188
1827.94592 -0.00181
1828.18698 -0.00178
1828.42803 -0.00181
1828.66909 -0.00186
1828.91015 -0.00191
1829.15121 -0.00196
1829.39227 -0.00198
1829.63333 -0.00195
1829.87438 -0.00187
1830.11544 -0.00178
1830.3565 -0.00172
1830.59756 -0.00171
1830.83862 -0.00177
1831.07968 -0.00187
1831.32074 -0.00195
1831.56179 -0.00198
1831.80285 -0.00197
1832.04391 -0.00193
1832.28497 -0.00187
1832.52603 -0.00183
1832.76709 -0.00181
1833.00814 -0.00183
1833.2492 -0.00187
1833.49026 -0.00192
1833.73132 -0.00195
1833.97238 -0.00194
1834.21344 -0.00189
1834.45449 -0.00185
1834.69555 -0.00181
1834.93661 -0.00179
1835.17767 -0.0018
1835.41873 -0.00186
1835.65979 -0.00195
1835.90084 -0.002
1836.1419 -0.00198
1836.38296 -0.00191
1836.62402 -0.00183
1836.86508 -0.00176
1837.10614 -0.00173
1837.3472 -0.00177
1837.58825 -0.00184
1837.82931 -0.00191
1838.07037 -0.00193
1838.31143 -0.00191
1838.55249 -0.00186
1838.79355 -0.00179
1839.0346 -0.00174
1839.27566 -0.00172
1839.51672 -0.00175
1839.75778 -0.00183
1839.99884 -0.00192
1840.2399 -0.00198
1840.48095 -0.00197
1840.72201 -0.00192
1840.96307 -0.00184
1841.20413 -0.00176
1841.44519 -0.00172
1841.68625 -0.00173
1841.9273 -0.0018
1842.16836 -0.0019
1842.40942 -0.00199
1842.65048 -0.002
1842.89154 -0.00195
1843.1326 -0.00187
1843.37366 -0.00181
1843.61471 -0.00177
1843.85577 -0.00177
1844.09683 -0.00179
1844.33789 -0.00185
1844.57895 -0.0019
1844.82001 -0.00191
1845.06106 -0.00187
1845.30212 -0.0018
1845.54318 -0.00172
1845.78424 -0.00167
1846.0253 -0.00167
1846.26636 -0.00175
1846.50742 -0.00185
1846.74847 -0.00189
1846.98953 -0.00187
1847.23059 -0.00179
1847.47165 -0.00171
1847.71271 -0.00164
1847.95377 -0.00161
1848.19482 -0.00165
1848.43588 -0.00173
1848.67694 -0.00181
1848.918 -0.00187
1849.15906 -0.00189
1849.40011 -0.00187
1849.64117 -0.00182
1849.88223 -0.00175
1850.12329 -0.00167
1850.36435 -0.00163
1850.60541 -0.00166
1850.84647 -0.00175
1851.08752 -0.00183
1851.32858 -0.00186
1851.56964 -0.00185
1851.8107 -0.00179
1852.05176 -0.00172
1852.29282 -0.00165
1852.53388 -0.00162
1852.77493 -0.00164
1853.01599 -0.00171
1853.25705 -0.00177
1853.49811 -0.0018
1853.73917 -0.00178
1853.98023 -0.00171
1854.22128 -0.00163
1854.46234 -0.00157
1854.7034 -0.00156
1854.94446 -0.00157
1855.18552 -0.00161
1855.42658 -0.00167
1855.66763 -0.00173
1855.90869 -0.00175
1856.14975 -0.0017
1856.39081 -0.00162
1856.63187 -0.00153
1856.87293 -0.00148
1857.11399 -0.00149
1857.35504 -0.00157
1857.5961 -0.00167
1857.83716 -0.00172
1858.07822 -0.00169
1858.31928 -0.00161
1858.56033 -0.00153
1858.80139 -0.00148
1859.04245 -0.00148
1859.28351 -0.00151
1859.52457 -0.00157
1859.76563 -0.00162
1860.00669 -0.00166
1860.24774 -0.00165
1860.4888 -0.00159
1860.72986 -0.00151
1860.97092 -0.00143
1861.21198 -0.00139
1861.45304 -0.0014
1861.69409 -0.00145
1861.93515 -0.00152
1862.17621 -0.00159
1862.41727 -0.0016
1862.65833 -0.00154
1862.89939 -0.00145
1863.14045 -0.00137
1863.3815 -0.00133
1863.62256 -0.00136
1863.86362 -0.00144
1864.10468 -0.00154
1864.34574 -0.0016
1864.58679 -0.0016
1864.82785 -0.00153
1865.06891 -0.00141
1865.30997 -0.00131
1865.55103 -0.00128
1865.79209 -0.00132
1866.03315 -0.00139
1866.2742 -0.00147
1866.51526 -0.00151
1866.75632 -0.00151
1866.99738 -0.00148
1867.23844 -0.00142
1867.4795 -0.00137
1867.72056 -0.00132
1867.96161 -0.00129
1868.20267 -0.0013
1868.44373 -0.00134
1868.68479 -0.00139
1868.92585 -0.00141
1869.16691 -0.00138
1869.40796 -0.00131
1869.64902 -0.00123
1869.89008 -0.00118
1870.13114 -0.00115
1870.3722 -0.00117
1870.61326 -0.00123
1870.85431 -0.0013
1871.09537 -0.00134
1871.33643 -0.00131
1871.57749 -0.00125
1871.81855 -0.00117
1872.05961 -0.00111
1872.30066 -0.0011
1872.54172 -0.00115
1872.78278 -0.00124
1873.02384 -0.00132
1873.2649 -0.00135
1873.50596 -0.00132
1873.74701 -0.00125
1873.98807 -0.00116
1874.22913 -0.00108
1874.47019 -0.00106
1874.71125 -0.00109
1874.95231 -0.00116
1875.19337 -0.00123
1875.43442 -0.00127
1875.67548 -0.00125
1875.91654 -0.00119
1876.1576 -0.0011
1876.39866 -0.00102
1876.63972 -9.89962E-4
1876.88077 -0.00102
1877.12183 -0.0011
1877.36289 -0.00119
1877.60395 -0.00125
1877.84501 -0.00124
1878.08607 -0.00116
1878.32713 -0.00106
1878.56818 -9.80595E-4
1878.80924 -9.532E-4
1879.0503 -9.63839E-4
1879.29136 -0.00101
1879.53242 -0.00107
1879.77348 -0.00113
1880.01453 -0.00114
1880.25559 -0.0011
1880.49665 -0.00103
1880.73771 -9.60265E-4
1880.97877 -9.10177E-4
1881.21983 -8.97124E-4
1881.46088 -9.32105E-4
1881.70194 -0.001
1881.943 -0.00107
1882.18406 -0.00109
1882.42512 -0.00105
1882.66618 -9.77531E-4
1882.90723 -9.11721E-4
1883.14829 -8.68946E-4
1883.38935 -8.59206E-4
1883.63041 -8.97502E-4
1883.87147 -9.69832E-4
1884.11253 -0.00103
1884.35359 -0.00103
1884.59464 -9.64037E-4
1884.8357 -8.76509E-4
1885.07676 -8.04017E-4
1885.31782 -7.70561E-4
1885.55888 -7.93141E-4
1885.79994 -8.66756E-4
1886.04099 -9.53408E-4
1886.28205 -0.00102
1886.52311 -0.00102
1886.76417 -9.76578E-4
1887.00523 -8.92374E-4
1887.24629 -8.04206E-4
1887.48734 -7.45075E-4
1887.7284 -7.3698E-4
1887.96946 -7.82922E-4
1888.21052 -8.549E-4
1888.45158 -9.15915E-4
1888.69264 -9.46966E-4
1888.93369 -9.41055E-4
1889.17475 -8.9318E-4
1889.41581 -8.14342E-4
1889.65687 -7.39541E-4
1889.89793 -7.09778E-4
1890.13899 -7.44051E-4
1890.38005 -8.21362E-4
1890.6211 -8.9971E-4
1890.86216 -9.32096E-4
1891.10322 -8.86519E-4
1891.34428 -7.8098E-4
1891.58534 -6.75478E-4
1891.8264 -6.20014E-4
1892.06745 -6.27588E-4
1892.30851 -6.80199E-4
1892.54957 -7.44849E-4
1892.79063 -7.92536E-4
1893.03169 -8.11262E-4
1893.27275 -7.94025E-4
1893.5138 -7.36827E-4
1893.75486 -6.61667E-4
1893.99592 -6.04546E-4
1894.23698 -5.82463E-4
1894.47804 -5.94418E-4
1894.7191 -6.40412E-4
1894.96016 -7.07445E-4
1895.20121 -7.59516E-4
1895.44227 -7.64626E-4
1895.68333 -7.23776E-4
1895.92439 -6.50963E-4
1896.16545 -5.71191E-4
1896.4065 -5.28457E-4
1896.64756 -5.48762E-4
1896.88862 -6.14107E-4
1897.12968 -6.8849E-4
1897.37074 -7.36914E-4
1897.6118 -7.35376E-4
1897.85286 -6.79878E-4
1898.09391 -5.9242E-4
1898.33497 -5.10002E-4
1898.57603 -4.69623E-4
1898.81709 -4.87284E-4
1899.05815 -5.45985E-4
1899.29921 -6.09726E-4
1899.54027 -6.41507E-4
1899.78132 -6.28328E-4
1900.02238 -5.83189E-4
1900.26344 -5.33091E-4
1900.5045 -4.94033E-4
1900.74556 -4.75015E-4
1900.98662 -4.81038E-4
1901.22767 -5.24101E-4
1901.46873 -5.96205E-4
1901.70979 -6.5735E-4
1901.95085 -6.60535E-4
1902.19191 -5.96761E-4
1902.43297 -5.01028E-4
1902.67402 -4.12337E-4
1902.91508 -3.62686E-4
1903.15614 -3.72076E-4
1903.3972 -4.29508E-4
1903.63826 -4.95981E-4
1903.87932 -5.38495E-4
1904.12037 -5.43051E-4
1904.36143 -4.99648E-4
1904.60249 -4.19287E-4
1904.84355 -3.43967E-4
1905.08461 -3.0869E-4
1905.32567 -3.17454E-4
1905.56672 -3.67259E-4
1905.80778 -4.39107E-4
1906.04884 -4.90997E-4
1906.2899 -4.92929E-4
1906.53096 -4.43903E-4
1906.77202 -3.57919E-4
1907.01308 -2.68978E-4
1907.25413 -2.12079E-4
1907.49519 -2.08223E-4
1907.73625 -2.65409E-4
1907.97731 -3.54637E-4
1908.21837 -4.25909E-4
1908.45943 -4.40223E-4
1908.70048 -3.9158E-4
1908.94154 -3.03979E-4
1909.1826 -2.17422E-4
1909.42366 -1.64908E-4
1909.66472 -1.68437E-4
1909.90578 -2.31009E-4
1910.14684 -3.15625E-4
1910.38789 -3.75284E-4
1910.62895 -3.91986E-4
1910.87001 -3.67731E-4
1911.11107 -3.09521E-4
1911.35213 -2.36354E-4
1911.59318 -1.8523E-4
1911.83424 -1.7315E-4
1912.0753 -2.02115E-4
1912.31636 -2.55123E-4
1912.55742 -2.98175E-4
1912.79848 -3.02271E-4
1913.03954 -2.66412E-4
1913.28059 -2.16596E-4
1913.52165 -1.77825E-4
1913.76271 -1.43098E-4
1914.00377 -1.20416E-4
1914.24483 -1.38778E-4
1914.48589 -2.03185E-4
1914.72694 -2.68637E-4
1914.968 -2.87133E-4
1915.20906 -2.42674E-4
1915.45012 -1.5926E-4
1915.69118 -8.48906E-5
1915.93224 -4.95665E-5
1916.1733 -4.52874E-5
1916.41435 -6.70536E-5
1916.65541 -1.21865E-4
1916.89647 -2.00722E-4
1917.13753 -2.60624E-4
1917.37859 -2.62571E-4
1917.61965 -1.97565E-4
1917.8607 -9.46032E-5
1918.10176 -6.87675E-7
1918.34282 4.21822E-5
1918.58388 1.50061E-5
1918.82494 -6.32158E-5
1919.066 -1.45484E-4
1919.30705 -1.86798E-4
1919.54811 -1.68158E-4
1919.78917 -9.7564E-5
1920.03023 -8.01665E-6
1920.27129 5.84845E-5
1920.51235 8.59391E-5
1920.7534 8.33474E-5
1920.99446 4.57089E-5
1921.23552 -2.29761E-5
1921.47658 -8.17078E-5
1921.71764 -8.14864E-5
1921.9587 -2.13117E-5
1922.19976 5.58159E-5
1922.44081 1.12897E-4
1922.68187 1.3593E-4
1922.92293 1.16917E-4
1923.16399 5.68558E-5
1923.40505 -1.42523E-5
1923.64611 -6.24077E-5
1923.88716 -6.96107E-5
1924.12822 -3.68612E-5
1924.36928 2.08408E-5
1924.61034 8.14951E-5
1924.8514 1.28102E-4
1925.09246 1.4266E-4
1925.33351 1.06171E-4
1925.57457 3.76342E-5
1925.81563 -1.5951E-5
1926.05669 -2.95841E-5
1926.29775 -2.65593E-7
1926.53881 6.30048E-5
1926.77987 1.36227E-4
1927.02092 1.75401E-4
1927.26198 1.65527E-4
1927.50304 1.23605E-4
1927.7441 7.06356E-5
1927.98516 3.16178E-5
1928.22621 3.15521E-5
1928.46727 7.84386E-5
1928.70833 1.57277E-4
1928.94939 2.34068E-4
1929.19045 2.81812E-4
1929.43151 2.86507E-4
1929.67257 2.41155E-4
1929.91362 1.70756E-4
1930.15468 1.15308E-4
1930.39574 9.88138E-5
1930.6368 1.27272E-4
1930.87786 1.88682E-4
1931.11892 2.49046E-4
1931.35998 2.76362E-4
1931.60103 2.6163E-4
1931.84209 2.13852E-4
1932.08315 1.53026E-4
1932.32421 1.09153E-4
1932.56527 1.04233E-4
1932.80633 1.43266E-4
1933.04738 2.07252E-4
1933.28844 2.77191E-4
1933.5295 3.35083E-4
1933.77056 3.55929E-4
1934.01162 3.25727E-4
1934.25268 2.63479E-4
1934.49373 2.11184E-4
1934.73479 1.97842E-4
1934.97585 2.26454E-4
1935.21691 2.91019E-4
1935.45797 3.70537E-4
1935.69903 4.16009E-4
1935.94008 4.02435E-4
1936.18114 3.48814E-4
1936.4222 2.83147E-4
1936.66326 2.24433E-4
1936.90432 1.99673E-4
1937.14538 2.29867E-4
1937.38643 3.00015E-4
1937.62749 3.83116E-4
1937.86855 4.53171E-4
1938.10961 4.75181E-4
1938.35067 4.27144E-4
1938.59173 3.42061E-4
1938.83279 2.74933E-4
1939.07384 2.52758E-4
1939.3149 2.70538E-4
1939.55596 3.17271E-4
1939.79702 3.87959E-4
1940.03808 4.51602E-4
1940.27914 4.72198E-4
1940.52019 4.51749E-4
1940.76125 4.06255E-4
1941.00231 3.47715E-4
1941.24337 3.01129E-4
1941.48443 2.92498E-4
1941.72549 3.27821E-4
1941.96655 3.881E-4
1942.2076 4.51332E-4
1942.44866 4.9652E-4
1942.68972 4.96662E-4
1942.93078 4.48759E-4
1943.17184 3.85811E-4
1943.41289 3.44818E-4
1943.65395 3.4078E-4
1943.89501 3.69697E-4
1944.13607 4.25569E-4
1944.37713 4.94396E-4
1944.61819 5.40178E-4
1944.85925 5.36915E-4
1945.1003 4.88607E-4
1945.34136 4.14255E-4
1945.58242 3.47858E-4
1945.82348 3.31416E-4
1946.06454 3.7993E-4
1946.3056 4.71399E-4
1946.54665 5.60823E-4
1946.78771 6.03204E-4
1947.02877 5.74539E-4
1947.26983 4.9183E-4
1947.51089 4.00077E-4
1947.75195 3.4128E-4
1947.99301 3.36438E-4
1948.23406 3.87552E-4
1948.47512 4.75622E-4
1948.71618 5.62648E-4
1948.95724 6.1263E-4
1949.1983 6.13567E-4
1949.43936 5.77461E-4
1949.68041 5.16311E-4
1949.92147 4.49117E-4
1950.16253 4.08879E-4
1950.40359 4.25597E-4
1950.64465 4.93271E-4
1950.88571 5.78902E-4
1951.12676 6.43488E-4
1951.36782 6.61032E-4
1951.60888 6.25531E-4
1951.84994 5.62987E-4
1952.091 5.004E-4
1952.33206 4.65769E-4
1952.57311 4.81095E-4
1952.81417 5.37377E-4
1953.05523 5.94616E-4
1953.29629 6.21812E-4
1953.53735 6.14964E-4
1953.77841 5.94073E-4
1954.01947 5.73139E-4
1954.26052 5.54162E-4
1954.50158 5.47142E-4
1954.74264 5.67079E-4
1954.9837 6.13973E-4
1955.22476 6.72824E-4
1955.46582 7.29632E-4
1955.70687 7.57397E-4
1955.94793 7.33119E-4
1956.18899 6.60799E-4
1956.43005 5.81436E-4
1956.67111 5.4203E-4
1956.91217 5.69581E-4
1957.15322 6.4809E-4
1957.39428 7.19557E-4
1957.63534 7.32981E-4
1957.8764 6.97362E-4
1958.11746 6.55701E-4
1958.35852 6.21998E-4
1958.59958 5.91252E-4
1958.84063 5.84464E-4
1959.08169 6.19634E-4
1959.32275 6.81762E-4
1959.56381 7.38847E-4
1959.80487 7.7089E-4
1960.04592 7.55892E-4
1960.28698 6.89851E-4
1960.52804 6.03768E-4
1960.7691 5.45644E-4
1961.01016 5.43477E-4
1961.25122 5.87269E-4
1961.49228 6.53019E-4
1961.73333 7.24727E-4
1961.97439 7.83393E-4
1962.21545 8.11018E-4
1962.45651 7.93601E-4
1962.69757 7.34143E-4
1962.93863 6.55643E-4
1963.17969 5.93101E-4
1963.42074 5.74518E-4
1963.6618 6.10894E-4
1963.90286 6.86228E-4
1964.14392 7.62521E-4
1964.38498 8.07773E-4
1964.62604 8.03984E-4
1964.86709 7.49153E-4
1965.10815 6.69281E-4
1965.34921 6.12369E-4
1965.59027 6.07415E-4
1965.83133 6.5642E-4
1966.07239 7.42384E-4
1966.31344 8.25307E-4
1966.5545 8.73189E-4
1966.79556 8.74031E-4
1967.03662 8.32832E-4
1967.27768 7.71592E-4
1967.51874 7.14311E-4
1967.75979 6.8399E-4
1968.00085 7.05628E-4
1968.24191 7.78225E-4
1968.48297 8.60782E-4
1968.72403 8.98299E-4
1968.96509 8.70775E-4
1969.20615 7.9721E-4
1969.4472 7.21606E-4
1969.68826 6.79961E-4
1969.92932 6.93275E-4
1970.17038 7.5855E-4
1970.41144 8.47784E-4
1970.6525 9.24979E-4
1970.89355 9.68133E-4
1971.13461 9.65247E-4
1971.37567 9.19321E-4
1971.61673 8.53356E-4
1971.85779 8.0135E-4
1972.09885 7.82304E-4
1972.3399 7.98219E-4
1972.58096 8.46094E-4
1972.82202 9.09929E-4
1973.06308 9.61725E-4
1973.30414 9.79481E-4
1973.5452 9.51197E-4
1973.78626 8.78874E-4
1974.02731 7.99511E-4
1974.26837 7.65108E-4
1974.50943 8.00667E-4
1974.75049 8.85186E-4
1974.99155 9.78665E-4
1975.2326 0.00104
1975.47366 0.00104
1975.71472 9.90869E-4
1975.95578 9.17192E-4
1976.19684 8.48475E-4
1976.4379 8.2072E-4
1976.67896 8.52925E-4
1976.92001 9.24092E-4
1977.16107 0.001
1977.40213 0.00105
1977.64319 0.00105
1977.88425 0.00101
1978.12531 9.53342E-4
1978.36636 8.80276E-4
1978.60742 8.37171E-4
1978.84848 8.57027E-4
1979.08954 9.15845E-4
1979.3306 9.80624E-4
1979.57166 0.00104
1979.81272 0.00105
1980.05377 9.97731E-4
1980.29483 9.27357E-4
1980.53589 8.97944E-4
1980.77695 9.15493E-4
1981.01801 9.60004E-4
1981.25907 0.00102
1981.50012 0.00109
1981.74118 0.00113
1981.98224 0.00113
1982.2233 0.00108
1982.46436 0.001
1982.70542 9.19512E-4
1982.94647 8.78719E-4
1983.18753 9.03888E-4
1983.42859 9.73019E-4
1983.66965 0.00105
1983.91071 0.00111
1984.15177 0.00113
1984.39282 0.0011
1984.63388 0.00105
1984.87494 9.86013E-4
1985.116 9.35881E-4
1985.35706 9.18711E-4
1985.59812 9.63504E-4
1985.83918 0.00106
1986.08023 0.00116
1986.32129 0.00121
1986.56235 0.00119
1986.80341 0.00113
1987.04447 0.00105
1987.28553 9.95011E-4
1987.52658 9.91506E-4
1987.76764 0.00103
1988.0087 0.00111
1988.24976 0.00118
1988.49082 0.00121
1988.73188 0.00117
1988.97293 0.00111
1989.21399 0.00104
1989.45505 9.8314E-4
1989.69611 9.79304E-4
1989.93717 0.00103
1990.17823 0.00111
1990.41928 0.00117
1990.66034 0.00119
1990.9014 0.00114
1991.14246 0.00107
1991.38352 0.00101
1991.62458 9.66302E-4
1991.86564 9.42139E-4
1992.10669 9.53939E-4
1992.34775 0.00102
1992.58881 0.00113
1992.82987 0.00119
1993.07093 0.00118
1993.31199 0.00112
1993.55304 0.00108
1993.7941 0.00106
1994.03516 0.00105
1994.27622 0.00105
1994.51728 0.00107
1994.75834 0.00112
1994.9994 0.00117
1995.24045 0.00119
1995.48151 0.00118
1995.72257 0.00114
1995.96363 0.00109
1996.20469 0.00105
1996.44575 0.00106
1996.6868 0.00111
1996.92786 0.00117
1997.16892 0.0012
1997.40998 0.0012
1997.65104 0.00116
1997.8921 0.00113
1998.13315 0.00111
1998.37421 0.0011
1998.61527 0.00111
1998.85633 0.00114
1999.09739 0.00119
1999.33845 0.00123
1999.5795 0.00122
1999.82056 0.00117
2000.06162 0.00111
2000.30268 0.00107
2000.54374 0.00106
2000.7848 0.00109
2001.02586 0.00115
2001.26691 0.00122
2001.50797 0.00127
2001.74903 0.00126
2001.99009 0.00121
2002.23115 0.00114
2002.47221 0.00109
2002.71326 0.00108
2002.95432 0.0011
2003.19538 0.00114
2003.43644 0.0012
2003.6775 0.00126
2003.91856 0.0013
2004.15961 0.00129
2004.40067 0.00125
2004.64173 0.00121
2004.88279 0.00119
2005.12385 0.0012
2005.36491 0.00124
2005.60597 0.00129
2005.84702 0.00132
2006.08808 0.00132
2006.32914 0.00127
2006.5702 0.0012
2006.81126 0.00116
2007.05231 0.00115
2007.29337 0.00117
2007.53443 0.00121
2007.77549 0.00126
2008.01655 0.0013
2008.25761 0.00132
2008.49867 0.0013
2008.73972 0.00125
2008.98078 0.00119
2009.22184 0.00116
2009.4629 0.00116
2009.70396 0.00119
2009.94502 0.00125
2010.18607 0.0013
2010.42713 0.00134
2010.66819 0.00134
2010.90925 0.0013
2011.15031 0.00125
2011.39137 0.00122
2011.63243 0.00121
2011.87348 0.00122
2012.11454 0.00128
2012.3556 0.00135
2012.59666 0.00141
2012.83772 0.00141
2013.07878 0.00137
2013.31983 0.0013
2013.56089 0.00123
2013.80195 0.0012
2014.04301 0.00124
2014.28407 0.00133
2014.52513 0.00141
2014.76618 0.00145
2015.00724 0.00144
2015.2483 0.00139
2015.48936 0.00131
2015.73042 0.00126
2015.97148 0.00125
2016.21253 0.00129
2016.45359 0.00137
2016.69465 0.00145
2016.93571 0.00149
2017.17677 0.00147
2017.41783 0.00143
2017.65889 0.00137
2017.89994 0.00132
2018.141 0.0013
2018.38206 0.00132
2018.62312 0.00137
2018.86418 0.00144
2019.10524 0.00148
2019.34629 0.00149
2019.58735 0.00148
2019.82841 0.00145
2020.06947 0.00139
2020.31053 0.00134
2020.55159 0.00135
2020.79264 0.00141
2021.0337 0.00148
2021.27476 0.00155
2021.51582 0.00158
2021.75688 0.00157
2021.99794 0.00151
2022.23899 0.00143
2022.48005 0.00137
2022.72111 0.00137
2022.96217 0.00143
2023.20323 0.00149
2023.44429 0.00154
2023.68535 0.00157
2023.9264 0.00158
2024.16746 0.00155
2024.40852 0.00149
2024.64958 0.00143
2024.89064 0.00141
2025.1317 0.00145
2025.37275 0.00152
2025.61381 0.00158
2025.85487 0.0016
2026.09593 0.00158
2026.33699 0.00152
2026.57805 0.00145
2026.81911 0.00141
2027.06016 0.00143
2027.30122 0.00151
2027.54228 0.00161
2027.78334 0.00169
2028.0244 0.00171
2028.26546 0.00167
2028.50651 0.00159
2028.74757 0.00152
2028.98863 0.00149
2029.22969 0.0015
2029.47075 0.00154
2029.71181 0.00158
2029.95286 0.00162
2030.19392 0.00164
2030.43498 0.00164
2030.67604 0.0016
2030.9171 0.00154
2031.15816 0.00151
2031.39921 0.00152
2031.64027 0.00157
2031.88133 0.00165
2032.12239 0.00172
2032.36345 0.00176
2032.60451 0.00174
2032.84557 0.00168
2033.08662 0.0016
2033.32768 0.00155
2033.56874 0.00153
2033.8098 0.00156
2034.05086 0.00164
2034.29192 0.00172
2034.53297 0.00175
2034.77403 0.00175
2035.01509 0.00172
2035.25615 0.00169
2035.49721 0.00165
2035.73827 0.00164
2035.97932 0.00167
2036.22038 0.00171
2036.46144 0.00176
2036.7025 0.0018
2036.94356 0.0018
2037.18462 0.00176
2037.42568 0.00172
2037.66673 0.0017
2037.90779 0.0017
2038.14885 0.00172
2038.38991 0.00176
2038.63097 0.00181
2038.87202 0.00187
2039.11308 0.00189
2039.35414 0.00184
2039.5952 0.00177
2039.83626 0.00172
2040.07732 0.00169
2040.31838 0.00171
2040.55943 0.00177
2040.80049 0.00186
2041.04155 0.00192
2041.28261 0.00192
2041.52367 0.00188
2041.76473 0.00181
2042.00578 0.00174
2042.24684 0.00171
2042.4879 0.00172
2042.72896 0.00178
2042.97002 0.00187
2043.21108 0.00194
2043.45214 0.00195
2043.69319 0.0019
2043.93425 0.00183
2044.17531 0.00177
2044.41637 0.00175
2044.65743 0.00177
2044.89848 0.00183
2045.13954 0.00191
2045.3806 0.00196
2045.62166 0.00197
2045.86272 0.00196
2046.10378 0.0019
2046.34484 0.00184
2046.58589 0.00181
2046.82695 0.00183
2047.06801 0.00188
2047.30907 0.00194
2047.55013 0.00199
2047.79119 0.00201
2048.03224 0.00201
2048.2733 0.00195
2048.51436 0.00189
2048.75542 0.00185
2048.99648 0.00185
2049.23754 0.00189
2049.4786 0.00195
2049.71965 0.002
2049.96071 0.00203
2050.20177 0.00201
2050.44283 0.00194
2050.68389 0.00186
2050.92495 0.00182
2051.166 0.00185
2051.40706 0.00192
2051.64812 0.00199
2051.88918 0.00204
2052.13024 0.00206
2052.3713 0.00205
2052.61235 0.002
2052.85341 0.00194
2053.09447 0.00192
2053.33553 0.00195
2053.57659 0.00202
2053.81765 0.00208
2054.0587 0.00213
2054.29976 0.00215
2054.54082 0.00215
2054.78188 0.0021
2055.02294 0.00204
2055.264 0.00197
2055.50506 0.00195
2055.74611 0.00198
2055.98717 0.00205
2056.22823 0.00213
2056.46929 0.00219
2056.71035 0.00219
2056.95141 0.00214
2057.19246 0.00207
2057.43352 0.00202
2057.67458 0.002
2057.91564 0.00204
2058.1567 0.00212
2058.39776 0.0022
2058.63881 0.00222
2058.87987 0.00219
2059.12093 0.00214
2059.36199 0.00208
2059.60305 0.00205
2059.84411 0.00204
2060.08517 0.00208
2060.32622 0.00214
2060.56728 0.00223
2060.80834 0.00229
2061.0494 0.00231
2061.29046 0.00228
2061.53152 0.00225
2061.77257 0.00222
2062.01363 0.00221
2062.25469 0.00221
2062.49575 0.00224
2062.73681 0.00229
2062.97787 0.00233
2063.21892 0.00232
2063.45998 0.00227
2063.70104 0.0022
2063.9421 0.00217
2064.18316 0.00218
2064.42422 0.00222
2064.66527 0.00228
2064.90633 0.00235
2065.14739 0.00241
2065.38845 0.00245
2065.62951 0.00244
2065.87057 0.0024
2066.11163 0.00235
2066.35268 0.00232
2066.59374 0.00231
2066.8348 0.00233
2067.07586 0.00239
2067.31692 0.00244
2067.55798 0.00247
2067.79903 0.00247
2068.04009 0.00243
2068.28115 0.00237
2068.52221 0.00232
2068.76327 0.00231
2069.00433 0.00235
2069.24539 0.00242
2069.48644 0.00249
2069.7275 0.00254
2069.96856 0.00254
2070.20962 0.00249
2070.45068 0.00244
2070.69173 0.00241
2070.93279 0.00243
2071.17385 0.00248
2071.41491 0.00254
2071.65597 0.0026
2071.89703 0.00262
2072.13809 0.00261
2072.37914 0.00255
2072.6202 0.0025
2072.86126 0.00247
2073.10232 0.00249
2073.34338 0.00254
2073.58444 0.00262
2073.82549 0.00267
2074.06655 0.0027
2074.30761 0.0027
2074.54867 0.00267
2074.78973 0.00264
2075.03079 0.00261
2075.27185 0.00261
2075.5129 0.00265
2075.75396 0.00272
2075.99502 0.00279
2076.23608 0.00282
2076.47714 0.0028
2076.71819 0.00274
2076.95925 0.00269
2077.20031 0.00267
2077.44137 0.00268
2077.68243 0.00273
2077.92349 0.00283
2078.16455 0.00292
2078.4056 0.00296
2078.64666 0.00294
2078.88772 0.00291
2079.12878 0.00287
2079.36984 0.00283
2079.6109 0.00282
2079.85196 0.00284
2080.09301 0.0029
2080.33407 0.00298
2080.57513 0.00303
2080.81619 0.00304
2081.05725 0.00301
2081.2983 0.00294
2081.53936 0.00289
2081.78042 0.00288
2082.02148 0.00291
2082.26254 0.00297
2082.5036 0.00302
2082.74466 0.00306
2082.98571 0.00308
2083.22677 0.00308
2083.46783 0.00308
2083.70889 0.00305
2083.94995 0.00303
2084.19101 0.00302
2084.43206 0.00306
2084.67312 0.00312
2084.91418 0.00318
2085.15524 0.0032
2085.3963 0.00319
2085.63736 0.00316
2085.87842 0.00311
2086.11947 0.00308
2086.36053 0.00311
2086.60159 0.00319
2086.84265 0.00327
2087.08371 0.00331
2087.32476 0.00333
2087.56582 0.00332
2087.80688 0.00328
2088.04794 0.00323
2088.289 0.00321
2088.53006 0.00325
2088.77112 0.00332
2089.01217 0.00341
2089.25323 0.00348
2089.49429 0.0035
2089.73535 0.00347
2089.97641 0.00341
2090.21747 0.00338
2090.45853 0.00339
2090.69958 0.00342
2090.94064 0.00346
2091.1817 0.0035
2091.42276 0.00355
2091.66382 0.00359
2091.90488 0.0036
2092.14593 0.00356
2092.38699 0.00351
2092.62805 0.00347
2092.86911 0.00347
2093.11017 0.00353
2093.35123 0.00362
2093.59228 0.0037
2093.83334 0.00375
2094.0744 0.00375
2094.31546 0.00371
2094.55652 0.00366
2094.79758 0.00362
2095.03863 0.00362
2095.27969 0.00366
2095.52075 0.00373
2095.76181 0.00379
2096.00287 0.00383
2096.24393 0.00385
2096.48499 0.00383
2096.72604 0.0038
2096.9671 0.00377
2097.20816 0.00377
2097.44922 0.0038
2097.69028 0.00386
2097.93134 0.00394
2098.17239 0.004
2098.41345 0.00401
2098.65451 0.00397
2098.89557 0.0039
2099.13663 0.00383
2099.37769 0.0038
2099.61874 0.00384
2099.8598 0.00395
2100.10086 0.00406
2100.34192 0.00412
2100.58298 0.00412
2100.82404 0.0041
2101.06509 0.00405
2101.30615 0.004
2101.54721 0.00401
2101.78827 0.00405
2102.02933 0.00411
2102.27039 0.0042
2102.51145 0.00428
2102.7525 0.00429
2102.99356 0.00424
2103.23462 0.00417
2103.47568 0.00413
2103.71674 0.00413
2103.9578 0.00415
2104.19885 0.00421
2104.43991 0.00428
2104.68097 0.00435
2104.92203 0.00438
2105.16309 0.00438
2105.40415 0.00434
2105.6452 0.00429
2105.88626 0.00428
2106.12732 0.00434
2106.36838 0.00442
2106.60944 0.00449
2106.8505 0.00455
2107.09156 0.00458
2107.33261 0.00457
2107.57367 0.00453
2107.81473 0.00448
2108.05579 0.00447
2108.29685 0.00449
2108.53791 0.00455
2108.77896 0.00465
2109.02002 0.00474
2109.26108 0.00477
2109.50214 0.00474
2109.7432 0.00467
2109.98426 0.00459
2110.22531 0.00456
2110.46637 0.00459
2110.70743 0.00468
2110.94849 0.00478
2111.18955 0.00486
2111.43061 0.0049
2111.67166 0.00489
2111.91272 0.00485
2112.15378 0.00481
2112.39484 0.00481
2112.6359 0.00484
2112.87696 0.0049
2113.11802 0.00497
2113.35907 0.00503
2113.60013 0.00507
2113.84119 0.00506
2114.08225 0.00501
2114.32331 0.00496
2114.56437 0.00493
2114.80542 0.00495
2115.04648 0.005
2115.28754 0.00508
2115.5286 0.00518
2115.76966 0.00527
2116.01072 0.0053
2116.25177 0.00527
2116.49283 0.00521
2116.73389 0.00516
2116.97495 0.00517
2117.21601 0.00524
2117.45707 0.00534
2117.69812 0.00542
2117.93918 0.00548
2118.18024 0.00551
2118.4213 0.0055
2118.66236 0.00546
2118.90342 0.00543
2119.14448 0.00544
2119.38553 0.00551
2119.62659 0.00558
2119.86765 0.00562
2120.10871 0.00565
2120.34977 0.00568
2120.59083 0.00569
2120.83188 0.00566
2121.07294 0.0056
2121.314 0.00557
2121.55506 0.0056
2121.79612 0.00569
2122.03718 0.0058
2122.27824 0.0059
2122.51929 0.00596
2122.76035 0.00596
2123.00141 0.00592
2123.24247 0.00586
2123.48353 0.00585
2123.72458 0.00589
2123.96564 0.00597
2124.2067 0.00606
2124.44776 0.00615
2124.68882 0.00619
2124.92988 0.00617
2125.17094 0.0061
2125.41199 0.00605
2125.65305 0.00605
2125.89411 0.00608
2126.13517 0.00615
2126.37623 0.00625
2126.61729 0.00634
2126.85834 0.00638
2127.0994 0.00636
2127.34046 0.00631
2127.58152 0.00628
2127.82258 0.00631
2128.06364 0.00637
2128.30469 0.00647
2128.54575 0.00657
2128.78681 0.00664
2129.02787 0.00668
2129.26893 0.00666
2129.50999 0.00662
2129.75105 0.00658
2129.9921 0.00657
2130.23316 0.00661
2130.47422 0.0067
2130.71528 0.0068
2130.95634 0.00687
2131.1974 0.00689
2131.43845 0.00688
2131.67951 0.00687
2131.92057 0.00686
2132.16163 0.00688
2132.40269 0.00692
2132.64375 0.007
2132.88481 0.00709
2133.12586 0.00717
2133.36692 0.00721
2133.60798 0.00721
2133.84904 0.00719
2134.0901 0.00716
2134.33115 0.00716
2134.57221 0.00719
2134.81327 0.00727
2135.05433 0.00737
2135.29539 0.00747
2135.53645 0.00751
2135.77751 0.0075
2136.01856 0.00744
2136.25962 0.0074
2136.50068 0.0074
2136.74174 0.00744
2136.9828 0.00753
2137.22386 0.00764
2137.46492 0.00774
2137.70597 0.00779
2137.94703 0.00778
2138.18809 0.00775
2138.42915 0.00773
2138.67021 0.00774
2138.91127 0.00779
2139.15232 0.00785
2139.39338 0.00795
2139.63444 0.00803
2139.8755 0.00808
2140.11656 0.00809
2140.35761 0.00808
2140.59867 0.00806
2140.83973 0.00803
2141.08079 0.00804
2141.32185 0.0081
2141.56291 0.00819
2141.80397 0.00828
2142.04502 0.00834
2142.28608 0.00836
2142.52714 0.00836
2142.7682 0.00833
2143.00926 0.0083
2143.25032 0.00831
2143.49138 0.00835
2143.73243 0.00843
2143.97349 0.00851
2144.21455 0.00859
2144.45561 0.00864
2144.69667 0.00866
2144.93772 0.00863
2145.17878 0.0086
2145.41984 0.0086
2145.6609 0.00866
2145.90196 0.00876
2146.14302 0.00886
2146.38408 0.00892
2146.62513 0.00893
2146.86619 0.00892
2147.10725 0.0089
2147.34831 0.00888
2147.58937 0.00888
2147.83043 0.00894
2148.07148 0.00904
2148.31254 0.00913
2148.5536 0.00919
2148.79466 0.00922
2149.03572 0.00922
2149.27678 0.00917
2149.51784 0.00913
2149.75889 0.00913
2149.99995 0.00918
2150.24101 0.00926
2150.48207 0.00937
2150.72313 0.00947
2150.96418 0.00952
2151.20524 0.00952
2151.4463 0.00949
2151.68736 0.00947
2151.92842 0.00948
2152.16948 0.00954
2152.41054 0.00963
2152.65159 0.00972
2152.89265 0.0098
2153.13371 0.00984
2153.37477 0.00986
2153.61583 0.00983
2153.85689 0.0098
2154.09795 0.00978
2154.339 0.0098
2154.58006 0.00985
2154.82112 0.00993
2155.06218 0.01002
2155.30324 0.01009
2155.5443 0.01011
2155.78535 0.01009
2156.02641 0.01007
2156.26747 0.01007
2156.50853 0.0101
2156.74959 0.01016
2156.99065 0.01023
2157.2317 0.01029
2157.47276 0.01035
2157.71382 0.01038
2157.95488 0.01038
2158.19594 0.01036
2158.437 0.01034
2158.67805 0.01035
2158.91911 0.01039
2159.16017 0.01047
2159.40123 0.01055
2159.64229 0.01061
2159.88335 0.01063
2160.12441 0.01059
2160.36546 0.01053
2160.60652 0.0105
2160.84758 0.01053
2161.08864 0.0106
2161.3297 0.01069
2161.57076 0.01079
2161.81181 0.01088
2162.05287 0.01092
2162.29393 0.01091
2162.53499 0.01088
2162.77605 0.01085
2163.01711 0.01085
2163.25816 0.0109
2163.49922 0.01099
2163.74028 0.01108
2163.98134 0.01114
2164.2224 0.01118
2164.46346 0.01117
2164.70451 0.01113
2164.94557 0.0111
2165.18663 0.01113
2165.42769 0.01121
2165.66875 0.01132
2165.90981 0.01141
2166.15087 0.01146
2166.39192 0.01148
2166.63298 0.01146
2166.87404 0.01141
2167.1151 0.01134
2167.35616 0.01132
2167.59722 0.01136
2167.83827 0.01146
2168.07933 0.01159
2168.32039 0.01169
2168.56145 0.01172
2168.80251 0.01167
2169.04357 0.01162
2169.28462 0.01159
2169.52568 0.01159
2169.76674 0.01163
2170.0078 0.01171
2170.24886 0.0118
2170.48992 0.01187
2170.73097 0.01192
2170.97203 0.01193
2171.21309 0.01191
2171.45415 0.01188
2171.69521 0.01187
2171.93627 0.01191
2172.17733 0.01198
2172.41838 0.01207
2172.65944 0.01213
2172.9005 0.01214
2173.14156 0.01211
2173.38262 0.01208
2173.62368 0.01208
2173.86473 0.01208
2174.10579 0.01209
2174.34685 0.01214
2174.58791 0.01221
2174.82897 0.01227
2175.07003 0.01231
2175.31108 0.0123
2175.55214 0.01227
2175.7932 0.01224
2176.03426 0.01224
2176.27532 0.01226
2176.51638 0.01232
2176.75744 0.01238
2176.99849 0.01245
2177.23955 0.0125
2177.48061 0.01251
2177.72167 0.0125
2177.96273 0.01247
2178.20379 0.01246
2178.44484 0.01248
2178.6859 0.01255
2178.92696 0.01264
2179.16802 0.01272
2179.40908 0.01275
2179.65014 0.01273
2179.8912 0.01269
2180.13225 0.01266
2180.37331 0.01266
2180.61437 0.01269
2180.85543 0.01276
2181.09649 0.01285
2181.33754 0.01293
2181.5786 0.01296
2181.81966 0.01295
2182.06072 0.01293
2182.30178 0.0129
2182.54284 0.01287
2182.7839 0.01286
2183.02495 0.0129
2183.26601 0.01299
2183.50707 0.01308
2183.74813 0.01313
2183.98919 0.01313
2184.23025 0.0131
2184.4713 0.01306
2184.71236 0.01303
2184.95342 0.01303
2185.19448 0.01308
2185.43554 0.01315
2185.6766 0.01321
2185.91766 0.01327
2186.15871 0.01331
2186.39977 0.01332
2186.64083 0.01329
2186.88189 0.01325
2187.12295 0.01323
2187.364 0.01327
2187.60506 0.01336
2187.84612 0.01347
2188.08718 0.01354
2188.32824 0.01355
2188.5693 0.01351
2188.81036 0.01345
2189.05141 0.01341
2189.29247 0.01341
2189.53353 0.01345
2189.77459 0.0135
2190.01565 0.01355
2190.25671 0.0136
2190.49777 0.01363
2190.73882 0.01363
2190.97988 0.01361
2191.22094 0.01358
2191.462 0.01356
2191.70306 0.01359
2191.94411 0.01366
2192.18517 0.01373
2192.42623 0.01377
2192.66729 0.01379
2192.90835 0.01377
2193.14941 0.01373
2193.39046 0.01368
2193.63152 0.01366
2193.87258 0.01367
2194.11364 0.01372
2194.3547 0.0138
2194.59576 0.01389
2194.83682 0.01394
2195.07787 0.01394
2195.31893 0.01392
2195.55999 0.0139
2195.80105 0.01388
2196.04211 0.0139
2196.28317 0.01394
2196.52423 0.01398
2196.76528 0.014
2197.00634 0.014
2197.2474 0.01398
2197.48846 0.01394
2197.72952 0.01391
2197.97057 0.01388
2198.21163 0.01388
2198.45269 0.01394
2198.69375 0.01403
2198.93481 0.01409
2199.17587 0.01413
2199.41693 0.01414
2199.65798 0.01411
2199.89904 0.01405
2200.1401 0.014
2200.38116 0.01399
2200.62222 0.01403
2200.86328 0.0141
2201.10434 0.01418
2201.34539 0.01424
2201.58645 0.01425
2201.82751 0.01422
2202.06857 0.01416
2202.30963 0.01412
2202.55069 0.01413
2202.79174 0.01419
2203.0328 0.01426
2203.27386 0.01432
2203.51492 0.01434
2203.75598 0.01433
2203.99703 0.01427
2204.23809 0.01421
2204.47915 0.01419
2204.72021 0.01423
2204.96127 0.0143
2205.20233 0.01437
2205.44339 0.01443
2205.68444 0.01446
2205.9255 0.01445
2206.16656 0.01439
2206.40762 0.01431
2206.64868 0.01424
2206.88974 0.01423
2207.1308 0.01428
2207.37185 0.01435
2207.61291 0.01442
2207.85397 0.01447
2208.09503 0.01447
2208.33609 0.01442
2208.57715 0.01437
2208.8182 0.01434
2209.05926 0.01435
2209.30032 0.01437
2209.54138 0.01438
2209.78244 0.01441
2210.0235 0.01444
2210.26455 0.01445
2210.50561 0.01442
2210.74667 0.01438
2210.98773 0.01435
2211.22879 0.01433
2211.46985 0.01434
2211.7109 0.01438
2211.95196 0.01446
2212.19302 0.01452
2212.43408 0.01454
2212.67514 0.01451
2212.9162 0.01444
2213.15726 0.01438
2213.39831 0.01435
2213.63937 0.01437
2213.88043 0.01442
2214.12149 0.01447
2214.36255 0.0145
2214.6036 0.0145
2214.84466 0.01446
2215.08572 0.01439
2215.32678 0.01434
2215.56784 0.01432
2215.8089 0.01432
2216.04996 0.01437
2216.29101 0.01444
2216.53207 0.01452
2216.77313 0.01454
2217.01419 0.01451
2217.25525 0.01445
2217.49631 0.0144
2217.73737 0.01438
2217.97842 0.01438
2218.21948 0.0144
2218.46054 0.01443
2218.7016 0.01446
2218.94266 0.01447
2219.18372 0.01444
2219.42477 0.0144
2219.66583 0.01437
2219.90689 0.01434
2220.14795 0.01432
2220.38901 0.01434
2220.63007 0.01439
2220.87112 0.01444
2221.11218 0.01447
2221.35324 0.01446
2221.5943 0.0144
2221.83536 0.01433
2222.07642 0.01429
2222.31747 0.0143
2222.55853 0.01432
2222.79959 0.01435
2223.04065 0.01439
2223.28171 0.01441
2223.52277 0.0144
2223.76383 0.01436
2224.00488 0.01431
2224.24594 0.01426
2224.487 0.01422
2224.72806 0.01423
2224.96912 0.0143
2225.21018 0.01438
2225.45123 0.01439
2225.69229 0.01433
2225.93335 0.01423
2226.17441 0.01415
2226.41547 0.0141
2226.65653 0.01408
2226.89758 0.0141
2227.13864 0.01416
2227.3797 0.0142
2227.62076 0.01422
2227.86182 0.01421
2228.10288 0.01417
2228.34393 0.0141
2228.58499 0.01406
2228.82605 0.01405
2229.06711 0.01407
2229.30817 0.01411
2229.54923 0.01414
2229.79029 0.01415
2230.03134 0.01412
2230.2724 0.01408
2230.51346 0.01403
2230.75452 0.01396
2230.99558 0.01389
2231.23664 0.01385
2231.47769 0.01387
2231.71875 0.01392
2231.95981 0.01397
2232.20087 0.01397
2232.44193 0.01391
2232.68299 0.01383
2232.92405 0.01377
2233.1651 0.01375
2233.40616 0.01377
2233.64722 0.01382
2233.88828 0.01386
2234.12934 0.01388
2234.37039 0.01387
2234.61145 0.0138
2234.85251 0.01371
2235.09357 0.01365
2235.33463 0.01363
2235.57569 0.01364
2235.81675 0.01367
2236.0578 0.01369
2236.29886 0.01372
2236.53992 0.01373
2236.78098 0.0137
2237.02204 0.01362
2237.2631 0.01355
2237.50415 0.01351
2237.74521 0.01349
2237.98627 0.01348
2238.22733 0.01349
2238.46839 0.01351
2238.70945 0.01353
2238.9505 0.01353
2239.19156 0.0135
2239.43262 0.01344
2239.67368 0.01336
2239.91474 0.0133
2240.1558 0.01327
2240.39686 0.01327
2240.63791 0.01328
2240.87897 0.01329
2241.12003 0.01327
2241.36109 0.01324
2241.60215 0.01318
2241.84321 0.0131
2242.08426 0.01305
2242.32532 0.01304
2242.56638 0.01306
2242.80744 0.0131
2243.0485 0.01313
2243.28956 0.01311
2243.53062 0.01305
2243.77167 0.01296
2244.01273 0.01289
2244.25379 0.01284
2244.49485 0.01284
2244.73591 0.01287
2244.97696 0.0129
2245.21802 0.0129
2245.45908 0.01286
2245.70014 0.0128
2245.9412 0.01273
2246.18226 0.01268
2246.42332 0.01265
2246.66437 0.01265
2246.90543 0.01267
2247.14649 0.01268
2247.38755 0.01268
2247.62861 0.01266
2247.86967 0.01261
2248.11072 0.01253
2248.35178 0.01245
2248.59284 0.01241
2248.8339 0.0124
2249.07496 0.01241
2249.31602 0.01244
2249.55708 0.01243
2249.79813 0.01239
2250.03919 0.0123
2250.28025 0.0122
2250.52131 0.01212
2250.76237 0.01208
2251.00342 0.01209
2251.24448 0.01214
2251.48554 0.01218
2251.7266 0.01218
2251.96766 0.01212
2252.20872 0.01203
2252.44978 0.01197
2252.69083 0.01193
2252.93189 0.0119
2253.17295 0.01188
2253.41401 0.01188
2253.65507 0.0119
2253.89613 0.01191
2254.13719 0.0119
2254.37824 0.01185
2254.6193 0.01178
2254.86036 0.01169
2255.10142 0.01162
2255.34248 0.01159
2255.58354 0.01159
2255.82459 0.0116
2256.06565 0.0116
2256.30671 0.01158
2256.54777 0.01154
2256.78883 0.01147
2257.02988 0.01142
2257.27094 0.01139
2257.512 0.01138
2257.75306 0.01139
2257.99412 0.01141
2258.23518 0.01142
2258.47624 0.0114
2258.71729 0.01135
2258.95835 0.01128
2259.19941 0.01119
2259.44047 0.0111
2259.68153 0.01105
2259.92259 0.01106
2260.16365 0.0111
2260.4047 0.01114
2260.64576 0.01113
2260.88682 0.01109
2261.12788 0.01101
2261.36894 0.01094
2261.60999 0.01088
2261.85105 0.01085
2262.09211 0.01083
2262.33317 0.01081
2262.57423 0.01081
2262.81529 0.01081
2263.05635 0.01079
2263.2974 0.01072
2263.53846 0.01061
2263.77952 0.01051
2264.02058 0.01047
2264.26164 0.01048
2264.5027 0.01051
2264.74376 0.01053
2264.98481 0.01051
2265.22587 0.01045
2265.46693 0.01038
2265.70799 0.01032
2265.94905 0.01028
2266.19011 0.01028
2266.43116 0.01028
2266.67222 0.0103
2266.91328 0.01033
2267.15434 0.01035
2267.3954 0.01031
2267.63645 0.01022
2267.87751 0.01011
2268.11857 0.01001
2268.35963 0.00995
2268.60069 0.00994
2268.84175 0.00995
2269.08281 0.00996
2269.32386 0.00995
2269.56492 0.00993
2269.80598 0.00987
2270.04704 0.0098
2270.2881 0.00973
2270.52916 0.00969
2270.77022 0.00968
2271.01127 0.00969
2271.25233 0.00971
2271.49339 0.00971
2271.73445 0.00967
2271.97551 0.00961
2272.21657 0.00955
2272.45762 0.0095
2272.69868 0.00947
2272.93974 0.00945
2273.1808 0.00945
2273.42186 0.00945
2273.66292 0.00946
2273.90397 0.00943
2274.14503 0.00938
2274.38609 0.00931
2274.62715 0.00922
2274.86821 0.00914
2275.10927 0.00913
2275.35032 0.00915
2275.59138 0.00918
2275.83244 0.00915
2276.0735 0.00908
2276.31456 0.00899
2276.55562 0.0089
2276.79668 0.00881
2277.03773 0.00877
2277.27879 0.00878
2277.51985 0.00883
2277.76091 0.00886
2278.00197 0.00887
2278.24303 0.00886
2278.48408 0.00881
2278.72514 0.00873
2278.9662 0.00861
2279.20726 0.00851
2279.44832 0.00846
2279.68938 0.00846
2279.93043 0.00849
2280.17149 0.00852
2280.41255 0.0085
2280.65361 0.00844
2280.89467 0.00836
2281.13573 0.00829
2281.37678 0.00823
2281.61784 0.00819
2281.8589 0.00818
2282.09996 0.00819
2282.34102 0.00818
2282.58208 0.00816
2282.82314 0.00811
2283.06419 0.00802
2283.30525 0.00793
2283.54631 0.00787
2283.78737 0.00783
2284.02843 0.00782
2284.26949 0.00783
2284.51054 0.00785
2284.7516 0.00785
2284.99266 0.00783
2285.23372 0.00777
2285.47478 0.00768
2285.71584 0.00759
2285.95689 0.00753
2286.19795 0.00753
2286.43901 0.00755
2286.68007 0.00757
2286.92113 0.00757
2287.16219 0.00755
2287.40325 0.00751
2287.6443 0.00743
2287.88536 0.00734
2288.12642 0.00726
2288.36748 0.00724
2288.60854 0.00724
2288.8496 0.00725
2289.09065 0.00725
2289.33171 0.00723
2289.57277 0.00718
2289.81383 0.0071
2290.05489 0.00702
2290.29595 0.00695
2290.537 0.00692
2290.77806 0.00692
2291.01912 0.00694
2291.26018 0.00695
2291.50124 0.00694
2291.7423 0.00691
2291.98335 0.00685
2292.22441 0.00677
2292.46547 0.00669
2292.70653 0.00666
2292.94759 0.00666
2293.18865 0.00667
2293.42971 0.00666
2293.67076 0.00663
2293.91182 0.00659
2294.15288 0.00652
2294.39394 0.00645
2294.635 0.0064
2294.87606 0.00637
2295.11711 0.00637
2295.35817 0.00637
2295.59923 0.00635
2295.84029 0.00633
2296.08135 0.00629
2296.32241 0.00622
2296.56347 0.00614
2296.80452 0.00608
2297.04558 0.00607
2297.28664 0.00608
2297.5277 0.0061
2297.76876 0.0061
2298.00981 0.00606
2298.25087 0.00599
2298.49193 0.00591
2298.73299 0.00585
2298.97405 0.00582
2299.21511 0.00581
2299.45617 0.00583
2299.69722 0.00585
2299.93828 0.00585
2300.17934 0.00581
2300.4204 0.00574
2300.66146 0.00568
2300.90252 0.00562
2301.14357 0.00558
2301.38463 0.00556
2301.62569 0.00556
2301.86675 0.00556
2302.10781 0.00555
2302.34887 0.00552
2302.58993 0.00547
2302.83098 0.00542
2303.07204 0.00536
2303.3131 0.00532
2303.55416 0.00531
2303.79522 0.00532
2304.03627 0.00534
2304.27733 0.00533
2304.51839 0.00531
2304.75945 0.00528
2305.00051 0.00523
2305.24157 0.00516
2305.48263 0.00511
2305.72368 0.00509
2305.96474 0.00507
2306.2058 0.00505
2306.44686 0.00503
2306.68792 0.00501
2306.92898 0.00498
2307.17004 0.00491
2307.41109 0.00484
2307.65215 0.00477
2307.89321 0.00472
2308.13427 0.00471
2308.37533 0.00473
2308.61638 0.00474
2308.85744 0.00474
2309.0985 0.00472
2309.33956 0.00469
2309.58062 0.00461
2309.82168 0.00454
2310.06274 0.0045
2310.30379 0.0045
2310.54485 0.00452
2310.78591 0.00453
2311.02697 0.00451
2311.26803 0.00448
2311.50909 0.00444
2311.75014 0.00438
2311.9912 0.00432
2312.23226 0.00425
2312.47332 0.00421
2312.71438 0.00422
2312.95544 0.00424
2313.1965 0.00425
2313.43755 0.00422
2313.67861 0.00417
2313.91967 0.00412
2314.16073 0.00407
2314.40179 0.00402
2314.64284 0.00399
2314.8839 0.00398
2315.12496 0.00399
2315.36602 0.00399
2315.60708 0.00398
2315.84814 0.00396
2316.0892 0.00392
2316.33025 0.00386
2316.57131 0.0038
2316.81237 0.00376
2317.05343 0.00374
2317.29449 0.00374
2317.53555 0.00375
2317.77661 0.00373
2318.01766 0.00369
2318.25872 0.00365
2318.49978 0.00361
2318.74084 0.00359
2318.9819 0.00358
2319.22296 0.00357
2319.46401 0.00354
2319.70507 0.00352
2319.94613 0.00351
2320.18719 0.00348
2320.42825 0.00343
2320.66931 0.00338
2320.91036 0.00335
2321.15142 0.00333
2321.39248 0.00332
2321.63354 0.00332
2321.8746 0.00334
2322.11566 0.00335
2322.35671 0.00332
2322.59777 0.00326
2322.83883 0.00318
2323.07989 0.00311
2323.32095 0.00308
2323.56201 0.00308
2323.80307 0.00311
2324.04412 0.00314
2324.28518 0.00316
2324.52624 0.00314
2324.7673 0.00307
2325.00836 0.00297
2325.24942 0.00289
2325.49047 0.00286
2325.73153 0.00286
2325.97259 0.00288
2326.21365 0.00289
2326.45471 0.00288
2326.69577 0.00282
2326.93682 0.00273
2327.17788 0.00267
2327.41894 0.00266
2327.66 0.00267
2327.90106 0.0027
2328.14212 0.00273
2328.38317 0.00273
2328.62423 0.00267
2328.86529 0.00258
2329.10635 0.00252
2329.34741 0.00251
2329.58847 0.00253
2329.82953 0.00253
2330.07058 0.00252
2330.31164 0.00249
2330.5527 0.00245
2330.79376 0.00242
2331.03482 0.00239
2331.27588 0.00237
2331.51693 0.00232
2331.75799 0.00226
2331.99905 0.00222
2332.24011 0.0022
2332.48117 0.00219
2332.72223 0.00221
2332.96328 0.00224
2333.20434 0.00224
2333.4454 0.0022
2333.68646 0.00213
2333.92752 0.00207
2334.16858 0.00205
2334.40964 0.00204
2334.65069 0.00205
2334.89175 0.00208
2335.13281 0.00212
2335.37387 0.00214
2335.61493 0.0021
2335.85599 0.00204
2336.09704 0.00201
2336.3381 0.00206
2336.57916 0.00218
2336.82022 0.00229
2337.06128 0.00236
2337.30234 0.00237
2337.54339 0.00236
2337.78445 0.00236
2338.02551 0.00238
2338.26657 0.00241
2338.50763 0.00246
2338.74869 0.00247
2338.98974 0.00243
2339.2308 0.00235
2339.47186 0.0023
2339.71292 0.0023
2339.95398 0.0023
2340.19504 0.00226
2340.4361 0.0022
2340.67715 0.00211
2340.91821 0.00203
2341.15927 0.00196
2341.40033 0.00194
2341.64139 0.00192
2341.88245 0.00188
2342.1235 0.00183
2342.36456 0.00176
2342.60562 0.00168
2342.84668 0.0016
2343.08774 0.00154
2343.3288 0.00152
2343.56985 0.00152
2343.81091 0.00151
2344.05197 0.00148
2344.29303 0.00146
2344.53409 0.00144
2344.77515 0.00141
2345.0162 0.00137
2345.25726 0.00134
2345.49832 0.00131
2345.73938 0.00128
2345.98044 0.00126
2346.2215 0.00123
2346.46256 0.00119
2346.70361 0.00115
2346.94467 0.00113
2347.18573 0.00113
2347.42679 0.00115
2347.66785 0.00117
2347.90891 0.00117
2348.14996 0.00118
2348.39102 0.0012
2348.63208 0.0012
2348.87314 0.00115
2349.1142 0.00105
2349.35526 9.74306E-4
2349.59631 9.43919E-4
2349.83737 9.5856E-4
2350.07843 9.97232E-4
2350.31949 0.00103
2350.56055 0.00102
2350.80161 9.77421E-4
2351.04266 9.39209E-4
2351.28372 9.31027E-4
2351.52478 9.31875E-4
2351.76584 9.17752E-4
2352.0069 9.03659E-4
2352.24796 9.01595E-4
2352.48902 8.91561E-4
2352.73007 8.53557E-4
2352.97113 8.04582E-4
2353.21219 7.77638E-4
2353.45325 7.80723E-4
2353.69431 7.77838E-4
2353.93537 7.40983E-4
2354.17642 6.96158E-4
2354.41748 6.94363E-4
2354.65854 7.41599E-4
2354.8996 7.85864E-4
2355.14066 7.68159E-4
2355.38172 6.79485E-4
2355.62277 5.79841E-4
2355.86383 5.32227E-4
2356.10489 5.50644E-4
2356.34595 5.94091E-4
2356.58701 6.15568E-4
2356.82807 6.04076E-4
2357.06913 5.86615E-4
2357.31018 5.75184E-4
2357.55124 5.49783E-4
2357.7923 4.87414E-4
2358.03336 3.95075E-4
2358.27442 3.09767E-4
2358.51548 2.74489E-4
2358.75653 3.10242E-4
2358.99759 3.93027E-4
2359.23865 4.62842E-4
2359.47971 4.70688E-4
2359.72077 4.12565E-4
2359.96183 3.28473E-4
2360.20289 2.65413E-4
2360.44394 2.40383E-4
2360.685 2.47385E-4
2360.92606 2.72418E-4
2361.16712 2.97482E-4
2361.40818 3.19577E-4
2361.64923 3.37704E-4
2361.89029 3.16862E-4
2362.13135 2.37052E-4
2362.37241 1.41273E-4
2362.61347 9.25259E-5
2362.85453 1.1381E-4
2363.09559 1.75126E-4
2363.33664 2.23474E-4
2363.5777 2.35853E-4
2363.81876 2.30264E-4
2364.05982 2.26707E-4
2364.30088 2.11182E-4
2364.54194 1.60688E-4
2364.78299 8.92268E-5
2365.02405 4.77973E-5
2365.26511 5.43999E-5
2365.50617 7.80345E-5
2365.74723 9.67012E-5
2365.98829 1.154E-4
2366.22935 1.31131E-4
2366.4704 1.25895E-4
2366.71146 9.66902E-5
2366.95252 4.85181E-5
2367.19358 -1.16216E-5
2367.43464 -5.37288E-5
2367.67569 -4.18036E-5
2367.91675 9.1541E-6
2368.15781 5.11444E-5
2368.39887 4.91672E-5
2368.63993 1.22227E-5
2368.88099 -2.46891E-5
2369.12205 -4.15681E-5
2369.3631 -4.34145E-5
2369.60416 -4.22279E-5
2369.84522 -3.60086E-5
2370.08628 -1.27563E-5
2370.32734 1.65289E-5
2370.5684 1.78471E-5
2370.80946 -2.78016E-5
2371.05051 -9.44176E-5
2371.29157 -1.42001E-4
2371.53263 -1.57551E-4
2371.77369 -1.55068E-4
2372.01475 -1.53553E-4
2372.2558 -1.60006E-4
2372.49686 -1.70425E-4
2372.73792 -1.86812E-4
2372.97898 -2.25167E-4
2373.22004 -2.7149E-4
2373.4611 -2.8578E-4
2373.70216 -2.56038E-4
2373.94321 -2.09263E-4
2374.18427 -1.76457E-4
2374.42533 -1.74618E-4
2374.66639 -1.94748E-4
2374.90745 -2.24845E-4
2375.14851 -2.54911E-4
2375.38956 -2.70944E-4
2375.63062 -2.83946E-4
2375.87168 -3.10917E-4
2376.11274 -3.24855E-4
2376.3538 -2.98762E-4
2376.59486 -2.67638E-4
2376.83592 -2.75481E-4
2377.07697 -3.22294E-4
2377.31803 -3.66075E-4
2377.55909 -3.79825E-4
2377.80015 -3.78544E-4
2378.04121 -3.85231E-4
2378.28226 -3.99887E-4
2378.52332 -3.96513E-4
2378.76438 -3.70107E-4
2379.00544 -3.4067E-4
2379.2465 -3.36203E-4
2379.48756 -3.69704E-4
2379.72862 -4.19175E-4
2379.96967 -4.55615E-4
2380.21073 -4.60025E-4
2380.45179 -4.32403E-4
2380.69285 -3.91752E-4
2380.93391 -3.5807E-4
2381.17497 -3.41357E-4
2381.41603 -3.53614E-4
2381.65708 -4.05841E-4
2381.89814 -4.72038E-4
2382.1392 -5.10204E-4
2382.38026 -5.0534E-4
2382.62132 -4.78447E-4
2382.86238 -4.54523E-4
2383.10343 -4.35569E-4
2383.34449 -4.15585E-4
2383.58555 -4.07572E-4
2383.82661 -4.21529E-4
2384.06767 -4.43456E-4
2384.30873 -4.54354E-4
2384.54978 -4.50222E-4
2384.79084 -4.4106E-4
2385.0319 -4.41869E-4
2385.27296 -4.48649E-4
2385.51402 -4.57399E-4
2385.75508 -4.7512E-4
2385.99613 -5.02811E-4
2386.23719 -5.24474E-4
2386.47825 -5.37107E-4
2386.71931 -5.55712E-4
2386.96037 -5.78287E-4
2387.20143 -5.83834E-4
2387.44249 -5.60351E-4
2387.68354 -5.1884E-4
2387.9246 -4.763E-4
2388.16566 -4.53732E-4
2388.40672 -4.53135E-4
2388.64778 -4.75509E-4
2388.88884 -5.18854E-4
2389.12989 -5.66172E-4
2389.37095 -5.92461E-4
2389.61201 -5.83721E-4
2389.85307 -5.52953E-4
2390.09413 -5.32157E-4
2390.33519 -5.39333E-4
2390.57624 -5.64481E-4
2390.8173 -5.96601E-4
2391.05836 -6.26693E-4
2391.29942 -6.47757E-4
2391.54048 -6.55793E-4
2391.78154 -6.49801E-4
2392.02259 -6.28781E-4
2392.26365 -6.03734E-4
2392.50471 -6.04659E-4
2392.74577 -6.37557E-4
2392.98683 -6.69427E-4
2393.22789 -6.8227E-4
2393.46895 -6.89085E-4
2393.71 -6.93873E-4
2393.95106 -6.84634E-4
2394.19212 -6.55368E-4
2394.43318 -6.24074E-4
2394.67424 -6.16753E-4
2394.9153 -6.34406E-4
2395.15635 -6.61031E-4
2395.39741 -6.80629E-4
2395.63847 -6.91201E-4
2395.87953 -6.86746E-4
2396.12059 -6.69264E-4
2396.36165 -6.46755E-4
2396.6027 -6.2222E-4
2396.84376 -5.96658E-4
2397.08482 -5.9107E-4
2397.32588 -6.20456E-4
2397.56694 -6.64815E-4
2397.808 -6.95147E-4
2398.04906 -6.90454E-4
2398.29011 -6.56734E-4
2398.53117 -6.23988E-4
2398.77223 -6.18216E-4
2399.01329 -6.35418E-4
2399.25435 -6.58594E-4
2399.49541 -6.76745E-4
2399.73646 -6.90869E-4
2399.97752 -6.96967E-4
2400.21858 -6.8604E-4
2400.45964 -6.53088E-4
2400.7007 -6.11109E-4
2400.94176 -5.88105E-4
2401.18281 -5.94076E-4
2401.42387 -6.21021E-4
2401.66493 -6.51941E-4
2401.90599 -6.71835E-4
2402.14705 -6.65705E-4
2402.38811 -6.39549E-4
2402.62916 -6.24368E-4
2402.87022 -6.31162E-4
2403.11128 -6.32931E-4
2403.35234 -6.22675E-4
2403.5934 -6.28394E-4
2403.83446 -6.55088E-4
2404.07552 -6.72758E-4
2404.31657 -6.75403E-4
2404.55763 -6.77023E-4
2404.79869 -6.67618E-4
2405.03975 -6.38189E-4
2405.28081 -6.12736E-4
2405.52187 -6.18258E-4
2405.76292 -6.46756E-4
2406.00398 -6.6623E-4
2406.24504 -6.64679E-4
2406.4861 -6.52104E-4
2406.72716 -6.40505E-4
2406.96822 -6.23882E-4
2407.20927 -5.96236E-4
2407.45033 -5.70565E-4
2407.69139 -5.7087E-4
2407.93245 -6.03151E-4
2408.17351 -6.42409E-4
2408.41457 -6.59643E-4
2408.65562 -6.62853E-4
2408.89668 -6.7704E-4
2409.13774 -6.98203E-4
2409.3788 -6.90343E-4
2409.61986 -6.41459E-4
2409.86092 -5.75553E-4
2410.10198 -5.27622E-4
2410.34303 -5.25669E-4
2410.58409 -5.68692E-4
2410.82515 -6.25693E-4
2411.06621 -6.6767E-4
2411.30727 -6.72624E-4
2411.54833 -6.35556E-4
2411.78938 -5.81464E-4
2412.03044 -5.5235E-4
2412.2715 -5.61213E-4
2412.51256 -5.80053E-4
2412.75362 -5.85871E-4
2412.99468 -5.92666E-4
2413.23574 -6.14439E-4
2413.47679 -6.30189E-4
2413.71785 -6.18917E-4
2413.95891 -5.99622E-4
2414.19997 -6.04305E-4
2414.44103 -6.33966E-4
2414.68208 -6.64605E-4
2414.92314 -6.76222E-4
2415.1642 -6.69817E-4
2415.40526 -6.5639E-4
2415.64632 -6.4594E-4
2415.88738 -6.28469E-4
2416.12844 -6.00977E-4
2416.36949 -5.84462E-4
2416.61055 -5.87926E-4
2416.85161 -5.87368E-4
2417.09267 -5.70789E-4
2417.33373 -5.55188E-4
2417.57479 -5.47566E-4
2417.81584 -5.29922E-4
2418.0569 -5.03257E-4
2418.29796 -4.84571E-4
2418.53902 -4.77864E-4
2418.78008 -4.82135E-4
2419.02114 -5.01385E-4
2419.26219 -5.15615E-4
2419.50325 -4.97823E-4
2419.74431 -4.56011E-4
2419.98537 -4.26177E-4
2420.22643 -4.17323E-4
2420.46749 -4.15448E-4
2420.70855 -4.13553E-4
2420.9496 -4.21637E-4
2421.19066 -4.487E-4
2421.43172 -4.85743E-4
2421.67278 -5.11766E-4
2421.91384 -5.08768E-4
2422.1549 -4.8375E-4
2422.39595 -4.60711E-4
2422.63701 -4.49653E-4
2422.87807 -4.40574E-4
2423.11913 -4.28475E-4
2423.36019 -4.21356E-4
2423.60125 -4.19217E-4
2423.84231 -4.17059E-4
2424.08336 -4.1688E-4
2424.32442 -4.21682E-4
2424.56548 -4.33464E-4
2424.80654 -4.48226E-4
2425.0476 -4.59969E-4
2425.28865 -4.71693E-4
2425.52971 -4.88396E-4
2425.77077 -5.02081E-4
2426.01183 -5.02746E-4
2426.25289 -4.92392E-4
2426.49395 -4.86018E-4
2426.73501 -4.80625E-4
2426.97606 -4.49214E-4
2427.21712 -3.97783E-4
2427.45818 -3.64333E-4
2427.69924 -3.70864E-4
2427.9403 -4.05377E-4
2428.18136 -4.4987E-4
2428.42241 -4.79345E-4
2428.66347 -4.68801E-4
2428.90453 -4.37239E-4
2429.14559 -4.22657E-4
2429.38665 -4.23058E-4
2429.62771 -4.2444E-4
2429.86877 -4.31803E-4
2430.10982 -4.42148E-4
2430.35088 -4.33475E-4
2430.59194 -4.02784E-4
2430.833 -3.73074E-4
2431.07406 -3.60347E-4
2431.31511 -3.45601E-4
2431.55617 -3.14837E-4
2431.79723 -2.93056E-4
2432.03829 -2.99256E-4
2432.27935 -3.21439E-4
2432.52041 -3.38604E-4
2432.76147 -3.44752E-4
2433.00252 -3.49881E-4
2433.24358 -3.63993E-4
2433.48464 -3.80088E-4
2433.7257 -3.81165E-4
2433.96676 -3.77225E-4
2434.20782 -3.78268E-4
2434.44888 -3.90293E-4
2434.68993 -4.12301E-4
2434.93099 -4.22291E-4
2435.17205 -4.02265E-4
2435.41311 -3.72222E-4
2435.65417 -3.55162E-4
2435.89523 -3.43084E-4
2436.13628 -3.3199E-4
2436.37734 -3.3088E-4
2436.6184 -3.33752E-4
2436.85946 -3.37608E-4
2437.10052 -3.48447E-4
2437.34158 -3.58269E-4
2437.58263 -3.55076E-4
2437.82369 -3.39865E-4
2438.06475 -3.19638E-4
2438.30581 -2.99395E-4
2438.54687 -2.89136E-4
2438.78793 -2.95861E-4
2439.02898 -3.16569E-4
2439.27004 -3.25261E-4
2439.5111 -2.99937E-4
2439.75216 -2.61598E-4
2439.99322 -2.56242E-4
2440.23428 -2.82871E-4
2440.47534 -2.99483E-4
2440.71639 -2.9708E-4
2440.95745 -3.05662E-4
2441.19851 -3.29227E-4
2441.43957 -3.36778E-4
2441.68063 -3.20312E-4
2441.92168 -2.96832E-4
2442.16274 -2.69335E-4
2442.4038 -2.44824E-4
2442.64486 -2.49297E-4
2442.88592 -2.75756E-4
2443.12698 -2.91199E-4
2443.36804 -2.87627E-4
2443.60909 -2.7004E-4
2443.85015 -2.27438E-4
2444.09121 -1.70821E-4
2444.33227 -1.30189E-4
2444.57333 -1.17542E-4
2444.81439 -1.25881E-4
2445.05545 -1.54205E-4
2445.2965 -1.99515E-4
2445.53756 -2.3581E-4
2445.77862 -2.4109E-4
2446.01968 -2.19357E-4
2446.26074 -1.86608E-4
2446.5018 -1.56846E-4
2446.74285 -1.50069E-4
2446.98391 -1.77278E-4
2447.22497 -2.15473E-4
2447.46603 -2.38654E-4
2447.70709 -2.46821E-4
2447.94815 -2.43974E-4
2448.1892 -2.27113E-4
2448.43026 -2.10238E-4
2448.67132 -2.02349E-4
2448.91238 -1.95447E-4
2449.15344 -1.87531E-4
2449.3945 -1.90602E-4
2449.63555 -2.06659E-4
2449.87661 -2.20702E-4
2450.11767 -2.22732E-4
2450.35873 -2.15749E-4
2450.59979 -2.08753E-4
2450.84085 -2.06743E-4
2451.08191 -2.0772E-4
2451.32296 -2.13684E-4
2451.56402 -2.21635E-4
2451.80508 -2.26573E-4
2452.04614 -2.42498E-4
2452.2872 -2.8041E-4
2452.52826 -3.05309E-4
2452.76931 -2.83196E-4
2453.01037 -2.3707E-4
2453.25143 -2.13931E-4
2453.49249 -2.3378E-4
2453.73355 -2.67616E-4
2453.97461 -2.8344E-4
2454.21566 -2.92251E-4
2454.45672 -3.1505E-4
2454.69778 -3.36837E-4
2454.93884 -3.28611E-4
2455.1799 -2.95373E-4
2455.42096 -2.72124E-4
2455.66201 -2.89862E-4
2455.90307 -3.40588E-4
2456.14413 -3.81302E-4
2456.38519 -3.90005E-4
2456.62625 -3.84695E-4
2456.86731 -3.87374E-4
2457.10837 -3.91041E-4
2457.34942 -3.85697E-4
2457.59048 -3.73341E-4
2457.83154 -3.63974E-4
2458.0726 -3.61595E-4
2458.31366 -3.58204E-4
2458.55472 -3.48803E-4
2458.79577 -3.4639E-4
2459.03683 -3.46966E-4
2459.27789 -3.3053E-4
2459.51895 -3.09084E-4
2459.76001 -3.22627E-4
2460.00107 -3.64158E-4
2460.24212 -3.95679E-4
2460.48318 -4.01189E-4
2460.72424 -3.93688E-4
2460.9653 -3.91177E-4
2461.20636 -4.06654E-4
2461.44742 -4.15121E-4
2461.68847 -3.85578E-4
2461.92953 -3.36024E-4
2462.17059 -3.1746E-4
2462.41165 -3.38885E-4
2462.65271 -3.673E-4
2462.89377 -3.88705E-4
2463.13483 -4.14099E-4
2463.37588 -4.36483E-4
2463.61694 -4.37858E-4
2463.858 -4.17222E-4
2464.09906 -3.98576E-4
2464.34012 -4.03921E-4
2464.58118 -4.32255E-4
2464.82223 -4.5658E-4
2465.06329 -4.50895E-4
2465.30435 -4.282E-4
2465.54541 -4.21496E-4
2465.78647 -4.20783E-4
2466.02753 -3.96059E-4
2466.26858 -3.66327E-4
2466.50964 -3.68585E-4
2466.7507 -3.96833E-4
2466.99176 -4.28073E-4
2467.23282 -4.52303E-4
2467.47388 -4.60524E-4
2467.71494 -4.42736E-4
2467.95599 -4.06939E-4
2468.19705 -3.77133E-4
2468.43811 -3.81319E-4
2468.67917 -4.23495E-4
2468.92023 -4.71663E-4
2469.16129 -4.91822E-4
2469.40234 -4.80972E-4
2469.6434 -4.57114E-4
2469.88446 -4.40247E-4
2470.12552 -4.45371E-4
2470.36658 -4.64488E-4
2470.60764 -4.73596E-4
2470.84869 -4.68695E-4
2471.08975 -4.52787E-4
2471.33081 -4.3187E-4
2471.57187 -4.16945E-4
2471.81293 -4.18012E-4
2472.05399 -4.27071E-4
2472.29504 -4.34122E-4
2472.5361 -4.41166E-4
2472.77716 -4.54201E-4
2473.01822 -4.65229E-4
2473.25928 -4.53249E-4
2473.50034 -4.39261E-4
2473.7414 -4.55266E-4
2473.98245 -4.90263E-4
2474.22351 -5.10253E-4
2474.46457 -5.03235E-4
2474.70563 -4.7121E-4
2474.94669 -4.32178E-4
2475.18775 -4.10138E-4
2475.4288 -4.13092E-4
2475.66986 -4.33038E-4
2475.91092 -4.62977E-4
2476.15198 -5.02909E-4
2476.39304 -5.44835E-4
2476.6341 -5.65753E-4
2476.87516 -5.47665E-4
2477.11621 -4.9957E-4
2477.35727 -4.61468E-4
2477.59833 -4.64359E-4
2477.83939 -5.03245E-4
2478.08045 -5.40123E-4
2478.3215 -5.61995E-4
2478.56256 -5.78861E-4
2478.80362 -5.8872E-4
2479.04468 -5.74573E-4
2479.28574 -5.3342E-4
2479.5268 -4.88261E-4
2479.76786 -4.64095E-4
2480.00891 -4.59924E-4
2480.24997 -4.62746E-4
2480.49103 -4.70563E-4
2480.73209 -4.87374E-4
2480.97315 -5.08179E-4
2481.21421 -5.21978E-4
2481.45526 -5.21772E-4
2481.69632 -5.1756E-4
2481.93738 -5.13342E-4
2482.17844 -5.13119E-4
2482.4195 -5.28891E-4
2482.66056 -5.57657E-4
2482.90162 -5.84418E-4
2483.14267 -6.07173E-4
2483.38373 -6.17923E-4
2483.62479 -5.99669E-4
2483.86585 -5.57409E-4
2484.10691 -5.20144E-4
2484.34796 -5.15874E-4
2484.58902 -5.45599E-4
2484.83008 -5.8232E-4
2485.07114 -5.96035E-4
2485.3122 -5.78746E-4
2485.55326 -5.46452E-4
2485.79432 -5.21154E-4
2486.03537 -5.14851E-4
2486.27643 -5.27544E-4
2486.51749 -5.40232E-4
2486.75855 -5.43915E-4
2486.99961 -5.51595E-4
2487.24067 -5.6327E-4
2487.48173 -5.68941E-4
2487.72278 -5.77608E-4
2487.96384 -5.88271E-4
2488.2049 -5.8593E-4
2488.44596 -5.65585E-4
2488.68702 -5.46235E-4
2488.92807 -5.44883E-4
2489.16913 -5.54526E-4
2489.41019 -5.61166E-4
2489.65125 -5.61802E-4
2489.89231 -5.61434E-4
2490.13337 -5.53063E-4
2490.37443 -5.29688E-4
2490.61548 -5.0731E-4
2490.85654 -5.10929E-4
2491.0976 -5.41544E-4
2491.33866 -5.83156E-4
2491.57972 -6.15765E-4
2491.82078 -6.23371E-4
2492.06183 -6.02973E-4
2492.30289 -5.65573E-4
2492.54395 -5.3517E-4
2492.78501 -5.31764E-4
2493.02607 -5.47355E-4
2493.26713 -5.73943E-4
2493.50819 -6.14529E-4
2493.74924 -6.59112E-4
2493.9903 -6.79692E-4
2494.23136 -6.6127E-4
2494.47242 -6.19845E-4
2494.71348 -5.77418E-4
2494.95453 -5.53989E-4
2495.19559 -5.55557E-4
2495.43665 -5.82123E-4
2495.67771 -6.23687E-4
2495.91877 -6.67249E-4
2496.15983 -6.99809E-4
2496.40089 -7.12367E-4
2496.64194 -7.05923E-4
2496.883 -6.76477E-4
2497.12406 -6.33029E-4
2497.36512 -6.05579E-4
2497.60618 -6.07128E-4
2497.84724 -6.18675E-4
2498.0883 -6.3722E-4
2498.32935 -6.74764E-4
2498.57041 -7.14307E-4
2498.81147 -7.21848E-4
2499.05253 -6.95388E-4
2499.29359 -6.68927E-4
2499.53465 -6.65464E-4
2499.7757 -6.8E-4
2500.01676 -6.87535E-4
2500.25782 -6.78069E-4
2500.49888 -6.65602E-4
2500.73994 -6.63134E-4
2500.981 -6.59666E-4
2501.22205 -6.47196E-4
2501.46311 -6.35726E-4
2501.70417 -6.37255E-4
2501.94523 -6.50783E-4
2502.18629 -6.71311E-4
2502.42735 -6.93838E-4
2502.6684 -7.14365E-4
2502.90946 -7.23892E-4
2503.15052 -7.15418E-4
2503.39158 -6.95944E-4
2503.63264 -6.9347E-4
2503.8737 -7.20995E-4
2504.11476 -7.50521E-4
2504.35581 -7.58046E-4
2504.59687 -7.59572E-4
2504.83793 -7.78097E-4
2505.07899 -8.02623E-4
2505.32005 -7.93149E-4
2505.56111 -7.48675E-4
2505.80216 -7.08202E-4
2506.04322 -7.04729E-4
2506.28428 -7.21256E-4
2506.52534 -7.36784E-4
2506.7664 -7.57313E-4
2507.00746 -7.85842E-4
2507.24851 -7.95371E-4
2507.48957 -7.66902E-4
2507.73063 -7.26433E-4
2507.97169 -7.07965E-4
2508.21275 -7.05498E-4
2508.45381 -7.03033E-4
2508.69486 -7.11568E-4
2508.93592 -7.40104E-4
2509.17698 -7.68641E-4
2509.41804 -7.8018E-4
2509.6591 -7.8672E-4
2509.90016 -7.92261E-4
2510.14122 -7.76804E-4
2510.38227 -7.40348E-4
2510.62333 -7.17893E-4
2510.86439 -7.24441E-4
2511.10545 -7.31989E-4
2511.34651 -7.2754E-4
2511.58757 -7.35092E-4
2511.82862 -7.58646E-4
2512.06968 -7.66202E-4
2512.31074 -7.4176E-4
2512.5518 -7.1832E-4
2512.79286 -7.21882E-4
2513.03392 -7.37446E-4
2513.27497 -7.43012E-4
2513.51603 -7.58581E-4
2513.75709 -7.99151E-4
2513.99815 -8.33724E-4
2514.23921 -8.233E-4
2514.48027 -7.83878E-4
2514.72133 -7.48458E-4
2514.96238 -7.38042E-4
2515.20344 -7.52627E-4
2515.4445 -7.83216E-4
2515.68556 -8.16807E-4
2515.92662 -8.34401E-4
2516.16768 -8.22998E-4
2516.40873 -7.93598E-4
2516.64979 -7.62201E-4
2516.89085 -7.40806E-4
2517.13191 -7.43416E-4
2517.37297 -7.68028E-4
2517.61403 -7.88643E-4
2517.85508 -7.83262E-4
2518.09614 -7.56884E-4
2518.3372 -7.2451E-4
2518.57826 -6.91139E-4
2518.81932 -6.61771E-4
2519.06038 -6.47408E-4
2519.30143 -6.65047E-4
2519.54249 -7.04691E-4
2519.78355 -7.35338E-4
2520.02461 -7.4499E-4
2520.26567 -7.49645E-4
2520.50673 -7.66304E-4
2520.74779 -7.83967E-4
2520.98884 -7.76634E-4
2521.2299 -7.55305E-4
2521.47096 -7.49981E-4
2521.71202 -7.7466E-4
2521.95308 -8.14344E-4
2522.19414 -8.47033E-4
2522.43519 -8.55725E-4
2522.67625 -8.37423E-4
2522.91731 -8.02125E-4
2523.15837 -7.60831E-4
2523.39943 -7.38542E-4
2523.64049 -7.46258E-4
2523.88154 -7.57979E-4
2524.1226 -7.43704E-4
2524.36366 -7.13435E-4
2524.60472 -6.8517E-4
2524.84578 -6.6991E-4
2525.08684 -6.78656E-4
2525.32789 -7.12406E-4
2525.56895 -7.39162E-4
2525.81001 -7.34923E-4
2526.05107 -7.2869E-4
2526.29213 -7.50461E-4
2526.53319 -7.88239E-4
2526.77425 -8.10022E-4
2527.0153 -7.9981E-4
2527.25636 -7.76604E-4
2527.49742 -7.69403E-4
2527.73848 -7.83209E-4
2527.97954 -7.8402E-4
2528.2206 -7.58837E-4
2528.46165 -7.3366E-4
2528.70271 -7.36489E-4
2528.94377 -7.59324E-4
2529.18483 -7.74165E-4
2529.42589 -7.60012E-4
2529.66695 -7.16865E-4
2529.908 -6.63725E-4
2530.14906 -6.37591E-4
2530.39012 -6.55463E-4
2530.63118 -6.95342E-4
2530.87224 -7.26227E-4
2531.1133 -7.40119E-4
2531.35435 -7.45018E-4
2531.59541 -7.33923E-4
2531.83647 -6.97835E-4
2532.07753 -6.53754E-4
2532.31859 -6.3068E-4
2532.55965 -6.41612E-4
2532.80071 -6.70552E-4
2533.04176 -6.82499E-4
2533.28282 -6.68452E-4
2533.52388 -6.63413E-4
2533.76494 -6.84381E-4
2534.006 -7.00357E-4
2534.24706 -6.7834E-4
2534.48811 -6.4133E-4
2534.72917 -6.35327E-4
2534.97023 -6.71333E-4
2535.21129 -7.09345E-4
2535.45235 -7.12366E-4
2535.69341 -6.86394E-4
2535.93446 -6.6643E-4
2536.17552 -6.65473E-4
2536.41658 -6.67525E-4
2536.65764 -6.58584E-4
2536.8987 -6.43652E-4
2537.13976 -6.29727E-4
2537.38082 -6.27811E-4
2537.62187 -6.39903E-4
2537.86293 -6.58003E-4
2538.10399 -6.70111E-4
2538.34505 -6.69228E-4
2538.58611 -6.61353E-4
2538.82717 -6.60487E-4
2539.06822 -6.69629E-4
2539.30928 -6.7878E-4
2539.55034 -6.86939E-4
2539.7914 -6.98107E-4
2540.03246 -6.97284E-4
2540.27352 -6.6947E-4
2540.51458 -6.25664E-4
2540.75563 -5.95868E-4
2540.99669 -5.92081E-4
2541.23775 -6.10302E-4
2541.47881 -6.33533E-4
2541.71987 -6.44773E-4
2541.96092 -6.48022E-4
2542.20198 -6.50281E-4
2542.44304 -6.31549E-4
2542.6841 -5.89826E-4
2542.92516 -5.65113E-4
2543.16622 -5.76409E-4
2543.40728 -6.04715E-4
2543.64833 -6.29031E-4
2543.88939 -6.48356E-4
2544.13045 -6.65691E-4
2544.37151 -6.67036E-4
2544.61257 -6.42391E-4
2544.85363 -6.02756E-4
2545.09468 -5.7613E-4
2545.33574 -5.72515E-4
2545.5768 -5.7591E-4
2545.81786 -5.75315E-4
2546.05892 -5.74731E-4
2546.29998 -5.73157E-4
2546.54104 -5.76593E-4
2546.78209 -5.8704E-4
2547.02315 -5.92497E-4
2547.26421 -5.74964E-4
2547.50527 -5.43443E-4
2547.74633 -5.23932E-4
2547.98738 -5.27431E-4
2548.22844 -5.47942E-4
2548.4695 -5.82463E-4
2548.71056 -6.14996E-4
2548.95162 -6.22539E-4
2549.19268 -5.98093E-4
2549.43374 -5.52658E-4
2549.67479 -5.20235E-4
2549.91585 -5.28823E-4
2550.15691 -5.59422E-4
2550.39797 -5.72032E-4
2550.63903 -5.58654E-4
2550.88009 -5.40287E-4
2551.12115 -5.23931E-4
2551.3622 -5.11588E-4
2551.60326 -5.09255E-4
2551.84432 -5.20935E-4
2552.08538 -5.46626E-4
2552.32644 -5.78329E-4
2552.56749 -5.99044E-4
2552.80855 -5.95771E-4
2553.04961 -5.8751E-4
2553.29067 -5.91261E-4
2553.53173 -5.94024E-4
2553.77279 -5.76799E-4
2554.01385 -5.44586E-4
2554.2549 -5.22386E-4
2554.49596 -5.31198E-4
2554.73702 -5.60022E-4
2554.97808 -5.78859E-4
2555.21914 -5.91709E-4
2555.4602 -6.02571E-4
2555.70125 -5.81445E-4
2555.94231 -5.21332E-4
2556.18337 -4.67233E-4
2556.42443 -4.47145E-4
2556.66549 -4.51071E-4
2556.90655 -4.6501E-4
2557.14761 -4.79961E-4
2557.38866 -4.77926E-4
2557.62972 -4.56904E-4
2557.87078 -4.31895E-4
2558.11184 -4.15899E-4
2558.3529 -4.00917E-4
2558.59395 -3.82947E-4
2558.83501 -3.82992E-4
2559.07607 -4.12049E-4
2559.31713 -4.50121E-4
2559.55819 -4.80205E-4
2559.79925 -5.10304E-4
2560.04031 -5.36416E-4
2560.28136 -5.37542E-4
2560.52242 -5.11682E-4
2560.76348 -4.85836E-4
2561.00454 -4.75003E-4
2561.2456 -4.73185E-4
2561.48666 -4.70381E-4
2561.72772 -4.7159E-4
2561.96877 -4.79814E-4
2562.20983 -4.80053E-4
2562.45089 -4.57305E-4
2562.69195 -4.17572E-4
2562.93301 -3.84853E-4
2563.17407 -3.72149E-4
2563.41512 -3.76459E-4
2563.65618 -3.90784E-4
2563.89724 -4.06124E-4
2564.1383 -4.17478E-4
2564.37936 -4.25847E-4
2564.62042 -4.33231E-4
2564.86147 -4.3563E-4
2565.10253 -4.32044E-4
2565.34359 -4.25473E-4
2565.58465 -4.24917E-4
2565.82571 -4.34375E-4
2566.06677 -4.5385E-4
2566.30782 -4.71339E-4
2566.54888 -4.75844E-4
2566.78994 -4.48364E-4
2567.031 -3.899E-4
2567.27206 -3.48451E-4
2567.51312 -3.57017E-4
2567.75418 -4.02599E-4
2567.99523 -4.50197E-4
2568.23629 -4.73811E-4
2568.47735 -4.5944E-4
2568.71841 -4.20085E-4
2568.95947 -3.81747E-4
2569.20053 -3.59424E-4
2569.44158 -3.50117E-4
2569.68264 -3.56826E-4
2569.9237 -3.84551E-4
2570.16476 -4.28293E-4
2570.40582 -4.65051E-4
2570.64688 -4.62825E-4
2570.88793 -4.23616E-4
2571.12899 -3.82423E-4
2571.37005 -3.58246E-4
2571.61111 -3.36086E-4
2571.85217 -3.21943E-4
2572.09323 -3.38816E-4
2572.33428 -3.83706E-4
2572.57534 -4.21613E-4
2572.8164 -4.35537E-4
2573.05746 -4.23477E-4
2573.29852 -3.86435E-4
2573.53958 -3.3241E-4
2573.78064 -2.88401E-4
2574.02169 -2.8141E-4
2574.26275 -3.09436E-4
2574.50381 -3.5548E-4
2574.74487 -4.06541E-4
2574.98593 -4.53619E-4
2575.22699 -4.65714E-4
2575.46804 -4.12827E-4
2575.7091 -3.25958E-4
2575.95016 -2.65106E-4
2576.19122 -2.45272E-4
2576.43228 -2.46456E-4
2576.67334 -2.81658E-4
2576.91439 -3.50877E-4
2577.15545 -4.18114E-4
2577.39651 -4.4737E-4
2577.63757 -4.24643E-4
2577.87863 -3.51935E-4
2578.11969 -2.76244E-4
2578.36075 -2.49572E-4
2578.6018 -2.68918E-4
2578.84286 -2.93283E-4
2579.08392 -3.09666E-4
2579.32498 -3.26067E-4
2579.56604 -3.36487E-4
2579.8071 -3.25925E-4
2580.04815 -2.92383E-4
2580.28921 -2.56858E-4
2580.53027 -2.37353E-4
2580.77133 -2.39866E-4
2581.01239 -2.51399E-4
2581.25345 -2.6595E-4
2581.4945 -2.9152E-4
2581.73556 -3.27109E-4
2581.97662 -3.37718E-4
2582.21768 -2.89345E-4
2582.45874 -2.06992E-4
2582.6998 -1.59658E-4
2582.94085 -1.74344E-4
2583.18191 -2.16049E-4
2583.42297 -2.49773E-4
2583.66403 -2.65517E-4
2583.90509 -2.5728E-4
2584.14615 -2.25063E-4
2584.38721 -1.94866E-4
2584.62826 -1.89689E-4
2584.86932 -2.05531E-4
2585.11038 -2.28394E-4
2585.35144 -2.47276E-4
2585.5925 -2.44178E-4
2585.83356 -2.251E-4
2586.07461 -2.20043E-4
2586.31567 -2.37006E-4
2586.55673 -2.47988E-4
2586.79779 -2.31992E-4
2587.03885 -1.92015E-4
2587.27991 -1.48059E-4
2587.52097 -1.28124E-4
2587.76202 -1.48209E-4
2588.00308 -1.79315E-4
2588.24414 -1.78441E-4
2588.4852 -1.38588E-4
2588.72626 -1.00756E-4
2588.96731 -1.04944E-4
2589.20837 -1.42154E-4
2589.44943 -1.66384E-4
2589.69049 -1.55636E-4
2589.93155 -1.35909E-4
2590.17261 -1.29202E-4
2590.41367 -1.23517E-4
2590.65472 -1.00853E-4
2590.89578 -7.7211E-5
2591.13684 -7.15899E-5
2591.3779 -8.19902E-5
2591.61896 -1.11412E-4
2591.86002 -1.60855E-4
2592.10107 -2.1032E-4
2592.34213 -2.27807E-4
2592.58319 -2.04316E-4
2592.82425 -1.47846E-4
2593.06531 -7.83978E-5
2593.30637 -2.59718E-5
2593.54743 -2.15677E-5
2593.78848 -5.81857E-5
2594.02954 -9.68257E-5
2594.2706 -1.11488E-4
2594.51166 -1.11172E-4
2594.75272 -1.10879E-4
2594.99377 -1.06608E-4
2595.23483 -8.13595E-5
2595.47589 -4.51333E-5
2595.71695 -2.19297E-5
2595.95801 -1.87486E-5
2596.19907 -3.15902E-5
2596.44013 -6.54544E-5
2596.68118 -1.07341E-4
2596.92224 -1.19251E-4
2597.1633 -8.31838E-5
2597.40436 -2.61394E-5
2597.64542 1.98821E-5
2597.88648 3.98805E-5
2598.12754 2.88558E-5
2598.36859 -1.0192E-5
2598.60965 -5.62631E-5
2598.85071 -8.83574E-5
2599.09177 -1.01475E-4
2599.33283 -9.06162E-5
2599.57388 -5.07808E-5
2599.81494 1.03114E-6
2600.056 2.78195E-5
2600.29706 1.15842E-5
2600.53812 -3.16747E-5
2600.77918 -6.69574E-5
2601.02024 -8.3264E-5
2601.26129 -9.95944E-5
2601.50235 -1.21949E-4
2601.74341 -1.18327E-4
2601.98447 -6.87295E-5
2602.22553 -8.15594E-6
2602.46659 8.39335E-6
2602.70764 -2.30816E-5
2602.9487 -6.95807E-5
2603.18976 -1.02104E-4
2603.43082 -1.00652E-4
2603.67188 -7.62247E-5
2603.91294 -5.08216E-5
2604.154 -2.74431E-5
2604.39505 -8.08935E-6
2604.63611 2.39795E-7
2604.87717 5.44113E-7
2605.11823 -7.17639E-6
2605.35929 -3.69217E-5
2605.60034 -8.3692E-5
2605.8414 -1.11487E-4
2606.08246 -1.01307E-4
2606.32352 -7.8152E-5
2606.56458 -6.50216E-5
2606.80564 -6.89161E-5
2607.0467 -9.18354E-5
2607.28775 -1.26779E-4
2607.52881 -1.55748E-4
2607.76987 -1.64742E-4
2608.01093 -1.5776E-4
2608.25199 -1.46803E-4
2608.49305 -1.31871E-4
2608.73411 -1.03964E-4
2608.97516 -8.3081E-5
2609.21622 -1.01223E-4
2609.45728 -1.59389E-4
2609.69834 -2.11581E-4
2609.9394 -2.18796E-4
2610.18046 -1.92037E-4
2610.42151 -1.62302E-4
2610.66257 -1.41591E-4
2610.90363 -1.27906E-4
2611.14469 -1.27244E-4
2611.38575 -1.49608E-4
2611.6268 -1.75995E-4
2611.86786 -1.83408E-4
2612.10892 -1.71844E-4
2612.34998 -1.60306E-4
2612.59104 -1.57792E-4
2612.8321 -1.57302E-4
2613.07316 -1.54836E-4
2613.31421 -1.50395E-4
2613.55527 -1.57979E-4
2613.79633 -1.82587E-4
2614.03739 -1.98219E-4
2614.27845 -1.88876E-4
2614.51951 -1.80557E-4
2614.76057 -1.85262E-4
2615.00162 -1.80992E-4
2615.24268 -1.56746E-4
2615.48374 -1.34524E-4
2615.7248 -1.33326E-4
2615.96586 -1.43153E-4
2616.20692 -1.61004E-4
2616.44797 -1.89879E-4
2616.68903 -2.16779E-4
2616.93009 -2.25703E-4
2617.17115 -2.1565E-4
2617.41221 -1.95622E-4
2617.65327 -1.74619E-4
2617.89432 -1.76639E-4
2618.13538 -2.16683E-4
2618.37644 -2.70752E-4
2618.6175 -3.00845E-4
2618.85856 -2.94962E-4
2619.09962 -2.73103E-4
2619.34067 -2.43267E-4
2619.58173 -2.01456E-4
2619.82279 -1.65669E-4
2620.06385 -1.58906E-4
2620.30491 -1.79167E-4
2620.54597 -2.08452E-4
2620.78703 -2.35761E-4
2621.02808 -2.53094E-4
2621.26914 -2.55451E-4
2621.5102 -2.32832E-4
2621.75126 -1.87237E-4
2621.99232 -1.43665E-4
2622.23337 -1.42118E-4
2622.47443 -1.88594E-4
2622.71549 -2.49095E-4
2622.95655 -2.95619E-4
2623.19761 -3.20167E-4
2623.43867 -3.15738E-4
2623.67973 -2.82334E-4
2623.92078 -2.31953E-4
2624.16184 -1.81596E-4
2624.4029 -1.47263E-4
2624.64396 -1.55953E-4
2624.88502 -2.15668E-4
2625.12608 -2.87406E-4
2625.36714 -3.23167E-4
2625.60819 -3.08953E-4
2625.84925 -2.64762E-4
2626.09031 -2.13594E-4
2626.33137 -1.71451E-4
2626.57243 -1.4833E-4
2626.81349 -1.48234E-4
2627.05454 -1.71161E-4
2627.2956 -2.07112E-4
2627.53666 -2.31086E-4
2627.77772 -2.26084E-4
2628.01878 -2.09105E-4
2628.25984 -2.1015E-4
2628.50089 -2.30218E-4
2628.74195 -2.5131E-4
2628.98301 -2.74426E-4
2629.22407 -3.03564E-4
2629.46513 -3.15727E-4
2629.70619 -3.04912E-4
2629.94724 -2.95121E-4
2630.1883 -2.92354E-4
2630.42936 -2.8261E-4
2630.67042 -2.62889E-4
2630.91148 -2.49191E-4
2631.15254 -2.56517E-4
2631.3936 -2.92867E-4
2631.63465 -3.48239E-4
2631.87571 -3.96635E-4
2632.11677 -4.09054E-4
2632.35783 -3.72497E-4
2632.59889 -2.99962E-4
2632.83995 -2.34451E-4
2633.081 -2.14964E-4
2633.32206 -2.40499E-4
2633.56312 -2.75057E-4
2633.80418 -2.89639E-4
2634.04524 -2.91244E-4
2634.2863 -2.97872E-4
2634.52735 -3.05523E-4
2634.76841 -3.03198E-4
2635.00947 -2.95895E-4
2635.25053 -2.91616E-4
2635.49159 -2.92359E-4
2635.73265 -3.09126E-4
2635.9737 -3.51916E-4
2636.21476 -4.08729E-4
2636.45582 -4.32564E-4
2636.69688 -3.91423E-4
2636.93794 -3.18305E-4
2637.179 -2.7521E-4
2637.42006 -2.78137E-4
2637.66111 -3.05088E-4
2637.90217 -3.49062E-4
2638.14323 -4.03058E-4
2638.38429 -4.28078E-4
2638.62535 -4.0712E-4
2638.86641 -3.73185E-4
2639.10746 -3.51273E-4
2639.34852 -3.24384E-4
2639.58958 -2.78518E-4
2639.83064 -2.34675E-4
2640.0717 -2.30854E-4
2640.31276 -2.78056E-4
2640.55382 -3.56281E-4
2640.79487 -4.15529E-4
2641.03593 -4.05799E-4
2641.27699 -3.32092E-4
2641.51805 -2.54408E-4
2641.75911 -2.17747E-4
2642.00016 -2.21108E-4
2642.24122 -2.51492E-4
2642.48228 -3.12899E-4
2642.72334 -3.87328E-4
2642.9644 -4.2378E-4
2643.20546 -3.95254E-4
2643.44652 -3.36751E-4
2643.68757 -2.96271E-4
2643.92863 -2.90813E-4
2644.16969 -3.09378E-4
2644.41075 -3.34965E-4
2644.65181 -3.61575E-4
2644.89287 -3.85208E-4
2645.13392 -3.93863E-4
2645.37498 -3.8154E-4
2645.61604 -3.5824E-4
2645.8571 -3.31962E-4
2646.09816 -3.04707E-4
2646.33922 -2.85474E-4
2646.58027 -2.98263E-4
2646.82133 -3.36075E-4
2647.06239 -3.5691E-4
2647.30345 -3.57766E-4
2647.54451 -3.64645E-4
2647.78557 -3.68547E-4
2648.02663 -3.5247E-4
2648.26768 -3.36416E-4
2648.50874 -3.42385E-4
2648.7498 -3.64375E-4
2648.99086 -3.83388E-4
2649.23192 -3.94423E-4
2649.47298 -4.1248E-4
2649.71403 -4.3356E-4
2649.95509 -4.33662E-4
2650.19615 -4.02785E-4
2650.43721 -3.66932E-4
2650.67827 -3.471E-4
2650.91933 -3.5129E-4
2651.16039 -3.72503E-4
2651.40144 -4.01737E-4
2651.6425 -4.23994E-4
2651.88356 -4.27273E-4
2652.12462 -4.10574E-4
2652.36568 -3.90897E-4
2652.60673 -3.74242E-4
2652.84779 -3.68609E-4
2653.08885 -3.88998E-4
2653.32991 -4.27409E-4
2653.57097 -4.62842E-4
2653.81203 -4.86297E-4
2654.05309 -4.90774E-4
2654.29414 -4.59273E-4
2654.5352 -3.96794E-4
2654.77626 -3.36336E-4
2655.01732 -3.07901E-4
2655.25838 -3.20488E-4
2655.49944 -3.64096E-4
2655.74049 -4.13726E-4
2655.98155 -4.41378E-4
2656.22261 -4.38052E-4
2656.46367 -4.03748E-4
2656.70473 -3.47465E-4
2656.94579 -2.96205E-4
2657.18685 -2.80966E-4
2657.4279 -3.04749E-4
2657.66896 -3.41553E-4
2657.91002 -3.78379E-4
2658.15108 -4.08227E-4
2658.39214 -4.18097E-4
2658.63319 -4.07988E-4
2658.87425 -4.02901E-4
2659.11531 -4.08836E-4
2659.35637 -4.09792E-4
2659.59743 -3.9677E-4
2659.83849 -3.8077E-4
2660.07955 -3.76791E-4
2660.3206 -3.82834E-4
2660.56166 -3.84898E-4
2660.80272 -3.85984E-4
2661.04378 -3.89091E-4
2661.28484 -3.8022E-4
2661.5259 -3.5537E-4
2661.76696 -3.40542E-4
2662.00801 -3.61735E-4
2662.24907 -4.0295E-4
2662.49013 -4.28186E-4
2662.73119 -4.23444E-4
2662.97225 -4.00723E-4
2663.21331 -3.62023E-4
2663.45436 -3.11345E-4
2663.69542 -2.79688E-4
2663.93648 -2.95053E-4
2664.17754 -3.40439E-4
2664.4186 -3.79846E-4
2664.65965 -4.10275E-4
2664.90071 -4.36725E-4
2665.14177 -4.39196E-4
2665.38283 -4.02688E-4
2665.62389 -3.57202E-4
2665.86495 -3.46737E-4
2666.10601 -3.64293E-4
2666.34706 -3.7787E-4
2666.58812 -3.85469E-4
2666.82918 -3.98088E-4
2667.07024 -4.14729E-4
2667.3113 -4.22391E-4
2667.55236 -4.03075E-4
2667.79342 -3.65779E-4
2668.03447 -3.48504E-4
2668.27553 -3.66251E-4
2668.51659 -4.10018E-4
2668.75765 -4.49807E-4
2668.99871 -4.65617E-4
2669.23976 -4.71447E-4
2669.48082 -4.85299E-4
2669.72188 -4.78172E-4
2669.96294 -4.28066E-4
2670.204 -3.7098E-4
2670.44506 -3.50916E-4
2670.68612 -3.76873E-4
2670.92717 -4.2885E-4
2671.16823 -4.83849E-4
2671.40929 -5.10868E-4
2671.65035 -4.92908E-4
2671.89141 -4.5997E-4
2672.13247 -4.48052E-4
2672.37353 -4.56155E-4
2672.61458 -4.54278E-4
2672.85564 -4.34423E-4
2673.0967 -4.15588E-4
2673.33776 -4.21774E-4
2673.57882 -4.43981E-4
2673.81988 -4.69209E-4
2674.06093 -4.91457E-4
2674.30199 -4.94726E-4
2674.54305 -4.77016E-4
2674.78411 -4.53326E-4
2675.02517 -4.34658E-4
2675.26622 -4.2701E-4
2675.50728 -4.45382E-4
2675.74834 -5.00775E-4
2675.9894 -5.65189E-4
2676.23046 -5.90624E-4
2676.47152 -5.50079E-4
2676.71258 -4.73554E-4
2676.95363 -4.0505E-4
2677.19469 -3.75567E-4
2677.43575 -3.94104E-4
2677.67681 -4.37662E-4
2677.91787 -4.6424E-4
2678.15893 -4.63839E-4
2678.39999 -4.61458E-4
2678.64104 -4.60098E-4
2678.8821 -4.50758E-4
2679.12316 -4.40439E-4
2679.36422 -4.3914E-4
2679.60528 -4.45861E-4
2679.84634 -4.62603E-4
2680.08739 -5.02365E-4
2680.32845 -5.56148E-4
2680.56951 -5.87951E-4
2680.81057 -5.74774E-4
2681.05163 -5.21618E-4
2681.29269 -4.58482E-4
2681.53374 -4.22366E-4
2681.7748 -4.4027E-4
2682.01586 -4.93195E-4
2682.25692 -5.3414E-4
2682.49798 -5.47105E-4
2682.73904 -5.44091E-4
2682.98009 -5.32096E-4
2683.22115 -5.12122E-4
2683.46221 -4.95168E-4
2683.70327 -4.91234E-4
2683.94433 -5.03321E-4
2684.18539 -5.31427E-4
2684.42645 -5.69554E-4
2684.6675 -5.917E-4
2684.90856 -5.76867E-4
2685.14962 -5.28054E-4
2685.39068 -4.71261E-4
2685.63174 -4.41487E-4
2685.8728 -4.58734E-4
2686.11385 -5.01001E-4
2686.35491 -5.35288E-4
2686.59597 -5.47595E-4
2686.83703 -5.51922E-4
2687.07809 -5.48269E-4
2687.31915 -5.32636E-4
2687.5602 -5.26022E-4
2687.80126 -5.33429E-4
2688.04232 -5.36855E-4
2688.28338 -5.23302E-4
2688.52444 -5.05768E-4
2688.7655 -5.11254E-4
2689.00655 -5.3976E-4
2689.24761 -5.60286E-4
2689.48867 -5.51832E-4
2689.72973 -5.23397E-4
2689.97079 -4.99982E-4
2690.21185 -4.95587E-4
2690.45291 -5.07212E-4
2690.69396 -5.28856E-4
2690.93502 -5.6152E-4
2691.17608 -5.85204E-4
2691.41714 -5.68908E-4
2691.6582 -5.27631E-4
2691.89926 -4.86374E-4
2692.14031 -4.39136E-4
2692.38137 -3.92918E-4
2692.62243 -3.7972E-4
2692.86349 -4.11542E-4
2693.10455 -4.68382E-4
2693.34561 -5.23243E-4
2693.58666 -5.50123E-4
2693.82772 -5.35023E-4
2694.06878 -4.88942E-4
2694.30984 -4.44881E-4
2694.5509 -4.40839E-4
2694.79196 -4.79817E-4
2695.03302 -5.23814E-4
2695.27407 -5.6183E-4
2695.51513 -6.11866E-4
2695.75619 -6.44922E-4
2695.99725 -6.11997E-4
2696.23831 -5.26091E-4
2696.47937 -4.53205E-4
2696.72042 -4.25338E-4
2696.96148 -4.3849E-4
2697.20254 -4.83662E-4
2697.4436 -5.39853E-4
2697.68466 -5.70063E-4
2697.92572 -5.63293E-4
2698.16677 -5.47542E-4
2698.40783 -5.3481E-4
2698.64889 -5.04098E-4
2698.88995 -4.55405E-4
2699.13101 -4.24731E-4
2699.37207 -4.35076E-4
2699.61312 -4.7844E-4
2699.85418 -5.35824E-4
2700.09524 -5.81226E-4
2700.3363 -5.85648E-4
2700.57736 -5.44089E-4
2700.81842 -4.94549E-4
2701.05948 -4.69029E-4
2701.30053 -4.73527E-4
2701.54159 -5.04044E-4
2701.78265 -5.48581E-4
2702.02371 -5.91136E-4
2702.26477 -6.23711E-4
2702.50583 -6.31304E-4
2702.74688 -6.00917E-4
2702.98794 -5.54549E-4
2703.229 -5.21199E-4
2703.47006 -5.08869E-4
2703.71112 -5.15557E-4
2703.95218 -5.34264E-4
2704.19324 -5.51991E-4
2704.43429 -5.54736E-4
2704.67535 -5.365E-4
2704.91641 -5.09283E-4
2705.15747 -4.92085E-4
2705.39853 -4.83906E-4
2705.63958 -4.79745E-4
2705.88064 -4.86603E-4
2706.1217 -5.1548E-4
2706.36276 -5.54376E-4
2706.60382 -5.78291E-4
2706.84488 -5.75224E-4
2707.08594 -5.48177E-4
2707.32699 -5.22148E-4
2707.56805 -5.11137E-4
2707.80911 -4.97146E-4
2708.05017 -4.75173E-4
2708.29123 -4.64218E-4
2708.53229 -4.71283E-4
2708.77334 -4.82365E-4
2709.0144 -4.88467E-4
2709.25546 -4.80587E-4
2709.49652 -4.49726E-4
2709.73758 -4.05883E-4
2709.97864 -3.78059E-4
2710.21969 -3.93254E-4
2710.46075 -4.43467E-4
2710.70181 -4.94698E-4
2710.94287 -5.18949E-4
2711.18393 -5.21217E-4
2711.42499 -5.19504E-4
2711.66604 -5.0581E-4
2711.9071 -4.75134E-4
2712.14816 -4.41476E-4
2712.38922 -4.38837E-4
2712.63028 -4.86216E-4
2712.87134 -5.49614E-4
2713.1124 -5.7603E-4
2713.35345 -5.51464E-4
2713.59451 -4.98917E-4
2713.83557 -4.53388E-4
2714.07663 -4.40877E-4
2714.31769 -4.65385E-4
2714.55875 -5.13911E-4
2714.79981 -5.59455E-4
2715.04086 -5.78018E-4
2715.28192 -5.77598E-4
2715.52298 -5.81197E-4
2715.76404 -5.86814E-4
2716.0051 -5.6345E-4
2716.24615 -5.11103E-4
2716.48721 -4.68775E-4
2716.72827 -4.65465E-4
2716.96933 -4.96173E-4
2717.21039 -5.39899E-4
2717.45145 -5.69644E-4
2717.69251 -5.76406E-4
2717.93356 -5.51186E-4
2718.17462 -4.93985E-4
2718.41568 -4.35802E-4
2718.65674 -4.06636E-4
2718.8978 -3.99489E-4
2719.13886 -4.1236E-4
2719.37991 -4.62248E-4
2719.62097 -5.42155E-4
2719.86203 -6.07079E-4
2720.10309 -6.17022E-4
2720.34415 -5.73983E-4
2720.58521 -5.25961E-4
2720.82627 -5.19957E-4
2721.06732 -5.59972E-4
2721.30838 -6.13004E-4
2721.54944 -6.44054E-4
2721.7905 -6.48122E-4
2722.03156 -6.40207E-4
2722.27261 -6.24311E-4
2722.51367 -5.91432E-4
2722.75473 -5.38571E-4
2722.99579 -4.91728E-4
2723.23685 -4.84903E-4
2723.47791 -5.19095E-4
2723.71897 -5.65305E-4
2723.96002 -5.98533E-4
2724.20108 -6.12779E-4
2724.44214 -6.14042E-4
2724.6832 -5.97323E-4
2724.92426 -5.50622E-4
2725.16532 -5.00938E-4
2725.40638 -4.85272E-4
2725.64743 -5.03623E-4
2725.88849 -5.42992E-4
2726.12955 -5.94379E-4
2726.37061 -6.26783E-4
2726.61167 -6.10205E-4
2726.85273 -5.59644E-4
2727.09378 -5.15101E-4
2727.33484 -4.93576E-4
2727.5759 -4.97068E-4
2727.81696 -5.32577E-4
2728.05802 -5.82104E-4
2728.29907 -6.08648E-4
2728.54013 -6.0321E-4
2728.78119 -5.88789E-4
2729.02225 -5.82386E-4
2729.26331 -5.74E-4
2729.50437 -5.45631E-4
2729.74543 -5.1228E-4
2729.98648 -5.01946E-4
2730.22754 -5.2663E-4
2730.4686 -5.7633E-4
2730.70966 -6.33048E-4
2730.95072 -6.80784E-4
2731.19178 -6.89536E-4
2731.43284 -6.39306E-4
2731.67389 -5.48094E-4
2731.91495 -4.67898E-4
2732.15601 -4.4072E-4
2732.39707 -4.62559E-4
2732.63813 -4.98415E-4
2732.87918 -5.26288E-4
2733.12024 -5.52178E-4
2733.3613 -5.68086E-4
2733.60236 -5.5001E-4
2733.84342 -5.18952E-4
2734.08448 -5.22911E-4
2734.32554 -5.53887E-4
2734.56659 -5.6688E-4
2734.80765 -5.5689E-4
2735.04871 -5.47918E-4
2735.28977 -5.49962E-4
2735.53083 -5.54023E-4
2735.77189 -5.38101E-4
2736.01294 -4.94197E-4
2736.254 -4.42309E-4
2736.49506 -4.20438E-4
2736.73612 -4.45584E-4
2736.97718 -4.86747E-4
2737.21824 -5.22927E-4
2737.4593 -5.57124E-4
2737.70035 -5.70338E-4
2737.94141 -5.40568E-4
2738.18247 -4.91816E-4
2738.42353 -4.6208E-4
2738.66459 -4.61362E-4
2738.90564 -4.77659E-4
2739.1467 -5.01974E-4
2739.38776 -5.22306E-4
2739.62882 -5.17654E-4
2739.86988 -4.87019E-4
2740.11094 -4.54401E-4
2740.352 -4.368E-4
2740.59305 -4.21215E-4
2740.83411 -3.98647E-4
2741.07517 -3.87096E-4
2741.31623 -4.09561E-4
2741.55729 -4.58043E-4
2741.79835 -5.02542E-4
2742.03941 -5.11057E-4
2742.28046 -4.72589E-4
2742.52152 -4.19137E-4
2742.76258 -3.85702E-4
2743.00364 -3.92284E-4
2743.2447 -4.39882E-4
2743.48576 -5.11497E-4
2743.72681 -5.74128E-4
2743.96787 -5.88775E-4
2744.20893 -5.4644E-4
2744.44999 -4.7512E-4
2744.69105 -4.18817E-4
2744.93211 -4.08531E-4
2745.17316 -4.33261E-4
2745.41422 -4.69008E-4
2745.65528 -5.1577E-4
2745.89634 -5.7055E-4
2746.1374 -6.03345E-4
2746.37846 -6.00157E-4
2746.61951 -5.75986E-4
2746.86057 -5.3683E-4
2747.10163 -4.92691E-4
2747.34269 -4.71569E-4
2747.58375 -4.87462E-4
2747.82481 -5.22372E-4
2748.06587 -5.59298E-4
2748.30692 -5.87241E-4
2748.54798 -5.85199E-4
2748.78904 -5.46174E-4
2749.0301 -4.93165E-4
2749.27116 -4.61172E-4
2749.51222 -4.60195E-4
2749.75327 -4.76235E-4
2749.99433 -4.99291E-4
2750.23539 -5.32362E-4
2750.47645 -5.6545E-4
2750.71751 -5.78554E-4
2750.95857 -5.66674E-4
2751.19962 -5.47811E-4
2751.44068 -5.23963E-4
2751.68174 -4.90131E-4
2751.9228 -4.79315E-4
2752.16386 -5.26516E-4
2752.40492 -6.03732E-4
2752.64597 -6.39964E-4
2752.88703 -6.13212E-4
2753.12809 -5.60477E-4
2753.36915 -5.12757E-4
2753.61021 -4.76053E-4
2753.85127 -4.62365E-4
2754.09233 -4.94693E-4
2754.33338 -5.62036E-4
2754.57444 -6.21396E-4
2754.8155 -6.31771E-4
2755.05656 -5.87163E-4
2755.29762 -5.2157E-4
2755.53868 -4.75993E-4
2755.77973 -4.58431E-4
2756.02079 -4.56886E-4
2756.26185 -4.60356E-4
2756.50291 -4.74842E-4
2756.74397 -5.04344E-4
2756.98503 -5.39861E-4
2757.22608 -5.57395E-4
2757.46714 -5.35943E-4
2757.7082 -4.79508E-4
2757.94926 -4.22088E-4
2758.19032 -4.07684E-4
2758.43138 -4.49295E-4
2758.67244 -5.20922E-4
2758.91349 -5.72565E-4
2759.15455 -5.81223E-4
2759.39561 -5.64897E-4
2759.63667 -5.44587E-4
2759.87773 -5.22292E-4
2760.11879 -4.97012E-4
2760.35984 -4.80748E-4
2760.6009 -4.81499E-4
2760.84196 -5.02266E-4
2761.08302 -5.33049E-4
2761.32408 -5.43847E-4
2761.56514 -5.1766E-4
2761.80619 -4.74489E-4
2762.04725 -4.44333E-4
2762.28831 -4.26193E-4
2762.52937 -4.10068E-4
2762.77043 -4.19958E-4
2763.01149 -4.79864E-4
2763.25254 -5.68785E-4
2763.4936 -6.27721E-4
2763.73466 -6.30673E-4
2763.97572 -5.9364E-4
2764.21678 -5.45622E-4
2764.45784 -4.98619E-4
2764.6989 -4.62632E-4
2764.93995 -4.5466E-4
2765.18101 -4.86703E-4
2765.42207 -5.44762E-4
2765.66313 -5.96835E-4
2765.90419 -6.13924E-4
2766.14525 -5.86028E-4
2766.3863 -5.27147E-4
2766.62736 -4.68281E-4
2766.86842 -4.25431E-4
2767.10948 -3.99595E-4
2767.35054 -3.98775E-4
2767.5916 -4.38969E-4
2767.83266 -5.12179E-4
2768.07371 -5.73404E-4
2768.31477 -5.75644E-4
2768.55583 -5.18898E-4
2768.79689 -4.53168E-4
2769.03795 -4.14453E-4
2769.279 -4.07753E-4
2769.52006 -4.24067E-4
2769.76112 -4.49397E-4
2770.00218 -4.81742E-4
2770.24324 -5.21101E-4
2770.4843 -5.39476E-4
2770.72536 -5.13865E-4
2770.96641 -4.57269E-4
2771.20747 -4.10688E-4
2771.44853 -4.02122E-4
2771.68959 -4.25571E-4
2771.93065 -4.55034E-4
2772.17171 -4.69512E-4
2772.41276 -4.68006E-4
2772.65382 -4.57513E-4
2772.89488 -4.36036E-4
2773.13594 -3.86573E-4
2773.377 -3.25125E-4
2773.61806 -2.98692E-4
2773.85912 -3.30274E-4
2774.10017 -3.9487E-4
2774.34123 -4.47481E-4
2774.58229 -4.74106E-4
2774.82335 -4.86746E-4
2775.06441 -4.86401E-4
2775.30546 -4.53071E-4
2775.54652 -3.98754E-4
2775.78758 -3.68453E-4
2776.02864 -3.86166E-4
2776.2697 -4.35894E-4
2776.51076 -4.79636E-4
2776.75182 -5.04393E-4
2776.99287 -5.16164E-4
2777.23393 -5.0995E-4
2777.47499 -4.7375E-4
2777.71605 -4.09564E-4
2777.95711 -3.45394E-4
2778.19817 -3.21237E-4
2778.43923 -3.60095E-4
2778.68028 -4.35967E-4
2778.92134 -5.02854E-4
2779.1624 -5.43755E-4
2779.40346 -5.57671E-4
2779.64452 -5.31601E-4
2779.88557 -4.70545E-4
2780.12663 -4.14503E-4
2780.36769 -3.97476E-4
2780.60875 -4.09463E-4
2780.84981 -4.29464E-4
2781.09087 -4.4248E-4
2781.33193 -4.3751E-4
2781.57298 -4.18554E-4
2781.81404 -3.98612E-4
2782.0551 -3.82685E-4
2782.29616 -3.57771E-4
2782.53722 -3.36872E-4
2782.77828 -3.49987E-4
2783.01933 -4.00116E-4
2783.26039 -4.7226E-4
2783.50145 -5.34417E-4
2783.74251 -5.32589E-4
2783.98357 -4.64774E-4
2784.22463 -4.02974E-4
2784.46569 -4.08187E-4
2784.70674 -4.53415E-4
2784.9478 -4.87657E-4
2785.18886 -5.02913E-4
2785.42992 -5.16182E-4
2785.67098 -5.28466E-4
2785.91203 -5.30764E-4
2786.15309 -5.15076E-4
2786.39415 -4.72401E-4
2786.63521 -4.24741E-4
2786.87627 -4.23094E-4
2787.11733 -4.66461E-4
2787.35839 -5.01843E-4
2787.59944 -5.04238E-4
2787.8405 -4.99647E-4
2788.08156 -4.99069E-4
2788.32262 -4.68506E-4
2788.56368 -4.04956E-4
2788.80474 -3.6442E-4
2789.0458 -3.91898E-4
2789.28685 -4.6239E-4
2789.52791 -5.21896E-4
2789.76897 -5.44415E-4
2790.01003 -5.45948E-4
2790.25109 -5.37494E-4
2790.49215 -5.09054E-4
2790.7332 -4.68628E-4
2790.97426 -4.46216E-4
2791.21532 -4.42817E-4
2791.45638 -4.34432E-4
2791.69744 -4.30061E-4
2791.9385 -4.60703E-4
2792.17955 -5.06359E-4
2792.42061 -5.22028E-4
2792.66167 -4.85711E-4
2792.90273 -4.16407E-4
2793.14379 -3.55117E-4
2793.38485 -3.4984E-4
2793.6259 -4.17577E-4
2793.86696 -5.15328E-4
2794.10802 -5.85092E-4
2794.34908 -6.17869E-4
2794.59014 -6.2166E-4
2794.8312 -5.85464E-4
2795.07226 -5.08281E-4
2795.31331 -4.38112E-4
2795.55437 -4.05957E-4
2795.79543 -3.94815E-4
2796.03649 -4.09686E-4
2796.27755 -4.7957E-4
2796.51861 -5.79468E-4
2796.75966 -6.39379E-4
2797.00072 -6.23303E-4
2797.24178 -5.46241E-4
2797.48284 -4.58192E-4
2797.7239 -4.11156E-4
2797.96496 -4.23134E-4
2798.20601 -4.70124E-4
2798.44707 -5.14128E-4
2798.68813 -5.25145E-4
2798.92919 -4.92175E-4
2799.17025 -4.32219E-4
2799.41131 -3.87275E-4
2799.65236 -3.68345E-4
2799.89342 -3.62428E-4
2800.13448 -3.80523E-4
2800.37554 -4.50632E-4
2800.6166 -5.44754E-4
2800.85766 -5.98889E-4
2801.09872 -5.83038E-4
2801.33977 -5.27199E-4
2801.58083 -4.71373E-4
2801.82189 -4.2256E-4
2802.06295 -3.7976E-4
2802.30401 -3.58974E-4
2802.54507 -3.732E-4
2802.78612 -4.12439E-4
2803.02718 -4.54691E-4
2803.26824 -4.88956E-4
2803.5093 -4.94233E-4
2803.75036 -4.46524E-4
2803.99142 -3.67828E-4
2804.23247 -3.04144E-4
2804.47353 -2.84473E-4
2804.71459 -3.29815E-4
2804.95565 -4.2317E-4
2805.19671 -5.02538E-4
2805.43777 -5.23918E-4
2805.67883 -4.99312E-4
2805.91988 -4.62718E-4
2806.16094 -4.39136E-4
2806.402 -4.37568E-4
2806.64306 -4.53012E-4
2806.88412 -4.76469E-4
2807.12518 -5.00939E-4
2807.36623 -5.18421E-4
2807.60729 -5.11916E-4
2807.84835 -4.78423E-4
2808.08941 -4.44943E-4
2808.33047 -4.24476E-4
2808.57153 -4.06021E-4
2808.81258 -3.90579E-4
2809.05364 -3.8615E-4
2809.2947 -4.00733E-4
2809.53576 -4.43328E-4
2809.77682 -4.91936E-4
2810.01788 -5.09557E-4
2810.25893 -5.0119E-4
2810.49999 -4.93836E-4
2810.74105 -4.91494E-4
2810.98211 -4.81164E-4
2811.22317 -4.58847E-4
2811.46423 -4.42542E-4
2811.70529 -4.5025E-4
2811.94634 -4.6697E-4
2812.1874 -4.62703E-4
2812.42846 -4.33447E-4
2812.66952 -3.96205E-4
2812.91058 -3.79974E-4
2813.15164 -4.06756E-4
2813.39269 -4.5655E-4
2813.63375 -4.89357E-4
2813.87481 -4.96175E-4
2814.11587 -4.94006E-4
2814.35693 -4.87849E-4
2814.59799 -4.62705E-4
2814.83904 -4.19572E-4
2815.0801 -3.72452E-4
2815.32116 -3.36344E-4
2815.56222 -3.24248E-4
2815.80328 -3.55165E-4
2816.04434 -4.33093E-4
2816.28539 -5.21034E-4
2816.52645 -5.53987E-4
2816.76751 -5.06951E-4
2817.00857 -4.22928E-4
2817.24963 -3.51917E-4
2817.49069 -3.20918E-4
2817.73175 -3.37931E-4
2817.9728 -3.87957E-4
2818.21386 -4.34994E-4
2818.45492 -4.48043E-4
2818.69598 -4.30104E-4
2818.93704 -4.01177E-4
2819.1781 -3.68262E-4
2819.41915 -3.22359E-4
2819.66021 -2.78468E-4
2819.90127 -2.74588E-4
2820.14233 -3.25721E-4
2820.38339 -3.90865E-4
2820.62445 -4.30022E-4
2820.86551 -4.3819E-4
2821.10656 -4.2137E-4
2821.34762 -3.77562E-4
2821.58868 -3.13766E-4
2821.82974 -2.60981E-4
2822.0708 -2.50208E-4
2822.31185 -2.87447E-4
2822.55291 -3.45698E-4
2822.79397 -3.78961E-4
2823.03503 -3.60235E-4
2823.27609 -3.02521E-4
2823.51715 -2.40818E-4
2823.75821 -1.98128E-4
2823.99926 -1.84449E-4
2824.24032 -2.02781E-4
2824.48138 -2.47125E-4
2824.72244 -2.99481E-4
2824.9635 -3.42849E-4
2825.20456 -3.66228E-4
2825.44561 -3.54618E-4
2825.68667 -3.0802E-4
2825.92773 -2.42434E-4
2826.16879 -1.88859E-4
2826.40985 -1.72296E-4
2826.65091 -1.88744E-4
2826.89196 -2.11204E-4
2827.13302 -2.22675E-4
2827.37408 -2.26158E-4
2827.61514 -2.32652E-4
2827.8562 -2.41157E-4
2828.09726 -2.23674E-4
2828.33832 -1.81202E-4
2828.57937 -1.51742E-4
2828.82043 -1.58293E-4
2829.06149 -1.97856E-4
2829.30255 -2.63429E-4
2829.54361 -3.09014E-4
2829.78467 -2.87611E-4
2830.02572 -2.24218E-4
2830.26678 -1.71837E-4
2830.50784 -1.43467E-4
2830.7489 -1.34109E-4
2830.98996 -1.42762E-4
2831.23102 -1.70425E-4
2831.47208 -2.00101E-4
2831.71313 -2.10787E-4
2831.95419 -2.01484E-4
2832.19525 -1.83193E-4
2832.43631 -1.66913E-4
2832.67737 -1.50644E-4
2832.91842 -1.31386E-4
2833.15948 -1.28139E-4
2833.40054 -1.56903E-4
2833.6416 -1.99678E-4
2833.88266 -2.18465E-4
2834.12372 -2.05262E-4
2834.36478 -1.74071E-4
2834.60583 -1.4089E-4
2834.84689 -1.18721E-4
2835.08795 -1.21562E-4
2835.32901 -1.37414E-4
2835.57007 -1.41278E-4
2835.81113 -1.40152E-4
2836.05218 -1.60037E-4
2836.29324 -1.87934E-4
2836.5343 -1.85841E-4
2836.77536 -1.57759E-4
2837.01642 -1.51687E-4
2837.25748 -1.75627E-4
2837.49854 -2.01577E-4
2837.73959 -2.18539E-4
2837.98065 -2.43511E-4
2838.22171 -2.75494E-4
2838.46277 -2.98488E-4
2838.70383 -2.99492E-4
2838.94488 -2.96507E-4
2839.18594 -3.16533E-4
2839.427 -3.4757E-4
2839.66806 -3.71617E-4
2839.90912 -4.12676E-4
2840.15018 -4.91744E-4
2840.39124 -5.89824E-4
2840.63229 -6.79914E-4
2840.87335 -7.56015E-4
2841.11441 -8.22126E-4
2841.35547 -8.89248E-4
2841.59653 -9.69381E-4
2841.83759 -0.00107
2842.07865 -0.00118
2842.3197 -0.00131
2842.56076 -0.00144
2842.80182 -0.00152
2843.04288 -0.00156
2843.28394 -0.00155
2843.525 -0.00149
2843.76605 -0.0014
2844.00711 -0.00129
2844.24817 -0.0012
2844.48923 -0.00113
2844.73029 -0.00105
2844.97135 -9.48341E-4
2845.2124 -8.1663E-4
2845.45346 -6.7893E-4
2845.69452 -5.51241E-4
2845.93558 -4.49561E-4
2846.17664 -3.88893E-4
2846.4177 -3.67234E-4
2846.65875 -3.73585E-4
2846.89981 -3.75947E-4
2847.14087 -3.5032E-4
2847.38193 -3.20702E-4
2847.62299 -3.22095E-4
2847.86405 -3.39497E-4
2848.10511 -3.2791E-4
2848.34616 -2.95334E-4
2848.58722 -2.76767E-4
2848.82828 -2.81211E-4
2849.06934 -2.91664E-4
2849.3104 -2.93128E-4
2849.55145 -2.70602E-4
2849.79251 -2.24086E-4
2850.03357 -1.6858E-4
2850.27463 -1.27084E-4
2850.51569 -1.19599E-4
2850.75675 -1.40123E-4
2850.99781 -1.54657E-4
2851.23886 -1.54201E-4
2851.47992 -1.50756E-4
2851.72098 -1.2932E-4
2851.96204 -5.68942E-5
2852.2031 4.35217E-5
2852.44416 1.03928E-4
2852.68522 9.63235E-5
2852.92627 4.37096E-5
2853.16733 -2.39142E-5
2853.40839 -7.65479E-5
2853.64945 -8.81915E-5
2853.89051 -5.08449E-5
2854.13157 2.84918E-5
2854.37262 1.24819E-4
2854.61368 1.97136E-4
2854.85474 2.21443E-4
2855.0958 1.95741E-4
2855.33686 1.32029E-4
2855.57792 5.53067E-5
2855.81897 -2.42499E-6
2856.06003 -1.16637E-6
2856.30109 6.50825E-5
2856.54215 1.57322E-4
2856.78321 2.24551E-4
2857.02427 2.44771E-4
2857.26532 2.25981E-4
2857.50638 1.99182E-4
2857.74744 1.79373E-4
2857.9885 1.67554E-4
2858.22956 1.64725E-4
2858.47062 1.81887E-4
2858.71168 2.3004E-4
2858.95273 2.90182E-4
2859.19379 3.25315E-4
2859.43485 3.20439E-4
2859.67591 2.92553E-4
2859.91697 2.61657E-4
2860.15803 2.46752E-4
2860.39908 2.54837E-4
2860.64014 2.73912E-4
2860.8812 2.98978E-4
2861.12226 3.46034E-4
2861.36332 3.99081E-4
2861.60438 4.19119E-4
2861.84543 4.05146E-4
2862.08649 3.76165E-4
2862.32755 3.31173E-4
2862.56861 2.84172E-4
2862.80967 2.62162E-4
2863.05073 2.78142E-4
2863.29178 3.23113E-4
2863.53284 3.72074E-4
2863.7739 3.99026E-4
2864.01496 3.90968E-4
2864.25602 3.47901E-4
2864.49708 3.02824E-4
2864.73814 3.00738E-4
2864.97919 3.47642E-4
2865.22025 4.12537E-4
2865.46131 4.73422E-4
2865.70237 5.09298E-4
2865.94343 5.01165E-4
2866.18449 4.59022E-4
2866.42554 4.1987E-4
2866.6666 4.15709E-4
2866.90766 4.36538E-4
2867.14872 4.58357E-4
2867.38978 4.84168E-4
2867.63084 5.16968E-4
2867.87189 5.5076E-4
2868.11295 5.70542E-4
2868.35401 5.56315E-4
2868.59507 5.04078E-4
2868.83613 4.41833E-4
2869.07719 4.04577E-4
2869.31824 4.27313E-4
2869.5593 5.19039E-4
2869.80036 6.43756E-4
2870.04142 7.47464E-4
2870.28248 7.89162E-4
2870.52354 7.61851E-4
2870.7646 7.00531E-4
2871.00565 6.42201E-4
2871.24671 6.10862E-4
2871.48777 6.11514E-4
2871.72883 6.35157E-4
2871.96989 6.8079E-4
2872.21095 7.51415E-4
2872.452 8.09029E-4
2872.69306 8.02635E-4
2872.93412 7.34232E-4
2873.17518 6.59819E-4
2873.41624 6.41397E-4
2873.6573 7.04966E-4
2873.89835 8.15526E-4
2874.13941 9.04076E-4
2874.38047 9.30618E-4
2874.62153 9.0415E-4
2874.86259 8.58673E-4
2875.10365 8.27187E-4
2875.34471 8.33692E-4
2875.58576 8.82187E-4
2875.82682 9.36674E-4
2876.06788 9.64151E-4
2876.30894 9.78619E-4
2876.55 0.00101
2876.79106 0.00104
2877.03211 0.00104
2877.27317 0.00102
2877.51423 9.96824E-4
2877.75529 9.85238E-4
2877.99635 9.92642E-4
2878.23741 0.00101
2878.47846 0.00102
2878.71952 0.00103
2878.96058 0.00105
2879.20164 0.00108
2879.4427 0.00111
2879.68376 0.00109
2879.92481 0.00105
2880.16587 0.00103
2880.40693 0.00105
2880.64799 0.0011
2880.88905 0.00116
2881.13011 0.00121
2881.37117 0.00125
2881.61222 0.00127
2881.85328 0.00127
2882.09434 0.00125
2882.3354 0.00124
2882.57646 0.00122
2882.81752 0.00121
2883.05857 0.00123
2883.29963 0.0013
2883.54069 0.00134
2883.78175 0.0013
2884.02281 0.00123
2884.26387 0.00119
2884.50493 0.00121
2884.74598 0.00125
2884.98704 0.00129
2885.2281 0.00133
2885.46916 0.00134
2885.71022 0.00132
2885.95127 0.00132
2886.19233 0.00133
2886.43339 0.00133
2886.67445 0.00131
2886.91551 0.00133
2887.15657 0.00139
2887.39763 0.00146
2887.63868 0.00153
2887.87974 0.00156
2888.1208 0.00156
2888.36186 0.00155
2888.60292 0.00155
2888.84398 0.00158
2889.08503 0.00162
2889.32609 0.00166
2889.56715 0.00169
2889.80821 0.00171
2890.04927 0.0017
2890.29033 0.00169
2890.53138 0.00167
2890.77244 0.00166
2891.0135 0.00166
2891.25456 0.00168
2891.49562 0.00174
2891.73668 0.00179
2891.97773 0.00182
2892.21879 0.00183
2892.45985 0.00183
2892.70091 0.00182
2892.94197 0.0018
2893.18303 0.0018
2893.42409 0.00181
2893.66514 0.00184
2893.9062 0.00188
2894.14726 0.00192
2894.38832 0.00193
2894.62938 0.00193
2894.87044 0.00192
2895.1115 0.00192
2895.35255 0.00191
2895.59361 0.00192
2895.83467 0.00196
2896.07573 0.00202
2896.31679 0.00207
2896.55784 0.0021
2896.7989 0.00211
2897.03996 0.00208
2897.28102 0.00204
2897.52208 0.002
2897.76314 0.00202
2898.0042 0.00209
2898.24525 0.00216
2898.48631 0.00222
2898.72737 0.00224
2898.96843 0.00224
2899.20949 0.00222
2899.45055 0.00221
2899.6916 0.00222
2899.93266 0.00225
2900.17372 0.00227
2900.41478 0.00229
2900.65584 0.00234
2900.8969 0.00241
2901.13796 0.00245
2901.37901 0.00246
2901.62007 0.00245
2901.86113 0.00241
2902.10219 0.00237
2902.34325 0.00238
2902.5843 0.00241
2902.82536 0.00247
2903.06642 0.00251
2903.30748 0.00253
2903.54854 0.00251
2903.7896 0.00249
2904.03066 0.0025
2904.27171 0.00253
2904.51277 0.00256
2904.75383 0.00259
2904.99489 0.0026
2905.23595 0.00263
2905.47701 0.00265
2905.71807 0.00266
2905.95912 0.00263
2906.20018 0.0026
2906.44124 0.00262
2906.6823 0.00267
2906.92336 0.00269
2907.16442 0.00268
2907.40547 0.00265
2907.64653 0.00263
2907.88759 0.0026
2908.12865 0.00257
2908.36971 0.00253
2908.61077 0.00248
2908.85182 0.00244
2909.09288 0.00243
2909.33394 0.00247
2909.575 0.00249
2909.81606 0.00247
2910.05712 0.0024
2910.29817 0.0023
2910.53923 0.00222
2910.78029 0.00217
2911.02135 0.00217
2911.26241 0.0022
2911.50347 0.00224
2911.74453 0.00224
2911.98558 0.0022
2912.22664 0.00218
2912.4677 0.00221
2912.70876 0.0023
2912.94982 0.0024
2913.19087 0.00251
2913.43193 0.00262
2913.67299 0.00272
2913.91405 0.00279
2914.15511 0.00286
2914.39617 0.00295
2914.63723 0.00305
2914.87828 0.00313
2915.11934 0.00322
2915.3604 0.00333
2915.60146 0.00348
2915.84252 0.00364
2916.08358 0.00376
2916.32463 0.00381
2916.56569 0.0038
2916.80675 0.00378
2917.04781 0.0038
2917.28887 0.00387
2917.52993 0.00397
2917.77099 0.00412
2918.01204 0.00426
2918.2531 0.00437
2918.49416 0.00445
2918.73522 0.00451
2918.97628 0.00453
2919.21734 0.00457
2919.45839 0.00464
2919.69945 0.00471
2919.94051 0.00478
2920.18157 0.00488
2920.42263 0.00501
2920.66369 0.00512
2920.90474 0.00517
2921.1458 0.00518
2921.38686 0.00519
2921.62792 0.00524
2921.86898 0.00533
2922.11004 0.00544
2922.3511 0.00553
2922.59215 0.00561
2922.83321 0.00569
2923.07427 0.00576
2923.31533 0.0058
2923.55639 0.00582
2923.79745 0.00583
2924.0385 0.00588
2924.27956 0.00597
2924.52062 0.00608
2924.76168 0.00618
2925.00274 0.00624
2925.2438 0.00629
2925.48485 0.00633
2925.72591 0.00633
2925.96697 0.00633
2926.20803 0.00636
2926.44909 0.00644
2926.69015 0.00652
2926.9312 0.0066
2927.17226 0.00664
2927.41332 0.00665
2927.65438 0.00665
2927.89544 0.00662
2928.1365 0.00662
2928.37756 0.00665
2928.61861 0.00672
2928.85967 0.00682
2929.10073 0.0069
2929.34179 0.00695
2929.58285 0.007
2929.82391 0.00701
2930.06496 0.00698
2930.30602 0.00694
2930.54708 0.00694
2930.78814 0.00699
2931.0292 0.00704
2931.27026 0.0071
2931.51131 0.00714
2931.75237 0.00716
2931.99343 0.00715
2932.23449 0.00714
2932.47555 0.00715
2932.71661 0.00714
2932.95766 0.00714
2933.19872 0.00719
2933.43978 0.00725
2933.68084 0.00731
2933.9219 0.00733
2934.16296 0.00735
2934.40402 0.00738
2934.64507 0.0074
2934.88613 0.0074
2935.12719 0.00741
2935.36825 0.00746
2935.60931 0.00752
2935.85037 0.00757
2936.09142 0.0076
2936.33248 0.00762
2936.57354 0.00763
2936.8146 0.00763
2937.05566 0.00763
2937.29672 0.00768
2937.53777 0.00775
2937.77883 0.00782
2938.01989 0.00785
2938.26095 0.00784
2938.50201 0.00782
2938.74307 0.0078
2938.98412 0.00781
2939.22518 0.00788
2939.46624 0.00797
2939.7073 0.00806
2939.94836 0.00813
2940.18942 0.00816
2940.43048 0.00817
2940.67153 0.00819
2940.91259 0.00823
2941.15365 0.00826
2941.39471 0.0083
2941.63577 0.00837
2941.87683 0.00844
2942.11788 0.00847
2942.35894 0.00845
2942.6 0.00842
2942.84106 0.0084
2943.08212 0.00838
2943.32318 0.00839
2943.56423 0.00845
2943.80529 0.00854
2944.04635 0.00866
2944.28741 0.00877
2944.52847 0.00885
2944.76953 0.00889
2945.01059 0.00889
2945.25164 0.00888
2945.4927 0.00888
2945.73376 0.00889
2945.97482 0.00893
2946.21588 0.00901
2946.45694 0.00913
2946.69799 0.00925
2946.93905 0.00934
2947.18011 0.00938
2947.42117 0.00937
2947.66223 0.00935
2947.90329 0.00938
2948.14435 0.00947
2948.3854 0.00958
2948.62646 0.00969
2948.86752 0.00981
2949.10858 0.00993
2949.34964 0.00999
2949.59069 0.01001
2949.83175 0.01002
2950.07281 0.01005
2950.31387 0.0101
2950.55493 0.01018
2950.79599 0.0103
2951.03705 0.01044
2951.2781 0.01056
2951.51916 0.01062
2951.76022 0.01065
2952.00128 0.0107
2952.24234 0.01078
2952.4834 0.01085
2952.72445 0.0109
2952.96551 0.01097
2953.20657 0.01108
2953.44763 0.0112
2953.68869 0.01127
2953.92975 0.01128
2954.17081 0.01131
2954.41186 0.01138
2954.65292 0.01148
2954.89398 0.01158
2955.13504 0.01169
2955.3761 0.01178
2955.61715 0.01185
2955.85821 0.01191
2956.09927 0.01197
2956.34033 0.01203
2956.58139 0.01207
2956.82245 0.01213
2957.06351 0.01223
2957.30456 0.01238
2957.54562 0.01253
2957.78668 0.01267
2958.02774 0.01282
2958.2688 0.01293
2958.50986 0.01297
2958.75092 0.01298
2958.99197 0.01302
2959.23303 0.01314
2959.47409 0.01328
2959.71515 0.01344
2959.95621 0.01356
2960.19726 0.01363
2960.43832 0.01365
2960.67938 0.01367
2960.92044 0.01373
2961.1615 0.01387
2961.40256 0.01406
2961.64362 0.01423
2961.88467 0.01434
2962.12573 0.01442
2962.36679 0.01452
2962.60785 0.01462
2962.84891 0.01471
2963.08997 0.01477
2963.33102 0.01485
2963.57208 0.01498
2963.81314 0.01513
2964.0542 0.01526
2964.29526 0.01536
2964.53632 0.01547
2964.77738 0.01558
2965.01843 0.01566
2965.25949 0.01571
2965.50055 0.01575
2965.74161 0.01583
2965.98267 0.01597
2966.22372 0.01616
2966.46478 0.01632
2966.70584 0.01641
2966.9469 0.01645
2967.18796 0.01649
2967.42902 0.01656
2967.67008 0.01664
2967.91113 0.01675
2968.15219 0.0169
2968.39325 0.01704
2968.63431 0.01716
2968.87537 0.01726
2969.11643 0.01736
2969.35749 0.01743
2969.59854 0.01746
2969.8396 0.01752
2970.08066 0.01764
2970.32172 0.01779
2970.56278 0.01795
2970.80384 0.01808
2971.04489 0.01819
2971.28595 0.01828
2971.52701 0.01836
2971.76807 0.01842
2972.00913 0.01847
2972.25019 0.01855
2972.49124 0.01866
2972.7323 0.01879
2972.97336 0.01894
2973.21442 0.01909
2973.45548 0.0192
2973.69654 0.01926
2973.93759 0.01929
2974.17865 0.01931
2974.41971 0.01935
2974.66077 0.01942
2974.90183 0.01954
2975.14289 0.01969
2975.38395 0.01985
2975.625 0.01998
2975.86606 0.02009
2976.10712 0.02019
2976.34818 0.02028
2976.58924 0.02035
2976.8303 0.02041
2977.07135 0.02051
2977.31241 0.02062
2977.55347 0.02074
2977.79453 0.02084
2978.03559 0.02091
2978.27665 0.02093
2978.5177 0.02094
2978.75876 0.02102
2978.99982 0.02117
2979.24088 0.02135
2979.48194 0.02152
2979.723 0.02167
2979.96405 0.02181
2980.20511 0.02191
2980.44617 0.02198
2980.68723 0.02202
2980.92829 0.02209
2981.16935 0.02218
2981.41041 0.02231
2981.65146 0.02244
2981.89252 0.02258
2982.13358 0.02269
2982.37464 0.02277
2982.6157 0.02284
2982.85676 0.02291
2983.09781 0.02302
2983.33887 0.02315
2983.57993 0.02332
2983.82099 0.0235
2984.06205 0.02367
2984.30311 0.0238
2984.54416 0.02388
2984.78522 0.02395
2985.02628 0.02404
2985.26734 0.02416
2985.5084 0.02427
2985.74946 0.0244
2985.99052 0.02454
2986.23157 0.0247
2986.47263 0.02484
2986.71369 0.02494
2986.95475 0.02501
2987.19581 0.02509
2987.43687 0.02521
2987.67792 0.02538
2987.91898 0.02558
2988.16004 0.02575
2988.4011 0.02591
2988.64216 0.02606
2988.88322 0.0262
2989.12427 0.02631
2989.36533 0.02641
2989.60639 0.02652
2989.84745 0.02663
2990.08851 0.02675
2990.32957 0.02691
2990.57062 0.02709
2990.81168 0.02725
2991.05274 0.0274
2991.2938 0.02754
2991.53486 0.02767
2991.77592 0.02779
2992.01698 0.02793
2992.25803 0.02809
2992.49909 0.02828
2992.74015 0.02848
2992.98121 0.02867
2993.22227 0.02884
2993.46333 0.029
2993.70438 0.02917
2993.94544 0.02935
2994.1865 0.02953
2994.42756 0.02971
2994.66862 0.02992
2994.90968 0.03014
2995.15073 0.03035
2995.39179 0.03052
2995.63285 0.0307
2995.87391 0.03091
2996.11497 0.03115
2996.35603 0.03136
2996.59708 0.03157
2996.83814 0.0318
2997.0792 0.03203
2997.32026 0.03226
2997.56132 0.03247
2997.80238 0.03266
2998.04344 0.03284
2998.28449 0.03304
2998.52555 0.03329
2998.76661 0.03358
2999.00767 0.0339
2999.24873 0.03421
2999.48979 0.03448
2999.73084 0.03469
2999.9719 0.0349
3000.21296 0.03515
3000.45402 0.03543
3000.69508 0.03573
3000.93614 0.03603
3001.1772 0.03633
3001.41825 0.03662
3001.65931 0.03686
3001.90037 0.03706
3002.14143 0.03727
3002.38249 0.03752
3002.62354 0.03783
3002.8646 0.03814
3003.10566 0.03844
3003.34672 0.03873
3003.58778 0.03901
3003.82884 0.03932
3004.0699 0.03963
3004.31095 0.0399
3004.55201 0.04013
3004.79307 0.04033
3005.03413 0.04055
3005.27519 0.04079
3005.51625 0.04104
3005.7573 0.0413
3005.99836 0.04156
3006.23942 0.04182
3006.48048 0.04208
3006.72154 0.0423
3006.9626 0.04249
3007.20365 0.04268
3007.44471 0.04291
3007.68577 0.04316
3007.92683 0.0434
3008.16789 0.04361
3008.40895 0.0438
3008.65001 0.04397
3008.89106 0.04412
3009.13212 0.04427
3009.37318 0.04443
3009.61424 0.04461
3009.8553 0.04483
3010.09636 0.04506
3010.33741 0.04528
3010.57847 0.04546
3010.81953 0.04562
3011.06059 0.04573
3011.30165 0.04583
3011.54271 0.04595
3011.78377 0.0461
3012.02482 0.04626
3012.26588 0.04646
3012.50694 0.04669
3012.748 0.04689
3012.98906 0.04701
3013.23011 0.0471
3013.47117 0.04724
3013.71223 0.04741
3013.95329 0.04757
3014.19435 0.04771
3014.43541 0.04786
3014.67647 0.04802
3014.91752 0.04816
3015.15858 0.04828
3015.39964 0.04839
3015.6407 0.04854
3015.88176 0.04873
3016.12282 0.04896
3016.36387 0.04924
3016.60493 0.04951
3016.84599 0.04973
3017.08705 0.04991
3017.32811 0.05011
3017.56917 0.05032
3017.81023 0.0505
3018.05128 0.05066
3018.29234 0.05082
3018.5334 0.05099
3018.77446 0.0512
3019.01552 0.05143
3019.25657 0.05168
3019.49763 0.05191
3019.73869 0.05209
3019.97975 0.05225
3020.22081 0.05244
3020.46187 0.05269
3020.70293 0.05297
3020.94398 0.05325
3021.18504 0.05351
3021.4261 0.05375
3021.66716 0.05397
3021.90822 0.05417
3022.14928 0.05436
3022.39034 0.05455
3022.63139 0.05476
3022.87245 0.05501
3023.11351 0.05529
3023.35457 0.05559
3023.59563 0.05588
3023.83669 0.05616
3024.07774 0.0564
3024.3188 0.05661
3024.55986 0.05678
3024.80092 0.05697
3025.04198 0.05722
3025.28304 0.05755
3025.52409 0.05791
3025.76515 0.05825
3026.00621 0.05856
3026.24727 0.05881
3026.48833 0.05903
3026.72939 0.05924
3026.97044 0.0595
3027.2115 0.05978
3027.45256 0.0601
3027.69362 0.06042
3027.93468 0.06076
3028.17574 0.06107
3028.4168 0.06135
3028.65785 0.0616
3028.89891 0.06187
3029.13997 0.06217
3029.38103 0.0625
3029.62209 0.06284
3029.86314 0.06317
3030.1042 0.06347
3030.34526 0.06378
3030.58632 0.0641
3030.82738 0.06441
3031.06844 0.06469
3031.3095 0.06499
3031.55055 0.06533
3031.79161 0.06569
3032.03267 0.06605
3032.27373 0.0664
3032.51479 0.06673
3032.75585 0.06704
3032.99691 0.06735
3033.23796 0.06767
3033.47902 0.068
3033.72008 0.06836
3033.96114 0.06874
3034.2022 0.06909
3034.44326 0.06944
3034.68431 0.06978
3034.92537 0.07011
3035.16643 0.07043
3035.40749 0.07077
3035.64855 0.07114
3035.88961 0.07151
3036.13066 0.07188
3036.37172 0.07226
3036.61278 0.07266
3036.85384 0.07304
3037.0949 0.07337
3037.33596 0.07367
3037.57701 0.07398
3037.81807 0.07434
3038.05913 0.07474
3038.30019 0.07518
3038.54125 0.07561
3038.78231 0.076
3039.02337 0.07636
3039.26442 0.07672
3039.50548 0.07709
3039.74654 0.07747
3039.9876 0.07788
3040.22866 0.0783
3040.46972 0.07873
3040.71077 0.07913
3040.95183 0.07949
3041.19289 0.07985
3041.43395 0.08023
3041.67501 0.08063
3041.91607 0.08102
3042.15712 0.08143
3042.39818 0.08186
3042.63924 0.08231
3042.8803 0.08273
3043.12136 0.08316
3043.36242 0.08359
3043.60347 0.08402
3043.84453 0.08443
3044.08559 0.08485
3044.32665 0.08529
3044.56771 0.08575
3044.80877 0.08623
3045.04983 0.08671
3045.29088 0.08715
3045.53194 0.08755
3045.773 0.08798
3046.01406 0.08843
3046.25512 0.08888
3046.49618 0.08933
3046.73723 0.08977
3046.97829 0.09022
3047.21935 0.09068
3047.46041 0.09121
3047.70147 0.09179
3047.94253 0.0923
3048.18359 0.09273
3048.42464 0.09311
3048.6657 0.09353
3048.90676 0.09399
3049.14782 0.09448
3049.38888 0.09502
3049.62993 0.0956
3049.87099 0.09614
3050.11205 0.09658
3050.35311 0.09696
3050.59417 0.09734
3050.83523 0.09776
3051.07629 0.09822
3051.31734 0.09873
3051.5584 0.0993
3051.79946 0.0999
3052.04052 0.10047
3052.28158 0.10097
3052.52264 0.10146
3052.76369 0.10198
3053.00475 0.10252
3053.24581 0.10306
3053.48687 0.10359
3053.72793 0.10414
3053.96899 0.10472
3054.21004 0.1053
3054.4511 0.10586
3054.69216 0.10637
3054.93322 0.10688
3055.17428 0.1074
3055.41534 0.10792
3055.6564 0.10844
3055.89745 0.10895
3056.13851 0.1095
3056.37957 0.11011
3056.62063 0.11076
3056.86169 0.11138
3057.10275 0.11192
3057.3438 0.11243
3057.58486 0.11295
3057.82592 0.11354
3058.06698 0.11416
3058.30804 0.11481
3058.5491 0.11546
3058.79016 0.11609
3059.03121 0.11669
3059.27227 0.11727
3059.51333 0.11781
3059.75439 0.11834
3059.99545 0.1189
3060.2365 0.11953
3060.47756 0.12021
3060.71862 0.12089
3060.95968 0.12153
3061.20074 0.12211
3061.4418 0.12266
3061.68286 0.12327
3061.92391 0.12394
3062.16497 0.12464
3062.40603 0.12531
3062.64709 0.12596
3062.88815 0.12658
3063.12921 0.12721
3063.37026 0.12784
3063.61132 0.12845
3063.85238 0.12908
3064.09344 0.12974
3064.3345 0.13043
3064.57556 0.1311
3064.81662 0.13178
3065.05767 0.13246
3065.29873 0.13312
3065.53979 0.13375
3065.78085 0.1344
3066.02191 0.1351
3066.26296 0.13585
3066.50402 0.13659
3066.74508 0.13731
3066.98614 0.13802
3067.2272 0.13874
3067.46826 0.13949
3067.70932 0.14025
3067.95037 0.14097
3068.19143 0.14161
3068.43249 0.14226
3068.67355 0.143
3068.91461 0.1438
3069.15567 0.14459
3069.39673 0.14535
3069.63778 0.14609
3069.87884 0.14681
3070.1199 0.14751
3070.36096 0.14821
3070.60202 0.14893
3070.84308 0.14968
3071.08413 0.15048
3071.32519 0.15134
3071.56625 0.15219
3071.80731 0.15299
3072.04837 0.15374
3072.28942 0.15446
3072.53048 0.15519
3072.77154 0.15594
3073.0126 0.15668
3073.25366 0.15746
3073.49472 0.15831
3073.73578 0.15919
3073.97683 0.16005
3074.21789 0.16084
3074.45895 0.16158
3074.70001 0.16233
3074.94107 0.16312
3075.18213 0.16397
3075.42319 0.16484
3075.66424 0.16573
3075.9053 0.16662
3076.14636 0.16751
3076.38742 0.16835
3076.62848 0.16913
3076.86953 0.16991
3077.11059 0.1707
3077.35165 0.17152
3077.59271 0.17238
3077.83377 0.17326
3078.07483 0.17416
3078.31589 0.17507
3078.55694 0.17597
3078.798 0.17684
3079.03906 0.17766
3079.28012 0.17847
3079.52118 0.17931
3079.76224 0.18022
3080.0033 0.18119
3080.24435 0.18216
3080.48541 0.18309
3080.72647 0.18397
3080.96753 0.18486
3081.20859 0.18575
3081.44965 0.18665
3081.6907 0.18755
3081.93176 0.18844
3082.17282 0.18933
3082.41388 0.19025
3082.65494 0.19121
3082.89599 0.19217
3083.13705 0.19306
3083.37811 0.19394
3083.61917 0.19485
3083.86023 0.19581
3084.10129 0.19681
3084.34235 0.19779
3084.5834 0.19875
3084.82446 0.1997
3085.06552 0.20068
3085.30658 0.20166
3085.54764 0.20264
3085.7887 0.20361
3086.02976 0.2046
3086.27081 0.2056
3086.51187 0.20661
3086.75293 0.20765
3086.99399 0.20869
3087.23505 0.20972
3087.47611 0.21066
3087.71716 0.21154
3087.95822 0.21243
3088.19928 0.21338
3088.44034 0.21436
3088.6814 0.21539
3088.92246 0.21646
3089.16351 0.21754
3089.40457 0.2186
3089.64563 0.21962
3089.88669 0.2206
3090.12775 0.22155
3090.36881 0.22247
3090.60986 0.22344
3090.85092 0.22452
3091.09198 0.2257
3091.33304 0.22687
3091.5741 0.22793
3091.81516 0.22889
3092.05622 0.22983
3092.29727 0.23082
3092.53833 0.23185
3092.77939 0.23287
3093.02045 0.2339
3093.26151 0.23497
3093.50256 0.23609
3093.74362 0.23723
3093.98468 0.23836
3094.22574 0.23944
3094.4668 0.24046
3094.70786 0.24144
3094.94892 0.24244
3095.18997 0.24351
3095.43103 0.24461
3095.67209 0.24573
3095.91315 0.24688
3096.15421 0.24803
3096.39527 0.24912
3096.63632 0.25016
3096.87738 0.25121
3097.11844 0.25229
3097.3595 0.25336
3097.60056 0.25445
3097.84162 0.25557
3098.08268 0.25669
3098.32373 0.25781
3098.56479 0.25893
3098.80585 0.26001
3099.04691 0.26108
3099.28797 0.2622
3099.52903 0.26333
3099.77008 0.26447
3100.01114 0.26567
3100.2522 0.26688
3100.49326 0.26804
3100.73432 0.26911
3100.97538 0.27014
3101.21643 0.27115
3101.45749 0.27219
3101.69855 0.27329
3101.93961 0.27444
3102.18067 0.27562
3102.42173 0.27678
3102.66279 0.27791
3102.90384 0.27905
3103.1449 0.28021
3103.38596 0.28134
3103.62702 0.28243
3103.86808 0.28355
3104.10914 0.28469
3104.35019 0.28586
3104.59125 0.28703
3104.83231 0.28824
3105.07337 0.28947
3105.31443 0.29066
3105.55549 0.29174
3105.79654 0.29279
3106.0376 0.29387
3106.27866 0.29503
3106.51972 0.29627
3106.76078 0.2975
3107.00184 0.29865
3107.24289 0.29972
3107.48395 0.30075
3107.72501 0.30186
3107.96607 0.30308
3108.20713 0.30434
3108.44819 0.30557
3108.68925 0.30674
3108.9303 0.30791
3109.17136 0.30909
3109.41242 0.31029
3109.65348 0.31146
3109.89454 0.31259
3110.1356 0.31371
3110.37665 0.31487
3110.61771 0.31608
3110.85877 0.3173
3111.09983 0.31851
3111.34089 0.31968
3111.58195 0.3208
3111.82301 0.32191
3112.06406 0.32302
3112.30512 0.32414
3112.54618 0.32529
3112.78724 0.32653
3113.0283 0.32788
3113.26935 0.32924
3113.51041 0.3305
3113.75147 0.33165
3113.99253 0.33275
3114.23359 0.33387
3114.47465 0.33505
3114.71571 0.33629
3114.95676 0.33756
3115.19782 0.33881
3115.43888 0.34004
3115.67994 0.34126
3115.921 0.34241
3116.16206 0.34347
3116.40311 0.34454
3116.64417 0.34569
3116.88523 0.34692
3117.12629 0.34815
3117.36735 0.34937
3117.60841 0.35062
3117.84946 0.35191
3118.09052 0.3532
3118.33158 0.35441
3118.57264 0.35556
3118.8137 0.35672
3119.05476 0.3579
3119.29581 0.35906
3119.53687 0.36019
3119.77793 0.36138
3120.01899 0.36263
3120.26005 0.36384
3120.50111 0.36494
3120.74217 0.36601
3120.98322 0.36715
3121.22428 0.36837
3121.46534 0.3696
3121.7064 0.37089
3121.94746 0.37221
3122.18852 0.37351
3122.42958 0.37474
3122.67063 0.37594
3122.91169 0.37709
3123.15275 0.37817
3123.39381 0.37922
3123.63487 0.38036
3123.87592 0.3816
3124.11698 0.3829
3124.35804 0.38421
3124.5991 0.38548
3124.84016 0.38666
3125.08122 0.38773
3125.32228 0.3888
3125.56333 0.38994
3125.80439 0.39117
3126.04545 0.39247
3126.28651 0.39378
3126.52757 0.39507
3126.76863 0.39631
3127.00968 0.39749
3127.25074 0.39863
3127.4918 0.39979
3127.73286 0.401
3127.97392 0.40226
3128.21498 0.40352
3128.45604 0.40479
3128.69709 0.40601
3128.93815 0.40715
3129.17921 0.40826
3129.42027 0.4094
3129.66133 0.41055
3129.90238 0.41173
3130.14344 0.41297
3130.3845 0.41423
3130.62556 0.41546
3130.86662 0.41666
3131.10768 0.41791
3131.34874 0.4192
3131.58979 0.42042
3131.83085 0.42155
3132.07191 0.42269
3132.31297 0.42391
3132.55403 0.42517
3132.79509 0.42637
3133.03615 0.42753
3133.2772 0.42871
3133.51826 0.42996
3133.75932 0.43118
3134.00038 0.43234
3134.24144 0.43345
3134.4825 0.43455
3134.72355 0.43567
3134.96461 0.43687
3135.20567 0.43815
3135.44673 0.43944
3135.68779 0.44071
3135.92884 0.44195
3136.1699 0.44316
3136.41096 0.44434
3136.65202 0.44552
3136.89308 0.44672
3137.13414 0.44797
3137.3752 0.44927
3137.61625 0.45053
3137.85731 0.45165
3138.09837 0.45265
3138.33943 0.45367
3138.58049 0.45481
3138.82155 0.45607
3139.06261 0.45738
3139.30366 0.45869
3139.54472 0.45993
3139.78578 0.4611
3140.02684 0.46228
3140.2679 0.46349
3140.50895 0.46468
3140.75001 0.46582
3140.99107 0.46696
3141.23213 0.46812
3141.47319 0.46929
3141.71425 0.47047
3141.95531 0.47164
3142.19636 0.47279
3142.43742 0.47391
3142.67848 0.47506
3142.91954 0.47621
3143.1606 0.47733
3143.40166 0.47844
3143.64272 0.47958
3143.88377 0.48079
3144.12483 0.48205
3144.36589 0.48335
3144.60695 0.48463
3144.84801 0.4858
3145.08907 0.48687
3145.33012 0.48794
3145.57118 0.48913
3145.81224 0.4904
3146.0533 0.49165
3146.29436 0.49287
3146.53541 0.49404
3146.77647 0.49513
3147.01753 0.49619
3147.25859 0.49728
3147.49965 0.49843
3147.74071 0.49958
3147.98177 0.50067
3148.22282 0.50174
3148.46388 0.50289
3148.70494 0.50412
3148.946 0.50532
3149.18706 0.50645
3149.42812 0.50755
3149.66918 0.50869
3149.91023 0.50988
3150.15129 0.51109
3150.39235 0.5123
3150.63341 0.51349
3150.87447 0.51467
3151.11553 0.51576
3151.35658 0.51677
3151.59764 0.51776
3151.8387 0.51883
3152.07976 0.51994
3152.32082 0.52107
3152.56188 0.52223
3152.80293 0.52343
3153.04399 0.52459
3153.28505 0.52572
3153.52611 0.52687
3153.76717 0.52804
3154.00823 0.52916
3154.24928 0.53023
3154.49034 0.53133
3154.7314 0.53245
3154.97246 0.5336
3155.21352 0.53475
3155.45458 0.53589
3155.69564 0.53699
3155.93669 0.53807
3156.17775 0.53916
3156.41881 0.54031
3156.65987 0.54151
3156.90093 0.5427
3157.14199 0.5438
3157.38304 0.54486
3157.6241 0.54595
3157.86516 0.54707
3158.10622 0.54818
3158.34728 0.54931
3158.58834 0.55046
3158.82939 0.55157
3159.07045 0.55264
3159.31151 0.55377
3159.55257 0.55497
3159.79363 0.5561
3160.03469 0.55709
3160.27574 0.55801
3160.5168 0.55897
3160.75786 0.56004
3160.99892 0.56112
3161.23998 0.56216
3161.48104 0.56319
3161.7221 0.5643
3161.96315 0.56548
3162.20421 0.5666
3162.44527 0.56768
3162.68633 0.56876
3162.92739 0.56985
3163.16845 0.57092
3163.4095 0.57197
3163.65056 0.57302
3163.89162 0.57409
3164.13268 0.57517
3164.37374 0.57625
3164.6148 0.57732
3164.85585 0.57832
3165.09691 0.57928
3165.33797 0.58027
3165.57903 0.58136
3165.82009 0.58257
3166.06115 0.58378
3166.30221 0.58486
3166.54326 0.58579
3166.78432 0.58668
3167.02538 0.5876
3167.26644 0.58861
3167.5075 0.58969
3167.74856 0.59079
3167.98961 0.59191
3168.23067 0.59296
3168.47173 0.59388
3168.71279 0.59473
3168.95385 0.59568
3169.19491 0.59679
3169.43596 0.59796
3169.67702 0.59903
3169.91808 0.60005
3170.15914 0.60109
3170.4002 0.60215
3170.64126 0.60321
3170.88231 0.60428
3171.12337 0.60535
3171.36443 0.60636
3171.60549 0.60731
3171.84655 0.60822
3172.08761 0.60916
3172.32867 0.61023
3172.56972 0.61136
3172.81078 0.61244
3173.05184 0.61343
3173.2929 0.61441
3173.53396 0.6154
3173.77502 0.61639
3174.01607 0.61736
3174.25713 0.6184
3174.49819 0.61951
3174.73925 0.62062
3174.98031 0.62167
3175.22137 0.62266
3175.46243 0.6236
3175.70348 0.62454
3175.94454 0.6255
3176.1856 0.62645
3176.42666 0.62733
3176.66772 0.62823
3176.90877 0.62922
3177.14983 0.63028
3177.39089 0.63129
3177.63195 0.63218
3177.87301 0.63307
3178.11407 0.6341
3178.35513 0.6352
3178.59618 0.63618
3178.83724 0.63701
3179.0783 0.63789
3179.31936 0.63894
3179.56042 0.64011
3179.80148 0.64118
3180.04253 0.64206
3180.28359 0.64282
3180.52465 0.64364
3180.76571 0.64457
3181.00677 0.64553
3181.24783 0.64646
3181.48889 0.64742
3181.72994 0.64846
3181.971 0.64945
3182.21206 0.65029
3182.45312 0.65114
3182.69418 0.65213
3182.93523 0.65317
3183.17629 0.65413
3183.41735 0.65506
3183.65841 0.65602
3183.89947 0.65698
3184.14053 0.65794
3184.38159 0.65887
3184.62264 0.65976
3184.8637 0.66055
3185.10476 0.66134
3185.34582 0.66225
3185.58688 0.6633
3185.82794 0.6644
3186.069 0.66545
3186.31005 0.66633
3186.55111 0.66711
3186.79217 0.66789
3187.03323 0.66876
3187.27429 0.66975
3187.51534 0.67082
3187.7564 0.67182
3187.99746 0.67272
3188.23852 0.67354
3188.47958 0.67431
3188.72064 0.67511
3188.9617 0.67601
3189.20275 0.67698
3189.44381 0.67794
3189.68487 0.67889
3189.92593 0.67986
3190.16699 0.68085
3190.40805 0.68185
3190.6491 0.68276
3190.89016 0.68355
3191.13122 0.68426
3191.37228 0.68501
3191.61334 0.68591
3191.8544 0.68698
3192.09546 0.68809
3192.33651 0.68911
3192.57757 0.69004
3192.81863 0.6909
3193.05969 0.69173
3193.30075 0.69254
3193.5418 0.69332
3193.78286 0.69412
3194.02392 0.69495
3194.26498 0.69584
3194.50604 0.69679
3194.7471 0.6978
3194.98816 0.69875
3195.22921 0.69954
3195.47027 0.70024
3195.71133 0.70098
3195.95239 0.70186
3196.19345 0.70285
3196.43451 0.70384
3196.67557 0.70472
3196.91662 0.7055
3197.15768 0.70627
3197.39874 0.70708
3197.6398 0.70794
3197.88086 0.70883
3198.12192 0.7097
3198.36297 0.71054
3198.60403 0.71147
3198.84509 0.71251
3199.08615 0.71352
3199.32721 0.71436
3199.56826 0.71506
3199.80932 0.71574
3200.05038 0.71642
3200.29144 0.71714
3200.5325 0.71798
3200.77356 0.71899
3201.01462 0.71999
3201.25567 0.72086
3201.49673 0.72166
3201.73779 0.72256
3201.97885 0.72354
3202.21991 0.72441
3202.46097 0.72512
3202.70203 0.72582
3202.94308 0.72665
3203.18414 0.72757
3203.4252 0.7285
3203.66626 0.72936
3203.90732 0.73011
3204.14838 0.73079
3204.38943 0.73145
3204.63049 0.73216
3204.87155 0.73305
3205.11261 0.73405
3205.35367 0.73495
3205.59473 0.73575
3205.83578 0.73659
3206.07684 0.73742
3206.3179 0.73811
3206.55896 0.73878
3206.80002 0.73962
3207.04108 0.7406
3207.28213 0.74155
3207.52319 0.74241
3207.76425 0.74325
3208.00531 0.74415
3208.24637 0.74508
3208.48743 0.74596
3208.72849 0.74677
3208.96954 0.74755
3209.2106 0.74837
3209.45166 0.74927
3209.69272 0.75014
3209.93378 0.7508
3210.17484 0.75129
3210.41589 0.7519
3210.65695 0.75273
3210.89801 0.75366
3211.13907 0.75461
3211.38013 0.7556
3211.62119 0.75664
3211.86224 0.75756
3212.1033 0.75832
3212.34436 0.75901
3212.58542 0.75968
3212.82648 0.76036
3213.06754 0.76106
3213.3086 0.76181
3213.54965 0.76263
3213.79071 0.76346
3214.03177 0.76424
3214.27283 0.76498
3214.51389 0.76572
3214.75495 0.76646
3214.996 0.76714
3215.23706 0.76781
3215.47812 0.76856
3215.71918 0.76938
3215.96024 0.77018
3216.2013 0.77103
3216.44235 0.77198
3216.68341 0.77287
3216.92447 0.77356
3217.16553 0.77421
3217.40659 0.77498
3217.64765 0.77583
3217.8887 0.77664
3218.12976 0.77742
3218.37082 0.77823
3218.61188 0.77911
3218.85294 0.77996
3219.094 0.78056
3219.33506 0.78099
3219.57611 0.78156
3219.81717 0.7824
3220.05823 0.78331
3220.29929 0.78409
3220.54035 0.78486
3220.78141 0.78574
3221.02246 0.7866
3221.26352 0.78733
3221.50458 0.788
3221.74564 0.78866
3221.9867 0.7893
3222.22776 0.78991
3222.46881 0.79058
3222.70987 0.79143
3222.95093 0.79245
3223.19199 0.7934
3223.43305 0.79411
3223.67411 0.79466
3223.91516 0.79524
3224.15622 0.79589
3224.39728 0.79668
3224.63834 0.79759
3224.8794 0.79843
3225.12046 0.79906
3225.36152 0.7996
3225.60257 0.80022
3225.84363 0.80093
3226.08469 0.80167
3226.32575 0.80244
3226.56681 0.80323
3226.80787 0.80394
3227.04892 0.80453
3227.28998 0.80506
3227.53104 0.80568
3227.7721 0.80641
3228.01316 0.80715
3228.25422 0.80775
3228.49528 0.80821
3228.73633 0.8087
3228.97739 0.80945
3229.21845 0.8105
3229.45951 0.81161
3229.70057 0.8125
3229.94162 0.81318
3230.18268 0.81385
3230.42374 0.81446
3230.6648 0.81498
3230.90586 0.81562
3231.14692 0.81652
3231.38798 0.81754
3231.62903 0.81842
3231.87009 0.81906
3232.11115 0.81947
3232.35221 0.81977
3232.59327 0.82013
3232.83433 0.8206
3233.07538 0.82112
3233.31644 0.82167
3233.5575 0.82226
3233.79856 0.82298
3234.03962 0.82383
3234.28068 0.82466
3234.52173 0.82535
3234.76279 0.82593
3235.00385 0.82652
3235.24491 0.82713
3235.48597 0.8277
3235.72703 0.82825
3235.96809 0.82888
3236.20914 0.8296
3236.4502 0.83031
3236.69126 0.83092
3236.93232 0.83154
3237.17338 0.83223
3237.41444 0.83291
3237.65549 0.83344
3237.89655 0.83388
3238.13761 0.83438
3238.37867 0.83501
3238.61973 0.83573
3238.86079 0.8364
3239.10185 0.83686
3239.3429 0.83723
3239.58396 0.83774
3239.82502 0.83838
3240.06608 0.83893
3240.30714 0.83936
3240.54819 0.83984
3240.78925 0.84041
3241.03031 0.84094
3241.27137 0.8414
3241.51243 0.84196
3241.75349 0.84267
3241.99455 0.84336
3242.2356 0.84392
3242.47666 0.8444
3242.71772 0.84489
3242.95878 0.84539
3243.19984 0.84589
3243.4409 0.84642
3243.68195 0.84692
3243.92301 0.84726
3244.16407 0.84744
3244.40513 0.8477
3244.64619 0.84829
3244.88725 0.84919
3245.12831 0.85015
3245.36936 0.85093
3245.61042 0.85134
3245.85148 0.85139
3246.09254 0.85141
3246.3336 0.85175
3246.57465 0.85238
3246.81571 0.85303
3247.05677 0.8535
3247.29783 0.85381
3247.53889 0.85399
3247.77995 0.85424
3248.02101 0.85472
3248.26206 0.85534
3248.50312 0.85589
3248.74418 0.85629
3248.98524 0.85657
3249.2263 0.85686
3249.46736 0.85724
3249.70842 0.85766
3249.94947 0.85805
3250.19053 0.85843
3250.43159 0.8588
3250.67265 0.85912
3250.91371 0.85939
3251.15477 0.85971
3251.39582 0.86018
3251.63688 0.86075
3251.87794 0.86117
3252.119 0.86127
3252.36006 0.86128
3252.60112 0.86155
3252.84217 0.86207
3253.08323 0.86253
3253.32429 0.86281
3253.56535 0.86316
3253.80641 0.86378
3254.04747 0.86455
3254.28852 0.86518
3254.52958 0.86552
3254.77064 0.8656
3255.0117 0.86559
3255.25276 0.86568
3255.49382 0.86599
3255.73488 0.86647
3255.97593 0.86689
3256.21699 0.86693
3256.45805 0.86666
3256.69911 0.86647
3256.94017 0.86659
3257.18122 0.86684
3257.42228 0.86706
3257.66334 0.86731
3257.9044 0.8677
3258.14546 0.86816
3258.38652 0.86853
3258.62758 0.86873
3258.86863 0.86876
3259.10969 0.86871
3259.35075 0.86868
3259.59181 0.86878
3259.83287 0.86896
3260.07393 0.86916
3260.31499 0.86934
3260.55604 0.86943
3260.7971 0.86946
3261.03816 0.86962
3261.27922 0.86994
3261.52028 0.87027
3261.76134 0.87058
3262.00239 0.87079
3262.24345 0.87078
3262.48451 0.87065
3262.72557 0.87065
3262.96663 0.8708
3263.20769 0.87095
3263.44874 0.87097
3263.6898 0.87094
3263.93086 0.87103
3264.17192 0.87128
3264.41298 0.87151
3264.65404 0.87156
3264.89509 0.87137
3265.13615 0.87102
3265.37721 0.87065
3265.61827 0.87043
3265.85933 0.8705
3266.10039 0.87085
3266.34145 0.87126
3266.5825 0.87145
3266.82356 0.87135
3267.06462 0.87117
3267.30568 0.87109
3267.54674 0.87116
3267.7878 0.87131
3268.02885 0.87136
3268.26991 0.87117
3268.51097 0.87088
3268.75203 0.87078
3268.99309 0.87096
3269.23415 0.8713
3269.4752 0.87166
3269.71626 0.87176
3269.95732 0.87145
3270.19838 0.87088
3270.43944 0.87034
3270.6805 0.86998
3270.92155 0.86985
3271.16261 0.86985
3271.40367 0.86988
3271.64473 0.86986
3271.88579 0.86972
3272.12685 0.86945
3272.36791 0.86906
3272.60896 0.86864
3272.85002 0.86833
3273.09108 0.86821
3273.33214 0.86817
3273.5732 0.86808
3273.81426 0.86794
3274.05531 0.86781
3274.29637 0.8677
3274.53743 0.86764
3274.77849 0.86754
3275.01955 0.86728
3275.26061 0.86695
3275.50166 0.86672
3275.74272 0.8665
3275.98378 0.86615
3276.22484 0.86577
3276.4659 0.86544
3276.70696 0.86512
3276.94801 0.86478
3277.18907 0.8645
3277.43013 0.86434
3277.67119 0.86426
3277.91225 0.86405
3278.15331 0.8636
3278.39437 0.86301
3278.63542 0.86252
3278.87648 0.86219
3279.11754 0.86189
3279.3586 0.8616
3279.59966 0.86146
3279.84072 0.86144
3280.08177 0.86132
3280.32283 0.86103
3280.56389 0.86062
3280.80495 0.86016
3281.04601 0.85968
3281.28707 0.85917
3281.52812 0.85869
3281.76918 0.85824
3282.01024 0.85781
3282.2513 0.85745
3282.49236 0.85719
3282.73342 0.85695
3282.97448 0.85661
3283.21553 0.85619
3283.45659 0.85583
3283.69765 0.85558
3283.93871 0.8553
3284.17977 0.85495
3284.42083 0.85459
3284.66188 0.85422
3284.90294 0.85372
3285.144 0.85311
3285.38506 0.85255
3285.62612 0.85207
3285.86718 0.85157
3286.10823 0.85103
3286.34929 0.85057
3286.59035 0.8502
3286.83141 0.84981
3287.07247 0.84938
3287.31353 0.84895
3287.55458 0.84851
3287.79564 0.84798
3288.0367 0.8473
3288.27776 0.8465
3288.51882 0.84583
3288.75988 0.84543
3289.00094 0.84511
3289.24199 0.84463
3289.48305 0.8441
3289.72411 0.84377
3289.96517 0.84358
3290.20623 0.84329
3290.44729 0.84278
3290.68834 0.84218
3290.9294 0.84164
3291.17046 0.84117
3291.41152 0.84055
3291.65258 0.83975
3291.89364 0.83894
3292.1347 0.83822
3292.37575 0.83761
3292.61681 0.83716
3292.85787 0.83683
3293.09893 0.8364
3293.33999 0.8358
3293.58104 0.83507
3293.8221 0.83426
3294.06316 0.83341
3294.30422 0.83262
3294.54528 0.83194
3294.78634 0.83142
3295.0274 0.83105
3295.26845 0.83065
3295.50951 0.83006
3295.75057 0.82934
3295.99163 0.82872
3296.23269 0.82819
3296.47375 0.82754
3296.7148 0.82673
3296.95586 0.82601
3297.19692 0.82555
3297.43798 0.82516
3297.67904 0.82455
3297.9201 0.82379
3298.16115 0.8231
3298.40221 0.82243
3298.64327 0.82169
3298.88433 0.82101
3299.12539 0.82043
3299.36645 0.81985
3299.6075 0.8192
3299.84856 0.81848
3300.08962 0.81775
3300.33068 0.81718
3300.57174 0.81678
3300.8128 0.81623
3301.05386 0.81526
3301.29491 0.81404
3301.53597 0.81311
3301.77703 0.81272
3302.01809 0.81256
3302.25915 0.81221
3302.50021 0.81166
3302.74127 0.81113
3302.98232 0.8106
3303.22338 0.80992
3303.46444 0.80906
3303.7055 0.80816
3303.94656 0.80734
3304.18761 0.80673
3304.42867 0.80632
3304.66973 0.80584
3304.91079 0.8051
3305.15185 0.80423
3305.39291 0.8035
3305.63397 0.8029
3305.87502 0.80227
3306.11608 0.80158
3306.35714 0.80092
3306.5982 0.80032
3306.83926 0.79966
3307.08032 0.7988
3307.32137 0.79785
3307.56243 0.79704
3307.80349 0.79637
3308.04455 0.7957
3308.28561 0.79504
3308.52667 0.7944
3308.76773 0.79374
3309.00878 0.7931
3309.24984 0.79246
3309.4909 0.7918
3309.73196 0.79109
3309.97302 0.79025
3310.21407 0.78932
3310.45513 0.78851
3310.69619 0.78792
3310.93725 0.78735
3311.17831 0.78671
3311.41937 0.78598
3311.66043 0.78516
3311.90148 0.78436
3312.14254 0.78367
3312.3836 0.78299
3312.62466 0.78219
3312.86572 0.78131
3313.10678 0.7805
3313.34784 0.77987
3313.58889 0.77935
3313.82995 0.77878
3314.07101 0.77814
3314.31207 0.77748
3314.55313 0.77678
3314.79419 0.7761
3315.03524 0.77552
3315.2763 0.77496
3315.51736 0.77425
3315.75842 0.77338
3315.99948 0.77246
3316.24054 0.77154
3316.48159 0.7706
3316.72265 0.76973
3316.96371 0.76902
3317.20477 0.76853
3317.44583 0.76817
3317.68689 0.76776
3317.92794 0.7672
3318.169 0.76652
3318.41006 0.76579
3318.65112 0.76499
3318.89218 0.76415
3319.13324 0.76335
3319.3743 0.76274
3319.61535 0.76225
3319.85641 0.76165
3320.09747 0.7608
3320.33853 0.75981
3320.57959 0.75885
3320.82064 0.75796
3321.0617 0.75716
3321.30276 0.75652
3321.54382 0.75612
3321.78488 0.75585
3322.02594 0.75546
3322.267 0.75478
3322.50805 0.75383
3322.74911 0.75281
3322.99017 0.75187
3323.23123 0.75105
3323.47229 0.75033
3323.71335 0.74971
3323.95441 0.74918
3324.19546 0.74868
3324.43652 0.74805
3324.67758 0.74725
3324.91864 0.74639
3325.1597 0.74555
3325.40076 0.7448
3325.64181 0.74415
3325.88287 0.74358
3326.12393 0.74306
3326.36499 0.74256
3326.60605 0.74194
3326.84711 0.74113
3327.08816 0.74021
3327.32922 0.73931
3327.57028 0.73855
3327.81134 0.73793
3328.0524 0.73737
3328.29346 0.73674
3328.53451 0.73606
3328.77557 0.73532
3329.01663 0.73456
3329.25769 0.73391
3329.49875 0.73337
3329.73981 0.7328
3329.98087 0.73212
3330.22192 0.73138
3330.46298 0.73064
3330.70404 0.72995
3330.9451 0.72929
3331.18616 0.72871
3331.42722 0.7282
3331.66827 0.72761
3331.90933 0.72682
3332.15039 0.72591
3332.39145 0.72512
3332.63251 0.72454
3332.87357 0.72411
3333.11462 0.72372
3333.35568 0.72331
3333.59674 0.72273
3333.8378 0.72188
3334.07886 0.72094
3334.31992 0.72016
3334.56097 0.71956
3334.80203 0.71906
3335.04309 0.71858
3335.28415 0.71792
3335.52521 0.71695
3335.76627 0.71591
3336.00733 0.71516
3336.24838 0.71471
3336.48944 0.71431
3336.7305 0.71379
3336.97156 0.71314
3337.21262 0.71243
3337.45368 0.71176
3337.69473 0.71111
3337.93579 0.71036
3338.17685 0.70956
3338.41791 0.70882
3338.65897 0.70821
3338.90003 0.70771
3339.14108 0.70725
3339.38214 0.70672
3339.6232 0.70609
3339.86426 0.70547
3340.10532 0.7049
3340.34638 0.70429
3340.58743 0.70357
3340.82849 0.70279
3341.06955 0.70209
3341.31061 0.70152
3341.55167 0.70103
3341.79273 0.70047
3342.03379 0.69978
3342.27484 0.69899
3342.5159 0.69823
3342.75696 0.69757
3342.99802 0.69696
3343.23908 0.69635
3343.48014 0.69578
3343.72119 0.6953
3343.96225 0.69483
3344.20331 0.69429
3344.44437 0.69369
3344.68543 0.69307
3344.92649 0.69243
3345.16754 0.69174
3345.4086 0.69111
3345.64966 0.69061
3345.89072 0.69014
3346.13178 0.68961
3346.37284 0.68902
3346.6139 0.68837
3346.85495 0.68764
3347.09601 0.68691
3347.33707 0.68625
3347.57813 0.68571
3347.81919 0.68525
3348.06025 0.68474
3348.3013 0.68414
3348.54236 0.68352
3348.78342 0.68293
3349.02448 0.68235
3349.26554 0.68175
3349.5066 0.68113
3349.74765 0.68054
3349.98871 0.67997
3350.22977 0.67937
3350.47083 0.67873
3350.71189 0.67816
3350.95295 0.67771
3351.194 0.6772
3351.43506 0.67654
3351.67612 0.67582
3351.91718 0.67517
3352.15824 0.67462
3352.3993 0.67409
3352.64036 0.67355
3352.88141 0.673
3353.12247 0.67237
3353.36353 0.67167
3353.60459 0.67102
3353.84565 0.67042
3354.08671 0.6698
3354.32776 0.66921
3354.56882 0.6687
3354.80988 0.66817
3355.05094 0.6676
3355.292 0.66698
3355.53306 0.66629
3355.77412 0.66557
3356.01517 0.66488
3356.25623 0.66422
3356.49729 0.6636
3356.73835 0.66306
3356.97941 0.66259
3357.22046 0.66217
3357.46152 0.66176
3357.70258 0.6613
3357.94364 0.66071
3358.1847 0.66002
3358.42576 0.6593
3358.66682 0.65868
3358.90787 0.65823
3359.14893 0.65782
3359.38999 0.65735
3359.63105 0.65677
3359.87211 0.65614
3360.11317 0.65555
3360.35422 0.65503
3360.59528 0.65451
3360.83634 0.6539
3361.0774 0.65321
3361.31846 0.65252
3361.55952 0.65188
3361.80058 0.65134
3362.04163 0.65089
3362.28269 0.65042
3362.52375 0.64984
3362.76481 0.64923
3363.00587 0.64868
3363.24692 0.64817
3363.48798 0.64767
3363.72904 0.64715
3363.9701 0.64658
3364.21116 0.64602
3364.45222 0.64554
3364.69328 0.64502
3364.93433 0.64433
3365.17539 0.64364
3365.41645 0.64315
3365.65751 0.64279
3365.89857 0.64236
3366.13963 0.64174
3366.38069 0.64099
3366.62174 0.64024
3366.8628 0.63957
3367.10386 0.639
3367.34492 0.63853
3367.58598 0.63811
3367.82703 0.63768
3368.06809 0.63725
3368.30915 0.63674
3368.55021 0.63608
3368.79127 0.63533
3369.03233 0.63466
3369.27339 0.63417
3369.51444 0.63379
3369.7555 0.63338
3369.99656 0.63285
3370.23762 0.63219
3370.47868 0.63146
3370.71974 0.63073
3370.96079 0.63009
3371.20185 0.62957
3371.44291 0.62914
3371.68397 0.62865
3371.92503 0.62801
3372.16609 0.62731
3372.40715 0.62674
3372.6482 0.6263
3372.88926 0.62583
3373.13032 0.62529
3373.37138 0.6247
3373.61244 0.62406
3373.85349 0.62336
3374.09455 0.62272
3374.33561 0.62219
3374.57667 0.62172
3374.81773 0.62126
3375.05879 0.62075
3375.29985 0.62012
3375.5409 0.61945
3375.78196 0.61894
3376.02302 0.6186
3376.26408 0.61826
3376.50514 0.61777
3376.7462 0.61714
3376.98726 0.61645
3377.22831 0.6158
3377.46937 0.61516
3377.71043 0.6145
3377.95149 0.61388
3378.19255 0.61329
3378.43361 0.61265
3378.67466 0.61203
3378.91572 0.61145
3379.15678 0.61083
3379.39784 0.61013
3379.6389 0.60943
3379.87996 0.60877
3380.12101 0.60812
3380.36207 0.60748
3380.60313 0.60693
3380.84419 0.60647
3381.08525 0.60601
3381.32631 0.60543
3381.56736 0.60476
3381.80842 0.60406
3382.04948 0.60335
3382.29054 0.60267
3382.5316 0.60211
3382.77266 0.60167
3383.01372 0.60128
3383.25477 0.60085
3383.49583 0.60025
3383.73689 0.59954
3383.97795 0.59884
3384.21901 0.59816
3384.46007 0.59746
3384.70112 0.59679
3384.94218 0.59625
3385.18324 0.59583
3385.4243 0.59538
3385.66536 0.59478
3385.90642 0.59402
3386.14747 0.59325
3386.38853 0.59256
3386.62959 0.59186
3386.87065 0.59113
3387.11171 0.59044
3387.35277 0.58984
3387.59382 0.58926
3387.83488 0.58875
3388.07594 0.58831
3388.317 0.58777
3388.55806 0.58699
3388.79912 0.58614
3389.04018 0.58545
3389.28123 0.58496
3389.52229 0.58452
3389.76335 0.58399
3390.00441 0.58332
3390.24547 0.58259
3390.48653 0.58189
3390.72758 0.58122
3390.96864 0.58053
3391.2097 0.57981
3391.45076 0.57911
3391.69182 0.57841
3391.93288 0.5777
3392.17393 0.57701
3392.41499 0.57639
3392.65605 0.57581
3392.89711 0.57517
3393.13817 0.57447
3393.37923 0.57373
3393.62029 0.57294
3393.86134 0.57214
3394.1024 0.57147
3394.34346 0.57091
3394.58452 0.57025
3394.82558 0.56947
3395.06664 0.56872
3395.30769 0.56808
3395.54875 0.56748
3395.78981 0.56688
3396.03087 0.56624
3396.27193 0.56554
3396.51299 0.56478
3396.75404 0.56398
3396.9951 0.56322
3397.23616 0.56256
3397.47722 0.56194
3397.71828 0.56129
3397.95934 0.56061
3398.20039 0.55995
3398.44145 0.5593
3398.68251 0.55868
3398.92357 0.55806
3399.16463 0.55739
3399.40569 0.55667
3399.64675 0.55589
3399.8878 0.55511
3400.12886 0.55437
3400.36992 0.55368
3400.61098 0.55297
3400.85204 0.55223
3401.0931 0.55154
3401.33415 0.55091
3401.57521 0.55019
3401.81627 0.5493
3402.05733 0.54839
3402.29839 0.54765
3402.53945 0.54711
3402.7805 0.54661
3403.02156 0.54601
3403.26262 0.5453
3403.50368 0.54449
3403.74474 0.54358
3403.9858 0.54259
3404.22685 0.54169
3404.46791 0.54098
3404.70897 0.54032
3404.95003 0.53962
3405.19109 0.53894
3405.43215 0.5383
3405.67321 0.53756
3405.91426 0.53671
3406.15532 0.53587
3406.39638 0.53509
3406.63744 0.5343
3406.8785 0.53356
3407.11956 0.53286
3407.36061 0.53213
3407.60167 0.53137
3407.84273 0.53058
3408.08379 0.52975
3408.32485 0.52888
3408.56591 0.52809
3408.80697 0.52744
3409.04802 0.5268
3409.28908 0.52608
3409.53014 0.52536
3409.7712 0.52465
3410.01226 0.52385
3410.25331 0.52298
3410.49437 0.52215
3410.73543 0.52134
3410.97649 0.5205
3411.21755 0.51973
3411.45861 0.5191
3411.69967 0.51848
3411.94072 0.51767
3412.18178 0.5167
3412.42284 0.51581
3412.6639 0.51509
3412.90496 0.51436
3413.14602 0.51351
3413.38707 0.5126
3413.62813 0.51171
3413.86919 0.51083
3414.11025 0.50998
3414.35131 0.50919
3414.59237 0.50841
3414.83342 0.5076
3415.07448 0.50676
3415.31554 0.50592
3415.5566 0.50509
3415.79766 0.50426
3416.03872 0.50347
3416.27978 0.50271
3416.52083 0.50191
3416.76189 0.50106
3417.00295 0.50023
3417.24401 0.49939
3417.48507 0.49852
3417.72613 0.49764
3417.96718 0.49678
3418.20824 0.49595
3418.4493 0.49521
3418.69036 0.49455
3418.93142 0.49383
3419.17248 0.49293
3419.41354 0.49187
3419.65459 0.49082
3419.89565 0.48989
3420.13671 0.48906
3420.37777 0.48826
3420.61883 0.48746
3420.85988 0.48668
3421.10094 0.48586
3421.342 0.48492
3421.58306 0.48392
3421.82412 0.48304
3422.06518 0.4823
3422.30624 0.48153
3422.54729 0.48062
3422.78835 0.47966
3423.02941 0.47876
3423.27047 0.47789
3423.51153 0.47701
3423.75259 0.47612
3423.99364 0.47524
3424.2347 0.47437
3424.47576 0.47351
3424.71682 0.47267
3424.95788 0.47186
3425.19894 0.47106
3425.44 0.47018
3425.68105 0.46918
3425.92211 0.46811
3426.16317 0.46711
3426.40423 0.46625
3426.64529 0.46549
3426.88634 0.46472
3427.1274 0.46386
3427.36846 0.46292
3427.60952 0.46199
3427.85058 0.46113
3428.09164 0.46031
3428.3327 0.45945
3428.57375 0.45851
3428.81481 0.45752
3429.05587 0.45659
3429.29693 0.45569
3429.53799 0.45473
3429.77905 0.45371
3430.02011 0.45274
3430.26116 0.45185
3430.50222 0.45099
3430.74328 0.45012
3430.98434 0.44928
3431.2254 0.44846
3431.46646 0.44761
3431.70751 0.44667
3431.94857 0.44567
3432.18963 0.44466
3432.43069 0.44369
3432.67175 0.44279
3432.91281 0.44195
3433.15386 0.44115
3433.39492 0.44036
3433.63598 0.43949
3433.87704 0.43857
3434.1181 0.43765
3434.35916 0.43665
3434.60021 0.43554
3434.84127 0.43439
3435.08233 0.43341
3435.32339 0.43264
3435.56445 0.43192
3435.80551 0.4311
3436.04657 0.43017
3436.28762 0.42917
3436.52868 0.42816
3436.76974 0.42718
3437.0108 0.4262
3437.25186 0.42517
3437.49291 0.42421
3437.73397 0.42337
3437.97503 0.4226
3438.21609 0.42179
3438.45715 0.42091
3438.69821 0.41998
3438.93927 0.41899
3439.18032 0.41797
3439.42138 0.41696
3439.66244 0.41599
3439.9035 0.41509
3440.14456 0.41423
3440.38562 0.4134
3440.62668 0.41253
3440.86773 0.41158
3441.10879 0.41052
3441.34985 0.40947
3441.59091 0.40851
3441.83197 0.40766
3442.07303 0.40683
3442.31408 0.40601
3442.55514 0.40516
3442.7962 0.4042
3443.03726 0.40316
3443.27832 0.40213
3443.51938 0.40114
3443.76043 0.40018
3444.00149 0.39923
3444.24255 0.39833
3444.48361 0.39748
3444.72467 0.39661
3444.96573 0.39564
3445.20678 0.39461
3445.44784 0.39362
3445.6889 0.3927
3445.92996 0.39178
3446.17102 0.39086
3446.41208 0.38995
3446.65314 0.38907
3446.89419 0.38814
3447.13525 0.38712
3447.37631 0.38606
3447.61737 0.38504
3447.85843 0.38409
3448.09949 0.38317
3448.34054 0.3822
3448.5816 0.38123
3448.82266 0.38038
3449.06372 0.37965
3449.30478 0.37888
3449.54584 0.37795
3449.78689 0.37689
3450.02795 0.37578
3450.26901 0.37478
3450.51007 0.37391
3450.75113 0.37309
3450.99219 0.37222
3451.23324 0.37127
3451.4743 0.3703
3451.71536 0.36939
3451.95642 0.36854
3452.19748 0.36766
3452.43854 0.36674
3452.6796 0.3658
3452.92065 0.36482
3453.16171 0.36383
3453.40277 0.36289
3453.64383 0.36204
3453.88489 0.36122
3454.12595 0.36031
3454.367 0.3593
3454.60806 0.35823
3454.84912 0.35717
3455.09018 0.35618
3455.33124 0.35531
3455.5723 0.35453
3455.81335 0.35377
3456.05441 0.35293
3456.29547 0.35195
3456.53653 0.35088
3456.77759 0.34983
3457.01865 0.34887
3457.2597 0.34798
3457.50076 0.34709
3457.74182 0.34622
3457.98288 0.34537
3458.22394 0.34451
3458.465 0.34361
3458.70606 0.34266
3458.94711 0.34163
3459.18817 0.34057
3459.42923 0.33957
3459.67029 0.3387
3459.91135 0.33791
3460.15241 0.33714
3460.39346 0.33637
3460.63452 0.33555
3460.87558 0.33461
3461.11664 0.33356
3461.3577 0.33251
3461.59876 0.33154
3461.83981 0.33065
3462.08087 0.32978
3462.32193 0.32891
3462.56299 0.32808
3462.80405 0.32727
3463.04511 0.32643
3463.28617 0.32551
3463.52722 0.32452
3463.76828 0.32352
3464.00934 0.32255
3464.2504 0.32167
3464.49146 0.32089
3464.73252 0.32016
3464.97357 0.31933
3465.21463 0.31834
3465.45569 0.31729
3465.69675 0.31634
3465.93781 0.3155
3466.17887 0.31466
3466.41992 0.31379
3466.66098 0.31296
3466.90204 0.31215
3467.1431 0.31129
3467.38416 0.31039
3467.62522 0.30945
3467.86627 0.30848
3468.10733 0.3075
3468.34839 0.30661
3468.58945 0.30583
3468.83051 0.30505
3469.07157 0.30421
3469.31263 0.30333
3469.55368 0.30241
3469.79474 0.30148
3470.0358 0.3006
3470.27686 0.29975
3470.51792 0.2989
3470.75898 0.29809
3471.00003 0.29732
3471.24109 0.29654
3471.48215 0.2957
3471.72321 0.29476
3471.96427 0.29379
3472.20533 0.29287
3472.44639 0.29199
3472.68744 0.2911
3472.9285 0.29023
3473.16956 0.28942
3473.41062 0.28863
3473.65168 0.28777
3473.89273 0.2869
3474.13379 0.28606
3474.37485 0.28521
3474.61591 0.28431
3474.85697 0.2834
3475.09803 0.28258
3475.33909 0.28183
3475.58014 0.2811
3475.8212 0.28029
3476.06226 0.27938
3476.30332 0.27841
3476.54438 0.27743
3476.78544 0.27652
3477.0265 0.27572
3477.26755 0.27504
3477.50861 0.2744
3477.74967 0.27371
3477.99073 0.27295
3478.23179 0.27211
3478.47284 0.27124
3478.7139 0.27037
3478.95496 0.26951
3479.19602 0.26865
3479.43708 0.2678
3479.67814 0.26695
3479.91919 0.26609
3480.16025 0.26526
3480.40131 0.26444
3480.64237 0.26361
3480.88343 0.26276
3481.12449 0.26191
3481.36555 0.26108
3481.6066 0.2603
3481.84766 0.25957
3482.08872 0.25887
3482.32978 0.25818
3482.57084 0.25742
3482.8119 0.25656
3483.05296 0.25567
3483.29401 0.25486
3483.53507 0.25414
3483.77613 0.25343
3484.01719 0.2527
3484.25825 0.25196
3484.4993 0.25122
3484.74036 0.25044
3484.98142 0.24958
3485.22248 0.24871
3485.46354 0.2479
3485.7046 0.24712
3485.94566 0.24632
3486.18671 0.24553
3486.42777 0.24479
3486.66883 0.24409
3486.90989 0.24337
3487.15095 0.24263
3487.39201 0.24186
3487.63307 0.24101
3487.87412 0.24012
3488.11518 0.23928
3488.35624 0.23856
3488.5973 0.23788
3488.83836 0.23715
3489.07942 0.23635
3489.32047 0.23552
3489.56153 0.23473
3489.80259 0.23397
3490.04365 0.23325
3490.28471 0.23254
3490.52576 0.23182
3490.76682 0.23112
3491.00788 0.23042
3491.24894 0.2297
3491.49 0.22891
3491.73106 0.22809
3491.97212 0.22728
3492.21317 0.22652
3492.45423 0.2258
3492.69529 0.22513
3492.93635 0.22448
3493.17741 0.22382
3493.41847 0.22309
3493.65953 0.2223
3493.90058 0.2215
3494.14164 0.2207
3494.3827 0.21992
3494.62376 0.21919
3494.86482 0.21854
3495.10588 0.21791
3495.34693 0.21729
3495.58799 0.21665
3495.82905 0.21592
3496.07011 0.21507
3496.31117 0.21419
3496.55223 0.21335
3496.79328 0.2126
3497.03434 0.21194
3497.2754 0.21129
3497.51646 0.21061
3497.75752 0.2099
3497.99858 0.20916
3498.23963 0.2084
3498.48069 0.20761
3498.72175 0.20679
3498.96281 0.20602
3499.20387 0.20535
3499.44493 0.20479
3499.68599 0.20426
3499.92704 0.20365
3500.1681 0.20293
3500.40916 0.20215
3500.65022 0.20139
3500.89128 0.20067
3501.13233 0.19997
3501.37339 0.19927
3501.61445 0.19858
3501.85551 0.1979
3502.09657 0.19723
3502.33763 0.19653
3502.57869 0.19575
3502.81974 0.19491
3503.0608 0.19413
3503.30186 0.19347
3503.54292 0.19286
3503.78398 0.19224
3504.02504 0.19161
3504.2661 0.19099
3504.50715 0.19032
3504.74821 0.18961
3504.98927 0.18891
3505.23033 0.18825
3505.47139 0.1876
3505.71245 0.18693
3505.9535 0.18628
3506.19456 0.18563
3506.43562 0.18495
3506.67668 0.18422
3506.91774 0.18344
3507.1588 0.18263
3507.39985 0.18182
3507.64091 0.18103
3507.88197 0.18033
3508.12303 0.17973
3508.36409 0.17919
3508.60515 0.17867
3508.8462 0.17812
3509.08726 0.17744
3509.32832 0.17666
3509.56938 0.17593
3509.81044 0.17527
3510.0515 0.17462
3510.29256 0.17397
3510.53361 0.17337
3510.77467 0.17278
3511.01573 0.17212
3511.25679 0.17136
3511.49785 0.17057
3511.73891 0.16982
3511.97996 0.16914
3512.22102 0.16853
3512.46208 0.16798
3512.70314 0.16745
3512.9442 0.1669
3513.18526 0.16627
3513.42631 0.16559
3513.66737 0.1649
3513.90843 0.16421
3514.14949 0.16351
3514.39055 0.16281
3514.63161 0.16215
3514.87266 0.16154
3515.11372 0.16096
3515.35478 0.16038
3515.59584 0.15979
3515.8369 0.15917
3516.07796 0.15852
3516.31902 0.15783
3516.56007 0.15714
3516.80113 0.15654
3517.04219 0.15601
3517.28325 0.15546
3517.52431 0.15484
3517.76537 0.15415
3518.00642 0.15345
3518.24748 0.15279
3518.48854 0.15217
3518.7296 0.15157
3518.97066 0.15101
3519.21172 0.15048
3519.45278 0.14995
3519.69383 0.14942
3519.93489 0.14887
3520.17595 0.14824
3520.41701 0.14752
3520.65807 0.14678
3520.89912 0.14611
3521.14018 0.14555
3521.38124 0.14505
3521.6223 0.14452
3521.86336 0.14394
3522.10442 0.14331
3522.34548 0.14268
3522.58653 0.14207
3522.82759 0.14145
3523.06865 0.14083
3523.30971 0.14024
3523.55077 0.13968
3523.79183 0.13916
3524.03288 0.13866
3524.27394 0.13814
3524.515 0.13755
3524.75606 0.1369
3524.99712 0.13625
3525.23818 0.13563
3525.47923 0.13503
3525.72029 0.13448
3525.96135 0.13404
3526.20241 0.13362
3526.44347 0.1331
3526.68453 0.13248
3526.92559 0.13185
3527.16664 0.13125
3527.4077 0.1307
3527.64876 0.13018
3527.88982 0.12968
3528.13088 0.12918
3528.37194 0.12866
3528.61299 0.1281
3528.85405 0.12751
3529.09511 0.12692
3529.33617 0.12632
3529.57723 0.12574
3529.81829 0.12524
3530.05935 0.12479
3530.3004 0.12431
3530.54146 0.12379
3530.78252 0.12328
3531.02358 0.12275
3531.26464 0.12218
3531.50569 0.12158
3531.74675 0.12098
3531.98781 0.12046
3532.22887 0.12005
3532.46993 0.11967
3532.71099 0.11922
3532.95205 0.1187
3533.1931 0.11814
3533.43416 0.11756
3533.67522 0.11696
3533.91628 0.11637
3534.15734 0.11587
3534.3984 0.11545
3534.63945 0.11508
3534.88051 0.1147
3535.12157 0.11428
3535.36263 0.1138
3535.60369 0.11327
3535.84475 0.11275
3536.08581 0.11226
3536.32686 0.11175
3536.56792 0.11123
3536.80898 0.11076
3537.05004 0.11033
3537.2911 0.10989
3537.53215 0.10937
3537.77321 0.10881
3538.01427 0.10826
3538.25533 0.10779
3538.49639 0.10741
3538.73745 0.10708
3538.97851 0.10675
3539.21956 0.10638
3539.46062 0.10596
3539.70168 0.10546
3539.94274 0.10491
3540.1838 0.10431
3540.42486 0.10372
3540.66592 0.1032
3540.90697 0.10281
3541.14803 0.10249
3541.38909 0.10217
3541.63015 0.10179
3541.87121 0.10134
3542.11227 0.10081
3542.35332 0.10022
3542.59438 0.09968
3542.83544 0.09927
3543.0765 0.09897
3543.31756 0.09865
3543.55861 0.09825
3543.79967 0.09782
3544.04073 0.09741
3544.28179 0.097
3544.52285 0.09658
3544.76391 0.09613
3545.00497 0.09564
3545.24602 0.09513
3545.48708 0.09464
3545.72814 0.09422
3545.9692 0.09388
3546.21026 0.09357
3546.45132 0.09321
3546.69238 0.09278
3546.93343 0.09235
3547.17449 0.09191
3547.41555 0.09143
3547.65661 0.09099
3547.89767 0.09065
3548.13872 0.09035
3548.37978 0.08999
3548.62084 0.08959
3548.8619 0.08917
3549.10296 0.08873
3549.34402 0.08827
3549.58508 0.08784
3549.82613 0.0875
3550.06719 0.08725
3550.30825 0.08699
3550.54931 0.08664
3550.79037 0.0862
3551.03143 0.08575
3551.27249 0.08529
3551.51354 0.08484
3551.7546 0.08445
3551.99566 0.08412
3552.23672 0.08384
3552.47778 0.08357
3552.71884 0.08326
3552.95989 0.08287
3553.20095 0.0824
3553.44201 0.08189
3553.68307 0.08144
3553.92413 0.08107
3554.16518 0.08075
3554.40624 0.08045
3554.6473 0.08015
3554.88836 0.07985
3555.12942 0.07955
3555.37048 0.07924
3555.61154 0.07888
3555.85259 0.07849
3556.09365 0.07808
3556.33471 0.0777
3556.57577 0.07735
3556.81683 0.07704
3557.05789 0.07673
3557.29895 0.0764
3557.54 0.07604
3557.78106 0.07566
3558.02212 0.07529
3558.26318 0.07497
3558.50424 0.0747
3558.7453 0.07442
3558.98635 0.0741
3559.22741 0.07379
3559.46847 0.07351
3559.70953 0.07318
3559.95059 0.0728
3560.19165 0.0724
3560.4327 0.072
3560.67376 0.07161
3560.91482 0.07131
3561.15588 0.07108
3561.39694 0.07085
3561.638 0.07058
3561.87905 0.07024
3562.12011 0.06986
3562.36117 0.06949
3562.60223 0.06915
3562.84329 0.06884
3563.08435 0.06857
3563.32541 0.0683
3563.56646 0.068
3563.80752 0.06767
3564.04858 0.06735
3564.28964 0.06705
3564.5307 0.06673
3564.77176 0.0664
3565.01281 0.06608
3565.25387 0.06582
3565.49493 0.06559
3565.73599 0.06535
3565.97705 0.06504
3566.21811 0.06465
3566.45916 0.06425
3566.70022 0.06391
3566.94128 0.06363
3567.18234 0.06337
3567.4234 0.06312
3567.66446 0.06286
3567.90551 0.06259
3568.14657 0.06232
3568.38763 0.06207
3568.62869 0.06176
3568.86975 0.06142
3569.11081 0.06112
3569.35187 0.06091
3569.59292 0.06071
3569.83398 0.06044
3570.07504 0.06011
3570.3161 0.05978
3570.55716 0.05946
3570.79822 0.05915
3571.03927 0.05885
3571.28033 0.05857
3571.52139 0.0583
3571.76245 0.05808
3572.00351 0.0579
3572.24457 0.05771
3572.48562 0.05745
3572.72668 0.05713
3572.96774 0.05681
3573.2088 0.05649
3573.44986 0.05618
3573.69092 0.05591
3573.93198 0.05569
3574.17303 0.05552
3574.41409 0.05532
3574.65515 0.05504
3574.89621 0.05475
3575.13727 0.05447
3575.37833 0.05416
3575.61938 0.05385
3575.86044 0.05358
3576.1015 0.05334
3576.34256 0.05311
3576.58362 0.05292
3576.82468 0.05277
3577.06573 0.05257
3577.30679 0.05225
3577.54785 0.0519
3577.78891 0.05161
3578.02997 0.05137
3578.27103 0.05115
3578.51208 0.05093
3578.75314 0.05073
3578.9942 0.05052
3579.23526 0.05027
3579.47632 0.05001
3579.71738 0.04977
3579.95844 0.04955
3580.19949 0.0493
3580.44055 0.04905
3580.68161 0.04882
3580.92267 0.04858
3581.16373 0.04832
3581.40479 0.04804
3581.64584 0.04775
3581.8869 0.0475
3582.12796 0.04726
3582.36902 0.04701
3582.61008 0.04676
3582.85114 0.04655
3583.0922 0.04642
3583.33325 0.04632
3583.57431 0.04617
3583.81537 0.04593
3584.05643 0.04564
3584.29749 0.04537
3584.53854 0.04514
3584.7796 0.04493
3585.02066 0.04474
3585.26172 0.04457
3585.50278 0.04442
3585.74384 0.04419
3585.9849 0.04388
3586.22595 0.04353
3586.46701 0.04319
3586.70807 0.0429
3586.94913 0.04271
3587.19019 0.04261
3587.43125 0.04253
3587.6723 0.0424
3587.91336 0.0422
3588.15442 0.04194
3588.39548 0.04168
3588.63654 0.04143
3588.8776 0.04119
3589.11866 0.04102
3589.35971 0.04095
3589.60077 0.04087
3589.84183 0.0407
3590.08289 0.04045
3590.32395 0.04021
3590.565 0.03999
3590.80606 0.03976
3591.04712 0.03951
3591.28818 0.03927
3591.52924 0.03911
3591.7703 0.039
3592.01136 0.03887
3592.25241 0.0387
3592.49347 0.03847
3592.73453 0.03821
3592.97559 0.03792
3593.21665 0.03762
3593.45771 0.03736
3593.69877 0.03721
3593.93982 0.03715
3594.18088 0.03712
3594.42194 0.03704
3594.663 0.03688
3594.90406 0.03669
3595.14511 0.03651
3595.38617 0.03632
3595.62723 0.03612
3595.86829 0.0359
3596.10935 0.03571
3596.35041 0.03559
3596.59147 0.03549
3596.83252 0.03535
3597.07358 0.03516
3597.31464 0.0349
3597.5557 0.03456
3597.79676 0.03424
3598.03782 0.03406
3598.27887 0.03397
3598.51993 0.03387
3598.76099 0.03373
3599.00205 0.03355
3599.24311 0.03332
3599.48417 0.03307
3599.72523 0.03283
3599.96628 0.03266
3600.20734 0.03255
3600.4484 0.03247
3600.68946 0.03238
3600.93052 0.03222
3601.17157 0.03201
3601.41263 0.0318
3601.65369 0.03164
3601.89475 0.03153
3602.13581 0.03143
3602.37687 0.03129
3602.61793 0.03112
3602.85898 0.03094
3603.10004 0.03082
3603.3411 0.03072
3603.58216 0.03056
3603.82322 0.03031
3604.06428 0.03005
3604.30534 0.02985
3604.54639 0.02969
3604.78745 0.02954
3605.02851 0.02943
3605.26957 0.02932
3605.51063 0.02917
3605.75169 0.02899
3605.99274 0.02882
3606.2338 0.0287
3606.47486 0.02856
3606.71592 0.02841
3606.95698 0.02826
3607.19803 0.02813
3607.43909 0.02801
3607.68015 0.02788
3607.92121 0.02772
3608.16227 0.02752
3608.40333 0.02732
3608.64439 0.02715
3608.88544 0.02704
3609.1265 0.02693
3609.36756 0.02679
3609.60862 0.02668
3609.84968 0.0266
3610.09074 0.02648
3610.3318 0.0263
3610.57285 0.02606
3610.81391 0.02584
3611.05497 0.02567
3611.29603 0.02555
3611.53709 0.02549
3611.77815 0.02546
3612.0192 0.02542
3612.26026 0.02531
3612.50132 0.0251
3612.74238 0.02486
3612.98344 0.02465
3613.2245 0.02448
3613.46555 0.0244
3613.70661 0.02436
3613.94767 0.02431
3614.18873 0.02418
3614.42979 0.02397
3614.67085 0.02374
3614.9119 0.02355
3615.15296 0.0234
3615.39402 0.02329
3615.63508 0.02322
3615.87614 0.02318
3616.1172 0.02315
3616.35826 0.02307
3616.59931 0.02293
3616.84037 0.02273
3617.08143 0.02252
3617.32249 0.02235
3617.56355 0.02219
3617.8046 0.02205
3618.04566 0.02197
3618.28672 0.02191
3618.52778 0.02181
3618.76884 0.02168
3619.0099 0.02158
3619.25096 0.0215
3619.49201 0.02139
3619.73307 0.02122
3619.97413 0.02103
3620.21519 0.02092
3620.45625 0.02088
3620.69731 0.02082
3620.93837 0.02068
3621.17942 0.0205
3621.42048 0.02033
3621.66154 0.02016
3621.9026 0.01999
3622.14366 0.01986
3622.38472 0.01979
3622.62577 0.01972
3622.86683 0.0196
3623.10789 0.01946
3623.34895 0.01935
3623.59001 0.01924
3623.83107 0.01909
3624.07212 0.01895
3624.31318 0.01883
3624.55424 0.01875
3624.7953 0.01868
3625.03636 0.01859
3625.27742 0.01851
3625.51847 0.01843
3625.75953 0.01833
3626.00059 0.01818
3626.24165 0.01803
3626.48271 0.01792
3626.72377 0.01783
3626.96483 0.01777
3627.20588 0.01771
3627.44694 0.0176
3627.688 0.01745
3627.92906 0.01727
3628.17012 0.0171
3628.41118 0.01697
3628.65223 0.01692
3628.89329 0.01692
3629.13435 0.0169
3629.37541 0.01681
3629.61647 0.01667
3629.85753 0.01653
3630.09858 0.01637
3630.33964 0.01619
3630.5807 0.01604
3630.82176 0.01598
3631.06282 0.01598
3631.30388 0.016
3631.54493 0.01598
3631.78599 0.01592
3632.02705 0.01577
3632.26811 0.01556
3632.50917 0.01536
3632.75023 0.01524
3632.99129 0.01519
3633.23234 0.01513
3633.4734 0.01508
3633.71446 0.01508
3633.95552 0.01508
3634.19658 0.01499
3634.43764 0.0148
3634.67869 0.01459
3634.91975 0.01445
3635.16081 0.01435
3635.40187 0.0143
3635.64293 0.01428
3635.88399 0.01424
3636.12504 0.01413
3636.3661 0.01399
3636.60716 0.01385
3636.84822 0.01369
3637.08928 0.01355
3637.33034 0.01349
3637.57139 0.01348
3637.81245 0.01349
3638.05351 0.01345
3638.29457 0.01335
3638.53563 0.0132
3638.77669 0.01304
3639.01775 0.01291
3639.2588 0.01283
3639.49986 0.01277
3639.74092 0.01272
3639.98198 0.01266
3640.22304 0.01261
3640.4641 0.01254
3640.70515 0.01244
3640.94621 0.01232
3641.18727 0.01221
3641.42833 0.01211
3641.66939 0.012
3641.91045 0.01191
3642.1515 0.01188
3642.39256 0.0119
3642.63362 0.01192
3642.87468 0.01189
3643.11574 0.0118
3643.3568 0.01163
3643.59786 0.01142
3643.83891 0.01124
3644.07997 0.01115
3644.32103 0.01114
3644.56209 0.01117
3644.80315 0.01117
3645.04421 0.01109
3645.28526 0.01094
3645.52632 0.01075
3645.76738 0.01057
3646.00844 0.01047
3646.2495 0.01048
3646.49056 0.01051
3646.73162 0.01048
3646.97267 0.01038
3647.21373 0.01024
3647.45479 0.0101
3647.69585 0.00994
3647.93691 0.00983
3648.17796 0.00982
3648.41902 0.00983
3648.66008 0.00983
3648.90114 0.00981
3649.1422 0.00977
3649.38326 0.00968
3649.62432 0.00958
3649.86537 0.0095
3650.10643 0.00944
3650.34749 0.00939
3650.58855 0.00935
3650.82961 0.0093
3651.07067 0.00923
3651.31172 0.00917
3651.55278 0.00911
3651.79384 0.00903
3652.0349 0.00893
3652.27596 0.00885
3652.51702 0.0088
3652.75808 0.00877
3652.99913 0.00874
3653.24019 0.00872
3653.48125 0.00867
3653.72231 0.00859
3653.96337 0.00849
3654.20442 0.00838
3654.44548 0.00825
3654.68654 0.00813
3654.9276 0.00804
3655.16866 0.00803
3655.40972 0.00806
3655.65078 0.00803
3655.89183 0.00796
3656.13289 0.00789
3656.37395 0.00781
3656.61501 0.00768
3656.85607 0.00753
3657.09713 0.00744
3657.33819 0.00743
3657.57924 0.00747
3657.8203 0.00748
3658.06136 0.00742
3658.30242 0.00733
3658.54348 0.00725
3658.78453 0.00717
3659.02559 0.00707
3659.26665 0.00699
3659.50771 0.00696
3659.74877 0.00695
3659.98983 0.00691
3660.23089 0.00685
3660.47194 0.0068
3660.713 0.00675
3660.95406 0.00667
3661.19512 0.00653
3661.43618 0.00641
3661.67724 0.00639
3661.91829 0.00644
3662.15935 0.00648
3662.40041 0.00648
3662.64147 0.00643
3662.88253 0.00635
3663.12359 0.00624
3663.36465 0.00611
3663.6057 0.00599
3663.84676 0.00592
3664.08782 0.00591
3664.32888 0.00593
3664.56994 0.00591
3664.81099 0.00582
3665.05205 0.0057
3665.29311 0.00562
3665.53417 0.00556
3665.77523 0.00549
3666.01629 0.00543
3666.25735 0.00539
3666.4984 0.0054
3666.73946 0.0054
3666.98052 0.00535
3667.22158 0.00522
3667.46264 0.00508
3667.7037 0.00501
3667.94476 0.00502
3668.18581 0.00503
3668.42687 0.00501
3668.66793 0.00496
3668.90899 0.00489
3669.15005 0.00479
3669.39111 0.00471
3669.63216 0.00467
3669.87322 0.00467
3670.11428 0.00464
3670.35534 0.00458
3670.5964 0.00456
3670.83746 0.00457
3671.07851 0.00457
3671.31957 0.0045
3671.56063 0.00441
3671.80169 0.00434
3672.04275 0.0043
3672.28381 0.00427
3672.52486 0.00426
3672.76592 0.00424
3673.00698 0.00415
3673.24804 0.00403
3673.4891 0.00394
3673.73016 0.00387
3673.97122 0.00379
3674.21227 0.00369
3674.45333 0.0036
3674.69439 0.00357
3674.93545 0.00363
3675.17651 0.00372
3675.41757 0.00377
3675.65862 0.00376
3675.89968 0.0037
3676.14074 0.00362
3676.3818 0.00355
3676.62286 0.00349
3676.86392 0.00344
3677.10497 0.00341
3677.34603 0.00342
3677.58709 0.00346
3677.82815 0.00349
3678.06921 0.00345
3678.31027 0.00336
3678.55132 0.00328
3678.79238 0.00324
3679.03344 0.00321
3679.2745 0.00318
3679.51556 0.00316
3679.75662 0.00315
3679.99768 0.00313
3680.23873 0.00309
3680.47979 0.00301
3680.72085 0.00293
3680.96191 0.00288
3681.20297 0.00284
3681.44403 0.00281
3681.68508 0.0028
3681.92614 0.0028
3682.1672 0.00279
3682.40826 0.0028
3682.64932 0.00281
3682.89038 0.00282
3683.13143 0.0028
3683.37249 0.00278
3683.61355 0.00278
3683.85461 0.00279
3684.09567 0.00278
3684.33673 0.00274
3684.57778 0.0027
3684.81884 0.00267
3685.0599 0.00262
3685.30096 0.00256
3685.54202 0.00255
3685.78308 0.00258
3686.02414 0.00263
3686.26519 0.00265
3686.50625 0.00262
3686.74731 0.00252
3686.98837 0.00245
3687.22943 0.00246
3687.47049 0.0025
3687.71154 0.0025
3687.9526 0.00249
3688.19366 0.00253
3688.43472 0.00264
3688.67578 0.00279
3688.91684 0.00286
3689.15789 0.00283
3689.39895 0.00274
3689.64001 0.00267
3689.88107 0.00266
3690.12213 0.00268
3690.36319 0.0027
3690.60425 0.00273
3690.8453 0.0028
3691.08636 0.00285
3691.32742 0.00284
3691.56848 0.00279
3691.80954 0.00274
3692.0506 0.00274
3692.29165 0.00279
3692.53271 0.00285
3692.77377 0.00288
3693.01483 0.00287
3693.25589 0.00285
3693.49695 0.00285
3693.738 0.00284
3693.97906 0.00279
3694.22012 0.00274
3694.46118 0.00273
3694.70224 0.0028
3694.9433 0.00288
3695.18435 0.00291
3695.42541 0.00287
3695.66647 0.00277
3695.90753 0.00264
3696.14859 0.00253
3696.38965 0.00248
3696.63071 0.00251
3696.87176 0.00257
3697.11282 0.00264
3697.35388 0.00269
3697.59494 0.00268
3697.836 0.00255
3698.07706 0.00236
3698.31811 0.0022
3698.55917 0.00212
3698.80023 0.00212
3699.04129 0.00215
3699.28235 0.00217
3699.52341 0.00217
3699.76447 0.0021
3700.00552 0.00198
3700.24658 0.00187
3700.48764 0.00179
3700.7287 0.00175
3700.96976 0.00175
3701.21081 0.00176
3701.45187 0.00176
3701.69293 0.00173
3701.93399 0.00168
3702.17505 0.00161
3702.41611 0.00156
3702.65717 0.0015
3702.89822 0.00143
3703.13928 0.00137
3703.38034 0.00133
3703.6214 0.0013
3703.86246 0.00125
3704.10352 0.00123
3704.34457 0.00123
3704.58563 0.00121
3704.82669 0.00116
3705.06775 0.00107
3705.30881 0.001
3705.54987 9.93187E-4
3705.79092 0.00103
3706.03198 0.00109
3706.27304 0.00112
3706.5141 0.00108
3706.75516 9.98783E-4
3706.99622 9.11547E-4
3707.23728 8.41326E-4
3707.47833 7.95121E-4
3707.71939 7.9393E-4
3707.96045 8.45755E-4
3708.20151 9.07595E-4
3708.44257 9.2245E-4
3708.68363 8.8532E-4
3708.92468 8.39205E-4
3709.16574 8.04105E-4
3709.4068 7.63021E-4
3709.64786 6.98952E-4
3709.88892 6.17898E-4
3710.12998 5.51859E-4
3710.37104 5.37835E-4
3710.61209 5.79826E-4
3710.85315 6.44833E-4
3711.09421 6.86855E-4
3711.33527 6.56892E-4
3711.57633 5.51944E-4
3711.81738 4.35011E-4
3712.05844 3.79094E-4
3712.2995 3.87192E-4
3712.54056 4.20305E-4
3712.78162 4.42434E-4
3713.02268 4.33577E-4
3713.26374 4.14736E-4
3713.50479 4.29911E-4
3713.74585 4.571E-4
3713.98691 4.15305E-4
3714.22797 3.14525E-4
3714.46903 2.61761E-4
3714.71009 3.11011E-4
3714.95114 4.04277E-4
3715.1922 4.70559E-4
3715.43326 4.84856E-4
3715.67432 4.52168E-4
3715.91538 3.82495E-4
3716.15644 2.99838E-4
3716.3975 2.76196E-4
3716.63855 3.37569E-4
3716.87961 4.02958E-4
3717.12067 4.01363E-4
3717.36173 3.61782E-4
3717.60279 3.16217E-4
3717.84384 2.57668E-4
3718.0849 1.87133E-4
3718.32596 1.19615E-4
3718.56702 7.31114E-5
3718.80808 7.06235E-5
3719.04914 1.34151E-4
3719.2902 2.25694E-4
3719.53125 2.79252E-4
3719.77231 2.65826E-4
3720.01337 1.85416E-4
3720.25443 4.70206E-5
3720.49549 -1.04359E-4
3720.73655 -1.72723E-4
3720.97761 -9.60719E-5
3721.21866 4.65949E-5
3721.45972 1.19277E-4
3721.70078 9.7975E-5
3721.94184 6.06883E-5
3722.1829 2.64172E-5
3722.42396 -3.38384E-5
3722.66501 -1.04078E-4
3722.90607 -1.57303E-4
3723.14713 -1.90512E-4
3723.38819 -2.03705E-4
3723.62925 -1.67883E-4
3723.87031 -7.40452E-5
3724.11136 2.08081E-5
3724.35242 4.76771E-5
3724.59348 -3.43834E-6
3724.83454 -1.04538E-4
3725.0756 -1.91622E-4
3725.31666 -2.06691E-4
3725.55771 -1.54744E-4
3725.79877 -6.97813E-5
3726.03983 1.96934E-7
3726.28089 7.1909E-6
3726.52195 -5.57996E-5
3726.76301 -1.59774E-4
3727.00407 -2.56734E-4
3727.24512 -2.98678E-4
3727.48618 -2.85606E-4
3727.72724 -2.52519E-4
3727.9683 -2.03417E-4
3728.20936 -1.413E-4
3728.45041 -1.30167E-4
3728.69147 -2.18019E-4
3728.93253 -3.38856E-4
3729.17359 -3.90678E-4
3729.41465 -3.81485E-4
3729.65571 -3.78278E-4
3729.89677 -3.63055E-4
3730.13782 -3.18817E-4
3730.37888 -3.28565E-4
3730.61994 -4.04298E-4
3730.861 -4.44016E-4
3731.10206 -4.3472E-4
3731.34312 -4.60409E-4
3731.58418 -5.23084E-4
3731.82523 -5.69744E-4
3732.06629 -5.7839E-4
3732.30735 -5.60021E-4
3732.54841 -5.38639E-4
3732.78947 -5.30242E-4
3733.03053 -5.3683E-4
3733.27158 -5.39405E-4
3733.51264 -5.20966E-4
3733.7537 -4.86512E-4
3733.99476 -4.66045E-4
3734.23582 -4.89563E-4
3734.47688 -5.43068E-4
3734.71793 -5.94559E-4
3734.95899 -6.27036E-4
3735.20005 -6.395E-4
3735.44111 -6.2695E-4
3735.68217 -5.95386E-4
3735.92323 -5.63809E-4
3736.16428 -5.44218E-4
3736.40534 -5.36614E-4
3736.6464 -5.49997E-4
3736.88746 -6.01366E-4
3737.12852 -6.57722E-4
3737.36958 -6.43064E-4
3737.61064 -5.60394E-4
3737.85169 -5.0871E-4
3738.09275 -5.50013E-4
3738.33381 -6.25304E-4
3738.57487 -6.56581E-4
3738.81593 -6.39846E-4
3739.05699 -5.95097E-4
3739.29804 -5.34336E-4
3739.5391 -5.00562E-4
3739.78016 -5.31775E-4
3740.02122 -5.98976E-4
3740.26228 -6.52164E-4
3740.50334 -6.6634E-4
3740.74439 -6.63503E-4
3740.98545 -6.58654E-4
3741.22651 -6.18793E-4
3741.46757 -5.37919E-4
3741.70863 -5.02032E-4
3741.94969 -5.82134E-4
3742.19074 -7.42224E-4
3742.4318 -9.01301E-4
3742.67286 -0.00101
3742.91392 -0.00106
3743.15498 -0.00106
3743.39604 -0.00103
3743.6371 -9.70509E-4
3743.87815 -9.00515E-4
3744.11921 -8.43509E-4
3744.36027 -8.31491E-4
3744.60133 -8.61462E-4
3744.84239 -8.73422E-4
3745.08345 -8.2837E-4
3745.3245 -7.45306E-4
3745.56556 -6.73231E-4
3745.80662 -6.50145E-4
3746.04768 -6.69047E-4
3746.28874 -7.08938E-4
3746.5298 -7.79818E-4
3746.77085 -8.75687E-4
3747.01191 -9.73545E-4
3747.25297 -0.00106
3747.49403 -0.0011
3747.73509 -0.00109
3747.97615 -0.00106
3748.2172 -0.001
3748.45826 -9.25462E-4
3748.69932 -8.62243E-4
3748.94038 -8.43014E-4
3749.18144 -8.38775E-4
3749.4225 -8.27525E-4
3749.66356 -8.55264E-4
3749.90461 -9.60993E-4
3750.14567 -0.00111
3750.38673 -0.00121
3750.62779 -0.00121
3750.86885 -0.00114
3751.10991 -0.00108
3751.35096 -0.00104
3751.59202 -0.00101
3751.83308 -9.96455E-4
3752.07414 -9.89093E-4
3752.3152 -9.8872E-4
3752.55626 -9.70338E-4
3752.79731 -9.32946E-4
3753.03837 -9.16544E-4
3753.27943 -9.53133E-4
3753.52049 -0.00101
3753.76155 -0.00104
3754.00261 -0.00101
3754.24367 -9.63391E-4
3754.48472 -9.14931E-4
3754.72578 -8.85463E-4
3754.96684 -9.02985E-4
3755.2079 -9.72498E-4
3755.44896 -0.00106
3755.69002 -0.00114
3755.93107 -0.00115
3756.17213 -0.00108
3756.41319 -9.62925E-4
3756.65425 -8.83383E-4
3756.89531 -8.61833E-4
3757.13637 -8.77274E-4
3757.37742 -9.28706E-4
3757.61848 -0.00102
3757.85954 -0.00111
3758.1006 -0.00118
3758.34166 -0.0012
3758.58272 -0.00113
3758.82377 -9.88116E-4
3759.06483 -8.64488E-4
3759.30589 -8.19851E-4
3759.54695 -8.47207E-4
3759.78801 -9.12554E-4
3760.02907 -9.99892E-4
3760.27013 -0.00109
3760.51118 -0.00115
3760.75224 -0.00115
3760.9933 -0.00107
3761.23436 -9.84466E-4
3761.47542 -9.79757E-4
3761.71648 -0.00107
3761.95753 -0.00116
3762.19859 -0.00121
3762.43965 -0.00119
3762.68071 -0.0011
3762.92177 -9.98339E-4
3763.16283 -9.46576E-4
3763.40389 -9.85806E-4
3763.64494 -0.00105
3763.886 -0.00105
3764.12706 -0.00102
3764.36812 -0.00101
3764.60918 -0.00101
3764.85023 -9.76032E-4
3765.09129 -9.50211E-4
3765.33235 -9.68383E-4
3765.57341 -9.75548E-4
3765.81447 -9.67706E-4
3766.05553 -0.00101
3766.29659 -0.00111
3766.53764 -0.00118
3766.7787 -0.00117
3767.01976 -0.00111
3767.26082 -0.00104
3767.50188 -0.00103
3767.74294 -0.00108
3767.98399 -0.00115
3768.22505 -0.00118
3768.46611 -0.00119
3768.70717 -0.0012
3768.94823 -0.0012
3769.18929 -0.00117
3769.43035 -0.00114
3769.6714 -0.00113
3769.91246 -0.00108
3770.15352 -9.94435E-4
3770.39458 -9.49472E-4
3770.63564 -0.001
3770.87669 -0.00112
3771.11775 -0.00125
3771.35881 -0.00132
3771.59987 -0.00131
3771.84093 -0.00124
3772.08199 -0.00118
3772.32305 -0.00115
3772.5641 -0.00117
3772.80516 -0.00122
3773.04622 -0.00124
3773.28728 -0.0012
3773.52834 -0.00116
3773.7694 -0.00115
3774.01046 -0.00112
3774.25151 -0.00107
3774.49257 -0.00106
3774.73363 -0.0011
3774.97469 -0.00113
3775.21575 -0.00112
3775.4568 -0.0011
3775.69786 -0.00108
3775.93892 -0.00107
3776.17998 -0.00108
3776.42104 -0.0011
3776.6621 -0.00108
3776.90316 -0.00103
3777.14421 -9.99338E-4
3777.38527 -9.91228E-4
3777.62633 -9.99113E-4
3777.86739 -0.00104
3778.10845 -0.00109
3778.34951 -0.0011
3778.59056 -0.00108
3778.83162 -0.00105
3779.07268 -0.00102
3779.31374 -9.83195E-4
3779.5548 -9.68047E-4
3779.79586 -9.97897E-4
3780.03692 -0.00105
3780.27797 -0.00109
3780.51903 -0.0011
3780.76009 -0.00109
3781.00115 -0.00107
3781.24221 -0.00105
3781.48326 -0.00106
3781.72432 -0.00107
3781.96538 -0.00107
3782.20644 -0.00108
3782.4475 -0.00109
3782.68856 -0.00107
3782.92962 -0.00104
3783.17067 -0.00102
3783.41173 -0.00101
3783.65279 -0.00102
3783.89385 -0.00107
3784.13491 -0.00112
3784.37597 -0.00115
3784.61703 -0.00114
3784.85808 -0.00111
3785.09914 -0.00111
3785.3402 -0.00112
3785.58126 -0.00115
3785.82232 -0.00119
3786.06338 -0.00124
3786.30443 -0.00126
3786.54549 -0.00123
3786.78655 -0.00119
3787.02761 -0.00118
3787.26867 -0.00118
3787.50973 -0.00112
3787.75078 -0.00104
3787.99184 -9.94882E-4
3788.2329 -0.00104
3788.47396 -0.00115
3788.71502 -0.00122
3788.95608 -0.00117
3789.19713 -0.00104
3789.43819 -9.49352E-4
3789.67925 -9.31091E-4
3789.92031 -9.68829E-4
3790.16137 -0.00102
3790.40243 -0.00105
3790.64349 -0.00106
3790.88454 -0.00107
3791.1256 -0.00107
3791.36666 -0.00106
3791.60772 -0.00104
3791.84878 -9.92679E-4
3792.08984 -9.62404E-4
3792.33089 -9.73129E-4
3792.57195 -0.00103
3792.81301 -0.00112
3793.05407 -0.0012
3793.29513 -0.00125
3793.53619 -0.00125
3793.77724 -0.00121
3794.0183 -0.00114
3794.25936 -0.00106
3794.50042 -0.00103
3794.74148 -0.00104
3794.98254 -0.00111
3795.22359 -0.00119
3795.46465 -0.00121
3795.70571 -0.00113
3795.94677 -9.99914E-4
3796.18783 -8.5763E-4
3796.42889 -7.35346E-4
3796.66995 -6.89061E-4
3796.911 -7.49777E-4
3797.15206 -8.53492E-4
3797.39312 -9.25208E-4
3797.63418 -9.77923E-4
3797.87524 -0.00104
3798.1163 -0.00111
3798.35735 -0.00115
3798.59841 -0.00118
3798.83947 -0.00122
3799.08053 -0.00128
3799.32159 -0.00133
3799.56265 -0.00133
3799.8037 -0.00128
3800.04476 -0.0012
3800.28582 -0.00114
3800.52688 -0.00116
3800.76794 -0.00117
3801.009 -0.00112
3801.25006 -0.00108
3801.49111 -0.0011
3801.73217 -0.00112
3801.97323 -0.00106
3802.21429 -9.58622E-4
3802.45535 -8.91352E-4
3802.69641 -8.75084E-4
3802.93746 -8.85816E-4
3803.17852 -9.2855E-4
3803.41958 -0.00101
3803.66064 -0.00109
3803.9017 -0.00109
3804.14276 -9.84501E-4
3804.38381 -8.86242E-4
3804.62487 -9.00986E-4
3804.86593 -0.00101
3805.10699 -0.00112
3805.34805 -0.00117
3805.58911 -0.00117
3805.83016 -0.00114
3806.07122 -0.0011
3806.31228 -0.00105
3806.55334 -9.77E-4
3806.7944 -9.03761E-4
3807.03546 -8.70525E-4
3807.27652 -8.8329E-4
3807.51757 -9.14058E-4
3807.75863 -9.55829E-4
3807.99969 -0.00101
3808.24075 -0.00104
3808.48181 -0.00102
3808.72287 -9.67935E-4
3808.96392 -9.27718E-4
3809.20498 -8.85504E-4
3809.44604 -8.43293E-4
3809.6871 -8.25084E-4
3809.92816 -8.70878E-4
3810.16922 -9.76676E-4
3810.41027 -0.00107
3810.65133 -0.00111
3810.89239 -0.00107
3811.13345 -9.90895E-4
3811.37451 -9.27708E-4
3811.61557 -8.87524E-4
3811.85662 -8.44343E-4
3812.09768 -8.13165E-4
3812.33874 -8.29991E-4
3812.5798 -8.95821E-4
3812.82086 -9.71654E-4
3813.06192 -0.00101
3813.30298 -9.86331E-4
3813.54403 -9.43175E-4
3813.78509 -9.22022E-4
3814.02615 -9.37874E-4
3814.26721 -9.71729E-4
3814.50827 -0.001
3814.74933 -0.00101
3814.99038 -9.95318E-4
3815.23144 -9.71189E-4
3815.4725 -9.41065E-4
3815.71356 -8.86944E-4
3815.95462 -8.36828E-4
3816.19568 -8.41716E-4
3816.43674 -8.91608E-4
3816.67779 -9.31504E-4
3816.91885 -9.46405E-4
3817.15991 -9.69311E-4
3817.40097 -9.93221E-4
3817.64203 -9.78135E-4
3817.88308 -9.34055E-4
3818.12414 -8.87979E-4
3818.3652 -8.53907E-4
3818.60626 -8.62841E-4
3818.84732 -9.15779E-4
3819.08838 -9.50723E-4
3819.32944 -9.33671E-4
3819.57049 -9.02624E-4
3819.81155 -8.95582E-4
3820.05261 -9.14546E-4
3820.29367 -9.40514E-4
3820.53473 -9.33488E-4
3820.77579 -8.52467E-4
3821.01684 -7.30452E-4
3821.2579 -6.64442E-4
3821.49896 -6.92437E-4
3821.74002 -7.62438E-4
3821.98108 -7.97444E-4
3822.22214 -7.56456E-4
3822.46319 -6.66474E-4
3822.70425 -5.96497E-4
3822.94531 -5.81526E-4
3823.18637 -6.09561E-4
3823.42743 -6.61602E-4
3823.66849 -7.26649E-4
3823.90955 -7.56701E-4
3824.1506 -7.1176E-4
3824.39166 -6.20825E-4
3824.63272 -5.59896E-4
3824.87378 -5.93973E-4
3825.11484 -6.93056E-4
3825.3559 -7.55146E-4
3825.59695 -7.63242E-4
3825.83801 -7.86344E-4
3826.07907 -8.21453E-4
3826.32013 -8.12569E-4
3826.56119 -7.51691E-4
3826.80225 -6.59819E-4
3827.04331 -5.67955E-4
3827.28436 -5.32097E-4
3827.52542 -5.63245E-4
3827.76648 -6.04401E-4
3828.00754 -6.03563E-4
3828.2486 -5.78733E-4
3828.48965 -5.74909E-4
3828.73071 -6.04093E-4
3828.97177 -6.27283E-4
3829.21283 -6.16481E-4
3829.45389 -6.20686E-4
3829.69495 -7.04898E-4
3829.93601 -8.60118E-4
3830.17706 -0.00101
3830.41812 -0.00106
3830.65918 -9.89821E-4
3830.90024 -8.4007E-4
3831.1413 -7.12327E-4
3831.38236 -6.38592E-4
3831.62341 -5.89864E-4
3831.86447 -5.77144E-4
3832.10553 -6.15432E-4
3832.34659 -6.60727E-4
3832.58765 -6.80031E-4
3832.82871 -6.89342E-4
3833.06977 -6.81662E-4
3833.31082 -6.1599E-4
3833.55188 -5.04325E-4
3833.79294 -4.17669E-4
3834.034 -4.08021E-4
3834.27506 -4.58382E-4
3834.51611 -5.0575E-4
3834.75717 -5.01127E-4
3834.99823 -4.56513E-4
3835.23929 -4.50907E-4
3835.48035 -5.18309E-4
3835.72141 -5.90721E-4
3835.96247 -6.2614E-4
3836.20352 -6.72569E-4
3836.44458 -7.47006E-4
3836.68564 -8.02452E-4
3836.9267 -8.11907E-4
3837.16776 -7.66371E-4
3837.40882 -6.64844E-4
3837.64988 -5.56326E-4
3837.89093 -4.96817E-4
3838.13199 -4.74317E-4
3838.37305 -4.54826E-4
3838.61411 -4.42345E-4
3838.85517 -4.67872E-4
3839.09622 -5.3641E-4
3839.33728 -6.04956E-4
3839.57834 -6.24512E-4
3839.8194 -5.78078E-4
3840.06046 -4.96653E-4
3840.30152 -4.46237E-4
3840.54258 -4.45832E-4
3840.78363 -4.76436E-4
3841.02469 -5.3005E-4
3841.26575 -5.85673E-4
3841.50681 -6.08307E-4
3841.74787 -5.9995E-4
3841.98893 -5.64604E-4
3842.22998 -4.99268E-4
3842.47104 -4.32941E-4
3842.7121 -4.00625E-4
3842.95316 -4.12319E-4
3843.19422 -4.66023E-4
3843.43528 -5.31738E-4
3843.67634 -5.33463E-4
3843.91739 -4.44198E-4
3844.15845 -3.36944E-4
3844.39951 -2.877E-4
3844.64057 -2.96467E-4
3844.88163 -3.15245E-4
3845.12268 -3.47033E-4
3845.36374 -4.29832E-4
3845.6048 -5.17642E-4
3845.84586 -5.20462E-4
3846.08692 -4.59294E-4
3846.32798 -4.07136E-4
3846.56904 -3.7099E-4
3846.81009 -3.38854E-4
3847.05115 -3.3273E-4
3847.29221 -3.63617E-4
3847.53327 -3.70515E-4
3847.77433 -3.15424E-4
3848.01539 -2.60344E-4
3848.25645 -2.44276E-4
3848.4975 -2.2422E-4
3848.73856 -1.85175E-4
3848.97962 -1.73141E-4
3849.22068 -2.12119E-4
3849.46174 -2.82109E-4
3849.7028 -3.5911E-4
3849.94385 -4.50124E-4
3850.18491 -5.58149E-4
3850.42597 -6.07185E-4
3850.66703 -4.87234E-4
3850.90809 -2.39295E-4
3851.14915 -5.53675E-5
3851.3902 -5.84523E-5
3851.63126 -2.05549E-4
3851.87232 -3.83658E-4
3852.11338 -5.3078E-4
3852.35444 -6.24913E-4
3852.5955 -6.59059E-4
3852.83655 -6.40218E-4
3853.07761 -5.60388E-4
3853.31867 -4.36572E-4
3853.55973 -3.54768E-4
3853.80079 -3.77976E-4
3854.04185 -4.57197E-4
3854.28291 -4.91431E-4
3854.52396 -4.28678E-4
3854.76502 -3.07937E-4
3855.00608 -2.0421E-4
3855.24714 -1.41495E-4
3855.4882 -1.00793E-4
3855.72926 -8.31045E-5
3855.97031 -1.02429E-4
3856.21137 -1.34766E-4
3856.45243 -1.45117E-4
3856.69349 -1.40481E-4
3856.93455 -1.30858E-4
3857.17561 -1.13249E-4
3857.41666 -1.01653E-4
3857.65772 -1.07071E-4
3857.89878 -1.14502E-4
3858.13984 -1.15946E-4
3858.3809 -1.22404E-4
3858.62196 -1.44876E-4
3858.86301 -1.67362E-4
3859.10407 -1.66861E-4
3859.34513 -1.45375E-4
3859.58619 -1.11902E-4
3859.82725 -6.8443E-5
3860.06831 -5.3998E-5
3860.30937 -1.02567E-4
3860.55042 -1.7415E-4
3860.79148 -2.13748E-4
3861.03254 -2.3036E-4
3861.2736 -2.49985E-4
3861.51466 -2.56626E-4
3861.75572 -2.2228E-4
3861.99677 -1.61949E-4
3862.23783 -1.39633E-4
3862.47889 -1.94331E-4
3862.71995 -2.95044E-4
3862.96101 -3.87771E-4
3863.20207 -4.38513E-4
3863.44312 -4.1727E-4
3863.68418 -3.09041E-4
3863.92524 -1.61827E-4
3864.1663 -5.76287E-5
3864.40736 -1.4445E-5
3864.64842 2.72373E-6
3864.88947 4.87738E-6
3865.13053 -1.49841E-5
3865.37159 -3.18607E-5
3865.61265 -2.87526E-5
3865.85371 -2.86597E-5
3866.09477 -4.85822E-5
3866.33583 -5.95201E-5
3866.57688 -2.94734E-5
3866.81794 1.45577E-5
3867.059 7.57337E-6
3867.30006 -4.74266E-5
3867.54112 -9.84423E-5
3867.78218 -1.37474E-4
3868.02323 -1.81521E-4
3868.26429 -1.99584E-4
3868.50535 -1.61662E-4
3868.74641 -8.27572E-5
3868.98747 7.13213E-6
3869.22853 7.90054E-5
3869.46958 1.00863E-4
3869.71064 5.37036E-5
3869.9517 -2.94715E-5
3870.19276 -7.36629E-5
3870.43382 -3.88707E-5
3870.67488 3.89053E-5
3870.91594 9.36648E-5
3871.15699 1.09408E-4
3871.39805 1.11134E-4
3871.63911 9.88445E-5
3871.88017 3.95379E-5
3872.12123 -4.77854E-5
3872.36229 -8.11254E-5
3872.60334 6.51776E-6
3872.8444 1.68144E-4
3873.08546 2.81754E-4
3873.32652 3.03346E-4
3873.56758 2.82922E-4
3873.80864 2.5948E-4
3874.04969 2.38022E-4
3874.29075 2.22546E-4
3874.53181 2.15053E-4
3874.77287 2.02543E-4
3875.01393 1.72015E-4
3875.25499 1.4847E-4
3875.49604 1.64908E-4
3875.7371 1.98328E-4
3875.97816 1.98731E-4
3876.21922 1.73116E-4
3876.46028 1.61483E-4
3876.70134 1.57833E-4
3876.9424 1.58165E-4
3877.18345 1.92479E-4
3877.42451 2.42775E-4
3877.66557 2.49054E-4
3877.90663 2.15314E-4
3878.14769 1.71557E-4
3878.38875 1.35781E-4
3878.6298 1.48988E-4
3878.87086 2.33176E-4
3879.11192 3.21346E-4
3879.35298 3.37497E-4
3879.59404 2.89631E-4
3879.8351 2.31745E-4
3880.07616 1.82842E-4
3880.31721 1.5692E-4
3880.55827 1.72979E-4
3880.79933 2.2602E-4
3881.04039 2.85042E-4
3881.28145 3.24046E-4
3881.5225 3.52031E-4
3881.76356 3.96996E-4
3882.00462 4.38944E-4
3882.24568 4.36872E-4
3882.48674 3.90781E-4
3882.7278 3.38671E-4
3882.96886 2.98542E-4
3883.20991 2.78394E-4
3883.45097 2.87227E-4
3883.69203 3.2804E-4
3883.93309 3.69834E-4
3884.17415 3.60609E-4
3884.41521 2.91364E-4
3884.65626 2.101E-4
3884.89732 1.73817E-4
3885.13838 1.91514E-4
3885.37944 2.52191E-4
3885.6205 3.23849E-4
3885.86156 3.74487E-4
3886.10261 4.06105E-4
3886.34367 4.13703E-4
3886.58473 3.65282E-4
3886.82579 2.6884E-4
3887.06685 1.92379E-4
3887.30791 1.74897E-4
3887.54897 2.02395E-4
3887.79002 2.72874E-4
3888.03108 4.07332E-4
3888.27214 5.59769E-4
3888.5132 6.26187E-4
3888.75426 5.65584E-4
3888.99532 4.5296E-4
3889.23637 3.73317E-4
3889.47743 3.27652E-4
3889.71849 2.98967E-4
3889.95955 3.14262E-4
3890.20061 3.89536E-4
3890.44167 4.89789E-4
3890.68273 5.88021E-4
3890.92378 6.49232E-4
3891.16484 6.03423E-4
3891.4059 4.63592E-4
3891.64696 3.54741E-4
3891.88802 3.29868E-4
3892.12907 3.09975E-4
3892.37013 2.7306E-4
3892.61119 2.86124E-4
3892.85225 3.59167E-4
3893.09331 4.23188E-4
3893.33437 4.51188E-4
3893.57543 4.66167E-4
3893.81648 4.51124E-4
3894.05754 4.01059E-4
3894.2986 3.77973E-4
3894.53966 4.08865E-4
3894.78072 4.45736E-4
3895.02178 4.48585E-4
3895.26283 4.11412E-4
3895.50389 3.67217E-4
3895.74495 3.69E-4
3895.98601 4.25762E-4
3896.22707 5.17501E-4
3896.46813 6.03218E-4
3896.70919 6.19913E-4
3896.95024 5.71586E-4
3897.1913 5.30237E-4
3897.43236 5.17865E-4
3897.67342 5.01471E-4
3897.91448 4.70055E-4
3898.15553 4.30616E-4
3898.39659 4.02155E-4
3898.63765 4.15671E-4
3898.87871 4.66164E-4
3899.11977 5.21635E-4
3899.36083 5.61083E-4
3899.60189 5.62509E-4
3899.84294 4.85911E-4
3900.084 3.53291E-4
3900.32506 2.68648E-4
3900.56612 3.24981E-4
3900.80718 4.77292E-4
3901.04824 5.8158E-4
3901.2893 5.74844E-4
3901.53035 5.20086E-4
3901.77141 4.92304E-4
3902.01247 4.88498E-4
3902.25353 4.6467E-4
3902.49459 4.11818E-4
3902.73565 3.46942E-4
3902.9767 3.29043E-4
3903.21776 4.3312E-4
3903.45882 6.12174E-4
3903.69988 7.12204E-4
3903.94094 7.04211E-4
3904.182 6.84193E-4
3904.42305 6.84152E-4
3904.66411 6.41087E-4
3904.90517 5.23998E-4
3905.14623 3.97885E-4
3905.38729 3.52748E-4
3905.62835 4.21586E-4
3905.8694 5.55401E-4
3906.11046 6.41191E-4
3906.35152 6.14957E-4
3906.59258 5.48699E-4
3906.83364 5.18416E-4
3907.0747 5.05109E-4
3907.31576 4.87778E-4
3907.55681 5.18422E-4
3907.79787 6.19041E-4
3908.03893 7.24636E-4
3908.27999 7.62206E-4
3908.52105 7.08751E-4
3908.7621 5.93272E-4
3909.00316 5.07767E-4
3909.24422 5.29238E-4
3909.48528 6.21684E-4
3909.72634 6.96105E-4
3909.9674 7.315E-4
3910.20846 7.50871E-4
3910.44951 7.55216E-4
3910.69057 7.56536E-4
3910.93163 7.76831E-4
3911.17269 7.86101E-4
3911.41375 7.39345E-4
3911.65481 6.74564E-4
3911.89587 6.76757E-4
3912.13692 7.49924E-4
3912.37798 8.20067E-4
3912.61904 8.38183E-4
3912.8601 8.17274E-4
3913.10116 7.97338E-4
3913.34222 7.96378E-4
3913.58327 7.78391E-4
3913.82433 7.01378E-4
3914.06539 5.93339E-4
3914.30645 5.37275E-4
3914.54751 5.69184E-4
3914.78857 6.47067E-4
3915.02962 7.27924E-4
3915.27068 7.81754E-4
3915.51174 7.75559E-4
3915.7528 7.27337E-4
3915.99386 7.12088E-4
3916.23492 7.73813E-4
3916.47597 8.62512E-4
3916.71703 9.03184E-4
3916.95809 8.81829E-4
3917.19915 8.37448E-4
3917.44021 7.9504E-4
3917.68127 7.49605E-4
3917.92233 6.90144E-4
3918.16338 6.50655E-4
3918.40444 6.8314E-4
3918.6455 7.65597E-4
3918.88656 8.29028E-4
3919.12762 8.54431E-4
3919.36868 8.64807E-4
3919.60973 8.63156E-4
3919.85079 8.27478E-4
3920.09185 7.45773E-4
3920.33291 6.6304E-4
3920.57397 6.4228E-4
3920.81503 6.75492E-4
3921.05608 6.96676E-4
3921.29714 7.01834E-4
3921.5382 7.30963E-4
3921.77926 7.71065E-4
3922.02032 7.84139E-4
3922.26138 7.67185E-4
3922.50243 7.55203E-4
3922.74349 7.63194E-4
3922.98455 7.87156E-4
3923.22561 8.35091E-4
3923.46667 9.06997E-4
3923.70773 9.50876E-4
3923.94879 9.19726E-4
3924.18984 8.37548E-4
3924.4309 7.86341E-4
3924.67196 8.15107E-4
3924.91302 8.65844E-4
3925.15408 8.72552E-4
3925.39514 8.53232E-4
3925.63619 8.37884E-4
3925.87725 8.10506E-4
3926.11831 7.71101E-4
3926.35937 7.50666E-4
3926.60043 7.48203E-4
3926.84149 7.33711E-4
3927.08255 7.1519E-4
3927.3236 7.1664E-4
3927.56466 7.24061E-4
3927.80572 7.43453E-4
3928.04678 8.12816E-4
3928.28784 8.8715E-4
3928.52889 8.58455E-4
3928.76995 7.34731E-4
3929.01101 6.38977E-4
3929.25207 6.36194E-4
3929.49313 7.08381E-4
3929.73419 8.26539E-4
3929.97525 9.37668E-4
3930.2163 9.67767E-4
3930.45736 9.05836E-4
3930.69842 7.78876E-4
3930.93948 6.26886E-4
3931.18054 5.48866E-4
3931.4216 6.24816E-4
3931.66265 7.75736E-4
3931.90371 8.67627E-4
3932.14477 8.99488E-4
3932.38583 9.17318E-4
3932.62689 8.81118E-4
3932.86795 7.85889E-4
3933.109 7.18629E-4
3933.35006 7.14338E-4
3933.59112 7.35018E-4
3933.83218 7.56667E-4
3934.07324 7.82286E-4
3934.3143 8.23874E-4
3934.55536 8.80432E-4
3934.79641 9.10959E-4
3935.03747 8.84455E-4
3935.27853 8.34921E-4
3935.51959 8.24356E-4
3935.76065 8.4676E-4
3936.00171 8.46134E-4
3936.24276 8.13476E-4
3936.48382 7.97788E-4
3936.72488 8.30068E-4
3936.96594 8.84318E-4
3937.207 9.34536E-4
3937.44806 9.47724E-4
3937.68912 8.8288E-4
3937.93017 7.51004E-4
3938.17123 6.56098E-4
3938.41229 6.7716E-4
3938.65335 7.6019E-4
3938.89441 7.7919E-4
3939.13546 7.26157E-4
3939.37652 6.92093E-4
3939.61758 6.90997E-4
3939.85864 6.7287E-4
3940.0997 6.45711E-4
3940.34076 6.3352E-4
3940.58182 6.36297E-4
3940.82287 6.78043E-4
3941.06393 7.70756E-4
3941.30499 8.58437E-4
3941.54605 8.86087E-4
3941.78711 8.48704E-4
3942.02817 7.72289E-4
3942.26922 6.93841E-4
3942.51028 6.56362E-4
3942.75134 6.8185E-4
3942.9924 7.62305E-4
3943.23346 8.45729E-4
3943.47452 8.69119E-4
3943.71558 8.24478E-4
3943.95663 7.60803E-4
3944.19769 7.17096E-4
3944.43875 7.15356E-4
3944.67981 7.62584E-4
3944.92087 8.09778E-4
3945.16192 8.1894E-4
3945.40298 8.32069E-4
3945.64404 8.87164E-4
3945.8851 9.35227E-4
3946.12616 9.17257E-4
3946.36722 8.49253E-4
3946.60828 7.84217E-4
3946.84933 7.43147E-4
3947.09039 7.19044E-4
3947.33145 7.16907E-4
3947.57251 7.46737E-4
3947.81357 7.89533E-4
3948.05463 8.19296E-4
3948.29569 8.41026E-4
3948.53674 8.46722E-4
3948.7778 7.87384E-4
3949.01886 6.84012E-4
3949.25992 6.48607E-4
3949.50098 7.11168E-4
3949.74204 7.88695E-4
3949.98309 8.18188E-4
3950.22415 7.83646E-4
3950.46521 6.90071E-4
3950.70627 5.75462E-4
3950.94733 4.93819E-4
3951.18838 5.09141E-4
3951.42944 6.56429E-4
3951.6705 8.39683E-4
3951.91156 8.98903E-4
3952.15262 7.99088E-4
3952.39368 6.28238E-4
3952.63474 4.86354E-4
3952.87579 4.43436E-4
3953.11685 5.01482E-4
3953.35791 5.89494E-4
3953.59897 6.38472E-4
3953.84003 6.69414E-4
3954.08109 7.34322E-4
3954.32215 7.88195E-4
3954.5632 7.38033E-4
3954.80426 5.96835E-4
3955.04532 4.78603E-4
3955.28638 4.51336E-4
3955.52744 4.92033E-4
3955.76849 5.53695E-4
3956.00955 6.14322E-4
3956.25061 6.63914E-4
3956.49167 6.8447E-4
3956.73273 6.63991E-4
3956.97379 6.27476E-4
3957.21485 5.88926E-4
3957.4559 5.4534E-4
3957.69696 5.19718E-4
3957.93802 5.37061E-4
3958.17908 5.78368E-4
3958.42014 6.29639E-4
3958.6612 6.93874E-4
3958.90226 7.30074E-4
3959.14331 7.06237E-4
3959.38437 6.64364E-4
3959.62543 6.26455E-4
3959.86649 5.75511E-4
3960.10755 5.29529E-4
3960.34861 5.18512E-4
3960.58966 5.47459E-4
3960.83072 6.05369E-4
3961.07178 6.43242E-4
3961.31284 6.15079E-4
3961.5539 5.3388E-4
3961.79495 4.62644E-4
3962.03601 4.40371E-4
3962.27707 4.40062E-4
3962.51813 4.39716E-4
3962.75919 4.72334E-4
3963.00025 5.53914E-4
3963.24131 6.08458E-4
3963.48236 5.73964E-4
3963.72342 4.80434E-4
3963.96448 4.02866E-4
3964.20554 3.77262E-4
3964.4466 3.8862E-4
3964.68766 4.04941E-4
3964.92872 4.14225E-4
3965.16977 4.45472E-4
3965.41083 5.28681E-4
3965.65189 6.22853E-4
3965.89295 6.54987E-4
3966.13401 6.12083E-4
3966.37507 5.22143E-4
3966.61612 4.21164E-4
3966.85718 3.67148E-4
3967.09824 4.10094E-4
3967.3393 5.05002E-4
3967.58036 5.50873E-4
3967.82142 5.19705E-4
3968.06247 4.475E-4
3968.30353 3.69256E-4
3968.54459 3.17975E-4
3968.78565 3.12655E-4
3969.02671 3.32298E-4
3969.26777 3.45902E-4
3969.50882 3.39467E-4
3969.74988 3.25995E-4
3969.99094 3.46484E-4
3970.232 4.05934E-4
3970.47306 4.40346E-4
3970.71412 4.1872E-4
3970.95518 3.95055E-4
3971.19623 4.29351E-4
3971.43729 5.13609E-4
3971.67835 5.82827E-4
3971.91941 5.75007E-4
3972.16047 4.84148E-4
3972.40153 3.68251E-4
3972.64258 2.82314E-4
3972.88364 2.35338E-4
3973.1247 2.44323E-4
3973.36576 3.10269E-4
3973.60682 3.73176E-4
3973.84788 3.83044E-4
3974.08893 3.49872E-4
3974.32999 2.95661E-4
3974.57105 2.3841E-4
3974.81211 1.9912E-4
3975.05317 1.85791E-4
3975.29423 1.96422E-4
3975.53528 2.31013E-4
3975.77634 2.86565E-4
3976.0174 3.49077E-4
3976.25846 3.89549E-4
3976.49952 3.91982E-4
3976.74058 3.45374E-4
3976.98164 2.60727E-4
3977.22269 2.04039E-4
3977.46375 2.26312E-4
3977.70481 2.76544E-4
3977.94587 2.92737E-4
3978.18693 2.78889E-4
3978.42799 2.41001E-4
3978.66904 1.59072E-4
3978.9101 7.61033E-5
3979.15116 6.90941E-5
3979.39222 1.28044E-4
3979.63328 1.79954E-4
3979.87434 2.05823E-4
3980.11539 2.14652E-4
3980.35645 2.1844E-4
3980.59751 2.41187E-4
3980.83857 2.81893E-4
3981.07963 3.12559E-4
3981.32069 3.21183E-4
3981.56175 3.05767E-4
3981.8028 2.6331E-4
3982.04386 1.97811E-4
3982.28492 1.36272E-4
3982.52598 9.0691E-5
3982.76704 4.30691E-5
3983.0081 1.24059E-5
3983.24915 4.97014E-5
3983.49021 1.04955E-4
3983.73127 8.91681E-5
3983.97233 4.23393E-5
3984.21339 6.2469E-5
3984.45445 1.44557E-4
3984.6955 2.21603E-4
3984.93656 2.51608E-4
3985.17762 2.06571E-4
3985.41868 9.64923E-5
3985.65974 5.37157E-6
3985.9008 -5.79104E-6
3986.14185 8.00435E-6
3986.38291 -2.12422E-5
3986.62397 -5.6531E-5
3986.86503 -4.28618E-5
3987.10609 1.37653E-5
3987.34715 8.835E-5
3987.58821 1.30893E-4
3987.82926 7.53926E-5
3988.07032 -4.81496E-5
3988.31138 -1.29734E-4
3988.55244 -1.31362E-4
3988.7935 -8.40313E-5
3989.03456 -4.74366E-6
3989.27561 1.01501E-4
3989.51667 1.82704E-4
3989.75773 1.66863E-4
3989.99879 5.19797E-5
3990.23985 -6.32028E-5
3990.48091 -1.01416E-4
3990.72197 -1.0463E-4
3990.96302 -1.06843E-4
3991.20408 -6.60569E-5
3991.44514 3.67295E-5
3991.6862 1.46516E-4
3991.92726 1.94302E-4
3992.16831 1.76089E-4
3992.40937 1.23875E-4
3992.65043 5.56618E-5
3992.89149 -1.55172E-6
3993.13255 -7.76526E-6
3993.37361 2.90212E-5
3993.61467 5.58077E-5
3993.85572 2.75941E-5
3994.09678 -5.76194E-5
3994.33784 -1.38833E-4
3994.5789 -1.60046E-4
3994.81996 -1.5126E-4
3995.06102 -1.47474E-4
3995.30207 -1.33687E-4
3995.54313 -1.20901E-4
3995.78419 -1.04114E-4
3996.02525 -4.63277E-5
3996.26631 1.74587E-5
3996.50737 2.22452E-5
3996.74843 -5.96835E-6
3996.98948 5.81811E-6
3997.23054 5.16046E-5
3997.4716 6.8391E-5
3997.71266 5.01775E-5
3997.95372 3.5964E-5
3998.19477 3.77504E-5
3998.43583 3.95369E-5
3998.67689 1.03233E-5
3998.91795 -5.98902E-5
3999.15901 -5.98902E-5
3999.40007 -5.98902E-5
3999.64113 -5.98902E-5
3999.88218 -5.98902E-5
4000.12324 -5.98902E-5
